#ifndef SPIDEY_IDLE_FRAMES_H
#define SPIDEY_IDLE_FRAMES_H

/* Auto-gerado por scripts/spidey_export.py. 6 frames, 73x93. */

#include <stdint.h>

#define SPIDEY_IDLE_WIDTH  73
#define SPIDEY_IDLE_HEIGHT 93
#define SPIDEY_IDLE_FRAME_COUNT 6
#define SPIDEY_IDLE_TRANSPARENT_KEY 0x18C5

static const uint32_t spidey_idle_frame_offsets[7] = {
    0, 4572, 9124, 13672, 18060, 22506, 27182
};

static const uint16_t spidey_idle_rle_data[] = {
    0x18C5, 0x0027, 0xD860, 0x0001, 0xF1C0, 0x0001, 0xE9C0, 0x0002, 0xEA20, 0x0001, 0xD8E0, 0x0001,
    0x18C5, 0x0041, 0xC820, 0x0001, 0xF940, 0x0001, 0xF3A0, 0x0001, 0xFCC0, 0x0001, 0xFC20, 0x0001,
    0xFBC0, 0x0002, 0xDA00, 0x0001, 0xC0E0, 0x0001, 0xE020, 0x0001, 0x18C5, 0x003E, 0xA800, 0x0001,
    0xE100, 0x0001, 0xFBC0, 0x0001, 0xF240, 0x0001, 0x5100, 0x0001, 0x48E0, 0x0001, 0x4880, 0x0001,
    0x5000, 0x0001, 0x2000, 0x0001, 0x3060, 0x0001, 0xFA00, 0x0001, 0xC880, 0x0001, 0x18C5, 0x003D,
    0xD020, 0x0001, 0xFBC0, 0x0001, 0x71E0, 0x0001, 0xA3F0, 0x0001, 0xBDF9, 0x0001, 0xADB8, 0x0001,
    0xADD8, 0x0001, 0xA596, 0x0001, 0x6C30, 0x0001, 0x4000, 0x0001, 0xFB40, 0x0001, 0xF220, 0x0001,
    0x18C5, 0x003C, 0xB8A0, 0x0001, 0xF200, 0x0001, 0xFBE0, 0x0001, 0x48A0, 0x0001, 0x9556, 0x0001,
    0xFFFF, 0x0001, 0xFFDE, 0x0001, 0xFFFF, 0x0002, 0x7C51, 0x0001, 0x5000, 0x0001, 0xF980, 0x0001,
    0xF2C0, 0x0001, 0xB860, 0x0001, 0x18C5, 0x003A, 0xB000, 0x0001, 0xF9E0, 0x0001, 0xEC60, 0x0001,
    0xFBA0, 0x0001, 0x4880, 0x0001, 0x4AAA, 0x0001, 0xF77D, 0x0001, 0xFFDF, 0x0001, 0xFFDE, 0x0001,
    0x84B2, 0x0001, 0x3800, 0x0001, 0xE180, 0x0001, 0xF1A0, 0x0001, 0xFA20, 0x0001, 0xC840, 0x0001,
    0x18C5, 0x003A, 0xD000, 0x0001, 0xFA60, 0x0001, 0xEB80, 0x0001, 0xF4A0, 0x0001, 0xB1A0, 0x0001,
    0x0000, 0x0001, 0x29E7, 0x0001, 0x426A, 0x0001, 0x3A49, 0x0001, 0x5000, 0x0001, 0xE1C0, 0x0001,
    0xF300, 0x0001, 0xF260, 0x0001, 0xD900, 0x0001, 0x18C5, 0x003B, 0xA800, 0x0001, 0xF2C0, 0x0001,
    0xF3A0, 0x0002, 0xFB00, 0x0001, 0xCA80, 0x0001, 0xB1A0, 0x0001, 0xB080, 0x0001, 0xA8A0, 0x0001,
    0xF160, 0x0001, 0xFAE0, 0x0001, 0xF200, 0x0001, 0xFA60, 0x0001, 0xA060, 0x0001, 0x18C5, 0x003B,
    0xA800, 0x0001, 0xC000, 0x0001, 0xD8C0, 0x0001, 0xE200, 0x0001, 0xEA40, 0x0001, 0xFB20, 0x0001,
    0xFA80, 0x0001, 0xFB60, 0x0002, 0xE980, 0x0001, 0xD960, 0x0001, 0xD1C0, 0x0001, 0x9800, 0x0001,
    0x18C5, 0x003D, 0xA800, 0x0001, 0xD000, 0x0001, 0xB000, 0x0001, 0xC820, 0x0001, 0xD0A0, 0x0001,
    0xD1A0, 0x0001, 0xE200, 0x0001, 0xD920, 0x0001, 0xD820, 0x0001, 0x9000, 0x0001, 0x18C5, 0x0041,
    0xD840, 0x0001, 0xE180, 0x0001, 0xD100, 0x0001, 0xC900, 0x0001, 0xD000, 0x0001, 0xD940, 0x0001,
    0xF280, 0x0001, 0xB840, 0x0001, 0x18C5, 0x0036, 0xB000, 0x0001, 0xD800, 0x0001, 0xD000, 0x0001,
    0xE000, 0x0001, 0x18C5, 0x0007, 0xD060, 0x0001, 0xFAC0, 0x0001, 0xFA40, 0x0001, 0xEA20, 0x0001,
    0xD8C0, 0x0001, 0xF2A0, 0x0001, 0xF1C0, 0x0001, 0xB020, 0x0001, 0x18C5, 0x0034, 0xD060, 0x0001,
    0xE0E0, 0x0001, 0xF2C0, 0x0001, 0xFB20, 0x0001, 0xFA60, 0x0001, 0xF9E0, 0x0001, 0xE120, 0x0001,
    0xB000, 0x0001, 0x18C5, 0x0002, 0xB800, 0x0001, 0xC040, 0x0001, 0xD040, 0x0001, 0xD0E0, 0x0001,
    0xD120, 0x0001, 0xF1A0, 0x0001, 0xD900, 0x0001, 0xF240, 0x0001, 0xE9E0, 0x0001, 0xFAC0, 0x0001,
    0xB060, 0x0001, 0x18C5, 0x0001, 0xD880, 0x0001, 0xE0C0, 0x0001, 0xE9E0, 0x0001, 0xF220, 0x0001,
    0xE160, 0x0001, 0xD860, 0x0001, 0x18C5, 0x002B, 0xE0E0, 0x0001, 0xF180, 0x0001, 0xF2C0, 0x0001,
    0xF1A0, 0x0001, 0xF280, 0x0001, 0xF2A0, 0x0001, 0xF240, 0x0001, 0xE9C0, 0x0001, 0xF200, 0x0001,
    0xE0A0, 0x0001, 0x9800, 0x0001, 0xC060, 0x0001, 0xF220, 0x0001, 0xE920, 0x0001, 0xF200, 0x0001,
    0xD200, 0x0001, 0xC0E0, 0x0001, 0xD020, 0x0001, 0xE1A0, 0x0001, 0xF340, 0x0001, 0xF2A0, 0x0001,
    0xE1A0, 0x0001, 0xB800, 0x0001, 0xD8E0, 0x0001, 0xFAA0, 0x0001, 0xF3A0, 0x0001, 0xF3C0, 0x0001,
    0xF3A0, 0x0001, 0xF400, 0x0001, 0xF3E0, 0x0001, 0xFA60, 0x0001, 0xE920, 0x0001, 0xD080, 0x0001,
    0x18C5, 0x0027, 0xC000, 0x0001, 0xFA60, 0x0001, 0xF2A0, 0x0001, 0xEA00, 0x0001, 0xEA60, 0x0001,
    0xF1C0, 0x0001, 0xD860, 0x0001, 0xEA80, 0x0001, 0xF3E0, 0x0001, 0xEBC0, 0x0001, 0xF280, 0x0001,
    0xE9E0, 0x0001, 0xD9A0, 0x0001, 0xFA20, 0x0001, 0xD840, 0x0001, 0xC120, 0x0001, 0xC8E0, 0x0001,
    0xD920, 0x0001, 0xE220, 0x0001, 0xE1E0, 0x0001, 0xF220, 0x0001, 0xF2E0, 0x0001, 0xE240, 0x0001,
    0xE200, 0x0001, 0xF200, 0x0001, 0xF3A0, 0x0001, 0xEB60, 0x0002, 0xF360, 0x0001, 0xEB60, 0x0002,
    0xEC00, 0x0001, 0xF3C0, 0x0001, 0xFA80, 0x0001, 0xD800, 0x0001, 0x18C5, 0x0026, 0xD8A0, 0x0001,
    0xF1E0, 0x0001, 0xEA40, 0x0001, 0xF200, 0x0001, 0xFAC0, 0x0001, 0xD880, 0x0001, 0xE1E0, 0x0001,
    0xF400, 0x0001, 0xF3C0, 0x0001, 0xEB20, 0x0001, 0xF3E0, 0x0001, 0xAB40, 0x0001, 0x80C0, 0x0001,
    0x7040, 0x0001, 0xA9E0, 0x0001, 0xE2C0, 0x0001, 0xE280, 0x0001, 0xF400, 0x0001, 0xF460, 0x0002,
    0xF3C0, 0x0001, 0xF3E0, 0x0002, 0xF3A0, 0x0001, 0xE1C0, 0x0001, 0xE1A0, 0x0001, 0xF440, 0x0001,
    0xEC40, 0x0001, 0xEC00, 0x0001, 0xEB20, 0x0001, 0xEB00, 0x0002, 0xEB20, 0x0001, 0xF3E0, 0x0001,
    0xF0A0, 0x0001, 0x18C5, 0x0024, 0xB820, 0x0001, 0xB840, 0x0001, 0xE880, 0x0001, 0xF9E0, 0x0001,
    0xFA80, 0x0001, 0xEA40, 0x0001, 0xC8C3, 0x0001, 0xE1C0, 0x0001, 0xF380, 0x0001, 0xEB20, 0x0001,
    0xF320, 0x0001, 0xF3C0, 0x0001, 0xFBE0, 0x0001, 0x3060, 0x0001, 0x0000, 0x0001, 0x2040, 0x0001,
    0x38A0, 0x0001, 0xEC00, 0x0001, 0xF3C0, 0x0001, 0xEBA0, 0x0001, 0xF3C0, 0x0001, 0xEBC0, 0x0001,
    0xF360, 0x0001, 0xF2E0, 0x0001, 0xEBA0, 0x0001, 0xEBC0, 0x0001, 0xF420, 0x0001, 0xDA20, 0x0001,
    0xE9A0, 0x0001, 0xFA60, 0x0002, 0xFB40, 0x0001, 0xFB80, 0x0001, 0xFBA0, 0x0001, 0xEA80, 0x0001,
    0xF460, 0x0001, 0xE140, 0x0001, 0x18C5, 0x0023, 0xC120, 0x0001, 0xF9C0, 0x0001, 0xF860, 0x0001,
    0xB043, 0x0001, 0x810B, 0x0001, 0x9069, 0x0001, 0x5252, 0x0001, 0x5AF3, 0x0001, 0xFB00, 0x0001,
    0xEC40, 0x0001, 0xF380, 0x0001, 0xEB40, 0x0001, 0xF360, 0x0001, 0xA1E0, 0x0001, 0x80C0, 0x0001,
    0x0000, 0x0001, 0x6080, 0x0001, 0xF2E0, 0x0001, 0xF360, 0x0001, 0xEB40, 0x0001, 0xF340, 0x0001,
    0xF360, 0x0001, 0xF340, 0x0002, 0xF380, 0x0001, 0xF3E0, 0x0001, 0xEC20, 0x0001, 0xF400, 0x0001,
    0xFB40, 0x0001, 0x9187, 0x0001, 0x790B, 0x0001, 0x89EA, 0x0001, 0x9A8A, 0x0001, 0x9B4A, 0x0001,
    0xA429, 0x0001, 0xF9C0, 0x0001, 0xF180, 0x0001, 0xD8A0, 0x0001, 0xC880, 0x0001, 0x18C5, 0x0021,
    0xC8A0, 0x0001, 0xF940, 0x0001, 0xD880, 0x0001, 0x6191, 0x0001, 0x22B8, 0x0001, 0x043F, 0x0001,
    0x01DD, 0x0001, 0x045F, 0x0001, 0x7A8E, 0x0001, 0xFA80, 0x0001, 0xEC00, 0x0001, 0xF340, 0x0001,
    0xEC20, 0x0001, 0xFC40, 0x0001, 0x71A0, 0x0001, 0x0800, 0x0001, 0x4040, 0x0001, 0x28A0, 0x0001,
    0xDBC0, 0x0001, 0xF420, 0x0001, 0xEB40, 0x0001, 0xF340, 0x0001, 0xF400, 0x0001, 0xEC00, 0x0001,
    0xEC40, 0x0001, 0xF360, 0x0001, 0xEBC0, 0x0001, 0xFB20, 0x0001, 0xCAE4, 0x0001, 0x6BB2, 0x0001,
    0x141C, 0x0001, 0x03DF, 0x0001, 0x057F, 0x0001, 0x05DF, 0x0001, 0x05BF, 0x0001, 0x035F, 0x0001,
    0x5152, 0x0001, 0xA947, 0x0001, 0xF1E0, 0x0001, 0xF3C0, 0x0001, 0xE920, 0x0001, 0x18C5, 0x0020,
    0xF840, 0x0001, 0x51B1, 0x0001, 0x22F9, 0x0001, 0x039F, 0x0001, 0x041E, 0x0001, 0x041D, 0x0001,
    0x02BC, 0x0001, 0x09FC, 0x0001, 0x1BBC, 0x0001, 0xBA47, 0x0001, 0xFB60, 0x0001, 0xEA60, 0x0001,
    0xF420, 0x0001, 0xF360, 0x0001, 0xFB00, 0x0001, 0xD140, 0x0001, 0xE1C0, 0x0001, 0xE360, 0x0001,
    0xFC00, 0x0001, 0xEC20, 0x0001, 0xF300, 0x0001, 0xF2E0, 0x0001, 0xF440, 0x0001, 0xF400, 0x0001,
    0xFC00, 0x0001, 0xF280, 0x0001, 0xEA20, 0x0001, 0x4455, 0x0001, 0x1C9A, 0x0001, 0x055F, 0x0001,
    0x039E, 0x0001, 0x019A, 0x0001, 0x00D4, 0x0001, 0x01B8, 0x0001, 0x023C, 0x0001, 0x045D, 0x0001,
    0x04DF, 0x0001, 0x13DD, 0x0001, 0xBAA7, 0x0001, 0xFB00, 0x0001, 0xFC00, 0x0001, 0xF1C0, 0x0001,
    0x18C5, 0x001D, 0x0076, 0x0001, 0x029D, 0x0001, 0x0BFC, 0x0001, 0x035E, 0x0001, 0x037F, 0x0001,
    0x03FD, 0x0002, 0x041E, 0x0001, 0x02DD, 0x0001, 0x0015, 0x0001, 0x027E, 0x0001, 0x02BE, 0x0001,
    0xC901, 0x0001, 0xD820, 0x0001, 0xF280, 0x0001, 0xEB20, 0x0001, 0xEB00, 0x0001, 0xF300, 0x0002,
    0xF340, 0x0001, 0xEB20, 0x0001, 0xF1E0, 0x0001, 0xF1A0, 0x0002, 0xE940, 0x0001, 0xCAC1, 0x0001,
    0xD982, 0x0001, 0x61CF, 0x0001, 0x0B5C, 0x0001, 0x03BE, 0x0001, 0x03DE, 0x0001, 0x031C, 0x0001,
    0x01BC, 0x0001, 0x0118, 0x0001, 0x0179, 0x0001, 0x0157, 0x0001, 0x04FF, 0x0001, 0x04FD, 0x0001,
    0x051D, 0x0001, 0x049E, 0x0001, 0x045D, 0x0001, 0x1BFA, 0x0001, 0xCA64, 0x0001, 0xEB41, 0x0001,
    0xF880, 0x0001, 0x18C5, 0x001B, 0x0137, 0x0001, 0x045F, 0x0001, 0x045E, 0x0001, 0x037E, 0x0001,
    0x03DD, 0x0001, 0x041D, 0x0001, 0x041E, 0x0001, 0x041D, 0x0001, 0x043E, 0x0001, 0x00D8, 0x0001,
    0x01B9, 0x0001, 0x031D, 0x0001, 0x023D, 0x0001, 0x492C, 0x0001, 0xE120, 0x0001, 0xF340, 0x0001,
    0xEB80, 0x0001, 0xF420, 0x0001, 0xEBA0, 0x0001, 0xEB40, 0x0001, 0xEC00, 0x0001, 0xF3E0, 0x0001,
    0xF320, 0x0001, 0xEB60, 0x0001, 0xF380, 0x0001, 0xE1C0, 0x0001, 0x8801, 0x0001, 0x01BA, 0x0001,
    0x0197, 0x0001, 0x021B, 0x0001, 0x023C, 0x0003, 0x031D, 0x0001, 0x035F, 0x0001, 0x025B, 0x0001,
    0x01B9, 0x0001, 0x04BE, 0x0001, 0x051D, 0x0001, 0x04FE, 0x0001, 0x051D, 0x0001, 0x049E, 0x0001,
    0x04BE, 0x0001, 0x053F, 0x0001, 0x3B76, 0x0001, 0xA98A, 0x0001, 0x18C5, 0x0019, 0x8806, 0x0001,
    0x017B, 0x0001, 0x035E, 0x0001, 0x035D, 0x0001, 0x027C, 0x0001, 0x03BE, 0x0001, 0x041D, 0x0001,
    0x03FE, 0x0001, 0x041D, 0x0001, 0x043E, 0x0001, 0x01DB, 0x0001, 0x0179, 0x0001, 0x039E, 0x0001,
    0x043E, 0x0001, 0x045E, 0x0001, 0x041E, 0x0001, 0xF220, 0x0001, 0xF420, 0x0001, 0xF380, 0x0001,
    0xF420, 0x0001, 0xF3E0, 0x0001, 0xF360, 0x0001, 0xF440, 0x0001, 0xF400, 0x0001, 0xF340, 0x0001,
    0xF420, 0x0001, 0xEC20, 0x0001, 0xF320, 0x0001, 0x5B32, 0x0001, 0x05BF, 0x0001, 0x059E, 0x0001,
    0x051E, 0x0001, 0x04BE, 0x0001, 0x045E, 0x0002, 0x043E, 0x0001, 0x037D, 0x0001, 0x033E, 0x0001,
    0x02BE, 0x0001, 0x025D, 0x0001, 0x049E, 0x0001, 0x053D, 0x0001, 0x04FE, 0x0001, 0x051E, 0x0001,
    0x049E, 0x0001, 0x049D, 0x0001, 0x051F, 0x0001, 0x04BF, 0x0001, 0x033F, 0x0001, 0x18C5, 0x0017,
    0x9844, 0x0001, 0x2ADB, 0x0001, 0x03FF, 0x0001, 0x03FE, 0x0001, 0x03DF, 0x0001, 0x023E, 0x0001,
    0x031E, 0x0001, 0x045E, 0x0001, 0x041E, 0x0001, 0x041F, 0x0001, 0x01FC, 0x0001, 0x0007, 0x0001,
    0x02FB, 0x0001, 0x035E, 0x0001, 0x041D, 0x0001, 0x041E, 0x0001, 0x139B, 0x0001, 0xF220, 0x0001,
    0xF360, 0x0001, 0xF1A0, 0x0001, 0xF200, 0x0002, 0xF1E0, 0x0001, 0xF200, 0x0001, 0xF220, 0x0001,
    0xF300, 0x0001, 0xEC00, 0x0001, 0xF420, 0x0001, 0xE9C0, 0x0001, 0x051E, 0x0001, 0x04FE, 0x0001,
    0x04FD, 0x0001, 0x051D, 0x0001, 0x04FE, 0x0001, 0x03FE, 0x0002, 0x041E, 0x0002, 0x02DD, 0x0001,
    0x037E, 0x0001, 0x00F8, 0x0001, 0x01BC, 0x0001, 0x04BF, 0x0001, 0x053D, 0x0001, 0x051D, 0x0002,
    0x041D, 0x0001, 0x053D, 0x0001, 0x043D, 0x0001, 0x045E, 0x0001, 0x033F, 0x0001, 0x18C5, 0x0015,
    0xC040, 0x0001, 0xB885, 0x0001, 0x03DF, 0x0001, 0x047F, 0x0001, 0x139B, 0x0001, 0x1B79, 0x0001,
    0x1B3B, 0x0001, 0x18B4, 0x0001, 0x01DA, 0x0001, 0x02DE, 0x0001, 0x013B, 0x0001, 0x18C5, 0x0001,
    0x0000, 0x0001, 0x023A, 0x0001, 0x023E, 0x0001, 0x03BE, 0x0001, 0x041E, 0x0001, 0x13FC, 0x0001,
    0xE960, 0x0001, 0xF240, 0x0001, 0xF1C0, 0x0001, 0xF280, 0x0001, 0xF240, 0x0001, 0xF1E0, 0x0001,
    0xF300, 0x0001, 0xF260, 0x0001, 0xF180, 0x0001, 0xEA60, 0x0001, 0xE222, 0x0001, 0x3437, 0x0001,
    0x053E, 0x0001, 0x04FD, 0x0001, 0x04FE, 0x0001, 0x051E, 0x0001, 0x04FE, 0x0001, 0x041E, 0x0001,
    0x037E, 0x0001, 0x03BE, 0x0001, 0x03FE, 0x0001, 0x02FD, 0x0001, 0x033E, 0x0001, 0x01BC, 0x0001,
    0x0015, 0x0001, 0x023C, 0x0001, 0x041F, 0x0001, 0x045F, 0x0001, 0x04BF, 0x0001, 0x03BF, 0x0001,
    0x045F, 0x0001, 0x04BD, 0x0001, 0x051D, 0x0001, 0x04FF, 0x0001, 0x5215, 0x0001, 0x18C5, 0x0013,
    0xA000, 0x0001, 0xFAA0, 0x0001, 0xDA83, 0x0001, 0x5254, 0x0001, 0x4275, 0x0001, 0xB923, 0x0001,
    0xE860, 0x0001, 0xD8E0, 0x0001, 0xF0E0, 0x0001, 0x6029, 0x0001, 0x0016, 0x0001, 0x18C5, 0x0003,
    0x0014, 0x0001, 0x015B, 0x0001, 0x029D, 0x0001, 0x03FE, 0x0001, 0x137B, 0x0001, 0xF9C0, 0x0001,
    0xF3C0, 0x0001, 0xF240, 0x0001, 0xF380, 0x0001, 0xF260, 0x0001, 0xF380, 0x0001, 0xF2C0, 0x0001,
    0xF240, 0x0001, 0xEB80, 0x0001, 0xFA00, 0x0001, 0x62D1, 0x0001, 0x04FF, 0x0001, 0x04BD, 0x0001,
    0x053E, 0x0001, 0x051E, 0x0002, 0x04BE, 0x0001, 0x03FE, 0x0001, 0x035E, 0x0001, 0x03DD, 0x0001,
    0x043E, 0x0001, 0x033F, 0x0001, 0x01DE, 0x0001, 0x0036, 0x0001, 0x18C5, 0x0002, 0x113A, 0x0001,
    0x50D2, 0x0001, 0x4A54, 0x0001, 0x52D4, 0x0001, 0x23B9, 0x0001, 0x051F, 0x0001, 0x04FD, 0x0001,
    0x04BE, 0x0001, 0x0B9D, 0x0001, 0xB988, 0x0001, 0x18C5, 0x0013, 0xD140, 0x0001, 0xF9E0, 0x0001,
    0xF9A0, 0x0002, 0xF2C0, 0x0001, 0xF280, 0x0002, 0xF3C0, 0x0001, 0xD8C0, 0x0001, 0x18C5, 0x0006,
    0x0119, 0x0001, 0x037F, 0x0001, 0x031D, 0x0001, 0x8AAC, 0x0001, 0xFB60, 0x0001, 0xEBA0, 0x0001,
    0xF3A0, 0x0001, 0xF360, 0x0001, 0xF460, 0x0001, 0xF2C0, 0x0001, 0xEBE0, 0x0001, 0xF3E0, 0x0001,
    0xC246, 0x0001, 0x2CB9, 0x0001, 0x045E, 0x0001, 0x03FD, 0x0001, 0x049E, 0x0001, 0x049D, 0x0001,
    0x04BE, 0x0001, 0x03FD, 0x0001, 0x037E, 0x0001, 0x041E, 0x0002, 0x02BF, 0x0001, 0x0158, 0x0001,
    0x18C5, 0x0004, 0xF8A0, 0x0001, 0xFAA0, 0x0001, 0xFA40, 0x0001, 0xFA60, 0x0001, 0xCB04, 0x0001,
    0x8AAE, 0x0001, 0x045D, 0x0001, 0x03FE, 0x0001, 0xC246, 0x0001, 0xFBE0, 0x0001, 0xD0C0, 0x0001,
    0x18C5, 0x0012, 0x8000, 0x0001, 0xF280, 0x0001, 0xEA60, 0x0001, 0xEAA0, 0x0001, 0xEB20, 0x0001,
    0xEAE0, 0x0001, 0xEA20, 0x0001, 0xE9C0, 0x0001, 0xF140, 0x0001, 0xB000, 0x0001, 0x18C5, 0x0006,
    0x019C, 0x0001, 0x035F, 0x0001, 0x2B78, 0x0001, 0xF9E0, 0x0001, 0xEB40, 0x0001, 0xF300, 0x0002,
    0xF340, 0x0001, 0xF320, 0x0001, 0xEB40, 0x0001, 0xFA80, 0x0001, 0x92CB, 0x0001, 0x053F, 0x0001,
    0x03DD, 0x0001, 0x041E, 0x0001, 0x03BD, 0x0001, 0x033E, 0x0001, 0x025D, 0x0001, 0x033E, 0x0001,
    0x02BE, 0x0001, 0x023D, 0x0001, 0x0118, 0x0001, 0x18C5, 0x0006, 0xFAA0, 0x0001, 0xEC00, 0x0001,
    0xEBC0, 0x0001, 0xEC40, 0x0001, 0xF440, 0x0001, 0xFA00, 0x0001, 0xB9A6, 0x0001, 0xC205, 0x0001,
    0xFB20, 0x0001, 0xE9C0, 0x0001, 0x18C5, 0x0014, 0x90C0, 0x0001, 0xF300, 0x0001, 0xFA60, 0x0001,
    0xEA60, 0x0001, 0xE9E0, 0x0001, 0xF1A0, 0x0001, 0xEA00, 0x0001, 0xFB00, 0x0001, 0xC820, 0x0001,
    0x18C5, 0x0006, 0x093A, 0x0001, 0x02FF, 0x0001, 0x2B38, 0x0001, 0xFA40, 0x0001, 0xEBA0, 0x0001,
    0xF380, 0x0001, 0xF320, 0x0001, 0xF3E0, 0x0001, 0xF340, 0x0001, 0xEBC0, 0x0001, 0xFB00, 0x0001,
    0x8AEC, 0x0001, 0x0C7E, 0x0001, 0x0BFC, 0x0001, 0x03DD, 0x0001, 0x031F, 0x0001, 0x021C, 0x0001,
    0x015C, 0x0001, 0x017C, 0x0001, 0x0034, 0x0001, 0x18C5, 0x0007, 0xC0C0, 0x0001, 0xF360, 0x0001,
    0xEAE0, 0x0001, 0xF320, 0x0001, 0xF400, 0x0001, 0xEAC0, 0x0001, 0xEA80, 0x0001, 0xF9C0, 0x0001,
    0xFA80, 0x0001, 0xF340, 0x0001, 0xC8C0, 0x0001, 0x18C5, 0x0015, 0xA0A0, 0x0001, 0xEA60, 0x0001,
    0xF1A0, 0x0001, 0xF320, 0x0001, 0xEB20, 0x0001, 0xF1E0, 0x0001, 0xF280, 0x0001, 0xD8A0, 0x0001,
    0x18C5, 0x0007, 0x01BF, 0x0001, 0x7270, 0x0001, 0xFA60, 0x0001, 0xEBC0, 0x0001, 0xF3C0, 0x0001,
    0xF380, 0x0002, 0xEB80, 0x0001, 0xFBE0, 0x0001, 0xBA46, 0x0001, 0x055F, 0x0001, 0x045F, 0x0001,
    0x043F, 0x0001, 0x027D, 0x0001, 0x017E, 0x0001, 0x18C5, 0x000B, 0xE940, 0x0001, 0xF3C0, 0x0001,
    0xEBA0, 0x0001, 0xF440, 0x0001, 0xF1E0, 0x0001, 0xF200, 0x0001, 0xEB20, 0x0001, 0xF320, 0x0001,
    0xF9E0, 0x0001, 0xD140, 0x0001, 0x18C5, 0x0018, 0xA880, 0x0001, 0xE1A0, 0x0001, 0xFB40, 0x0001,
    0xEAA0, 0x0001, 0xF240, 0x0001, 0xFA40, 0x0001, 0xA800, 0x0001, 0x18C5, 0x0006, 0x806A, 0x0001,
    0xFA20, 0x0001, 0xEBE0, 0x0001, 0xF380, 0x0001, 0xF340, 0x0001, 0xF420, 0x0001, 0xF380, 0x0001,
    0xEBA0, 0x0001, 0xF360, 0x0001, 0xD9C2, 0x0001, 0x7A8E, 0x0001, 0x69AD, 0x0001, 0x616E, 0x0001,
    0x18C5, 0x000C, 0xC800, 0x0001, 0xFA60, 0x0001, 0xEB60, 0x0001, 0xF460, 0x0001, 0xF2C0, 0x0001,
    0xE9C0, 0x0001, 0xF220, 0x0001, 0xF380, 0x0001, 0xF1A0, 0x0001, 0xC860, 0x0001, 0x18C5, 0x001B,
    0xB980, 0x0001, 0xFAC0, 0x0001, 0xE960, 0x0001, 0xF9A0, 0x0001, 0xC000, 0x0001, 0x18C5, 0x0005,
    0xC800, 0x0001, 0xF900, 0x0001, 0xEAC0, 0x0001, 0xF320, 0x0002, 0xF300, 0x0001, 0xF320, 0x0002,
    0xF300, 0x0001, 0xEB80, 0x0001, 0xF2E0, 0x0001, 0xFA20, 0x0001, 0xF960, 0x0001, 0xD020, 0x0001,
    0x18C5, 0x000B, 0xA800, 0x0001, 0xF280, 0x0001, 0xF360, 0x0001, 0xEB80, 0x0001, 0xF260, 0x0001,
    0xF280, 0x0001, 0xFAE0, 0x0001, 0xE900, 0x0001, 0xD0C0, 0x0001, 0x18C5, 0x001E, 0xC0A0, 0x0001,
    0xFAA0, 0x0001, 0xF200, 0x0001, 0xF9E0, 0x0001, 0xC8A0, 0x0001, 0x18C5, 0x0001, 0xB800, 0x0001,
    0xD8C0, 0x0001, 0xF9C0, 0x0001, 0xB062, 0x0001, 0xE140, 0x0001, 0xF400, 0x0001, 0xEB40, 0x0001,
    0xF340, 0x0001, 0xF3A0, 0x0002, 0xF340, 0x0001, 0xF3E0, 0x0001, 0xEBE0, 0x0001, 0xEBA0, 0x0001,
    0xFB20, 0x0001, 0xD8C2, 0x0001, 0x90E6, 0x0001, 0x22B9, 0x0001, 0xC821, 0x0001, 0xD860, 0x0001,
    0xD0A0, 0x0001, 0xE980, 0x0001, 0xD020, 0x0001, 0xD080, 0x0001, 0xD880, 0x0001, 0xD080, 0x0001,
    0x18C5, 0x0001, 0xB020, 0x0001, 0xEA20, 0x0001, 0xF3C0, 0x0001, 0xEB00, 0x0001, 0xF200, 0x0001,
    0xF960, 0x0001, 0xEA60, 0x0001, 0xD840, 0x0001, 0xB000, 0x0001, 0x18C5, 0x0020, 0xC180, 0x0001,
    0xFB20, 0x0001, 0xF260, 0x0001, 0xD120, 0x0001, 0xD080, 0x0001, 0xF220, 0x0001, 0xF360, 0x0001,
    0xF0E0, 0x0001, 0x2A16, 0x0001, 0x59CD, 0x0001, 0xF260, 0x0001, 0xEBC0, 0x0001, 0xF340, 0x0001,
    0xF3C0, 0x0002, 0xEB40, 0x0001, 0xEC60, 0x0001, 0xFBA0, 0x0001, 0xF280, 0x0001, 0xB2EA, 0x0001,
    0x3B96, 0x0001, 0x053F, 0x0001, 0x051F, 0x0001, 0x3B18, 0x0001, 0xE1C2, 0x0001, 0xE260, 0x0001,
    0xE1C0, 0x0001, 0xF2E0, 0x0001, 0xF440, 0x0001, 0xF420, 0x0001, 0xF3E0, 0x0001, 0xFA20, 0x0001,
    0xFAC0, 0x0001, 0xF3E0, 0x0001, 0xF360, 0x0001, 0xF200, 0x0001, 0xFA60, 0x0001, 0xD0C0, 0x0001,
    0xA800, 0x0001, 0x18C5, 0x0023, 0xB980, 0x0001, 0xFAE0, 0x0001, 0xE100, 0x0001, 0xEAC0, 0x0001,
    0xF320, 0x0001, 0xF260, 0x0001, 0xE0E0, 0x0001, 0x3133, 0x0001, 0x045F, 0x0001, 0x714B, 0x0001,
    0xFA80, 0x0001, 0xEBA0, 0x0001, 0xEBC0, 0x0001, 0xEBE0, 0x0001, 0xF340, 0x0001, 0xFAC0, 0x0001,
    0x930C, 0x0001, 0x5AD3, 0x0001, 0x04BF, 0x0001, 0x055E, 0x0001, 0x04FD, 0x0001, 0x051D, 0x0001,
    0x04FF, 0x0001, 0x11F9, 0x0001, 0xA003, 0x0001, 0xE1E0, 0x0001, 0xEC60, 0x0001, 0xEBE0, 0x0002,
    0xEC00, 0x0001, 0xEC20, 0x0001, 0xEC60, 0x0001, 0xF2E0, 0x0001, 0xF8A0, 0x0001, 0xC920, 0x0001,
    0x18C5, 0x0027, 0xB8C0, 0x0001, 0xFA80, 0x0001, 0xF340, 0x0001, 0xE260, 0x0001, 0xC940, 0x0001,
    0xE1E0, 0x0001, 0x3072, 0x0001, 0x03FE, 0x0001, 0x043F, 0x0001, 0x8A2C, 0x0001, 0xFA80, 0x0001,
    0xEBE0, 0x0001, 0xFAC0, 0x0001, 0xAA88, 0x0001, 0x4377, 0x0001, 0x049E, 0x0001, 0x04DF, 0x0001,
    0x045D, 0x0001, 0x051D, 0x0001, 0x04FE, 0x0001, 0x04FD, 0x0001, 0x057F, 0x0001, 0x4A13, 0x0001,
    0xE222, 0x0001, 0xF4A0, 0x0001, 0xEB80, 0x0001, 0xF380, 0x0001, 0xF400, 0x0001, 0xF3E0, 0x0001,
    0xEC00, 0x0001, 0xF340, 0x0001, 0xD0A0, 0x0001, 0x18C5, 0x002A, 0xC960, 0x0001, 0xFB60, 0x0001,
    0xE280, 0x0001, 0xC100, 0x0001, 0xF140, 0x0001, 0x3092, 0x0001, 0x03BF, 0x0001, 0x0B5D, 0x0001,
    0x045F, 0x0001, 0x924B, 0x0001, 0xDA03, 0x0001, 0x13FB, 0x0001, 0x045D, 0x0001, 0x053F, 0x0001,
    0x053D, 0x0001, 0x04BD, 0x0001, 0x047E, 0x0001, 0x051D, 0x0001, 0x04FD, 0x0001, 0x057F, 0x0001,
    0x4AD2, 0x0001, 0xF240, 0x0001, 0xFBE0, 0x0001, 0xE940, 0x0001, 0xF260, 0x0001, 0xF420, 0x0001,
    0xF400, 0x0001, 0xEC00, 0x0001, 0xEBA0, 0x0001, 0xFAC0, 0x0001, 0xA0A0, 0x0001, 0x18C5, 0x002A,
    0xA800, 0x0001, 0xF160, 0x0001, 0xF2E0, 0x0001, 0xC0E2, 0x0001, 0x8109, 0x0001, 0x29B6, 0x0001,
    0x03BF, 0x0001, 0x035D, 0x0001, 0x043E, 0x0001, 0x043F, 0x0001, 0x04FF, 0x0001, 0x051E, 0x0002,
    0x051D, 0x0001, 0x04DE, 0x0001, 0x03DE, 0x0001, 0x043E, 0x0001, 0x053D, 0x0001, 0x051E, 0x0001,
    0x4B12, 0x0001, 0xF9A0, 0x0001, 0xFAA0, 0x0001, 0x58E8, 0x0001, 0xC881, 0x0001, 0xF360, 0x0001,
    0xF3C0, 0x0001, 0xF3A0, 0x0001, 0xF3C0, 0x0001, 0xFA40, 0x0001, 0xA860, 0x0001, 0x18C5, 0x002C,
    0xA800, 0x0001, 0xF220, 0x0001, 0x78A8, 0x0001, 0x043F, 0x0001, 0x039E, 0x0001, 0x03BD, 0x0001,
    0x031E, 0x0001, 0x03BE, 0x0001, 0x04DD, 0x0001, 0x051D, 0x0001, 0x04FD, 0x0001, 0x051E, 0x0001,
    0x04DE, 0x0001, 0x041E, 0x0001, 0x039E, 0x0001, 0x03BE, 0x0001, 0x055E, 0x0001, 0x04DD, 0x0001,
    0xC800, 0x0001, 0xB1E3, 0x0001, 0x5230, 0x0001, 0x4970, 0x0001, 0xEB42, 0x0001, 0xEA60, 0x0001,
    0xE200, 0x0001, 0xE9A0, 0x0001, 0xE100, 0x0001, 0xA860, 0x0001, 0x18C5, 0x002D, 0x6820, 0x0001,
    0xF220, 0x0001, 0x8108, 0x0001, 0x043F, 0x0001, 0x033D, 0x0001, 0x03DE, 0x0001, 0x037E, 0x0001,
    0x035E, 0x0001, 0x045E, 0x0001, 0x04DD, 0x0001, 0x051E, 0x0001, 0x055E, 0x0001, 0x03DE, 0x0002,
    0x045E, 0x0001, 0x03BE, 0x0001, 0x055E, 0x0001, 0x051E, 0x0001, 0x2AF6, 0x0001, 0x0B58, 0x0001,
    0x05DF, 0x0001, 0xC1C4, 0x0001, 0xFB60, 0x0001, 0xB840, 0x0001, 0xE1C0, 0x0001, 0xC900, 0x0001,
    0xD880, 0x0001, 0x7000, 0x0001, 0x18C5, 0x002D, 0x8800, 0x0001, 0xF120, 0x0001, 0x88C6, 0x0001,
    0x049F, 0x0001, 0x031D, 0x0001, 0x03FE, 0x0001, 0x039D, 0x0001, 0x021C, 0x0001, 0x03DE, 0x0001,
    0x047E, 0x0001, 0x051D, 0x0001, 0x041D, 0x0001, 0x035D, 0x0001, 0x045E, 0x0001, 0x04BE, 0x0001,
    0x035E, 0x0001, 0x04BE, 0x0001, 0x051E, 0x0001, 0x051F, 0x0001, 0x05BF, 0x0001, 0x6A2E, 0x0001,
    0xF301, 0x0001, 0xD9A0, 0x0001, 0x8001, 0x0001, 0xF1C0, 0x0001, 0xA920, 0x0001, 0x8040, 0x0001,
    0x18C5, 0x002E, 0x7868, 0x0001, 0xE880, 0x0001, 0x59EE, 0x0001, 0x045F, 0x0001, 0x037D, 0x0001,
    0x039E, 0x0001, 0x043E, 0x0001, 0x033D, 0x0001, 0x019A, 0x0001, 0x02BA, 0x0001, 0x045F, 0x0001,
    0x02BF, 0x0001, 0x02FD, 0x0001, 0x045E, 0x0001, 0x053E, 0x0001, 0x041E, 0x0002, 0x055E, 0x0001,
    0x04DC, 0x0001, 0x059F, 0x0001, 0x79AB, 0x0001, 0xF960, 0x0001, 0x69CD, 0x0001, 0x0AB9, 0x0001,
    0xB0A2, 0x0001, 0xB820, 0x0001, 0x18C5, 0x002F, 0x017E, 0x0001, 0x3A34, 0x0001, 0x047F, 0x0001,
    0x03FD, 0x0001, 0x043E, 0x0001, 0x033E, 0x0001, 0x041D, 0x0001, 0x03DE, 0x0001, 0x01DA, 0x0001,
    0x0076, 0x0001, 0x016C, 0x0001, 0x00F0, 0x0001, 0x02BC, 0x0001, 0x045E, 0x0001, 0x051D, 0x0001,
    0x045E, 0x0001, 0x03FE, 0x0001, 0x051E, 0x0001, 0x04FD, 0x0001, 0x055E, 0x0001, 0x2B55, 0x0001,
    0x59AF, 0x0001, 0x049F, 0x0001, 0x051F, 0x0001, 0x1B77, 0x0001, 0x12BB, 0x0001, 0x18C5, 0x002F,
    0x027C, 0x0001, 0x045F, 0x0001, 0x041D, 0x0001, 0x041E, 0x0002, 0x033E, 0x0001, 0x041E, 0x0001,
    0x03FD, 0x0001, 0x037F, 0x0001, 0x02DE, 0x0001, 0x0112, 0x0001, 0x0030, 0x0001, 0x027A, 0x0001,
    0x047F, 0x0001, 0x04FD, 0x0001, 0x051E, 0x0001, 0x043E, 0x0001, 0x04BE, 0x0001, 0x051E, 0x0001,
    0x051D, 0x0001, 0x051F, 0x0001, 0x053F, 0x0001, 0x051D, 0x0002, 0x04BF, 0x0001, 0x041F, 0x0001,
    0x18C5, 0x002E, 0x015C, 0x0001, 0x039F, 0x0001, 0x043D, 0x0001, 0x03FE, 0x0001, 0x041E, 0x0002,
    0x033E, 0x0001, 0x03FE, 0x0001, 0x043E, 0x0001, 0x037D, 0x0001, 0x031E, 0x0001, 0x02FF, 0x0001,
    0x009A, 0x0001, 0x0237, 0x0001, 0x047E, 0x0001, 0x04DE, 0x0001, 0x053E, 0x0001, 0x047E, 0x0001,
    0x04DE, 0x0001, 0x051E, 0x0002, 0x04FD, 0x0002, 0x04FE, 0x0001, 0x051E, 0x0001, 0x047D, 0x0001,
    0x04BE, 0x0001, 0x035D, 0x0001, 0x18C5, 0x002D, 0x025F, 0x0001, 0x03DE, 0x0001, 0x041E, 0x0004,
    0x037E, 0x0001, 0x041E, 0x0001, 0x03FE, 0x0001, 0x041E, 0x0001, 0x033E, 0x0001, 0x02DC, 0x0001,
    0x01FF, 0x0001, 0x0048, 0x0001, 0x02B6, 0x0001, 0x045F, 0x0001, 0x051D, 0x0001, 0x051E, 0x0005,
    0x04FE, 0x0001, 0x051E, 0x0001, 0x04FE, 0x0001, 0x051D, 0x0001, 0x045E, 0x0001, 0x043E, 0x0001,
    0x18C5, 0x002D, 0x029F, 0x0001, 0x041E, 0x0006, 0x03BE, 0x0001, 0x041E, 0x0002, 0x033E, 0x0001,
    0x031D, 0x0001, 0x02BF, 0x0001, 0x0048, 0x0001, 0x0071, 0x0001, 0x043F, 0x0001, 0x053D, 0x0001,
    0x04FE, 0x0002, 0x051E, 0x0001, 0x04DE, 0x0001, 0x04BE, 0x0001, 0x051E, 0x0002, 0x04FE, 0x0001,
    0x051E, 0x0001, 0x045E, 0x0001, 0x051F, 0x0001, 0x035D, 0x0001, 0x18C5, 0x002C, 0x02FF, 0x0001,
    0x045E, 0x0001, 0x03FE, 0x0001, 0x041E, 0x0003, 0x03DE, 0x0001, 0x033E, 0x0001, 0x041E, 0x0002,
    0x033E, 0x0001, 0x031D, 0x0001, 0x029F, 0x0001, 0x0069, 0x0001, 0x000E, 0x0001, 0x041F, 0x0001,
    0x049E, 0x0001, 0x051E, 0x0002, 0x053E, 0x0001, 0x049E, 0x0001, 0x047E, 0x0001, 0x053E, 0x0001,
    0x04FE, 0x0002, 0x051E, 0x0001, 0x043D, 0x0001, 0x051E, 0x0001, 0x04BF, 0x0001, 0x18C5, 0x002B,
    0x01DD, 0x0001, 0x039E, 0x0001, 0x041E, 0x0002, 0x03BE, 0x0001, 0x037E, 0x0001, 0x043E, 0x0001,
    0x03DE, 0x0001, 0x035E, 0x0001, 0x041E, 0x0002, 0x031D, 0x0001, 0x035E, 0x0001, 0x01FC, 0x0001,
    0x18C5, 0x0002, 0x01FC, 0x0001, 0x047E, 0x0001, 0x051E, 0x0001, 0x045E, 0x0001, 0x04FE, 0x0001,
    0x053E, 0x0001, 0x045E, 0x0001, 0x04DE, 0x0001, 0x051E, 0x0001, 0x04FE, 0x0001, 0x051E, 0x0001,
    0x043E, 0x0001, 0x04FD, 0x0001, 0x053F, 0x0001, 0x03BE, 0x0001, 0x18C5, 0x002A, 0x01FE, 0x0001,
    0x03BE, 0x0001, 0x041E, 0x0002, 0x03BE, 0x0001, 0x035E, 0x0001, 0x043E, 0x0001, 0x03DE, 0x0001,
    0x033E, 0x0001, 0x041E, 0x0002, 0x033D, 0x0001, 0x033E, 0x0001, 0x017B, 0x0001, 0x18C5, 0x0002,
    0x00B7, 0x0001, 0x043F, 0x0001, 0x04BD, 0x0001, 0x045E, 0x0001, 0x04DE, 0x0001, 0x053E, 0x0001,
    0x049E, 0x0001, 0x047E, 0x0001, 0x053E, 0x0001, 0x04FE, 0x0001, 0x053E, 0x0001, 0x045E, 0x0001,
    0x04DE, 0x0001, 0x055D, 0x0001, 0x045F, 0x0001, 0x18C5, 0x002A, 0x01BD, 0x0001, 0x03BE, 0x0001,
    0x041E, 0x0001, 0x03FE, 0x0001, 0x037E, 0x0001, 0x03BE, 0x0001, 0x041E, 0x0001, 0x03FE, 0x0001,
    0x033E, 0x0001, 0x041E, 0x0002, 0x033E, 0x0001, 0x02DE, 0x0001, 0x00DB, 0x0001, 0x18C5, 0x0002,
    0x0054, 0x0001, 0x029D, 0x0001, 0x04BE, 0x0001, 0x041D, 0x0001, 0x04FE, 0x0002, 0x053E, 0x0001,
    0x049E, 0x0001, 0x047E, 0x0001, 0x053E, 0x0001, 0x04DE, 0x0001, 0x041E, 0x0001, 0x04DE, 0x0001,
    0x053E, 0x0001, 0x049F, 0x0001, 0x18C5, 0x0029, 0x01DC, 0x0001, 0x033E, 0x0001, 0x037D, 0x0001,
    0x043E, 0x0001, 0x03DE, 0x0001, 0x033E, 0x0001, 0x043E, 0x0001, 0x041E, 0x0001, 0x03FE, 0x0001,
    0x033E, 0x0001, 0x041E, 0x0001, 0x041D, 0x0001, 0x035E, 0x0001, 0x029E, 0x0001, 0x0056, 0x0001,
    0x18C5, 0x0003, 0x00F9, 0x0001, 0x039F, 0x0001, 0x043E, 0x0001, 0x04FE, 0x0001, 0x051E, 0x0001,
    0x04FE, 0x0001, 0x053E, 0x0001, 0x049E, 0x0003, 0x03DE, 0x0001, 0x04FE, 0x0001, 0x051E, 0x0001,
    0x053E, 0x0001, 0x03BE, 0x0001, 0x18C5, 0x0028, 0x01DC, 0x0001, 0x03FE, 0x0001, 0x02FD, 0x0001,
    0x03DE, 0x0001, 0x035E, 0x0001, 0x03FE, 0x0001, 0x041E, 0x0003, 0x03BE, 0x0001, 0x039E, 0x0002,
    0x031E, 0x0001, 0x015B, 0x0001, 0x0011, 0x0001, 0x18C5, 0x0004, 0x01BB, 0x0001, 0x041E, 0x0001,
    0x04DD, 0x0001, 0x051E, 0x0003, 0x04FE, 0x0001, 0x041E, 0x0003, 0x04FE, 0x0002, 0x051D, 0x0001,
    0x03DF, 0x0001, 0x18C5, 0x0028, 0x01FD, 0x0001, 0x045E, 0x0001, 0x035D, 0x0001, 0x03BE, 0x0001,
    0x033E, 0x0001, 0x041E, 0x0003, 0x043E, 0x0001, 0x039D, 0x0001, 0x033D, 0x0001, 0x039E, 0x0001,
    0x029E, 0x0001, 0x0013, 0x0001, 0x18C5, 0x0006, 0x025E, 0x0001, 0x045E, 0x0001, 0x051D, 0x0001,
    0x051E, 0x0001, 0x04FE, 0x0001, 0x051E, 0x0001, 0x04BE, 0x0001, 0x03DE, 0x0001, 0x04DE, 0x0001,
    0x051E, 0x0002, 0x049D, 0x0001, 0x033F, 0x0001, 0x18C5, 0x0028, 0x0118, 0x0001, 0x03FE, 0x0001,
    0x03DD, 0x0001, 0x037E, 0x0001, 0x039E, 0x0001, 0x041E, 0x0002, 0x03FE, 0x0001, 0x043E, 0x0001,
    0x033D, 0x0001, 0x021C, 0x0001, 0x03BE, 0x0001, 0x00F9, 0x0001, 0x18C5, 0x0007, 0x00B7, 0x0001,
    0x03DF, 0x0001, 0x053E, 0x0001, 0x04FE, 0x0001, 0x051E, 0x0002, 0x04FE, 0x0001, 0x041E, 0x0001,
    0x04DE, 0x0001, 0x051E, 0x0001, 0x051D, 0x0001, 0x04BE, 0x0001, 0x017C, 0x0001, 0x18C5, 0x0029,
    0x029E, 0x0001, 0x047D, 0x0001, 0x033E, 0x0001, 0x03DE, 0x0001, 0x041E, 0x0002, 0x03FE, 0x0001,
    0x043E, 0x0001, 0x035D, 0x0001, 0x01FC, 0x0001, 0x02BE, 0x0001, 0x0034, 0x0001, 0x18C5, 0x0008,
    0x023D, 0x0001, 0x04BE, 0x0001, 0x051D, 0x0001, 0x04FE, 0x0002, 0x053E, 0x0001, 0x047E, 0x0001,
    0x041E, 0x0001, 0x051E, 0x0001, 0x053D, 0x0001, 0x035F, 0x0001, 0x0078, 0x0001, 0x18C5, 0x0029,
    0x00F8, 0x0001, 0x03FF, 0x0001, 0x035D, 0x0001, 0x03DE, 0x0001, 0x041E, 0x0002, 0x03FE, 0x0001,
    0x043E, 0x0001, 0x033D, 0x0001, 0x025D, 0x0001, 0x015A, 0x0001, 0x18C5, 0x0009, 0x019B, 0x0001,
    0x049E, 0x0001, 0x051D, 0x0001, 0x04FE, 0x0001, 0x051E, 0x0003, 0x041E, 0x0001, 0x04BD, 0x0001,
    0x043F, 0x0001, 0x017B, 0x0001, 0x18C5, 0x002B, 0x023F, 0x0001, 0x035E, 0x0001, 0x039D, 0x0001,
    0x041E, 0x0001, 0x03FE, 0x0002, 0x043E, 0x0001, 0x025C, 0x0001, 0x01FD, 0x0001, 0x0159, 0x0001,
    0x18C5, 0x0009, 0x0096, 0x0001, 0x043F, 0x0001, 0x04FD, 0x0001, 0x051E, 0x0001, 0x04FE, 0x0001,
    0x051E, 0x0001, 0x045E, 0x0001, 0x043E, 0x0002, 0x037F, 0x0001, 0x18C5, 0x002C, 0x015A, 0x0001,
    0x02FF, 0x0001, 0x031E, 0x0001, 0x03BE, 0x0001, 0x043E, 0x0001, 0x041D, 0x0001, 0x03DE, 0x0001,
    0x027B, 0x0001, 0x0016, 0x0001, 0x18C5, 0x000B, 0x01DD, 0x0001, 0x04DE, 0x0001, 0x04FD, 0x0001,
    0x051E, 0x0001, 0x045E, 0x0001, 0x03BE, 0x0001, 0x04DE, 0x0001, 0x04BE, 0x0001, 0x039F, 0x0001,
    0x01DE, 0x0001, 0x18C5, 0x002C, 0x033F, 0x0001, 0x025D, 0x0001, 0x02FE, 0x0001, 0x037E, 0x0002,
    0x02DD, 0x0001, 0x0118, 0x0001, 0x00B9, 0x0001, 0x18C5, 0x000B, 0x00B4, 0x0001, 0x02FD, 0x0001,
    0x04BE, 0x0001, 0x043D, 0x0001, 0x03FE, 0x0001, 0x047E, 0x0001, 0x04FE, 0x0001, 0x051E, 0x0001,
    0x04DE, 0x0001, 0x02DF, 0x0001, 0x18C5, 0x002B, 0x00FA, 0x0001, 0x039F, 0x0001, 0x03BD, 0x0001,
    0x021C, 0x0001, 0x02FE, 0x0001, 0x02BD, 0x0001, 0x00F7, 0x0001, 0x00FB, 0x0001, 0x0055, 0x0001,
    0x18C5, 0x000C, 0x0054, 0x0001, 0x02FD, 0x0001, 0x047F, 0x0001, 0x039D, 0x0001, 0x041E, 0x0001,
    0x053E, 0x0001, 0x051E, 0x0001, 0x04FE, 0x0001, 0x039F, 0x0001, 0x18C5, 0x002B, 0x0012, 0x0001,
    0x02FD, 0x0001, 0x049F, 0x0001, 0x035D, 0x0001, 0x015C, 0x0001, 0x00F7, 0x0001, 0x029D, 0x0001,
    0x011B, 0x0001, 0x18C5, 0x000E, 0x0013, 0x0001, 0x023D, 0x0001, 0x02DE, 0x0001, 0x041E, 0x0001,
    0x051E, 0x0002, 0x04BE, 0x0001, 0x045E, 0x0001, 0x029E, 0x0001, 0x18C5, 0x002B, 0x027D, 0x0001,
    0x049F, 0x0001, 0x035D, 0x0001, 0x019C, 0x0001, 0x033E, 0x0001, 0x031E, 0x0001, 0x0012, 0x0001,
    0x18C5, 0x000F, 0x0013, 0x0001, 0x013C, 0x0001, 0x031E, 0x0001, 0x04DE, 0x0001, 0x051E, 0x0001,
    0x053E, 0x0001, 0x04BD, 0x0001, 0x037F, 0x0001, 0x18C5, 0x002A, 0x0012, 0x0001, 0x021D, 0x0001,
    0x03BF, 0x0001, 0x02BD, 0x0001, 0x021C, 0x0001, 0x035E, 0x0001, 0x021E, 0x0001, 0x00F9, 0x0001,
    0x18C5, 0x0010, 0x0014, 0x0001, 0x011B, 0x0001, 0x03FE, 0x0001, 0x053E, 0x0001, 0x04DE, 0x0001,
    0x043E, 0x0001, 0x035E, 0x0001, 0x03BF, 0x0001, 0x18C5, 0x002A, 0x017B, 0x0001, 0x02FF, 0x0001,
    0x02FD, 0x0001, 0x035D, 0x0001, 0x041E, 0x0001, 0x021D, 0x0001, 0x023D, 0x0001, 0x18C5, 0x0011,
    0x0013, 0x0001, 0x017C, 0x0001, 0x03FE, 0x0001, 0x043E, 0x0001, 0x041E, 0x0001, 0x035D, 0x0001,
    0x03FF, 0x0001, 0x019C, 0x0001, 0x18C5, 0x0029, 0x015C, 0x0001, 0x02FE, 0x0001, 0x035E, 0x0001,
    0x043E, 0x0001, 0x041E, 0x0001, 0x037E, 0x0001, 0x02DF, 0x0001, 0x015A, 0x0001, 0x18C5, 0x0011,
    0x01FC, 0x0001, 0x029D, 0x0001, 0x03BD, 0x0001, 0x03FE, 0x0001, 0x043E, 0x0001, 0x045E, 0x0001,
    0x03FF, 0x0001, 0x01DD, 0x0001, 0x18C5, 0x0027, 0x015B, 0x0001, 0x033F, 0x0001, 0x02FD, 0x0001,
    0x035E, 0x0001, 0x041E, 0x0001, 0x03FE, 0x0001, 0x041D, 0x0001, 0x03BE, 0x0001, 0x021E, 0x0001,
    0x18C5, 0x0011, 0x019C, 0x0001, 0x039F, 0x0001, 0x03DE, 0x0001, 0x047E, 0x0001, 0x04FE, 0x0001,
    0x043E, 0x0001, 0x04BD, 0x0001, 0x04BF, 0x0001, 0x035F, 0x0001, 0x18C5, 0x0026, 0x021F, 0x0001,
    0x035E, 0x0001, 0x02FE, 0x0001, 0x035E, 0x0001, 0x041E, 0x0001, 0x03FE, 0x0001, 0x041E, 0x0001,
    0x03DD, 0x0001, 0x031F, 0x0001, 0x0139, 0x0001, 0x18C5, 0x0010, 0x0096, 0x0001, 0x02DE, 0x0001,
    0x049E, 0x0001, 0x053E, 0x0001, 0x051E, 0x0001, 0x03FE, 0x0001, 0x043E, 0x0001, 0x055D, 0x0001,
    0x04FF, 0x0001, 0x031D, 0x0001, 0x18C5, 0x0024, 0x00F8, 0x0001, 0x033E, 0x0001, 0x02FD, 0x0001,
    0x02FE, 0x0001, 0x035E, 0x0001, 0x043E, 0x0001, 0x041E, 0x0001, 0x03FE, 0x0001, 0x02FD, 0x0001,
    0x035E, 0x0001, 0x00F8, 0x0001, 0x18C5, 0x0010, 0x0013, 0x0001, 0x02DE, 0x0001, 0x037E, 0x0001,
    0x04BE, 0x0001, 0x051E, 0x0001, 0x04DE, 0x0001, 0x03FE, 0x0001, 0x049E, 0x0001, 0x055D, 0x0001,
    0x045F, 0x0001, 0x02FD, 0x0001, 0x18C5, 0x0023, 0x10D5, 0x0001, 0x035F, 0x0001, 0x031E, 0x0001,
    0x02DD, 0x0001, 0x02FD, 0x0001, 0x03DD, 0x0001, 0x03BD, 0x0001, 0x031D, 0x0001, 0x02DD, 0x0001,
    0x035D, 0x0001, 0x017B, 0x0001, 0x18C5, 0x0010, 0x0013, 0x0001, 0x037E, 0x0001, 0x033E, 0x0001,
    0x047E, 0x0001, 0x051E, 0x0002, 0x041E, 0x0001, 0x045E, 0x0001, 0x051E, 0x0001, 0x045D, 0x0001,
    0x039F, 0x0001, 0x015F, 0x0001, 0x18C5, 0x0022, 0x7803, 0x0001, 0x6111, 0x0001, 0x0AFC, 0x0001,
    0x033F, 0x0001, 0x01FE, 0x0001, 0x037F, 0x0001, 0x033F, 0x0001, 0x035F, 0x0002, 0x031F, 0x0001,
    0x2176, 0x0001, 0x18C5, 0x0010, 0x0013, 0x0001, 0x03BE, 0x0002, 0x03FE, 0x0001, 0x045E, 0x0001,
    0x051D, 0x0001, 0x04DE, 0x0001, 0x03DD, 0x0001, 0x045D, 0x0001, 0x049F, 0x0001, 0x03BE, 0x0001,
    0x90AB, 0x0001, 0x18C5, 0x0022, 0xA040, 0x0001, 0xF8E0, 0x0001, 0xA8C6, 0x0001, 0x78EB, 0x0001,
    0x60A9, 0x0001, 0x88EA, 0x0001, 0x890A, 0x0001, 0x80EA, 0x0001, 0x890A, 0x0001, 0x80CB, 0x0001,
    0x9001, 0x0001, 0x18C5, 0x0010, 0x0013, 0x0001, 0x033F, 0x0001, 0x045E, 0x0001, 0x041E, 0x0001,
    0x03FE, 0x0001, 0x051E, 0x0001, 0x04DE, 0x0001, 0x03FE, 0x0001, 0x043F, 0x0001, 0x8A6D, 0x0001,
    0xC287, 0x0001, 0xF960, 0x0001, 0x18C5, 0x0022, 0xA060, 0x0001, 0xF1C0, 0x0001, 0xF940, 0x0001,
    0xE8C0, 0x0001, 0xA020, 0x0001, 0xF940, 0x0001, 0xE000, 0x0001, 0xF8E0, 0x0001, 0xF0C0, 0x0001,
    0xB000, 0x0001, 0x18C5, 0x0012, 0x09B9, 0x0001, 0x0BFD, 0x0001, 0x0BDC, 0x0002, 0x141B, 0x0001,
    0x0CBD, 0x0001, 0x6AF1, 0x0001, 0xD9C4, 0x0001, 0xF260, 0x0001, 0xFB00, 0x0001, 0xF1C0, 0x0001,
    0x18C5, 0x0022, 0x9800, 0x0001, 0xD880, 0x0001, 0xF1C0, 0x0001, 0xE180, 0x0001, 0xA060, 0x0001,
    0xF1C0, 0x0001, 0xD8A0, 0x0001, 0xD900, 0x0001, 0xA020, 0x0001, 0x18C5, 0x0013, 0x8000, 0x0001,
    0xD860, 0x0001, 0xF9E0, 0x0001, 0xE9C0, 0x0002, 0xF180, 0x0001, 0xF220, 0x0001, 0xFB00, 0x0001,
    0xEB00, 0x0001, 0xF360, 0x0001, 0xE160, 0x0001, 0x18C5, 0x0022, 0x9000, 0x0001, 0xC800, 0x0001,
    0xD860, 0x0001, 0xD8C0, 0x0001, 0xB820, 0x0001, 0xD840, 0x0001, 0xD080, 0x0001, 0x8020, 0x0001,
    0x18C5, 0x0015, 0x9020, 0x0001, 0xF1A0, 0x0001, 0xFB40, 0x0001, 0xF380, 0x0001, 0xF300, 0x0001,
    0xF220, 0x0001, 0xEAE0, 0x0001, 0xEB20, 0x0001, 0xF220, 0x0001, 0xF0C0, 0x0001, 0x18C5, 0x0023,
    0xB800, 0x0001, 0xE8A0, 0x0001, 0xB800, 0x0001, 0xE100, 0x0001, 0xD080, 0x0001, 0x7800, 0x0001,
    0x18C5, 0x0017, 0x9000, 0x0001, 0xC8E0, 0x0001, 0xD900, 0x0001, 0xF200, 0x0001, 0xF1A0, 0x0002,
    0xF220, 0x0001, 0xFA00, 0x0001, 0xD860, 0x0001, 0x18C5, 0x0023, 0xC800, 0x0001, 0xC040, 0x0001,
    0xE100, 0x0001, 0xD060, 0x0001, 0x8060, 0x0001, 0x18C5, 0x0019, 0xA000, 0x0001, 0xF1E0, 0x0001,
    0xF300, 0x0001, 0xEA20, 0x0002, 0xF2E0, 0x0001, 0xF140, 0x0001, 0x18C5, 0x0023, 0x9000, 0x0001,
    0xD000, 0x0001, 0xB800, 0x0001, 0xC800, 0x0001, 0x7800, 0x0001, 0x18C5, 0x001B, 0xB060, 0x0001,
    0xFA80, 0x0001, 0xF2C0, 0x0001, 0xE9E0, 0x0001, 0xFA20, 0x0001, 0xD000, 0x0001, 0x18C5, 0x0023,
    0xA000, 0x0001, 0xB000, 0x0001, 0xC800, 0x0001, 0x9800, 0x0001, 0x18C5, 0x001D, 0xB800, 0x0001,
    0xE960, 0x0001, 0xF1A0, 0x0001, 0xF9C0, 0x0001, 0xC000, 0x0001, 0x18C5, 0x0022, 0x8800, 0x0001,
    0xC800, 0x0001, 0xB000, 0x0001, 0xB800, 0x0001, 0x18C5, 0x001F, 0xC980, 0x0001, 0xFB40, 0x0001,
    0xF1E0, 0x0001, 0xA800, 0x0001, 0x18C5, 0x0022, 0xA800, 0x0001, 0xC800, 0x0001, 0xB800, 0x0001,
    0xA000, 0x0001, 0x18C5, 0x001F, 0xC060, 0x0001, 0xFA40, 0x0001, 0xF1A0, 0x0001, 0xC800, 0x0001,
    0x18C5, 0x0021, 0x8800, 0x0001, 0xC000, 0x0001, 0xB800, 0x0001, 0xC000, 0x0001, 0x9800, 0x0001,
    0x18C5, 0x0020, 0xE120, 0x0001, 0xF9C0, 0x0001, 0xF180, 0x0001, 0x18C5, 0x0020, 0x8800, 0x0001,
    0xE060, 0x0001, 0xD800, 0x0001, 0xB000, 0x0002, 0xA000, 0x0001, 0x18C5, 0x0020, 0xDA60, 0x0001,
    0xFA60, 0x0001, 0xFA80, 0x0001, 0xD040, 0x0001, 0x18C5, 0x001E, 0x9860, 0x0001, 0xE920, 0x0001,
    0xF160, 0x0001, 0xC860, 0x0001, 0xD080, 0x0001, 0xC860, 0x0001, 0xD840, 0x0001, 0x7800, 0x0001,
    0x18C5, 0x001F, 0xC8A0, 0x0001, 0xF160, 0x0001, 0xFA60, 0x0001, 0xF1A0, 0x0001, 0x18C5, 0x001C,
    0x7800, 0x0001, 0xB000, 0x0001, 0xD020, 0x0001, 0xE900, 0x0001, 0xE960, 0x0001, 0xA060, 0x0001,
    0xC900, 0x0001, 0xB0C0, 0x0001, 0xF980, 0x0001, 0xC800, 0x0001, 0x7800, 0x0001, 0x18C5, 0x001E,
    0xE180, 0x0001, 0xF280, 0x0001, 0xE9C0, 0x0001, 0xFAA0, 0x0001, 0x18C5, 0x001B, 0x8820, 0x0001,
    0xD040, 0x0001, 0xF160, 0x0001, 0xF180, 0x0001, 0xD8C0, 0x0001, 0xD060, 0x0001, 0x9840, 0x0001,
    0xB0C0, 0x0001, 0xA880, 0x0001, 0xE8A0, 0x0001, 0xD840, 0x0001, 0xB000, 0x0001, 0x18C5, 0x001D,
    0xC1A0, 0x0001, 0xE120, 0x0001, 0xE220, 0x0001, 0xF280, 0x0001, 0xF3E0, 0x0001, 0xE920, 0x0001,
    0x18C5, 0x0018, 0xA000, 0x0001, 0xB8A0, 0x0001, 0xE920, 0x0001, 0xF1A0, 0x0001, 0xE980, 0x0001,
    0xF1A0, 0x0001, 0xF1C0, 0x0001, 0xE920, 0x0001, 0xB800, 0x0001, 0x9000, 0x0001, 0xD040, 0x0001,
    0xE960, 0x0001, 0xF980, 0x0001, 0xD060, 0x0001, 0x7000, 0x0001, 0x18C5, 0x001C, 0xC060, 0x0001,
    0xD080, 0x0001, 0xEB00, 0x0001, 0xF420, 0x0001, 0xEBA0, 0x0001, 0xFB00, 0x0001, 0x18C5, 0x0014,
    0x8800, 0x0001, 0xD060, 0x0001, 0xE920, 0x0001, 0xF100, 0x0001, 0xF120, 0x0001, 0xF9C0, 0x0001,
    0xF1A0, 0x0001, 0xF180, 0x0001, 0xF160, 0x0001, 0xE880, 0x0001, 0xE8A0, 0x0001, 0xC800, 0x0001,
    0xB800, 0x0001, 0xC000, 0x0001, 0xD860, 0x0001, 0xF160, 0x0001, 0xF9C0, 0x0001, 0xE940, 0x0001,
    0x6800, 0x0001, 0x18C5, 0x001C, 0x7800, 0x0001, 0xE120, 0x0001, 0xE940, 0x0001, 0xEA00, 0x0001,
    0xF260, 0x0001, 0xF3E0, 0x0001, 0xFA00, 0x0001, 0x18C5, 0x0013, 0x8000, 0x0001, 0x9020, 0x0001,
    0xB060, 0x0001, 0xC060, 0x0001, 0xB860, 0x0001, 0xB020, 0x0001, 0xB840, 0x0001, 0xA040, 0x0001,
    0x8020, 0x0001, 0x2000, 0x0003, 0x7800, 0x0001, 0x9000, 0x0001, 0xB000, 0x0001, 0xB820, 0x0001,
    0xC040, 0x0001, 0x9020, 0x0001, 0x18C5, 0x001E, 0xB020, 0x0001, 0xEA00, 0x0001, 0xF380, 0x0001,
    0xF320, 0x0001, 0xEB80, 0x0001, 0xFC20, 0x0001, 0xE920, 0x0001, 0x18C5, 0x0042, 0x7000, 0x0001,
    0xEAE0, 0x0001, 0xF440, 0x0001, 0xEC20, 0x0001, 0xF320, 0x0001, 0xF3E0, 0x0001, 0xFB60, 0x0001,
    0xD860, 0x0001, 0x18C5, 0x0041, 0x7800, 0x0001, 0xF240, 0x0001, 0xFC00, 0x0001, 0xEC00, 0x0001,
    0xEB40, 0x0001, 0xEBA0, 0x0001, 0xF460, 0x0001, 0xF9E0, 0x0001, 0x18C5, 0x0042, 0xA060, 0x0001,
    0xC180, 0x0001, 0xFC40, 0x0001, 0xF2C0, 0x0001, 0xF3C0, 0x0001, 0xFB40, 0x0001, 0xC0C0, 0x0001,
    0x18C5, 0x0044, 0xA0A0, 0x0001, 0x9040, 0x0001, 0x98A0, 0x0001, 0xB860, 0x0001, 0x18C5, 0x000B,
    0x18C5, 0x0392, 0xD8C0, 0x0001, 0xF200, 0x0001, 0xE980, 0x0001, 0xF1E0, 0x0001, 0xD8C0, 0x0001,
    0x18C5, 0x0042, 0xC060, 0x0001, 0xE980, 0x0001, 0xEC00, 0x0001, 0xF3A0, 0x0001, 0xF340, 0x0001,
    0xF3E0, 0x0001, 0xEB60, 0x0001, 0xFA40, 0x0001, 0xE080, 0x0001, 0x18C5, 0x003F, 0xC8A0, 0x0001,
    0xFB20, 0x0001, 0xF480, 0x0001, 0xEB60, 0x0001, 0xF380, 0x0001, 0xF420, 0x0001, 0xEC20, 0x0001,
    0xFB60, 0x0001, 0xF480, 0x0001, 0xFB40, 0x0001, 0xE0C0, 0x0001, 0x18C5, 0x003E, 0x8840, 0x0001,
    0x8160, 0x0001, 0xFB60, 0x0001, 0xEB20, 0x0001, 0xF3E0, 0x0001, 0xEC20, 0x0001, 0xF200, 0x0001,
    0x4860, 0x0001, 0xDA00, 0x0001, 0xFCC0, 0x0001, 0xF1C0, 0x0001, 0x18C5, 0x003E, 0x6800, 0x0001,
    0x60E0, 0x0001, 0xFB60, 0x0001, 0xEB00, 0x0001, 0xEB20, 0x0001, 0xFB40, 0x0001, 0xD940, 0x0001,
    0x18A2, 0x0001, 0x2882, 0x0001, 0xD140, 0x0001, 0xFAA0, 0x0001, 0x18C5, 0x003E, 0x60C3, 0x0001,
    0x6165, 0x0001, 0xDAE0, 0x0001, 0xF360, 0x0001, 0xF420, 0x0001, 0xCA60, 0x0001, 0x4946, 0x0001,
    0xC659, 0x0001, 0xB5F8, 0x0001, 0x4124, 0x0001, 0xC860, 0x0001, 0x18C5, 0x003E, 0x4A69, 0x0001,
    0x4B2D, 0x0001, 0x8020, 0x0001, 0xFB20, 0x0001, 0xFC00, 0x0001, 0x6000, 0x0001, 0x7492, 0x0001,
    0xFFFF, 0x0002, 0x6C30, 0x0001, 0x4000, 0x0001, 0x18C5, 0x003E, 0x3185, 0x0001, 0xCE79, 0x0001,
    0x41A7, 0x0001, 0xDAA0, 0x0001, 0xBAC0, 0x0001, 0x62AB, 0x0001, 0xEF5D, 0x0001, 0xEF7D, 0x0001,
    0xFFBE, 0x0001, 0x5B4D, 0x0001, 0x3800, 0x0001, 0xD020, 0x0001, 0xB000, 0x0001, 0x18C5, 0x0039,
    0xD000, 0x0001, 0xE040, 0x0001, 0xFA60, 0x0001, 0x9980, 0x0001, 0x426A, 0x0001, 0xACF4, 0x0001,
    0xEB20, 0x0001, 0xE363, 0x0001, 0x9515, 0x0001, 0xE75C, 0x0001, 0xFFDF, 0x0001, 0x73CF, 0x0001,
    0x4080, 0x0001, 0xA800, 0x0001, 0xFA80, 0x0001, 0xF200, 0x0001, 0xD860, 0x0001, 0xB800, 0x0001,
    0x18C5, 0x0031, 0xE900, 0x0001, 0xF9E0, 0x0001, 0xFAA0, 0x0001, 0xE1A0, 0x0001, 0xD820, 0x0001,
    0xE020, 0x0001, 0xE9E0, 0x0001, 0xF360, 0x0001, 0xF400, 0x0001, 0xF2C0, 0x0001, 0x4800, 0x0001,
    0xA0A0, 0x0001, 0xFB80, 0x0001, 0xFAE0, 0x0001, 0x9020, 0x0001, 0x4A4A, 0x0001, 0x5B8E, 0x0001,
    0x6900, 0x0001, 0xC1C0, 0x0001, 0xC120, 0x0001, 0xE980, 0x0001, 0xEBA0, 0x0001, 0xF300, 0x0001,
    0xF1A0, 0x0001, 0xD8A0, 0x0001, 0x18C5, 0x0001, 0xEA00, 0x0001, 0xFB00, 0x0001, 0xF1E0, 0x0001,
    0xD900, 0x0001, 0x18C5, 0x0029, 0xF860, 0x0001, 0xEA40, 0x0001, 0xFB80, 0x0001, 0xF480, 0x0001,
    0xEC40, 0x0001, 0xF480, 0x0001, 0xFB00, 0x0001, 0xE1C0, 0x0001, 0xF3C0, 0x0001, 0xEBE0, 0x0001,
    0xF300, 0x0001, 0xEAA0, 0x0001, 0xD880, 0x0001, 0xA940, 0x0001, 0xEAA0, 0x0001, 0xF1E0, 0x0001,
    0xFAE0, 0x0001, 0xA180, 0x0001, 0x78A0, 0x0001, 0xD140, 0x0001, 0xCA60, 0x0001, 0xFB60, 0x0001,
    0xC020, 0x0001, 0xEAA0, 0x0001, 0xF380, 0x0001, 0xF440, 0x0001, 0xE180, 0x0001, 0xF940, 0x0001,
    0xF300, 0x0001, 0xEA60, 0x0001, 0xF3E0, 0x0001, 0xF420, 0x0001, 0xFA40, 0x0001, 0xE180, 0x0001,
    0xE800, 0x0001, 0x18C5, 0x0025, 0xE9A0, 0x0001, 0xFBC0, 0x0001, 0xF380, 0x0001, 0xEB60, 0x0001,
    0xEBE0, 0x0001, 0xF380, 0x0001, 0xEA00, 0x0001, 0xF240, 0x0001, 0xE160, 0x0001, 0xE0C0, 0x0001,
    0xF2A0, 0x0001, 0xF3C0, 0x0001, 0xDA20, 0x0001, 0xD840, 0x0001, 0xE240, 0x0001, 0xA120, 0x0001,
    0xEA20, 0x0001, 0xE240, 0x0001, 0xFAC0, 0x0001, 0xD880, 0x0001, 0xC840, 0x0001, 0xFBE0, 0x0001,
    0xEB60, 0x0001, 0xB860, 0x0001, 0xEAC0, 0x0001, 0xF420, 0x0001, 0xD9C0, 0x0001, 0xD980, 0x0001,
    0xEAC0, 0x0001, 0xEA20, 0x0001, 0xEAC0, 0x0001, 0xEB60, 0x0001, 0xEB40, 0x0001, 0xEBE0, 0x0001,
    0xF3E0, 0x0001, 0xFAE0, 0x0001, 0xD060, 0x0001, 0x18C5, 0x0023, 0xE160, 0x0001, 0xF420, 0x0001,
    0xEC20, 0x0001, 0xEB80, 0x0001, 0xEB20, 0x0001, 0xEBA0, 0x0001, 0xEB00, 0x0001, 0xEAC0, 0x0001,
    0xF200, 0x0001, 0xF2C0, 0x0001, 0xE140, 0x0001, 0xD0C0, 0x0001, 0xD8E0, 0x0001, 0xC8A0, 0x0001,
    0xD0C0, 0x0001, 0xFA40, 0x0001, 0xC000, 0x0001, 0x90C0, 0x0001, 0xA0A0, 0x0001, 0xB840, 0x0001,
    0xD960, 0x0001, 0xD000, 0x0001, 0xF240, 0x0001, 0xD220, 0x0001, 0xC8A0, 0x0001, 0xF1C0, 0x0001,
    0xE9C0, 0x0001, 0xD0A0, 0x0001, 0xEA20, 0x0001, 0xF320, 0x0001, 0xF220, 0x0001, 0xF140, 0x0001,
    0xFA40, 0x0001, 0xFB40, 0x0001, 0xEBA0, 0x0001, 0xEC00, 0x0001, 0xF440, 0x0001, 0xFB20, 0x0001,
    0xC800, 0x0001, 0x18C5, 0x0021, 0xC840, 0x0001, 0xFCA0, 0x0001, 0xF460, 0x0001, 0xF400, 0x0001,
    0xF3E0, 0x0001, 0xF3A0, 0x0001, 0xF1C0, 0x0001, 0xF900, 0x0001, 0xF260, 0x0001, 0xE1C0, 0x0001,
    0xF120, 0x0001, 0xF340, 0x0001, 0xF480, 0x0001, 0xF380, 0x0001, 0xF3C0, 0x0001, 0xF380, 0x0001,
    0xD900, 0x0001, 0xD960, 0x0001, 0xF220, 0x0001, 0xF2C0, 0x0001, 0xF1E0, 0x0001, 0xF1C0, 0x0001,
    0xD980, 0x0001, 0xE140, 0x0001, 0xF340, 0x0001, 0xF460, 0x0001, 0xF380, 0x0001, 0xF3E0, 0x0001,
    0xF420, 0x0001, 0xF240, 0x0001, 0xD8A0, 0x0001, 0xE1A0, 0x0001, 0xC123, 0x0001, 0x81CB, 0x0001,
    0x9AA9, 0x0001, 0xFA40, 0x0001, 0xFAE0, 0x0001, 0xEC60, 0x0001, 0xF400, 0x0001, 0xE040, 0x0001,
    0x18C5, 0x0021, 0xE0E0, 0x0001, 0xEA40, 0x0001, 0xD9A0, 0x0001, 0xE920, 0x0001, 0xE160, 0x0001,
    0xB942, 0x0001, 0x5333, 0x0001, 0x6353, 0x0001, 0xD0A1, 0x0001, 0xF940, 0x0001, 0xEB60, 0x0001,
    0xEB80, 0x0001, 0xF340, 0x0001, 0xF380, 0x0001, 0xF400, 0x0001, 0xEC20, 0x0001, 0xF380, 0x0001,
    0xFC60, 0x0001, 0xC1E0, 0x0001, 0xA0C0, 0x0001, 0x98C0, 0x0001, 0xD240, 0x0001, 0xFCC0, 0x0001,
    0xF3E0, 0x0001, 0xEB80, 0x0001, 0xF420, 0x0001, 0xF340, 0x0001, 0xF2E0, 0x0001, 0xF360, 0x0001,
    0xEBA0, 0x0001, 0xEA60, 0x0001, 0xC0A0, 0x0001, 0x20F5, 0x0001, 0x047F, 0x0001, 0x03FF, 0x0001,
    0x5972, 0x0001, 0x9969, 0x0001, 0xF9A0, 0x0001, 0xFA00, 0x0001, 0xFB00, 0x0001, 0xE900, 0x0001,
    0x18C5, 0x001F, 0xE9E0, 0x0001, 0xFAE0, 0x0001, 0xE9E0, 0x0001, 0xF080, 0x0001, 0x6250, 0x0001,
    0x2318, 0x0001, 0x1A97, 0x0001, 0x01D9, 0x0001, 0x0178, 0x0001, 0x1B38, 0x0001, 0x5CD4, 0x0001,
    0xFB80, 0x0001, 0xF360, 0x0001, 0xEAC0, 0x0001, 0xF340, 0x0001, 0xF380, 0x0001, 0xEB80, 0x0001,
    0xF360, 0x0001, 0xEB20, 0x0001, 0x2900, 0x0001, 0x1000, 0x0002, 0x3120, 0x0001, 0xF300, 0x0001,
    0xF360, 0x0002, 0xF320, 0x0001, 0xF3C0, 0x0001, 0xF360, 0x0001, 0xEB80, 0x0001, 0xFC00, 0x0001,
    0xEBC1, 0x0001, 0x24DA, 0x0001, 0x0139, 0x0001, 0x0199, 0x0001, 0x045E, 0x0001, 0x04FF, 0x0001,
    0x045D, 0x0001, 0x3B57, 0x0001, 0x33D7, 0x0001, 0xE281, 0x0001, 0xFB20, 0x0001, 0xF100, 0x0001,
    0x18C5, 0x001D, 0xF9A0, 0x0001, 0xFAA0, 0x0001, 0xDAC3, 0x0001, 0x9AEB, 0x0001, 0x153D, 0x0001,
    0x051E, 0x0001, 0x053F, 0x0001, 0x055F, 0x0001, 0x0177, 0x0001, 0x0117, 0x0001, 0x01D9, 0x0001,
    0x03BF, 0x0001, 0x54B5, 0x0001, 0xF300, 0x0001, 0xEBA0, 0x0001, 0xEBE0, 0x0001, 0xF3A0, 0x0001,
    0xF2E0, 0x0001, 0xF300, 0x0001, 0xEBC0, 0x0001, 0xB180, 0x0001, 0x3000, 0x0001, 0x4000, 0x0001,
    0xB1A0, 0x0001, 0xEBE0, 0x0001, 0xF3A0, 0x0001, 0xF2E0, 0x0001, 0xEB80, 0x0001, 0xF420, 0x0001,
    0xEB80, 0x0001, 0xFB20, 0x0001, 0xE3C3, 0x0001, 0x1CBB, 0x0001, 0x031E, 0x0001, 0x02BD, 0x0001,
    0x00D6, 0x0001, 0x03BC, 0x0001, 0x053D, 0x0001, 0x053E, 0x0001, 0x055F, 0x0001, 0x047F, 0x0001,
    0x0CBE, 0x0001, 0x4BF4, 0x0001, 0xDA84, 0x0001, 0xCA45, 0x0001, 0x18C5, 0x001B, 0xF880, 0x0001,
    0xCA84, 0x0001, 0x898B, 0x0001, 0x041D, 0x0001, 0x055F, 0x0001, 0x051E, 0x0001, 0x04FD, 0x0001,
    0x053D, 0x0001, 0x047E, 0x0001, 0x0138, 0x0001, 0x025B, 0x0001, 0x041E, 0x0001, 0x025C, 0x0001,
    0x02FD, 0x0001, 0x5393, 0x0001, 0xFC01, 0x0001, 0xF460, 0x0001, 0xEC60, 0x0001, 0xEBA0, 0x0001,
    0xF3E0, 0x0001, 0xEC20, 0x0001, 0x2080, 0x0001, 0x1840, 0x0001, 0x1040, 0x0001, 0x30A0, 0x0001,
    0xF420, 0x0001, 0xF460, 0x0001, 0xF380, 0x0001, 0xF420, 0x0001, 0xF4A0, 0x0001, 0xFC00, 0x0001,
    0xDB85, 0x0001, 0x2378, 0x0001, 0x02BD, 0x0001, 0x02BC, 0x0001, 0x041F, 0x0001, 0x0118, 0x0001,
    0x0259, 0x0001, 0x053F, 0x0001, 0x04FD, 0x0002, 0x051D, 0x0001, 0x047E, 0x0001, 0x04DE, 0x0001,
    0x057F, 0x0001, 0x04DF, 0x0001, 0x025D, 0x0001, 0x18C5, 0x0019, 0x1B1B, 0x0001, 0x7331, 0x0001,
    0x1B99, 0x0001, 0x053F, 0x0001, 0x051D, 0x0001, 0x04FD, 0x0001, 0x04FE, 0x0001, 0x051D, 0x0001,
    0x04DE, 0x0001, 0x0137, 0x0001, 0x01BA, 0x0001, 0x035F, 0x0001, 0x03DD, 0x0001, 0x043E, 0x0001,
    0x01FA, 0x0001, 0x015A, 0x0001, 0x492E, 0x0001, 0xD9A1, 0x0001, 0xF280, 0x0001, 0xF220, 0x0001,
    0xEA20, 0x0001, 0xFB60, 0x0001, 0xDAA0, 0x0001, 0xC260, 0x0001, 0xBA40, 0x0001, 0xE2C0, 0x0001,
    0xFB40, 0x0001, 0xEA60, 0x0001, 0xF240, 0x0001, 0xD960, 0x0001, 0xD980, 0x0001, 0xB143, 0x0001,
    0x2173, 0x0001, 0x015A, 0x0001, 0x02BC, 0x0001, 0x045E, 0x0001, 0x039D, 0x0001, 0x023D, 0x0001,
    0x0015, 0x0001, 0x027A, 0x0001, 0x059E, 0x0001, 0x04FD, 0x0001, 0x051D, 0x0001, 0x051E, 0x0001,
    0x047D, 0x0001, 0x045D, 0x0001, 0x051D, 0x0001, 0x04DF, 0x0001, 0x027E, 0x0001, 0x18C5, 0x0017,
    0x02FE, 0x0001, 0x04FF, 0x0001, 0x053F, 0x0001, 0x049E, 0x0001, 0x04FD, 0x0001, 0x04FE, 0x0002,
    0x053D, 0x0001, 0x04BF, 0x0001, 0x0116, 0x0001, 0x0015, 0x0001, 0x027E, 0x0001, 0x031D, 0x0001,
    0x03BE, 0x0001, 0x043D, 0x0001, 0x041F, 0x0001, 0x02DC, 0x0001, 0x037C, 0x0001, 0xD941, 0x0001,
    0xF340, 0x0001, 0xEAC0, 0x0001, 0xF2E0, 0x0001, 0xEB80, 0x0001, 0xF3E0, 0x0001, 0xFB60, 0x0001,
    0xFB80, 0x0001, 0xF3C0, 0x0001, 0xEBA0, 0x0001, 0xF2C0, 0x0001, 0xF2E0, 0x0001, 0xE300, 0x0001,
    0xF240, 0x0001, 0x89A9, 0x0001, 0x037D, 0x0001, 0x031C, 0x0001, 0x043E, 0x0001, 0x041D, 0x0001,
    0x03DE, 0x0001, 0x013A, 0x0001, 0x18C5, 0x0002, 0x027B, 0x0001, 0x051F, 0x0001, 0x053E, 0x0002,
    0x04FD, 0x0001, 0x049D, 0x0001, 0x045E, 0x0001, 0x051D, 0x0001, 0x04BF, 0x0001, 0x031D, 0x0001,
    0x01DC, 0x0001, 0x015B, 0x0001, 0x18C5, 0x0013, 0x01FC, 0x0001, 0x04BF, 0x0001, 0x055E, 0x0001,
    0x041D, 0x0001, 0x04FD, 0x0001, 0x051D, 0x0002, 0x053E, 0x0001, 0x049F, 0x0001, 0x0158, 0x0001,
    0x18C5, 0x0002, 0x0139, 0x0001, 0x033F, 0x0001, 0x031D, 0x0001, 0x03BE, 0x0001, 0x033D, 0x0001,
    0x04DE, 0x0001, 0x057E, 0x0001, 0xC285, 0x0001, 0xF460, 0x0001, 0xEBA0, 0x0001, 0xF3C0, 0x0001,
    0xF440, 0x0001, 0xEC60, 0x0001, 0xEBA0, 0x0002, 0xEC60, 0x0001, 0xF440, 0x0001, 0xF3C0, 0x0001,
    0xEBC0, 0x0001, 0xFC60, 0x0001, 0xE322, 0x0001, 0x151E, 0x0001, 0x057E, 0x0001, 0x043E, 0x0001,
    0x031D, 0x0001, 0x03BD, 0x0001, 0x033F, 0x0001, 0x00D7, 0x0001, 0x18C5, 0x0003, 0x011B, 0x0001,
    0x033D, 0x0001, 0x04BF, 0x0001, 0x057E, 0x0001, 0x05BF, 0x0001, 0x045E, 0x0001, 0x035E, 0x0001,
    0x047C, 0x0001, 0x055F, 0x0002, 0x051F, 0x0001, 0x049F, 0x0001, 0x03BF, 0x0001, 0x18C5, 0x0010,
    0x037F, 0x0001, 0x04DE, 0x0001, 0x04BD, 0x0001, 0x045E, 0x0001, 0x03FE, 0x0001, 0x04BE, 0x0001,
    0x053E, 0x0001, 0x04BF, 0x0001, 0x031F, 0x0001, 0x00F8, 0x0001, 0x18C5, 0x0004, 0x0159, 0x0001,
    0x035F, 0x0001, 0x02DD, 0x0001, 0x035E, 0x0001, 0x047D, 0x0001, 0x051F, 0x0001, 0x14DB, 0x0001,
    0xFA60, 0x0001, 0xEC20, 0x0001, 0xF2A0, 0x0001, 0xF2E0, 0x0001, 0xF320, 0x0001, 0xF2C0, 0x0002,
    0xF320, 0x0001, 0xF2C0, 0x0002, 0xF400, 0x0001, 0xF320, 0x0001, 0x8AEC, 0x0001, 0x055F, 0x0001,
    0x04DD, 0x0001, 0x043D, 0x0001, 0x031D, 0x0001, 0x031F, 0x0001, 0x0118, 0x0001, 0x18C5, 0x0005,
    0x0013, 0x0001, 0x015C, 0x0001, 0x02FD, 0x0001, 0x037A, 0x0001, 0x025C, 0x0001, 0x03FD, 0x0001,
    0x057F, 0x0001, 0x1C3A, 0x0001, 0x5393, 0x0001, 0x4BB4, 0x0001, 0x4BD4, 0x0001, 0x5396, 0x0001,
    0x790D, 0x0001, 0x18C5, 0x000D, 0x03FF, 0x0001, 0x055F, 0x0001, 0x059F, 0x0001, 0x04BD, 0x0001,
    0x041E, 0x0001, 0x02BD, 0x0001, 0x021C, 0x0001, 0x02DE, 0x0001, 0x01FB, 0x0001, 0x0138, 0x0001,
    0x18C5, 0x0007, 0x0118, 0x0001, 0x035F, 0x0001, 0x033E, 0x0001, 0x03BD, 0x0001, 0x047E, 0x0001,
    0x0C7D, 0x0001, 0x9AAB, 0x0001, 0xF1E0, 0x0001, 0xEA20, 0x0001, 0xF160, 0x0001, 0xF220, 0x0001,
    0xF1A0, 0x0001, 0xF1C0, 0x0001, 0xF200, 0x0001, 0xF160, 0x0001, 0xF220, 0x0001, 0xF200, 0x0001,
    0xF960, 0x0001, 0x049E, 0x0002, 0x043D, 0x0001, 0x03BE, 0x0001, 0x033F, 0x0001, 0x00F8, 0x0001,
    0x18C5, 0x0009, 0x0015, 0x0001, 0x025C, 0x0001, 0x041E, 0x0001, 0x8B2E, 0x0001, 0xC2E5, 0x0001,
    0xFA60, 0x0001, 0xFAA0, 0x0001, 0xFA00, 0x0001, 0xF9E0, 0x0001, 0xF9A0, 0x0001, 0x18C5, 0x000C,
    0xA086, 0x0001, 0xB208, 0x0001, 0xC226, 0x0001, 0x6AF0, 0x0001, 0x051F, 0x0001, 0x045E, 0x0001,
    0x033D, 0x0001, 0x02BE, 0x0001, 0x00DB, 0x0001, 0x18C5, 0x000A, 0x00D7, 0x0001, 0x023E, 0x0001,
    0x03BF, 0x0001, 0x043D, 0x0001, 0x033F, 0x0001, 0x31F5, 0x0001, 0xF9C0, 0x0001, 0xEB20, 0x0001,
    0xF1C0, 0x0001, 0xF360, 0x0001, 0xF240, 0x0001, 0xF280, 0x0001, 0xF340, 0x0001, 0xF1E0, 0x0001,
    0xEB40, 0x0001, 0xF9C0, 0x0001, 0x6170, 0x0001, 0x0B1D, 0x0001, 0x043E, 0x0001, 0x03BF, 0x0001,
    0x023D, 0x0001, 0x00B7, 0x0001, 0x18C5, 0x000A, 0x019D, 0x0001, 0x03FF, 0x0001, 0xB227, 0x0001,
    0xF9C0, 0x0001, 0xF440, 0x0001, 0xEC40, 0x0001, 0xEC60, 0x0001, 0xEB60, 0x0001, 0xEA80, 0x0001,
    0xF3C0, 0x0001, 0xD060, 0x0001, 0x18C5, 0x000A, 0xD980, 0x0001, 0xE8E0, 0x0001, 0xF2A0, 0x0001,
    0xFBC0, 0x0001, 0xEB80, 0x0001, 0xEA42, 0x0001, 0x4275, 0x0001, 0x045F, 0x0001, 0x041F, 0x0001,
    0x18C5, 0x000D, 0x00FA, 0x0001, 0x027C, 0x0001, 0x027F, 0x0001, 0x4AF4, 0x0001, 0xFA00, 0x0001,
    0xEAE0, 0x0001, 0xF1A0, 0x0001, 0xF2C0, 0x0001, 0xF200, 0x0001, 0xF220, 0x0001, 0xF2A0, 0x0001,
    0xF1A0, 0x0001, 0xEAE0, 0x0001, 0xF9E0, 0x0001, 0x2B38, 0x0001, 0x027F, 0x0001, 0x027C, 0x0001,
    0x00D9, 0x0001, 0x18C5, 0x000D, 0xB842, 0x0001, 0xFA60, 0x0001, 0xEA00, 0x0001, 0xEC00, 0x0001,
    0xF340, 0x0001, 0xF300, 0x0001, 0xF320, 0x0001, 0xF240, 0x0001, 0xF260, 0x0001, 0xE080, 0x0001,
    0x18C5, 0x000A, 0xF240, 0x0001, 0xF360, 0x0001, 0xEBC0, 0x0001, 0xEC40, 0x0001, 0xF3E0, 0x0001,
    0xF360, 0x0001, 0xFA00, 0x0001, 0x4354, 0x0001, 0x043F, 0x0001, 0x18C5, 0x000E, 0x0012, 0x0001,
    0x027D, 0x0001, 0x4335, 0x0001, 0xF920, 0x0001, 0xEA00, 0x0001, 0xF180, 0x0001, 0xF1E0, 0x0001,
    0xF1A0, 0x0002, 0xF1E0, 0x0001, 0xF180, 0x0001, 0xEA00, 0x0001, 0xF960, 0x0001, 0x3397, 0x0001,
    0x021C, 0x0001, 0x18C5, 0x000F, 0xD800, 0x0001, 0xFA00, 0x0001, 0xF1E0, 0x0001, 0xE9E0, 0x0001,
    0xF3E0, 0x0001, 0xF460, 0x0001, 0xF3A0, 0x0002, 0xF300, 0x0001, 0xC820, 0x0001, 0x18C5, 0x0009,
    0xD080, 0x0001, 0xF300, 0x0001, 0xEB80, 0x0001, 0xF2A0, 0x0001, 0xF3E0, 0x0001, 0xF360, 0x0001,
    0xEC00, 0x0001, 0xF360, 0x0001, 0xFA20, 0x0001, 0x49D6, 0x0001, 0x015E, 0x0001, 0x18C5, 0x000E,
    0x00B8, 0x0001, 0x3AB6, 0x0001, 0xF100, 0x0001, 0xEBA0, 0x0001, 0xE9A0, 0x0001, 0xF340, 0x0001,
    0xF240, 0x0001, 0xF260, 0x0001, 0xF320, 0x0001, 0xF1C0, 0x0001, 0xEB80, 0x0001, 0xFA00, 0x0001,
    0x3378, 0x0001, 0x0037, 0x0001, 0x18C5, 0x0011, 0xF9E0, 0x0001, 0xF240, 0x0001, 0xF3A0, 0x0001,
    0xF2E0, 0x0001, 0xF320, 0x0001, 0xEB20, 0x0001, 0xF2E0, 0x0001, 0xC040, 0x0001, 0x18C5, 0x0009,
    0xC0C0, 0x0001, 0xF3A0, 0x0001, 0xEBA0, 0x0001, 0xF340, 0x0001, 0xF2C0, 0x0001, 0xEA40, 0x0001,
    0xEB80, 0x0001, 0xF320, 0x0001, 0xF1A0, 0x0001, 0x8801, 0x0001, 0x18C5, 0x000F, 0x60AB, 0x0001,
    0x3AB6, 0x0001, 0xF920, 0x0001, 0xEAC0, 0x0001, 0xF1C0, 0x0001, 0xF300, 0x0001, 0xF220, 0x0001,
    0xF240, 0x0001, 0xF2E0, 0x0001, 0xF1C0, 0x0001, 0xEAA0, 0x0001, 0xF960, 0x0001, 0x32D8, 0x0001,
    0x6869, 0x0001, 0x18C5, 0x0012, 0xE940, 0x0001, 0xE100, 0x0001, 0xEAE0, 0x0001, 0xF360, 0x0001,
    0xF380, 0x0001, 0xE980, 0x0001, 0x18C5, 0x000A, 0xC0E0, 0x0001, 0xF400, 0x0001, 0xEC00, 0x0001,
    0xF400, 0x0001, 0xEB60, 0x0001, 0xF2E0, 0x0001, 0xF1E0, 0x0001, 0xF2C0, 0x0001, 0x8820, 0x0001,
    0x18C5, 0x0010, 0xC000, 0x0001, 0xD0A2, 0x0001, 0xF240, 0x0001, 0xEA00, 0x0001, 0xF180, 0x0001,
    0xF1E0, 0x0001, 0xF1A0, 0x0002, 0xF1C0, 0x0001, 0xF180, 0x0001, 0xEA20, 0x0001, 0xF220, 0x0001,
    0xD082, 0x0001, 0xC000, 0x0001, 0x18C5, 0x0013, 0xD000, 0x0001, 0xF340, 0x0001, 0xF420, 0x0001,
    0xF320, 0x0001, 0xD120, 0x0001, 0x18C5, 0x000A, 0xC0C0, 0x0001, 0xF380, 0x0001, 0xEB60, 0x0001,
    0xEAC0, 0x0001, 0xFBA0, 0x0001, 0xF1C0, 0x0001, 0xB840, 0x0001, 0x7800, 0x0001, 0x18C5, 0x0011,
    0x80C8, 0x0001, 0xF8C0, 0x0001, 0xEAA0, 0x0001, 0xF200, 0x0001, 0xF2A0, 0x0001, 0xF340, 0x0001,
    0xF220, 0x0001, 0xF240, 0x0001, 0xF340, 0x0001, 0xF280, 0x0001, 0xF220, 0x0001, 0xEA80, 0x0001,
    0xF8C0, 0x0001, 0x7909, 0x0001, 0x18C5, 0x0013, 0xA000, 0x0001, 0xD160, 0x0001, 0xE2E0, 0x0001,
    0xFA60, 0x0001, 0x18C5, 0x000B, 0xD100, 0x0001, 0xF480, 0x0001, 0xEBC0, 0x0001, 0xF9C0, 0x0001,
    0xB900, 0x0001, 0x18C5, 0x0013, 0x0012, 0x0001, 0x033F, 0x0001, 0x894A, 0x0001, 0xF940, 0x0001,
    0xE9E0, 0x0001, 0xEAA0, 0x0001, 0xEB20, 0x0001, 0xF220, 0x0001, 0xF240, 0x0001, 0xEB20, 0x0001,
    0xEA80, 0x0001, 0xE9E0, 0x0001, 0xF920, 0x0001, 0x79AB, 0x0001, 0x03DF, 0x0001, 0x0012, 0x0001,
    0x18C5, 0x000D, 0xC800, 0x0001, 0xD080, 0x0001, 0xE8E0, 0x0001, 0xE100, 0x0001, 0xE200, 0x0001,
    0xDA40, 0x0001, 0xD220, 0x0001, 0xC160, 0x0001, 0xC8E0, 0x0001, 0x18C5, 0x000B, 0xD8E0, 0x0001,
    0xF440, 0x0001, 0xFBA0, 0x0001, 0xA8C0, 0x0001, 0x18C5, 0x0014, 0x023D, 0x0001, 0x023C, 0x0001,
    0x045F, 0x0001, 0x892A, 0x0001, 0xF8C0, 0x0001, 0xF2E0, 0x0001, 0xF320, 0x0001, 0xEA40, 0x0001,
    0xEA60, 0x0001, 0xF320, 0x0001, 0xF2C0, 0x0001, 0xF8A0, 0x0001, 0x798C, 0x0001, 0x047F, 0x0001,
    0x031D, 0x0001, 0x013C, 0x0001, 0x18C5, 0x000C, 0xC0C0, 0x0001, 0xFAA0, 0x0001, 0xF9C0, 0x0001,
    0xD0A0, 0x0001, 0xF9C0, 0x0001, 0xF2E0, 0x0001, 0xF3C0, 0x0001, 0xD9E0, 0x0001, 0xD280, 0x0001,
    0x9000, 0x0001, 0x18C5, 0x000A, 0xB000, 0x0001, 0xF200, 0x0001, 0xFCA0, 0x0001, 0xB180, 0x0001,
    0x18C5, 0x0012, 0x039E, 0x0001, 0x03BE, 0x0001, 0x03FD, 0x0001, 0x053F, 0x0001, 0x045D, 0x0001,
    0x03BE, 0x0001, 0x041D, 0x0001, 0x13BC, 0x0001, 0xA926, 0x0001, 0xE202, 0x0001, 0xF9C0, 0x0001,
    0xF9E0, 0x0001, 0xE1E2, 0x0001, 0x9948, 0x0001, 0x13DC, 0x0001, 0x03FD, 0x0001, 0x037E, 0x0001,
    0x03BD, 0x0001, 0x03FF, 0x0001, 0x03BD, 0x0001, 0x021D, 0x0001, 0x18C5, 0x000A, 0xF180, 0x0001,
    0xFAA0, 0x0001, 0x9840, 0x0001, 0x8000, 0x0001, 0xF140, 0x0001, 0xF180, 0x0001, 0xC060, 0x0001,
    0xE940, 0x0001, 0xC220, 0x0001, 0xA840, 0x0001, 0x18C5, 0x000A, 0xB040, 0x0001, 0xF380, 0x0001,
    0xFB40, 0x0001, 0xB060, 0x0001, 0x18C5, 0x0010, 0x039E, 0x0001, 0x049F, 0x0001, 0x051E, 0x0001,
    0x053E, 0x0002, 0x051D, 0x0001, 0x053E, 0x0001, 0x045D, 0x0001, 0x03DE, 0x0001, 0x043E, 0x0001,
    0x043F, 0x0001, 0x1B39, 0x0001, 0xA989, 0x0001, 0xA169, 0x0001, 0x0B7B, 0x0001, 0x043F, 0x0001,
    0x045E, 0x0001, 0x037E, 0x0001, 0x03DD, 0x0001, 0x043E, 0x0001, 0x049D, 0x0001, 0x055E, 0x0001,
    0x04BE, 0x0001, 0x03DF, 0x0001, 0x027C, 0x0001, 0x18C5, 0x0007, 0xB060, 0x0001, 0xEA00, 0x0001,
    0xA820, 0x0001, 0x18C5, 0x0002, 0x9040, 0x0001, 0xF9A0, 0x0001, 0xC080, 0x0001, 0xB160, 0x0001,
    0xB940, 0x0001, 0xF200, 0x0001, 0xB000, 0x0001, 0x18C5, 0x0009, 0xC020, 0x0001, 0xF400, 0x0001,
    0xF320, 0x0001, 0xE9E0, 0x0001, 0xA800, 0x0001, 0x18C5, 0x000D, 0x03FF, 0x0001, 0x04BF, 0x0001,
    0x051E, 0x0001, 0x053D, 0x0001, 0x04FE, 0x0001, 0x04FD, 0x0001, 0x04FE, 0x0001, 0x051E, 0x0001,
    0x049E, 0x0001, 0x03BE, 0x0001, 0x035E, 0x0001, 0x03FE, 0x0001, 0x041D, 0x0001, 0x041E, 0x0001,
    0x045F, 0x0002, 0x041E, 0x0001, 0x041D, 0x0001, 0x03FD, 0x0001, 0x031E, 0x0001, 0x035E, 0x0001,
    0x043E, 0x0001, 0x051E, 0x0001, 0x04FE, 0x0001, 0x051D, 0x0001, 0x053D, 0x0001, 0x051E, 0x0001,
    0x043F, 0x0001, 0x033F, 0x0001, 0x18C5, 0x000B, 0xA060, 0x0001, 0x8800, 0x0001, 0xA880, 0x0001,
    0xF260, 0x0001, 0xC960, 0x0001, 0xF0C0, 0x0001, 0x18C5, 0x0008, 0xA800, 0x0001, 0xEA00, 0x0001,
    0xF420, 0x0001, 0xEC20, 0x0001, 0xF440, 0x0001, 0xF2E0, 0x0001, 0xA800, 0x0001, 0x18C5, 0x000B,
    0x049F, 0x0001, 0x053F, 0x0001, 0x053D, 0x0001, 0x051D, 0x0001, 0x04FE, 0x0001, 0x051E, 0x0001,
    0x04FE, 0x0001, 0x051E, 0x0001, 0x047E, 0x0001, 0x03DE, 0x0001, 0x041E, 0x0001, 0x03FE, 0x0001,
    0x035E, 0x0001, 0x03FE, 0x0001, 0x041D, 0x0001, 0x03FD, 0x0002, 0x041D, 0x0001, 0x03FE, 0x0001,
    0x031E, 0x0001, 0x037E, 0x0001, 0x033E, 0x0001, 0x041E, 0x0001, 0x051E, 0x0002, 0x04FE, 0x0002,
    0x04FD, 0x0001, 0x053D, 0x0001, 0x045F, 0x0001, 0x031D, 0x0001, 0x18C5, 0x000A, 0xB060, 0x0001,
    0xD9E0, 0x0001, 0xF2A0, 0x0001, 0xC080, 0x0001, 0xEA40, 0x0001, 0xD160, 0x0001, 0x18C5, 0x0008,
    0xC800, 0x0001, 0xFBA0, 0x0001, 0xF420, 0x0001, 0xEBE0, 0x0002, 0xF480, 0x0001, 0xF2C0, 0x0001,
    0xA800, 0x0001, 0x18C5, 0x0009, 0x049F, 0x0001, 0x055E, 0x0001, 0x051D, 0x0001, 0x04FE, 0x0001,
    0x051E, 0x0002, 0x04FE, 0x0001, 0x051E, 0x0001, 0x049E, 0x0001, 0x03DE, 0x0001, 0x045E, 0x0001,
    0x04BE, 0x0001, 0x041E, 0x0001, 0x035E, 0x0001, 0x039D, 0x0001, 0x041D, 0x0001, 0x03FE, 0x0002,
    0x043D, 0x0001, 0x035D, 0x0001, 0x023C, 0x0001, 0x045E, 0x0001, 0x049E, 0x0001, 0x035E, 0x0001,
    0x045E, 0x0001, 0x051E, 0x0003, 0x04FE, 0x0001, 0x051E, 0x0001, 0x051D, 0x0001, 0x051F, 0x0001,
    0x031E, 0x0001, 0x18C5, 0x0009, 0xA040, 0x0001, 0xB0E0, 0x0001, 0xC0C0, 0x0001, 0xF200, 0x0001,
    0xC9A0, 0x0001, 0xD8C0, 0x0001, 0xB860, 0x0001, 0x18C5, 0x0007, 0xF120, 0x0001, 0xF3E0, 0x0001,
    0xEC00, 0x0001, 0xF420, 0x0001, 0xFB00, 0x0001, 0xFBE0, 0x0001, 0xFC20, 0x0001, 0xD0A0, 0x0001,
    0x18C5, 0x0008, 0x04BF, 0x0001, 0x053E, 0x0001, 0x04FD, 0x0001, 0x04FE, 0x0001, 0x051E, 0x0004,
    0x04FE, 0x0001, 0x043E, 0x0001, 0x041E, 0x0001, 0x051E, 0x0001, 0x04DE, 0x0001, 0x03FE, 0x0001,
    0x043D, 0x0001, 0x01FC, 0x0001, 0x041F, 0x0001, 0x043D, 0x0001, 0x045D, 0x0001, 0x041F, 0x0001,
    0x025D, 0x0001, 0x02FD, 0x0001, 0x041E, 0x0001, 0x04DE, 0x0001, 0x045E, 0x0001, 0x03DE, 0x0001,
    0x045E, 0x0001, 0x051E, 0x0005, 0x051D, 0x0001, 0x047F, 0x0001, 0x033F, 0x0001, 0x18C5, 0x0008,
    0xB060, 0x0001, 0xE1E0, 0x0001, 0xE240, 0x0001, 0xB1A0, 0x0001, 0x9000, 0x0001, 0xF100, 0x0001,
    0x8840, 0x0001, 0x18C5, 0x0006, 0xC840, 0x0001, 0xF320, 0x0001, 0xEC20, 0x0001, 0xF420, 0x0001,
    0xE2C0, 0x0001, 0xB8C0, 0x0001, 0xC120, 0x0001, 0xCAC0, 0x0001, 0xFBC0, 0x0001, 0xB840, 0x0001,
    0x18C5, 0x0005, 0x02BD, 0x0001, 0x04BF, 0x0001, 0x053D, 0x0001, 0x04FE, 0x0001, 0x051E, 0x0004,
    0x04FE, 0x0001, 0x053E, 0x0001, 0x049E, 0x0001, 0x041E, 0x0001, 0x051E, 0x0002, 0x045E, 0x0001,
    0x03FD, 0x0001, 0x03DE, 0x0001, 0x019A, 0x0001, 0x01B2, 0x0001, 0x031F, 0x0001, 0x02FF, 0x0001,
    0x0192, 0x0001, 0x01FB, 0x0001, 0x047E, 0x0001, 0x03DE, 0x0001, 0x04FE, 0x0001, 0x051E, 0x0001,
    0x045E, 0x0001, 0x03DE, 0x0001, 0x045E, 0x0001, 0x051E, 0x0005, 0x04DD, 0x0001, 0x045F, 0x0001,
    0x039F, 0x0001, 0x18C5, 0x0009, 0x6000, 0x0001, 0x8000, 0x0001, 0xD900, 0x0001, 0x9060, 0x0001,
    0x18C5, 0x0007, 0xF0E0, 0x0001, 0xE140, 0x0001, 0xF3C0, 0x0001, 0xEAC0, 0x0001, 0x8840, 0x0001,
    0x18C5, 0x0003, 0xCA60, 0x0001, 0xFB60, 0x0001, 0xB060, 0x0001, 0x18C5, 0x0003, 0x02DD, 0x0001,
    0x04BF, 0x0001, 0x053E, 0x0001, 0x04FE, 0x0001, 0x051E, 0x0002, 0x04DE, 0x0001, 0x049E, 0x0001,
    0x051E, 0x0002, 0x04DE, 0x0001, 0x045E, 0x0001, 0x051E, 0x0002, 0x045E, 0x0001, 0x03DE, 0x0001,
    0x045E, 0x0001, 0x027D, 0x0001, 0x023A, 0x0001, 0x0000, 0x0001, 0x0028, 0x0002, 0x0000, 0x0001,
    0x00F7, 0x0001, 0x03DF, 0x0001, 0x041D, 0x0001, 0x043E, 0x0001, 0x04FE, 0x0001, 0x051E, 0x0001,
    0x045E, 0x0001, 0x03DE, 0x0001, 0x045E, 0x0001, 0x051E, 0x0004, 0x04BE, 0x0001, 0x047D, 0x0001,
    0x055F, 0x0001, 0x033D, 0x0001, 0x18C5, 0x0009, 0x9820, 0x0001, 0xA060, 0x0001, 0x18C5, 0x0007,
    0xC880, 0x0001, 0xD880, 0x0001, 0xEAA0, 0x0001, 0xEAE0, 0x0001, 0x9040, 0x0001, 0x18C5, 0x0005,
    0xD160, 0x0001, 0xD060, 0x0001, 0x18C5, 0x0002, 0x027E, 0x0001, 0x041F, 0x0001, 0x053E, 0x0001,
    0x04FD, 0x0001, 0x053E, 0x0001, 0x04FE, 0x0001, 0x045E, 0x0002, 0x04FE, 0x0001, 0x051E, 0x0001,
    0x04FE, 0x0003, 0x051E, 0x0001, 0x04FE, 0x0001, 0x03FE, 0x0001, 0x045E, 0x0001, 0x02DC, 0x0001,
    0x02BE, 0x0001, 0x037E, 0x0001, 0x0011, 0x0001, 0x18C5, 0x0002, 0x0041, 0x0001, 0x01F9, 0x0001,
    0x027C, 0x0001, 0x045E, 0x0001, 0x03FE, 0x0001, 0x04FE, 0x0001, 0x053E, 0x0001, 0x047E, 0x0001,
    0x04BE, 0x0001, 0x04DE, 0x0001, 0x045E, 0x0001, 0x051E, 0x0002, 0x04FE, 0x0001, 0x051E, 0x0001,
    0x047E, 0x0001, 0x04DE, 0x0001, 0x047F, 0x0001, 0x18C5, 0x0012, 0xB860, 0x0001, 0xE2E0, 0x0001,
    0xDAE0, 0x0001, 0x9020, 0x0001, 0xD8E0, 0x0001, 0xA080, 0x0001, 0x18C5, 0x0005, 0xA801, 0x0001,
    0x18C5, 0x0001, 0x01BD, 0x0001, 0x031F, 0x0001, 0x04BE, 0x0001, 0x053D, 0x0001, 0x04FE, 0x0001,
    0x04BE, 0x0001, 0x047E, 0x0001, 0x04DE, 0x0001, 0x051E, 0x0002, 0x04DE, 0x0001, 0x045E, 0x0001,
    0x04FE, 0x0001, 0x051E, 0x0001, 0x04FE, 0x0001, 0x043E, 0x0001, 0x041E, 0x0001, 0x03FD, 0x0001,
    0x039E, 0x0001, 0x035E, 0x0001, 0x0074, 0x0001, 0x18C5, 0x0004, 0x0003, 0x0001, 0x017A, 0x0001,
    0x045E, 0x0001, 0x03FD, 0x0001, 0x04BE, 0x0001, 0x051E, 0x0001, 0x047E, 0x0001, 0x04BE, 0x0001,
    0x053E, 0x0001, 0x04DE, 0x0001, 0x045E, 0x0001, 0x051E, 0x0002, 0x053E, 0x0001, 0x049E, 0x0001,
    0x049D, 0x0001, 0x055F, 0x0001, 0x033D, 0x0001, 0x18C5, 0x0011, 0xD140, 0x0001, 0xE320, 0x0001,
    0xA900, 0x0001, 0xA840, 0x0001, 0x9060, 0x0001, 0xD080, 0x0001, 0x18C5, 0x0006, 0x029D, 0x0001,
    0x045F, 0x0001, 0x04DD, 0x0001, 0x04BE, 0x0001, 0x049E, 0x0001, 0x047E, 0x0001, 0x045E, 0x0001,
    0x04FE, 0x0001, 0x051E, 0x0001, 0x04FE, 0x0001, 0x053E, 0x0001, 0x043E, 0x0001, 0x04BE, 0x0001,
    0x053E, 0x0001, 0x04FE, 0x0001, 0x041E, 0x0001, 0x03FE, 0x0001, 0x03FD, 0x0001, 0x03BE, 0x0001,
    0x033E, 0x0001, 0x0095, 0x0001, 0x18C5, 0x0006, 0x00FA, 0x0001, 0x03BF, 0x0001, 0x041D, 0x0001,
    0x041E, 0x0001, 0x055E, 0x0001, 0x045E, 0x0001, 0x04BE, 0x0001, 0x051E, 0x0002, 0x04DE, 0x0001,
    0x045E, 0x0001, 0x051E, 0x0001, 0x053E, 0x0001, 0x049E, 0x0001, 0x049D, 0x0001, 0x053E, 0x0001,
    0x049F, 0x0001, 0x18C5, 0x0010, 0xB880, 0x0001, 0xDA00, 0x0001, 0x7820, 0x0001, 0xE1A0, 0x0001,
    0xC860, 0x0001, 0x18C5, 0x0007, 0x02DC, 0x0001, 0x043F, 0x0001, 0x057E, 0x0001, 0x045E, 0x0001,
    0x041E, 0x0001, 0x049E, 0x0001, 0x04DE, 0x0001, 0x053E, 0x0001, 0x051E, 0x0001, 0x04FE, 0x0001,
    0x051E, 0x0001, 0x04BE, 0x0001, 0x047E, 0x0001, 0x051E, 0x0001, 0x04FE, 0x0001, 0x041D, 0x0001,
    0x041E, 0x0001, 0x043E, 0x0001, 0x041E, 0x0001, 0x029E, 0x0001, 0x00B5, 0x0001, 0x18C5, 0x0008,
    0x021E, 0x0001, 0x045F, 0x0001, 0x03FD, 0x0001, 0x049E, 0x0001, 0x051E, 0x0001, 0x045E, 0x0001,
    0x04FE, 0x0001, 0x051E, 0x0002, 0x04DE, 0x0001, 0x045E, 0x0001, 0x053E, 0x0001, 0x049E, 0x0002,
    0x053D, 0x0001, 0x053F, 0x0001, 0x037D, 0x0001, 0x18C5, 0x000F, 0x8800, 0x0001, 0x8860, 0x0001,
    0x18C5, 0x0001, 0x8800, 0x0001, 0x8000, 0x0001, 0x18C5, 0x0007, 0x01BC, 0x0001, 0x045F, 0x0001,
    0x04BD, 0x0001, 0x047E, 0x0001, 0x04FE, 0x0001, 0x051E, 0x0002, 0x04FE, 0x0001, 0x051E, 0x0001,
    0x04FE, 0x0001, 0x051E, 0x0001, 0x047E, 0x0001, 0x04BE, 0x0001, 0x04FD, 0x0001, 0x041D, 0x0001,
    0x045E, 0x0001, 0x03FE, 0x0001, 0x031E, 0x0001, 0x00B7, 0x0001, 0x0034, 0x0001, 0x18C5, 0x0009,
    0x0033, 0x0001, 0x025D, 0x0001, 0x045F, 0x0001, 0x03FD, 0x0001, 0x04BE, 0x0001, 0x043E, 0x0001,
    0x04FE, 0x0001, 0x051E, 0x0001, 0x04FE, 0x0001, 0x051E, 0x0001, 0x04DE, 0x0001, 0x051E, 0x0001,
    0x049E, 0x0002, 0x051E, 0x0001, 0x053E, 0x0001, 0x04BF, 0x0001, 0x18C5, 0x001B, 0x019B, 0x0001,
    0x03FF, 0x0001, 0x03DD, 0x0001, 0x04BE, 0x0001, 0x051E, 0x0001, 0x04FE, 0x0001, 0x051E, 0x0004,
    0x04BE, 0x0001, 0x041D, 0x0001, 0x051D, 0x0001, 0x047E, 0x0001, 0x03DE, 0x0001, 0x02FE, 0x0001,
    0x00F7, 0x0001, 0x0013, 0x0001, 0x18C5, 0x000C, 0x0013, 0x0001, 0x025D, 0x0001, 0x047F, 0x0001,
    0x035D, 0x0001, 0x03BE, 0x0001, 0x04DE, 0x0001, 0x04FE, 0x0001, 0x051E, 0x0002, 0x04FE, 0x0001,
    0x047E, 0x0001, 0x045E, 0x0001, 0x049E, 0x0001, 0x051E, 0x0001, 0x051D, 0x0001, 0x051F, 0x0001,
    0x03BE, 0x0001, 0x18C5, 0x001A, 0x019C, 0x0001, 0x035F, 0x0001, 0x041D, 0x0001, 0x053E, 0x0001,
    0x04FE, 0x0001, 0x051E, 0x0005, 0x03BD, 0x0001, 0x041E, 0x0001, 0x047F, 0x0001, 0x025C, 0x0001,
    0x0138, 0x0001, 0x0013, 0x0001, 0x18C5, 0x000F, 0x0013, 0x0001, 0x025D, 0x0001, 0x03BE, 0x0001,
    0x035D, 0x0001, 0x041E, 0x0001, 0x051E, 0x0005, 0x041E, 0x0001, 0x04BE, 0x0001, 0x051E, 0x0002,
    0x04BD, 0x0001, 0x03DF, 0x0001, 0x18C5, 0x001A, 0x015B, 0x0001, 0x02FF, 0x0001, 0x049D, 0x0001,
    0x051E, 0x0001, 0x04FE, 0x0001, 0x051E, 0x0003, 0x051D, 0x0001, 0x045D, 0x0001, 0x037E, 0x0001,
    0x031B, 0x0001, 0x00F8, 0x0001, 0x18C5, 0x0013, 0x0014, 0x0001, 0x017C, 0x0001, 0x02DE, 0x0001,
    0x041E, 0x0001, 0x049E, 0x0001, 0x051E, 0x0001, 0x04FE, 0x0002, 0x053E, 0x0001, 0x04BE, 0x0001,
    0x03FE, 0x0001, 0x04FE, 0x0001, 0x051E, 0x0001, 0x04DE, 0x0001, 0x03BF, 0x0001, 0x18C5, 0x0019,
    0x00FB, 0x0001, 0x039F, 0x0001, 0x04DE, 0x0001, 0x043E, 0x0001, 0x051E, 0x0004, 0x051D, 0x0001,
    0x049E, 0x0001, 0x033F, 0x0001, 0x025D, 0x0001, 0x0053, 0x0001, 0x18C5, 0x0016, 0x0075, 0x0001,
    0x02DE, 0x0001, 0x043E, 0x0001, 0x047E, 0x0001, 0x051E, 0x0002, 0x04FE, 0x0001, 0x03FE, 0x0001,
    0x049E, 0x0001, 0x045E, 0x0001, 0x04BE, 0x0001, 0x045E, 0x0001, 0x02FF, 0x0001, 0x18C5, 0x0019,
    0x035E, 0x0001, 0x051F, 0x0001, 0x051D, 0x0001, 0x03FE, 0x0001, 0x047E, 0x0001, 0x04DE, 0x0001,
    0x04BE, 0x0001, 0x04DD, 0x0001, 0x04BE, 0x0001, 0x02BE, 0x0001, 0x017C, 0x0001, 0x0013, 0x0001,
    0x18C5, 0x0018, 0x0055, 0x0001, 0x03DE, 0x0001, 0x03FD, 0x0001, 0x047E, 0x0001, 0x04FE, 0x0001,
    0x047E, 0x0001, 0x045E, 0x0001, 0x053E, 0x0001, 0x045E, 0x0001, 0x03FE, 0x0001, 0x03BE, 0x0001,
    0x021E, 0x0001, 0x18C5, 0x0018, 0x027E, 0x0001, 0x04DF, 0x0001, 0x053D, 0x0001, 0x04FE, 0x0001,
    0x03DE, 0x0001, 0x03BE, 0x0001, 0x041E, 0x0001, 0x03FD, 0x0001, 0x043E, 0x0001, 0x02DE, 0x0001,
    0x0055, 0x0001, 0x18C5, 0x001B, 0x017C, 0x0001, 0x045E, 0x0001, 0x041D, 0x0001, 0x039E, 0x0001,
    0x03FE, 0x0001, 0x047E, 0x0001, 0x051E, 0x0002, 0x04BE, 0x0001, 0x033F, 0x0001, 0x18C5, 0x0019,
    0x02FF, 0x0001, 0x055D, 0x0001, 0x051E, 0x0001, 0x04DE, 0x0001, 0x035E, 0x0001, 0x037E, 0x0001,
    0x033D, 0x0001, 0x039E, 0x0001, 0x02FE, 0x0001, 0x0055, 0x0001, 0x18C5, 0x001D, 0x021C, 0x0001,
    0x03BE, 0x0001, 0x02FD, 0x0001, 0x037E, 0x0001, 0x047E, 0x0001, 0x051E, 0x0001, 0x04FE, 0x0001,
    0x053E, 0x0001, 0x035F, 0x0001, 0x18C5, 0x0019, 0x029E, 0x0001, 0x04FE, 0x0001, 0x051E, 0x0001,
    0x049E, 0x0001, 0x035E, 0x0001, 0x041D, 0x0001, 0x03FE, 0x0001, 0x029E, 0x0001, 0x0034, 0x0001,
    0x18C5, 0x001F, 0x011B, 0x0001, 0x02FE, 0x0001, 0x033E, 0x0001, 0x047E, 0x0001, 0x051E, 0x0002,
    0x04FE, 0x0001, 0x02BF, 0x0001, 0x18C5, 0x0019, 0x02DE, 0x0001, 0x043E, 0x0001, 0x041E, 0x0001,
    0x033E, 0x0001, 0x041D, 0x0001, 0x041E, 0x0001, 0x02DD, 0x0001, 0x0034, 0x0001, 0x18C5, 0x0021,
    0x011B, 0x0001, 0x02DE, 0x0001, 0x041E, 0x0001, 0x051E, 0x0001, 0x053E, 0x0001, 0x047E, 0x0001,
    0x039E, 0x0001, 0x031F, 0x0001, 0x18C5, 0x0017, 0x01BD, 0x0001, 0x039E, 0x0001, 0x043E, 0x0001,
    0x039E, 0x0001, 0x037E, 0x0001, 0x045D, 0x0001, 0x035E, 0x0001, 0x0015, 0x0001, 0x18C5, 0x0023,
    0x019C, 0x0001, 0x035D, 0x0001, 0x047E, 0x0001, 0x049E, 0x0001, 0x03DE, 0x0001, 0x045D, 0x0001,
    0x043F, 0x0001, 0x031E, 0x0001, 0x18C5, 0x0015, 0x017B, 0x0001, 0x029E, 0x0001, 0x037E, 0x0001,
    0x043E, 0x0001, 0x03BE, 0x0001, 0x043E, 0x0001, 0x037D, 0x0001, 0x023D, 0x0001, 0x017B, 0x0001,
    0x0013, 0x0001, 0x18C5, 0x0022, 0x01DB, 0x0001, 0x033D, 0x0001, 0x03BE, 0x0001, 0x03FE, 0x0001,
    0x047E, 0x0001, 0x045E, 0x0001, 0x053D, 0x0001, 0x039F, 0x0001, 0x18C5, 0x0014, 0x015B, 0x0001,
    0x02FF, 0x0001, 0x03DE, 0x0001, 0x035E, 0x0001, 0x043E, 0x0001, 0x041E, 0x0001, 0x03DE, 0x0001,
    0x02FD, 0x0002, 0x031F, 0x0001, 0x017A, 0x0001, 0x18C5, 0x0021, 0x0014, 0x0001, 0x031E, 0x0001,
    0x041E, 0x0001, 0x045E, 0x0001, 0x051E, 0x0001, 0x04DE, 0x0001, 0x045E, 0x0001, 0x051E, 0x0001,
    0x04FE, 0x0001, 0x033D, 0x0001, 0x18C5, 0x0013, 0x02FD, 0x0001, 0x043F, 0x0001, 0x03DD, 0x0001,
    0x037E, 0x0001, 0x041E, 0x0001, 0x03FE, 0x0001, 0x037E, 0x0001, 0x041E, 0x0002, 0x039E, 0x0001,
    0x02DE, 0x0001, 0x0013, 0x0001, 0x18C5, 0x0020, 0x0034, 0x0001, 0x033E, 0x0001, 0x037E, 0x0001,
    0x041E, 0x0001, 0x04DE, 0x0001, 0x053E, 0x0001, 0x049E, 0x0002, 0x055E, 0x0001, 0x045F, 0x0001,
    0x02DD, 0x0001, 0x18C5, 0x0012, 0x03BF, 0x0001, 0x045E, 0x0001, 0x03FD, 0x0001, 0x041E, 0x0001,
    0x041D, 0x0001, 0x03DE, 0x0001, 0x041E, 0x0003, 0x043E, 0x0001, 0x02DE, 0x0001, 0x0013, 0x0001,
    0x18C5, 0x0020, 0x0054, 0x0001, 0x03BE, 0x0001, 0x035E, 0x0001, 0x041E, 0x0001, 0x04DE, 0x0001,
    0x053E, 0x0001, 0x049E, 0x0001, 0x041E, 0x0001, 0x04FD, 0x0001, 0x045F, 0x0001, 0x033E, 0x0001,
    0x18C5, 0x0012, 0xA98A, 0x0001, 0x141C, 0x0001, 0x043F, 0x0001, 0x041E, 0x0001, 0x03DE, 0x0001,
    0x023C, 0x0001, 0x03DD, 0x0001, 0x041D, 0x0001, 0x03FD, 0x0001, 0x043D, 0x0001, 0x02FE, 0x0001,
    0x0013, 0x0001, 0x18C5, 0x0020, 0x0054, 0x0001, 0x03FE, 0x0001, 0x03DD, 0x0001, 0x041D, 0x0001,
    0x043D, 0x0001, 0x04FD, 0x0002, 0x043E, 0x0001, 0x04DE, 0x0001, 0x047E, 0x0001, 0x03BF, 0x0001,
    0x011C, 0x0001, 0x18C5, 0x0011, 0xF9C0, 0x0001, 0xD224, 0x0001, 0x12FC, 0x0001, 0x0C1C, 0x0001,
    0x0A5B, 0x0001, 0x025E, 0x0001, 0x045F, 0x0001, 0x043F, 0x0002, 0x039F, 0x0001, 0x019B, 0x0001,
    0x18C5, 0x0021, 0x0014, 0x0001, 0x037F, 0x0001, 0x047F, 0x0001, 0x043F, 0x0002, 0x051F, 0x0001,
    0x057F, 0x0001, 0x047D, 0x0001, 0x13DC, 0x0001, 0x23DA, 0x0001, 0xD944, 0x0001, 0xB003, 0x0001,
    0x18C5, 0x0011, 0xE9C0, 0x0001, 0xF9E0, 0x0001, 0xE9C0, 0x0001, 0xF1E0, 0x0001, 0xE8A0, 0x0001,
    0x5212, 0x0001, 0x3358, 0x0001, 0x3356, 0x0001, 0x2AD7, 0x0001, 0x2976, 0x0001, 0x0013, 0x0001,
    0x18C5, 0x0021, 0x0014, 0x0001, 0x1976, 0x0001, 0x3337, 0x0001, 0x3B57, 0x0001, 0x3357, 0x0001,
    0x3B76, 0x0001, 0x3418, 0x0001, 0x9A8A, 0x0001, 0xF9A0, 0x0001, 0xF220, 0x0001, 0xFA20, 0x0001,
    0xC800, 0x0001, 0x18C5, 0x0011, 0xE960, 0x0001, 0xF1A0, 0x0001, 0xF260, 0x0001, 0xF3A0, 0x0001,
    0xF260, 0x0001, 0xF940, 0x0001, 0xE820, 0x0001, 0xF8E0, 0x0001, 0xC800, 0x0001, 0x9000, 0x0001,
    0x18C5, 0x0023, 0xA800, 0x0001, 0xF920, 0x0001, 0xFA20, 0x0001, 0xF9E0, 0x0001, 0xFA00, 0x0001,
    0xF960, 0x0001, 0xFA20, 0x0001, 0xEB40, 0x0001, 0xF340, 0x0001, 0xF1A0, 0x0001, 0x9800, 0x0001,
    0x18C5, 0x0011, 0xF160, 0x0001, 0xF2C0, 0x0001, 0xEA00, 0x0001, 0xD900, 0x0001, 0xD8A0, 0x0001,
    0xD860, 0x0001, 0xC020, 0x0001, 0xA080, 0x0001, 0x18C5, 0x0026, 0xD140, 0x0001, 0xF320, 0x0001,
    0xEB40, 0x0001, 0xEB60, 0x0001, 0xEA80, 0x0001, 0xEA20, 0x0001, 0xF340, 0x0001, 0xFA00, 0x0001,
    0xF120, 0x0001, 0x18C5, 0x0012, 0xE800, 0x0001, 0xE980, 0x0001, 0xF1C0, 0x0001, 0xD840, 0x0001,
    0xE080, 0x0001, 0xA040, 0x0001, 0x18C5, 0x0029, 0xC040, 0x0001, 0xF1A0, 0x0001, 0xE9C0, 0x0001,
    0xF1A0, 0x0002, 0xF1E0, 0x0001, 0xFA60, 0x0001, 0xB040, 0x0001, 0x18C5, 0x0012, 0xF900, 0x0001,
    0xD8A0, 0x0001, 0xD020, 0x0001, 0xD860, 0x0001, 0xA000, 0x0001, 0x18C5, 0x002B, 0xE9C0, 0x0001,
    0xFB40, 0x0001, 0xEB40, 0x0001, 0xF200, 0x0001, 0xF2A0, 0x0001, 0xF2C0, 0x0001, 0xA800, 0x0001,
    0x18C5, 0x0012, 0xF0C0, 0x0001, 0xE0E0, 0x0001, 0xD820, 0x0001, 0xC8C0, 0x0001, 0x18C5, 0x002D,
    0xE9C0, 0x0001, 0xF280, 0x0001, 0xE9A0, 0x0001, 0xFA00, 0x0001, 0xE0E0, 0x0001, 0x18C5, 0x0012,
    0xF100, 0x0001, 0xF140, 0x0001, 0xD000, 0x0001, 0xE0C0, 0x0001, 0x7800, 0x0001, 0x18C5, 0x002E,
    0xF120, 0x0001, 0xF200, 0x0002, 0xD020, 0x0001, 0x18C5, 0x0012, 0xE820, 0x0001, 0xE120, 0x0001,
    0xE060, 0x0001, 0xB040, 0x0001, 0x18C5, 0x002F, 0xD0A0, 0x0001, 0xF1C0, 0x0001, 0xF2C0, 0x0001,
    0xB860, 0x0001, 0x18C5, 0x0011, 0xC080, 0x0001, 0xD860, 0x0001, 0xE0E0, 0x0001, 0xD000, 0x0001,
    0x8800, 0x0001, 0x18C5, 0x0030, 0xF160, 0x0001, 0xF200, 0x0001, 0xB000, 0x0001, 0x18C5, 0x0010,
    0xD0A0, 0x0001, 0xF220, 0x0001, 0xE1A0, 0x0001, 0xE180, 0x0001, 0xD880, 0x0001, 0xC000, 0x0001,
    0x9800, 0x0001, 0x18C5, 0x002F, 0xE120, 0x0001, 0xF9C0, 0x0001, 0xB000, 0x0001, 0x18C5, 0x000F,
    0xB800, 0x0001, 0xFA00, 0x0001, 0xF1C0, 0x0001, 0xFBC0, 0x0001, 0xB8A0, 0x0001, 0xD900, 0x0001,
    0xC860, 0x0001, 0xD8C0, 0x0001, 0x18C5, 0x002E, 0x9800, 0x0001, 0xE9E0, 0x0001, 0xFA40, 0x0001,
    0xC000, 0x0001, 0x18C5, 0x000F, 0xF9E0, 0x0001, 0xF240, 0x0001, 0xEAE0, 0x0001, 0xF300, 0x0001,
    0xEAE0, 0x0001, 0xC060, 0x0001, 0xD060, 0x0001, 0xE900, 0x0001, 0x9800, 0x0001, 0x18C5, 0x002D,
    0xB020, 0x0001, 0xFA20, 0x0001, 0xF200, 0x0001, 0xD020, 0x0001, 0x18C5, 0x000E, 0xE920, 0x0001,
    0xF160, 0x0001, 0xEA60, 0x0001, 0xF2A0, 0x0001, 0xEA60, 0x0001, 0xF2E0, 0x0001, 0xD080, 0x0001,
    0xE0C0, 0x0001, 0xF100, 0x0001, 0xC8C0, 0x0001, 0x18C5, 0x002D, 0xA020, 0x0001, 0xE980, 0x0001,
    0xF1A0, 0x0001, 0xF260, 0x0001, 0xB000, 0x0001, 0x18C5, 0x000C, 0xF920, 0x0001, 0xF2A0, 0x0001,
    0xEA00, 0x0001, 0xF200, 0x0002, 0xFA60, 0x0001, 0xF940, 0x0001, 0xE000, 0x0001, 0xD000, 0x0001,
    0xE920, 0x0001, 0xA060, 0x0001, 0x18C5, 0x002D, 0xB8E0, 0x0001, 0xFC20, 0x0001, 0xEAA0, 0x0001,
    0xFAC0, 0x0001, 0xC800, 0x0001, 0x18C5, 0x000A, 0xD800, 0x0001, 0xE9E0, 0x0001, 0xF220, 0x0001,
    0xE960, 0x0001, 0xF2E0, 0x0001, 0xF360, 0x0001, 0xEAC0, 0x0001, 0xC960, 0x0001, 0xB0A0, 0x0001,
    0x18C5, 0x0031, 0xE0E0, 0x0001, 0xF400, 0x0001, 0xEB80, 0x0001, 0xF3E0, 0x0001, 0xE160, 0x0001,
    0x18C5, 0x0008, 0xD840, 0x0001, 0xE1A0, 0x0001, 0xFAC0, 0x0001, 0xF360, 0x0001, 0xF320, 0x0001,
    0xF2C0, 0x0002, 0xFAC0, 0x0001, 0xB840, 0x0001, 0x18C5, 0x0032, 0x9040, 0x0001, 0xE8C0, 0x0001,
    0xE160, 0x0001, 0xF1E0, 0x0001, 0xF360, 0x0001, 0xFB00, 0x0001, 0xC000, 0x0001, 0x18C5, 0x0006,
    0xC060, 0x0001, 0xFA60, 0x0001, 0xF260, 0x0001, 0xF280, 0x0001, 0xF260, 0x0001, 0xE260, 0x0001,
    0xEAC0, 0x0001, 0xC0C0, 0x0001, 0xA800, 0x0001, 0x18C5, 0x0033, 0x8820, 0x0001, 0xE1C0, 0x0001,
    0xF400, 0x0001, 0xEBC0, 0x0001, 0xEB00, 0x0001, 0xF400, 0x0001, 0xF200, 0x0001, 0x18C5, 0x0006,
    0xA800, 0x0001, 0xA000, 0x0001, 0xA800, 0x0002, 0xA000, 0x0001, 0x7000, 0x0001, 0x7800, 0x0001,
    0x18C5, 0x0035, 0x9840, 0x0001, 0xFB60, 0x0001, 0xEC20, 0x0001, 0xEBE0, 0x0001, 0xEB60, 0x0001,
    0xEBA0, 0x0001, 0xF460, 0x0001, 0xF240, 0x0001, 0x18C5, 0x0042, 0xD160, 0x0001, 0xFC40, 0x0001,
    0xF440, 0x0001, 0xF3E0, 0x0001, 0xF2A0, 0x0001, 0xF420, 0x0001, 0xFAC0, 0x0001, 0xD020, 0x0001,
    0x18C5, 0x0042, 0xA0A0, 0x0001, 0x90C0, 0x0001, 0x90A0, 0x0001, 0x9040, 0x0001, 0xA8A0, 0x0001,
    0xC020, 0x0001, 0x18C5, 0x0005, 0x18C5, 0x0025, 0xE920, 0x0001, 0xE9C0, 0x0002, 0xEA40, 0x0001,
    0xF9C0, 0x0001, 0xE8E0, 0x0001, 0x18C5, 0x0041, 0xD840, 0x0001, 0xFA60, 0x0001, 0xFCE0, 0x0001,
    0xFBE0, 0x0002, 0xFB80, 0x0001, 0xC2A0, 0x0001, 0xC9C0, 0x0001, 0xF100, 0x0001, 0x18C5, 0x003F,
    0xC000, 0x0001, 0xF280, 0x0001, 0xFB60, 0x0001, 0xB1A0, 0x0001, 0x50C0, 0x0001, 0x5080, 0x0001,
    0x5800, 0x0001, 0x0000, 0x0001, 0x7860, 0x0001, 0xFBE0, 0x0001, 0xD1A0, 0x0001, 0x18C5, 0x003E,
    0xF960, 0x0001, 0xE3E0, 0x0001, 0x5983, 0x0001, 0xCD96, 0x0001, 0xA597, 0x0001, 0xADB7, 0x0001,
    0xA596, 0x0001, 0xAD75, 0x0001, 0x49E7, 0x0001, 0xB140, 0x0001, 0xFC20, 0x0001, 0xD980, 0x0001,
    0x18C5, 0x003C, 0xD860, 0x0001, 0xFB00, 0x0001, 0xDB00, 0x0001, 0x2124, 0x0001, 0xF7FF, 0x0001,
    0xFFFF, 0x0001, 0xFFDE, 0x0001, 0xFFFF, 0x0001, 0xF79E, 0x0001, 0x21C8, 0x0001, 0xA840, 0x0001,
    0xFA40, 0x0002, 0x18C5, 0x003C, 0xF280, 0x0001, 0xF480, 0x0001, 0xE240, 0x0001, 0x0882, 0x0001,
    0xAD54, 0x0001, 0xFFFF, 0x0001, 0xFFDE, 0x0001, 0xE75C, 0x0001, 0x428A, 0x0001, 0x7840, 0x0001,
    0xFA00, 0x0001, 0xF1C0, 0x0001, 0xF9C0, 0x0001, 0xB800, 0x0001, 0x18C5, 0x003A, 0xD860, 0x0001,
    0xF2C0, 0x0001, 0xEBE0, 0x0001, 0xF420, 0x0001, 0x5000, 0x0001, 0x0021, 0x0001, 0x4ACC, 0x0001,
    0x4AEC, 0x0001, 0x31C7, 0x0001, 0x8800, 0x0001, 0xFAE0, 0x0001, 0xEAA0, 0x0001, 0xF220, 0x0001,
    0xD060, 0x0001, 0x18C5, 0x003B, 0xC060, 0x0001, 0xF320, 0x0001, 0xF380, 0x0001, 0xF3C0, 0x0001,
    0xEA40, 0x0001, 0xAA40, 0x0001, 0x98E0, 0x0001, 0x9860, 0x0001, 0xB0A0, 0x0001, 0xFA20, 0x0001,
    0xF2A0, 0x0001, 0xF240, 0x0001, 0xF1E0, 0x0001, 0x7800, 0x0001, 0x18C5, 0x003B, 0xA820, 0x0001,
    0xC860, 0x0001, 0xE1E0, 0x0002, 0xF320, 0x0001, 0xFAC0, 0x0002, 0xFB60, 0x0001, 0xFAC0, 0x0001,
    0xE100, 0x0001, 0xE200, 0x0001, 0xC900, 0x0001, 0x8800, 0x0001, 0x18C5, 0x003D, 0xC000, 0x0001,
    0xD000, 0x0001, 0xB800, 0x0001, 0xE0A0, 0x0001, 0xD120, 0x0001, 0xD200, 0x0001, 0xE220, 0x0001,
    0xE0C0, 0x0001, 0xC060, 0x0001, 0x8860, 0x0001, 0x18C5, 0x0040, 0xD800, 0x0001, 0xC800, 0x0001,
    0xD8C0, 0x0001, 0xC0E0, 0x0001, 0xC8E0, 0x0001, 0xC800, 0x0001, 0xD860, 0x0001, 0xFB60, 0x0001,
    0xD180, 0x0001, 0x18C5, 0x0037, 0xC800, 0x0001, 0xD000, 0x0001, 0xC800, 0x0001, 0xE000, 0x0001,
    0x18C5, 0x0006, 0xA800, 0x0001, 0xFA20, 0x0001, 0xFAA0, 0x0001, 0xFAC0, 0x0001, 0xD8E0, 0x0001,
    0xEA20, 0x0001, 0xF220, 0x0001, 0xD8A0, 0x0001, 0x18C5, 0x0035, 0xD000, 0x0001, 0xF1E0, 0x0001,
    0xFAA0, 0x0001, 0xFA80, 0x0002, 0xF9E0, 0x0001, 0xE1A0, 0x0001, 0xC000, 0x0001, 0x18C5, 0x0003,
    0xD000, 0x0001, 0xE100, 0x0001, 0xC0A0, 0x0001, 0xF1E0, 0x0001, 0xD8E0, 0x0001, 0xE180, 0x0001,
    0xF200, 0x0001, 0xF220, 0x0001, 0xE1A0, 0x0001, 0xB000, 0x0001, 0x18C5, 0x0003, 0xE040, 0x0001,
    0xE9A0, 0x0001, 0xF1C0, 0x0001, 0xE0E0, 0x0001, 0xD020, 0x0001, 0x18C5, 0x002A, 0xC800, 0x0001,
    0xF940, 0x0001, 0xF220, 0x0001, 0xF2E0, 0x0001, 0xF340, 0x0002, 0xF2A0, 0x0001, 0xEA40, 0x0001,
    0xF160, 0x0001, 0xE8A0, 0x0001, 0x9800, 0x0001, 0xA800, 0x0001, 0xE9C0, 0x0001, 0xE0C0, 0x0001,
    0xEA40, 0x0001, 0xB8C0, 0x0001, 0xD900, 0x0001, 0xD0A0, 0x0001, 0xF340, 0x0001, 0xE2A0, 0x0001,
    0xF260, 0x0001, 0xE280, 0x0001, 0xC8E0, 0x0001, 0xB8A0, 0x0001, 0xC840, 0x0001, 0xF2A0, 0x0001,
    0xFC20, 0x0001, 0xF3A0, 0x0001, 0xFC40, 0x0001, 0xFBC0, 0x0001, 0xF320, 0x0001, 0xE140, 0x0001,
    0xC080, 0x0001, 0x18C5, 0x0028, 0xF120, 0x0001, 0xF360, 0x0001, 0xEA40, 0x0001, 0xE960, 0x0001,
    0xEA20, 0x0001, 0xF260, 0x0002, 0xF1E0, 0x0001, 0xEA00, 0x0001, 0xF220, 0x0001, 0xE1C0, 0x0001,
    0xD1E0, 0x0001, 0xEA20, 0x0001, 0xC840, 0x0001, 0xC8E0, 0x0001, 0xC8A0, 0x0001, 0xD900, 0x0001,
    0xD960, 0x0001, 0xE9C0, 0x0001, 0xD980, 0x0001, 0xF2C0, 0x0001, 0xD0C0, 0x0001, 0xEAE0, 0x0001,
    0xFC60, 0x0001, 0xEB00, 0x0001, 0xD900, 0x0001, 0xEAC0, 0x0001, 0xF380, 0x0001, 0xEB80, 0x0001,
    0xEBA0, 0x0001, 0xEB00, 0x0001, 0xF3A0, 0x0001, 0xFAC0, 0x0001, 0xD0C0, 0x0001, 0x18C5, 0x0026,
    0xB800, 0x0001, 0xE100, 0x0001, 0xF220, 0x0001, 0xEA40, 0x0001, 0xF280, 0x0001, 0xF2A0, 0x0001,
    0xE0C0, 0x0001, 0xD8E0, 0x0001, 0xF3E0, 0x0001, 0xF3C0, 0x0001, 0xEBC0, 0x0001, 0xF460, 0x0001,
    0xFBC0, 0x0001, 0xF2E0, 0x0001, 0xE980, 0x0001, 0xD940, 0x0001, 0xF2E0, 0x0001, 0xF400, 0x0001,
    0xF440, 0x0001, 0xF380, 0x0001, 0xF440, 0x0001, 0xEC40, 0x0001, 0xF3E0, 0x0001, 0xD980, 0x0001,
    0xD960, 0x0001, 0xF4A0, 0x0001, 0xEB40, 0x0001, 0xEBA0, 0x0002, 0xEAC0, 0x0001, 0xEB20, 0x0001,
    0xF3A0, 0x0001, 0xEB60, 0x0001, 0xEBA0, 0x0001, 0xFA20, 0x0001, 0xD820, 0x0001, 0x18C5, 0x0023,
    0xB000, 0x0001, 0xD040, 0x0001, 0xD860, 0x0001, 0xF100, 0x0001, 0xFA00, 0x0001, 0xF2E0, 0x0001,
    0xE180, 0x0001, 0xD8C0, 0x0001, 0xE200, 0x0001, 0xEA60, 0x0001, 0xEB40, 0x0001, 0xF400, 0x0001,
    0xF3E0, 0x0001, 0xC340, 0x0001, 0x60C0, 0x0001, 0x8980, 0x0001, 0x79C0, 0x0001, 0xFC20, 0x0001,
    0xEBA0, 0x0001, 0xEB60, 0x0001, 0xEC00, 0x0001, 0xF3A0, 0x0001, 0xEB20, 0x0001, 0xF400, 0x0001,
    0xF3A0, 0x0001, 0xEA60, 0x0001, 0xE200, 0x0001, 0xC8E0, 0x0001, 0xE240, 0x0001, 0xFB20, 0x0001,
    0xFB40, 0x0001, 0xFBA0, 0x0001, 0xF3A0, 0x0001, 0xEBE0, 0x0001, 0xF420, 0x0001, 0xEBE0, 0x0001,
    0xF380, 0x0001, 0xF0C0, 0x0001, 0x18C5, 0x0022, 0xB040, 0x0001, 0xF160, 0x0001, 0xF900, 0x0001,
    0xE0C0, 0x0001, 0xA0A6, 0x0001, 0xB085, 0x0001, 0x90A8, 0x0001, 0x3197, 0x0001, 0xE9E1, 0x0001,
    0xF3A0, 0x0001, 0xEC00, 0x0001, 0xF300, 0x0001, 0xEB80, 0x0001, 0xFB00, 0x0001, 0x60E0, 0x0001,
    0x0000, 0x0001, 0x1800, 0x0001, 0x3880, 0x0001, 0xCB40, 0x0001, 0xFBE0, 0x0001, 0xEB20, 0x0001,
    0xF380, 0x0001, 0xF320, 0x0001, 0xF340, 0x0001, 0xF380, 0x0001, 0xF360, 0x0001, 0xEC40, 0x0002,
    0xFB60, 0x0001, 0xC161, 0x0001, 0x98C6, 0x0001, 0xC225, 0x0001, 0xC266, 0x0001, 0xDB41, 0x0001,
    0xF980, 0x0001, 0xEB40, 0x0001, 0xEC60, 0x0001, 0xF420, 0x0001, 0xE0E0, 0x0001, 0x18C5, 0x0021,
    0xB080, 0x0001, 0xF8C0, 0x0001, 0xF8A0, 0x0001, 0x88EA, 0x0001, 0x5211, 0x0001, 0x037F, 0x0001,
    0x03BF, 0x0001, 0x02FF, 0x0001, 0x027F, 0x0001, 0x3B77, 0x0001, 0xDB24, 0x0001, 0xF380, 0x0001,
    0xEC20, 0x0001, 0xFBA0, 0x0001, 0xA260, 0x0001, 0x9A20, 0x0001, 0x0000, 0x0001, 0x3820, 0x0001,
    0xDA20, 0x0001, 0xF380, 0x0001, 0xEB40, 0x0001, 0xF300, 0x0001, 0xF3C0, 0x0001, 0xF420, 0x0001,
    0xF3C0, 0x0001, 0xF320, 0x0001, 0xEC60, 0x0001, 0xFBA0, 0x0001, 0xF2C0, 0x0001, 0x9B8C, 0x0001,
    0x4376, 0x0001, 0x043F, 0x0001, 0x053F, 0x0001, 0x05DF, 0x0001, 0x32B6, 0x0001, 0x88AC, 0x0001,
    0xE880, 0x0001, 0xF960, 0x0001, 0xF280, 0x0001, 0xD060, 0x0001, 0xD920, 0x0001, 0xC920, 0x0001,
    0x18C5, 0x001F, 0xF000, 0x0001, 0x9908, 0x0001, 0x5253, 0x0001, 0x03DF, 0x0001, 0x03BF, 0x0001,
    0x03DD, 0x0001, 0x043D, 0x0001, 0x02BC, 0x0001, 0x0957, 0x0001, 0x04DF, 0x0001, 0xA268, 0x0001,
    0xFB40, 0x0001, 0xEBE0, 0x0001, 0xF3A0, 0x0001, 0xA240, 0x0001, 0x0000, 0x0001, 0x5860, 0x0001,
    0x18A0, 0x0001, 0xCB40, 0x0001, 0xF420, 0x0001, 0xEB60, 0x0001, 0xF360, 0x0001, 0xF420, 0x0001,
    0xF400, 0x0001, 0xF3C0, 0x0001, 0xEBA0, 0x0001, 0xFB20, 0x0001, 0x8AED, 0x0001, 0x53F5, 0x0001,
    0x047F, 0x0001, 0x02DE, 0x0001, 0x0137, 0x0001, 0x0157, 0x0001, 0x02DC, 0x0001, 0x03BE, 0x0001,
    0x04BF, 0x0001, 0x4A73, 0x0001, 0x5313, 0x0001, 0xA1C8, 0x0001, 0xF9C0, 0x0001, 0xF460, 0x0001,
    0xFBE0, 0x0001, 0xFAA0, 0x0001, 0xD880, 0x0001, 0x18C5, 0x001C, 0x0055, 0x0001, 0x2AD9, 0x0001,
    0x0B9C, 0x0001, 0x047F, 0x0001, 0x035D, 0x0001, 0x03DD, 0x0001, 0x041E, 0x0002, 0x02DC, 0x0001,
    0x0035, 0x0001, 0x033D, 0x0001, 0x239A, 0x0001, 0xD1E3, 0x0001, 0xF360, 0x0001, 0xEB20, 0x0001,
    0xFC20, 0x0001, 0xDB00, 0x0001, 0xE9C0, 0x0001, 0xDBA0, 0x0001, 0xFC20, 0x0001, 0xEBC0, 0x0001,
    0xEB40, 0x0001, 0xEBA0, 0x0001, 0xEBC0, 0x0002, 0xE3E1, 0x0001, 0xFA40, 0x0001, 0x824D, 0x0001,
    0x049F, 0x0001, 0x02BE, 0x0001, 0x01FB, 0x0001, 0x027D, 0x0001, 0x027C, 0x0001, 0x01B9, 0x0001,
    0x00B7, 0x0001, 0x049E, 0x0001, 0x053D, 0x0001, 0x051F, 0x0001, 0x04DF, 0x0001, 0x0C9C, 0x0001,
    0x3479, 0x0001, 0xD243, 0x0001, 0xF320, 0x0001, 0xFC60, 0x0001, 0xFA40, 0x0001, 0x18C5, 0x001B,
    0x00D6, 0x0001, 0x03DE, 0x0001, 0x043F, 0x0001, 0x043E, 0x0001, 0x033D, 0x0001, 0x03DE, 0x0001,
    0x041E, 0x0001, 0x03FD, 0x0001, 0x043E, 0x0001, 0x019A, 0x0001, 0x033D, 0x0001, 0x031D, 0x0001,
    0x021E, 0x0001, 0x08D4, 0x0001, 0x9880, 0x0001, 0xC8A0, 0x0001, 0xE160, 0x0001, 0xFA20, 0x0001,
    0xF300, 0x0001, 0xF2C0, 0x0001, 0xE9C0, 0x0001, 0xF1E0, 0x0001, 0xD8A0, 0x0001, 0xC8C0, 0x0001,
    0xB8C0, 0x0001, 0xA0E0, 0x0001, 0x8841, 0x0001, 0x08D5, 0x0001, 0x0179, 0x0001, 0x023D, 0x0001,
    0x02DC, 0x0001, 0x031E, 0x0001, 0x035E, 0x0002, 0x02FE, 0x0001, 0x021C, 0x0001, 0x049E, 0x0001,
    0x051E, 0x0001, 0x04FD, 0x0001, 0x04DD, 0x0001, 0x049E, 0x0001, 0x049F, 0x0001, 0x0CFE, 0x0001,
    0x3356, 0x0001, 0xC8E5, 0x0001, 0xF360, 0x0001, 0xF9C0, 0x0001, 0x18C5, 0x0018, 0x5809, 0x0001,
    0x013D, 0x0001, 0x039E, 0x0001, 0x03DE, 0x0001, 0x041E, 0x0001, 0x03FD, 0x0001, 0x035D, 0x0001,
    0x03FE, 0x0001, 0x03FD, 0x0001, 0x043E, 0x0001, 0x027D, 0x0001, 0x0118, 0x0001, 0x035E, 0x0001,
    0x043E, 0x0002, 0x0BFC, 0x0001, 0xF220, 0x0001, 0xF420, 0x0001, 0xF3C0, 0x0001, 0xEC20, 0x0001,
    0xEB60, 0x0001, 0xEC60, 0x0001, 0xF460, 0x0001, 0xF440, 0x0001, 0xF340, 0x0001, 0xF420, 0x0002,
    0xF360, 0x0001, 0x8B0D, 0x0001, 0x057F, 0x0001, 0x04DE, 0x0001, 0x045E, 0x0001, 0x043E, 0x0001,
    0x041E, 0x0002, 0x039D, 0x0001, 0x031E, 0x0001, 0x02BD, 0x0001, 0x025D, 0x0001, 0x049E, 0x0001,
    0x053D, 0x0001, 0x051D, 0x0002, 0x049D, 0x0001, 0x049E, 0x0001, 0x053E, 0x0001, 0x051F, 0x0001,
    0x63D1, 0x0001, 0xAA6A, 0x0001, 0x18C5, 0x0017, 0x9884, 0x0001, 0x4296, 0x0001, 0x039F, 0x0001,
    0x039D, 0x0001, 0x02BD, 0x0001, 0x01FC, 0x0001, 0x02DE, 0x0001, 0x03FE, 0x0001, 0x043D, 0x0001,
    0x045E, 0x0001, 0x029E, 0x0001, 0x000B, 0x0001, 0x02DB, 0x0001, 0x037F, 0x0001, 0x043D, 0x0001,
    0x041E, 0x0001, 0x139B, 0x0001, 0xF220, 0x0001, 0xF3A0, 0x0001, 0xF1E0, 0x0001, 0xF240, 0x0001,
    0xF220, 0x0001, 0xF260, 0x0002, 0xF240, 0x0001, 0xF340, 0x0001, 0xF400, 0x0001, 0xEC40, 0x0001,
    0xF9A0, 0x0001, 0x04FE, 0x0001, 0x051E, 0x0003, 0x041E, 0x0004, 0x031D, 0x0001, 0x035E, 0x0001,
    0x0199, 0x0001, 0x01BA, 0x0001, 0x043F, 0x0001, 0x04FE, 0x0001, 0x053E, 0x0001, 0x051D, 0x0001,
    0x047D, 0x0001, 0x04BD, 0x0001, 0x04FD, 0x0001, 0x041F, 0x0001, 0x045F, 0x0001, 0x2259, 0x0001,
    0x18C5, 0x0015, 0xB800, 0x0001, 0xB0A5, 0x0001, 0x04BF, 0x0001, 0x041D, 0x0001, 0x043E, 0x0001,
    0x03BE, 0x0001, 0x037E, 0x0001, 0x0199, 0x0001, 0x027C, 0x0001, 0x037F, 0x0001, 0x01BC, 0x0001,
    0x0058, 0x0001, 0x0000, 0x0001, 0x02DB, 0x0001, 0x02DF, 0x0001, 0x027C, 0x0001, 0x03FE, 0x0001,
    0x13FC, 0x0001, 0xF160, 0x0001, 0xF2A0, 0x0001, 0xF2C0, 0x0001, 0xF2E0, 0x0001, 0xF2A0, 0x0001,
    0xF320, 0x0003, 0xF1A0, 0x0001, 0xEB00, 0x0001, 0xFAC0, 0x0001, 0x6391, 0x0001, 0x051E, 0x0001,
    0x04FE, 0x0002, 0x051E, 0x0001, 0x043E, 0x0001, 0x03BE, 0x0001, 0x039E, 0x0001, 0x041E, 0x0001,
    0x02FD, 0x0001, 0x033E, 0x0001, 0x023C, 0x0001, 0x0056, 0x0001, 0x18C5, 0x0001, 0x0138, 0x0001,
    0x035E, 0x0001, 0x051F, 0x0002, 0x033E, 0x0001, 0x043F, 0x0001, 0x04DD, 0x0001, 0x0CDD, 0x0001,
    0x14BD, 0x0001, 0x826E, 0x0001, 0xF840, 0x0001, 0x18C5, 0x0012, 0xA000, 0x0001, 0xFA40, 0x0001,
    0xD244, 0x0001, 0x0BFD, 0x0001, 0x03FF, 0x0001, 0xA127, 0x0001, 0xC882, 0x0001, 0xB903, 0x0001,
    0xD061, 0x0001, 0x402E, 0x0001, 0x0057, 0x0001, 0x18C5, 0x0003, 0x00B6, 0x0001, 0x029F, 0x0001,
    0x01FD, 0x0001, 0x03DD, 0x0001, 0x037F, 0x0001, 0x42F5, 0x0001, 0xFA80, 0x0001, 0xEBC0, 0x0001,
    0xF3C0, 0x0001, 0xF360, 0x0001, 0xF440, 0x0001, 0xF420, 0x0001, 0xF380, 0x0001, 0xF3A0, 0x0001,
    0xEB80, 0x0001, 0xE9E2, 0x0001, 0x245A, 0x0001, 0x055F, 0x0001, 0x051D, 0x0001, 0x051E, 0x0001,
    0x04FE, 0x0001, 0x043E, 0x0001, 0x037E, 0x0001, 0x037D, 0x0001, 0x045E, 0x0001, 0x035E, 0x0001,
    0x031F, 0x0001, 0x019A, 0x0001, 0x18C5, 0x0004, 0x09BC, 0x0001, 0x1ABA, 0x0001, 0x1B7A, 0x0001,
    0x1BDA, 0x0001, 0x051E, 0x0001, 0x051D, 0x0001, 0x04DE, 0x0001, 0x03DF, 0x0001, 0xB9E9, 0x0001,
    0xC840, 0x0001, 0x18C5, 0x0012, 0xE1E0, 0x0001, 0xFA20, 0x0001, 0xAA28, 0x0001, 0x89EA, 0x0001,
    0xFA20, 0x0001, 0xF220, 0x0001, 0xF280, 0x0001, 0xFBA0, 0x0001, 0xD0C0, 0x0001, 0x18C5, 0x0005,
    0x015C, 0x0001, 0x021C, 0x0001, 0x031F, 0x0001, 0x035F, 0x0001, 0x3337, 0x0001, 0xFA80, 0x0001,
    0xEBA0, 0x0001, 0xF3A0, 0x0001, 0xF340, 0x0001, 0xF440, 0x0001, 0xF340, 0x0001, 0xF3A0, 0x0001,
    0xECA0, 0x0001, 0xFAA0, 0x0001, 0x6351, 0x0001, 0x04BF, 0x0001, 0x049D, 0x0001, 0x04BE, 0x0001,
    0x04FE, 0x0001, 0x045E, 0x0001, 0x039D, 0x0001, 0x03DE, 0x0001, 0x045E, 0x0001, 0x039F, 0x0001,
    0x023C, 0x0001, 0x00FB, 0x0001, 0x18C5, 0x0005, 0xE060, 0x0001, 0xFA00, 0x0001, 0xF1E0, 0x0001,
    0xFA00, 0x0001, 0x8A8D, 0x0001, 0x04BF, 0x0001, 0x043F, 0x0001, 0x924C, 0x0001, 0xFAA0, 0x0001,
    0xB0A0, 0x0001, 0x18C5, 0x0012, 0x8800, 0x0001, 0xFA60, 0x0001, 0xF9A0, 0x0001, 0xFA40, 0x0001,
    0xEB60, 0x0001, 0xF300, 0x0001, 0xEA20, 0x0001, 0xEA40, 0x0001, 0xE900, 0x0001, 0xA800, 0x0001,
    0x18C5, 0x0006, 0x021E, 0x0001, 0x035F, 0x0001, 0x3B36, 0x0001, 0xFA20, 0x0001, 0xEB60, 0x0001,
    0xF320, 0x0001, 0xF300, 0x0001, 0xF360, 0x0001, 0xF320, 0x0001, 0xEB40, 0x0001, 0xF340, 0x0001,
    0xCAA5, 0x0001, 0x3478, 0x0001, 0x045E, 0x0001, 0x03DD, 0x0001, 0x03FE, 0x0001, 0x02FD, 0x0001,
    0x035D, 0x0001, 0x035E, 0x0001, 0x031F, 0x0001, 0x023E, 0x0001, 0x011A, 0x0001, 0x18C5, 0x0007,
    0xFAE0, 0x0001, 0xEC00, 0x0001, 0xEBC0, 0x0001, 0xEC60, 0x0001, 0xFB40, 0x0001, 0x8AAC, 0x0001,
    0x926B, 0x0001, 0xFA60, 0x0001, 0xF380, 0x0001, 0xC880, 0x0001, 0x18C5, 0x0013, 0xA960, 0x0001,
    0xFB40, 0x0001, 0xEA00, 0x0001, 0xEAA0, 0x0001, 0xEA00, 0x0001, 0xF1A0, 0x0001, 0xE9C0, 0x0001,
    0xFAC0, 0x0001, 0xC840, 0x0001, 0x18C5, 0x0006, 0x013B, 0x0001, 0x035F, 0x0001, 0x3357, 0x0001,
    0xFA40, 0x0001, 0xEB60, 0x0001, 0xF340, 0x0001, 0xF320, 0x0001, 0xF3C0, 0x0001, 0xF320, 0x0001,
    0xEBA0, 0x0001, 0xFAE0, 0x0001, 0x8ACC, 0x0001, 0x055F, 0x0001, 0x03FD, 0x0001, 0x043E, 0x0001,
    0x02FE, 0x0001, 0x017C, 0x0001, 0x01DD, 0x0001, 0x00F7, 0x0001, 0x18C5, 0x0009, 0xF140, 0x0001,
    0xF360, 0x0001, 0xEAC0, 0x0001, 0xF360, 0x0001, 0xF440, 0x0001, 0xEB00, 0x0001, 0xF960, 0x0001,
    0xFA00, 0x0001, 0xEAA0, 0x0001, 0xD9C0, 0x0001, 0x18C5, 0x0015, 0xB140, 0x0001, 0xFAE0, 0x0001,
    0xF1C0, 0x0001, 0xF2C0, 0x0001, 0xEAC0, 0x0001, 0xEA00, 0x0001, 0xF2A0, 0x0001, 0xD060, 0x0001,
    0x18C5, 0x0007, 0x11DB, 0x0001, 0x4335, 0x0001, 0xFA20, 0x0001, 0xEBE0, 0x0001, 0xF3E0, 0x0001,
    0xF360, 0x0001, 0xF3C0, 0x0001, 0xF380, 0x0001, 0xEC20, 0x0001, 0xFB00, 0x0001, 0x9A8A, 0x0001,
    0x143C, 0x0001, 0x12DA, 0x0001, 0x01FD, 0x0001, 0x017A, 0x0001, 0x18C5, 0x000C, 0xFAE0, 0x0001,
    0xEB60, 0x0001, 0xF3C0, 0x0001, 0xF3E0, 0x0001, 0xF220, 0x0001, 0xEA20, 0x0001, 0xEB00, 0x0001,
    0xEAC0, 0x0001, 0xFA20, 0x0001, 0xC900, 0x0001, 0x18C5, 0x0016, 0xA000, 0x0001, 0xC8C0, 0x0001,
    0xF260, 0x0001, 0xFB80, 0x0001, 0xEA80, 0x0001, 0xF260, 0x0001, 0xD860, 0x0001, 0x18C5, 0x0006,
    0xB000, 0x0001, 0xE040, 0x0001, 0xF260, 0x0001, 0xF360, 0x0002, 0xF320, 0x0001, 0xF3A0, 0x0001,
    0xF340, 0x0002, 0xEB40, 0x0001, 0xF200, 0x0001, 0xE140, 0x0001, 0xD8C0, 0x0001, 0xB840, 0x0001,
    0x18C5, 0x000D, 0xE1A0, 0x0001, 0xF380, 0x0001, 0xEBC0, 0x0001, 0xEB80, 0x0001, 0xEAE0, 0x0001,
    0xF160, 0x0001, 0xF2C0, 0x0001, 0xF380, 0x0001, 0xFA00, 0x0001, 0xD880, 0x0001, 0x18C5, 0x0019,
    0xA800, 0x0001, 0xD1A0, 0x0001, 0xF240, 0x0001, 0xF1A0, 0x0001, 0xF240, 0x0001, 0xD100, 0x0001,
    0x18C5, 0x0005, 0xD800, 0x0001, 0xF9A0, 0x0001, 0xEB60, 0x0001, 0xF320, 0x0002, 0xF340, 0x0002,
    0xF300, 0x0001, 0xF360, 0x0001, 0xF3C0, 0x0001, 0xEBA0, 0x0001, 0xEB60, 0x0001, 0xF960, 0x0001,
    0xC000, 0x0001, 0x18C5, 0x000C, 0xE9A0, 0x0001, 0xF380, 0x0001, 0xEAE0, 0x0001, 0xEA80, 0x0001,
    0xF240, 0x0001, 0xF2C0, 0x0001, 0xF240, 0x0001, 0xE940, 0x0001, 0xD9A0, 0x0001, 0xD000, 0x0001,
    0x18C5, 0x001B, 0x7800, 0x0001, 0xC000, 0x0001, 0xEA20, 0x0001, 0xF240, 0x0001, 0xFA40, 0x0001,
    0xC940, 0x0001, 0xB800, 0x0001, 0xE0E0, 0x0001, 0xFA60, 0x0001, 0xF9A0, 0x0001, 0x694E, 0x0001,
    0xB102, 0x0001, 0xFBC0, 0x0001, 0xEB80, 0x0001, 0xF360, 0x0001, 0xF3E0, 0x0002, 0xEB40, 0x0001,
    0xEC40, 0x0001, 0xF3E0, 0x0001, 0xF340, 0x0001, 0xFA60, 0x0001, 0x898B, 0x0001, 0x3356, 0x0001,
    0x145F, 0x0001, 0x994C, 0x0001, 0xF980, 0x0001, 0xFA60, 0x0001, 0xFA40, 0x0001, 0xF960, 0x0001,
    0xFAC0, 0x0001, 0xFAA0, 0x0001, 0xF260, 0x0001, 0xF160, 0x0001, 0xD820, 0x0001, 0xD920, 0x0001,
    0xFBC0, 0x0001, 0xEB60, 0x0001, 0xF260, 0x0001, 0xF1C0, 0x0001, 0xE120, 0x0001, 0xD940, 0x0001,
    0xC0A0, 0x0001, 0x18C5, 0x0020, 0x8880, 0x0001, 0xF260, 0x0001, 0xFAC0, 0x0001, 0xD8A0, 0x0001,
    0xE9C0, 0x0001, 0xF320, 0x0002, 0xE060, 0x0001, 0x2216, 0x0001, 0x0B5B, 0x0001, 0xC0E0, 0x0001,
    0xFB80, 0x0001, 0xEB60, 0x0001, 0xF3A0, 0x0001, 0xEBE0, 0x0001, 0xF360, 0x0001, 0xFBE0, 0x0001,
    0xF321, 0x0001, 0xC226, 0x0001, 0x241B, 0x0001, 0x0CFD, 0x0001, 0x055F, 0x0001, 0x055E, 0x0001,
    0x047F, 0x0001, 0x718D, 0x0001, 0xB8A0, 0x0001, 0xD100, 0x0001, 0xF420, 0x0001, 0xF460, 0x0002,
    0xF440, 0x0001, 0xFBA0, 0x0002, 0xEB60, 0x0001, 0xF360, 0x0001, 0xFA20, 0x0001, 0xE1A0, 0x0001,
    0xC060, 0x0001, 0x18C5, 0x0024, 0x8880, 0x0001, 0xF220, 0x0001, 0xF200, 0x0001, 0xF340, 0x0001,
    0xEAA0, 0x0001, 0xE9E0, 0x0001, 0xE180, 0x0001, 0x3092, 0x0001, 0x043F, 0x0001, 0x2318, 0x0001,
    0xD9A2, 0x0001, 0xF360, 0x0001, 0xE421, 0x0001, 0xFB60, 0x0001, 0xE2C1, 0x0001, 0xCA46, 0x0001,
    0x23B9, 0x0001, 0x043F, 0x0001, 0x047F, 0x0001, 0x053E, 0x0001, 0x04FD, 0x0001, 0x04DD, 0x0001,
    0x055E, 0x0001, 0x027C, 0x0001, 0xA824, 0x0001, 0xF3E0, 0x0001, 0xEC20, 0x0001, 0xEBA0, 0x0001,
    0xF3E0, 0x0001, 0xEBE0, 0x0001, 0xEC20, 0x0001, 0xEBC0, 0x0001, 0xFBA0, 0x0001, 0xD960, 0x0001,
    0xD000, 0x0001, 0x18C5, 0x0027, 0x8800, 0x0001, 0xE220, 0x0001, 0xF360, 0x0001, 0xE240, 0x0001,
    0xB8E0, 0x0001, 0xEA00, 0x0001, 0x2893, 0x0001, 0x03DF, 0x0001, 0x041F, 0x0001, 0x3398, 0x0001,
    0xE9E2, 0x0001, 0xFAA0, 0x0001, 0x9AEC, 0x0001, 0x4B34, 0x0001, 0x04BF, 0x0001, 0x051E, 0x0001,
    0x04FE, 0x0001, 0x045D, 0x0001, 0x053E, 0x0001, 0x04FD, 0x0001, 0x053E, 0x0001, 0x0CBC, 0x0001,
    0xB166, 0x0001, 0xFC00, 0x0001, 0xF360, 0x0001, 0xF2C0, 0x0001, 0xF3A0, 0x0001, 0xF400, 0x0001,
    0xF3E0, 0x0001, 0xEC00, 0x0001, 0xFB00, 0x0001, 0xE100, 0x0001, 0x7000, 0x0001, 0x18C5, 0x0029,
    0xB860, 0x0001, 0xFAE0, 0x0001, 0xEAE0, 0x0001, 0xD900, 0x0001, 0xD860, 0x0001, 0x38B2, 0x0001,
    0x03BF, 0x0001, 0x033C, 0x0001, 0x045F, 0x0001, 0x3357, 0x0001, 0x6352, 0x0001, 0x04DF, 0x0001,
    0x051F, 0x0001, 0x051D, 0x0001, 0x051E, 0x0001, 0x045E, 0x0001, 0x047E, 0x0001, 0x051D, 0x0001,
    0x053E, 0x0001, 0x04DE, 0x0001, 0xA966, 0x0001, 0xFB60, 0x0001, 0xBA00, 0x0001, 0xD020, 0x0001,
    0xF2E0, 0x0001, 0xF440, 0x0001, 0xF400, 0x0001, 0xEC20, 0x0001, 0xFB20, 0x0001, 0xE1A0, 0x0001,
    0x7880, 0x0001, 0x18C5, 0x002A, 0xA800, 0x0001, 0xD840, 0x0001, 0xF280, 0x0001, 0x90C6, 0x0001,
    0x1AFA, 0x0001, 0x0AFB, 0x0001, 0x03BE, 0x0001, 0x035E, 0x0001, 0x03FD, 0x0001, 0x04BF, 0x0001,
    0x057F, 0x0001, 0x051D, 0x0001, 0x04FD, 0x0001, 0x051E, 0x0001, 0x047E, 0x0001, 0x039E, 0x0001,
    0x03DE, 0x0001, 0x053E, 0x0001, 0x04FE, 0x0001, 0x9903, 0x0001, 0xFA40, 0x0001, 0xC120, 0x0001,
    0x2152, 0x0001, 0xD1E2, 0x0001, 0xF340, 0x0001, 0xEAE0, 0x0001, 0xEAA0, 0x0001, 0xF2C0, 0x0001,
    0xE140, 0x0001, 0x7800, 0x0001, 0x18C5, 0x002C, 0x7800, 0x0001, 0xF240, 0x0001, 0x78A8, 0x0001,
    0x043F, 0x0001, 0x037D, 0x0001, 0x03BD, 0x0001, 0x033E, 0x0001, 0x039E, 0x0001, 0x049D, 0x0001,
    0x051D, 0x0001, 0x04FE, 0x0001, 0x053E, 0x0001, 0x045E, 0x0001, 0x03FE, 0x0001, 0x03DE, 0x0001,
    0x03BE, 0x0001, 0x055E, 0x0001, 0x04FE, 0x0001, 0x9084, 0x0001, 0x49CC, 0x0001, 0x04DF, 0x0001,
    0x9148, 0x0001, 0xFBC0, 0x0001, 0xD981, 0x0001, 0xE180, 0x0001, 0xD900, 0x0001, 0xD840, 0x0001,
    0x7800, 0x0001, 0x18C5, 0x002D, 0x7001, 0x0001, 0xE9A0, 0x0001, 0x8128, 0x0001, 0x047F, 0x0001,
    0x033D, 0x0001, 0x03FE, 0x0001, 0x039D, 0x0001, 0x02DD, 0x0001, 0x041E, 0x0001, 0x047D, 0x0001,
    0x053E, 0x0001, 0x04FE, 0x0001, 0x039E, 0x0001, 0x03FE, 0x0001, 0x049E, 0x0001, 0x037E, 0x0001,
    0x051E, 0x0002, 0x049F, 0x0001, 0x04FF, 0x0001, 0x2439, 0x0001, 0xD284, 0x0001, 0xEAC0, 0x0001,
    0xA800, 0x0001, 0xEA00, 0x0001, 0xB100, 0x0001, 0xC0A0, 0x0001, 0x18C5, 0x002E, 0xA000, 0x0001,
    0xF8E0, 0x0001, 0x88C6, 0x0001, 0x047F, 0x0001, 0x031D, 0x0001, 0x03FE, 0x0001, 0x03FD, 0x0001,
    0x023C, 0x0001, 0x02FE, 0x0001, 0x045E, 0x0001, 0x04DE, 0x0001, 0x035D, 0x0001, 0x031D, 0x0001,
    0x045E, 0x0001, 0x04FE, 0x0001, 0x03BE, 0x0001, 0x045E, 0x0001, 0x053E, 0x0001, 0x0CFC, 0x0001,
    0x05BF, 0x0001, 0x796B, 0x0001, 0xFAC0, 0x0001, 0xB922, 0x0001, 0x40EB, 0x0001, 0xE900, 0x0001,
    0xA8C0, 0x0001, 0x18C5, 0x002F, 0x2916, 0x0001, 0xA8A5, 0x0001, 0x1B78, 0x0001, 0x041E, 0x0001,
    0x03DD, 0x0001, 0x035E, 0x0001, 0x043E, 0x0001, 0x03BE, 0x0001, 0x0118, 0x0001, 0x00F5, 0x0001,
    0x035D, 0x0001, 0x023C, 0x0001, 0x02DD, 0x0001, 0x043E, 0x0001, 0x053E, 0x0001, 0x043E, 0x0001,
    0x03FE, 0x0001, 0x055E, 0x0001, 0x04DD, 0x0001, 0x059F, 0x0001, 0x622D, 0x0001, 0xC880, 0x0001,
    0x2337, 0x0001, 0x041F, 0x0001, 0x696A, 0x0001, 0x18C5, 0x0030, 0x019D, 0x0001, 0x03BE, 0x0001,
    0x045F, 0x0001, 0x03FD, 0x0001, 0x041E, 0x0001, 0x033E, 0x0001, 0x041E, 0x0001, 0x03BE, 0x0001,
    0x02FD, 0x0001, 0x019A, 0x0001, 0x0045, 0x0001, 0x002A, 0x0001, 0x027B, 0x0001, 0x045E, 0x0001,
    0x04FD, 0x0001, 0x04BE, 0x0001, 0x03FE, 0x0001, 0x04DE, 0x0001, 0x051E, 0x0002, 0x047D, 0x0001,
    0x0BBC, 0x0001, 0x051E, 0x0001, 0x053E, 0x0001, 0x049D, 0x0001, 0x035F, 0x0001, 0x18C5, 0x002F,
    0x033E, 0x0001, 0x043F, 0x0001, 0x03FD, 0x0001, 0x041E, 0x0002, 0x033E, 0x0001, 0x03FE, 0x0001,
    0x043E, 0x0001, 0x037E, 0x0001, 0x02FE, 0x0001, 0x023E, 0x0001, 0x0057, 0x0001, 0x029A, 0x0001,
    0x049F, 0x0001, 0x04FD, 0x0001, 0x053E, 0x0001, 0x045E, 0x0001, 0x04BE, 0x0001, 0x051E, 0x0003,
    0x053E, 0x0001, 0x04FD, 0x0001, 0x051D, 0x0001, 0x047E, 0x0001, 0x047F, 0x0001, 0x18C5, 0x002E,
    0x01DE, 0x0001, 0x03DF, 0x0001, 0x041D, 0x0001, 0x03FE, 0x0001, 0x041E, 0x0002, 0x033E, 0x0001,
    0x03FE, 0x0001, 0x041E, 0x0001, 0x03BE, 0x0001, 0x033E, 0x0001, 0x02DD, 0x0001, 0x00FB, 0x0001,
    0x0150, 0x0001, 0x03FA, 0x0001, 0x04BE, 0x0001, 0x051D, 0x0001, 0x04BE, 0x0001, 0x04FE, 0x0001,
    0x051E, 0x0003, 0x04FD, 0x0001, 0x04FE, 0x0001, 0x051E, 0x0001, 0x04BD, 0x0001, 0x04BF, 0x0001,
    0x037D, 0x0001, 0x18C5, 0x002D, 0x027F, 0x0001, 0x03FD, 0x0001, 0x041E, 0x0004, 0x03DE, 0x0001,
    0x041E, 0x0002, 0x043E, 0x0001, 0x033E, 0x0001, 0x02FD, 0x0001, 0x027F, 0x0001, 0x0006, 0x0001,
    0x0194, 0x0001, 0x043F, 0x0001, 0x051D, 0x0001, 0x051E, 0x0007, 0x04FE, 0x0001, 0x053E, 0x0001,
    0x045E, 0x0001, 0x04BF, 0x0001, 0x02FE, 0x0001, 0x18C5, 0x002C, 0x02DF, 0x0001, 0x045E, 0x0001,
    0x03FE, 0x0001, 0x041E, 0x0003, 0x03FE, 0x0001, 0x035E, 0x0001, 0x041E, 0x0002, 0x033E, 0x0001,
    0x031D, 0x0001, 0x02BF, 0x0001, 0x0069, 0x0001, 0x0010, 0x0001, 0x043F, 0x0001, 0x051E, 0x0001,
    0x04FE, 0x0001, 0x051E, 0x0002, 0x049E, 0x0002, 0x053E, 0x0001, 0x04FE, 0x0002, 0x051E, 0x0001,
    0x045E, 0x0001, 0x051F, 0x0001, 0x03FE, 0x0001, 0x18C5, 0x002C, 0x031F, 0x0001, 0x045E, 0x0001,
    0x03FE, 0x0002, 0x03DE, 0x0001, 0x041E, 0x0001, 0x03DE, 0x0001, 0x033E, 0x0001, 0x041E, 0x0002,
    0x033E, 0x0001, 0x031D, 0x0001, 0x025E, 0x0001, 0x0049, 0x0001, 0x000E, 0x0001, 0x037E, 0x0001,
    0x047E, 0x0001, 0x053E, 0x0001, 0x04DE, 0x0001, 0x051E, 0x0001, 0x04BE, 0x0001, 0x047E, 0x0001,
    0x051E, 0x0002, 0x04FE, 0x0001, 0x051E, 0x0001, 0x043E, 0x0001, 0x051D, 0x0001, 0x04FF, 0x0001,
    0x18C5, 0x002B, 0x021F, 0x0001, 0x03BD, 0x0001, 0x041E, 0x0002, 0x03BE, 0x0001, 0x035E, 0x0001,
    0x043E, 0x0001, 0x03DE, 0x0001, 0x033E, 0x0001, 0x041E, 0x0002, 0x031D, 0x0001, 0x035F, 0x0001,
    0x01DB, 0x0001, 0x18C5, 0x0002, 0x0138, 0x0001, 0x047E, 0x0001, 0x04DE, 0x0001, 0x043E, 0x0001,
    0x04DE, 0x0001, 0x053E, 0x0001, 0x045E, 0x0001, 0x04BE, 0x0001, 0x053E, 0x0001, 0x04FE, 0x0001,
    0x051E, 0x0001, 0x043E, 0x0001, 0x04DD, 0x0001, 0x053E, 0x0001, 0x043F, 0x0001, 0x18C5, 0x002A,
    0x01DD, 0x0001, 0x039E, 0x0001, 0x041E, 0x0002, 0x03BE, 0x0001, 0x035E, 0x0001, 0x043E, 0x0001,
    0x03DE, 0x0001, 0x033E, 0x0001, 0x041E, 0x0002, 0x033D, 0x0001, 0x02FE, 0x0001, 0x013B, 0x0001,
    0x18C5, 0x0002, 0x0096, 0x0001, 0x03DF, 0x0001, 0x04BD, 0x0001, 0x045E, 0x0001, 0x04FE, 0x0001,
    0x051E, 0x0001, 0x04FE, 0x0001, 0x045E, 0x0001, 0x04FE, 0x0001, 0x051E, 0x0001, 0x053E, 0x0001,
    0x045E, 0x0001, 0x04DE, 0x0001, 0x055D, 0x0001, 0x047F, 0x0001, 0x18C5, 0x002A, 0x021D, 0x0001,
    0x03BE, 0x0001, 0x043E, 0x0001, 0x03FE, 0x0001, 0x035E, 0x0001, 0x041E, 0x0002, 0x03DE, 0x0001,
    0x033E, 0x0001, 0x041E, 0x0002, 0x033E, 0x0001, 0x02DE, 0x0001, 0x00BA, 0x0001, 0x18C5, 0x0003,
    0x01BA, 0x0001, 0x049F, 0x0001, 0x03FD, 0x0001, 0x04FE, 0x0001, 0x051E, 0x0002, 0x04DE, 0x0001,
    0x045E, 0x0001, 0x051E, 0x0001, 0x049E, 0x0001, 0x03FE, 0x0001, 0x04FE, 0x0001, 0x053E, 0x0001,
    0x04DF, 0x0001, 0x18C5, 0x0029, 0x01FC, 0x0001, 0x03DE, 0x0001, 0x033D, 0x0001, 0x041E, 0x0001,
    0x03BE, 0x0001, 0x037E, 0x0001, 0x041E, 0x0002, 0x03FE, 0x0001, 0x035E, 0x0001, 0x03FE, 0x0001,
    0x03FD, 0x0001, 0x035E, 0x0001, 0x023E, 0x0001, 0x0012, 0x0001, 0x18C5, 0x0004, 0x02FF, 0x0001,
    0x047E, 0x0001, 0x04FE, 0x0001, 0x051E, 0x0003, 0x04DE, 0x0001, 0x043E, 0x0001, 0x047E, 0x0001,
    0x03DE, 0x0001, 0x04FE, 0x0002, 0x055D, 0x0001, 0x03BF, 0x0001, 0x18C5, 0x0028, 0x01DC, 0x0001,
    0x041E, 0x0001, 0x031D, 0x0001, 0x03BE, 0x0001, 0x033E, 0x0001, 0x041E, 0x0004, 0x03DE, 0x0001,
    0x037E, 0x0002, 0x02FE, 0x0001, 0x00B9, 0x0001, 0x18C5, 0x0005, 0x00F8, 0x0001, 0x037E, 0x0001,
    0x04BE, 0x0001, 0x051E, 0x0003, 0x04FE, 0x0001, 0x045E, 0x0001, 0x03FE, 0x0001, 0x045E, 0x0001,
    0x04FE, 0x0001, 0x051E, 0x0001, 0x04FD, 0x0001, 0x039F, 0x0001, 0x18C5, 0x0028, 0x01DC, 0x0001,
    0x045E, 0x0001, 0x037D, 0x0001, 0x03BE, 0x0001, 0x035E, 0x0001, 0x03FE, 0x0001, 0x041E, 0x0001,
    0x03FE, 0x0001, 0x043E, 0x0001, 0x035D, 0x0001, 0x02FD, 0x0001, 0x03BE, 0x0001, 0x021E, 0x0001,
    0x0013, 0x0001, 0x18C5, 0x0006, 0x01BC, 0x0001, 0x043F, 0x0001, 0x051D, 0x0001, 0x051E, 0x0001,
    0x04FE, 0x0001, 0x051E, 0x0001, 0x04DE, 0x0001, 0x03DE, 0x0001, 0x04DE, 0x0001, 0x051E, 0x0002,
    0x04BD, 0x0001, 0x02BE, 0x0001, 0x18C5, 0x0028, 0x0096, 0x0001, 0x039F, 0x0001, 0x041D, 0x0001,
    0x035E, 0x0001, 0x03BE, 0x0001, 0x041E, 0x0002, 0x03FE, 0x0001, 0x043E, 0x0001, 0x033D, 0x0001,
    0x01FC, 0x0001, 0x037F, 0x0001, 0x0096, 0x0001, 0x18C5, 0x0007, 0x0035, 0x0001, 0x035E, 0x0001,
    0x053E, 0x0001, 0x04FE, 0x0001, 0x051E, 0x0001, 0x04FE, 0x0001, 0x051E, 0x0001, 0x045E, 0x0001,
    0x049E, 0x0001, 0x051E, 0x0001, 0x053D, 0x0001, 0x047F, 0x0001, 0x00F8, 0x0001, 0x18C5, 0x0029,
    0x021D, 0x0001, 0x047E, 0x0001, 0x033E, 0x0001, 0x03DE, 0x0001, 0x041E, 0x0002, 0x03FE, 0x0001,
    0x043E, 0x0001, 0x035D, 0x0001, 0x021C, 0x0001, 0x023C, 0x0001, 0x0014, 0x0001, 0x18C5, 0x0008,
    0x01FD, 0x0001, 0x047E, 0x0001, 0x051D, 0x0001, 0x04FE, 0x0002, 0x051E, 0x0001, 0x04BE, 0x0001,
    0x041E, 0x0001, 0x04FE, 0x0002, 0x029F, 0x0001, 0x18C5, 0x002A, 0x00B8, 0x0001, 0x037F, 0x0001,
    0x033D, 0x0001, 0x03FE, 0x0001, 0x041E, 0x0002, 0x03FE, 0x0001, 0x043E, 0x0001, 0x02FD, 0x0001,
    0x029E, 0x0001, 0x0139, 0x0001, 0x18C5, 0x0009, 0x015A, 0x0001, 0x04BE, 0x0001, 0x051D, 0x0001,
    0x04FE, 0x0002, 0x051E, 0x0001, 0x04FE, 0x0001, 0x041E, 0x0001, 0x049D, 0x0001, 0x03DF, 0x0001,
    0x013A, 0x0001, 0x18C5, 0x002B, 0x01DD, 0x0001, 0x035E, 0x0001, 0x037D, 0x0001, 0x041E, 0x0002,
    0x041D, 0x0001, 0x043E, 0x0001, 0x023B, 0x0001, 0x015B, 0x0001, 0x01BB, 0x0001, 0x18C5, 0x000A,
    0x035F, 0x0001, 0x04FD, 0x0001, 0x051E, 0x0002, 0x04FE, 0x0001, 0x041E, 0x0001, 0x045E, 0x0001,
    0x043E, 0x0001, 0x035F, 0x0001, 0x18C5, 0x002C, 0x013A, 0x0001, 0x02DF, 0x0001, 0x02FE, 0x0001,
    0x037E, 0x0001, 0x041E, 0x0001, 0x03FD, 0x0001, 0x039F, 0x0001, 0x025B, 0x0001, 0x0016, 0x0001,
    0x18C5, 0x000B, 0x0179, 0x0001, 0x047F, 0x0001, 0x04DD, 0x0001, 0x04FE, 0x0001, 0x041E, 0x0001,
    0x03FE, 0x0001, 0x04DE, 0x0001, 0x04FD, 0x0001, 0x03DE, 0x0001, 0x023F, 0x0001, 0x18C5, 0x002C,
    0x037F, 0x0001, 0x025C, 0x0001, 0x02BD, 0x0001, 0x033E, 0x0001, 0x037F, 0x0001, 0x023B, 0x0001,
    0x00B7, 0x0001, 0x00DA, 0x0001, 0x18C5, 0x000C, 0x021A, 0x0001, 0x047F, 0x0001, 0x043D, 0x0001,
    0x03DE, 0x0001, 0x047E, 0x0001, 0x051E, 0x0003, 0x02FF, 0x0001, 0x18C5, 0x002B, 0x00B8, 0x0001,
    0x035E, 0x0001, 0x043E, 0x0001, 0x023C, 0x0001, 0x029D, 0x0001, 0x01FA, 0x0001, 0x0117, 0x0001,
    0x015D, 0x0001, 0x0012, 0x0001, 0x18C5, 0x000D, 0x01FA, 0x0001, 0x043F, 0x0001, 0x035D, 0x0001,
    0x041E, 0x0001, 0x053E, 0x0001, 0x051E, 0x0001, 0x04DE, 0x0001, 0x03DF, 0x0001, 0x025D, 0x0001,
    0x18C5, 0x002B, 0x02DC, 0x0001, 0x049F, 0x0001, 0x037D, 0x0001, 0x011B, 0x0001, 0x0159, 0x0001,
    0x02FE, 0x0001, 0x00B8, 0x0001, 0x18C5, 0x000F, 0x013A, 0x0001, 0x027E, 0x0001, 0x03FE, 0x0001,
    0x04FE, 0x0001, 0x051E, 0x0001, 0x04FE, 0x0001, 0x047D, 0x0001, 0x02FF, 0x0001, 0x18C5, 0x002A,
    0x0012, 0x0001, 0x025D, 0x0001, 0x047E, 0x0001, 0x033D, 0x0001, 0x01BC, 0x0001, 0x037F, 0x0001,
    0x02DE, 0x0001, 0x0012, 0x0001, 0x18C5, 0x0010, 0x00B9, 0x0001, 0x029E, 0x0001, 0x04BE, 0x0001,
    0x051E, 0x0001, 0x053E, 0x0001, 0x049D, 0x0001, 0x037F, 0x0001, 0x18C5, 0x002B, 0x021D, 0x0001,
    0x037F, 0x0001, 0x029D, 0x0001, 0x023D, 0x0001, 0x035E, 0x0001, 0x01DD, 0x0001, 0x017B, 0x0001,
    0x18C5, 0x0011, 0x00B9, 0x0001, 0x035D, 0x0001, 0x053E, 0x0001, 0x04BE, 0x0001, 0x041E, 0x0001,
    0x035E, 0x0001, 0x03BF, 0x0001, 0x015B, 0x0001, 0x18C5, 0x0029, 0x011B, 0x0001, 0x02FF, 0x0001,
    0x031E, 0x0001, 0x03BE, 0x0001, 0x043E, 0x0001, 0x027D, 0x0001, 0x027E, 0x0001, 0x0034, 0x0001,
    0x18C5, 0x0010, 0x0011, 0x0001, 0x017C, 0x0001, 0x033D, 0x0001, 0x041E, 0x0002, 0x037D, 0x0001,
    0x03FF, 0x0001, 0x021D, 0x0001, 0x18C5, 0x0028, 0x0076, 0x0001, 0x01DE, 0x0001, 0x031E, 0x0001,
    0x035E, 0x0001, 0x043E, 0x0001, 0x03FE, 0x0001, 0x03BE, 0x0001, 0x031F, 0x0001, 0x019B, 0x0001,
    0x18C5, 0x0011, 0x021C, 0x0001, 0x02DE, 0x0001, 0x039D, 0x0001, 0x03FE, 0x0001, 0x045E, 0x0001,
    0x045D, 0x0001, 0x047F, 0x0001, 0x029E, 0x0001, 0x18C5, 0x0027, 0x017B, 0x0001, 0x037F, 0x0001,
    0x02FD, 0x0001, 0x035E, 0x0001, 0x041E, 0x0001, 0x03FE, 0x0001, 0x041D, 0x0001, 0x03DE, 0x0001,
    0x025F, 0x0001, 0x18C5, 0x0011, 0x015B, 0x0001, 0x037F, 0x0001, 0x041E, 0x0001, 0x04DE, 0x0001,
    0x04FE, 0x0001, 0x041E, 0x0001, 0x049D, 0x0001, 0x051F, 0x0001, 0x039F, 0x0001, 0x18C5, 0x0026,
    0x027F, 0x0001, 0x033E, 0x0001, 0x02FE, 0x0001, 0x033E, 0x0001, 0x041E, 0x0001, 0x03FE, 0x0001,
    0x041E, 0x0001, 0x03BD, 0x0001, 0x033F, 0x0001, 0x0139, 0x0001, 0x18C5, 0x0010, 0x0034, 0x0001,
    0x02BE, 0x0001, 0x047E, 0x0001, 0x051E, 0x0002, 0x041E, 0x0001, 0x043E, 0x0001, 0x053D, 0x0001,
    0x053F, 0x0001, 0x035E, 0x0001, 0x18C5, 0x0024, 0x00F9, 0x0001, 0x037E, 0x0001, 0x02FD, 0x0001,
    0x02FE, 0x0001, 0x037E, 0x0001, 0x043E, 0x0001, 0x041E, 0x0001, 0x03DE, 0x0001, 0x02FD, 0x0001,
    0x035F, 0x0001, 0x00F8, 0x0001, 0x18C5, 0x0010, 0x0013, 0x0001, 0x02FE, 0x0001, 0x035E, 0x0001,
    0x04BE, 0x0001, 0x051E, 0x0001, 0x04FE, 0x0001, 0x03DE, 0x0001, 0x049E, 0x0001, 0x055D, 0x0001,
    0x045F, 0x0001, 0x031E, 0x0001, 0x18C5, 0x0023, 0x20B1, 0x0001, 0x033F, 0x0001, 0x033E, 0x0001,
    0x02DD, 0x0001, 0x02BD, 0x0001, 0x03BD, 0x0001, 0x039D, 0x0001, 0x02FD, 0x0002, 0x035E, 0x0001,
    0x01BD, 0x0001, 0x18C5, 0x0010, 0x0013, 0x0001, 0x039E, 0x0001, 0x035E, 0x0001, 0x045E, 0x0001,
    0x04FE, 0x0001, 0x051E, 0x0001, 0x045E, 0x0001, 0x043E, 0x0001, 0x051E, 0x0001, 0x047D, 0x0001,
    0x039F, 0x0001, 0x015F, 0x0001, 0x18C5, 0x0022, 0x8801, 0x0001, 0x98AA, 0x0001, 0x1AB9, 0x0001,
    0x031F, 0x0001, 0x01DD, 0x0001, 0x033F, 0x0001, 0x031F, 0x0001, 0x033F, 0x0002, 0x02FF, 0x0001,
    0x3911, 0x0001, 0x18C5, 0x0010, 0x0013, 0x0001, 0x03BE, 0x0001, 0x03DE, 0x0001, 0x03FD, 0x0001,
    0x043D, 0x0001, 0x051D, 0x0001, 0x04DD, 0x0001, 0x03DE, 0x0001, 0x045E, 0x0001, 0x045F, 0x0001,
    0x1BBB, 0x0001, 0xC8A5, 0x0001, 0x18C5, 0x0022, 0xA060, 0x0001, 0xF960, 0x0001, 0xC0A2, 0x0001,
    0xA085, 0x0001, 0x7844, 0x0001, 0xB084, 0x0001, 0xA884, 0x0002, 0xB084, 0x0001, 0xA845, 0x0001,
    0x9000, 0x0001, 0x18C5, 0x0010, 0x0013, 0x0001, 0x031F, 0x0001, 0x047F, 0x0001, 0x043F, 0x0001,
    0x041F, 0x0001, 0x051F, 0x0001, 0x04FF, 0x0001, 0x03FE, 0x0001, 0x0BFD, 0x0001, 0xB208, 0x0001,
    0xE242, 0x0001, 0xF980, 0x0001, 0x18C5, 0x0022, 0xA060, 0x0001, 0xF1A0, 0x0001, 0xF980, 0x0001,
    0xE100, 0x0001, 0x9820, 0x0001, 0xF9A0, 0x0001, 0xD820, 0x0001, 0xF920, 0x0001, 0xE8C0, 0x0001,
    0xA000, 0x0001, 0x18C5, 0x0012, 0x2155, 0x0001, 0x2B78, 0x0001, 0x2B77, 0x0001, 0x3358, 0x0001,
    0x3377, 0x0001, 0x3439, 0x0001, 0x8AAC, 0x0001, 0xF9A0, 0x0001, 0xF2A0, 0x0001, 0xFB40, 0x0001,
    0xE9C0, 0x0001, 0x18C5, 0x0022, 0x9800, 0x0001, 0xD060, 0x0001, 0xF1A0, 0x0001, 0xE160, 0x0001,
    0xA860, 0x0001, 0xF180, 0x0001, 0xE0A0, 0x0001, 0xD0C0, 0x0001, 0x9000, 0x0001, 0x18C5, 0x0013,
    0x8800, 0x0001, 0xE020, 0x0001, 0xF9E0, 0x0003, 0xF960, 0x0001, 0xFA00, 0x0001, 0xF340, 0x0001,
    0xEAE0, 0x0001, 0xF340, 0x0001, 0xE140, 0x0001, 0x18C5, 0x0022, 0x9000, 0x0001, 0xC800, 0x0001,
    0xD840, 0x0001, 0xD080, 0x0001, 0xB820, 0x0001, 0xD820, 0x0001, 0xC060, 0x0001, 0x18C5, 0x0016,
    0x7840, 0x0001, 0xE160, 0x0001, 0xFB40, 0x0001, 0xEB60, 0x0001, 0xEB20, 0x0001, 0xEA20, 0x0001,
    0xF2A0, 0x0001, 0xEB00, 0x0001, 0xF200, 0x0001, 0xE8C0, 0x0001, 0x18C5, 0x0023, 0xB800, 0x0001,
    0xE8C0, 0x0001, 0xB820, 0x0001, 0xE920, 0x0001, 0xC880, 0x0001, 0x18C5, 0x0018, 0x8800, 0x0001,
    0xC060, 0x0001, 0xD8C0, 0x0001, 0xF1E0, 0x0001, 0xF180, 0x0002, 0xF200, 0x0001, 0xFA20, 0x0001,
    0xD040, 0x0001, 0x18C5, 0x0023, 0xD000, 0x0001, 0xB820, 0x0001, 0xE100, 0x0001, 0xC020, 0x0001,
    0x18C5, 0x001A, 0xA000, 0x0001, 0xF200, 0x0001, 0xF360, 0x0001, 0xEA40, 0x0002, 0xF300, 0x0001,
    0xE900, 0x0001, 0x18C5, 0x0023, 0x9800, 0x0001, 0xC800, 0x0001, 0xB800, 0x0001, 0xC000, 0x0001,
    0x18C5, 0x001C, 0xA800, 0x0001, 0xF220, 0x0001, 0xF2A0, 0x0001, 0xE9C0, 0x0001, 0xFA00, 0x0001,
    0xC800, 0x0001, 0x18C5, 0x0023, 0xA800, 0x0001, 0xB000, 0x0001, 0xC800, 0x0001, 0x9800, 0x0001,
    0x18C5, 0x001D, 0xB000, 0x0001, 0xE960, 0x0001, 0xF1C0, 0x0001, 0xF1E0, 0x0001, 0xB800, 0x0001,
    0x18C5, 0x0022, 0x8800, 0x0001, 0xC800, 0x0001, 0xB000, 0x0001, 0xB800, 0x0001, 0x18C5, 0x001F,
    0xC160, 0x0001, 0xFB60, 0x0001, 0xF1E0, 0x0001, 0xA800, 0x0001, 0x18C5, 0x0022, 0xB000, 0x0001,
    0xC800, 0x0001, 0xC000, 0x0001, 0xA000, 0x0001, 0x18C5, 0x001F, 0xC020, 0x0001, 0xFA00, 0x0001,
    0xF9A0, 0x0001, 0xC800, 0x0001, 0x18C5, 0x0021, 0x9000, 0x0001, 0xC000, 0x0001, 0xB800, 0x0002,
    0x9000, 0x0001, 0x18C5, 0x0020, 0xE120, 0x0001, 0xF9C0, 0x0001, 0xF1A0, 0x0001, 0x18C5, 0x0020,
    0x9000, 0x0001, 0xE080, 0x0001, 0xD800, 0x0001, 0xB000, 0x0002, 0xA000, 0x0001, 0x18C5, 0x0020,
    0xDA60, 0x0001, 0xFA60, 0x0001, 0xFA80, 0x0001, 0xD860, 0x0001, 0x18C5, 0x001E, 0x9840, 0x0001,
    0xF120, 0x0001, 0xF180, 0x0001, 0xC860, 0x0001, 0xD0A0, 0x0001, 0xC880, 0x0001, 0xE060, 0x0001,
    0x8000, 0x0001, 0x18C5, 0x001F, 0xC080, 0x0001, 0xF160, 0x0001, 0xF260, 0x0001, 0xF1A0, 0x0001,
    0x18C5, 0x001C, 0x8000, 0x0001, 0xB820, 0x0001, 0xD040, 0x0001, 0xE0E0, 0x0001, 0xE940, 0x0001,
    0xA060, 0x0001, 0xC900, 0x0001, 0xB0C0, 0x0001, 0xF980, 0x0001, 0xC800, 0x0001, 0x7800, 0x0001,
    0x18C5, 0x001D, 0xA040, 0x0001, 0xE9A0, 0x0001, 0xF2A0, 0x0001, 0xE9C0, 0x0001, 0xFAC0, 0x0001,
    0x18C5, 0x001B, 0x9020, 0x0001, 0xD860, 0x0001, 0xF160, 0x0001, 0xF1A0, 0x0001, 0xE0C0, 0x0001,
    0xD060, 0x0001, 0x9840, 0x0001, 0xB0A0, 0x0001, 0xB060, 0x0001, 0xE0A0, 0x0001, 0xD860, 0x0001,
    0xB000, 0x0001, 0x18C5, 0x001D, 0xC9A0, 0x0001, 0xD900, 0x0001, 0xE220, 0x0001, 0xF280, 0x0001,
    0xF400, 0x0001, 0xF140, 0x0001, 0x18C5, 0x0018, 0xA800, 0x0001, 0xC0C0, 0x0001, 0xE920, 0x0001,
    0xF1A0, 0x0001, 0xE980, 0x0001, 0xF180, 0x0001, 0xF1C0, 0x0001, 0xE920, 0x0001, 0xB800, 0x0001,
    0x9000, 0x0001, 0xD040, 0x0001, 0xE960, 0x0001, 0xF9A0, 0x0001, 0xD080, 0x0001, 0x6800, 0x0001,
    0x18C5, 0x001C, 0xB860, 0x0001, 0xD080, 0x0001, 0xEB20, 0x0001, 0xF420, 0x0001, 0xEB80, 0x0001,
    0xFB20, 0x0001, 0xD000, 0x0001, 0x18C5, 0x0013, 0x8800, 0x0001, 0xD060, 0x0001, 0xE920, 0x0001,
    0xF100, 0x0001, 0xF120, 0x0001, 0xF9C0, 0x0001, 0xF180, 0x0002, 0xF160, 0x0001, 0xE060, 0x0001,
    0xE880, 0x0001, 0xC800, 0x0001, 0xB800, 0x0001, 0xC000, 0x0001, 0xD840, 0x0001, 0xE940, 0x0001,
    0xF9A0, 0x0001, 0xE140, 0x0001, 0x6800, 0x0001, 0x18C5, 0x001C, 0x7800, 0x0001, 0xE120, 0x0002,
    0xE9E0, 0x0001, 0xF260, 0x0001, 0xF3E0, 0x0001, 0xFA20, 0x0001, 0xC800, 0x0001, 0x18C5, 0x0012,
    0x8000, 0x0001, 0x9020, 0x0001, 0xA840, 0x0001, 0xC040, 0x0001, 0xB840, 0x0001, 0xB020, 0x0001,
    0xB820, 0x0001, 0x9820, 0x0001, 0x7820, 0x0001, 0x1800, 0x0003, 0x7000, 0x0001, 0x9000, 0x0001,
    0xB000, 0x0001, 0xB800, 0x0001, 0xB840, 0x0001, 0x8820, 0x0001, 0x18C5, 0x001E, 0xA820, 0x0001,
    0xEA20, 0x0001, 0xF3A0, 0x0001, 0xF320, 0x0001, 0xEB80, 0x0001, 0xFC20, 0x0001, 0xE940, 0x0001,
    0x18C5, 0x0042, 0x7000, 0x0001, 0xEAE0, 0x0001, 0xF440, 0x0001, 0xEC20, 0x0001, 0xF320, 0x0001,
    0xF3E0, 0x0001, 0xFB60, 0x0001, 0xD860, 0x0001, 0x18C5, 0x0041, 0x7800, 0x0001, 0xF240, 0x0001,
    0xFC00, 0x0001, 0xEC00, 0x0001, 0xEB40, 0x0001, 0xEBA0, 0x0001, 0xF460, 0x0001, 0xFA00, 0x0001,
    0x18C5, 0x0042, 0xA040, 0x0001, 0xC180, 0x0001, 0xFC40, 0x0001, 0xF2C0, 0x0001, 0xFBC0, 0x0001,
    0xFB40, 0x0001, 0xC0C0, 0x0001, 0x18C5, 0x0044, 0xA0A0, 0x0001, 0x9040, 0x0001, 0x98A0, 0x0001,
    0xB860, 0x0001, 0x18C5, 0x000B, 0x18C5, 0x00FA, 0xD080, 0x0001, 0xF1C0, 0x0001, 0xE9E0, 0x0001,
    0xF1E0, 0x0001, 0xE0E0, 0x0001, 0x18C5, 0x0042, 0xD000, 0x0001, 0xF9E0, 0x0001, 0xF340, 0x0001,
    0xF460, 0x0001, 0xFC80, 0x0001, 0xEBE0, 0x0001, 0xF320, 0x0001, 0xFA80, 0x0001, 0xE0C0, 0x0001,
    0x18C5, 0x003F, 0xC840, 0x0001, 0xFAA0, 0x0001, 0xF3E0, 0x0001, 0xF440, 0x0001, 0xC1A0, 0x0001,
    0x8980, 0x0001, 0xFBA0, 0x0001, 0xEB60, 0x0001, 0xEC20, 0x0001, 0xFB80, 0x0001, 0xE0E0, 0x0001,
    0x18C5, 0x003D, 0xB000, 0x0001, 0xFA60, 0x0001, 0xF380, 0x0001, 0xEB00, 0x0001, 0xFB60, 0x0001,
    0xC0A0, 0x0001, 0x0000, 0x0001, 0x8060, 0x0001, 0xFA40, 0x0001, 0xEBE0, 0x0001, 0xF480, 0x0001,
    0xFA00, 0x0001, 0x18C5, 0x003D, 0x6800, 0x0001, 0xEB40, 0x0001, 0xF320, 0x0001, 0xF440, 0x0001,
    0xC960, 0x0001, 0x4164, 0x0001, 0xCE79, 0x0001, 0x530D, 0x0001, 0x8880, 0x0001, 0xF320, 0x0001,
    0xEC20, 0x0001, 0xFAA0, 0x0001, 0x18C5, 0x003D, 0x0000, 0x0001, 0xD0C0, 0x0001, 0xF400, 0x0001,
    0xE9E0, 0x0001, 0x5905, 0x0001, 0xCF1C, 0x0001, 0xFFDF, 0x0001, 0xF79D, 0x0001, 0x1966, 0x0001,
    0xC9C0, 0x0001, 0xFBC0, 0x0001, 0xE960, 0x0001, 0x18C5, 0x003E, 0xA800, 0x0001, 0xFA80, 0x0001,
    0xDB88, 0x0001, 0xEEFC, 0x0001, 0xF7BE, 0x0001, 0xEF5D, 0x0001, 0xF7BE, 0x0001, 0x31A7, 0x0001,
    0xC920, 0x0001, 0xFC20, 0x0001, 0xD8E0, 0x0001, 0x18C5, 0x003E, 0x3020, 0x0001, 0xFB40, 0x0001,
    0x7A64, 0x0001, 0xA5D8, 0x0001, 0xFFFF, 0x0001, 0xFFDF, 0x0001, 0xEF3C, 0x0001, 0x2145, 0x0001,
    0xD160, 0x0001, 0xFA80, 0x0001, 0xA800, 0x0001, 0x18C5, 0x003E, 0x8040, 0x0001, 0xF360, 0x0001,
    0xEBC0, 0x0001, 0x5080, 0x0001, 0x8CF4, 0x0001, 0xDEDB, 0x0001, 0x52CB, 0x0001, 0x0800, 0x0001,
    0xE9A0, 0x0001, 0xE0E0, 0x0001, 0x6800, 0x0001, 0x18C5, 0x003F, 0xE940, 0x0001, 0xFB80, 0x0001,
    0xEA00, 0x0001, 0x4800, 0x0001, 0x0000, 0x0001, 0x1000, 0x0001, 0xC0C0, 0x0001, 0xF2C0, 0x0001,
    0xC000, 0x0001, 0xC860, 0x0001, 0x9820, 0x0001, 0x18C5, 0x0039, 0xD000, 0x0001, 0xC800, 0x0001,
    0xE000, 0x0001, 0x18C5, 0x0002, 0xA000, 0x0001, 0xD1A0, 0x0001, 0xFBE0, 0x0001, 0xFAA0, 0x0001,
    0x8960, 0x0001, 0xC9A0, 0x0001, 0xFB80, 0x0001, 0xC120, 0x0001, 0xD940, 0x0001, 0xFB40, 0x0001,
    0xD860, 0x0001, 0xE920, 0x0001, 0xF900, 0x0001, 0xD980, 0x0001, 0xD800, 0x0001, 0x18C5, 0x0002,
    0xD800, 0x0001, 0xE080, 0x0001, 0xF120, 0x0001, 0xD800, 0x0001, 0x18C5, 0x002D, 0xE000, 0x0001,
    0xD8E0, 0x0001, 0xFA60, 0x0001, 0xF1C0, 0x0001, 0xF9C0, 0x0001, 0x98C0, 0x0001, 0xA820, 0x0001,
    0xE980, 0x0001, 0xA040, 0x0001, 0xD100, 0x0001, 0xF320, 0x0001, 0xFAC0, 0x0001, 0xE100, 0x0001,
    0x98C0, 0x0001, 0xD100, 0x0001, 0xF360, 0x0001, 0xEBE0, 0x0001, 0xE9E0, 0x0001, 0xF380, 0x0001,
    0xF360, 0x0001, 0xFC00, 0x0001, 0xFB40, 0x0001, 0xEAC0, 0x0001, 0xD000, 0x0001, 0xFA00, 0x0001,
    0xFB80, 0x0002, 0xFB20, 0x0001, 0xE140, 0x0001, 0xC000, 0x0001, 0x18C5, 0x002A, 0xE180, 0x0001,
    0xFA20, 0x0001, 0xF200, 0x0001, 0xF340, 0x0001, 0xF280, 0x0001, 0xF1E0, 0x0001, 0xD860, 0x0001,
    0xE8E0, 0x0001, 0xEA60, 0x0001, 0xE100, 0x0001, 0xA080, 0x0001, 0xA820, 0x0001, 0xA020, 0x0001,
    0xB8C0, 0x0001, 0xE920, 0x0001, 0xF320, 0x0001, 0xF440, 0x0001, 0xF3A0, 0x0001, 0xF200, 0x0001,
    0xEA40, 0x0001, 0xEB40, 0x0001, 0xEBA0, 0x0001, 0xF280, 0x0001, 0xF1E0, 0x0001, 0xF2E0, 0x0001,
    0xF340, 0x0001, 0xF360, 0x0001, 0xEBE0, 0x0001, 0xF440, 0x0001, 0xF3A0, 0x0001, 0xFA00, 0x0001,
    0xD880, 0x0001, 0x18C5, 0x0028, 0xE140, 0x0001, 0xF2A0, 0x0001, 0xEA20, 0x0001, 0xF200, 0x0001,
    0xE0E0, 0x0001, 0xF200, 0x0001, 0xEB60, 0x0001, 0xF2A0, 0x0001, 0xD960, 0x0001, 0xB840, 0x0001,
    0xD8C0, 0x0001, 0xD920, 0x0001, 0x9020, 0x0001, 0xF260, 0x0001, 0xE9A0, 0x0001, 0xD000, 0x0001,
    0xE180, 0x0001, 0xF2E0, 0x0001, 0xF240, 0x0001, 0xF1A0, 0x0001, 0xD8C0, 0x0001, 0xD060, 0x0001,
    0xE0E0, 0x0001, 0xF340, 0x0001, 0xEB60, 0x0001, 0xF420, 0x0002, 0xF3A0, 0x0001, 0xF2C0, 0x0001,
    0xF300, 0x0001, 0xEB60, 0x0001, 0xF3E0, 0x0001, 0xFB60, 0x0001, 0xC800, 0x0001, 0x18C5, 0x0026,
    0xD8C0, 0x0001, 0xFA60, 0x0001, 0xE980, 0x0001, 0xF260, 0x0001, 0xE200, 0x0001, 0xD900, 0x0001,
    0xF3E0, 0x0001, 0xF340, 0x0001, 0xEC00, 0x0001, 0xF400, 0x0001, 0xF340, 0x0001, 0xDA00, 0x0001,
    0xD1A0, 0x0001, 0xD040, 0x0001, 0xE1A0, 0x0001, 0xE960, 0x0001, 0xDA20, 0x0001, 0xE1E0, 0x0001,
    0xF220, 0x0001, 0xF2C0, 0x0001, 0xF260, 0x0001, 0xF3A0, 0x0001, 0xF400, 0x0001, 0xE1E0, 0x0001,
    0xEA20, 0x0001, 0xF3C0, 0x0001, 0xF380, 0x0003, 0xF3A0, 0x0001, 0xF3C0, 0x0001, 0xF2A0, 0x0001,
    0xEB60, 0x0001, 0xF420, 0x0001, 0xD000, 0x0001, 0x18C5, 0x0026, 0xF160, 0x0001, 0xF2C0, 0x0001,
    0xF320, 0x0001, 0xFA40, 0x0001, 0xD800, 0x0001, 0xF180, 0x0001, 0xF3C0, 0x0001, 0xEC00, 0x0001,
    0xF320, 0x0001, 0xEAE0, 0x0001, 0xF420, 0x0001, 0xF400, 0x0001, 0xEB40, 0x0001, 0x6880, 0x0001,
    0x9820, 0x0001, 0x7940, 0x0001, 0xFC60, 0x0001, 0xEC40, 0x0001, 0xF360, 0x0001, 0xF460, 0x0001,
    0xF360, 0x0001, 0xEBA0, 0x0001, 0xEB60, 0x0001, 0xF360, 0x0001, 0xC8A0, 0x0001, 0xD080, 0x0001,
    0xF1E0, 0x0002, 0xF220, 0x0001, 0xF260, 0x0001, 0xF380, 0x0001, 0xF300, 0x0001, 0xFA20, 0x0001,
    0xEAC0, 0x0001, 0xD8A0, 0x0001, 0xD980, 0x0001, 0xC000, 0x0001, 0x18C5, 0x0023, 0xC860, 0x0001,
    0xF0E0, 0x0001, 0xFA80, 0x0001, 0xEA40, 0x0001, 0xD0C3, 0x0001, 0x3135, 0x0001, 0x237A, 0x0001,
    0xEA21, 0x0001, 0xF400, 0x0001, 0xEB40, 0x0001, 0xF3A0, 0x0001, 0xEB40, 0x0001, 0xFAA0, 0x0001,
    0x70E0, 0x0001, 0x0020, 0x0001, 0x1840, 0x0001, 0x2880, 0x0001, 0xBA40, 0x0001, 0xFBC0, 0x0001,
    0xEB00, 0x0001, 0xF320, 0x0001, 0xF2E0, 0x0001, 0xEB60, 0x0001, 0xFB80, 0x0001, 0xFAA0, 0x0001,
    0x4B74, 0x0001, 0x0BBD, 0x0001, 0x129A, 0x0001, 0x1379, 0x0001, 0x13FA, 0x0002, 0x145C, 0x0001,
    0x5A50, 0x0001, 0xC843, 0x0001, 0xF160, 0x0001, 0xEC20, 0x0001, 0xF380, 0x0001, 0xFAE0, 0x0001,
    0xD8E0, 0x0001, 0x18C5, 0x0021, 0xE0A0, 0x0001, 0xF8E0, 0x0001, 0xA0C7, 0x0001, 0x98C9, 0x0001,
    0x59D0, 0x0001, 0x03DF, 0x0001, 0x019A, 0x0001, 0x029E, 0x0001, 0x2BF9, 0x0001, 0xE202, 0x0001,
    0xF2C0, 0x0001, 0xEC00, 0x0001, 0xF400, 0x0001, 0xDAA0, 0x0001, 0xB200, 0x0001, 0x0020, 0x0001,
    0x2800, 0x0001, 0xD1E0, 0x0001, 0xF340, 0x0001, 0xEB00, 0x0001, 0xEBE0, 0x0002, 0xEBA0, 0x0001,
    0xF300, 0x0001, 0xB329, 0x0001, 0x5414, 0x0001, 0x041F, 0x0001, 0x027D, 0x0001, 0x01BB, 0x0001,
    0x00F7, 0x0001, 0x0035, 0x0001, 0x019B, 0x0001, 0x02BD, 0x0001, 0x039E, 0x0001, 0x039F, 0x0001,
    0x926B, 0x0001, 0xFB40, 0x0001, 0xE460, 0x0001, 0xF420, 0x0001, 0xFC00, 0x0001, 0xD900, 0x0001,
    0x18C5, 0x001F, 0xF840, 0x0001, 0xC124, 0x0001, 0x61D0, 0x0001, 0x0B3C, 0x0001, 0x041F, 0x0001,
    0x045F, 0x0001, 0x043E, 0x0001, 0x00B5, 0x0001, 0x01BA, 0x0001, 0x02BE, 0x0001, 0x32D8, 0x0001,
    0xDB24, 0x0001, 0xF3C0, 0x0001, 0xF420, 0x0001, 0xDA20, 0x0001, 0x0800, 0x0001, 0x4840, 0x0001,
    0x1040, 0x0001, 0xB2C0, 0x0001, 0xFC60, 0x0001, 0xF380, 0x0001, 0xF440, 0x0001, 0xF480, 0x0001,
    0xFB40, 0x0001, 0x7B8F, 0x0001, 0x04BF, 0x0001, 0x02DD, 0x0001, 0x01FC, 0x0001, 0x021C, 0x0001,
    0x031E, 0x0001, 0x03BF, 0x0001, 0x00B6, 0x0001, 0x029C, 0x0001, 0x04DE, 0x0001, 0x049D, 0x0001,
    0x04DD, 0x0001, 0x04FF, 0x0001, 0x924B, 0x0001, 0xFAA0, 0x0001, 0xF400, 0x0001, 0xEC40, 0x0001,
    0xFB60, 0x0001, 0xE0E0, 0x0001, 0x18C5, 0x001D, 0x38F2, 0x0001, 0x4B57, 0x0001, 0x1B19, 0x0001,
    0x03FF, 0x0001, 0x041D, 0x0001, 0x03FD, 0x0001, 0x043D, 0x0001, 0x031E, 0x0001, 0x0035, 0x0001,
    0x039D, 0x0001, 0x02DC, 0x0001, 0x027F, 0x0001, 0x8927, 0x0001, 0xE0A0, 0x0001, 0xD940, 0x0001,
    0xFA00, 0x0001, 0xCA20, 0x0001, 0xEA80, 0x0001, 0xCA00, 0x0001, 0xFA40, 0x0001, 0xD940, 0x0001,
    0xD8C0, 0x0001, 0xC900, 0x0001, 0xC920, 0x0001, 0x6829, 0x0001, 0x0179, 0x0001, 0x0A5C, 0x0001,
    0x031C, 0x0001, 0x03BE, 0x0001, 0x041E, 0x0001, 0x037D, 0x0001, 0x02FE, 0x0001, 0x027C, 0x0001,
    0x01FC, 0x0001, 0x045E, 0x0001, 0x051D, 0x0001, 0x045D, 0x0001, 0x04FE, 0x0001, 0x04DD, 0x0001,
    0x43D7, 0x0001, 0xB287, 0x0001, 0xFAE0, 0x0001, 0xF400, 0x0001, 0xFAE0, 0x0001, 0x18C5, 0x001C,
    0x0074, 0x0001, 0x039F, 0x0001, 0x041F, 0x0001, 0x037E, 0x0001, 0x03FD, 0x0002, 0x041D, 0x0001,
    0x03FF, 0x0001, 0x010C, 0x0001, 0x00F3, 0x0001, 0x041F, 0x0001, 0x043D, 0x0001, 0x041F, 0x0001,
    0x98C7, 0x0001, 0xF300, 0x0001, 0xEB40, 0x0002, 0xFC40, 0x0001, 0xF360, 0x0001, 0xFC20, 0x0001,
    0xEBA0, 0x0001, 0xEAA0, 0x0001, 0xEB40, 0x0001, 0xEB80, 0x0001, 0xF1C0, 0x0001, 0x3396, 0x0001,
    0x047D, 0x0001, 0x04BD, 0x0001, 0x04DE, 0x0001, 0x03FE, 0x0001, 0x041E, 0x0001, 0x043E, 0x0001,
    0x037D, 0x0001, 0x033E, 0x0001, 0x0096, 0x0001, 0x01FB, 0x0001, 0x04BF, 0x0001, 0x051D, 0x0001,
    0x043D, 0x0001, 0x04FD, 0x0001, 0x055F, 0x0001, 0x0CBD, 0x0001, 0x23FA, 0x0001, 0xD223, 0x0001,
    0xEB61, 0x0001, 0xF8C0, 0x0001, 0x18C5, 0x001A, 0x00B8, 0x0001, 0x029D, 0x0001, 0x039D, 0x0001,
    0x035E, 0x0001, 0x041D, 0x0001, 0x03FD, 0x0001, 0x043D, 0x0001, 0x03FF, 0x0001, 0x017A, 0x0001,
    0x0004, 0x0001, 0x00F3, 0x0001, 0x03BF, 0x0001, 0x03FD, 0x0001, 0x045F, 0x0001, 0xB227, 0x0001,
    0xFC40, 0x0001, 0xEB80, 0x0001, 0xF2A0, 0x0001, 0xEB20, 0x0001, 0xEA60, 0x0001, 0xEB00, 0x0001,
    0xF300, 0x0001, 0xF420, 0x0001, 0xF460, 0x0001, 0xE2E2, 0x0001, 0x53D4, 0x0001, 0x057F, 0x0001,
    0x053D, 0x0001, 0x053E, 0x0001, 0x049E, 0x0001, 0x03FE, 0x0001, 0x041E, 0x0002, 0x039E, 0x0001,
    0x031E, 0x0001, 0x01DC, 0x0001, 0x0014, 0x0001, 0x025D, 0x0001, 0x04BF, 0x0001, 0x051D, 0x0001,
    0x045E, 0x0001, 0x04DD, 0x0001, 0x053E, 0x0001, 0x04FE, 0x0001, 0x047F, 0x0001, 0x4395, 0x0001,
    0xB968, 0x0001, 0x18C5, 0x0019, 0x017B, 0x0001, 0x035F, 0x0001, 0x03DE, 0x0001, 0x021C, 0x0001,
    0x0199, 0x0001, 0x041F, 0x0001, 0x049E, 0x0001, 0x035E, 0x0001, 0x0139, 0x0001, 0x18C5, 0x0002,
    0x0013, 0x0001, 0x027E, 0x0001, 0x043D, 0x0001, 0x043F, 0x0001, 0xB207, 0x0001, 0xE960, 0x0001,
    0xEA40, 0x0001, 0xF2A0, 0x0001, 0xF220, 0x0001, 0xF280, 0x0001, 0xF2A0, 0x0001, 0xF240, 0x0001,
    0xEA60, 0x0001, 0xFB00, 0x0001, 0xB247, 0x0001, 0x059F, 0x0001, 0x04DD, 0x0001, 0x04FE, 0x0001,
    0x053E, 0x0001, 0x049E, 0x0001, 0x03FE, 0x0001, 0x039E, 0x0001, 0x041E, 0x0001, 0x03BE, 0x0001,
    0x02BE, 0x0001, 0x00FA, 0x0001, 0x18C5, 0x0002, 0x023E, 0x0001, 0x04BF, 0x0001, 0x04DD, 0x0001,
    0x047D, 0x0001, 0x04DD, 0x0001, 0x053D, 0x0001, 0x055D, 0x0001, 0x04BF, 0x0001, 0x043F, 0x0001,
    0x031F, 0x0001, 0x40B4, 0x0001, 0x18C5, 0x0016, 0x017B, 0x0001, 0x039F, 0x0001, 0x045D, 0x0001,
    0x041D, 0x0001, 0x043E, 0x0001, 0x01DA, 0x0001, 0x00D7, 0x0001, 0x0157, 0x0001, 0x0077, 0x0001,
    0x18C5, 0x0004, 0x00B7, 0x0001, 0x03BE, 0x0001, 0x045F, 0x0001, 0xB227, 0x0001, 0xF220, 0x0001,
    0xEB00, 0x0001, 0xF480, 0x0001, 0xF360, 0x0001, 0xF420, 0x0002, 0xEB60, 0x0001, 0xF280, 0x0001,
    0xE9E1, 0x0001, 0x3398, 0x0001, 0x04BE, 0x0001, 0x051D, 0x0001, 0x051E, 0x0001, 0x04DE, 0x0001,
    0x041E, 0x0002, 0x031D, 0x0001, 0x03FE, 0x0001, 0x02DE, 0x0001, 0x00B9, 0x0001, 0x18C5, 0x0004,
    0x021D, 0x0001, 0x037F, 0x0001, 0x03FE, 0x0001, 0x045E, 0x0002, 0x03DE, 0x0001, 0x049E, 0x0001,
    0x0CBD, 0x0001, 0x04FE, 0x0001, 0x137F, 0x0001, 0x892C, 0x0001, 0x18C5, 0x0014, 0xC000, 0x0001,
    0x229B, 0x0001, 0x045F, 0x0001, 0x041D, 0x0001, 0x043F, 0x0001, 0x0BBD, 0x0001, 0x2A77, 0x0001,
    0xC801, 0x0001, 0xB001, 0x0001, 0x18C5, 0x0006, 0x0118, 0x0001, 0x041F, 0x0001, 0xB206, 0x0001,
    0xFBA0, 0x0001, 0xEB60, 0x0001, 0xF3E0, 0x0001, 0xF320, 0x0001, 0xF3C0, 0x0001, 0xF360, 0x0001,
    0xEB60, 0x0001, 0xFB60, 0x0001, 0xC205, 0x0001, 0x053F, 0x0001, 0x047D, 0x0001, 0x041E, 0x0001,
    0x043E, 0x0001, 0x041E, 0x0002, 0x035D, 0x0001, 0x03FE, 0x0001, 0x02DF, 0x0001, 0x00B9, 0x0001,
    0x18C5, 0x0007, 0x01BE, 0x0001, 0x1179, 0x0001, 0x129B, 0x0001, 0x1B9B, 0x0001, 0x04DD, 0x0001,
    0x053E, 0x0001, 0x04DC, 0x0001, 0x045E, 0x0001, 0x041F, 0x0001, 0x910B, 0x0001, 0x18C5, 0x0013,
    0xB800, 0x0001, 0x61F1, 0x0001, 0x043F, 0x0001, 0x0B9C, 0x0001, 0x4297, 0x0001, 0xB8E4, 0x0001,
    0xE880, 0x0001, 0xFBA0, 0x0001, 0xF180, 0x0001, 0x18C5, 0x0007, 0x027F, 0x0001, 0x98C8, 0x0001,
    0xFAA0, 0x0001, 0xEB20, 0x0001, 0xF300, 0x0001, 0xF320, 0x0002, 0xF300, 0x0001, 0xEB60, 0x0001,
    0xF1C0, 0x0001, 0x149B, 0x0001, 0x055E, 0x0001, 0x049D, 0x0001, 0x03DE, 0x0001, 0x041E, 0x0001,
    0x041D, 0x0001, 0x037E, 0x0001, 0x01DF, 0x0001, 0x021C, 0x0001, 0x011B, 0x0001, 0x18C5, 0x0008,
    0xD8A0, 0x0001, 0xF9A0, 0x0001, 0xF240, 0x0001, 0xFA00, 0x0001, 0xB228, 0x0001, 0x0C7E, 0x0001,
    0x049F, 0x0001, 0x03FD, 0x0001, 0x4337, 0x0001, 0xAAA8, 0x0001, 0xC840, 0x0001, 0x18C5, 0x0012,
    0xA000, 0x0001, 0xF9E0, 0x0001, 0x6A10, 0x0001, 0x8109, 0x0001, 0xF9A0, 0x0001, 0xF300, 0x0001,
    0xF240, 0x0001, 0xEAA0, 0x0001, 0xF280, 0x0001, 0xD020, 0x0001, 0x18C5, 0x0007, 0xB004, 0x0001,
    0xFB80, 0x0001, 0xEB60, 0x0001, 0xF380, 0x0001, 0xF3A0, 0x0001, 0xF400, 0x0001, 0xF320, 0x0001,
    0xEC60, 0x0001, 0xF200, 0x0001, 0x1C9A, 0x0001, 0x051E, 0x0001, 0x043D, 0x0001, 0x041D, 0x0001,
    0x039E, 0x0001, 0x027F, 0x0001, 0x01DC, 0x0001, 0x015C, 0x0001, 0x18C5, 0x000A, 0xFA00, 0x0001,
    0xF3A0, 0x0001, 0xF360, 0x0001, 0xEC40, 0x0001, 0xFAE0, 0x0001, 0xAA48, 0x0001, 0x72F0, 0x0001,
    0x928B, 0x0001, 0xF9E0, 0x0001, 0xFBC0, 0x0001, 0xC8C0, 0x0001, 0x18C5, 0x0013, 0xC100, 0x0001,
    0xFA60, 0x0001, 0xE9E0, 0x0001, 0xEAE0, 0x0001, 0xEB20, 0x0001, 0xF2C0, 0x0001, 0xE960, 0x0001,
    0xF1C0, 0x0001, 0xD820, 0x0001, 0x18C5, 0x0007, 0xB926, 0x0001, 0xFB20, 0x0001, 0xEC00, 0x0001,
    0xF360, 0x0001, 0xF3A0, 0x0001, 0xF3E0, 0x0001, 0xF320, 0x0001, 0xEC60, 0x0001, 0xF200, 0x0001,
    0x0CBC, 0x0001, 0x04FF, 0x0001, 0x03FF, 0x0001, 0x03BF, 0x0001, 0x01FC, 0x0001, 0x18C5, 0x000C,
    0xD8E0, 0x0001, 0xF340, 0x0001, 0xEB40, 0x0001, 0xF3A0, 0x0002, 0xEB40, 0x0001, 0xFA00, 0x0001,
    0xF980, 0x0001, 0xFA40, 0x0001, 0xEBC0, 0x0001, 0xE1E0, 0x0001, 0x18C5, 0x0015, 0x98A0, 0x0001,
    0xF220, 0x0002, 0xF1C0, 0x0001, 0xE9E0, 0x0001, 0xEAE0, 0x0001, 0xF1E0, 0x0001, 0xF240, 0x0001,
    0xB040, 0x0001, 0x18C5, 0x0005, 0xB044, 0x0001, 0xE2C2, 0x0001, 0xF340, 0x0001, 0xF400, 0x0001,
    0xF340, 0x0001, 0xF380, 0x0001, 0xF3C0, 0x0001, 0xF320, 0x0001, 0xF3A0, 0x0001, 0xF1E0, 0x0001,
    0xDA03, 0x0001, 0xC9A3, 0x0001, 0xB0E4, 0x0001, 0xA0A4, 0x0001, 0x18C5, 0x000C, 0xB880, 0x0001,
    0xFAC0, 0x0001, 0xEB60, 0x0001, 0xF3A0, 0x0001, 0xEBA0, 0x0001, 0xE9A0, 0x0001, 0xEA00, 0x0001,
    0xEB20, 0x0001, 0xEA00, 0x0001, 0xF320, 0x0001, 0xE1C0, 0x0001, 0x18C5, 0x0017, 0x9800, 0x0001,
    0xE160, 0x0001, 0xF980, 0x0001, 0xFAA0, 0x0001, 0xF340, 0x0001, 0xEB40, 0x0001, 0xF1E0, 0x0001,
    0xD820, 0x0001, 0x18C5, 0x0004, 0xD020, 0x0001, 0xE880, 0x0001, 0xF300, 0x0001, 0xEB20, 0x0001,
    0xF300, 0x0002, 0xF340, 0x0001, 0xF300, 0x0001, 0xF340, 0x0001, 0xF320, 0x0001, 0xF2E0, 0x0001,
    0xF420, 0x0001, 0xFB40, 0x0001, 0xF960, 0x0001, 0xD840, 0x0001, 0x18C5, 0x0004, 0xD900, 0x0001,
    0xD840, 0x0001, 0xE8C0, 0x0001, 0xE0A0, 0x0001, 0x18C5, 0x0002, 0xFA20, 0x0001, 0xF1C0, 0x0001,
    0xF380, 0x0002, 0xEB40, 0x0001, 0xE9E0, 0x0001, 0xF200, 0x0001, 0xF2C0, 0x0001, 0xF240, 0x0001,
    0xFB40, 0x0001, 0xF940, 0x0001, 0xE0C0, 0x0001, 0x18C5, 0x0019, 0x9800, 0x0001, 0xC800, 0x0001,
    0xC0C0, 0x0001, 0xE9E0, 0x0001, 0xFA80, 0x0001, 0xEA20, 0x0001, 0xF9A0, 0x0001, 0xD120, 0x0001,
    0xB000, 0x0001, 0xF960, 0x0001, 0xFA20, 0x0001, 0xA926, 0x0001, 0x9086, 0x0001, 0xFB40, 0x0001,
    0xEB80, 0x0001, 0xF3A0, 0x0001, 0xF360, 0x0001, 0xF420, 0x0001, 0xF320, 0x0001, 0xF400, 0x0001,
    0xEC20, 0x0001, 0xEB60, 0x0001, 0xFB40, 0x0001, 0xE281, 0x0001, 0x7A4F, 0x0001, 0x5A4E, 0x0001,
    0x892C, 0x0001, 0xF8C0, 0x0001, 0xF1C0, 0x0001, 0xFA40, 0x0001, 0xE9A0, 0x0001, 0xF2E0, 0x0001,
    0xF3E0, 0x0001, 0xFB00, 0x0001, 0xFAA0, 0x0001, 0xFAE0, 0x0001, 0xEBA0, 0x0001, 0xF3C0, 0x0001,
    0xF2A0, 0x0001, 0xF2C0, 0x0001, 0xF240, 0x0001, 0xF1E0, 0x0001, 0xF1C0, 0x0001, 0xF160, 0x0001,
    0xE120, 0x0001, 0xD920, 0x0001, 0xC800, 0x0001, 0x18C5, 0x001D, 0x9800, 0x0001, 0xC040, 0x0001,
    0xF2A0, 0x0001, 0xEA80, 0x0001, 0xD940, 0x0001, 0xF260, 0x0001, 0xF360, 0x0001, 0xF180, 0x0001,
    0x70EB, 0x0001, 0x0B7C, 0x0001, 0xC123, 0x0001, 0xFB00, 0x0001, 0xEBA0, 0x0001, 0xF360, 0x0001,
    0xEC00, 0x0001, 0xEB20, 0x0001, 0xF400, 0x0001, 0xF3C0, 0x0001, 0xFA20, 0x0001, 0x6352, 0x0001,
    0x3418, 0x0001, 0x055F, 0x0001, 0x059F, 0x0001, 0x04BF, 0x0001, 0x722E, 0x0001, 0xD140, 0x0001,
    0xC8E0, 0x0001, 0xE240, 0x0001, 0xF440, 0x0001, 0xF400, 0x0001, 0xEC20, 0x0001, 0xEC40, 0x0001,
    0xEC60, 0x0001, 0xF3A0, 0x0001, 0xF2A0, 0x0001, 0xE880, 0x0001, 0xD860, 0x0001, 0xC940, 0x0001,
    0xD0C0, 0x0001, 0x18C5, 0x0024, 0x9080, 0x0001, 0xF240, 0x0001, 0xF1C0, 0x0001, 0xF380, 0x0001,
    0xE9E0, 0x0001, 0xF200, 0x0001, 0x7028, 0x0001, 0x037F, 0x0001, 0x0BBB, 0x0001, 0xC123, 0x0001,
    0xFB80, 0x0001, 0xEB80, 0x0001, 0xFC00, 0x0001, 0xF300, 0x0001, 0xEA82, 0x0001, 0x7ACE, 0x0001,
    0x23DB, 0x0001, 0x041F, 0x0001, 0x055F, 0x0001, 0x04FD, 0x0001, 0x04DD, 0x0001, 0x0D3D, 0x0001,
    0x039F, 0x0001, 0x700B, 0x0001, 0xEA60, 0x0001, 0xF480, 0x0001, 0xF360, 0x0002, 0xF400, 0x0001,
    0xEC00, 0x0001, 0xF380, 0x0001, 0xE120, 0x0001, 0xC820, 0x0001, 0x18C5, 0x0029, 0x8800, 0x0001,
    0xE9A0, 0x0001, 0xF2E0, 0x0001, 0xB8A0, 0x0001, 0xEA80, 0x0001, 0x7029, 0x0001, 0x02DF, 0x0001,
    0x045E, 0x0001, 0x139C, 0x0001, 0xD224, 0x0001, 0xFA60, 0x0001, 0xD2E4, 0x0001, 0xA26A, 0x0001,
    0x043E, 0x0001, 0x049E, 0x0001, 0x055F, 0x0001, 0x045D, 0x0001, 0x04FD, 0x0001, 0x051E, 0x0001,
    0x051D, 0x0001, 0x057F, 0x0001, 0x5291, 0x0001, 0xF281, 0x0001, 0xEBA0, 0x0001, 0xE100, 0x0001,
    0xF240, 0x0001, 0xF460, 0x0001, 0xEBE0, 0x0001, 0xEBA0, 0x0001, 0xFB00, 0x0001, 0xE960, 0x0001,
    0x18C5, 0x002B, 0x9000, 0x0001, 0xE9A0, 0x0001, 0xD9A0, 0x0001, 0xE8E0, 0x0001, 0x8027, 0x0001,
    0x039F, 0x0001, 0x0B5C, 0x0001, 0x041F, 0x0001, 0x1BDA, 0x0001, 0x920D, 0x0001, 0x13FB, 0x0001,
    0x04DF, 0x0001, 0x051D, 0x0001, 0x051E, 0x0001, 0x04BD, 0x0001, 0x03DE, 0x0001, 0x051E, 0x0001,
    0x04FD, 0x0001, 0x053E, 0x0001, 0x4AF0, 0x0001, 0xFA20, 0x0001, 0xFA40, 0x0001, 0x490B, 0x0001,
    0xB8C3, 0x0001, 0xFB60, 0x0001, 0xF340, 0x0001, 0xF2E0, 0x0001, 0xF280, 0x0001, 0xE0C0, 0x0001,
    0xA880, 0x0001, 0x18C5, 0x002C, 0xD1E0, 0x0001, 0xD960, 0x0001, 0x4192, 0x0001, 0x2AD7, 0x0001,
    0x03DE, 0x0001, 0x035D, 0x0002, 0x041E, 0x0001, 0x04BF, 0x0001, 0x053E, 0x0001, 0x051D, 0x0001,
    0x04FE, 0x0001, 0x053E, 0x0001, 0x043E, 0x0001, 0x033E, 0x0001, 0x051E, 0x0001, 0x04FD, 0x0001,
    0x053F, 0x0001, 0xB000, 0x0001, 0xA1C3, 0x0001, 0x3AD5, 0x0001, 0x516F, 0x0001, 0xEB42, 0x0001,
    0xEA80, 0x0001, 0xE160, 0x0001, 0xD960, 0x0001, 0xE220, 0x0001, 0x8800, 0x0001, 0x18C5, 0x002D,
    0xC9E0, 0x0001, 0xC0E0, 0x0001, 0x031E, 0x0001, 0x03FF, 0x0001, 0x037D, 0x0001, 0x03FE, 0x0001,
    0x02FD, 0x0001, 0x03FD, 0x0001, 0x047D, 0x0001, 0x051D, 0x0001, 0x04FE, 0x0001, 0x051E, 0x0001,
    0x049E, 0x0001, 0x03FE, 0x0001, 0x035E, 0x0001, 0x051E, 0x0003, 0x139A, 0x0001, 0x0B7A, 0x0001,
    0x05BF, 0x0001, 0xB227, 0x0001, 0xFB40, 0x0001, 0xB820, 0x0001, 0xE9A0, 0x0001, 0xA120, 0x0001,
    0xDA00, 0x0001, 0x8020, 0x0001, 0x18C5, 0x002D, 0xD9C0, 0x0001, 0xD0A0, 0x0001, 0x0B9B, 0x0001,
    0x039E, 0x0001, 0x037E, 0x0001, 0x043E, 0x0001, 0x023C, 0x0001, 0x033D, 0x0001, 0x03FD, 0x0001,
    0x04BD, 0x0001, 0x053E, 0x0001, 0x051E, 0x0001, 0x03DE, 0x0001, 0x03BE, 0x0001, 0x039E, 0x0001,
    0x041E, 0x0001, 0x051E, 0x0001, 0x04FE, 0x0001, 0x051E, 0x0001, 0x05BF, 0x0001, 0x622F, 0x0001,
    0xFAC1, 0x0001, 0xE1C0, 0x0001, 0x6845, 0x0001, 0xE1C0, 0x0001, 0xA140, 0x0001, 0xC8A0, 0x0001,
    0x8820, 0x0001, 0x18C5, 0x002D, 0xF820, 0x0001, 0x8969, 0x0001, 0x041E, 0x0001, 0x03DE, 0x0001,
    0x037D, 0x0001, 0x041E, 0x0001, 0x03BD, 0x0001, 0x01DC, 0x0001, 0x045F, 0x0001, 0x049E, 0x0001,
    0x04DD, 0x0001, 0x03DD, 0x0001, 0x02FD, 0x0001, 0x045E, 0x0001, 0x04BE, 0x0001, 0x037E, 0x0001,
    0x055E, 0x0001, 0x04FE, 0x0001, 0x04DD, 0x0001, 0x059F, 0x0001, 0x622E, 0x0001, 0xF8E0, 0x0001,
    0x5A4F, 0x0001, 0x0238, 0x0001, 0xD0E0, 0x0001, 0xB920, 0x0001, 0x6000, 0x0001, 0x18C5, 0x002E,
    0x2259, 0x0001, 0x0C1D, 0x0001, 0x041F, 0x0001, 0x043D, 0x0001, 0x037E, 0x0001, 0x03BE, 0x0001,
    0x041D, 0x0001, 0x02DD, 0x0001, 0x0159, 0x0001, 0x02DC, 0x0001, 0x03DF, 0x0001, 0x029E, 0x0001,
    0x029C, 0x0001, 0x045E, 0x0001, 0x04BE, 0x0001, 0x03DE, 0x0001, 0x04DE, 0x0001, 0x051E, 0x0001,
    0x04FD, 0x0001, 0x053E, 0x0001, 0x1BF8, 0x0001, 0x4233, 0x0001, 0x04DF, 0x0001, 0x049D, 0x0001,
    0x7949, 0x0001, 0xB840, 0x0001, 0x18C5, 0x002F, 0x035F, 0x0001, 0x045E, 0x0001, 0x03FD, 0x0001,
    0x043E, 0x0001, 0x037E, 0x0001, 0x03BE, 0x0001, 0x043E, 0x0001, 0x03DE, 0x0001, 0x01BB, 0x0001,
    0x0077, 0x0001, 0x00A6, 0x0001, 0x0069, 0x0001, 0x023B, 0x0001, 0x045E, 0x0001, 0x04FD, 0x0001,
    0x049E, 0x0001, 0x045E, 0x0001, 0x053E, 0x0001, 0x04FE, 0x0001, 0x051D, 0x0001, 0x051F, 0x0001,
    0x053F, 0x0001, 0x04FD, 0x0001, 0x059F, 0x0001, 0x037E, 0x0001, 0x18C5, 0x0030, 0x03FF, 0x0001,
    0x041D, 0x0001, 0x03FE, 0x0002, 0x041E, 0x0003, 0x03BE, 0x0001, 0x035E, 0x0001, 0x021C, 0x0001,
    0x017A, 0x0001, 0x0098, 0x0001, 0x0219, 0x0001, 0x047F, 0x0001, 0x04DD, 0x0001, 0x04DE, 0x0001,
    0x049E, 0x0001, 0x051E, 0x0001, 0x04FE, 0x0001, 0x051E, 0x0001, 0x051D, 0x0001, 0x04FD, 0x0001,
    0x04FE, 0x0001, 0x051D, 0x0001, 0x04BE, 0x0001, 0x037F, 0x0001, 0x18C5, 0x002E, 0x027F, 0x0001,
    0x045E, 0x0001, 0x03FE, 0x0001, 0x041E, 0x0004, 0x03FE, 0x0001, 0x043E, 0x0001, 0x039E, 0x0001,
    0x031E, 0x0001, 0x027E, 0x0001, 0x00D5, 0x0001, 0x0153, 0x0001, 0x041F, 0x0001, 0x04FD, 0x0001,
    0x051E, 0x0007, 0x04FE, 0x0001, 0x051E, 0x0001, 0x047D, 0x0001, 0x047F, 0x0001, 0x18C5, 0x002E,
    0x031F, 0x0001, 0x043E, 0x0001, 0x041E, 0x0001, 0x03FE, 0x0001, 0x039E, 0x0001, 0x041E, 0x0002,
    0x03FE, 0x0001, 0x041E, 0x0001, 0x037E, 0x0001, 0x02FD, 0x0001, 0x031F, 0x0001, 0x00F0, 0x0001,
    0x0007, 0x0001, 0x031E, 0x0001, 0x04BD, 0x0001, 0x04FD, 0x0001, 0x051E, 0x0002, 0x047E, 0x0001,
    0x051E, 0x0003, 0x04FE, 0x0001, 0x053E, 0x0001, 0x047D, 0x0001, 0x04DE, 0x0001, 0x03DE, 0x0001,
    0x18C5, 0x002C, 0x01FC, 0x0001, 0x043E, 0x0001, 0x03FD, 0x0001, 0x03FE, 0x0001, 0x035E, 0x0001,
    0x03DE, 0x0001, 0x041E, 0x0001, 0x03FE, 0x0002, 0x041E, 0x0001, 0x037E, 0x0001, 0x02FD, 0x0001,
    0x033F, 0x0001, 0x01F3, 0x0001, 0x0006, 0x0001, 0x025D, 0x0001, 0x043E, 0x0001, 0x051D, 0x0001,
    0x04FE, 0x0001, 0x051E, 0x0001, 0x04BE, 0x0001, 0x047E, 0x0001, 0x051E, 0x0002, 0x04FE, 0x0001,
    0x053E, 0x0001, 0x047E, 0x0001, 0x04BE, 0x0001, 0x051F, 0x0001, 0x02FD, 0x0001, 0x18C5, 0x002B,
    0x01FC, 0x0001, 0x043E, 0x0001, 0x03FD, 0x0001, 0x041E, 0x0001, 0x031E, 0x0001, 0x041E, 0x0002,
    0x035E, 0x0001, 0x03DE, 0x0001, 0x043E, 0x0001, 0x037E, 0x0001, 0x02FD, 0x0001, 0x035F, 0x0001,
    0x025D, 0x0001, 0x18C5, 0x0001, 0x017C, 0x0001, 0x03FF, 0x0001, 0x051E, 0x0001, 0x047E, 0x0001,
    0x04BE, 0x0001, 0x053E, 0x0001, 0x04BE, 0x0001, 0x047E, 0x0001, 0x051E, 0x0001, 0x04FE, 0x0001,
    0x053E, 0x0001, 0x047E, 0x0001, 0x049D, 0x0001, 0x055F, 0x0001, 0x041E, 0x0001, 0x18C5, 0x002B,
    0x01FC, 0x0001, 0x043E, 0x0001, 0x041D, 0x0001, 0x03BE, 0x0001, 0x037E, 0x0001, 0x041E, 0x0002,
    0x035E, 0x0001, 0x03DE, 0x0001, 0x043E, 0x0001, 0x037E, 0x0001, 0x02FD, 0x0001, 0x033E, 0x0001,
    0x01BC, 0x0001, 0x18C5, 0x0001, 0x0013, 0x0001, 0x037F, 0x0001, 0x049E, 0x0003, 0x051E, 0x0001,
    0x053E, 0x0001, 0x047E, 0x0001, 0x049E, 0x0001, 0x051E, 0x0001, 0x053E, 0x0001, 0x049E, 0x0002,
    0x055D, 0x0001, 0x04DF, 0x0001, 0x029E, 0x0001, 0x18C5, 0x002A, 0x01DC, 0x0001, 0x043E, 0x0001,
    0x041D, 0x0001, 0x033E, 0x0001, 0x03FE, 0x0001, 0x041E, 0x0002, 0x035E, 0x0001, 0x03DE, 0x0001,
    0x043E, 0x0001, 0x037E, 0x0001, 0x02FE, 0x0001, 0x031E, 0x0001, 0x00FC, 0x0001, 0x18C5, 0x0002,
    0x0159, 0x0001, 0x047E, 0x0001, 0x043D, 0x0001, 0x04BE, 0x0001, 0x051E, 0x0002, 0x04DE, 0x0001,
    0x045E, 0x0001, 0x051E, 0x0001, 0x04FE, 0x0001, 0x041E, 0x0001, 0x04BE, 0x0001, 0x053E, 0x0001,
    0x04FF, 0x0001, 0x035D, 0x0001, 0x18C5, 0x002A, 0x02FD, 0x0001, 0x041E, 0x0002, 0x035E, 0x0001,
    0x03DE, 0x0001, 0x041E, 0x0002, 0x033E, 0x0001, 0x03DE, 0x0001, 0x043E, 0x0001, 0x039E, 0x0001,
    0x031E, 0x0001, 0x02DE, 0x0001, 0x0055, 0x0001, 0x18C5, 0x0003, 0x029E, 0x0001, 0x043E, 0x0001,
    0x04BE, 0x0001, 0x051E, 0x0001, 0x04FE, 0x0001, 0x051E, 0x0001, 0x04DE, 0x0001, 0x045E, 0x0001,
    0x04BE, 0x0001, 0x03DE, 0x0001, 0x04BE, 0x0001, 0x051D, 0x0001, 0x053E, 0x0001, 0x047F, 0x0001,
    0x18C5, 0x0029, 0x019C, 0x0001, 0x03BF, 0x0001, 0x039E, 0x0001, 0x037E, 0x0001, 0x039E, 0x0001,
    0x041E, 0x0001, 0x03FE, 0x0001, 0x041E, 0x0001, 0x037E, 0x0001, 0x03DE, 0x0001, 0x041E, 0x0001,
    0x037E, 0x0001, 0x031E, 0x0001, 0x029E, 0x0001, 0x0012, 0x0001, 0x18C5, 0x0003, 0x00B7, 0x0001,
    0x037F, 0x0001, 0x041D, 0x0001, 0x04FE, 0x0001, 0x051E, 0x0001, 0x04FE, 0x0001, 0x051E, 0x0001,
    0x045E, 0x0001, 0x041E, 0x0002, 0x04DE, 0x0001, 0x051E, 0x0001, 0x053D, 0x0001, 0x049F, 0x0001,
    0x18C5, 0x0029, 0x019B, 0x0001, 0x03BF, 0x0001, 0x033E, 0x0001, 0x039E, 0x0001, 0x03DE, 0x0001,
    0x041E, 0x0004, 0x02DD, 0x0001, 0x03BE, 0x0001, 0x02DD, 0x0001, 0x033E, 0x0001, 0x011A, 0x0001,
    0x18C5, 0x0005, 0x013B, 0x0001, 0x039F, 0x0001, 0x04DD, 0x0001, 0x051E, 0x0003, 0x04FE, 0x0001,
    0x03DE, 0x0001, 0x049E, 0x0001, 0x053E, 0x0001, 0x04FE, 0x0001, 0x055E, 0x0001, 0x043F, 0x0001,
    0x18C5, 0x0029, 0x019C, 0x0001, 0x03FF, 0x0001, 0x035E, 0x0001, 0x039E, 0x0001, 0x043E, 0x0001,
    0x03FE, 0x0001, 0x041E, 0x0002, 0x03FE, 0x0001, 0x01FC, 0x0001, 0x03DE, 0x0001, 0x031E, 0x0001,
    0x029E, 0x0001, 0x0014, 0x0001, 0x18C5, 0x0006, 0x025F, 0x0001, 0x053E, 0x0001, 0x051E, 0x0004,
    0x045E, 0x0001, 0x047E, 0x0001, 0x053E, 0x0001, 0x04FE, 0x0001, 0x053E, 0x0001, 0x033F, 0x0001,
    0x18C5, 0x0029, 0x017B, 0x0001, 0x041F, 0x0001, 0x03BE, 0x0001, 0x037E, 0x0001, 0x043E, 0x0001,
    0x03FE, 0x0001, 0x041E, 0x0003, 0x01FC, 0x0001, 0x035E, 0x0001, 0x029D, 0x0001, 0x0097, 0x0001,
    0x18C5, 0x0007, 0x017B, 0x0001, 0x043F, 0x0001, 0x053D, 0x0001, 0x051E, 0x0003, 0x04DE, 0x0001,
    0x03FE, 0x0001, 0x04DE, 0x0001, 0x051D, 0x0001, 0x053E, 0x0001, 0x025C, 0x0001, 0x18C5, 0x0029,
    0x0014, 0x0001, 0x02FE, 0x0001, 0x03BE, 0x0001, 0x035E, 0x0001, 0x043E, 0x0001, 0x03FE, 0x0001,
    0x041E, 0x0003, 0x029D, 0x0001, 0x021C, 0x0001, 0x019C, 0x0001, 0x18C5, 0x0008, 0x0013, 0x0001,
    0x037E, 0x0001, 0x051E, 0x0002, 0x04FE, 0x0002, 0x051E, 0x0001, 0x049E, 0x0001, 0x03DE, 0x0001,
    0x04BD, 0x0001, 0x043F, 0x0001, 0x019B, 0x0001, 0x18C5, 0x002A, 0x01DC, 0x0001, 0x03BE, 0x0001,
    0x02DD, 0x0001, 0x039E, 0x0001, 0x041E, 0x0002, 0x03FE, 0x0001, 0x043E, 0x0001, 0x02BC, 0x0001,
    0x0015, 0x0001, 0x00B9, 0x0001, 0x18C5, 0x0009, 0x0119, 0x0001, 0x049F, 0x0001, 0x04DD, 0x0001,
    0x051E, 0x0001, 0x04FE, 0x0001, 0x051E, 0x0001, 0x045E, 0x0001, 0x043E, 0x0002, 0x037F, 0x0001,
    0x18C5, 0x002C, 0x029E, 0x0001, 0x031D, 0x0001, 0x02FE, 0x0001, 0x039E, 0x0001, 0x041E, 0x0002,
    0x03BE, 0x0001, 0x025D, 0x0001, 0x00BA, 0x0001, 0x18C5, 0x000B, 0x027C, 0x0001, 0x047E, 0x0001,
    0x04DD, 0x0001, 0x051E, 0x0001, 0x045E, 0x0001, 0x03DE, 0x0001, 0x04DE, 0x0002, 0x03BE, 0x0001,
    0x01FE, 0x0001, 0x18C5, 0x002B, 0x0119, 0x0001, 0x03FE, 0x0001, 0x025C, 0x0001, 0x02BD, 0x0001,
    0x035E, 0x0001, 0x037E, 0x0001, 0x031E, 0x0001, 0x0077, 0x0001, 0x0076, 0x0001, 0x18C5, 0x000C,
    0x027C, 0x0001, 0x049F, 0x0001, 0x043D, 0x0001, 0x03FE, 0x0001, 0x045E, 0x0001, 0x04FE, 0x0001,
    0x051E, 0x0001, 0x04FE, 0x0001, 0x02FF, 0x0001, 0x18C5, 0x002C, 0x033F, 0x0001, 0x041D, 0x0001,
    0x021C, 0x0001, 0x02DD, 0x0001, 0x02BD, 0x0001, 0x0117, 0x0001, 0x013B, 0x0001, 0x0013, 0x0001,
    0x18C5, 0x000D, 0x027C, 0x0001, 0x047F, 0x0001, 0x039D, 0x0001, 0x03FE, 0x0001, 0x055E, 0x0001,
    0x04FE, 0x0001, 0x04FD, 0x0001, 0x03DF, 0x0001, 0x18C5, 0x002C, 0x02DE, 0x0001, 0x049E, 0x0001,
    0x03BD, 0x0001, 0x017C, 0x0001, 0x00F8, 0x0001, 0x029C, 0x0001, 0x015B, 0x0001, 0x18C5, 0x000F,
    0x01DC, 0x0001, 0x02BE, 0x0001, 0x03FE, 0x0001, 0x051E, 0x0002, 0x04DE, 0x0001, 0x043D, 0x0001,
    0x02BF, 0x0001, 0x18C5, 0x002B, 0x01DB, 0x0001, 0x047F, 0x0001, 0x03BD, 0x0001, 0x019C, 0x0001,
    0x02FE, 0x0001, 0x035F, 0x0001, 0x0013, 0x0001, 0x18C5, 0x0010, 0x00FA, 0x0001, 0x02DE, 0x0001,
    0x04BE, 0x0001, 0x051E, 0x0001, 0x055E, 0x0001, 0x041D, 0x0001, 0x037F, 0x0001, 0x021C, 0x0001,
    0x18C5, 0x002A, 0x01BB, 0x0001, 0x039F, 0x0001, 0x02DD, 0x0001, 0x01FC, 0x0001, 0x035E, 0x0001,
    0x021D, 0x0001, 0x011A, 0x0001, 0x18C5, 0x0011, 0x00DA, 0x0001, 0x03BE, 0x0001, 0x053E, 0x0001,
    0x04DE, 0x0001, 0x03FE, 0x0001, 0x037E, 0x0001, 0x037F, 0x0001, 0x017B, 0x0001, 0x18C5, 0x0029,
    0x011A, 0x0001, 0x02DF, 0x0001, 0x02FE, 0x0001, 0x033D, 0x0001, 0x043E, 0x0001, 0x023D, 0x0001,
    0x027E, 0x0001, 0x0014, 0x0001, 0x18C5, 0x0010, 0x00F9, 0x0001, 0x01DF, 0x0001, 0x039D, 0x0001,
    0x043E, 0x0001, 0x041E, 0x0001, 0x035E, 0x0001, 0x03FF, 0x0001, 0x01BC, 0x0001, 0x18C5, 0x0029,
    0x013C, 0x0001, 0x02FE, 0x0001, 0x033E, 0x0001, 0x041E, 0x0002, 0x039E, 0x0001, 0x02FF, 0x0001,
    0x01BB, 0x0001, 0x18C5, 0x0011, 0x01DC, 0x0001, 0x029D, 0x0001, 0x03BD, 0x0001, 0x03FE, 0x0001,
    0x043E, 0x0001, 0x045D, 0x0001, 0x041F, 0x0001, 0x021D, 0x0001, 0x18C5, 0x0027, 0x00F8, 0x0001,
    0x031F, 0x0001, 0x031D, 0x0001, 0x031E, 0x0001, 0x041E, 0x0003, 0x03DE, 0x0001, 0x027F, 0x0001,
    0x18C5, 0x0011, 0x017C, 0x0001, 0x037F, 0x0001, 0x03DE, 0x0001, 0x049E, 0x0001, 0x04FE, 0x0001,
    0x043E, 0x0001, 0x049D, 0x0001, 0x04FF, 0x0001, 0x037F, 0x0001, 0x18C5, 0x0026, 0x01DD, 0x0001,
    0x035E, 0x0001, 0x02FE, 0x0001, 0x033E, 0x0001, 0x041E, 0x0003, 0x03FD, 0x0001, 0x033F, 0x0001,
    0x019B, 0x0001, 0x18C5, 0x0010, 0x0075, 0x0001, 0x029E, 0x0001, 0x049E, 0x0001, 0x053E, 0x0001,
    0x051E, 0x0001, 0x04BE, 0x0001, 0x041E, 0x0001, 0x053D, 0x0001, 0x051F, 0x0001, 0x033E, 0x0001,
    0x18C5, 0x0024, 0x0096, 0x0001, 0x033E, 0x0001, 0x02FD, 0x0001, 0x02FE, 0x0001, 0x033E, 0x0001,
    0x041E, 0x0002, 0x03FE, 0x0001, 0x031D, 0x0001, 0x037F, 0x0001, 0x017A, 0x0001, 0x18C5, 0x0010,
    0x0012, 0x0001, 0x02BE, 0x0001, 0x037E, 0x0001, 0x049E, 0x0001, 0x051E, 0x0002, 0x041E, 0x0001,
    0x047E, 0x0001, 0x055D, 0x0001, 0x045F, 0x0001, 0x031D, 0x0001, 0x18C5, 0x0023, 0x1850, 0x0001,
    0x031F, 0x0001, 0x033E, 0x0001, 0x02DD, 0x0001, 0x02BD, 0x0001, 0x03BD, 0x0002, 0x031D, 0x0001,
    0x02DD, 0x0001, 0x035D, 0x0001, 0x01DD, 0x0001, 0x18C5, 0x0010, 0x0013, 0x0001, 0x037E, 0x0001,
    0x035E, 0x0001, 0x045E, 0x0001, 0x051E, 0x0002, 0x04BE, 0x0001, 0x043E, 0x0001, 0x051E, 0x0001,
    0x045D, 0x0001, 0x03BF, 0x0001, 0x015F, 0x0001, 0x18C5, 0x0022, 0x8000, 0x0001, 0x70CF, 0x0001,
    0x2298, 0x0001, 0x037F, 0x0001, 0x01DE, 0x0001, 0x033F, 0x0002, 0x035F, 0x0002, 0x033F, 0x0001,
    0x1997, 0x0001, 0x18C5, 0x0010, 0x0013, 0x0001, 0x037E, 0x0001, 0x03DE, 0x0001, 0x03FD, 0x0001,
    0x043D, 0x0001, 0x051D, 0x0001, 0x04DD, 0x0001, 0x03DD, 0x0001, 0x045D, 0x0001, 0x047F, 0x0001,
    0x03DE, 0x0001, 0xA0AA, 0x0001, 0x18C5, 0x0022, 0x8820, 0x0001, 0xF900, 0x0001, 0xB8C3, 0x0001,
    0x90E9, 0x0001, 0x6887, 0x0001, 0x90C8, 0x0001, 0x90E8, 0x0001, 0x90C8, 0x0001, 0x90E8, 0x0001,
    0x90A9, 0x0001, 0x9001, 0x0001, 0x18C5, 0x0010, 0x0013, 0x0001, 0x02FF, 0x0001, 0x047F, 0x0001,
    0x041E, 0x0001, 0x03FE, 0x0001, 0x051E, 0x0001, 0x04FE, 0x0001, 0x03FE, 0x0001, 0x043F, 0x0001,
    0x8A6C, 0x0001, 0xCA66, 0x0001, 0xF980, 0x0001, 0x18C5, 0x0022, 0x9020, 0x0001, 0xF1A0, 0x0001,
    0xF160, 0x0001, 0xF100, 0x0001, 0x9800, 0x0001, 0xF960, 0x0001, 0xE040, 0x0001, 0xF0C0, 0x0001,
    0xF900, 0x0001, 0xB800, 0x0001, 0x18C5, 0x0012, 0x1198, 0x0001, 0x13DC, 0x0001, 0x13BB, 0x0002,
    0x1BDA, 0x0001, 0x149C, 0x0001, 0x6AF0, 0x0001, 0xE1C3, 0x0001, 0xF280, 0x0001, 0xFB20, 0x0001,
    0xF1E0, 0x0001, 0x18C5, 0x0022, 0x8800, 0x0001, 0xD040, 0x0001, 0xF180, 0x0001, 0xE9A0, 0x0001,
    0xA060, 0x0001, 0xF1A0, 0x0001, 0xE0C0, 0x0001, 0xD900, 0x0001, 0xA840, 0x0001, 0x18C5, 0x0013,
    0x8000, 0x0001, 0xD840, 0x0001, 0xF9E0, 0x0001, 0xF1C0, 0x0003, 0xF220, 0x0001, 0xF2E0, 0x0001,
    0xEB00, 0x0001, 0xF360, 0x0001, 0xF180, 0x0001, 0x18C5, 0x0022, 0x8800, 0x0001, 0xC000, 0x0001,
    0xD840, 0x0001, 0xD8A0, 0x0001, 0xB820, 0x0001, 0xD840, 0x0001, 0xD860, 0x0001, 0x8860, 0x0001,
    0x18C5, 0x0015, 0x8020, 0x0001, 0xE980, 0x0001, 0xFB60, 0x0001, 0xF360, 0x0001, 0xEB60, 0x0001,
    0xEA40, 0x0002, 0xF340, 0x0001, 0xF1C0, 0x0001, 0xD840, 0x0001, 0x18C5, 0x0023, 0xA800, 0x0001,
    0xE080, 0x0001, 0xE100, 0x0001, 0xD020, 0x0001, 0xD8A0, 0x0001, 0x8000, 0x0001, 0x18C5, 0x0017,
    0x8800, 0x0001, 0xC8A0, 0x0001, 0xD8E0, 0x0001, 0xF1E0, 0x0001, 0xF1A0, 0x0002, 0xF200, 0x0001,
    0xF220, 0x0001, 0xE080, 0x0001, 0x18C5, 0x0023, 0x9800, 0x0001, 0xE020, 0x0001, 0xC060, 0x0001,
    0xE900, 0x0001, 0xA840, 0x0001, 0x18C5, 0x001A, 0xB000, 0x0001, 0xFA80, 0x0001, 0xF300, 0x0001,
    0xEA00, 0x0001, 0xF260, 0x0001, 0xFB00, 0x0001, 0xE920, 0x0001, 0x18C5, 0x0023, 0xA000, 0x0001,
    0xD000, 0x0001, 0xB800, 0x0001, 0xC800, 0x0001, 0x18C5, 0x001C, 0xB8A0, 0x0001, 0xFAA0, 0x0001,
    0xF2A0, 0x0001, 0xF1E0, 0x0001, 0xF9C0, 0x0001, 0xC800, 0x0001, 0x18C5, 0x0023, 0xB000, 0x0001,
    0xC000, 0x0001, 0xC800, 0x0001, 0x9800, 0x0001, 0x18C5, 0x001D, 0xC820, 0x0001, 0xF1A0, 0x0003,
    0xB800, 0x0001, 0x18C5, 0x0022, 0x8800, 0x0001, 0xC800, 0x0001, 0xB000, 0x0001, 0xB800, 0x0001,
    0x18C5, 0x001F, 0xDA00, 0x0001, 0xFB20, 0x0001, 0xE9A0, 0x0001, 0xA000, 0x0001, 0x18C5, 0x0022,
    0xB000, 0x0001, 0xC000, 0x0002, 0x9800, 0x0001, 0x18C5, 0x001F, 0xC840, 0x0001, 0xFA80, 0x0001,
    0xF920, 0x0001, 0xC000, 0x0001, 0x18C5, 0x0021, 0x8800, 0x0001, 0xC000, 0x0001, 0xB800, 0x0001,
    0xC000, 0x0001, 0x9000, 0x0001, 0x18C5, 0x001F, 0x9800, 0x0001, 0xE960, 0x0001, 0xF9C0, 0x0001,
    0xF180, 0x0001, 0x18C5, 0x0020, 0x9000, 0x0001, 0xE080, 0x0001, 0xD000, 0x0001, 0xB000, 0x0001,
    0xB800, 0x0001, 0x9800, 0x0001, 0x18C5, 0x001F, 0x7000, 0x0001, 0xEAA0, 0x0001, 0xFA60, 0x0001,
    0xFA40, 0x0001, 0x18C5, 0x001F, 0x9860, 0x0001, 0xE920, 0x0001, 0xF160, 0x0001, 0xC840, 0x0001,
    0xD080, 0x0001, 0xC880, 0x0001, 0xD840, 0x0001, 0x7800, 0x0001, 0x18C5, 0x001E, 0x7000, 0x0001,
    0xD0A0, 0x0001, 0xF160, 0x0001, 0xF2A0, 0x0001, 0xE920, 0x0001, 0x18C5, 0x001C, 0x8000, 0x0001,
    0xB800, 0x0001, 0xD020, 0x0001, 0xE900, 0x0001, 0xE140, 0x0001, 0xA060, 0x0001, 0xC900, 0x0001,
    0xB0C0, 0x0001, 0xF960, 0x0001, 0xC000, 0x0001, 0x7800, 0x0001, 0x18C5, 0x001D, 0xA020, 0x0001,
    0xEA00, 0x0001, 0xF260, 0x0001, 0xEA00, 0x0001, 0xFA40, 0x0001, 0x18C5, 0x001B, 0x9020, 0x0001,
    0xD860, 0x0001, 0xF160, 0x0001, 0xF180, 0x0001, 0xE0A0, 0x0001, 0xD060, 0x0001, 0x9840, 0x0001,
    0xB0A0, 0x0001, 0xB080, 0x0001, 0xE0A0, 0x0001, 0xD840, 0x0001, 0xA800, 0x0001, 0x18C5, 0x001D,
    0xD9E0, 0x0001, 0xD8E0, 0x0001, 0xEA60, 0x0001, 0xF2A0, 0x0001, 0xF3C0, 0x0001, 0xD8A0, 0x0001,
    0x18C5, 0x0018, 0xA000, 0x0001, 0xC0A0, 0x0001, 0xE920, 0x0001, 0xF1A0, 0x0001, 0xE980, 0x0001,
    0xF1A0, 0x0001, 0xF1C0, 0x0001, 0xE920, 0x0001, 0xB800, 0x0001, 0x9000, 0x0001, 0xD060, 0x0001,
    0xE960, 0x0001, 0xF980, 0x0001, 0xC860, 0x0001, 0x18C5, 0x001D, 0xC880, 0x0001, 0xD0A0, 0x0001,
    0xF3A0, 0x0001, 0xF3E0, 0x0001, 0xF3C0, 0x0001, 0xF280, 0x0001, 0x18C5, 0x0014, 0x8800, 0x0001,
    0xD060, 0x0001, 0xE920, 0x0001, 0xF100, 0x0001, 0xF120, 0x0001, 0xF9C0, 0x0001, 0xF1A0, 0x0001,
    0xF180, 0x0001, 0xF160, 0x0001, 0xE080, 0x0001, 0xE880, 0x0001, 0xC800, 0x0001, 0xB800, 0x0001,
    0xC000, 0x0001, 0xD860, 0x0001, 0xF160, 0x0001, 0xF9C0, 0x0001, 0xE120, 0x0001, 0x18C5, 0x001D,
    0x8000, 0x0001, 0xE940, 0x0001, 0xE140, 0x0001, 0xF200, 0x0001, 0xEAC0, 0x0001, 0xF3C0, 0x0001,
    0xE960, 0x0001, 0x18C5, 0x0013, 0x8000, 0x0001, 0x9020, 0x0001, 0xB060, 0x0001, 0xC060, 0x0001,
    0xB840, 0x0001, 0xB020, 0x0001, 0xB840, 0x0001, 0xA040, 0x0001, 0x7820, 0x0001, 0x2000, 0x0002,
    0x1800, 0x0001, 0x7800, 0x0001, 0x9800, 0x0001, 0xB000, 0x0001, 0xB820, 0x0001, 0xB840, 0x0001,
    0x9020, 0x0001, 0x18C5, 0x001D, 0x7000, 0x0001, 0xB820, 0x0001, 0xEA60, 0x0001, 0xF380, 0x0001,
    0xF300, 0x0001, 0xEBE0, 0x0001, 0xFBA0, 0x0001, 0xE8E0, 0x0001, 0x18C5, 0x0042, 0x8000, 0x0001,
    0xF360, 0x0001, 0xEC40, 0x0001, 0xF400, 0x0001, 0xEB00, 0x0001, 0xF440, 0x0001, 0xF2A0, 0x0001,
    0x18C5, 0x0042, 0x8000, 0x0001, 0xFAC0, 0x0001, 0xFC20, 0x0001, 0xEC00, 0x0001, 0xEB40, 0x0001,
    0xEBE0, 0x0001, 0xF440, 0x0001, 0xF920, 0x0001, 0x18C5, 0x0042, 0xA880, 0x0001, 0xCA00, 0x0001,
    0xFC40, 0x0001, 0xF280, 0x0001, 0xFC20, 0x0001, 0xF2A0, 0x0001, 0xB880, 0x0001, 0x18C5, 0x0043,
    0x8000, 0x0001, 0xA0C0, 0x0001, 0x9040, 0x0001, 0xA8A0, 0x0001, 0xC020, 0x0001, 0x18C5, 0x000A,
    0x18C5, 0x00B2, 0xD8C0, 0x0001, 0xF1E0, 0x0001, 0xE9E0, 0x0001, 0xF1A0, 0x0001, 0xD880, 0x0001,
    0x18C5, 0x0042, 0xE0A0, 0x0001, 0xFA60, 0x0001, 0xF3C0, 0x0001, 0xFC80, 0x0001, 0xFC60, 0x0001,
    0xEB80, 0x0001, 0xF300, 0x0001, 0xFA00, 0x0001, 0xD820, 0x0001, 0x18C5, 0x003F, 0xE120, 0x0001,
    0xFB20, 0x0001, 0xEC40, 0x0001, 0xFBA0, 0x0001, 0x9980, 0x0001, 0xB220, 0x0001, 0xFC00, 0x0001,
    0xEB40, 0x0001, 0xF460, 0x0001, 0xFAA0, 0x0001, 0xD060, 0x0001, 0x18C5, 0x003D, 0xC0A0, 0x0001,
    0xFB20, 0x0001, 0xEB20, 0x0001, 0xEB40, 0x0001, 0xFAE0, 0x0001, 0x7000, 0x0001, 0x1000, 0x0001,
    0xB880, 0x0001, 0xFB20, 0x0001, 0xEBE0, 0x0001, 0xF460, 0x0001, 0xE0E0, 0x0001, 0x18C5, 0x003D,
    0x90E0, 0x0001, 0xFBA0, 0x0001, 0xEB60, 0x0001, 0xFBE0, 0x0001, 0x9080, 0x0001, 0x5AEB, 0x0001,
    0xCE79, 0x0001, 0x3946, 0x0001, 0xC160, 0x0001, 0xF380, 0x0001, 0xF400, 0x0001, 0xE9C0, 0x0001,
    0x18C5, 0x003D, 0x2820, 0x0001, 0xF9C0, 0x0001, 0xF440, 0x0001, 0xC880, 0x0001, 0x5AEC, 0x0001,
    0xF7DF, 0x0001, 0xFFFF, 0x0001, 0xBE39, 0x0001, 0x2060, 0x0001, 0xFAC0, 0x0001, 0xF360, 0x0001,
    0xD080, 0x0001, 0x18C5, 0x003D, 0x3800, 0x0001, 0xD0A0, 0x0001, 0xFB00, 0x0001, 0xD42E, 0x0001,
    0xF7BF, 0x0001, 0xEF7D, 0x0001, 0xF79E, 0x0001, 0xCE9A, 0x0001, 0x3020, 0x0001, 0xFAA0, 0x0001,
    0xFB80, 0x0001, 0xA820, 0x0001, 0x18C5, 0x003E, 0x7900, 0x0001, 0xFB80, 0x0001, 0x52A8, 0x0001,
    0xE77E, 0x0001, 0xFFDE, 0x0001, 0xFFFF, 0x0001, 0xB5F7, 0x0001, 0x2020, 0x0001, 0xFA80, 0x0001,
    0xD9A0, 0x0001, 0x18C5, 0x003F, 0xB140, 0x0001, 0xFC20, 0x0001, 0xC2C0, 0x0001, 0x3925, 0x0001,
    0xC679, 0x0001, 0xD679, 0x0001, 0x0904, 0x0001, 0x3000, 0x0001, 0xF9E0, 0x0001, 0xB080, 0x0001,
    0x18C5, 0x0040, 0xFA00, 0x0001, 0xFB80, 0x0001, 0xC100, 0x0001, 0x1800, 0x0001, 0x0000, 0x0001,
    0x3800, 0x0001, 0xE9A0, 0x0001, 0xE200, 0x0001, 0xC800, 0x0001, 0x18C5, 0x0040, 0xA840, 0x0001,
    0xF2A0, 0x0001, 0xFBC0, 0x0001, 0xD220, 0x0001, 0x8100, 0x0001, 0xFA60, 0x0001, 0xF320, 0x0001,
    0xC120, 0x0001, 0xE9C0, 0x0001, 0xC000, 0x0001, 0xA000, 0x0001, 0xD000, 0x0001, 0xC000, 0x0001,
    0x18C5, 0x003C, 0xA800, 0x0001, 0xA020, 0x0001, 0xE9E0, 0x0001, 0xF360, 0x0001, 0xFA40, 0x0001,
    0xC0C0, 0x0001, 0xA0E0, 0x0001, 0xE9E0, 0x0001, 0xF2E0, 0x0001, 0xEA60, 0x0001, 0xD860, 0x0001,
    0xF9C0, 0x0001, 0xF980, 0x0001, 0xE9C0, 0x0001, 0xE000, 0x0001, 0xC800, 0x0001, 0x18C5, 0x0032,
    0xB800, 0x0001, 0xD040, 0x0001, 0xD020, 0x0001, 0xC060, 0x0001, 0x8800, 0x0001, 0xB860, 0x0001,
    0xE100, 0x0001, 0xF9C0, 0x0001, 0xC000, 0x0001, 0x9000, 0x0001, 0xB860, 0x0001, 0x9860, 0x0001,
    0xD100, 0x0001, 0xD060, 0x0001, 0xF2A0, 0x0001, 0xEB80, 0x0001, 0xF3A0, 0x0001, 0xF200, 0x0001,
    0xF400, 0x0002, 0xFBA0, 0x0001, 0xF140, 0x0001, 0xC080, 0x0001, 0xE140, 0x0001, 0xF200, 0x0001,
    0xE9A0, 0x0001, 0xE060, 0x0001, 0xD840, 0x0001, 0x18C5, 0x002B, 0xD880, 0x0001, 0xE8A0, 0x0001,
    0xF1E0, 0x0001, 0xF380, 0x0001, 0xF220, 0x0002, 0xE080, 0x0001, 0xE0E0, 0x0001, 0xE280, 0x0001,
    0xE9A0, 0x0001, 0xE940, 0x0001, 0xD980, 0x0001, 0xA8C0, 0x0001, 0xFA20, 0x0001, 0xF260, 0x0001,
    0xE9A0, 0x0001, 0xF3E0, 0x0001, 0xEC40, 0x0001, 0xF320, 0x0001, 0xE9A0, 0x0001, 0xE200, 0x0001,
    0xE2C0, 0x0001, 0xEAE0, 0x0001, 0xF220, 0x0001, 0xF3C0, 0x0001, 0xF3A0, 0x0002, 0xF420, 0x0001,
    0xF400, 0x0001, 0xFAA0, 0x0001, 0xE900, 0x0001, 0xC820, 0x0001, 0x18C5, 0x0028, 0xD0A0, 0x0001,
    0xFA40, 0x0001, 0xF1E0, 0x0001, 0xEA00, 0x0001, 0xEA20, 0x0001, 0xF260, 0x0001, 0xEA00, 0x0001,
    0xF2C0, 0x0001, 0xD1C0, 0x0001, 0xD940, 0x0001, 0xD800, 0x0001, 0xD900, 0x0001, 0xB900, 0x0001,
    0xC900, 0x0001, 0xE980, 0x0001, 0xD820, 0x0001, 0xC800, 0x0001, 0xE1C0, 0x0001, 0xF240, 0x0001,
    0xF200, 0x0001, 0xE940, 0x0001, 0xD940, 0x0001, 0xD860, 0x0001, 0xE9A0, 0x0001, 0xF3E0, 0x0001,
    0xEB60, 0x0001, 0xEB80, 0x0002, 0xEB60, 0x0001, 0xEBC0, 0x0001, 0xEBA0, 0x0001, 0xF380, 0x0001,
    0xFB00, 0x0001, 0xE100, 0x0001, 0x18C5, 0x0027, 0xF940, 0x0001, 0xEA80, 0x0001, 0xF1A0, 0x0001,
    0xFA60, 0x0001, 0xE9A0, 0x0001, 0xE140, 0x0001, 0xF400, 0x0001, 0xEBA0, 0x0001, 0xF420, 0x0001,
    0xF340, 0x0001, 0xEB20, 0x0001, 0xEAC0, 0x0001, 0xD980, 0x0001, 0xD080, 0x0001, 0xE9C0, 0x0001,
    0xE2E0, 0x0001, 0xE2A0, 0x0001, 0xEA20, 0x0001, 0xF340, 0x0001, 0xF280, 0x0001, 0xF340, 0x0001,
    0xF420, 0x0001, 0xF3E0, 0x0001, 0xD980, 0x0001, 0xF220, 0x0001, 0xF360, 0x0001, 0xF340, 0x0001,
    0xF360, 0x0001, 0xEB00, 0x0001, 0xEB20, 0x0001, 0xEB00, 0x0001, 0xEBA0, 0x0001, 0xECA0, 0x0001,
    0xFAE0, 0x0001, 0xC800, 0x0001, 0x18C5, 0x0025, 0xB020, 0x0001, 0xFA20, 0x0001, 0xFAA0, 0x0001,
    0xE221, 0x0001, 0xD1E3, 0x0001, 0xC0C3, 0x0001, 0xE9E0, 0x0001, 0xF3C0, 0x0001, 0xEBC0, 0x0001,
    0xEAE0, 0x0001, 0xEB60, 0x0001, 0xF420, 0x0001, 0xBAC0, 0x0001, 0x58E0, 0x0001, 0x7860, 0x0001,
    0x6940, 0x0001, 0xFC20, 0x0001, 0xF3E0, 0x0001, 0xF360, 0x0001, 0xF420, 0x0001, 0xF340, 0x0001,
    0xF3E0, 0x0001, 0xF380, 0x0001, 0xEB60, 0x0001, 0xF320, 0x0001, 0xA862, 0x0001, 0xC902, 0x0001,
    0xDA02, 0x0001, 0xD9A2, 0x0001, 0xFAA0, 0x0001, 0xFB60, 0x0001, 0xFBA0, 0x0001, 0xF280, 0x0001,
    0xEBE0, 0x0001, 0xE300, 0x0001, 0xB800, 0x0001, 0xD060, 0x0001, 0x18C5, 0x0023, 0xB881, 0x0001,
    0xF000, 0x0001, 0xE200, 0x0001, 0xB108, 0x0001, 0x2277, 0x0001, 0x023E, 0x0001, 0x01DC, 0x0001,
    0x5354, 0x0001, 0xE303, 0x0001, 0xEB40, 0x0001, 0xEBE0, 0x0001, 0xEBC0, 0x0001, 0xFA80, 0x0001,
    0x6900, 0x0001, 0x0000, 0x0001, 0x2040, 0x0001, 0x48C0, 0x0001, 0xCAA0, 0x0001, 0xFB00, 0x0001,
    0xEB20, 0x0001, 0xF320, 0x0001, 0xF2E0, 0x0001, 0xF320, 0x0001, 0xE3A1, 0x0001, 0xFB60, 0x0001,
    0xC285, 0x0001, 0x04FD, 0x0001, 0x03FF, 0x0001, 0x04DF, 0x0001, 0x057F, 0x0001, 0xA30A, 0x0001,
    0xB267, 0x0001, 0xAB28, 0x0001, 0xE240, 0x0001, 0xF900, 0x0001, 0xF1A0, 0x0001, 0xD9A0, 0x0001,
    0xFBC0, 0x0001, 0xD8E0, 0x0001, 0x18C5, 0x0021, 0xD880, 0x0001, 0xF880, 0x0001, 0x792D, 0x0001,
    0x4233, 0x0001, 0x035F, 0x0001, 0x02BD, 0x0001, 0x023B, 0x0001, 0x0978, 0x0001, 0x047F, 0x0001,
    0xAA88, 0x0001, 0xFAC0, 0x0001, 0xEC20, 0x0001, 0xF400, 0x0001, 0xDA20, 0x0001, 0x91A0, 0x0001,
    0x0000, 0x0001, 0x3020, 0x0001, 0xDA20, 0x0001, 0xFC00, 0x0001, 0xEB20, 0x0001, 0xF420, 0x0001,
    0xF400, 0x0001, 0xEB80, 0x0001, 0xEBC0, 0x0001, 0xFAC0, 0x0001, 0xC226, 0x0001, 0x0CDD, 0x0001,
    0x045F, 0x0001, 0x013A, 0x0001, 0x0117, 0x0001, 0x031C, 0x0001, 0x037F, 0x0001, 0x043F, 0x0001,
    0x03FF, 0x0001, 0x4213, 0x0001, 0x71CF, 0x0001, 0xA20A, 0x0001, 0xFA20, 0x0001, 0xF460, 0x0001,
    0xFBA0, 0x0001, 0xD860, 0x0001, 0x18C5, 0x0020, 0x994A, 0x0001, 0x42F6, 0x0001, 0x03DF, 0x0001,
    0x037F, 0x0001, 0x033D, 0x0001, 0x045E, 0x0001, 0x041D, 0x0001, 0x00B8, 0x0001, 0x031D, 0x0001,
    0x33B8, 0x0001, 0xE302, 0x0001, 0xF3A0, 0x0001, 0xEBA0, 0x0001, 0xEA20, 0x0001, 0x1000, 0x0001,
    0x6880, 0x0001, 0x2080, 0x0001, 0xCB20, 0x0001, 0xF400, 0x0001, 0xEB40, 0x0001, 0xF420, 0x0001,
    0xF400, 0x0001, 0xF420, 0x0001, 0xDA22, 0x0001, 0x53B5, 0x0001, 0x149B, 0x0001, 0x02BD, 0x0001,
    0x019C, 0x0001, 0x02BD, 0x0001, 0x0094, 0x0001, 0x0139, 0x0001, 0x033D, 0x0001, 0x043D, 0x0002,
    0x047F, 0x0001, 0x053F, 0x0001, 0x04BD, 0x0001, 0x53D6, 0x0001, 0xBA65, 0x0001, 0xFB40, 0x0001,
    0xFAE0, 0x0001, 0x18C5, 0x001F, 0x0A7C, 0x0001, 0x03FD, 0x0001, 0x045F, 0x0001, 0x035D, 0x0001,
    0x03BD, 0x0001, 0x03FE, 0x0001, 0x043E, 0x0001, 0x02BD, 0x0001, 0x0095, 0x0001, 0x02DE, 0x0001,
    0x013A, 0x0001, 0xA062, 0x0001, 0xD8A0, 0x0001, 0xD920, 0x0001, 0xF200, 0x0001, 0xE280, 0x0001,
    0xF2E0, 0x0001, 0xE240, 0x0001, 0xFA00, 0x0001, 0xD900, 0x0001, 0xD080, 0x0001, 0xC8C0, 0x0001,
    0xB0E0, 0x0001, 0xC080, 0x0001, 0x1871, 0x0001, 0x019B, 0x0001, 0x023D, 0x0001, 0x027C, 0x0001,
    0x02FD, 0x0001, 0x033E, 0x0001, 0x031E, 0x0001, 0x021C, 0x0001, 0x031D, 0x0001, 0x04DE, 0x0001,
    0x055E, 0x0001, 0x043D, 0x0001, 0x04BD, 0x0001, 0x053D, 0x0001, 0x053F, 0x0001, 0x149C, 0x0001,
    0x2BF9, 0x0001, 0xE9A2, 0x0001, 0xC800, 0x0001, 0x18C5, 0x001D, 0x0177, 0x0001, 0x045F, 0x0001,
    0x03FE, 0x0001, 0x03DD, 0x0001, 0x041E, 0x0002, 0x03FD, 0x0001, 0x045F, 0x0001, 0x0116, 0x0001,
    0x0157, 0x0001, 0x047E, 0x0001, 0x03FE, 0x0001, 0xB8E3, 0x0001, 0xF3E0, 0x0001, 0xEB80, 0x0001,
    0xEBC0, 0x0001, 0xF440, 0x0001, 0xF380, 0x0001, 0xF440, 0x0001, 0xEBE0, 0x0001, 0xF3A0, 0x0001,
    0xF320, 0x0001, 0xEC20, 0x0001, 0xFB80, 0x0001, 0xC245, 0x0001, 0x04DE, 0x0001, 0x051D, 0x0001,
    0x045D, 0x0001, 0x041E, 0x0002, 0x031D, 0x0001, 0x031E, 0x0002, 0x0096, 0x0001, 0x03BC, 0x0001,
    0x053E, 0x0001, 0x051E, 0x0001, 0x045E, 0x0001, 0x04DD, 0x0001, 0x051D, 0x0001, 0x053E, 0x0001,
    0x051E, 0x0001, 0x03FF, 0x0001, 0x5254, 0x0001, 0x88EE, 0x0001, 0x18C5, 0x001B, 0x0139, 0x0001,
    0x03DF, 0x0001, 0x043E, 0x0001, 0x035D, 0x0001, 0x03DE, 0x0001, 0x041E, 0x0001, 0x03FD, 0x0001,
    0x043E, 0x0001, 0x023C, 0x0001, 0x0003, 0x0001, 0x025D, 0x0001, 0x041E, 0x0001, 0x041F, 0x0001,
    0xD243, 0x0001, 0xFC40, 0x0001, 0xEAE0, 0x0001, 0xF240, 0x0001, 0xEAC0, 0x0001, 0xF220, 0x0001,
    0xEB00, 0x0001, 0xF440, 0x0001, 0xF340, 0x0001, 0xEC40, 0x0001, 0xFBA0, 0x0001, 0xC266, 0x0001,
    0x0CFD, 0x0001, 0x053E, 0x0001, 0x053D, 0x0001, 0x049E, 0x0001, 0x03FE, 0x0001, 0x041E, 0x0001,
    0x03DE, 0x0001, 0x02FE, 0x0001, 0x035E, 0x0001, 0x019B, 0x0001, 0x0057, 0x0001, 0x043F, 0x0001,
    0x04DD, 0x0001, 0x04FE, 0x0001, 0x045E, 0x0001, 0x04DE, 0x0001, 0x051D, 0x0001, 0x04FD, 0x0001,
    0x047D, 0x0001, 0x043F, 0x0001, 0x035F, 0x0001, 0x013B, 0x0001, 0x18C5, 0x0019, 0x027E, 0x0001,
    0x041F, 0x0001, 0x035D, 0x0001, 0x025C, 0x0001, 0x03DE, 0x0001, 0x043D, 0x0001, 0x041D, 0x0001,
    0x043E, 0x0001, 0x025D, 0x0001, 0x0013, 0x0001, 0x18C5, 0x0001, 0x00B9, 0x0001, 0x031D, 0x0001,
    0x045F, 0x0001, 0xB903, 0x0001, 0xF9E0, 0x0001, 0xEA40, 0x0001, 0xF300, 0x0001, 0xF240, 0x0001,
    0xF300, 0x0001, 0xF260, 0x0001, 0xF1E0, 0x0001, 0xEA20, 0x0001, 0xFB00, 0x0001, 0xC266, 0x0001,
    0x14FD, 0x0001, 0x053E, 0x0001, 0x051D, 0x0001, 0x04DE, 0x0001, 0x043E, 0x0001, 0x03FE, 0x0001,
    0x041E, 0x0001, 0x03BE, 0x0001, 0x031E, 0x0001, 0x027E, 0x0001, 0x0096, 0x0001, 0x18C5, 0x0001,
    0x01DC, 0x0001, 0x033F, 0x0001, 0x049E, 0x0001, 0x053E, 0x0001, 0x047D, 0x0001, 0x04FD, 0x0001,
    0x051D, 0x0001, 0x047D, 0x0001, 0x049D, 0x0001, 0x04FE, 0x0001, 0x039F, 0x0001, 0x02DE, 0x0001,
    0x18C5, 0x0017, 0x027E, 0x0001, 0x043E, 0x0001, 0x041C, 0x0001, 0x045F, 0x0001, 0x01FC, 0x0001,
    0x01DA, 0x0001, 0x03FF, 0x0001, 0x031E, 0x0001, 0x017C, 0x0001, 0x0014, 0x0001, 0x18C5, 0x0003,
    0x017A, 0x0001, 0x041F, 0x0001, 0xC9C3, 0x0001, 0xFB00, 0x0001, 0xEB40, 0x0001, 0xF460, 0x0001,
    0xF360, 0x0001, 0xF460, 0x0001, 0xF380, 0x0001, 0xEB20, 0x0001, 0xFAC0, 0x0001, 0xD9A3, 0x0001,
    0x0C1D, 0x0001, 0x045E, 0x0001, 0x04DD, 0x0001, 0x04FE, 0x0001, 0x041E, 0x0001, 0x035E, 0x0001,
    0x03BE, 0x0001, 0x041D, 0x0001, 0x03DE, 0x0001, 0x025E, 0x0001, 0x0077, 0x0001, 0x18C5, 0x0004,
    0x01FC, 0x0001, 0x039E, 0x0001, 0x043F, 0x0001, 0x041F, 0x0001, 0x03BF, 0x0001, 0x051F, 0x0001,
    0x053E, 0x0001, 0x04FD, 0x0001, 0x055F, 0x0001, 0x3359, 0x0001, 0xE000, 0x0001, 0x18C5, 0x0015,
    0xA865, 0x0001, 0x039F, 0x0001, 0x043E, 0x0001, 0x041F, 0x0001, 0x22F8, 0x0001, 0x2B18, 0x0001,
    0x2893, 0x0001, 0x200F, 0x0001, 0x0813, 0x0001, 0x18C5, 0x0006, 0x029F, 0x0001, 0xD1E4, 0x0001,
    0xFB80, 0x0001, 0xEB40, 0x0001, 0xF320, 0x0001, 0xF380, 0x0002, 0xF320, 0x0001, 0xEC00, 0x0001,
    0xF2E0, 0x0001, 0x9AAA, 0x0001, 0x057F, 0x0001, 0x045D, 0x0001, 0x03FE, 0x0001, 0x043E, 0x0001,
    0x039E, 0x0001, 0x03BD, 0x0001, 0x047E, 0x0001, 0x041F, 0x0001, 0x025F, 0x0001, 0x0078, 0x0001,
    0x18C5, 0x0007, 0x097C, 0x0001, 0x3115, 0x0001, 0x3317, 0x0001, 0x3C17, 0x0001, 0x149B, 0x0001,
    0x053F, 0x0001, 0x0CBC, 0x0001, 0x047F, 0x0001, 0x62B3, 0x0001, 0xF800, 0x0001, 0x18C5, 0x0013,
    0xB800, 0x0001, 0xC0A4, 0x0001, 0x02FF, 0x0001, 0x2A98, 0x0001, 0x6A11, 0x0001, 0xE0E0, 0x0001,
    0xE860, 0x0001, 0xF160, 0x0001, 0xD020, 0x0001, 0x18C5, 0x0007, 0x58B0, 0x0001, 0xE243, 0x0001,
    0xF320, 0x0001, 0xEB20, 0x0001, 0xF320, 0x0001, 0xF340, 0x0001, 0xF300, 0x0001, 0xF360, 0x0001,
    0xF340, 0x0001, 0xF980, 0x0001, 0x051E, 0x0001, 0x04FE, 0x0001, 0x043E, 0x0001, 0x041E, 0x0001,
    0x037D, 0x0001, 0x02FD, 0x0001, 0x03BF, 0x0001, 0x031F, 0x0001, 0x01BA, 0x0001, 0x00BA, 0x0001,
    0x18C5, 0x0008, 0xF8C0, 0x0001, 0xFA20, 0x0001, 0xFA60, 0x0001, 0xFA00, 0x0001, 0xC1E6, 0x0001,
    0x145C, 0x0001, 0x045E, 0x0001, 0x03FE, 0x0001, 0xA2AA, 0x0001, 0xFA20, 0x0001, 0xB080, 0x0001,
    0x18C5, 0x0012, 0xB000, 0x0001, 0xF261, 0x0001, 0x810B, 0x0001, 0xB123, 0x0001, 0xFA20, 0x0001,
    0xEB40, 0x0001, 0xEA60, 0x0001, 0xF320, 0x0001, 0xE9A0, 0x0001, 0xB000, 0x0001, 0x18C5, 0x0006,
    0xE000, 0x0001, 0xFB80, 0x0001, 0xF380, 0x0003, 0xF420, 0x0001, 0xF320, 0x0001, 0xEC60, 0x0001,
    0xFAA0, 0x0001, 0x6B50, 0x0001, 0x053E, 0x0001, 0x04BE, 0x0001, 0x041E, 0x0001, 0x03BE, 0x0001,
    0x021E, 0x0001, 0x015D, 0x0001, 0x00F8, 0x0001, 0x18C5, 0x000A, 0xD040, 0x0001, 0xFB00, 0x0001,
    0xEB60, 0x0002, 0xE460, 0x0001, 0xFB20, 0x0001, 0xC205, 0x0001, 0x13FC, 0x0001, 0xAA28, 0x0001,
    0xFB00, 0x0001, 0xF480, 0x0001, 0xD0A0, 0x0001, 0x18C5, 0x0013, 0xC100, 0x0001, 0xFA20, 0x0001,
    0xEA20, 0x0001, 0xEB60, 0x0001, 0xEAE0, 0x0001, 0xEA60, 0x0001, 0xE940, 0x0001, 0xF9C0, 0x0001,
    0xB020, 0x0001, 0x18C5, 0x0006, 0xA16A, 0x0001, 0xFB00, 0x0001, 0xEBA0, 0x0001, 0xF360, 0x0001,
    0xF420, 0x0001, 0xF340, 0x0001, 0xF3C0, 0x0001, 0xEC40, 0x0001, 0xFA00, 0x0001, 0x2439, 0x0001,
    0x04DE, 0x0001, 0x03DC, 0x0001, 0x037D, 0x0001, 0x01FC, 0x0001, 0x18C5, 0x000C, 0xD040, 0x0001,
    0xFBA0, 0x0001, 0xEB40, 0x0001, 0xF360, 0x0001, 0xF3C0, 0x0001, 0xF340, 0x0001, 0xEB40, 0x0001,
    0xF940, 0x0001, 0xD1C3, 0x0001, 0xFAA0, 0x0001, 0xF380, 0x0001, 0xD140, 0x0001, 0x18C5, 0x0014,
    0x8800, 0x0001, 0xE9E0, 0x0001, 0xF240, 0x0001, 0xEA40, 0x0001, 0xE9C0, 0x0001, 0xF220, 0x0001,
    0xEA40, 0x0001, 0xF240, 0x0001, 0xC840, 0x0001, 0x18C5, 0x0005, 0xC821, 0x0001, 0xE2A0, 0x0001,
    0xF360, 0x0001, 0xEB60, 0x0001, 0xF340, 0x0001, 0xF3E0, 0x0001, 0xF300, 0x0001, 0xF3C0, 0x0001,
    0xF380, 0x0001, 0xF220, 0x0001, 0xF1E0, 0x0001, 0xE1A0, 0x0001, 0xC8A1, 0x0001, 0xC081, 0x0001,
    0x18C5, 0x000C, 0xD0C0, 0x0001, 0xFAE0, 0x0001, 0xF340, 0x0001, 0xF360, 0x0001, 0xF380, 0x0001,
    0xEB40, 0x0001, 0xE980, 0x0001, 0xEA00, 0x0001, 0xEB20, 0x0001, 0xF9C0, 0x0001, 0xF300, 0x0001,
    0xD980, 0x0001, 0x18C5, 0x0016, 0x8800, 0x0001, 0xD900, 0x0001, 0xF240, 0x0001, 0xF2C0, 0x0001,
    0xF340, 0x0001, 0xEB40, 0x0001, 0xF1C0, 0x0001, 0xE060, 0x0001, 0x18C5, 0x0004, 0xD860, 0x0001,
    0xE860, 0x0001, 0xF300, 0x0001, 0xEB20, 0x0001, 0xF320, 0x0002, 0xF360, 0x0001, 0xF300, 0x0001,
    0xF340, 0x0001, 0xF360, 0x0001, 0xF300, 0x0001, 0xEC20, 0x0001, 0xF3E0, 0x0001, 0xF960, 0x0001,
    0xD860, 0x0001, 0xE000, 0x0001, 0x18C5, 0x0003, 0xE160, 0x0001, 0xF080, 0x0001, 0xF120, 0x0001,
    0xE0E0, 0x0001, 0x18C5, 0x0002, 0xE960, 0x0001, 0xFA60, 0x0001, 0xF360, 0x0001, 0xEBE0, 0x0001,
    0xEB40, 0x0001, 0xEAE0, 0x0001, 0xF1E0, 0x0001, 0xF220, 0x0001, 0xF2E0, 0x0001, 0xF240, 0x0001,
    0xF320, 0x0001, 0xF920, 0x0001, 0xD880, 0x0001, 0x18C5, 0x0019, 0xA900, 0x0001, 0xD8A0, 0x0001,
    0xF180, 0x0001, 0xFA40, 0x0001, 0xEA40, 0x0001, 0xF9C0, 0x0001, 0xD160, 0x0001, 0xB800, 0x0001,
    0xF9C0, 0x0001, 0xFA40, 0x0001, 0xA926, 0x0001, 0x70CA, 0x0001, 0xFAE0, 0x0001, 0xEBA0, 0x0002,
    0xF360, 0x0001, 0xF440, 0x0001, 0xF320, 0x0001, 0xEC00, 0x0001, 0xF440, 0x0001, 0xF360, 0x0001,
    0xFB00, 0x0001, 0xE261, 0x0001, 0x5AD3, 0x0001, 0x4312, 0x0001, 0x61F1, 0x0001, 0xF8E0, 0x0001,
    0xFA00, 0x0001, 0xFA80, 0x0001, 0xE180, 0x0001, 0xEB00, 0x0001, 0xF420, 0x0001, 0xFB80, 0x0001,
    0xFB00, 0x0001, 0xFB20, 0x0001, 0xFB60, 0x0001, 0xEBC0, 0x0001, 0xF3A0, 0x0001, 0xF240, 0x0001,
    0xF280, 0x0002, 0xF120, 0x0001, 0xE940, 0x0001, 0xD100, 0x0001, 0xD0E0, 0x0001, 0xD8C0, 0x0001,
    0xC800, 0x0001, 0x18C5, 0x001D, 0xB020, 0x0001, 0xE260, 0x0001, 0xF2A0, 0x0001, 0xD920, 0x0001,
    0xF2A0, 0x0001, 0xF360, 0x0001, 0xF1A0, 0x0001, 0x7888, 0x0001, 0x03BE, 0x0001, 0xA147, 0x0001,
    0xFA80, 0x0001, 0xEBE0, 0x0001, 0xF340, 0x0001, 0xEC20, 0x0001, 0xEB40, 0x0001, 0xFBE0, 0x0001,
    0xF3A0, 0x0001, 0xF200, 0x0001, 0x5353, 0x0001, 0x245A, 0x0001, 0x055F, 0x0001, 0x059F, 0x0001,
    0x051F, 0x0001, 0x4295, 0x0001, 0xB8E1, 0x0001, 0xC0A0, 0x0001, 0xE260, 0x0001, 0xEC40, 0x0001,
    0xF3E0, 0x0001, 0xEC20, 0x0001, 0xEC40, 0x0001, 0xEC20, 0x0002, 0xF380, 0x0001, 0xD960, 0x0001,
    0xD040, 0x0001, 0xB820, 0x0001, 0xC8E0, 0x0001, 0x18C5, 0x0024, 0x8000, 0x0001, 0xE200, 0x0001,
    0xFA00, 0x0001, 0xF380, 0x0001, 0xE9C0, 0x0001, 0xF220, 0x0001, 0x8026, 0x0001, 0x02FF, 0x0001,
    0x043E, 0x0001, 0xA147, 0x0001, 0xFB20, 0x0001, 0xEB80, 0x0001, 0xFC00, 0x0001, 0xFAC0, 0x0001,
    0xD2A4, 0x0001, 0x7AAE, 0x0001, 0x0C3E, 0x0001, 0x041E, 0x0001, 0x053F, 0x0001, 0x04FD, 0x0002,
    0x0D1D, 0x0001, 0x043F, 0x0001, 0x580E, 0x0001, 0xF280, 0x0001, 0xF440, 0x0001, 0xEB40, 0x0001,
    0xF360, 0x0001, 0xF400, 0x0002, 0xEBC0, 0x0001, 0xE940, 0x0001, 0xC820, 0x0001, 0x18C5, 0x0029,
    0x7800, 0x0001, 0xD940, 0x0001, 0xF2C0, 0x0001, 0xB8A0, 0x0001, 0xEA60, 0x0001, 0x8047, 0x0001,
    0x02BF, 0x0001, 0x041E, 0x0001, 0x03FF, 0x0001, 0xB247, 0x0001, 0xFA00, 0x0001, 0xC2E6, 0x0001,
    0x928C, 0x0001, 0x045F, 0x0001, 0x04BF, 0x0001, 0x055E, 0x0001, 0x045D, 0x0001, 0x04FD, 0x0001,
    0x051E, 0x0001, 0x04FD, 0x0001, 0x057F, 0x0001, 0x5290, 0x0001, 0xFAA0, 0x0001, 0xEB80, 0x0001,
    0xD8C0, 0x0001, 0xF1E0, 0x0001, 0xF460, 0x0001, 0xEBE0, 0x0001, 0xEBA0, 0x0001, 0xFAE0, 0x0001,
    0xF1C0, 0x0001, 0x8000, 0x0001, 0x18C5, 0x002A, 0x8800, 0x0001, 0xE180, 0x0001, 0xE1E0, 0x0001,
    0xE0A0, 0x0001, 0x8825, 0x0001, 0x039F, 0x0001, 0x035D, 0x0001, 0x03DE, 0x0001, 0x041D, 0x0001,
    0x6A71, 0x0001, 0x141B, 0x0001, 0x04FF, 0x0001, 0x051D, 0x0002, 0x04BE, 0x0001, 0x039E, 0x0001,
    0x04FE, 0x0001, 0x04FD, 0x0001, 0x053F, 0x0001, 0x52B0, 0x0001, 0xFA20, 0x0001, 0xFA00, 0x0001,
    0x490B, 0x0001, 0xA106, 0x0001, 0xFB40, 0x0001, 0xEB00, 0x0001, 0xF2C0, 0x0001, 0xF280, 0x0001,
    0xD0C0, 0x0001, 0xA040, 0x0001, 0x18C5, 0x002C, 0xC9C0, 0x0001, 0xE160, 0x0001, 0x31D4, 0x0001,
    0x1B39, 0x0001, 0x03BE, 0x0001, 0x037D, 0x0001, 0x035D, 0x0001, 0x03FE, 0x0001, 0x04BF, 0x0001,
    0x053E, 0x0001, 0x051D, 0x0001, 0x04FE, 0x0001, 0x051E, 0x0001, 0x047E, 0x0001, 0x031E, 0x0001,
    0x04FE, 0x0001, 0x04FD, 0x0001, 0x057F, 0x0001, 0x9883, 0x0001, 0x9922, 0x0001, 0x2B99, 0x0001,
    0x5190, 0x0001, 0xEB03, 0x0001, 0xEAC0, 0x0001, 0xE120, 0x0001, 0xD180, 0x0001, 0xE200, 0x0001,
    0x9060, 0x0001, 0x18C5, 0x002D, 0xC1C0, 0x0001, 0xC900, 0x0001, 0x02FC, 0x0001, 0x041F, 0x0001,
    0x035D, 0x0001, 0x043E, 0x0001, 0x02DD, 0x0001, 0x03DE, 0x0001, 0x045D, 0x0001, 0x051D, 0x0001,
    0x04FE, 0x0001, 0x053E, 0x0001, 0x049E, 0x0001, 0x03FE, 0x0001, 0x033E, 0x0001, 0x04DE, 0x0001,
    0x051E, 0x0002, 0x043D, 0x0001, 0x03DC, 0x0001, 0x057F, 0x0001, 0x9A8A, 0x0001, 0xFB20, 0x0001,
    0xB020, 0x0001, 0xE920, 0x0001, 0xA960, 0x0001, 0xD1C0, 0x0001, 0x9080, 0x0001, 0x18C5, 0x002D,
    0xD9A0, 0x0001, 0xE0A0, 0x0001, 0x0B79, 0x0001, 0x03DE, 0x0001, 0x035D, 0x0001, 0x045E, 0x0001,
    0x027C, 0x0001, 0x02FD, 0x0001, 0x041D, 0x0001, 0x049D, 0x0001, 0x053E, 0x0001, 0x051E, 0x0001,
    0x03FE, 0x0001, 0x03BE, 0x0001, 0x03DE, 0x0002, 0x051E, 0x0001, 0x04FE, 0x0001, 0x051E, 0x0001,
    0x05BF, 0x0001, 0x4A92, 0x0001, 0xFA40, 0x0001, 0xEA00, 0x0001, 0x6067, 0x0001, 0xD160, 0x0001,
    0xB1A0, 0x0001, 0xB860, 0x0001, 0x9040, 0x0001, 0x18C5, 0x002D, 0xF820, 0x0001, 0x898B, 0x0001,
    0x041E, 0x0001, 0x03FE, 0x0001, 0x037E, 0x0001, 0x03FE, 0x0001, 0x03FD, 0x0001, 0x01BC, 0x0001,
    0x041E, 0x0001, 0x049E, 0x0001, 0x04BE, 0x0001, 0x03DD, 0x0001, 0x02BD, 0x0001, 0x045E, 0x0001,
    0x04DE, 0x0001, 0x037E, 0x0001, 0x053E, 0x0001, 0x04FE, 0x0001, 0x04FD, 0x0001, 0x057F, 0x0001,
    0x4313, 0x0001, 0xF0A0, 0x0001, 0x624E, 0x0001, 0x02DC, 0x0001, 0xB880, 0x0001, 0xD160, 0x0001,
    0x5800, 0x0001, 0x18C5, 0x002E, 0x127C, 0x0001, 0x043D, 0x0001, 0x041F, 0x0001, 0x043D, 0x0001,
    0x037E, 0x0001, 0x039E, 0x0001, 0x043D, 0x0001, 0x033E, 0x0001, 0x0118, 0x0001, 0x025A, 0x0001,
    0x039E, 0x0001, 0x029C, 0x0001, 0x025C, 0x0001, 0x043E, 0x0001, 0x04BE, 0x0001, 0x03FE, 0x0001,
    0x049E, 0x0001, 0x051E, 0x0001, 0x04FD, 0x0001, 0x053E, 0x0001, 0x0C7B, 0x0001, 0x2AB6, 0x0001,
    0x049E, 0x0001, 0x051F, 0x0001, 0x520F, 0x0001, 0xB000, 0x0001, 0x18C5, 0x002F, 0x033F, 0x0001,
    0x045E, 0x0001, 0x03FD, 0x0001, 0x041E, 0x0001, 0x039E, 0x0001, 0x03BE, 0x0001, 0x043E, 0x0001,
    0x03FE, 0x0001, 0x023C, 0x0001, 0x0098, 0x0001, 0x0067, 0x0001, 0x0047, 0x0001, 0x01B9, 0x0001,
    0x045E, 0x0001, 0x04DD, 0x0001, 0x04DE, 0x0001, 0x043E, 0x0001, 0x053E, 0x0001, 0x04FE, 0x0001,
    0x051D, 0x0001, 0x051E, 0x0001, 0x053F, 0x0001, 0x04FD, 0x0001, 0x057E, 0x0001, 0x043F, 0x0001,
    0x015C, 0x0001, 0x18C5, 0x002E, 0x029D, 0x0001, 0x03FF, 0x0001, 0x041D, 0x0001, 0x03FE, 0x0002,
    0x041E, 0x0003, 0x03DE, 0x0001, 0x035E, 0x0001, 0x027D, 0x0001, 0x019C, 0x0001, 0x00DA, 0x0001,
    0x01B8, 0x0001, 0x047F, 0x0001, 0x04BD, 0x0001, 0x04FE, 0x0001, 0x049E, 0x0001, 0x051E, 0x0001,
    0x04FE, 0x0001, 0x051E, 0x0001, 0x051D, 0x0001, 0x04FD, 0x0001, 0x04FE, 0x0001, 0x051D, 0x0001,
    0x04DD, 0x0001, 0x03FF, 0x0001, 0x18C5, 0x002E, 0x025F, 0x0001, 0x045D, 0x0001, 0x03FE, 0x0001,
    0x041E, 0x0004, 0x03FE, 0x0001, 0x043E, 0x0001, 0x039E, 0x0001, 0x031E, 0x0001, 0x029E, 0x0001,
    0x00F6, 0x0001, 0x00F0, 0x0001, 0x03DF, 0x0001, 0x04FD, 0x0001, 0x051E, 0x0002, 0x04FE, 0x0001,
    0x051E, 0x0004, 0x04FE, 0x0001, 0x051E, 0x0001, 0x049D, 0x0001, 0x047E, 0x0001, 0x03BE, 0x0001,
    0x18C5, 0x002D, 0x031E, 0x0001, 0x041E, 0x0002, 0x03FE, 0x0001, 0x037E, 0x0001, 0x041E, 0x0002,
    0x03FE, 0x0001, 0x041E, 0x0001, 0x039E, 0x0001, 0x02FD, 0x0001, 0x033F, 0x0001, 0x0153, 0x0001,
    0x0004, 0x0001, 0x029E, 0x0001, 0x049E, 0x0001, 0x04FD, 0x0001, 0x051E, 0x0002, 0x047E, 0x0001,
    0x04FE, 0x0001, 0x051E, 0x0002, 0x04FE, 0x0001, 0x051E, 0x0001, 0x049E, 0x0001, 0x049D, 0x0001,
    0x047F, 0x0001, 0x18C5, 0x002C, 0x01DC, 0x0001, 0x043E, 0x0001, 0x03FD, 0x0001, 0x041E, 0x0001,
    0x035E, 0x0001, 0x03FE, 0x0001, 0x041E, 0x0001, 0x03FE, 0x0002, 0x041E, 0x0001, 0x039E, 0x0001,
    0x02FD, 0x0001, 0x033F, 0x0001, 0x0257, 0x0001, 0x0005, 0x0001, 0x01FC, 0x0001, 0x041E, 0x0001,
    0x051D, 0x0001, 0x04FE, 0x0002, 0x04DE, 0x0001, 0x045E, 0x0001, 0x04FE, 0x0001, 0x051E, 0x0001,
    0x04FE, 0x0001, 0x051E, 0x0001, 0x049E, 0x0001, 0x047D, 0x0001, 0x055E, 0x0001, 0x033D, 0x0001,
    0x18C5, 0x002B, 0x01DC, 0x0001, 0x043E, 0x0001, 0x03FD, 0x0001, 0x041E, 0x0001, 0x033E, 0x0001,
    0x041E, 0x0002, 0x035E, 0x0001, 0x03DE, 0x0001, 0x043E, 0x0001, 0x039E, 0x0001, 0x02FD, 0x0001,
    0x035E, 0x0001, 0x029E, 0x0001, 0x18C5, 0x0002, 0x039F, 0x0001, 0x051E, 0x0001, 0x049E, 0x0001,
    0x047E, 0x0001, 0x053E, 0x0001, 0x04DE, 0x0001, 0x045E, 0x0001, 0x04FE, 0x0001, 0x051E, 0x0002,
    0x049E, 0x0001, 0x047D, 0x0001, 0x053E, 0x0001, 0x045E, 0x0001, 0x18C5, 0x002B, 0x01DC, 0x0001,
    0x041E, 0x0001, 0x041D, 0x0001, 0x03BE, 0x0001, 0x039E, 0x0001, 0x041E, 0x0002, 0x035E, 0x0001,
    0x03DE, 0x0001, 0x043E, 0x0001, 0x039E, 0x0001, 0x02FD, 0x0001, 0x033E, 0x0001, 0x01DD, 0x0001,
    0x18C5, 0x0001, 0x0012, 0x0001, 0x031F, 0x0001, 0x049E, 0x0001, 0x04BD, 0x0001, 0x047E, 0x0001,
    0x051E, 0x0001, 0x053E, 0x0001, 0x049E, 0x0001, 0x047E, 0x0001, 0x053E, 0x0001, 0x051E, 0x0001,
    0x04BE, 0x0001, 0x047E, 0x0001, 0x053D, 0x0001, 0x051F, 0x0001, 0x02DE, 0x0001, 0x18C5, 0x002A,
    0x01DC, 0x0001, 0x041E, 0x0001, 0x043D, 0x0001, 0x033E, 0x0001, 0x03FE, 0x0001, 0x041E, 0x0002,
    0x035E, 0x0001, 0x03DE, 0x0001, 0x043E, 0x0001, 0x039E, 0x0001, 0x02FE, 0x0001, 0x031E, 0x0001,
    0x013C, 0x0001, 0x0012, 0x0001, 0x18C5, 0x0001, 0x00D7, 0x0001, 0x045E, 0x0001, 0x041D, 0x0001,
    0x049E, 0x0001, 0x051E, 0x0002, 0x04FE, 0x0001, 0x047E, 0x0001, 0x04DE, 0x0001, 0x051E, 0x0001,
    0x041E, 0x0001, 0x049E, 0x0001, 0x053E, 0x0001, 0x051F, 0x0001, 0x039E, 0x0001, 0x18C5, 0x002A,
    0x031D, 0x0001, 0x041E, 0x0001, 0x041D, 0x0001, 0x035E, 0x0001, 0x03DE, 0x0001, 0x041E, 0x0002,
    0x035E, 0x0001, 0x03DE, 0x0001, 0x043E, 0x0001, 0x039E, 0x0001, 0x02FE, 0x0002, 0x0035, 0x0001,
    0x18C5, 0x0003, 0x021C, 0x0001, 0x043E, 0x0001, 0x049E, 0x0001, 0x051E, 0x0001, 0x04FE, 0x0001,
    0x051E, 0x0001, 0x04FE, 0x0001, 0x043E, 0x0001, 0x04BE, 0x0001, 0x03DE, 0x0001, 0x049E, 0x0001,
    0x051E, 0x0001, 0x053E, 0x0001, 0x04BF, 0x0001, 0x18C5, 0x0029, 0x017B, 0x0001, 0x03BF, 0x0001,
    0x039E, 0x0003, 0x041E, 0x0001, 0x03FE, 0x0001, 0x041E, 0x0001, 0x037E, 0x0001, 0x03DE, 0x0001,
    0x041E, 0x0001, 0x037E, 0x0001, 0x02FE, 0x0001, 0x02BF, 0x0001, 0x0013, 0x0001, 0x18C5, 0x0003,
    0x0055, 0x0001, 0x031E, 0x0001, 0x041D, 0x0001, 0x04DE, 0x0001, 0x051E, 0x0001, 0x04FE, 0x0001,
    0x051E, 0x0001, 0x047E, 0x0001, 0x03FE, 0x0001, 0x041E, 0x0001, 0x04BE, 0x0001, 0x051E, 0x0001,
    0x053D, 0x0001, 0x04DF, 0x0001, 0x02DE, 0x0001, 0x18C5, 0x0028, 0x017B, 0x0001, 0x03BF, 0x0001,
    0x033E, 0x0001, 0x039E, 0x0001, 0x03DE, 0x0001, 0x041E, 0x0002, 0x03FE, 0x0001, 0x041E, 0x0001,
    0x02BD, 0x0001, 0x03BE, 0x0001, 0x02DD, 0x0001, 0x035E, 0x0001, 0x0119, 0x0001, 0x18C5, 0x0005,
    0x00D9, 0x0001, 0x035F, 0x0001, 0x04DD, 0x0001, 0x051E, 0x0004, 0x03FE, 0x0001, 0x045E, 0x0001,
    0x053E, 0x0001, 0x04FE, 0x0001, 0x053E, 0x0001, 0x049F, 0x0001, 0x18C5, 0x0029, 0x017C, 0x0001,
    0x03FF, 0x0001, 0x037E, 0x0002, 0x043E, 0x0001, 0x03FE, 0x0001, 0x041E, 0x0001, 0x03FE, 0x0001,
    0x041E, 0x0001, 0x01FC, 0x0001, 0x03BD, 0x0001, 0x031E, 0x0001, 0x029E, 0x0001, 0x0034, 0x0001,
    0x18C5, 0x0006, 0x01DD, 0x0001, 0x04FE, 0x0001, 0x051D, 0x0001, 0x04FE, 0x0001, 0x051E, 0x0002,
    0x049E, 0x0001, 0x045E, 0x0001, 0x053E, 0x0001, 0x04FE, 0x0001, 0x053E, 0x0001, 0x039F, 0x0001,
    0x18C5, 0x0029, 0x013B, 0x0001, 0x03FF, 0x0001, 0x03DE, 0x0001, 0x037E, 0x0001, 0x043E, 0x0001,
    0x03FE, 0x0001, 0x041E, 0x0001, 0x03FE, 0x0001, 0x041E, 0x0001, 0x021C, 0x0001, 0x033E, 0x0001,
    0x029D, 0x0001, 0x0098, 0x0001, 0x18C5, 0x0007, 0x011A, 0x0001, 0x03FF, 0x0001, 0x053E, 0x0001,
    0x04FE, 0x0001, 0x051E, 0x0002, 0x04FE, 0x0001, 0x03FE, 0x0001, 0x049E, 0x0001, 0x051D, 0x0001,
    0x053E, 0x0001, 0x02FD, 0x0001, 0x0033, 0x0001, 0x18C5, 0x0028, 0x0013, 0x0001, 0x02DD, 0x0001,
    0x03DE, 0x0001, 0x035E, 0x0001, 0x041E, 0x0001, 0x03FE, 0x0001, 0x041E, 0x0003, 0x02DD, 0x0001,
    0x01DC, 0x0001, 0x01BD, 0x0001, 0x18C5, 0x0009, 0x02FE, 0x0001, 0x04FE, 0x0001, 0x051D, 0x0001,
    0x04FE, 0x0002, 0x051E, 0x0001, 0x04DE, 0x0001, 0x03DE, 0x0001, 0x04BD, 0x0001, 0x045F, 0x0001,
    0x01FC, 0x0001, 0x18C5, 0x002A, 0x01BB, 0x0001, 0x03BE, 0x0001, 0x02DD, 0x0001, 0x037E, 0x0001,
    0x041E, 0x0002, 0x03FE, 0x0001, 0x043E, 0x0001, 0x02FC, 0x0001, 0x0014, 0x0001, 0x0099, 0x0001,
    0x18C5, 0x0009, 0x00B8, 0x0001, 0x043F, 0x0001, 0x04DD, 0x0001, 0x051E, 0x0001, 0x04FE, 0x0001,
    0x051E, 0x0001, 0x045E, 0x0002, 0x043E, 0x0001, 0x03DF, 0x0001, 0x013B, 0x0001, 0x18C5, 0x002B,
    0x027E, 0x0001, 0x031D, 0x0001, 0x02FE, 0x0001, 0x037E, 0x0001, 0x041E, 0x0001, 0x041D, 0x0001,
    0x03BE, 0x0001, 0x025D, 0x0001, 0x00DA, 0x0001, 0x0011, 0x0001, 0x18C5, 0x000A, 0x01D9, 0x0001,
    0x045F, 0x0001, 0x04DD, 0x0001, 0x053E, 0x0001, 0x045E, 0x0001, 0x03DE, 0x0001, 0x049E, 0x0001,
    0x04FD, 0x0001, 0x03FE, 0x0001, 0x025E, 0x0001, 0x18C5, 0x002B, 0x00D8, 0x0001, 0x03DE, 0x0001,
    0x027C, 0x0001, 0x029D, 0x0001, 0x035E, 0x0002, 0x031E, 0x0001, 0x0077, 0x0001, 0x0055, 0x0001,
    0x18C5, 0x000C, 0x01D9, 0x0001, 0x047F, 0x0001, 0x043D, 0x0001, 0x03FE, 0x0001, 0x043E, 0x0001,
    0x04FE, 0x0001, 0x051E, 0x0002, 0x037F, 0x0001, 0x011B, 0x0001, 0x18C5, 0x002B, 0x031F, 0x0001,
    0x045E, 0x0001, 0x023C, 0x0001, 0x02BD, 0x0001, 0x029D, 0x0001, 0x0117, 0x0001, 0x015C, 0x0001,
    0x0013, 0x0001, 0x18C5, 0x000D, 0x01FA, 0x0001, 0x043F, 0x0001, 0x03BD, 0x0001, 0x03BE, 0x0001,
    0x055E, 0x0001, 0x04FE, 0x0002, 0x041F, 0x0001, 0x02DE, 0x0001, 0x18C5, 0x002B, 0x029D, 0x0001,
    0x047E, 0x0001, 0x03DD, 0x0001, 0x017C, 0x0001, 0x00F8, 0x0001, 0x029C, 0x0001, 0x017A, 0x0001,
    0x18C5, 0x000F, 0x0159, 0x0001, 0x029E, 0x0001, 0x039E, 0x0001, 0x04FE, 0x0003, 0x045E, 0x0001,
    0x031F, 0x0001, 0x18C5, 0x002B, 0x019A, 0x0001, 0x047F, 0x0001, 0x03DD, 0x0001, 0x019C, 0x0001,
    0x02FE, 0x0001, 0x037F, 0x0001, 0x0033, 0x0001, 0x18C5, 0x0010, 0x0098, 0x0001, 0x029E, 0x0001,
    0x047E, 0x0001, 0x053E, 0x0002, 0x047D, 0x0001, 0x037E, 0x0001, 0x029D, 0x0001, 0x18C5, 0x002A,
    0x019B, 0x0001, 0x039F, 0x0001, 0x02FD, 0x0001, 0x01DC, 0x0001, 0x035E, 0x0001, 0x021D, 0x0001,
    0x013A, 0x0001, 0x18C5, 0x0011, 0x0078, 0x0001, 0x031E, 0x0001, 0x051E, 0x0001, 0x04FE, 0x0001,
    0x041E, 0x0001, 0x037D, 0x0001, 0x039F, 0x0001, 0x01BB, 0x0001, 0x18C5, 0x0029, 0x00FA, 0x0001,
    0x02BF, 0x0001, 0x031E, 0x0001, 0x035D, 0x0001, 0x045E, 0x0001, 0x025C, 0x0001, 0x029E, 0x0001,
    0x0035, 0x0001, 0x18C5, 0x0011, 0x019E, 0x0001, 0x031D, 0x0001, 0x041E, 0x0001, 0x043E, 0x0001,
    0x037D, 0x0001, 0x03DE, 0x0001, 0x023C, 0x0001, 0x18C5, 0x0029, 0x013C, 0x0001, 0x02FE, 0x0001,
    0x033E, 0x0001, 0x041E, 0x0002, 0x03BE, 0x0001, 0x031F, 0x0001, 0x01DC, 0x0001, 0x18C5, 0x0011,
    0x019B, 0x0001, 0x02BE, 0x0001, 0x037D, 0x0001, 0x03FE, 0x0001, 0x043E, 0x0001, 0x043D, 0x0001,
    0x047F, 0x0001, 0x025D, 0x0001, 0x18C5, 0x0027, 0x00D8, 0x0001, 0x031F, 0x0001, 0x031D, 0x0001,
    0x031E, 0x0001, 0x041E, 0x0003, 0x03DE, 0x0001, 0x02BF, 0x0001, 0x0097, 0x0001, 0x18C5, 0x0011,
    0x033F, 0x0001, 0x03DE, 0x0001, 0x049E, 0x0001, 0x04FE, 0x0001, 0x045E, 0x0001, 0x045D, 0x0001,
    0x051F, 0x0001, 0x03DF, 0x0001, 0x18C5, 0x0026, 0x01DD, 0x0001, 0x033E, 0x0001, 0x02FE, 0x0001,
    0x031E, 0x0001, 0x041E, 0x0001, 0x03FE, 0x0001, 0x041E, 0x0001, 0x03FD, 0x0001, 0x033F, 0x0001,
    0x01BC, 0x0001, 0x18C5, 0x0010, 0x0054, 0x0001, 0x023D, 0x0001, 0x045E, 0x0001, 0x053D, 0x0001,
    0x051E, 0x0001, 0x04DE, 0x0001, 0x041E, 0x0001, 0x051D, 0x0001, 0x053F, 0x0001, 0x03BF, 0x0001,
    0x18C5, 0x0024, 0x0056, 0x0001, 0x033E, 0x0001, 0x02FD, 0x0001, 0x02FE, 0x0001, 0x033E, 0x0001,
    0x041E, 0x0002, 0x03FE, 0x0001, 0x031D, 0x0001, 0x035F, 0x0001, 0x01BB, 0x0001, 0x18C5, 0x0010,
    0x0011, 0x0001, 0x025D, 0x0001, 0x035E, 0x0001, 0x045D, 0x0001, 0x051E, 0x0002, 0x043E, 0x0001,
    0x045E, 0x0001, 0x055D, 0x0001, 0x049F, 0x0001, 0x033E, 0x0001, 0x18C5, 0x0023, 0x202F, 0x0001,
    0x02FF, 0x0001, 0x033F, 0x0001, 0x02FD, 0x0001, 0x02BD, 0x0001, 0x039D, 0x0001, 0x03BD, 0x0001,
    0x033D, 0x0001, 0x02DD, 0x0001, 0x035D, 0x0001, 0x023E, 0x0001, 0x18C5, 0x0010, 0x0012, 0x0001,
    0x031D, 0x0001, 0x037E, 0x0001, 0x041D, 0x0001, 0x04FE, 0x0001, 0x051E, 0x0001, 0x04FE, 0x0001,
    0x041E, 0x0001, 0x051E, 0x0001, 0x047D, 0x0001, 0x03FF, 0x0001, 0x019F, 0x0001, 0x18C5, 0x0022,
    0x8000, 0x0001, 0x80AD, 0x0001, 0x2A57, 0x0001, 0x037F, 0x0001, 0x01DE, 0x0001, 0x033F, 0x0003,
    0x035F, 0x0001, 0x033F, 0x0001, 0x19B8, 0x0001, 0x18C5, 0x0010, 0x0012, 0x0001, 0x031D, 0x0001,
    0x041E, 0x0001, 0x03FD, 0x0001, 0x041D, 0x0001, 0x04FD, 0x0002, 0x03FE, 0x0001, 0x043D, 0x0001,
    0x047F, 0x0001, 0x043F, 0x0001, 0x992A, 0x0001, 0x18C5, 0x0022, 0x8820, 0x0001, 0xF920, 0x0001,
    0xC8C2, 0x0001, 0x98C7, 0x0001, 0x7066, 0x0001, 0x98A7, 0x0001, 0x98C7, 0x0001, 0x98A7, 0x0001,
    0xA0C7, 0x0001, 0x98A8, 0x0001, 0x9802, 0x0001, 0x18C5, 0x0010, 0x0012, 0x0001, 0x027E, 0x0001,
    0x047F, 0x0001, 0x041E, 0x0001, 0x03FF, 0x0001, 0x04DF, 0x0001, 0x053F, 0x0001, 0x041E, 0x0001,
    0x041F, 0x0001, 0x7A8E, 0x0001, 0xCA26, 0x0001, 0xFA00, 0x0001, 0xC800, 0x0001, 0x18C5, 0x0021,
    0x8820, 0x0001, 0xF180, 0x0002, 0xF920, 0x0001, 0x9820, 0x0001, 0xF960, 0x0001, 0xE060, 0x0001,
    0xF0A0, 0x0001, 0xF920, 0x0001, 0xB800, 0x0001, 0x8000, 0x0001, 0x18C5, 0x0011, 0x1136, 0x0001,
    0x1B7B, 0x0001, 0x1BBA, 0x0001, 0x1B9A, 0x0001, 0x23B9, 0x0001, 0x1C7B, 0x0001, 0x5333, 0x0001,
    0xE9A2, 0x0001, 0xF260, 0x0001, 0xFB00, 0x0001, 0xF260, 0x0001, 0xC800, 0x0001, 0x18C5, 0x0021,
    0x8000, 0x0001, 0xD020, 0x0001, 0xE960, 0x0001, 0xF1C0, 0x0001, 0xA040, 0x0001, 0xE980, 0x0001,
    0xE0C0, 0x0001, 0xD8E0, 0x0001, 0xA840, 0x0001, 0x7000, 0x0001, 0x18C5, 0x0012, 0x8000, 0x0001,
    0xD000, 0x0001, 0xF9C0, 0x0001, 0xF1E0, 0x0001, 0xF9C0, 0x0002, 0xF9E0, 0x0001, 0xF2C0, 0x0001,
    0xEB00, 0x0001, 0xF360, 0x0001, 0xFA00, 0x0001, 0xC000, 0x0001, 0x18C5, 0x0022, 0xB800, 0x0001,
    0xD020, 0x0001, 0xD8A0, 0x0001, 0xB820, 0x0001, 0xD840, 0x0002, 0x8860, 0x0001, 0x18C5, 0x0016,
    0xD120, 0x0001, 0xFB20, 0x0001, 0xEB60, 0x0002, 0xEAA0, 0x0001, 0xEA00, 0x0001, 0xEB60, 0x0001,
    0xF220, 0x0001, 0xE040, 0x0001, 0xA000, 0x0001, 0x18C5, 0x0022, 0xA000, 0x0001, 0xE080, 0x0001,
    0xE100, 0x0001, 0xD020, 0x0001, 0xD8C0, 0x0001, 0x8000, 0x0001, 0x18C5, 0x0018, 0xB880, 0x0001,
    0xD0C0, 0x0001, 0xF1C0, 0x0001, 0xF1A0, 0x0001, 0xF180, 0x0001, 0xE9E0, 0x0001, 0xF260, 0x0001,
    0xE8C0, 0x0001, 0xA800, 0x0001, 0x18C5, 0x0022, 0x9800, 0x0001, 0xD820, 0x0001, 0xB840, 0x0001,
    0xE900, 0x0001, 0xA820, 0x0001, 0x18C5, 0x001A, 0xA800, 0x0001, 0xF220, 0x0001, 0xF340, 0x0001,
    0xEA40, 0x0001, 0xEA20, 0x0001, 0xFB40, 0x0001, 0xE960, 0x0001, 0x18C5, 0x0023, 0x9800, 0x0001,
    0xD000, 0x0001, 0xB800, 0x0001, 0xC800, 0x0001, 0x7800, 0x0001, 0x18C5, 0x001B, 0xB020, 0x0001,
    0xF260, 0x0001, 0xF2C0, 0x0001, 0xE9C0, 0x0001, 0xFA00, 0x0001, 0xD000, 0x0001, 0x18C5, 0x0023,
    0xB000, 0x0001, 0xC000, 0x0001, 0xC800, 0x0001, 0x9800, 0x0001, 0x18C5, 0x001D, 0xB000, 0x0001,
    0xE960, 0x0001, 0xF1C0, 0x0001, 0xF1E0, 0x0001, 0xC000, 0x0001, 0x18C5, 0x0022, 0x8800, 0x0001,
    0xC800, 0x0001, 0xB000, 0x0001, 0xB800, 0x0001, 0x18C5, 0x001F, 0xC980, 0x0001, 0xFB40, 0x0001,
    0xF1E0, 0x0001, 0xA800, 0x0001, 0x18C5, 0x0022, 0xA800, 0x0001, 0xC800, 0x0001, 0xC000, 0x0001,
    0xA000, 0x0001, 0x18C5, 0x001F, 0xC040, 0x0001, 0xFA20, 0x0001, 0xF9A0, 0x0001, 0xC800, 0x0001,
    0x18C5, 0x0021, 0x8800, 0x0001, 0xC000, 0x0001, 0xB800, 0x0002, 0x9000, 0x0001, 0x18C5, 0x0020,
    0xE120, 0x0001, 0xF9C0, 0x0001, 0xF1A0, 0x0001, 0x18C5, 0x0020, 0x9000, 0x0001, 0xE080, 0x0001,
    0xD800, 0x0001, 0xB000, 0x0002, 0xA000, 0x0001, 0x18C5, 0x0020, 0xDA60, 0x0001, 0xFA60, 0x0001,
    0xFA80, 0x0001, 0xD860, 0x0001, 0x18C5, 0x001E, 0x9860, 0x0001, 0xE920, 0x0001, 0xF180, 0x0001,
    0xC860, 0x0001, 0xD080, 0x0001, 0xC880, 0x0001, 0xE060, 0x0001, 0x8000, 0x0001, 0x18C5, 0x001F,
    0xC880, 0x0001, 0xF160, 0x0001, 0xF260, 0x0001, 0xF1A0, 0x0001, 0x18C5, 0x001C, 0x8000, 0x0001,
    0xB800, 0x0001, 0xD020, 0x0001, 0xE900, 0x0001, 0xE940, 0x0001, 0xA060, 0x0001, 0xC900, 0x0001,
    0xB0C0, 0x0001, 0xF980, 0x0001, 0xC800, 0x0001, 0x7800, 0x0001, 0x18C5, 0x001D, 0x9820, 0x0001,
    0xE1A0, 0x0001, 0xF2A0, 0x0001, 0xE9C0, 0x0001, 0xFAA0, 0x0001, 0x18C5, 0x001B, 0x9020, 0x0001,
    0xD860, 0x0001, 0xF160, 0x0001, 0xF180, 0x0001, 0xE0C0, 0x0001, 0xD060, 0x0001, 0x9840, 0x0001,
    0xB0A0, 0x0001, 0xA860, 0x0001, 0xE0A0, 0x0001, 0xD840, 0x0001, 0xB000, 0x0001, 0x18C5, 0x001D,
    0xC9A0, 0x0001, 0xE100, 0x0001, 0xE220, 0x0001, 0xF280, 0x0001, 0xF400, 0x0001, 0xE920, 0x0001,
    0x18C5, 0x0018, 0xA000, 0x0001, 0xC0A0, 0x0001, 0xE920, 0x0001, 0xF1A0, 0x0001, 0xE980, 0x0001,
    0xF1A0, 0x0001, 0xF1C0, 0x0001, 0xE920, 0x0001, 0xB800, 0x0001, 0x9000, 0x0001, 0xD040, 0x0001,
    0xE960, 0x0001, 0xF9A0, 0x0001, 0xD060, 0x0001, 0x7000, 0x0001, 0x18C5, 0x001C, 0xB860, 0x0001,
    0xD080, 0x0001, 0xEB20, 0x0001, 0xF420, 0x0001, 0xEB80, 0x0001, 0xFB20, 0x0001, 0x18C5, 0x0014,
    0x8800, 0x0001, 0xD060, 0x0001, 0xE920, 0x0001, 0xF100, 0x0001, 0xF120, 0x0001, 0xF9C0, 0x0001,
    0xF1A0, 0x0001, 0xF180, 0x0001, 0xF160, 0x0001, 0xE080, 0x0001, 0xE880, 0x0001, 0xC800, 0x0001,
    0xB800, 0x0001, 0xC000, 0x0001, 0xD840, 0x0001, 0xF160, 0x0001, 0xF9A0, 0x0001, 0xE940, 0x0001,
    0x6800, 0x0001, 0x18C5, 0x001C, 0x7800, 0x0001, 0xE120, 0x0001, 0xE940, 0x0001, 0xE9E0, 0x0001,
    0xF260, 0x0001, 0xF3E0, 0x0001, 0xFA00, 0x0001, 0xC800, 0x0001, 0x18C5, 0x0012, 0x8000, 0x0001,
    0x9020, 0x0001, 0xB060, 0x0001, 0xC040, 0x0001, 0xB840, 0x0001, 0xB020, 0x0001, 0xB820, 0x0001,
    0x9840, 0x0001, 0x8020, 0x0001, 0x1800, 0x0001, 0x2000, 0x0001, 0x1800, 0x0001, 0x7800, 0x0001,
    0x9000, 0x0001, 0xB000, 0x0001, 0xB820, 0x0001, 0xB840, 0x0001, 0x9020, 0x0001, 0x18C5, 0x001E,
    0xA820, 0x0001, 0xEA00, 0x0001, 0xF380, 0x0001, 0xF320, 0x0001, 0xEB80, 0x0001, 0xFC20, 0x0001,
    0xE920, 0x0001, 0x18C5, 0x0042, 0x7000, 0x0001, 0xEAE0, 0x0001, 0xF440, 0x0001, 0xEC20, 0x0001,
    0xF320, 0x0001, 0xF3E0, 0x0001, 0xFB60, 0x0001, 0xD860, 0x0001, 0x18C5, 0x0041, 0x7800, 0x0001,
    0xF240, 0x0001, 0xFC00, 0x0001, 0xEC00, 0x0001, 0xEB40, 0x0001, 0xEBA0, 0x0001, 0xF460, 0x0001,
    0xF9E0, 0x0001, 0x18C5, 0x0042, 0xA060, 0x0001, 0xC180, 0x0001, 0xFC40, 0x0001, 0xF2C0, 0x0001,
    0xF3C0, 0x0001, 0xFB40, 0x0001, 0xC0C0, 0x0001, 0x18C5, 0x0044, 0xA0A0, 0x0001, 0x9040, 0x0001,
    0x98A0, 0x0001, 0xB860, 0x0001, 0x18C5, 0x000B, 0x18C5, 0x006E, 0xD860, 0x0001, 0xF9C0, 0x0001,
    0xE9A0, 0x0001, 0xF200, 0x0001, 0xE100, 0x0001, 0x18C5, 0x0042, 0x8040, 0x0001, 0xF9A0, 0x0001,
    0xEB80, 0x0001, 0xF3A0, 0x0002, 0xEC60, 0x0001, 0xFB40, 0x0001, 0x9040, 0x0001, 0x0000, 0x0001,
    0x18C5, 0x003F, 0x0000, 0x0001, 0x1000, 0x0001, 0xB9C0, 0x0001, 0xFBA0, 0x0001, 0xEAE0, 0x0001,
    0xEB60, 0x0001, 0xFB40, 0x0001, 0x90E0, 0x0001, 0x0000, 0x0003, 0x18C5, 0x003E, 0x18C3, 0x0001,
    0x6B4D, 0x0001, 0x0800, 0x0001, 0xB8E0, 0x0001, 0xF320, 0x0001, 0xFB20, 0x0001, 0x9060, 0x0001,
    0x0000, 0x0001, 0x7BCF, 0x0001, 0xA513, 0x0001, 0x528A, 0x0001, 0x18C5, 0x003D, 0x0000, 0x0001,
    0x9D14, 0x0001, 0xFFDF, 0x0001, 0xCF1B, 0x0001, 0xD28A, 0x0001, 0xF2C0, 0x0001, 0xEB21, 0x0001,
    0xB34E, 0x0001, 0xDF5C, 0x0001, 0xF77D, 0x0001, 0xFFFF, 0x0001, 0x6B6D, 0x0001, 0x18C5, 0x003D,
    0x0000, 0x0001, 0xB5B6, 0x0001, 0xFFFF, 0x0001, 0xD69A, 0x0001, 0x8494, 0x0001, 0xEB80, 0x0001,
    0xD404, 0x0001, 0x8CF5, 0x0001, 0xEF3C, 0x0001, 0xF7BE, 0x0001, 0xFFFF, 0x0001, 0x6B4D, 0x0001,
    0x18C5, 0x003E, 0x630C, 0x0001, 0xCE58, 0x0001, 0x10E3, 0x0001, 0x40E0, 0x0001, 0xF3C0, 0x0001,
    0xDBC0, 0x0001, 0x2060, 0x0001, 0x31C6, 0x0001, 0xDEBA, 0x0001, 0xFFFF, 0x0001, 0x6B4D, 0x0001,
    0x18C5, 0x003E, 0x0000, 0x0001, 0x10A2, 0x0001, 0x4000, 0x0001, 0xFAC0, 0x0001, 0xF300, 0x0001,
    0xFBA0, 0x0001, 0xEA00, 0x0001, 0x1800, 0x0001, 0x18E3, 0x0001, 0x2986, 0x0001, 0x1904, 0x0001,
    0x18C5, 0x003F, 0x4800, 0x0001, 0xFAE0, 0x0001, 0xEB20, 0x0001, 0xEBE0, 0x0001, 0xEBA0, 0x0001,
    0xF320, 0x0002, 0x1880, 0x0001, 0x3800, 0x0001, 0xB000, 0x0001, 0x18C5, 0x003F, 0xA040, 0x0001,
    0xF9E0, 0x0001, 0xF300, 0x0001, 0xEB80, 0x0001, 0xF340, 0x0001, 0xEB20, 0x0001, 0xF3A0, 0x0001,
    0xFB80, 0x0001, 0xE8C0, 0x0001, 0xB800, 0x0001, 0x18C5, 0x0040, 0x9820, 0x0001, 0xF2A0, 0x0001,
    0xF3C0, 0x0001, 0xEBA0, 0x0001, 0xF340, 0x0001, 0xFAE0, 0x0001, 0xC8A0, 0x0001, 0xD840, 0x0001,
    0xD000, 0x0001, 0x18C5, 0x0041, 0xA880, 0x0001, 0xEA20, 0x0001, 0xF280, 0x0001, 0xD940, 0x0001,
    0x9800, 0x0001, 0xD120, 0x0001, 0xFA00, 0x0001, 0xC000, 0x0001, 0x18C5, 0x0036, 0xB840, 0x0001,
    0xD060, 0x0002, 0xC060, 0x0001, 0x18C5, 0x0005, 0xB800, 0x0001, 0xB000, 0x0001, 0xD0E0, 0x0001,
    0xA040, 0x0001, 0xA820, 0x0001, 0xA800, 0x0001, 0xD8C0, 0x0001, 0xF340, 0x0001, 0xEAE0, 0x0001,
    0xC040, 0x0001, 0xB020, 0x0001, 0xB000, 0x0001, 0x18C5, 0x0002, 0xB020, 0x0001, 0xD860, 0x0001,
    0xF1E0, 0x0001, 0xF120, 0x0001, 0x18C5, 0x002C, 0xB8A0, 0x0001, 0xE100, 0x0001, 0xF2E0, 0x0001,
    0xF280, 0x0001, 0xF2A0, 0x0002, 0xA000, 0x0001, 0xD0C0, 0x0001, 0xE120, 0x0002, 0xE140, 0x0001,
    0xFA20, 0x0001, 0xC860, 0x0001, 0xDA20, 0x0001, 0xF200, 0x0001, 0xF380, 0x0001, 0xE180, 0x0001,
    0xEA00, 0x0001, 0xF440, 0x0001, 0xEA60, 0x0001, 0xF2C0, 0x0001, 0xFB60, 0x0001, 0xFB40, 0x0001,
    0xD920, 0x0001, 0xB800, 0x0001, 0xE240, 0x0001, 0xFC60, 0x0001, 0xF400, 0x0001, 0xFC40, 0x0001,
    0xEA00, 0x0001, 0xC100, 0x0001, 0x18C5, 0x0029, 0xB800, 0x0001, 0xF9C0, 0x0001, 0xF2A0, 0x0001,
    0xEA20, 0x0002, 0xE9A0, 0x0001, 0xF1C0, 0x0001, 0xE940, 0x0001, 0xD8E0, 0x0001, 0xC9A0, 0x0001,
    0xC960, 0x0001, 0xD9A0, 0x0001, 0xFA40, 0x0001, 0xC880, 0x0001, 0xD140, 0x0001, 0xFA00, 0x0001,
    0xEA00, 0x0002, 0xF240, 0x0001, 0xEA00, 0x0001, 0xF1E0, 0x0001, 0xE100, 0x0001, 0xD9C0, 0x0001,
    0xDA20, 0x0001, 0xF2E0, 0x0001, 0xEA40, 0x0002, 0xF360, 0x0001, 0xEB80, 0x0001, 0xEC00, 0x0001,
    0xF460, 0x0001, 0xFBC0, 0x0001, 0xC8E0, 0x0001, 0x18C5, 0x0027, 0xB040, 0x0001, 0xFA80, 0x0001,
    0xF1E0, 0x0001, 0xE9C0, 0x0001, 0xF1C0, 0x0001, 0xF2E0, 0x0001, 0xF220, 0x0001, 0xF320, 0x0001,
    0xF3E0, 0x0001, 0xDA40, 0x0001, 0xD1E0, 0x0001, 0xD260, 0x0001, 0xE1E0, 0x0001, 0xF200, 0x0001,
    0xD020, 0x0001, 0xE9E0, 0x0001, 0xE8E0, 0x0001, 0xD000, 0x0001, 0xD8A0, 0x0001, 0xF280, 0x0001,
    0xEAC0, 0x0001, 0xF2A0, 0x0001, 0xEAE0, 0x0001, 0xE260, 0x0001, 0xE0C0, 0x0001, 0xF320, 0x0001,
    0xF4A0, 0x0001, 0xEB80, 0x0002, 0xEBA0, 0x0001, 0xF320, 0x0001, 0xEB20, 0x0001, 0xEB80, 0x0001,
    0xFC00, 0x0001, 0xD180, 0x0001, 0x18C5, 0x0026, 0xD080, 0x0001, 0xFAC0, 0x0001, 0xEA00, 0x0001,
    0xEB60, 0x0001, 0xE260, 0x0001, 0xD8C0, 0x0001, 0xF1E0, 0x0001, 0xE9C0, 0x0001, 0xEBA0, 0x0001,
    0xF380, 0x0001, 0xF440, 0x0002, 0xFBE0, 0x0001, 0x81C0, 0x0001, 0x7860, 0x0001, 0x58C0, 0x0001,
    0xAA00, 0x0001, 0xF3C0, 0x0001, 0xEB00, 0x0001, 0xF360, 0x0001, 0xF420, 0x0001, 0xF3A0, 0x0001,
    0xF3C0, 0x0001, 0xF3E0, 0x0001, 0xF2C0, 0x0001, 0xD960, 0x0001, 0xF2E0, 0x0001, 0xFAE0, 0x0002,
    0xFB20, 0x0001, 0xEC20, 0x0001, 0xEB20, 0x0001, 0xF3A0, 0x0001, 0xEC40, 0x0001, 0xF3C0, 0x0001,
    0xE0E0, 0x0001, 0x18C5, 0x0024, 0xB000, 0x0001, 0xF9E0, 0x0001, 0xEA40, 0x0001, 0xEAA0, 0x0001,
    0xFAA0, 0x0001, 0xE060, 0x0001, 0xFA20, 0x0001, 0xF360, 0x0001, 0xEC20, 0x0001, 0xF300, 0x0001,
    0xEB00, 0x0001, 0xEB80, 0x0001, 0xF360, 0x0001, 0xEA20, 0x0001, 0x30A0, 0x0001, 0x0000, 0x0001,
    0x3040, 0x0001, 0x48E0, 0x0001, 0xF400, 0x0001, 0xF360, 0x0001, 0xF300, 0x0001, 0xF340, 0x0001,
    0xF320, 0x0001, 0xF2E0, 0x0001, 0xF380, 0x0001, 0xEC60, 0x0001, 0xEAE0, 0x0001, 0xC061, 0x0001,
    0xB167, 0x0001, 0xBA68, 0x0001, 0xCBE5, 0x0001, 0xFB40, 0x0001, 0xF420, 0x0001, 0xEB60, 0x0002,
    0xF480, 0x0001, 0xE940, 0x0001, 0x18C5, 0x0024, 0xD000, 0x0001, 0xF2C0, 0x0001, 0xF9E0, 0x0001,
    0xFA00, 0x0001, 0xA249, 0x0001, 0x68AA, 0x0001, 0x8AAE, 0x0001, 0xCA64, 0x0001, 0xFBE0, 0x0001,
    0xEB40, 0x0001, 0xF420, 0x0001, 0xF360, 0x0001, 0xF340, 0x0001, 0xDA00, 0x0001, 0x6940, 0x0001,
    0x0000, 0x0001, 0x6080, 0x0001, 0xFB60, 0x0001, 0xF340, 0x0001, 0xEAE0, 0x0001, 0xF3E0, 0x0001,
    0xF420, 0x0001, 0xEBC0, 0x0001, 0xEB60, 0x0001, 0xEC60, 0x0001, 0xFB60, 0x0001, 0xF280, 0x0001,
    0x4497, 0x0001, 0x02DF, 0x0001, 0x01FB, 0x0001, 0x1257, 0x0001, 0x912E, 0x0001, 0xC9E2, 0x0001,
    0xFC20, 0x0001, 0xF3C0, 0x0001, 0xF480, 0x0001, 0xEA20, 0x0001, 0x18C5, 0x0023, 0xD0A0, 0x0001,
    0xF120, 0x0001, 0xF980, 0x0001, 0xB0A4, 0x0001, 0x50D3, 0x0001, 0x01FB, 0x0001, 0x0098, 0x0001,
    0x035F, 0x0001, 0x23DB, 0x0001, 0xDA43, 0x0001, 0xFB20, 0x0001, 0xEC20, 0x0001, 0xEB80, 0x0001,
    0xFB00, 0x0001, 0xA960, 0x0001, 0x1800, 0x0001, 0x4840, 0x0001, 0x4120, 0x0001, 0xEC00, 0x0001,
    0xF380, 0x0001, 0xF400, 0x0001, 0xF420, 0x0001, 0xF400, 0x0001, 0xF340, 0x0001, 0xFB20, 0x0001,
    0xFAA0, 0x0001, 0x73D0, 0x0001, 0x3B97, 0x0001, 0x033F, 0x0001, 0x023C, 0x0001, 0x00F8, 0x0001,
    0x025A, 0x0001, 0x049F, 0x0001, 0x2299, 0x0001, 0xD101, 0x0001, 0xE140, 0x0001, 0xD0E0, 0x0001,
    0xE980, 0x0001, 0xE9A0, 0x0001, 0xA000, 0x0001, 0x18C5, 0x0020, 0xD0A0, 0x0001, 0xF0A0, 0x0001,
    0xD060, 0x0001, 0x3317, 0x0001, 0x0ADB, 0x0001, 0x03FF, 0x0001, 0x02BD, 0x0001, 0x0075, 0x0001,
    0x023C, 0x0001, 0x031E, 0x0001, 0x137A, 0x0001, 0xE1E1, 0x0001, 0xF3E0, 0x0001, 0xEAC0, 0x0001,
    0xF1A0, 0x0001, 0xEB20, 0x0001, 0xE2A0, 0x0001, 0xE2C0, 0x0001, 0xF220, 0x0001, 0xF1E0, 0x0001,
    0xEB00, 0x0001, 0xEBA0, 0x0001, 0xE3C0, 0x0001, 0xF2A0, 0x0001, 0xB1C6, 0x0001, 0x243A, 0x0001,
    0x2B98, 0x0001, 0x025E, 0x0001, 0x01FE, 0x0001, 0x01FC, 0x0001, 0x031E, 0x0001, 0x0118, 0x0001,
    0x049E, 0x0001, 0x055D, 0x0001, 0x053F, 0x0001, 0x2338, 0x0001, 0xE121, 0x0001, 0xEAA0, 0x0001,
    0xFB20, 0x0001, 0xFC60, 0x0001, 0xEA00, 0x0001, 0xA800, 0x0001, 0x18C5, 0x001E, 0xC880, 0x0001,
    0xE100, 0x0001, 0xB0C6, 0x0001, 0x2A77, 0x0001, 0x039F, 0x0001, 0x041E, 0x0001, 0x045D, 0x0001,
    0x01FB, 0x0001, 0x0096, 0x0001, 0x035E, 0x0001, 0x029D, 0x0001, 0x0138, 0x0001, 0xA001, 0x0001,
    0xE100, 0x0001, 0xF260, 0x0001, 0xEBC0, 0x0001, 0xF3C0, 0x0001, 0xF340, 0x0001, 0xF420, 0x0001,
    0xF3E0, 0x0001, 0xF2C0, 0x0001, 0xE980, 0x0001, 0xD100, 0x0001, 0xD860, 0x0001, 0x18D2, 0x0001,
    0x0158, 0x0001, 0x027E, 0x0001, 0x023D, 0x0001, 0x02FD, 0x0001, 0x031D, 0x0001, 0x02FD, 0x0001,
    0x033E, 0x0001, 0x0095, 0x0001, 0x03FD, 0x0001, 0x051E, 0x0001, 0x051D, 0x0001, 0x051E, 0x0001,
    0x04BF, 0x0001, 0x53D3, 0x0001, 0xCAA6, 0x0001, 0xF3C0, 0x0001, 0xFB60, 0x0001, 0xC800, 0x0001,
    0x18C5, 0x001D, 0xC000, 0x0001, 0xF880, 0x0001, 0x4A73, 0x0001, 0x03DF, 0x0001, 0x03FE, 0x0001,
    0x041D, 0x0001, 0x03FD, 0x0001, 0x045F, 0x0001, 0x00D6, 0x0001, 0x015B, 0x0001, 0x037E, 0x0001,
    0x043D, 0x0001, 0x043E, 0x0001, 0xC962, 0x0001, 0xF3C0, 0x0001, 0xEBC0, 0x0001, 0xF460, 0x0001,
    0xF380, 0x0001, 0xEBA0, 0x0001, 0xEC40, 0x0001, 0xEBE0, 0x0001, 0xF3A0, 0x0001, 0xEC60, 0x0001,
    0xFBC0, 0x0001, 0xBAA7, 0x0001, 0x0D3D, 0x0001, 0x057F, 0x0001, 0x055D, 0x0001, 0x047E, 0x0001,
    0x041E, 0x0002, 0x033D, 0x0001, 0x031E, 0x0001, 0x0055, 0x0001, 0x031D, 0x0001, 0x055E, 0x0001,
    0x04FE, 0x0001, 0x051D, 0x0001, 0x04DE, 0x0001, 0x049E, 0x0001, 0x04DF, 0x0001, 0x7A6E, 0x0001,
    0xFB00, 0x0001, 0xF240, 0x0001, 0x18C5, 0x001D, 0x3A75, 0x0001, 0x42B4, 0x0001, 0x03BF, 0x0001,
    0x03DD, 0x0001, 0x041E, 0x0001, 0x03FD, 0x0001, 0x043E, 0x0001, 0x025C, 0x0001, 0x0035, 0x0001,
    0x019C, 0x0001, 0x037E, 0x0001, 0x041D, 0x0001, 0x03DE, 0x0001, 0xE262, 0x0001, 0xF360, 0x0001,
    0xE9C0, 0x0001, 0xF320, 0x0001, 0xF300, 0x0001, 0xF360, 0x0001, 0xF2E0, 0x0001, 0xF1C0, 0x0001,
    0xEAA0, 0x0001, 0xFBA0, 0x0001, 0xBA67, 0x0001, 0x0CFD, 0x0001, 0x051E, 0x0001, 0x04DD, 0x0001,
    0x051E, 0x0001, 0x045E, 0x0001, 0x03FE, 0x0001, 0x043E, 0x0001, 0x039D, 0x0001, 0x033E, 0x0001,
    0x0119, 0x0001, 0x0158, 0x0001, 0x053E, 0x0001, 0x051D, 0x0001, 0x04FE, 0x0001, 0x053E, 0x0001,
    0x047D, 0x0001, 0x049D, 0x0001, 0x04FF, 0x0001, 0x7AEE, 0x0001, 0xF960, 0x0001, 0x18C5, 0x001C,
    0x025B, 0x0001, 0x047F, 0x0001, 0x039F, 0x0001, 0x03DD, 0x0001, 0x041E, 0x0001, 0x03FD, 0x0001,
    0x045F, 0x0001, 0x025D, 0x0001, 0x0013, 0x0001, 0x18C5, 0x0001, 0x0096, 0x0001, 0x037F, 0x0001,
    0x043D, 0x0001, 0x041F, 0x0001, 0xC0A2, 0x0001, 0xF220, 0x0001, 0xEAE0, 0x0001, 0xF3A0, 0x0001,
    0xF320, 0x0001, 0xF3C0, 0x0001, 0xF300, 0x0001, 0xEB00, 0x0001, 0xFB00, 0x0001, 0xBA26, 0x0001,
    0x0C1D, 0x0001, 0x04FE, 0x0001, 0x051D, 0x0001, 0x051E, 0x0001, 0x04BE, 0x0001, 0x03FD, 0x0001,
    0x035D, 0x0001, 0x041D, 0x0001, 0x03DE, 0x0001, 0x023D, 0x0001, 0x0076, 0x0001, 0x0035, 0x0001,
    0x02FE, 0x0001, 0x04FE, 0x0001, 0x051D, 0x0001, 0x04FE, 0x0001, 0x051E, 0x0001, 0x045D, 0x0001,
    0x04FD, 0x0001, 0x051F, 0x0001, 0x81CE, 0x0001, 0x18C5, 0x001B, 0x0199, 0x0001, 0x03FE, 0x0001,
    0x033D, 0x0001, 0x03DD, 0x0001, 0x03FD, 0x0002, 0x045F, 0x0001, 0x025D, 0x0001, 0x0013, 0x0001,
    0x18C5, 0x0003, 0x00F8, 0x0001, 0x03DF, 0x0001, 0x1ADA, 0x0001, 0xDA02, 0x0001, 0xF380, 0x0001,
    0xEBE0, 0x0001, 0xF360, 0x0001, 0xF3E0, 0x0001, 0xF3C0, 0x0001, 0xEB80, 0x0001, 0xF440, 0x0001,
    0xBAA6, 0x0001, 0x04DE, 0x0001, 0x053E, 0x0001, 0x045D, 0x0001, 0x04BE, 0x0001, 0x04BD, 0x0001,
    0x03FD, 0x0001, 0x037E, 0x0001, 0x041E, 0x0001, 0x03FE, 0x0001, 0x023F, 0x0001, 0x0057, 0x0001,
    0x18C5, 0x0003, 0x02FF, 0x0001, 0x051E, 0x0001, 0x04FD, 0x0001, 0x051E, 0x0001, 0x047E, 0x0001,
    0x049D, 0x0001, 0x059E, 0x0001, 0x03DF, 0x0001, 0x18C5, 0x001A, 0x029E, 0x0001, 0x03BE, 0x0001,
    0x025D, 0x0001, 0x021C, 0x0001, 0x03FE, 0x0001, 0x047E, 0x0001, 0x045F, 0x0001, 0x025D, 0x0001,
    0x0013, 0x0001, 0x18C5, 0x0005, 0x027F, 0x0001, 0xA0E7, 0x0001, 0xFB00, 0x0001, 0xEB40, 0x0001,
    0xF3A0, 0x0001, 0xF300, 0x0001, 0xF380, 0x0001, 0xF340, 0x0001, 0xEB80, 0x0001, 0xFAA0, 0x0001,
    0x0CBB, 0x0001, 0x053F, 0x0001, 0x04FD, 0x0001, 0x041E, 0x0001, 0x043E, 0x0001, 0x045E, 0x0001,
    0x035F, 0x0001, 0x01FD, 0x0001, 0x01FC, 0x0001, 0x01DA, 0x0001, 0x0079, 0x0001, 0x18C5, 0x0005,
    0x031F, 0x0001, 0x051E, 0x0001, 0x051D, 0x0001, 0x051E, 0x0001, 0x043E, 0x0001, 0x053E, 0x0001,
    0x03DF, 0x0001, 0x017D, 0x0001, 0x18C5, 0x0018, 0x02BE, 0x0001, 0x045E, 0x0001, 0x041D, 0x0001,
    0x041E, 0x0001, 0x027D, 0x0001, 0x01FD, 0x0001, 0x023B, 0x0001, 0x019A, 0x0001, 0x0014, 0x0001,
    0x18C5, 0x0007, 0xDA04, 0x0001, 0xFB80, 0x0001, 0xEB20, 0x0001, 0xF320, 0x0001, 0xF340, 0x0001,
    0xF380, 0x0001, 0xEB00, 0x0001, 0xFBA0, 0x0001, 0x934C, 0x0001, 0x0CDD, 0x0001, 0x051E, 0x0001,
    0x045E, 0x0001, 0x043E, 0x0001, 0x02FF, 0x0001, 0x025F, 0x0001, 0x0138, 0x0001, 0x18C5, 0x000A,
    0x031F, 0x0001, 0x051E, 0x0001, 0x053E, 0x0001, 0x043E, 0x0001, 0x045E, 0x0001, 0x04DD, 0x0001,
    0x03FF, 0x0001, 0x017B, 0x0001, 0x18C5, 0x0016, 0x025E, 0x0001, 0x041F, 0x0001, 0x03FD, 0x0001,
    0x03FE, 0x0001, 0x045F, 0x0001, 0x035D, 0x0001, 0x039E, 0x0001, 0x01FB, 0x0001, 0x0011, 0x0001,
    0x18C5, 0x0007, 0x912C, 0x0001, 0xFB20, 0x0001, 0xEB80, 0x0001, 0xF400, 0x0001, 0xF380, 0x0001,
    0xF3C0, 0x0001, 0xF380, 0x0001, 0xEC20, 0x0001, 0xFA80, 0x0001, 0x3417, 0x0001, 0x055F, 0x0001,
    0x03DD, 0x0001, 0x029D, 0x0001, 0x021D, 0x0001, 0x18C5, 0x000E, 0x02DF, 0x0001, 0x039E, 0x0001,
    0x03DD, 0x0001, 0x04DD, 0x0001, 0x053E, 0x0001, 0x051E, 0x0001, 0x03DF, 0x0001, 0x02DE, 0x0001,
    0x18C5, 0x0015, 0x80EC, 0x0001, 0xD8A1, 0x0001, 0xD0A1, 0x0001, 0x89AA, 0x0001, 0x1B9B, 0x0001,
    0x031E, 0x0001, 0x047E, 0x0001, 0x037F, 0x0001, 0x18C5, 0x0008, 0xD8E2, 0x0001, 0xF380, 0x0001,
    0xEB40, 0x0001, 0xF380, 0x0001, 0xF340, 0x0001, 0xF3E0, 0x0001, 0xF300, 0x0001, 0xF3C0, 0x0001,
    0xF240, 0x0001, 0xE9C0, 0x0001, 0xC8C1, 0x0001, 0xC8C2, 0x0001, 0x9801, 0x0001, 0x18C5, 0x0010,
    0x031F, 0x0001, 0x045F, 0x0001, 0x03DF, 0x0001, 0x7350, 0x0001, 0xE9A1, 0x0001, 0xE242, 0x0001,
    0xE9C2, 0x0001, 0xD060, 0x0001, 0x18C5, 0x0013, 0xC840, 0x0001, 0xF260, 0x0001, 0xF360, 0x0001,
    0xF300, 0x0001, 0xF2A0, 0x0001, 0xF920, 0x0001, 0x598F, 0x0001, 0x043F, 0x0001, 0x031F, 0x0001,
    0x18C5, 0x0007, 0xF020, 0x0001, 0xF2C0, 0x0001, 0xEB20, 0x0001, 0xF320, 0x0001, 0xF300, 0x0001,
    0xF340, 0x0001, 0xF300, 0x0001, 0xF320, 0x0001, 0xF380, 0x0001, 0xF360, 0x0001, 0xEBC0, 0x0001,
    0xF220, 0x0001, 0xF900, 0x0001, 0x9065, 0x0001, 0x18C5, 0x0010, 0x03BF, 0x0001, 0x3317, 0x0001,
    0x69CF, 0x0001, 0xFA80, 0x0001, 0xF3E0, 0x0002, 0xFBA0, 0x0001, 0xFAA0, 0x0001, 0x18C5, 0x0012,
    0xB040, 0x0001, 0xE160, 0x0001, 0xF240, 0x0001, 0xEA00, 0x0001, 0xEAE0, 0x0001, 0xF340, 0x0001,
    0xDA60, 0x0001, 0xD920, 0x0001, 0x6150, 0x0001, 0x011B, 0x0001, 0x18C5, 0x0006, 0x09FB, 0x0001,
    0x78CA, 0x0001, 0xFA80, 0x0001, 0xEBC0, 0x0001, 0xEBA0, 0x0001, 0xF340, 0x0001, 0xF440, 0x0001,
    0xF340, 0x0001, 0xEBE0, 0x0001, 0xF440, 0x0001, 0xEB80, 0x0001, 0xFB40, 0x0001, 0xF160, 0x0001,
    0x6210, 0x0001, 0x2B79, 0x0001, 0x035F, 0x0001, 0x18C5, 0x000F, 0x39F6, 0x0001, 0xE8E0, 0x0001,
    0xE8A0, 0x0001, 0xEC80, 0x0001, 0xEBE0, 0x0001, 0xF3E0, 0x0001, 0xEB40, 0x0001, 0xFBC0, 0x0001,
    0xE8E0, 0x0001, 0x18C5, 0x0011, 0xD020, 0x0001, 0xF9E0, 0x0001, 0xEA80, 0x0001, 0xF260, 0x0001,
    0xF240, 0x0001, 0xEA20, 0x0001, 0xD100, 0x0001, 0xF340, 0x0001, 0xF1C0, 0x0001, 0x8003, 0x0001,
    0x18C5, 0x0006, 0x01BD, 0x0001, 0x039F, 0x0001, 0x798A, 0x0001, 0xF240, 0x0001, 0xEBE0, 0x0001,
    0xEB20, 0x0001, 0xEC20, 0x0001, 0xEB40, 0x0001, 0xF3C0, 0x0001, 0xF3E0, 0x0001, 0xFA40, 0x0001,
    0x72EF, 0x0001, 0x3C58, 0x0001, 0x055F, 0x0002, 0x045F, 0x0001, 0x02FD, 0x0001, 0x18C5, 0x000E,
    0xE0A1, 0x0001, 0xFAC0, 0x0001, 0xC8C0, 0x0001, 0xF3C0, 0x0001, 0xEC00, 0x0001, 0xF340, 0x0001,
    0xF2E0, 0x0001, 0xEB60, 0x0001, 0xF9E0, 0x0001, 0x18C5, 0x0011, 0xD8A0, 0x0001, 0xF340, 0x0001,
    0xEB20, 0x0001, 0xF320, 0x0001, 0xF280, 0x0001, 0xE960, 0x0001, 0xF260, 0x0001, 0xFB60, 0x0001,
    0xD880, 0x0001, 0xB000, 0x0001, 0x18C5, 0x0006, 0x013B, 0x0001, 0x027D, 0x0001, 0x045F, 0x0001,
    0x9129, 0x0001, 0xFB00, 0x0001, 0xEB81, 0x0001, 0xF420, 0x0001, 0xFB00, 0x0001, 0xE2C2, 0x0001,
    0x9A8A, 0x0001, 0x1C1C, 0x0001, 0x03FE, 0x0001, 0x053F, 0x0001, 0x04FD, 0x0002, 0x053E, 0x0001,
    0x035E, 0x0001, 0x18C5, 0x000E, 0xB840, 0x0001, 0xF160, 0x0001, 0xEA20, 0x0001, 0xD860, 0x0001,
    0xF2E0, 0x0001, 0xEBE0, 0x0001, 0xF380, 0x0001, 0xF360, 0x0001, 0xFAA0, 0x0001, 0x18C5, 0x0011,
    0xE9C0, 0x0001, 0xF260, 0x0001, 0xF2E0, 0x0001, 0xF2A0, 0x0001, 0xEA20, 0x0001, 0xF340, 0x0001,
    0xF1A0, 0x0001, 0xF1C0, 0x0001, 0xA820, 0x0001, 0x18C5, 0x0007, 0x019C, 0x0001, 0x025C, 0x0001,
    0x043E, 0x0001, 0x03FF, 0x0001, 0xA249, 0x0001, 0xFA60, 0x0001, 0xD323, 0x0001, 0xB249, 0x0001,
    0x0BFC, 0x0001, 0x049F, 0x0001, 0x055E, 0x0001, 0x045E, 0x0001, 0x04DD, 0x0001, 0x051E, 0x0002,
    0x051D, 0x0001, 0x043F, 0x0001, 0x02BD, 0x0001, 0x18C5, 0x000E, 0xA800, 0x0001, 0xF140, 0x0001,
    0xF200, 0x0001, 0xEA80, 0x0001, 0xF440, 0x0001, 0xF3E0, 0x0001, 0xF3A0, 0x0001, 0xFAA0, 0x0001,
    0x18C5, 0x0011, 0xF160, 0x0001, 0xF220, 0x0002, 0xE980, 0x0001, 0xFA80, 0x0001, 0xF9C0, 0x0001,
    0xD020, 0x0001, 0xA800, 0x0001, 0x18C5, 0x0007, 0x017B, 0x0001, 0x031F, 0x0001, 0x025C, 0x0001,
    0x039E, 0x0002, 0x041E, 0x0001, 0x826E, 0x0001, 0x2BD8, 0x0001, 0x04DF, 0x0001, 0x051D, 0x0001,
    0x053D, 0x0001, 0x04DD, 0x0001, 0x043E, 0x0001, 0x04FE, 0x0001, 0x051E, 0x0003, 0x04BF, 0x0001,
    0x03FF, 0x0001, 0x18C5, 0x000F, 0xB040, 0x0001, 0xFAA0, 0x0001, 0xF2C0, 0x0001, 0xEA80, 0x0001,
    0xF280, 0x0001, 0xF360, 0x0001, 0xFA40, 0x0001, 0x18C5, 0x0010, 0xB000, 0x0001, 0xFA80, 0x0001,
    0xEB40, 0x0001, 0xF2E0, 0x0001, 0xF9A0, 0x0001, 0xA860, 0x0001, 0x18C5, 0x000A, 0x029F, 0x0001,
    0x03DE, 0x0001, 0x031D, 0x0001, 0x039E, 0x0001, 0x039D, 0x0001, 0x041D, 0x0001, 0x053F, 0x0001,
    0x055F, 0x0001, 0x051D, 0x0001, 0x051E, 0x0001, 0x04FE, 0x0001, 0x041E, 0x0001, 0x037E, 0x0001,
    0x04DE, 0x0001, 0x051E, 0x0003, 0x051D, 0x0001, 0x055E, 0x0001, 0x03FF, 0x0001, 0x18C5, 0x000F,
    0xC020, 0x0001, 0xE9E0, 0x0001, 0xF180, 0x0001, 0xEAC0, 0x0001, 0xF380, 0x0001, 0xFA60, 0x0001,
    0x18C5, 0x0010, 0xC800, 0x0001, 0xF2E0, 0x0001, 0xF320, 0x0001, 0xFA40, 0x0001, 0xA060, 0x0001,
    0x18C5, 0x000A, 0x013B, 0x0001, 0x03BF, 0x0001, 0x03FE, 0x0001, 0x037E, 0x0001, 0x039E, 0x0001,
    0x031E, 0x0001, 0x041D, 0x0001, 0x051D, 0x0001, 0x04FD, 0x0001, 0x051E, 0x0001, 0x04FE, 0x0001,
    0x03FE, 0x0001, 0x043E, 0x0001, 0x035E, 0x0001, 0x04BE, 0x0001, 0x051E, 0x0003, 0x04FE, 0x0001,
    0x04FD, 0x0001, 0x053E, 0x0001, 0x03BF, 0x0001, 0x18C5, 0x000F, 0xC800, 0x0001, 0xF980, 0x0001,
    0xF3E0, 0x0001, 0xEBA0, 0x0001, 0xFAA0, 0x0001, 0x18C5, 0x0010, 0xD840, 0x0001, 0xFB00, 0x0001,
    0xF260, 0x0001, 0xA840, 0x0001, 0x18C5, 0x000B, 0x02DE, 0x0001, 0x043F, 0x0001, 0x03DD, 0x0001,
    0x033E, 0x0001, 0x045E, 0x0001, 0x02DD, 0x0001, 0x03BE, 0x0001, 0x043D, 0x0001, 0x04FD, 0x0001,
    0x053E, 0x0001, 0x049E, 0x0001, 0x035E, 0x0001, 0x04DE, 0x0001, 0x037E, 0x0001, 0x047E, 0x0001,
    0x051E, 0x0004, 0x04FE, 0x0001, 0x051D, 0x0001, 0x04DF, 0x0001, 0x18C5, 0x0010, 0xE900, 0x0001,
    0xF400, 0x0001, 0xEBC0, 0x0001, 0xFA00, 0x0001, 0x18C5, 0x0010, 0xF220, 0x0001, 0xFA00, 0x0001,
    0xB800, 0x0001, 0x18C5, 0x000C, 0x037F, 0x0001, 0x045D, 0x0001, 0x03BE, 0x0001, 0x033E, 0x0001,
    0x045E, 0x0001, 0x02DD, 0x0001, 0x023D, 0x0001, 0x041F, 0x0001, 0x049E, 0x0001, 0x04BD, 0x0001,
    0x029D, 0x0001, 0x03FE, 0x0001, 0x049E, 0x0001, 0x045E, 0x0001, 0x039E, 0x0001, 0x051E, 0x0005,
    0x04FD, 0x0001, 0x053E, 0x0001, 0x03BD, 0x0001, 0x18C5, 0x000F, 0xC000, 0x0001, 0xFBE0, 0x0001,
    0xEBE0, 0x0001, 0xFA00, 0x0001, 0x18C5, 0x000F, 0xA000, 0x0001, 0xF280, 0x0001, 0xF260, 0x0001,
    0xE220, 0x0001, 0xC0E0, 0x0001, 0x18C5, 0x000A, 0x027E, 0x0001, 0x043E, 0x0001, 0x041D, 0x0001,
    0x041E, 0x0001, 0x039E, 0x0001, 0x03BE, 0x0001, 0x047E, 0x0001, 0x025C, 0x0001, 0x00F5, 0x0001,
    0x027B, 0x0001, 0x039F, 0x0001, 0x01FC, 0x0001, 0x03FE, 0x0001, 0x049E, 0x0001, 0x055E, 0x0001,
    0x035E, 0x0001, 0x051E, 0x0006, 0x053E, 0x0001, 0x041F, 0x0001, 0x18C5, 0x000E, 0xB800, 0x0001,
    0xA800, 0x0001, 0xD920, 0x0001, 0xF380, 0x0001, 0xFA00, 0x0001, 0x18C5, 0x000F, 0xC800, 0x0001,
    0xFA60, 0x0001, 0xF340, 0x0002, 0xFB00, 0x0001, 0xB880, 0x0001, 0x18C5, 0x0009, 0x029F, 0x0001,
    0x045D, 0x0001, 0x03FE, 0x0001, 0x043E, 0x0001, 0x03BE, 0x0001, 0x037E, 0x0001, 0x041E, 0x0001,
    0x033D, 0x0001, 0x021D, 0x0001, 0x008F, 0x0001, 0x0086, 0x0001, 0x00B5, 0x0001, 0x03FE, 0x0001,
    0x047E, 0x0001, 0x051E, 0x0001, 0x041E, 0x0001, 0x047E, 0x0001, 0x051E, 0x0001, 0x04FE, 0x0001,
    0x051E, 0x0003, 0x051D, 0x0001, 0x04DE, 0x0001, 0x03BF, 0x0001, 0x18C5, 0x000C, 0xD100, 0x0001,
    0xFB40, 0x0001, 0xE360, 0x0001, 0xEB20, 0x0001, 0xF420, 0x0001, 0xFA60, 0x0001, 0x18C5, 0x000F,
    0xE900, 0x0001, 0xF2E0, 0x0001, 0xEAE0, 0x0001, 0xEAA0, 0x0001, 0xF340, 0x0001, 0xFA00, 0x0001,
    0xB000, 0x0001, 0x18C5, 0x0007, 0x019B, 0x0001, 0x039E, 0x0001, 0x041D, 0x0001, 0x03FE, 0x0001,
    0x041E, 0x0001, 0x039E, 0x0001, 0x037E, 0x0001, 0x043E, 0x0001, 0x03DE, 0x0001, 0x033E, 0x0001,
    0x027C, 0x0001, 0x015A, 0x0001, 0x0095, 0x0001, 0x043F, 0x0001, 0x047D, 0x0001, 0x053E, 0x0001,
    0x04DE, 0x0001, 0x043E, 0x0001, 0x051E, 0x0001, 0x04FE, 0x0001, 0x051E, 0x0004, 0x04FD, 0x0001,
    0x047F, 0x0001, 0x043E, 0x0001, 0x18C5, 0x000A, 0xC900, 0x0001, 0xFBE0, 0x0001, 0xF460, 0x0001,
    0xF400, 0x0002, 0xF480, 0x0001, 0xE980, 0x0001, 0x18C5, 0x000F, 0xF9A0, 0x0001, 0xF380, 0x0001,
    0xFA40, 0x0001, 0xF9C0, 0x0001, 0xF300, 0x0002, 0xC020, 0x0001, 0x18C5, 0x0007, 0x027D, 0x0001,
    0x043E, 0x0001, 0x03FD, 0x0001, 0x041E, 0x0002, 0x039E, 0x0001, 0x037E, 0x0001, 0x043E, 0x0001,
    0x03FE, 0x0001, 0x033D, 0x0001, 0x033E, 0x0001, 0x01FD, 0x0001, 0x00B6, 0x0001, 0x02F5, 0x0001,
    0x049E, 0x0001, 0x04FD, 0x0001, 0x04FE, 0x0001, 0x049E, 0x0001, 0x051E, 0x0001, 0x04FE, 0x0001,
    0x051E, 0x0004, 0x04FE, 0x0001, 0x049D, 0x0001, 0x049F, 0x0001, 0x18C5, 0x0009, 0xD120, 0x0001,
    0xFB20, 0x0001, 0xDA00, 0x0001, 0xF340, 0x0001, 0xF420, 0x0001, 0xEBC0, 0x0001, 0xF480, 0x0001,
    0xE980, 0x0001, 0x18C5, 0x000E, 0xC8E0, 0x0001, 0xFAE0, 0x0001, 0xF240, 0x0001, 0xB080, 0x0001,
    0xA860, 0x0001, 0xD960, 0x0001, 0xFB00, 0x0001, 0xC800, 0x0001, 0x18C5, 0x0006, 0x017C, 0x0001,
    0x033F, 0x0001, 0x041D, 0x0001, 0x041E, 0x0003, 0x03DE, 0x0002, 0x041E, 0x0002, 0x03DE, 0x0001,
    0x02FD, 0x0001, 0x02BE, 0x0001, 0x0157, 0x0001, 0x0025, 0x0001, 0x037F, 0x0001, 0x04DD, 0x0001,
    0x051E, 0x0009, 0x04BD, 0x0001, 0x047E, 0x0001, 0x03FF, 0x0001, 0x18C5, 0x0007, 0xD080, 0x0001,
    0xFBA0, 0x0001, 0xA900, 0x0001, 0x18C5, 0x0001, 0xB880, 0x0001, 0xF320, 0x0001, 0xF400, 0x0001,
    0xF420, 0x0001, 0xE940, 0x0001, 0x18C5, 0x000E, 0xF160, 0x0001, 0xFAC0, 0x0001, 0xA040, 0x0001,
    0x18C5, 0x0002, 0x8000, 0x0001, 0xE980, 0x0001, 0xEA20, 0x0001, 0xA800, 0x0001, 0x18C5, 0x0005,
    0x017B, 0x0001, 0x03DF, 0x0001, 0x041E, 0x0003, 0x03FE, 0x0001, 0x043E, 0x0001, 0x039E, 0x0001,
    0x03BE, 0x0001, 0x043E, 0x0001, 0x03BE, 0x0001, 0x02FD, 0x0001, 0x033F, 0x0001, 0x01B8, 0x0001,
    0x0005, 0x0001, 0x021C, 0x0001, 0x053E, 0x0001, 0x04FD, 0x0001, 0x051E, 0x0003, 0x045E, 0x0001,
    0x051E, 0x0004, 0x04BE, 0x0001, 0x049D, 0x0001, 0x04BF, 0x0001, 0x18C5, 0x0007, 0xF9E0, 0x0001,
    0xA140, 0x0001, 0x18C5, 0x0002, 0x7000, 0x0001, 0xE940, 0x0001, 0xFC40, 0x0001, 0xF340, 0x0001,
    0xE860, 0x0001, 0x18C5, 0x000D, 0xB8A0, 0x0001, 0xF2A0, 0x0001, 0xA840, 0x0001, 0x18C5, 0x0004,
    0xB820, 0x0001, 0xFA60, 0x0001, 0xA800, 0x0001, 0x18C5, 0x0005, 0x01DC, 0x0001, 0x041F, 0x0001,
    0x041D, 0x0001, 0x041E, 0x0001, 0x03FE, 0x0002, 0x043E, 0x0001, 0x035E, 0x0001, 0x03BE, 0x0001,
    0x043E, 0x0001, 0x03BE, 0x0001, 0x02FD, 0x0001, 0x031F, 0x0001, 0x0177, 0x0001, 0x0003, 0x0001,
    0x01FB, 0x0001, 0x043F, 0x0001, 0x04FD, 0x0001, 0x04FE, 0x0002, 0x051E, 0x0001, 0x045E, 0x0001,
    0x04FE, 0x0001, 0x051E, 0x0003, 0x04BE, 0x0001, 0x045D, 0x0001, 0x055E, 0x0001, 0x035D, 0x0001,
    0x18C5, 0x0006, 0xA800, 0x0001, 0x18C5, 0x0004, 0x8000, 0x0001, 0xE2A0, 0x0001, 0xFC80, 0x0001,
    0xD160, 0x0001, 0x18C5, 0x000D, 0xC8C0, 0x0001, 0xC200, 0x0001, 0x7000, 0x0001, 0x18C5, 0x0005,
    0xE8A0, 0x0001, 0xA800, 0x0001, 0x18C5, 0x0004, 0x015B, 0x0001, 0x02FF, 0x0001, 0x041E, 0x0001,
    0x03FE, 0x0001, 0x041E, 0x0001, 0x033E, 0x0001, 0x03DE, 0x0001, 0x043E, 0x0001, 0x037E, 0x0001,
    0x03BE, 0x0001, 0x043E, 0x0001, 0x03BE, 0x0001, 0x02FD, 0x0001, 0x033F, 0x0001, 0x0054, 0x0001,
    0x18C5, 0x0002, 0x033E, 0x0001, 0x04FE, 0x0001, 0x049E, 0x0001, 0x045E, 0x0001, 0x053E, 0x0001,
    0x04FE, 0x0001, 0x043E, 0x0001, 0x053E, 0x0001, 0x04FE, 0x0001, 0x051E, 0x0001, 0x04BE, 0x0001,
    0x045D, 0x0001, 0x053E, 0x0001, 0x049E, 0x0001, 0x18C5, 0x000C, 0x7800, 0x0001, 0xF340, 0x0001,
    0xC9A0, 0x0001, 0x8800, 0x0001, 0x18C5, 0x000C, 0xC0C0, 0x0001, 0xC200, 0x0001, 0x9800, 0x0001,
    0x9000, 0x0001, 0x18C5, 0x000A, 0x015B, 0x0001, 0x02DF, 0x0001, 0x041E, 0x0001, 0x03FE, 0x0001,
    0x043E, 0x0001, 0x033E, 0x0001, 0x03DE, 0x0001, 0x043E, 0x0001, 0x037E, 0x0001, 0x03BE, 0x0001,
    0x043E, 0x0001, 0x03BE, 0x0001, 0x02FE, 0x0001, 0x027E, 0x0001, 0x0034, 0x0001, 0x18C5, 0x0001,
    0x0011, 0x0001, 0x029D, 0x0001, 0x047F, 0x0001, 0x04BD, 0x0001, 0x047E, 0x0001, 0x053E, 0x0001,
    0x04FE, 0x0001, 0x047E, 0x0001, 0x04BE, 0x0001, 0x051E, 0x0002, 0x04BE, 0x0001, 0x047E, 0x0001,
    0x053D, 0x0001, 0x053F, 0x0001, 0x02FD, 0x0001, 0x18C5, 0x000B, 0xB060, 0x0001, 0xB1A0, 0x0001,
    0xD200, 0x0001, 0x8000, 0x0001, 0x18C5, 0x000C, 0xC8C0, 0x0001, 0xCA00, 0x0001, 0x7800, 0x0001,
    0xC800, 0x0001, 0x8000, 0x0001, 0x18C5, 0x0009, 0x015B, 0x0001, 0x02DF, 0x0001, 0x041E, 0x0001,
    0x043E, 0x0001, 0x039E, 0x0002, 0x041E, 0x0001, 0x043E, 0x0001, 0x035E, 0x0001, 0x03BE, 0x0001,
    0x043E, 0x0001, 0x03BE, 0x0001, 0x031E, 0x0001, 0x01FD, 0x0001, 0x0014, 0x0001, 0x18C5, 0x0002,
    0x0076, 0x0001, 0x03DE, 0x0001, 0x043E, 0x0001, 0x047E, 0x0001, 0x051E, 0x0003, 0x047E, 0x0001,
    0x04DE, 0x0001, 0x051E, 0x0001, 0x041E, 0x0001, 0x047E, 0x0001, 0x051D, 0x0001, 0x051F, 0x0001,
    0x03DE, 0x0001, 0x18C5, 0x0009, 0x7800, 0x0001, 0xD0E0, 0x0001, 0xB0A0, 0x0001, 0xEB40, 0x0001,
    0xC920, 0x0001, 0x8000, 0x0001, 0x18C5, 0x000C, 0xC060, 0x0001, 0xD8E0, 0x0001, 0x18C5, 0x0001,
    0x8800, 0x0001, 0x8000, 0x0001, 0x18C5, 0x0009, 0x031F, 0x0001, 0x037E, 0x0001, 0x03BE, 0x0001,
    0x041E, 0x0001, 0x035E, 0x0001, 0x03DE, 0x0001, 0x041E, 0x0002, 0x037E, 0x0001, 0x039E, 0x0001,
    0x041E, 0x0001, 0x039D, 0x0001, 0x031E, 0x0001, 0x00F8, 0x0001, 0x18C5, 0x0004, 0x019A, 0x0001,
    0x041F, 0x0001, 0x049D, 0x0001, 0x053E, 0x0001, 0x04FE, 0x0001, 0x051E, 0x0002, 0x043E, 0x0001,
    0x04BE, 0x0001, 0x03FE, 0x0001, 0x047E, 0x0001, 0x051E, 0x0001, 0x053E, 0x0001, 0x04DF, 0x0001,
    0x02BD, 0x0001, 0x18C5, 0x0008, 0x8000, 0x0001, 0x8800, 0x0001, 0x9860, 0x0001, 0xD0C0, 0x0001,
    0xD900, 0x0001, 0xA080, 0x0001, 0x18C5, 0x000D, 0x8800, 0x0001, 0x18C5, 0x000C, 0x033F, 0x0001,
    0x03BE, 0x0001, 0x033E, 0x0001, 0x039E, 0x0001, 0x037E, 0x0001, 0x043E, 0x0001, 0x03FE, 0x0002,
    0x043E, 0x0001, 0x037E, 0x0001, 0x03BD, 0x0001, 0x033E, 0x0001, 0x021C, 0x0001, 0x0035, 0x0001,
    0x18C5, 0x0004, 0x0013, 0x0001, 0x027D, 0x0001, 0x045E, 0x0001, 0x04FE, 0x0001, 0x051E, 0x0001,
    0x04FE, 0x0001, 0x051E, 0x0001, 0x049E, 0x0001, 0x03FE, 0x0001, 0x041E, 0x0001, 0x04BE, 0x0001,
    0x051E, 0x0002, 0x049F, 0x0001, 0x02FE, 0x0001, 0x18C5, 0x000A, 0x8000, 0x0001, 0xB080, 0x0001,
    0xDA00, 0x0001, 0x90C0, 0x0001, 0x18C5, 0x001A, 0x033F, 0x0001, 0x045E, 0x0001, 0x033E, 0x0001,
    0x03BE, 0x0001, 0x037E, 0x0001, 0x043E, 0x0001, 0x03FE, 0x0002, 0x043E, 0x0001, 0x02BD, 0x0001,
    0x03BD, 0x0001, 0x033E, 0x0001, 0x00FB, 0x0001, 0x18C5, 0x0006, 0x0057, 0x0001, 0x033F, 0x0001,
    0x04DD, 0x0001, 0x051E, 0x0003, 0x053E, 0x0001, 0x041E, 0x0001, 0x045E, 0x0001, 0x053E, 0x0001,
    0x04FE, 0x0001, 0x051E, 0x0001, 0x03DF, 0x0001, 0x021D, 0x0001, 0x18C5, 0x000B, 0xB8C0, 0x0001,
    0xA0C0, 0x0001, 0x18C5, 0x001B, 0x021C, 0x0001, 0x043E, 0x0001, 0x03BD, 0x0001, 0x037E, 0x0001,
    0x03FE, 0x0001, 0x041E, 0x0002, 0x03FE, 0x0001, 0x043E, 0x0001, 0x01FC, 0x0001, 0x033E, 0x0001,
    0x025D, 0x0001, 0x0034, 0x0001, 0x18C5, 0x0007, 0x019C, 0x0001, 0x04FE, 0x0001, 0x051D, 0x0001,
    0x04FE, 0x0001, 0x051E, 0x0002, 0x04BE, 0x0001, 0x043E, 0x0001, 0x051E, 0x0001, 0x051D, 0x0001,
    0x053E, 0x0001, 0x02BE, 0x0001, 0x0014, 0x0001, 0x18C5, 0x0028, 0x00D9, 0x0001, 0x039F, 0x0001,
    0x041E, 0x0001, 0x033E, 0x0001, 0x043E, 0x0001, 0x03FE, 0x0001, 0x041E, 0x0001, 0x03FE, 0x0001,
    0x045E, 0x0001, 0x023C, 0x0001, 0x029E, 0x0001, 0x011B, 0x0001, 0x18C5, 0x0008, 0x011B, 0x0001,
    0x037F, 0x0001, 0x051E, 0x0005, 0x041E, 0x0001, 0x049E, 0x0001, 0x053E, 0x0001, 0x041F, 0x0001,
    0x013A, 0x0001, 0x18C5, 0x002A, 0x023D, 0x0001, 0x03BF, 0x0001, 0x035D, 0x0001, 0x043E, 0x0001,
    0x03FE, 0x0001, 0x041E, 0x0001, 0x03FE, 0x0001, 0x041E, 0x0001, 0x025D, 0x0001, 0x029E, 0x0001,
    0x0013, 0x0001, 0x18C5, 0x0008, 0x00B8, 0x0001, 0x035F, 0x0001, 0x055E, 0x0001, 0x04FE, 0x0001,
    0x051E, 0x0002, 0x053E, 0x0001, 0x047E, 0x0001, 0x045E, 0x0001, 0x047E, 0x0001, 0x029D, 0x0001,
    0x0013, 0x0001, 0x18C5, 0x002A, 0x0097, 0x0001, 0x02FF, 0x0001, 0x033E, 0x0001, 0x03FE, 0x0001,
    0x041E, 0x0001, 0x03FE, 0x0001, 0x041D, 0x0001, 0x03BE, 0x0001, 0x015A, 0x0001, 0x01FC, 0x0001,
    0x18C5, 0x000A, 0x023C, 0x0001, 0x04BF, 0x0001, 0x051D, 0x0001, 0x04FE, 0x0001, 0x053E, 0x0001,
    0x047E, 0x0001, 0x041E, 0x0001, 0x043D, 0x0001, 0x041E, 0x0001, 0x01BB, 0x0001, 0x18C5, 0x002C,
    0x021C, 0x0001, 0x031E, 0x0002, 0x03FE, 0x0001, 0x041D, 0x0001, 0x03DD, 0x0001, 0x037F, 0x0001,
    0x00B6, 0x0001, 0x0034, 0x0001, 0x18C5, 0x000A, 0x0035, 0x0001, 0x039F, 0x0001, 0x04DE, 0x0001,
    0x051D, 0x0001, 0x049E, 0x0001, 0x03DE, 0x0001, 0x045E, 0x0001, 0x051E, 0x0001, 0x045E, 0x0001,
    0x02BE, 0x0001, 0x015B, 0x0001, 0x18C5, 0x002B, 0x021C, 0x0001, 0x035E, 0x0001, 0x021C, 0x0001,
    0x033E, 0x0001, 0x035E, 0x0002, 0x0138, 0x0001, 0x00F9, 0x0001, 0x0034, 0x0001, 0x18C5, 0x000B,
    0x00D5, 0x0001, 0x03DF, 0x0001, 0x047E, 0x0001, 0x03FD, 0x0001, 0x041E, 0x0001, 0x04FE, 0x0001,
    0x051E, 0x0001, 0x051D, 0x0001, 0x041F, 0x0001, 0x019B, 0x0001, 0x18C5, 0x002B, 0x019A, 0x0001,
    0x047E, 0x0001, 0x02FD, 0x0001, 0x025D, 0x0001, 0x02BD, 0x0001, 0x0178, 0x0001, 0x013A, 0x0001,
    0x0098, 0x0001, 0x18C5, 0x000D, 0x00D5, 0x0001, 0x03BF, 0x0001, 0x03FE, 0x0001, 0x033D, 0x0001,
    0x051E, 0x0001, 0x04FE, 0x0001, 0x051D, 0x0001, 0x043F, 0x0001, 0x033E, 0x0001, 0x18C5, 0x002B,
    0x0074, 0x0001, 0x043E, 0x0001, 0x045E, 0x0001, 0x023C, 0x0001, 0x00DA, 0x0001, 0x021A, 0x0001,
    0x025D, 0x0001, 0x0014, 0x0001, 0x18C5, 0x000E, 0x00B7, 0x0001, 0x023E, 0x0001, 0x033E, 0x0001,
    0x04BE, 0x0001, 0x051E, 0x0002, 0x04BD, 0x0001, 0x03FF, 0x0001, 0x01FC, 0x0001, 0x18C5, 0x002A,
    0x0075, 0x0001, 0x03BE, 0x0001, 0x045E, 0x0001, 0x021C, 0x0001, 0x025D, 0x0001, 0x03BF, 0x0001,
    0x0139, 0x0001, 0x18C5, 0x0010, 0x0016, 0x0001, 0x01FD, 0x0001, 0x03FE, 0x0001, 0x053E, 0x0001,
    0x04FE, 0x0001, 0x053E, 0x0001, 0x041F, 0x0001, 0x031E, 0x0001, 0x18C5, 0x002A, 0x0075, 0x0001,
    0x031E, 0x0001, 0x035E, 0x0001, 0x01FC, 0x0001, 0x031E, 0x0001, 0x02BD, 0x0001, 0x019D, 0x0001,
    0x18C5, 0x0011, 0x0015, 0x0001, 0x021D, 0x0001, 0x04BE, 0x0001, 0x051E, 0x0001, 0x045D, 0x0001,
    0x03BE, 0x0001, 0x039E, 0x0001, 0x027E, 0x0001, 0x18C5, 0x002A, 0x01FD, 0x0001, 0x031E, 0x0001,
    0x031D, 0x0001, 0x043E, 0x0001, 0x031D, 0x0001, 0x027E, 0x0001, 0x0138, 0x0001, 0x18C5, 0x0011,
    0x0057, 0x0001, 0x029D, 0x0001, 0x03FD, 0x0001, 0x043E, 0x0001, 0x03BD, 0x0001, 0x03BE, 0x0001,
    0x02FF, 0x0001, 0x18C5, 0x0029, 0x00B7, 0x0001, 0x029D, 0x0001, 0x02FE, 0x0001, 0x03DE, 0x0001,
    0x041E, 0x0001, 0x03FE, 0x0001, 0x033E, 0x0001, 0x027E, 0x0001, 0x18C5, 0x0011, 0x00F7, 0x0001,
    0x029E, 0x0001, 0x031D, 0x0001, 0x03FE, 0x0001, 0x043E, 0x0001, 0x043D, 0x0001, 0x049E, 0x0001,
    0x02FE, 0x0001, 0x18C5, 0x0028, 0x029E, 0x0001, 0x033E, 0x0001, 0x02FD, 0x0001, 0x03DE, 0x0001,
    0x041E, 0x0002, 0x03FD, 0x0001, 0x035F, 0x0001, 0x0118, 0x0001, 0x18C5, 0x0011, 0x029F, 0x0001,
    0x03DE, 0x0001, 0x047E, 0x0001, 0x04FE, 0x0001, 0x049E, 0x0001, 0x041D, 0x0001, 0x051E, 0x0001,
    0x043F, 0x0001, 0x18C5, 0x0026, 0x013A, 0x0001, 0x031F, 0x0001, 0x031E, 0x0001, 0x02FE, 0x0001,
    0x03BE, 0x0001, 0x041E, 0x0001, 0x03FE, 0x0001, 0x043E, 0x0001, 0x035E, 0x0001, 0x029E, 0x0001,
    0x0013, 0x0001, 0x18C5, 0x0010, 0x015B, 0x0001, 0x03FF, 0x0001, 0x04FD, 0x0001, 0x053E, 0x0001,
    0x049E, 0x0001, 0x03DE, 0x0001, 0x04DD, 0x0001, 0x055E, 0x0001, 0x043F, 0x0001, 0x18C5, 0x0024,
    0x0014, 0x0001, 0x027D, 0x0001, 0x033E, 0x0001, 0x031D, 0x0001, 0x02FE, 0x0001, 0x03DE, 0x0001,
    0x043E, 0x0001, 0x041E, 0x0001, 0x035E, 0x0001, 0x031E, 0x0001, 0x02BE, 0x0001, 0x0012, 0x0001,
    0x18C5, 0x0010, 0x017A, 0x0001, 0x037F, 0x0001, 0x03DD, 0x0001, 0x051E, 0x0002, 0x045E, 0x0001,
    0x03FE, 0x0001, 0x051D, 0x0001, 0x04BE, 0x0001, 0x039F, 0x0001, 0x18C5, 0x0023, 0x380B, 0x0001,
    0x021C, 0x0001, 0x037F, 0x0001, 0x031D, 0x0001, 0x029D, 0x0001, 0x033D, 0x0001, 0x03BD, 0x0001,
    0x035D, 0x0001, 0x02DD, 0x0001, 0x031D, 0x0001, 0x02FF, 0x0001, 0x00B9, 0x0001, 0x18C5, 0x0010,
    0x021A, 0x0001, 0x03BF, 0x0001, 0x03BD, 0x0001, 0x04DE, 0x0001, 0x053E, 0x0001, 0x049E, 0x0001,
    0x041E, 0x0001, 0x04DE, 0x0001, 0x049D, 0x0001, 0x041D, 0x0001, 0x01FE, 0x0001, 0x18C5, 0x0022,
    0x8800, 0x0001, 0x9047, 0x0001, 0x694F, 0x0001, 0x039F, 0x0001, 0x021E, 0x0001, 0x029F, 0x0001,
    0x035F, 0x0001, 0x033F, 0x0002, 0x035F, 0x0001, 0x023D, 0x0001, 0x50AB, 0x0001, 0x18C5, 0x0010,
    0x01FA, 0x0001, 0x043E, 0x0001, 0x03DD, 0x0001, 0x03FD, 0x0001, 0x04BD, 0x0001, 0x053D, 0x0001,
    0x041D, 0x0001, 0x041E, 0x0001, 0x045E, 0x0001, 0x045F, 0x0001, 0x81CD, 0x0001, 0x18C5, 0x0022,
    0x6800, 0x0001, 0xE8E0, 0x0001, 0xF0E0, 0x0001, 0xA8A6, 0x0001, 0x8065, 0x0001, 0x9085, 0x0001,
    0xA8A5, 0x0001, 0xA085, 0x0001, 0xA8A5, 0x0001, 0xA8A6, 0x0001, 0x9824, 0x0001, 0x8800, 0x0001,
    0x18C5, 0x0010, 0x017B, 0x0001, 0x045F, 0x0001, 0x043F, 0x0001, 0x041F, 0x0001, 0x049F, 0x0001,
    0x055F, 0x0001, 0x043E, 0x0001, 0x041F, 0x0001, 0x5313, 0x0001, 0xC9C6, 0x0001, 0xFA80, 0x0001,
    0xD000, 0x0001, 0x18C5, 0x0021, 0x7000, 0x0001, 0xD900, 0x0001, 0xF1C0, 0x0001, 0xF960, 0x0001,
    0xA860, 0x0001, 0xD0E0, 0x0001, 0xF920, 0x0001, 0xE020, 0x0001, 0xF980, 0x0001, 0xC820, 0x0001,
    0x8800, 0x0001, 0x18C5, 0x0011, 0x10B5, 0x0001, 0x22DA, 0x0001, 0x23B9, 0x0001, 0x2379, 0x0002,
    0x2419, 0x0001, 0x33B7, 0x0001, 0xE1A1, 0x0001, 0xF240, 0x0001, 0xFAE0, 0x0001, 0xF2E0, 0x0001,
    0xC800, 0x0001, 0x18C5, 0x0021, 0x7000, 0x0001, 0xC000, 0x0001, 0xE8E0, 0x0001, 0xF9E0, 0x0001,
    0xB0A0, 0x0001, 0xD120, 0x0001, 0xE920, 0x0001, 0xD8C0, 0x0001, 0xC080, 0x0001, 0x8000, 0x0001,
    0x18C5, 0x0013, 0xB000, 0x0001, 0xF940, 0x0001, 0xFA00, 0x0001, 0xF9C0, 0x0002, 0xF960, 0x0001,
    0xF320, 0x0001, 0xF300, 0x0001, 0xEB20, 0x0001, 0xF260, 0x0001, 0xA800, 0x0001, 0x18C5, 0x0022,
    0xA800, 0x0001, 0xD000, 0x0001, 0xE0A0, 0x0001, 0xC020, 0x0001, 0xC840, 0x0001, 0xE020, 0x0001,
    0xA080, 0x0001, 0x18C5, 0x0016, 0xB0A0, 0x0001, 0xFAA0, 0x0001, 0xF360, 0x0001, 0xEB60, 0x0001,
    0xEA80, 0x0001, 0xF240, 0x0001, 0xF340, 0x0001, 0xEA60, 0x0001, 0xF960, 0x0001, 0xB000, 0x0001,
    0x18C5, 0x0022, 0x8000, 0x0001, 0xD840, 0x0001, 0xD080, 0x0001, 0xC880, 0x0001, 0xF120, 0x0001,
    0x9800, 0x0001, 0x18C5, 0x0018, 0xA040, 0x0001, 0xC8A0, 0x0001, 0xE960, 0x0001, 0xF1E0, 0x0001,
    0xE960, 0x0001, 0xE9C0, 0x0001, 0xF260, 0x0001, 0xD8C0, 0x0001, 0x18C5, 0x0023, 0xB000, 0x0001,
    0xD000, 0x0001, 0xC0A0, 0x0001, 0xE8C0, 0x0001, 0x9820, 0x0001, 0x18C5, 0x001A, 0xD0E0, 0x0001,
    0xFB00, 0x0001, 0xEAC0, 0x0001, 0xF1E0, 0x0001, 0xEAE0, 0x0001, 0xF220, 0x0001, 0xB800, 0x0001,
    0x18C5, 0x0022, 0x7000, 0x0001, 0xC000, 0x0002, 0xC800, 0x0001, 0xB000, 0x0001, 0x18C5, 0x001C,
    0xD960, 0x0001, 0xFAC0, 0x0001, 0xEA00, 0x0001, 0xF200, 0x0001, 0xE8E0, 0x0001, 0x18C5, 0x0023,
    0x9000, 0x0001, 0xC000, 0x0001, 0xB800, 0x0001, 0xD000, 0x0001, 0x18C5, 0x001E, 0xD080, 0x0001,
    0xF1C0, 0x0001, 0xF1E0, 0x0001, 0xD8E0, 0x0001, 0x18C5, 0x0023, 0xB800, 0x0001, 0xC800, 0x0001,
    0xB800, 0x0001, 0xB000, 0x0001, 0x18C5, 0x001E, 0x8820, 0x0001, 0xF300, 0x0001, 0xFAA0, 0x0001,
    0xC8A0, 0x0001, 0x18C5, 0x0023, 0xD800, 0x0001, 0xB800, 0x0001, 0xC800, 0x0001, 0x7800, 0x0001,
    0x18C5, 0x001F, 0xD8E0, 0x0001, 0xF280, 0x0001, 0xE840, 0x0001, 0x18C5, 0x0022, 0xA800, 0x0001,
    0xC000, 0x0001, 0xB800, 0x0001, 0xC000, 0x0001, 0x7000, 0x0001, 0x18C5, 0x001F, 0xB060, 0x0001,
    0xF1C0, 0x0001, 0xF9C0, 0x0001, 0x18C5, 0x0021, 0xB000, 0x0001, 0xE880, 0x0001, 0xC000, 0x0001,
    0xB000, 0x0001, 0xC000, 0x0001, 0x9000, 0x0001, 0x18C5, 0x001F, 0x9100, 0x0001, 0xFAA0, 0x0001,
    0xF280, 0x0001, 0xE120, 0x0001, 0x18C5, 0x001F, 0xC0C0, 0x0001, 0xF960, 0x0001, 0xD900, 0x0001,
    0xD080, 0x0001, 0xC060, 0x0001, 0xE0C0, 0x0001, 0xC000, 0x0001, 0x18C5, 0x001F, 0x8820, 0x0001,
    0xE920, 0x0001, 0xF1C0, 0x0001, 0xFA80, 0x0001, 0xC800, 0x0001, 0x18C5, 0x001C, 0x9800, 0x0001,
    0xC020, 0x0001, 0xD840, 0x0001, 0xF160, 0x0001, 0xB8A0, 0x0001, 0xC0E0, 0x0001, 0xA880, 0x0001,
    0xE180, 0x0001, 0xE8C0, 0x0001, 0xA800, 0x0001, 0x18C5, 0x001E, 0xB8A0, 0x0001, 0xF2C0, 0x0001,
    0xE9A0, 0x0001, 0xFAC0, 0x0001, 0xE960, 0x0001, 0x18C5, 0x001B, 0xA040, 0x0001, 0xE8C0, 0x0001,
    0xF1A0, 0x0001, 0xE960, 0x0001, 0xE060, 0x0001, 0xB040, 0x0001, 0xA8A0, 0x0001, 0xA060, 0x0001,
    0xD0A0, 0x0001, 0xD860, 0x0001, 0xD000, 0x0001, 0x18C5, 0x001D, 0x8860, 0x0001, 0xE9E0, 0x0001,
    0xD120, 0x0001, 0xF2A0, 0x0001, 0xF380, 0x0001, 0xFAC0, 0x0001, 0xD040, 0x0001, 0x18C5, 0x0017,
    0x9800, 0x0001, 0xB840, 0x0001, 0xD0C0, 0x0001, 0xF980, 0x0001, 0xF180, 0x0001, 0xE980, 0x0001,
    0xF1A0, 0x0002, 0xE0A0, 0x0001, 0x9800, 0x0001, 0xB000, 0x0001, 0xE0C0, 0x0001, 0xF1C0, 0x0001,
    0xE920, 0x0001, 0x9820, 0x0001, 0x18C5, 0x001C, 0x8000, 0x0001, 0xD080, 0x0001, 0xD9A0, 0x0001,
    0xF460, 0x0001, 0xEB60, 0x0001, 0xFBE0, 0x0001, 0xF140, 0x0001, 0x18C5, 0x0014, 0xA800, 0x0001,
    0xE0E0, 0x0001, 0xF120, 0x0001, 0xF100, 0x0001, 0xF960, 0x0001, 0xF9C0, 0x0001, 0xF180, 0x0001,
    0xF9A0, 0x0001, 0xE8E0, 0x0001, 0xE080, 0x0001, 0xE060, 0x0001, 0xC000, 0x0001, 0xB800, 0x0001,
    0xC800, 0x0001, 0xE0C0, 0x0001, 0xF180, 0x0001, 0xF9C0, 0x0001, 0xA060, 0x0001, 0x18C5, 0x001D,
    0xA860, 0x0001, 0xF160, 0x0001, 0xE180, 0x0001, 0xF200, 0x0001, 0xEB80, 0x0001, 0xFB40, 0x0001,
    0xE0A0, 0x0001, 0x18C5, 0x0013, 0x9000, 0x0001, 0x9840, 0x0001, 0xB840, 0x0003, 0xB820, 0x0001,
    0xB020, 0x0001, 0x9840, 0x0001, 0x4800, 0x0001, 0x1800, 0x0002, 0x3800, 0x0001, 0x8800, 0x0001,
    0xA000, 0x0001, 0xB000, 0x0001, 0xB820, 0x0001, 0xA820, 0x0001, 0x18C5, 0x001E, 0x8020, 0x0001,
    0xD100, 0x0001, 0xF340, 0x0001, 0xEB60, 0x0001, 0xF300, 0x0001, 0xEC60, 0x0001, 0xFA60, 0x0001,
    0x18C5, 0x0043, 0xB940, 0x0001, 0xFC20, 0x0001, 0xEC20, 0x0001, 0xF3A0, 0x0001, 0xEB40, 0x0001,
    0xF460, 0x0001, 0xD920, 0x0001, 0x18C5, 0x0042, 0xC0E0, 0x0001, 0xFBC0, 0x0001, 0xEC20, 0x0001,
    0xEBA0, 0x0001, 0xEB60, 0x0001, 0xEC20, 0x0001, 0xFB60, 0x0001, 0xC000, 0x0001, 0x18C5, 0x0041,
    0xA020, 0x0001, 0xB8C0, 0x0001, 0xEB40, 0x0001, 0xFBA0, 0x0001, 0xF2C0, 0x0001, 0xFC20, 0x0001,
    0xD140, 0x0001, 0x18C5, 0x0044, 0x9060, 0x0001, 0x9880, 0x0001, 0x9040, 0x0001, 0xB8A0, 0x0001,
    0x18C5, 0x000B,
};

#endif
