#ifndef SPIDEY_CRAWL_FRAMES_H
#define SPIDEY_CRAWL_FRAMES_H

/* Auto-gerado por scripts/spidey_export.py. 10 frames, 91x79. */

#include <stdint.h>

#define SPIDEY_CRAWL_WIDTH  91
#define SPIDEY_CRAWL_HEIGHT 79
#define SPIDEY_CRAWL_FRAME_COUNT 10
#define SPIDEY_CRAWL_TRANSPARENT_KEY 0x18C5

static const uint32_t spidey_crawl_frame_offsets[11] = {
    0, 3676, 7392, 11142, 14938, 18710, 22430, 26174, 29924, 33650, 37348
};

static const uint16_t spidey_crawl_rle_data[] = {
    0x18C5, 0x0151, 0xD820, 0x0001, 0x18C5, 0x0004, 0xF140, 0x0001, 0x18C5, 0x0055, 0xF960, 0x0001,
    0xC0A0, 0x0001, 0x18C5, 0x0002, 0xC800, 0x0001, 0xF980, 0x0001, 0xD040, 0x0001, 0x18C5, 0x0054,
    0xFA00, 0x0001, 0xC0E0, 0x0001, 0x18C5, 0x0002, 0xC800, 0x0001, 0xFA60, 0x0001, 0xD080, 0x0001,
    0x18C5, 0x0054, 0xF9E0, 0x0001, 0xC0E0, 0x0001, 0x18C5, 0x0002, 0xC800, 0x0001, 0xFA40, 0x0001,
    0xD060, 0x0001, 0x18C5, 0x0053, 0xE940, 0x0001, 0xD980, 0x0001, 0x18C5, 0x0001, 0xB820, 0x0001,
    0xC840, 0x0001, 0xD160, 0x0001, 0xFB00, 0x0001, 0xB020, 0x0001, 0x18C5, 0x0053, 0xF180, 0x0001,
    0xD1A0, 0x0001, 0xC840, 0x0001, 0xE120, 0x0001, 0xE9A0, 0x0001, 0xEA20, 0x0001, 0xD8E0, 0x0001,
    0x18C5, 0x0053, 0xC840, 0x0001, 0xE160, 0x0001, 0xE140, 0x0001, 0xE1A0, 0x0001, 0xE260, 0x0001,
    0xC060, 0x0001, 0xFBE0, 0x0001, 0xD8A0, 0x0001, 0x18C5, 0x0053, 0xE940, 0x0001, 0xEAA0, 0x0001,
    0xEA80, 0x0001, 0xEAC0, 0x0001, 0xEAE0, 0x0001, 0xE2A0, 0x0001, 0xF1E0, 0x0001, 0x18C5, 0x0053,
    0xC820, 0x0001, 0xF260, 0x0001, 0xF300, 0x0001, 0xF320, 0x0001, 0xF300, 0x0001, 0xEAE0, 0x0001,
    0xFB80, 0x0001, 0xD920, 0x0001, 0x18C5, 0x0053, 0xD000, 0x0001, 0xE100, 0x0001, 0xF240, 0x0001,
    0xF2E0, 0x0001, 0xF300, 0x0001, 0xEAE0, 0x0001, 0xF340, 0x0001, 0xF1A0, 0x0001, 0x18C5, 0x0052,
    0xD900, 0x0001, 0xE9C0, 0x0001, 0xF2A0, 0x0001, 0xE960, 0x0001, 0xE1E0, 0x0001, 0xF340, 0x0001,
    0xEAE0, 0x0001, 0xEB20, 0x0001, 0xFA40, 0x0001, 0xF100, 0x0001, 0x18C5, 0x004D, 0xF900, 0x0001,
    0xD000, 0x0001, 0xD060, 0x0001, 0xF9C0, 0x0001, 0xF180, 0x0001, 0xF240, 0x0001, 0xF9C0, 0x0001,
    0xE160, 0x0001, 0xE0A0, 0x0001, 0xFB20, 0x0001, 0xF320, 0x0002, 0xF2C0, 0x0001, 0xFAA0, 0x0001,
    0xF260, 0x0001, 0xFA20, 0x0001, 0x18C5, 0x0048, 0xD080, 0x0001, 0xD000, 0x0001, 0xD900, 0x0001,
    0xFA20, 0x0001, 0xFA40, 0x0001, 0xFA00, 0x0001, 0xF280, 0x0001, 0xF200, 0x0001, 0xF260, 0x0001,
    0xD8A0, 0x0001, 0xE940, 0x0001, 0x18C5, 0x0001, 0xB880, 0x0001, 0xD860, 0x0001, 0xD840, 0x0001,
    0xC060, 0x0001, 0xB060, 0x0001, 0xD0E0, 0x0001, 0xFB40, 0x0001, 0xE980, 0x0001, 0x18C5, 0x0045,
    0xD060, 0x0001, 0xE880, 0x0001, 0xE1A0, 0x0001, 0xFA60, 0x0001, 0xE160, 0x0001, 0xE1A0, 0x0001,
    0xF360, 0x0001, 0xEA20, 0x0001, 0xF240, 0x0001, 0xD940, 0x0001, 0xB000, 0x0001, 0x18C5, 0x0009,
    0xC100, 0x0001, 0xFAA0, 0x0001, 0x18C5, 0x0044, 0xA840, 0x0001, 0xF200, 0x0001, 0xF260, 0x0001,
    0xD980, 0x0001, 0xF140, 0x0001, 0xF260, 0x0001, 0xF300, 0x0001, 0xE120, 0x0001, 0xD8A0, 0x0001,
    0xF100, 0x0001, 0x18C5, 0x0050, 0xA820, 0x0001, 0xF220, 0x0001, 0xF240, 0x0001, 0xF300, 0x0001,
    0xE180, 0x0001, 0x4274, 0x0001, 0x89AA, 0x0001, 0xF120, 0x0001, 0xE1E0, 0x0001, 0xFA20, 0x0001,
    0xB000, 0x0001, 0x18C5, 0x004F, 0xA800, 0x0001, 0xF1A0, 0x0001, 0xE9E0, 0x0001, 0xD960, 0x0001,
    0xE1A0, 0x0001, 0x3276, 0x0001, 0x049F, 0x0001, 0x045E, 0x0001, 0x890A, 0x0001, 0xFA40, 0x0001,
    0xD0E0, 0x0001, 0x18C5, 0x0050, 0xA800, 0x0001, 0xF200, 0x0001, 0xD0E0, 0x0001, 0xE000, 0x0001,
    0x4A73, 0x0001, 0x049F, 0x0001, 0x03DD, 0x0001, 0x041E, 0x0001, 0x033F, 0x0001, 0xA065, 0x0001,
    0x18C5, 0x0052, 0xC800, 0x0001, 0xEAA0, 0x0001, 0xFA40, 0x0001, 0x32B6, 0x0001, 0x045F, 0x0001,
    0x03BD, 0x0001, 0x015C, 0x0001, 0x0014, 0x0001, 0x18C5, 0x0054, 0xC800, 0x0001, 0xDA40, 0x0001,
    0xBA67, 0x0001, 0x03BD, 0x0001, 0x03FE, 0x0001, 0x02BC, 0x0001, 0x021C, 0x0001, 0x18C5, 0x0054,
    0xA020, 0x0001, 0xE9E0, 0x0001, 0xFAE0, 0x0001, 0xC205, 0x0001, 0x041D, 0x0001, 0x045E, 0x0001,
    0x041F, 0x0001, 0x031D, 0x0001, 0x18C5, 0x0054, 0xE880, 0x0001, 0xEAE0, 0x0001, 0xFAC0, 0x0001,
    0xA9E7, 0x0001, 0x045F, 0x0001, 0x03FC, 0x0001, 0x043E, 0x0001, 0x031F, 0x0001, 0x01DC, 0x0001,
    0x18C5, 0x0052, 0xD040, 0x0001, 0xE140, 0x0001, 0xF2C0, 0x0001, 0xC083, 0x0001, 0x1B7A, 0x0001,
    0x045F, 0x0001, 0x03DD, 0x0001, 0x045E, 0x0001, 0x035F, 0x0001, 0x18C5, 0x0052, 0xB0A0, 0x0001,
    0xE960, 0x0001, 0xEA40, 0x0001, 0xFA40, 0x0001, 0xC903, 0x0001, 0x1B5A, 0x0001, 0x043F, 0x0001,
    0x041D, 0x0001, 0x037E, 0x0001, 0x01DD, 0x0001, 0x18C5, 0x0052, 0xC8A0, 0x0001, 0xE080, 0x0001,
    0xEB20, 0x0001, 0xFAE0, 0x0001, 0xD9C3, 0x0001, 0x1BBB, 0x0001, 0x043F, 0x0001, 0x045E, 0x0001,
    0x02DF, 0x0001, 0x18C5, 0x0052, 0xA000, 0x0001, 0xEA20, 0x0001, 0xD8E0, 0x0001, 0xEB40, 0x0001,
    0xFA00, 0x0001, 0xC862, 0x0001, 0x12BA, 0x0001, 0x137A, 0x0001, 0x11DB, 0x0001, 0x18C5, 0x0053,
    0xE200, 0x0001, 0xF1E0, 0x0001, 0xE0E0, 0x0001, 0xEAE0, 0x0001, 0xF220, 0x0001, 0xE060, 0x0001,
    0xB800, 0x0001, 0xB860, 0x0001, 0xE8E0, 0x0001, 0xC800, 0x0001, 0x18C5, 0x0051, 0xC000, 0x0001,
    0xE120, 0x0001, 0xE240, 0x0001, 0xF320, 0x0001, 0xF300, 0x0001, 0xD080, 0x0001, 0xC0C0, 0x0001,
    0xEA60, 0x0001, 0xE0E0, 0x0001, 0xE1C0, 0x0001, 0xF8E0, 0x0001, 0xC000, 0x0001, 0x18C5, 0x004F,
    0x8820, 0x0001, 0xF1E0, 0x0001, 0xF280, 0x0001, 0xEB00, 0x0001, 0xF300, 0x0001, 0xD980, 0x0001,
    0xC860, 0x0001, 0xEA20, 0x0001, 0xE200, 0x0001, 0xD980, 0x0001, 0xEB40, 0x0001, 0xF180, 0x0001,
    0xB820, 0x0001, 0x18C5, 0x004F, 0xD920, 0x0001, 0xF260, 0x0001, 0xEA80, 0x0001, 0xEAC0, 0x0001,
    0xF380, 0x0001, 0xD940, 0x0001, 0xD960, 0x0001, 0xF360, 0x0001, 0xE9E0, 0x0001, 0xF1E0, 0x0001,
    0xF360, 0x0001, 0xC8C0, 0x0001, 0x18C5, 0x004F, 0x9800, 0x0001, 0xD8C0, 0x0001, 0xF9A0, 0x0001,
    0xF1A0, 0x0001, 0xF2A0, 0x0001, 0xE180, 0x0001, 0xE0A0, 0x0001, 0xF1E0, 0x0001, 0xF200, 0x0001,
    0xF180, 0x0001, 0xEA00, 0x0001, 0xE960, 0x0001, 0xB000, 0x0001, 0x18C5, 0x004F, 0x2AF6, 0x0001,
    0x702A, 0x0001, 0xD9C0, 0x0001, 0xF240, 0x0001, 0xF200, 0x0001, 0xF220, 0x0001, 0xF2C0, 0x0001,
    0xF340, 0x0001, 0xEA80, 0x0001, 0xF1E0, 0x0001, 0xE900, 0x0001, 0xA800, 0x0001, 0x18C5, 0x004B,
    0x023F, 0x0001, 0x031F, 0x0001, 0x942F, 0x0001, 0x8C2F, 0x0001, 0x059F, 0x0001, 0x035F, 0x0001,
    0xC104, 0x0001, 0xFA40, 0x0001, 0xEC00, 0x0001, 0xF340, 0x0001, 0xF380, 0x0001, 0xEB60, 0x0001,
    0xF1A0, 0x0001, 0xD920, 0x0001, 0xF180, 0x0001, 0xC820, 0x0001, 0x18C5, 0x0048, 0xC800, 0x0001,
    0xF940, 0x0001, 0xF1E0, 0x0001, 0xDB25, 0x0001, 0xDB03, 0x0001, 0xFB00, 0x0001, 0xC385, 0x0001,
    0x047F, 0x0001, 0x928C, 0x0001, 0xF320, 0x0001, 0xEBC0, 0x0001, 0xF380, 0x0002, 0xF360, 0x0001,
    0xF340, 0x0001, 0xF360, 0x0001, 0xEA00, 0x0001, 0xD840, 0x0001, 0xB800, 0x0001, 0x18C5, 0x0047,
    0xF120, 0x0001, 0xF300, 0x0001, 0xF400, 0x0001, 0xC466, 0x0001, 0xC465, 0x0001, 0xCC45, 0x0001,
    0x1CFA, 0x0001, 0x0D3D, 0x0001, 0x846D, 0x0001, 0xFB00, 0x0001, 0xEBE0, 0x0002, 0xF340, 0x0001,
    0xF400, 0x0001, 0xF3E0, 0x0001, 0xF3A0, 0x0001, 0xEB80, 0x0001, 0xF360, 0x0001, 0xD060, 0x0001,
    0x18C5, 0x0046, 0xE920, 0x0001, 0xFB00, 0x0001, 0xF420, 0x0001, 0xF3E0, 0x0001, 0xDBA2, 0x0001,
    0x04BF, 0x0001, 0x049F, 0x0002, 0x04BF, 0x0001, 0x2459, 0x0001, 0xFA60, 0x0001, 0xEB60, 0x0001,
    0xF300, 0x0001, 0xF3A0, 0x0001, 0xF460, 0x0001, 0xF420, 0x0001, 0xF400, 0x0001, 0xF300, 0x0001,
    0xEBE0, 0x0001, 0xF280, 0x0001, 0xE0A0, 0x0001, 0x18C5, 0x0045, 0xFAA0, 0x0001, 0xFC20, 0x0001,
    0xEB80, 0x0001, 0xEB40, 0x0001, 0xF2E0, 0x0001, 0xEAC0, 0x0001, 0x041E, 0x0001, 0x049D, 0x0002,
    0x0C7D, 0x0001, 0xAB28, 0x0001, 0xF2C0, 0x0001, 0xEAC0, 0x0001, 0xF380, 0x0001, 0xF2C0, 0x0001,
    0xF200, 0x0001, 0xF2E0, 0x0001, 0xF380, 0x0001, 0xF3C0, 0x0001, 0xF420, 0x0001, 0xEC00, 0x0001,
    0xFAC0, 0x0001, 0xD020, 0x0001, 0x18C5, 0x0002, 0xF8C0, 0x0001, 0xF260, 0x0001, 0xFAC0, 0x0001,
    0xFB40, 0x0001, 0xFAC0, 0x0001, 0xF120, 0x0001, 0x18C5, 0x003B, 0xF160, 0x0001, 0xF380, 0x0001,
    0xEB20, 0x0001, 0xF2C0, 0x0001, 0xEB40, 0x0001, 0xF3E0, 0x0001, 0x4496, 0x0001, 0x0CFE, 0x0001,
    0x053E, 0x0001, 0x053F, 0x0001, 0x0D1C, 0x0001, 0xFBE0, 0x0001, 0xF440, 0x0001, 0xF400, 0x0001,
    0xF340, 0x0001, 0xF3A0, 0x0001, 0xF340, 0x0001, 0xF320, 0x0001, 0xF1E0, 0x0001, 0xF200, 0x0001,
    0xF380, 0x0001, 0xF440, 0x0001, 0xFB40, 0x0001, 0xD020, 0x0001, 0x18C5, 0x0001, 0xF160, 0x0001,
    0xFB80, 0x0001, 0xF380, 0x0001, 0xF440, 0x0002, 0xEC20, 0x0001, 0xFBC0, 0x0001, 0xEAE0, 0x0001,
    0xF0A0, 0x0001, 0x18C5, 0x0039, 0xFAA0, 0x0001, 0xEBC0, 0x0001, 0xF300, 0x0001, 0xEB60, 0x0001,
    0xFC00, 0x0001, 0xFBC0, 0x0001, 0xEBC0, 0x0001, 0xF3C1, 0x0001, 0x940B, 0x0001, 0x0D1D, 0x0001,
    0x0CFC, 0x0001, 0xEBE0, 0x0001, 0xF3E0, 0x0002, 0xF340, 0x0001, 0xF420, 0x0001, 0xF440, 0x0001,
    0xF420, 0x0001, 0xF3C0, 0x0001, 0xF2E0, 0x0001, 0xE9A0, 0x0001, 0xEB60, 0x0001, 0xF340, 0x0001,
    0xA800, 0x0001, 0xD8A0, 0x0001, 0xFBC0, 0x0001, 0xEC20, 0x0001, 0xEB40, 0x0001, 0xF2C0, 0x0001,
    0x4000, 0x0001, 0x9840, 0x0001, 0xFBC0, 0x0001, 0xEB80, 0x0001, 0xFB80, 0x0001, 0xE180, 0x0001,
    0x18C5, 0x0037, 0xF140, 0x0001, 0xF3E0, 0x0001, 0xEB40, 0x0001, 0xEC00, 0x0001, 0xF400, 0x0001,
    0xBC46, 0x0001, 0x8BED, 0x0001, 0xA389, 0x0001, 0xFB40, 0x0001, 0xFAE0, 0x0001, 0x5433, 0x0001,
    0x053E, 0x0001, 0xF420, 0x0001, 0xF440, 0x0001, 0xF340, 0x0001, 0xF3E0, 0x0001, 0xF380, 0x0001,
    0xF360, 0x0001, 0xF380, 0x0001, 0xEB00, 0x0001, 0xF3E0, 0x0001, 0xE340, 0x0001, 0xD940, 0x0001,
    0xD920, 0x0001, 0x8800, 0x0001, 0xE980, 0x0001, 0xEC00, 0x0001, 0xFC00, 0x0001, 0xE9A0, 0x0001,
    0x4000, 0x0001, 0x4229, 0x0001, 0x68A0, 0x0001, 0xFA60, 0x0001, 0xF3A0, 0x0001, 0xEB00, 0x0001,
    0xFBA0, 0x0001, 0xB880, 0x0001, 0x18C5, 0x0035, 0xD000, 0x0001, 0xFB20, 0x0001, 0xEBC0, 0x0001,
    0xFBC0, 0x0001, 0xFBE0, 0x0002, 0xBC27, 0x0001, 0x151C, 0x0001, 0x053F, 0x0001, 0x8C8D, 0x0001,
    0xFBA0, 0x0001, 0x4C94, 0x0001, 0x051E, 0x0001, 0xF240, 0x0001, 0xF2C0, 0x0001, 0xF320, 0x0002,
    0xF380, 0x0001, 0xF360, 0x0001, 0xF380, 0x0001, 0xF320, 0x0001, 0xEB40, 0x0001, 0xF3A0, 0x0001,
    0xEA80, 0x0001, 0xD8E0, 0x0001, 0x9000, 0x0001, 0xE9A0, 0x0001, 0xF3C0, 0x0001, 0xD9A0, 0x0001,
    0x5001, 0x0001, 0x7C71, 0x0001, 0xFFFF, 0x0001, 0x7C92, 0x0001, 0x5840, 0x0001, 0xFB20, 0x0001,
    0xEBA0, 0x0001, 0xFAC0, 0x0001, 0x9840, 0x0001, 0x18C5, 0x0035, 0xE940, 0x0001, 0xE381, 0x0001,
    0xFC00, 0x0001, 0x6C90, 0x0001, 0x34F9, 0x0001, 0x5CB2, 0x0001, 0xFBC0, 0x0001, 0x54B3, 0x0001,
    0x051F, 0x0001, 0x04FE, 0x0001, 0x3477, 0x0001, 0x0C3C, 0x0001, 0x0C1C, 0x0001, 0xF280, 0x0001,
    0xF360, 0x0001, 0xF3C0, 0x0001, 0xF3A0, 0x0001, 0xF360, 0x0001, 0xF420, 0x0001, 0xF440, 0x0001,
    0xF340, 0x0001, 0xF3E0, 0x0001, 0xEBA0, 0x0001, 0xF380, 0x0001, 0xF200, 0x0001, 0x8800, 0x0001,
    0xC100, 0x0001, 0xFC80, 0x0001, 0xB080, 0x0001, 0x1082, 0x0001, 0xE75C, 0x0001, 0xF79E, 0x0001,
    0xFFFF, 0x0001, 0x9C93, 0x0001, 0xD120, 0x0001, 0xF420, 0x0001, 0xE8C0, 0x0001, 0x18C5, 0x0035,
    0xF940, 0x0001, 0xBB28, 0x0001, 0x5BF2, 0x0001, 0xF3E0, 0x0001, 0x24D9, 0x0001, 0x051E, 0x0001,
    0xF3E0, 0x0001, 0xF401, 0x0001, 0x3CB6, 0x0001, 0x04DF, 0x0001, 0x041D, 0x0001, 0x049F, 0x0001,
    0x051E, 0x0001, 0x0CBC, 0x0001, 0xD2A3, 0x0001, 0xF440, 0x0001, 0xEC00, 0x0001, 0xF420, 0x0001,
    0xF3A0, 0x0001, 0xF340, 0x0001, 0xF3E0, 0x0001, 0xF3A0, 0x0001, 0xF320, 0x0001, 0xF400, 0x0001,
    0xF420, 0x0001, 0xF300, 0x0001, 0xB000, 0x0001, 0x98A0, 0x0001, 0xFC00, 0x0001, 0xB8C0, 0x0001,
    0x2862, 0x0001, 0xE75C, 0x0001, 0xEF7D, 0x0001, 0xEF5C, 0x0001, 0xFFFF, 0x0001, 0xAC6F, 0x0001,
    0xFA80, 0x0001, 0xA860, 0x0001, 0x18C5, 0x0035, 0xA24A, 0x0001, 0x33FA, 0x0001, 0xFB40, 0x0001,
    0x44F5, 0x0001, 0x051F, 0x0001, 0x14FB, 0x0001, 0xB429, 0x0001, 0x4C94, 0x0001, 0x047F, 0x0001,
    0x045D, 0x0001, 0x051E, 0x0001, 0x051D, 0x0002, 0x053F, 0x0001, 0x2CD8, 0x0001, 0xFBC0, 0x0001,
    0xEBC0, 0x0001, 0xF380, 0x0001, 0xF360, 0x0001, 0xF300, 0x0001, 0xF340, 0x0002, 0xF300, 0x0001,
    0xF340, 0x0001, 0xF3E0, 0x0001, 0xF360, 0x0001, 0xA840, 0x0001, 0xA020, 0x0001, 0xD9C0, 0x0001,
    0xE140, 0x0001, 0x0021, 0x0001, 0x9CD3, 0x0001, 0xFFFF, 0x0002, 0x8CF3, 0x0001, 0x69C0, 0x0001,
    0xFC40, 0x0001, 0x70C0, 0x0001, 0x18C5, 0x0035, 0x045F, 0x0001, 0x141C, 0x0001, 0x4BD4, 0x0001,
    0x04FF, 0x0001, 0x053D, 0x0001, 0x051E, 0x0001, 0x055F, 0x0001, 0x047F, 0x0001, 0x04BD, 0x0001,
    0x053E, 0x0001, 0x04FE, 0x0001, 0x051E, 0x0001, 0x04FD, 0x0001, 0x053F, 0x0001, 0x3C76, 0x0001,
    0xFAE0, 0x0001, 0xEB80, 0x0001, 0xF360, 0x0001, 0xF340, 0x0001, 0xF360, 0x0001, 0xF440, 0x0001,
    0xF400, 0x0001, 0xF340, 0x0001, 0xF3E0, 0x0001, 0xF380, 0x0001, 0xF280, 0x0001, 0xD880, 0x0001,
    0xC900, 0x0001, 0xA900, 0x0001, 0xFAC0, 0x0001, 0x5800, 0x0001, 0x0000, 0x0001, 0x6B2C, 0x0001,
    0x638E, 0x0001, 0x6000, 0x0001, 0xFBC0, 0x0001, 0xFB20, 0x0001, 0xE8E0, 0x0001, 0x18C5, 0x0034,
    0x51D3, 0x0001, 0x041F, 0x0001, 0x041D, 0x0001, 0x041F, 0x0001, 0x041D, 0x0001, 0x045E, 0x0002,
    0x047D, 0x0001, 0x03BD, 0x0001, 0x03DD, 0x0001, 0x051D, 0x0001, 0x051E, 0x0001, 0x04FE, 0x0001,
    0x04FD, 0x0001, 0x051E, 0x0001, 0x0D1D, 0x0001, 0x8BAC, 0x0001, 0xFB80, 0x0001, 0xEC40, 0x0001,
    0xF3C0, 0x0001, 0xF360, 0x0001, 0xF420, 0x0001, 0xF3E0, 0x0001, 0xF300, 0x0001, 0xEC40, 0x0001,
    0xF2E0, 0x0001, 0xC860, 0x0001, 0xC800, 0x0001, 0xB840, 0x0001, 0xA800, 0x0001, 0xFA60, 0x0001,
    0xFA80, 0x0001, 0x78C0, 0x0001, 0x0000, 0x0001, 0x6800, 0x0001, 0xFB20, 0x0001, 0xF360, 0x0001,
    0xF0E0, 0x0001, 0x18C5, 0x0035, 0xF8C0, 0x0001, 0x2BB9, 0x0001, 0x043F, 0x0001, 0x0BFC, 0x0001,
    0x041E, 0x0001, 0x03DE, 0x0001, 0x039D, 0x0001, 0x03DE, 0x0001, 0x045F, 0x0001, 0x02BD, 0x0001,
    0x03BD, 0x0001, 0x053E, 0x0001, 0x051E, 0x0002, 0x04FD, 0x0001, 0x053F, 0x0001, 0x5C92, 0x0001,
    0xF160, 0x0001, 0xC8C0, 0x0001, 0xD080, 0x0001, 0xE120, 0x0001, 0xF340, 0x0001, 0xEA20, 0x0001,
    0xE9A0, 0x0001, 0xF1E0, 0x0001, 0xD8E0, 0x0001, 0x18C5, 0x0002, 0x8800, 0x0001, 0x7800, 0x0001,
    0xB820, 0x0001, 0xF2C0, 0x0001, 0xFA40, 0x0001, 0xE240, 0x0001, 0xFB80, 0x0001, 0xFB20, 0x0001,
    0xE920, 0x0001, 0xA800, 0x0001, 0x18C5, 0x0035, 0xD9A2, 0x0001, 0x72F0, 0x0001, 0x03BF, 0x0001,
    0x043F, 0x0001, 0x03FD, 0x0001, 0x037D, 0x0001, 0x021C, 0x0001, 0x015B, 0x0001, 0x01B9, 0x0001,
    0x029C, 0x0001, 0x017C, 0x0001, 0x03BD, 0x0001, 0x04DE, 0x0002, 0x04FD, 0x0001, 0x04DF, 0x0001,
    0x64B1, 0x0001, 0xFBE0, 0x0001, 0xEC00, 0x0001, 0xF300, 0x0001, 0xF1C0, 0x0001, 0xF2C0, 0x0001,
    0xF400, 0x0001, 0xEB60, 0x0001, 0xF280, 0x0001, 0xE960, 0x0001, 0x18C5, 0x0005, 0xA000, 0x0001,
    0xC820, 0x0001, 0xF9C0, 0x0001, 0xFA40, 0x0001, 0xD800, 0x0001, 0xA800, 0x0001, 0x18C5, 0x0036,
    0x81ED, 0x0001, 0xFA60, 0x0001, 0x820E, 0x0001, 0x4B55, 0x0001, 0x045F, 0x0001, 0x047F, 0x0001,
    0x043E, 0x0001, 0x027B, 0x0001, 0x025B, 0x0001, 0x404E, 0x0001, 0x6009, 0x0001, 0x00DB, 0x0001,
    0x029E, 0x0001, 0x035D, 0x0001, 0x045D, 0x0001, 0x047F, 0x0001, 0x6471, 0x0001, 0xFBE0, 0x0001,
    0xEC40, 0x0001, 0xF3E0, 0x0001, 0xF380, 0x0001, 0xF460, 0x0001, 0xF420, 0x0001, 0xF3C0, 0x0002,
    0xFA80, 0x0001, 0x18C5, 0x0007, 0xA000, 0x0001, 0xD000, 0x0001, 0x18C5, 0x0037, 0x01B9, 0x0001,
    0x2BBB, 0x0001, 0xB904, 0x0001, 0xFA00, 0x0001, 0xE980, 0x0001, 0xA26A, 0x0001, 0x9928, 0x0001,
    0x03FE, 0x0001, 0x1BBA, 0x0001, 0x99CB, 0x0001, 0xD162, 0x0001, 0xF940, 0x0001, 0x78E9, 0x0001,
    0x0057, 0x0001, 0x015A, 0x0001, 0x039D, 0x0001, 0x035F, 0x0001, 0x6BF1, 0x0001, 0xF9A0, 0x0001,
    0xEB60, 0x0001, 0xF320, 0x0001, 0xF300, 0x0001, 0xF340, 0x0002, 0xEB00, 0x0001, 0xEB60, 0x0001,
    0xF1C0, 0x0001, 0x38D3, 0x0001, 0x019D, 0x0001, 0x019C, 0x0001, 0x0097, 0x0001, 0x0013, 0x0001,
    0x0012, 0x0001, 0x18C5, 0x0039, 0x0075, 0x0001, 0x01FD, 0x0001, 0x03BF, 0x0001, 0x0B7C, 0x0001,
    0xA104, 0x0001, 0xE9C0, 0x0001, 0xFAA0, 0x0002, 0xB8C3, 0x0001, 0xC062, 0x0001, 0xE000, 0x0001,
    0xD020, 0x0001, 0xD060, 0x0001, 0xC841, 0x0001, 0x9803, 0x0001, 0x300E, 0x0001, 0x0076, 0x0001,
    0x0035, 0x0001, 0x0AFD, 0x0001, 0x916A, 0x0001, 0xF0E0, 0x0001, 0xEC00, 0x0001, 0xF360, 0x0001,
    0xF340, 0x0001, 0xEBE0, 0x0001, 0xF3E0, 0x0001, 0xDA00, 0x0001, 0xF040, 0x0001, 0x3A98, 0x0001,
    0x031F, 0x0001, 0x02FF, 0x0001, 0x02DE, 0x0001, 0x02BE, 0x0001, 0x019C, 0x0001, 0x019B, 0x0001,
    0x01BB, 0x0001, 0x01BC, 0x0001, 0x18C5, 0x0032, 0x033E, 0x0003, 0x041E, 0x0001, 0x045E, 0x0002,
    0x03DD, 0x0001, 0x035E, 0x0001, 0x037F, 0x0001, 0x32D8, 0x0001, 0xDA02, 0x0001, 0xF240, 0x0001,
    0xF1A0, 0x0001, 0xEAE0, 0x0001, 0xF340, 0x0001, 0xD0E0, 0x0001, 0xF0E0, 0x0001, 0x8845, 0x0001,
    0x00D9, 0x0001, 0x0138, 0x0001, 0x01FD, 0x0001, 0x019A, 0x0001, 0x0099, 0x0001, 0x9989, 0x0001,
    0xF080, 0x0001, 0xE2A0, 0x0001, 0xF380, 0x0002, 0xF440, 0x0001, 0xEBC0, 0x0001, 0xEA61, 0x0001,
    0xD0E4, 0x0001, 0x2279, 0x0001, 0x033F, 0x0001, 0x031D, 0x0001, 0x031E, 0x0001, 0x033E, 0x0001,
    0x031E, 0x0001, 0x02FE, 0x0001, 0x027E, 0x0001, 0x031E, 0x0001, 0x025E, 0x0001, 0x01BC, 0x0001,
    0x18C5, 0x002E, 0x039F, 0x0001, 0x04DF, 0x0001, 0x04BD, 0x0001, 0x04BE, 0x0001, 0x043E, 0x0001,
    0x04DE, 0x0001, 0x055D, 0x0001, 0x053E, 0x0001, 0x055E, 0x0001, 0x04BD, 0x0001, 0x03BD, 0x0001,
    0x039F, 0x0001, 0x22B6, 0x0001, 0x712D, 0x0001, 0xF160, 0x0001, 0xFB00, 0x0001, 0xEB80, 0x0001,
    0xD8E0, 0x0001, 0xD8C1, 0x0001, 0x48CD, 0x0001, 0x0097, 0x0001, 0x033F, 0x0001, 0x031D, 0x0001,
    0x035E, 0x0001, 0x02BF, 0x0001, 0x78C9, 0x0001, 0xF960, 0x0001, 0xC020, 0x0001, 0xF2C0, 0x0001,
    0xEB40, 0x0001, 0xEBA0, 0x0001, 0xF260, 0x0001, 0xF8A0, 0x0001, 0x5231, 0x0001, 0x035F, 0x0001,
    0x02FD, 0x0001, 0x031E, 0x0002, 0x02FE, 0x0001, 0x031E, 0x0001, 0x02BD, 0x0001, 0x01FC, 0x0001,
    0x023C, 0x0001, 0x027D, 0x0001, 0x031E, 0x0001, 0x025F, 0x0001, 0x01BC, 0x0001, 0x18C5, 0x002B,
    0x039F, 0x0001, 0x04DF, 0x0001, 0x049D, 0x0001, 0x047E, 0x0002, 0x049E, 0x0001, 0x04FE, 0x0001,
    0x045E, 0x0002, 0x043E, 0x0001, 0x04FE, 0x0001, 0x057E, 0x0001, 0x045D, 0x0001, 0x03FF, 0x0001,
    0x045F, 0x0001, 0x4B36, 0x0001, 0x828D, 0x0001, 0xFA00, 0x0001, 0xD080, 0x0001, 0xA801, 0x0001,
    0x031F, 0x0001, 0x027B, 0x0001, 0x033E, 0x0001, 0x02FD, 0x0001, 0x033E, 0x0001, 0x2A56, 0x0001,
    0xB8C4, 0x0001, 0xC880, 0x0001, 0xC8A0, 0x0001, 0xD160, 0x0001, 0xF360, 0x0001, 0xF9C0, 0x0001,
    0xD081, 0x0001, 0x4A55, 0x0001, 0x19B8, 0x0001, 0x02FE, 0x0001, 0x031E, 0x0001, 0x02FE, 0x0001,
    0x031E, 0x0004, 0x035E, 0x0001, 0x029D, 0x0001, 0x023C, 0x0001, 0x025D, 0x0001, 0x037E, 0x0001,
    0x02BF, 0x0002, 0x025E, 0x0001, 0x18C5, 0x0028, 0x01FC, 0x0001, 0x043F, 0x0001, 0x041D, 0x0001,
    0x04BE, 0x0002, 0x03DE, 0x0001, 0x041E, 0x0001, 0x045E, 0x0001, 0x04BE, 0x0001, 0x04DE, 0x0002,
    0x045E, 0x0001, 0x041E, 0x0001, 0x043E, 0x0001, 0x041D, 0x0001, 0x037D, 0x0001, 0x041F, 0x0001,
    0x03DD, 0x0001, 0x2B5A, 0x0001, 0x80C7, 0x0001, 0x32B4, 0x0001, 0x025D, 0x0001, 0x033E, 0x0001,
    0x02FD, 0x0001, 0x02DD, 0x0001, 0x033F, 0x0001, 0x5950, 0x0001, 0xF980, 0x0001, 0xE2C0, 0x0001,
    0xD040, 0x0001, 0xD0A0, 0x0001, 0xF9C0, 0x0001, 0x5273, 0x0001, 0x137B, 0x0001, 0x043F, 0x0001,
    0x035E, 0x0001, 0x01DC, 0x0001, 0x02FD, 0x0001, 0x031E, 0x0004, 0x02FE, 0x0001, 0x02FD, 0x0001,
    0x033E, 0x0001, 0x031E, 0x0001, 0x017B, 0x0001, 0x025D, 0x0001, 0x031D, 0x0001, 0x035E, 0x0001,
    0x02FF, 0x0001, 0x015B, 0x0001, 0x18C5, 0x0026, 0x0116, 0x0001, 0x021E, 0x0001, 0x043E, 0x0001,
    0x051E, 0x0002, 0x04FE, 0x0001, 0x03FE, 0x0001, 0x04BE, 0x0001, 0x051E, 0x0004, 0x04FE, 0x0002,
    0x043E, 0x0001, 0x03FE, 0x0002, 0x033D, 0x0001, 0x041D, 0x0001, 0x043F, 0x0001, 0x041E, 0x0001,
    0x03DE, 0x0001, 0x019B, 0x0001, 0x033E, 0x0001, 0x031E, 0x0001, 0x01FC, 0x0001, 0x01DE, 0x0001,
    0x6171, 0x0001, 0xFA60, 0x0001, 0xEB60, 0x0001, 0xE200, 0x0001, 0xD900, 0x0001, 0xE263, 0x0001,
    0x1B9A, 0x0001, 0x045F, 0x0001, 0x041C, 0x0001, 0x03DE, 0x0001, 0x00B6, 0x0001, 0x029C, 0x0001,
    0x031E, 0x0001, 0x02FD, 0x0003, 0x031D, 0x0001, 0x031E, 0x0001, 0x031D, 0x0001, 0x033F, 0x0001,
    0x01DA, 0x0001, 0x0117, 0x0001, 0x039F, 0x0001, 0x02FE, 0x0001, 0x01DC, 0x0001, 0x0012, 0x0001,
    0x18C5, 0x0021, 0x88A9, 0x0001, 0xA26D, 0x0001, 0x043F, 0x0001, 0x04DF, 0x0001, 0x049F, 0x0001,
    0x03DF, 0x0001, 0x037D, 0x0001, 0x055E, 0x0001, 0x04FE, 0x0001, 0x051E, 0x0001, 0x047E, 0x0001,
    0x045E, 0x0001, 0x053E, 0x0001, 0x04FE, 0x0003, 0x051E, 0x0001, 0x053E, 0x0001, 0x04BE, 0x0001,
    0x041E, 0x0001, 0x03FE, 0x0001, 0x041E, 0x0001, 0x035E, 0x0001, 0x041E, 0x0001, 0x041D, 0x0001,
    0x043E, 0x0001, 0x039C, 0x0001, 0x0095, 0x0001, 0x033E, 0x0001, 0x02FD, 0x0001, 0x031D, 0x0001,
    0x037F, 0x0001, 0x5150, 0x0001, 0xF900, 0x0001, 0xF3A0, 0x0001, 0xDA40, 0x0001, 0xF0C0, 0x0001,
    0x5C33, 0x0001, 0x041F, 0x0001, 0x03FD, 0x0002, 0x045E, 0x0001, 0x00F6, 0x0001, 0x02DD, 0x0001,
    0x037E, 0x0001, 0x035F, 0x0003, 0x029F, 0x0001, 0x029D, 0x0001, 0x02BE, 0x0001, 0x00F8, 0x0001,
    0x0076, 0x0001, 0x019A, 0x0001, 0x023B, 0x0001, 0x00D8, 0x0001, 0x0014, 0x0001, 0x18C5, 0x0020,
    0xA001, 0x0001, 0xF8A0, 0x0001, 0x4375, 0x0001, 0x04FF, 0x0001, 0x055D, 0x0001, 0x04FD, 0x0001,
    0x043D, 0x0001, 0x02FD, 0x0001, 0x03BE, 0x0001, 0x04BE, 0x0001, 0x053E, 0x0002, 0x039E, 0x0001,
    0x047E, 0x0001, 0x053E, 0x0001, 0x051E, 0x0002, 0x053E, 0x0001, 0x04DE, 0x0001, 0x047E, 0x0001,
    0x035E, 0x0001, 0x039D, 0x0001, 0x041D, 0x0002, 0x027C, 0x0001, 0x03FE, 0x0001, 0x03FD, 0x0001,
    0x043E, 0x0001, 0x033D, 0x0001, 0x00B6, 0x0001, 0x037F, 0x0001, 0x031E, 0x0001, 0x031D, 0x0001,
    0x033E, 0x0001, 0x1ADA, 0x0001, 0x88C6, 0x0001, 0xD920, 0x0001, 0xE1A1, 0x0001, 0xF900, 0x0001,
    0x6351, 0x0001, 0x043F, 0x0001, 0x03FD, 0x0002, 0x047E, 0x0001, 0x00F6, 0x0001, 0x0116, 0x0001,
    0x015A, 0x0001, 0x0132, 0x0001, 0x012A, 0x0001, 0x0109, 0x0001, 0x004C, 0x0001, 0x0057, 0x0001,
    0x0056, 0x0001, 0x00B7, 0x0001, 0x0119, 0x0001, 0x01BC, 0x0001, 0x00D9, 0x0001, 0x0015, 0x0001,
    0x0013, 0x0001, 0x18C5, 0x001F, 0xA800, 0x0001, 0xF040, 0x0001, 0x9A2B, 0x0001, 0x13FD, 0x0001,
    0x0CDD, 0x0001, 0x043D, 0x0001, 0x041E, 0x0001, 0x03FE, 0x0002, 0x041E, 0x0001, 0x03FE, 0x0001,
    0x045E, 0x0001, 0x029C, 0x0001, 0x01DD, 0x0001, 0x039E, 0x0001, 0x043E, 0x0001, 0x041E, 0x0002,
    0x043D, 0x0001, 0x039D, 0x0001, 0x02FD, 0x0001, 0x03DD, 0x0001, 0x045E, 0x0002, 0x037E, 0x0001,
    0x01DD, 0x0001, 0x045E, 0x0001, 0x045F, 0x0001, 0x039F, 0x0001, 0x00D8, 0x0001, 0x0034, 0x0001,
    0x00D6, 0x0001, 0x019A, 0x0001, 0x021D, 0x0001, 0x01DB, 0x0001, 0x025F, 0x0001, 0x38CB, 0x0001,
    0xE0A0, 0x0001, 0xEAE1, 0x0001, 0xFA00, 0x0001, 0x5AD2, 0x0001, 0x039F, 0x0001, 0x03DD, 0x0001,
    0x043D, 0x0001, 0x02FE, 0x0001, 0x0055, 0x0001, 0x0013, 0x0001, 0x000E, 0x0001, 0x0000, 0x0001,
    0x000A, 0x0001, 0x00F4, 0x0001, 0x0135, 0x0001, 0x0119, 0x0002, 0x019C, 0x0001, 0x01BC, 0x0001,
    0x019C, 0x0001, 0x01DE, 0x0001, 0x0055, 0x0001, 0x18C5, 0x0002, 0xC800, 0x0001, 0x18C5, 0x0003,
    0xB000, 0x0001, 0x18C5, 0x0019, 0xD060, 0x0001, 0xF9C0, 0x0001, 0x7B0E, 0x0001, 0x03BF, 0x0001,
    0x041D, 0x0001, 0x03FE, 0x0003, 0x041E, 0x0001, 0x043E, 0x0001, 0x03DE, 0x0001, 0x023D, 0x0001,
    0x025C, 0x0001, 0x0073, 0x0001, 0x027D, 0x0001, 0x035D, 0x0001, 0x033D, 0x0002, 0x035E, 0x0001,
    0x041F, 0x0001, 0x047E, 0x0001, 0x041E, 0x0001, 0x037D, 0x0001, 0x033F, 0x0001, 0x0094, 0x0001,
    0x0136, 0x0001, 0x039E, 0x0001, 0x033C, 0x0001, 0x00B3, 0x0001, 0x00D6, 0x0001, 0x013C, 0x0001,
    0x019C, 0x0001, 0x027D, 0x0003, 0x025D, 0x0001, 0x029E, 0x0001, 0x98A4, 0x0001, 0xF300, 0x0001,
    0xFA40, 0x0001, 0x5AF2, 0x0001, 0x039F, 0x0001, 0x043D, 0x0001, 0x039F, 0x0001, 0x00B6, 0x0001,
    0x18C5, 0x0002, 0x9800, 0x0001, 0x6008, 0x0001, 0x1813, 0x0001, 0x015C, 0x0001, 0x019E, 0x0001,
    0x01DE, 0x0001, 0x01BE, 0x0002, 0x017D, 0x0001, 0x017A, 0x0001, 0x2073, 0x0001, 0x0012, 0x0001,
    0x18C5, 0x0001, 0xD040, 0x0001, 0xFA60, 0x0001, 0xB8A0, 0x0001, 0x18C5, 0x0002, 0xFA40, 0x0001,
    0xC0C0, 0x0001, 0x18C5, 0x0017, 0xB000, 0x0001, 0xF280, 0x0001, 0xFA20, 0x0001, 0x830D, 0x0001,
    0x039F, 0x0001, 0x041D, 0x0001, 0x03FE, 0x0001, 0x041E, 0x0001, 0x045E, 0x0001, 0x03BE, 0x0001,
    0x039E, 0x0001, 0x043E, 0x0001, 0x03DF, 0x0001, 0x0138, 0x0001, 0x0044, 0x0001, 0x037F, 0x0001,
    0x043E, 0x0001, 0x041F, 0x0001, 0x03FF, 0x0001, 0x031E, 0x0001, 0x02BC, 0x0001, 0x02BD, 0x0001,
    0x01BA, 0x0001, 0x0012, 0x0001, 0x0015, 0x0001, 0x0003, 0x0001, 0x0000, 0x0001, 0x0016, 0x0001,
    0x0008, 0x0001, 0x0000, 0x0002, 0x0013, 0x0005, 0x0012, 0x0001, 0x0014, 0x0001, 0x6803, 0x0001,
    0xE160, 0x0001, 0xF9E0, 0x0001, 0x5AD2, 0x0001, 0x045F, 0x0001, 0x02BC, 0x0001, 0x027E, 0x0001,
    0x0131, 0x0001, 0x18C5, 0x0002, 0xA000, 0x0001, 0xB800, 0x0002, 0x400A, 0x0001, 0x382E, 0x0001,
    0x3912, 0x0001, 0x38F2, 0x0001, 0x3912, 0x0001, 0x38B2, 0x0001, 0x8005, 0x0001, 0xA800, 0x0001,
    0x18C5, 0x0002, 0xF960, 0x0001, 0xFAE0, 0x0001, 0xB060, 0x0001, 0x18C5, 0x0001, 0xF9C0, 0x0001,
    0xF2E0, 0x0001, 0xB060, 0x0001, 0x18C5, 0x0017, 0xE0A0, 0x0001, 0xEAA0, 0x0001, 0xF8E0, 0x0001,
    0x7AAF, 0x0001, 0x03FF, 0x0001, 0x03FC, 0x0001, 0x043E, 0x0001, 0x037D, 0x0001, 0x02FD, 0x0001,
    0x031E, 0x0001, 0x039D, 0x0001, 0x03FD, 0x0001, 0x02DE, 0x0001, 0x0035, 0x0001, 0x0004, 0x0001,
    0x00DA, 0x0001, 0x0159, 0x0001, 0x013A, 0x0001, 0x0138, 0x0001, 0x18C5, 0x0014, 0x9800, 0x0001,
    0xF920, 0x0001, 0x5B32, 0x0001, 0x03FF, 0x0001, 0x02DC, 0x0001, 0x02BC, 0x0001, 0x02FE, 0x0001,
    0x033F, 0x0001, 0x027D, 0x0001, 0x408C, 0x0001, 0xA800, 0x0001, 0xB000, 0x0001, 0xB800, 0x0001,
    0xC000, 0x0004, 0xD000, 0x0001, 0x9800, 0x0001, 0x18C5, 0x0002, 0xD080, 0x0001, 0xF9C0, 0x0001,
    0xC880, 0x0001, 0x18C5, 0x0001, 0xE100, 0x0001, 0xF260, 0x0001, 0xB860, 0x0001, 0x18C5, 0x0017,
    0xC000, 0x0001, 0xF940, 0x0001, 0xE9A0, 0x0001, 0xD840, 0x0001, 0xD903, 0x0001, 0x2A57, 0x0001,
    0x043F, 0x0001, 0x039E, 0x0001, 0x01FD, 0x0001, 0x035E, 0x0001, 0x03FF, 0x0001, 0x043E, 0x0001,
    0x041F, 0x0001, 0x013A, 0x0001, 0x18C5, 0x001B, 0xF140, 0x0001, 0x6271, 0x0001, 0x037F, 0x0001,
    0x0C7D, 0x0001, 0x045E, 0x0001, 0x047E, 0x0001, 0x03BE, 0x0001, 0xAA29, 0x0001, 0xA046, 0x0001,
    0xA000, 0x0002, 0xB000, 0x0001, 0xA800, 0x0002, 0xB000, 0x0001, 0x8800, 0x0001, 0x18C5, 0x0003,
    0xC800, 0x0001, 0xFAC0, 0x0001, 0xE9C0, 0x0001, 0xB800, 0x0001, 0xC000, 0x0001, 0xD0A0, 0x0001,
    0xE920, 0x0001, 0x18C5, 0x0018, 0xC000, 0x0001, 0xF0E0, 0x0001, 0xF160, 0x0001, 0xA800, 0x0001,
    0xD860, 0x0001, 0xF160, 0x0001, 0x3AD7, 0x0001, 0x1B1B, 0x0001, 0x1A39, 0x0001, 0x1A99, 0x0001,
    0x1BFA, 0x0001, 0x1B9C, 0x0001, 0x59B0, 0x0001, 0x9801, 0x0001, 0x18C5, 0x001B, 0xB140, 0x0001,
    0xF241, 0x0001, 0x4255, 0x0001, 0x03FF, 0x0001, 0x037F, 0x0001, 0x89AC, 0x0001, 0xEAC2, 0x0001,
    0xFAA0, 0x0001, 0xFA00, 0x0001, 0xD920, 0x0001, 0x9000, 0x0001, 0x8800, 0x0001, 0x9800, 0x0001,
    0x8000, 0x0001, 0x18C5, 0x0004, 0xD020, 0x0001, 0xFAC0, 0x0001, 0xE280, 0x0001, 0xB8C0, 0x0001,
    0xF2C0, 0x0001, 0xF2A0, 0x0001, 0xB800, 0x0002, 0x18C5, 0x0018, 0xD040, 0x0001, 0xC820, 0x0001,
    0xD8E0, 0x0001, 0xC080, 0x0001, 0xC860, 0x0001, 0xD8A0, 0x0001, 0xE900, 0x0001, 0xF0E0, 0x0001,
    0xF100, 0x0001, 0xF900, 0x0001, 0xF8E0, 0x0001, 0xB800, 0x0001, 0xA800, 0x0001, 0x18C5, 0x001C,
    0xB840, 0x0001, 0xFAA0, 0x0001, 0xF220, 0x0001, 0x4B15, 0x0001, 0x7A0D, 0x0001, 0xF8C0, 0x0001,
    0xE9E0, 0x0001, 0xE200, 0x0001, 0xF280, 0x0001, 0xE0E0, 0x0001, 0xD8E0, 0x0001, 0xC080, 0x0001,
    0x9000, 0x0001, 0x8800, 0x0003, 0x18C5, 0x0001, 0xE140, 0x0001, 0xFA60, 0x0001, 0xF340, 0x0001,
    0xE180, 0x0001, 0xA880, 0x0001, 0xA800, 0x0001, 0xE1C0, 0x0001, 0xC8C0, 0x0001, 0xC000, 0x0001,
    0x18C5, 0x0017, 0xB000, 0x0001, 0xF0E0, 0x0001, 0xD080, 0x0001, 0xB000, 0x0001, 0xD920, 0x0001,
    0xF9E0, 0x0001, 0xD920, 0x0001, 0xC800, 0x0002, 0xB800, 0x0001, 0xB000, 0x0001, 0xA000, 0x0001,
    0x18C5, 0x001E, 0x9000, 0x0001, 0xD8C0, 0x0001, 0xFB40, 0x0001, 0xFB00, 0x0001, 0xF1A0, 0x0001,
    0xF340, 0x0001, 0xE1E0, 0x0001, 0xD880, 0x0001, 0xF2C0, 0x0001, 0xF2E0, 0x0001, 0xF240, 0x0001,
    0xF1A0, 0x0001, 0xE9C0, 0x0001, 0xE120, 0x0001, 0xC000, 0x0001, 0xB800, 0x0001, 0xB000, 0x0001,
    0xF9E0, 0x0001, 0xEB60, 0x0001, 0xEA80, 0x0001, 0xD020, 0x0001, 0xF9E0, 0x0001, 0xD900, 0x0001,
    0xC820, 0x0001, 0xDAC0, 0x0001, 0xB000, 0x0001, 0x18C5, 0x0016, 0xA800, 0x0001, 0xE860, 0x0001,
    0xD0C0, 0x0002, 0xE920, 0x0001, 0xC800, 0x0001, 0xD860, 0x0001, 0xB080, 0x0001, 0x9020, 0x0001,
    0x18C5, 0x0023, 0x8800, 0x0001, 0xC8A0, 0x0001, 0xD0A0, 0x0001, 0xD860, 0x0001, 0xFA40, 0x0001,
    0xE140, 0x0001, 0xF2A0, 0x0001, 0xF1E0, 0x0001, 0xF2A0, 0x0001, 0xEAC0, 0x0001, 0xE980, 0x0001,
    0xF220, 0x0001, 0xF280, 0x0001, 0xEA60, 0x0001, 0xE940, 0x0001, 0xE220, 0x0001, 0xE260, 0x0001,
    0xF320, 0x0001, 0xEAC0, 0x0001, 0xD040, 0x0001, 0xE980, 0x0001, 0xF9A0, 0x0001, 0x9840, 0x0001,
    0x9880, 0x0001, 0xA800, 0x0001, 0x18C5, 0x0014, 0xB000, 0x0001, 0xC020, 0x0001, 0xE0C0, 0x0001,
    0xC000, 0x0001, 0xB800, 0x0001, 0xC020, 0x0001, 0x9040, 0x0001, 0x18C5, 0x0029, 0x8800, 0x0001,
    0xB000, 0x0001, 0xC000, 0x0001, 0xE0C0, 0x0001, 0xF2A0, 0x0001, 0xFA80, 0x0001, 0xF9E0, 0x0001,
    0xF980, 0x0001, 0xFA80, 0x0002, 0xFA00, 0x0001, 0xE980, 0x0001, 0xF2A0, 0x0001, 0xFB60, 0x0001,
    0xF360, 0x0001, 0xF300, 0x0001, 0xD8A0, 0x0001, 0xF160, 0x0001, 0xF180, 0x0001, 0xF980, 0x0001,
    0xC080, 0x0001, 0xA000, 0x0001, 0x18C5, 0x0015, 0xE960, 0x0001, 0xF320, 0x0001, 0xE140, 0x0001,
    0xC840, 0x0001, 0x7800, 0x0001, 0x18C5, 0x002E, 0x7800, 0x0001, 0x8800, 0x0001, 0xD000, 0x0001,
    0xC800, 0x0004, 0xD000, 0x0001, 0xA000, 0x0001, 0xC020, 0x0001, 0xE220, 0x0001, 0xF260, 0x0001,
    0xD0A0, 0x0001, 0xB800, 0x0001, 0xF140, 0x0001, 0xD880, 0x0001, 0xD080, 0x0001, 0xFA40, 0x0001,
    0xFB60, 0x0001, 0xF980, 0x0001, 0xE0C0, 0x0001, 0x18C5, 0x0011, 0xEA20, 0x0001, 0xFAE0, 0x0001,
    0xF3C0, 0x0001, 0xF420, 0x0001, 0xF1E0, 0x0001, 0xB0A0, 0x0001, 0x18C5, 0x0038, 0x7800, 0x0002,
    0xA800, 0x0001, 0x7800, 0x0001, 0xA000, 0x0001, 0xA800, 0x0001, 0x9000, 0x0001, 0x6000, 0x0001,
    0xB800, 0x0001, 0xE180, 0x0001, 0xF280, 0x0001, 0xFB00, 0x0001, 0xD060, 0x0001, 0x18C5, 0x000D,
    0xE000, 0x0001, 0xEA20, 0x0001, 0xFBE0, 0x0001, 0xF3C0, 0x0001, 0xEB80, 0x0001, 0xF3C0, 0x0001,
    0xE980, 0x0001, 0x9800, 0x0001, 0x18C5, 0x0043, 0xA040, 0x0001, 0xE2A0, 0x0001, 0xE8C0, 0x0001,
    0x18C5, 0x000B, 0xD040, 0x0001, 0xF1C0, 0x0001, 0xFB80, 0x0001, 0xF400, 0x0001, 0xEB40, 0x0002,
    0xF400, 0x0001, 0xFAE0, 0x0001, 0x18C5, 0x0046, 0xB020, 0x0001, 0xC020, 0x0001, 0x18C5, 0x000A,
    0xF1A0, 0x0001, 0xFBA0, 0x0001, 0xF360, 0x0001, 0xF340, 0x0001, 0xEB00, 0x0001, 0xEA20, 0x0001,
    0xE9C0, 0x0001, 0xF9A0, 0x0001, 0xC080, 0x0001, 0x18C5, 0x0051, 0xF9A0, 0x0001, 0xFBC0, 0x0001,
    0xEC20, 0x0002, 0xEB40, 0x0001, 0xEBE0, 0x0001, 0xF4A0, 0x0001, 0xFB40, 0x0001, 0xE060, 0x0001,
    0x18C5, 0x0051, 0xD880, 0x0001, 0xFB20, 0x0001, 0xEC00, 0x0001, 0xF400, 0x0001, 0xF2C0, 0x0001,
    0xF3C0, 0x0001, 0xF300, 0x0001, 0xE1A0, 0x0001, 0xD0E0, 0x0001, 0x9000, 0x0001, 0x18C5, 0x0051,
    0xC860, 0x0001, 0xF1C0, 0x0002, 0xE9E0, 0x0001, 0xD840, 0x0001, 0xC8C0, 0x0001, 0xB820, 0x0001,
    0x9800, 0x0001, 0x18C5, 0x004F, 0x18C5, 0x00F4, 0xD800, 0x0001, 0x18C5, 0x0005, 0xF140, 0x0001,
    0x18C5, 0x0054, 0xF980, 0x0001, 0xC060, 0x0001, 0x18C5, 0x0004, 0xF980, 0x0001, 0xC800, 0x0001,
    0x18C5, 0x0053, 0xFA40, 0x0001, 0xD8A0, 0x0001, 0x18C5, 0x0003, 0xB040, 0x0001, 0xFA60, 0x0001,
    0xB000, 0x0001, 0x18C5, 0x0053, 0xFA20, 0x0001, 0xD0A0, 0x0001, 0x18C5, 0x0003, 0xE980, 0x0001,
    0xFA40, 0x0001, 0xB800, 0x0001, 0x18C5, 0x0052, 0xF180, 0x0001, 0xD940, 0x0001, 0x18C5, 0x0001,
    0xC060, 0x0001, 0xC020, 0x0001, 0xA820, 0x0001, 0xF260, 0x0001, 0xD040, 0x0001, 0x18C5, 0x0053,
    0xF9E0, 0x0001, 0xD160, 0x0001, 0xD900, 0x0001, 0xD180, 0x0003, 0xE1A0, 0x0001, 0xA800, 0x0001,
    0x18C5, 0x0052, 0xD860, 0x0001, 0xF2E0, 0x0001, 0xF2A0, 0x0001, 0xD940, 0x0001, 0xDA20, 0x0001,
    0xD940, 0x0001, 0xE1A0, 0x0001, 0xD8A0, 0x0001, 0x18C5, 0x0053, 0xE9A0, 0x0001, 0xF320, 0x0001,
    0xEB00, 0x0001, 0xE220, 0x0001, 0xF340, 0x0001, 0xEA60, 0x0001, 0xF2E0, 0x0001, 0xC080, 0x0001,
    0x18C5, 0x0052, 0xD040, 0x0001, 0xF280, 0x0001, 0xEAE0, 0x0001, 0xEB00, 0x0001, 0xF320, 0x0001,
    0xEAE0, 0x0001, 0xF360, 0x0001, 0xD140, 0x0001, 0x18C5, 0x0053, 0xD000, 0x0001, 0xE100, 0x0001,
    0xF240, 0x0001, 0xF300, 0x0002, 0xEAE0, 0x0001, 0xF340, 0x0001, 0xE900, 0x0001, 0x18C5, 0x0052,
    0xD900, 0x0001, 0xE9A0, 0x0001, 0xF320, 0x0001, 0xF220, 0x0001, 0xE1C0, 0x0001, 0xEAE0, 0x0001,
    0xF300, 0x0001, 0xEB00, 0x0001, 0xFAC0, 0x0001, 0xE920, 0x0001, 0x18C5, 0x004E, 0xB000, 0x0001,
    0xF180, 0x0001, 0xFA40, 0x0001, 0xF220, 0x0001, 0xF320, 0x0001, 0xEA00, 0x0001, 0xFAA0, 0x0001,
    0xE060, 0x0001, 0xF1A0, 0x0001, 0xFB60, 0x0001, 0xF2A0, 0x0001, 0xF200, 0x0001, 0xFAA0, 0x0001,
    0xFA20, 0x0001, 0xEA60, 0x0001, 0xF9E0, 0x0001, 0x18C5, 0x0049, 0xE020, 0x0001, 0xD000, 0x0001,
    0xEA20, 0x0001, 0xF9E0, 0x0001, 0xE9C0, 0x0001, 0xF240, 0x0001, 0xE0E0, 0x0001, 0xF260, 0x0001,
    0xE100, 0x0001, 0x18C5, 0x0002, 0xC060, 0x0001, 0xD840, 0x0001, 0xC000, 0x0001, 0xB880, 0x0001,
    0xD0A0, 0x0001, 0xD9A0, 0x0001, 0xFB60, 0x0001, 0xC080, 0x0001, 0x18C5, 0x0046, 0xD0A0, 0x0001,
    0xE120, 0x0001, 0xFA40, 0x0001, 0xF1A0, 0x0002, 0xF320, 0x0001, 0xE180, 0x0001, 0xF100, 0x0001,
    0xF160, 0x0001, 0xA800, 0x0001, 0x18C5, 0x0009, 0xDA00, 0x0001, 0xF9E0, 0x0001, 0x18C5, 0x0045,
    0xD100, 0x0001, 0xF220, 0x0001, 0xE0E0, 0x0001, 0xF300, 0x0001, 0xEB40, 0x0001, 0xEA20, 0x0001,
    0xF240, 0x0001, 0xF220, 0x0001, 0xE0E0, 0x0001, 0x18C5, 0x0051, 0xD920, 0x0001, 0xFA60, 0x0001,
    0xEA40, 0x0001, 0xE1A0, 0x0001, 0xE900, 0x0001, 0xF280, 0x0001, 0xEB00, 0x0001, 0xE140, 0x0001,
    0xF1C0, 0x0001, 0x18C5, 0x0051, 0xB000, 0x0001, 0xE900, 0x0001, 0xF2A0, 0x0001, 0xFAA0, 0x0001,
    0xA946, 0x0001, 0x2399, 0x0001, 0xA127, 0x0001, 0xE880, 0x0001, 0xF200, 0x0001, 0xC880, 0x0001,
    0x18C5, 0x0050, 0xA820, 0x0001, 0xD120, 0x0001, 0xE9E0, 0x0001, 0xF240, 0x0001, 0xA925, 0x0001,
    0x03DE, 0x0001, 0x047F, 0x0001, 0x041E, 0x0001, 0xA947, 0x0001, 0xF1E0, 0x0001, 0x18C5, 0x0051,
    0xB060, 0x0001, 0xE9A0, 0x0001, 0xE260, 0x0001, 0xD880, 0x0001, 0x03DE, 0x0001, 0x041E, 0x0001,
    0x03BD, 0x0001, 0x03BF, 0x0001, 0x0A1C, 0x0001, 0x18C5, 0x0053, 0xC820, 0x0001, 0xEAA0, 0x0001,
    0xF220, 0x0001, 0x71AD, 0x0001, 0x045F, 0x0001, 0x02DD, 0x0001, 0x0079, 0x0001, 0x18C5, 0x0054,
    0xA860, 0x0001, 0xD8A0, 0x0001, 0xDA80, 0x0001, 0xFA00, 0x0001, 0x71AD, 0x0001, 0x041F, 0x0001,
    0x031B, 0x0001, 0x01FC, 0x0001, 0x18C5, 0x0054, 0xD8C0, 0x0001, 0xE080, 0x0001, 0xE281, 0x0001,
    0xFA00, 0x0001, 0x71CE, 0x0001, 0x04BF, 0x0001, 0x03DE, 0x0001, 0x035F, 0x0001, 0x031E, 0x0001,
    0x18C5, 0x0053, 0xD8A0, 0x0001, 0xE100, 0x0001, 0xE2A0, 0x0001, 0xF980, 0x0001, 0x696E, 0x0001,
    0x049F, 0x0001, 0x043E, 0x0001, 0x03FE, 0x0001, 0x02BF, 0x0001, 0x18C5, 0x0053, 0xE180, 0x0002,
    0xF2A0, 0x0001, 0xF960, 0x0001, 0x69CE, 0x0001, 0x045F, 0x0001, 0x03FD, 0x0001, 0x045E, 0x0001,
    0x027E, 0x0001, 0x18C5, 0x0052, 0xB840, 0x0001, 0xF260, 0x0001, 0xE140, 0x0001, 0xF3C0, 0x0001,
    0xF9C0, 0x0001, 0x7AAE, 0x0001, 0x045F, 0x0001, 0x041E, 0x0001, 0x03FF, 0x0001, 0x019C, 0x0001,
    0x18C5, 0x0052, 0xD120, 0x0001, 0xE180, 0x0001, 0xE1E0, 0x0001, 0xF3A0, 0x0001, 0xF9A0, 0x0001,
    0x616F, 0x0001, 0x0BDD, 0x0001, 0x0ADC, 0x0001, 0x1139, 0x0001, 0x18C5, 0x0052, 0xC060, 0x0001,
    0xE8E0, 0x0001, 0xEA80, 0x0001, 0xF2C0, 0x0001, 0xE960, 0x0001, 0xC800, 0x0001, 0xA800, 0x0001,
    0xC0C0, 0x0001, 0xE000, 0x0001, 0xC800, 0x0001, 0x18C5, 0x0052, 0xE0C0, 0x0001, 0xE180, 0x0001,
    0xEA20, 0x0001, 0xF300, 0x0001, 0xE9E0, 0x0001, 0xC020, 0x0001, 0xD1C0, 0x0001, 0xF240, 0x0001,
    0xD800, 0x0001, 0xE900, 0x0001, 0xD160, 0x0001, 0x18C5, 0x0050, 0xA920, 0x0001, 0xE1C0, 0x0001,
    0xF220, 0x0001, 0xEB00, 0x0001, 0xF340, 0x0001, 0xEA60, 0x0001, 0xC000, 0x0001, 0xE180, 0x0001,
    0xEA80, 0x0001, 0xD940, 0x0001, 0xF300, 0x0001, 0xF9E0, 0x0001, 0xD060, 0x0001, 0x18C5, 0x004F,
    0xC8A0, 0x0001, 0xFA40, 0x0001, 0xF240, 0x0001, 0xEAE0, 0x0001, 0xF340, 0x0001, 0xEA60, 0x0001,
    0xD060, 0x0001, 0xF360, 0x0001, 0xEA40, 0x0001, 0xE9A0, 0x0001, 0xFB80, 0x0001, 0xE9A0, 0x0001,
    0x18C5, 0x0050, 0xC800, 0x0001, 0xF9E0, 0x0001, 0xF180, 0x0001, 0xF260, 0x0001, 0xEA80, 0x0001,
    0xD860, 0x0001, 0xF1A0, 0x0001, 0xF200, 0x0001, 0xF1A0, 0x0001, 0xE9C0, 0x0001, 0xF220, 0x0001,
    0xC820, 0x0001, 0x18C5, 0x0050, 0x68AA, 0x0001, 0xB8E2, 0x0001, 0xF2A0, 0x0001, 0xE9C0, 0x0001,
    0xF1E0, 0x0001, 0xF280, 0x0001, 0xF300, 0x0001, 0xEB00, 0x0001, 0xF1C0, 0x0001, 0xE980, 0x0001,
    0xC800, 0x0001, 0x18C5, 0x004B, 0x019F, 0x0001, 0x02FF, 0x0001, 0x3C1A, 0x0001, 0x942E, 0x0001,
    0x151E, 0x0001, 0x047F, 0x0001, 0x592F, 0x0001, 0xF9A0, 0x0001, 0xEBA0, 0x0001, 0xF380, 0x0001,
    0xF340, 0x0001, 0xF3C0, 0x0001, 0xF200, 0x0001, 0xE140, 0x0001, 0xF1C0, 0x0001, 0xC0A0, 0x0001,
    0x18C5, 0x004A, 0xF8E0, 0x0001, 0xC2A6, 0x0001, 0xC327, 0x0001, 0xE301, 0x0001, 0xFB20, 0x0001,
    0x0C5C, 0x0001, 0x2B98, 0x0001, 0xE283, 0x0001, 0xEB80, 0x0001, 0xEBC0, 0x0001, 0xF360, 0x0001,
    0xF380, 0x0001, 0xF320, 0x0001, 0xF380, 0x0001, 0xE1E0, 0x0001, 0xE000, 0x0001, 0x18C5, 0x0048,
    0xD860, 0x0001, 0xF220, 0x0001, 0xEB80, 0x0001, 0xFC00, 0x0001, 0xEC21, 0x0001, 0xAC68, 0x0001,
    0x151D, 0x0001, 0x0CFD, 0x0001, 0x2BF8, 0x0001, 0xEB60, 0x0001, 0xFC20, 0x0001, 0xEB80, 0x0001,
    0xF3C0, 0x0001, 0xF3E0, 0x0001, 0xF400, 0x0001, 0xF320, 0x0001, 0xF400, 0x0001, 0xFA80, 0x0001,
    0xD000, 0x0001, 0x18C5, 0x0046, 0xD840, 0x0001, 0xF9E0, 0x0001, 0xF380, 0x0001, 0xF440, 0x0001,
    0xF400, 0x0001, 0xF3A0, 0x0001, 0x0CBC, 0x0001, 0x04BF, 0x0001, 0x049E, 0x0001, 0x04BF, 0x0001,
    0xDAA2, 0x0001, 0xFAE0, 0x0001, 0xEB60, 0x0001, 0xF320, 0x0001, 0xF380, 0x0001, 0xF460, 0x0001,
    0xF420, 0x0002, 0xEB20, 0x0001, 0xF3C0, 0x0001, 0xF8C0, 0x0001, 0x18C5, 0x0045, 0xE940, 0x0001,
    0xFAC0, 0x0001, 0xF480, 0x0001, 0xEB80, 0x0001, 0xF360, 0x0001, 0xEB00, 0x0001, 0xFAA0, 0x0001,
    0x1BB9, 0x0001, 0x047E, 0x0001, 0x047D, 0x0001, 0x049F, 0x0001, 0xD263, 0x0001, 0xFA80, 0x0001,
    0xEAA0, 0x0001, 0xF360, 0x0001, 0xF2E0, 0x0001, 0xF240, 0x0001, 0xF2E0, 0x0001, 0xF3A0, 0x0002,
    0xF440, 0x0001, 0xF240, 0x0001, 0xD820, 0x0001, 0x18C5, 0x0003, 0xF840, 0x0001, 0xE200, 0x0001,
    0xFA80, 0x0001, 0xFB00, 0x0001, 0xFA80, 0x0001, 0xF120, 0x0001, 0x18C5, 0x003A, 0xD040, 0x0001,
    0xFAE0, 0x0001, 0xEB40, 0x0001, 0xF320, 0x0001, 0xF2C0, 0x0001, 0xEB00, 0x0001, 0xFBA0, 0x0001,
    0x6C50, 0x0001, 0x04FF, 0x0001, 0x053E, 0x0002, 0x053F, 0x0001, 0xD403, 0x0001, 0xFC40, 0x0001,
    0xEC00, 0x0001, 0xF360, 0x0001, 0xF3A0, 0x0001, 0xF300, 0x0002, 0xF200, 0x0002, 0xF380, 0x0001,
    0xF3E0, 0x0001, 0xF0A0, 0x0001, 0x18C5, 0x0002, 0xE8E0, 0x0001, 0xFB40, 0x0001, 0xF3A0, 0x0001,
    0xEC20, 0x0001, 0xFC60, 0x0001, 0xF480, 0x0001, 0xFBA0, 0x0001, 0xEAA0, 0x0001, 0xF080, 0x0001,
    0x18C5, 0x0038, 0xE980, 0x0001, 0xF300, 0x0001, 0xEB60, 0x0001, 0xF320, 0x0001, 0xEB20, 0x0001,
    0xF400, 0x0001, 0xFBE0, 0x0001, 0xE3E1, 0x0001, 0xE3E3, 0x0001, 0xA429, 0x0001, 0x0CFE, 0x0001,
    0x051E, 0x0001, 0xD403, 0x0001, 0xFBC0, 0x0001, 0xEC00, 0x0001, 0xF340, 0x0001, 0xF3E0, 0x0001,
    0xF460, 0x0001, 0xF420, 0x0001, 0xF3C0, 0x0001, 0xF2C0, 0x0001, 0xE9C0, 0x0001, 0xF340, 0x0001,
    0xE120, 0x0001, 0x18C5, 0x0001, 0xD080, 0x0001, 0xFB60, 0x0001, 0xEC40, 0x0001, 0xEB40, 0x0001,
    0xFB40, 0x0001, 0x6880, 0x0001, 0x8860, 0x0001, 0xFBC0, 0x0001, 0xEBC0, 0x0001, 0xFB60, 0x0001,
    0xE980, 0x0001, 0x18C5, 0x0036, 0xD020, 0x0001, 0xFAC0, 0x0001, 0xF380, 0x0001, 0xEB60, 0x0001,
    0xEBC0, 0x0001, 0xF400, 0x0001, 0xD423, 0x0001, 0xA3EA, 0x0001, 0xB367, 0x0001, 0xFB40, 0x0001,
    0xFAE0, 0x0001, 0x7BCE, 0x0001, 0x053F, 0x0001, 0xDC42, 0x0001, 0xFC60, 0x0001, 0xEB60, 0x0001,
    0xF3A0, 0x0001, 0xF3C0, 0x0001, 0xF380, 0x0001, 0xF3A0, 0x0001, 0xF320, 0x0001, 0xF3C0, 0x0001,
    0xEB40, 0x0001, 0xD960, 0x0001, 0xD8C0, 0x0001, 0x18C5, 0x0001, 0xD920, 0x0001, 0xF400, 0x0001,
    0xF420, 0x0001, 0xF220, 0x0001, 0x6000, 0x0001, 0x2986, 0x0001, 0x6880, 0x0001, 0xFA60, 0x0001,
    0xF380, 0x0001, 0xEB00, 0x0001, 0xFB80, 0x0001, 0xC0A0, 0x0001, 0x18C5, 0x0035, 0xF1C0, 0x0001,
    0xFB40, 0x0001, 0xEBC0, 0x0001, 0xFBA0, 0x0001, 0xFC00, 0x0001, 0xFBC0, 0x0001, 0xCC25, 0x0001,
    0x24FA, 0x0001, 0x055F, 0x0001, 0x74AF, 0x0001, 0xFBA0, 0x0001, 0x8C2C, 0x0001, 0x057F, 0x0001,
    0xDAC2, 0x0001, 0xFAC0, 0x0001, 0xEB20, 0x0001, 0xF320, 0x0001, 0xF380, 0x0001, 0xF340, 0x0001,
    0xF360, 0x0001, 0xF320, 0x0001, 0xEB20, 0x0001, 0xF3C0, 0x0001, 0xEAA0, 0x0001, 0xD8E0, 0x0001,
    0x9800, 0x0001, 0xE160, 0x0001, 0xF3E0, 0x0001, 0xE220, 0x0001, 0x6800, 0x0001, 0x5B4D, 0x0001,
    0xF7BE, 0x0001, 0x7451, 0x0001, 0x6040, 0x0001, 0xFB40, 0x0001, 0xEBA0, 0x0001, 0xFB00, 0x0001,
    0xA880, 0x0001, 0x18C5, 0x0034, 0xE080, 0x0001, 0xFA80, 0x0001, 0xF340, 0x0001, 0xFBE0, 0x0001,
    0xA469, 0x0001, 0x4CD5, 0x0001, 0x4CB4, 0x0001, 0xFBC0, 0x0001, 0x8C6C, 0x0001, 0x051F, 0x0001,
    0x051E, 0x0001, 0x54D4, 0x0001, 0x2C98, 0x0001, 0x045F, 0x0001, 0xDA82, 0x0001, 0xFB00, 0x0001,
    0xEBA0, 0x0001, 0xF380, 0x0001, 0xF360, 0x0001, 0xF420, 0x0001, 0xF440, 0x0001, 0xF340, 0x0001,
    0xF3E0, 0x0001, 0xEB80, 0x0001, 0xF380, 0x0001, 0xFA20, 0x0001, 0x8800, 0x0001, 0xC080, 0x0001,
    0xFC40, 0x0001, 0xC0E0, 0x0001, 0x0801, 0x0001, 0xDEFB, 0x0001, 0xF79E, 0x0001, 0xFFFF, 0x0001,
    0x8C52, 0x0001, 0xC8C0, 0x0001, 0xF420, 0x0001, 0xF100, 0x0001, 0x18C5, 0x0035, 0x8B2E, 0x0001,
    0xFAE0, 0x0001, 0x43D5, 0x0001, 0xFBE0, 0x0001, 0x6C91, 0x0001, 0x053F, 0x0001, 0xBC26, 0x0001,
    0xFBC0, 0x0001, 0x7490, 0x0001, 0x051F, 0x0001, 0x0C3C, 0x0001, 0x043F, 0x0001, 0x049E, 0x0001,
    0x04FF, 0x0001, 0xCA85, 0x0001, 0xF420, 0x0001, 0xEC00, 0x0001, 0xF420, 0x0001, 0xF3C0, 0x0001,
    0xF340, 0x0001, 0xF3E0, 0x0001, 0xF3C0, 0x0001, 0xF320, 0x0001, 0xF400, 0x0001, 0xEC00, 0x0001,
    0xF320, 0x0001, 0xB820, 0x0001, 0x9060, 0x0001, 0xFC20, 0x0001, 0xC940, 0x0001, 0x2801, 0x0001,
    0xD6FB, 0x0001, 0xF77D, 0x0001, 0xEF3C, 0x0001, 0xFFFF, 0x0001, 0xBCD0, 0x0001, 0xFA80, 0x0001,
    0xC080, 0x0001, 0x18C5, 0x0035, 0xF262, 0x0001, 0x2C19, 0x0001, 0xE322, 0x0001, 0x8C8C, 0x0001,
    0x051F, 0x0001, 0x051E, 0x0001, 0xC426, 0x0001, 0x8C6C, 0x0001, 0x051F, 0x0001, 0x045D, 0x0001,
    0x04DE, 0x0001, 0x04FD, 0x0001, 0x051D, 0x0001, 0x053E, 0x0001, 0x14BB, 0x0001, 0xFB00, 0x0001,
    0xEC40, 0x0001, 0xF3C0, 0x0001, 0xF3A0, 0x0001, 0xF300, 0x0001, 0xF340, 0x0002, 0xF300, 0x0001,
    0xF340, 0x0001, 0xEBE0, 0x0001, 0xF3A0, 0x0001, 0xB060, 0x0001, 0x9800, 0x0001, 0xD980, 0x0001,
    0xE960, 0x0001, 0x1000, 0x0001, 0x9D13, 0x0001, 0xFFFF, 0x0002, 0xADF7, 0x0001, 0x51C1, 0x0001,
    0xFC20, 0x0001, 0x7900, 0x0001, 0x18C5, 0x0034, 0x6294, 0x0001, 0x4B76, 0x0001, 0x043F, 0x0001,
    0x738F, 0x0001, 0x04DF, 0x0001, 0x053D, 0x0001, 0x051E, 0x0001, 0x053F, 0x0001, 0x055F, 0x0001,
    0x047D, 0x0001, 0x04BE, 0x0001, 0x051E, 0x0002, 0x051D, 0x0001, 0x051E, 0x0001, 0x0CFD, 0x0001,
    0xABA9, 0x0001, 0xF380, 0x0001, 0xEB40, 0x0001, 0xEB20, 0x0001, 0xF320, 0x0001, 0xF420, 0x0001,
    0xF400, 0x0001, 0xF340, 0x0001, 0xF3C0, 0x0001, 0xEB80, 0x0001, 0xF300, 0x0001, 0xD080, 0x0001,
    0xD100, 0x0001, 0xA0E0, 0x0001, 0xFAC0, 0x0001, 0x5800, 0x0001, 0x0000, 0x0001, 0x83EF, 0x0001,
    0x84B2, 0x0001, 0x5000, 0x0001, 0xF360, 0x0001, 0xFB80, 0x0001, 0xE900, 0x0001, 0x18C5, 0x0033,
    0xA066, 0x0001, 0x03DF, 0x0001, 0x043E, 0x0001, 0x03FD, 0x0001, 0x041F, 0x0001, 0x041D, 0x0001,
    0x047E, 0x0002, 0x045D, 0x0001, 0x049D, 0x0001, 0x03BE, 0x0001, 0x049E, 0x0001, 0x053E, 0x0001,
    0x04FE, 0x0001, 0x051E, 0x0001, 0x04FD, 0x0001, 0x053F, 0x0001, 0x2C98, 0x0001, 0xFB00, 0x0001,
    0xEC40, 0x0001, 0xF420, 0x0001, 0xF360, 0x0001, 0xF420, 0x0002, 0xF340, 0x0001, 0xEC40, 0x0001,
    0xF360, 0x0001, 0xD8A0, 0x0001, 0xD000, 0x0001, 0xC060, 0x0001, 0xA000, 0x0001, 0xFA60, 0x0001,
    0xFA40, 0x0001, 0x70A0, 0x0001, 0x0000, 0x0001, 0x4000, 0x0001, 0xF260, 0x0001, 0xF3A0, 0x0001,
    0xF940, 0x0001, 0x18C5, 0x0034, 0xE000, 0x0001, 0x926C, 0x0001, 0x043F, 0x0001, 0x0BFC, 0x0001,
    0x03FD, 0x0001, 0x041E, 0x0001, 0x03DD, 0x0002, 0x03FE, 0x0001, 0x041E, 0x0001, 0x043E, 0x0001,
    0x02BC, 0x0001, 0x049E, 0x0001, 0x053E, 0x0001, 0x051E, 0x0001, 0x04FD, 0x0001, 0x053F, 0x0001,
    0x4435, 0x0001, 0xF9C0, 0x0001, 0xD940, 0x0001, 0xD0C0, 0x0001, 0xD920, 0x0001, 0xF360, 0x0001,
    0xEA40, 0x0001, 0xE9A0, 0x0001, 0xF220, 0x0001, 0xE940, 0x0001, 0x18C5, 0x0002, 0x8800, 0x0001,
    0x7800, 0x0001, 0xB840, 0x0001, 0xFAE0, 0x0001, 0xFA60, 0x0001, 0xC9E0, 0x0001, 0xF320, 0x0001,
    0xFB80, 0x0001, 0xF1A0, 0x0001, 0xB000, 0x0001, 0x18C5, 0x0034, 0xC022, 0x0001, 0xC2E6, 0x0001,
    0x0B5E, 0x0001, 0x045F, 0x0001, 0x03FD, 0x0001, 0x03DD, 0x0001, 0x027C, 0x0001, 0x01FC, 0x0001,
    0x019C, 0x0001, 0x023B, 0x0001, 0x02DC, 0x0001, 0x035D, 0x0001, 0x01DA, 0x0001, 0x04FE, 0x0001,
    0x051E, 0x0002, 0x051D, 0x0001, 0x04FF, 0x0001, 0x746F, 0x0001, 0xFB80, 0x0001, 0xE3A0, 0x0001,
    0xEA60, 0x0001, 0xF1A0, 0x0001, 0xF2A0, 0x0001, 0xF320, 0x0001, 0xEB40, 0x0001, 0xF380, 0x0001,
    0xE160, 0x0001, 0x18C5, 0x0004, 0xB000, 0x0001, 0xD040, 0x0001, 0xF9E0, 0x0001, 0xFAC0, 0x0001,
    0xE040, 0x0001, 0xB000, 0x0001, 0x18C5, 0x0035, 0x0935, 0x0001, 0xFA60, 0x0001, 0xA229, 0x0001,
    0x5AD4, 0x0001, 0x043F, 0x0001, 0x047F, 0x0001, 0x045F, 0x0001, 0x041D, 0x0001, 0x025B, 0x0001,
    0x0178, 0x0001, 0x10B3, 0x0001, 0x500C, 0x0001, 0x0015, 0x0001, 0x025D, 0x0001, 0x033E, 0x0001,
    0x041E, 0x0001, 0x049D, 0x0001, 0x047F, 0x0001, 0x6C90, 0x0001, 0xFC00, 0x0001, 0xEC20, 0x0001,
    0xF340, 0x0001, 0xF380, 0x0001, 0xF440, 0x0002, 0xEBA0, 0x0001, 0xF3C0, 0x0001, 0xF200, 0x0001,
    0x18C5, 0x0006, 0x9800, 0x0001, 0xD000, 0x0001, 0xA800, 0x0001, 0x18C5, 0x0036, 0x0B9E, 0x0001,
    0x91CB, 0x0001, 0xF9C0, 0x0001, 0xF9A0, 0x0001, 0x926C, 0x0001, 0x89ED, 0x0001, 0x2AD6, 0x0001,
    0x049F, 0x0001, 0x04BF, 0x0001, 0x143D, 0x0001, 0xC166, 0x0001, 0xF920, 0x0001, 0x7807, 0x0001,
    0x500C, 0x0001, 0x0078, 0x0001, 0x019B, 0x0001, 0x03BE, 0x0001, 0x03BF, 0x0001, 0x73F0, 0x0001,
    0xFA20, 0x0001, 0xEB80, 0x0001, 0xF340, 0x0001, 0xF300, 0x0001, 0xF360, 0x0001, 0xF340, 0x0001,
    0xEB20, 0x0001, 0xF380, 0x0001, 0xF1C0, 0x0001, 0x28D5, 0x0001, 0x00FA, 0x0001, 0x0011, 0x0001,
    0x0014, 0x0001, 0x18C5, 0x003A, 0x00B9, 0x0001, 0x033E, 0x0001, 0x03DF, 0x0001, 0x79AB, 0x0001,
    0xE920, 0x0001, 0xFA60, 0x0001, 0xFA80, 0x0001, 0xC962, 0x0001, 0x9907, 0x0001, 0x98E7, 0x0001,
    0xB063, 0x0001, 0xE000, 0x0001, 0xD0A1, 0x0001, 0xD000, 0x0001, 0x18C5, 0x0001, 0x0014, 0x0001,
    0x0034, 0x0001, 0x00B5, 0x0001, 0x019A, 0x0001, 0x62D0, 0x0001, 0xE800, 0x0001, 0xE1A0, 0x0001,
    0xF3E0, 0x0001, 0xF340, 0x0002, 0xEBA0, 0x0001, 0xF3C0, 0x0001, 0xE1E0, 0x0001, 0xE860, 0x0001,
    0x22BB, 0x0001, 0x02BF, 0x0001, 0x027D, 0x0001, 0x019C, 0x0001, 0x015B, 0x0001, 0x019B, 0x0001,
    0x019D, 0x0001, 0x18C5, 0x0032, 0x033E, 0x0001, 0x037F, 0x0001, 0x041E, 0x0001, 0x041D, 0x0001,
    0x03DD, 0x0001, 0x03FE, 0x0001, 0x03FD, 0x0001, 0x035E, 0x0001, 0x037D, 0x0001, 0x12FC, 0x0001,
    0xBA26, 0x0001, 0xF2C0, 0x0001, 0xF1E0, 0x0001, 0xF200, 0x0001, 0xFAC0, 0x0001, 0xE9A0, 0x0001,
    0xD080, 0x0001, 0xE040, 0x0001, 0x18D6, 0x0001, 0x0099, 0x0001, 0x01BC, 0x0001, 0x025C, 0x0001,
    0x02DD, 0x0001, 0x023A, 0x0001, 0x0878, 0x0001, 0xA968, 0x0001, 0xE860, 0x0001, 0xEB20, 0x0001,
    0xEB80, 0x0001, 0xF3A0, 0x0001, 0xF440, 0x0001, 0xEBC0, 0x0001, 0xEA41, 0x0001, 0xD082, 0x0001,
    0x1ABA, 0x0001, 0x035F, 0x0001, 0x033E, 0x0001, 0x031E, 0x0001, 0x02FF, 0x0001, 0x02BF, 0x0001,
    0x031F, 0x0001, 0x025D, 0x0001, 0x019C, 0x0001, 0x18C5, 0x002F, 0x041F, 0x0001, 0x051E, 0x0001,
    0x055E, 0x0001, 0x04BE, 0x0001, 0x049E, 0x0001, 0x055E, 0x0001, 0x053D, 0x0001, 0x053E, 0x0001,
    0x04FD, 0x0001, 0x03FE, 0x0001, 0x037F, 0x0001, 0x037C, 0x0001, 0x8109, 0x0001, 0xC8C3, 0x0001,
    0xFAA0, 0x0001, 0xEB81, 0x0001, 0xE260, 0x0001, 0xD000, 0x0001, 0x98A6, 0x0001, 0x0813, 0x0001,
    0x025E, 0x0001, 0x033E, 0x0001, 0x031E, 0x0002, 0x035E, 0x0001, 0x023E, 0x0001, 0x88E7, 0x0001,
    0xF960, 0x0001, 0xC860, 0x0001, 0xFAE0, 0x0001, 0xEB60, 0x0001, 0xEBE0, 0x0001, 0xF260, 0x0001,
    0xF8C0, 0x0001, 0x4274, 0x0001, 0x033F, 0x0001, 0x02FD, 0x0002, 0x031E, 0x0001, 0x02FD, 0x0001,
    0x01DC, 0x0001, 0x023C, 0x0001, 0x029D, 0x0001, 0x031E, 0x0001, 0x023F, 0x0001, 0x01DC, 0x0001,
    0x18C5, 0x002C, 0x047F, 0x0001, 0x053E, 0x0001, 0x047D, 0x0002, 0x041D, 0x0001, 0x055D, 0x0001,
    0x04BE, 0x0001, 0x045E, 0x0001, 0x047E, 0x0001, 0x049E, 0x0001, 0x057E, 0x0001, 0x04DD, 0x0001,
    0x039D, 0x0001, 0x045F, 0x0001, 0x3357, 0x0001, 0x7ACF, 0x0001, 0xFA40, 0x0001, 0xF1A0, 0x0001,
    0xD000, 0x0001, 0x3256, 0x0001, 0x023C, 0x0001, 0x031D, 0x0001, 0x02FE, 0x0001, 0x031E, 0x0001,
    0x02FD, 0x0001, 0x031E, 0x0001, 0x2298, 0x0001, 0xA8C5, 0x0001, 0xD080, 0x0001, 0xC8A0, 0x0001,
    0xD9C0, 0x0001, 0xF360, 0x0001, 0xF9C0, 0x0001, 0xD0C1, 0x0001, 0x69F0, 0x0001, 0x19B7, 0x0001,
    0x031E, 0x0001, 0x031D, 0x0001, 0x031E, 0x0002, 0x02FE, 0x0001, 0x035E, 0x0001, 0x02BD, 0x0001,
    0x01FC, 0x0001, 0x025D, 0x0001, 0x035E, 0x0001, 0x02DE, 0x0001, 0x025F, 0x0001, 0x027F, 0x0001,
    0x18C5, 0x0029, 0x035F, 0x0001, 0x043E, 0x0001, 0x045D, 0x0001, 0x04BE, 0x0001, 0x041E, 0x0002,
    0x043E, 0x0001, 0x047E, 0x0001, 0x04BE, 0x0002, 0x049E, 0x0001, 0x043E, 0x0001, 0x045E, 0x0001,
    0x043E, 0x0001, 0x03BD, 0x0001, 0x03DF, 0x0001, 0x03FF, 0x0001, 0x3B57, 0x0001, 0x716D, 0x0001,
    0x8148, 0x0001, 0x127C, 0x0001, 0x02FE, 0x0001, 0x031D, 0x0001, 0x031E, 0x0002, 0x02FD, 0x0001,
    0x037F, 0x0001, 0x612E, 0x0001, 0xF980, 0x0001, 0xDA40, 0x0001, 0xD020, 0x0001, 0xD0C0, 0x0001,
    0xFA00, 0x0001, 0x5A52, 0x0001, 0x22F8, 0x0001, 0x043F, 0x0001, 0x02FE, 0x0001, 0x01FC, 0x0001,
    0x031E, 0x0004, 0x02FD, 0x0001, 0x031E, 0x0001, 0x035E, 0x0001, 0x019C, 0x0001, 0x021D, 0x0001,
    0x031D, 0x0001, 0x033E, 0x0001, 0x035F, 0x0001, 0x019C, 0x0001, 0x18C5, 0x0027, 0x00FA, 0x0001,
    0x031E, 0x0001, 0x04DD, 0x0001, 0x04FE, 0x0001, 0x053E, 0x0001, 0x043E, 0x0002, 0x04DE, 0x0001,
    0x04FE, 0x0001, 0x053E, 0x0001, 0x051E, 0x0001, 0x04FE, 0x0001, 0x04DE, 0x0001, 0x045E, 0x0001,
    0x03FE, 0x0001, 0x041E, 0x0001, 0x035D, 0x0001, 0x03BD, 0x0001, 0x045F, 0x0001, 0x03DE, 0x0001,
    0x043D, 0x0001, 0x023D, 0x0001, 0x029D, 0x0001, 0x033E, 0x0001, 0x027D, 0x0001, 0x01BC, 0x0001,
    0x01FB, 0x0001, 0x02FF, 0x0001, 0x69F0, 0x0001, 0xFA60, 0x0001, 0xF380, 0x0001, 0xE1A0, 0x0001,
    0xD920, 0x0001, 0xF221, 0x0001, 0x0B9C, 0x0001, 0x045F, 0x0001, 0x041C, 0x0001, 0x039E, 0x0001,
    0x00B6, 0x0001, 0x02DD, 0x0001, 0x02FD, 0x0002, 0x031D, 0x0001, 0x031E, 0x0001, 0x031D, 0x0001,
    0x031E, 0x0001, 0x029D, 0x0001, 0x00B6, 0x0001, 0x037F, 0x0001, 0x031E, 0x0001, 0x02BE, 0x0001,
    0x0034, 0x0001, 0x18C5, 0x0022, 0xC107, 0x0001, 0x52F4, 0x0001, 0x043F, 0x0001, 0x045E, 0x0001,
    0x041E, 0x0001, 0x033E, 0x0001, 0x047D, 0x0001, 0x055E, 0x0001, 0x051E, 0x0001, 0x049E, 0x0001,
    0x03FE, 0x0001, 0x04FE, 0x0001, 0x051E, 0x0002, 0x04FE, 0x0002, 0x053E, 0x0002, 0x049E, 0x0001,
    0x041E, 0x0002, 0x037E, 0x0001, 0x03BE, 0x0001, 0x041D, 0x0001, 0x03FD, 0x0001, 0x047F, 0x0001,
    0x0116, 0x0001, 0x025C, 0x0001, 0x031E, 0x0001, 0x02FE, 0x0001, 0x02FD, 0x0001, 0x02DD, 0x0001,
    0x021F, 0x0001, 0x608D, 0x0001, 0xF980, 0x0001, 0xF3A0, 0x0001, 0xDA20, 0x0001, 0xE900, 0x0001,
    0x4C34, 0x0001, 0x03FF, 0x0001, 0x03FD, 0x0002, 0x041E, 0x0001, 0x00B5, 0x0001, 0x031E, 0x0001,
    0x035F, 0x0002, 0x02FF, 0x0001, 0x02DE, 0x0001, 0x02FE, 0x0001, 0x01BB, 0x0001, 0x00B8, 0x0001,
    0x00F7, 0x0001, 0x02BC, 0x0001, 0x019A, 0x0001, 0x0015, 0x0001, 0x0013, 0x0001, 0x18C5, 0x0020,
    0xC000, 0x0001, 0x798F, 0x0001, 0x043F, 0x0001, 0x051F, 0x0001, 0x055D, 0x0001, 0x04BE, 0x0001,
    0x039E, 0x0001, 0x02FE, 0x0001, 0x045E, 0x0001, 0x04BE, 0x0001, 0x051E, 0x0001, 0x043E, 0x0001,
    0x03FE, 0x0001, 0x051E, 0x0001, 0x04FE, 0x0002, 0x051E, 0x0001, 0x053E, 0x0001, 0x049E, 0x0001,
    0x03BE, 0x0001, 0x035E, 0x0001, 0x03FE, 0x0001, 0x043E, 0x0001, 0x031D, 0x0001, 0x037D, 0x0001,
    0x043E, 0x0001, 0x03FD, 0x0001, 0x045F, 0x0001, 0x00F7, 0x0001, 0x02BD, 0x0001, 0x037F, 0x0001,
    0x033E, 0x0002, 0x033D, 0x0001, 0x037F, 0x0001, 0x2A97, 0x0001, 0xB8A4, 0x0001, 0xF200, 0x0001,
    0xE1C1, 0x0001, 0xF8E0, 0x0001, 0x5B93, 0x0001, 0x043F, 0x0001, 0x03FD, 0x0002, 0x045E, 0x0001,
    0x00B6, 0x0001, 0x0198, 0x0001, 0x01B0, 0x0001, 0x01AE, 0x0001, 0x00AD, 0x0001, 0x0097, 0x0001,
    0x00B7, 0x0001, 0x0097, 0x0001, 0x00B7, 0x0001, 0x01BC, 0x0001, 0x011A, 0x0001, 0x0014, 0x0002,
    0x18C5, 0x0020, 0xC000, 0x0001, 0xE0A0, 0x0001, 0x035F, 0x0001, 0x049D, 0x0001, 0x04DD, 0x0001,
    0x043E, 0x0001, 0x03FE, 0x0001, 0x03DE, 0x0001, 0x03FE, 0x0002, 0x043E, 0x0001, 0x03DD, 0x0001,
    0x01DC, 0x0001, 0x031E, 0x0001, 0x049E, 0x0001, 0x053E, 0x0002, 0x049E, 0x0001, 0x039D, 0x0001,
    0x033D, 0x0001, 0x037D, 0x0001, 0x041E, 0x0001, 0x043E, 0x0002, 0x023D, 0x0001, 0x031D, 0x0001,
    0x045E, 0x0001, 0x043F, 0x0001, 0x025B, 0x0001, 0x0034, 0x0001, 0x00D6, 0x0001, 0x0138, 0x0001,
    0x021D, 0x0001, 0x01FC, 0x0002, 0x01DB, 0x0001, 0x025F, 0x0001, 0x5089, 0x0001, 0xE9E0, 0x0001,
    0xFA20, 0x0001, 0xAA09, 0x0001, 0x1BDB, 0x0001, 0x037E, 0x0001, 0x03FD, 0x0001, 0x045E, 0x0001,
    0x033E, 0x0001, 0x0036, 0x0001, 0x0003, 0x0001, 0x0001, 0x0001, 0x004F, 0x0001, 0x00F0, 0x0001,
    0x00D8, 0x0001, 0x00D7, 0x0001, 0x017B, 0x0001, 0x01BD, 0x0001, 0x017B, 0x0001, 0x01DE, 0x0001,
    0x00B8, 0x0001, 0x18C5, 0x0021, 0xF0A0, 0x0001, 0xF280, 0x0001, 0x131B, 0x0001, 0x041E, 0x0002,
    0x03FE, 0x0002, 0x041E, 0x0003, 0x031D, 0x0001, 0x025D, 0x0001, 0x0138, 0x0001, 0x013A, 0x0001,
    0x023D, 0x0001, 0x021C, 0x0001, 0x02DD, 0x0001, 0x035E, 0x0001, 0x03DE, 0x0001, 0x043E, 0x0001,
    0x047E, 0x0001, 0x041E, 0x0001, 0x03FF, 0x0001, 0x023B, 0x0001, 0x0076, 0x0001, 0x035E, 0x0001,
    0x041F, 0x0001, 0x023A, 0x0001, 0x0076, 0x0001, 0x015B, 0x0001, 0x011A, 0x0001, 0x025C, 0x0001,
    0x029E, 0x0003, 0x029D, 0x0001, 0x02DF, 0x0001, 0x50AA, 0x0001, 0xE2C0, 0x0001, 0xFAA0, 0x0001,
    0x7A8E, 0x0001, 0x047F, 0x0001, 0x033D, 0x0001, 0x043E, 0x0001, 0x035D, 0x0001, 0x0076, 0x0001,
    0x6803, 0x0001, 0x7023, 0x0001, 0x0813, 0x0001, 0x011C, 0x0001, 0x01DF, 0x0001, 0x01BE, 0x0002,
    0x019D, 0x0003, 0x08F7, 0x0001, 0x0014, 0x0001, 0x18C5, 0x0002, 0xE140, 0x0001, 0xC940, 0x0001,
    0x18C5, 0x0003, 0xF1C0, 0x0001, 0xB8C0, 0x0001, 0x18C5, 0x0017, 0xD100, 0x0001, 0xFA60, 0x0001,
    0xEA80, 0x0001, 0x037E, 0x0001, 0x041D, 0x0001, 0x041E, 0x0001, 0x03FE, 0x0001, 0x043E, 0x0001,
    0x041E, 0x0001, 0x03BE, 0x0001, 0x03FE, 0x0001, 0x041D, 0x0001, 0x029F, 0x0001, 0x0049, 0x0001,
    0x0193, 0x0001, 0x031F, 0x0001, 0x03FE, 0x0001, 0x041F, 0x0001, 0x03DE, 0x0001, 0x035D, 0x0002,
    0x02FD, 0x0001, 0x019C, 0x0001, 0x0016, 0x0001, 0x000E, 0x0001, 0x0000, 0x0001, 0x000F, 0x0001,
    0x0013, 0x0001, 0x0000, 0x0002, 0x000E, 0x0001, 0x0036, 0x0001, 0x0034, 0x0006, 0x0014, 0x0001,
    0xC942, 0x0001, 0xFA40, 0x0001, 0x826D, 0x0001, 0x045F, 0x0001, 0x035C, 0x0001, 0x02BD, 0x0001,
    0x017B, 0x0001, 0x000A, 0x0001, 0x6801, 0x0001, 0xC000, 0x0001, 0xB800, 0x0001, 0x500A, 0x0001,
    0x2011, 0x0001, 0x2136, 0x0003, 0x2137, 0x0001, 0x400D, 0x0001, 0xA800, 0x0001, 0x18C5, 0x0003,
    0xF1C0, 0x0001, 0xE180, 0x0001, 0x18C5, 0x0003, 0xFAC0, 0x0001, 0xC080, 0x0001, 0x18C5, 0x0017,
    0xF1C0, 0x0001, 0xEA00, 0x0001, 0xE9A0, 0x0001, 0x4A53, 0x0001, 0x03FF, 0x0001, 0x03FD, 0x0001,
    0x043E, 0x0001, 0x033D, 0x0001, 0x033E, 0x0001, 0x02FE, 0x0001, 0x03FD, 0x0001, 0x03DD, 0x0001,
    0x01BD, 0x0001, 0x0009, 0x0001, 0x000C, 0x0001, 0x00DB, 0x0001, 0x01DC, 0x0001, 0x01FC, 0x0001,
    0x011B, 0x0001, 0x0013, 0x0001, 0x0012, 0x0002, 0x0013, 0x0001, 0x18C5, 0x0010, 0x9800, 0x0001,
    0xF8E0, 0x0001, 0x82ED, 0x0001, 0x043F, 0x0001, 0x029C, 0x0001, 0x025C, 0x0001, 0x027C, 0x0001,
    0x02BE, 0x0001, 0x01FC, 0x0001, 0x608A, 0x0001, 0xB000, 0x0001, 0xB800, 0x0004, 0xC000, 0x0001,
    0xB800, 0x0001, 0xA000, 0x0001, 0x18C5, 0x0004, 0xFA60, 0x0001, 0xD120, 0x0001, 0x18C5, 0x0002,
    0xF260, 0x0001, 0xEA00, 0x0001, 0xB000, 0x0001, 0x18C5, 0x0016, 0xC820, 0x0001, 0xFA20, 0x0001,
    0xD8C0, 0x0001, 0xE8C0, 0x0001, 0xE000, 0x0001, 0x5AD3, 0x0001, 0x049F, 0x0001, 0x02DD, 0x0001,
    0x025D, 0x0001, 0x039E, 0x0001, 0x03FE, 0x0001, 0x045E, 0x0001, 0x02FF, 0x0001, 0x0058, 0x0001,
    0x18C5, 0x001B, 0xE0C0, 0x0001, 0x7AAE, 0x0001, 0x033F, 0x0001, 0x0C7D, 0x0001, 0x045E, 0x0001,
    0x047F, 0x0001, 0x041F, 0x0001, 0x72B0, 0x0001, 0x88AA, 0x0001, 0xC880, 0x0001, 0xA000, 0x0001,
    0xA800, 0x0002, 0xB000, 0x0001, 0xA800, 0x0001, 0x7800, 0x0001, 0x18C5, 0x0004, 0xF180, 0x0001,
    0xE9E0, 0x0001, 0xB000, 0x0001, 0xC000, 0x0002, 0xE100, 0x0001, 0xD8E0, 0x0001, 0x18C5, 0x0016,
    0xC800, 0x0001, 0xE020, 0x0001, 0xF9A0, 0x0001, 0xC880, 0x0001, 0xC840, 0x0001, 0xE920, 0x0001,
    0xE9A0, 0x0001, 0xB946, 0x0001, 0x2A17, 0x0001, 0x025E, 0x0001, 0x03BE, 0x0001, 0x043E, 0x0001,
    0x039F, 0x0001, 0x88A8, 0x0001, 0x6802, 0x0001, 0x18C5, 0x001B, 0xA0E0, 0x0001, 0xEA62, 0x0001,
    0x3A56, 0x0001, 0x041F, 0x0001, 0x03DF, 0x0001, 0x5273, 0x0001, 0xCA86, 0x0001, 0xF260, 0x0001,
    0xF9A0, 0x0001, 0xE1A0, 0x0001, 0xB000, 0x0002, 0xA000, 0x0001, 0x9000, 0x0001, 0x18C5, 0x0005,
    0xF1A0, 0x0001, 0xFAA0, 0x0001, 0xE9E0, 0x0001, 0xF280, 0x0001, 0xF220, 0x0001, 0xC840, 0x0001,
    0xE0E0, 0x0001, 0x18C5, 0x0016, 0xA000, 0x0001, 0xF100, 0x0001, 0xE060, 0x0001, 0xD0E0, 0x0001,
    0xD100, 0x0001, 0xF1A0, 0x0001, 0xC080, 0x0001, 0xC060, 0x0001, 0xF0A0, 0x0001, 0xE180, 0x0001,
    0xD921, 0x0001, 0xE961, 0x0001, 0xD0C1, 0x0001, 0xB021, 0x0001, 0x8800, 0x0001, 0x18C5, 0x001C,
    0x9020, 0x0001, 0xFA20, 0x0001, 0xF220, 0x0001, 0x32F8, 0x0001, 0x4275, 0x0001, 0xF080, 0x0001,
    0xFA20, 0x0001, 0xE2A0, 0x0001, 0xF2A0, 0x0001, 0xE0E0, 0x0001, 0xD060, 0x0001, 0xB800, 0x0001,
    0x9000, 0x0001, 0x18C5, 0x0005, 0xF180, 0x0001, 0xFB00, 0x0001, 0xE200, 0x0001, 0xA020, 0x0001,
    0xB040, 0x0001, 0xEAA0, 0x0001, 0xE0E0, 0x0001, 0xE920, 0x0001, 0x18C5, 0x0016, 0xE880, 0x0001,
    0xF960, 0x0001, 0xB800, 0x0001, 0xB820, 0x0001, 0xE8E0, 0x0001, 0xE0E0, 0x0001, 0xD900, 0x0001,
    0xE120, 0x0001, 0xD060, 0x0001, 0xA800, 0x0001, 0xA000, 0x0001, 0xB000, 0x0001, 0x9000, 0x0001,
    0x7800, 0x0001, 0x18C5, 0x001D, 0xB000, 0x0001, 0xF1E0, 0x0001, 0xF380, 0x0001, 0xFAC0, 0x0001,
    0xF1E0, 0x0001, 0xF2C0, 0x0001, 0xE1E0, 0x0001, 0xD860, 0x0001, 0xF260, 0x0001, 0xF2C0, 0x0001,
    0xF240, 0x0001, 0xE180, 0x0001, 0xF200, 0x0001, 0xD8C0, 0x0001, 0xB8A0, 0x0001, 0x18C5, 0x0002,
    0xE0E0, 0x0001, 0xFB00, 0x0001, 0xEAE0, 0x0001, 0xA800, 0x0001, 0xC100, 0x0001, 0xD8C0, 0x0001,
    0xE1C0, 0x0001, 0xEAE0, 0x0001, 0xD000, 0x0001, 0x18C5, 0x0015, 0x9800, 0x0001, 0xE060, 0x0001,
    0xF180, 0x0001, 0xC8C0, 0x0001, 0xB820, 0x0001, 0xE8E0, 0x0001, 0xE000, 0x0001, 0xB800, 0x0001,
    0x8800, 0x0001, 0x18C5, 0x0023, 0xB040, 0x0001, 0xD920, 0x0001, 0xFA00, 0x0001, 0xEAC0, 0x0001,
    0xD040, 0x0001, 0xF320, 0x0001, 0xE220, 0x0001, 0xEA20, 0x0001, 0xF200, 0x0001, 0xEAA0, 0x0002,
    0xF220, 0x0001, 0xEA40, 0x0001, 0xF240, 0x0001, 0xFB40, 0x0001, 0xFAA0, 0x0001, 0xE0E0, 0x0001,
    0xF240, 0x0001, 0xEB20, 0x0001, 0xEAC0, 0x0001, 0xD860, 0x0001, 0xF9A0, 0x0001, 0xF1A0, 0x0001,
    0xB020, 0x0001, 0xB900, 0x0001, 0xB000, 0x0001, 0x18C5, 0x0013, 0xA800, 0x0001, 0xB000, 0x0001,
    0xC000, 0x0001, 0xD8A0, 0x0001, 0xE0A0, 0x0001, 0xC860, 0x0001, 0xC820, 0x0001, 0xB8A0, 0x0001,
    0x18C5, 0x0028, 0xA000, 0x0001, 0xC0A0, 0x0001, 0xC000, 0x0001, 0xD880, 0x0001, 0xE0C0, 0x0001,
    0xF2C0, 0x0001, 0xF2A0, 0x0001, 0xFA20, 0x0001, 0xF9E0, 0x0001, 0xFA40, 0x0001, 0xF1A0, 0x0001,
    0xF260, 0x0001, 0xF1C0, 0x0001, 0xF200, 0x0001, 0xFB00, 0x0001, 0xF340, 0x0001, 0xF320, 0x0001,
    0xE9E0, 0x0001, 0xD040, 0x0001, 0xF180, 0x0001, 0xF980, 0x0001, 0xB040, 0x0001, 0x9800, 0x0001,
    0x18C5, 0x0013, 0xC020, 0x0001, 0xC860, 0x0001, 0xF2C0, 0x0001, 0xE9A0, 0x0001, 0xC020, 0x0001,
    0x9000, 0x0001, 0x7800, 0x0001, 0x18C5, 0x002D, 0x8800, 0x0001, 0x8820, 0x0001, 0xB040, 0x0001,
    0xB060, 0x0001, 0xA040, 0x0001, 0xB000, 0x0001, 0xC040, 0x0001, 0xD040, 0x0001, 0xD020, 0x0001,
    0xE1A0, 0x0001, 0xE9A0, 0x0001, 0xE2A0, 0x0001, 0xF2A0, 0x0001, 0xEAE0, 0x0001, 0xD080, 0x0001,
    0xE920, 0x0001, 0xD8C0, 0x0001, 0xD8A0, 0x0001, 0xF260, 0x0001, 0xF2E0, 0x0001, 0xF940, 0x0001,
    0x18C5, 0x0011, 0xF180, 0x0001, 0xF2A0, 0x0001, 0xEBE0, 0x0001, 0xFB60, 0x0001, 0xF0E0, 0x0001,
    0xA000, 0x0001, 0x18C5, 0x0033, 0x0000, 0x0003, 0xA800, 0x0001, 0xB000, 0x0001, 0x9000, 0x0001,
    0x8000, 0x0001, 0x9000, 0x0001, 0xB000, 0x0001, 0x9000, 0x0001, 0xA000, 0x0001, 0xB000, 0x0001,
    0xA000, 0x0001, 0x7000, 0x0001, 0xA800, 0x0001, 0xF140, 0x0001, 0xFAE0, 0x0002, 0x18C5, 0x000E,
    0xD140, 0x0001, 0xFB40, 0x0001, 0xF440, 0x0001, 0xEB80, 0x0001, 0xF3C0, 0x0001, 0xE180, 0x0001,
    0xB860, 0x0001, 0x18C5, 0x0037, 0x7800, 0x0001, 0x7000, 0x0001, 0x7800, 0x0001, 0x8000, 0x0001,
    0x7800, 0x0001, 0x7000, 0x0001, 0x7800, 0x0002, 0x7000, 0x0001, 0x8800, 0x0001, 0x18C5, 0x0002,
    0xA000, 0x0001, 0xB880, 0x0001, 0xE1E0, 0x0001, 0xD840, 0x0001, 0x18C5, 0x000B, 0xE0A0, 0x0001,
    0xFB00, 0x0001, 0xF400, 0x0001, 0xEB80, 0x0001, 0xEB60, 0x0001, 0xFB00, 0x0001, 0xD100, 0x0001,
    0x18C5, 0x0047, 0x9000, 0x0001, 0x9800, 0x0001, 0x18C5, 0x0009, 0xD040, 0x0001, 0xF1C0, 0x0001,
    0xFBA0, 0x0001, 0xEC40, 0x0001, 0xEB00, 0x0001, 0xEB60, 0x0001, 0xF440, 0x0001, 0xD9A0, 0x0001,
    0x18C5, 0x0052, 0xF1A0, 0x0001, 0xFBC0, 0x0001, 0xF360, 0x0001, 0xF320, 0x0001, 0xF300, 0x0001,
    0xEA00, 0x0001, 0xFA20, 0x0001, 0xE9C0, 0x0001, 0x18C5, 0x0052, 0xF9C0, 0x0001, 0xFBC0, 0x0001,
    0xEC20, 0x0002, 0xF340, 0x0001, 0xEBE0, 0x0001, 0xF4C0, 0x0001, 0xFB00, 0x0001, 0xA860, 0x0001,
    0x18C5, 0x0051, 0xD880, 0x0001, 0xFB20, 0x0001, 0xEC00, 0x0001, 0xF400, 0x0001, 0xF2A0, 0x0001,
    0xF3C0, 0x0001, 0xF300, 0x0001, 0xF180, 0x0001, 0xC0E0, 0x0001, 0x18C5, 0x0052, 0xC860, 0x0001,
    0xF1C0, 0x0002, 0xE9E0, 0x0001, 0xD040, 0x0001, 0xC8C0, 0x0001, 0xA820, 0x0001, 0x18C5, 0x0051,
    0x18C5, 0x00F1, 0xD820, 0x0001, 0x18C5, 0x0006, 0xF120, 0x0001, 0x18C5, 0x0052, 0xC800, 0x0001,
    0xF9A0, 0x0001, 0xC040, 0x0001, 0x18C5, 0x0004, 0xD160, 0x0001, 0xF940, 0x0001, 0x18C5, 0x0052,
    0xC800, 0x0001, 0xFA60, 0x0001, 0xD060, 0x0001, 0x18C5, 0x0004, 0xC900, 0x0001, 0xEA00, 0x0001,
    0x18C5, 0x0052, 0xC800, 0x0001, 0xFA40, 0x0001, 0xD060, 0x0001, 0x18C5, 0x0004, 0xE9E0, 0x0001,
    0xF1C0, 0x0001, 0x18C5, 0x0052, 0xC000, 0x0001, 0xFA40, 0x0001, 0xB020, 0x0001, 0x18C5, 0x0001,
    0xD040, 0x0001, 0xC040, 0x0001, 0xB060, 0x0001, 0xFA60, 0x0001, 0xC000, 0x0001, 0x18C5, 0x0052,
    0xD040, 0x0001, 0xFA60, 0x0001, 0xC8C0, 0x0001, 0xE980, 0x0001, 0xC960, 0x0001, 0xD1C0, 0x0001,
    0xD180, 0x0001, 0xE160, 0x0001, 0x18C5, 0x0053, 0xF940, 0x0001, 0xF320, 0x0001, 0xF260, 0x0001,
    0xD100, 0x0001, 0xEAC0, 0x0001, 0xC8A0, 0x0001, 0xF240, 0x0001, 0xD000, 0x0001, 0x18C5, 0x0053,
    0xFA80, 0x0001, 0xF340, 0x0001, 0xEAC0, 0x0001, 0xEA60, 0x0001, 0xF340, 0x0001, 0xEA80, 0x0001,
    0xF280, 0x0001, 0xB000, 0x0001, 0x18C5, 0x0052, 0xE0C0, 0x0001, 0xEA80, 0x0001, 0xF300, 0x0002,
    0xF320, 0x0001, 0xEAE0, 0x0001, 0xF320, 0x0001, 0xB860, 0x0001, 0x18C5, 0x0053, 0xD800, 0x0001,
    0xE1A0, 0x0001, 0xF240, 0x0001, 0xF320, 0x0001, 0xF2E0, 0x0001, 0xEAE0, 0x0001, 0xF300, 0x0001,
    0xD880, 0x0001, 0x18C5, 0x0052, 0xF1A0, 0x0001, 0xEA80, 0x0001, 0xF2E0, 0x0001, 0xEA00, 0x0001,
    0xE180, 0x0001, 0xF320, 0x0001, 0xEAE0, 0x0001, 0xF320, 0x0001, 0xF2A0, 0x0001, 0xE0E0, 0x0001,
    0xD800, 0x0001, 0x18C5, 0x004E, 0xD000, 0x0001, 0xE9A0, 0x0001, 0xF280, 0x0001, 0xEA80, 0x0001,
    0xF220, 0x0002, 0xD000, 0x0001, 0xF220, 0x0001, 0xFB20, 0x0001, 0xFA00, 0x0001, 0xF9E0, 0x0001,
    0xFAA0, 0x0001, 0xFA40, 0x0001, 0xF2C0, 0x0001, 0xE9C0, 0x0001, 0x18C5, 0x004A, 0xB880, 0x0001,
    0xD900, 0x0001, 0xFA40, 0x0001, 0xF200, 0x0001, 0xEA00, 0x0001, 0xE140, 0x0001, 0xEA60, 0x0001,
    0xC020, 0x0001, 0x18C5, 0x0002, 0xD020, 0x0001, 0xD000, 0x0001, 0xB000, 0x0001, 0xB840, 0x0001,
    0xD060, 0x0001, 0xD9E0, 0x0001, 0xFB20, 0x0001, 0xB860, 0x0001, 0x18C5, 0x0047, 0xC900, 0x0001,
    0xE900, 0x0001, 0xF240, 0x0001, 0xF1E0, 0x0001, 0xF220, 0x0001, 0xF2A0, 0x0001, 0xFA20, 0x0001,
    0xE180, 0x0001, 0x18C5, 0x000A, 0xF280, 0x0001, 0xF9C0, 0x0001, 0x18C5, 0x0046, 0xC000, 0x0001,
    0xF980, 0x0001, 0xE100, 0x0001, 0xF260, 0x0001, 0xF360, 0x0001, 0xF2C0, 0x0001, 0xE0C0, 0x0001,
    0xFA80, 0x0001, 0xB000, 0x0001, 0x18C5, 0x0051, 0xB8A0, 0x0001, 0xF1E0, 0x0001, 0xEA00, 0x0001,
    0xEA20, 0x0001, 0xD0C0, 0x0001, 0xE1A0, 0x0001, 0xE1C0, 0x0001, 0xE1E0, 0x0001, 0xC0C0, 0x0001,
    0x18C5, 0x0051, 0xB000, 0x0001, 0xE080, 0x0001, 0xF280, 0x0001, 0xFAC0, 0x0001, 0xB923, 0x0001,
    0x0BDE, 0x0001, 0x4A53, 0x0001, 0xE920, 0x0001, 0xF2C0, 0x0001, 0xA800, 0x0001, 0x18C5, 0x0050,
    0xA800, 0x0001, 0xD140, 0x0001, 0xF2E0, 0x0001, 0xF200, 0x0001, 0xB146, 0x0001, 0x0B9C, 0x0001,
    0x043E, 0x0001, 0x049F, 0x0001, 0x5293, 0x0001, 0xD802, 0x0001, 0x18C5, 0x0050, 0xA800, 0x0001,
    0xE960, 0x0001, 0xE1A0, 0x0001, 0xEBA0, 0x0001, 0xF0E0, 0x0001, 0x22B7, 0x0001, 0x049F, 0x0001,
    0x03DD, 0x0001, 0x035D, 0x0001, 0x021E, 0x0001, 0x7889, 0x0001, 0x18C5, 0x0051, 0xC0E0, 0x0001,
    0xE9A0, 0x0001, 0xE140, 0x0001, 0xF300, 0x0001, 0xC104, 0x0001, 0x137A, 0x0001, 0x041F, 0x0001,
    0x00FA, 0x0001, 0x0012, 0x0001, 0x18C5, 0x0053, 0x90C0, 0x0001, 0xD9C0, 0x0001, 0xD160, 0x0001,
    0xFB00, 0x0001, 0xC902, 0x0001, 0x135B, 0x0001, 0x043F, 0x0001, 0x02DD, 0x0001, 0x18C5, 0x0054,
    0x90E0, 0x0001, 0xE9C0, 0x0001, 0xD960, 0x0001, 0xFB00, 0x0001, 0xC902, 0x0001, 0x1B9A, 0x0001,
    0x047F, 0x0001, 0x039F, 0x0001, 0x035E, 0x0001, 0x18C5, 0x0053, 0x9900, 0x0001, 0xE1C0, 0x0001,
    0xD960, 0x0001, 0xFAC0, 0x0001, 0xC843, 0x0001, 0x1B7A, 0x0001, 0x045F, 0x0001, 0x03FD, 0x0001,
    0x03BF, 0x0001, 0x023E, 0x0001, 0x18C5, 0x0052, 0xB0C0, 0x0001, 0xE9E0, 0x0001, 0xEA00, 0x0001,
    0xFAC0, 0x0001, 0xC8E3, 0x0001, 0x1B5A, 0x0001, 0x043F, 0x0001, 0x045D, 0x0001, 0x039F, 0x0001,
    0x01BC, 0x0001, 0x18C5, 0x0051, 0x7000, 0x0001, 0xD040, 0x0001, 0xD8A0, 0x0001, 0xEB20, 0x0001,
    0xFAE0, 0x0001, 0xE1E1, 0x0001, 0x1B7A, 0x0001, 0x043F, 0x0001, 0x047F, 0x0001, 0x025F, 0x0001,
    0x18C5, 0x0052, 0xA040, 0x0001, 0xF280, 0x0001, 0xE0E0, 0x0001, 0xF340, 0x0001, 0xFB00, 0x0001,
    0xC862, 0x0001, 0x3A75, 0x0001, 0x3A94, 0x0001, 0x30F3, 0x0001, 0x18C5, 0x0053, 0xE9E0, 0x0001,
    0xE980, 0x0001, 0xE1E0, 0x0001, 0xF2A0, 0x0001, 0xF200, 0x0001, 0xE800, 0x0001, 0xB800, 0x0001,
    0xD940, 0x0001, 0xF8C0, 0x0001, 0xC800, 0x0001, 0xD000, 0x0001, 0xB000, 0x0001, 0x18C5, 0x004F,
    0x9800, 0x0001, 0xE9A0, 0x0001, 0xD940, 0x0001, 0xE9E0, 0x0001, 0xF320, 0x0001, 0xEAC0, 0x0001,
    0xD100, 0x0001, 0xB8C0, 0x0001, 0xF2C0, 0x0001, 0xE080, 0x0001, 0xE8E0, 0x0001, 0xFA80, 0x0001,
    0xD020, 0x0001, 0xA800, 0x0001, 0x18C5, 0x004E, 0xB020, 0x0001, 0xD9A0, 0x0001, 0xFA40, 0x0001,
    0xEA80, 0x0001, 0xEB40, 0x0001, 0xF320, 0x0001, 0xD080, 0x0001, 0xD060, 0x0001, 0xF360, 0x0001,
    0xD9A0, 0x0001, 0xEA40, 0x0001, 0xFB00, 0x0001, 0xE900, 0x0001, 0x18C5, 0x004F, 0xA000, 0x0001,
    0xE9C0, 0x0001, 0xF260, 0x0001, 0xEA60, 0x0001, 0xF2C0, 0x0001, 0xF340, 0x0001, 0xD060, 0x0001,
    0xF280, 0x0002, 0xE980, 0x0001, 0xF2A0, 0x0001, 0xF2C0, 0x0001, 0xC060, 0x0001, 0x18C5, 0x0050,
    0xE100, 0x0001, 0xF120, 0x0001, 0xF260, 0x0001, 0xEA00, 0x0001, 0xE0C0, 0x0001, 0xF180, 0x0001,
    0xF220, 0x0002, 0xF180, 0x0001, 0xF1C0, 0x0001, 0xE040, 0x0001, 0x18C5, 0x004D, 0x03DF, 0x0001,
    0x03BF, 0x0001, 0x049F, 0x0001, 0x2236, 0x0001, 0x7069, 0x0001, 0xFA60, 0x0001, 0xEA60, 0x0001,
    0xF2A0, 0x0001, 0xF2C0, 0x0001, 0xF340, 0x0001, 0xF320, 0x0001, 0xF1C0, 0x0001, 0xF240, 0x0001,
    0xD860, 0x0001, 0x18C5, 0x004B, 0x21B8, 0x0001, 0x12FC, 0x0001, 0x6393, 0x0001, 0xFBE2, 0x0001,
    0x2CDA, 0x0001, 0x04DF, 0x0001, 0x6211, 0x0001, 0xF9A0, 0x0001, 0xEBA0, 0x0001, 0xEBC0, 0x0001,
    0xF340, 0x0001, 0xF3E0, 0x0001, 0xF280, 0x0001, 0xE940, 0x0001, 0xE0A0, 0x0001, 0xD0E0, 0x0001,
    0x18C5, 0x0049, 0xD9A0, 0x0001, 0xF9C0, 0x0001, 0xFB20, 0x0002, 0xEB40, 0x0001, 0xBB88, 0x0001,
    0x1C5A, 0x0001, 0x0B9C, 0x0001, 0xFA60, 0x0001, 0xEC40, 0x0001, 0xF3A0, 0x0001, 0xF360, 0x0001,
    0xF3C0, 0x0001, 0xF320, 0x0001, 0xF3A0, 0x0001, 0xF360, 0x0001, 0xE860, 0x0001, 0x18C5, 0x0048,
    0xF0C0, 0x0001, 0xFA00, 0x0001, 0xFC40, 0x0001, 0xF440, 0x0001, 0x74AF, 0x0001, 0x7CB0, 0x0001,
    0x3CF6, 0x0001, 0x057F, 0x0001, 0x053E, 0x0001, 0x8BAC, 0x0001, 0xF3E0, 0x0001, 0xEC40, 0x0001,
    0xF320, 0x0001, 0xF400, 0x0002, 0xF420, 0x0001, 0xF380, 0x0001, 0xF3C0, 0x0001, 0xFB00, 0x0001,
    0xE040, 0x0001, 0x18C5, 0x0046, 0xE980, 0x0001, 0xFB80, 0x0001, 0xF420, 0x0001, 0xEC00, 0x0001,
    0xFB60, 0x0001, 0xA369, 0x0001, 0x045F, 0x0002, 0x043D, 0x0002, 0xF9E0, 0x0001, 0xF200, 0x0001,
    0xF2C0, 0x0001, 0xF320, 0x0001, 0xF340, 0x0001, 0xF400, 0x0001, 0xF3E0, 0x0001, 0xF420, 0x0001,
    0xEB20, 0x0001, 0xF400, 0x0001, 0xF940, 0x0001, 0x18C5, 0x0005, 0xC800, 0x0001, 0xF940, 0x0001,
    0xF180, 0x0001, 0xE860, 0x0001, 0x18C5, 0x003C, 0xFA40, 0x0001, 0xF3A0, 0x0001, 0xEC20, 0x0001,
    0xF300, 0x0003, 0xD303, 0x0001, 0x043F, 0x0001, 0x04FE, 0x0001, 0x04DD, 0x0002, 0xE3A1, 0x0001,
    0xF3A0, 0x0001, 0xF320, 0x0001, 0xF3A0, 0x0001, 0xF300, 0x0001, 0xF1C0, 0x0001, 0xF280, 0x0001,
    0xF2C0, 0x0001, 0xF360, 0x0001, 0xEC40, 0x0001, 0xF300, 0x0001, 0xE040, 0x0001, 0x18C5, 0x0003,
    0xF920, 0x0001, 0xF320, 0x0001, 0xFB20, 0x0001, 0xFC00, 0x0001, 0xFC20, 0x0001, 0xF240, 0x0001,
    0xD060, 0x0001, 0x18C5, 0x0039, 0xE960, 0x0001, 0xF2C0, 0x0001, 0xEB40, 0x0001, 0xF2E0, 0x0002,
    0xEBA0, 0x0001, 0xF420, 0x0001, 0x54D4, 0x0001, 0x4CF6, 0x0001, 0x2519, 0x0001, 0x053F, 0x0001,
    0x051D, 0x0001, 0xE421, 0x0001, 0xF400, 0x0001, 0xF440, 0x0001, 0xF320, 0x0001, 0xF3C0, 0x0001,
    0xF400, 0x0001, 0xF3A0, 0x0001, 0xF260, 0x0001, 0xF1A0, 0x0001, 0xF2C0, 0x0001, 0xF400, 0x0001,
    0xE8E0, 0x0001, 0x18C5, 0x0002, 0xF1E0, 0x0001, 0xF400, 0x0001, 0xEB40, 0x0001, 0xFC40, 0x0001,
    0xE360, 0x0001, 0xBAE0, 0x0001, 0xF3E0, 0x0001, 0xF400, 0x0001, 0xF9C0, 0x0001, 0xD8A0, 0x0001,
    0x18C5, 0x0036, 0xF1C0, 0x0001, 0xF220, 0x0001, 0xEAC0, 0x0001, 0xF3A0, 0x0001, 0xF360, 0x0001,
    0xEBA0, 0x0001, 0xFC20, 0x0001, 0xFB60, 0x0001, 0xFB20, 0x0001, 0xFB40, 0x0001, 0xD384, 0x0001,
    0x2CB9, 0x0001, 0x051E, 0x0001, 0xEC00, 0x0001, 0xF400, 0x0001, 0xF3A0, 0x0001, 0xF360, 0x0001,
    0xF400, 0x0002, 0xF420, 0x0001, 0xF3E0, 0x0001, 0xF3C0, 0x0001, 0xE9E0, 0x0001, 0xEA40, 0x0001,
    0xE140, 0x0001, 0x18C5, 0x0001, 0xD880, 0x0001, 0xF3C0, 0x0001, 0xEC20, 0x0001, 0xF360, 0x0001,
    0xD9C0, 0x0001, 0x2000, 0x0001, 0x6800, 0x0001, 0xFB00, 0x0001, 0xEB60, 0x0001, 0xF380, 0x0001,
    0xFAC0, 0x0001, 0xC080, 0x0001, 0x18C5, 0x0034, 0xE0E0, 0x0001, 0xE920, 0x0001, 0xEAE0, 0x0001,
    0xF3C0, 0x0001, 0xF360, 0x0001, 0xF400, 0x0001, 0xFBE0, 0x0001, 0xA44A, 0x0001, 0x4497, 0x0001,
    0x4C54, 0x0001, 0xEBC0, 0x0001, 0xFB00, 0x0001, 0x6411, 0x0001, 0x053F, 0x0001, 0xEC00, 0x0001,
    0xF420, 0x0001, 0xF340, 0x0001, 0xF3A0, 0x0001, 0xF360, 0x0001, 0xF320, 0x0001, 0xF340, 0x0001,
    0xF2E0, 0x0001, 0xF360, 0x0001, 0xEC00, 0x0001, 0xD9A0, 0x0001, 0xD060, 0x0001, 0x9000, 0x0001,
    0xE9A0, 0x0001, 0xF400, 0x0001, 0xF3C0, 0x0001, 0xD900, 0x0001, 0x3001, 0x0001, 0x8C92, 0x0001,
    0x51C5, 0x0001, 0xC100, 0x0001, 0xFBE0, 0x0001, 0xEB20, 0x0001, 0xF3C0, 0x0001, 0xD920, 0x0001,
    0x18C5, 0x0034, 0xF0C0, 0x0001, 0xE240, 0x0001, 0xFB60, 0x0001, 0xEC00, 0x0001, 0xE402, 0x0001,
    0xDC23, 0x0001, 0xD404, 0x0001, 0xEBE2, 0x0001, 0x3CD7, 0x0001, 0x055F, 0x0001, 0x3CD6, 0x0001,
    0xE3E3, 0x0001, 0x4CD4, 0x0001, 0x051F, 0x0001, 0xE1E1, 0x0001, 0xF260, 0x0001, 0xF340, 0x0001,
    0xF300, 0x0001, 0xF3A0, 0x0001, 0xF3E0, 0x0002, 0xF320, 0x0001, 0xF380, 0x0001, 0xF340, 0x0001,
    0xEB20, 0x0001, 0xF1A0, 0x0001, 0x9000, 0x0001, 0xD0C0, 0x0001, 0xF3C0, 0x0001, 0xD140, 0x0001,
    0x2800, 0x0001, 0x9D55, 0x0001, 0xFFFF, 0x0001, 0xD71C, 0x0001, 0x4186, 0x0001, 0xD140, 0x0001,
    0xF420, 0x0001, 0xF260, 0x0001, 0xA060, 0x0001, 0x18C5, 0x0033, 0x694E, 0x0001, 0xE262, 0x0001,
    0xFB20, 0x0001, 0xA389, 0x0001, 0xFBE0, 0x0001, 0x44B5, 0x0001, 0x053F, 0x0001, 0x5C91, 0x0001,
    0xFBC0, 0x0001, 0x5C92, 0x0001, 0x051F, 0x0001, 0x053E, 0x0001, 0x04FE, 0x0001, 0x04BE, 0x0001,
    0x03FD, 0x0001, 0xFAE0, 0x0001, 0xF400, 0x0003, 0xF340, 0x0001, 0xF3E0, 0x0001, 0xF440, 0x0001,
    0xF380, 0x0001, 0xF3A0, 0x0001, 0xF400, 0x0001, 0xF3C0, 0x0001, 0xF280, 0x0001, 0xA000, 0x0001,
    0xA880, 0x0001, 0xFCC0, 0x0001, 0xC960, 0x0001, 0x1800, 0x0001, 0xCEBA, 0x0001, 0xF79E, 0x0001,
    0xFFBE, 0x0001, 0xDEFC, 0x0001, 0xD2C9, 0x0001, 0xF380, 0x0001, 0xF8E0, 0x0001, 0x18C5, 0x0034,
    0x2BBC, 0x0001, 0xF2E1, 0x0001, 0x7B6E, 0x0001, 0x8BAD, 0x0001, 0xCC25, 0x0001, 0x1CFB, 0x0001,
    0x0CFC, 0x0001, 0xFBC0, 0x0001, 0xCC25, 0x0001, 0x2CF9, 0x0001, 0x051E, 0x0001, 0x047D, 0x0002,
    0x047E, 0x0002, 0x8C0C, 0x0001, 0xF400, 0x0001, 0xEBE0, 0x0001, 0xF400, 0x0002, 0xF300, 0x0001,
    0xF360, 0x0001, 0xF380, 0x0001, 0xF2E0, 0x0001, 0xF380, 0x0001, 0xF420, 0x0001, 0xF380, 0x0001,
    0xC040, 0x0001, 0x8000, 0x0001, 0xF2C0, 0x0001, 0xD960, 0x0001, 0x2000, 0x0001, 0xCE9A, 0x0001,
    0xFFDF, 0x0001, 0xEF7D, 0x0001, 0xFFFF, 0x0001, 0x73EE, 0x0001, 0xFB20, 0x0001, 0x98E0, 0x0001,
    0x18C5, 0x0034, 0xF281, 0x0001, 0x73B0, 0x0001, 0x0BDC, 0x0001, 0xEB41, 0x0001, 0x153C, 0x0001,
    0x051E, 0x0001, 0x051D, 0x0001, 0x4CB5, 0x0001, 0x1CFA, 0x0001, 0x053F, 0x0001, 0x047D, 0x0001,
    0x049E, 0x0001, 0x04DE, 0x0001, 0x053D, 0x0001, 0x053F, 0x0001, 0x14DB, 0x0001, 0xFB60, 0x0001,
    0xEC00, 0x0002, 0xF320, 0x0002, 0xF3A0, 0x0001, 0xF380, 0x0001, 0xF320, 0x0001, 0xF360, 0x0001,
    0xEBA0, 0x0001, 0xF380, 0x0001, 0xB880, 0x0002, 0xB120, 0x0001, 0xFA20, 0x0001, 0x1800, 0x0001,
    0x3228, 0x0001, 0xE71C, 0x0001, 0xFFFF, 0x0001, 0x634D, 0x0001, 0x89E0, 0x0001, 0xFC60, 0x0001,
    0xB960, 0x0001, 0x18C5, 0x0033, 0x037F, 0x0001, 0x23D9, 0x0001, 0x041F, 0x0001, 0x041D, 0x0001,
    0x0BFC, 0x0001, 0x049F, 0x0001, 0x04FD, 0x0001, 0x04DE, 0x0001, 0x04FF, 0x0001, 0x051E, 0x0001,
    0x043D, 0x0001, 0x04DE, 0x0001, 0x053E, 0x0001, 0x051E, 0x0001, 0x04FE, 0x0001, 0x04FD, 0x0001,
    0x0D1E, 0x0001, 0x5C12, 0x0001, 0xEBA1, 0x0001, 0xEBA0, 0x0001, 0xF420, 0x0001, 0xF3E0, 0x0001,
    0xF380, 0x0001, 0xF440, 0x0001, 0xF360, 0x0001, 0xF400, 0x0001, 0xF3A0, 0x0001, 0xFA00, 0x0001,
    0xE040, 0x0001, 0xD100, 0x0001, 0xA060, 0x0001, 0xFAE0, 0x0001, 0xB8C0, 0x0001, 0x0800, 0x0001,
    0x0082, 0x0001, 0x20C3, 0x0001, 0x9000, 0x0001, 0xFB60, 0x0001, 0xFAC0, 0x0001, 0xF100, 0x0001,
    0x18C5, 0x0032, 0xB843, 0x0001, 0x2B5B, 0x0001, 0x043F, 0x0001, 0x03FD, 0x0001, 0x041E, 0x0001,
    0x03FE, 0x0001, 0x041D, 0x0001, 0x047F, 0x0002, 0x043D, 0x0001, 0x041D, 0x0001, 0x037D, 0x0001,
    0x031D, 0x0001, 0x04FE, 0x0001, 0x051E, 0x0001, 0x04FE, 0x0002, 0x04FD, 0x0001, 0x055F, 0x0001,
    0x936B, 0x0001, 0xF9A0, 0x0001, 0xDA80, 0x0001, 0xEB20, 0x0001, 0xF3A0, 0x0001, 0xF320, 0x0001,
    0xF300, 0x0001, 0xEAE0, 0x0001, 0xF280, 0x0001, 0xB800, 0x0001, 0xB000, 0x0002, 0x9800, 0x0001,
    0xE940, 0x0001, 0xFB60, 0x0001, 0xDA00, 0x0001, 0x3840, 0x0001, 0xA0E0, 0x0001, 0xFBC0, 0x0001,
    0xF360, 0x0001, 0xD880, 0x0001, 0x18C5, 0x0033, 0xF820, 0x0001, 0xAAA9, 0x0001, 0x041F, 0x0001,
    0x0C1C, 0x0001, 0x03FE, 0x0001, 0x043D, 0x0001, 0x039D, 0x0001, 0x01D9, 0x0001, 0x01B8, 0x0001,
    0x02FD, 0x0001, 0x03DE, 0x0001, 0x045F, 0x0001, 0x031D, 0x0001, 0x033D, 0x0001, 0x051E, 0x0001,
    0x053D, 0x0001, 0x051E, 0x0001, 0x04FD, 0x0001, 0x053E, 0x0001, 0x4C16, 0x0001, 0xD1C3, 0x0001,
    0xD980, 0x0001, 0xE140, 0x0001, 0xF220, 0x0001, 0xE9E0, 0x0002, 0xF2A0, 0x0001, 0xF280, 0x0001,
    0xF1C0, 0x0001, 0x18C5, 0x0001, 0x7800, 0x0001, 0x7000, 0x0001, 0xA000, 0x0001, 0xD140, 0x0001,
    0xF9A0, 0x0001, 0xFA60, 0x0001, 0xFBC0, 0x0001, 0xE9E0, 0x0001, 0xD080, 0x0001, 0x18C5, 0x0034,
    0x586B, 0x0001, 0xE2C3, 0x0001, 0x4276, 0x0001, 0x041F, 0x0001, 0x043E, 0x0001, 0x039E, 0x0001,
    0x021D, 0x0001, 0x025A, 0x0001, 0x0259, 0x0001, 0x023D, 0x0001, 0x0139, 0x0001, 0x0117, 0x0001,
    0x0177, 0x0001, 0x0098, 0x0001, 0x02FE, 0x0001, 0x045E, 0x0001, 0x047D, 0x0001, 0x051E, 0x0001,
    0x04BD, 0x0001, 0x04FF, 0x0001, 0xB4C7, 0x0001, 0xFC60, 0x0001, 0xEB80, 0x0001, 0xF220, 0x0001,
    0xF380, 0x0001, 0xF400, 0x0001, 0xF420, 0x0001, 0xEBA0, 0x0001, 0xFBA0, 0x0001, 0xD0A0, 0x0001,
    0x18C5, 0x0005, 0xB880, 0x0001, 0xE100, 0x0001, 0xC800, 0x0001, 0x18C5, 0x0035, 0x129A, 0x0001,
    0xF9E0, 0x0001, 0xEA20, 0x0001, 0xD1C4, 0x0001, 0x23B9, 0x0001, 0x137C, 0x0001, 0x039D, 0x0001,
    0x04BF, 0x0002, 0x043F, 0x0001, 0x03BE, 0x0001, 0x70E9, 0x0001, 0xA002, 0x0001, 0x5006, 0x0001,
    0x0035, 0x0001, 0x0118, 0x0001, 0x02FE, 0x0001, 0x047E, 0x0001, 0x043E, 0x0001, 0x049F, 0x0001,
    0xABC8, 0x0001, 0xFBA0, 0x0001, 0xEC00, 0x0001, 0xF360, 0x0001, 0xF3A0, 0x0001, 0xF3E0, 0x0002,
    0xF340, 0x0001, 0xF3E0, 0x0001, 0xE9A0, 0x0001, 0x18C5, 0x003C, 0x0015, 0x0001, 0x03DF, 0x0001,
    0x2A97, 0x0001, 0xD961, 0x0001, 0xF980, 0x0001, 0xEA00, 0x0001, 0xF940, 0x0001, 0x81CB, 0x0001,
    0x3317, 0x0001, 0x3A95, 0x0001, 0x3337, 0x0001, 0x79CC, 0x0001, 0xF8C0, 0x0001, 0x18C5, 0x0003,
    0x0012, 0x0001, 0x0099, 0x0001, 0x025B, 0x0001, 0x01F9, 0x0001, 0x021C, 0x0001, 0x04BF, 0x0001,
    0xD162, 0x0001, 0xFAE0, 0x0001, 0xEB40, 0x0001, 0xF300, 0x0001, 0xF320, 0x0001, 0xF340, 0x0001,
    0xF320, 0x0001, 0xEA60, 0x0001, 0xD0C0, 0x0001, 0x18C5, 0x003B, 0x0239, 0x0001, 0x027E, 0x0001,
    0x035D, 0x0001, 0x03DF, 0x0001, 0x22B6, 0x0001, 0x79EE, 0x0001, 0xFA40, 0x0001, 0xF3C0, 0x0001,
    0xF1E0, 0x0001, 0xE8A0, 0x0001, 0xF140, 0x0001, 0xE880, 0x0001, 0xE8A0, 0x0001, 0xE880, 0x0001,
    0x28F3, 0x0001, 0x18C5, 0x0001, 0x0014, 0x0001, 0x0099, 0x0001, 0x0137, 0x0002, 0x0158, 0x0001,
    0x0097, 0x0001, 0x01DC, 0x0001, 0xC882, 0x0001, 0xE960, 0x0001, 0xF480, 0x0001, 0xEB40, 0x0001,
    0xF3C0, 0x0001, 0xEC20, 0x0001, 0xF3E0, 0x0001, 0xE120, 0x0001, 0xE060, 0x0001, 0x0199, 0x0001,
    0x011B, 0x0001, 0x00B8, 0x0001, 0x18C5, 0x0034, 0x03DF, 0x0001, 0x03DE, 0x0001, 0x03FF, 0x0001,
    0x047F, 0x0001, 0x053F, 0x0001, 0x04FD, 0x0001, 0x04DE, 0x0001, 0x03FD, 0x0001, 0x039F, 0x0001,
    0x035F, 0x0001, 0x52D3, 0x0001, 0xD8C0, 0x0001, 0xE900, 0x0001, 0xF2E0, 0x0001, 0xEBA0, 0x0001,
    0xDA81, 0x0001, 0xE020, 0x0001, 0x71AD, 0x0001, 0x00FA, 0x0001, 0x011B, 0x0001, 0x027D, 0x0001,
    0x02BE, 0x0001, 0x033F, 0x0001, 0x037F, 0x0002, 0x02BC, 0x0001, 0x0097, 0x0001, 0xE181, 0x0001,
    0xE0A0, 0x0001, 0xE220, 0x0001, 0xF340, 0x0001, 0xEBC0, 0x0001, 0xEC00, 0x0001, 0xEAA0, 0x0001,
    0xF9A0, 0x0001, 0x51F2, 0x0001, 0x037F, 0x0001, 0x031E, 0x0001, 0x029F, 0x0001, 0x02BF, 0x0001,
    0x02DF, 0x0001, 0x023D, 0x0001, 0x015E, 0x0001, 0x18C5, 0x002F, 0x043F, 0x0001, 0x04FF, 0x0001,
    0x053D, 0x0001, 0x04BD, 0x0001, 0x049D, 0x0001, 0x051D, 0x0001, 0x04DE, 0x0001, 0x04FE, 0x0001,
    0x051E, 0x0001, 0x04FD, 0x0001, 0x041D, 0x0001, 0x037E, 0x0001, 0x133B, 0x0001, 0x79EE, 0x0001,
    0xEA62, 0x0001, 0xF2E0, 0x0001, 0xF220, 0x0001, 0xC021, 0x0001, 0x2A76, 0x0001, 0x00F8, 0x0001,
    0x02DD, 0x0001, 0x033E, 0x0001, 0x031D, 0x0001, 0x02FD, 0x0003, 0x033E, 0x0001, 0x0A9B, 0x0001,
    0xB881, 0x0001, 0xD8E0, 0x0001, 0xC860, 0x0001, 0xF2C0, 0x0001, 0xF360, 0x0001, 0xFA60, 0x0001,
    0xF160, 0x0001, 0xC082, 0x0001, 0x0A9B, 0x0001, 0x031E, 0x0001, 0x02FD, 0x0001, 0x033E, 0x0001,
    0x021C, 0x0002, 0x02DE, 0x0001, 0x02FF, 0x0001, 0x021D, 0x0001, 0x019B, 0x0001, 0x18C5, 0x002C,
    0x047F, 0x0001, 0x051E, 0x0001, 0x04BD, 0x0001, 0x04BE, 0x0001, 0x045E, 0x0001, 0x051E, 0x0001,
    0x045E, 0x0001, 0x043E, 0x0002, 0x047E, 0x0001, 0x04DE, 0x0002, 0x041D, 0x0001, 0x041F, 0x0001,
    0x041E, 0x0001, 0x039F, 0x0001, 0xA24B, 0x0001, 0xD0C3, 0x0001, 0x698B, 0x0001, 0x039F, 0x0001,
    0x02DD, 0x0001, 0x031E, 0x0002, 0x033E, 0x0002, 0x02FE, 0x0001, 0x02FD, 0x0001, 0x033F, 0x0001,
    0x80C7, 0x0001, 0xE960, 0x0001, 0xC8E0, 0x0001, 0xC840, 0x0001, 0xD9A0, 0x0001, 0xEAE1, 0x0001,
    0xB947, 0x0001, 0x51F1, 0x0001, 0x039F, 0x0001, 0x021B, 0x0001, 0x02DE, 0x0001, 0x031E, 0x0001,
    0x02FE, 0x0001, 0x031E, 0x0001, 0x02DD, 0x0001, 0x01BC, 0x0001, 0x027D, 0x0001, 0x033E, 0x0001,
    0x02FE, 0x0001, 0x01DC, 0x0001, 0x021E, 0x0001, 0x18C5, 0x0029, 0x037F, 0x0001, 0x043E, 0x0001,
    0x047D, 0x0001, 0x047E, 0x0001, 0x03FE, 0x0001, 0x041E, 0x0001, 0x047E, 0x0001, 0x04DE, 0x0001,
    0x053E, 0x0002, 0x04DE, 0x0001, 0x045E, 0x0001, 0x03FE, 0x0001, 0x041E, 0x0001, 0x03DD, 0x0001,
    0x035E, 0x0001, 0x03FD, 0x0001, 0x045F, 0x0001, 0x12FA, 0x0001, 0x3AF3, 0x0001, 0x029F, 0x0001,
    0x029D, 0x0001, 0x033E, 0x0001, 0x02BD, 0x0001, 0x021C, 0x0001, 0x023D, 0x0001, 0x033E, 0x0001,
    0x033D, 0x0001, 0x035F, 0x0001, 0x90A7, 0x0001, 0xFAC0, 0x0001, 0xEAE0, 0x0001, 0xD080, 0x0001,
    0xE960, 0x0001, 0xF180, 0x0001, 0x03DF, 0x0001, 0x045F, 0x0001, 0x043E, 0x0001, 0x02FD, 0x0001,
    0x0139, 0x0001, 0x033E, 0x0001, 0x02FE, 0x0001, 0x031E, 0x0002, 0x035E, 0x0001, 0x01FC, 0x0001,
    0x021D, 0x0001, 0x031E, 0x0002, 0x033D, 0x0001, 0x023F, 0x0001, 0x18C5, 0x0027, 0x00FB, 0x0001,
    0x035F, 0x0001, 0x04BD, 0x0001, 0x04DE, 0x0001, 0x055E, 0x0001, 0x043E, 0x0001, 0x03FE, 0x0001,
    0x04FE, 0x0001, 0x051E, 0x0001, 0x04FE, 0x0002, 0x051E, 0x0001, 0x055E, 0x0001, 0x04FE, 0x0001,
    0x041E, 0x0001, 0x043E, 0x0001, 0x037E, 0x0001, 0x039E, 0x0001, 0x041D, 0x0001, 0x041E, 0x0001,
    0x049F, 0x0001, 0x0198, 0x0001, 0x025C, 0x0001, 0x033E, 0x0001, 0x02BD, 0x0001, 0x025D, 0x0002,
    0x01FC, 0x0001, 0x01DB, 0x0001, 0x02DF, 0x0001, 0xA0C6, 0x0001, 0xFA80, 0x0001, 0xF380, 0x0001,
    0xD940, 0x0001, 0xE9E0, 0x0001, 0x5B92, 0x0001, 0x041E, 0x0001, 0x03FD, 0x0001, 0x041E, 0x0001,
    0x035C, 0x0001, 0x0095, 0x0001, 0x033E, 0x0001, 0x02FD, 0x0001, 0x031D, 0x0002, 0x031E, 0x0002,
    0x00D7, 0x0001, 0x02BD, 0x0001, 0x031E, 0x0001, 0x035E, 0x0001, 0x0139, 0x0001, 0x18C5, 0x0022,
    0xF0E1, 0x0001, 0x32F7, 0x0001, 0x041F, 0x0001, 0x041D, 0x0001, 0x03BC, 0x0001, 0x02DD, 0x0001,
    0x047D, 0x0001, 0x053E, 0x0001, 0x051E, 0x0001, 0x045E, 0x0001, 0x041E, 0x0001, 0x04FE, 0x0003,
    0x051E, 0x0001, 0x053E, 0x0001, 0x051E, 0x0001, 0x047E, 0x0001, 0x037E, 0x0001, 0x03FE, 0x0001,
    0x043D, 0x0001, 0x035D, 0x0001, 0x039E, 0x0001, 0x041E, 0x0001, 0x03DD, 0x0001, 0x047F, 0x0001,
    0x0137, 0x0001, 0x027C, 0x0001, 0x037F, 0x0001, 0x033E, 0x0001, 0x035E, 0x0001, 0x033E, 0x0001,
    0x02FD, 0x0001, 0x025C, 0x0001, 0x01DE, 0x0001, 0x7888, 0x0001, 0xD880, 0x0001, 0xF340, 0x0001,
    0xD920, 0x0001, 0xF1A0, 0x0001, 0x0C5C, 0x0001, 0x041F, 0x0001, 0x041D, 0x0001, 0x041E, 0x0001,
    0x03DC, 0x0001, 0x00B6, 0x0001, 0x037F, 0x0001, 0x031F, 0x0001, 0x02FE, 0x0001, 0x033E, 0x0001,
    0x027D, 0x0001, 0x019B, 0x0001, 0x0075, 0x0001, 0x02BC, 0x0001, 0x029D, 0x0001, 0x00F8, 0x0001,
    0x0013, 0x0001, 0x18C5, 0x0020, 0xB000, 0x0001, 0xF920, 0x0001, 0x838E, 0x0001, 0x051F, 0x0001,
    0x055E, 0x0001, 0x04DF, 0x0001, 0x039E, 0x0001, 0x031E, 0x0001, 0x04BE, 0x0001, 0x04DE, 0x0001,
    0x049E, 0x0001, 0x03FE, 0x0002, 0x053E, 0x0001, 0x057E, 0x0001, 0x055E, 0x0001, 0x04FE, 0x0001,
    0x047E, 0x0001, 0x039E, 0x0001, 0x031E, 0x0001, 0x03BE, 0x0001, 0x03FD, 0x0001, 0x045E, 0x0001,
    0x029C, 0x0001, 0x02FC, 0x0001, 0x041D, 0x0002, 0x037D, 0x0001, 0x0074, 0x0001, 0x01B9, 0x0001,
    0x023B, 0x0001, 0x027D, 0x0003, 0x029D, 0x0002, 0x02BD, 0x0001, 0x02FE, 0x0001, 0x8042, 0x0001,
    0xF9C0, 0x0001, 0xF1A0, 0x0001, 0xC9C5, 0x0001, 0x13DB, 0x0001, 0x03FE, 0x0001, 0x03FD, 0x0001,
    0x043E, 0x0001, 0x035D, 0x0001, 0x0076, 0x0001, 0x0295, 0x0001, 0x0173, 0x0001, 0x00F8, 0x0001,
    0x013A, 0x0001, 0x00D8, 0x0001, 0x0054, 0x0001, 0x015A, 0x0001, 0x017B, 0x0001, 0x0034, 0x0001,
    0x0016, 0x0001, 0x18C5, 0x0020, 0xB800, 0x0001, 0xE900, 0x0001, 0xD2A4, 0x0001, 0x3B97, 0x0001,
    0x051E, 0x0001, 0x045D, 0x0001, 0x03FD, 0x0001, 0x03BD, 0x0001, 0x03DE, 0x0001, 0x03FE, 0x0001,
    0x043E, 0x0001, 0x039D, 0x0001, 0x027D, 0x0001, 0x023D, 0x0001, 0x02BC, 0x0001, 0x033C, 0x0001,
    0x03BD, 0x0001, 0x039E, 0x0001, 0x033E, 0x0001, 0x039D, 0x0001, 0x043D, 0x0001, 0x043E, 0x0001,
    0x049F, 0x0001, 0x035D, 0x0001, 0x013C, 0x0001, 0x03BF, 0x0001, 0x04BF, 0x0001, 0x037F, 0x0001,
    0x00FA, 0x0001, 0x00D8, 0x0001, 0x00B7, 0x0001, 0x0199, 0x0001, 0x027E, 0x0001, 0x025D, 0x0001,
    0x023C, 0x0002, 0x021C, 0x0001, 0x02BD, 0x0001, 0x035E, 0x0001, 0x8800, 0x0001, 0xE1A0, 0x0001,
    0xFA20, 0x0001, 0x3357, 0x0001, 0x041F, 0x0001, 0x031D, 0x0001, 0x045E, 0x0001, 0x039E, 0x0001,
    0x00FA, 0x0001, 0x0008, 0x0002, 0x008A, 0x0001, 0x0094, 0x0001, 0x0096, 0x0001, 0x00F8, 0x0001,
    0x01BD, 0x0001, 0x017B, 0x0001, 0x01BC, 0x0001, 0x013B, 0x0001, 0x0014, 0x0001, 0x18C5, 0x001F,
    0xB800, 0x0001, 0xF0C0, 0x0001, 0xFAA0, 0x0001, 0x9B4A, 0x0001, 0x043F, 0x0001, 0x041D, 0x0001,
    0x03FE, 0x0002, 0x041E, 0x0003, 0x031D, 0x0001, 0x027D, 0x0001, 0x00F9, 0x0001, 0x01FC, 0x0001,
    0x033D, 0x0001, 0x02DD, 0x0001, 0x035D, 0x0001, 0x03DE, 0x0001, 0x045E, 0x0002, 0x03FF, 0x0001,
    0x02BD, 0x0001, 0x017A, 0x0001, 0x0092, 0x0001, 0x0007, 0x0001, 0x0135, 0x0001, 0x0178, 0x0001,
    0x0088, 0x0001, 0x0007, 0x0001, 0x00D4, 0x0001, 0x00B9, 0x0001, 0x0159, 0x0001, 0x0138, 0x0002,
    0x021C, 0x0001, 0x025D, 0x0002, 0x023D, 0x0001, 0x023E, 0x0001, 0x38D1, 0x0001, 0xD8E0, 0x0001,
    0xFA40, 0x0001, 0x4315, 0x0001, 0x043F, 0x0001, 0x039D, 0x0001, 0x03BE, 0x0001, 0x0139, 0x0001,
    0x0006, 0x0001, 0x000B, 0x0001, 0x00DB, 0x0001, 0x01FF, 0x0001, 0x01BD, 0x0003, 0x017C, 0x0001,
    0x019C, 0x0001, 0x019D, 0x0001, 0x0058, 0x0001, 0x18C5, 0x0002, 0xC860, 0x0001, 0xE960, 0x0001,
    0x18C5, 0x0004, 0xE900, 0x0001, 0xD100, 0x0001, 0x18C5, 0x0016, 0xE9A0, 0x0001, 0xF240, 0x0001,
    0xFA80, 0x0001, 0x9A6A, 0x0001, 0x045F, 0x0001, 0x03FD, 0x0001, 0x041E, 0x0001, 0x043E, 0x0001,
    0x041E, 0x0001, 0x03FE, 0x0001, 0x041E, 0x0001, 0x039D, 0x0001, 0x027F, 0x0001, 0x0069, 0x0001,
    0x0258, 0x0001, 0x039F, 0x0001, 0x041E, 0x0002, 0x035E, 0x0001, 0x019B, 0x0001, 0x00B5, 0x0001,
    0x0095, 0x0001, 0x0015, 0x0001, 0x18C5, 0x000C, 0x0014, 0x0001, 0x0015, 0x0002, 0x0014, 0x0001,
    0x0035, 0x0001, 0x0854, 0x0001, 0xC880, 0x0001, 0xF980, 0x0001, 0x4355, 0x0001, 0x041F, 0x0001,
    0x01FB, 0x0001, 0x01DC, 0x0001, 0x017A, 0x0001, 0x0177, 0x0001, 0x1873, 0x0001, 0x5829, 0x0001,
    0x0834, 0x0001, 0x0938, 0x0001, 0x097A, 0x0002, 0x019B, 0x0001, 0x0896, 0x0001, 0x9024, 0x0001,
    0x6003, 0x0001, 0x18C5, 0x0002, 0xD880, 0x0001, 0xFA80, 0x0001, 0xA000, 0x0001, 0x18C5, 0x0003,
    0xFA80, 0x0001, 0xD940, 0x0001, 0x18C5, 0x0015, 0xC000, 0x0001, 0xFA20, 0x0001, 0xEA00, 0x0001,
    0xF1E0, 0x0001, 0xA087, 0x0001, 0x0BBD, 0x0001, 0x045E, 0x0001, 0x03FD, 0x0001, 0x037D, 0x0001,
    0x035E, 0x0001, 0x031E, 0x0001, 0x03FD, 0x0001, 0x03DD, 0x0001, 0x017C, 0x0001, 0x0005, 0x0001,
    0x000F, 0x0001, 0x0015, 0x0001, 0x0013, 0x0001, 0x0014, 0x0002, 0x0013, 0x0001, 0x18C5, 0x0015,
    0x9000, 0x0001, 0xF980, 0x0001, 0x3317, 0x0001, 0x03DF, 0x0001, 0x03FD, 0x0002, 0x043F, 0x0001,
    0x03FF, 0x0001, 0x32F8, 0x0001, 0x688C, 0x0001, 0xC000, 0x0001, 0xA800, 0x0003, 0xB800, 0x0002,
    0x8800, 0x0001, 0x18C5, 0x0003, 0xFA00, 0x0001, 0xF1E0, 0x0001, 0x18C5, 0x0004, 0xFAA0, 0x0001,
    0xC840, 0x0001, 0x18C5, 0x0015, 0xE860, 0x0001, 0xF260, 0x0001, 0xD880, 0x0001, 0xE100, 0x0001,
    0xE020, 0x0001, 0xA148, 0x0001, 0x039E, 0x0001, 0x031F, 0x0001, 0x027C, 0x0001, 0x039D, 0x0001,
    0x03DD, 0x0001, 0x043E, 0x0001, 0x02BF, 0x0001, 0x0079, 0x0001, 0x18C5, 0x001D, 0xE1C0, 0x0001,
    0x9A0B, 0x0001, 0x035F, 0x0001, 0x043D, 0x0001, 0x041F, 0x0001, 0x3B56, 0x0001, 0x7AEF, 0x0001,
    0xF960, 0x0001, 0xF140, 0x0001, 0xD120, 0x0001, 0xA800, 0x0001, 0xB800, 0x0001, 0xC000, 0x0001,
    0xA000, 0x0001, 0x8000, 0x0001, 0x18C5, 0x0003, 0xC800, 0x0001, 0xFAA0, 0x0001, 0xC000, 0x0001,
    0x18C5, 0x0003, 0xF160, 0x0001, 0xF180, 0x0001, 0x18C5, 0x0015, 0xC800, 0x0001, 0xE080, 0x0001,
    0xF9A0, 0x0001, 0xC020, 0x0001, 0xD040, 0x0001, 0xE960, 0x0001, 0xF900, 0x0001, 0xB966, 0x0001,
    0x78AC, 0x0001, 0x029F, 0x0001, 0x041F, 0x0001, 0x045F, 0x0001, 0x039F, 0x0001, 0x78CA, 0x0001,
    0x5003, 0x0001, 0x18C5, 0x001D, 0xC100, 0x0001, 0xFAA0, 0x0001, 0x99EA, 0x0001, 0x039F, 0x0001,
    0x3236, 0x0001, 0xE8A1, 0x0001, 0xFAE0, 0x0001, 0xEB40, 0x0001, 0xF280, 0x0001, 0xD8A0, 0x0001,
    0xB000, 0x0001, 0x8800, 0x0001, 0x18C5, 0x0006, 0xE8A0, 0x0001, 0xC8E0, 0x0001, 0xE980, 0x0001,
    0xFAC0, 0x0001, 0xD080, 0x0001, 0xE160, 0x0001, 0xE0A0, 0x0001, 0xC040, 0x0001, 0x18C5, 0x0014,
    0xB000, 0x0001, 0xF0C0, 0x0001, 0xE0A0, 0x0001, 0xD0E0, 0x0001, 0xD900, 0x0001, 0xE120, 0x0001,
    0xB860, 0x0001, 0xC880, 0x0001, 0xF920, 0x0001, 0xF120, 0x0001, 0xC944, 0x0001, 0xD1C4, 0x0001,
    0xB904, 0x0001, 0x9844, 0x0001, 0x9800, 0x0001, 0x18C5, 0x001E, 0xB000, 0x0001, 0xF220, 0x0001,
    0xFB00, 0x0001, 0xCB25, 0x0001, 0xD9C1, 0x0001, 0xF240, 0x0001, 0xD120, 0x0001, 0xD880, 0x0001,
    0xF280, 0x0001, 0xE9C0, 0x0001, 0xE9E0, 0x0001, 0xC820, 0x0001, 0x18C5, 0x0005, 0xE900, 0x0001,
    0xFA80, 0x0001, 0xB8A0, 0x0001, 0xC9C0, 0x0001, 0xC1E0, 0x0001, 0xE120, 0x0001, 0xF260, 0x0001,
    0xE920, 0x0001, 0x18C5, 0x0014, 0xB000, 0x0001, 0xE040, 0x0001, 0xF160, 0x0001, 0xB000, 0x0001,
    0xC880, 0x0001, 0xF140, 0x0001, 0xE920, 0x0001, 0xE900, 0x0001, 0xF120, 0x0001, 0xC840, 0x0001,
    0xB000, 0x0002, 0xC000, 0x0001, 0x9800, 0x0001, 0x8000, 0x0001, 0x18C5, 0x0020, 0xB000, 0x0001,
    0xDA60, 0x0001, 0xE1A0, 0x0001, 0xE920, 0x0001, 0xF340, 0x0001, 0xE200, 0x0001, 0xE9C0, 0x0001,
    0xEA60, 0x0001, 0xF300, 0x0001, 0xF240, 0x0001, 0xFA20, 0x0001, 0xE1A0, 0x0001, 0xC060, 0x0001,
    0x18C5, 0x0003, 0xFAA0, 0x0001, 0xF320, 0x0001, 0xB020, 0x0001, 0xB0C0, 0x0001, 0xC060, 0x0001,
    0xDA00, 0x0001, 0xA900, 0x0001, 0xFA80, 0x0001, 0xB000, 0x0001, 0x18C5, 0x0012, 0xB800, 0x0001,
    0xE060, 0x0001, 0xF1A0, 0x0001, 0xD0E0, 0x0001, 0xC8E0, 0x0001, 0xD840, 0x0001, 0xD800, 0x0001,
    0xA800, 0x0001, 0xA000, 0x0002, 0xA800, 0x0001, 0x8800, 0x0001, 0x18C5, 0x0024, 0x9800, 0x0001,
    0x9000, 0x0001, 0xA000, 0x0001, 0xB860, 0x0001, 0xE8C0, 0x0002, 0xF320, 0x0001, 0xF220, 0x0001,
    0xF260, 0x0001, 0xEA60, 0x0001, 0xEA40, 0x0001, 0xF200, 0x0001, 0xF300, 0x0001, 0xFAA0, 0x0001,
    0xD8A0, 0x0001, 0xE9C0, 0x0001, 0xF360, 0x0001, 0xE140, 0x0001, 0xE080, 0x0001, 0xF9C0, 0x0001,
    0xC080, 0x0001, 0xA920, 0x0001, 0x9900, 0x0001, 0xD140, 0x0001, 0x9000, 0x0001, 0x18C5, 0x0010,
    0xB000, 0x0001, 0xC800, 0x0001, 0xE080, 0x0001, 0xE0E0, 0x0001, 0xC880, 0x0001, 0xC800, 0x0001,
    0xF0C0, 0x0001, 0xC860, 0x0001, 0x18C5, 0x0029, 0x8800, 0x0001, 0xC000, 0x0001, 0xB800, 0x0001,
    0xA800, 0x0001, 0x9800, 0x0001, 0xA000, 0x0001, 0xA8A0, 0x0001, 0xC900, 0x0001, 0xD160, 0x0001,
    0xD8A0, 0x0001, 0xF120, 0x0001, 0xF260, 0x0001, 0xF240, 0x0001, 0xF220, 0x0002, 0xF2C0, 0x0001,
    0xF320, 0x0001, 0xF360, 0x0001, 0xD0A0, 0x0001, 0xE920, 0x0001, 0xE9A0, 0x0001, 0xF960, 0x0001,
    0xB000, 0x0001, 0x9800, 0x0001, 0x18C5, 0x0011, 0xC040, 0x0001, 0xD040, 0x0001, 0xF220, 0x0001,
    0xC840, 0x0001, 0xC820, 0x0001, 0xB000, 0x0001, 0x18C5, 0x002D, 0xA800, 0x0001, 0xB000, 0x0002,
    0xB800, 0x0001, 0xA000, 0x0001, 0x9800, 0x0001, 0xA000, 0x0002, 0xB000, 0x0001, 0x9840, 0x0001,
    0x9880, 0x0001, 0xC000, 0x0001, 0xB820, 0x0001, 0xB800, 0x0001, 0xEAC0, 0x0001, 0xF320, 0x0001,
    0xD980, 0x0001, 0xE0C0, 0x0001, 0xF980, 0x0001, 0xE900, 0x0001, 0xE0A0, 0x0001, 0xF240, 0x0001,
    0xFA60, 0x0001, 0xF9A0, 0x0001, 0x18C5, 0x000E, 0xE120, 0x0001, 0xF280, 0x0001, 0xF360, 0x0001,
    0xF3A0, 0x0001, 0xFBA0, 0x0001, 0xF120, 0x0001, 0x18C5, 0x002F, 0x8000, 0x0001, 0x8800, 0x0001,
    0x7800, 0x0001, 0x8800, 0x0001, 0x2800, 0x0001, 0x0800, 0x0002, 0x0000, 0x0001, 0x5000, 0x0001,
    0xB000, 0x0001, 0xA800, 0x0002, 0xB000, 0x0001, 0x9000, 0x0001, 0x8800, 0x0001, 0xB800, 0x0001,
    0x9800, 0x0001, 0xA000, 0x0001, 0xB000, 0x0001, 0xA000, 0x0001, 0x7000, 0x0001, 0xA020, 0x0001,
    0xD060, 0x0001, 0xFAA0, 0x0001, 0xFAE0, 0x0001, 0xE100, 0x0001, 0x18C5, 0x000B, 0xF2E0, 0x0001,
    0xF440, 0x0001, 0xEB60, 0x0001, 0xF360, 0x0001, 0xEA60, 0x0001, 0xC080, 0x0001, 0xB000, 0x0001,
    0x18C5, 0x0038, 0x8800, 0x0001, 0x7800, 0x0005, 0x7000, 0x0001, 0x7800, 0x0001, 0x8000, 0x0001,
    0x18C5, 0x0005, 0xC040, 0x0001, 0xE1E0, 0x0001, 0xFB00, 0x0001, 0xE8C0, 0x0001, 0x18C5, 0x0007,
    0xE000, 0x0001, 0xEA00, 0x0001, 0xFBC0, 0x0001, 0xF3A0, 0x0001, 0xEB20, 0x0001, 0xF440, 0x0001,
    0xE240, 0x0001, 0x18C5, 0x004B, 0xB0C0, 0x0001, 0xA840, 0x0001, 0x18C5, 0x0005, 0xD020, 0x0001,
    0xF1A0, 0x0001, 0xFB60, 0x0001, 0xFC00, 0x0001, 0xEB60, 0x0001, 0xEB40, 0x0001, 0xF420, 0x0001,
    0xE280, 0x0001, 0x18C5, 0x0052, 0xF180, 0x0001, 0xFBA0, 0x0001, 0xF340, 0x0001, 0xF360, 0x0001,
    0xEB20, 0x0001, 0xEA20, 0x0001, 0xF200, 0x0001, 0xF220, 0x0001, 0x9000, 0x0001, 0x18C5, 0x0051,
    0xF9A0, 0x0001, 0xFBC0, 0x0001, 0xEC20, 0x0002, 0xEB60, 0x0001, 0xEBC0, 0x0001, 0xF4A0, 0x0001,
    0xFB40, 0x0001, 0xB080, 0x0001, 0x18C5, 0x0051, 0xD880, 0x0001, 0xFB20, 0x0001, 0xEC00, 0x0001,
    0xF400, 0x0001, 0xF2C0, 0x0001, 0xF3C0, 0x0001, 0xF320, 0x0001, 0xF1A0, 0x0001, 0xC100, 0x0001,
    0x18C5, 0x0052, 0xC860, 0x0001, 0xF1E0, 0x0001, 0xF1C0, 0x0001, 0xF1E0, 0x0001, 0xD840, 0x0001,
    0xD0C0, 0x0001, 0xA840, 0x0001, 0x18C5, 0x0053, 0x18C5, 0x003A, 0xD800, 0x0001, 0xD020, 0x0001,
    0x18C5, 0x0005, 0xE940, 0x0001, 0x18C5, 0x0053, 0xE8E0, 0x0001, 0xE920, 0x0001, 0x18C5, 0x0005,
    0xF1A0, 0x0001, 0xD000, 0x0001, 0x18C5, 0x0052, 0xE140, 0x0001, 0xF1A0, 0x0001, 0x18C5, 0x0004,
    0xA800, 0x0001, 0xFA80, 0x0001, 0xB800, 0x0001, 0x18C5, 0x0052, 0xE140, 0x0001, 0xF1A0, 0x0001,
    0x18C5, 0x0004, 0xE140, 0x0001, 0xFA80, 0x0001, 0xC000, 0x0001, 0x18C5, 0x0052, 0xE120, 0x0001,
    0xD9A0, 0x0001, 0x18C5, 0x0001, 0xC0A0, 0x0001, 0xC820, 0x0001, 0xA820, 0x0001, 0xE240, 0x0001,
    0xD0A0, 0x0001, 0x18C5, 0x0053, 0xF180, 0x0001, 0xD1C0, 0x0001, 0xD900, 0x0001, 0xD9A0, 0x0001,
    0xC960, 0x0001, 0xD180, 0x0001, 0xE1A0, 0x0001, 0xB880, 0x0001, 0x18C5, 0x0052, 0xC820, 0x0001,
    0xF2C0, 0x0002, 0xE160, 0x0001, 0xD1E0, 0x0001, 0xD9C0, 0x0001, 0xD160, 0x0001, 0xE120, 0x0001,
    0x18C5, 0x0053, 0xE980, 0x0001, 0xF320, 0x0001, 0xEB00, 0x0001, 0xE240, 0x0001, 0xF320, 0x0001,
    0xEAA0, 0x0001, 0xF2E0, 0x0001, 0xC8E0, 0x0001, 0x18C5, 0x0052, 0xC820, 0x0001, 0xF220, 0x0001,
    0xF2E0, 0x0001, 0xEB00, 0x0001, 0xF320, 0x0001, 0xEAE0, 0x0001, 0xF360, 0x0001, 0xE1A0, 0x0001,
    0x18C5, 0x0053, 0xD000, 0x0001, 0xE0E0, 0x0001, 0xF220, 0x0001, 0xF2E0, 0x0001, 0xF320, 0x0001,
    0xEAE0, 0x0001, 0xF340, 0x0001, 0xF980, 0x0001, 0x18C5, 0x0052, 0xE0E0, 0x0001, 0xE9C0, 0x0001,
    0xF320, 0x0001, 0xF240, 0x0001, 0xE1A0, 0x0001, 0xEAA0, 0x0001, 0xF300, 0x0001, 0xEB00, 0x0001,
    0xF300, 0x0001, 0xF1A0, 0x0001, 0xD800, 0x0001, 0x18C5, 0x004F, 0xE100, 0x0001, 0xFA40, 0x0001,
    0xF2E0, 0x0001, 0xF200, 0x0001, 0xFAA0, 0x0001, 0xE080, 0x0001, 0xE920, 0x0001, 0xFB40, 0x0001,
    0xF2C0, 0x0001, 0xF1C0, 0x0001, 0xFAA0, 0x0001, 0xFA40, 0x0001, 0xEA40, 0x0001, 0xFA60, 0x0001,
    0x18C5, 0x004B, 0xD060, 0x0001, 0xE080, 0x0001, 0xF240, 0x0002, 0xD920, 0x0001, 0xEA20, 0x0001,
    0xE940, 0x0001, 0x18C5, 0x0002, 0xB840, 0x0001, 0xD820, 0x0001, 0xC000, 0x0001, 0xB040, 0x0001,
    0xD080, 0x0001, 0xD120, 0x0001, 0xFB80, 0x0001, 0xD100, 0x0001, 0x18C5, 0x0049, 0xD0E0, 0x0001,
    0xFA40, 0x0001, 0xF1E0, 0x0001, 0xF240, 0x0002, 0xEA00, 0x0001, 0xB040, 0x0001, 0x18C5, 0x0009,
    0xB980, 0x0001, 0xFA40, 0x0001, 0x18C5, 0x0047, 0xA800, 0x0001, 0xF0C0, 0x0001, 0xE100, 0x0001,
    0xEA20, 0x0001, 0xF360, 0x0001, 0xEA00, 0x0002, 0xD8E0, 0x0001, 0x18C5, 0x0052, 0xC800, 0x0001,
    0xF240, 0x0001, 0xFA40, 0x0001, 0xE1A0, 0x0001, 0xE140, 0x0001, 0xF260, 0x0001, 0xD940, 0x0001,
    0xE180, 0x0001, 0xC060, 0x0001, 0x18C5, 0x0051, 0xC000, 0x0001, 0xF8E0, 0x0001, 0xFAE0, 0x0001,
    0xEA20, 0x0001, 0xFB40, 0x0001, 0xC8A1, 0x0001, 0xC041, 0x0001, 0xE140, 0x0001, 0xE9C0, 0x0001,
    0x18C5, 0x0052, 0xC080, 0x0001, 0xE0C0, 0x0001, 0xE9A0, 0x0001, 0xFB00, 0x0001, 0xD0E3, 0x0001,
    0x139B, 0x0001, 0x0B9C, 0x0001, 0xC943, 0x0001, 0xF100, 0x0001, 0x18C5, 0x0051, 0xA800, 0x0001,
    0xEA00, 0x0001, 0xF3A0, 0x0001, 0xF220, 0x0001, 0xC144, 0x0001, 0x2339, 0x0001, 0x043F, 0x0001,
    0x045E, 0x0001, 0x1BBB, 0x0001, 0xB886, 0x0001, 0x18C5, 0x0051, 0xE100, 0x0001, 0xD960, 0x0001,
    0xE2A0, 0x0001, 0xFA40, 0x0001, 0x712C, 0x0001, 0x04DF, 0x0001, 0x03DC, 0x0001, 0x035D, 0x0001,
    0x021D, 0x0001, 0x28F1, 0x0001, 0x18C5, 0x0052, 0xE1C0, 0x0001, 0xD920, 0x0001, 0xF260, 0x0001,
    0xA2EA, 0x0001, 0x0B5D, 0x0001, 0x045E, 0x0001, 0x01BC, 0x0001, 0x0014, 0x0001, 0x18C5, 0x0054,
    0xD1C0, 0x0001, 0xD120, 0x0001, 0xEAE0, 0x0001, 0xF1A0, 0x0001, 0x4A32, 0x0001, 0x049F, 0x0001,
    0x037E, 0x0001, 0x01FC, 0x0001, 0x18C5, 0x0054, 0xD1C0, 0x0001, 0xE100, 0x0001, 0xEAE0, 0x0001,
    0xF180, 0x0001, 0x4A52, 0x0001, 0x049F, 0x0001, 0x03DE, 0x0001, 0x03BF, 0x0001, 0x18C5, 0x0054,
    0xD1C0, 0x0001, 0xE100, 0x0001, 0xEAC0, 0x0001, 0xF0A0, 0x0001, 0x4A32, 0x0001, 0x047F, 0x0001,
    0x041D, 0x0001, 0x041F, 0x0001, 0x02BE, 0x0001, 0x18C5, 0x0053, 0xE9A0, 0x0001, 0xE9C0, 0x0001,
    0xF300, 0x0001, 0xF160, 0x0001, 0x4A53, 0x0001, 0x047F, 0x0001, 0x041C, 0x0001, 0x03DE, 0x0001,
    0x021E, 0x0001, 0x18C5, 0x0052, 0xB800, 0x0001, 0xE060, 0x0001, 0xE260, 0x0001, 0xEB40, 0x0001,
    0xFA00, 0x0001, 0x52D3, 0x0001, 0x043F, 0x0001, 0x049F, 0x0001, 0x02FF, 0x0001, 0x18C5, 0x0052,
    0x8800, 0x0001, 0xF2A0, 0x0001, 0xE0C0, 0x0001, 0xF2A0, 0x0001, 0xF360, 0x0001, 0xE8C0, 0x0001,
    0x5191, 0x0001, 0x4272, 0x0001, 0x3933, 0x0001, 0x8807, 0x0001, 0x18C5, 0x0052, 0xD920, 0x0001,
    0xFA20, 0x0001, 0xE140, 0x0001, 0xF2C0, 0x0001, 0xF240, 0x0001, 0xF080, 0x0001, 0xC000, 0x0001,
    0xD0E0, 0x0001, 0xF940, 0x0001, 0xD000, 0x0002, 0xC800, 0x0001, 0x18C5, 0x004F, 0x8800, 0x0001,
    0xE100, 0x0001, 0xE1A0, 0x0001, 0xE160, 0x0001, 0xF320, 0x0001, 0xEB00, 0x0001, 0xD9C0, 0x0001,
    0xB880, 0x0001, 0xE280, 0x0001, 0xE920, 0x0001, 0xE080, 0x0001, 0xFAC0, 0x0001, 0xD8A0, 0x0001,
    0xB000, 0x0001, 0x18C5, 0x004E, 0xA000, 0x0001, 0xC900, 0x0001, 0xFA60, 0x0001, 0xEA60, 0x0001,
    0xEB00, 0x0001, 0xF360, 0x0001, 0xD960, 0x0001, 0xC820, 0x0001, 0xF320, 0x0001, 0xE240, 0x0001,
    0xE1C0, 0x0001, 0xFB40, 0x0001, 0xF980, 0x0001, 0xA000, 0x0001, 0x18C5, 0x004E, 0x8800, 0x0001,
    0xD920, 0x0001, 0xF260, 0x0001, 0xEA60, 0x0001, 0xEA80, 0x0001, 0xF3A0, 0x0001, 0xD0A0, 0x0001,
    0xEA00, 0x0001, 0xF2A0, 0x0001, 0xF1A0, 0x0001, 0xF220, 0x0001, 0xF320, 0x0001, 0xC880, 0x0001,
    0x18C5, 0x0050, 0xD8C0, 0x0001, 0xF0E0, 0x0001, 0xF240, 0x0001, 0xF200, 0x0001, 0xE100, 0x0001,
    0xE940, 0x0001, 0xF220, 0x0001, 0xF260, 0x0001, 0xF1A0, 0x0001, 0xF1C0, 0x0001, 0xE860, 0x0001,
    0xA000, 0x0001, 0x18C5, 0x004C, 0x035F, 0x0001, 0x03DF, 0x0001, 0x041F, 0x0001, 0x1B39, 0x0001,
    0x404E, 0x0001, 0xFA20, 0x0001, 0xEA60, 0x0001, 0xF2C0, 0x0002, 0xF320, 0x0001, 0xF340, 0x0001,
    0xE9E0, 0x0001, 0xF240, 0x0001, 0xE0C0, 0x0001, 0xA000, 0x0001, 0x18C5, 0x004A, 0x3175, 0x0001,
    0x1ADC, 0x0001, 0x3358, 0x0001, 0xFBC1, 0x0001, 0x6C72, 0x0001, 0x053F, 0x0001, 0x32B6, 0x0001,
    0xF980, 0x0001, 0xEB40, 0x0001, 0xEC00, 0x0001, 0xF320, 0x0001, 0xF3C0, 0x0001, 0xF2C0, 0x0001,
    0xE980, 0x0001, 0xD860, 0x0001, 0xD900, 0x0001, 0x18C5, 0x004A, 0xF1A0, 0x0001, 0xFB00, 0x0001,
    0xFB40, 0x0001, 0xFB20, 0x0001, 0xB389, 0x0001, 0x4C14, 0x0001, 0x041F, 0x0001, 0xEA20, 0x0001,
    0xF420, 0x0001, 0xEBE0, 0x0001, 0xF340, 0x0001, 0xF3E0, 0x0001, 0xF340, 0x0001, 0xF380, 0x0001,
    0xF3C0, 0x0001, 0xE8E0, 0x0001, 0xC000, 0x0001, 0x18C5, 0x0047, 0xF820, 0x0001, 0xE160, 0x0001,
    0xFBE0, 0x0001, 0xFC60, 0x0001, 0x948B, 0x0001, 0x6CD2, 0x0001, 0x5CD2, 0x0001, 0x055F, 0x0001,
    0x057F, 0x0001, 0x63F1, 0x0001, 0xEBC1, 0x0001, 0xF440, 0x0001, 0xF340, 0x0001, 0xF3C0, 0x0001,
    0xF420, 0x0002, 0xF3A0, 0x0001, 0xF380, 0x0001, 0xFB80, 0x0001, 0xE880, 0x0001, 0x18C5, 0x0046,
    0xE0C0, 0x0001, 0xFB20, 0x0001, 0xF400, 0x0001, 0xEC20, 0x0001, 0xF380, 0x0001, 0xD325, 0x0001,
    0x143B, 0x0001, 0x045F, 0x0001, 0x0C3C, 0x0001, 0x047F, 0x0001, 0xCA44, 0x0001, 0xF9E0, 0x0001,
    0xEA80, 0x0001, 0xF320, 0x0001, 0xF300, 0x0001, 0xF3E0, 0x0002, 0xF440, 0x0001, 0xF340, 0x0001,
    0xF400, 0x0001, 0xF9E0, 0x0001, 0xC800, 0x0001, 0x18C5, 0x0044, 0xE9E0, 0x0001, 0xFB40, 0x0001,
    0xEC40, 0x0001, 0xEB40, 0x0001, 0xF300, 0x0001, 0xEB20, 0x0001, 0xF2E1, 0x0001, 0x23F9, 0x0001,
    0x04FF, 0x0001, 0x0CDC, 0x0001, 0x051F, 0x0001, 0xB347, 0x0001, 0xFB80, 0x0001, 0xEB60, 0x0001,
    0xF360, 0x0002, 0xF1E0, 0x0001, 0xF240, 0x0001, 0xF2E0, 0x0001, 0xF340, 0x0001, 0xEC20, 0x0001,
    0xF380, 0x0001, 0xF0A0, 0x0001, 0x18C5, 0x0004, 0xD080, 0x0001, 0xF980, 0x0001, 0xF1E0, 0x0001,
    0xF120, 0x0001, 0x18C5, 0x003B, 0xD8E0, 0x0001, 0xFA80, 0x0001, 0xEB20, 0x0001, 0xF300, 0x0001,
    0xF2C0, 0x0001, 0xEB60, 0x0001, 0xF400, 0x0001, 0x84AE, 0x0001, 0x44F7, 0x0001, 0x3CF6, 0x0001,
    0x053F, 0x0001, 0x051F, 0x0001, 0xB447, 0x0001, 0xFC00, 0x0001, 0xEC40, 0x0001, 0xF360, 0x0001,
    0xF3A0, 0x0001, 0xF420, 0x0001, 0xF3C0, 0x0001, 0xF2A0, 0x0001, 0xF1A0, 0x0001, 0xF260, 0x0001,
    0xF440, 0x0001, 0xF160, 0x0001, 0x18C5, 0x0003, 0xF960, 0x0001, 0xF380, 0x0002, 0xFC40, 0x0001,
    0xFCA0, 0x0001, 0xFB00, 0x0001, 0xD920, 0x0001, 0x18C5, 0x0038, 0xE140, 0x0001, 0xFA60, 0x0001,
    0xF240, 0x0001, 0xF3A0, 0x0001, 0xEB60, 0x0001, 0xEB80, 0x0001, 0xF400, 0x0001, 0xFBA0, 0x0001,
    0xFB20, 0x0001, 0xFB40, 0x0001, 0xF340, 0x0001, 0x5454, 0x0001, 0x053F, 0x0001, 0xBC26, 0x0001,
    0xFBE0, 0x0001, 0xEBC0, 0x0001, 0xF360, 0x0001, 0xF3E0, 0x0001, 0xF420, 0x0002, 0xF3E0, 0x0001,
    0xF3C0, 0x0001, 0xEA40, 0x0001, 0xE1E0, 0x0001, 0xF9C0, 0x0001, 0x18C5, 0x0002, 0xFA00, 0x0001,
    0xF440, 0x0001, 0xEB40, 0x0001, 0xFC00, 0x0001, 0xDAC0, 0x0001, 0x99E0, 0x0001, 0xF380, 0x0001,
    0xF480, 0x0001, 0xFA80, 0x0001, 0xE140, 0x0001, 0x18C5, 0x0036, 0xF900, 0x0001, 0xE220, 0x0001,
    0xF3C0, 0x0001, 0xF360, 0x0001, 0xF3E0, 0x0001, 0xFC00, 0x0001, 0xD423, 0x0001, 0x44B7, 0x0001,
    0x4457, 0x0001, 0xC3C5, 0x0001, 0xFB40, 0x0001, 0xB367, 0x0001, 0x055F, 0x0001, 0xBC26, 0x0001,
    0xFC00, 0x0001, 0xEB80, 0x0001, 0xF380, 0x0001, 0xF3A0, 0x0001, 0xF320, 0x0001, 0xF340, 0x0001,
    0xF300, 0x0001, 0xF320, 0x0001, 0xEC20, 0x0001, 0xDA00, 0x0001, 0xD880, 0x0001, 0x9000, 0x0001,
    0xC840, 0x0001, 0xF380, 0x0001, 0xEC20, 0x0001, 0xFB60, 0x0001, 0xC920, 0x0001, 0x1800, 0x0001,
    0x5000, 0x0001, 0xFAA0, 0x0001, 0xEB40, 0x0002, 0xFB20, 0x0001, 0xD0E0, 0x0001, 0x18C5, 0x0034,
    0xF8C0, 0x0001, 0xD980, 0x0001, 0xFB20, 0x0001, 0xF3E0, 0x0001, 0xE3E1, 0x0001, 0xDC22, 0x0001,
    0xCC04, 0x0001, 0xF3E1, 0x0001, 0x748F, 0x0001, 0x055F, 0x0001, 0x151B, 0x0001, 0xE402, 0x0001,
    0x946B, 0x0001, 0x057F, 0x0001, 0xCA84, 0x0001, 0xFA00, 0x0001, 0xEB40, 0x0001, 0xF300, 0x0001,
    0xF380, 0x0001, 0xF3E0, 0x0002, 0xF340, 0x0001, 0xF380, 0x0001, 0xF360, 0x0001, 0xEB40, 0x0001,
    0xF1E0, 0x0001, 0x9820, 0x0001, 0xD120, 0x0001, 0xF3C0, 0x0001, 0xF3A0, 0x0001, 0xD0E0, 0x0001,
    0x3042, 0x0001, 0xAD96, 0x0001, 0x632C, 0x0001, 0x8860, 0x0001, 0xFBA0, 0x0001, 0xEB80, 0x0001,
    0xF3A0, 0x0001, 0xD960, 0x0001, 0x18C5, 0x0034, 0xB9A6, 0x0001, 0xFB40, 0x0001, 0xAB48, 0x0001,
    0xFBE0, 0x0001, 0xA449, 0x0001, 0x053F, 0x0001, 0x2CD8, 0x0001, 0xFBE0, 0x0001, 0xB447, 0x0001,
    0x051F, 0x0001, 0x051D, 0x0001, 0x051E, 0x0001, 0x04BD, 0x0001, 0x045F, 0x0001, 0x8B2D, 0x0001,
    0xF3A1, 0x0001, 0xEC00, 0x0001, 0xF400, 0x0001, 0xF360, 0x0001, 0xF3A0, 0x0001, 0xF440, 0x0001,
    0xF3A0, 0x0001, 0xF380, 0x0001, 0xF400, 0x0001, 0xEBC0, 0x0001, 0xFAC0, 0x0001, 0xB040, 0x0001,
    0xC020, 0x0001, 0xF3A0, 0x0001, 0xE1A0, 0x0001, 0x2000, 0x0001, 0x9D75, 0x0001, 0xFFFF, 0x0001,
    0xFFDF, 0x0001, 0x5B2D, 0x0001, 0xB060, 0x0001, 0xF420, 0x0001, 0xFA40, 0x0001, 0xA840, 0x0001,
    0x18C5, 0x0033, 0x035F, 0x0001, 0xA30A, 0x0001, 0xB328, 0x0001, 0x5BB2, 0x0001, 0xF3E0, 0x0001,
    0x54B4, 0x0001, 0x053F, 0x0001, 0xEC00, 0x0001, 0xFBE0, 0x0001, 0x54B5, 0x0001, 0x053E, 0x0001,
    0x049D, 0x0001, 0x047E, 0x0003, 0x049F, 0x0001, 0xF300, 0x0001, 0xF400, 0x0001, 0xEBE0, 0x0001,
    0xF420, 0x0001, 0xF300, 0x0001, 0xF360, 0x0001, 0xF380, 0x0001, 0xF300, 0x0001, 0xF360, 0x0001,
    0xEC20, 0x0001, 0xF3E0, 0x0001, 0xD0A0, 0x0001, 0xA000, 0x0001, 0xF480, 0x0001, 0xE240, 0x0001,
    0x2000, 0x0001, 0xB617, 0x0001, 0xFFBE, 0x0001, 0xF77D, 0x0001, 0xF7BF, 0x0001, 0xD40F, 0x0001,
    0xF340, 0x0001, 0xF900, 0x0001, 0x18C5, 0x0034, 0xD205, 0x0001, 0xD344, 0x0001, 0x041E, 0x0001,
    0xDB22, 0x0001, 0x4CB4, 0x0001, 0x053F, 0x0001, 0x051E, 0x0001, 0x3CD6, 0x0001, 0x44D5, 0x0001,
    0x053F, 0x0001, 0x049D, 0x0001, 0x047E, 0x0001, 0x04BE, 0x0001, 0x053E, 0x0001, 0x051E, 0x0002,
    0x5C72, 0x0001, 0xFBE0, 0x0001, 0xEC00, 0x0001, 0xF360, 0x0001, 0xF2E0, 0x0001, 0xF3A0, 0x0002,
    0xF320, 0x0001, 0xF360, 0x0001, 0xEB80, 0x0001, 0xF3E0, 0x0001, 0xB8C0, 0x0001, 0x7800, 0x0001,
    0xE1E0, 0x0001, 0xF1E0, 0x0001, 0x2800, 0x0001, 0xA595, 0x0001, 0xFFFF, 0x0001, 0xF79E, 0x0001,
    0xFFFF, 0x0001, 0x5B6D, 0x0001, 0xFB60, 0x0001, 0xA140, 0x0001, 0x18C5, 0x0033, 0x031F, 0x0001,
    0x33B9, 0x0001, 0x0C1C, 0x0001, 0x041E, 0x0001, 0x13FB, 0x0001, 0x045F, 0x0001, 0x04FD, 0x0001,
    0x04DD, 0x0001, 0x04FF, 0x0001, 0x051F, 0x0001, 0x047D, 0x0001, 0x047E, 0x0001, 0x053E, 0x0001,
    0x051E, 0x0001, 0x04FE, 0x0001, 0x04FD, 0x0001, 0x051F, 0x0001, 0x14DC, 0x0001, 0xEB81, 0x0001,
    0xEBA0, 0x0001, 0xF3E0, 0x0001, 0xF400, 0x0001, 0xF360, 0x0001, 0xF440, 0x0001, 0xF380, 0x0001,
    0xF400, 0x0001, 0xEBC0, 0x0001, 0xFA80, 0x0001, 0xE060, 0x0001, 0xC8E0, 0x0001, 0x98C0, 0x0001,
    0xFA80, 0x0001, 0x4800, 0x0001, 0x08C3, 0x0001, 0xC5D7, 0x0001, 0xEF7D, 0x0001, 0x528B, 0x0001,
    0xA200, 0x0001, 0xFC60, 0x0001, 0xD1A0, 0x0001, 0x18C5, 0x0032, 0xD800, 0x0001, 0x5A54, 0x0001,
    0x045F, 0x0001, 0x041E, 0x0001, 0x041D, 0x0001, 0x041E, 0x0001, 0x03FD, 0x0001, 0x045E, 0x0001,
    0x047F, 0x0001, 0x045E, 0x0001, 0x041D, 0x0001, 0x03BD, 0x0001, 0x02FD, 0x0001, 0x049D, 0x0001,
    0x051E, 0x0001, 0x04FE, 0x0002, 0x04FD, 0x0001, 0x053F, 0x0001, 0x5433, 0x0001, 0xF9C0, 0x0001,
    0xDA80, 0x0001, 0xEB20, 0x0001, 0xF3A0, 0x0001, 0xF320, 0x0001, 0xF340, 0x0001, 0xEAC0, 0x0001,
    0xFB00, 0x0001, 0xC800, 0x0001, 0xA800, 0x0001, 0xD8E0, 0x0001, 0x9820, 0x0001, 0xFA80, 0x0001,
    0xE1A0, 0x0001, 0x3800, 0x0001, 0x0000, 0x0001, 0x0800, 0x0001, 0xA080, 0x0001, 0xFB60, 0x0001,
    0xFA80, 0x0001, 0xE0C0, 0x0001, 0x18C5, 0x0032, 0xE000, 0x0001, 0xF9A0, 0x0001, 0x03FF, 0x0001,
    0x041D, 0x0001, 0x03FD, 0x0001, 0x041D, 0x0001, 0x041E, 0x0001, 0x025B, 0x0001, 0x01D8, 0x0001,
    0x02BC, 0x0001, 0x03BE, 0x0001, 0x045F, 0x0001, 0x039D, 0x0001, 0x02DD, 0x0001, 0x04DE, 0x0001,
    0x053D, 0x0001, 0x051E, 0x0001, 0x04FD, 0x0001, 0x053E, 0x0001, 0x2C99, 0x0001, 0xC1E6, 0x0001,
    0xD960, 0x0001, 0xD900, 0x0001, 0xF240, 0x0001, 0xF200, 0x0001, 0xF1C0, 0x0001, 0xF280, 0x0001,
    0xF2A0, 0x0001, 0xE9A0, 0x0001, 0x18C5, 0x0001, 0x9800, 0x0002, 0xD0A0, 0x0001, 0xFB40, 0x0001,
    0xFA80, 0x0001, 0x60C0, 0x0001, 0xA980, 0x0001, 0xFBC0, 0x0001, 0xF340, 0x0001, 0xD060, 0x0001,
    0x18C5, 0x0033, 0x480D, 0x0001, 0xDA82, 0x0001, 0x824E, 0x0001, 0x03DF, 0x0001, 0x043E, 0x0001,
    0x03FE, 0x0001, 0x025D, 0x0001, 0x021B, 0x0001, 0x0258, 0x0001, 0x023C, 0x0001, 0x019B, 0x0001,
    0x00F7, 0x0001, 0x01B9, 0x0001, 0x0098, 0x0001, 0x025D, 0x0001, 0x045E, 0x0001, 0x047E, 0x0001,
    0x04FE, 0x0001, 0x04FC, 0x0001, 0x04DF, 0x0001, 0x7CEE, 0x0001, 0xFC60, 0x0001, 0xEBE0, 0x0001,
    0xF200, 0x0001, 0xF320, 0x0001, 0xF400, 0x0001, 0xF420, 0x0001, 0xEBA0, 0x0001, 0xFBC0, 0x0001,
    0xE100, 0x0001, 0x18C5, 0x0003, 0xC0A0, 0x0001, 0xE920, 0x0001, 0xFA00, 0x0001, 0xFBC0, 0x0001,
    0xE1A0, 0x0001, 0xC840, 0x0001, 0x18C5, 0x0034, 0x029F, 0x0001, 0xC207, 0x0001, 0xFA40, 0x0001,
    0xD1A5, 0x0001, 0x5313, 0x0001, 0x0BFE, 0x0001, 0x0B5C, 0x0001, 0x047F, 0x0001, 0x04BF, 0x0001,
    0x045F, 0x0001, 0x03DF, 0x0001, 0x41D1, 0x0001, 0xC802, 0x0001, 0x9003, 0x0001, 0x0013, 0x0001,
    0x00D7, 0x0001, 0x029E, 0x0001, 0x043E, 0x0001, 0x045E, 0x0001, 0x047F, 0x0001, 0x840E, 0x0001,
    0xFB80, 0x0001, 0xEC20, 0x0001, 0xF380, 0x0002, 0xF400, 0x0001, 0xF3E0, 0x0001, 0xF360, 0x0001,
    0xEBC0, 0x0001, 0xFA20, 0x0001, 0x18C5, 0x0005, 0x9840, 0x0001, 0xD880, 0x0001, 0xC000, 0x0001,
    0x18C5, 0x0034, 0x0013, 0x0001, 0x02BD, 0x0001, 0x0B9E, 0x0001, 0xB144, 0x0001, 0xF9A0, 0x0001,
    0xF1A0, 0x0001, 0xF1C0, 0x0001, 0xB124, 0x0001, 0x2339, 0x0001, 0x2AD7, 0x0001, 0x2338, 0x0001,
    0x42D4, 0x0001, 0xF0C0, 0x0001, 0xE8C0, 0x0001, 0x18C5, 0x0003, 0x0078, 0x0001, 0x023B, 0x0001,
    0x027A, 0x0001, 0x019A, 0x0001, 0x04FF, 0x0001, 0xAA07, 0x0001, 0xFA80, 0x0001, 0xEB40, 0x0001,
    0xF300, 0x0001, 0xF320, 0x0003, 0xEAC0, 0x0001, 0xE100, 0x0001, 0x18C5, 0x003B, 0x02BA, 0x0001,
    0x01DC, 0x0001, 0x031E, 0x0001, 0x03BF, 0x0001, 0x035B, 0x0001, 0x79AD, 0x0001, 0xDA22, 0x0001,
    0xFB60, 0x0001, 0xEAE0, 0x0001, 0xE860, 0x0001, 0xE900, 0x0001, 0xE8C0, 0x0001, 0xE040, 0x0001,
    0xF8E0, 0x0001, 0x7849, 0x0001, 0x18C5, 0x0002, 0x0014, 0x0001, 0x0078, 0x0001, 0x00D6, 0x0001,
    0x0137, 0x0001, 0x0096, 0x0001, 0x021D, 0x0001, 0xA148, 0x0001, 0xE8C0, 0x0001, 0xF440, 0x0001,
    0xF360, 0x0001, 0xF3A0, 0x0001, 0xEC20, 0x0001, 0xF420, 0x0001, 0xE180, 0x0001, 0xF060, 0x0001,
    0x18C5, 0x0038, 0x039F, 0x0001, 0x03BD, 0x0001, 0x041F, 0x0001, 0x04FF, 0x0001, 0x051E, 0x0001,
    0x04DE, 0x0001, 0x043D, 0x0001, 0x037D, 0x0001, 0x037F, 0x0001, 0x3319, 0x0001, 0xC141, 0x0001,
    0xE8C0, 0x0001, 0xF260, 0x0001, 0xF380, 0x0001, 0xEB41, 0x0001, 0xD840, 0x0001, 0xA907, 0x0001,
    0x1958, 0x0001, 0x00BA, 0x0001, 0x01FB, 0x0001, 0x023C, 0x0001, 0x029E, 0x0001, 0x033E, 0x0001,
    0x037F, 0x0001, 0x02FD, 0x0001, 0x0099, 0x0001, 0xB945, 0x0001, 0xF0E0, 0x0001, 0xE1C0, 0x0001,
    0xF340, 0x0001, 0xEBA0, 0x0001, 0xEC20, 0x0001, 0xEB00, 0x0001, 0xF9C0, 0x0001, 0x81AD, 0x0001,
    0x01FC, 0x0001, 0x019C, 0x0001, 0x00D9, 0x0001, 0x017B, 0x0001, 0x017D, 0x0001, 0x18C5, 0x0032,
    0x031E, 0x0001, 0x04BF, 0x0001, 0x051E, 0x0001, 0x043D, 0x0001, 0x051D, 0x0001, 0x04FD, 0x0001,
    0x04FE, 0x0001, 0x051E, 0x0001, 0x04FD, 0x0001, 0x043C, 0x0001, 0x039F, 0x0001, 0x133A, 0x0001,
    0x4A13, 0x0001, 0xF1E0, 0x0001, 0xF2E0, 0x0001, 0xFAC0, 0x0001, 0xD800, 0x0001, 0x698D, 0x0001,
    0x017B, 0x0001, 0x01F9, 0x0001, 0x039F, 0x0001, 0x033E, 0x0001, 0x031D, 0x0001, 0x02FD, 0x0002,
    0x031E, 0x0002, 0x90A6, 0x0001, 0xE900, 0x0001, 0xC040, 0x0001, 0xF280, 0x0001, 0xEB40, 0x0001,
    0xFAE0, 0x0001, 0xF180, 0x0001, 0xE080, 0x0001, 0x2257, 0x0001, 0x039F, 0x0001, 0x033E, 0x0001,
    0x02DE, 0x0001, 0x02DF, 0x0002, 0x029D, 0x0001, 0x019E, 0x0001, 0x18C5, 0x002F, 0x043E, 0x0001,
    0x04BF, 0x0001, 0x053D, 0x0001, 0x043D, 0x0001, 0x04DE, 0x0001, 0x04BE, 0x0001, 0x043E, 0x0003,
    0x04DE, 0x0001, 0x04FE, 0x0001, 0x043D, 0x0001, 0x041F, 0x0001, 0x041E, 0x0001, 0x0BDE, 0x0001,
    0x7A6F, 0x0001, 0xD164, 0x0001, 0x9883, 0x0001, 0x03BE, 0x0001, 0x02BD, 0x0001, 0x031E, 0x0001,
    0x02FD, 0x0001, 0x033E, 0x0003, 0x02FD, 0x0001, 0x033F, 0x0001, 0x594E, 0x0001, 0xE900, 0x0001,
    0xC8E0, 0x0001, 0xD080, 0x0001, 0xD140, 0x0001, 0xF300, 0x0001, 0xD164, 0x0001, 0x794C, 0x0001,
    0x037E, 0x0001, 0x021B, 0x0001, 0x02BD, 0x0001, 0x031D, 0x0001, 0x033E, 0x0001, 0x023D, 0x0001,
    0x01FC, 0x0001, 0x029D, 0x0001, 0x031F, 0x0001, 0x023D, 0x0001, 0x019C, 0x0001, 0x18C5, 0x002C,
    0x03FE, 0x0001, 0x055F, 0x0001, 0x04BD, 0x0001, 0x045E, 0x0001, 0x03FE, 0x0001, 0x047E, 0x0002,
    0x051E, 0x0003, 0x045E, 0x0001, 0x041E, 0x0001, 0x03FE, 0x0001, 0x041D, 0x0001, 0x035D, 0x0001,
    0x03DE, 0x0001, 0x045F, 0x0001, 0x037E, 0x0001, 0x5A2F, 0x0001, 0x033E, 0x0001, 0x023D, 0x0001,
    0x033E, 0x0001, 0x02FD, 0x0001, 0x025D, 0x0002, 0x027D, 0x0001, 0x035E, 0x0001, 0x039F, 0x0001,
    0x796D, 0x0001, 0xFA40, 0x0001, 0xEB40, 0x0001, 0xD080, 0x0001, 0xD900, 0x0001, 0xF960, 0x0001,
    0x0B5C, 0x0001, 0x045F, 0x0001, 0x043E, 0x0001, 0x035E, 0x0001, 0x013A, 0x0001, 0x031E, 0x0001,
    0x02FE, 0x0001, 0x031E, 0x0002, 0x01FC, 0x0001, 0x023C, 0x0001, 0x031E, 0x0001, 0x033E, 0x0001,
    0x021D, 0x0001, 0x025F, 0x0001, 0x01DD, 0x0001, 0x18C5, 0x0028, 0x02DF, 0x0001, 0x043F, 0x0001,
    0x045D, 0x0001, 0x049E, 0x0001, 0x045E, 0x0001, 0x03FE, 0x0001, 0x047E, 0x0001, 0x051E, 0x0001,
    0x04FE, 0x0003, 0x053E, 0x0001, 0x051E, 0x0001, 0x043E, 0x0001, 0x041E, 0x0001, 0x03DE, 0x0001,
    0x035E, 0x0001, 0x041D, 0x0002, 0x04BF, 0x0001, 0x029A, 0x0001, 0x01BA, 0x0001, 0x035E, 0x0001,
    0x02DD, 0x0001, 0x023C, 0x0001, 0x025D, 0x0001, 0x019C, 0x0001, 0x00F6, 0x0001, 0x021C, 0x0001,
    0x79CE, 0x0001, 0xFA20, 0x0001, 0xEB80, 0x0001, 0xE1E0, 0x0001, 0xE960, 0x0001, 0x936C, 0x0001,
    0x0BDD, 0x0001, 0x041D, 0x0001, 0x041E, 0x0001, 0x03BE, 0x0001, 0x0095, 0x0001, 0x02FE, 0x0001,
    0x031E, 0x0001, 0x02FE, 0x0002, 0x037E, 0x0001, 0x023C, 0x0001, 0x01BC, 0x0001, 0x031E, 0x0001,
    0x033E, 0x0001, 0x035E, 0x0001, 0x025F, 0x0001, 0x18C5, 0x0027, 0x0056, 0x0001, 0x027F, 0x0001,
    0x047D, 0x0001, 0x04DE, 0x0001, 0x053E, 0x0001, 0x04BE, 0x0001, 0x03DE, 0x0001, 0x04FE, 0x0001,
    0x051E, 0x0001, 0x04FE, 0x0001, 0x051E, 0x0001, 0x053E, 0x0001, 0x04FE, 0x0001, 0x03DE, 0x0002,
    0x041E, 0x0001, 0x03BD, 0x0001, 0x035E, 0x0001, 0x043E, 0x0001, 0x03DD, 0x0001, 0x047E, 0x0001,
    0x0259, 0x0001, 0x0158, 0x0001, 0x039F, 0x0001, 0x031D, 0x0001, 0x035E, 0x0002, 0x02FE, 0x0001,
    0x021A, 0x0001, 0x017D, 0x0001, 0x58AD, 0x0001, 0xF100, 0x0001, 0xF320, 0x0001, 0xD9E0, 0x0001,
    0xF060, 0x0001, 0x33D8, 0x0001, 0x043F, 0x0001, 0x03FD, 0x0001, 0x041E, 0x0002, 0x00B5, 0x0001,
    0x02FD, 0x0001, 0x031D, 0x0003, 0x02FD, 0x0001, 0x033F, 0x0001, 0x00D7, 0x0001, 0x027C, 0x0001,
    0x033E, 0x0001, 0x035E, 0x0001, 0x0139, 0x0001, 0x18C5, 0x0022, 0x02FD, 0x0001, 0x033E, 0x0001,
    0x03BE, 0x0001, 0x045E, 0x0001, 0x041D, 0x0001, 0x035E, 0x0001, 0x03BD, 0x0001, 0x055E, 0x0001,
    0x053E, 0x0001, 0x04BE, 0x0001, 0x03DE, 0x0001, 0x04BE, 0x0001, 0x051E, 0x0002, 0x053E, 0x0001,
    0x051E, 0x0001, 0x04BE, 0x0001, 0x03BE, 0x0001, 0x035E, 0x0001, 0x03FD, 0x0001, 0x043D, 0x0001,
    0x037D, 0x0001, 0x025C, 0x0001, 0x043E, 0x0001, 0x03FD, 0x0001, 0x041E, 0x0001, 0x0137, 0x0002,
    0x029C, 0x0001, 0x029D, 0x0003, 0x02BD, 0x0001, 0x02DE, 0x0001, 0x02BD, 0x0001, 0x031E, 0x0001,
    0x90A7, 0x0001, 0xF1A0, 0x0001, 0xF980, 0x0001, 0x7AAE, 0x0001, 0x045E, 0x0001, 0x03DD, 0x0001,
    0x03FE, 0x0001, 0x03FD, 0x0001, 0x043D, 0x0001, 0x00B7, 0x0001, 0x033F, 0x0001, 0x031F, 0x0001,
    0x02FF, 0x0001, 0x031E, 0x0001, 0x027D, 0x0001, 0x015A, 0x0001, 0x0076, 0x0001, 0x025B, 0x0001,
    0x027C, 0x0001, 0x00D8, 0x0001, 0x0014, 0x0001, 0x18C5, 0x0020, 0xB000, 0x0001, 0xE8A0, 0x0001,
    0x1B5B, 0x0001, 0x04BF, 0x0001, 0x055E, 0x0001, 0x04FE, 0x0001, 0x041E, 0x0001, 0x02FE, 0x0001,
    0x041E, 0x0001, 0x04DE, 0x0001, 0x049E, 0x0001, 0x041E, 0x0001, 0x03FE, 0x0001, 0x04DE, 0x0001,
    0x051E, 0x0001, 0x04BE, 0x0001, 0x045E, 0x0001, 0x03DE, 0x0001, 0x031D, 0x0001, 0x035D, 0x0001,
    0x043D, 0x0001, 0x047E, 0x0001, 0x043F, 0x0001, 0x01BD, 0x0001, 0x02BF, 0x0001, 0x04DE, 0x0001,
    0x041F, 0x0001, 0x01DC, 0x0001, 0x0098, 0x0001, 0x0096, 0x0001, 0x00F7, 0x0001, 0x025D, 0x0001,
    0x023D, 0x0001, 0x021C, 0x0002, 0x01FC, 0x0001, 0x025C, 0x0001, 0x039F, 0x0001, 0x6085, 0x0001,
    0xEA60, 0x0001, 0xFA60, 0x0001, 0x726F, 0x0001, 0x03DF, 0x0001, 0x02FD, 0x0001, 0x041D, 0x0001,
    0x045E, 0x0001, 0x03BF, 0x0001, 0x0070, 0x0001, 0x0211, 0x0001, 0x0150, 0x0001, 0x00B5, 0x0001,
    0x00F9, 0x0001, 0x00B7, 0x0001, 0x0075, 0x0001, 0x013A, 0x0001, 0x017C, 0x0001, 0x0035, 0x0001,
    0x0016, 0x0001, 0x18C5, 0x0020, 0xB000, 0x0001, 0xE020, 0x0001, 0xFA80, 0x0001, 0x1C5A, 0x0001,
    0x04FE, 0x0001, 0x047D, 0x0001, 0x041E, 0x0001, 0x03FE, 0x0001, 0x03BE, 0x0001, 0x041E, 0x0001,
    0x03FE, 0x0001, 0x041E, 0x0001, 0x027D, 0x0001, 0x025D, 0x0001, 0x027C, 0x0002, 0x035D, 0x0001,
    0x037D, 0x0001, 0x039E, 0x0001, 0x047E, 0x0002, 0x035E, 0x0001, 0x023B, 0x0001, 0x0159, 0x0001,
    0x0009, 0x0001, 0x0131, 0x0001, 0x01FC, 0x0001, 0x014F, 0x0001, 0x0009, 0x0001, 0x00F2, 0x0001,
    0x00DB, 0x0001, 0x019A, 0x0002, 0x01DB, 0x0001, 0x029E, 0x0001, 0x027D, 0x0003, 0x027E, 0x0001,
    0x2933, 0x0001, 0xD0E1, 0x0001, 0xFA80, 0x0001, 0x724F, 0x0001, 0x03BF, 0x0001, 0x03BD, 0x0001,
    0x03BE, 0x0001, 0x02DC, 0x0001, 0x00AD, 0x0001, 0x0000, 0x0001, 0x0009, 0x0001, 0x00AC, 0x0001,
    0x00B4, 0x0001, 0x00B7, 0x0001, 0x00F8, 0x0001, 0x01BD, 0x0001, 0x017B, 0x0001, 0x01BC, 0x0001,
    0x017C, 0x0001, 0x0014, 0x0001, 0x18C5, 0x0020, 0xE020, 0x0001, 0xEA00, 0x0001, 0xFB00, 0x0001,
    0x1BFA, 0x0001, 0x043E, 0x0001, 0x03FD, 0x0001, 0x03FE, 0x0001, 0x041E, 0x0003, 0x039E, 0x0001,
    0x027D, 0x0001, 0x01BB, 0x0001, 0x0119, 0x0001, 0x02BF, 0x0001, 0x031E, 0x0001, 0x03FE, 0x0001,
    0x041E, 0x0001, 0x02BE, 0x0001, 0x0137, 0x0001, 0x00F6, 0x0001, 0x0078, 0x0001, 0x0014, 0x0001,
    0x18C5, 0x000A, 0x0014, 0x0001, 0x0057, 0x0001, 0x0035, 0x0001, 0x0036, 0x0002, 0x0035, 0x0001,
    0x0078, 0x0001, 0xA842, 0x0001, 0xF980, 0x0001, 0x72CF, 0x0001, 0x047F, 0x0001, 0x023B, 0x0001,
    0x01DC, 0x0001, 0x013B, 0x0001, 0x00F3, 0x0001, 0x0030, 0x0001, 0x0099, 0x0001, 0x01DF, 0x0001,
    0x01BE, 0x0001, 0x01BD, 0x0002, 0x019C, 0x0003, 0x0057, 0x0001, 0x0012, 0x0001, 0x18C5, 0x0001,
    0xC840, 0x0001, 0xF1A0, 0x0001, 0x18C5, 0x0004, 0xE920, 0x0001, 0xD120, 0x0001, 0x18C5, 0x0016,
    0xB040, 0x0001, 0xFA60, 0x0001, 0xF280, 0x0001, 0xF200, 0x0001, 0x0BBC, 0x0001, 0x041E, 0x0001,
    0x03FD, 0x0001, 0x043E, 0x0002, 0x03DE, 0x0001, 0x03FE, 0x0001, 0x041D, 0x0001, 0x02FF, 0x0001,
    0x0133, 0x0001, 0x0006, 0x0001, 0x0077, 0x0001, 0x0094, 0x0001, 0x0074, 0x0001, 0x0054, 0x0001,
    0x0015, 0x0001, 0x18C5, 0x0015, 0x8000, 0x0001, 0xF8E0, 0x0001, 0x6B10, 0x0001, 0x03BF, 0x0001,
    0x03BC, 0x0001, 0x03BD, 0x0001, 0x041E, 0x0001, 0x03FF, 0x0001, 0x133B, 0x0001, 0x18D6, 0x0001,
    0x1030, 0x0001, 0x10F6, 0x0001, 0x1179, 0x0001, 0x1158, 0x0001, 0x1179, 0x0001, 0x1095, 0x0001,
    0x9003, 0x0001, 0x7801, 0x0001, 0x18C5, 0x0002, 0xD860, 0x0001, 0xFAA0, 0x0001, 0xA800, 0x0001,
    0x18C5, 0x0003, 0xFA80, 0x0001, 0xD940, 0x0001, 0x18C5, 0x0016, 0xD8E0, 0x0001, 0xF280, 0x0001,
    0xE9C0, 0x0001, 0xE0A0, 0x0001, 0x41D3, 0x0001, 0x047F, 0x0001, 0x043D, 0x0001, 0x037D, 0x0002,
    0x02FE, 0x0001, 0x03BE, 0x0001, 0x041D, 0x0001, 0x02BF, 0x0001, 0x0010, 0x0001, 0x18C5, 0x001C,
    0xC920, 0x0001, 0xA24A, 0x0001, 0x02FF, 0x0001, 0x0C5D, 0x0001, 0x043F, 0x0001, 0x1BBA, 0x0001,
    0x4B15, 0x0001, 0xD9A1, 0x0001, 0xF0E0, 0x0001, 0xE140, 0x0001, 0xB000, 0x0001, 0xB800, 0x0002,
    0xB000, 0x0001, 0xB800, 0x0001, 0x8800, 0x0001, 0x18C5, 0x0003, 0xFA00, 0x0001, 0xF1C0, 0x0001,
    0x18C5, 0x0004, 0xFAA0, 0x0001, 0xC040, 0x0001, 0x18C5, 0x0015, 0xC800, 0x0001, 0xF1C0, 0x0001,
    0xE160, 0x0001, 0xE080, 0x0001, 0xD880, 0x0001, 0xE840, 0x0001, 0x4273, 0x0001, 0x039F, 0x0001,
    0x023D, 0x0001, 0x035D, 0x0001, 0x03BE, 0x0001, 0x043D, 0x0001, 0x035E, 0x0001, 0x00D9, 0x0001,
    0x18C5, 0x001D, 0x98A0, 0x0001, 0xFA80, 0x0001, 0xA1E9, 0x0001, 0x037F, 0x0001, 0x0AFD, 0x0001,
    0xC0C5, 0x0001, 0xFAA0, 0x0001, 0xF360, 0x0001, 0xF2A0, 0x0001, 0xE100, 0x0001, 0xC000, 0x0001,
    0x9800, 0x0001, 0x8800, 0x0001, 0x18C5, 0x0001, 0x7800, 0x0001, 0x18C5, 0x0003, 0xC800, 0x0001,
    0xFA80, 0x0001, 0xC000, 0x0001, 0x18C5, 0x0001, 0xB800, 0x0001, 0xB000, 0x0001, 0xF160, 0x0002,
    0x18C5, 0x0015, 0xC800, 0x0001, 0xD800, 0x0001, 0xF160, 0x0001, 0xD8E0, 0x0001, 0xC020, 0x0001,
    0xE0E0, 0x0001, 0xF160, 0x0001, 0xE120, 0x0001, 0xB0E8, 0x0001, 0x2956, 0x0001, 0x039F, 0x0001,
    0x043E, 0x0001, 0x043F, 0x0001, 0x039F, 0x0001, 0x0054, 0x0001, 0x18C5, 0x001D, 0xA000, 0x0001,
    0xE9E0, 0x0001, 0xFAE0, 0x0001, 0xB307, 0x0001, 0xBA25, 0x0001, 0xF9A0, 0x0001, 0xD181, 0x0001,
    0xD8C0, 0x0001, 0xF260, 0x0001, 0xE9A0, 0x0001, 0xE9C0, 0x0001, 0xB860, 0x0001, 0x18C5, 0x0006,
    0xF0C0, 0x0001, 0xC8C0, 0x0001, 0xE980, 0x0001, 0xFAE0, 0x0001, 0xD0A0, 0x0001, 0xE180, 0x0001,
    0xE0A0, 0x0001, 0xC020, 0x0001, 0x18C5, 0x0014, 0xB800, 0x0001, 0xE8E0, 0x0001, 0xD880, 0x0001,
    0xD8E0, 0x0001, 0xC8A0, 0x0001, 0xF1A0, 0x0001, 0xC8A0, 0x0001, 0xB860, 0x0001, 0xE0C0, 0x0001,
    0xF940, 0x0001, 0xE121, 0x0001, 0xD983, 0x0001, 0xE103, 0x0001, 0x69AE, 0x0001, 0x017A, 0x0001,
    0x18C5, 0x001F, 0xB000, 0x0001, 0xE240, 0x0001, 0xF280, 0x0001, 0xE8E0, 0x0001, 0xF340, 0x0001,
    0xE240, 0x0001, 0xE940, 0x0001, 0xF280, 0x0001, 0xF300, 0x0001, 0xF260, 0x0001, 0xE9E0, 0x0001,
    0x8800, 0x0001, 0x18C5, 0x0004, 0xE900, 0x0001, 0xFAC0, 0x0001, 0xB8A0, 0x0001, 0xC1A0, 0x0001,
    0xB9C0, 0x0001, 0xE140, 0x0001, 0xEA40, 0x0001, 0xE960, 0x0001, 0x18C5, 0x0014, 0xB000, 0x0001,
    0xE060, 0x0001, 0xE980, 0x0001, 0xC020, 0x0001, 0xB000, 0x0001, 0xE920, 0x0001, 0xF120, 0x0001,
    0xE900, 0x0001, 0xF120, 0x0001, 0xE0C0, 0x0001, 0xA800, 0x0001, 0xB000, 0x0002, 0xA800, 0x0001,
    0x8800, 0x0001, 0x18C5, 0x0020, 0x8800, 0x0001, 0x9000, 0x0001, 0xA000, 0x0001, 0xC040, 0x0001,
    0xE940, 0x0001, 0xE8A0, 0x0001, 0xF2E0, 0x0001, 0xF220, 0x0001, 0xEA00, 0x0001, 0xF2A0, 0x0001,
    0xD940, 0x0001, 0xE9C0, 0x0001, 0xB040, 0x0001, 0xB000, 0x0001, 0x18C5, 0x0002, 0xFAA0, 0x0001,
    0xF320, 0x0001, 0xB820, 0x0001, 0xB0A0, 0x0001, 0xC080, 0x0001, 0xD200, 0x0001, 0xA900, 0x0001,
    0xF260, 0x0001, 0xB000, 0x0001, 0x18C5, 0x0012, 0xC800, 0x0001, 0xE8E0, 0x0001, 0xD8C0, 0x0001,
    0xC8C0, 0x0001, 0xC040, 0x0001, 0xB000, 0x0001, 0xC800, 0x0002, 0xA000, 0x0002, 0xA800, 0x0001,
    0x9000, 0x0001, 0x7000, 0x0001, 0x18C5, 0x0022, 0x8000, 0x0001, 0xB000, 0x0001, 0xB800, 0x0001,
    0xA000, 0x0001, 0x8800, 0x0001, 0xA800, 0x0001, 0xB0A0, 0x0001, 0xD180, 0x0001, 0xE9E0, 0x0001,
    0xFAA0, 0x0001, 0xE900, 0x0001, 0xF260, 0x0001, 0xF340, 0x0001, 0xE9E0, 0x0001, 0xFA00, 0x0001,
    0xE0C0, 0x0001, 0xE9A0, 0x0001, 0xF360, 0x0001, 0xE160, 0x0001, 0xE080, 0x0001, 0xF9C0, 0x0001,
    0xC8A0, 0x0001, 0xA8E0, 0x0001, 0x9900, 0x0001, 0xC920, 0x0001, 0x9000, 0x0001, 0x18C5, 0x0010,
    0xB800, 0x0001, 0xE0A0, 0x0001, 0xD060, 0x0001, 0xD0A0, 0x0001, 0xC840, 0x0003, 0xA800, 0x0001,
    0x18C5, 0x0028, 0x8000, 0x0001, 0xB000, 0x0003, 0xA800, 0x0001, 0x8800, 0x0001, 0x8000, 0x0001,
    0x8800, 0x0001, 0xB000, 0x0002, 0x98C0, 0x0001, 0xA840, 0x0001, 0xD840, 0x0001, 0xF1C0, 0x0001,
    0xF1A0, 0x0001, 0xF300, 0x0001, 0xFB00, 0x0001, 0xF320, 0x0001, 0xF360, 0x0001, 0xD8E0, 0x0001,
    0xE920, 0x0001, 0xF1A0, 0x0001, 0xF980, 0x0001, 0xB820, 0x0001, 0x9800, 0x0001, 0x18C5, 0x000F,
    0xB800, 0x0001, 0xD860, 0x0001, 0xE960, 0x0001, 0xF960, 0x0001, 0xD0C0, 0x0001, 0xC000, 0x0001,
    0xB000, 0x0001, 0xB800, 0x0001, 0xB000, 0x0001, 0x18C5, 0x002A, 0x8000, 0x0001, 0xB800, 0x0001,
    0xB000, 0x0003, 0x9800, 0x0002, 0xA800, 0x0001, 0xA000, 0x0001, 0xB000, 0x0001, 0x8800, 0x0001,
    0x9800, 0x0001, 0xB800, 0x0001, 0x8820, 0x0001, 0xA020, 0x0001, 0xB020, 0x0001, 0xE280, 0x0001,
    0xF320, 0x0001, 0xD9A0, 0x0001, 0xE0A0, 0x0001, 0xF980, 0x0001, 0xE900, 0x0001, 0xD880, 0x0001,
    0xF240, 0x0001, 0xFA80, 0x0001, 0xF9A0, 0x0001, 0xD000, 0x0001, 0x18C5, 0x000C, 0xF180, 0x0001,
    0xFAC0, 0x0001, 0xF380, 0x0002, 0xFB00, 0x0001, 0xE060, 0x0001, 0xB800, 0x0001, 0x8000, 0x0001,
    0x18C5, 0x002D, 0x8000, 0x0001, 0x7800, 0x0001, 0x8000, 0x0001, 0x7000, 0x0001, 0x0000, 0x0003,
    0x0800, 0x0001, 0x9800, 0x0001, 0xB000, 0x0003, 0xA000, 0x0001, 0x8000, 0x0001, 0x8800, 0x0002,
    0xB800, 0x0001, 0x9000, 0x0001, 0x9800, 0x0001, 0xB000, 0x0001, 0xA000, 0x0001, 0x7000, 0x0001,
    0x9800, 0x0001, 0xD020, 0x0001, 0xFA80, 0x0001, 0xFB00, 0x0001, 0xE900, 0x0001, 0x18C5, 0x000A,
    0xD9E0, 0x0001, 0xFB40, 0x0001, 0xEB40, 0x0001, 0xEB20, 0x0001, 0xF3E0, 0x0001, 0xD980, 0x0001,
    0xA000, 0x0001, 0x8000, 0x0001, 0x18C5, 0x0036, 0x8000, 0x0001, 0x7800, 0x0004, 0x8000, 0x0002,
    0x7800, 0x0001, 0x8000, 0x0001, 0x18C5, 0x0007, 0xB820, 0x0001, 0xE1C0, 0x0001, 0xFB00, 0x0001,
    0xE8C0, 0x0001, 0x18C5, 0x0006, 0xE000, 0x0001, 0xE220, 0x0001, 0xFB60, 0x0001, 0xF3C0, 0x0001,
    0xEB80, 0x0001, 0xEBA0, 0x0001, 0xFC40, 0x0001, 0xC0E0, 0x0001, 0x18C5, 0x004B, 0xA8A0, 0x0001,
    0xA840, 0x0001, 0x18C5, 0x0004, 0xD020, 0x0001, 0xF1C0, 0x0001, 0xFB80, 0x0001, 0xF400, 0x0001,
    0xEB60, 0x0002, 0xEBE0, 0x0001, 0xFBC0, 0x0001, 0xC100, 0x0001, 0x18C5, 0x0051, 0xF1A0, 0x0001,
    0xFBA0, 0x0001, 0xF360, 0x0001, 0xEB40, 0x0001, 0xEB00, 0x0001, 0xEA00, 0x0001, 0xF200, 0x0001,
    0xF260, 0x0001, 0xC860, 0x0001, 0x18C5, 0x0051, 0xF9C0, 0x0001, 0xFBC0, 0x0001, 0xEC20, 0x0002,
    0xF340, 0x0001, 0xEBE0, 0x0001, 0xF4C0, 0x0001, 0xFB20, 0x0001, 0xB060, 0x0001, 0x18C5, 0x0051,
    0xD880, 0x0001, 0xFB20, 0x0001, 0xEC00, 0x0001, 0xF400, 0x0001, 0xF2A0, 0x0001, 0xF3C0, 0x0001,
    0xF300, 0x0001, 0xF1A0, 0x0001, 0xC0E0, 0x0001, 0x18C5, 0x0052, 0xC860, 0x0001, 0xF1C0, 0x0002,
    0xE9E0, 0x0001, 0xD840, 0x0001, 0xD0C0, 0x0001, 0xA820, 0x0001, 0x18C5, 0x0054, 0x18C5, 0x0094,
    0xD820, 0x0001, 0x18C5, 0x0006, 0xF120, 0x0001, 0x18C5, 0x0052, 0xD000, 0x0001, 0xF9A0, 0x0001,
    0xB820, 0x0001, 0x18C5, 0x0004, 0xE1A0, 0x0001, 0xF900, 0x0001, 0x18C5, 0x0052, 0xC000, 0x0001,
    0xFA80, 0x0001, 0xD040, 0x0001, 0x18C5, 0x0004, 0xD960, 0x0001, 0xE1A0, 0x0001, 0x18C5, 0x0052,
    0xF1C0, 0x0001, 0xE100, 0x0001, 0x18C5, 0x0005, 0xFA20, 0x0001, 0xE160, 0x0001, 0x18C5, 0x0052,
    0xFA20, 0x0001, 0xD060, 0x0001, 0x18C5, 0x0001, 0xC840, 0x0002, 0x18C5, 0x0001, 0xB8A0, 0x0001,
    0xFA40, 0x0001, 0x18C5, 0x0053, 0xFA00, 0x0001, 0xD960, 0x0001, 0xF1C0, 0x0001, 0xD1C0, 0x0001,
    0xD1A0, 0x0001, 0xD8E0, 0x0001, 0xD120, 0x0001, 0xE180, 0x0001, 0x18C5, 0x0053, 0xF9C0, 0x0001,
    0xF3A0, 0x0001, 0xEAC0, 0x0001, 0xD0E0, 0x0001, 0xE2C0, 0x0001, 0xC8A0, 0x0001, 0xFA60, 0x0001,
    0xC800, 0x0001, 0x18C5, 0x0053, 0xFA80, 0x0001, 0xF320, 0x0001, 0xEA80, 0x0002, 0xF340, 0x0001,
    0xF280, 0x0001, 0xF260, 0x0001, 0xB000, 0x0001, 0x18C5, 0x0052, 0xE900, 0x0001, 0xF2C0, 0x0001,
    0xEB00, 0x0001, 0xF300, 0x0001, 0xF320, 0x0001, 0xEAE0, 0x0001, 0xF300, 0x0001, 0xB820, 0x0001,
    0x18C5, 0x0053, 0xD820, 0x0001, 0xE9C0, 0x0001, 0xF260, 0x0001, 0xF320, 0x0001, 0xF2E0, 0x0001,
    0xEB00, 0x0001, 0xFAE0, 0x0001, 0xD840, 0x0001, 0x18C5, 0x0052, 0xF1A0, 0x0001, 0xE280, 0x0001,
    0xF2C0, 0x0001, 0xF220, 0x0001, 0xE1C0, 0x0001, 0xF320, 0x0001, 0xEAE0, 0x0001, 0xF320, 0x0001,
    0xF280, 0x0001, 0xE080, 0x0001, 0xD800, 0x0001, 0x18C5, 0x004E, 0xA800, 0x0001, 0xE9C0, 0x0001,
    0xFAA0, 0x0001, 0xF2A0, 0x0001, 0xFA20, 0x0001, 0xC920, 0x0001, 0xD000, 0x0001, 0xF260, 0x0001,
    0xF320, 0x0001, 0xF200, 0x0001, 0xFA00, 0x0001, 0xFAA0, 0x0001, 0xFA40, 0x0001, 0xFAE0, 0x0001,
    0xE980, 0x0001, 0x18C5, 0x004C, 0xF100, 0x0001, 0xFA20, 0x0001, 0xEA00, 0x0001, 0xE140, 0x0001,
    0xD160, 0x0001, 0x18C5, 0x0003, 0xD040, 0x0001, 0xD000, 0x0001, 0xB000, 0x0001, 0xB860, 0x0001,
    0xD060, 0x0001, 0xEA60, 0x0001, 0xFAE0, 0x0001, 0xB040, 0x0001, 0x18C5, 0x004A, 0xFA20, 0x0001,
    0xF240, 0x0001, 0xEA60, 0x0001, 0xE9C0, 0x0001, 0xE9E0, 0x0001, 0x18C5, 0x0009, 0x7000, 0x0001,
    0xFAC0, 0x0001, 0x18C5, 0x0049, 0xC000, 0x0001, 0xE040, 0x0001, 0xE120, 0x0001, 0xF2A0, 0x0001,
    0xEB00, 0x0001, 0xE100, 0x0001, 0xF160, 0x0001, 0x18C5, 0x0053, 0xC800, 0x0001, 0xF9C0, 0x0001,
    0xE940, 0x0001, 0xEA80, 0x0001, 0xE140, 0x0001, 0xE9C0, 0x0001, 0xF240, 0x0001, 0xD000, 0x0001,
    0x18C5, 0x0053, 0xF200, 0x0001, 0xFA20, 0x0001, 0xEB20, 0x0001, 0xFB60, 0x0001, 0xC8A1, 0x0001,
    0xD000, 0x0001, 0xF360, 0x0001, 0xF9A0, 0x0001, 0x18C5, 0x0052, 0xC000, 0x0001, 0xF1C0, 0x0001,
    0xEA40, 0x0001, 0xFA80, 0x0001, 0xD902, 0x0001, 0x22D9, 0x0001, 0x718C, 0x0001, 0xF900, 0x0001,
    0xE180, 0x0001, 0x18C5, 0x0052, 0xE8C0, 0x0001, 0xE960, 0x0001, 0xF2C0, 0x0001, 0xC8A3, 0x0001,
    0x2B18, 0x0001, 0x047F, 0x0001, 0x045F, 0x0001, 0x896B, 0x0001, 0xC800, 0x0001, 0x18C5, 0x0051,
    0x9800, 0x0001, 0xE9A0, 0x0001, 0xF340, 0x0001, 0xF940, 0x0001, 0x9108, 0x0001, 0x04BF, 0x0001,
    0x0BDC, 0x0001, 0x045F, 0x0001, 0x2B1A, 0x0001, 0xC000, 0x0001, 0x18C5, 0x0051, 0x98E0, 0x0001,
    0xE980, 0x0001, 0xD9C0, 0x0001, 0xFAA0, 0x0001, 0xA106, 0x0001, 0x141D, 0x0001, 0x03FD, 0x0001,
    0x02DE, 0x0001, 0x0812, 0x0001, 0x18C5, 0x0053, 0xB160, 0x0001, 0xE960, 0x0001, 0xE200, 0x0001,
    0xF9E0, 0x0001, 0x618E, 0x0001, 0x045F, 0x0001, 0x01FB, 0x0001, 0x00F8, 0x0001, 0x18C5, 0x0054,
    0xA940, 0x0001, 0xE1A0, 0x0001, 0xF200, 0x0001, 0xB167, 0x0001, 0x13BC, 0x0001, 0x047E, 0x0001,
    0x03FF, 0x0001, 0x037E, 0x0001, 0x18C5, 0x0054, 0xC940, 0x0001, 0xF220, 0x0001, 0xF140, 0x0001,
    0xB945, 0x0001, 0x0B9C, 0x0001, 0x043E, 0x0001, 0x041E, 0x0001, 0x03DF, 0x0001, 0x01BC, 0x0001,
    0x18C5, 0x0052, 0x8800, 0x0001, 0xD040, 0x0001, 0xD9C0, 0x0001, 0xFA20, 0x0001, 0xB8A3, 0x0001,
    0x03BC, 0x0001, 0x043E, 0x0001, 0x043D, 0x0001, 0x03DF, 0x0001, 0x01BC, 0x0001, 0x18C5, 0x0052,
    0xA0C0, 0x0001, 0xF1A0, 0x0001, 0xE260, 0x0001, 0xFAE0, 0x0001, 0xB904, 0x0001, 0x1BFC, 0x0001,
    0x043E, 0x0001, 0x043C, 0x0001, 0x03BF, 0x0001, 0x095A, 0x0001, 0x18C5, 0x0052, 0xD8A0, 0x0001,
    0xE180, 0x0001, 0xE2E0, 0x0001, 0xFB00, 0x0001, 0xC9A5, 0x0001, 0x133C, 0x0001, 0x047F, 0x0001,
    0x049F, 0x0001, 0x039F, 0x0001, 0x18C5, 0x0052, 0xA920, 0x0001, 0xE900, 0x0001, 0xF1C0, 0x0001,
    0xEB60, 0x0001, 0xFA20, 0x0001, 0xB045, 0x0001, 0x714A, 0x0001, 0x7149, 0x0001, 0x812B, 0x0001,
    0xA805, 0x0001, 0xC800, 0x0001, 0x18C5, 0x0051, 0xC020, 0x0001, 0xF220, 0x0001, 0xD8A0, 0x0001,
    0xEA20, 0x0001, 0xF2E0, 0x0001, 0xF140, 0x0001, 0xD000, 0x0001, 0xD0A0, 0x0001, 0xFA20, 0x0001,
    0xE020, 0x0001, 0xD000, 0x0001, 0xD860, 0x0001, 0x18C5, 0x004F, 0x7000, 0x0001, 0xD020, 0x0001,
    0xE0E0, 0x0001, 0xE160, 0x0001, 0xF320, 0x0001, 0xEB40, 0x0001, 0xEAA0, 0x0001, 0xC060, 0x0001,
    0xD180, 0x0001, 0xF220, 0x0001, 0xE0A0, 0x0001, 0xF2C0, 0x0001, 0xE9C0, 0x0001, 0xC040, 0x0001,
    0x18C5, 0x004E, 0x9800, 0x0001, 0xB080, 0x0001, 0xF240, 0x0001, 0xF220, 0x0001, 0xEAE0, 0x0001,
    0xF340, 0x0001, 0xEA80, 0x0001, 0xD020, 0x0001, 0xEAA0, 0x0001, 0xEB20, 0x0001, 0xE160, 0x0001,
    0xF340, 0x0001, 0xFA80, 0x0001, 0xA800, 0x0001, 0x18C5, 0x004F, 0xB840, 0x0001, 0xEA20, 0x0001,
    0xFA20, 0x0001, 0xEA00, 0x0001, 0xF3A0, 0x0001, 0xD900, 0x0001, 0xE140, 0x0001, 0xF220, 0x0001,
    0xF1E0, 0x0001, 0xE960, 0x0001, 0xF300, 0x0001, 0xE100, 0x0001, 0x18C5, 0x0050, 0xA881, 0x0001,
    0xC841, 0x0001, 0xF240, 0x0001, 0xF1A0, 0x0001, 0xE960, 0x0002, 0xF280, 0x0001, 0xF2C0, 0x0001,
    0xF200, 0x0001, 0xF1C0, 0x0001, 0xE060, 0x0001, 0xB000, 0x0001, 0x18C5, 0x004C, 0x033F, 0x0001,
    0x33F8, 0x0001, 0x13DB, 0x0001, 0x049F, 0x0001, 0x3151, 0x0001, 0xE9E0, 0x0001, 0xF340, 0x0001,
    0xF320, 0x0001, 0xF300, 0x0001, 0xF340, 0x0002, 0xF1A0, 0x0001, 0xE9C0, 0x0001, 0xE960, 0x0001,
    0x9800, 0x0001, 0x18C5, 0x004A, 0x884B, 0x0001, 0x62B5, 0x0001, 0x6331, 0x0001, 0xFB60, 0x0001,
    0xA3E9, 0x0001, 0x04DF, 0x0001, 0xDAC2, 0x0001, 0xFB80, 0x0001, 0xEC20, 0x0001, 0xF420, 0x0001,
    0xF320, 0x0001, 0xF400, 0x0001, 0xEAC0, 0x0001, 0xF240, 0x0001, 0xE160, 0x0001, 0xE060, 0x0001,
    0x9800, 0x0001, 0x18C5, 0x0048, 0xC800, 0x0001, 0xF2A0, 0x0001, 0xFAC0, 0x0001, 0xFB80, 0x0002,
    0xDB83, 0x0001, 0x3459, 0x0001, 0x04BF, 0x0001, 0xCAA4, 0x0001, 0xFBE0, 0x0001, 0xEC00, 0x0001,
    0xF380, 0x0002, 0xF3E0, 0x0001, 0xF380, 0x0001, 0xF3A0, 0x0001, 0xF400, 0x0001, 0xF180, 0x0001,
    0xD000, 0x0001, 0x18C5, 0x0047, 0xF900, 0x0001, 0xF280, 0x0001, 0xFC40, 0x0002, 0x64B1, 0x0001,
    0x2CFB, 0x0001, 0x1CFA, 0x0001, 0x051F, 0x0001, 0x053F, 0x0001, 0xCB64, 0x0001, 0xFBA0, 0x0001,
    0xEC00, 0x0001, 0xF320, 0x0001, 0xF3A0, 0x0001, 0xF440, 0x0001, 0xF420, 0x0001, 0xF3E0, 0x0001,
    0xEB40, 0x0001, 0xF3C0, 0x0001, 0xF0C0, 0x0001, 0x18C5, 0x0046, 0xF1C0, 0x0001, 0xFC00, 0x0001,
    0xF3E0, 0x0001, 0xEBC0, 0x0001, 0xEB40, 0x0001, 0xFAC0, 0x0001, 0x1BDA, 0x0001, 0x045F, 0x0001,
    0x043D, 0x0001, 0x045F, 0x0001, 0xCA24, 0x0001, 0xF9E0, 0x0001, 0xEA60, 0x0001, 0xF340, 0x0001,
    0xF300, 0x0001, 0xF340, 0x0001, 0xF360, 0x0001, 0xF400, 0x0001, 0xEB80, 0x0001, 0xF420, 0x0001,
    0xFA20, 0x0001, 0x18C5, 0x0005, 0xD8E0, 0x0001, 0xF1A0, 0x0001, 0xF200, 0x0001, 0xE940, 0x0001,
    0x18C5, 0x003C, 0xFAA0, 0x0001, 0xEB60, 0x0001, 0xEBA0, 0x0001, 0xF2E0, 0x0001, 0xEAE0, 0x0001,
    0xF360, 0x0001, 0xABA9, 0x0001, 0x047F, 0x0001, 0x053F, 0x0001, 0x051D, 0x0001, 0x053F, 0x0001,
    0xCBC4, 0x0001, 0xFC20, 0x0001, 0xEBC0, 0x0001, 0xF380, 0x0001, 0xF360, 0x0001, 0xF240, 0x0001,
    0xF280, 0x0001, 0xF260, 0x0001, 0xF2A0, 0x0001, 0xEC00, 0x0001, 0xFBA0, 0x0001, 0xF120, 0x0001,
    0x18C5, 0x0002, 0xD800, 0x0001, 0xF9E0, 0x0001, 0xF3A0, 0x0001, 0xEBA0, 0x0001, 0xFC60, 0x0001,
    0xFCC0, 0x0001, 0xFB20, 0x0001, 0xE160, 0x0001, 0x18C5, 0x0039, 0xF1A0, 0x0001, 0xF240, 0x0001,
    0xF360, 0x0001, 0xF300, 0x0001, 0xF2E0, 0x0001, 0xEBC0, 0x0001, 0xFC20, 0x0001, 0xA489, 0x0001,
    0x948D, 0x0001, 0x6C8F, 0x0001, 0x053F, 0x0001, 0x051F, 0x0001, 0xCC24, 0x0001, 0xFBE0, 0x0001,
    0xEC20, 0x0001, 0xF340, 0x0001, 0xF3C0, 0x0001, 0xF460, 0x0001, 0xF400, 0x0001, 0xF340, 0x0001,
    0xF220, 0x0001, 0xF1E0, 0x0001, 0xF3E0, 0x0001, 0xF960, 0x0001, 0x18C5, 0x0001, 0xD040, 0x0001,
    0xFA60, 0x0001, 0xF460, 0x0001, 0xEB20, 0x0001, 0xFC00, 0x0001, 0xC240, 0x0001, 0x8960, 0x0001,
    0xFB80, 0x0001, 0xF460, 0x0001, 0xFAA0, 0x0001, 0xE960, 0x0001, 0x18C5, 0x0036, 0xF1A0, 0x0001,
    0xF240, 0x0001, 0xEAE0, 0x0001, 0xEB80, 0x0001, 0xEBA0, 0x0001, 0xEBE0, 0x0001, 0xEC20, 0x0001,
    0xE3A1, 0x0001, 0xFB00, 0x0003, 0x6C10, 0x0001, 0x053F, 0x0001, 0xCC24, 0x0001, 0xFC20, 0x0001,
    0xEBA0, 0x0001, 0xF380, 0x0001, 0xF3E0, 0x0001, 0xF3C0, 0x0001, 0xF400, 0x0001, 0xF3A0, 0x0001,
    0xF3E0, 0x0001, 0xEAE0, 0x0001, 0xE160, 0x0001, 0xF160, 0x0001, 0x18C5, 0x0001, 0xD080, 0x0001,
    0xFBA0, 0x0001, 0xEC20, 0x0001, 0xFB40, 0x0001, 0xB0A0, 0x0001, 0x1800, 0x0001, 0x5800, 0x0001,
    0xFAA0, 0x0001, 0xEB40, 0x0002, 0xFB40, 0x0001, 0xC8E0, 0x0001, 0x18C5, 0x0034, 0xF0C0, 0x0001,
    0xE0C0, 0x0001, 0xE2C0, 0x0001, 0xF3E0, 0x0001, 0xFB60, 0x0001, 0xFC00, 0x0001, 0xFBE0, 0x0001,
    0xC426, 0x0001, 0x1CFB, 0x0001, 0x04FE, 0x0001, 0xA449, 0x0001, 0xFB60, 0x0001, 0x9BCA, 0x0001,
    0x057F, 0x0001, 0xCBA4, 0x0001, 0xFB60, 0x0001, 0xEB40, 0x0001, 0xF360, 0x0001, 0xF380, 0x0001,
    0xF320, 0x0002, 0xF300, 0x0001, 0xEB00, 0x0001, 0xF400, 0x0001, 0xE280, 0x0001, 0xD880, 0x0001,
    0x9000, 0x0001, 0xD960, 0x0001, 0xF3E0, 0x0001, 0xEB40, 0x0001, 0xB880, 0x0001, 0x30E4, 0x0001,
    0xC658, 0x0001, 0x6B8E, 0x0001, 0x7840, 0x0001, 0xF380, 0x0001, 0xEB80, 0x0001, 0xF380, 0x0001,
    0xD140, 0x0001, 0x18C5, 0x0033, 0x89CC, 0x0001, 0xF880, 0x0001, 0xE2A0, 0x0001, 0xFB20, 0x0001,
    0xF400, 0x0001, 0xC425, 0x0001, 0x9C6B, 0x0001, 0x846D, 0x0001, 0xFBE0, 0x0001, 0x846D, 0x0001,
    0x053F, 0x0001, 0x051E, 0x0001, 0xA44B, 0x0001, 0x5CD2, 0x0001, 0x051F, 0x0001, 0xE222, 0x0001,
    0xFA60, 0x0001, 0xEB60, 0x0001, 0xF340, 0x0001, 0xF380, 0x0001, 0xF400, 0x0001, 0xF420, 0x0001,
    0xF340, 0x0001, 0xF3C0, 0x0001, 0xF360, 0x0001, 0xEB60, 0x0001, 0xFA40, 0x0001, 0x9000, 0x0001,
    0xB840, 0x0001, 0xF3C0, 0x0001, 0xD960, 0x0001, 0x1000, 0x0001, 0xADF7, 0x0001, 0xFFDF, 0x0001,
    0xFFFF, 0x0001, 0x638F, 0x0001, 0xB840, 0x0001, 0xF420, 0x0001, 0xFA00, 0x0001, 0xA820, 0x0001,
    0x18C5, 0x0033, 0x0B1F, 0x0001, 0xA2C9, 0x0001, 0xFB00, 0x0001, 0x6391, 0x0001, 0xFBE0, 0x0001,
    0x7C6E, 0x0001, 0x055F, 0x0001, 0x6C90, 0x0001, 0xFBE0, 0x0001, 0x8C6C, 0x0001, 0x051F, 0x0001,
    0x0D1D, 0x0001, 0x051F, 0x0001, 0x047F, 0x0001, 0x041F, 0x0001, 0x5BB3, 0x0001, 0xF3C0, 0x0001,
    0xF420, 0x0002, 0xF380, 0x0002, 0xF420, 0x0001, 0xF3C0, 0x0001, 0xF360, 0x0001, 0xF420, 0x0001,
    0xEC00, 0x0001, 0xF300, 0x0001, 0xB840, 0x0001, 0x9820, 0x0001, 0xFC80, 0x0001, 0xDA00, 0x0001,
    0x2000, 0x0001, 0xBE58, 0x0001, 0xF7BE, 0x0001, 0xEF7D, 0x0001, 0xFFDF, 0x0001, 0xD491, 0x0001,
    0xF320, 0x0001, 0xF0E0, 0x0001, 0x18C5, 0x0033, 0x031F, 0x0001, 0x3BD7, 0x0001, 0xDB03, 0x0001,
    0x5B92, 0x0001, 0xAB68, 0x0001, 0xC425, 0x0001, 0x1CFB, 0x0001, 0x051E, 0x0001, 0xF3E0, 0x0001,
    0xCC25, 0x0001, 0x1CFC, 0x0001, 0x051D, 0x0001, 0x045D, 0x0002, 0x04BD, 0x0001, 0x04DE, 0x0001,
    0x04BE, 0x0001, 0xEB20, 0x0001, 0xF420, 0x0001, 0xF3E0, 0x0001, 0xF400, 0x0001, 0xF300, 0x0001,
    0xF320, 0x0001, 0xF340, 0x0001, 0xF300, 0x0002, 0xEB80, 0x0001, 0xF3E0, 0x0001, 0xC0A0, 0x0001,
    0x8000, 0x0001, 0xE1C0, 0x0001, 0xF1C0, 0x0001, 0x2000, 0x0001, 0xA575, 0x0001, 0xFFFF, 0x0001,
    0xFFDF, 0x0001, 0xEFBE, 0x0001, 0x4AC9, 0x0001, 0xFB80, 0x0001, 0x9940, 0x0001, 0x18C5, 0x0033,
    0x131C, 0x0001, 0xD1C5, 0x0001, 0x72F0, 0x0001, 0x043F, 0x0001, 0xB347, 0x0001, 0x04FD, 0x0001,
    0x053F, 0x0001, 0x051E, 0x0001, 0x0D1D, 0x0001, 0x051D, 0x0001, 0x053F, 0x0001, 0x047D, 0x0001,
    0x04BE, 0x0001, 0x04FE, 0x0001, 0x051E, 0x0001, 0x051D, 0x0001, 0x051F, 0x0001, 0x3CB6, 0x0001,
    0xFBA0, 0x0001, 0xEB60, 0x0001, 0xF300, 0x0001, 0xEBA0, 0x0001, 0xF340, 0x0001, 0xF3E0, 0x0001,
    0xF3C0, 0x0001, 0xF320, 0x0001, 0xEBA0, 0x0001, 0xFB00, 0x0001, 0xC8A0, 0x0001, 0xC8E0, 0x0001,
    0x98C0, 0x0001, 0xFAA0, 0x0001, 0x4800, 0x0001, 0x0062, 0x0001, 0xAD54, 0x0001, 0xD6DA, 0x0001,
    0x49A8, 0x0001, 0xBA40, 0x0001, 0xFC40, 0x0001, 0xD980, 0x0001, 0x18C5, 0x0032, 0x02DD, 0x0001,
    0x043F, 0x0002, 0x041F, 0x0001, 0x041D, 0x0001, 0x041F, 0x0001, 0x041E, 0x0001, 0x04BD, 0x0001,
    0x049D, 0x0001, 0x049E, 0x0001, 0x04DE, 0x0001, 0x03FD, 0x0001, 0x047E, 0x0001, 0x053E, 0x0001,
    0x04FE, 0x0001, 0x051E, 0x0001, 0x04FD, 0x0001, 0x051E, 0x0001, 0x1CDB, 0x0001, 0xC326, 0x0001,
    0xF3E0, 0x0001, 0xF4A0, 0x0001, 0xF480, 0x0001, 0xF380, 0x0001, 0xF3A0, 0x0001, 0xF460, 0x0001,
    0xEB80, 0x0001, 0xF440, 0x0001, 0xE2A0, 0x0001, 0xD820, 0x0001, 0xD0C0, 0x0001, 0x9820, 0x0001,
    0xFA80, 0x0001, 0xE9E0, 0x0001, 0x5020, 0x0001, 0x0000, 0x0001, 0x1000, 0x0001, 0xB900, 0x0001,
    0xFB80, 0x0001, 0xFA20, 0x0001, 0xD0A0, 0x0001, 0x18C5, 0x0031, 0xD800, 0x0001, 0xB169, 0x0001,
    0x0C3E, 0x0001, 0x03FD, 0x0002, 0x041E, 0x0001, 0x041D, 0x0001, 0x043E, 0x0003, 0x041E, 0x0002,
    0x03FE, 0x0001, 0x029D, 0x0001, 0x045D, 0x0001, 0x053E, 0x0001, 0x04FE, 0x0001, 0x051E, 0x0001,
    0x04FD, 0x0001, 0x055F, 0x0001, 0x5BF2, 0x0001, 0xF940, 0x0001, 0xD160, 0x0001, 0xE1C0, 0x0001,
    0xF380, 0x0001, 0xF2A0, 0x0001, 0xEA40, 0x0001, 0xF280, 0x0001, 0xEA80, 0x0001, 0xD060, 0x0001,
    0xA000, 0x0001, 0x9000, 0x0002, 0xC880, 0x0001, 0xFB20, 0x0001, 0xFAA0, 0x0001, 0x8900, 0x0001,
    0xCA00, 0x0001, 0xFBC0, 0x0001, 0xF2E0, 0x0001, 0xC840, 0x0001, 0x18C5, 0x0032, 0xC000, 0x0001,
    0xF9E0, 0x0001, 0x0B7C, 0x0001, 0x041F, 0x0001, 0x041E, 0x0001, 0x041D, 0x0001, 0x031D, 0x0001,
    0x021C, 0x0001, 0x0199, 0x0001, 0x00F5, 0x0001, 0x021C, 0x0001, 0x031D, 0x0001, 0x03BE, 0x0002,
    0x023D, 0x0001, 0x049E, 0x0001, 0x053E, 0x0001, 0x051D, 0x0003, 0x1CBC, 0x0001, 0xAB08, 0x0001,
    0xF2C0, 0x0001, 0xE280, 0x0001, 0xF1A0, 0x0001, 0xF220, 0x0001, 0xF300, 0x0001, 0xF360, 0x0001,
    0xEB00, 0x0001, 0xEAA0, 0x0001, 0xFA40, 0x0001, 0x18C5, 0x0003, 0xC060, 0x0001, 0xD8C0, 0x0001,
    0xFA00, 0x0001, 0xFB80, 0x0001, 0xE140, 0x0001, 0xC000, 0x0001, 0x18C5, 0x0033, 0x0858, 0x0001,
    0xCA45, 0x0001, 0xDA43, 0x0001, 0x22FB, 0x0001, 0x0C1D, 0x0001, 0x045F, 0x0001, 0x043F, 0x0001,
    0x03FF, 0x0001, 0x037C, 0x0001, 0x039C, 0x0001, 0x02DD, 0x0001, 0x01BB, 0x0001, 0x0095, 0x0001,
    0x2872, 0x0001, 0x2032, 0x0001, 0x019D, 0x0001, 0x035E, 0x0001, 0x03DE, 0x0001, 0x04BE, 0x0001,
    0x049D, 0x0001, 0x049F, 0x0001, 0x7CEF, 0x0001, 0xF441, 0x0001, 0xEC40, 0x0001, 0xF380, 0x0001,
    0xF2E0, 0x0001, 0xF400, 0x0001, 0xF440, 0x0002, 0xF3A0, 0x0001, 0xFBC0, 0x0001, 0xE0C0, 0x0001,
    0x18C5, 0x0004, 0x9800, 0x0001, 0xD820, 0x0001, 0xB800, 0x0001, 0x18C5, 0x0034, 0x02FF, 0x0001,
    0x7A91, 0x0001, 0xF9A0, 0x0001, 0xF9E0, 0x0001, 0x9A2A, 0x0001, 0x4B55, 0x0001, 0x52F3, 0x0001,
    0x2B57, 0x0001, 0x04BF, 0x0001, 0x049F, 0x0002, 0x045F, 0x0001, 0x998B, 0x0001, 0xE000, 0x0001,
    0xA801, 0x0001, 0x0012, 0x0001, 0x0076, 0x0001, 0x00FA, 0x0001, 0x025D, 0x0001, 0x043F, 0x0001,
    0x043E, 0x0001, 0x04DF, 0x0001, 0xD2A3, 0x0001, 0xFBA0, 0x0001, 0xEBE0, 0x0001, 0xF320, 0x0001,
    0xF360, 0x0001, 0xF380, 0x0001, 0xF3A0, 0x0001, 0xEB20, 0x0001, 0xFBC0, 0x0001, 0xE120, 0x0001,
    0x18C5, 0x003A, 0x0015, 0x0001, 0x023D, 0x0001, 0x041F, 0x0001, 0x59EF, 0x0001, 0xE920, 0x0001,
    0xF9C0, 0x0001, 0xFA40, 0x0001, 0xF9A0, 0x0001, 0xC001, 0x0001, 0x69CE, 0x0001, 0x718D, 0x0001,
    0x720E, 0x0001, 0xA1E9, 0x0001, 0xF800, 0x0001, 0x18C5, 0x0003, 0x0012, 0x0001, 0x0013, 0x0001,
    0x0036, 0x0001, 0x0178, 0x0001, 0x00D6, 0x0001, 0x02FC, 0x0001, 0x5C13, 0x0001, 0xE120, 0x0001,
    0xF2C0, 0x0001, 0xEBA0, 0x0001, 0xF300, 0x0001, 0xF360, 0x0001, 0xEB60, 0x0001, 0xF340, 0x0001,
    0xE980, 0x0001, 0xC8A2, 0x0001, 0x18C5, 0x0037, 0x033F, 0x0001, 0x02FD, 0x0001, 0x03BD, 0x0001,
    0x031D, 0x0001, 0x03BE, 0x0001, 0x037D, 0x0001, 0x037E, 0x0001, 0x2AB7, 0x0001, 0x9A4B, 0x0001,
    0xFAC0, 0x0001, 0xEB00, 0x0001, 0xE160, 0x0001, 0xF9E0, 0x0002, 0xE820, 0x0001, 0xF8C0, 0x0001,
    0x60AC, 0x0001, 0x00B9, 0x0001, 0x0812, 0x0001, 0x011C, 0x0001, 0x01BC, 0x0001, 0x027B, 0x0001,
    0x023B, 0x0001, 0x01FA, 0x0001, 0x025B, 0x0001, 0x0157, 0x0001, 0x033D, 0x0001, 0xD8C1, 0x0001,
    0xE120, 0x0001, 0xF440, 0x0001, 0xEB40, 0x0001, 0xF3E0, 0x0001, 0xF420, 0x0001, 0xEBA0, 0x0001,
    0xE940, 0x0001, 0xC083, 0x0001, 0x013B, 0x0001, 0x019B, 0x0001, 0x019C, 0x0001, 0x017C, 0x0001,
    0x18C5, 0x0031, 0x035E, 0x0001, 0x043E, 0x0001, 0x045F, 0x0001, 0x041F, 0x0001, 0x051F, 0x0001,
    0x055E, 0x0001, 0x053E, 0x0001, 0x04FD, 0x0001, 0x03FD, 0x0001, 0x035F, 0x0001, 0x039F, 0x0001,
    0x798A, 0x0001, 0xC063, 0x0001, 0xF9E0, 0x0001, 0xF380, 0x0001, 0xE381, 0x0001, 0xD820, 0x0001,
    0xA0C6, 0x0001, 0x09BA, 0x0001, 0x00B9, 0x0001, 0x02DE, 0x0001, 0x031E, 0x0002, 0x033E, 0x0002,
    0x035E, 0x0001, 0x035F, 0x0001, 0x02FE, 0x0001, 0x00F7, 0x0001, 0xE180, 0x0001, 0xE0A0, 0x0001,
    0xD980, 0x0001, 0xF340, 0x0001, 0xEBC0, 0x0002, 0xFA20, 0x0001, 0xF940, 0x0001, 0x1A99, 0x0001,
    0x031F, 0x0001, 0x02DF, 0x0001, 0x02BF, 0x0001, 0x02FE, 0x0001, 0x01FE, 0x0001, 0x017B, 0x0001,
    0x18C5, 0x002E, 0x045E, 0x0001, 0x04DF, 0x0001, 0x055E, 0x0001, 0x04FD, 0x0001, 0x047D, 0x0001,
    0x04FD, 0x0001, 0x049D, 0x0001, 0x049E, 0x0001, 0x04BE, 0x0001, 0x053E, 0x0001, 0x051D, 0x0001,
    0x03BE, 0x0001, 0x03FF, 0x0001, 0x0B7C, 0x0001, 0xAA69, 0x0001, 0xD2A3, 0x0001, 0xFA60, 0x0001,
    0xC841, 0x0001, 0x59EF, 0x0001, 0x023C, 0x0001, 0x021A, 0x0001, 0x035F, 0x0001, 0x02FD, 0x0006,
    0x031E, 0x0001, 0x2A56, 0x0001, 0xC060, 0x0001, 0xD0C0, 0x0001, 0xC880, 0x0001, 0xEAA0, 0x0001,
    0xF340, 0x0001, 0xF980, 0x0001, 0xC923, 0x0001, 0x80C9, 0x0001, 0x02DC, 0x0001, 0x033E, 0x0001,
    0x027D, 0x0001, 0x01DC, 0x0001, 0x025D, 0x0001, 0x02DE, 0x0001, 0x02BE, 0x0001, 0x01FE, 0x0001,
    0x18C5, 0x002C, 0x03DF, 0x0001, 0x053F, 0x0001, 0x049D, 0x0001, 0x047E, 0x0001, 0x041E, 0x0001,
    0x04DE, 0x0001, 0x049E, 0x0001, 0x047E, 0x0003, 0x045E, 0x0001, 0x047E, 0x0001, 0x045E, 0x0001,
    0x03FD, 0x0001, 0x03BD, 0x0001, 0x043F, 0x0001, 0x2B18, 0x0001, 0x7A2F, 0x0001, 0xA062, 0x0001,
    0x03BF, 0x0001, 0x029D, 0x0001, 0x033E, 0x0001, 0x02FD, 0x0001, 0x033E, 0x0002, 0x031E, 0x0003,
    0x02FD, 0x0001, 0x037F, 0x0001, 0xA063, 0x0001, 0xF200, 0x0001, 0xD120, 0x0001, 0xC820, 0x0001,
    0xE180, 0x0001, 0xDA62, 0x0001, 0x79D0, 0x0001, 0x1B19, 0x0001, 0x02DF, 0x0001, 0x023C, 0x0001,
    0x031E, 0x0002, 0x033E, 0x0001, 0x023C, 0x0001, 0x021C, 0x0001, 0x02DD, 0x0001, 0x035E, 0x0001,
    0x027F, 0x0001, 0x029F, 0x0001, 0x021E, 0x0001, 0x18C5, 0x0028, 0x029E, 0x0001, 0x043F, 0x0001,
    0x041D, 0x0001, 0x04BE, 0x0001, 0x047E, 0x0001, 0x03FE, 0x0001, 0x043E, 0x0001, 0x04BE, 0x0001,
    0x053E, 0x0002, 0x051E, 0x0001, 0x04BE, 0x0001, 0x047E, 0x0001, 0x03FE, 0x0001, 0x041E, 0x0001,
    0x039E, 0x0001, 0x037D, 0x0001, 0x045F, 0x0001, 0x041F, 0x0001, 0x2357, 0x0001, 0x033C, 0x0001,
    0x01FC, 0x0001, 0x033E, 0x0001, 0x02FD, 0x0001, 0x01FC, 0x0001, 0x01DC, 0x0001, 0x029D, 0x0001,
    0x031E, 0x0001, 0x031D, 0x0001, 0x035F, 0x0001, 0x49B1, 0x0001, 0xD8E2, 0x0001, 0xF320, 0x0001,
    0xF300, 0x0001, 0xD0A0, 0x0001, 0xF1C0, 0x0001, 0xD1C4, 0x0001, 0x043F, 0x0001, 0x045E, 0x0001,
    0x03DD, 0x0001, 0x01BC, 0x0001, 0x031E, 0x0001, 0x02FE, 0x0001, 0x02FD, 0x0001, 0x035E, 0x0001,
    0x02BD, 0x0001, 0x017B, 0x0001, 0x02DD, 0x0001, 0x031E, 0x0001, 0x037E, 0x0001, 0x02BF, 0x0001,
    0x18C5, 0x0027, 0x00B6, 0x0001, 0x025E, 0x0001, 0x047D, 0x0001, 0x04FE, 0x0001, 0x053E, 0x0001,
    0x04BE, 0x0001, 0x03FE, 0x0001, 0x04BE, 0x0001, 0x051E, 0x0001, 0x04FE, 0x0002, 0x051E, 0x0001,
    0x053E, 0x0001, 0x051E, 0x0001, 0x045E, 0x0001, 0x03FE, 0x0002, 0x035E, 0x0001, 0x041D, 0x0001,
    0x03FD, 0x0001, 0x049F, 0x0001, 0x02DA, 0x0001, 0x0118, 0x0001, 0x035E, 0x0001, 0x02FD, 0x0001,
    0x02BD, 0x0001, 0x02DD, 0x0001, 0x023C, 0x0001, 0x01BC, 0x0001, 0x01BB, 0x0001, 0x033F, 0x0001,
    0x78A8, 0x0001, 0xE800, 0x0001, 0xEAE0, 0x0001, 0xF380, 0x0001, 0xD120, 0x0001, 0xF1E0, 0x0001,
    0x23F9, 0x0001, 0x041D, 0x0001, 0x03FD, 0x0001, 0x03FE, 0x0001, 0x01FC, 0x0001, 0x02FD, 0x0001,
    0x031D, 0x0001, 0x031E, 0x0001, 0x02FD, 0x0001, 0x035F, 0x0001, 0x0138, 0x0001, 0x01FA, 0x0001,
    0x037F, 0x0001, 0x031E, 0x0001, 0x017B, 0x0001, 0x18C5, 0x0022, 0x035E, 0x0001, 0x037F, 0x0001,
    0x03FE, 0x0001, 0x049E, 0x0001, 0x045E, 0x0001, 0x039E, 0x0001, 0x03BD, 0x0001, 0x057E, 0x0001,
    0x051E, 0x0001, 0x049E, 0x0001, 0x03FE, 0x0001, 0x04BE, 0x0001, 0x051E, 0x0001, 0x04FE, 0x0002,
    0x053E, 0x0001, 0x04FE, 0x0001, 0x045E, 0x0001, 0x037E, 0x0001, 0x03BE, 0x0001, 0x043E, 0x0001,
    0x03DD, 0x0001, 0x02FD, 0x0001, 0x043E, 0x0001, 0x03FD, 0x0001, 0x045E, 0x0001, 0x02BB, 0x0001,
    0x0138, 0x0001, 0x03DF, 0x0001, 0x033E, 0x0002, 0x035E, 0x0001, 0x033E, 0x0002, 0x021C, 0x0001,
    0x01FE, 0x0001, 0x5951, 0x0001, 0xB821, 0x0001, 0xEA20, 0x0001, 0xF2C0, 0x0001, 0xF100, 0x0001,
    0xB186, 0x0001, 0x043E, 0x0001, 0x041E, 0x0001, 0x03FE, 0x0001, 0x041D, 0x0001, 0x01BB, 0x0001,
    0x033F, 0x0001, 0x02BF, 0x0001, 0x02DE, 0x0001, 0x029D, 0x0001, 0x0119, 0x0001, 0x0076, 0x0001,
    0x01FB, 0x0001, 0x023B, 0x0001, 0x00B8, 0x0001, 0x0014, 0x0001, 0x18C5, 0x0020, 0xD800, 0x0001,
    0x5215, 0x0001, 0x043F, 0x0001, 0x04BD, 0x0001, 0x055D, 0x0001, 0x04DD, 0x0001, 0x041D, 0x0001,
    0x02DD, 0x0001, 0x03FE, 0x0001, 0x049E, 0x0001, 0x047E, 0x0001, 0x041E, 0x0001, 0x039E, 0x0001,
    0x043E, 0x0001, 0x055E, 0x0002, 0x051E, 0x0001, 0x043E, 0x0001, 0x037E, 0x0001, 0x033E, 0x0001,
    0x03BE, 0x0001, 0x041D, 0x0001, 0x043E, 0x0001, 0x037E, 0x0001, 0x021C, 0x0001, 0x043E, 0x0001,
    0x041D, 0x0001, 0x03DE, 0x0001, 0x00D6, 0x0001, 0x0075, 0x0001, 0x0178, 0x0001, 0x01FB, 0x0001,
    0x023C, 0x0001, 0x021C, 0x0003, 0x027D, 0x0001, 0x033D, 0x0001, 0x037F, 0x0001, 0x58A6, 0x0001,
    0xF200, 0x0001, 0xF1C0, 0x0001, 0xB208, 0x0001, 0x0C1D, 0x0001, 0x03BE, 0x0001, 0x03FD, 0x0001,
    0x045E, 0x0001, 0x033E, 0x0001, 0x0053, 0x0001, 0x012C, 0x0001, 0x0071, 0x0001, 0x0098, 0x0001,
    0x0097, 0x0001, 0x00B6, 0x0001, 0x013A, 0x0001, 0x019C, 0x0001, 0x0076, 0x0001, 0x0016, 0x0001,
    0x0014, 0x0001, 0x18C5, 0x001F, 0xA800, 0x0001, 0xF840, 0x0001, 0x4A74, 0x0001, 0x041F, 0x0001,
    0x04FD, 0x0001, 0x043E, 0x0001, 0x041E, 0x0001, 0x03FE, 0x0001, 0x03DE, 0x0001, 0x041E, 0x0001,
    0x03FE, 0x0002, 0x025C, 0x0001, 0x01DD, 0x0001, 0x01FC, 0x0001, 0x025C, 0x0001, 0x029C, 0x0001,
    0x037E, 0x0001, 0x035D, 0x0001, 0x03BE, 0x0001, 0x043E, 0x0003, 0x03BF, 0x0001, 0x00F8, 0x0001,
    0x023D, 0x0001, 0x047E, 0x0001, 0x03BF, 0x0001, 0x0118, 0x0001, 0x00F9, 0x0001, 0x00FA, 0x0001,
    0x019A, 0x0001, 0x029D, 0x0001, 0x029E, 0x0001, 0x029D, 0x0002, 0x027D, 0x0001, 0x029D, 0x0001,
    0x031D, 0x0001, 0x035F, 0x0001, 0x7085, 0x0001, 0xEA40, 0x0001, 0xFA60, 0x0001, 0x52F3, 0x0001,
    0x043F, 0x0001, 0x031D, 0x0001, 0x045E, 0x0001, 0x035D, 0x0001, 0x0097, 0x0001, 0x0013, 0x0001,
    0x00F1, 0x0001, 0x00F5, 0x0001, 0x00F9, 0x0001, 0x0118, 0x0001, 0x01BC, 0x0001, 0x019C, 0x0002,
    0x01BD, 0x0001, 0x0014, 0x0001, 0x18C5, 0x001F, 0xA800, 0x0001, 0xD860, 0x0001, 0xFA20, 0x0001,
    0x5AF2, 0x0001, 0x03DE, 0x0001, 0x041D, 0x0001, 0x03FE, 0x0002, 0x041E, 0x0003, 0x039E, 0x0001,
    0x025D, 0x0001, 0x01FB, 0x0001, 0x00F6, 0x0001, 0x03DF, 0x0001, 0x03DE, 0x0002, 0x041E, 0x0002,
    0x03DE, 0x0001, 0x039E, 0x0001, 0x029E, 0x0001, 0x00F8, 0x0001, 0x0055, 0x0001, 0x0002, 0x0001,
    0x0027, 0x0001, 0x0098, 0x0001, 0x0048, 0x0001, 0x0002, 0x0001, 0x0048, 0x0001, 0x0057, 0x0001,
    0x0095, 0x0002, 0x0094, 0x0001, 0x00F8, 0x0001, 0x01DD, 0x0001, 0x01BC, 0x0002, 0x019C, 0x0001,
    0x01BD, 0x0001, 0x0833, 0x0001, 0xD0A0, 0x0001, 0xFA40, 0x0001, 0x62B1, 0x0001, 0x045F, 0x0001,
    0x035D, 0x0001, 0x031E, 0x0001, 0x015A, 0x0001, 0x0006, 0x0001, 0x0011, 0x0001, 0x019E, 0x0001,
    0x01BE, 0x0001, 0x01DE, 0x0001, 0x01BE, 0x0001, 0x019D, 0x0001, 0x015C, 0x0001, 0x017D, 0x0001,
    0x0055, 0x0001, 0x18C5, 0x0003, 0xD040, 0x0001, 0x18C5, 0x001C, 0xB820, 0x0001, 0xFA80, 0x0001,
    0xF280, 0x0001, 0xE8E0, 0x0001, 0x0B3B, 0x0001, 0x043E, 0x0001, 0x03FD, 0x0001, 0x043E, 0x0002,
    0x03BE, 0x0001, 0x03DE, 0x0001, 0x043D, 0x0001, 0x035F, 0x0001, 0x00D3, 0x0001, 0x00C8, 0x0001,
    0x029F, 0x0001, 0x02DC, 0x0001, 0x033D, 0x0001, 0x02DD, 0x0001, 0x01BD, 0x0001, 0x0015, 0x0001,
    0x0013, 0x0001, 0x0015, 0x0001, 0x18C5, 0x000D, 0x0015, 0x0001, 0x0013, 0x0003, 0x0015, 0x0001,
    0x18C5, 0x0001, 0xA820, 0x0001, 0xF940, 0x0001, 0x6311, 0x0001, 0x043F, 0x0001, 0x023C, 0x0001,
    0x021C, 0x0002, 0x025B, 0x0001, 0x017A, 0x0001, 0x0054, 0x0001, 0x3071, 0x0001, 0x2935, 0x0001,
    0x2934, 0x0001, 0x28D3, 0x0001, 0x300E, 0x0001, 0x0812, 0x0001, 0x18C5, 0x0003, 0xD000, 0x0001,
    0xFA60, 0x0001, 0xB000, 0x0001, 0x18C5, 0x0004, 0xF9C0, 0x0001, 0xD160, 0x0001, 0x18C5, 0x0014,
    0xA000, 0x0001, 0xE8E0, 0x0001, 0xEA60, 0x0001, 0xE980, 0x0001, 0xE0E0, 0x0001, 0x612E, 0x0001,
    0x045F, 0x0001, 0x045D, 0x0001, 0x035D, 0x0001, 0x033D, 0x0001, 0x02FE, 0x0001, 0x03BE, 0x0001,
    0x03DE, 0x0001, 0x029E, 0x0001, 0x0011, 0x0001, 0x0005, 0x0001, 0x0014, 0x0001, 0x0011, 0x0001,
    0x0012, 0x0002, 0x0014, 0x0001, 0x18C5, 0x0016, 0x7801, 0x0001, 0xF920, 0x0001, 0x5AD2, 0x0001,
    0x039F, 0x0001, 0x045D, 0x0001, 0x043D, 0x0001, 0x047F, 0x0001, 0x041F, 0x0001, 0x62D2, 0x0001,
    0x88AA, 0x0001, 0xD040, 0x0001, 0xB800, 0x0001, 0xC000, 0x0001, 0xD000, 0x0001, 0xA000, 0x0001,
    0x18C5, 0x0004, 0xD000, 0x0001, 0xFA60, 0x0001, 0xA800, 0x0001, 0x18C5, 0x0004, 0xFAC0, 0x0001,
    0xD8C0, 0x0001, 0x18C5, 0x0014, 0xC800, 0x0001, 0xF1A0, 0x0001, 0xE160, 0x0001, 0xD860, 0x0001,
    0xD8A0, 0x0001, 0xF060, 0x0001, 0x71CE, 0x0001, 0x031F, 0x0001, 0x021C, 0x0001, 0x037E, 0x0001,
    0x03DD, 0x0001, 0x043D, 0x0001, 0x03BF, 0x0001, 0x00D8, 0x0001, 0x18C5, 0x001E, 0xB960, 0x0001,
    0xD225, 0x0001, 0x1ABB, 0x0001, 0x041F, 0x0001, 0x03FF, 0x0001, 0x5293, 0x0001, 0xB2C9, 0x0001,
    0xFA00, 0x0001, 0xF980, 0x0001, 0xD980, 0x0001, 0x9000, 0x0001, 0x8800, 0x0001, 0x18C5, 0x0006,
    0xC800, 0x0001, 0xFA60, 0x0001, 0xC000, 0x0001, 0x18C5, 0x0003, 0xD940, 0x0001, 0xF240, 0x0001,
    0xB000, 0x0001, 0x18C5, 0x0013, 0xC800, 0x0001, 0xD800, 0x0001, 0xF160, 0x0001, 0xD8E0, 0x0001,
    0xC040, 0x0001, 0xE0E0, 0x0001, 0xE161, 0x0001, 0xF8C0, 0x0001, 0x826E, 0x0001, 0x13FD, 0x0001,
    0x13FB, 0x0001, 0x045F, 0x0001, 0x03DF, 0x0001, 0x0179, 0x0001, 0x18C5, 0x001F, 0xA860, 0x0001,
    0xFAA0, 0x0001, 0xDA02, 0x0001, 0x0B3C, 0x0001, 0x4254, 0x0001, 0xF080, 0x0001, 0xFA60, 0x0001,
    0xE2E0, 0x0001, 0xF2A0, 0x0001, 0xE0C0, 0x0001, 0xC840, 0x0001, 0x18C5, 0x0007, 0xE960, 0x0001,
    0xF260, 0x0001, 0xC860, 0x0001, 0xD940, 0x0001, 0xB800, 0x0001, 0xB820, 0x0001, 0xF960, 0x0001,
    0xE0E0, 0x0001, 0x18C5, 0x0013, 0xC000, 0x0001, 0xF140, 0x0001, 0xD060, 0x0001, 0xD0A0, 0x0001,
    0xC8C0, 0x0001, 0xF9C0, 0x0001, 0xD0E0, 0x0001, 0xC080, 0x0001, 0xE0A0, 0x0001, 0xE920, 0x0002,
    0xD020, 0x0001, 0x3AF6, 0x0001, 0x1976, 0x0001, 0x18C5, 0x0020, 0x9000, 0x0001, 0xD940, 0x0001,
    0xFB40, 0x0001, 0xF320, 0x0001, 0xE9E0, 0x0001, 0xF2C0, 0x0001, 0xD980, 0x0001, 0xD840, 0x0001,
    0xF280, 0x0001, 0xEA60, 0x0001, 0xFA20, 0x0001, 0xA920, 0x0001, 0x18C5, 0x0006, 0xFA40, 0x0001,
    0xC0C0, 0x0001, 0xE9E0, 0x0001, 0xEB00, 0x0001, 0xD0E0, 0x0001, 0xF240, 0x0001, 0xE060, 0x0001,
    0x18C5, 0x0012, 0xB800, 0x0001, 0xE0C0, 0x0001, 0xD8C0, 0x0001, 0xC8E0, 0x0001, 0xD0C0, 0x0001,
    0xC000, 0x0001, 0xE8E0, 0x0001, 0xE0C0, 0x0001, 0xE8E0, 0x0001, 0xE900, 0x0001, 0xC0A0, 0x0001,
    0x9800, 0x0001, 0xA000, 0x0001, 0xA800, 0x0001, 0xC800, 0x0001, 0x18C5, 0x0020, 0x8000, 0x0001,
    0x9000, 0x0001, 0xA800, 0x0001, 0xC140, 0x0001, 0xC940, 0x0001, 0xE080, 0x0001, 0xFAE0, 0x0001,
    0xE1C0, 0x0001, 0xEA20, 0x0001, 0xF220, 0x0001, 0xF2C0, 0x0001, 0xF2A0, 0x0001, 0xE980, 0x0001,
    0xA820, 0x0001, 0x18C5, 0x0004, 0xF9C0, 0x0001, 0xFB20, 0x0001, 0xB0A0, 0x0001, 0xA920, 0x0001,
    0xB8E0, 0x0001, 0xE180, 0x0001, 0xC9A0, 0x0001, 0xF200, 0x0001, 0x18C5, 0x000F, 0xA800, 0x0002,
    0xB000, 0x0001, 0xE8C0, 0x0001, 0xD0A0, 0x0001, 0xE0C0, 0x0001, 0xC860, 0x0002, 0xC820, 0x0001,
    0x9000, 0x0001, 0x18C5, 0x0027, 0x7800, 0x0001, 0xA800, 0x0001, 0xB000, 0x0002, 0x8000, 0x0001,
    0xA000, 0x0001, 0xA020, 0x0001, 0xD060, 0x0001, 0xE0A0, 0x0001, 0xF300, 0x0001, 0xF280, 0x0001,
    0xF220, 0x0001, 0xF200, 0x0001, 0xE1E0, 0x0001, 0xFAA0, 0x0001, 0xD0E0, 0x0001, 0xD080, 0x0001,
    0xB000, 0x0001, 0xD880, 0x0001, 0xFB20, 0x0001, 0xF280, 0x0001, 0xC000, 0x0001, 0xD920, 0x0001,
    0xC080, 0x0001, 0xCA00, 0x0001, 0x9900, 0x0001, 0xFA60, 0x0001, 0xA800, 0x0001, 0x18C5, 0x000D,
    0xB020, 0x0001, 0xF2A0, 0x0001, 0xEA60, 0x0001, 0xC000, 0x0001, 0xD040, 0x0001, 0xC800, 0x0001,
    0xB800, 0x0001, 0xB040, 0x0001, 0x18C5, 0x0029, 0x7800, 0x0001, 0xB000, 0x0001, 0xB800, 0x0001,
    0xB000, 0x0002, 0x9000, 0x0001, 0x8000, 0x0001, 0x8800, 0x0001, 0xB800, 0x0001, 0x9840, 0x0001,
    0xB860, 0x0001, 0xD8C0, 0x0001, 0xEA80, 0x0001, 0xD8A0, 0x0001, 0xF1C0, 0x0001, 0xFAE0, 0x0001,
    0xFA20, 0x0001, 0xFB00, 0x0001, 0xF180, 0x0001, 0xF280, 0x0001, 0xF360, 0x0001, 0xD8E0, 0x0001,
    0xE0E0, 0x0001, 0xF9E0, 0x0001, 0xD8E0, 0x0001, 0xA020, 0x0001, 0x18C5, 0x0001, 0x8840, 0x0001,
    0x8000, 0x0001, 0x18C5, 0x000C, 0xF120, 0x0001, 0xF2E0, 0x0001, 0xF460, 0x0001, 0xFB20, 0x0001,
    0xC860, 0x0001, 0xA000, 0x0001, 0x8800, 0x0001, 0x18C5, 0x002B, 0x7800, 0x0001, 0xA800, 0x0001,
    0xB000, 0x0004, 0xA800, 0x0001, 0xB000, 0x0002, 0xA800, 0x0001, 0xB000, 0x0001, 0xA000, 0x0001,
    0x8000, 0x0001, 0xA000, 0x0001, 0xC800, 0x0001, 0xE120, 0x0001, 0xE900, 0x0001, 0xE200, 0x0001,
    0xFB60, 0x0001, 0xFB80, 0x0001, 0xF300, 0x0001, 0xE0E0, 0x0001, 0xF160, 0x0001, 0xF180, 0x0001,
    0xF960, 0x0001, 0xD920, 0x0001, 0xB900, 0x0001, 0x18C5, 0x000C, 0xE1A0, 0x0001, 0xFAC0, 0x0001,
    0xF340, 0x0001, 0xEBE0, 0x0001, 0xF360, 0x0001, 0xC980, 0x0001, 0x9800, 0x0001, 0x18C5, 0x002F,
    0x8000, 0x0001, 0x7800, 0x0009, 0x8000, 0x0001, 0x7800, 0x0001, 0x7000, 0x0001, 0x6800, 0x0001,
    0x8800, 0x0001, 0x9800, 0x0001, 0xC960, 0x0001, 0xE9E0, 0x0001, 0xC8A0, 0x0001, 0xD060, 0x0001,
    0xE900, 0x0001, 0xD880, 0x0001, 0xB820, 0x0001, 0xE1A0, 0x0001, 0xFA00, 0x0001, 0xFA40, 0x0001,
    0xD920, 0x0001, 0x18C5, 0x0007, 0xE000, 0x0001, 0xE240, 0x0001, 0xFAC0, 0x0001, 0xF3A0, 0x0001,
    0xEBE0, 0x0001, 0xF420, 0x0001, 0xFAC0, 0x0001, 0xA840, 0x0001, 0x18C5, 0x004A, 0xE1A0, 0x0001,
    0xFB60, 0x0001, 0xFA40, 0x0001, 0xD060, 0x0001, 0x18C5, 0x0002, 0xD000, 0x0001, 0xE020, 0x0001,
    0xE9A0, 0x0001, 0xFB80, 0x0001, 0xF360, 0x0001, 0xEBA0, 0x0002, 0xF460, 0x0001, 0xE220, 0x0001,
    0xA040, 0x0001, 0x18C5, 0x004C, 0xB080, 0x0001, 0xEA60, 0x0001, 0xE8C0, 0x0001, 0x18C5, 0x0002,
    0xFB60, 0x0001, 0xF360, 0x0001, 0xFB20, 0x0001, 0xF340, 0x0001, 0xEA60, 0x0001, 0xE980, 0x0001,
    0xFB20, 0x0001, 0xD240, 0x0001, 0x18C5, 0x004F, 0x8000, 0x0001, 0x8800, 0x0001, 0xF9C0, 0x0001,
    0xFB60, 0x0001, 0xEC20, 0x0002, 0xEB80, 0x0001, 0xEBA0, 0x0001, 0xF4A0, 0x0001, 0xFBC0, 0x0001,
    0xC0A0, 0x0001, 0x18C5, 0x0052, 0xE120, 0x0001, 0xF400, 0x0001, 0xF420, 0x0001, 0xF2C0, 0x0001,
    0xF3A0, 0x0001, 0xF360, 0x0001, 0xE9C0, 0x0001, 0xD120, 0x0001, 0x18C5, 0x0053, 0xB020, 0x0001,
    0xF1C0, 0x0001, 0xF220, 0x0001, 0xD860, 0x0001, 0xD0C0, 0x0001, 0xD040, 0x0001, 0xA800, 0x0001,
    0x18C5, 0x0054, 0x18C5, 0x00EE, 0xD820, 0x0001, 0x18C5, 0x0007, 0xF120, 0x0001, 0x18C5, 0x0052,
    0xF180, 0x0001, 0xD880, 0x0001, 0x18C5, 0x0005, 0xE1A0, 0x0001, 0xF900, 0x0001, 0x18C5, 0x0052,
    0xF220, 0x0001, 0xD8C0, 0x0001, 0x18C5, 0x0005, 0xD960, 0x0001, 0xE1A0, 0x0001, 0x18C5, 0x0052,
    0xFA00, 0x0001, 0xD8C0, 0x0001, 0x18C5, 0x0005, 0xFA20, 0x0001, 0xE160, 0x0001, 0x18C5, 0x0052,
    0xFA00, 0x0001, 0xD8C0, 0x0001, 0x18C5, 0x0001, 0xB840, 0x0001, 0xD060, 0x0001, 0x18C5, 0x0001,
    0xB8A0, 0x0001, 0xFA40, 0x0001, 0x18C5, 0x0053, 0xEA20, 0x0001, 0xD840, 0x0001, 0xE9C0, 0x0001,
    0xE1C0, 0x0001, 0xE1A0, 0x0001, 0xD0E0, 0x0001, 0xD120, 0x0001, 0xE180, 0x0001, 0x18C5, 0x0053,
    0xF1C0, 0x0001, 0xEA60, 0x0001, 0xEAA0, 0x0001, 0xD8E0, 0x0001, 0xEAC0, 0x0001, 0xC8A0, 0x0001,
    0xFA60, 0x0001, 0xC800, 0x0001, 0x18C5, 0x0052, 0xE920, 0x0001, 0xF320, 0x0001, 0xF340, 0x0001,
    0xEAA0, 0x0001, 0xEA80, 0x0001, 0xF320, 0x0001, 0xF2A0, 0x0001, 0xF260, 0x0001, 0xB000, 0x0001,
    0x18C5, 0x0052, 0xF100, 0x0001, 0xEAC0, 0x0001, 0xEAE0, 0x0001, 0xF300, 0x0001, 0xF320, 0x0001,
    0xF2E0, 0x0001, 0xF300, 0x0001, 0xB820, 0x0001, 0x18C5, 0x0053, 0xE020, 0x0001, 0xE9C0, 0x0001,
    0xF260, 0x0001, 0xF320, 0x0001, 0xF2E0, 0x0001, 0xEB00, 0x0001, 0xFAE0, 0x0001, 0xD860, 0x0001,
    0x18C5, 0x0052, 0xC840, 0x0001, 0xF2C0, 0x0002, 0xEA00, 0x0001, 0xE1A0, 0x0001, 0xF320, 0x0001,
    0xF300, 0x0001, 0xF320, 0x0001, 0xF2A0, 0x0001, 0xE080, 0x0001, 0xD800, 0x0001, 0x18C5, 0x004F,
    0xD000, 0x0001, 0xF9C0, 0x0001, 0xF2A0, 0x0001, 0xF220, 0x0001, 0xF200, 0x0001, 0xD000, 0x0001,
    0xF260, 0x0001, 0xFB20, 0x0001, 0xF1E0, 0x0001, 0xFA00, 0x0001, 0xFAA0, 0x0001, 0xFA40, 0x0001,
    0xFAE0, 0x0001, 0xE980, 0x0001, 0x18C5, 0x004C, 0xB000, 0x0001, 0xF9A0, 0x0001, 0xF240, 0x0001,
    0xD120, 0x0001, 0xF220, 0x0001, 0xB800, 0x0001, 0x18C5, 0x0002, 0xD020, 0x0001, 0xD000, 0x0001,
    0xB000, 0x0001, 0xB860, 0x0001, 0xD060, 0x0001, 0xE240, 0x0001, 0xFAE0, 0x0001, 0xB840, 0x0001,
    0x18C5, 0x004A, 0xB040, 0x0001, 0xF9A0, 0x0001, 0xF2E0, 0x0001, 0xE9A0, 0x0001, 0xE200, 0x0001,
    0xB000, 0x0001, 0x18C5, 0x0009, 0xFAC0, 0x0001, 0x18C5, 0x0049, 0xC800, 0x0001, 0xF9A0, 0x0001,
    0xD820, 0x0001, 0xEA80, 0x0001, 0xEA40, 0x0001, 0xE100, 0x0001, 0xF940, 0x0001, 0x18C5, 0x0053,
    0xC800, 0x0001, 0xF9E0, 0x0001, 0xF260, 0x0001, 0xEAE0, 0x0001, 0xD100, 0x0001, 0xE960, 0x0001,
    0xFAA0, 0x0001, 0xE8A0, 0x0001, 0x18C5, 0x0053, 0xF200, 0x0001, 0xF240, 0x0001, 0xF2A0, 0x0001,
    0xFAA0, 0x0001, 0xE840, 0x0001, 0xF1E0, 0x0001, 0xFAA0, 0x0001, 0xD000, 0x0001, 0x18C5, 0x0052,
    0xE0E0, 0x0001, 0xF220, 0x0001, 0xF9E0, 0x0001, 0xC9C2, 0x0001, 0x814A, 0x0001, 0x894A, 0x0001,
    0x9169, 0x0001, 0xF9A0, 0x0001, 0xB800, 0x0001, 0x18C5, 0x0052, 0xF100, 0x0001, 0xF2A0, 0x0001,
    0xE820, 0x0001, 0x90C8, 0x0001, 0x04DF, 0x0001, 0x045F, 0x0001, 0x049F, 0x0001, 0x8A2C, 0x0001,
    0xC000, 0x0001, 0x18C5, 0x0051, 0xA800, 0x0001, 0xC900, 0x0001, 0xF360, 0x0001, 0xF1E0, 0x0001,
    0x98E7, 0x0001, 0x045F, 0x0001, 0x0BBC, 0x0001, 0x043E, 0x0001, 0x02DE, 0x0001, 0x300E, 0x0001,
    0x18C5, 0x0051, 0xC0E0, 0x0001, 0xE9C0, 0x0001, 0xD9A0, 0x0001, 0xFB00, 0x0001, 0xA8E6, 0x0001,
    0x043E, 0x0001, 0x03BE, 0x0001, 0x027D, 0x0001, 0x0013, 0x0001, 0x18C5, 0x0053, 0xC140, 0x0001,
    0xE180, 0x0001, 0xD1C0, 0x0001, 0xFAC0, 0x0001, 0xA108, 0x0001, 0x043E, 0x0001, 0x029D, 0x0001,
    0x0138, 0x0001, 0x18C5, 0x0054, 0xA920, 0x0001, 0xD980, 0x0001, 0xD9E0, 0x0001, 0xFAA0, 0x0001,
    0x9908, 0x0001, 0x045F, 0x0002, 0x029C, 0x0001, 0x02FF, 0x0001, 0x18C5, 0x0053, 0xA920, 0x0001,
    0xE980, 0x0001, 0xD9E0, 0x0001, 0xFAA0, 0x0001, 0xA0E7, 0x0001, 0x03FE, 0x0001, 0x045F, 0x0001,
    0x041F, 0x0001, 0x033F, 0x0001, 0x017B, 0x0001, 0x18C5, 0x0052, 0xA940, 0x0001, 0xE960, 0x0001,
    0xE260, 0x0001, 0xF9A0, 0x0001, 0xA107, 0x0001, 0x03FE, 0x0001, 0x043E, 0x0001, 0x041E, 0x0001,
    0x039F, 0x0001, 0x015C, 0x0001, 0x18C5, 0x0052, 0xD100, 0x0001, 0xE920, 0x0001, 0xEB00, 0x0001,
    0xFA60, 0x0001, 0xA167, 0x0001, 0x0C3D, 0x0001, 0x043E, 0x0001, 0x041D, 0x0001, 0x02DF, 0x0001,
    0x18C5, 0x0052, 0xA000, 0x0001, 0xE900, 0x0001, 0xE160, 0x0001, 0xEB20, 0x0001, 0xFAE0, 0x0001,
    0xA987, 0x0001, 0x035E, 0x0001, 0x049F, 0x0001, 0x031F, 0x0001, 0x18C5, 0x0053, 0xA100, 0x0001,
    0xEA00, 0x0001, 0xF1A0, 0x0001, 0xEA80, 0x0001, 0xFA80, 0x0001, 0xB985, 0x0001, 0x90E8, 0x0001,
    0x8088, 0x0001, 0x9823, 0x0001, 0xD000, 0x0002, 0x18C5, 0x0051, 0xC8A0, 0x0001, 0xF1E0, 0x0001,
    0xD920, 0x0001, 0xEA60, 0x0001, 0xFA80, 0x0001, 0xF940, 0x0001, 0xC800, 0x0001, 0xD180, 0x0001,
    0xFA20, 0x0001, 0xD800, 0x0001, 0xD000, 0x0001, 0xD0A0, 0x0001, 0x18C5, 0x004F, 0x7800, 0x0001,
    0xD8A0, 0x0001, 0xD9C0, 0x0001, 0xE1A0, 0x0001, 0xEB20, 0x0001, 0xEB40, 0x0001, 0xEA60, 0x0001,
    0xB820, 0x0001, 0xD9C0, 0x0001, 0xF1E0, 0x0001, 0xD8E0, 0x0001, 0xF300, 0x0001, 0xE980, 0x0001,
    0xC040, 0x0001, 0x18C5, 0x004E, 0x8800, 0x0001, 0xC0A0, 0x0001, 0xFA60, 0x0001, 0xEA20, 0x0001,
    0xEB00, 0x0001, 0xF340, 0x0001, 0xEA40, 0x0001, 0xD000, 0x0001, 0xF340, 0x0001, 0xEAA0, 0x0001,
    0xE180, 0x0001, 0xF360, 0x0001, 0xFA20, 0x0001, 0xA000, 0x0001, 0x18C5, 0x004E, 0x9000, 0x0001,
    0xB860, 0x0001, 0xF240, 0x0001, 0xF9E0, 0x0001, 0xEA40, 0x0001, 0xF360, 0x0001, 0xD8A0, 0x0001,
    0xE980, 0x0001, 0xF220, 0x0001, 0xF1A0, 0x0001, 0xE9A0, 0x0001, 0xF2C0, 0x0001, 0xD8C0, 0x0001,
    0x18C5, 0x0050, 0x88C6, 0x0001, 0xB882, 0x0001, 0xF240, 0x0001, 0xE980, 0x0001, 0xE960, 0x0001,
    0xF1C0, 0x0001, 0xF2A0, 0x0001, 0xF2E0, 0x0001, 0xF1E0, 0x0001, 0xF1A0, 0x0001, 0xE020, 0x0001,
    0x18C5, 0x004D, 0x4B76, 0x0001, 0x241A, 0x0001, 0x047F, 0x0001, 0x33D7, 0x0001, 0x608C, 0x0001,
    0xFAC0, 0x0001, 0xEB60, 0x0001, 0xF360, 0x0001, 0xF300, 0x0001, 0xF380, 0x0001, 0xF2E0, 0x0001,
    0xE960, 0x0001, 0xE9E0, 0x0001, 0xE920, 0x0001, 0x18C5, 0x004A, 0xE800, 0x0001, 0x8A0C, 0x0001,
    0x7B32, 0x0001, 0xFAE0, 0x0001, 0xABC8, 0x0001, 0x04DF, 0x0001, 0xE301, 0x0001, 0xFB20, 0x0001,
    0xEC40, 0x0001, 0xF400, 0x0001, 0xF3A0, 0x0001, 0xF360, 0x0001, 0xF380, 0x0001, 0xF300, 0x0001,
    0xEA40, 0x0001, 0xE920, 0x0001, 0xC860, 0x0001, 0x18C5, 0x0048, 0xD000, 0x0001, 0xF180, 0x0001,
    0xFAC0, 0x0001, 0xFBC0, 0x0001, 0xFBA0, 0x0001, 0xCBC4, 0x0001, 0x249B, 0x0001, 0x04DF, 0x0001,
    0xC365, 0x0001, 0xF420, 0x0001, 0xEC00, 0x0001, 0xF420, 0x0001, 0xF320, 0x0001, 0xF3E0, 0x0001,
    0xF360, 0x0001, 0xF400, 0x0001, 0xEB60, 0x0001, 0xF3C0, 0x0001, 0xF160, 0x0001, 0x18C5, 0x0047,
    0xD000, 0x0001, 0xFA80, 0x0001, 0xFB60, 0x0001, 0xEC60, 0x0001, 0xF400, 0x0001, 0x44B6, 0x0001,
    0x0CFD, 0x0001, 0x04FF, 0x0001, 0x051F, 0x0001, 0xCB24, 0x0001, 0xFB60, 0x0001, 0xEB80, 0x0001,
    0xF3C0, 0x0001, 0xF320, 0x0001, 0xF3E0, 0x0001, 0xF460, 0x0001, 0xF420, 0x0001, 0xEBC0, 0x0001,
    0xF380, 0x0001, 0xFAC0, 0x0001, 0x18C5, 0x0046, 0xE0C0, 0x0001, 0xFAC0, 0x0001, 0xF440, 0x0001,
    0xEBC0, 0x0001, 0xF3A0, 0x0001, 0xF300, 0x0001, 0xFAC0, 0x0001, 0x03FD, 0x0001, 0x043D, 0x0001,
    0x047F, 0x0001, 0xC245, 0x0001, 0xFA00, 0x0001, 0xEA00, 0x0001, 0xF280, 0x0001, 0xF340, 0x0001,
    0xF2E0, 0x0002, 0xF360, 0x0001, 0xF3E0, 0x0001, 0xEBC0, 0x0001, 0xFB80, 0x0001, 0xF120, 0x0001,
    0x18C5, 0x0005, 0xD940, 0x0001, 0xF9E0, 0x0001, 0xF240, 0x0001, 0xE960, 0x0001, 0x18C5, 0x003B,
    0xD880, 0x0001, 0xFB20, 0x0001, 0xEB80, 0x0001, 0xF360, 0x0001, 0xF2C0, 0x0001, 0xEB00, 0x0001,
    0xFB80, 0x0001, 0x6C10, 0x0001, 0x04DF, 0x0001, 0x053F, 0x0002, 0xDB62, 0x0001, 0xFC20, 0x0001,
    0xEC40, 0x0001, 0xF3C0, 0x0001, 0xF380, 0x0001, 0xF360, 0x0001, 0xF260, 0x0001, 0xF2C0, 0x0001,
    0xF200, 0x0001, 0xEAA0, 0x0001, 0xF3E0, 0x0001, 0xF940, 0x0001, 0x18C5, 0x0003, 0xE0A0, 0x0001,
    0xFAA0, 0x0001, 0xF3C0, 0x0001, 0xEBC0, 0x0001, 0xFC80, 0x0001, 0xFCC0, 0x0001, 0xFB00, 0x0001,
    0xE1C0, 0x0001, 0xF000, 0x0001, 0x18C5, 0x0037, 0xD080, 0x0001, 0xFA00, 0x0001, 0xEA60, 0x0001,
    0xF380, 0x0001, 0xF2E0, 0x0001, 0xEB00, 0x0001, 0xF3E0, 0x0001, 0xFC00, 0x0001, 0xA469, 0x0001,
    0xB449, 0x0001, 0x6491, 0x0001, 0x053F, 0x0001, 0x4475, 0x0001, 0xF3E0, 0x0002, 0xF420, 0x0001,
    0xF320, 0x0001, 0xF400, 0x0001, 0xF460, 0x0001, 0xF400, 0x0001, 0xF340, 0x0001, 0xF220, 0x0001,
    0xF240, 0x0001, 0xFA20, 0x0001, 0x18C5, 0x0002, 0xE0A0, 0x0001, 0xFB40, 0x0001, 0xEC40, 0x0001,
    0xEB40, 0x0001, 0xFBC0, 0x0001, 0x8940, 0x0001, 0xA100, 0x0001, 0xFC20, 0x0001, 0xF3E0, 0x0001,
    0xFAE0, 0x0001, 0xD900, 0x0001, 0x18C5, 0x0035, 0xD020, 0x0001, 0xFA00, 0x0001, 0xF220, 0x0001,
    0xF360, 0x0001, 0xEB60, 0x0001, 0xEBC0, 0x0001, 0xEBE0, 0x0001, 0xDC22, 0x0001, 0xD383, 0x0001,
    0xEB20, 0x0001, 0xFB20, 0x0001, 0xF300, 0x0001, 0x4C75, 0x0001, 0x053F, 0x0001, 0xEC20, 0x0001,
    0xF440, 0x0001, 0xF360, 0x0001, 0xF3C0, 0x0003, 0xF3E0, 0x0001, 0xEB60, 0x0001, 0xF400, 0x0001,
    0xE280, 0x0001, 0xE1A0, 0x0001, 0xD8E0, 0x0001, 0x18C5, 0x0001, 0xE920, 0x0001, 0xF400, 0x0001,
    0xF420, 0x0001, 0xF280, 0x0001, 0x7820, 0x0001, 0x1062, 0x0001, 0x8840, 0x0001, 0xFAE0, 0x0001,
    0xEB40, 0x0002, 0xFB20, 0x0001, 0xB860, 0x0001, 0x18C5, 0x0034, 0xF8C0, 0x0001, 0xD8E0, 0x0001,
    0xEB60, 0x0001, 0xEBA0, 0x0001, 0xFB80, 0x0001, 0xFC00, 0x0001, 0xFBE0, 0x0001, 0xA44A, 0x0001,
    0x151D, 0x0001, 0x051D, 0x0001, 0xBC46, 0x0001, 0xFB40, 0x0001, 0x5C52, 0x0001, 0x053F, 0x0001,
    0xEB20, 0x0001, 0xF340, 0x0001, 0xF320, 0x0001, 0xF360, 0x0002, 0xF320, 0x0001, 0xF340, 0x0001,
    0xF300, 0x0001, 0xEB20, 0x0001, 0xF400, 0x0001, 0xE200, 0x0001, 0xD880, 0x0001, 0x9800, 0x0001,
    0xE9E0, 0x0001, 0xF3E0, 0x0001, 0xEA80, 0x0001, 0x8000, 0x0001, 0x4A8A, 0x0001, 0xE71C, 0x0001,
    0x52EB, 0x0001, 0x8880, 0x0001, 0xFBE0, 0x0001, 0xEB60, 0x0001, 0xF360, 0x0001, 0xB080, 0x0001,
    0x18C5, 0x0033, 0xA969, 0x0001, 0xF8E0, 0x0001, 0xEB00, 0x0001, 0xFB20, 0x0001, 0xF420, 0x0001,
    0xA44A, 0x0001, 0x7C8F, 0x0001, 0x846D, 0x0001, 0xFBC0, 0x0001, 0x54B3, 0x0001, 0x051F, 0x0001,
    0x0CFC, 0x0001, 0x846E, 0x0001, 0x2519, 0x0001, 0x049D, 0x0001, 0xF9E0, 0x0001, 0xF2C0, 0x0001,
    0xF380, 0x0001, 0xF340, 0x0001, 0xF3A0, 0x0001, 0xF420, 0x0002, 0xF320, 0x0001, 0xF3E0, 0x0001,
    0xF360, 0x0002, 0xF1E0, 0x0001, 0x8000, 0x0001, 0xD0E0, 0x0001, 0xFC20, 0x0001, 0xB860, 0x0001,
    0x0842, 0x0001, 0xDF1C, 0x0001, 0xFFBE, 0x0001, 0xF7DF, 0x0001, 0x62EC, 0x0001, 0xD0C0, 0x0001,
    0xF440, 0x0001, 0xF120, 0x0001, 0x9000, 0x0001, 0x18C5, 0x0033, 0x135E, 0x0001, 0xD304, 0x0001,
    0xE301, 0x0001, 0x63D1, 0x0001, 0xFBE0, 0x0001, 0x34D7, 0x0001, 0x053F, 0x0001, 0xB448, 0x0001,
    0xFBC0, 0x0001, 0x4CB4, 0x0001, 0x051F, 0x0001, 0x051D, 0x0001, 0x04DF, 0x0001, 0x045E, 0x0001,
    0x03FE, 0x0001, 0x63F1, 0x0001, 0xFC40, 0x0001, 0xEC00, 0x0001, 0xF420, 0x0001, 0xF380, 0x0002,
    0xF400, 0x0001, 0xF3A0, 0x0001, 0xF360, 0x0001, 0xF420, 0x0001, 0xF3E0, 0x0001, 0xF2C0, 0x0001,
    0xB000, 0x0001, 0xA0E0, 0x0001, 0xFC80, 0x0001, 0xB8E0, 0x0001, 0x2062, 0x0001, 0xDF3C, 0x0001,
    0xEF7D, 0x0002, 0xFFDF, 0x0001, 0xCC4E, 0x0001, 0xFAA0, 0x0001, 0xD060, 0x0001, 0x18C5, 0x0033,
    0x0B5E, 0x0001, 0x836E, 0x0001, 0xE302, 0x0001, 0x33B7, 0x0001, 0xE343, 0x0001, 0x7C8E, 0x0001,
    0x0D1E, 0x0001, 0x14FB, 0x0001, 0xFBE0, 0x0001, 0x846D, 0x0001, 0x0D1E, 0x0001, 0x04DD, 0x0001,
    0x043D, 0x0001, 0x047D, 0x0001, 0x04DD, 0x0001, 0x051F, 0x0001, 0x2479, 0x0001, 0xFB20, 0x0001,
    0xEC20, 0x0001, 0xF3E0, 0x0001, 0xF3A0, 0x0001, 0xF2E0, 0x0001, 0xF320, 0x0001, 0xF340, 0x0001,
    0xF300, 0x0001, 0xF340, 0x0001, 0xF400, 0x0001, 0xF360, 0x0001, 0xB040, 0x0001, 0x9000, 0x0001,
    0xEA00, 0x0001, 0xD900, 0x0001, 0x1021, 0x0001, 0xBE17, 0x0001, 0xFFFF, 0x0002, 0xBE7A, 0x0001,
    0x5A03, 0x0001, 0xFBC0, 0x0001, 0x68C0, 0x0001, 0x18C5, 0x0033, 0x3339, 0x0001, 0xC1C6, 0x0001,
    0x2399, 0x0001, 0x0C1C, 0x0001, 0x8B8C, 0x0001, 0x051F, 0x0001, 0x053D, 0x0001, 0x051E, 0x0001,
    0x053F, 0x0001, 0x053E, 0x0001, 0x04FE, 0x0001, 0x047D, 0x0001, 0x04FE, 0x0001, 0x051E, 0x0001,
    0x051D, 0x0001, 0x053E, 0x0001, 0x24B9, 0x0001, 0xD3A5, 0x0001, 0xEC00, 0x0001, 0xEB20, 0x0002,
    0xEAE0, 0x0001, 0xF380, 0x0001, 0xF420, 0x0001, 0xF3C0, 0x0001, 0xF2E0, 0x0001, 0xEB60, 0x0001,
    0xF2C0, 0x0001, 0xD080, 0x0001, 0xC0E0, 0x0001, 0xA940, 0x0001, 0xFA80, 0x0001, 0x3000, 0x0001,
    0x08C3, 0x0001, 0xAD34, 0x0001, 0xA5B7, 0x0001, 0x4841, 0x0001, 0xEB60, 0x0001, 0xFBC0, 0x0001,
    0xD0E0, 0x0001, 0x18C5, 0x0032, 0x033F, 0x0001, 0x043F, 0x0001, 0x045F, 0x0001, 0x041E, 0x0002,
    0x041F, 0x0001, 0x043D, 0x0001, 0x049E, 0x0002, 0x047E, 0x0001, 0x04BD, 0x0001, 0x03BD, 0x0001,
    0x049E, 0x0001, 0x053E, 0x0001, 0x04FE, 0x0001, 0x051E, 0x0001, 0x04FD, 0x0001, 0x053F, 0x0001,
    0x5C92, 0x0001, 0xFAE0, 0x0001, 0xE420, 0x0001, 0xF4A0, 0x0001, 0xF440, 0x0001, 0xF380, 0x0001,
    0xF3E0, 0x0001, 0xF420, 0x0001, 0xF380, 0x0001, 0xF440, 0x0001, 0xD180, 0x0001, 0xE020, 0x0001,
    0xB880, 0x0001, 0xA820, 0x0001, 0xFAC0, 0x0001, 0xE9A0, 0x0001, 0x4820, 0x0001, 0x0000, 0x0001,
    0x3800, 0x0001, 0xEA00, 0x0001, 0xF3A0, 0x0001, 0xF960, 0x0001, 0x18C5, 0x0032, 0xD800, 0x0001,
    0xA1EA, 0x0001, 0x043F, 0x0001, 0x0BFC, 0x0001, 0x03FD, 0x0001, 0x041D, 0x0002, 0x041E, 0x0001,
    0x03FE, 0x0003, 0x041E, 0x0001, 0x03FE, 0x0001, 0x027C, 0x0001, 0x049D, 0x0001, 0x053D, 0x0001,
    0x04FD, 0x0001, 0x051D, 0x0002, 0x24FB, 0x0001, 0xBAA7, 0x0001, 0xF9E0, 0x0001, 0xD120, 0x0002,
    0xE220, 0x0001, 0xF360, 0x0001, 0xEA40, 0x0001, 0xE9E0, 0x0001, 0xF2C0, 0x0001, 0xC8C0, 0x0001,
    0x18C5, 0x0001, 0x9000, 0x0001, 0x8000, 0x0001, 0xD080, 0x0001, 0xFB40, 0x0001, 0xF240, 0x0001,
    0xA9A0, 0x0001, 0xF2E0, 0x0001, 0xFBC0, 0x0001, 0xF1E0, 0x0001, 0xB800, 0x0001, 0x18C5, 0x0032,
    0xC001, 0x0001, 0xEA81, 0x0001, 0x0B5E, 0x0001, 0x043F, 0x0002, 0x03FD, 0x0001, 0x02FD, 0x0001,
    0x0159, 0x0001, 0x00D5, 0x0001, 0x00F6, 0x0001, 0x023C, 0x0001, 0x02BC, 0x0001, 0x037D, 0x0001,
    0x035E, 0x0001, 0x021D, 0x0001, 0x04BE, 0x0001, 0x053E, 0x0001, 0x051E, 0x0001, 0x04FD, 0x0001,
    0x053E, 0x0001, 0x0D1E, 0x0001, 0xD2C3, 0x0001, 0xF320, 0x0001, 0xE300, 0x0001, 0xE9E0, 0x0001,
    0xF1A0, 0x0001, 0xF280, 0x0001, 0xF2E0, 0x0001, 0xEBE0, 0x0001, 0xF300, 0x0001, 0xF1C0, 0x0001,
    0x18C5, 0x0003, 0xB040, 0x0001, 0xD880, 0x0001, 0xFA40, 0x0001, 0xFB00, 0x0001, 0xE060, 0x0001,
    0xB800, 0x0001, 0x18C5, 0x0033, 0x00B7, 0x0001, 0xFA60, 0x0001, 0xC226, 0x0001, 0x3AF7, 0x0001,
    0x4375, 0x0001, 0x043F, 0x0001, 0x045F, 0x0001, 0x03DC, 0x0001, 0x03DD, 0x0001, 0x03DC, 0x0001,
    0x031E, 0x0001, 0x01FD, 0x0001, 0x1852, 0x0001, 0x480E, 0x0001, 0x2812, 0x0001, 0x019D, 0x0001,
    0x033E, 0x0001, 0x039E, 0x0001, 0x041E, 0x0001, 0x047C, 0x0001, 0x049F, 0x0001, 0x93EB, 0x0001,
    0xF400, 0x0001, 0xF460, 0x0001, 0xF3A0, 0x0001, 0xF300, 0x0001, 0xF420, 0x0002, 0xF440, 0x0001,
    0xF380, 0x0001, 0xFB80, 0x0001, 0xE880, 0x0001, 0x18C5, 0x0004, 0xA800, 0x0001, 0xD800, 0x0001,
    0xA800, 0x0001, 0x18C5, 0x0034, 0x035F, 0x0001, 0x822E, 0x0001, 0xF9A0, 0x0001, 0xF9E0, 0x0001,
    0xF900, 0x0001, 0x824E, 0x0001, 0x3A95, 0x0001, 0x04BF, 0x0001, 0x045F, 0x0001, 0x049F, 0x0001,
    0x0BDC, 0x0001, 0x72D1, 0x0001, 0xC125, 0x0001, 0xF000, 0x0001, 0x18C5, 0x0002, 0x0056, 0x0001,
    0x00B9, 0x0001, 0x02FE, 0x0001, 0x02BE, 0x0001, 0x027E, 0x0001, 0x053F, 0x0001, 0xFA20, 0x0001,
    0xF340, 0x0001, 0xF3A0, 0x0001, 0xF300, 0x0001, 0xF360, 0x0003, 0xEB20, 0x0001, 0xFB60, 0x0001,
    0xB084, 0x0001, 0x18C5, 0x003A, 0x0057, 0x0001, 0x02DE, 0x0001, 0x03FF, 0x0001, 0x61EE, 0x0001,
    0xE900, 0x0001, 0xF260, 0x0001, 0xFA60, 0x0001, 0xD980, 0x0001, 0x894A, 0x0001, 0x9129, 0x0001,
    0x894A, 0x0001, 0xA126, 0x0001, 0xF840, 0x0001, 0xE020, 0x0001, 0x18C5, 0x0001, 0x0016, 0x0001,
    0x0013, 0x0001, 0x0012, 0x0001, 0x0013, 0x0001, 0x0056, 0x0001, 0x00B6, 0x0001, 0x0095, 0x0001,
    0x035D, 0x0001, 0x6351, 0x0001, 0xE860, 0x0001, 0xF320, 0x0001, 0xEBC0, 0x0001, 0xF300, 0x0001,
    0xF380, 0x0001, 0xF3A0, 0x0001, 0xEB20, 0x0001, 0xE8E0, 0x0001, 0xA0E8, 0x0001, 0x011D, 0x0001,
    0x097B, 0x0001, 0x019D, 0x0001, 0x18C5, 0x0033, 0x035F, 0x0001, 0x02FD, 0x0001, 0x035E, 0x0001,
    0x03DD, 0x0001, 0x03BE, 0x0001, 0x03FD, 0x0001, 0x035E, 0x0001, 0x037D, 0x0001, 0x1AFB, 0x0001,
    0xAA29, 0x0001, 0xFAC0, 0x0001, 0xF240, 0x0001, 0xF180, 0x0001, 0xFA80, 0x0001, 0xF1E0, 0x0001,
    0xE040, 0x0001, 0xD902, 0x0001, 0x28F4, 0x0001, 0x0077, 0x0001, 0x015B, 0x0001, 0x01FD, 0x0001,
    0x02DD, 0x0001, 0x02BC, 0x0001, 0x029C, 0x0001, 0x027C, 0x0001, 0x029C, 0x0001, 0x0118, 0x0001,
    0x2378, 0x0001, 0xF080, 0x0001, 0xD9A0, 0x0001, 0xF400, 0x0001, 0xEB40, 0x0001, 0xF420, 0x0002,
    0xEB41, 0x0001, 0xF100, 0x0001, 0x892A, 0x0001, 0x033F, 0x0001, 0x02BE, 0x0001, 0x02DF, 0x0001,
    0x029D, 0x0001, 0x01BE, 0x0001, 0x18C5, 0x002F, 0x037E, 0x0001, 0x049E, 0x0001, 0x047F, 0x0002,
    0x043F, 0x0001, 0x053E, 0x0001, 0x055E, 0x0001, 0x053E, 0x0001, 0x051D, 0x0001, 0x041E, 0x0001,
    0x035F, 0x0001, 0x039F, 0x0001, 0x792A, 0x0001, 0xB884, 0x0001, 0xFA40, 0x0001, 0xEB80, 0x0001,
    0xE321, 0x0001, 0xE000, 0x0001, 0x716D, 0x0001, 0x011A, 0x0001, 0x015A, 0x0001, 0x033E, 0x0001,
    0x031E, 0x0003, 0x033E, 0x0003, 0x02FE, 0x0001, 0x18F4, 0x0001, 0xF980, 0x0001, 0xD060, 0x0001,
    0xE1E0, 0x0001, 0xF320, 0x0001, 0xEBE0, 0x0001, 0xEB60, 0x0001, 0xF980, 0x0001, 0xD121, 0x0001,
    0x031F, 0x0001, 0x033D, 0x0001, 0x023C, 0x0001, 0x01FC, 0x0001, 0x027D, 0x0001, 0x031E, 0x0001,
    0x025E, 0x0001, 0x01DC, 0x0001, 0x18C5, 0x002C, 0x039F, 0x0001, 0x04BE, 0x0001, 0x049D, 0x0003,
    0x04BD, 0x0001, 0x04FD, 0x0001, 0x047E, 0x0002, 0x049E, 0x0001, 0x055E, 0x0001, 0x051D, 0x0001,
    0x03BD, 0x0001, 0x043F, 0x0001, 0x1B7A, 0x0001, 0x8AAE, 0x0001, 0xDA62, 0x0001, 0xF9C0, 0x0001,
    0xA883, 0x0001, 0x32D6, 0x0001, 0x01FB, 0x0001, 0x02BC, 0x0001, 0x031E, 0x0001, 0x02FE, 0x0001,
    0x02FD, 0x0001, 0x02FE, 0x0003, 0x02FD, 0x0001, 0x031E, 0x0001, 0x61AE, 0x0001, 0xD040, 0x0001,
    0xC8C0, 0x0001, 0xD0A0, 0x0001, 0xEB00, 0x0001, 0xF2E0, 0x0001, 0xF8E0, 0x0001, 0xA169, 0x0001,
    0x51B0, 0x0001, 0x033E, 0x0001, 0x02FD, 0x0001, 0x033E, 0x0001, 0x031E, 0x0001, 0x021C, 0x0002,
    0x031E, 0x0001, 0x033E, 0x0001, 0x023E, 0x0001, 0x027F, 0x0001, 0x01DD, 0x0001, 0x18C5, 0x0028,
    0x031F, 0x0001, 0x045E, 0x0001, 0x045D, 0x0001, 0x04BE, 0x0001, 0x043E, 0x0001, 0x03DE, 0x0001,
    0x045E, 0x0001, 0x047E, 0x0001, 0x049E, 0x0003, 0x043E, 0x0001, 0x045E, 0x0001, 0x043E, 0x0001,
    0x03DD, 0x0001, 0x03BE, 0x0001, 0x043F, 0x0001, 0x3358, 0x0001, 0x61D1, 0x0001, 0x8127, 0x0001,
    0x039F, 0x0001, 0x029D, 0x0001, 0x033E, 0x0001, 0x02FE, 0x0001, 0x031E, 0x0006, 0x02FE, 0x0001,
    0xD020, 0x0001, 0xEAA0, 0x0001, 0xD900, 0x0001, 0xC000, 0x0001, 0xF1C0, 0x0001, 0xBA26, 0x0001,
    0x4A75, 0x0001, 0x039D, 0x0001, 0x033F, 0x0001, 0x025C, 0x0001, 0x031E, 0x0001, 0x02FE, 0x0002,
    0x037E, 0x0001, 0x023C, 0x0001, 0x01BC, 0x0001, 0x02FE, 0x0001, 0x031D, 0x0001, 0x035E, 0x0001,
    0x025F, 0x0001, 0x18C5, 0x0027, 0x00D8, 0x0001, 0x02BE, 0x0001, 0x049D, 0x0001, 0x04DE, 0x0001,
    0x053E, 0x0001, 0x047E, 0x0001, 0x041E, 0x0001, 0x04BE, 0x0001, 0x04FE, 0x0001, 0x053E, 0x0001,
    0x051E, 0x0002, 0x04DE, 0x0001, 0x047E, 0x0001, 0x03FE, 0x0001, 0x041E, 0x0001, 0x037D, 0x0002,
    0x045F, 0x0001, 0x03FF, 0x0001, 0x13DA, 0x0001, 0x029C, 0x0001, 0x023C, 0x0001, 0x035E, 0x0001,
    0x02BD, 0x0001, 0x01BC, 0x0001, 0x01DC, 0x0001, 0x02BD, 0x0001, 0x02DD, 0x0001, 0x02BD, 0x0001,
    0x033F, 0x0001, 0x78E9, 0x0001, 0xE980, 0x0001, 0xF340, 0x0001, 0xEAE0, 0x0001, 0xD0A0, 0x0001,
    0xFA20, 0x0001, 0x8A4C, 0x0001, 0x047F, 0x0001, 0x0C3D, 0x0001, 0x035C, 0x0001, 0x01BB, 0x0001,
    0x033D, 0x0001, 0x031D, 0x0002, 0x02FD, 0x0001, 0x033F, 0x0001, 0x00B7, 0x0001, 0x029C, 0x0001,
    0x033F, 0x0001, 0x033E, 0x0001, 0x0118, 0x0001, 0x18C5, 0x0022, 0x033E, 0x0002, 0x03FE, 0x0001,
    0x045E, 0x0001, 0x041E, 0x0001, 0x033E, 0x0001, 0x043D, 0x0001, 0x055E, 0x0001, 0x051E, 0x0001,
    0x047E, 0x0001, 0x03DE, 0x0001, 0x04DE, 0x0001, 0x051E, 0x0002, 0x04FE, 0x0003, 0x051E, 0x0001,
    0x04BE, 0x0001, 0x041E, 0x0002, 0x03BE, 0x0001, 0x037E, 0x0001, 0x041D, 0x0001, 0x03FD, 0x0001,
    0x049F, 0x0001, 0x01F8, 0x0001, 0x0199, 0x0001, 0x033E, 0x0001, 0x02FD, 0x0002, 0x02FE, 0x0001,
    0x01FC, 0x0001, 0x01DC, 0x0002, 0x027F, 0x0001, 0xA842, 0x0001, 0xFAA0, 0x0001, 0xEB20, 0x0001,
    0xF360, 0x0001, 0xD8A0, 0x0001, 0xDAC2, 0x0001, 0x043F, 0x0001, 0x03FD, 0x0001, 0x043E, 0x0001,
    0x033B, 0x0001, 0x00F7, 0x0001, 0x037F, 0x0001, 0x02BE, 0x0001, 0x02FE, 0x0001, 0x025D, 0x0001,
    0x0119, 0x0001, 0x0096, 0x0001, 0x025C, 0x0001, 0x021B, 0x0001, 0x0098, 0x0001, 0x0013, 0x0001,
    0x18C5, 0x0020, 0xC800, 0x0001, 0x22DB, 0x0001, 0x045F, 0x0001, 0x04DD, 0x0001, 0x055E, 0x0001,
    0x04DE, 0x0001, 0x03DE, 0x0001, 0x02FE, 0x0001, 0x043E, 0x0001, 0x04BE, 0x0001, 0x047E, 0x0001,
    0x03FE, 0x0001, 0x03DE, 0x0001, 0x04FE, 0x0001, 0x053E, 0x0001, 0x04FE, 0x0002, 0x051E, 0x0001,
    0x053E, 0x0001, 0x045E, 0x0001, 0x033E, 0x0001, 0x03DE, 0x0001, 0x043E, 0x0001, 0x037D, 0x0001,
    0x031D, 0x0001, 0x043E, 0x0001, 0x03FD, 0x0001, 0x047F, 0x0001, 0x01D9, 0x0001, 0x01DA, 0x0001,
    0x03BF, 0x0001, 0x031E, 0x0001, 0x033E, 0x0002, 0x035E, 0x0001, 0x031E, 0x0001, 0x02BD, 0x0001,
    0x029E, 0x0001, 0x614F, 0x0001, 0xC8E0, 0x0001, 0xF220, 0x0001, 0xEA60, 0x0001, 0xF8C0, 0x0001,
    0x734E, 0x0001, 0x041F, 0x0001, 0x03FD, 0x0001, 0x043E, 0x0001, 0x03BD, 0x0001, 0x0072, 0x0001,
    0x012D, 0x0001, 0x0074, 0x0001, 0x00B8, 0x0001, 0x0097, 0x0001, 0x0096, 0x0001, 0x015B, 0x0001,
    0x017C, 0x0001, 0x0056, 0x0001, 0x0014, 0x0001, 0x18C5, 0x0020, 0xB800, 0x0001, 0xF080, 0x0001,
    0x1ADA, 0x0001, 0x045F, 0x0001, 0x04FD, 0x0001, 0x043E, 0x0001, 0x041E, 0x0001, 0x03FE, 0x0001,
    0x03DE, 0x0001, 0x041E, 0x0001, 0x03FE, 0x0001, 0x03DD, 0x0001, 0x01FC, 0x0001, 0x02BD, 0x0001,
    0x045E, 0x0001, 0x049E, 0x0001, 0x051E, 0x0001, 0x051D, 0x0001, 0x049D, 0x0001, 0x039D, 0x0001,
    0x033D, 0x0001, 0x03FE, 0x0001, 0x043E, 0x0001, 0x045E, 0x0001, 0x02BE, 0x0001, 0x029D, 0x0001,
    0x047E, 0x0001, 0x043F, 0x0001, 0x02FD, 0x0001, 0x0054, 0x0001, 0x0095, 0x0001, 0x0117, 0x0001,
    0x01FC, 0x0002, 0x021C, 0x0001, 0x01FC, 0x0002, 0x02BD, 0x0001, 0x035E, 0x0001, 0x035F, 0x0001,
    0x8061, 0x0001, 0xF2A0, 0x0001, 0xF980, 0x0001, 0x72AF, 0x0001, 0x03BF, 0x0001, 0x041D, 0x0001,
    0x041E, 0x0001, 0x03BE, 0x0001, 0x0158, 0x0001, 0x0032, 0x0001, 0x00F0, 0x0001, 0x00F6, 0x0001,
    0x00D8, 0x0001, 0x0119, 0x0001, 0x01BD, 0x0001, 0x019B, 0x0001, 0x01BD, 0x0001, 0x015D, 0x0001,
    0x0012, 0x0001, 0x18C5, 0x001F, 0xB820, 0x0001, 0xE080, 0x0001, 0xFA60, 0x0001, 0x2B18, 0x0001,
    0x041E, 0x0001, 0x041D, 0x0001, 0x03FE, 0x0002, 0x041E, 0x0003, 0x035D, 0x0001, 0x025D, 0x0001,
    0x0179, 0x0001, 0x0198, 0x0001, 0x037E, 0x0001, 0x031D, 0x0001, 0x037D, 0x0001, 0x039E, 0x0001,
    0x037E, 0x0001, 0x03FE, 0x0001, 0x041E, 0x0001, 0x03FE, 0x0001, 0x03DE, 0x0001, 0x02DD, 0x0001,
    0x0055, 0x0001, 0x02BD, 0x0001, 0x041F, 0x0001, 0x02DB, 0x0001, 0x0075, 0x0001, 0x015A, 0x0001,
    0x011B, 0x0001, 0x021C, 0x0001, 0x029E, 0x0004, 0x027E, 0x0001, 0x01BD, 0x0002, 0x017B, 0x0001,
    0x88C1, 0x0001, 0xFAC0, 0x0001, 0x7AAF, 0x0001, 0x043F, 0x0001, 0x0B5D, 0x0001, 0x043E, 0x0001,
    0x039D, 0x0001, 0x01DA, 0x0001, 0x0811, 0x0001, 0x0097, 0x0001, 0x01DF, 0x0001, 0x01BE, 0x0001,
    0x01DE, 0x0001, 0x01BE, 0x0001, 0x019D, 0x0002, 0x015C, 0x0001, 0x0035, 0x0001, 0x18C5, 0x001F,
    0xB800, 0x0001, 0xFA00, 0x0001, 0xF240, 0x0001, 0xF2A0, 0x0001, 0xC0C1, 0x0001, 0x03DF, 0x0001,
    0x03FD, 0x0001, 0x03FE, 0x0001, 0x043E, 0x0001, 0x041E, 0x0001, 0x03BE, 0x0001, 0x03FE, 0x0001,
    0x041D, 0x0001, 0x02FF, 0x0001, 0x008C, 0x0001, 0x016D, 0x0001, 0x043F, 0x0001, 0x043E, 0x0001,
    0x03FE, 0x0001, 0x033D, 0x0001, 0x031D, 0x0001, 0x033D, 0x0001, 0x021E, 0x0001, 0x0096, 0x0001,
    0x0013, 0x0001, 0x0012, 0x0001, 0x0000, 0x0001, 0x0009, 0x0001, 0x0016, 0x0001, 0x0002, 0x0001,
    0x0000, 0x0001, 0x0009, 0x0001, 0x0016, 0x0001, 0x0034, 0x0001, 0x0014, 0x0005, 0x0013, 0x0001,
    0x0014, 0x0001, 0x0013, 0x0001, 0xB0A1, 0x0001, 0xFA00, 0x0001, 0x5AD2, 0x0001, 0x045F, 0x0001,
    0x031C, 0x0001, 0x02BD, 0x0001, 0x013A, 0x0001, 0x0009, 0x0001, 0x6802, 0x0001, 0x7802, 0x0001,
    0x2010, 0x0001, 0x18D3, 0x0001, 0x1136, 0x0001, 0x1115, 0x0001, 0x1156, 0x0001, 0x2051, 0x0001,
    0x0012, 0x0001, 0x18C5, 0x0003, 0xD8A0, 0x0001, 0x18C5, 0x0005, 0xD860, 0x0001, 0xD080, 0x0001,
    0x18C5, 0x0015, 0xD800, 0x0001, 0xF220, 0x0001, 0xE220, 0x0001, 0xE9A0, 0x0001, 0xE0E0, 0x0001,
    0x3214, 0x0001, 0x049F, 0x0001, 0x043D, 0x0001, 0x031D, 0x0001, 0x035D, 0x0001, 0x02FE, 0x0001,
    0x03DD, 0x0001, 0x03DE, 0x0001, 0x021D, 0x0001, 0x000F, 0x0001, 0x0072, 0x0001, 0x019C, 0x0001,
    0x01BB, 0x0001, 0x017C, 0x0001, 0x0015, 0x0001, 0x0012, 0x0002, 0x0014, 0x0001, 0x18C5, 0x0013,
    0xA020, 0x0001, 0xF920, 0x0001, 0x6331, 0x0001, 0x041F, 0x0001, 0x027C, 0x0002, 0x029C, 0x0001,
    0x02DE, 0x0001, 0x01FC, 0x0001, 0x7069, 0x0001, 0xC000, 0x0001, 0xA000, 0x0001, 0x9800, 0x0001,
    0xA800, 0x0002, 0x8800, 0x0001, 0x18C5, 0x0003, 0xD000, 0x0001, 0xFA80, 0x0001, 0xB000, 0x0001,
    0x18C5, 0x0004, 0xFA00, 0x0001, 0xD180, 0x0001, 0x18C5, 0x0014, 0xB000, 0x0001, 0xD000, 0x0001,
    0xF1E0, 0x0001, 0xD900, 0x0001, 0xE0A0, 0x0001, 0xF9C0, 0x0001, 0xE0A0, 0x0001, 0x4254, 0x0001,
    0x02DF, 0x0001, 0x02BC, 0x0001, 0x039D, 0x0001, 0x03DD, 0x0001, 0x045E, 0x0001, 0x035F, 0x0001,
    0x0056, 0x0001, 0x18C5, 0x001D, 0xF140, 0x0001, 0x5A91, 0x0001, 0x037F, 0x0001, 0x0C7D, 0x0001,
    0x045E, 0x0001, 0x047F, 0x0001, 0x03DF, 0x0001, 0x8A6D, 0x0001, 0x98A8, 0x0001, 0xC880, 0x0001,
    0xA800, 0x0001, 0xA000, 0x0001, 0x9000, 0x0001, 0x18C5, 0x0005, 0xC800, 0x0001, 0xFA40, 0x0001,
    0xA820, 0x0001, 0x18C5, 0x0004, 0xFAC0, 0x0001, 0xD0A0, 0x0001, 0x18C5, 0x0013, 0xC800, 0x0001,
    0xE100, 0x0001, 0xD060, 0x0001, 0xE960, 0x0001, 0xE080, 0x0001, 0xB800, 0x0001, 0xE120, 0x0001,
    0xF160, 0x0001, 0xF120, 0x0001, 0x52D4, 0x0001, 0x0C3E, 0x0001, 0x045F, 0x0001, 0x043F, 0x0001,
    0x039F, 0x0001, 0x00F7, 0x0001, 0x18C5, 0x001E, 0xB140, 0x0001, 0xEA42, 0x0001, 0x3277, 0x0001,
    0x041F, 0x0001, 0x03BF, 0x0001, 0x720F, 0x0001, 0xDAC4, 0x0001, 0xFA60, 0x0001, 0xF9E0, 0x0001,
    0xE160, 0x0001, 0x9000, 0x0001, 0x18C5, 0x0007, 0xC800, 0x0001, 0xFA80, 0x0001, 0xC800, 0x0001,
    0x18C5, 0x0003, 0xE120, 0x0001, 0xF220, 0x0001, 0x18C5, 0x0013, 0xC020, 0x0001, 0xE8C0, 0x0001,
    0xE960, 0x0001, 0xB800, 0x0002, 0xC880, 0x0001, 0xC860, 0x0001, 0xD860, 0x0001, 0xD8A0, 0x0001,
    0xF140, 0x0001, 0xF120, 0x0001, 0xE941, 0x0001, 0x3B17, 0x0001, 0x121A, 0x0001, 0x0078, 0x0001,
    0x18C5, 0x001F, 0xA840, 0x0001, 0xFAA0, 0x0001, 0xEA20, 0x0001, 0x3318, 0x0001, 0x6230, 0x0001,
    0xF8A0, 0x0001, 0xF220, 0x0001, 0xE260, 0x0001, 0xF280, 0x0001, 0xE0C0, 0x0001, 0xC0A0, 0x0001,
    0x18C5, 0x0007, 0xF1A0, 0x0001, 0xEA20, 0x0001, 0xD0A0, 0x0001, 0xE1A0, 0x0001, 0xB820, 0x0001,
    0xB860, 0x0001, 0xF120, 0x0001, 0xD8A0, 0x0001, 0x18C5, 0x0012, 0xD0E0, 0x0001, 0xE920, 0x0001,
    0xB820, 0x0001, 0xC8C0, 0x0002, 0xE8C0, 0x0001, 0xF100, 0x0002, 0xE900, 0x0001, 0xE0C0, 0x0001,
    0xD000, 0x0001, 0xC000, 0x0001, 0xB000, 0x0001, 0xC800, 0x0001, 0x5007, 0x0001, 0x18C5, 0x001F,
    0x7800, 0x0001, 0x9800, 0x0001, 0xC8E0, 0x0001, 0xFB40, 0x0001, 0xFB00, 0x0001, 0xF1A0, 0x0001,
    0xF320, 0x0001, 0xE1C0, 0x0001, 0xD860, 0x0001, 0xF2A0, 0x0001, 0xF2C0, 0x0001, 0xFA40, 0x0001,
    0xC940, 0x0001, 0x18C5, 0x0006, 0xFA60, 0x0001, 0xB8A0, 0x0001, 0xE1E0, 0x0001, 0xD2E0, 0x0001,
    0xD100, 0x0001, 0xF260, 0x0001, 0xE080, 0x0001, 0x18C5, 0x0010, 0xA800, 0x0001, 0xB800, 0x0001,
    0xF0C0, 0x0001, 0xD8A0, 0x0001, 0xC8A0, 0x0001, 0xD920, 0x0001, 0xE8C0, 0x0001, 0xD8C0, 0x0001,
    0xB080, 0x0001, 0xA000, 0x0001, 0x18C5, 0x0026, 0x7000, 0x0001, 0xB000, 0x0001, 0xA000, 0x0001,
    0xA800, 0x0001, 0xA8C0, 0x0001, 0xC0C0, 0x0001, 0xD860, 0x0001, 0xF280, 0x0001, 0xE160, 0x0001,
    0xF280, 0x0001, 0xF1E0, 0x0001, 0xEAA0, 0x0002, 0xF300, 0x0001, 0xB880, 0x0001, 0x9000, 0x0001,
    0x18C5, 0x0003, 0xFA00, 0x0001, 0xFB40, 0x0001, 0xB080, 0x0001, 0xA0E0, 0x0001, 0xC0A0, 0x0001,
    0xE1A0, 0x0001, 0xC160, 0x0001, 0xF240, 0x0001, 0x18C5, 0x000E, 0xB000, 0x0001, 0xD840, 0x0001,
    0xE900, 0x0001, 0xC020, 0x0001, 0xD040, 0x0001, 0xE0E0, 0x0001, 0xC800, 0x0001, 0xB860, 0x0001,
    0x18C5, 0x0029, 0x7800, 0x0001, 0xB000, 0x0001, 0xB800, 0x0001, 0xB000, 0x0001, 0xB800, 0x0001,
    0x8000, 0x0002, 0xA020, 0x0001, 0xD020, 0x0001, 0xE0A0, 0x0001, 0xF2C0, 0x0001, 0xF2A0, 0x0001,
    0xFA40, 0x0001, 0xF1E0, 0x0001, 0xE9E0, 0x0001, 0xF2C0, 0x0001, 0xE9E0, 0x0001, 0xE160, 0x0001,
    0xB800, 0x0001, 0xD8C0, 0x0001, 0xFB40, 0x0001, 0xEA20, 0x0001, 0xC820, 0x0001, 0xE960, 0x0001,
    0xB880, 0x0001, 0xC1E0, 0x0001, 0x9900, 0x0001, 0xF220, 0x0001, 0xA000, 0x0001, 0x18C5, 0x000C,
    0xE0C0, 0x0001, 0xE980, 0x0001, 0xFB40, 0x0001, 0xF400, 0x0001, 0xFA00, 0x0001, 0xC020, 0x0001,
    0x8020, 0x0001, 0x18C5, 0x002B, 0x7800, 0x0001, 0xA800, 0x0001, 0xB000, 0x0004, 0xA800, 0x0002,
    0xB000, 0x0001, 0x9020, 0x0001, 0xA800, 0x0001, 0xD060, 0x0001, 0xE200, 0x0001, 0xE960, 0x0001,
    0xFA60, 0x0001, 0xF9A0, 0x0001, 0xFA60, 0x0001, 0xFAE0, 0x0001, 0xF1E0, 0x0001, 0xF2C0, 0x0001,
    0xF360, 0x0001, 0xD0C0, 0x0001, 0xE8E0, 0x0001, 0xF1C0, 0x0001, 0xE900, 0x0001, 0xA000, 0x0001,
    0x18C5, 0x0001, 0x7800, 0x0001, 0x18C5, 0x000B, 0xE140, 0x0001, 0xFB40, 0x0001, 0xF360, 0x0002,
    0xEBC0, 0x0001, 0xE980, 0x0001, 0xE040, 0x0001, 0x18C5, 0x002F, 0x7800, 0x0009, 0x7000, 0x0001,
    0x6800, 0x0001, 0x9000, 0x0001, 0xE120, 0x0001, 0xC8E0, 0x0001, 0xD8C0, 0x0001, 0xD8A0, 0x0001,
    0xF320, 0x0001, 0xFB80, 0x0001, 0xF2A0, 0x0001, 0xE0E0, 0x0001, 0xF180, 0x0001, 0xF160, 0x0001,
    0xF120, 0x0001, 0xE1A0, 0x0001, 0xC980, 0x0001, 0x18C5, 0x0009, 0xE000, 0x0001, 0xEA20, 0x0001,
    0xFB40, 0x0001, 0xF340, 0x0001, 0xEB80, 0x0002, 0xF3C0, 0x0001, 0xE100, 0x0001, 0x9800, 0x0001,
    0x18C5, 0x003F, 0x8800, 0x0001, 0xB0E0, 0x0001, 0xD940, 0x0001, 0xB840, 0x0001, 0xC040, 0x0001,
    0xD8C0, 0x0001, 0xC040, 0x0001, 0xA000, 0x0001, 0xC920, 0x0001, 0xE980, 0x0001, 0xFAA0, 0x0001,
    0xE1C0, 0x0001, 0xE020, 0x0001, 0x18C5, 0x0004, 0xD000, 0x0001, 0xF1A0, 0x0001, 0xFB60, 0x0001,
    0xF3E0, 0x0001, 0xEB80, 0x0001, 0xEBA0, 0x0001, 0xEC00, 0x0001, 0xFBE0, 0x0001, 0xE140, 0x0001,
    0xB000, 0x0001, 0x18C5, 0x004A, 0xD120, 0x0001, 0xFB20, 0x0001, 0xFAC0, 0x0001, 0xD880, 0x0001,
    0x18C5, 0x0002, 0xF180, 0x0001, 0xF2E0, 0x0001, 0xFB40, 0x0001, 0xF340, 0x0001, 0xEA80, 0x0001,
    0xE980, 0x0001, 0xF2E0, 0x0001, 0xF380, 0x0001, 0xC900, 0x0001, 0x18C5, 0x004D, 0xA000, 0x0001,
    0xD9E0, 0x0001, 0xD8A0, 0x0001, 0xF9E0, 0x0001, 0xFB60, 0x0001, 0xF440, 0x0001, 0xEC40, 0x0001,
    0xEB80, 0x0001, 0xF3A0, 0x0001, 0xEC80, 0x0001, 0xF3A0, 0x0001, 0xF980, 0x0001, 0xB060, 0x0001,
    0x18C5, 0x0050, 0x8000, 0x0001, 0xE940, 0x0001, 0xF400, 0x0001, 0xEC20, 0x0001, 0xF2C0, 0x0001,
    0xF3A0, 0x0001, 0xF340, 0x0001, 0xF280, 0x0001, 0xD960, 0x0001, 0xC080, 0x0001, 0x18C5, 0x0053,
    0xD900, 0x0001, 0xF240, 0x0001, 0xD860, 0x0001, 0xD0C0, 0x0001, 0xD840, 0x0001, 0xD000, 0x0001,
    0x18C5, 0x0054, 0x18C5, 0x00EF, 0xD820, 0x0001, 0x18C5, 0x0006, 0xE960, 0x0001, 0x18C5, 0x0052,
    0xD000, 0x0001, 0xF9A0, 0x0001, 0xC800, 0x0001, 0x18C5, 0x0005, 0xF1C0, 0x0001, 0xD840, 0x0001,
    0x18C5, 0x0051, 0xD020, 0x0001, 0xFA80, 0x0001, 0xC800, 0x0001, 0x18C5, 0x0004, 0x9800, 0x0001,
    0xFA40, 0x0001, 0xC080, 0x0001, 0x18C5, 0x0051, 0xD000, 0x0001, 0xFA80, 0x0001, 0xC800, 0x0001,
    0x18C5, 0x0004, 0xE100, 0x0001, 0xFAA0, 0x0001, 0xC860, 0x0001, 0x18C5, 0x0051, 0xD000, 0x0001,
    0xF280, 0x0001, 0xEA00, 0x0001, 0x18C5, 0x0001, 0xC0C0, 0x0001, 0xD020, 0x0001, 0xB040, 0x0001,
    0xD1C0, 0x0001, 0xE940, 0x0001, 0x18C5, 0x0053, 0xE0C0, 0x0001, 0xE220, 0x0001, 0xD900, 0x0001,
    0xE1C0, 0x0001, 0xC960, 0x0001, 0xD1A0, 0x0001, 0xD980, 0x0001, 0xC0E0, 0x0001, 0x18C5, 0x0052,
    0xB800, 0x0001, 0xFA60, 0x0001, 0xF300, 0x0001, 0xE9A0, 0x0001, 0xD160, 0x0001, 0xE240, 0x0001,
    0xC8E0, 0x0001, 0xF9C0, 0x0001, 0x18C5, 0x0053, 0xE960, 0x0001, 0xFB00, 0x0001, 0xF320, 0x0001,
    0xEA60, 0x0001, 0xF2E0, 0x0001, 0xEAE0, 0x0001, 0xF2C0, 0x0001, 0xE180, 0x0001, 0x18C5, 0x0052,
    0xC820, 0x0001, 0xF1C0, 0x0001, 0xF2C0, 0x0001, 0xEB00, 0x0001, 0xF300, 0x0001, 0xEB00, 0x0001,
    0xF340, 0x0001, 0xF220, 0x0001, 0xA800, 0x0001, 0x18C5, 0x0052, 0xD000, 0x0001, 0xE0A0, 0x0001,
    0xEA00, 0x0001, 0xF2A0, 0x0001, 0xF320, 0x0001, 0xF2E0, 0x0001, 0xF340, 0x0001, 0xFA20, 0x0001,
    0x18C5, 0x0052, 0xE0A0, 0x0001, 0xF220, 0x0001, 0xEB00, 0x0001, 0xF280, 0x0001, 0xE9C0, 0x0001,
    0xE220, 0x0001, 0xF320, 0x0001, 0xEB00, 0x0001, 0xF320, 0x0001, 0xF220, 0x0001, 0xD800, 0x0001,
    0xC800, 0x0001, 0x18C5, 0x004E, 0xD060, 0x0001, 0xFA60, 0x0001, 0xE120, 0x0001, 0xE980, 0x0001,
    0xFAA0, 0x0001, 0xE100, 0x0001, 0xD880, 0x0001, 0xFAE0, 0x0002, 0xF1A0, 0x0001, 0xFA60, 0x0001,
    0xFA80, 0x0001, 0xF260, 0x0001, 0xFAE0, 0x0001, 0x18C5, 0x004B, 0xC800, 0x0001, 0xF120, 0x0001,
    0xE120, 0x0001, 0xEA00, 0x0001, 0xE140, 0x0001, 0xF2A0, 0x0001, 0xF160, 0x0001, 0xB000, 0x0001,
    0x18C5, 0x0001, 0xB020, 0x0001, 0xD820, 0x0001, 0xC800, 0x0001, 0xA800, 0x0001, 0xC860, 0x0001,
    0xD080, 0x0001, 0xFB20, 0x0001, 0xF9E0, 0x0001, 0x18C5, 0x0049, 0xF0E0, 0x0001, 0xF160, 0x0001,
    0xF340, 0x0001, 0xEAA0, 0x0001, 0xE180, 0x0001, 0xF240, 0x0001, 0xB800, 0x0001, 0x18C5, 0x0009,
    0x90A0, 0x0001, 0xFAC0, 0x0001, 0x18C5, 0x0048, 0xF1C0, 0x0001, 0xF2A0, 0x0001, 0xE1A0, 0x0001,
    0xEAC0, 0x0001, 0xE9C0, 0x0001, 0xE1A0, 0x0001, 0xF180, 0x0001, 0x18C5, 0x0053, 0xF1C0, 0x0001,
    0xF240, 0x0001, 0xF2C0, 0x0001, 0xF260, 0x0001, 0xD8C0, 0x0001, 0xE980, 0x0001, 0xFAE0, 0x0001,
    0xD8A0, 0x0001, 0x18C5, 0x0052, 0xEA40, 0x0001, 0xF260, 0x0001, 0xF2E0, 0x0001, 0xE1A0, 0x0001,
    0xB104, 0x0001, 0xD000, 0x0001, 0xF340, 0x0001, 0xF200, 0x0001, 0xA000, 0x0001, 0x18C5, 0x0051,
    0xD0A0, 0x0001, 0xF260, 0x0001, 0xE100, 0x0001, 0xE181, 0x0001, 0x5232, 0x0001, 0x04BF, 0x0001,
    0x69EE, 0x0001, 0xF940, 0x0001, 0xE860, 0x0001, 0x18C5, 0x0051, 0xB000, 0x0001, 0xB860, 0x0001,
    0xEA20, 0x0001, 0xE960, 0x0001, 0xA085, 0x0001, 0x049F, 0x0001, 0x03DD, 0x0001, 0x047F, 0x0001,
    0x5273, 0x0001, 0x39B2, 0x0001, 0x18C5, 0x0051, 0xB8A0, 0x0001, 0xE9C0, 0x0001, 0xE220, 0x0001,
    0xFB40, 0x0001, 0xB0A4, 0x0001, 0x043F, 0x0001, 0x043D, 0x0001, 0x035D, 0x0001, 0x029F, 0x0001,
    0x18C5, 0x0053, 0xC960, 0x0001, 0xE160, 0x0001, 0xD9E0, 0x0001, 0xF280, 0x0001, 0x892A, 0x0001,
    0x047F, 0x0001, 0x027D, 0x0001, 0x0055, 0x0001, 0x18C5, 0x0054, 0xB980, 0x0001, 0xD160, 0x0001,
    0xDA20, 0x0001, 0xFA60, 0x0001, 0x892B, 0x0001, 0x045F, 0x0001, 0x041F, 0x0001, 0x023C, 0x0001,
    0x18C5, 0x0054, 0xB140, 0x0001, 0xE960, 0x0001, 0xDA20, 0x0001, 0xFA60, 0x0001, 0x8949, 0x0001,
    0x045F, 0x0001, 0x041E, 0x0001, 0x03FF, 0x0001, 0x033E, 0x0001, 0x18C5, 0x0053, 0xA960, 0x0001,
    0xE140, 0x0001, 0xE260, 0x0001, 0xF960, 0x0001, 0x892A, 0x0001, 0x043F, 0x0001, 0x041D, 0x0001,
    0x041F, 0x0001, 0x035F, 0x0001, 0x013B, 0x0001, 0x18C5, 0x0052, 0xD140, 0x0001, 0xE9A0, 0x0001,
    0xEAC0, 0x0001, 0xFA20, 0x0001, 0x896A, 0x0001, 0x045F, 0x0001, 0x043D, 0x0001, 0x041D, 0x0001,
    0x02BF, 0x0001, 0x18C5, 0x0052, 0xA000, 0x0001, 0xD880, 0x0001, 0xD9C0, 0x0001, 0xEB40, 0x0001,
    0xFA80, 0x0001, 0x9A0A, 0x0001, 0x03DF, 0x0001, 0x04BF, 0x0001, 0x037F, 0x0001, 0x18C5, 0x0053,
    0xE240, 0x0001, 0xE960, 0x0001, 0xE9E0, 0x0001, 0xEB80, 0x0001, 0xF980, 0x0001, 0x88A9, 0x0001,
    0x59EE, 0x0001, 0x590E, 0x0001, 0x8007, 0x0001, 0xD000, 0x0001, 0x18C5, 0x0051, 0xC080, 0x0001,
    0xFA40, 0x0001, 0xD900, 0x0001, 0xF280, 0x0001, 0xEA60, 0x0001, 0xF960, 0x0001, 0xD000, 0x0001,
    0xC880, 0x0001, 0xFA00, 0x0001, 0xE800, 0x0001, 0xD000, 0x0001, 0xD820, 0x0001, 0x18C5, 0x0050,
    0xD040, 0x0001, 0xE9E0, 0x0001, 0xD920, 0x0001, 0xF300, 0x0001, 0xEB20, 0x0001, 0xEA80, 0x0001,
    0xC060, 0x0001, 0xD1A0, 0x0001, 0xF200, 0x0001, 0xE060, 0x0001, 0xFAA0, 0x0001, 0xE1A0, 0x0001,
    0xC020, 0x0001, 0x18C5, 0x004E, 0xA000, 0x0001, 0xB860, 0x0001, 0xFA40, 0x0001, 0xF220, 0x0001,
    0xEAE0, 0x0001, 0xF360, 0x0001, 0xEA60, 0x0001, 0xC820, 0x0001, 0xEA60, 0x0001, 0xEB20, 0x0001,
    0xD940, 0x0001, 0xF340, 0x0001, 0xFA60, 0x0001, 0xA800, 0x0001, 0x18C5, 0x004E, 0x7800, 0x0001,
    0xC060, 0x0001, 0xEA40, 0x0001, 0xF260, 0x0001, 0xEA00, 0x0001, 0xF3A0, 0x0001, 0xD940, 0x0001,
    0xE140, 0x0001, 0xF260, 0x0001, 0xF1E0, 0x0001, 0xE980, 0x0001, 0xF320, 0x0001, 0xD920, 0x0001,
    0x18C5, 0x0050, 0xB860, 0x0001, 0xD860, 0x0001, 0xF220, 0x0001, 0xF1E0, 0x0001, 0xE940, 0x0001,
    0xE920, 0x0001, 0xF240, 0x0001, 0xEAA0, 0x0001, 0xF200, 0x0001, 0xF1C0, 0x0001, 0xE8A0, 0x0001,
    0xB000, 0x0001, 0x18C5, 0x004C, 0x033F, 0x0001, 0x1BFB, 0x0001, 0x0BDD, 0x0001, 0x047E, 0x0001,
    0x2112, 0x0001, 0xE1A0, 0x0001, 0xF300, 0x0001, 0xF2E0, 0x0002, 0xF320, 0x0001, 0xF360, 0x0001,
    0xF1E0, 0x0001, 0xE9E0, 0x0001, 0xE960, 0x0001, 0xA000, 0x0001, 0x18C5, 0x004A, 0x780C, 0x0001,
    0x4277, 0x0001, 0x3B36, 0x0001, 0xFB80, 0x0001, 0xBBE7, 0x0001, 0x051F, 0x0001, 0xC306, 0x0001,
    0xFB20, 0x0001, 0xEC20, 0x0001, 0xF420, 0x0001, 0xF320, 0x0001, 0xF3E0, 0x0001, 0xEB00, 0x0001,
    0xF200, 0x0001, 0xE140, 0x0001, 0xE0A0, 0x0001, 0x9000, 0x0001, 0x18C5, 0x0049, 0xF260, 0x0001,
    0xFA40, 0x0001, 0xFB40, 0x0001, 0xFB60, 0x0001, 0xF360, 0x0001, 0x4C14, 0x0001, 0x04BF, 0x0001,
    0xBAA6, 0x0001, 0xFBC0, 0x0001, 0xEC00, 0x0001, 0xF3A0, 0x0001, 0xF360, 0x0001, 0xF3E0, 0x0001,
    0xF360, 0x0001, 0xF3A0, 0x0001, 0xF400, 0x0001, 0xE960, 0x0001, 0xD000, 0x0001, 0x18C5, 0x0047,
    0xF8A0, 0x0001, 0xEA00, 0x0001, 0xFC00, 0x0001, 0xFC60, 0x0001, 0x7CAE, 0x0001, 0x3CF8, 0x0001,
    0x34F6, 0x0001, 0x053F, 0x0001, 0x055F, 0x0001, 0xB3A7, 0x0001, 0xFBC0, 0x0001, 0xEC20, 0x0001,
    0xF340, 0x0001, 0xF3A0, 0x0001, 0xF420, 0x0002, 0xF3C0, 0x0001, 0xEB40, 0x0001, 0xF3C0, 0x0001,
    0xE8A0, 0x0001, 0x18C5, 0x0046, 0xE940, 0x0001, 0xFBC0, 0x0001, 0xF400, 0x0001, 0xEC00, 0x0001,
    0xEB60, 0x0001, 0xF2E1, 0x0001, 0x2BF9, 0x0001, 0x045F, 0x0001, 0x0C1C, 0x0001, 0x047F, 0x0001,
    0xBA47, 0x0001, 0xF9C0, 0x0001, 0xEA40, 0x0001, 0xF340, 0x0001, 0xF300, 0x0001, 0xF380, 0x0001,
    0xF3A0, 0x0001, 0xF420, 0x0001, 0xF360, 0x0001, 0xF400, 0x0001, 0xFA20, 0x0001, 0xD000, 0x0001,
    0x18C5, 0x0004, 0xD080, 0x0001, 0xF960, 0x0001, 0xF1E0, 0x0001, 0xE900, 0x0001, 0x18C5, 0x003C,
    0xF220, 0x0001, 0xF360, 0x0001, 0xEBE0, 0x0001, 0xEB20, 0x0001, 0xEAE0, 0x0001, 0xF340, 0x0001,
    0xCB45, 0x0001, 0x143C, 0x0001, 0x051F, 0x0001, 0x0CFC, 0x0001, 0x053F, 0x0001, 0xBBA7, 0x0001,
    0xFBE0, 0x0001, 0xEBA0, 0x0001, 0xF380, 0x0001, 0xF360, 0x0001, 0xF220, 0x0001, 0xF260, 0x0001,
    0xF280, 0x0001, 0xF2C0, 0x0001, 0xEC00, 0x0001, 0xF3C0, 0x0001, 0xF0C0, 0x0001, 0x18C5, 0x0003,
    0xF960, 0x0001, 0xF380, 0x0002, 0xFC40, 0x0001, 0xFCA0, 0x0001, 0xFB00, 0x0001, 0xD900, 0x0001,
    0x18C5, 0x0039, 0xE980, 0x0001, 0xF240, 0x0001, 0xF340, 0x0001, 0xF320, 0x0001, 0xF2C0, 0x0001,
    0xEB80, 0x0001, 0xFC20, 0x0001, 0x9C8A, 0x0001, 0x7CD0, 0x0001, 0x64B1, 0x0001, 0x053F, 0x0001,
    0x051F, 0x0001, 0xB447, 0x0001, 0xFBE0, 0x0001, 0xEC20, 0x0001, 0xF340, 0x0001, 0xF3A0, 0x0001,
    0xF460, 0x0001, 0xF400, 0x0001, 0xF300, 0x0001, 0xF200, 0x0001, 0xEA00, 0x0001, 0xF400, 0x0001,
    0xF180, 0x0001, 0x18C5, 0x0002, 0xFA00, 0x0001, 0xF440, 0x0001, 0xEB40, 0x0001, 0xFC00, 0x0001,
    0xD2C0, 0x0001, 0x99E0, 0x0001, 0xF380, 0x0001, 0xF480, 0x0001, 0xFA80, 0x0001, 0xE140, 0x0001,
    0x18C5, 0x0036, 0xF1A0, 0x0001, 0xFA60, 0x0001, 0xEA80, 0x0001, 0xEBA0, 0x0001, 0xEB80, 0x0001,
    0xEBC0, 0x0001, 0xF420, 0x0001, 0xF3A0, 0x0001, 0xFB00, 0x0001, 0xFB20, 0x0002, 0x7410, 0x0001,
    0x053F, 0x0001, 0xBC26, 0x0001, 0xFC00, 0x0001, 0xEBC0, 0x0001, 0xF360, 0x0001, 0xF400, 0x0001,
    0xF3E0, 0x0001, 0xF400, 0x0001, 0xF3C0, 0x0001, 0xF3E0, 0x0001, 0xEAC0, 0x0001, 0xE180, 0x0001,
    0xF1A0, 0x0001, 0x18C5, 0x0001, 0xD040, 0x0001, 0xFB80, 0x0001, 0xEC20, 0x0001, 0xFB60, 0x0001,
    0xC920, 0x0001, 0x1800, 0x0001, 0x5000, 0x0001, 0xFAA0, 0x0001, 0xEB40, 0x0002, 0xFB40, 0x0001,
    0xD0E0, 0x0001, 0x18C5, 0x0034, 0xD000, 0x0001, 0xE920, 0x0001, 0xEAC0, 0x0001, 0xEBC0, 0x0001,
    0xF360, 0x0001, 0xFBE0, 0x0002, 0xD404, 0x0001, 0x24DA, 0x0001, 0x14DD, 0x0001, 0xA429, 0x0001,
    0xFB60, 0x0001, 0xB387, 0x0001, 0x055F, 0x0001, 0xBBE6, 0x0001, 0xFBA0, 0x0001, 0xEB60, 0x0001,
    0xF360, 0x0001, 0xF380, 0x0001, 0xF320, 0x0002, 0xF300, 0x0002, 0xF400, 0x0001, 0xE280, 0x0001,
    0xD860, 0x0001, 0x9000, 0x0001, 0xD940, 0x0001, 0xF3C0, 0x0001, 0xF380, 0x0001, 0xD0E0, 0x0001,
    0x3042, 0x0001, 0xADB6, 0x0001, 0x632C, 0x0001, 0x8860, 0x0001, 0xFBA0, 0x0001, 0xEB80, 0x0001,
    0xF3A0, 0x0001, 0xD960, 0x0001, 0x18C5, 0x0034, 0xF9A0, 0x0001, 0xEB40, 0x0001, 0xFAE0, 0x0001,
    0xF3E0, 0x0001, 0xD423, 0x0001, 0xAC48, 0x0001, 0x9C4A, 0x0001, 0xFBE0, 0x0001, 0x946B, 0x0001,
    0x053F, 0x0001, 0x051E, 0x0001, 0xB448, 0x0001, 0x7CAF, 0x0001, 0x055F, 0x0001, 0xCA64, 0x0001,
    0xFA20, 0x0001, 0xEB40, 0x0001, 0xF320, 0x0001, 0xF380, 0x0001, 0xF400, 0x0002, 0xF340, 0x0001,
    0xF3A0, 0x0001, 0xF360, 0x0001, 0xEB40, 0x0001, 0xFA40, 0x0001, 0x9820, 0x0001, 0xB820, 0x0001,
    0xF3A0, 0x0001, 0xE1A0, 0x0001, 0x2000, 0x0001, 0x9D75, 0x0001, 0xFFFF, 0x0001, 0xFFDF, 0x0001,
    0x5B2D, 0x0001, 0xB060, 0x0001, 0xF420, 0x0001, 0xFA40, 0x0001, 0xA840, 0x0001, 0x18C5, 0x0033,
    0x135E, 0x0001, 0xA3AB, 0x0001, 0xFAC0, 0x0001, 0x7B8E, 0x0001, 0xFBE0, 0x0001, 0x9C49, 0x0001,
    0x055F, 0x0001, 0x4CB4, 0x0001, 0xFBE0, 0x0001, 0xAC48, 0x0001, 0x051F, 0x0001, 0x0D1D, 0x0001,
    0x051F, 0x0001, 0x049F, 0x0001, 0x043F, 0x0001, 0x5B92, 0x0001, 0xEBC1, 0x0001, 0xF400, 0x0001,
    0xF420, 0x0001, 0xF380, 0x0002, 0xF420, 0x0001, 0xF3C0, 0x0001, 0xF360, 0x0001, 0xF420, 0x0001,
    0xEC00, 0x0001, 0xF300, 0x0001, 0xB860, 0x0001, 0x9820, 0x0001, 0xF460, 0x0001, 0xE240, 0x0001,
    0x2000, 0x0001, 0xB617, 0x0001, 0xFFBE, 0x0001, 0xEF7D, 0x0001, 0xF7BF, 0x0001, 0xD430, 0x0001,
    0xF340, 0x0001, 0xF100, 0x0001, 0x18C5, 0x0033, 0x031F, 0x0001, 0x1BDC, 0x0001, 0xC306, 0x0001,
    0x836E, 0x0001, 0x838D, 0x0001, 0xE401, 0x0001, 0x34D9, 0x0001, 0x051F, 0x0001, 0xE401, 0x0001,
    0xEC01, 0x0001, 0x2CF9, 0x0001, 0x051E, 0x0001, 0x047D, 0x0001, 0x045D, 0x0001, 0x049D, 0x0001,
    0x04BE, 0x0001, 0x04BF, 0x0001, 0xE301, 0x0001, 0xF400, 0x0001, 0xEBE0, 0x0001, 0xF400, 0x0001,
    0xF300, 0x0001, 0xF340, 0x0002, 0xF300, 0x0001, 0xF320, 0x0001, 0xEC00, 0x0001, 0xF3E0, 0x0001,
    0xC8C0, 0x0001, 0x8000, 0x0001, 0xE1C0, 0x0001, 0xF1E0, 0x0001, 0x2800, 0x0001, 0xA595, 0x0001,
    0xFFFF, 0x0001, 0xF79E, 0x0001, 0xFFFF, 0x0001, 0x5B4C, 0x0001, 0xFB60, 0x0001, 0xA140, 0x0001,
    0x18C5, 0x0033, 0x031D, 0x0001, 0xD1E4, 0x0001, 0xA289, 0x0001, 0x045F, 0x0001, 0xC325, 0x0001,
    0x24D9, 0x0001, 0x053F, 0x0001, 0x051E, 0x0001, 0x14FB, 0x0002, 0x053F, 0x0001, 0x047D, 0x0001,
    0x049E, 0x0001, 0x04FE, 0x0001, 0x053E, 0x0001, 0x051D, 0x0001, 0x051E, 0x0001, 0x3CB6, 0x0001,
    0xFBC0, 0x0001, 0xEC00, 0x0001, 0xF340, 0x0001, 0xEB00, 0x0001, 0xF3C0, 0x0001, 0xF3E0, 0x0001,
    0xF320, 0x0001, 0xF380, 0x0001, 0xEB60, 0x0001, 0xFBC0, 0x0001, 0xC0C0, 0x0001, 0xC8C0, 0x0001,
    0x98C0, 0x0001, 0xFA80, 0x0001, 0x4800, 0x0001, 0x00A3, 0x0001, 0xBDB6, 0x0001, 0xE75C, 0x0001,
    0x526B, 0x0001, 0xA200, 0x0001, 0xFC60, 0x0001, 0xD1A0, 0x0001, 0x18C5, 0x0032, 0x0ABC, 0x0001,
    0x043F, 0x0001, 0x041D, 0x0001, 0x041F, 0x0001, 0x041E, 0x0001, 0x03FE, 0x0001, 0x041E, 0x0001,
    0x04BD, 0x0002, 0x04BE, 0x0001, 0x04DE, 0x0001, 0x043D, 0x0001, 0x045E, 0x0001, 0x053E, 0x0001,
    0x051E, 0x0002, 0x051D, 0x0001, 0x051E, 0x0001, 0x14DC, 0x0001, 0xCBC5, 0x0001, 0xF3A0, 0x0001,
    0xF420, 0x0001, 0xF460, 0x0001, 0xF340, 0x0001, 0xF420, 0x0001, 0xF3C0, 0x0001, 0xF3E0, 0x0002,
    0xF1E0, 0x0001, 0xE020, 0x0001, 0xD8E0, 0x0001, 0x9820, 0x0001, 0xFA80, 0x0001, 0xE9C0, 0x0001,
    0x4000, 0x0001, 0x0000, 0x0001, 0x0800, 0x0001, 0xA0A0, 0x0001, 0xFB60, 0x0001, 0xFA80, 0x0001,
    0xD8C0, 0x0001, 0x18C5, 0x0032, 0xB14A, 0x0001, 0x141D, 0x0001, 0x041E, 0x0001, 0x03FD, 0x0001,
    0x041E, 0x0001, 0x041D, 0x0001, 0x045E, 0x0001, 0x045F, 0x0002, 0x043E, 0x0001, 0x041D, 0x0001,
    0x03FE, 0x0001, 0x029D, 0x0001, 0x043D, 0x0001, 0x053E, 0x0001, 0x04FE, 0x0001, 0x051E, 0x0001,
    0x04FD, 0x0001, 0x055F, 0x0001, 0x43D4, 0x0001, 0xF8E0, 0x0001, 0xD1A0, 0x0001, 0xE200, 0x0001,
    0xF3A0, 0x0001, 0xF2C0, 0x0001, 0xF2A0, 0x0001, 0xEA60, 0x0001, 0xFAA0, 0x0001, 0xC000, 0x0001,
    0x9800, 0x0001, 0xA800, 0x0001, 0x9000, 0x0001, 0xD0A0, 0x0001, 0xFB20, 0x0001, 0xFAA0, 0x0001,
    0x70E0, 0x0001, 0xB1A0, 0x0001, 0xFBC0, 0x0001, 0xF320, 0x0001, 0xD060, 0x0001, 0x18C5, 0x0033,
    0xF960, 0x0001, 0x1B79, 0x0001, 0x041F, 0x0001, 0x041E, 0x0001, 0x041D, 0x0001, 0x037D, 0x0001,
    0x01FB, 0x0001, 0x0116, 0x0002, 0x021B, 0x0001, 0x033E, 0x0001, 0x03DE, 0x0002, 0x025D, 0x0001,
    0x047E, 0x0001, 0x055E, 0x0001, 0x051D, 0x0001, 0x04FD, 0x0001, 0x053D, 0x0001, 0x147B, 0x0001,
    0xA2C9, 0x0001, 0xEA60, 0x0001, 0xE1A0, 0x0001, 0xF1C0, 0x0001, 0xF200, 0x0001, 0xF240, 0x0001,
    0xF2E0, 0x0001, 0xF300, 0x0001, 0xFA80, 0x0001, 0x18C5, 0x0004, 0xC080, 0x0001, 0xE100, 0x0001,
    0xFA00, 0x0001, 0xFBA0, 0x0001, 0xE180, 0x0001, 0xC820, 0x0001, 0x18C5, 0x0034, 0xAA07, 0x0001,
    0xE263, 0x0001, 0x12FB, 0x0001, 0x041D, 0x0001, 0x043F, 0x0001, 0x041F, 0x0001, 0x03BE, 0x0001,
    0x031B, 0x0001, 0x033B, 0x0001, 0x02DC, 0x0001, 0x01BB, 0x0001, 0x00B6, 0x0001, 0x18B3, 0x0001,
    0x1833, 0x0001, 0x01BC, 0x0001, 0x035E, 0x0001, 0x04BE, 0x0001, 0x053E, 0x0001, 0x04DC, 0x0001,
    0x055F, 0x0001, 0x7470, 0x0001, 0xFC21, 0x0001, 0xEC40, 0x0001, 0xF2A0, 0x0001, 0xF360, 0x0001,
    0xF420, 0x0001, 0xF440, 0x0001, 0xEBC0, 0x0001, 0xFBE0, 0x0001, 0xE140, 0x0001, 0x18C5, 0x0005,
    0x9820, 0x0001, 0xD860, 0x0001, 0xC000, 0x0001, 0x18C5, 0x0034, 0x02BF, 0x0001, 0x6AB3, 0x0001,
    0xF9A0, 0x0001, 0xF9E0, 0x0001, 0xA229, 0x0001, 0x3B77, 0x0001, 0x4335, 0x0001, 0x2B78, 0x0001,
    0x04BF, 0x0001, 0x049F, 0x0002, 0x045F, 0x0001, 0x81EE, 0x0001, 0xE000, 0x0001, 0xC000, 0x0001,
    0x0811, 0x0001, 0x0056, 0x0001, 0x01DC, 0x0001, 0x035D, 0x0001, 0x045F, 0x0001, 0x03FE, 0x0001,
    0x047F, 0x0001, 0xC405, 0x0001, 0xFB60, 0x0001, 0xEC00, 0x0001, 0xF320, 0x0001, 0xF360, 0x0001,
    0xF3A0, 0x0002, 0xEB20, 0x0001, 0xFBE0, 0x0001, 0xE140, 0x0001, 0x18C5, 0x003A, 0x0013, 0x0001,
    0x01DC, 0x0001, 0x041F, 0x0001, 0x59F0, 0x0001, 0xE920, 0x0001, 0xF9A0, 0x0001, 0xFA20, 0x0001,
    0xF9C0, 0x0001, 0xC800, 0x0001, 0x5A11, 0x0001, 0x61CF, 0x0001, 0x6230, 0x0001, 0x8A4D, 0x0001,
    0xF800, 0x0001, 0x18C5, 0x0003, 0x0012, 0x0001, 0x0013, 0x0001, 0x0015, 0x0001, 0x0198, 0x0001,
    0x0136, 0x0001, 0x027C, 0x0001, 0x6473, 0x0001, 0xE0A0, 0x0001, 0xF2A0, 0x0001, 0xEB80, 0x0001,
    0xF300, 0x0001, 0xF340, 0x0001, 0xEB60, 0x0001, 0xF340, 0x0001, 0xE9C0, 0x0001, 0xC8A2, 0x0001,
    0x009B, 0x0001, 0x00B8, 0x0001, 0x18C5, 0x0034, 0x02DE, 0x0001, 0x02FE, 0x0002, 0x03BD, 0x0001,
    0x02DD, 0x0001, 0x039E, 0x0001, 0x037D, 0x0001, 0x039F, 0x0001, 0x3296, 0x0001, 0x922B, 0x0001,
    0xFAC0, 0x0001, 0xEB40, 0x0001, 0xE140, 0x0001, 0xF9A0, 0x0001, 0xF9C0, 0x0001, 0xE820, 0x0001,
    0xF8C0, 0x0001, 0x7888, 0x0001, 0x00DA, 0x0001, 0x0897, 0x0001, 0x013C, 0x0001, 0x021C, 0x0001,
    0x021A, 0x0002, 0x01B9, 0x0001, 0x021A, 0x0001, 0x00F7, 0x0001, 0x039E, 0x0001, 0xC923, 0x0001,
    0xE100, 0x0001, 0xF440, 0x0001, 0xEB40, 0x0001, 0xF3E0, 0x0001, 0xF420, 0x0001, 0xEBC0, 0x0001,
    0xE940, 0x0001, 0xD081, 0x0001, 0x02DE, 0x0001, 0x02BE, 0x0001, 0x02DF, 0x0001, 0x029E, 0x0001,
    0x019E, 0x0001, 0x18C5, 0x002F, 0x02FE, 0x0001, 0x045F, 0x0001, 0x053F, 0x0001, 0x04BF, 0x0001,
    0x03FF, 0x0001, 0x051F, 0x0001, 0x055E, 0x0001, 0x051D, 0x0001, 0x04FE, 0x0001, 0x03FD, 0x0001,
    0x037F, 0x0002, 0x71CB, 0x0001, 0xC882, 0x0001, 0xF9C0, 0x0001, 0xF360, 0x0001, 0xEBA1, 0x0001,
    0xD880, 0x0001, 0xB084, 0x0001, 0x09DA, 0x0001, 0x0079, 0x0001, 0x02DE, 0x0001, 0x031E, 0x0001,
    0x035E, 0x0001, 0x033E, 0x0001, 0x035E, 0x0002, 0x035F, 0x0001, 0x02FD, 0x0001, 0x0118, 0x0001,
    0xD981, 0x0001, 0xE0C0, 0x0001, 0xD980, 0x0001, 0xF340, 0x0001, 0xEBC0, 0x0001, 0xEBE0, 0x0001,
    0xF240, 0x0001, 0xF960, 0x0001, 0x2A77, 0x0001, 0x035F, 0x0001, 0x029D, 0x0001, 0x01DC, 0x0001,
    0x02DD, 0x0001, 0x02FF, 0x0001, 0x025D, 0x0001, 0x019D, 0x0001, 0x18C5, 0x002C, 0x031F, 0x0001,
    0x045F, 0x0001, 0x04DE, 0x0001, 0x04DD, 0x0001, 0x04FD, 0x0001, 0x047D, 0x0001, 0x04FD, 0x0001,
    0x04BD, 0x0001, 0x04BE, 0x0002, 0x053E, 0x0001, 0x051D, 0x0001, 0x03DE, 0x0001, 0x03BE, 0x0001,
    0x037D, 0x0001, 0xB248, 0x0001, 0xD2A3, 0x0001, 0xFA80, 0x0001, 0xD060, 0x0001, 0x696C, 0x0001,
    0x023C, 0x0001, 0x01D9, 0x0001, 0x035E, 0x0001, 0x02FD, 0x0006, 0x031E, 0x0001, 0x2278, 0x0001,
    0xB861, 0x0001, 0xD0C0, 0x0001, 0xC880, 0x0001, 0xEAA0, 0x0001, 0xF340, 0x0001, 0xF9C0, 0x0001,
    0xD922, 0x0001, 0x9087, 0x0001, 0x02FC, 0x0001, 0x031E, 0x0001, 0x02FD, 0x0001, 0x031E, 0x0001,
    0x01FC, 0x0001, 0x021C, 0x0001, 0x031E, 0x0001, 0x033F, 0x0001, 0x01FC, 0x0001, 0x01FE, 0x0001,
    0x01DD, 0x0001, 0x18C5, 0x0028, 0x027D, 0x0001, 0x043F, 0x0001, 0x045D, 0x0001, 0x047D, 0x0001,
    0x045E, 0x0001, 0x03DE, 0x0001, 0x04DE, 0x0001, 0x04BE, 0x0001, 0x045E, 0x0001, 0x047E, 0x0001,
    0x045E, 0x0001, 0x047E, 0x0001, 0x049E, 0x0001, 0x047D, 0x0001, 0x041D, 0x0001, 0x03BD, 0x0001,
    0x043F, 0x0001, 0x2319, 0x0001, 0x8A2E, 0x0001, 0xA841, 0x0001, 0x03BD, 0x0001, 0x02BE, 0x0001,
    0x033E, 0x0001, 0x02FD, 0x0001, 0x033E, 0x0002, 0x031E, 0x0001, 0x02FE, 0x0001, 0x031E, 0x0001,
    0x02FD, 0x0001, 0x037F, 0x0001, 0x9086, 0x0001, 0xF1C0, 0x0001, 0xD140, 0x0001, 0xC820, 0x0001,
    0xE180, 0x0001, 0xE282, 0x0001, 0x89AE, 0x0001, 0x2AB7, 0x0001, 0x033F, 0x0001, 0x01DA, 0x0001,
    0x031E, 0x0002, 0x02FE, 0x0001, 0x035E, 0x0001, 0x029D, 0x0001, 0x019C, 0x0001, 0x02FE, 0x0001,
    0x031E, 0x0001, 0x033E, 0x0001, 0x02BF, 0x0001, 0x18C5, 0x0027, 0x0014, 0x0001, 0x01FF, 0x0001,
    0x041D, 0x0001, 0x04BE, 0x0001, 0x051E, 0x0001, 0x04FE, 0x0001, 0x03FE, 0x0001, 0x043E, 0x0001,
    0x049E, 0x0001, 0x053E, 0x0003, 0x04BE, 0x0001, 0x047E, 0x0001, 0x03FE, 0x0001, 0x041E, 0x0001,
    0x039E, 0x0001, 0x037D, 0x0001, 0x045E, 0x0001, 0x041F, 0x0001, 0x2B16, 0x0001, 0x0B5C, 0x0001,
    0x01DC, 0x0001, 0x033E, 0x0001, 0x02FE, 0x0001, 0x021C, 0x0001, 0x01DC, 0x0001, 0x029D, 0x0001,
    0x033E, 0x0001, 0x031D, 0x0001, 0x033F, 0x0001, 0x39F3, 0x0001, 0xD0C3, 0x0001, 0xF300, 0x0001,
    0xF320, 0x0001, 0xD0C0, 0x0001, 0xE980, 0x0001, 0xE1C2, 0x0001, 0x041F, 0x0001, 0x045F, 0x0001,
    0x043D, 0x0001, 0x0074, 0x0001, 0x02FD, 0x0001, 0x031D, 0x0001, 0x031E, 0x0001, 0x02FD, 0x0001,
    0x035F, 0x0001, 0x0159, 0x0001, 0x01FA, 0x0001, 0x033E, 0x0001, 0x035F, 0x0001, 0x021D, 0x0001,
    0x18C5, 0x0022, 0x033E, 0x0001, 0x033F, 0x0001, 0x037E, 0x0001, 0x043D, 0x0001, 0x041D, 0x0001,
    0x035D, 0x0001, 0x033D, 0x0001, 0x051E, 0x0001, 0x053E, 0x0001, 0x04DE, 0x0001, 0x043E, 0x0001,
    0x03FE, 0x0001, 0x049E, 0x0001, 0x051E, 0x0001, 0x04FE, 0x0003, 0x053E, 0x0001, 0x051E, 0x0001,
    0x047E, 0x0001, 0x03FE, 0x0001, 0x041E, 0x0001, 0x033E, 0x0001, 0x041D, 0x0001, 0x03FD, 0x0001,
    0x047F, 0x0001, 0x033B, 0x0001, 0x00F7, 0x0001, 0x035E, 0x0001, 0x02FD, 0x0001, 0x02BD, 0x0001,
    0x02DD, 0x0001, 0x023C, 0x0001, 0x01BC, 0x0001, 0x01BB, 0x0001, 0x035F, 0x0001, 0x60CB, 0x0001,
    0xF9C0, 0x0001, 0xEB40, 0x0001, 0xF340, 0x0001, 0xD940, 0x0001, 0xF200, 0x0001, 0x33F7, 0x0001,
    0x041E, 0x0001, 0x03FD, 0x0002, 0x01FC, 0x0001, 0x033F, 0x0001, 0x031F, 0x0001, 0x031E, 0x0001,
    0x02DE, 0x0001, 0x01DC, 0x0001, 0x00B7, 0x0001, 0x01D9, 0x0001, 0x031E, 0x0001, 0x017A, 0x0001,
    0x0035, 0x0001, 0x18C5, 0x0021, 0x614F, 0x0001, 0x03FF, 0x0001, 0x047E, 0x0001, 0x055F, 0x0001,
    0x053F, 0x0001, 0x047F, 0x0001, 0x031E, 0x0001, 0x03BE, 0x0001, 0x04FE, 0x0001, 0x04BE, 0x0001,
    0x045E, 0x0001, 0x03DE, 0x0001, 0x047E, 0x0001, 0x051D, 0x0001, 0x04FE, 0x0002, 0x053E, 0x0001,
    0x051E, 0x0001, 0x047E, 0x0001, 0x039E, 0x0002, 0x041E, 0x0001, 0x03FD, 0x0001, 0x02FD, 0x0001,
    0x041E, 0x0001, 0x03FD, 0x0001, 0x043E, 0x0001, 0x033C, 0x0001, 0x00F7, 0x0001, 0x03BF, 0x0001,
    0x033E, 0x0002, 0x035E, 0x0001, 0x033E, 0x0002, 0x021C, 0x0001, 0x01FE, 0x0001, 0x4131, 0x0001,
    0xD8E1, 0x0001, 0xF2A0, 0x0001, 0xE1A0, 0x0001, 0xE140, 0x0001, 0xCB45, 0x0001, 0x0C1D, 0x0001,
    0x041E, 0x0001, 0x03FD, 0x0001, 0x043E, 0x0001, 0x01BA, 0x0001, 0x01D4, 0x0001, 0x00F5, 0x0001,
    0x011A, 0x0001, 0x00F9, 0x0001, 0x0055, 0x0001, 0x00D8, 0x0001, 0x01BD, 0x0001, 0x0076, 0x0001,
    0x0015, 0x0001, 0x0013, 0x0001, 0x18C5, 0x0020, 0xE800, 0x0001, 0x71EE, 0x0001, 0x047F, 0x0001,
    0x051D, 0x0001, 0x049D, 0x0001, 0x043D, 0x0001, 0x03FD, 0x0001, 0x039D, 0x0001, 0x041E, 0x0001,
    0x03FE, 0x0001, 0x043E, 0x0001, 0x031D, 0x0001, 0x021D, 0x0001, 0x035D, 0x0001, 0x057E, 0x0001,
    0x055E, 0x0001, 0x053E, 0x0001, 0x047E, 0x0001, 0x039E, 0x0001, 0x033E, 0x0001, 0x039E, 0x0001,
    0x041D, 0x0002, 0x03BE, 0x0001, 0x01FC, 0x0001, 0x041E, 0x0001, 0x041D, 0x0001, 0x03FE, 0x0001,
    0x0137, 0x0001, 0x0054, 0x0001, 0x0198, 0x0001, 0x01FB, 0x0001, 0x023D, 0x0001, 0x023C, 0x0003,
    0x027D, 0x0001, 0x031D, 0x0001, 0x037F, 0x0001, 0x68A8, 0x0001, 0xF1C0, 0x0001, 0xEA01, 0x0001,
    0xF900, 0x0001, 0x3356, 0x0001, 0x03DF, 0x0001, 0x03FD, 0x0001, 0x043E, 0x0001, 0x039E, 0x0001,
    0x0033, 0x0001, 0x0069, 0x0001, 0x0090, 0x0001, 0x0097, 0x0001, 0x00B7, 0x0001, 0x01BC, 0x0001,
    0x019C, 0x0001, 0x019B, 0x0001, 0x01BD, 0x0001, 0x0014, 0x0001, 0x18C5, 0x0020, 0xB800, 0x0001,
    0xF940, 0x0001, 0x738F, 0x0001, 0x049F, 0x0001, 0x045D, 0x0001, 0x03FE, 0x0002, 0x041E, 0x0003,
    0x03DE, 0x0001, 0x029D, 0x0001, 0x021C, 0x0001, 0x00F9, 0x0001, 0x027D, 0x0001, 0x025C, 0x0001,
    0x02BC, 0x0001, 0x039D, 0x0001, 0x035E, 0x0001, 0x03BE, 0x0001, 0x043E, 0x0003, 0x03FF, 0x0001,
    0x0139, 0x0001, 0x01FD, 0x0001, 0x047E, 0x0001, 0x03FF, 0x0001, 0x0159, 0x0001, 0x00D9, 0x0001,
    0x00F9, 0x0001, 0x0179, 0x0001, 0x027D, 0x0001, 0x029E, 0x0003, 0x027E, 0x0001, 0x029E, 0x0001,
    0x031E, 0x0001, 0x037F, 0x0001, 0x60A7, 0x0001, 0xEA20, 0x0001, 0xFAA0, 0x0001, 0xA22A, 0x0001,
    0x1BFC, 0x0001, 0x033E, 0x0001, 0x043D, 0x0001, 0x037E, 0x0001, 0x00B8, 0x0001, 0x0035, 0x0001,
    0x01DF, 0x0001, 0x01BE, 0x0001, 0x01BD, 0x0002, 0x019C, 0x0002, 0x01BD, 0x0001, 0x0097, 0x0001,
    0x18C5, 0x0020, 0xA800, 0x0001, 0xF220, 0x0001, 0xF240, 0x0001, 0xEA62, 0x0001, 0x3338, 0x0001,
    0x041F, 0x0001, 0x03FD, 0x0001, 0x041E, 0x0001, 0x043E, 0x0001, 0x03FE, 0x0002, 0x041E, 0x0001,
    0x033E, 0x0001, 0x0198, 0x0001, 0x00A8, 0x0001, 0x03BF, 0x0001, 0x039D, 0x0001, 0x039E, 0x0001,
    0x03DE, 0x0002, 0x03FE, 0x0001, 0x03DE, 0x0001, 0x02DE, 0x0001, 0x0139, 0x0001, 0x0096, 0x0001,
    0x0005, 0x0001, 0x0046, 0x0001, 0x00B8, 0x0001, 0x006B, 0x0001, 0x0002, 0x0001, 0x0048, 0x0001,
    0x0057, 0x0001, 0x00B6, 0x0001, 0x00B5, 0x0001, 0x0095, 0x0001, 0x00B5, 0x0003, 0x0095, 0x0001,
    0x0075, 0x0002, 0x0812, 0x0001, 0xC081, 0x0001, 0xFA40, 0x0001, 0x62B0, 0x0001, 0x047F, 0x0001,
    0x037C, 0x0001, 0x033E, 0x0001, 0x017B, 0x0001, 0x0007, 0x0001, 0x7803, 0x0001, 0x1031, 0x0001,
    0x08D6, 0x0001, 0x099A, 0x0001, 0x095A, 0x0001, 0x099B, 0x0001, 0x08F7, 0x0001, 0x0034, 0x0001,
    0x18C5, 0x0004, 0xD020, 0x0001, 0x18C5, 0x001C, 0xD040, 0x0001, 0xFAA0, 0x0001, 0xE9E0, 0x0001,
    0xF120, 0x0001, 0x5950, 0x0001, 0x045F, 0x0001, 0x045D, 0x0001, 0x03DD, 0x0001, 0x039D, 0x0001,
    0x031E, 0x0001, 0x037E, 0x0001, 0x041D, 0x0001, 0x035F, 0x0001, 0x0033, 0x0001, 0x0006, 0x0001,
    0x01DF, 0x0001, 0x029D, 0x0001, 0x027D, 0x0001, 0x025E, 0x0001, 0x00B7, 0x0001, 0x0013, 0x0001,
    0x0014, 0x0001, 0x0015, 0x0001, 0x18C5, 0x0013, 0xA020, 0x0001, 0xF920, 0x0001, 0x7AEF, 0x0001,
    0x043F, 0x0001, 0x023C, 0x0001, 0x01FC, 0x0001, 0x01FB, 0x0001, 0x023B, 0x0001, 0x0157, 0x0001,
    0x8046, 0x0001, 0xB000, 0x0004, 0x9800, 0x0001, 0x18C5, 0x0004, 0xC800, 0x0001, 0xFA60, 0x0001,
    0xB020, 0x0001, 0x18C5, 0x0004, 0xF1A0, 0x0001, 0xD160, 0x0001, 0x18C5, 0x0014, 0xA800, 0x0001,
    0xF940, 0x0001, 0xEA00, 0x0001, 0xD860, 0x0001, 0xD8C0, 0x0001, 0xE020, 0x0001, 0x5A30, 0x0001,
    0x03BF, 0x0001, 0x021C, 0x0001, 0x02DD, 0x0001, 0x039E, 0x0001, 0x043D, 0x0001, 0x03DE, 0x0001,
    0x015B, 0x0001, 0x0014, 0x0001, 0x18C5, 0x0001, 0x0014, 0x0001, 0x0012, 0x0002, 0x0014, 0x0001,
    0x18C5, 0x0017, 0x7801, 0x0001, 0xF0E0, 0x0001, 0x6AD0, 0x0001, 0x037F, 0x0001, 0x045D, 0x0001,
    0x043D, 0x0001, 0x047F, 0x0001, 0x041F, 0x0001, 0x52F4, 0x0001, 0x70AD, 0x0001, 0xC840, 0x0001,
    0xA800, 0x0001, 0x9800, 0x0001, 0x8000, 0x0001, 0x18C5, 0x0005, 0xC800, 0x0001, 0xFA60, 0x0001,
    0xA820, 0x0001, 0x18C5, 0x0004, 0xFAC0, 0x0001, 0xD8E0, 0x0001, 0x18C5, 0x0014, 0xD800, 0x0001,
    0xF120, 0x0001, 0xE940, 0x0001, 0xB820, 0x0001, 0xE0A0, 0x0001, 0xE980, 0x0001, 0xF8C0, 0x0001,
    0x7230, 0x0001, 0x039F, 0x0001, 0x043E, 0x0002, 0x03DE, 0x0001, 0x039F, 0x0001, 0x00F8, 0x0001,
    0x18C5, 0x001E, 0xB120, 0x0001, 0xD224, 0x0001, 0x1A9A, 0x0001, 0x043F, 0x0001, 0x03FF, 0x0001,
    0x42D5, 0x0001, 0xA2CB, 0x0001, 0xF200, 0x0001, 0xF960, 0x0001, 0xE980, 0x0001, 0x9000, 0x0001,
    0x18C5, 0x0007, 0xC800, 0x0001, 0xFA60, 0x0001, 0xC000, 0x0001, 0x18C5, 0x0003, 0xD920, 0x0001,
    0xF260, 0x0001, 0xB800, 0x0001, 0x18C5, 0x0013, 0xC880, 0x0001, 0xE8C0, 0x0001, 0xD8C0, 0x0001,
    0xC8A0, 0x0001, 0xE960, 0x0001, 0xD0E0, 0x0001, 0xB860, 0x0001, 0xD8A0, 0x0001, 0xE9A0, 0x0001,
    0xD9E5, 0x0001, 0x4335, 0x0001, 0x13DE, 0x0001, 0x0B3D, 0x0001, 0x01DB, 0x0001, 0x18C5, 0x001F,
    0xA860, 0x0001, 0xFA80, 0x0001, 0xDA02, 0x0001, 0x131C, 0x0001, 0x3276, 0x0001, 0xE861, 0x0001,
    0xFA60, 0x0001, 0xEB00, 0x0001, 0xEAA0, 0x0001, 0xE0E0, 0x0001, 0xD820, 0x0001, 0x18C5, 0x0007,
    0xD000, 0x0001, 0xF220, 0x0001, 0xC880, 0x0001, 0xD920, 0x0001, 0xB800, 0x0001, 0xB820, 0x0001,
    0xF960, 0x0001, 0xE8E0, 0x0001, 0x18C5, 0x0013, 0xC020, 0x0001, 0xE0A0, 0x0001, 0xE120, 0x0001,
    0xD880, 0x0001, 0xE100, 0x0001, 0xF140, 0x0001, 0xE920, 0x0001, 0xE100, 0x0001, 0xE900, 0x0001,
    0xB800, 0x0002, 0xB000, 0x0002, 0x5807, 0x0001, 0x18C5, 0x0020, 0x9000, 0x0001, 0xD940, 0x0001,
    0xFB40, 0x0001, 0xF320, 0x0001, 0xE9E0, 0x0001, 0xF2A0, 0x0001, 0xD9A0, 0x0001, 0xD840, 0x0001,
    0xF280, 0x0001, 0xEA60, 0x0001, 0xFA20, 0x0001, 0x9060, 0x0001, 0x18C5, 0x0006, 0xF940, 0x0001,
    0xC080, 0x0001, 0xE9E0, 0x0001, 0xEB00, 0x0001, 0xD0E0, 0x0001, 0xF240, 0x0001, 0xE060, 0x0001,
    0x18C5, 0x0013, 0xC8A0, 0x0001, 0xC800, 0x0001, 0xE0C0, 0x0001, 0xD8C0, 0x0001, 0xE8E0, 0x0001,
    0xE000, 0x0001, 0xD000, 0x0001, 0xB800, 0x0001, 0xA000, 0x0001, 0xA800, 0x0001, 0xA000, 0x0001,
    0x7000, 0x0001, 0x8000, 0x0001, 0x18C5, 0x0022, 0x7800, 0x0001, 0xB000, 0x0001, 0xC140, 0x0001,
    0xD180, 0x0001, 0xE080, 0x0001, 0xFAE0, 0x0001, 0xE1E0, 0x0001, 0xEA00, 0x0001, 0xF220, 0x0001,
    0xF2C0, 0x0001, 0xF2A0, 0x0001, 0xC800, 0x0001, 0xA840, 0x0001, 0x18C5, 0x0004, 0xF9A0, 0x0001,
    0xFB20, 0x0001, 0xB8A0, 0x0001, 0xA920, 0x0001, 0xB8E0, 0x0001, 0xE180, 0x0001, 0xD1C0, 0x0001,
    0xEA00, 0x0001, 0x18C5, 0x0010, 0xA800, 0x0001, 0xD880, 0x0001, 0xE880, 0x0001, 0xC880, 0x0001,
    0xD900, 0x0001, 0xE8C0, 0x0001, 0xE0C0, 0x0001, 0xB000, 0x0001, 0x18C5, 0x0029, 0x7800, 0x0001,
    0xB000, 0x0002, 0x9800, 0x0001, 0x8800, 0x0001, 0xA820, 0x0001, 0xD060, 0x0001, 0xE080, 0x0001,
    0xF2E0, 0x0001, 0xF280, 0x0001, 0xF220, 0x0002, 0xEA20, 0x0001, 0xF260, 0x0001, 0xE200, 0x0001,
    0xD9A0, 0x0001, 0xB000, 0x0001, 0xD060, 0x0001, 0xFB20, 0x0001, 0xF280, 0x0001, 0xC000, 0x0001,
    0xD100, 0x0001, 0xC080, 0x0001, 0xCA00, 0x0001, 0x9900, 0x0001, 0xFA40, 0x0001, 0xA800, 0x0001,
    0x18C5, 0x000E, 0xD820, 0x0001, 0xEA00, 0x0001, 0xD040, 0x0001, 0xC820, 0x0001, 0xB800, 0x0001,
    0xC060, 0x0001, 0xB840, 0x0001, 0x8000, 0x0001, 0x18C5, 0x0029, 0x7800, 0x0001, 0xB000, 0x0001,
    0xB800, 0x0001, 0xB000, 0x0001, 0xB800, 0x0001, 0x8000, 0x0001, 0x7800, 0x0001, 0xA000, 0x0001,
    0xA040, 0x0001, 0xB080, 0x0001, 0xD8C0, 0x0001, 0xF280, 0x0001, 0xD8C0, 0x0001, 0xF160, 0x0001,
    0xFA60, 0x0001, 0xFB80, 0x0001, 0xFB20, 0x0001, 0xF180, 0x0001, 0xF260, 0x0001, 0xF360, 0x0001,
    0xD900, 0x0001, 0xE0C0, 0x0001, 0xF9E0, 0x0001, 0xD8E0, 0x0001, 0xA020, 0x0001, 0x18C5, 0x0001,
    0x8840, 0x0001, 0x8000, 0x0001, 0x18C5, 0x000C, 0xD900, 0x0001, 0xF2E0, 0x0001, 0xF360, 0x0001,
    0xF400, 0x0001, 0xE980, 0x0001, 0xC000, 0x0001, 0x8800, 0x0001, 0x18C5, 0x002C, 0x7800, 0x0001,
    0xB000, 0x0007, 0xA800, 0x0001, 0xB000, 0x0001, 0xA800, 0x0001, 0x8000, 0x0001, 0xA000, 0x0001,
    0xC800, 0x0001, 0xE120, 0x0001, 0xE900, 0x0001, 0xE200, 0x0001, 0xFB60, 0x0002, 0xF320, 0x0001,
    0xE0E0, 0x0001, 0xF160, 0x0001, 0xF180, 0x0001, 0xF960, 0x0001, 0xD900, 0x0001, 0xB8E0, 0x0001,
    0x18C5, 0x000D, 0xE1E0, 0x0001, 0xFBE0, 0x0001, 0xEB40, 0x0001, 0xFC00, 0x0001, 0xE980, 0x0001,
    0xB800, 0x0001, 0x18C5, 0x002F, 0x7800, 0x000C, 0x7000, 0x0001, 0x6800, 0x0001, 0x8800, 0x0001,
    0x9800, 0x0001, 0xC960, 0x0001, 0xEA00, 0x0001, 0xC8C0, 0x0001, 0xD060, 0x0001, 0xE920, 0x0001,
    0xD880, 0x0001, 0xB820, 0x0001, 0xE1A0, 0x0001, 0xFA20, 0x0001, 0xFA40, 0x0001, 0xD920, 0x0001,
    0x18C5, 0x0008, 0xC800, 0x0001, 0xEA40, 0x0001, 0xFA20, 0x0001, 0xF360, 0x0001, 0xEBC0, 0x0001,
    0xF420, 0x0001, 0xD980, 0x0001, 0x9800, 0x0001, 0x18C5, 0x0049, 0xE1A0, 0x0001, 0xFB60, 0x0001,
    0xFA40, 0x0001, 0xD060, 0x0001, 0x18C5, 0x0003, 0xD000, 0x0001, 0xE000, 0x0001, 0xE9C0, 0x0001,
    0xFB80, 0x0001, 0xFB60, 0x0001, 0xF3C0, 0x0001, 0xEBA0, 0x0001, 0xFB80, 0x0001, 0xD9A0, 0x0001,
    0x18C5, 0x004C, 0xB080, 0x0001, 0xEA60, 0x0001, 0xE8C0, 0x0001, 0x18C5, 0x0003, 0xFB60, 0x0001,
    0xF360, 0x0001, 0xFB20, 0x0001, 0xF340, 0x0001, 0xEA60, 0x0001, 0xE9A0, 0x0001, 0xFB00, 0x0001,
    0xD180, 0x0001, 0x18C5, 0x004E, 0x8000, 0x0001, 0x8800, 0x0001, 0x18C5, 0x0001, 0xE980, 0x0001,
    0xFB60, 0x0001, 0xEC20, 0x0001, 0xEC40, 0x0001, 0xEB80, 0x0002, 0xF480, 0x0001, 0xFBA0, 0x0001,
    0xC0A0, 0x0001, 0x18C5, 0x0052, 0xFA00, 0x0001, 0xEBE0, 0x0001, 0xF440, 0x0001, 0xF2C0, 0x0001,
    0xF380, 0x0001, 0xF3C0, 0x0001, 0xEA60, 0x0001, 0xD120, 0x0001, 0x18C5, 0x0053, 0xC060, 0x0001,
    0xF1C0, 0x0001, 0xF220, 0x0001, 0xD880, 0x0001, 0xC8A0, 0x0001, 0xC080, 0x0001, 0xA800, 0x0001,
    0x18C5, 0x0054, 0x18C5, 0x00F1, 0xD820, 0x0001, 0x18C5, 0x0006, 0xF120, 0x0001, 0x18C5, 0x0052,
    0xC800, 0x0001, 0xF9A0, 0x0001, 0xC040, 0x0001, 0x18C5, 0x0004, 0xD160, 0x0001, 0xF940, 0x0001,
    0x18C5, 0x0052, 0xC800, 0x0001, 0xFA60, 0x0001, 0xD060, 0x0001, 0x18C5, 0x0004, 0xC900, 0x0001,
    0xEA00, 0x0001, 0x18C5, 0x0052, 0xC800, 0x0001, 0xFA40, 0x0001, 0xD060, 0x0001, 0x18C5, 0x0004,
    0xE9E0, 0x0001, 0xF1C0, 0x0001, 0x18C5, 0x0052, 0xC000, 0x0001, 0xFA40, 0x0001, 0xB020, 0x0001,
    0x18C5, 0x0001, 0xD040, 0x0001, 0xC040, 0x0001, 0xB060, 0x0001, 0xFA60, 0x0001, 0xC000, 0x0001,
    0x18C5, 0x0052, 0xD040, 0x0001, 0xFA60, 0x0001, 0xC8C0, 0x0001, 0xE980, 0x0001, 0xC960, 0x0001,
    0xD1C0, 0x0001, 0xD180, 0x0001, 0xE160, 0x0001, 0x18C5, 0x0053, 0xF940, 0x0001, 0xF320, 0x0001,
    0xF260, 0x0001, 0xD100, 0x0001, 0xEAC0, 0x0001, 0xC8A0, 0x0001, 0xF240, 0x0001, 0xD000, 0x0001,
    0x18C5, 0x0053, 0xFA80, 0x0001, 0xF340, 0x0001, 0xEAC0, 0x0001, 0xEA60, 0x0001, 0xF340, 0x0001,
    0xEA80, 0x0001, 0xF280, 0x0001, 0xB000, 0x0001, 0x18C5, 0x0052, 0xE0C0, 0x0001, 0xEA80, 0x0001,
    0xF300, 0x0002, 0xF320, 0x0001, 0xEAE0, 0x0001, 0xF320, 0x0001, 0xB860, 0x0001, 0x18C5, 0x0053,
    0xD800, 0x0001, 0xE1A0, 0x0001, 0xF240, 0x0001, 0xF320, 0x0001, 0xF2E0, 0x0001, 0xEAE0, 0x0001,
    0xF300, 0x0001, 0xD880, 0x0001, 0x18C5, 0x0052, 0xF1A0, 0x0001, 0xEA80, 0x0001, 0xF2E0, 0x0001,
    0xEA00, 0x0001, 0xE180, 0x0001, 0xF320, 0x0001, 0xEAE0, 0x0001, 0xF320, 0x0001, 0xF2A0, 0x0001,
    0xE0E0, 0x0001, 0xD800, 0x0001, 0x18C5, 0x004E, 0xD000, 0x0001, 0xE9A0, 0x0001, 0xF280, 0x0001,
    0xEA80, 0x0001, 0xF220, 0x0002, 0xD000, 0x0001, 0xF220, 0x0001, 0xFB20, 0x0001, 0xFA00, 0x0001,
    0xF9E0, 0x0001, 0xFAA0, 0x0001, 0xFA40, 0x0001, 0xF2C0, 0x0001, 0xE9C0, 0x0001, 0x18C5, 0x004A,
    0xB880, 0x0001, 0xD900, 0x0001, 0xFA40, 0x0001, 0xF200, 0x0001, 0xEA00, 0x0001, 0xE140, 0x0001,
    0xEA60, 0x0001, 0xC020, 0x0001, 0x18C5, 0x0002, 0xD020, 0x0001, 0xD000, 0x0001, 0xB000, 0x0001,
    0xB840, 0x0001, 0xD060, 0x0001, 0xD9E0, 0x0001, 0xFB20, 0x0001, 0xB860, 0x0001, 0x18C5, 0x0047,
    0xC900, 0x0001, 0xE900, 0x0001, 0xF240, 0x0001, 0xF1E0, 0x0001, 0xF220, 0x0001, 0xF2A0, 0x0001,
    0xFA20, 0x0001, 0xE180, 0x0001, 0x18C5, 0x000A, 0xF280, 0x0001, 0xF9C0, 0x0001, 0x18C5, 0x0046,
    0xC000, 0x0001, 0xF980, 0x0001, 0xE100, 0x0001, 0xF260, 0x0001, 0xF360, 0x0001, 0xF2C0, 0x0001,
    0xE0C0, 0x0001, 0xFA80, 0x0001, 0xB000, 0x0001, 0x18C5, 0x0051, 0xB8A0, 0x0001, 0xF1E0, 0x0001,
    0xEA00, 0x0001, 0xEA20, 0x0001, 0xD0C0, 0x0001, 0xE1A0, 0x0001, 0xE1C0, 0x0001, 0xE1E0, 0x0001,
    0xC0C0, 0x0001, 0x18C5, 0x0051, 0xB000, 0x0001, 0xE080, 0x0001, 0xF280, 0x0001, 0xFAC0, 0x0001,
    0xB923, 0x0001, 0x0BDE, 0x0001, 0x4A53, 0x0001, 0xE920, 0x0001, 0xF2C0, 0x0001, 0xA800, 0x0001,
    0x18C5, 0x0050, 0xA800, 0x0001, 0xD140, 0x0001, 0xF2E0, 0x0001, 0xF200, 0x0001, 0xB146, 0x0001,
    0x0B9C, 0x0001, 0x043E, 0x0001, 0x049F, 0x0001, 0x5293, 0x0001, 0xD802, 0x0001, 0x18C5, 0x0050,
    0xA800, 0x0001, 0xE960, 0x0001, 0xE1A0, 0x0001, 0xEBA0, 0x0001, 0xF0E0, 0x0001, 0x22B7, 0x0001,
    0x049F, 0x0001, 0x03DD, 0x0001, 0x035D, 0x0001, 0x021E, 0x0001, 0x7889, 0x0001, 0x18C5, 0x0051,
    0xC0E0, 0x0001, 0xE9A0, 0x0001, 0xE140, 0x0001, 0xF300, 0x0001, 0xC104, 0x0001, 0x137A, 0x0001,
    0x041F, 0x0001, 0x00FA, 0x0001, 0x0012, 0x0001, 0x18C5, 0x0053, 0x90C0, 0x0001, 0xD9C0, 0x0001,
    0xD160, 0x0001, 0xFB00, 0x0001, 0xC902, 0x0001, 0x135B, 0x0001, 0x043F, 0x0001, 0x02DD, 0x0001,
    0x18C5, 0x0054, 0x90E0, 0x0001, 0xE9C0, 0x0001, 0xD960, 0x0001, 0xFB00, 0x0001, 0xC902, 0x0001,
    0x1B9A, 0x0001, 0x047F, 0x0001, 0x039F, 0x0001, 0x035E, 0x0001, 0x18C5, 0x0053, 0x9900, 0x0001,
    0xE1C0, 0x0001, 0xD960, 0x0001, 0xFAC0, 0x0001, 0xC843, 0x0001, 0x1B7A, 0x0001, 0x045F, 0x0001,
    0x03FD, 0x0001, 0x03BF, 0x0001, 0x023E, 0x0001, 0x18C5, 0x0052, 0xB0C0, 0x0001, 0xE9E0, 0x0001,
    0xEA00, 0x0001, 0xFAC0, 0x0001, 0xC8E3, 0x0001, 0x1B5A, 0x0001, 0x043F, 0x0001, 0x045D, 0x0001,
    0x039F, 0x0001, 0x01BC, 0x0001, 0x18C5, 0x0051, 0x7000, 0x0001, 0xD040, 0x0001, 0xD8A0, 0x0001,
    0xEB20, 0x0001, 0xFAE0, 0x0001, 0xE1E1, 0x0001, 0x1B7A, 0x0001, 0x043F, 0x0001, 0x047F, 0x0001,
    0x025F, 0x0001, 0x18C5, 0x0052, 0xA040, 0x0001, 0xF280, 0x0001, 0xE0E0, 0x0001, 0xF340, 0x0001,
    0xFB00, 0x0001, 0xC862, 0x0001, 0x3A75, 0x0001, 0x3A94, 0x0001, 0x30F3, 0x0001, 0x18C5, 0x0053,
    0xE9E0, 0x0001, 0xE980, 0x0001, 0xE1E0, 0x0001, 0xF2A0, 0x0001, 0xF200, 0x0001, 0xE800, 0x0001,
    0xB800, 0x0001, 0xD940, 0x0001, 0xF8C0, 0x0001, 0xC800, 0x0001, 0xD000, 0x0001, 0xB000, 0x0001,
    0x18C5, 0x004F, 0x9800, 0x0001, 0xE9A0, 0x0001, 0xD940, 0x0001, 0xE9E0, 0x0001, 0xF320, 0x0001,
    0xEAC0, 0x0001, 0xD100, 0x0001, 0xB8C0, 0x0001, 0xF2C0, 0x0001, 0xE080, 0x0001, 0xE8E0, 0x0001,
    0xFA80, 0x0001, 0xD020, 0x0001, 0xA800, 0x0001, 0x18C5, 0x004E, 0xB020, 0x0001, 0xD9A0, 0x0001,
    0xFA40, 0x0001, 0xEA80, 0x0001, 0xEB40, 0x0001, 0xF320, 0x0001, 0xD080, 0x0001, 0xD060, 0x0001,
    0xF360, 0x0001, 0xD9A0, 0x0001, 0xEA40, 0x0001, 0xFB00, 0x0001, 0xE900, 0x0001, 0x18C5, 0x004F,
    0xA000, 0x0001, 0xE9C0, 0x0001, 0xF260, 0x0001, 0xEA60, 0x0001, 0xF2C0, 0x0001, 0xF340, 0x0001,
    0xD060, 0x0001, 0xF280, 0x0002, 0xE980, 0x0001, 0xF2A0, 0x0001, 0xF2C0, 0x0001, 0xC060, 0x0001,
    0x18C5, 0x0050, 0xE100, 0x0001, 0xF120, 0x0001, 0xF260, 0x0001, 0xEA00, 0x0001, 0xE0C0, 0x0001,
    0xF180, 0x0001, 0xF220, 0x0002, 0xF180, 0x0001, 0xF1C0, 0x0001, 0xE040, 0x0001, 0x18C5, 0x004D,
    0x03DF, 0x0001, 0x03BF, 0x0001, 0x049F, 0x0001, 0x2236, 0x0001, 0x7069, 0x0001, 0xFA60, 0x0001,
    0xEA60, 0x0001, 0xF2A0, 0x0001, 0xF2C0, 0x0001, 0xF340, 0x0001, 0xF320, 0x0001, 0xF1C0, 0x0001,
    0xF240, 0x0001, 0xD860, 0x0001, 0x18C5, 0x004B, 0x21B8, 0x0001, 0x12FC, 0x0001, 0x6393, 0x0001,
    0xFBE2, 0x0001, 0x2CDA, 0x0001, 0x04DF, 0x0001, 0x6211, 0x0001, 0xF9A0, 0x0001, 0xEBA0, 0x0001,
    0xEBC0, 0x0001, 0xF340, 0x0001, 0xF3E0, 0x0001, 0xF280, 0x0001, 0xE940, 0x0001, 0xE0A0, 0x0001,
    0xD0E0, 0x0001, 0x18C5, 0x0049, 0xD9A0, 0x0001, 0xF9C0, 0x0001, 0xFB20, 0x0002, 0xEB40, 0x0001,
    0xBB88, 0x0001, 0x1C5A, 0x0001, 0x0B9C, 0x0001, 0xFA60, 0x0001, 0xEC40, 0x0001, 0xF3A0, 0x0001,
    0xF360, 0x0001, 0xF3C0, 0x0001, 0xF320, 0x0001, 0xF3A0, 0x0001, 0xF360, 0x0001, 0xE860, 0x0001,
    0x18C5, 0x0048, 0xF0C0, 0x0001, 0xFA00, 0x0001, 0xFC40, 0x0001, 0xF440, 0x0001, 0x74AF, 0x0001,
    0x7CB0, 0x0001, 0x3CF6, 0x0001, 0x057F, 0x0001, 0x053E, 0x0001, 0x8BAC, 0x0001, 0xF3E0, 0x0001,
    0xEC40, 0x0001, 0xF320, 0x0001, 0xF400, 0x0002, 0xF420, 0x0001, 0xF380, 0x0001, 0xF3C0, 0x0001,
    0xFB00, 0x0001, 0xE040, 0x0001, 0x18C5, 0x0046, 0xE980, 0x0001, 0xFB80, 0x0001, 0xF420, 0x0001,
    0xEC00, 0x0001, 0xFB60, 0x0001, 0xA369, 0x0001, 0x045F, 0x0002, 0x043D, 0x0002, 0xF9E0, 0x0001,
    0xF200, 0x0001, 0xF2C0, 0x0001, 0xF320, 0x0001, 0xF340, 0x0001, 0xF400, 0x0001, 0xF3E0, 0x0001,
    0xF420, 0x0001, 0xEB20, 0x0001, 0xF400, 0x0001, 0xF940, 0x0001, 0x18C5, 0x0005, 0xC800, 0x0001,
    0xF940, 0x0001, 0xF180, 0x0001, 0xE860, 0x0001, 0x18C5, 0x003C, 0xFA40, 0x0001, 0xF3A0, 0x0001,
    0xEC20, 0x0001, 0xF300, 0x0003, 0xD303, 0x0001, 0x043F, 0x0001, 0x04FE, 0x0001, 0x04DD, 0x0002,
    0xE3A1, 0x0001, 0xF3A0, 0x0001, 0xF320, 0x0001, 0xF3A0, 0x0001, 0xF300, 0x0001, 0xF1C0, 0x0001,
    0xF280, 0x0001, 0xF2C0, 0x0001, 0xF360, 0x0001, 0xEC40, 0x0001, 0xF300, 0x0001, 0xE040, 0x0001,
    0x18C5, 0x0003, 0xF920, 0x0001, 0xF320, 0x0001, 0xFB20, 0x0001, 0xFC00, 0x0001, 0xFC20, 0x0001,
    0xF240, 0x0001, 0xD060, 0x0001, 0x18C5, 0x0039, 0xE960, 0x0001, 0xF2C0, 0x0001, 0xEB40, 0x0001,
    0xF2E0, 0x0002, 0xEBA0, 0x0001, 0xF420, 0x0001, 0x54D4, 0x0001, 0x4CF6, 0x0001, 0x2519, 0x0001,
    0x053F, 0x0001, 0x051D, 0x0001, 0xE421, 0x0001, 0xF400, 0x0001, 0xF440, 0x0001, 0xF320, 0x0001,
    0xF3C0, 0x0001, 0xF400, 0x0001, 0xF3A0, 0x0001, 0xF260, 0x0001, 0xF1A0, 0x0001, 0xF2C0, 0x0001,
    0xF400, 0x0001, 0xE8E0, 0x0001, 0x18C5, 0x0002, 0xF1E0, 0x0001, 0xF400, 0x0001, 0xEB40, 0x0001,
    0xFC40, 0x0001, 0xE360, 0x0001, 0xBAE0, 0x0001, 0xF3E0, 0x0001, 0xF400, 0x0001, 0xF9C0, 0x0001,
    0xD8A0, 0x0001, 0x18C5, 0x0036, 0xF1C0, 0x0001, 0xF220, 0x0001, 0xEAC0, 0x0001, 0xF3A0, 0x0001,
    0xF360, 0x0001, 0xEBA0, 0x0001, 0xFC20, 0x0001, 0xFB60, 0x0001, 0xFB20, 0x0001, 0xFB40, 0x0001,
    0xD384, 0x0001, 0x2CB9, 0x0001, 0x051E, 0x0001, 0xEC00, 0x0001, 0xF400, 0x0001, 0xF3A0, 0x0001,
    0xF360, 0x0001, 0xF400, 0x0002, 0xF420, 0x0001, 0xF3E0, 0x0001, 0xF3C0, 0x0001, 0xE9E0, 0x0001,
    0xEA40, 0x0001, 0xE140, 0x0001, 0x18C5, 0x0001, 0xD880, 0x0001, 0xF3C0, 0x0001, 0xEC20, 0x0001,
    0xF360, 0x0001, 0xD9C0, 0x0001, 0x2000, 0x0001, 0x6800, 0x0001, 0xFB00, 0x0001, 0xEB60, 0x0001,
    0xF380, 0x0001, 0xFAC0, 0x0001, 0xC080, 0x0001, 0x18C5, 0x0034, 0xE0E0, 0x0001, 0xE920, 0x0001,
    0xEAE0, 0x0001, 0xF3C0, 0x0001, 0xF360, 0x0001, 0xF400, 0x0001, 0xFBE0, 0x0001, 0xA44A, 0x0001,
    0x4497, 0x0001, 0x4C54, 0x0001, 0xEBC0, 0x0001, 0xFB00, 0x0001, 0x6411, 0x0001, 0x053F, 0x0001,
    0xEC00, 0x0001, 0xF420, 0x0001, 0xF340, 0x0001, 0xF3A0, 0x0001, 0xF360, 0x0001, 0xF320, 0x0001,
    0xF340, 0x0001, 0xF2E0, 0x0001, 0xF360, 0x0001, 0xEC00, 0x0001, 0xD9A0, 0x0001, 0xD060, 0x0001,
    0x9000, 0x0001, 0xE9A0, 0x0001, 0xF400, 0x0001, 0xF3C0, 0x0001, 0xD900, 0x0001, 0x3001, 0x0001,
    0x8C92, 0x0001, 0x51C5, 0x0001, 0xC100, 0x0001, 0xFBE0, 0x0001, 0xEB20, 0x0001, 0xF3C0, 0x0001,
    0xD920, 0x0001, 0x18C5, 0x0034, 0xF0C0, 0x0001, 0xE240, 0x0001, 0xFB60, 0x0001, 0xEC00, 0x0001,
    0xE402, 0x0001, 0xDC23, 0x0001, 0xD404, 0x0001, 0xEBE2, 0x0001, 0x3CD7, 0x0001, 0x055F, 0x0001,
    0x3CD6, 0x0001, 0xE3E3, 0x0001, 0x4CD4, 0x0001, 0x051F, 0x0001, 0xE1E1, 0x0001, 0xF260, 0x0001,
    0xF340, 0x0001, 0xF300, 0x0001, 0xF3A0, 0x0001, 0xF3E0, 0x0002, 0xF320, 0x0001, 0xF380, 0x0001,
    0xF340, 0x0001, 0xEB20, 0x0001, 0xF1A0, 0x0001, 0x9000, 0x0001, 0xD0C0, 0x0001, 0xF3C0, 0x0001,
    0xD140, 0x0001, 0x2800, 0x0001, 0x9D55, 0x0001, 0xFFFF, 0x0001, 0xD71C, 0x0001, 0x4186, 0x0001,
    0xD140, 0x0001, 0xF420, 0x0001, 0xF260, 0x0001, 0xA060, 0x0001, 0x18C5, 0x0033, 0x694E, 0x0001,
    0xE262, 0x0001, 0xFB20, 0x0001, 0xA389, 0x0001, 0xFBE0, 0x0001, 0x44B5, 0x0001, 0x053F, 0x0001,
    0x5C91, 0x0001, 0xFBC0, 0x0001, 0x5C92, 0x0001, 0x051F, 0x0001, 0x053E, 0x0001, 0x04FE, 0x0001,
    0x04BE, 0x0001, 0x03FD, 0x0001, 0xFAE0, 0x0001, 0xF400, 0x0003, 0xF340, 0x0001, 0xF3E0, 0x0001,
    0xF440, 0x0001, 0xF380, 0x0001, 0xF3A0, 0x0001, 0xF400, 0x0001, 0xF3C0, 0x0001, 0xF280, 0x0001,
    0xA000, 0x0001, 0xA880, 0x0001, 0xFCC0, 0x0001, 0xC960, 0x0001, 0x1800, 0x0001, 0xCEBA, 0x0001,
    0xF79E, 0x0001, 0xFFBE, 0x0001, 0xDEFC, 0x0001, 0xD2C9, 0x0001, 0xF380, 0x0001, 0xF8E0, 0x0001,
    0x18C5, 0x0034, 0x2BBC, 0x0001, 0xF2E1, 0x0001, 0x7B6E, 0x0001, 0x8BAD, 0x0001, 0xCC25, 0x0001,
    0x1CFB, 0x0001, 0x0CFC, 0x0001, 0xFBC0, 0x0001, 0xCC25, 0x0001, 0x2CF9, 0x0001, 0x051E, 0x0001,
    0x047D, 0x0002, 0x047E, 0x0002, 0x8C0C, 0x0001, 0xF400, 0x0001, 0xEBE0, 0x0001, 0xF400, 0x0002,
    0xF300, 0x0001, 0xF360, 0x0001, 0xF380, 0x0001, 0xF2E0, 0x0001, 0xF380, 0x0001, 0xF420, 0x0001,
    0xF380, 0x0001, 0xC040, 0x0001, 0x8000, 0x0001, 0xF2C0, 0x0001, 0xD960, 0x0001, 0x2000, 0x0001,
    0xCE9A, 0x0001, 0xFFDF, 0x0001, 0xEF7D, 0x0001, 0xFFFF, 0x0001, 0x73EE, 0x0001, 0xFB20, 0x0001,
    0x98E0, 0x0001, 0x18C5, 0x0034, 0xF281, 0x0001, 0x73B0, 0x0001, 0x0BDC, 0x0001, 0xEB41, 0x0001,
    0x153C, 0x0001, 0x051E, 0x0001, 0x051D, 0x0001, 0x4CB5, 0x0001, 0x1CFA, 0x0001, 0x053F, 0x0001,
    0x047D, 0x0001, 0x049E, 0x0001, 0x04DE, 0x0001, 0x053D, 0x0001, 0x053F, 0x0001, 0x14DB, 0x0001,
    0xFB60, 0x0001, 0xEC00, 0x0002, 0xF320, 0x0002, 0xF3A0, 0x0001, 0xF380, 0x0001, 0xF320, 0x0001,
    0xF360, 0x0001, 0xEBA0, 0x0001, 0xF380, 0x0001, 0xB880, 0x0002, 0xB120, 0x0001, 0xFA20, 0x0001,
    0x1800, 0x0001, 0x3228, 0x0001, 0xE71C, 0x0001, 0xFFFF, 0x0001, 0x634D, 0x0001, 0x89E0, 0x0001,
    0xFC60, 0x0001, 0xB960, 0x0001, 0x18C5, 0x0033, 0x037F, 0x0001, 0x23D9, 0x0001, 0x041F, 0x0001,
    0x041D, 0x0001, 0x0BFC, 0x0001, 0x049F, 0x0001, 0x04FD, 0x0001, 0x04DE, 0x0001, 0x04FF, 0x0001,
    0x051E, 0x0001, 0x043D, 0x0001, 0x04DE, 0x0001, 0x053E, 0x0001, 0x051E, 0x0001, 0x04FE, 0x0001,
    0x04FD, 0x0001, 0x0D1E, 0x0001, 0x5C12, 0x0001, 0xEBA1, 0x0001, 0xEBA0, 0x0001, 0xF420, 0x0001,
    0xF3E0, 0x0001, 0xF380, 0x0001, 0xF440, 0x0001, 0xF360, 0x0001, 0xF400, 0x0001, 0xF3A0, 0x0001,
    0xFA00, 0x0001, 0xE040, 0x0001, 0xD100, 0x0001, 0xA060, 0x0001, 0xFAE0, 0x0001, 0xB8C0, 0x0001,
    0x0800, 0x0001, 0x0082, 0x0001, 0x20C3, 0x0001, 0x9000, 0x0001, 0xFB60, 0x0001, 0xFAC0, 0x0001,
    0xF100, 0x0001, 0x18C5, 0x0032, 0xB843, 0x0001, 0x2B5B, 0x0001, 0x043F, 0x0001, 0x03FD, 0x0001,
    0x041E, 0x0001, 0x03FE, 0x0001, 0x041D, 0x0001, 0x047F, 0x0002, 0x043D, 0x0001, 0x041D, 0x0001,
    0x037D, 0x0001, 0x031D, 0x0001, 0x04FE, 0x0001, 0x051E, 0x0001, 0x04FE, 0x0002, 0x04FD, 0x0001,
    0x055F, 0x0001, 0x936B, 0x0001, 0xF9A0, 0x0001, 0xDA80, 0x0001, 0xEB20, 0x0001, 0xF3A0, 0x0001,
    0xF320, 0x0001, 0xF300, 0x0001, 0xEAE0, 0x0001, 0xF280, 0x0001, 0xB800, 0x0001, 0xB000, 0x0002,
    0x9800, 0x0001, 0xE940, 0x0001, 0xFB60, 0x0001, 0xDA00, 0x0001, 0x3840, 0x0001, 0xA0E0, 0x0001,
    0xFBC0, 0x0001, 0xF360, 0x0001, 0xD880, 0x0001, 0x18C5, 0x0033, 0xF820, 0x0001, 0xAAA9, 0x0001,
    0x041F, 0x0001, 0x0C1C, 0x0001, 0x03FE, 0x0001, 0x043D, 0x0001, 0x039D, 0x0001, 0x01D9, 0x0001,
    0x01B8, 0x0001, 0x02FD, 0x0001, 0x03DE, 0x0001, 0x045F, 0x0001, 0x031D, 0x0001, 0x033D, 0x0001,
    0x051E, 0x0001, 0x053D, 0x0001, 0x051E, 0x0001, 0x04FD, 0x0001, 0x053E, 0x0001, 0x4C16, 0x0001,
    0xD1C3, 0x0001, 0xD980, 0x0001, 0xE140, 0x0001, 0xF220, 0x0001, 0xE9E0, 0x0002, 0xF2A0, 0x0001,
    0xF280, 0x0001, 0xF1C0, 0x0001, 0x18C5, 0x0001, 0x7800, 0x0001, 0x7000, 0x0001, 0xA000, 0x0001,
    0xD140, 0x0001, 0xF9A0, 0x0001, 0xFA60, 0x0001, 0xFBC0, 0x0001, 0xE9E0, 0x0001, 0xD080, 0x0001,
    0x18C5, 0x0034, 0x586B, 0x0001, 0xE2C3, 0x0001, 0x4276, 0x0001, 0x041F, 0x0001, 0x043E, 0x0001,
    0x039E, 0x0001, 0x021D, 0x0001, 0x025A, 0x0001, 0x0259, 0x0001, 0x023D, 0x0001, 0x0139, 0x0001,
    0x0117, 0x0001, 0x0177, 0x0001, 0x0098, 0x0001, 0x02FE, 0x0001, 0x045E, 0x0001, 0x047D, 0x0001,
    0x051E, 0x0001, 0x04BD, 0x0001, 0x04FF, 0x0001, 0xB4C7, 0x0001, 0xFC60, 0x0001, 0xEB80, 0x0001,
    0xF220, 0x0001, 0xF380, 0x0001, 0xF400, 0x0001, 0xF420, 0x0001, 0xEBA0, 0x0001, 0xFBA0, 0x0001,
    0xD0A0, 0x0001, 0x18C5, 0x0005, 0xB880, 0x0001, 0xE100, 0x0001, 0xC800, 0x0001, 0x18C5, 0x0035,
    0x129A, 0x0001, 0xF9E0, 0x0001, 0xEA20, 0x0001, 0xD1C4, 0x0001, 0x23B9, 0x0001, 0x137C, 0x0001,
    0x039D, 0x0001, 0x04BF, 0x0002, 0x043F, 0x0001, 0x03BE, 0x0001, 0x70E9, 0x0001, 0xA002, 0x0001,
    0x5006, 0x0001, 0x0035, 0x0001, 0x0118, 0x0001, 0x02FE, 0x0001, 0x047E, 0x0001, 0x043E, 0x0001,
    0x049F, 0x0001, 0xABC8, 0x0001, 0xFBA0, 0x0001, 0xEC00, 0x0001, 0xF360, 0x0001, 0xF3A0, 0x0001,
    0xF3E0, 0x0002, 0xF340, 0x0001, 0xF3E0, 0x0001, 0xE9A0, 0x0001, 0x18C5, 0x003C, 0x0015, 0x0001,
    0x03DF, 0x0001, 0x2A97, 0x0001, 0xD961, 0x0001, 0xF980, 0x0001, 0xEA00, 0x0001, 0xF940, 0x0001,
    0x81CB, 0x0001, 0x3317, 0x0001, 0x3A95, 0x0001, 0x3337, 0x0001, 0x79CC, 0x0001, 0xF8C0, 0x0001,
    0x18C5, 0x0003, 0x0012, 0x0001, 0x0099, 0x0001, 0x025B, 0x0001, 0x01F9, 0x0001, 0x021C, 0x0001,
    0x04BF, 0x0001, 0xD162, 0x0001, 0xFAE0, 0x0001, 0xEB40, 0x0001, 0xF300, 0x0001, 0xF320, 0x0001,
    0xF340, 0x0001, 0xF320, 0x0001, 0xEA60, 0x0001, 0xD0C0, 0x0001, 0x18C5, 0x003B, 0x0239, 0x0001,
    0x027E, 0x0001, 0x035D, 0x0001, 0x03DF, 0x0001, 0x22B6, 0x0001, 0x79EE, 0x0001, 0xFA40, 0x0001,
    0xF3C0, 0x0001, 0xF1E0, 0x0001, 0xE8A0, 0x0001, 0xF140, 0x0001, 0xE880, 0x0001, 0xE8A0, 0x0001,
    0xE880, 0x0001, 0x28F3, 0x0001, 0x18C5, 0x0001, 0x0014, 0x0001, 0x0099, 0x0001, 0x0137, 0x0002,
    0x0158, 0x0001, 0x0097, 0x0001, 0x01DC, 0x0001, 0xC882, 0x0001, 0xE960, 0x0001, 0xF480, 0x0001,
    0xEB40, 0x0001, 0xF3C0, 0x0001, 0xEC20, 0x0001, 0xF3E0, 0x0001, 0xE120, 0x0001, 0xE060, 0x0001,
    0x0199, 0x0001, 0x011B, 0x0001, 0x00B8, 0x0001, 0x18C5, 0x0034, 0x03DF, 0x0001, 0x03DE, 0x0001,
    0x03FF, 0x0001, 0x047F, 0x0001, 0x053F, 0x0001, 0x04FD, 0x0001, 0x04DE, 0x0001, 0x03FD, 0x0001,
    0x039F, 0x0001, 0x035F, 0x0001, 0x52D3, 0x0001, 0xD8C0, 0x0001, 0xE900, 0x0001, 0xF2E0, 0x0001,
    0xEBA0, 0x0001, 0xDA81, 0x0001, 0xE020, 0x0001, 0x71AD, 0x0001, 0x00FA, 0x0001, 0x011B, 0x0001,
    0x027D, 0x0001, 0x02BE, 0x0001, 0x033F, 0x0001, 0x037F, 0x0002, 0x02BC, 0x0001, 0x0097, 0x0001,
    0xE181, 0x0001, 0xE0A0, 0x0001, 0xE220, 0x0001, 0xF340, 0x0001, 0xEBC0, 0x0001, 0xEC00, 0x0001,
    0xEAA0, 0x0001, 0xF9A0, 0x0001, 0x51F2, 0x0001, 0x037F, 0x0001, 0x031E, 0x0001, 0x029F, 0x0001,
    0x02BF, 0x0001, 0x02DF, 0x0001, 0x023D, 0x0001, 0x015E, 0x0001, 0x18C5, 0x002F, 0x043F, 0x0001,
    0x04FF, 0x0001, 0x053D, 0x0001, 0x04BD, 0x0001, 0x049D, 0x0001, 0x051D, 0x0001, 0x04DE, 0x0001,
    0x04FE, 0x0001, 0x051E, 0x0001, 0x04FD, 0x0001, 0x041D, 0x0001, 0x037E, 0x0001, 0x133B, 0x0001,
    0x79EE, 0x0001, 0xEA62, 0x0001, 0xF2E0, 0x0001, 0xF220, 0x0001, 0xC021, 0x0001, 0x2A76, 0x0001,
    0x00F8, 0x0001, 0x02DD, 0x0001, 0x033E, 0x0001, 0x031D, 0x0001, 0x02FD, 0x0003, 0x033E, 0x0001,
    0x0A9B, 0x0001, 0xB881, 0x0001, 0xD8E0, 0x0001, 0xC860, 0x0001, 0xF2C0, 0x0001, 0xF360, 0x0001,
    0xFA60, 0x0001, 0xF160, 0x0001, 0xC082, 0x0001, 0x0A9B, 0x0001, 0x031E, 0x0001, 0x02FD, 0x0001,
    0x033E, 0x0001, 0x021C, 0x0002, 0x02DE, 0x0001, 0x02FF, 0x0001, 0x021D, 0x0001, 0x019B, 0x0001,
    0x18C5, 0x002C, 0x047F, 0x0001, 0x051E, 0x0001, 0x04BD, 0x0001, 0x04BE, 0x0001, 0x045E, 0x0001,
    0x051E, 0x0001, 0x045E, 0x0001, 0x043E, 0x0002, 0x047E, 0x0001, 0x04DE, 0x0002, 0x041D, 0x0001,
    0x041F, 0x0001, 0x041E, 0x0001, 0x039F, 0x0001, 0xA24B, 0x0001, 0xD0C3, 0x0001, 0x698B, 0x0001,
    0x039F, 0x0001, 0x02DD, 0x0001, 0x031E, 0x0002, 0x033E, 0x0002, 0x02FE, 0x0001, 0x02FD, 0x0001,
    0x033F, 0x0001, 0x80C7, 0x0001, 0xE960, 0x0001, 0xC8E0, 0x0001, 0xC840, 0x0001, 0xD9A0, 0x0001,
    0xEAE1, 0x0001, 0xB947, 0x0001, 0x51F1, 0x0001, 0x039F, 0x0001, 0x021B, 0x0001, 0x02DE, 0x0001,
    0x031E, 0x0001, 0x02FE, 0x0001, 0x031E, 0x0001, 0x02DD, 0x0001, 0x01BC, 0x0001, 0x027D, 0x0001,
    0x033E, 0x0001, 0x02FE, 0x0001, 0x01DC, 0x0001, 0x021E, 0x0001, 0x18C5, 0x0029, 0x037F, 0x0001,
    0x043E, 0x0001, 0x047D, 0x0001, 0x047E, 0x0001, 0x03FE, 0x0001, 0x041E, 0x0001, 0x047E, 0x0001,
    0x04DE, 0x0001, 0x053E, 0x0002, 0x04DE, 0x0001, 0x045E, 0x0001, 0x03FE, 0x0001, 0x041E, 0x0001,
    0x03DD, 0x0001, 0x035E, 0x0001, 0x03FD, 0x0001, 0x045F, 0x0001, 0x12FA, 0x0001, 0x3AF3, 0x0001,
    0x029F, 0x0001, 0x029D, 0x0001, 0x033E, 0x0001, 0x02BD, 0x0001, 0x021C, 0x0001, 0x023D, 0x0001,
    0x033E, 0x0001, 0x033D, 0x0001, 0x035F, 0x0001, 0x90A7, 0x0001, 0xFAC0, 0x0001, 0xEAE0, 0x0001,
    0xD080, 0x0001, 0xE960, 0x0001, 0xF180, 0x0001, 0x03DF, 0x0001, 0x045F, 0x0001, 0x043E, 0x0001,
    0x02FD, 0x0001, 0x0139, 0x0001, 0x033E, 0x0001, 0x02FE, 0x0001, 0x031E, 0x0002, 0x035E, 0x0001,
    0x01FC, 0x0001, 0x021D, 0x0001, 0x031E, 0x0002, 0x033D, 0x0001, 0x023F, 0x0001, 0x18C5, 0x0027,
    0x00FB, 0x0001, 0x035F, 0x0001, 0x04BD, 0x0001, 0x04DE, 0x0001, 0x055E, 0x0001, 0x043E, 0x0001,
    0x03FE, 0x0001, 0x04FE, 0x0001, 0x051E, 0x0001, 0x04FE, 0x0002, 0x051E, 0x0001, 0x055E, 0x0001,
    0x04FE, 0x0001, 0x041E, 0x0001, 0x043E, 0x0001, 0x037E, 0x0001, 0x039E, 0x0001, 0x041D, 0x0001,
    0x041E, 0x0001, 0x049F, 0x0001, 0x0198, 0x0001, 0x025C, 0x0001, 0x033E, 0x0001, 0x02BD, 0x0001,
    0x025D, 0x0002, 0x01FC, 0x0001, 0x01DB, 0x0001, 0x02DF, 0x0001, 0xA0C6, 0x0001, 0xFA80, 0x0001,
    0xF380, 0x0001, 0xD940, 0x0001, 0xE9E0, 0x0001, 0x5B92, 0x0001, 0x041E, 0x0001, 0x03FD, 0x0001,
    0x041E, 0x0001, 0x035C, 0x0001, 0x0095, 0x0001, 0x033E, 0x0001, 0x02FD, 0x0001, 0x031D, 0x0002,
    0x031E, 0x0002, 0x00D7, 0x0001, 0x02BD, 0x0001, 0x031E, 0x0001, 0x035E, 0x0001, 0x0139, 0x0001,
    0x18C5, 0x0022, 0xF0E1, 0x0001, 0x32F7, 0x0001, 0x041F, 0x0001, 0x041D, 0x0001, 0x03BC, 0x0001,
    0x02DD, 0x0001, 0x047D, 0x0001, 0x053E, 0x0001, 0x051E, 0x0001, 0x045E, 0x0001, 0x041E, 0x0001,
    0x04FE, 0x0003, 0x051E, 0x0001, 0x053E, 0x0001, 0x051E, 0x0001, 0x047E, 0x0001, 0x037E, 0x0001,
    0x03FE, 0x0001, 0x043D, 0x0001, 0x035D, 0x0001, 0x039E, 0x0001, 0x041E, 0x0001, 0x03DD, 0x0001,
    0x047F, 0x0001, 0x0137, 0x0001, 0x027C, 0x0001, 0x037F, 0x0001, 0x033E, 0x0001, 0x035E, 0x0001,
    0x033E, 0x0001, 0x02FD, 0x0001, 0x025C, 0x0001, 0x01DE, 0x0001, 0x7888, 0x0001, 0xD880, 0x0001,
    0xF340, 0x0001, 0xD920, 0x0001, 0xF1A0, 0x0001, 0x0C5C, 0x0001, 0x041F, 0x0001, 0x041D, 0x0001,
    0x041E, 0x0001, 0x03DC, 0x0001, 0x00B6, 0x0001, 0x037F, 0x0001, 0x031F, 0x0001, 0x02FE, 0x0001,
    0x033E, 0x0001, 0x027D, 0x0001, 0x019B, 0x0001, 0x0075, 0x0001, 0x02BC, 0x0001, 0x029D, 0x0001,
    0x00F8, 0x0001, 0x0013, 0x0001, 0x18C5, 0x0020, 0xB000, 0x0001, 0xF920, 0x0001, 0x838E, 0x0001,
    0x051F, 0x0001, 0x055E, 0x0001, 0x04DF, 0x0001, 0x039E, 0x0001, 0x031E, 0x0001, 0x04BE, 0x0001,
    0x04DE, 0x0001, 0x049E, 0x0001, 0x03FE, 0x0002, 0x053E, 0x0001, 0x057E, 0x0001, 0x055E, 0x0001,
    0x04FE, 0x0001, 0x047E, 0x0001, 0x039E, 0x0001, 0x031E, 0x0001, 0x03BE, 0x0001, 0x03FD, 0x0001,
    0x045E, 0x0001, 0x029C, 0x0001, 0x02FC, 0x0001, 0x041D, 0x0002, 0x037D, 0x0001, 0x0074, 0x0001,
    0x01B9, 0x0001, 0x023B, 0x0001, 0x027D, 0x0003, 0x029D, 0x0002, 0x02BD, 0x0001, 0x02FE, 0x0001,
    0x8042, 0x0001, 0xF9C0, 0x0001, 0xF1A0, 0x0001, 0xC9C5, 0x0001, 0x13DB, 0x0001, 0x03FE, 0x0001,
    0x03FD, 0x0001, 0x043E, 0x0001, 0x035D, 0x0001, 0x0076, 0x0001, 0x0295, 0x0001, 0x0173, 0x0001,
    0x00F8, 0x0001, 0x013A, 0x0001, 0x00D8, 0x0001, 0x0054, 0x0001, 0x015A, 0x0001, 0x017B, 0x0001,
    0x0034, 0x0001, 0x0016, 0x0001, 0x18C5, 0x0020, 0xB800, 0x0001, 0xE900, 0x0001, 0xD2A4, 0x0001,
    0x3B97, 0x0001, 0x051E, 0x0001, 0x045D, 0x0001, 0x03FD, 0x0001, 0x03BD, 0x0001, 0x03DE, 0x0001,
    0x03FE, 0x0001, 0x043E, 0x0001, 0x039D, 0x0001, 0x027D, 0x0001, 0x023D, 0x0001, 0x02BC, 0x0001,
    0x033C, 0x0001, 0x03BD, 0x0001, 0x039E, 0x0001, 0x033E, 0x0001, 0x039D, 0x0001, 0x043D, 0x0001,
    0x043E, 0x0001, 0x049F, 0x0001, 0x035D, 0x0001, 0x013C, 0x0001, 0x03BF, 0x0001, 0x04BF, 0x0001,
    0x037F, 0x0001, 0x00FA, 0x0001, 0x00D8, 0x0001, 0x00B7, 0x0001, 0x0199, 0x0001, 0x027E, 0x0001,
    0x025D, 0x0001, 0x023C, 0x0002, 0x021C, 0x0001, 0x02BD, 0x0001, 0x035E, 0x0001, 0x8800, 0x0001,
    0xE1A0, 0x0001, 0xFA20, 0x0001, 0x3357, 0x0001, 0x041F, 0x0001, 0x031D, 0x0001, 0x045E, 0x0001,
    0x039E, 0x0001, 0x00FA, 0x0001, 0x0008, 0x0002, 0x008A, 0x0001, 0x0094, 0x0001, 0x0096, 0x0001,
    0x00F8, 0x0001, 0x01BD, 0x0001, 0x017B, 0x0001, 0x01BC, 0x0001, 0x013B, 0x0001, 0x0014, 0x0001,
    0x18C5, 0x001F, 0xB800, 0x0001, 0xF0C0, 0x0001, 0xFAA0, 0x0001, 0x9B4A, 0x0001, 0x043F, 0x0001,
    0x041D, 0x0001, 0x03FE, 0x0002, 0x041E, 0x0003, 0x031D, 0x0001, 0x027D, 0x0001, 0x00F9, 0x0001,
    0x01FC, 0x0001, 0x033D, 0x0001, 0x02DD, 0x0001, 0x035D, 0x0001, 0x03DE, 0x0001, 0x045E, 0x0002,
    0x03FF, 0x0001, 0x02BD, 0x0001, 0x017A, 0x0001, 0x0092, 0x0001, 0x0007, 0x0001, 0x0135, 0x0001,
    0x0178, 0x0001, 0x0088, 0x0001, 0x0007, 0x0001, 0x00D4, 0x0001, 0x00B9, 0x0001, 0x0159, 0x0001,
    0x0138, 0x0002, 0x021C, 0x0001, 0x025D, 0x0002, 0x023D, 0x0001, 0x023E, 0x0001, 0x38D1, 0x0001,
    0xD8E0, 0x0001, 0xFA40, 0x0001, 0x4315, 0x0001, 0x043F, 0x0001, 0x039D, 0x0001, 0x03BE, 0x0001,
    0x0139, 0x0001, 0x0006, 0x0001, 0x000B, 0x0001, 0x00DB, 0x0001, 0x01FF, 0x0001, 0x01BD, 0x0003,
    0x017C, 0x0001, 0x019C, 0x0001, 0x019D, 0x0001, 0x0058, 0x0001, 0x18C5, 0x0002, 0xC860, 0x0001,
    0xE960, 0x0001, 0x18C5, 0x0004, 0xE900, 0x0001, 0xD100, 0x0001, 0x18C5, 0x0016, 0xE9A0, 0x0001,
    0xF240, 0x0001, 0xFA80, 0x0001, 0x9A6A, 0x0001, 0x045F, 0x0001, 0x03FD, 0x0001, 0x041E, 0x0001,
    0x043E, 0x0001, 0x041E, 0x0001, 0x03FE, 0x0001, 0x041E, 0x0001, 0x039D, 0x0001, 0x027F, 0x0001,
    0x0069, 0x0001, 0x0258, 0x0001, 0x039F, 0x0001, 0x041E, 0x0002, 0x035E, 0x0001, 0x019B, 0x0001,
    0x00B5, 0x0001, 0x0095, 0x0001, 0x0015, 0x0001, 0x18C5, 0x000C, 0x0014, 0x0001, 0x0015, 0x0002,
    0x0014, 0x0001, 0x0035, 0x0001, 0x0854, 0x0001, 0xC880, 0x0001, 0xF980, 0x0001, 0x4355, 0x0001,
    0x041F, 0x0001, 0x01FB, 0x0001, 0x01DC, 0x0001, 0x017A, 0x0001, 0x0177, 0x0001, 0x1873, 0x0001,
    0x5829, 0x0001, 0x0834, 0x0001, 0x0938, 0x0001, 0x097A, 0x0002, 0x019B, 0x0001, 0x0896, 0x0001,
    0x9024, 0x0001, 0x6003, 0x0001, 0x18C5, 0x0002, 0xD880, 0x0001, 0xFA80, 0x0001, 0xA000, 0x0001,
    0x18C5, 0x0003, 0xFA80, 0x0001, 0xD940, 0x0001, 0x18C5, 0x0015, 0xC000, 0x0001, 0xFA20, 0x0001,
    0xEA00, 0x0001, 0xF1E0, 0x0001, 0xA087, 0x0001, 0x0BBD, 0x0001, 0x045E, 0x0001, 0x03FD, 0x0001,
    0x037D, 0x0001, 0x035E, 0x0001, 0x031E, 0x0001, 0x03FD, 0x0001, 0x03DD, 0x0001, 0x017C, 0x0001,
    0x0005, 0x0001, 0x000F, 0x0001, 0x0015, 0x0001, 0x0013, 0x0001, 0x0014, 0x0002, 0x0013, 0x0001,
    0x18C5, 0x0015, 0x9000, 0x0001, 0xF980, 0x0001, 0x3317, 0x0001, 0x03DF, 0x0001, 0x03FD, 0x0002,
    0x043F, 0x0001, 0x03FF, 0x0001, 0x32F8, 0x0001, 0x688C, 0x0001, 0xC000, 0x0001, 0xA800, 0x0003,
    0xB800, 0x0002, 0x8800, 0x0001, 0x18C5, 0x0003, 0xFA00, 0x0001, 0xF1E0, 0x0001, 0x18C5, 0x0004,
    0xFAA0, 0x0001, 0xC840, 0x0001, 0x18C5, 0x0015, 0xE860, 0x0001, 0xF260, 0x0001, 0xD880, 0x0001,
    0xE100, 0x0001, 0xE020, 0x0001, 0xA148, 0x0001, 0x039E, 0x0001, 0x031F, 0x0001, 0x027C, 0x0001,
    0x039D, 0x0001, 0x03DD, 0x0001, 0x043E, 0x0001, 0x02BF, 0x0001, 0x0079, 0x0001, 0x18C5, 0x001D,
    0xE1C0, 0x0001, 0x9A0B, 0x0001, 0x035F, 0x0001, 0x043D, 0x0001, 0x041F, 0x0001, 0x3B56, 0x0001,
    0x7AEF, 0x0001, 0xF960, 0x0001, 0xF140, 0x0001, 0xD120, 0x0001, 0xA800, 0x0001, 0xB800, 0x0001,
    0xC000, 0x0001, 0xA000, 0x0001, 0x8000, 0x0001, 0x18C5, 0x0003, 0xC800, 0x0001, 0xFAA0, 0x0001,
    0xC000, 0x0001, 0x18C5, 0x0003, 0xF160, 0x0001, 0xF180, 0x0001, 0x18C5, 0x0015, 0xC800, 0x0001,
    0xE080, 0x0001, 0xF9A0, 0x0001, 0xC020, 0x0001, 0xD040, 0x0001, 0xE960, 0x0001, 0xF900, 0x0001,
    0xB966, 0x0001, 0x78AC, 0x0001, 0x029F, 0x0001, 0x041F, 0x0001, 0x045F, 0x0001, 0x039F, 0x0001,
    0x78CA, 0x0001, 0x5003, 0x0001, 0x18C5, 0x001D, 0xC100, 0x0001, 0xFAA0, 0x0001, 0x99EA, 0x0001,
    0x039F, 0x0001, 0x3236, 0x0001, 0xE8A1, 0x0001, 0xFAE0, 0x0001, 0xEB40, 0x0001, 0xF280, 0x0001,
    0xD8A0, 0x0001, 0xB000, 0x0001, 0x8800, 0x0001, 0x18C5, 0x0006, 0xE8A0, 0x0001, 0xC8E0, 0x0001,
    0xE980, 0x0001, 0xFAC0, 0x0001, 0xD080, 0x0001, 0xE160, 0x0001, 0xE0A0, 0x0001, 0xC040, 0x0001,
    0x18C5, 0x0014, 0xB000, 0x0001, 0xF0C0, 0x0001, 0xE0A0, 0x0001, 0xD0E0, 0x0001, 0xD900, 0x0001,
    0xE120, 0x0001, 0xB860, 0x0001, 0xC880, 0x0001, 0xF920, 0x0001, 0xF120, 0x0001, 0xC944, 0x0001,
    0xD1C4, 0x0001, 0xB904, 0x0001, 0x9844, 0x0001, 0x9800, 0x0001, 0x18C5, 0x001E, 0xB000, 0x0001,
    0xF220, 0x0001, 0xFB00, 0x0001, 0xCB25, 0x0001, 0xD9C1, 0x0001, 0xF240, 0x0001, 0xD120, 0x0001,
    0xD880, 0x0001, 0xF280, 0x0001, 0xE9C0, 0x0001, 0xE9E0, 0x0001, 0xC820, 0x0001, 0x18C5, 0x0005,
    0xE900, 0x0001, 0xFA80, 0x0001, 0xB8A0, 0x0001, 0xC9C0, 0x0001, 0xC1E0, 0x0001, 0xE120, 0x0001,
    0xF260, 0x0001, 0xE920, 0x0001, 0x18C5, 0x0014, 0xB000, 0x0001, 0xE040, 0x0001, 0xF160, 0x0001,
    0xB000, 0x0001, 0xC880, 0x0001, 0xF140, 0x0001, 0xE920, 0x0001, 0xE900, 0x0001, 0xF120, 0x0001,
    0xC840, 0x0001, 0xB000, 0x0002, 0xC000, 0x0001, 0x9800, 0x0001, 0x8000, 0x0001, 0x18C5, 0x0020,
    0xB000, 0x0001, 0xDA60, 0x0001, 0xE1A0, 0x0001, 0xE920, 0x0001, 0xF340, 0x0001, 0xE200, 0x0001,
    0xE9C0, 0x0001, 0xEA60, 0x0001, 0xF300, 0x0001, 0xF240, 0x0001, 0xFA20, 0x0001, 0xE1A0, 0x0001,
    0xC060, 0x0001, 0x18C5, 0x0003, 0xFAA0, 0x0001, 0xF320, 0x0001, 0xB020, 0x0001, 0xB0C0, 0x0001,
    0xC060, 0x0001, 0xDA00, 0x0001, 0xA900, 0x0001, 0xFA80, 0x0001, 0xB000, 0x0001, 0x18C5, 0x0012,
    0xB800, 0x0001, 0xE060, 0x0001, 0xF1A0, 0x0001, 0xD0E0, 0x0001, 0xC8E0, 0x0001, 0xD840, 0x0001,
    0xD800, 0x0001, 0xA800, 0x0001, 0xA000, 0x0002, 0xA800, 0x0001, 0x8800, 0x0001, 0x18C5, 0x0024,
    0x9800, 0x0001, 0x9000, 0x0001, 0xA000, 0x0001, 0xB860, 0x0001, 0xE8C0, 0x0002, 0xF320, 0x0001,
    0xF220, 0x0001, 0xF260, 0x0001, 0xEA60, 0x0001, 0xEA40, 0x0001, 0xF200, 0x0001, 0xF300, 0x0001,
    0xFAA0, 0x0001, 0xD8A0, 0x0001, 0xE9C0, 0x0001, 0xF360, 0x0001, 0xE140, 0x0001, 0xE080, 0x0001,
    0xF9C0, 0x0001, 0xC080, 0x0001, 0xA920, 0x0001, 0x9900, 0x0001, 0xD140, 0x0001, 0x9000, 0x0001,
    0x18C5, 0x0010, 0xB000, 0x0001, 0xC800, 0x0001, 0xE080, 0x0001, 0xE0E0, 0x0001, 0xC880, 0x0001,
    0xC800, 0x0001, 0xF0C0, 0x0001, 0xC860, 0x0001, 0x18C5, 0x0029, 0x8800, 0x0001, 0xC000, 0x0001,
    0xB800, 0x0001, 0xA800, 0x0001, 0x9800, 0x0001, 0xA000, 0x0001, 0xA8A0, 0x0001, 0xC900, 0x0001,
    0xD160, 0x0001, 0xD8A0, 0x0001, 0xF120, 0x0001, 0xF260, 0x0001, 0xF240, 0x0001, 0xF220, 0x0002,
    0xF2C0, 0x0001, 0xF320, 0x0001, 0xF360, 0x0001, 0xD0A0, 0x0001, 0xE920, 0x0001, 0xE9A0, 0x0001,
    0xF960, 0x0001, 0xB000, 0x0001, 0x9800, 0x0001, 0x18C5, 0x0011, 0xC040, 0x0001, 0xD040, 0x0001,
    0xF220, 0x0001, 0xC840, 0x0001, 0xC820, 0x0001, 0xB000, 0x0001, 0x18C5, 0x002D, 0xA800, 0x0001,
    0xB000, 0x0002, 0xB800, 0x0001, 0xA000, 0x0001, 0x9800, 0x0001, 0xA000, 0x0002, 0xB000, 0x0001,
    0x9840, 0x0001, 0x9880, 0x0001, 0xC000, 0x0001, 0xB820, 0x0001, 0xB800, 0x0001, 0xEAC0, 0x0001,
    0xF320, 0x0001, 0xD980, 0x0001, 0xE0C0, 0x0001, 0xF980, 0x0001, 0xE900, 0x0001, 0xE0A0, 0x0001,
    0xF240, 0x0001, 0xFA60, 0x0001, 0xF9A0, 0x0001, 0x18C5, 0x000E, 0xE120, 0x0001, 0xF280, 0x0001,
    0xF360, 0x0001, 0xF3A0, 0x0001, 0xFBA0, 0x0001, 0xF120, 0x0001, 0x18C5, 0x002F, 0x8000, 0x0001,
    0x8800, 0x0001, 0x7800, 0x0001, 0x8800, 0x0001, 0x2800, 0x0001, 0x0800, 0x0002, 0x0000, 0x0001,
    0x5000, 0x0001, 0xB000, 0x0001, 0xA800, 0x0002, 0xB000, 0x0001, 0x9000, 0x0001, 0x8800, 0x0001,
    0xB800, 0x0001, 0x9800, 0x0001, 0xA000, 0x0001, 0xB000, 0x0001, 0xA000, 0x0001, 0x7000, 0x0001,
    0xA020, 0x0001, 0xD060, 0x0001, 0xFAA0, 0x0001, 0xFAE0, 0x0001, 0xE100, 0x0001, 0x18C5, 0x000B,
    0xF2E0, 0x0001, 0xF440, 0x0001, 0xEB60, 0x0001, 0xF360, 0x0001, 0xEA60, 0x0001, 0xC080, 0x0001,
    0xB000, 0x0001, 0x18C5, 0x0038, 0x8800, 0x0001, 0x7800, 0x0005, 0x7000, 0x0001, 0x7800, 0x0001,
    0x8000, 0x0001, 0x18C5, 0x0005, 0xC040, 0x0001, 0xE1E0, 0x0001, 0xFB00, 0x0001, 0xE8C0, 0x0001,
    0x18C5, 0x0007, 0xE000, 0x0001, 0xEA00, 0x0001, 0xFBC0, 0x0001, 0xF3A0, 0x0001, 0xEB20, 0x0001,
    0xF440, 0x0001, 0xE240, 0x0001, 0x18C5, 0x004B, 0xB0C0, 0x0001, 0xA840, 0x0001, 0x18C5, 0x0005,
    0xD020, 0x0001, 0xF1A0, 0x0001, 0xFB60, 0x0001, 0xFC00, 0x0001, 0xEB60, 0x0001, 0xEB40, 0x0001,
    0xF420, 0x0001, 0xE280, 0x0001, 0x18C5, 0x0052, 0xF180, 0x0001, 0xFBA0, 0x0001, 0xF340, 0x0001,
    0xF360, 0x0001, 0xEB20, 0x0001, 0xEA20, 0x0001, 0xF200, 0x0001, 0xF220, 0x0001, 0x9000, 0x0001,
    0x18C5, 0x0051, 0xF9A0, 0x0001, 0xFBC0, 0x0001, 0xEC20, 0x0002, 0xEB60, 0x0001, 0xEBC0, 0x0001,
    0xF4A0, 0x0001, 0xFB40, 0x0001, 0xB080, 0x0001, 0x18C5, 0x0051, 0xD880, 0x0001, 0xFB20, 0x0001,
    0xEC00, 0x0001, 0xF400, 0x0001, 0xF2C0, 0x0001, 0xF3C0, 0x0001, 0xF320, 0x0001, 0xF1A0, 0x0001,
    0xC100, 0x0001, 0x18C5, 0x0052, 0xC860, 0x0001, 0xF1E0, 0x0001, 0xF1C0, 0x0001, 0xF1E0, 0x0001,
    0xD840, 0x0001, 0xD0C0, 0x0001, 0xA840, 0x0001, 0x18C5, 0x0053, 0x18C5, 0x00F3, 0xD820, 0x0001,
    0xC800, 0x0001, 0x18C5, 0x0005, 0xF140, 0x0001, 0x18C5, 0x0053, 0xF920, 0x0001, 0xD8E0, 0x0001,
    0x18C5, 0x0005, 0xF980, 0x0001, 0xC800, 0x0001, 0x18C5, 0x0052, 0xF1A0, 0x0001, 0xE140, 0x0001,
    0x18C5, 0x0004, 0xB040, 0x0001, 0xFA60, 0x0001, 0xB000, 0x0001, 0x18C5, 0x0052, 0xF1A0, 0x0001,
    0xE140, 0x0001, 0x18C5, 0x0004, 0xE980, 0x0001, 0xFA40, 0x0001, 0xB800, 0x0001, 0x18C5, 0x0052,
    0xF1A0, 0x0001, 0xC120, 0x0001, 0x18C5, 0x0001, 0xC060, 0x0001, 0xC020, 0x0001, 0xA820, 0x0001,
    0xF260, 0x0001, 0xD040, 0x0001, 0x18C5, 0x0053, 0xF1C0, 0x0001, 0xD160, 0x0001, 0xE100, 0x0001,
    0xD180, 0x0003, 0xE1A0, 0x0001, 0xA800, 0x0001, 0x18C5, 0x0052, 0xD860, 0x0001, 0xF2E0, 0x0001,
    0xF2A0, 0x0001, 0xD940, 0x0001, 0xDA20, 0x0001, 0xD940, 0x0001, 0xE1A0, 0x0001, 0xD8A0, 0x0001,
    0x18C5, 0x0053, 0xE9A0, 0x0001, 0xF320, 0x0001, 0xEB00, 0x0001, 0xE220, 0x0001, 0xF340, 0x0001,
    0xEA60, 0x0001, 0xF2E0, 0x0001, 0xC080, 0x0001, 0x18C5, 0x0052, 0xC820, 0x0001, 0xF280, 0x0001,
    0xEAE0, 0x0001, 0xEB00, 0x0001, 0xF320, 0x0001, 0xEAE0, 0x0001, 0xF360, 0x0001, 0xD140, 0x0001,
    0x18C5, 0x0053, 0xD840, 0x0001, 0xE120, 0x0001, 0xF220, 0x0001, 0xF300, 0x0002, 0xEAE0, 0x0001,
    0xF340, 0x0001, 0xE900, 0x0001, 0x18C5, 0x0052, 0xD920, 0x0001, 0xF9C0, 0x0001, 0xF240, 0x0002,
    0xE1A0, 0x0001, 0xEAE0, 0x0001, 0xF300, 0x0001, 0xEB00, 0x0001, 0xFAC0, 0x0001, 0xE920, 0x0001,
    0x18C5, 0x004D, 0xD000, 0x0002, 0xE1C0, 0x0001, 0xF9A0, 0x0001, 0xF1C0, 0x0002, 0xF260, 0x0001,
    0xFAA0, 0x0001, 0xE060, 0x0001, 0xF1A0, 0x0001, 0xFB60, 0x0001, 0xF2A0, 0x0001, 0xF200, 0x0001,
    0xFAA0, 0x0001, 0xFA20, 0x0001, 0xEA60, 0x0001, 0xF9E0, 0x0001, 0x18C5, 0x0047, 0xB040, 0x0001,
    0xD000, 0x0001, 0xD920, 0x0001, 0xF9E0, 0x0001, 0xF940, 0x0001, 0xFB00, 0x0001, 0xF2A0, 0x0001,
    0xE080, 0x0001, 0xEA00, 0x0001, 0xE120, 0x0001, 0xE920, 0x0001, 0x18C5, 0x0002, 0xC060, 0x0001,
    0xD840, 0x0001, 0xC000, 0x0001, 0xB880, 0x0001, 0xD0A0, 0x0001, 0xD9A0, 0x0001, 0xFB60, 0x0001,
    0xC080, 0x0001, 0x18C5, 0x0044, 0xB8C0, 0x0001, 0xD860, 0x0001, 0xEA00, 0x0001, 0xF180, 0x0001,
    0xF220, 0x0001, 0xEAC0, 0x0001, 0xF340, 0x0001, 0xE080, 0x0001, 0xE140, 0x0001, 0xEA00, 0x0001,
    0xB800, 0x0001, 0x18C5, 0x000A, 0xDA00, 0x0001, 0xF9E0, 0x0001, 0x18C5, 0x0043, 0xA000, 0x0001,
    0xE920, 0x0001, 0xFAA0, 0x0001, 0xE9E0, 0x0001, 0xE000, 0x0001, 0xF9E0, 0x0001, 0xFB20, 0x0001,
    0xD9A0, 0x0001, 0xE900, 0x0001, 0xE0A0, 0x0001, 0x18C5, 0x0050, 0xB800, 0x0001, 0xE940, 0x0001,
    0xE960, 0x0001, 0xFAA0, 0x0001, 0xD9A0, 0x0001, 0x4A52, 0x0001, 0x52B3, 0x0001, 0xC164, 0x0001,
    0xF1E0, 0x0001, 0xFAA0, 0x0001, 0xA800, 0x0001, 0x18C5, 0x004F, 0xA800, 0x0001, 0xF940, 0x0001,
    0xF300, 0x0001, 0xF320, 0x0001, 0xD921, 0x0001, 0x32B6, 0x0001, 0x047F, 0x0001, 0x04BF, 0x0001,
    0x12FC, 0x0001, 0xC8E4, 0x0001, 0xC080, 0x0001, 0x18C5, 0x0050, 0xA800, 0x0001, 0xE9E0, 0x0001,
    0xD120, 0x0001, 0xFAA0, 0x0001, 0x6251, 0x0001, 0x047F, 0x0001, 0x0BDC, 0x0001, 0x03BD, 0x0001,
    0x01FC, 0x0001, 0x0013, 0x0001, 0x18C5, 0x0052, 0xB000, 0x0001, 0xD840, 0x0001, 0xE2E0, 0x0001,
    0xF180, 0x0001, 0x4A32, 0x0001, 0x045F, 0x0001, 0x02DD, 0x0001, 0x0139, 0x0001, 0x18C5, 0x0054,
    0xB8A0, 0x0001, 0xD940, 0x0001, 0xEAC0, 0x0001, 0xF180, 0x0001, 0x4A32, 0x0001, 0x04BF, 0x0001,
    0x041E, 0x0001, 0x031F, 0x0001, 0x18C5, 0x0054, 0xD1C0, 0x0001, 0xE100, 0x0001, 0xEAE0, 0x0001,
    0xF160, 0x0001, 0x4A33, 0x0001, 0x047F, 0x0001, 0x043D, 0x0001, 0x03BD, 0x0001, 0x025F, 0x0001,
    0x18C5, 0x0053, 0xD9E0, 0x0001, 0xE140, 0x0001, 0xF2C0, 0x0001, 0xE880, 0x0001, 0x4A73, 0x0001,
    0x043F, 0x0001, 0x03FD, 0x0001, 0x043F, 0x0001, 0x025D, 0x0001, 0x18C5, 0x0052, 0x9800, 0x0001,
    0xE9A0, 0x0001, 0xE960, 0x0001, 0xF3A0, 0x0001, 0xE920, 0x0001, 0x4AD3, 0x0001, 0x047F, 0x0001,
    0x041C, 0x0001, 0x03BE, 0x0001, 0x01BB, 0x0001, 0x18C5, 0x0052, 0xC000, 0x0001, 0xD920, 0x0001,
    0xE220, 0x0001, 0xF380, 0x0001, 0xFA00, 0x0001, 0x4253, 0x0001, 0x045F, 0x0001, 0x043F, 0x0001,
    0x01FF, 0x0001, 0x18C5, 0x0052, 0x9080, 0x0001, 0xF2A0, 0x0001, 0xE0E0, 0x0001, 0xF2E0, 0x0001,
    0xF300, 0x0001, 0xE080, 0x0001, 0x8109, 0x0001, 0x78E9, 0x0001, 0x7848, 0x0001, 0xE000, 0x0001,
    0x18C5, 0x0052, 0xE140, 0x0001, 0xE1A0, 0x0002, 0xEA40, 0x0001, 0xF2A0, 0x0001, 0xE880, 0x0001,
    0xC000, 0x0001, 0xEA00, 0x0001, 0xF940, 0x0001, 0xC800, 0x0001, 0xD840, 0x0001, 0xB840, 0x0001,
    0x18C5, 0x004F, 0x9000, 0x0001, 0xE940, 0x0001, 0xD980, 0x0001, 0xEA20, 0x0001, 0xEB20, 0x0001,
    0xF340, 0x0001, 0xD960, 0x0001, 0xB800, 0x0001, 0xEA60, 0x0001, 0xE120, 0x0001, 0xE160, 0x0001,
    0xF300, 0x0001, 0xE0A0, 0x0001, 0xC020, 0x0001, 0x18C5, 0x004E, 0x9800, 0x0001, 0xD940, 0x0001,
    0xFA60, 0x0001, 0xEA60, 0x0001, 0xEB20, 0x0001, 0xF340, 0x0001, 0xD920, 0x0001, 0xD080, 0x0001,
    0xF3E0, 0x0001, 0xE1C0, 0x0001, 0xEA20, 0x0001, 0xFB80, 0x0001, 0xE900, 0x0001, 0x18C5, 0x004F,
    0x9800, 0x0001, 0xD120, 0x0001, 0xFA60, 0x0001, 0xF1E0, 0x0001, 0xF2C0, 0x0001, 0xEB00, 0x0001,
    0xD060, 0x0001, 0xF200, 0x0001, 0xF220, 0x0001, 0xF140, 0x0001, 0xEA60, 0x0002, 0xC040, 0x0001,
    0x18C5, 0x0050, 0xB880, 0x0001, 0xE120, 0x0001, 0xF260, 0x0001, 0xE980, 0x0001, 0xE920, 0x0001,
    0xF200, 0x0001, 0xEAA0, 0x0002, 0xF1A0, 0x0001, 0xE940, 0x0001, 0xC800, 0x0001, 0x18C5, 0x004D,
    0x0BDE, 0x0001, 0x2BB9, 0x0001, 0x049E, 0x0001, 0x033D, 0x0001, 0x60AC, 0x0001, 0xFA20, 0x0001,
    0xEB00, 0x0001, 0xF320, 0x0001, 0xF300, 0x0001, 0xF380, 0x0001, 0xF280, 0x0001, 0xE9A0, 0x0001,
    0xF220, 0x0001, 0xC860, 0x0001, 0x18C5, 0x004B, 0x5A11, 0x0001, 0x5316, 0x0001, 0xB327, 0x0001,
    0xFB60, 0x0001, 0x1CBA, 0x0001, 0x143C, 0x0001, 0xA24A, 0x0001, 0xFA60, 0x0001, 0xEBE0, 0x0001,
    0xF380, 0x0001, 0xF360, 0x0001, 0xF3A0, 0x0001, 0xF2C0, 0x0001, 0xE120, 0x0001, 0xE020, 0x0001,
    0xB0A0, 0x0001, 0x18C5, 0x0048, 0xD840, 0x0001, 0xE280, 0x0001, 0xFAE0, 0x0001, 0xFBA0, 0x0001,
    0xFB60, 0x0001, 0xC3C6, 0x0001, 0x6413, 0x0001, 0x049E, 0x0001, 0x3357, 0x0001, 0xFAE0, 0x0001,
    0xEC80, 0x0001, 0xF360, 0x0001, 0xF3A0, 0x0001, 0xF3C0, 0x0001, 0xF340, 0x0001, 0xF3A0, 0x0001,
    0xF380, 0x0001, 0xE8C0, 0x0001, 0x18C5, 0x0047, 0xC800, 0x0001, 0xF960, 0x0001, 0xFAE0, 0x0001,
    0xFC60, 0x0001, 0xF440, 0x0001, 0x44D5, 0x0001, 0x34D9, 0x0001, 0x0D1C, 0x0001, 0x055F, 0x0001,
    0x0CFC, 0x0001, 0xCB44, 0x0001, 0xF3E0, 0x0001, 0xEBE0, 0x0001, 0xF320, 0x0001, 0xF420, 0x0003,
    0xEB60, 0x0001, 0xF3C0, 0x0001, 0xFA40, 0x0001, 0x18C5, 0x0046, 0xF1C0, 0x0001, 0xF3E0, 0x0001,
    0xFBC0, 0x0001, 0xF420, 0x0001, 0xEB60, 0x0001, 0xFAA0, 0x0001, 0x13FB, 0x0001, 0x045F, 0x0001,
    0x043E, 0x0001, 0x045E, 0x0001, 0xCA24, 0x0001, 0xF9C0, 0x0001, 0xEA60, 0x0001, 0xF340, 0x0001,
    0xF300, 0x0001, 0xF360, 0x0001, 0xF3A0, 0x0001, 0xF400, 0x0001, 0xEB80, 0x0001, 0xF400, 0x0001,
    0xF1C0, 0x0001, 0x18C5, 0x0045, 0xFA80, 0x0001, 0xF380, 0x0001, 0xF3C0, 0x0001, 0xEB00, 0x0001,
    0xEAE0, 0x0001, 0xF340, 0x0001, 0xAB88, 0x0001, 0x047F, 0x0001, 0x051F, 0x0001, 0x04FC, 0x0001,
    0x051F, 0x0001, 0xD383, 0x0001, 0xF420, 0x0001, 0xEBA0, 0x0001, 0xF380, 0x0001, 0xF360, 0x0001,
    0xF200, 0x0001, 0xF280, 0x0001, 0xF260, 0x0001, 0xF2E0, 0x0001, 0xEC20, 0x0001, 0xF360, 0x0001,
    0xE860, 0x0001, 0x18C5, 0x0004, 0xD940, 0x0001, 0xFA00, 0x0001, 0xFA60, 0x0001, 0xF1A0, 0x0001,
    0x18C5, 0x003B, 0xE0C0, 0x0001, 0xF260, 0x0001, 0xF340, 0x0001, 0xF300, 0x0001, 0xF2E0, 0x0001,
    0xEBA0, 0x0001, 0xFC20, 0x0001, 0x8C8C, 0x0001, 0x84AF, 0x0001, 0x5CD2, 0x0001, 0x053F, 0x0001,
    0x051E, 0x0001, 0xD423, 0x0001, 0xFBE0, 0x0001, 0xEC20, 0x0001, 0xF320, 0x0001, 0xF3C0, 0x0001,
    0xF460, 0x0001, 0xF400, 0x0001, 0xF300, 0x0001, 0xF1E0, 0x0001, 0xF240, 0x0001, 0xF3E0, 0x0001,
    0xE0E0, 0x0001, 0x18C5, 0x0002, 0xE080, 0x0001, 0xFA80, 0x0001, 0xF3A0, 0x0001, 0xEBE0, 0x0001,
    0xFC80, 0x0001, 0xFCC0, 0x0001, 0xFB40, 0x0001, 0xE1E0, 0x0001, 0xF020, 0x0001, 0x18C5, 0x0037,
    0xC800, 0x0001, 0xF960, 0x0001, 0xF2E0, 0x0001, 0xEBA0, 0x0001, 0xEB80, 0x0001, 0xEBC0, 0x0001,
    0xF420, 0x0001, 0xF380, 0x0001, 0xFB00, 0x0001, 0xFB20, 0x0001, 0xF320, 0x0001, 0x5C53, 0x0001,
    0x053F, 0x0001, 0xDC23, 0x0001, 0xFC20, 0x0001, 0xEBA0, 0x0001, 0xF380, 0x0001, 0xF400, 0x0001,
    0xF3E0, 0x0001, 0xF400, 0x0001, 0xF3A0, 0x0001, 0xF400, 0x0001, 0xE260, 0x0001, 0xE1C0, 0x0001,
    0xE140, 0x0001, 0x18C5, 0x0001, 0xD080, 0x0001, 0xFB00, 0x0001, 0xEC60, 0x0001, 0xEB20, 0x0001,
    0xFBC0, 0x0001, 0x9160, 0x0001, 0x90E0, 0x0001, 0xFBE0, 0x0001, 0xF400, 0x0001, 0xFB00, 0x0001,
    0xE120, 0x0001, 0x18C5, 0x0036, 0xD020, 0x0001, 0xF2C0, 0x0001, 0xEBE0, 0x0001, 0xFB60, 0x0001,
    0xFC00, 0x0001, 0xFBE0, 0x0001, 0xBC26, 0x0001, 0x24DB, 0x0001, 0x14DC, 0x0001, 0xBC26, 0x0001,
    0xFB40, 0x0001, 0x8BCC, 0x0001, 0x055F, 0x0001, 0xDBC2, 0x0001, 0xFBC0, 0x0001, 0xEB40, 0x0001,
    0xF380, 0x0001, 0xF360, 0x0001, 0xF320, 0x0002, 0xF2E0, 0x0001, 0xF320, 0x0001, 0xF420, 0x0001,
    0xE200, 0x0001, 0xD860, 0x0001, 0x18C5, 0x0001, 0xD8E0, 0x0001, 0xF3E0, 0x0001, 0xF420, 0x0001,
    0xFAC0, 0x0001, 0x8800, 0x0001, 0x1062, 0x0001, 0x7840, 0x0001, 0xFAC0, 0x0001, 0xEB40, 0x0002,
    0xFB40, 0x0001, 0xB880, 0x0001, 0x18C5, 0x0035, 0xFA40, 0x0001, 0xFB40, 0x0001, 0xF3E0, 0x0001,
    0xCC24, 0x0001, 0xB448, 0x0001, 0xA44A, 0x0001, 0xFBE0, 0x0001, 0x748F, 0x0001, 0x053F, 0x0001,
    0x0CFC, 0x0001, 0xBC28, 0x0001, 0x5CD2, 0x0001, 0x051F, 0x0001, 0xD223, 0x0001, 0xFA40, 0x0001,
    0xEB60, 0x0001, 0xF320, 0x0001, 0xF3A0, 0x0001, 0xF400, 0x0002, 0xF320, 0x0001, 0xF3C0, 0x0001,
    0xF340, 0x0002, 0xF1E0, 0x0001, 0x9800, 0x0001, 0xE1A0, 0x0001, 0xF3E0, 0x0001, 0xEAC0, 0x0001,
    0x9000, 0x0001, 0x4229, 0x0001, 0xE71C, 0x0001, 0x5B2D, 0x0001, 0x8060, 0x0001, 0xFBC0, 0x0001,
    0xEB60, 0x0001, 0xF360, 0x0001, 0xB8A0, 0x0001, 0x18C5, 0x0034, 0x92CD, 0x0001, 0xFAC0, 0x0001,
    0x7BAE, 0x0001, 0xFBE0, 0x0001, 0x7C8E, 0x0001, 0x053F, 0x0001, 0x5CB2, 0x0001, 0xFBC0, 0x0001,
    0x846D, 0x0001, 0x051F, 0x0001, 0x051D, 0x0001, 0x051F, 0x0001, 0x047F, 0x0001, 0x041F, 0x0001,
    0xE321, 0x0001, 0xFC40, 0x0001, 0xEC00, 0x0001, 0xF420, 0x0001, 0xF360, 0x0001, 0xF3A0, 0x0001,
    0xF420, 0x0001, 0xF3A0, 0x0001, 0xF380, 0x0001, 0xF420, 0x0001, 0xEBE0, 0x0001, 0xF2A0, 0x0001,
    0x8800, 0x0001, 0xC080, 0x0001, 0xFC00, 0x0001, 0xC8C0, 0x0001, 0x0801, 0x0001, 0xD6DA, 0x0001,
    0xFFDF, 0x0001, 0xFFFF, 0x0001, 0x6B2D, 0x0001, 0xC8A0, 0x0001, 0xF440, 0x0001, 0xF160, 0x0001,
    0x9000, 0x0001, 0x18C5, 0x0034, 0xDAC6, 0x0001, 0x7BAF, 0x0001, 0x936B, 0x0001, 0xD423, 0x0001,
    0x2CFA, 0x0001, 0x051E, 0x0001, 0xFBE0, 0x0001, 0xD403, 0x0001, 0x24FA, 0x0001, 0x051E, 0x0001,
    0x045D, 0x0002, 0x049D, 0x0001, 0x04BE, 0x0001, 0x5453, 0x0001, 0xFB60, 0x0001, 0xEC00, 0x0001,
    0xF400, 0x0002, 0xF300, 0x0001, 0xF340, 0x0002, 0xF2E0, 0x0001, 0xF360, 0x0001, 0xF420, 0x0001,
    0xF3A0, 0x0001, 0xB020, 0x0001, 0xA080, 0x0001, 0xFC80, 0x0001, 0xC940, 0x0001, 0x2001, 0x0001,
    0xD6DB, 0x0001, 0xF79E, 0x0001, 0xEF7D, 0x0001, 0xFFDF, 0x0001, 0xCC6F, 0x0001, 0xFAC0, 0x0001,
    0xD880, 0x0001, 0x18C5, 0x0035, 0x9ACC, 0x0001, 0x045F, 0x0001, 0xD324, 0x0001, 0x14FB, 0x0001,
    0x053F, 0x0001, 0x051E, 0x0001, 0x1CFA, 0x0001, 0x14FB, 0x0001, 0x053F, 0x0001, 0x047D, 0x0001,
    0x04BE, 0x0001, 0x04FE, 0x0001, 0x053D, 0x0001, 0x053E, 0x0001, 0x04FD, 0x0001, 0xEB41, 0x0001,
    0xEC20, 0x0001, 0xF3E0, 0x0001, 0xEB20, 0x0001, 0xF320, 0x0001, 0xF3C0, 0x0002, 0xF320, 0x0001,
    0xF380, 0x0001, 0xEB80, 0x0001, 0xF380, 0x0001, 0xB860, 0x0001, 0x8800, 0x0001, 0xE1E0, 0x0001,
    0xE140, 0x0001, 0x1800, 0x0001, 0xB5F7, 0x0001, 0xFFFF, 0x0002, 0xCEDB, 0x0001, 0x5224, 0x0001,
    0xFBC0, 0x0001, 0x70E0, 0x0001, 0x18C5, 0x0034, 0x039F, 0x0001, 0x041E, 0x0002, 0x03FE, 0x0001,
    0x043E, 0x0001, 0x04DD, 0x0001, 0x04BD, 0x0001, 0x04BF, 0x0001, 0x04FE, 0x0001, 0x041D, 0x0001,
    0x049E, 0x0001, 0x053E, 0x0001, 0x051E, 0x0001, 0x04FE, 0x0001, 0x04FD, 0x0001, 0x053F, 0x0001,
    0x4455, 0x0001, 0xFB20, 0x0001, 0xEBE0, 0x0001, 0xF460, 0x0001, 0xF400, 0x0001, 0xF360, 0x0001,
    0xF460, 0x0001, 0xF380, 0x0001, 0xF400, 0x0001, 0xF3A0, 0x0001, 0xF9A0, 0x0001, 0xC840, 0x0001,
    0xC8E0, 0x0001, 0xA100, 0x0001, 0xFA80, 0x0001, 0x3800, 0x0001, 0x00A3, 0x0001, 0xB555, 0x0001,
    0xBE59, 0x0001, 0x40A3, 0x0001, 0xDB20, 0x0001, 0xFBE0, 0x0001, 0xD100, 0x0001, 0x18C5, 0x0033,
    0xC022, 0x0001, 0x4AF5, 0x0001, 0x043E, 0x0001, 0x03FD, 0x0001, 0x041E, 0x0001, 0x041D, 0x0001,
    0x045E, 0x0001, 0x047F, 0x0001, 0x043E, 0x0001, 0x041D, 0x0001, 0x03BE, 0x0001, 0x02BD, 0x0001,
    0x049D, 0x0001, 0x053E, 0x0001, 0x04FE, 0x0001, 0x04FD, 0x0001, 0x051E, 0x0001, 0x24DA, 0x0001,
    0xC2E6, 0x0001, 0xE9E0, 0x0001, 0xDA00, 0x0001, 0xE240, 0x0001, 0xF3A0, 0x0001, 0xEB20, 0x0001,
    0xEA80, 0x0001, 0xF2C0, 0x0001, 0xFA40, 0x0001, 0xB000, 0x0001, 0xC000, 0x0001, 0xD0A0, 0x0001,
    0xA020, 0x0001, 0xFAA0, 0x0001, 0xE9A0, 0x0001, 0x4820, 0x0001, 0x0000, 0x0001, 0x2000, 0x0001,
    0xD980, 0x0001, 0xFBA0, 0x0001, 0xF9A0, 0x0001, 0x18C5, 0x0034, 0xF820, 0x0001, 0xBAA7, 0x0001,
    0x03FF, 0x0001, 0x041D, 0x0002, 0x03BE, 0x0001, 0x01B9, 0x0001, 0x0156, 0x0001, 0x027C, 0x0001,
    0x037E, 0x0001, 0x041E, 0x0001, 0x039E, 0x0001, 0x029D, 0x0001, 0x04DE, 0x0001, 0x053D, 0x0001,
    0x051E, 0x0001, 0x04FD, 0x0001, 0x057F, 0x0001, 0x63D1, 0x0001, 0xF9C0, 0x0001, 0xDA20, 0x0001,
    0xE180, 0x0001, 0xF1E0, 0x0002, 0xF2A0, 0x0001, 0xF2E0, 0x0001, 0xF2C0, 0x0001, 0xFA80, 0x0001,
    0x18C5, 0x0001, 0x9800, 0x0001, 0x8800, 0x0001, 0xD0A0, 0x0001, 0xFB40, 0x0001, 0xF260, 0x0001,
    0x9960, 0x0001, 0xE280, 0x0001, 0xFBE0, 0x0001, 0xFA40, 0x0001, 0xC000, 0x0001, 0x18C5, 0x0034,
    0x386E, 0x0001, 0xF2C1, 0x0001, 0x5A52, 0x0001, 0x041F, 0x0001, 0x03FE, 0x0001, 0x023D, 0x0001,
    0x02BB, 0x0001, 0x02FA, 0x0001, 0x029C, 0x0001, 0x017A, 0x0001, 0x00B5, 0x0001, 0x00F5, 0x0001,
    0x0855, 0x0001, 0x029D, 0x0001, 0x047E, 0x0001, 0x04DE, 0x0001, 0x04FD, 0x0001, 0x049F, 0x0001,
    0x7C6E, 0x0001, 0xFC20, 0x0001, 0xEC80, 0x0001, 0xF320, 0x0001, 0xF2E0, 0x0001, 0xF3E0, 0x0001,
    0xF460, 0x0001, 0xF3C0, 0x0001, 0xF3E0, 0x0001, 0xF9E0, 0x0001, 0x18C5, 0x0004, 0xB860, 0x0001,
    0xD8A0, 0x0001, 0xFA40, 0x0001, 0xFB60, 0x0001, 0xE0A0, 0x0001, 0xB800, 0x0001, 0x18C5, 0x0035,
    0x0AFC, 0x0001, 0xD9C2, 0x0001, 0xF9E0, 0x0001, 0x5333, 0x0001, 0x2B7A, 0x0001, 0x133A, 0x0001,
    0x049F, 0x0001, 0x04BF, 0x0001, 0x047F, 0x0001, 0x043F, 0x0001, 0x698C, 0x0001, 0xD820, 0x0001,
    0x9802, 0x0001, 0x0036, 0x0001, 0x01FE, 0x0001, 0x037E, 0x0001, 0x043E, 0x0001, 0x043F, 0x0001,
    0x5C72, 0x0001, 0xF361, 0x0001, 0xEBE0, 0x0001, 0xEB60, 0x0001, 0xF360, 0x0001, 0xF3E0, 0x0001,
    0xF3C0, 0x0001, 0xEB60, 0x0001, 0xF3A0, 0x0001, 0xF220, 0x0001, 0x18C5, 0x0006, 0xA800, 0x0001,
    0xD800, 0x0001, 0xB000, 0x0001, 0x18C5, 0x0035, 0x0016, 0x0001, 0x039F, 0x0001, 0x1AFA, 0x0001,
    0xC143, 0x0001, 0xF960, 0x0001, 0xF980, 0x0001, 0xB9A4, 0x0001, 0x4B54, 0x0001, 0x4A32, 0x0001,
    0x4294, 0x0001, 0x698D, 0x0001, 0xF080, 0x0001, 0xF180, 0x0001, 0x18C5, 0x0002, 0x0014, 0x0001,
    0x0097, 0x0001, 0x021A, 0x0001, 0x0118, 0x0001, 0x047F, 0x0001, 0x91C9, 0x0001, 0xFA00, 0x0001,
    0xEB80, 0x0001, 0xF300, 0x0001, 0xF320, 0x0001, 0xF340, 0x0002, 0xEA60, 0x0001, 0xE0E0, 0x0001,
    0x18C5, 0x003B, 0x02FF, 0x0001, 0x033E, 0x0001, 0x02BA, 0x0001, 0x02BE, 0x0001, 0x035D, 0x0001,
    0x03BF, 0x0001, 0x12F8, 0x0001, 0x6211, 0x0001, 0xEA40, 0x0001, 0xFBC0, 0x0001, 0xF9A0, 0x0001,
    0xF0E0, 0x0001, 0xF980, 0x0001, 0xE0C0, 0x0001, 0xD8C0, 0x0001, 0xE040, 0x0001, 0x18F5, 0x0001,
    0x0014, 0x0001, 0x18C5, 0x0001, 0x0076, 0x0001, 0x00B8, 0x0001, 0x0116, 0x0001, 0x011B, 0x0001,
    0x9949, 0x0001, 0xE880, 0x0001, 0xEC00, 0x0001, 0xF380, 0x0002, 0xF420, 0x0002, 0xE1E0, 0x0001,
    0xF040, 0x0001, 0x3135, 0x0001, 0x00FB, 0x0001, 0x0011, 0x0001, 0x0014, 0x0001, 0x18C5, 0x0036,
    0x041F, 0x0001, 0x03FF, 0x0001, 0x045F, 0x0001, 0x055F, 0x0001, 0x051E, 0x0001, 0x04FE, 0x0001,
    0x043D, 0x0001, 0x039E, 0x0001, 0x035F, 0x0001, 0x3AF5, 0x0001, 0xC8A0, 0x0001, 0xE100, 0x0001,
    0xFAE0, 0x0001, 0xEBC1, 0x0001, 0xDA61, 0x0001, 0xE000, 0x0001, 0x61D0, 0x0001, 0x00B9, 0x0001,
    0x017C, 0x0001, 0x027D, 0x0001, 0x029E, 0x0001, 0x02FE, 0x0001, 0x033E, 0x0001, 0x011A, 0x0001,
    0xA126, 0x0001, 0xF920, 0x0001, 0xD920, 0x0001, 0xF340, 0x0001, 0xEB80, 0x0001, 0xEC20, 0x0001,
    0xEAE0, 0x0001, 0xF980, 0x0001, 0x720F, 0x0001, 0x02DF, 0x0001, 0x02BF, 0x0001, 0x027D, 0x0001,
    0x019C, 0x0001, 0x015B, 0x0001, 0x01BC, 0x0001, 0x01BE, 0x0001, 0x18C5, 0x0031, 0x035F, 0x0001,
    0x049D, 0x0001, 0x053E, 0x0001, 0x04BD, 0x0001, 0x047D, 0x0001, 0x051D, 0x0001, 0x04DE, 0x0002,
    0x051E, 0x0001, 0x051D, 0x0001, 0x045D, 0x0001, 0x037E, 0x0001, 0x0B9D, 0x0001, 0x722F, 0x0001,
    0xDA63, 0x0001, 0xFAE0, 0x0001, 0xF1E0, 0x0001, 0xB842, 0x0001, 0x2297, 0x0001, 0x0118, 0x0001,
    0x031D, 0x0001, 0x035E, 0x0001, 0x031E, 0x0001, 0x02FD, 0x0001, 0x031D, 0x0001, 0x0B1D, 0x0001,
    0x88C7, 0x0001, 0xE0C0, 0x0001, 0xC060, 0x0001, 0xEA40, 0x0001, 0xEB60, 0x0001, 0xFAA0, 0x0001,
    0xF140, 0x0001, 0xC8C4, 0x0001, 0x29F6, 0x0001, 0x037F, 0x0001, 0x031D, 0x0001, 0x035E, 0x0001,
    0x031E, 0x0001, 0x02FF, 0x0001, 0x02BF, 0x0001, 0x031F, 0x0001, 0x025D, 0x0001, 0x019C, 0x0001,
    0x18C5, 0x002E, 0x037E, 0x0001, 0x047F, 0x0001, 0x04BE, 0x0001, 0x04BD, 0x0001, 0x043E, 0x0001,
    0x051E, 0x0001, 0x045E, 0x0001, 0x043E, 0x0002, 0x045E, 0x0001, 0x04BE, 0x0001, 0x04DE, 0x0001,
    0x043D, 0x0001, 0x03FE, 0x0001, 0x041E, 0x0001, 0x03BF, 0x0001, 0x926C, 0x0001, 0xC0A4, 0x0001,
    0x59CC, 0x0001, 0x037F, 0x0001, 0x02DD, 0x0001, 0x031E, 0x0002, 0x033E, 0x0001, 0x031D, 0x0001,
    0x035F, 0x0001, 0x514F, 0x0001, 0xF100, 0x0001, 0xC940, 0x0001, 0xD060, 0x0001, 0xC8E0, 0x0001,
    0xF2E0, 0x0001, 0xB1A7, 0x0001, 0x698E, 0x0001, 0x03BF, 0x0001, 0x025C, 0x0001, 0x027D, 0x0001,
    0x031E, 0x0001, 0x02FD, 0x0001, 0x031E, 0x0001, 0x02FD, 0x0001, 0x01DC, 0x0001, 0x023C, 0x0001,
    0x029D, 0x0001, 0x031E, 0x0001, 0x023F, 0x0001, 0x01DC, 0x0001, 0x18C5, 0x002B, 0x02DD, 0x0001,
    0x047F, 0x0001, 0x053D, 0x0001, 0x041E, 0x0001, 0x03DE, 0x0001, 0x041E, 0x0001, 0x045E, 0x0001,
    0x04DE, 0x0001, 0x053E, 0x0002, 0x04FE, 0x0001, 0x047E, 0x0001, 0x03FE, 0x0002, 0x03DE, 0x0001,
    0x035D, 0x0001, 0x03FD, 0x0001, 0x047F, 0x0001, 0x0AFA, 0x0001, 0x3B14, 0x0001, 0x027E, 0x0001,
    0x029D, 0x0001, 0x033E, 0x0001, 0x029D, 0x0001, 0x021C, 0x0001, 0x023C, 0x0001, 0x039F, 0x0001,
    0x5970, 0x0001, 0xF9E0, 0x0001, 0xF380, 0x0001, 0xD8E0, 0x0002, 0xF980, 0x0001, 0x0B5B, 0x0001,
    0x047F, 0x0001, 0x043D, 0x0001, 0x037E, 0x0001, 0x0119, 0x0001, 0x02FD, 0x0001, 0x031E, 0x0002,
    0x02FE, 0x0001, 0x035E, 0x0001, 0x02BD, 0x0001, 0x01FC, 0x0001, 0x025D, 0x0001, 0x035E, 0x0001,
    0x02DE, 0x0001, 0x025F, 0x0001, 0x027F, 0x0001, 0x18C5, 0x0029, 0x037F, 0x0001, 0x043E, 0x0001,
    0x045D, 0x0001, 0x04DE, 0x0001, 0x043E, 0x0001, 0x03FE, 0x0001, 0x04DE, 0x0001, 0x051E, 0x0001,
    0x04FE, 0x0002, 0x051E, 0x0001, 0x053E, 0x0001, 0x04FE, 0x0001, 0x041E, 0x0001, 0x043E, 0x0001,
    0x037E, 0x0001, 0x039E, 0x0001, 0x041D, 0x0001, 0x041E, 0x0001, 0x049F, 0x0001, 0x0178, 0x0001,
    0x027C, 0x0001, 0x033E, 0x0001, 0x02BD, 0x0001, 0x025D, 0x0001, 0x025C, 0x0001, 0x021F, 0x0001,
    0x60AE, 0x0001, 0xF9C0, 0x0001, 0xEB80, 0x0001, 0xE220, 0x0001, 0xE920, 0x0001, 0x83AE, 0x0001,
    0x0BDD, 0x0001, 0x03FD, 0x0002, 0x03FE, 0x0001, 0x0095, 0x0001, 0x02FD, 0x0001, 0x031E, 0x0003,
    0x02FD, 0x0001, 0x031E, 0x0001, 0x035E, 0x0001, 0x019C, 0x0001, 0x021D, 0x0001, 0x031D, 0x0001,
    0x033E, 0x0001, 0x035F, 0x0001, 0x019C, 0x0001, 0x18C5, 0x0027, 0x00FA, 0x0001, 0x031E, 0x0001,
    0x04DD, 0x0001, 0x04FE, 0x0001, 0x053E, 0x0001, 0x043E, 0x0001, 0x04DE, 0x0001, 0x051E, 0x0001,
    0x04FE, 0x0002, 0x051E, 0x0001, 0x053E, 0x0001, 0x049E, 0x0001, 0x037E, 0x0001, 0x03FE, 0x0001,
    0x043D, 0x0001, 0x035D, 0x0001, 0x039E, 0x0001, 0x041E, 0x0001, 0x03DD, 0x0001, 0x047E, 0x0001,
    0x0116, 0x0001, 0x029C, 0x0001, 0x037F, 0x0001, 0x033E, 0x0001, 0x035E, 0x0001, 0x033D, 0x0001,
    0x031F, 0x0001, 0x4991, 0x0001, 0xE0C0, 0x0001, 0xF300, 0x0001, 0xD9E0, 0x0001, 0xF8E0, 0x0001,
    0x4C14, 0x0001, 0x041F, 0x0001, 0x03FD, 0x0002, 0x045E, 0x0001, 0x00D6, 0x0001, 0x02DD, 0x0001,
    0x02FD, 0x0002, 0x031D, 0x0001, 0x031E, 0x0001, 0x031D, 0x0001, 0x031E, 0x0001, 0x029D, 0x0001,
    0x00B6, 0x0001, 0x037F, 0x0001, 0x031E, 0x0001, 0x02BE, 0x0001, 0x0034, 0x0001, 0x18C5, 0x0022,
    0xF900, 0x0001, 0x52F4, 0x0001, 0x043F, 0x0001, 0x045E, 0x0001, 0x041E, 0x0001, 0x033E, 0x0001,
    0x047D, 0x0001, 0x055E, 0x0001, 0x051E, 0x0001, 0x043E, 0x0001, 0x03DE, 0x0001, 0x051E, 0x0003,
    0x053E, 0x0001, 0x04FE, 0x0001, 0x043E, 0x0001, 0x035E, 0x0001, 0x03BE, 0x0001, 0x03FD, 0x0001,
    0x045E, 0x0001, 0x029C, 0x0001, 0x02FC, 0x0001, 0x041D, 0x0001, 0x043D, 0x0001, 0x035D, 0x0001,
    0x0054, 0x0001, 0x01B9, 0x0001, 0x023B, 0x0001, 0x027D, 0x0003, 0x027C, 0x0001, 0x02DF, 0x0001,
    0x48A9, 0x0001, 0xE960, 0x0001, 0xF1C0, 0x0001, 0xE183, 0x0001, 0x3B76, 0x0001, 0x03FF, 0x0001,
    0x03FD, 0x0001, 0x043D, 0x0001, 0x03FE, 0x0001, 0x0095, 0x0001, 0x033E, 0x0001, 0x035F, 0x0002,
    0x02FF, 0x0001, 0x02DE, 0x0001, 0x02FE, 0x0001, 0x01BB, 0x0001, 0x00B8, 0x0001, 0x00F7, 0x0001,
    0x02BC, 0x0001, 0x019A, 0x0001, 0x0015, 0x0002, 0x18C5, 0x0020, 0xC000, 0x0001, 0xF161, 0x0001,
    0x53B4, 0x0001, 0x053F, 0x0001, 0x053D, 0x0001, 0x04BE, 0x0001, 0x039E, 0x0001, 0x02FE, 0x0001,
    0x047E, 0x0001, 0x049E, 0x0002, 0x031D, 0x0001, 0x03BE, 0x0001, 0x04FE, 0x0001, 0x04DE, 0x0002,
    0x043E, 0x0001, 0x037E, 0x0001, 0x033D, 0x0001, 0x03DD, 0x0001, 0x045E, 0x0001, 0x049F, 0x0001,
    0x035D, 0x0001, 0x013C, 0x0001, 0x03BF, 0x0001, 0x04BF, 0x0001, 0x035F, 0x0001, 0x00DA, 0x0001,
    0x00F8, 0x0001, 0x00B7, 0x0001, 0x01BA, 0x0001, 0x027E, 0x0001, 0x025D, 0x0001, 0x023C, 0x0002,
    0x027F, 0x0001, 0x5866, 0x0001, 0xE2C0, 0x0001, 0xFAA0, 0x0001, 0x728E, 0x0001, 0x047F, 0x0001,
    0x02FD, 0x0001, 0x041E, 0x0001, 0x03FE, 0x0001, 0x015B, 0x0001, 0x00B9, 0x0001, 0x01B9, 0x0001,
    0x01B0, 0x0001, 0x01AE, 0x0001, 0x00AD, 0x0001, 0x0097, 0x0001, 0x00B7, 0x0001, 0x0097, 0x0001,
    0x00B7, 0x0001, 0x01BC, 0x0001, 0x011A, 0x0001, 0x0014, 0x0002, 0x18C5, 0x0020, 0xC000, 0x0001,
    0xF0A0, 0x0001, 0xCB24, 0x0001, 0x043F, 0x0001, 0x04DD, 0x0001, 0x043E, 0x0001, 0x03FE, 0x0001,
    0x03DE, 0x0001, 0x03FE, 0x0002, 0x041E, 0x0001, 0x03BE, 0x0001, 0x00F9, 0x0001, 0x01BA, 0x0001,
    0x027D, 0x0001, 0x021C, 0x0001, 0x02BD, 0x0001, 0x039E, 0x0001, 0x03BE, 0x0001, 0x047E, 0x0001,
    0x041F, 0x0001, 0x02BD, 0x0001, 0x017A, 0x0001, 0x0093, 0x0001, 0x0007, 0x0001, 0x0135, 0x0001,
    0x0178, 0x0001, 0x0068, 0x0001, 0x0027, 0x0001, 0x00D5, 0x0001, 0x00D9, 0x0001, 0x0159, 0x0001,
    0x0138, 0x0002, 0x023D, 0x0001, 0x025D, 0x0001, 0x027E, 0x0001, 0x1957, 0x0001, 0xDA02, 0x0001,
    0xFA80, 0x0001, 0x826D, 0x0001, 0x045F, 0x0001, 0x03BD, 0x0001, 0x03BE, 0x0001, 0x01FC, 0x0001,
    0x0008, 0x0001, 0x0073, 0x0001, 0x0003, 0x0001, 0x0001, 0x0001, 0x004F, 0x0001, 0x00F0, 0x0001,
    0x00D8, 0x0001, 0x00D7, 0x0001, 0x017B, 0x0001, 0x01BD, 0x0001, 0x017B, 0x0001, 0x01DD, 0x0001,
    0x00B8, 0x0001, 0x7808, 0x0001, 0xE980, 0x0001, 0x18C5, 0x0004, 0xE100, 0x0001, 0xD100, 0x0001,
    0x18C5, 0x0019, 0xF0A0, 0x0001, 0xFA80, 0x0001, 0xD324, 0x0001, 0x043F, 0x0001, 0x041D, 0x0001,
    0x03FE, 0x0002, 0x041E, 0x0003, 0x031D, 0x0001, 0x027F, 0x0001, 0x010C, 0x0001, 0x01B3, 0x0001,
    0x02DF, 0x0001, 0x035D, 0x0001, 0x037E, 0x0001, 0x03FE, 0x0001, 0x033F, 0x0001, 0x017A, 0x0001,
    0x0095, 0x0001, 0x0035, 0x0001, 0x18C5, 0x000C, 0x0014, 0x0001, 0x0015, 0x0001, 0x0014, 0x0001,
    0x0057, 0x0001, 0xA043, 0x0001, 0xF960, 0x0001, 0x82AD, 0x0001, 0x045F, 0x0001, 0x025B, 0x0001,
    0x01BC, 0x0001, 0x019B, 0x0001, 0x0177, 0x0001, 0x0073, 0x0001, 0x6024, 0x0001, 0x0813, 0x0001,
    0x011C, 0x0001, 0x01DF, 0x0001, 0x01BE, 0x0002, 0x019D, 0x0002, 0x019C, 0x0001, 0x10F7, 0x0001,
    0x0014, 0x0001, 0xC042, 0x0001, 0xFAA0, 0x0001, 0xA800, 0x0001, 0x18C5, 0x0003, 0xFA80, 0x0001,
    0xD960, 0x0001, 0x18C5, 0x0018, 0xD100, 0x0001, 0xFA60, 0x0001, 0xF280, 0x0001, 0xC9E4, 0x0001,
    0x041F, 0x0001, 0x03FD, 0x0001, 0x03FE, 0x0001, 0x043E, 0x0001, 0x041E, 0x0001, 0x03BE, 0x0001,
    0x03FE, 0x0001, 0x041D, 0x0001, 0x029E, 0x0001, 0x006C, 0x0001, 0x00F4, 0x0001, 0x0077, 0x0001,
    0x0053, 0x0001, 0x0034, 0x0001, 0x0014, 0x0001, 0x0015, 0x0001, 0x0013, 0x0001, 0x18C5, 0x0012,
    0x7800, 0x0001, 0xF0A0, 0x0001, 0x7AEE, 0x0001, 0x039F, 0x0001, 0x03FD, 0x0001, 0x03DD, 0x0001,
    0x043E, 0x0001, 0x041F, 0x0001, 0x235A, 0x0001, 0x50F2, 0x0001, 0xC800, 0x0001, 0x480A, 0x0001,
    0x2011, 0x0001, 0x2136, 0x0003, 0x1937, 0x0001, 0x400D, 0x0001, 0xA800, 0x0001, 0x18C5, 0x0001,
    0xFA00, 0x0002, 0x18C5, 0x0004, 0xFAC0, 0x0001, 0xC840, 0x0001, 0x18C5, 0x0018, 0xF1C0, 0x0001,
    0xE200, 0x0001, 0xF1A0, 0x0001, 0xA8A4, 0x0001, 0x041F, 0x0001, 0x041D, 0x0001, 0x043E, 0x0001,
    0x033D, 0x0001, 0x033E, 0x0001, 0x02FE, 0x0001, 0x03FD, 0x0001, 0x03DE, 0x0001, 0x01BB, 0x0001,
    0x0013, 0x0001, 0x0014, 0x0001, 0x18C5, 0x0019, 0xB900, 0x0001, 0xB247, 0x0001, 0x0ABD, 0x0001,
    0x045E, 0x0001, 0x043F, 0x0001, 0x1B9A, 0x0001, 0x62F3, 0x0001, 0xE1C1, 0x0001, 0xF0E0, 0x0001,
    0xD980, 0x0001, 0xB800, 0x0005, 0xC800, 0x0001, 0xA800, 0x0001, 0x18C5, 0x0001, 0xD800, 0x0001,
    0xFAA0, 0x0001, 0xC000, 0x0001, 0x18C5, 0x0003, 0xE940, 0x0001, 0xF1A0, 0x0001, 0x18C5, 0x0018,
    0xC820, 0x0001, 0xFA20, 0x0001, 0xD8C0, 0x0001, 0xE0C0, 0x0001, 0xD061, 0x0001, 0x5A73, 0x0001,
    0x043F, 0x0001, 0x02DD, 0x0001, 0x025D, 0x0001, 0x039E, 0x0001, 0x03FE, 0x0001, 0x045E, 0x0001,
    0x02FF, 0x0001, 0x0058, 0x0001, 0x18C5, 0x001B, 0x9060, 0x0001, 0xFA80, 0x0001, 0xB9E7, 0x0001,
    0x035F, 0x0001, 0x0AFD, 0x0001, 0xC0A5, 0x0001, 0xFA80, 0x0001, 0xEB60, 0x0001, 0xF2A0, 0x0001,
    0xE100, 0x0001, 0xB000, 0x0001, 0xA800, 0x0001, 0xB000, 0x0002, 0xA800, 0x0001, 0x9800, 0x0001,
    0x18C5, 0x0002, 0xE880, 0x0001, 0xD100, 0x0001, 0xE140, 0x0001, 0xFAA0, 0x0001, 0xD080, 0x0001,
    0xE140, 0x0001, 0xE0C0, 0x0001, 0xC840, 0x0001, 0x18C5, 0x0017, 0xA800, 0x0001, 0xD820, 0x0001,
    0xF9A0, 0x0001, 0xC880, 0x0001, 0xC840, 0x0001, 0xF120, 0x0001, 0xE160, 0x0001, 0xC9C6, 0x0001,
    0x3277, 0x0001, 0x023E, 0x0001, 0x03BD, 0x0001, 0x043E, 0x0001, 0x039F, 0x0001, 0x88A8, 0x0001,
    0x6802, 0x0001, 0x18C5, 0x001B, 0x9000, 0x0001, 0xE980, 0x0001, 0xFB00, 0x0001, 0xC305, 0x0001,
    0xCA44, 0x0001, 0xF9C0, 0x0001, 0xD9A1, 0x0001, 0xD0A0, 0x0001, 0xF240, 0x0001, 0xE9E0, 0x0001,
    0xE1E0, 0x0001, 0xB060, 0x0001, 0x9000, 0x0001, 0x8800, 0x0001, 0x18C5, 0x0004, 0xFA80, 0x0001,
    0xB8A0, 0x0001, 0xD1C0, 0x0001, 0xBA00, 0x0001, 0xE140, 0x0001, 0xF260, 0x0001, 0xE920, 0x0001,
    0x18C5, 0x0018, 0xB000, 0x0001, 0xE060, 0x0001, 0xD0E0, 0x0001, 0xD0C0, 0x0001, 0xF1A0, 0x0001,
    0xB880, 0x0001, 0xC060, 0x0001, 0xE840, 0x0001, 0xE120, 0x0001, 0xE141, 0x0001, 0xE161, 0x0001,
    0xD0C1, 0x0001, 0xB021, 0x0001, 0x8800, 0x0001, 0x18C5, 0x001D, 0xA800, 0x0001, 0xD9E0, 0x0001,
    0xFA60, 0x0001, 0xE8C0, 0x0001, 0xF340, 0x0001, 0xE260, 0x0001, 0xE980, 0x0001, 0xEA60, 0x0001,
    0xF300, 0x0001, 0xF260, 0x0001, 0xD880, 0x0001, 0xE160, 0x0001, 0xA840, 0x0001, 0x18C5, 0x0003,
    0xFA60, 0x0001, 0xF340, 0x0001, 0xB840, 0x0001, 0xA8A0, 0x0001, 0xC880, 0x0001, 0xD9E0, 0x0001,
    0xB120, 0x0001, 0xF260, 0x0001, 0xB000, 0x0001, 0x18C5, 0x0016, 0xB800, 0x0001, 0xD000, 0x0001,
    0xE940, 0x0001, 0xA800, 0x0001, 0xC860, 0x0001, 0xE100, 0x0001, 0xE900, 0x0002, 0xE920, 0x0001,
    0xD820, 0x0001, 0xB000, 0x0001, 0xA000, 0x0001, 0x9000, 0x0001, 0x7800, 0x0001, 0x18C5, 0x0020,
    0xA800, 0x0001, 0xB820, 0x0001, 0xE100, 0x0001, 0xE080, 0x0001, 0xF2E0, 0x0001, 0xF240, 0x0001,
    0xF260, 0x0001, 0xF2C0, 0x0001, 0xF180, 0x0001, 0xF2C0, 0x0002, 0xFA20, 0x0001, 0xD080, 0x0001,
    0xE140, 0x0001, 0xF360, 0x0001, 0xE9A0, 0x0001, 0xD860, 0x0001, 0xF9C0, 0x0001, 0xC080, 0x0001,
    0xB120, 0x0001, 0x9920, 0x0001, 0xD960, 0x0001, 0x9800, 0x0001, 0x18C5, 0x0015, 0xB800, 0x0001,
    0xE060, 0x0001, 0xE900, 0x0001, 0xC8A0, 0x0001, 0xD0E0, 0x0001, 0xD8E0, 0x0001, 0xD800, 0x0001,
    0xC800, 0x0001, 0x9800, 0x0001, 0x18C5, 0x0027, 0x8000, 0x0001, 0xB000, 0x0001, 0xB080, 0x0001,
    0xC140, 0x0001, 0xD1A0, 0x0001, 0xE120, 0x0001, 0xE060, 0x0001, 0xF220, 0x0001, 0xF1A0, 0x0001,
    0xF260, 0x0002, 0xF280, 0x0001, 0xF300, 0x0001, 0xF360, 0x0001, 0xD0E0, 0x0001, 0xE900, 0x0001,
    0xF1A0, 0x0001, 0xF960, 0x0001, 0xB000, 0x0001, 0x9000, 0x0001, 0x18C5, 0x0016, 0xA800, 0x0001,
    0xD060, 0x0001, 0xE8E0, 0x0001, 0xC880, 0x0001, 0xC800, 0x0001, 0xE880, 0x0001, 0xD0E0, 0x0001,
    0x18C5, 0x002A, 0x9000, 0x0001, 0xB800, 0x0001, 0xA000, 0x0001, 0xA800, 0x0002, 0x9000, 0x0002,
    0xA0A0, 0x0001, 0xC060, 0x0001, 0xC040, 0x0001, 0xB820, 0x0001, 0xE2A0, 0x0001, 0xF340, 0x0001,
    0xE200, 0x0001, 0xE0C0, 0x0001, 0xF1A0, 0x0001, 0xE920, 0x0001, 0xE0C0, 0x0001, 0xF240, 0x0001,
    0xF260, 0x0001, 0xF980, 0x0001, 0x18C5, 0x0013, 0xD840, 0x0001, 0xC860, 0x0001, 0xD080, 0x0001,
    0xE960, 0x0001, 0xC000, 0x0001, 0xA000, 0x0001, 0x18C5, 0x002E, 0x8800, 0x0003, 0x8000, 0x0002,
    0x9800, 0x0001, 0x9000, 0x0001, 0x9800, 0x0001, 0xB000, 0x0001, 0x9000, 0x0001, 0x8820, 0x0001,
    0xC040, 0x0001, 0x9800, 0x0002, 0xC020, 0x0001, 0xA800, 0x0001, 0x8000, 0x0001, 0xA040, 0x0001,
    0xD080, 0x0001, 0xFAA0, 0x0001, 0xF2A0, 0x0001, 0xE0C0, 0x0001, 0x18C5, 0x0010, 0xF180, 0x0001,
    0xF2C0, 0x0001, 0xF380, 0x0001, 0xFC00, 0x0001, 0xFAC0, 0x0001, 0xA840, 0x0001, 0x18C5, 0x0034,
    0x0000, 0x0002, 0x1800, 0x0001, 0xA000, 0x0001, 0xB000, 0x0001, 0xA800, 0x0001, 0xB000, 0x0001,
    0xA000, 0x0001, 0x8000, 0x0001, 0xA800, 0x0001, 0xA000, 0x0001, 0x9000, 0x0001, 0x18C5, 0x0002,
    0xC060, 0x0001, 0xEA60, 0x0001, 0xFB20, 0x0001, 0xE0A0, 0x0001, 0x18C5, 0x000E, 0xFB40, 0x0001,
    0xF440, 0x0001, 0xEB60, 0x0001, 0xF340, 0x0001, 0xE9E0, 0x0001, 0xA820, 0x0001, 0x18C5, 0x0038,
    0x8000, 0x0001, 0x7000, 0x0003, 0x7800, 0x0001, 0x8000, 0x0001, 0x7000, 0x0001, 0x7800, 0x0001,
    0x8800, 0x0001, 0x18C5, 0x0003, 0x9000, 0x0001, 0xC100, 0x0001, 0xB860, 0x0001, 0x18C5, 0x000B,
    0xE020, 0x0001, 0xEA40, 0x0001, 0xFBE0, 0x0001, 0xF380, 0x0001, 0xEB20, 0x0001, 0xF440, 0x0001,
    0xD1A0, 0x0001, 0x18C5, 0x0052, 0xD040, 0x0001, 0xF1C0, 0x0001, 0xFB80, 0x0001, 0xF400, 0x0001,
    0xEB40, 0x0001, 0xF340, 0x0001, 0xF400, 0x0001, 0xFAC0, 0x0001, 0x18C5, 0x0052, 0xF1A0, 0x0001,
    0xFBC0, 0x0001, 0xF360, 0x0001, 0xF340, 0x0001, 0xEB00, 0x0001, 0xF220, 0x0001, 0xE9A0, 0x0001,
    0xF180, 0x0001, 0xC060, 0x0001, 0x18C5, 0x0051, 0xF9C0, 0x0001, 0xFBC0, 0x0001, 0xEC20, 0x0002,
    0xF340, 0x0001, 0xEBE0, 0x0001, 0xEC80, 0x0001, 0xFB20, 0x0001, 0xD060, 0x0001, 0x18C5, 0x0051,
    0xD880, 0x0001, 0xFB20, 0x0001, 0xEC00, 0x0001, 0xF400, 0x0001, 0xF2A0, 0x0001, 0xF3E0, 0x0001,
    0xF2E0, 0x0001, 0xFA60, 0x0001, 0xD8E0, 0x0001, 0x9000, 0x0001, 0x18C5, 0x0051, 0xC860, 0x0001,
    0xF1C0, 0x0002, 0xE9E0, 0x0001, 0xD040, 0x0001, 0xD0C0, 0x0001, 0xC820, 0x0001, 0x9800, 0x0001,
    0x18C5, 0x0050, 0x18C5, 0x014F, 0xD820, 0x0001, 0x18C5, 0x0005, 0xF120, 0x0001, 0x18C5, 0x0053,
    0xD040, 0x0001, 0xF9A0, 0x0001, 0xB000, 0x0001, 0x18C5, 0x0003, 0xE1A0, 0x0001, 0xF900, 0x0001,
    0x18C5, 0x0053, 0xD060, 0x0001, 0xFA60, 0x0001, 0xD000, 0x0001, 0x18C5, 0x0003, 0xD960, 0x0001,
    0xE9A0, 0x0001, 0x18C5, 0x0053, 0xD060, 0x0001, 0xFA40, 0x0001, 0xC800, 0x0001, 0x18C5, 0x0003,
    0xF240, 0x0001, 0xF160, 0x0001, 0x18C5, 0x0053, 0xD020, 0x0001, 0xFA60, 0x0001, 0xA800, 0x0002,
    0xD860, 0x0001, 0xC060, 0x0001, 0xFB40, 0x0001, 0xE900, 0x0001, 0x18C5, 0x0053, 0xD8E0, 0x0001,
    0xE1C0, 0x0001, 0xC8A0, 0x0001, 0xC840, 0x0001, 0xE1E0, 0x0001, 0xE1A0, 0x0001, 0xF9E0, 0x0001,
    0x18C5, 0x0053, 0xB800, 0x0001, 0xFAA0, 0x0001, 0xE180, 0x0001, 0xD920, 0x0001, 0xF2E0, 0x0001,
    0xD040, 0x0001, 0xF340, 0x0001, 0xFA20, 0x0001, 0x18C5, 0x0053, 0xE920, 0x0001, 0xFAE0, 0x0001,
    0xEAE0, 0x0001, 0xEA60, 0x0001, 0xF340, 0x0001, 0xEA60, 0x0001, 0xFA80, 0x0001, 0xD0A0, 0x0001,
    0x18C5, 0x0053, 0xF1A0, 0x0001, 0xF2E0, 0x0001, 0xEB00, 0x0001, 0xF300, 0x0001, 0xEAE0, 0x0001,
    0xF360, 0x0001, 0xF260, 0x0001, 0xA800, 0x0001, 0x18C5, 0x0052, 0xD000, 0x0001, 0xE080, 0x0001,
    0xEA00, 0x0001, 0xF2A0, 0x0001, 0xF320, 0x0001, 0xF2E0, 0x0001, 0xF320, 0x0001, 0xFA80, 0x0001,
    0xD020, 0x0001, 0x18C5, 0x0051, 0xD800, 0x0001, 0xF140, 0x0001, 0xEA20, 0x0001, 0xF260, 0x0001,
    0xE9E0, 0x0001, 0xE220, 0x0001, 0xF320, 0x0001, 0xEAE0, 0x0001, 0xF320, 0x0001, 0xF220, 0x0001,
    0x18C5, 0x004D, 0xA800, 0x0001, 0xB800, 0x0001, 0xD000, 0x0001, 0xE100, 0x0001, 0xF9E0, 0x0001,
    0xF1C0, 0x0001, 0xF260, 0x0001, 0xF2A0, 0x0001, 0xE980, 0x0001, 0xE060, 0x0001, 0xFB00, 0x0001,
    0xF300, 0x0001, 0xF240, 0x0001, 0xFB20, 0x0001, 0xFA60, 0x0001, 0xFA20, 0x0001, 0xF160, 0x0001,
    0x18C5, 0x0047, 0xB040, 0x0001, 0xD840, 0x0001, 0xD000, 0x0001, 0xF1C0, 0x0001, 0xF1E0, 0x0001,
    0xFA60, 0x0001, 0xD8A0, 0x0001, 0xFA60, 0x0001, 0xE160, 0x0001, 0xD040, 0x0001, 0xF1A0, 0x0001,
    0xB820, 0x0001, 0x18C5, 0x0001, 0xC840, 0x0001, 0xD060, 0x0001, 0xD020, 0x0001, 0xB060, 0x0001,
    0xC080, 0x0001, 0xEA80, 0x0001, 0xFAC0, 0x0001, 0xB020, 0x0001, 0x18C5, 0x0045, 0xD0A0, 0x0001,
    0xE960, 0x0001, 0xE9C0, 0x0001, 0xF200, 0x0001, 0xF1C0, 0x0001, 0xF260, 0x0001, 0xEA80, 0x0001,
    0xF220, 0x0001, 0xE9A0, 0x0001, 0x18C5, 0x000A, 0xA800, 0x0001, 0xFAC0, 0x0001, 0xE960, 0x0001,
    0x18C5, 0x0044, 0xE960, 0x0001, 0xF260, 0x0001, 0xF280, 0x0001, 0xE020, 0x0001, 0xF140, 0x0001,
    0xF3C0, 0x0001, 0xE9E0, 0x0001, 0xD800, 0x0001, 0xE980, 0x0001, 0x18C5, 0x0050, 0xB800, 0x0001,
    0xD1A0, 0x0001, 0xF2E0, 0x0001, 0xEA00, 0x0001, 0xFA00, 0x0001, 0x6A0E, 0x0001, 0x4A52, 0x0001,
    0xE900, 0x0001, 0xD940, 0x0001, 0xFAC0, 0x0001, 0xB800, 0x0001, 0x18C5, 0x0050, 0xF0C0, 0x0001,
    0xF2A0, 0x0001, 0xEA20, 0x0001, 0xF1C0, 0x0001, 0x71AE, 0x0001, 0x045F, 0x0001, 0x04BF, 0x0001,
    0x4A12, 0x0001, 0xF160, 0x0001, 0xD1A0, 0x0001, 0x18C5, 0x0051, 0xE9C0, 0x0001, 0xE180, 0x0001,
    0xF200, 0x0001, 0x8929, 0x0001, 0x047F, 0x0001, 0x03FD, 0x0001, 0x037C, 0x0001, 0x02FF, 0x0001,
    0x586E, 0x0001, 0x18C5, 0x0052, 0xB800, 0x0001, 0xE1A0, 0x0001, 0xFA40, 0x0001, 0x792B, 0x0001,
    0x04BF, 0x0001, 0x03FC, 0x0001, 0x023D, 0x0001, 0x0015, 0x0001, 0x18C5, 0x0054, 0xC000, 0x0001,
    0xFAE0, 0x0001, 0xC963, 0x0001, 0x2AF7, 0x0001, 0x047F, 0x0001, 0x043E, 0x0001, 0x037F, 0x0001,
    0x18C5, 0x0054, 0xB800, 0x0001, 0xE0E0, 0x0001, 0xFB20, 0x0001, 0xD901, 0x0001, 0x2B18, 0x0001,
    0x045F, 0x0001, 0x043E, 0x0001, 0x035E, 0x0001, 0x031F, 0x0001, 0x18C5, 0x0053, 0xC000, 0x0001,
    0xD940, 0x0001, 0xF300, 0x0001, 0xD8C0, 0x0001, 0x22F8, 0x0001, 0x045F, 0x0001, 0x03FD, 0x0001,
    0x043F, 0x0001, 0x023D, 0x0001, 0x18C5, 0x0052, 0x90C0, 0x0001, 0xE1A0, 0x0001, 0xE1E0, 0x0001,
    0xFA60, 0x0001, 0xD8C0, 0x0001, 0x2AF8, 0x0001, 0x045F, 0x0001, 0x03FD, 0x0001, 0x041F, 0x0001,
    0x01DD, 0x0001, 0x18C5, 0x0052, 0xB880, 0x0001, 0xE0E0, 0x0001, 0xE280, 0x0001, 0xF340, 0x0001,
    0xD941, 0x0001, 0x3B97, 0x0001, 0x045F, 0x0001, 0x041D, 0x0001, 0x037F, 0x0001, 0x013B, 0x0001,
    0x18C5, 0x0052, 0xE140, 0x0002, 0xE2A0, 0x0001, 0xFB60, 0x0001, 0xE142, 0x0001, 0x2A78, 0x0001,
    0x045F, 0x0001, 0x02DF, 0x0001, 0x015C, 0x0001, 0x18C5, 0x0052, 0xE1C0, 0x0001, 0xE980, 0x0001,
    0xF1E0, 0x0001, 0xEA80, 0x0001, 0xF9A0, 0x0001, 0xD040, 0x0001, 0xA062, 0x0001, 0xA8A2, 0x0001,
    0xB801, 0x0001, 0xD800, 0x0001, 0x18C5, 0x0051, 0xB000, 0x0001, 0xE8C0, 0x0001, 0xE1C0, 0x0001,
    0xF240, 0x0001, 0xF360, 0x0001, 0xE180, 0x0001, 0xB800, 0x0001, 0xEA60, 0x0001, 0xF160, 0x0001,
    0xD000, 0x0001, 0xE900, 0x0001, 0xC0C0, 0x0001, 0x18C5, 0x0050, 0xE180, 0x0001, 0xE9A0, 0x0001,
    0xF280, 0x0001, 0xF300, 0x0001, 0xF340, 0x0001, 0xD960, 0x0001, 0xB800, 0x0001, 0xEA40, 0x0001,
    0xE1C0, 0x0001, 0xD980, 0x0001, 0xF300, 0x0001, 0xF120, 0x0001, 0xC040, 0x0001, 0x18C5, 0x004E,
    0x7800, 0x0001, 0xE940, 0x0001, 0xF260, 0x0001, 0xEA60, 0x0001, 0xEB00, 0x0001, 0xF360, 0x0001,
    0xE160, 0x0001, 0xD900, 0x0001, 0xF3C0, 0x0001, 0xE1E0, 0x0001, 0xEA00, 0x0001, 0xFB80, 0x0001,
    0xD8E0, 0x0001, 0x18C5, 0x004F, 0x9800, 0x0001, 0xD100, 0x0001, 0xFA20, 0x0001, 0xF1A0, 0x0001,
    0xF2E0, 0x0001, 0xE220, 0x0001, 0xD880, 0x0001, 0xF1E0, 0x0001, 0xF200, 0x0001, 0xF160, 0x0001,
    0xEA20, 0x0001, 0xE9E0, 0x0001, 0xB800, 0x0001, 0x18C5, 0x0050, 0x9826, 0x0001, 0xD9A0, 0x0001,
    0xF240, 0x0001, 0xE9A0, 0x0001, 0xF1C0, 0x0001, 0xF280, 0x0001, 0xF300, 0x0001, 0xEAC0, 0x0001,
    0xF1C0, 0x0001, 0xE120, 0x0001, 0xB800, 0x0001, 0x18C5, 0x004C, 0x031F, 0x0001, 0x4C57, 0x0001,
    0x6BF3, 0x0001, 0x053F, 0x0001, 0x035F, 0x0001, 0x98E8, 0x0001, 0xFA20, 0x0001, 0xEBC0, 0x0001,
    0xF340, 0x0001, 0xF360, 0x0001, 0xF380, 0x0001, 0xF1E0, 0x0001, 0xE160, 0x0001, 0xF1E0, 0x0001,
    0xB040, 0x0001, 0x18C5, 0x0049, 0xC800, 0x0001, 0xE941, 0x0001, 0xA2EC, 0x0001, 0xAB0A, 0x0001,
    0xFB00, 0x0001, 0xFB60, 0x0001, 0x04BF, 0x0001, 0x4B35, 0x0001, 0xE2A3, 0x0001, 0xF340, 0x0001,
    0xEBC0, 0x0001, 0xF360, 0x0001, 0xF380, 0x0001, 0xEB40, 0x0001, 0xF320, 0x0001, 0xD920, 0x0001,
    0xD800, 0x0001, 0x18C5, 0x0048, 0xE880, 0x0001, 0xF280, 0x0001, 0xF360, 0x0001, 0xEBE3, 0x0001,
    0xFC00, 0x0001, 0x8C6C, 0x0001, 0x24DB, 0x0001, 0x1CBB, 0x0001, 0x43B5, 0x0001, 0xF340, 0x0001,
    0xF420, 0x0001, 0xEB80, 0x0001, 0xF3E0, 0x0001, 0xF3C0, 0x0001, 0xF3E0, 0x0001, 0xF300, 0x0001,
    0xEC00, 0x0001, 0xF280, 0x0001, 0xD060, 0x0001, 0x18C5, 0x0047, 0xF220, 0x0001, 0xFBA0, 0x0001,
    0xFC40, 0x0001, 0xF400, 0x0001, 0x2CB8, 0x0001, 0x04DF, 0x0001, 0x04BE, 0x0001, 0x04DF, 0x0001,
    0x149B, 0x0001, 0xFAA0, 0x0001, 0xF340, 0x0001, 0xEBA0, 0x0001, 0xF2E0, 0x0001, 0xF3E0, 0x0001,
    0xF460, 0x0001, 0xF420, 0x0001, 0xF3E0, 0x0001, 0xEB00, 0x0001, 0xF420, 0x0001, 0xE900, 0x0001,
    0x18C5, 0x0046, 0xF220, 0x0001, 0xF420, 0x0001, 0xEBA0, 0x0001, 0xEB80, 0x0001, 0xFAE0, 0x0001,
    0xF2A0, 0x0001, 0x041F, 0x0001, 0x045D, 0x0001, 0x047E, 0x0001, 0x1C1A, 0x0001, 0xF9E0, 0x0001,
    0xEA40, 0x0001, 0xF2A0, 0x0001, 0xF360, 0x0001, 0xF2C0, 0x0001, 0xF2A0, 0x0001, 0xF340, 0x0001,
    0xF3C0, 0x0001, 0xEBA0, 0x0001, 0xF460, 0x0001, 0xE9C0, 0x0001, 0xD000, 0x0001, 0x18C5, 0x0004,
    0xE9C0, 0x0001, 0xFA40, 0x0001, 0xFAC0, 0x0001, 0xF1E0, 0x0001, 0x18C5, 0x003C, 0xF0C0, 0x0001,
    0xFB00, 0x0001, 0xEB40, 0x0001, 0xF2C0, 0x0001, 0xEB40, 0x0001, 0xF3A0, 0x0001, 0x4455, 0x0001,
    0x04FF, 0x0001, 0x053E, 0x0002, 0x1CFA, 0x0001, 0xFBE0, 0x0001, 0xEC60, 0x0001, 0xF3C0, 0x0001,
    0xF380, 0x0001, 0xF360, 0x0001, 0xF2C0, 0x0001, 0xF2E0, 0x0001, 0xF1E0, 0x0001, 0xF260, 0x0001,
    0xEBE0, 0x0001, 0xF360, 0x0001, 0xE040, 0x0001, 0x18C5, 0x0002, 0xE900, 0x0001, 0xFB00, 0x0001,
    0xF3C0, 0x0001, 0xEC00, 0x0001, 0xFC80, 0x0001, 0xF4A0, 0x0001, 0xFB40, 0x0001, 0xE240, 0x0001,
    0xF020, 0x0001, 0x18C5, 0x0039, 0xFA40, 0x0001, 0xEBC0, 0x0001, 0xF2E0, 0x0001, 0xEB40, 0x0001,
    0xFC00, 0x0001, 0xFBE0, 0x0001, 0xBC46, 0x0001, 0xCC05, 0x0001, 0x5C92, 0x0001, 0x051F, 0x0001,
    0x1CDA, 0x0001, 0xFBE0, 0x0001, 0xEBE0, 0x0001, 0xF400, 0x0001, 0xF320, 0x0001, 0xF420, 0x0001,
    0xF460, 0x0001, 0xF400, 0x0001, 0xF380, 0x0001, 0xF240, 0x0001, 0xEA00, 0x0001, 0xF380, 0x0001,
    0xD8A0, 0x0001, 0x18C5, 0x0001, 0xE0C0, 0x0001, 0xFBA0, 0x0001, 0xEC40, 0x0001, 0xEB40, 0x0001,
    0xFB60, 0x0001, 0x68A0, 0x0001, 0xA0A0, 0x0001, 0xFC20, 0x0001, 0xF3C0, 0x0001, 0xFB20, 0x0001,
    0xD920, 0x0001, 0x18C5, 0x0037, 0xF0A0, 0x0001, 0xF340, 0x0001, 0xEB80, 0x0001, 0xEBE1, 0x0001,
    0xF400, 0x0001, 0xCC24, 0x0001, 0xC386, 0x0001, 0xDB22, 0x0001, 0xFB20, 0x0001, 0xFAE0, 0x0001,
    0x3497, 0x0001, 0x0D1C, 0x0001, 0xFC20, 0x0001, 0xEC40, 0x0001, 0xF340, 0x0001, 0xF3E0, 0x0001,
    0xF3A0, 0x0002, 0xF3C0, 0x0001, 0xEB20, 0x0001, 0xF420, 0x0001, 0xE280, 0x0001, 0xE180, 0x0001,
    0xD0A0, 0x0001, 0x18C5, 0x0001, 0xF160, 0x0001, 0xF420, 0x0002, 0xF220, 0x0001, 0x6000, 0x0001,
    0x18E4, 0x0001, 0x8860, 0x0001, 0xFAC0, 0x0001, 0xEB60, 0x0001, 0xF320, 0x0001, 0xFB40, 0x0001,
    0xB860, 0x0001, 0x18C5, 0x0035, 0xD080, 0x0001, 0xFAA0, 0x0001, 0xEB40, 0x0001, 0xFBC0, 0x0001,
    0xFBE0, 0x0002, 0x946C, 0x0001, 0x053E, 0x0001, 0x0D1D, 0x0001, 0xBC46, 0x0001, 0xFB40, 0x0001,
    0x3CB6, 0x0001, 0x0D1C, 0x0001, 0xFAA0, 0x0001, 0xEB40, 0x0001, 0xF320, 0x0001, 0xF360, 0x0002,
    0xF340, 0x0002, 0xF300, 0x0001, 0xEB40, 0x0001, 0xF3E0, 0x0001, 0xE200, 0x0001, 0xD0A0, 0x0001,
    0x9800, 0x0001, 0xEA00, 0x0001, 0xF3E0, 0x0001, 0xE200, 0x0001, 0x6800, 0x0001, 0x5B6E, 0x0001,
    0xF77D, 0x0001, 0x5B2D, 0x0001, 0x8060, 0x0001, 0xFBC0, 0x0001, 0xEB60, 0x0001, 0xFB20, 0x0001,
    0xA060, 0x0001, 0x18C5, 0x0035, 0xF940, 0x0001, 0xFB00, 0x0001, 0xFB80, 0x0001, 0x848D, 0x0001,
    0x64B3, 0x0001, 0x846D, 0x0001, 0xFBC0, 0x0001, 0x3CD6, 0x0001, 0x051F, 0x0001, 0x14FB, 0x0001,
    0x6CB1, 0x0001, 0x149C, 0x0001, 0x141B, 0x0001, 0xFA20, 0x0001, 0xEB20, 0x0001, 0xF3A0, 0x0001,
    0xF360, 0x0001, 0xF3A0, 0x0001, 0xF420, 0x0002, 0xF320, 0x0001, 0xF400, 0x0001, 0xEB60, 0x0001,
    0xF360, 0x0001, 0xE9C0, 0x0001, 0x8000, 0x0001, 0xD120, 0x0001, 0xFC20, 0x0001, 0xA820, 0x0001,
    0x10A3, 0x0001, 0xEF5D, 0x0001, 0xF7BE, 0x0001, 0xFFFF, 0x0001, 0x732D, 0x0001, 0xD0E0, 0x0001,
    0xF440, 0x0001, 0xE900, 0x0001, 0x18C5, 0x0035, 0xF960, 0x0001, 0xBB07, 0x0001, 0x73D0, 0x0001,
    0xFBC0, 0x0001, 0x0CFC, 0x0001, 0x051D, 0x0001, 0xD404, 0x0001, 0xFBE0, 0x0001, 0x2CD8, 0x0001,
    0x051F, 0x0001, 0x04BE, 0x0001, 0x043F, 0x0001, 0x04BF, 0x0001, 0x1C5A, 0x0001, 0xFAA0, 0x0001,
    0xEC60, 0x0001, 0xF400, 0x0001, 0xF420, 0x0001, 0xF380, 0x0002, 0xF400, 0x0001, 0xF3A0, 0x0001,
    0xF340, 0x0001, 0xF420, 0x0001, 0xF3E0, 0x0001, 0xF2C0, 0x0001, 0xA800, 0x0001, 0xA900, 0x0001,
    0xFC60, 0x0001, 0xB0A0, 0x0001, 0x28A3, 0x0001, 0xE75D, 0x0001, 0xEF7D, 0x0001, 0xEF5D, 0x0001,
    0xFFDF, 0x0001, 0xC46E, 0x0001, 0xFA80, 0x0001, 0xC060, 0x0001, 0x18C5, 0x0035, 0xB9C6, 0x0001,
    0x43D7, 0x0001, 0xEB62, 0x0001, 0x54D4, 0x0001, 0x051E, 0x0001, 0x2CD8, 0x0001, 0xEBE2, 0x0001,
    0x5C92, 0x0001, 0x04FF, 0x0001, 0x043D, 0x0001, 0x047D, 0x0001, 0x04FD, 0x0001, 0x051D, 0x0001,
    0x051F, 0x0001, 0x4C74, 0x0001, 0xFBC0, 0x0001, 0xEC00, 0x0001, 0xF420, 0x0001, 0xF3A0, 0x0001,
    0xF2E0, 0x0001, 0xF340, 0x0001, 0xF320, 0x0001, 0xF2E0, 0x0001, 0xF360, 0x0001, 0xF420, 0x0001,
    0xF320, 0x0001, 0xA820, 0x0001, 0x9800, 0x0001, 0xEA20, 0x0001, 0xD0E0, 0x0001, 0x0862, 0x0001,
    0xBDF7, 0x0001, 0xFFFF, 0x0002, 0xA5D7, 0x0001, 0x59E2, 0x0001, 0xFBE0, 0x0001, 0x60A0, 0x0001,
    0x18C5, 0x0035, 0x039F, 0x0001, 0x33D8, 0x0001, 0x6BD0, 0x0001, 0x053F, 0x0001, 0x051D, 0x0001,
    0x051E, 0x0001, 0x053F, 0x0001, 0x053E, 0x0001, 0x045E, 0x0001, 0x04FE, 0x0001, 0x051E, 0x0002,
    0x04FD, 0x0001, 0x053F, 0x0001, 0x4C54, 0x0001, 0xFB20, 0x0001, 0xEBC0, 0x0001, 0xF360, 0x0001,
    0xEAE0, 0x0001, 0xF360, 0x0001, 0xF420, 0x0001, 0xF3C0, 0x0001, 0xF340, 0x0001, 0xF3A0, 0x0002,
    0xEAC0, 0x0001, 0xD080, 0x0001, 0xC0E0, 0x0001, 0xB160, 0x0001, 0xFA80, 0x0001, 0x3000, 0x0001,
    0x08C3, 0x0001, 0xA4D3, 0x0001, 0x8D14, 0x0001, 0x4800, 0x0001, 0xFBA0, 0x0001, 0xFB80, 0x0001,
    0xD0C0, 0x0001, 0x18C5, 0x0034, 0x227A, 0x0001, 0x045F, 0x0001, 0x041E, 0x0001, 0x03FF, 0x0001,
    0x043D, 0x0001, 0x049E, 0x0001, 0x047E, 0x0001, 0x047D, 0x0001, 0x049D, 0x0001, 0x03DE, 0x0001,
    0x04FE, 0x0001, 0x051E, 0x0002, 0x04FD, 0x0001, 0x051E, 0x0001, 0x24DA, 0x0001, 0xBBC8, 0x0001,
    0xFBA0, 0x0001, 0xF3E0, 0x0001, 0xF460, 0x0001, 0xF380, 0x0001, 0xF3E0, 0x0001, 0xF420, 0x0001,
    0xF340, 0x0001, 0xEC60, 0x0001, 0xF300, 0x0001, 0xD8A0, 0x0001, 0xD820, 0x0001, 0xB060, 0x0001,
    0xB020, 0x0001, 0xFAC0, 0x0001, 0xE9C0, 0x0001, 0x4840, 0x0001, 0x0000, 0x0001, 0x4000, 0x0001,
    0xF260, 0x0001, 0xF380, 0x0001, 0xF940, 0x0001, 0x18C5, 0x0034, 0xD800, 0x0001, 0xD904, 0x0001,
    0x13FC, 0x0001, 0x041E, 0x0001, 0x03FD, 0x0001, 0x03FE, 0x0003, 0x041E, 0x0001, 0x045E, 0x0001,
    0x025C, 0x0001, 0x043D, 0x0001, 0x053E, 0x0001, 0x051E, 0x0002, 0x04DD, 0x0001, 0x059F, 0x0001,
    0x62F0, 0x0001, 0xE8C0, 0x0001, 0xD120, 0x0001, 0xD100, 0x0001, 0xE1C0, 0x0001, 0xF360, 0x0001,
    0xEA40, 0x0001, 0xE9A0, 0x0001, 0xF2E0, 0x0001, 0xE960, 0x0001, 0x18C5, 0x0002, 0x9000, 0x0001,
    0x8000, 0x0001, 0xC880, 0x0001, 0xFB40, 0x0001, 0xF220, 0x0001, 0xB9C0, 0x0001, 0xFB00, 0x0001,
    0xFBA0, 0x0001, 0xF1A0, 0x0001, 0xB000, 0x0001, 0x18C5, 0x0035, 0xF9E0, 0x0001, 0x3337, 0x0001,
    0x041F, 0x0001, 0x041E, 0x0001, 0x041D, 0x0001, 0x035D, 0x0001, 0x01DC, 0x0001, 0x01FC, 0x0001,
    0x029B, 0x0001, 0x031D, 0x0001, 0x01FD, 0x0001, 0x045E, 0x0001, 0x051E, 0x0001, 0x04FE, 0x0001,
    0x051E, 0x0001, 0x051D, 0x0001, 0x0CBE, 0x0001, 0xABA8, 0x0001, 0xFB40, 0x0001, 0xEA20, 0x0001,
    0xE920, 0x0001, 0xF2A0, 0x0001, 0xF300, 0x0001, 0xF340, 0x0002, 0xF280, 0x0001, 0xE920, 0x0001,
    0x18C5, 0x0004, 0xB020, 0x0001, 0xD880, 0x0001, 0xFA40, 0x0001, 0xFAE0, 0x0001, 0xD840, 0x0001,
    0xB000, 0x0001, 0x18C5, 0x0036, 0xAA08, 0x0001, 0xFA60, 0x0001, 0x4275, 0x0001, 0x1BDA, 0x0001,
    0x045F, 0x0001, 0x047F, 0x0001, 0x03BD, 0x0001, 0x0179, 0x0001, 0x0158, 0x0001, 0x2830, 0x0001,
    0x280F, 0x0001, 0x019D, 0x0001, 0x033E, 0x0001, 0x03DE, 0x0001, 0x04BD, 0x0001, 0x047D, 0x0001,
    0x04BF, 0x0001, 0xA469, 0x0001, 0xFC40, 0x0001, 0xEC20, 0x0001, 0xF320, 0x0001, 0xF3A0, 0x0001,
    0xF440, 0x0002, 0xEB80, 0x0001, 0xF3C0, 0x0001, 0xE140, 0x0001, 0x18C5, 0x0006, 0xB000, 0x0001,
    0xD000, 0x0001, 0xA800, 0x0001, 0x18C5, 0x0036, 0x029D, 0x0001, 0x5316, 0x0001, 0xE940, 0x0001,
    0xFA00, 0x0001, 0xC1C5, 0x0001, 0x72D0, 0x0001, 0x61EF, 0x0001, 0x045F, 0x0001, 0x04FF, 0x0001,
    0x3398, 0x0001, 0xE101, 0x0001, 0xE8C0, 0x0001, 0x382F, 0x0001, 0x009B, 0x0001, 0x01DD, 0x0001,
    0x03FF, 0x0001, 0x03BD, 0x0001, 0x045F, 0x0001, 0xBB06, 0x0001, 0xFA80, 0x0001, 0xEBC0, 0x0001,
    0xF320, 0x0001, 0xF340, 0x0001, 0xF360, 0x0002, 0xEB20, 0x0001, 0xF3A0, 0x0001, 0xE160, 0x0001,
    0x18C5, 0x003E, 0x0015, 0x0001, 0x021D, 0x0001, 0x041F, 0x0001, 0x3295, 0x0001, 0xD0E0, 0x0001,
    0xF9E0, 0x0001, 0xFA80, 0x0001, 0xF1E0, 0x0001, 0x9108, 0x0001, 0x8929, 0x0001, 0xB801, 0x0001,
    0xD820, 0x0001, 0xD880, 0x0001, 0xD000, 0x0001, 0x5807, 0x0001, 0x18C5, 0x0001, 0x00F6, 0x0001,
    0x00B5, 0x0001, 0x0139, 0x0001, 0x3378, 0x0001, 0xC882, 0x0001, 0xF220, 0x0001, 0xEBE0, 0x0001,
    0xF300, 0x0001, 0xF360, 0x0001, 0xEBA0, 0x0001, 0xF380, 0x0001, 0xE180, 0x0001, 0xD8A0, 0x0001,
    0x099A, 0x0001, 0x019D, 0x0001, 0x0077, 0x0001, 0x0013, 0x0002, 0x18C5, 0x0036, 0x033F, 0x0001,
    0x031E, 0x0001, 0x03FD, 0x0001, 0x03BE, 0x0001, 0x03FE, 0x0001, 0x037D, 0x0001, 0x037E, 0x0001,
    0x133B, 0x0001, 0x6A70, 0x0001, 0xF260, 0x0001, 0xF2E0, 0x0001, 0xF160, 0x0001, 0xF240, 0x0001,
    0xF2A0, 0x0001, 0xD080, 0x0001, 0xE880, 0x0001, 0x8867, 0x0001, 0x10D8, 0x0001, 0x0032, 0x0001,
    0x0119, 0x0001, 0x01FC, 0x0001, 0x0178, 0x0001, 0x011A, 0x0001, 0xC943, 0x0001, 0xE0A0, 0x0001,
    0xF3C0, 0x0001, 0xEB40, 0x0001, 0xF3E0, 0x0001, 0xF420, 0x0001, 0xEBC0, 0x0001, 0xE9C0, 0x0001,
    0xC882, 0x0001, 0x02DF, 0x0001, 0x02FF, 0x0001, 0x02DE, 0x0001, 0x02BE, 0x0001, 0x019C, 0x0001,
    0x01BC, 0x0001, 0x01DC, 0x0001, 0x01BC, 0x0001, 0x18C5, 0x0031, 0x035E, 0x0001, 0x045F, 0x0001,
    0x047F, 0x0001, 0x043F, 0x0001, 0x04FF, 0x0001, 0x055E, 0x0001, 0x053E, 0x0002, 0x045D, 0x0001,
    0x037E, 0x0001, 0x039F, 0x0001, 0x520F, 0x0001, 0xA087, 0x0001, 0xF9A0, 0x0001, 0xFB40, 0x0001,
    0xEB81, 0x0001, 0xD8A0, 0x0001, 0xC041, 0x0001, 0x504A, 0x0001, 0x00BA, 0x0001, 0x02FF, 0x0001,
    0x033E, 0x0001, 0x031E, 0x0001, 0x035E, 0x0001, 0x017A, 0x0001, 0xC922, 0x0001, 0xE900, 0x0001,
    0xD0E0, 0x0001, 0xFB20, 0x0001, 0xEB80, 0x0001, 0xEBC0, 0x0001, 0xF220, 0x0001, 0xF8E0, 0x0001,
    0x22D8, 0x0001, 0x033F, 0x0001, 0x031D, 0x0001, 0x031E, 0x0001, 0x033E, 0x0001, 0x031E, 0x0001,
    0x02FE, 0x0001, 0x027E, 0x0001, 0x031E, 0x0001, 0x025E, 0x0001, 0x01BC, 0x0001, 0x18C5, 0x002E,
    0x049F, 0x0001, 0x04DF, 0x0001, 0x055D, 0x0001, 0x04FD, 0x0001, 0x047D, 0x0001, 0x04FD, 0x0001,
    0x047E, 0x0003, 0x051E, 0x0001, 0x055D, 0x0001, 0x03FD, 0x0001, 0x03FF, 0x0002, 0x82AE, 0x0001,
    0xB287, 0x0001, 0xFA40, 0x0001, 0xD040, 0x0001, 0x9823, 0x0001, 0x02DF, 0x0001, 0x021A, 0x0001,
    0x035E, 0x0001, 0x02FD, 0x0002, 0x031E, 0x0001, 0x3255, 0x0001, 0xB862, 0x0001, 0xD0A0, 0x0001,
    0xC880, 0x0001, 0xE240, 0x0001, 0xF340, 0x0001, 0xF980, 0x0001, 0xC903, 0x0001, 0x718E, 0x0001,
    0x11F9, 0x0001, 0x033E, 0x0001, 0x02FD, 0x0001, 0x031E, 0x0001, 0x02FE, 0x0001, 0x031E, 0x0001,
    0x02BD, 0x0001, 0x01FC, 0x0001, 0x023C, 0x0001, 0x027D, 0x0001, 0x02FE, 0x0001, 0x025F, 0x0001,
    0x01BC, 0x0001, 0x18C5, 0x002B, 0x03DF, 0x0001, 0x053E, 0x0001, 0x047D, 0x0001, 0x045E, 0x0001,
    0x041E, 0x0001, 0x04DE, 0x0001, 0x049E, 0x0004, 0x045E, 0x0003, 0x041D, 0x0001, 0x037D, 0x0001,
    0x043F, 0x0001, 0x137B, 0x0001, 0x5AB4, 0x0001, 0xA043, 0x0001, 0x4232, 0x0001, 0x029E, 0x0001,
    0x035E, 0x0001, 0x02FD, 0x0001, 0x031E, 0x0001, 0x031D, 0x0001, 0x037F, 0x0001, 0x9066, 0x0001,
    0xFA00, 0x0001, 0xD9A0, 0x0001, 0xC820, 0x0001, 0xD920, 0x0001, 0xEA21, 0x0001, 0x5A33, 0x0001,
    0x1B19, 0x0001, 0x043F, 0x0001, 0x029D, 0x0001, 0x023D, 0x0001, 0x031E, 0x0001, 0x02FE, 0x0001,
    0x031E, 0x0003, 0x035E, 0x0001, 0x029D, 0x0001, 0x021C, 0x0001, 0x025D, 0x0001, 0x037E, 0x0001,
    0x02BF, 0x0002, 0x025E, 0x0001, 0x18C5, 0x0028, 0x025D, 0x0001, 0x043F, 0x0001, 0x041D, 0x0001,
    0x04DE, 0x0001, 0x049E, 0x0001, 0x03DE, 0x0001, 0x043E, 0x0001, 0x04BE, 0x0001, 0x053E, 0x0001,
    0x051E, 0x0001, 0x053E, 0x0001, 0x04DE, 0x0001, 0x04BE, 0x0001, 0x03FE, 0x0001, 0x041E, 0x0001,
    0x03DE, 0x0001, 0x035D, 0x0001, 0x043E, 0x0001, 0x043F, 0x0001, 0x13BB, 0x0001, 0x03BE, 0x0001,
    0x01BC, 0x0001, 0x033E, 0x0001, 0x031E, 0x0001, 0x01DC, 0x0001, 0x021C, 0x0001, 0x033F, 0x0001,
    0xA1A9, 0x0001, 0xFAC0, 0x0001, 0xF340, 0x0001, 0xD900, 0x0001, 0xE980, 0x0001, 0xDA02, 0x0001,
    0x041F, 0x0001, 0x045F, 0x0001, 0x041D, 0x0001, 0x033D, 0x0001, 0x00B6, 0x0001, 0x033E, 0x0001,
    0x02FD, 0x0001, 0x031E, 0x0002, 0x02FE, 0x0001, 0x02FD, 0x0001, 0x033E, 0x0001, 0x031E, 0x0001,
    0x017B, 0x0001, 0x025D, 0x0001, 0x033D, 0x0001, 0x035E, 0x0001, 0x02FF, 0x0001, 0x015B, 0x0001,
    0x18C5, 0x0026, 0x00F6, 0x0001, 0x025E, 0x0001, 0x047D, 0x0001, 0x051E, 0x0002, 0x04DE, 0x0001,
    0x03FE, 0x0001, 0x04DE, 0x0001, 0x051E, 0x0001, 0x04FE, 0x0002, 0x051E, 0x0001, 0x053E, 0x0001,
    0x04FE, 0x0001, 0x045E, 0x0001, 0x03FE, 0x0002, 0x035E, 0x0001, 0x041D, 0x0001, 0x03FD, 0x0001,
    0x045F, 0x0001, 0x033B, 0x0001, 0x00D6, 0x0001, 0x035E, 0x0001, 0x02FD, 0x0001, 0x02FE, 0x0001,
    0x029C, 0x0001, 0x01FE, 0x0001, 0x9846, 0x0001, 0xFA40, 0x0001, 0xF3A0, 0x0001, 0xD960, 0x0001,
    0xE9C0, 0x0001, 0x2C59, 0x0001, 0x03FE, 0x0001, 0x03FD, 0x0001, 0x041E, 0x0001, 0x03BD, 0x0001,
    0x0095, 0x0001, 0x031E, 0x0001, 0x02FD, 0x0003, 0x031D, 0x0001, 0x031E, 0x0001, 0x031D, 0x0001,
    0x033F, 0x0001, 0x01BA, 0x0001, 0x0137, 0x0001, 0x039F, 0x0001, 0x02FE, 0x0001, 0x01DC, 0x0001,
    0x0012, 0x0001, 0x18C5, 0x0021, 0xE000, 0x0001, 0x8AAE, 0x0001, 0x045F, 0x0001, 0x04DF, 0x0001,
    0x047F, 0x0001, 0x039E, 0x0001, 0x03BD, 0x0001, 0x057E, 0x0001, 0x04FE, 0x0001, 0x051E, 0x0001,
    0x047E, 0x0001, 0x049E, 0x0001, 0x053E, 0x0001, 0x04FE, 0x0002, 0x053E, 0x0001, 0x04FE, 0x0001,
    0x043E, 0x0001, 0x035E, 0x0001, 0x039E, 0x0001, 0x041E, 0x0001, 0x03FD, 0x0001, 0x02DD, 0x0001,
    0x041E, 0x0001, 0x03FE, 0x0001, 0x043E, 0x0001, 0x033C, 0x0001, 0x00F7, 0x0001, 0x03BF, 0x0001,
    0x033E, 0x0002, 0x033D, 0x0001, 0x037F, 0x0001, 0x49F1, 0x0001, 0xC0C1, 0x0001, 0xF260, 0x0001,
    0xE140, 0x0001, 0xF960, 0x0001, 0x23F9, 0x0001, 0x043F, 0x0001, 0x041D, 0x0001, 0x041E, 0x0001,
    0x03FD, 0x0001, 0x00B6, 0x0001, 0x037F, 0x0001, 0x035F, 0x0002, 0x033F, 0x0001, 0x029F, 0x0001,
    0x029D, 0x0001, 0x02BE, 0x0001, 0x00D8, 0x0001, 0x0076, 0x0001, 0x019A, 0x0001, 0x023B, 0x0001,
    0x00D8, 0x0001, 0x0014, 0x0001, 0x18C5, 0x0020, 0xB800, 0x0001, 0xF900, 0x0001, 0x6A0E, 0x0001,
    0x04DF, 0x0001, 0x057D, 0x0001, 0x04DD, 0x0001, 0x041D, 0x0001, 0x02FD, 0x0001, 0x03FE, 0x0001,
    0x047E, 0x0001, 0x04FE, 0x0001, 0x049E, 0x0001, 0x035E, 0x0001, 0x03FE, 0x0001, 0x053E, 0x0001,
    0x055E, 0x0001, 0x051E, 0x0001, 0x041E, 0x0001, 0x035E, 0x0001, 0x035D, 0x0001, 0x03BE, 0x0001,
    0x043E, 0x0002, 0x039E, 0x0001, 0x01FC, 0x0001, 0x043E, 0x0001, 0x041E, 0x0001, 0x03DF, 0x0001,
    0x00D7, 0x0001, 0x0034, 0x0001, 0x0137, 0x0001, 0x01BB, 0x0001, 0x021D, 0x0001, 0x01FC, 0x0002,
    0x023F, 0x0001, 0x7043, 0x0001, 0xF240, 0x0001, 0xF9E0, 0x0001, 0x926C, 0x0001, 0x0BFD, 0x0001,
    0x039E, 0x0001, 0x03FD, 0x0001, 0x045E, 0x0001, 0x02DD, 0x0001, 0x0054, 0x0001, 0x015A, 0x0001,
    0x0131, 0x0001, 0x012A, 0x0001, 0x00E9, 0x0001, 0x004D, 0x0001, 0x0057, 0x0001, 0x0076, 0x0001,
    0x00B7, 0x0001, 0x0119, 0x0001, 0x01BC, 0x0001, 0x00D8, 0x0001, 0x0015, 0x0001, 0x0016, 0x0001,
    0x18C5, 0x001F, 0xA800, 0x0001, 0xF060, 0x0001, 0x7A8F, 0x0001, 0x041F, 0x0001, 0x0CDD, 0x0001,
    0x043D, 0x0001, 0x041E, 0x0001, 0x03FE, 0x0002, 0x041E, 0x0001, 0x03DE, 0x0001, 0x041D, 0x0001,
    0x023C, 0x0001, 0x01BC, 0x0001, 0x01DC, 0x0001, 0x021C, 0x0001, 0x025C, 0x0001, 0x035D, 0x0001,
    0x037D, 0x0001, 0x03FE, 0x0001, 0x045E, 0x0001, 0x043E, 0x0001, 0x041E, 0x0001, 0x03BF, 0x0001,
    0x00D7, 0x0001, 0x01DB, 0x0001, 0x043F, 0x0001, 0x03BE, 0x0001, 0x0117, 0x0001, 0x00F9, 0x0001,
    0x011B, 0x0001, 0x019A, 0x0001, 0x029D, 0x0001, 0x029E, 0x0001, 0x029D, 0x0001, 0x02BD, 0x0001,
    0x029E, 0x0001, 0x7883, 0x0001, 0xF360, 0x0001, 0xFA20, 0x0001, 0x4335, 0x0001, 0x043F, 0x0001,
    0x033D, 0x0001, 0x047E, 0x0001, 0x02DD, 0x0001, 0x0054, 0x0001, 0x0014, 0x0001, 0x000E, 0x0001,
    0x0000, 0x0001, 0x000B, 0x0001, 0x00F4, 0x0001, 0x0135, 0x0001, 0x0119, 0x0002, 0x019C, 0x0001,
    0x01BC, 0x0001, 0x019C, 0x0001, 0x01DE, 0x0001, 0x0056, 0x0001, 0x18C5, 0x0001, 0xE940, 0x0001,
    0xC900, 0x0001, 0x18C5, 0x0003, 0xF1A0, 0x0001, 0xB8C0, 0x0001, 0x18C5, 0x0018, 0xD880, 0x0001,
    0xFA20, 0x0001, 0x52F3, 0x0001, 0x03DF, 0x0001, 0x041D, 0x0001, 0x03FE, 0x0003, 0x041E, 0x0002,
    0x03BE, 0x0001, 0x023D, 0x0001, 0x021B, 0x0001, 0x00D4, 0x0001, 0x03DF, 0x0001, 0x041E, 0x0001,
    0x043E, 0x0001, 0x043F, 0x0001, 0x041E, 0x0001, 0x039D, 0x0001, 0x035D, 0x0001, 0x027E, 0x0001,
    0x00D7, 0x0001, 0x0035, 0x0001, 0x0003, 0x0002, 0x0037, 0x0001, 0x0029, 0x0001, 0x0000, 0x0001,
    0x0024, 0x0001, 0x0035, 0x0001, 0x0055, 0x0001, 0x0054, 0x0002, 0x00B6, 0x0001, 0x019D, 0x0001,
    0x017D, 0x0001, 0x1139, 0x0001, 0xE9E0, 0x0001, 0xFA00, 0x0001, 0x52F3, 0x0001, 0x045F, 0x0001,
    0x031C, 0x0001, 0x02DE, 0x0001, 0x00F9, 0x0001, 0x0007, 0x0001, 0x18C5, 0x0001, 0xA800, 0x0001,
    0x5809, 0x0001, 0x1813, 0x0001, 0x015D, 0x0001, 0x019E, 0x0001, 0x01DE, 0x0001, 0x01BE, 0x0002,
    0x017D, 0x0001, 0x017A, 0x0001, 0x2073, 0x0001, 0x0014, 0x0001, 0x18C5, 0x0001, 0xF9E0, 0x0001,
    0xD960, 0x0001, 0x18C5, 0x0003, 0xFAC0, 0x0001, 0xC880, 0x0001, 0x18C5, 0x0017, 0xB820, 0x0001,
    0xF2A0, 0x0001, 0xFA20, 0x0001, 0x4B74, 0x0001, 0x03DF, 0x0001, 0x041D, 0x0001, 0x03FE, 0x0001,
    0x043E, 0x0002, 0x03BE, 0x0002, 0x043D, 0x0001, 0x039F, 0x0001, 0x00D4, 0x0001, 0x0086, 0x0001,
    0x021E, 0x0001, 0x027B, 0x0001, 0x02DC, 0x0001, 0x029C, 0x0001, 0x017D, 0x0001, 0x0015, 0x0001,
    0x0012, 0x0001, 0x0015, 0x0001, 0x18C5, 0x000D, 0x0014, 0x0001, 0x0013, 0x0001, 0x0811, 0x0001,
    0xB020, 0x0001, 0xF940, 0x0001, 0x5353, 0x0001, 0x03FF, 0x0001, 0x023C, 0x0002, 0x027B, 0x0001,
    0x02DF, 0x0001, 0x0199, 0x0001, 0x6847, 0x0001, 0xC000, 0x0001, 0xB800, 0x0001, 0x400B, 0x0001,
    0x384E, 0x0001, 0x3912, 0x0001, 0x38F2, 0x0001, 0x3912, 0x0001, 0x40B2, 0x0001, 0x8004, 0x0001,
    0xA800, 0x0001, 0x18C5, 0x0002, 0xFA60, 0x0001, 0xC900, 0x0001, 0x18C5, 0x0002, 0xF280, 0x0001,
    0xEA20, 0x0001, 0xB000, 0x0001, 0x18C5, 0x0017, 0xE900, 0x0001, 0xEA60, 0x0001, 0xE920, 0x0001,
    0xA9A8, 0x0001, 0x039D, 0x0001, 0x041E, 0x0001, 0x045D, 0x0001, 0x033D, 0x0001, 0x031D, 0x0001,
    0x02FE, 0x0001, 0x03BD, 0x0001, 0x03DD, 0x0001, 0x029E, 0x0001, 0x0012, 0x0001, 0x18C5, 0x0019,
    0x8001, 0x0001, 0xF960, 0x0001, 0x42B5, 0x0001, 0x03BF, 0x0001, 0x045D, 0x0001, 0x049F, 0x0001,
    0x043F, 0x0001, 0x6AF0, 0x0001, 0x8ACF, 0x0001, 0x90C9, 0x0001, 0xB800, 0x0001, 0xA800, 0x0001,
    0xC000, 0x0005, 0xB800, 0x0001, 0x9800, 0x0001, 0x18C5, 0x0002, 0xF9A0, 0x0001, 0xE9A0, 0x0001,
    0xA800, 0x0001, 0xC800, 0x0001, 0xC000, 0x0001, 0xE900, 0x0001, 0xD8E0, 0x0001, 0x18C5, 0x0017,
    0xA000, 0x0001, 0xF980, 0x0001, 0xE940, 0x0001, 0xD060, 0x0001, 0xF060, 0x0001, 0xB985, 0x0001,
    0x045E, 0x0001, 0x035E, 0x0001, 0x021D, 0x0001, 0x039F, 0x0001, 0x03FF, 0x0001, 0x045E, 0x0001,
    0x03BF, 0x0001, 0x00D8, 0x0001, 0x18C5, 0x001B, 0xC980, 0x0001, 0xDA04, 0x0001, 0x1ADB, 0x0001,
    0x043F, 0x0001, 0x4234, 0x0001, 0xB907, 0x0001, 0xF240, 0x0001, 0xFA60, 0x0001, 0xFA20, 0x0001,
    0xD040, 0x0001, 0xC000, 0x0001, 0xA800, 0x0003, 0x9000, 0x0001, 0x8000, 0x0001, 0x18C5, 0x0003,
    0xE9A0, 0x0001, 0xFAA0, 0x0001, 0xE9E0, 0x0001, 0xF280, 0x0001, 0xF200, 0x0001, 0xC840, 0x0001,
    0xE0E0, 0x0001, 0xB820, 0x0001, 0x18C5, 0x0017, 0xD020, 0x0001, 0xE020, 0x0001, 0xD900, 0x0001,
    0xC060, 0x0001, 0xD8C0, 0x0001, 0xF100, 0x0001, 0xB9A6, 0x0001, 0x231B, 0x0001, 0x2219, 0x0001,
    0x1ADA, 0x0001, 0x23FA, 0x0001, 0x1B7B, 0x0001, 0x694D, 0x0001, 0x9001, 0x0001, 0x18C5, 0x001B,
    0xC080, 0x0001, 0xFAC0, 0x0001, 0xCA03, 0x0001, 0x42F5, 0x0001, 0xF1E0, 0x0001, 0xFA60, 0x0001,
    0xD960, 0x0001, 0xD080, 0x0001, 0xEAA0, 0x0001, 0xF220, 0x0001, 0xEA20, 0x0001, 0xD0A0, 0x0001,
    0xB000, 0x0001, 0x8800, 0x0001, 0x18C5, 0x0004, 0xF180, 0x0001, 0xFB00, 0x0001, 0xE200, 0x0001,
    0xA020, 0x0001, 0xB060, 0x0001, 0xEAC0, 0x0001, 0xE0C0, 0x0001, 0xE940, 0x0001, 0x18C5, 0x0017,
    0xA800, 0x0001, 0xF120, 0x0001, 0xC820, 0x0001, 0xB000, 0x0001, 0xE960, 0x0001, 0xD900, 0x0001,
    0xB880, 0x0001, 0xE080, 0x0001, 0xE900, 0x0001, 0xF100, 0x0001, 0xF900, 0x0001, 0xE0C0, 0x0001,
    0xB800, 0x0001, 0xA000, 0x0001, 0x18C5, 0x001C, 0x9800, 0x0001, 0xE140, 0x0001, 0xFBA0, 0x0001,
    0xEA40, 0x0001, 0xD860, 0x0001, 0xF300, 0x0001, 0xE200, 0x0001, 0xF1E0, 0x0001, 0xF240, 0x0001,
    0xF2E0, 0x0001, 0xF280, 0x0001, 0xEA00, 0x0001, 0xD840, 0x0001, 0xC8E0, 0x0001, 0xC920, 0x0001,
    0xA040, 0x0001, 0x18C5, 0x0001, 0xE100, 0x0001, 0xFB00, 0x0001, 0xEAC0, 0x0001, 0xA000, 0x0001,
    0xC900, 0x0001, 0xD0A0, 0x0001, 0xE1E0, 0x0001, 0xEAC0, 0x0001, 0xD000, 0x0001, 0x18C5, 0x0016,
    0xA800, 0x0001, 0xE060, 0x0001, 0xD0E0, 0x0001, 0xD0C0, 0x0001, 0xE100, 0x0001, 0xC8A0, 0x0001,
    0xE0E0, 0x0001, 0xF0E0, 0x0001, 0xE8A0, 0x0001, 0xB000, 0x0001, 0x9000, 0x0001, 0x18C5, 0x0021,
    0x9800, 0x0001, 0xE140, 0x0001, 0xE180, 0x0001, 0xEA40, 0x0001, 0xE120, 0x0001, 0xD840, 0x0001,
    0xF300, 0x0001, 0xF240, 0x0001, 0xEA20, 0x0001, 0xF260, 0x0002, 0xF200, 0x0001, 0xF1C0, 0x0001,
    0xF2A0, 0x0001, 0xF240, 0x0001, 0xE0E0, 0x0001, 0xF260, 0x0001, 0xEB40, 0x0001, 0xEAA0, 0x0001,
    0xD860, 0x0001, 0xF9A0, 0x0001, 0xF1A0, 0x0001, 0xB020, 0x0001, 0xB900, 0x0001, 0xB800, 0x0001,
    0x18C5, 0x0015, 0xA800, 0x0001, 0xE040, 0x0001, 0xD900, 0x0001, 0xC000, 0x0001, 0xC860, 0x0001,
    0xE8A0, 0x0001, 0xD040, 0x0001, 0x9800, 0x0001, 0x9000, 0x0001, 0x18C5, 0x0026, 0xA800, 0x0001,
    0xE140, 0x0001, 0xE0C0, 0x0001, 0xFA80, 0x0001, 0xF1C0, 0x0001, 0xE140, 0x0001, 0xFAA0, 0x0001,
    0xE0C0, 0x0001, 0xF1E0, 0x0001, 0xF240, 0x0001, 0xF2A0, 0x0001, 0xE980, 0x0001, 0xF1E0, 0x0001,
    0xFB00, 0x0001, 0xF340, 0x0001, 0xF320, 0x0001, 0xE9C0, 0x0001, 0xD040, 0x0001, 0xF1A0, 0x0001,
    0xF180, 0x0001, 0xA820, 0x0001, 0x9800, 0x0001, 0x18C5, 0x0015, 0xD820, 0x0001, 0xE920, 0x0001,
    0xF160, 0x0001, 0xC020, 0x0001, 0xA800, 0x0001, 0x8800, 0x0001, 0x18C5, 0x002C, 0x9020, 0x0001,
    0x9060, 0x0001, 0x8000, 0x0001, 0x9800, 0x0001, 0xB860, 0x0001, 0xB000, 0x0002, 0xB820, 0x0001,
    0xB080, 0x0001, 0xE200, 0x0001, 0xE9A0, 0x0001, 0xEAC0, 0x0001, 0xF2A0, 0x0001, 0xEAE0, 0x0001,
    0xD860, 0x0001, 0xF140, 0x0001, 0xD8A0, 0x0001, 0xD8C0, 0x0001, 0xF260, 0x0001, 0xF2C0, 0x0001,
    0xF920, 0x0001, 0x18C5, 0x0012, 0xE940, 0x0001, 0xF220, 0x0001, 0xF2E0, 0x0001, 0xF2C0, 0x0001,
    0xF200, 0x0001, 0xB080, 0x0001, 0x18C5, 0x0035, 0x7800, 0x0001, 0x9000, 0x0001, 0xB000, 0x0001,
    0x8800, 0x0001, 0x9000, 0x0001, 0xB000, 0x0001, 0x9000, 0x0001, 0xA000, 0x0001, 0xB000, 0x0001,
    0x9800, 0x0001, 0x8000, 0x0001, 0xA800, 0x0001, 0xF160, 0x0001, 0xFAE0, 0x0001, 0xFAC0, 0x0001,
    0x18C5, 0x0010, 0xF2E0, 0x0001, 0xF3E0, 0x0001, 0xEB20, 0x0001, 0xF3C0, 0x0001, 0xEA60, 0x0001,
    0xB000, 0x0001, 0x18C5, 0x0038, 0x8000, 0x0002, 0x7800, 0x0001, 0x7000, 0x0001, 0x7800, 0x0002,
    0x7000, 0x0001, 0x7800, 0x0001, 0x8000, 0x0001, 0x7800, 0x0001, 0xA800, 0x0001, 0xB880, 0x0001,
    0xE1E0, 0x0001, 0xD840, 0x0001, 0x18C5, 0x000C, 0xE000, 0x0001, 0xEA20, 0x0001, 0xFBE0, 0x0001,
    0xF3A0, 0x0001, 0xEB40, 0x0001, 0xF400, 0x0001, 0xE9C0, 0x0001, 0xB800, 0x0001, 0x18C5, 0x0045,
    0x9000, 0x0001, 0x9800, 0x0001, 0x18C5, 0x000A, 0xD040, 0x0001, 0xF1C0, 0x0001, 0xFB80, 0x0001,
    0xF400, 0x0001, 0xEB40, 0x0002, 0xF420, 0x0001, 0xFA60, 0x0001, 0x18C5, 0x0052, 0xF180, 0x0001,
    0xFBA0, 0x0001, 0xF360, 0x0001, 0xF340, 0x0001, 0xEB00, 0x0001, 0xEA20, 0x0001, 0xE9A0, 0x0001,
    0xF9A0, 0x0001, 0xD880, 0x0001, 0x18C5, 0x0051, 0xF9C0, 0x0001, 0xFBC0, 0x0001, 0xEC20, 0x0002,
    0xEB40, 0x0001, 0xEBE0, 0x0001, 0xF4A0, 0x0001, 0xFB60, 0x0001, 0xE080, 0x0001, 0x8000, 0x0001,
    0x18C5, 0x0050, 0xD880, 0x0001, 0xFB20, 0x0001, 0xEC00, 0x0001, 0xF400, 0x0001, 0xF2A0, 0x0001,
    0xF3C0, 0x0001, 0xF300, 0x0001, 0xE1A0, 0x0001, 0xD0E0, 0x0001, 0x9000, 0x0001, 0x18C5, 0x0051,
    0xC860, 0x0001, 0xF1C0, 0x0002, 0xE9E0, 0x0001, 0xD840, 0x0001, 0xC8C0, 0x0001, 0xB820, 0x0001,
    0x9800, 0x0001, 0x18C5, 0x0050,
};

#endif
