#ifndef MCQUEEN_DISCONNECTED_FRAMES_H
#define MCQUEEN_DISCONNECTED_FRAMES_H

/**
 * Auto-gerado por scripts/mcqueen_export.py (RLE, contrato rle_sprite.h)
 * 12 frame(s), 128x128 pixels
 * Raw: 393,216 bytes, RLE: 166,816 bytes
 * Transparent key: 0x18C5
 */

#include <stdint.h>

#define MCQUEEN_DISCONNECTED_WIDTH  128
#define MCQUEEN_DISCONNECTED_HEIGHT 128
#define MCQUEEN_DISCONNECTED_FRAME_COUNT 12

static const uint32_t mcqueen_disconnected_frame_offsets[13] = {
    0, 6978, 13956, 20922, 27852, 34818, 41796, 48774,
    55666, 62608, 69574, 76516, 83408,
};

static const uint16_t mcqueen_disconnected_rle_data[] = {
    0x18C5, 2640, 0x8986, 3, 0x18C5, 123, 0x9083, 1,
    0x8986, 8, 0x18C5, 119, 0x9083, 3, 0x8986, 8,
    0x3800, 1, 0x18C5, 115, 0x7062, 8, 0x9083, 1,
    0x8986, 5, 0x3800, 1, 0x18C5, 113, 0x7800, 9,
    0x9083, 2, 0x8986, 7, 0x632D, 1, 0x8986, 2,
    0x632D, 2, 0x8986, 1, 0x18C5, 104, 0x7800, 9,
    0x7062, 2, 0x9083, 1, 0x7062, 1, 0x9083, 4,
    0x8986, 5, 0x632D, 1, 0x8986, 2, 0x9083, 1,
    0x8986, 2, 0x632D, 2, 0x8986, 2, 0x632D, 1,
    0x18C5, 5, 0x8986, 11, 0x3000, 1, 0x18C5, 77,
    0x7800, 12, 0x7062, 1, 0x7800, 4, 0x7062, 2,
    0x9083, 1, 0x8986, 9, 0x632D, 1, 0x8986, 21,
    0x4800, 1, 0x18C5, 76, 0x7000, 1, 0x6000, 1,
    0x7000, 1, 0x6000, 7, 0x7000, 1, 0x7800, 9,
    0x9083, 9, 0x8986, 6, 0x9083, 4, 0x8986, 2,
    0x9083, 4, 0x7062, 3, 0x9083, 3, 0x5000, 1,
    0x18C5, 76, 0x6000, 1, 0x4800, 1, 0x5000, 8,
    0x6000, 1, 0x7800, 14, 0x8000, 2, 0x7800, 3,
    0x9083, 3, 0x7062, 2, 0x7800, 4, 0x9083, 2,
    0x7062, 2, 0x7800, 6, 0x7062, 2, 0x5000, 1,
    0x18C5, 75, 0x4800, 2, 0x3000, 4, 0x6000, 1,
    0x3000, 4, 0x4800, 1, 0x5000, 1, 0x7000, 9,
    0x7800, 31, 0x18C5, 75, 0x3000, 3, 0x6000, 7,
    0x2000, 2, 0x3000, 1, 0x5000, 8, 0x6000, 2,
    0x7000, 1, 0x7800, 6, 0x7000, 2, 0x7800, 21,
    0x18C5, 75, 0x4841, 4, 0x6000, 8, 0x2000, 2,
    0x3000, 9, 0x6000, 9, 0x7000, 9, 0x7800, 1,
    0x7000, 1, 0x6000, 7, 0x7000, 1, 0x7800, 2,
    0x18C5, 72, 0x7125, 1, 0x7062, 6, 0x6000, 9,
    0x7000, 2, 0x7800, 1, 0x7062, 1, 0x2000, 6,
    0x4800, 7, 0x3000, 3, 0x5000, 8, 0x4800, 1,
    0x5000, 9, 0x7800, 2, 0x18C5, 69, 0x7125, 8,
    0x7062, 2, 0x6000, 7, 0x7000, 3, 0x7062, 4,
    0x8986, 8, 0x3000, 3, 0x2000, 4, 0x3000, 8,
    0x2000, 1, 0x3000, 4, 0x8000, 1, 0x3000, 4,
    0x6000, 1, 0x7000, 1, 0x18C5, 66, 0x4A6A, 2,
    0x7125, 2, 0x4A6A, 4, 0x7125, 3, 0x7062, 1,
    0x4841, 2, 0x6000, 4, 0x7000, 5, 0x7800, 3,
    0x7062, 9, 0x8986, 9, 0x7062, 1, 0x2000, 4,
    0x8000, 1, 0x8800, 1, 0x8000, 4, 0x5000, 2,
    0x3000, 3, 0x4800, 1, 0x6000, 1, 0x18C5, 64,
    0x7125, 1, 0x4A6A, 3, 0x52CC, 4, 0x5AAB, 2,
    0x49E9, 2, 0x7125, 2, 0x6000, 4, 0x7000, 5,
    0x7800, 15, 0x7062, 7, 0x7800, 3, 0x8000, 1,
    0x8800, 1, 0x8000, 3, 0x7062, 1, 0x9083, 2,
    0x4841, 1, 0x5000, 2, 0x3000, 4, 0x4800, 1,
    0x18C5, 62, 0x2926, 1, 0x52CC, 1, 0x2926, 1,
    0x8A88, 4, 0x10A3, 1, 0x3186, 1, 0x7800, 2,
    0x8CD3, 3, 0x7411, 2, 0x52CC, 2, 0x8000, 1,
    0x7800, 1, 0x7000, 6, 0x7800, 22, 0x8000, 4,
    0x8800, 2, 0x9083, 1, 0x8986, 2, 0x4841, 3,
    0x3800, 1, 0x3000, 1, 0x20A3, 2, 0x2000, 1,
    0x3000, 1, 0x18C5, 55, 0x7800, 7, 0x7000, 5,
    0x6000, 4, 0x5000, 1, 0x4800, 5, 0x7800, 2,
    0x8A88, 1, 0x2125, 1, 0x632D, 1, 0x7800, 1,
    0x7062, 2, 0x52CC, 3, 0x7000, 9, 0x7800, 13,
    0x8000, 2, 0x9083, 2, 0x8986, 2, 0x632D, 1,
    0x39E9, 1, 0x4841, 2, 0x3800, 3, 0x20A3, 2,
    0x3186, 1, 0x2000, 1, 0x3000, 1, 0x18C5, 53,
    0x7800, 2, 0x8000, 5, 0x10A3, 2, 0x6B8E, 8,
    0xB4EC, 1, 0x52CC, 1, 0x7062, 1, 0x20A3, 2,
    0x6000, 2, 0x5000, 1, 0x4800, 3, 0x3800, 1,
    0x7000, 3, 0x8A88, 1, 0x632D, 1, 0x6B8E, 1,
    0x7411, 6, 0x8CD3, 1, 0x7000, 4, 0x7800, 7,
    0x7000, 1, 0x7800, 1, 0x8000, 1, 0x9083, 2,
    0x632D, 5, 0x39E9, 1, 0x50E5, 2, 0x3800, 3,
    0x20A3, 2, 0x49E9, 2, 0x3186, 1, 0x6000, 1,
    0x18C5, 51, 0x8800, 7, 0x20E5, 1, 0x6B8E, 3,
    0x8986, 2, 0x4A6A, 2, 0x7411, 1, 0xB4EC, 4,
    0x2125, 2, 0x9C4A, 4, 0x20A3, 1, 0x10A3, 1,
    0x6000, 2, 0x5000, 2, 0x3800, 3, 0x7000, 3,
    0x8A88, 1, 0x2125, 3, 0x20A3, 1, 0x5000, 1,
    0x6000, 5, 0x7000, 1, 0x2125, 1, 0x7000, 3,
    0x8000, 1, 0x7800, 2, 0x8986, 2, 0x632D, 2,
    0x6B8E, 2, 0x632D, 1, 0x39E9, 1, 0x50E5, 2,
    0x20A3, 5, 0x49E9, 3, 0x8A88, 1, 0x3186, 1,
    0x18C5, 48, 0x8800, 1, 0x7800, 3, 0x8986, 5,
    0x2926, 2, 0x52CC, 2, 0x632D, 1, 0x5AAB, 2,
    0x49E9, 1, 0x52CC, 3, 0x632D, 1, 0x52CC, 2,
    0xB4EC, 4, 0x2125, 2, 0x7000, 3, 0x6000, 5,
    0x5000, 4, 0x3800, 1, 0x7000, 2, 0x6000, 1,
    0x7000, 1, 0x6000, 3, 0x7062, 1, 0x5000, 1,
    0x6000, 5, 0x7800, 2, 0x9083, 2, 0x6B8E, 4,
    0x632D, 2, 0x50E5, 3, 0x4841, 1, 0x20A3, 2,
    0x20E5, 2, 0x49E9, 3, 0x8A88, 2, 0x49E9, 1,
    0x18C5, 47, 0x7800, 2, 0x7062, 2, 0x8986, 4,
    0x2125, 1, 0x632D, 2, 0x6B8E, 3, 0xB4EC, 1,
    0x9C4A, 3, 0x8C0C, 2, 0x9C4A, 4, 0x4A6A, 1,
    0x632D, 2, 0x5AAB, 1, 0x7125, 2, 0x7000, 7,
    0x6000, 4, 0x7800, 1, 0x6B8E, 1, 0x7800, 2,
    0x7000, 1, 0x6B8E, 4, 0x2125, 1, 0x632D, 1,
    0x6000, 3, 0x7000, 1, 0x7800, 2, 0x9083, 2,
    0x6B8E, 1, 0x7411, 2, 0x632D, 2, 0x39E9, 3,
    0x20A3, 1, 0x10A3, 1, 0x4841, 2, 0x20E5, 2,
    0x49E9, 3, 0x8A88, 4, 0x18C5, 46, 0x7800, 2,
    0x8986, 5, 0x39E9, 2, 0x6B8E, 5, 0x632D, 1,
    0x6B8E, 2, 0x8C0C, 1, 0x52CC, 2, 0x9C4A, 2,
    0x8C0C, 2, 0x9C4A, 1, 0x52CC, 1, 0x4A6A, 1,
    0x49E9, 2, 0x7062, 2, 0x7000, 9, 0x7800, 1,
    0x8986, 1, 0x8A88, 1, 0x6B8E, 1, 0x3800, 1,
    0x7800, 1, 0x6B8E, 1, 0x7411, 1, 0x39E9, 1,
    0x20E5, 1, 0x52CC, 1, 0x2125, 1, 0x52CC, 1,
    0x20E5, 1, 0x632D, 1, 0x6000, 1, 0x8000, 1,
    0x9083, 2, 0x6B8E, 1, 0x7411, 3, 0x6B8E, 2,
    0x49E9, 1, 0x39E9, 1, 0x20A3, 4, 0x10A3, 3,
    0x8A88, 7, 0x9C4A, 1, 0x18C5, 44, 0x7800, 3,
    0x8986, 4, 0x632D, 1, 0x39E9, 2, 0x6B8E, 3,
    0x632D, 1, 0x4A6A, 2, 0x632D, 1, 0xB4EC, 1,
    0x8C0C, 1, 0x52CC, 2, 0x39E9, 2, 0x632D, 1,
    0x9C4A, 2, 0x52CC, 2, 0x49E9, 2, 0x7125, 2,
    0x6000, 5, 0x7000, 3, 0x7800, 2, 0x8986, 2,
    0x20E5, 2, 0x10A3, 2, 0x7800, 1, 0x4A6A, 1,
    0x7411, 2, 0x8CD3, 1, 0x6B8E, 1, 0x632D, 1,
    0x52CC, 1, 0x20A3, 1, 0x7125, 1, 0x9083, 1,
    0x6B8E, 2, 0x7411, 2, 0x6B8E, 2, 0x49E9, 2,
    0x3186, 2, 0x20A3, 2, 0x3186, 3, 0x9C4A, 3,
    0x8A88, 5, 0x49E9, 1, 0x9C4A, 1, 0x18C5, 43,
    0x9083, 1, 0x8986, 3, 0x632D, 3, 0x8A88, 1,
    0x10A3, 2, 0x6B8E, 3, 0x5AAB, 3, 0x632D, 1,
    0x9C4A, 2, 0x8C0C, 2, 0x9C4A, 5, 0x52CC, 1,
    0x5AAB, 1, 0x49E9, 1, 0x7125, 5, 0x6000, 6,
    0x8800, 1, 0x8986, 2, 0x20E5, 3, 0x7411, 2,
    0x3186, 1, 0x20A3, 1, 0x52CC, 1, 0x7411, 5,
    0x20E5, 2, 0x7411, 4, 0x6B8E, 2, 0x632D, 1,
    0x39E9, 2, 0x50E5, 2, 0x3186, 2, 0x20A3, 2,
    0x4A6A, 1, 0x8C0C, 1, 0x9C4A, 2, 0x8A88, 7,
    0x8C0C, 1, 0x18C5, 42, 0x8986, 1, 0x6B8E, 1,
    0x8986, 2, 0x6B8E, 11, 0x4A6A, 7, 0x9C4A, 2,
    0x632D, 2, 0x5AAB, 2, 0x49E9, 3, 0x7125, 4,
    0x4841, 2, 0x6000, 3, 0x3186, 1, 0x8986, 2,
    0x20E5, 2, 0x7411, 3, 0x8CD3, 1, 0x7411, 1,
    0x52CC, 1, 0x20A3, 1, 0x7411, 3, 0x20A3, 2,
    0x6B8E, 6, 0x4A6A, 3, 0x5AAB, 1, 0x39E9, 2,
    0x20E5, 2, 0x20A3, 1, 0x4A6A, 1, 0x8C0C, 3,
    0x9C4A, 3, 0x8A88, 4, 0x9C4A, 1, 0x8C0C, 1,
    0x7125, 1, 0x18C5, 41, 0x10A3, 1, 0x1927, 1,
    0x3189, 4, 0x1927, 2, 0x3189, 5, 0x1927, 1,
    0x8A88, 1, 0x632D, 2, 0x5AAB, 2, 0x632D, 5,
    0x5AAB, 3, 0x49E9, 4, 0x7125, 1, 0x50E5, 5,
    0x6000, 2, 0x8986, 1, 0x3186, 2, 0x20E5, 2,
    0x8CD3, 2, 0x7411, 1, 0x8CD3, 4, 0x52CC, 1,
    0x2125, 1, 0x52CC, 1, 0x632D, 1, 0x20A3, 2,
    0x632D, 1, 0x5AAB, 1, 0x6B8E, 4, 0x632D, 1,
    0x4A6A, 1, 0x39E9, 1, 0x4A6A, 2, 0x6B2C, 1,
    0x20E5, 3, 0x3186, 1, 0x8C0C, 2, 0x9C4A, 4,
    0x8A88, 4, 0x9C4A, 2, 0x8986, 1, 0x7125, 1,
    0x18C5, 40, 0x1927, 1, 0x3189, 8, 0x416A, 3,
    0x3189, 4, 0x416A, 8, 0x632D, 1, 0x8986, 2,
    0x5AAB, 3, 0x7125, 1, 0x5AAB, 3, 0x49E9, 1,
    0x7125, 2, 0x6000, 2, 0x8986, 2, 0x10A3, 1,
    0x20E5, 2, 0x8CD3, 7, 0x7411, 1, 0x6B8E, 1,
    0x2926, 2, 0x4A6A, 1, 0x52CC, 1, 0x3186, 1,
    0x52CC, 1, 0x6B8E, 4, 0x632D, 1, 0x4A6A, 1,
    0x39E9, 2, 0x4A6A, 1, 0x8C0C, 2, 0x39E9, 2,
    0x3186, 2, 0x9C4A, 6, 0x8A88, 3, 0x9C4A, 2,
    0x8A88, 1, 0x8C0C, 1, 0x8986, 1, 0x18C5, 40,
    0x3189, 8, 0x498A, 7, 0x416A, 2, 0x498A, 9,
    0x416A, 1, 0x498A, 2, 0x416A, 3, 0x50E5, 2,
    0x5AAB, 2, 0x7062, 2, 0x8A88, 1, 0x8986, 2,
    0x3186, 1, 0x8CD3, 10, 0x7411, 1, 0x3186, 1,
    0x20A3, 1, 0x4A6A, 1, 0x20A3, 1, 0x4A6A, 1,
    0x632D, 2, 0x6B8E, 1, 0x632D, 3, 0x5AAB, 1,
    0x4A6A, 3, 0x8C0C, 3, 0xB4EC, 1, 0x6B2C, 1,
    0xB4EC, 1, 0x9C4A, 5, 0x8A88, 2, 0x9C4A, 4,
    0x8C0C, 1, 0x8986, 1, 0x9C4A, 1, 0x18C5, 39,
    0x3189, 9, 0x498A, 17, 0x416A, 9, 0x3189, 1,
    0x1927, 1, 0x0862, 1, 0x9083, 1, 0x8986, 1,
    0x8A88, 1, 0x20E5, 1, 0x7411, 1, 0x8CD3, 8,
    0x7411, 3, 0x632D, 1, 0x3186, 1, 0x20A3, 1,
    0x8986, 1, 0x8A88, 1, 0x6B8E, 2, 0x632D, 3,
    0x4A6A, 1, 0x39E9, 2, 0x4A6A, 1, 0x8C0C, 3,
    0xD5ED, 1, 0xB4EC, 1, 0x6B2C, 1, 0xB4EC, 2,
    0x9C4A, 4, 0x8A88, 1, 0x9C4A, 7, 0x5AAB, 1,
    0x18C5, 39, 0x3189, 9, 0x498A, 15, 0x416A, 1,
    0x3189, 1, 0x1927, 1, 0x416A, 11, 0x0862, 1,
    0x8A88, 1, 0x8C0C, 1, 0x3186, 1, 0x52CC, 1,
    0x8CD3, 4, 0x7411, 7, 0x6B8E, 1, 0x4841, 1,
    0x7062, 1, 0x5AAB, 1, 0x632D, 3, 0x6B8E, 1,
    0x632D, 1, 0x5AAB, 2, 0x4A6A, 3, 0x8C0C, 1,
    0xD5ED, 1, 0xB4EC, 1, 0xD5ED, 2, 0xB4EC, 2,
    0x9C4A, 4, 0x8A88, 1, 0x9C4A, 6, 0x8A88, 2,
    0x6B2C, 1, 0x18C5, 38, 0x3189, 9, 0x498A, 17,
    0x416A, 4, 0x1927, 2, 0x3189, 1, 0x416A, 6,
    0x3189, 1, 0x8A88, 2, 0x3186, 1, 0x8CD3, 5,
    0x7411, 8, 0x2926, 1, 0x7062, 1, 0x5AAB, 1,
    0x632D, 2, 0x6B8E, 2, 0x632D, 1, 0x5AAB, 1,
    0x4A6A, 1, 0x39E9, 1, 0x4A6A, 1, 0x8C0C, 1,
    0xD5ED, 5, 0xB4EC, 1, 0x9C4A, 4, 0x18C5, 1,
    0x9C4A, 5, 0x8A88, 1, 0x9C4A, 1, 0x5AAB, 1,
    0x8A88, 1, 0x9C4A, 1, 0x18C5, 38, 0x3189, 9,
    0x498A, 17, 0x416A, 14, 0x8C0C, 1, 0x3186, 2,
    0x6B8E, 1, 0x8CD3, 3, 0x7411, 9, 0x52CC, 1,
    0x4A6A, 1, 0x6B8E, 1, 0x632D, 2, 0x6B8E, 1,
    0x632D, 3, 0x52CC, 1, 0x4A6A, 2, 0xD5ED, 1,
    0xB4EC, 1, 0xD5ED, 1, 0xF6CE, 1, 0xD5ED, 7,
    0x18C5, 4, 0x9C4A, 1, 0x8A88, 2, 0x5AAB, 2,
    0x6B2C, 1, 0x8A88, 1, 0x18C5, 37, 0x3189, 9,
    0x498A, 17, 0x416A, 15, 0x8986, 1, 0x8C0C, 1,
    0x3186, 1, 0x7411, 1, 0x8CD3, 1, 0x7411, 10,
    0x52CC, 1, 0x2125, 1, 0x6B8E, 1, 0x632D, 1,
    0x52CC, 1, 0x6B8E, 2, 0x632D, 3, 0x52CC, 1,
    0x8CD3, 1, 0xF6CE, 6, 0xD5ED, 5, 0x18C5, 8,
    0x3186, 1, 0x5AAB, 1, 0x7125, 1, 0x7062, 1,
    0x18C5, 36, 0x10A3, 1, 0x3189, 9, 0x498A, 17,
    0x416A, 14, 0x3189, 1, 0x8C0C, 1, 0x632D, 1,
    0x3186, 1, 0x7411, 10, 0x52CC, 2, 0x6B8E, 1,
    0x632D, 1, 0x4A6A, 1, 0x52CC, 1, 0x6B8E, 2,
    0x632D, 2, 0x6B8E, 1, 0x632D, 1, 0x8CD3, 2,
    0xF6CE, 3, 0xD5ED, 7, 0x18C5, 9, 0x3000, 1,
    0x9C4A, 1, 0x8A88, 1, 0x6B8E, 1, 0x18C5, 36,
    0x1927, 1, 0x3189, 9, 0x498A, 17, 0x416A, 14,
    0x3189, 1, 0x9083, 1, 0x6B8E, 1, 0x3186, 1,
    0x52CC, 1, 0x7411, 5, 0x8CD3, 1, 0x7411, 1,
    0x632D, 2, 0x52CC, 1, 0x6B8E, 1, 0x5AAB, 1,
    0x52CC, 1, 0x6B8E, 3, 0x632D, 1, 0x6B8E, 2,
    0x8CD3, 2, 0xF6CE, 6, 0xD5ED, 6, 0x18C5, 9,
    0x3000, 1, 0x5AAB, 1, 0x9C4A, 1, 0x5AAB, 1,
    0x18C5, 35, 0x10A3, 1, 0x1927, 1, 0x3189, 8,
    0x498A, 18, 0x2125, 1, 0x416A, 13, 0x3189, 2,
    0x52CC, 1, 0x3186, 1, 0x6B8E, 1, 0x7411, 4,
    0x8CD3, 2, 0x7411, 2, 0x3186, 1, 0x632D, 1,
    0x5AAB, 1, 0x4A6A, 1, 0x6B8E, 6, 0x8CD3, 3,
    0xF6CE, 5, 0xD5ED, 6, 0x0862, 2, 0x39E9, 1,
    0x6B8E, 1, 0x18C5, 6, 0x3000, 1, 0x5AAB, 2,
    0x3186, 1, 0x18C5, 34, 0x6B8E, 1, 0x10A3, 1,
    0x3189, 9, 0x498A, 17, 0x416A, 14, 0x3189, 2,
    0x416A, 1, 0x8A88, 1, 0x3186, 1, 0x52CC, 1,
    0x7411, 6, 0x2125, 1, 0x3186, 1, 0x5AAB, 1,
    0x4A6A, 1, 0x52CC, 1, 0x6B8E, 6, 0x8CD3, 3,
    0xF6CE, 6, 0xD5ED, 5, 0x0862, 2, 0x39E9, 1,
    0x3186, 1, 0x8986, 1, 0x7125, 1, 0x8986, 1,
    0x7125, 1, 0x18C5, 3, 0x3000, 1, 0x8A88, 2,
    0x18C5, 34, 0x6B8E, 1, 0x10A3, 1, 0x1927, 1,
    0x3189, 8, 0x498A, 18, 0x416A, 14, 0x3189, 2,
    0x416A, 1, 0x8986, 1, 0x3186, 1, 0x7411, 5,
    0x2125, 1, 0x3186, 1, 0x10A3, 1, 0x4A6A, 1,
    0x39E9, 1, 0x632D, 1, 0x7411, 2, 0x6B8E, 3,
    0x8CD3, 2, 0x7411, 1, 0x8CD3, 3, 0xF6CE, 5,
    0xD5ED, 4, 0x0862, 2, 0x7125, 2, 0x2926, 1,
    0x7125, 3, 0x8986, 1, 0x0862, 1, 0x18C5, 2,
    0x7000, 1, 0x3186, 2, 0x18C5, 32, 0x6B8E, 1,
    0x8986, 1, 0x7000, 2, 0x18C5, 1, 0x1927, 3,
    0x3189, 5, 0x498A, 18, 0x416A, 14, 0x3189, 2,
    0x416A, 1, 0x8986, 1, 0x2125, 1, 0x3186, 1,
    0x6B8E, 1, 0x7411, 1, 0x3186, 2, 0x2125, 1,
    0x5AAB, 1, 0x39E9, 2, 0x632D, 2, 0x5AAB, 3,
    0x6B8E, 1, 0x8CD3, 8, 0xD5ED, 1, 0xF6CE, 2,
    0xD5ED, 5, 0x0862, 1, 0x2125, 1, 0x8986, 1,
    0x3186, 1, 0x2125, 1, 0x20A3, 2, 0x3186, 1,
    0x8986, 1, 0x2125, 1, 0x18C5, 2, 0x7800, 1,
    0x3186, 2, 0x18C5, 30, 0x6B8E, 1, 0xA001, 1,
    0x7000, 1, 0x8986, 1, 0x2000, 1, 0x3000, 3,
    0x8986, 1, 0x7000, 3, 0x1927, 3, 0x3189, 5,
    0x498A, 13, 0x416A, 14, 0x3189, 1, 0x416A, 2,
    0x7125, 1, 0x20E5, 1, 0x3186, 2, 0x52CC, 2,
    0x8A88, 1, 0x5AAB, 1, 0x7125, 1, 0x39E9, 1,
    0x632D, 1, 0x5AAB, 3, 0x52CC, 1, 0x8CD3, 6,
    0xF6CE, 4, 0x8CD3, 1, 0xF6CE, 6, 0x10A3, 1,
    0x0862, 1, 0x7125, 1, 0x3186, 1, 0x2125, 1,
    0x20A3, 1, 0x0862, 1, 0x10A3, 1, 0x20A3, 1,
    0x3186, 1, 0x8986, 1, 0x18C5, 2, 0x7800, 1,
    0x3186, 1, 0x18C5, 29, 0x8CD3, 1, 0x7000, 1,
    0x8986, 2, 0x20A3, 1, 0x8000, 1, 0x8986, 4,
    0x632D, 1, 0x3186, 1, 0x20E5, 1, 0x20A3, 2,
    0x8986, 5, 0x7000, 1, 0x3189, 6, 0x416A, 5,
    0x498A, 2, 0x416A, 14, 0x3189, 2, 0x416A, 2,
    0x7125, 1, 0x2125, 1, 0x20E5, 1, 0x3186, 1,
    0x8A88, 1, 0x7125, 1, 0x5AAB, 1, 0x39E9, 1,
    0x632D, 3, 0x5AAB, 2, 0x4A6A, 1, 0x8CD3, 1,
    0x7411, 1, 0x8CD3, 2, 0xF6CE, 14, 0x10A3, 1,
    0x7125, 2, 0x20A3, 1, 0x0862, 1, 0x2125, 3,
    0x20A3, 1, 0x2125, 1, 0x8986, 1, 0x18C5, 2,
    0x7000, 1, 0x0862, 1, 0x18C5, 27, 0xA001, 1,
    0x7000, 1, 0x8986, 1, 0x2000, 1, 0x8000, 2,
    0x5AAB, 6, 0x632D, 4, 0x4A6A, 2, 0x2926, 1,
    0x2125, 2, 0x20A3, 1, 0x8986, 5, 0x7000, 1,
    0x6000, 1, 0x7000, 3, 0x6000, 1, 0x3189, 4,
    0x416A, 13, 0x3189, 2, 0x416A, 2, 0x9083, 1,
    0x3186, 1, 0x8986, 1, 0x50E5, 1, 0x5AAB, 2,
    0x39E9, 1, 0x632D, 2, 0x5AAB, 2, 0x52CC, 1,
    0x8CD3, 3, 0x7411, 2, 0x8CD3, 1, 0xF6CE, 9,
    0xB4EC, 1, 0xF6CE, 4, 0x20A3, 1, 0x7125, 2,
    0x2125, 2, 0x5AAB, 3, 0x2125, 1, 0x20A3, 1,
    0x7125, 1, 0x2926, 1, 0x18C5, 1, 0x4841, 1,
    0x18C5, 26, 0x6000, 2, 0x8986, 1, 0x2000, 2,
    0x7062, 1, 0x632D, 2, 0x5AAB, 8, 0x632D, 1,
    0x6B8E, 7, 0x4A6A, 3, 0x52CC, 1, 0x4A6A, 1,
    0x20A3, 3, 0x10A3, 2, 0x8986, 3, 0x10A3, 1,
    0x8986, 5, 0x7800, 1, 0x7000, 1, 0x7800, 1,
    0x7000, 2, 0x6B8E, 1, 0x416A, 4, 0x3189, 1,
    0x416A, 3, 0x39E9, 1, 0x5AAB, 2, 0x4A6A, 2,
    0x6B8E, 2, 0x5AAB, 2, 0x52CC, 1, 0x8CD3, 3,
    0xF6CE, 2, 0x6B8E, 1, 0x7411, 1, 0xF6CE, 3,
    0x7411, 2, 0xF6CE, 4, 0xB4EC, 1, 0xF6CE, 3,
    0x20E5, 1, 0x3186, 1, 0x7125, 1, 0x2125, 2,
    0x5AAB, 1, 0x0862, 1, 0x3186, 2, 0x2125, 1,
    0x20A3, 1, 0x3186, 2, 0x18C5, 1, 0x4841, 1,
    0x18C5, 23, 0x8CD3, 1, 0xA001, 1, 0x6000, 1,
    0x8986, 2, 0x2000, 1, 0x7125, 2, 0x6B8E, 1,
    0x5AAB, 7, 0x8A88, 1, 0x632D, 1, 0x6B8E, 5,
    0x632D, 2, 0x6B8E, 7, 0x632D, 2, 0x6B8E, 2,
    0x2125, 1, 0x4A6A, 1, 0x7125, 2, 0x2125, 4,
    0x3186, 1, 0x4A6A, 1, 0x632D, 1, 0x7062, 3,
    0x3000, 1, 0x4800, 1, 0x2000, 1, 0x3000, 2,
    0x2000, 1, 0x8986, 2, 0x5000, 1, 0x7125, 1,
    0x4A6A, 3, 0x632D, 3, 0x5AAB, 2, 0x7411, 1,
    0x8CD3, 2, 0xF6CE, 4, 0x6B8E, 2, 0xF6CE, 3,
    0x2125, 2, 0x39E9, 1, 0xF6CE, 3, 0xB4EC, 1,
    0xF6CE, 3, 0x10A3, 1, 0x3186, 2, 0x0862, 1,
    0x49E9, 1, 0x3186, 1, 0x20A3, 1, 0x3800, 2,
    0x3186, 1, 0x2125, 2, 0x39E9, 1, 0x18C5, 23,
    0x8CD3, 1, 0xA001, 1, 0x6000, 1, 0x8986, 2,
    0x2000, 1, 0x2125, 1, 0x2926, 1, 0x632D, 1,
    0x52CC, 1, 0x632D, 1, 0x9C4A, 1, 0x4A6A, 1,
    0x49E9, 2, 0x5AAB, 1, 0x4A6A, 1, 0x632D, 1,
    0x4A6A, 1, 0x6B8E, 2, 0xB4EC, 1, 0x7411, 1,
    0xB4EC, 11, 0x632D, 2, 0x6B8E, 11, 0x632D, 1,
    0x8986, 5, 0x7800, 1, 0x2000, 2, 0x8986, 2,
    0x7125, 3, 0x4A6A, 2, 0x632D, 1, 0x6B8E, 1,
    0x632D, 3, 0x8C0C, 1, 0x8CD3, 1, 0x7411, 1,
    0xF6CE, 6, 0x6B8E, 2, 0xF6CE, 3, 0x7411, 1,
    0xF6CE, 1, 0x39E9, 1, 0xF6CE, 1, 0xD5ED, 1,
    0xF6CE, 1, 0xB4EC, 1, 0xF6CE, 3, 0x2125, 1,
    0x8986, 1, 0x20A3, 2, 0x0862, 1, 0x3800, 1,
    0x20A3, 3, 0x10A3, 1, 0x2125, 2, 0x39E9, 1,
    0x18C5, 21, 0x8CD3, 1, 0x7411, 1, 0xA001, 1,
    0x8986, 2, 0x2000, 2, 0x7062, 1, 0x52CC, 2,
    0x9C4A, 2, 0x8C0C, 1, 0x9C4A, 5, 0x632D, 1,
    0xB4EC, 2, 0x52CC, 3, 0x632D, 2, 0xB4EC, 3,
    0x632D, 6, 0x9C4A, 4, 0x632D, 4, 0x6B8E, 3,
    0x632D, 2, 0x8986, 4, 0x7800, 2, 0x2000, 2,
    0x8986, 1, 0x7000, 1, 0x50E5, 3, 0x49E9, 2,
    0x52CC, 1, 0x632D, 1, 0x6B8E, 2, 0x632D, 3,
    0x8CD3, 3, 0xF6CE, 3, 0x8CD3, 1, 0xF6CE, 3,
    0x9C4A, 1, 0xF6CE, 3, 0xB4EC, 2, 0xD5ED, 1,
    0xF6CE, 1, 0xD5ED, 1, 0xF6CE, 1, 0x6B2C, 1,
    0xF6CE, 3, 0x3186, 1, 0x7125, 1, 0x0862, 1,
    0x2125, 1, 0x3800, 1, 0x20A3, 1, 0x0862, 1,
    0x20A3, 1, 0x10A3, 1, 0x0862, 1, 0x2125, 1,
    0x20A3, 1, 0x39E9, 1, 0x18C5, 19, 0x8CD3, 1,
    0x7411, 1, 0x9083, 1, 0x5000, 1, 0x7125, 1,
    0x2000, 2, 0x20E5, 2, 0x632D, 3, 0x9C4A, 3,
    0x39E9, 2, 0x4A6A, 1, 0x8C0C, 2, 0xB4EC, 1,
    0x632D, 3, 0x52CC, 1, 0x632D, 7, 0x6B8E, 1,
    0xB4EC, 2, 0x6B8E, 2, 0x632D, 1, 0x6B8E, 2,
    0x9C4A, 1, 0x7411, 2, 0x632D, 1, 0x6B8E, 2,
    0x632D, 3, 0x8986, 2, 0x632D, 2, 0x7800, 1,
    0x2000, 1, 0x8986, 2, 0x50E5, 3, 0x49E9, 4,
    0x52CC, 1, 0x6B8E, 1, 0x632D, 2, 0x8C0C, 2,
    0x8CD3, 5, 0xF6CE, 1, 0x8CD3, 3, 0xF6CE, 3,
    0x9C4A, 1, 0xF6CE, 4, 0xB4EC, 1, 0xD5ED, 1,
    0xB4EC, 2, 0xF6CE, 1, 0x6B2C, 1, 0xF6CE, 3,
    0x2926, 2, 0x2125, 1, 0x3186, 1, 0x20A3, 2,
    0x0862, 1, 0x20A3, 1, 0x0862, 1, 0x20A3, 1,
    0x5AAB, 1, 0x20A3, 1, 0x6B8E, 1, 0x2125, 1,
    0x18C5, 16, 0x7411, 2, 0x632D, 1, 0x7062, 1,
    0x5000, 1, 0x7125, 1, 0x2000, 2, 0x3189, 1,
    0x8C0C, 3, 0x9C4A, 2, 0x8C0C, 1, 0x9C4A, 2,
    0x6000, 2, 0x9C4A, 1, 0x5AAB, 2, 0x3186, 1,
    0xB4EC, 4, 0x632D, 1, 0xB4EC, 3, 0x632D, 1,
    0x52CC, 2, 0x632D, 4, 0x52CC, 1, 0xB4EC, 1,
    0x632D, 1, 0x52CC, 2, 0xB4EC, 3, 0x632D, 3,
    0x9083, 2, 0x8986, 1, 0x632D, 1, 0x8000, 1,
    0x0862, 2, 0x8986, 1, 0x4841, 1, 0x50E5, 1,
    0x49E9, 4, 0x52CC, 3, 0x6B8E, 1, 0x632D, 1,
    0x6B8E, 2, 0x632D, 1, 0x8CD3, 5, 0x7411, 2,
    0x8CD3, 1, 0x6B8E, 2, 0x632D, 1, 0xD5ED, 1,
    0xF6CE, 1, 0xB4EC, 1, 0x8CD3, 1, 0xF6CE, 1,
    0xD5ED, 2, 0xF6CE, 1, 0xD5ED, 2, 0xF6CE, 1,
    0x7411, 1, 0x6B2C, 1, 0xF6CE, 1, 0xD5ED, 1,
    0x10A3, 1, 0x2926, 1, 0x20A3, 1, 0x2125, 1,
    0x10A3, 2, 0x20A3, 1, 0x10A3, 2, 0x20A3, 2,
    0x2125, 1, 0x20A3, 1, 0x39E9, 1, 0x2125, 1,
    0x18C5, 15, 0x6B8E, 3, 0x8986, 2, 0x7125, 1,
    0x2000, 2, 0x5000, 1, 0x632D, 2, 0x8C0C, 1,
    0x8A88, 1, 0x6B2C, 2, 0x5000, 1, 0x7125, 1,
    0x8C0C, 2, 0xB4EC, 2, 0x8986, 1, 0x2125, 1,
    0x4A6A, 2, 0xB4EC, 3, 0x632D, 1, 0xB4EC, 3,
    0x4A6A, 1, 0xB4EC, 3, 0x52CC, 4, 0x632D, 1,
    0x5AAB, 1, 0x52CC, 2, 0xB4EC, 6, 0x6B8E, 1,
    0x52CC, 1, 0x8000, 2, 0x2000, 1, 0x8986, 1,
    0x4841, 2, 0x39E9, 3, 0x52CC, 5, 0x632D, 4,
    0x8CD3, 7, 0x7411, 1, 0xD5ED, 1, 0x7411, 1,
    0x6B8E, 1, 0x9C4A, 1, 0x3186, 1, 0x8CD3, 1,
    0xD5ED, 1, 0xB4EC, 1, 0x7411, 1, 0xF6CE, 1,
    0xD5ED, 1, 0x9C4A, 1, 0xD5ED, 3, 0x2125, 1,
    0x0000, 1, 0x9C4A, 1, 0xF6CE, 1, 0xD5ED, 1,
    0x20E5, 1, 0x3186, 1, 0x20A3, 1, 0x2125, 1,
    0x3800, 1, 0x0862, 1, 0x10A3, 1, 0x20A3, 1,
    0x10A3, 2, 0x20A3, 1, 0x7125, 1, 0x20A3, 1,
    0x6B8E, 1, 0x2125, 1, 0x18C5, 14, 0xB4EC, 1,
    0x6B8E, 1, 0x632D, 1, 0x8986, 2, 0x7125, 1,
    0x2000, 2, 0x6000, 1, 0x4A6A, 2, 0x8C0C, 2,
    0x8A88, 2, 0x8C0C, 1, 0x6B2C, 3, 0x8C0C, 1,
    0x4A6A, 2, 0x8C0C, 1, 0x9C4A, 3, 0x8C0C, 1,
    0x20E5, 1, 0x8C0C, 2, 0xB4EC, 1, 0x4A6A, 2,
    0xB4EC, 7, 0x8C0C, 1, 0x52CC, 1, 0x9C4A, 1,
    0xB4EC, 1, 0x7125, 1, 0x6000, 2, 0xB4EC, 1,
    0x9C4A, 1, 0x52CC, 1, 0xB4EC, 3, 0x10A3, 1,
    0x8986, 1, 0x50E5, 2, 0x39E9, 3, 0x4A6A, 5,
    0x632D, 2, 0x7411, 1, 0x6B8E, 1, 0x632D, 1,
    0x8CD3, 8, 0x7411, 1, 0xD5ED, 1, 0xF6CE, 3,
    0x7411, 1, 0xF6CE, 1, 0xD5ED, 2, 0x3186, 1,
    0xF6CE, 1, 0x9C4A, 2, 0x7411, 1, 0x39E9, 1,
    0x3189, 2, 0x9C4A, 1, 0xF6CE, 1, 0xD5ED, 2,
    0x10A3, 1, 0x3186, 1, 0x20A3, 1, 0x5AAB, 1,
    0x3800, 1, 0x20A3, 1, 0x0862, 2, 0x20A3, 1,
    0x0862, 1, 0x6000, 1, 0x2125, 1, 0x20A3, 1,
    0x39E9, 1, 0x18C5, 14, 0x6B8E, 1, 0x7411, 1,
    0x632D, 1, 0x5AAB, 1, 0x8986, 1, 0x7125, 1,
    0x2000, 2, 0x5000, 1, 0x5AAB, 2, 0x39E9, 1,
    0x4A6A, 1, 0x8C0C, 2, 0x8A88, 1, 0x6B2C, 1,
    0x9C4A, 1, 0x6B2C, 1, 0x4A6A, 1, 0x9C4A, 3,
    0x8C0C, 1, 0x4A6A, 1, 0x39E9, 1, 0x50E5, 1,
    0x20E5, 1, 0x6B2C, 2, 0x9C4A, 1, 0x39E9, 1,
    0x8C0C, 2, 0x6B2C, 1, 0x2125, 1, 0x8C0C, 2,
    0xB4EC, 1, 0x8C0C, 2, 0x49E9, 1, 0xB4EC, 2,
    0x6000, 1, 0x4A6A, 1, 0xB4EC, 2, 0x52CC, 2,
    0x632D, 1, 0x8800, 1, 0x2000, 1, 0x8986, 1,
    0x4841, 2, 0x3000, 2, 0x39E9, 1, 0x52CC, 6,
    0x632D, 2, 0x6B8E, 1, 0x632D, 2, 0x8CD3, 6,
    0x7411, 1, 0x8CD3, 2, 0x7411, 1, 0xF6CE, 2,
    0xB4EC, 1, 0x8CD3, 1, 0xD5ED, 3, 0xF6CE, 1,
    0x3186, 1, 0xD5ED, 1, 0x8A88, 1, 0xD5ED, 1,
    0x7411, 1, 0x20A3, 3, 0x9C4A, 1, 0xD5ED, 3,
    0x2125, 1, 0x3186, 1, 0x20A3, 1, 0x49E9, 1,
    0x20A3, 2, 0x10A3, 1, 0x0862, 1, 0x6000, 1,
    0x10A3, 1, 0x20A3, 1, 0x5AAB, 1, 0x20A3, 1,
    0x39E9, 1, 0x18C5, 13, 0x52CC, 1, 0x632D, 2,
    0x5AAB, 2, 0x7125, 1, 0x2000, 2, 0x5000, 1,
    0x4A6A, 1, 0x5AAB, 1, 0x4A6A, 1, 0x39E9, 1,
    0x8C0C, 2, 0x39E9, 1, 0x5000, 2, 0x4841, 1,
    0x8C0C, 1, 0x9C4A, 2, 0x8C0C, 2, 0x9C4A, 2,
    0x4A6A, 1, 0x8C0C, 2, 0x39E9, 1, 0x4A6A, 1,
    0x20E5, 1, 0x4A6A, 4, 0x8C0C, 2, 0x4A6A, 1,
    0x8C0C, 2, 0x4841, 1, 0x3800, 1, 0x9C4A, 5,
    0x632D, 1, 0x49E9, 1, 0x7000, 2, 0x2000, 1,
    0x7125, 1, 0x5000, 1, 0x50E5, 2, 0x3000, 1,
    0x52CC, 6, 0x6B8E, 1, 0x632D, 1, 0x5AAB, 1,
    0x632D, 1, 0x52CC, 1, 0x7411, 1, 0x8CD3, 1,
    0x7411, 1, 0x8CD3, 3, 0x7411, 1, 0x8CD3, 1,
    0x7411, 1, 0x8A88, 1, 0x6B8E, 1, 0x7411, 1,
    0xF6CE, 1, 0xD5ED, 1, 0xF6CE, 1, 0xD5ED, 4,
    0x2125, 1, 0x3186, 1, 0x8C0C, 1, 0xA001, 1,
    0x9C4A, 1, 0x39E9, 1, 0xF6CE, 4, 0x9C4A, 3,
    0x2125, 1, 0x3186, 1, 0x2125, 1, 0x3186, 1,
    0x7000, 1, 0x20A3, 1, 0x10A3, 1, 0x0862, 1,
    0x20A3, 3, 0x2125, 1, 0x20A3, 1, 0x39E9, 1,
    0x18C5, 12, 0x4841, 1, 0x3186, 1, 0x8986, 1,
    0x5AAB, 1, 0x8986, 1, 0x7125, 2, 0x2000, 1,
    0x6000, 1, 0x7062, 2, 0x4A6A, 1, 0x20E5, 1,
    0x8A88, 2, 0x8C0C, 1, 0x4A6A, 1, 0x5000, 1,
    0x4800, 1, 0x5000, 1, 0x3800, 2, 0x4800, 1,
    0x50E5, 1, 0x8C0C, 1, 0x6B2C, 1, 0x9C4A, 1,
    0x8C0C, 1, 0x4A6A, 2, 0x8C0C, 1, 0x9C4A, 1,
    0x4A6A, 3, 0x4841, 3, 0x6B2C, 1, 0x9C4A, 2,
    0x4800, 1, 0x39E9, 1, 0x9C4A, 1, 0x50E5, 2,
    0x9C4A, 3, 0x4A6A, 1, 0x7000, 1, 0x6000, 1,
    0x2000, 1, 0x7125, 1, 0x50E5, 3, 0x49E9, 1,
    0x4A6A, 2, 0x52CC, 4, 0x632D, 2, 0x5AAB, 1,
    0x7125, 1, 0x4A6A, 1, 0x632D, 1, 0x7411, 1,
    0x6B8E, 2, 0x7411, 1, 0x8CD3, 2, 0x7411, 2,
    0x8A88, 2, 0x39E9, 1, 0xF6CE, 2, 0xB4EC, 1,
    0xF6CE, 1, 0xD5ED, 2, 0x3186, 2, 0x20A3, 1,
    0x9C4A, 1, 0x8C0C, 1, 0xA001, 2, 0x39E9, 1,
    0xF6CE, 1, 0x9C4A, 5, 0x20E5, 1, 0x2926, 1,
    0x3186, 1, 0x2125, 1, 0x9C4A, 1, 0x7000, 1,
    0x20A3, 1, 0x0862, 1, 0x20A3, 1, 0x10A3, 1,
    0x0862, 1, 0x20A3, 1, 0x2125, 2, 0x3186, 1,
    0x18C5, 12, 0x8986, 3, 0x8000, 1, 0x7125, 2,
    0x3000, 1, 0x6000, 3, 0x4A6A, 1, 0x7125, 1,
    0x20A3, 1, 0x39E9, 1, 0x8C0C, 3, 0x39E9, 1,
    0x50E5, 1, 0x5000, 2, 0x4800, 4, 0x5000, 1,
    0x4800, 1, 0x9C4A, 6, 0x6B2C, 1, 0x9C4A, 1,
    0x8C0C, 2, 0x50E5, 4, 0x9C4A, 2, 0x5000, 2,
    0x49E9, 1, 0x9C4A, 2, 0x4A6A, 1, 0x6000, 2,
    0x2000, 1, 0x7125, 1, 0x4841, 2, 0x50E5, 1,
    0x39E9, 2, 0x52CC, 4, 0x6B2C, 1, 0x9C4A, 1,
    0x6B8E, 1, 0x4A6A, 1, 0x2125, 1, 0x7125, 2,
    0x3186, 1, 0x632D, 1, 0x3186, 1, 0x9C4A, 1,
    0x39E9, 1, 0x6B8E, 1, 0x7411, 3, 0x3186, 1,
    0x39E9, 1, 0xF6CE, 3, 0xB4EC, 2, 0x7411, 1,
    0x3186, 2, 0x20A3, 2, 0x9C4A, 1, 0x39E9, 1,
    0xA001, 1, 0x9083, 1, 0x6B2C, 1, 0x39E9, 1,
    0x9C4A, 1, 0x3186, 2, 0x2926, 1, 0x9C4A, 1,
    0x10A3, 1, 0x2125, 3, 0x3186, 1, 0x20A3, 2,
    0x10A3, 4, 0x0862, 1, 0x2125, 2, 0x2926, 1,
    0x18C5, 11, 0x3186, 1, 0x9083, 1, 0x8000, 2,
    0x7125, 1, 0x5000, 1, 0x7125, 1, 0x2000, 1,
    0x6000, 2, 0x7125, 1, 0x4A6A, 1, 0x7062, 2,
    0x10A3, 1, 0x8C0C, 3, 0x50E5, 1, 0x4841, 2,
    0x8A88, 1, 0x4800, 7, 0x3000, 1, 0x39E9, 1,
    0x8A88, 3, 0x9C4A, 1, 0x8A88, 5, 0x9C4A, 1,
    0x7000, 1, 0x52CC, 1, 0x9C4A, 4, 0x8C0C, 1,
    0x52CC, 1, 0x6000, 2, 0x2000, 1, 0x7125, 1,
    0x50E5, 4, 0x49E9, 2, 0x4A6A, 1, 0x52CC, 1,
    0x8C0C, 2, 0xB4EC, 1, 0x9C4A, 1, 0x2125, 1,
    0x4841, 1, 0x7062, 1, 0x7125, 1, 0x7062, 2,
    0x2125, 1, 0x3186, 3, 0x632D, 1, 0x8A88, 1,
    0x6B8E, 1, 0x7411, 1, 0x39E9, 1, 0x9C4A, 1,
    0xF6CE, 3, 0xB4EC, 1, 0x9C4A, 1, 0x7411, 1,
    0x20A3, 2, 0xF6CE, 2, 0x9C4A, 1, 0x39E9, 1,
    0xA001, 1, 0x9083, 2, 0x8A88, 1, 0x3186, 2,
    0x9083, 1, 0x2926, 1, 0x6B2C, 1, 0x20E5, 1,
    0x2125, 1, 0x3186, 1, 0x2125, 1, 0x49E9, 1,
    0x3800, 1, 0x0862, 1, 0x20A3, 1, 0x0862, 1,
    0x20A3, 2, 0x10A3, 1, 0x20A3, 1, 0x3186, 1,
    0x2125, 1, 0x18C5, 10, 0x6000, 3, 0x7000, 1,
    0x7125, 1, 0x4841, 2, 0x50E5, 1, 0x4800, 1,
    0x5000, 2, 0x4A6A, 2, 0x7125, 1, 0x7062, 1,
    0x10A3, 2, 0x8C0C, 1, 0x9C4A, 1, 0x39E9, 2,
    0x5000, 1, 0x3186, 3, 0x4800, 10, 0x4841, 2,
    0x7125, 1, 0x3186, 1, 0x8A88, 2, 0x4841, 1,
    0x9C4A, 2, 0x10A3, 2, 0x4A6A, 1, 0x8C0C, 1,
    0x632D, 2, 0x4841, 1, 0x2000, 1, 0x7125, 1,
    0x5000, 1, 0x4841, 1, 0x50E5, 1, 0x39E9, 3,
    0x4A6A, 1, 0x52CC, 2, 0x8C0C, 1, 0xB4EC, 2,
    0x3186, 1, 0x7800, 1, 0x7062, 1, 0x6000, 1,
    0x7062, 1, 0x7800, 2, 0x2125, 2, 0x3186, 1,
    0x6B8E, 1, 0x632D, 2, 0x7411, 1, 0x6B8E, 1,
    0x39E9, 1, 0xF6CE, 4, 0xB4EC, 1, 0xA001, 1,
    0x39E9, 1, 0x9C4A, 1, 0xF6CE, 1, 0x9C4A, 3,
    0x2125, 1, 0x8A88, 1, 0x9083, 4, 0x2926, 3,
    0x3186, 1, 0x20E5, 1, 0x2926, 1, 0x3186, 1,
    0x20A3, 1, 0x5AAB, 1, 0x3800, 1, 0x10A3, 1,
    0x20A3, 1, 0x0862, 1, 0x20A3, 1, 0x3800, 1,
    0x3186, 1, 0x20A3, 1, 0x7125, 1, 0x18C5, 11,
    0x7000, 4, 0x7125, 1, 0x4841, 3, 0x5000, 2,
    0x4841, 1, 0x39E9, 1, 0x50E5, 2, 0x4841, 1,
    0x5000, 2, 0x39E9, 1, 0x9C4A, 1, 0x8C0C, 2,
    0x4841, 3, 0x4800, 1, 0x3000, 1, 0x4841, 4,
    0x4800, 2, 0x4841, 4, 0x3000, 2, 0x8C0C, 1,
    0x9C4A, 2, 0x4A6A, 1, 0x20A3, 1, 0x6000, 2,
    0x20A3, 1, 0x52CC, 3, 0x6000, 1, 0x2000, 1,
    0x7125, 1, 0x5000, 1, 0x4841, 1, 0x50E5, 2,
    0x49E9, 2, 0x4A6A, 2, 0x52CC, 2, 0xB4EC, 2,
    0x7125, 1, 0x3186, 1, 0x18C5, 4, 0x7800, 1,
    0x6000, 1, 0x5000, 1, 0x2926, 2, 0x7411, 1,
    0x632D, 1, 0x39E9, 1, 0x6B8E, 1, 0x3186, 1,
    0x9C4A, 1, 0xF6CE, 4, 0x39E9, 1, 0xA001, 1,
    0x6B8E, 1, 0x9C4A, 3, 0x3186, 1, 0x8A88, 1,
    0x20A3, 1, 0x3186, 1, 0x9083, 1, 0x2926, 3,
    0x10A3, 2, 0x0862, 1, 0x2125, 3, 0x3186, 1,
    0x20A3, 1, 0x2125, 1, 0x10A3, 1, 0x20A3, 4,
    0x3186, 1, 0x2125, 2, 0x8986, 1, 0x18C5, 11,
    0x7000, 2, 0x8C0C, 2, 0x49E9, 1, 0x50E5, 1,
    0x4841, 2, 0x49E9, 1, 0x5000, 2, 0x50E5, 1,
    0x39E9, 1, 0x50E5, 1, 0x4841, 1, 0x5000, 3,
    0x10A3, 1, 0x3186, 1, 0x8A88, 2, 0x6B2C, 1,
    0x4A6A, 1, 0x3186, 1, 0x10A3, 1, 0x20A3, 1,
    0x52CC, 1, 0x8C0C, 1, 0x4841, 2, 0x20A3, 1,
    0x39E9, 1, 0x6B2C, 2, 0x8C0C, 3, 0x9C4A, 1,
    0x4A6A, 1, 0x10A3, 1, 0x6000, 4, 0x7125, 1,
    0x6000, 3, 0x2000, 1, 0x7125, 1, 0x5000, 1,
    0x4841, 2, 0x50E5, 3, 0x49E9, 3, 0x8C0C, 1,
    0xB4EC, 1, 0x3186, 1, 0x39E9, 1, 0x7800, 1,
    0x10A3, 1, 0x0862, 2, 0x2125, 1, 0x6B8E, 1,
    0x18C5, 2, 0x7000, 1, 0x3186, 1, 0x632D, 1,
    0x3189, 1, 0x2926, 1, 0x6B8E, 2, 0x4841, 1,
    0xF6CE, 5, 0x3186, 1, 0xA001, 1, 0x8A88, 1,
    0x3186, 3, 0x8986, 1, 0x8A88, 1, 0x20E5, 1,
    0x2926, 1, 0x4A6A, 1, 0x0862, 1, 0x10A3, 2,
    0x3800, 1, 0x3186, 2, 0x20E5, 2, 0x2125, 1,
    0x3186, 1, 0x20A3, 1, 0x2125, 1, 0x3186, 1,
    0x3800, 1, 0x20A3, 2, 0x3800, 1, 0x5AAB, 1,
    0x2125, 1, 0x3186, 1, 0x8986, 1, 0x18C5, 11,
    0x7000, 1, 0x7062, 1, 0x8C0C, 1, 0x9C4A, 1,
    0x2125, 1, 0x3186, 1, 0x4841, 2, 0x50E5, 1,
    0x2000, 1, 0x5000, 2, 0x50E5, 1, 0x4841, 1,
    0x50E5, 1, 0x5000, 3, 0x4800, 2, 0x10A3, 2,
    0x3189, 2, 0x6B2C, 5, 0x8A88, 1, 0x3189, 1,
    0x6B2C, 3, 0x8A88, 1, 0x10A3, 3, 0x6000, 5,
    0x7062, 2, 0x6000, 2, 0x2000, 1, 0x7125, 2,
    0x5000, 1, 0x50E5, 7, 0x49E9, 2, 0x632D, 1,
    0x4A6A, 1, 0x7062, 1, 0x7125, 1, 0x0862, 3,
    0x2125, 1, 0x3186, 1, 0x8986, 1, 0x7125, 1,
    0x3186, 1, 0x18C5, 1, 0x3186, 2, 0x3189, 1,
    0x3186, 1, 0x6B8E, 1, 0x4841, 2, 0xF6CE, 5,
    0x2125, 1, 0xA001, 1, 0x7062, 1, 0x8A88, 1,
    0x9083, 2, 0x4A6A, 1, 0x3186, 1, 0x0862, 3,
    0x3186, 2, 0x3800, 1, 0x3186, 3, 0x20E5, 3,
    0x3186, 1, 0x20A3, 1, 0x2125, 1, 0x5AAB, 1,
    0x0862, 1, 0x3800, 1, 0x0862, 1, 0x3186, 1,
    0x2125, 1, 0x20A3, 1, 0x8986, 1, 0x2125, 1,
    0x18C5, 10, 0x7000, 2, 0x7125, 1, 0x9C4A, 2,
    0x2125, 1, 0x20A3, 1, 0x4841, 2, 0x5000, 1,
    0x50E5, 1, 0x0862, 1, 0x5000, 5, 0x4841, 3,
    0x5000, 3, 0x4800, 1, 0x3800, 1, 0x5000, 2,
    0x0862, 3, 0x2000, 2, 0x3800, 1, 0x5000, 2,
    0x0862, 1, 0x3800, 1, 0x5000, 2, 0x4841, 1,
    0x50E5, 2, 0x39E9, 1, 0x4841, 1, 0x5000, 2,
    0x2000, 1, 0x3000, 1, 0x50E5, 1, 0x4841, 1,
    0x8986, 1, 0x9083, 1, 0x8800, 1, 0x50E5, 6,
    0x20E5, 2, 0x3186, 2, 0x7062, 1, 0x6000, 1,
    0x0862, 3, 0x7125, 1, 0x2926, 1, 0x7125, 3,
    0x8986, 1, 0x3186, 3, 0x2926, 1, 0x3186, 1,
    0x10A3, 1, 0x9C4A, 1, 0xF6CE, 5, 0x10A3, 1,
    0x3186, 1, 0x9083, 3, 0x4A6A, 1, 0x0862, 1,
    0x3186, 1, 0x4800, 1, 0x3186, 6, 0x20E5, 5,
    0x2926, 2, 0x0862, 1, 0x2125, 1, 0x49E9, 1,
    0x3186, 1, 0x5AAB, 2, 0x10A3, 1, 0x20A3, 1,
    0x8986, 1, 0x0862, 1, 0x18C5, 10, 0x6000, 1,
    0x7000, 1, 0x2125, 1, 0x9C4A, 2, 0x6B2C, 1,
    0x39E9, 1, 0x4841, 3, 0x49E9, 2, 0x50E5, 1,
    0x0862, 1, 0x5000, 4, 0x4841, 5, 0x5000, 15,
    0x50E5, 2, 0x39E9, 2, 0x5000, 2, 0x2000, 1,
    0x50E5, 1, 0x4841, 3, 0x9083, 1, 0x8986, 2,
    0x8800, 1, 0x8000, 4, 0x50E5, 2, 0x20E5, 1,
    0x39E9, 1, 0x3186, 1, 0x7062, 1, 0x6000, 1,
    0x0862, 3, 0x8986, 1, 0x7125, 1, 0x2125, 1,
    0x20A3, 2, 0x2926, 1, 0x8986, 1, 0x7125, 1,
    0x52CC, 1, 0x3186, 1, 0x2125, 1, 0x10A3, 1,
    0x9C4A, 1, 0xF6CE, 4, 0xD5ED, 2, 0x20A3, 1,
    0x2125, 1, 0x9083, 1, 0x4A6A, 2, 0x0862, 2,
    0x4800, 1, 0x3186, 6, 0x632D, 2, 0x20E5, 4,
    0x2926, 1, 0x7125, 1, 0x20A3, 2, 0x2125, 1,
    0x5AAB, 1, 0x2125, 2, 0x20A3, 1, 0x3186, 1,
    0x7125, 1, 0x18C5, 11, 0x5000, 1, 0x7000, 1,
    0x10A3, 1, 0x9C4A, 2, 0x52CC, 1, 0x39E9, 1,
    0x20A3, 1, 0x50E5, 1, 0x4841, 4, 0x50E5, 1,
    0x0862, 2, 0x3800, 1, 0x5000, 3, 0x4841, 4,
    0x5000, 13, 0x50E5, 1, 0x4841, 1, 0x50E5, 1,
    0x5000, 3, 0x2000, 1, 0x49E9, 1, 0x4841, 2,
    0x50E5, 1, 0x9083, 1, 0x8986, 1, 0x9083, 1,
    0x8800, 4, 0x8000, 3, 0xA001, 1, 0x8986, 1,
    0x8000, 1, 0x7062, 1, 0x7800, 1, 0x10A3, 2,
    0x0862, 1, 0x7125, 1, 0x3186, 1, 0x2125, 1,
    0x20A3, 1, 0x2125, 1, 0x10A3, 1, 0x0862, 1,
    0x3186, 1, 0x8986, 1, 0x20E5, 2, 0x2125, 1,
    0x6000, 1, 0x9C4A, 1, 0xF6CE, 2, 0xD5ED, 1,
    0x9C4A, 1, 0xD5ED, 1, 0x9C4A, 1, 0x6B2C, 1,
    0x2926, 1, 0x4A6A, 1, 0x0862, 3, 0x4800, 1,
    0x3800, 1, 0x3186, 4, 0x52CC, 3, 0x0000, 2,
    0x20E5, 3, 0x3186, 1, 0x8986, 1, 0x3186, 1,
    0x0862, 1, 0x2125, 2, 0x20A3, 1, 0x0862, 1,
    0x7125, 2, 0x18C5, 12, 0x5000, 1, 0x7000, 1,
    0x4A6A, 1, 0x6B2C, 1, 0x632D, 1, 0x4A6A, 2,
    0x20A3, 1, 0x4841, 7, 0x0862, 4, 0x3800, 8,
    0x5000, 10, 0x0862, 1, 0x2000, 2, 0x0862, 1,
    0x7125, 1, 0x6000, 1, 0x4841, 2, 0x50E5, 1,
    0x39E9, 1, 0x3186, 1, 0x8A88, 2, 0xB4EC, 2,
    0x8800, 4, 0xA001, 3, 0x8800, 1, 0x7800, 1,
    0x6000, 1, 0x0862, 1, 0x10A3, 2, 0x2125, 1,
    0x7125, 1, 0x20A3, 1, 0x2125, 2, 0x5AAB, 1,
    0x2125, 3, 0x7125, 1, 0x20E5, 2, 0x7000, 1,
    0x3000, 1, 0xD5ED, 4, 0x3186, 1, 0x6B2C, 1,
    0x9C4A, 2, 0x0862, 2, 0x3000, 1, 0x4800, 3,
    0x3800, 1, 0x3186, 4, 0x2125, 1, 0x3186, 2,
    0x20E5, 5, 0x2125, 1, 0x3186, 1, 0x7125, 1,
    0x2125, 1, 0x20A3, 1, 0x0862, 1, 0x2125, 1,
    0x20A3, 1, 0x7125, 1, 0x8986, 1, 0x18C5, 12,
    0x5000, 1, 0x8A88, 1, 0x20E5, 1, 0x6B2C, 1,
    0x52CC, 1, 0x4A6A, 3, 0x10A3, 1, 0x4841, 3,
    0x5000, 3, 0x50E5, 2, 0x7125, 5, 0x0862, 7,
    0x3000, 5, 0x0862, 3, 0x50E5, 1, 0x49E9, 2,
    0x4841, 5, 0x20E5, 1, 0x3186, 1, 0xB4EC, 5,
    0x9083, 1, 0x8800, 2, 0xA001, 4, 0x8800, 2,
    0x7800, 1, 0x10A3, 1, 0x20E5, 1, 0x10A3, 1,
    0x7125, 1, 0x2926, 1, 0x0862, 1, 0x2125, 1,
    0x5AAB, 1, 0x3186, 1, 0x5AAB, 1, 0x2125, 1,
    0x20A3, 1, 0x3186, 1, 0x5000, 1, 0x2926, 1,
    0x6000, 1, 0x8A88, 1, 0xD5ED, 2, 0x9C4A, 2,
    0x3800, 1, 0x3186, 1, 0x9C4A, 2, 0x3186, 1,
    0x3000, 2, 0x4800, 2, 0x3186, 2, 0x7411, 4,
    0x2125, 1, 0x20E5, 4, 0x2125, 2, 0x20E5, 2,
    0x3186, 1, 0x7125, 2, 0x3186, 1, 0x2125, 1,
    0x2926, 1, 0x7125, 1, 0x3186, 1, 0x18C5, 13,
    0x5000, 1, 0x4800, 1, 0x4A6A, 1, 0x52CC, 2,
    0x6B8E, 1, 0x632D, 1, 0x6B8E, 1, 0x2125, 1,
    0x7062, 1, 0x4841, 2, 0x5000, 12, 0x50E5, 7,
    0x0862, 3, 0x7125, 2, 0x4841, 5, 0x50E5, 1,
    0x4841, 1, 0x20E5, 1, 0x39E9, 1, 0xB4EC, 6,
    0x8986, 2, 0xA001, 6, 0x8800, 1, 0x7800, 1,
    0x8000, 1, 0x20E5, 2, 0x20A3, 1, 0x8986, 1,
    0x20A3, 1, 0x2125, 1, 0x3186, 1, 0x0862, 1,
    0x3800, 1, 0x3186, 1, 0x2125, 2, 0x3186, 1,
    0x7000, 1, 0x20E5, 1, 0x5000, 1, 0x8A88, 1,
    0x9C4A, 2, 0x3186, 2, 0x3800, 1, 0x3186, 1,
    0x6B2C, 2, 0x3186, 1, 0x4800, 3, 0x3000, 1,
    0x3186, 1, 0x52CC, 5, 0x7411, 1, 0x0000, 1,
    0x3186, 1, 0x0000, 1, 0x20E5, 1, 0x10A3, 1,
    0x20E5, 2, 0x2125, 1, 0x3186, 1, 0x7125, 2,
    0x8986, 1, 0x3186, 2, 0x8986, 1, 0x18C5, 14,
    0x4800, 2, 0x4A6A, 1, 0x0862, 1, 0x4A6A, 1,
    0x39E9, 1, 0x52CC, 2, 0x7411, 1, 0x4A6A, 1,
    0x7062, 1, 0x7000, 2, 0x6000, 3, 0x5000, 19,
    0x4841, 5, 0x20E5, 2, 0x4A6A, 1, 0x52CC, 1,
    0x8A88, 1, 0xB4EC, 5, 0x3186, 1, 0xB4EC, 1,
    0x8A88, 1, 0xA001, 5, 0x8000, 4, 0x20E5, 1,
    0x10A3, 1, 0x3186, 1, 0x7125, 1, 0x20A3, 1,
    0x5AAB, 1, 0x10A3, 1, 0x20A3, 3, 0x5AAB, 1,
    0x2125, 1, 0x3186, 1, 0x2926, 1, 0x52CC, 1,
    0x3186, 1, 0x9C4A, 2, 0x6B2C, 1, 0x3800, 1,
    0x4841, 1, 0x3186, 1, 0x6B2C, 1, 0x3186, 2,
    0x4800, 4, 0x2125, 2, 0x3186, 1, 0x2926, 1,
    0x3186, 2, 0x0000, 1, 0x18C5, 1, 0x7411, 1,
    0x2125, 1, 0x7411, 1, 0x2125, 1, 0x10A3, 2,
    0x20E5, 1, 0x10A3, 2, 0x20E5, 1, 0x7125, 3,
    0x39E9, 1, 0x18C5, 15, 0x4800, 2, 0x3800, 1,
    0x4800, 1, 0x10A3, 1, 0x0862, 1, 0x52CC, 2,
    0x632D, 1, 0x6B8E, 1, 0x4841, 1, 0x5000, 3,
    0x6000, 8, 0x7000, 3, 0x5000, 8, 0x6000, 2,
    0x4841, 4, 0x20E5, 1, 0x52CC, 4, 0x7411, 1,
    0xB4EC, 3, 0x7411, 1, 0x2125, 2, 0xB4EC, 1,
    0xA001, 5, 0x8000, 4, 0x7800, 1, 0x20E5, 2,
    0x8986, 1, 0x2125, 1, 0x20A3, 1, 0x10A3, 1,
    0x20A3, 1, 0x0862, 1, 0x20A3, 2, 0x3186, 1,
    0x2125, 1, 0x3186, 2, 0x4841, 1, 0x8A88, 1,
    0x9C4A, 1, 0x6B2C, 1, 0x3186, 1, 0x4800, 1,
    0x3800, 1, 0x3186, 2, 0x3000, 2, 0x4800, 2,
    0x4841, 1, 0x8A88, 1, 0x39E9, 1, 0x3186, 2,
    0x2125, 1, 0x20E5, 1, 0x2125, 1, 0x18C5, 11,
    0x20E5, 2, 0x10A3, 1, 0x39E9, 1, 0x2125, 1,
    0x18C5, 15, 0x4800, 1, 0x3000, 2, 0x4800, 1,
    0x5000, 2, 0x10A3, 1, 0x0862, 2, 0x10A3, 1,
    0x5000, 3, 0x6000, 9, 0x7000, 10, 0x8000, 1,
    0x8800, 2, 0x7062, 2, 0x3186, 1, 0x8CD3, 1,
    0x7411, 2, 0x8CD3, 4, 0xF6CE, 1, 0x8CD3, 1,
    0xF6CE, 1, 0x8CD3, 1, 0x2125, 2, 0x8CD3, 1,
    0xA001, 3, 0x8800, 1, 0x8000, 1, 0x7800, 1,
    0x8000, 2, 0x7800, 1, 0x10A3, 3, 0x7125, 1,
    0x20A3, 1, 0x2125, 1, 0x20A3, 2, 0x0862, 1,
    0x20A3, 2, 0x0862, 1, 0x5AAB, 1, 0x2926, 1,
    0x39E9, 1, 0x3000, 1, 0x6B2C, 2, 0x3800, 2,
    0x4800, 1, 0x3800, 1, 0x3186, 2, 0x4800, 4,
    0x18C5, 4, 0x6B8E, 1, 0x7411, 3, 0x0000, 2,
    0x0862, 1, 0x18C5, 28, 0x4800, 1, 0x3000, 2,
    0x4800, 1, 0x5000, 2, 0x7000, 5, 0x5000, 2,
    0x6000, 9, 0x7000, 9, 0x7800, 4, 0x7062, 1,
    0x632D, 1, 0x8CD3, 1, 0x7411, 1, 0x6B8E, 2,
    0x8CD3, 7, 0x39E9, 1, 0x8CD3, 1, 0x2125, 1,
    0xB4EC, 1, 0xA001, 1, 0x8000, 7, 0x7800, 1,
    0x10A3, 3, 0x3186, 1, 0x20A3, 1, 0x5AAB, 1,
    0x20A3, 1, 0x0862, 1, 0x10A3, 2, 0x20A3, 2,
    0x2125, 2, 0x39E9, 1, 0x8A88, 1, 0x3186, 1,
    0x3800, 2, 0x10A3, 1, 0x4800, 1, 0x3800, 1,
    0x3000, 1, 0x4800, 2, 0x4841, 1, 0x18C5, 10,
    0x8CD3, 1, 0x2125, 1, 0x20E5, 1, 0x18C5, 28,
    0x3000, 3, 0x4800, 1, 0x5000, 3, 0x7000, 6,
    0x8000, 5, 0x6000, 4, 0x7000, 10, 0x7800, 3,
    0x7062, 1, 0x7411, 2, 0x6B8E, 2, 0x20E5, 1,
    0x8CD3, 3, 0x20E5, 1, 0x8CD3, 1, 0x2125, 2,
    0x8CD3, 2, 0x8800, 2, 0x8000, 4, 0x7800, 2,
    0x8000, 2, 0x7800, 1, 0x10A3, 2, 0x20E5, 1,
    0x3186, 1, 0x2125, 1, 0x3186, 1, 0x0862, 1,
    0x10A3, 1, 0x20A3, 2, 0x10A3, 1, 0x6000, 1,
    0x7125, 1, 0x2125, 1, 0x39E9, 1, 0x3186, 1,
    0x0862, 2, 0x10A3, 1, 0x3800, 1, 0x4800, 1,
    0x3000, 1, 0x4800, 3, 0x18C5, 42, 0x3000, 3,
    0x5000, 4, 0x6000, 2, 0x7000, 4, 0x8000, 8,
    0x8800, 7, 0x7000, 8, 0x8A88, 1, 0x10A3, 2,
    0x20E5, 1, 0x2926, 1, 0x20E5, 1, 0x2125, 2,
    0x8CD3, 1, 0x20E5, 1, 0x8CD3, 2, 0x8800, 1,
    0x8000, 7, 0x7800, 2, 0x8000, 3, 0x10A3, 1,
    0x20E5, 1, 0x20A3, 1, 0x2926, 1, 0x2125, 1,
    0x0862, 1, 0x20A3, 2, 0x0862, 1, 0x6000, 1,
    0x0862, 1, 0x6000, 1, 0x2125, 1, 0x2926, 1,
    0x3186, 2, 0x0862, 2, 0x10A3, 1, 0x3800, 1,
    0x4800, 2, 0x4841, 1, 0x18C5, 44, 0x3000, 3,
    0x4800, 1, 0x5000, 3, 0x6000, 3, 0x7000, 1,
    0x6000, 1, 0x7000, 1, 0x8000, 2, 0x8800, 3,
    0x8000, 3, 0x8800, 9, 0xA001, 4, 0x8800, 11,
    0x8000, 2, 0x7800, 1, 0x8800, 1, 0x8000, 6,
    0x7800, 3, 0x8000, 1, 0x7800, 2, 0x20E5, 2,
    0x2125, 3, 0x0862, 1, 0x10A3, 1, 0x6000, 1,
    0x0862, 1, 0x6000, 1, 0x10A3, 1, 0x0862, 1,
    0x5AAB, 1, 0x3186, 1, 0x2926, 1, 0x10A3, 4,
    0x4800, 3, 0x18C5, 46, 0x3000, 2, 0x4800, 1,
    0x5000, 3, 0x6000, 2, 0x7000, 1, 0x6000, 2,
    0x7000, 2, 0x8800, 1, 0xA001, 2, 0x8800, 2,
    0xA001, 1, 0x8800, 1, 0xA001, 7, 0x8800, 2,
    0xA001, 3, 0x8800, 12, 0x8000, 8, 0x7800, 8,
    0x20E5, 2, 0x2125, 3, 0x20A3, 3, 0x0862, 1,
    0x10A3, 1, 0x20A3, 1, 0x0862, 1, 0x2125, 1,
    0x3186, 1, 0x10A3, 5, 0x4800, 1, 0x18C5, 48,
    0x3000, 3, 0x5000, 3, 0x6000, 1, 0x7000, 1,
    0x6000, 1, 0x7000, 4, 0x8800, 1, 0x7000, 1,
    0xA001, 2, 0x9083, 1, 0x8986, 2, 0x9083, 1,
    0x8986, 2, 0x9083, 1, 0xA001, 3, 0x8800, 2,
    0xA001, 3, 0x8800, 13, 0x8000, 7, 0x7800, 8,
    0x10A3, 2, 0x2926, 1, 0x20A3, 1, 0x7062, 1,
    0x0862, 1, 0x10A3, 2, 0x20A3, 1, 0x10A3, 1,
    0x20A3, 1, 0x3186, 1, 0x2125, 1, 0x3186, 1,
    0x3000, 1, 0x10A3, 2, 0x4800, 1, 0x4841, 1,
    0x18C5, 50, 0x3000, 2, 0x5000, 3, 0x4800, 1,
    0x6000, 3, 0x5000, 2, 0x6000, 1, 0x7000, 4,
    0x8800, 1, 0x9083, 2, 0x7000, 1, 0x9083, 2,
    0x8800, 1, 0xA001, 4, 0x8800, 1, 0xA001, 3,
    0x8800, 13, 0x8000, 4, 0x7800, 10, 0x20E5, 1,
    0x10A3, 2, 0x2125, 3, 0x0862, 1, 0x20A3, 1,
    0x0862, 1, 0x10A3, 1, 0x20A3, 2, 0x5AAB, 1,
    0x2125, 1, 0x3186, 1, 0x10A3, 1, 0x4800, 1,
    0x4841, 1, 0x18C5, 52, 0x3000, 2, 0x5000, 4,
    0x7000, 2, 0x4800, 1, 0x3000, 1, 0x2000, 2,
    0x7000, 1, 0x2000, 1, 0x3000, 2, 0x0862, 2,
    0x2000, 3, 0x9083, 1, 0x8800, 1, 0x7800, 3,
    0xA001, 1, 0x8800, 1, 0xA001, 5, 0x8800, 4,
    0x8000, 1, 0x8800, 7, 0x8000, 2, 0x7800, 11,
    0x2125, 1, 0x20E5, 2, 0x2926, 1, 0x2125, 2,
    0x3186, 1, 0x0862, 3, 0x20A3, 2, 0x2125, 1,
    0x20A3, 1, 0x7125, 1, 0x4800, 1, 0x18C5, 54,
    0x0000, 1, 0x3000, 2, 0x5000, 3, 0x7000, 1,
    0x6000, 1, 0x0862, 1, 0x2000, 1, 0x0000, 1,
    0x3000, 2, 0x0000, 2, 0x0862, 4, 0x0000, 1,
    0x2000, 1, 0x0862, 2, 0x3000, 2, 0x2000, 1,
    0x7000, 2, 0x7800, 5, 0x8800, 4, 0x8000, 1,
    0x8800, 6, 0x8000, 1, 0x7800, 13, 0x2125, 6,
    0x3186, 1, 0x20A3, 2, 0x0862, 1, 0x20A3, 1,
    0x3186, 1, 0x2125, 2, 0x8986, 1, 0x18C5, 56,
    0x2000, 1, 0x3000, 1, 0x5000, 3, 0x7000, 1,
    0x8800, 1, 0x9083, 1, 0x8000, 1, 0x4841, 1,
    0x0000, 3, 0x6B8E, 1, 0x7411, 2, 0x8CD3, 2,
    0x0000, 1, 0x0862, 4, 0x0000, 2, 0x3000, 5,
    0x4800, 1, 0x6000, 1, 0x8800, 3, 0x7800, 1,
    0x8800, 7, 0x8000, 1, 0x7800, 10, 0x7000, 1,
    0x6000, 1, 0x20E5, 4, 0x2125, 1, 0x2926, 1,
    0x2125, 1, 0x5AAB, 1, 0x10A3, 1, 0x20A3, 2,
    0x3800, 1, 0x5AAB, 1, 0x2125, 1, 0x3186, 1,
    0x7125, 1, 0x18C5, 56, 0x0000, 1, 0x2000, 2,
    0x5000, 2, 0x6000, 1, 0xA001, 3, 0x8800, 1,
    0x7062, 1, 0x3186, 1, 0x8986, 2, 0x9C4A, 1,
    0x8CD3, 8, 0x7411, 1, 0x6B8E, 1, 0x0000, 5,
    0x2000, 1, 0x10A3, 1, 0x8000, 2, 0x8800, 5,
    0x8000, 1, 0x8800, 3, 0x8000, 1, 0x7800, 7,
    0x7000, 1, 0x6000, 3, 0x5000, 1, 0x20E5, 4,
    0x20A3, 1, 0x3186, 1, 0x20A3, 1, 0x2125, 1,
    0x3186, 1, 0x10A3, 1, 0x0862, 1, 0x3186, 1,
    0x2125, 1, 0x0862, 1, 0x8986, 1, 0x18C5, 59,
    0x2000, 3, 0x6000, 1, 0xA001, 2, 0x7800, 1,
    0x7000, 1, 0xA001, 1, 0x9083, 2, 0x7800, 1,
    0x8000, 3, 0xF6CE, 1, 0x8CD3, 1, 0xF6CE, 2,
    0x8CD3, 2, 0xB4EC, 2, 0x8986, 1, 0x8A88, 1,
    0x39E9, 1, 0x9083, 2, 0xA001, 1, 0x8986, 2,
    0x6000, 1, 0x8800, 8, 0x8000, 2, 0x7800, 6,
    0x7000, 2, 0x6000, 1, 0x4800, 2, 0x3800, 1,
    0x20E5, 5, 0x3186, 1, 0x2125, 1, 0x20A3, 1,
    0x5AAB, 1, 0x3186, 1, 0x5AAB, 2, 0x10A3, 1,
    0x2926, 1, 0x8986, 1, 0x18C5, 60, 0x2000, 2,
    0x3000, 1, 0x3800, 2, 0x4800, 2, 0x7000, 2,
    0x7800, 1, 0x7000, 1, 0x6000, 2, 0x8000, 1,
    0xA001, 5, 0x8800, 3, 0x8000, 1, 0x9083, 1,
    0x8986, 1, 0xA001, 4, 0x8986, 1, 0x6000, 1,
    0xA001, 1, 0x8800, 7, 0x7800, 2, 0x7000, 4,
    0x6000, 4, 0x5000, 1, 0x2000, 2, 0x20E5, 6,
    0x7125, 1, 0x3186, 1, 0x20A3, 1, 0x2125, 4,
    0x20A3, 1, 0x7125, 1, 0x18C5, 63, 0x2000, 1,
    0x3000, 3, 0x4800, 4, 0x5000, 2, 0x4800, 1,
    0x5000, 3, 0x6000, 1, 0x5000, 1, 0x6000, 3,
    0x7000, 1, 0x7800, 1, 0x8000, 1, 0x8800, 1,
    0xA001, 5, 0x8986, 1, 0xA001, 3, 0x8800, 5,
    0x6000, 2, 0x7000, 1, 0x6000, 1, 0x5000, 2,
    0x4800, 1, 0x3800, 1, 0x3000, 3, 0x2000, 2,
    0x20E5, 6, 0x8986, 1, 0x7125, 1, 0x20A3, 1,
    0x0862, 1, 0x20A3, 3, 0x7125, 1, 0x3186, 1,
    0x18C5, 67, 0x3000, 7, 0x3800, 1, 0x3000, 5,
    0x3800, 1, 0x5000, 3, 0x8000, 1, 0x8800, 4,
    0xA001, 6, 0x8800, 4, 0x4800, 2, 0x6000, 3,
    0x2000, 8, 0x20E5, 4, 0x2125, 1, 0x20E5, 2,
    0x20A3, 1, 0x8986, 1, 0x7125, 1, 0x20A3, 1,
    0x2125, 2, 0x7125, 2, 0x18C5, 74, 0x3000, 2,
    0x2000, 5, 0x3000, 4, 0x5000, 1, 0x6000, 7,
    0x5000, 1, 0x6000, 2, 0x5000, 1, 0x4800, 4,
    0x2000, 1, 0x3000, 3, 0x2000, 2, 0x3000, 2,
    0x3800, 2, 0x10A3, 1, 0x20E5, 2, 0x10A3, 1,
    0x20E5, 5, 0x0862, 1, 0x7125, 1, 0x8986, 1,
    0x3186, 1, 0x7125, 1, 0x2926, 1, 0x8986, 1,
    0x18C5, 84, 0x2000, 1, 0x3000, 2, 0x3800, 10,
    0x3000, 2, 0x2000, 4, 0x3800, 1, 0x18C5, 10,
    0x20E5, 1, 0x10A3, 1, 0x20E5, 1, 0x10A3, 1,
    0x20E5, 1, 0x10A3, 1, 0x20E5, 2, 0x2125, 1,
    0x7125, 1, 0x8986, 1, 0x7125, 1, 0x3186, 1,
    0x6B8E, 1, 0x18C5, 122, 0x20E5, 3, 0x2125, 2,
    0x18C5, 2742, 0x18C5, 2639, 0x8986, 6, 0x18C5, 121,
    0x9083, 1, 0x8986, 9, 0x18C5, 118, 0x7062, 1,
    0x9083, 2, 0x8986, 9, 0x18C5, 115, 0x7800, 3,
    0x7062, 5, 0x9083, 3, 0x8986, 5, 0x632D, 1,
    0x18C5, 111, 0x7800, 9, 0x7062, 2, 0x9083, 1,
    0x8986, 9, 0x632D, 2, 0x8986, 2, 0x9083, 1,
    0x8986, 1, 0x18C5, 14, 0x8986, 8, 0x18C5, 79,
    0x7800, 11, 0x7062, 2, 0x9083, 4, 0x8986, 5,
    0x632D, 1, 0x8986, 2, 0x9083, 1, 0x8986, 2,
    0x632D, 1, 0x8986, 3, 0x632D, 3, 0x8986, 1,
    0x18C5, 1, 0x8986, 13, 0x18C5, 77, 0x7800, 2,
    0x7000, 1, 0x6000, 2, 0x7800, 12, 0x7062, 2,
    0x9083, 4, 0x8986, 18, 0x9083, 1, 0x8986, 6,
    0x9083, 3, 0x5000, 1, 0x18C5, 76, 0x7000, 1,
    0x6000, 1, 0x5000, 3, 0x6000, 5, 0x7800, 13,
    0x9083, 10, 0x8986, 2, 0x9083, 6, 0x7062, 1,
    0x9083, 3, 0x7062, 6, 0x5000, 1, 0x18C5, 75,
    0x6000, 2, 0x4800, 1, 0x3000, 3, 0x5000, 5,
    0x6000, 1, 0x7000, 4, 0x7800, 10, 0x8000, 2,
    0x7800, 6, 0x7062, 2, 0x7800, 4, 0x7062, 1,
    0x7800, 2, 0x7062, 1, 0x7800, 8, 0x5000, 1,
    0x18C5, 75, 0x4800, 2, 0x3000, 3, 0x6000, 3,
    0x3000, 3, 0x4800, 1, 0x5000, 4, 0x7000, 8,
    0x7800, 29, 0x18C5, 75, 0x3000, 2, 0x4841, 2,
    0x6000, 7, 0x2000, 1, 0x3000, 4, 0x5000, 5,
    0x6000, 5, 0x7800, 4, 0x7000, 5, 0x7800, 8,
    0x6000, 1, 0x7800, 9, 0x18C5, 74, 0x7062, 1,
    0x4841, 5, 0x6000, 1, 0x4841, 1, 0x6000, 6,
    0x2000, 4, 0x3000, 6, 0x4800, 3, 0x6000, 6,
    0x5000, 3, 0x7000, 7, 0x5000, 3, 0x6000, 5,
    0x7000, 1, 0x7800, 2, 0x18C5, 71, 0x7125, 3,
    0x7062, 4, 0x6000, 10, 0x7000, 1, 0x7800, 2,
    0x7062, 2, 0x8986, 2, 0x2000, 4, 0x3000, 3,
    0x4800, 3, 0x3000, 6, 0x5000, 5, 0x4800, 1,
    0x3000, 3, 0x5000, 6, 0x7000, 2, 0x18C5, 68,
    0x7125, 10, 0x7062, 1, 0x6000, 7, 0x7000, 3,
    0x7800, 1, 0x7062, 4, 0x8986, 6, 0x7062, 1,
    0x8986, 2, 0x632D, 1, 0x2000, 7, 0x3000, 5,
    0x2000, 3, 0x8000, 2, 0x5000, 1, 0x3000, 3,
    0x4800, 1, 0x6000, 2, 0x18C5, 65, 0x9083, 1,
    0x4A6A, 3, 0x5AAB, 3, 0x4A6A, 4, 0x7062, 3,
    0x6000, 5, 0x7000, 4, 0x7800, 3, 0x7062, 4,
    0x7800, 1, 0x7062, 1, 0x7800, 3, 0x7062, 4,
    0x8986, 3, 0x7062, 4, 0x7800, 2, 0x7000, 1,
    0x8800, 2, 0x8000, 3, 0x8800, 1, 0x5000, 3,
    0x3000, 3, 0x4800, 2, 0x18C5, 63, 0x7062, 1,
    0x4A6A, 3, 0x52CC, 3, 0x5AAB, 1, 0x52CC, 2,
    0x4A6A, 2, 0x49E9, 2, 0x6000, 5, 0x7000, 6,
    0x7800, 13, 0x7062, 7, 0x7800, 3, 0x7000, 1,
    0x8800, 1, 0x8000, 3, 0x7062, 1, 0x9083, 2,
    0x4841, 3, 0x3000, 6, 0x18C5, 59, 0x8000, 3,
    0x2926, 1, 0x3186, 1, 0x3000, 3, 0x4800, 3,
    0x8000, 4, 0x8A88, 2, 0x7800, 2, 0x52CC, 4,
    0x7411, 2, 0x7000, 5, 0x7800, 22, 0x8000, 3,
    0x8800, 1, 0x9083, 1, 0x8986, 2, 0x50E5, 1,
    0x4841, 2, 0x3800, 2, 0x3000, 1, 0x20A3, 2,
    0x2000, 1, 0x3000, 1, 0x18C5, 55, 0x7800, 8,
    0x3000, 2, 0x4A6A, 1, 0x3186, 2, 0x4A6A, 1,
    0x6000, 5, 0x4800, 1, 0x5000, 2, 0x4800, 1,
    0x7800, 3, 0x8A88, 1, 0x10A3, 1, 0x3186, 1,
    0x7411, 2, 0x6B8E, 1, 0x7411, 4, 0x7000, 6,
    0x7800, 12, 0x8000, 1, 0x8800, 1, 0x7062, 1,
    0x8986, 2, 0x632D, 3, 0x39E9, 1, 0x4841, 2,
    0x3800, 3, 0x20A3, 2, 0x3186, 2, 0x6000, 1,
    0x18C5, 52, 0x7800, 1, 0x8000, 3, 0x8800, 3,
    0x10A3, 2, 0x6B8E, 5, 0x632D, 1, 0x7411, 2,
    0xB4EC, 2, 0x52CC, 2, 0x2125, 1, 0x20A3, 1,
    0x2125, 2, 0x5000, 3, 0x3800, 3, 0x7000, 3,
    0x8A88, 1, 0x2125, 1, 0x52CC, 1, 0x6B8E, 1,
    0x7411, 1, 0x6B8E, 3, 0x2926, 1, 0x632D, 1,
    0x8CD3, 2, 0x7000, 8, 0x7800, 1, 0x8000, 1,
    0x7800, 1, 0x9083, 1, 0x8986, 1, 0x632D, 5,
    0x50E5, 3, 0x20A3, 1, 0x3800, 2, 0x20A3, 2,
    0x49E9, 3, 0x6000, 1, 0x18C5, 50, 0x8800, 6,
    0x9083, 1, 0x20E5, 1, 0x10A3, 1, 0x6B8E, 1,
    0x7411, 2, 0x8986, 3, 0x632D, 1, 0x7411, 1,
    0xB4EC, 3, 0x6B8E, 2, 0xB4EC, 4, 0x20E5, 1,
    0x20A3, 1, 0x7000, 2, 0x6000, 2, 0x5000, 2,
    0x3800, 3, 0x7000, 4, 0x8A88, 1, 0x7000, 2,
    0x6000, 10, 0x7000, 1, 0x7800, 3, 0x8986, 1,
    0x632D, 2, 0x6B8E, 2, 0x632D, 2, 0x50E5, 3,
    0x20A3, 2, 0x20E5, 1, 0x20A3, 2, 0x49E9, 2,
    0x8A88, 2, 0x49E9, 1, 0x18C5, 48, 0x7800, 2,
    0x7062, 1, 0x8986, 5, 0x7125, 1, 0x2926, 2,
    0x52CC, 1, 0x632D, 2, 0x6B8E, 1, 0x9C4A, 2,
    0x8C0C, 1, 0x4A6A, 1, 0x52CC, 1, 0x632D, 2,
    0x52CC, 2, 0x8986, 2, 0x4A6A, 2, 0x7062, 1,
    0x7000, 4, 0x6000, 5, 0x4800, 2, 0x5000, 1,
    0x7800, 2, 0x7000, 3, 0x6B8E, 1, 0x7000, 1,
    0x6B8E, 1, 0x7062, 1, 0x632D, 1, 0x6000, 5,
    0x7800, 2, 0x9083, 2, 0x6B8E, 3, 0x632D, 2,
    0x39E9, 1, 0x50E5, 2, 0x4841, 2, 0x20A3, 1,
    0x20E5, 3, 0x49E9, 2, 0x8A88, 4, 0x18C5, 47,
    0x7800, 2, 0x7062, 1, 0x8986, 4, 0x39E9, 2,
    0x6B8E, 4, 0xB4EC, 2, 0x9C4A, 3, 0x8C0C, 2,
    0x9C4A, 5, 0x4A6A, 1, 0x5AAB, 3, 0x7800, 2,
    0x7000, 7, 0x6000, 2, 0x7800, 2, 0x6B8E, 1,
    0x7800, 3, 0x6B8E, 2, 0x20E5, 1, 0x6B8E, 1,
    0x2125, 1, 0x632D, 2, 0x6000, 2, 0x7000, 1,
    0x7800, 1, 0x9083, 2, 0x6B8E, 1, 0x7411, 3,
    0x6B8E, 2, 0x39E9, 3, 0x20A3, 1, 0x10A3, 3,
    0x20A3, 1, 0x20E5, 1, 0x8A88, 1, 0x49E9, 1,
    0x8A88, 5, 0x18C5, 45, 0x7800, 3, 0x8986, 5,
    0x39E9, 2, 0x6B8E, 3, 0x52CC, 1, 0x5AAB, 2,
    0x632D, 1, 0xB4EC, 1, 0x8C0C, 1, 0x52CC, 2,
    0x5AAB, 1, 0x632D, 1, 0x8C0C, 1, 0x9C4A, 2,
    0x52CC, 2, 0x49E9, 2, 0x7062, 2, 0x6000, 1,
    0x7000, 8, 0x7800, 1, 0x8986, 1, 0x8A88, 1,
    0x20E5, 1, 0x3800, 1, 0x20A3, 1, 0x6B8E, 1,
    0x4A6A, 2, 0x6B8E, 1, 0x52CC, 1, 0x632D, 2,
    0x52CC, 1, 0x10A3, 1, 0x6000, 1, 0x8986, 2,
    0x6B8E, 2, 0x7411, 2, 0x6B8E, 2, 0x49E9, 2,
    0x39E9, 1, 0x20A3, 3, 0x3186, 1, 0x10A3, 2,
    0x9C4A, 2, 0x8A88, 6, 0x9C4A, 1, 0x18C5, 44,
    0x7800, 2, 0x8986, 4, 0x632D, 2, 0x39E9, 1,
    0x6B8E, 3, 0x632D, 2, 0x4A6A, 2, 0x632D, 1,
    0x9C4A, 2, 0x8C0C, 1, 0x39E9, 2, 0x632D, 2,
    0x9C4A, 2, 0x52CC, 1, 0x5AAB, 1, 0x49E9, 1,
    0x7125, 2, 0x7062, 2, 0x6000, 5, 0x7000, 2,
    0x7800, 1, 0x8986, 3, 0x20E5, 2, 0x7411, 1,
    0x10A3, 1, 0x4841, 1, 0x20E5, 1, 0x7411, 2,
    0x8CD3, 1, 0x6B8E, 2, 0x52CC, 1, 0x20A3, 1,
    0x7125, 1, 0x6B8E, 7, 0x49E9, 2, 0x3186, 2,
    0x20A3, 2, 0x3186, 3, 0x9C4A, 3, 0x8A88, 6,
    0x8C0C, 1, 0x18C5, 43, 0x9083, 1, 0x6B8E, 4,
    0x8A88, 3, 0x10A3, 1, 0x632D, 3, 0x5AAB, 3,
    0x4A6A, 1, 0x632D, 1, 0x9C4A, 2, 0x8C0C, 3,
    0x9C4A, 3, 0x4A6A, 2, 0x49E9, 2, 0x7125, 6,
    0x6000, 4, 0x8800, 2, 0x8986, 2, 0x20E5, 2,
    0x7411, 3, 0x3186, 1, 0x20A3, 1, 0x52CC, 1,
    0x7411, 4, 0x20A3, 1, 0x2125, 1, 0x6B8E, 6,
    0x632D, 2, 0x39E9, 2, 0x50E5, 2, 0x20E5, 1,
    0x20A3, 1, 0x3186, 1, 0x4A6A, 1, 0x8C0C, 2,
    0x9C4A, 3, 0x8A88, 4, 0x9C4A, 1, 0x8C0C, 2,
    0x18C5, 41, 0x0862, 1, 0x18C5, 1, 0x0862, 2,
    0x1927, 2, 0x6B8E, 2, 0x8986, 1, 0x6B8E, 9,
    0x632D, 2, 0x4A6A, 3, 0x5AAB, 2, 0x632D, 1,
    0x5AAB, 2, 0x49E9, 4, 0x7125, 3, 0x50E5, 2,
    0x4841, 1, 0x6000, 2, 0x9083, 1, 0x3186, 2,
    0x20E5, 3, 0x7411, 2, 0x8CD3, 2, 0x7411, 1,
    0x52CC, 1, 0x2926, 1, 0x52CC, 1, 0x632D, 1,
    0x7411, 1, 0x20A3, 2, 0x6B8E, 1, 0x632D, 1,
    0x6B8E, 4, 0x4A6A, 1, 0x39E9, 1, 0x4A6A, 1,
    0x6B2C, 1, 0x5AAB, 1, 0x20E5, 1, 0x3186, 1,
    0x20E5, 1, 0x4A6A, 2, 0x8C0C, 2, 0x9C4A, 3,
    0x8A88, 4, 0x9C4A, 1, 0x8A88, 1, 0x8C0C, 1,
    0x7125, 1, 0x18C5, 41, 0x10A3, 1, 0x1927, 1,
    0x3189, 3, 0x1927, 3, 0x3189, 5, 0x1927, 4,
    0x5AAB, 3, 0x632D, 5, 0x8986, 2, 0x49E9, 2,
    0x7125, 1, 0x49E9, 1, 0x50E5, 2, 0x49E9, 1,
    0x50E5, 3, 0x6000, 2, 0x8986, 1, 0x3186, 1,
    0x20E5, 3, 0x8CD3, 7, 0x6B8E, 1, 0x2125, 1,
    0x2926, 1, 0x632D, 1, 0x20A3, 2, 0x632D, 1,
    0x5AAB, 1, 0x6B8E, 4, 0x632D, 1, 0x39E9, 2,
    0x4A6A, 1, 0x8C0C, 2, 0x6B2C, 1, 0x20E5, 2,
    0x5AAB, 1, 0x8C0C, 1, 0x9C4A, 5, 0x8A88, 4,
    0x9C4A, 2, 0x8986, 2, 0x18C5, 40, 0x3189, 9,
    0x416A, 12, 0x498A, 2, 0x416A, 4, 0x50E5, 1,
    0x5AAB, 2, 0x7125, 2, 0x5AAB, 3, 0x7125, 3,
    0x6000, 1, 0x8C0C, 1, 0x3186, 1, 0x10A3, 1,
    0x20E5, 1, 0x8CD3, 9, 0x6B8E, 1, 0x2926, 2,
    0x4A6A, 1, 0x52CC, 1, 0x4A6A, 1, 0x6B8E, 5,
    0x632D, 1, 0x5AAB, 1, 0x39E9, 1, 0x4A6A, 2,
    0x8C0C, 2, 0x6B2C, 1, 0x39E9, 1, 0x3186, 1,
    0x8C0C, 1, 0x9C4A, 6, 0x8A88, 2, 0x9C4A, 3,
    0x8A88, 1, 0x8986, 2, 0x18C5, 40, 0x3189, 8,
    0x498A, 18, 0x416A, 1, 0x498A, 2, 0x416A, 5,
    0x6000, 1, 0x7062, 2, 0x6000, 1, 0x8A88, 1,
    0x8986, 2, 0x7411, 1, 0x8CD3, 9, 0x7411, 2,
    0x632D, 1, 0x20A3, 3, 0x6B8E, 1, 0x632D, 1,
    0x6B8E, 2, 0x632D, 2, 0x52CC, 1, 0x39E9, 2,
    0x4A6A, 2, 0x8C0C, 3, 0xB4EC, 1, 0x6B2C, 2,
    0x9C4A, 5, 0x8A88, 1, 0x9C4A, 5, 0x8C0C, 1,
    0x8986, 1, 0x9C4A, 1, 0x18C5, 39, 0x3189, 9,
    0x498A, 16, 0x416A, 12, 0x0862, 1, 0x9083, 1,
    0x8986, 1, 0x8C0C, 1, 0x3186, 1, 0x7411, 1,
    0x8CD3, 5, 0x7411, 1, 0x8CD3, 1, 0x7411, 4,
    0x632D, 1, 0x4841, 1, 0x20A3, 1, 0x8986, 1,
    0x8A88, 1, 0x6B8E, 1, 0x632D, 3, 0x5AAB, 1,
    0x4A6A, 2, 0x39E9, 1, 0x4A6A, 1, 0x8C0C, 2,
    0xB4EC, 1, 0xD5ED, 1, 0xB4EC, 4, 0x9C4A, 3,
    0x8A88, 2, 0x9C4A, 5, 0x8A88, 1, 0x9C4A, 1,
    0x5AAB, 1, 0x18C5, 39, 0x3189, 9, 0x498A, 15,
    0x416A, 1, 0x3189, 1, 0x1927, 3, 0x416A, 9,
    0x3189, 1, 0x8A88, 1, 0x8C0C, 1, 0x3186, 1,
    0x52CC, 1, 0x8CD3, 3, 0x7411, 8, 0x6B8E, 1,
    0x52CC, 1, 0x7062, 1, 0x5AAB, 1, 0x52CC, 1,
    0x632D, 2, 0x6B8E, 1, 0x52CC, 1, 0x5AAB, 2,
    0x39E9, 1, 0x4A6A, 2, 0x8C0C, 1, 0xD5ED, 1,
    0xB4EC, 1, 0xD5ED, 2, 0xB4EC, 2, 0x9C4A, 11,
    0x8A88, 2, 0xB4EC, 1, 0x18C5, 38, 0x3189, 9,
    0x498A, 17, 0x416A, 6, 0x3189, 1, 0x416A, 7,
    0x8C0C, 1, 0x8A88, 1, 0x3186, 1, 0x6B8E, 1,
    0x8CD3, 4, 0x7411, 8, 0x3186, 1, 0x7062, 1,
    0x8A88, 1, 0x6B8E, 5, 0x5AAB, 1, 0x4A6A, 3,
    0x8C0C, 1, 0xD5ED, 4, 0xB4EC, 3, 0x9C4A, 1,
    0xD5ED, 2, 0x18C5, 2, 0x9C4A, 4, 0x8A88, 1,
    0x9C4A, 1, 0x5AAB, 1, 0x6B2C, 1, 0x9C4A, 1,
    0x18C5, 37, 0x1927, 1, 0x3189, 9, 0x498A, 17,
    0x416A, 14, 0xA001, 1, 0x3186, 2, 0x7411, 1,
    0x8CD3, 2, 0x7411, 10, 0x39E9, 2, 0x632D, 3,
    0x6B8E, 1, 0x632D, 3, 0x52CC, 2, 0xD5ED, 1,
    0xF6CE, 4, 0xD5ED, 6, 0x18C5, 6, 0x8A88, 1,
    0x3186, 1, 0x5AAB, 2, 0x7125, 1, 0x8A88, 1,
    0x18C5, 37, 0x3189, 9, 0x498A, 17, 0x416A, 14,
    0x3189, 1, 0x8986, 1, 0x632D, 1, 0x3186, 1,
    0x6B8E, 1, 0x7411, 10, 0x52CC, 1, 0x39E9, 1,
    0x6B8E, 1, 0x632D, 1, 0x4A6A, 1, 0x6B8E, 3,
    0x632D, 4, 0x8CD3, 1, 0xF6CE, 5, 0xD5ED, 6,
    0x18C5, 8, 0x3186, 1, 0x9C4A, 1, 0x7125, 1,
    0x7062, 1, 0x18C5, 36, 0x1927, 1, 0x3189, 9,
    0x498A, 17, 0x416A, 14, 0x3189, 1, 0x9083, 1,
    0x632D, 1, 0x52CC, 1, 0x7411, 10, 0x52CC, 1,
    0x39E9, 1, 0x6B8E, 1, 0x632D, 1, 0x52CC, 1,
    0x6B8E, 3, 0x632D, 1, 0x6B8E, 2, 0x632D, 1,
    0x8CD3, 1, 0xF6CE, 4, 0xD5ED, 7, 0x18C5, 9,
    0x3000, 1, 0x5AAB, 1, 0x8A88, 1, 0x6B8E, 1,
    0x18C5, 36, 0x1927, 1, 0x3189, 8, 0x498A, 18,
    0x416A, 14, 0x3189, 1, 0x8A88, 1, 0x6B8E, 1,
    0x3186, 1, 0x6B8E, 1, 0x7411, 4, 0x8CD3, 3,
    0x632D, 4, 0x5AAB, 1, 0x4A6A, 1, 0x6B8E, 2,
    0x632D, 1, 0x6B8E, 3, 0x8CD3, 2, 0xF6CE, 6,
    0xD5ED, 5, 0x0862, 1, 0x10A3, 1, 0x2125, 1,
    0x18C5, 7, 0x3000, 1, 0x5AAB, 1, 0x9C4A, 1,
    0x5AAB, 1, 0x18C5, 35, 0x10A3, 1, 0x1927, 1,
    0x3189, 8, 0x498A, 18, 0x2125, 1, 0x5AAB, 1,
    0x416A, 12, 0x3189, 1, 0x416A, 1, 0x8A88, 1,
    0x3186, 1, 0x6B8E, 1, 0x7411, 4, 0x8CD3, 1,
    0x7411, 3, 0x2125, 1, 0x5AAB, 1, 0x4A6A, 1,
    0x52CC, 1, 0x6B8E, 6, 0x8CD3, 2, 0xF6CE, 7,
    0xD5ED, 5, 0x0862, 1, 0x39E9, 2, 0x8986, 1,
    0x3186, 1, 0x18C5, 5, 0x3000, 1, 0x5AAB, 2,
    0x3186, 1, 0x18C5, 34, 0x10A3, 2, 0x3189, 9,
    0x498A, 17, 0x416A, 14, 0x3189, 2, 0x416A, 1,
    0x8A88, 1, 0x3186, 1, 0x52CC, 1, 0x7411, 6,
    0x2125, 1, 0x10A3, 1, 0x5AAB, 1, 0x4A6A, 1,
    0x6B8E, 6, 0x8CD3, 1, 0x7411, 1, 0x8CD3, 2,
    0xF6CE, 5, 0xD5ED, 6, 0x0862, 2, 0x7125, 1,
    0x3186, 1, 0x7125, 4, 0x0862, 1, 0x18C5, 2,
    0x7000, 1, 0x8A88, 2, 0x18C5, 33, 0x6B8E, 2,
    0x10A3, 1, 0x1927, 1, 0x3189, 8, 0x498A, 18,
    0x416A, 14, 0x3189, 2, 0x416A, 1, 0x8986, 1,
    0x2125, 1, 0x7411, 5, 0x2125, 1, 0x3186, 1,
    0x4A6A, 1, 0x39E9, 1, 0x4A6A, 1, 0x632D, 2,
    0x6B8E, 4, 0x8CD3, 2, 0x7411, 1, 0x8CD3, 3,
    0xF6CE, 5, 0xD5ED, 4, 0x0862, 2, 0x7125, 1,
    0x3186, 1, 0x2926, 1, 0x20A3, 1, 0x7125, 1,
    0x3186, 1, 0x8986, 1, 0x2125, 1, 0x18C5, 2,
    0x7800, 1, 0x3186, 2, 0x18C5, 31, 0x7411, 1,
    0x632D, 1, 0x7000, 1, 0x8986, 4, 0x1927, 6,
    0x3189, 1, 0x498A, 18, 0x416A, 14, 0x3189, 2,
    0x416A, 1, 0x8986, 1, 0x2125, 1, 0x3186, 1,
    0x6B8E, 1, 0x7411, 1, 0x52CC, 1, 0x3186, 1,
    0x5AAB, 1, 0x4A6A, 1, 0x7125, 1, 0x39E9, 1,
    0x632D, 1, 0x5AAB, 4, 0x8CD3, 5, 0xF6CE, 1,
    0x8CD3, 1, 0xF6CE, 1, 0x8CD3, 1, 0xD5ED, 1,
    0xF6CE, 1, 0xD5ED, 5, 0x0862, 2, 0x7125, 1,
    0x8986, 1, 0x2125, 2, 0x0862, 1, 0x20A3, 2,
    0x8986, 2, 0x18C5, 2, 0x7800, 1, 0x3186, 1,
    0x18C5, 31, 0x9083, 1, 0x7000, 1, 0x8986, 1,
    0x3000, 2, 0x7800, 1, 0x20E5, 1, 0x4800, 2,
    0x8986, 2, 0x7000, 3, 0x3189, 9, 0x498A, 9,
    0x416A, 15, 0x3189, 1, 0x416A, 2, 0x7125, 1,
    0x20E5, 2, 0x3186, 1, 0x52CC, 1, 0x8A88, 2,
    0x49E9, 1, 0x39E9, 1, 0x632D, 2, 0x5AAB, 3,
    0x52CC, 1, 0x8CD3, 5, 0xF6CE, 12, 0x0862, 1,
    0x10A3, 1, 0x7125, 1, 0x3186, 1, 0x0862, 1,
    0x20A3, 1, 0x2125, 1, 0x10A3, 1, 0x20A3, 1,
    0x3186, 1, 0x8986, 1, 0x18C5, 2, 0x7800, 1,
    0x3186, 1, 0x18C5, 29, 0x7000, 1, 0x8986, 2,
    0x3000, 1, 0x8800, 1, 0x8986, 2, 0x632D, 3,
    0x5AAB, 1, 0x4A6A, 2, 0x20A3, 1, 0x10A3, 1,
    0x20A3, 2, 0x3000, 1, 0x8986, 2, 0x7000, 4,
    0x3189, 3, 0x416A, 21, 0x3189, 2, 0x416A, 2,
    0x7125, 1, 0x2125, 1, 0x20E5, 1, 0x8986, 1,
    0x7125, 1, 0x5AAB, 1, 0x49E9, 1, 0x39E9, 1,
    0x632D, 3, 0x5AAB, 1, 0x52CC, 1, 0x7411, 1,
    0x8CD3, 1, 0x7411, 1, 0x8CD3, 2, 0xF6CE, 14,
    0x10A3, 1, 0x7125, 2, 0x20A3, 1, 0x2125, 2,
    0x5AAB, 1, 0x2125, 3, 0x7125, 1, 0x18C5, 2,
    0x7000, 1, 0x18C5, 27, 0x6B8E, 1, 0x7000, 1,
    0x8986, 1, 0x2000, 2, 0x7000, 1, 0x5AAB, 5,
    0x8A88, 2, 0x632D, 7, 0x5AAB, 1, 0x20A3, 5,
    0x8986, 5, 0x7000, 5, 0x6000, 1, 0x3189, 4,
    0x416A, 10, 0x3189, 2, 0x416A, 3, 0x52CC, 1,
    0x39E9, 1, 0x5AAB, 2, 0x39E9, 1, 0x4A6A, 1,
    0x632D, 2, 0x5AAB, 1, 0x52CC, 2, 0x8CD3, 3,
    0xF6CE, 1, 0x7411, 1, 0x8CD3, 1, 0xF6CE, 4,
    0x7411, 1, 0xF6CE, 4, 0xB4EC, 1, 0xF6CE, 4,
    0x3186, 1, 0x7125, 1, 0x2125, 2, 0x5AAB, 2,
    0x3186, 1, 0x5AAB, 1, 0x2125, 1, 0x20A3, 1,
    0x3186, 1, 0x2926, 1, 0x18C5, 1, 0x4841, 1,
    0x18C5, 25, 0xA001, 1, 0x6000, 1, 0x8986, 2,
    0x2000, 1, 0x7062, 2, 0x632D, 1, 0x5AAB, 7,
    0x8A88, 1, 0x632D, 1, 0x6B8E, 11, 0x52CC, 1,
    0x4A6A, 4, 0x10A3, 1, 0x20A3, 3, 0x10A3, 4,
    0x8986, 7, 0x7000, 1, 0x8986, 4, 0x7000, 2,
    0x18C5, 2, 0x416A, 1, 0x39E9, 1, 0x5AAB, 1,
    0x4A6A, 1, 0x39E9, 1, 0x632D, 1, 0x6B8E, 1,
    0x5AAB, 2, 0x52CC, 1, 0x8CD3, 3, 0xF6CE, 3,
    0x6B8E, 1, 0x7411, 1, 0xF6CE, 3, 0x7411, 2,
    0x39E9, 1, 0xF6CE, 3, 0xB4EC, 1, 0xF6CE, 3,
    0x20E5, 1, 0x3186, 1, 0x7125, 1, 0x0862, 1,
    0x2125, 1, 0x3186, 1, 0x0862, 1, 0x3800, 1,
    0x3186, 2, 0x20A3, 1, 0x2125, 1, 0x3186, 1,
    0x18C5, 25, 0xA001, 1, 0x6000, 1, 0x8986, 2,
    0x2000, 2, 0x7125, 1, 0x6B8E, 2, 0x5AAB, 6,
    0x632D, 3, 0x6B8E, 2, 0x632D, 2, 0x6B8E, 2,
    0x7411, 1, 0x6B8E, 14, 0x5AAB, 3, 0x632D, 3,
    0x6B8E, 1, 0x632D, 3, 0x8000, 2, 0x7800, 1,
    0x6000, 2, 0x2000, 2, 0x8986, 1, 0x7000, 1,
    0x5000, 1, 0x7125, 1, 0x4A6A, 3, 0x632D, 3,
    0x5AAB, 2, 0x7411, 1, 0x8CD3, 1, 0xF6CE, 5,
    0x6B8E, 2, 0xF6CE, 3, 0x2125, 2, 0x39E9, 1,
    0xF6CE, 3, 0xB4EC, 1, 0xF6CE, 3, 0x20E5, 1,
    0x3186, 2, 0x20A3, 1, 0x49E9, 1, 0x3800, 1,
    0x20A3, 2, 0x3800, 1, 0x10A3, 1, 0x2125, 2,
    0x39E9, 1, 0x18C5, 22, 0x8CD3, 1, 0x7411, 1,
    0xA001, 1, 0x6000, 1, 0x8986, 1, 0x2000, 2,
    0x2125, 1, 0x632D, 2, 0x9C4A, 3, 0x632D, 1,
    0x49E9, 1, 0x4A6A, 3, 0x6B8E, 1, 0x7411, 1,
    0xB4EC, 6, 0x6B8E, 2, 0xB4EC, 5, 0x9C4A, 2,
    0x7411, 1, 0x632D, 1, 0x6B8E, 2, 0x632D, 2,
    0x6B8E, 1, 0x632D, 2, 0x6B8E, 3, 0x632D, 3,
    0x8986, 3, 0x7800, 2, 0x10A3, 1, 0x8986, 2,
    0x50E5, 1, 0x7125, 3, 0x49E9, 1, 0x632D, 1,
    0x4A6A, 1, 0x6B8E, 1, 0x632D, 4, 0x8CD3, 1,
    0x7411, 1, 0xF6CE, 6, 0x6B8E, 1, 0x9C4A, 1,
    0xF6CE, 3, 0xB4EC, 1, 0xF6CE, 1, 0x39E9, 1,
    0xF6CE, 1, 0xD5ED, 1, 0xF6CE, 1, 0xB4EC, 1,
    0xF6CE, 3, 0x2125, 1, 0x8986, 1, 0x20A3, 1,
    0x2125, 1, 0x0862, 1, 0x20A3, 4, 0x0862, 1,
    0x2125, 1, 0x20A3, 1, 0x39E9, 1, 0x18C5, 20,
    0x6B8E, 1, 0x7411, 1, 0x9083, 1, 0x6000, 1,
    0x8986, 1, 0x2000, 2, 0x7062, 2, 0x52CC, 1,
    0x9C4A, 3, 0x8C0C, 1, 0x9C4A, 1, 0x6B2C, 1,
    0x9C4A, 3, 0x6B8E, 1, 0x4A6A, 1, 0x52CC, 2,
    0x632D, 4, 0x6B8E, 1, 0xB4EC, 2, 0x632D, 5,
    0x6B8E, 2, 0x9C4A, 3, 0x632D, 4, 0x6B8E, 3,
    0x632D, 1, 0x8986, 3, 0x632D, 2, 0x7800, 1,
    0x2000, 2, 0x8986, 1, 0x7000, 1, 0x50E5, 3,
    0x49E9, 3, 0x52CC, 1, 0x632D, 1, 0x6B8E, 2,
    0x8C0C, 1, 0x5AAB, 1, 0x8CD3, 4, 0xF6CE, 3,
    0x8CD3, 1, 0xF6CE, 3, 0x9C4A, 1, 0xF6CE, 3,
    0xB4EC, 2, 0xD5ED, 1, 0xF6CE, 1, 0xB4EC, 1,
    0xF6CE, 1, 0x6B2C, 1, 0xF6CE, 3, 0x3186, 1,
    0x7125, 1, 0x0862, 1, 0x5AAB, 1, 0x3800, 1,
    0x20A3, 1, 0x0862, 1, 0x20A3, 1, 0x10A3, 1,
    0x20A3, 1, 0x2125, 1, 0x20A3, 1, 0x39E9, 1,
    0x2125, 1, 0x18C5, 17, 0xD5ED, 1, 0x7411, 1,
    0x9083, 1, 0x7062, 1, 0x5000, 1, 0x7125, 1,
    0x2000, 1, 0x3189, 1, 0x39E9, 1, 0x9C4A, 1,
    0x632D, 2, 0x9C4A, 2, 0x39E9, 1, 0x9C4A, 1,
    0x8C0C, 1, 0x5000, 1, 0x4A6A, 1, 0x9C4A, 1,
    0x8986, 1, 0xB4EC, 1, 0x632D, 2, 0xB4EC, 2,
    0x632D, 7, 0x6B8E, 4, 0xB4EC, 2, 0x6B8E, 1,
    0xB4EC, 3, 0x9C4A, 1, 0x6B8E, 3, 0x632D, 2,
    0x8986, 4, 0x7800, 1, 0x2000, 2, 0x8986, 1,
    0x39E9, 1, 0x4841, 1, 0x50E5, 1, 0x49E9, 4,
    0x52CC, 2, 0x6B8E, 1, 0x632D, 2, 0x8C0C, 1,
    0x5AAB, 1, 0x8CD3, 5, 0x7411, 1, 0x8CD3, 2,
    0x6B8E, 1, 0x632D, 1, 0xF6CE, 2, 0x9C4A, 1,
    0xF6CE, 5, 0xD5ED, 1, 0xB4EC, 2, 0x7411, 1,
    0x6B2C, 1, 0xF6CE, 2, 0xD5ED, 1, 0x2926, 2,
    0x2125, 1, 0x3186, 1, 0x20A3, 2, 0x0862, 1,
    0x10A3, 1, 0x0862, 1, 0x20A3, 1, 0x5AAB, 1,
    0x20A3, 1, 0x6B8E, 1, 0x2125, 1, 0x18C5, 16,
    0x7411, 2, 0x632D, 1, 0x9083, 1, 0x5000, 1,
    0x7125, 1, 0x2000, 1, 0x20E5, 2, 0x8C0C, 6,
    0x50E5, 1, 0x8C0C, 4, 0xB4EC, 1, 0x2125, 1,
    0x8C0C, 1, 0xB4EC, 3, 0x4A6A, 3, 0xB4EC, 1,
    0x6B8E, 2, 0x632D, 6, 0x52CC, 1, 0x632D, 2,
    0x52CC, 1, 0xB4EC, 3, 0x7411, 1, 0x6B8E, 2,
    0x632D, 1, 0x4A6A, 2, 0x632D, 2, 0x8000, 1,
    0x0862, 1, 0x8986, 1, 0x4841, 2, 0x39E9, 1,
    0x49E9, 3, 0x52CC, 4, 0x6B8E, 1, 0x632D, 1,
    0x6B8E, 1, 0x632D, 1, 0x8CD3, 6, 0x7411, 3,
    0x6B8E, 2, 0x3186, 1, 0x8CD3, 1, 0xF6CE, 1,
    0xB4EC, 1, 0x8CD3, 1, 0xF6CE, 1, 0xD5ED, 2,
    0xF6CE, 1, 0xD5ED, 2, 0xF6CE, 1, 0x7411, 1,
    0x9C4A, 1, 0xF6CE, 1, 0xD5ED, 1, 0x10A3, 1,
    0x2926, 1, 0x20A3, 1, 0x2125, 1, 0x10A3, 2,
    0x20A3, 1, 0x10A3, 2, 0x20A3, 2, 0x2125, 1,
    0x20A3, 1, 0x39E9, 1, 0x2125, 1, 0x18C5, 15,
    0x6B8E, 2, 0x8986, 2, 0x5000, 1, 0x7125, 1,
    0x2000, 1, 0x5000, 2, 0x52CC, 1, 0x8C0C, 2,
    0x8A88, 1, 0x6B2C, 2, 0x5000, 1, 0x7125, 2,
    0x39E9, 1, 0xB4EC, 1, 0x8C0C, 2, 0xB4EC, 1,
    0x5AAB, 1, 0xB4EC, 7, 0x4A6A, 2, 0x6B8E, 1,
    0xB4EC, 2, 0x6B8E, 3, 0x52CC, 1, 0x4A6A, 2,
    0x52CC, 1, 0x8C0C, 1, 0xB4EC, 7, 0x7411, 1,
    0x20E5, 1, 0x2000, 1, 0x8986, 1, 0x4841, 1,
    0x50E5, 1, 0x39E9, 3, 0x4A6A, 1, 0x52CC, 4,
    0x6B8E, 1, 0x632D, 1, 0x6B8E, 1, 0x632D, 2,
    0x8CD3, 7, 0x7411, 1, 0xD5ED, 1, 0x7411, 1,
    0xF6CE, 1, 0x9C4A, 1, 0x3186, 1, 0xF6CE, 1,
    0xD5ED, 2, 0x7411, 1, 0xF6CE, 1, 0x9C4A, 2,
    0xD5ED, 2, 0x3189, 1, 0x2125, 1, 0x0000, 1,
    0x9C4A, 1, 0xD5ED, 2, 0x20E5, 1, 0x3186, 1,
    0x20A3, 1, 0x2125, 1, 0x3800, 1, 0x0862, 1,
    0x10A3, 1, 0x20A3, 2, 0x10A3, 1, 0x6000, 1,
    0x7125, 1, 0x20A3, 1, 0x6B8E, 1, 0x2125, 1,
    0x18C5, 14, 0x6B8E, 1, 0x7411, 1, 0x632D, 1,
    0x8986, 1, 0x5000, 1, 0x7125, 1, 0x2000, 1,
    0x5000, 1, 0x6000, 1, 0x4A6A, 1, 0x52CC, 2,
    0x8C0C, 1, 0x8A88, 2, 0x39E9, 1, 0x9C4A, 1,
    0x6B2C, 1, 0x8C0C, 2, 0x39E9, 1, 0x4841, 2,
    0x4A6A, 1, 0x39E9, 1, 0x8C0C, 2, 0x20E5, 1,
    0x8C0C, 3, 0x6B2C, 1, 0xB4EC, 3, 0x52CC, 1,
    0xB4EC, 2, 0x9C4A, 1, 0x8C0C, 2, 0x9C4A, 1,
    0x8C0C, 2, 0x4841, 1, 0x4A6A, 1, 0xB4EC, 1,
    0x9C4A, 2, 0x2125, 1, 0x52CC, 2, 0x0862, 1,
    0x8986, 2, 0x4841, 1, 0x39E9, 3, 0x4A6A, 5,
    0x52CC, 1, 0x632D, 2, 0x7411, 1, 0x6B8E, 1,
    0x632D, 1, 0x8CD3, 8, 0x7411, 1, 0xF6CE, 3,
    0x8CD3, 1, 0x7411, 1, 0xD5ED, 3, 0x3186, 1,
    0xF6CE, 1, 0x9C4A, 1, 0xD5ED, 1, 0x7411, 1,
    0x39E9, 1, 0x3189, 1, 0x20A3, 1, 0x9C4A, 1,
    0xF6CE, 1, 0xD5ED, 2, 0x10A3, 1, 0x3186, 1,
    0x20A3, 1, 0x5AAB, 1, 0x3800, 1, 0x20A3, 1,
    0x0862, 2, 0x6000, 1, 0x0862, 1, 0x6000, 1,
    0x2125, 1, 0x20A3, 1, 0x39E9, 1, 0x18C5, 14,
    0x6B8E, 1, 0x632D, 1, 0x5AAB, 2, 0x8986, 1,
    0x7125, 1, 0x2000, 1, 0x6000, 2, 0x5AAB, 1,
    0x39E9, 2, 0x4A6A, 1, 0x8C0C, 2, 0x8A88, 1,
    0x6B2C, 1, 0x9C4A, 2, 0x4A6A, 1, 0x9C4A, 3,
    0x8C0C, 1, 0x4A6A, 3, 0x39E9, 2, 0x8C0C, 1,
    0x9C4A, 1, 0x39E9, 1, 0x8C0C, 1, 0x6B2C, 2,
    0x2125, 1, 0x8C0C, 2, 0x6B2C, 1, 0x8C0C, 1,
    0x50E5, 1, 0x49E9, 1, 0xB4EC, 1, 0x8C0C, 1,
    0x4841, 1, 0xB4EC, 3, 0x52CC, 1, 0x7125, 1,
    0x7800, 1, 0x0862, 2, 0x8986, 1, 0x5000, 1,
    0x3000, 4, 0x52CC, 5, 0x6B8E, 1, 0x632D, 1,
    0x52CC, 1, 0x6B8E, 1, 0x632D, 1, 0x8CD3, 7,
    0x7411, 1, 0x8CD3, 1, 0x6B8E, 1, 0x7411, 1,
    0xF6CE, 1, 0xD5ED, 1, 0xB4EC, 1, 0x8CD3, 1,
    0xD5ED, 3, 0xF6CE, 1, 0x3186, 1, 0xD5ED, 1,
    0x8A88, 1, 0xD5ED, 1, 0x39E9, 1, 0x20A3, 3,
    0xF6CE, 1, 0xD5ED, 2, 0x9C4A, 1, 0x2125, 1,
    0x3186, 1, 0x20A3, 1, 0x49E9, 1, 0x20A3, 2,
    0x10A3, 1, 0x0862, 1, 0x6000, 1, 0x10A3, 1,
    0x20A3, 1, 0x5AAB, 1, 0x20A3, 1, 0x39E9, 1,
    0x18C5, 13, 0x52CC, 1, 0x632D, 1, 0x5AAB, 3,
    0x7125, 1, 0x2000, 2, 0x5000, 1, 0x4A6A, 3,
    0x39E9, 1, 0x8C0C, 3, 0x5000, 1, 0x4841, 2,
    0x39E9, 1, 0x8C0C, 3, 0x9C4A, 2, 0x4A6A, 2,
    0x8C0C, 2, 0x4A6A, 7, 0x8C0C, 1, 0x6B2C, 1,
    0x4A6A, 1, 0x8C0C, 1, 0x3186, 1, 0x39E9, 1,
    0x3000, 1, 0x39E9, 1, 0x9C4A, 5, 0x49E9, 1,
    0x7000, 1, 0x2000, 2, 0x7125, 1, 0x50E5, 4,
    0x52CC, 6, 0x632D, 2, 0x5AAB, 2, 0x4A6A, 1,
    0x7411, 1, 0x8CD3, 1, 0x7411, 1, 0x8CD3, 3,
    0x7411, 1, 0x8CD3, 1, 0x8A88, 2, 0x6B8E, 1,
    0xF6CE, 2, 0xD5ED, 1, 0xF6CE, 1, 0xD5ED, 3,
    0x3186, 1, 0x2125, 1, 0x3186, 1, 0x8C0C, 1,
    0xA001, 1, 0x9C4A, 1, 0x39E9, 1, 0xF6CE, 3,
    0x9C4A, 4, 0x2125, 1, 0x3186, 1, 0x2125, 1,
    0x3186, 1, 0x7000, 1, 0x20A3, 1, 0x10A3, 1,
    0x0862, 1, 0x20A3, 3, 0x2125, 1, 0x20A3, 1,
    0x39E9, 1, 0x18C5, 12, 0x3186, 1, 0x8986, 4,
    0x7125, 1, 0x2000, 2, 0x6000, 1, 0x7062, 1,
    0x4A6A, 2, 0x7062, 1, 0x39E9, 1, 0x8C0C, 2,
    0x4A6A, 1, 0x4841, 1, 0x4800, 1, 0x5000, 1,
    0x3800, 1, 0x4800, 2, 0x50E5, 1, 0x39E9, 3,
    0x6B2C, 1, 0x4A6A, 1, 0x8C0C, 2, 0x9C4A, 1,
    0x6B2C, 3, 0x4841, 2, 0x8A88, 2, 0x50E5, 1,
    0x4800, 1, 0x5000, 1, 0x39E9, 1, 0x9C4A, 1,
    0x50E5, 1, 0x9C4A, 4, 0x4A6A, 1, 0x6000, 1,
    0x2000, 2, 0x7125, 1, 0x4841, 1, 0x50E5, 1,
    0x39E9, 1, 0x49E9, 2, 0x4A6A, 1, 0x52CC, 3,
    0x6B2C, 1, 0x632D, 1, 0x5AAB, 2, 0x7125, 2,
    0x632D, 2, 0x6B8E, 1, 0x9C4A, 1, 0x7411, 1,
    0x6B8E, 1, 0x8CD3, 1, 0x7411, 2, 0x8A88, 1,
    0x3186, 1, 0x39E9, 1, 0xF6CE, 2, 0xB4EC, 2,
    0xD5ED, 1, 0x3186, 3, 0x20A3, 1, 0x9C4A, 1,
    0x39E9, 1, 0xA001, 2, 0x39E9, 2, 0x9C4A, 3,
    0x2926, 1, 0x9C4A, 1, 0x20E5, 1, 0x2926, 1,
    0x3186, 1, 0x2125, 1, 0x9C4A, 1, 0x20A3, 2,
    0x10A3, 1, 0x20A3, 1, 0x10A3, 1, 0x0862, 1,
    0x20A3, 1, 0x2125, 2, 0x3186, 1, 0x18C5, 11,
    0x7125, 1, 0x8986, 1, 0x9083, 2, 0x8000, 1,
    0x7125, 1, 0x3000, 3, 0x6000, 1, 0x4A6A, 2,
    0x7125, 1, 0x20A3, 1, 0x39E9, 2, 0x8C0C, 1,
    0x39E9, 2, 0x4841, 1, 0x39E9, 1, 0x5000, 2,
    0x4800, 2, 0x5000, 2, 0x4800, 2, 0x4841, 2,
    0x9C4A, 2, 0x6B2C, 2, 0x8A88, 2, 0x50E5, 3,
    0x9C4A, 3, 0x50E5, 1, 0x632D, 1, 0x9C4A, 4,
    0x52CC, 1, 0x6000, 1, 0x2000, 2, 0x7125, 1,
    0x4841, 1, 0x50E5, 3, 0x4A6A, 2, 0x52CC, 2,
    0x6B2C, 1, 0xB4EC, 1, 0x9C4A, 1, 0x6B8E, 1,
    0x50E5, 1, 0x2125, 1, 0x7125, 2, 0x3186, 1,
    0x632D, 1, 0x3186, 1, 0x9C4A, 1, 0x3186, 1,
    0x6B8E, 1, 0x7411, 2, 0x6B8E, 2, 0x39E9, 1,
    0xF6CE, 3, 0xB4EC, 2, 0x7411, 1, 0x3186, 1,
    0x20A3, 2, 0xF6CE, 1, 0x9C4A, 1, 0x39E9, 1,
    0xA001, 1, 0x9083, 1, 0x6B2C, 1, 0x39E9, 1,
    0x3186, 3, 0x2926, 1, 0x6B2C, 1, 0x10A3, 1,
    0x2125, 3, 0x3186, 1, 0x3800, 1, 0x20A3, 2,
    0x10A3, 3, 0x0862, 1, 0x2125, 2, 0x2926, 1,
    0x18C5, 10, 0x7062, 1, 0x3186, 1, 0x6000, 2,
    0x7062, 1, 0x50E5, 1, 0x4841, 1, 0x50E5, 1,
    0x2000, 1, 0x6000, 1, 0x7125, 2, 0x4A6A, 1,
    0x7062, 2, 0x10A3, 1, 0x4A6A, 1, 0x8C0C, 2,
    0x50E5, 1, 0x4841, 1, 0x8A88, 2, 0x50E5, 1,
    0x4841, 1, 0x4800, 4, 0x3000, 4, 0x4800, 1,
    0x8A88, 1, 0x9C4A, 1, 0x8A88, 4, 0x9C4A, 2,
    0x7000, 1, 0x52CC, 1, 0x9C4A, 3, 0x8C0C, 2,
    0x52CC, 1, 0x4841, 1, 0x2000, 2, 0x7125, 1,
    0x4841, 1, 0x50E5, 2, 0x39E9, 2, 0x49E9, 2,
    0x52CC, 2, 0x8C0C, 1, 0xB4EC, 1, 0x3186, 1,
    0x2125, 1, 0x7062, 4, 0x7800, 1, 0x2125, 1,
    0x3186, 2, 0x6B8E, 1, 0x632D, 2, 0x6B8E, 1,
    0x7411, 1, 0x39E9, 1, 0x9C4A, 1, 0xF6CE, 3,
    0xB4EC, 1, 0x9C4A, 1, 0x39E9, 1, 0x20A3, 1,
    0xF6CE, 3, 0x9C4A, 1, 0x39E9, 1, 0xA001, 1,
    0x9083, 2, 0x8A88, 1, 0x3186, 1, 0x9083, 2,
    0x2926, 1, 0x6B2C, 1, 0x20E5, 1, 0x2926, 1,
    0x3186, 1, 0x20A3, 1, 0x49E9, 1, 0x3800, 1,
    0x0862, 1, 0x20A3, 1, 0x0862, 1, 0x20A3, 2,
    0x10A3, 1, 0x20A3, 1, 0x3186, 1, 0x18C5, 11,
    0x6000, 2, 0x7000, 2, 0x7125, 1, 0x4841, 2,
    0x50E5, 1, 0x2000, 1, 0x5000, 2, 0x39E9, 1,
    0x50E5, 1, 0x7125, 1, 0x7062, 1, 0x10A3, 1,
    0x39E9, 2, 0x9C4A, 1, 0x8C0C, 1, 0x5000, 2,
    0x3186, 4, 0x4841, 2, 0x4800, 7, 0x4841, 1,
    0x7125, 2, 0x3186, 1, 0x4800, 1, 0x9C4A, 3,
    0x20E5, 1, 0x6000, 1, 0x20A3, 1, 0x4A6A, 1,
    0x8C0C, 1, 0x632D, 1, 0x4841, 1, 0x2000, 2,
    0x7125, 1, 0x5000, 1, 0x50E5, 2, 0x39E9, 2,
    0x4A6A, 3, 0x8C0C, 2, 0xB4EC, 2, 0x4841, 1,
    0x18C5, 1, 0x7800, 1, 0x6000, 1, 0x7062, 1,
    0x7800, 2, 0x2926, 1, 0x2125, 1, 0x2926, 1,
    0x6B8E, 1, 0x632D, 1, 0x6B8E, 3, 0x9C4A, 1,
    0xF6CE, 4, 0x39E9, 1, 0xA001, 1, 0x6B8E, 1,
    0x9C4A, 1, 0xF6CE, 1, 0x9C4A, 2, 0x8A88, 1,
    0x2125, 1, 0x8A88, 1, 0x9083, 3, 0x2926, 3,
    0x0862, 1, 0x3186, 1, 0x2125, 2, 0x3186, 1,
    0x20A3, 1, 0x5AAB, 1, 0x10A3, 2, 0x20A3, 1,
    0x0862, 1, 0x20A3, 1, 0x3800, 1, 0x3186, 1,
    0x20A3, 1, 0x7125, 1, 0x18C5, 11, 0x7000, 3,
    0x7062, 1, 0x7125, 1, 0x4841, 2, 0x50E5, 1,
    0x2000, 1, 0x5000, 1, 0x4841, 1, 0x39E9, 1,
    0x50E5, 3, 0x5000, 2, 0x3186, 1, 0x8A88, 1,
    0x6B2C, 1, 0x8C0C, 3, 0x4800, 2, 0x3000, 1,
    0x4841, 1, 0x3186, 2, 0x4841, 1, 0x4800, 1,
    0x4841, 4, 0x8A88, 2, 0x3000, 1, 0x8C0C, 1,
    0x9C4A, 2, 0x39E9, 1, 0x20A3, 1, 0x6000, 3,
    0x7125, 1, 0x7062, 1, 0x6000, 2, 0x2000, 1,
    0x7125, 1, 0x4841, 2, 0x50E5, 2, 0x49E9, 3,
    0x4A6A, 2, 0x52CC, 1, 0xB4EC, 2, 0x7125, 1,
    0x0862, 2, 0x18C5, 4, 0x6000, 1, 0x5000, 1,
    0x2926, 1, 0x3186, 1, 0x7411, 1, 0x2926, 1,
    0x39E9, 1, 0x6B8E, 1, 0x3186, 1, 0x9C4A, 1,
    0xF6CE, 4, 0x39E9, 1, 0xA001, 1, 0x6B8E, 1,
    0x3186, 1, 0x9C4A, 1, 0x3186, 2, 0x6B2C, 1,
    0x20A3, 1, 0x9083, 1, 0x4A6A, 1, 0x2926, 2,
    0x10A3, 3, 0x3186, 1, 0x2125, 3, 0x3186, 1,
    0x20A3, 1, 0x2125, 1, 0x3186, 1, 0x20A3, 4,
    0x3186, 1, 0x2125, 2, 0x8986, 1, 0x18C5, 11,
    0x7000, 2, 0x8C0C, 2, 0x7125, 1, 0x50E5, 1,
    0x4841, 2, 0x49E9, 1, 0x2000, 1, 0x5000, 1,
    0x39E9, 2, 0x50E5, 2, 0x5000, 3, 0x10A3, 1,
    0x3186, 1, 0x8A88, 1, 0x6B2C, 4, 0x10A3, 1,
    0x39E9, 2, 0x6B2C, 1, 0x8C0C, 3, 0x39E9, 1,
    0x6B2C, 1, 0x8C0C, 3, 0x39E9, 1, 0x10A3, 2,
    0x6000, 5, 0x7125, 1, 0x6000, 1, 0x3000, 3,
    0x5000, 2, 0x4841, 1, 0x50E5, 3, 0x49E9, 3,
    0x4A6A, 2, 0xB4EC, 1, 0x3186, 1, 0x39E9, 1,
    0x7800, 1, 0x0862, 3, 0x39E9, 1, 0x6B8E, 1,
    0x3186, 1, 0x18C5, 1, 0x7000, 1, 0x3186, 1,
    0x632D, 1, 0x3189, 1, 0x2926, 1, 0x6B8E, 2,
    0x4841, 1, 0xF6CE, 5, 0x3186, 1, 0xA001, 1,
    0x8A88, 2, 0x3186, 2, 0x8986, 1, 0x8A88, 1,
    0x20E5, 1, 0x2926, 1, 0x0862, 2, 0x10A3, 1,
    0x3186, 1, 0x3800, 1, 0x3186, 2, 0x20E5, 2,
    0x20A3, 1, 0x3186, 1, 0x20A3, 1, 0x2125, 1,
    0x5AAB, 1, 0x3800, 2, 0x20A3, 1, 0x3800, 1,
    0x5AAB, 1, 0x2125, 1, 0x3186, 1, 0x8986, 1,
    0x18C5, 11, 0x7000, 1, 0x7062, 1, 0x8C0C, 1,
    0x9C4A, 1, 0x2125, 1, 0x4841, 3, 0x50E5, 1,
    0x2000, 1, 0x5000, 2, 0x50E5, 1, 0x4841, 1,
    0x50E5, 2, 0x4841, 1, 0x5000, 3, 0x10A3, 2,
    0x3189, 3, 0x10A3, 1, 0x0862, 1, 0x6B2C, 1,
    0x8A88, 2, 0x3189, 2, 0x10A3, 2, 0x8A88, 1,
    0x10A3, 1, 0x0862, 1, 0x5000, 2, 0x4841, 1,
    0x50E5, 2, 0x39E9, 2, 0x5000, 1, 0x6000, 1,
    0x2000, 2, 0x7125, 1, 0x5000, 1, 0x50E5, 7,
    0x49E9, 3, 0x52CC, 1, 0x6B8E, 1, 0x7062, 1,
    0x7125, 1, 0x0862, 3, 0x2125, 1, 0x3186, 1,
    0x7125, 4, 0x3186, 5, 0x4841, 1, 0x9C4A, 1,
    0xF6CE, 5, 0x2125, 1, 0x3186, 1, 0x7062, 1,
    0x8A88, 1, 0x9083, 2, 0x4A6A, 1, 0x3186, 1,
    0x0862, 2, 0x3186, 6, 0x20E5, 4, 0x3186, 1,
    0x2926, 1, 0x2125, 2, 0x0862, 1, 0x3186, 1,
    0x0862, 1, 0x3186, 1, 0x2125, 1, 0x20A3, 1,
    0x8986, 1, 0x2125, 1, 0x18C5, 10, 0x7000, 2,
    0x7125, 1, 0x9C4A, 2, 0x20A3, 2, 0x4841, 2,
    0x5000, 1, 0x50E5, 1, 0x2000, 2, 0x0862, 1,
    0x5000, 3, 0x4841, 3, 0x5000, 2, 0x4841, 1,
    0x4800, 1, 0x3800, 1, 0x5000, 5, 0x2000, 1,
    0x3800, 2, 0x5000, 5, 0x4841, 1, 0x50E5, 3,
    0x39E9, 1, 0x4841, 1, 0x5000, 2, 0x2000, 1,
    0x50E5, 1, 0x4841, 2, 0x8986, 1, 0x9083, 1,
    0x8800, 1, 0x8000, 1, 0x50E5, 4, 0x20E5, 2,
    0x3186, 3, 0x6000, 1, 0x0862, 3, 0x7125, 2,
    0x2926, 1, 0x20A3, 1, 0x7125, 2, 0x8986, 1,
    0x3186, 1, 0x52CC, 1, 0x3186, 1, 0x2926, 1,
    0x10A3, 2, 0x9C4A, 1, 0xF6CE, 5, 0x10A3, 1,
    0x3186, 1, 0x9083, 2, 0x4A6A, 2, 0x0862, 1,
    0x4800, 1, 0x3800, 1, 0x3186, 6, 0x20E5, 5,
    0x2926, 1, 0x7125, 1, 0x0862, 1, 0x20A3, 1,
    0x49E9, 1, 0x5AAB, 3, 0x10A3, 1, 0x20A3, 1,
    0x8986, 1, 0x0862, 1, 0x18C5, 10, 0x5000, 1,
    0x7000, 1, 0x2125, 1, 0x9C4A, 2, 0x6B2C, 1,
    0x20A3, 1, 0x4841, 3, 0x49E9, 2, 0x50E5, 2,
    0x0862, 1, 0x5000, 3, 0x4841, 6, 0x5000, 13,
    0x50E5, 2, 0x4841, 1, 0x39E9, 1, 0x50E5, 1,
    0x5000, 2, 0x2000, 1, 0x50E5, 1, 0x4841, 3,
    0x8986, 3, 0x8800, 2, 0x8000, 4, 0x50E5, 1,
    0x7125, 1, 0x39E9, 1, 0x7062, 1, 0x7800, 1,
    0x7062, 1, 0x0862, 3, 0x8986, 1, 0x2125, 2,
    0x0862, 1, 0x20A3, 1, 0x2926, 1, 0x8986, 1,
    0x7125, 1, 0x20E5, 1, 0x3186, 1, 0x2125, 1,
    0x10A3, 1, 0x9C4A, 1, 0xF6CE, 4, 0xD5ED, 2,
    0x6B2C, 1, 0x2125, 1, 0x4A6A, 2, 0x0862, 3,
    0x3800, 1, 0x3186, 5, 0x632D, 3, 0x0000, 1,
    0x20E5, 3, 0x2926, 1, 0x8986, 1, 0x20A3, 1,
    0x0862, 1, 0x2125, 4, 0x20A3, 1, 0x3186, 1,
    0x7125, 1, 0x18C5, 11, 0x5000, 1, 0x7000, 1,
    0x4A6A, 1, 0x9C4A, 2, 0x52CC, 1, 0x39E9, 1,
    0x20A3, 1, 0x50E5, 1, 0x4841, 4, 0x50E5, 2,
    0x0862, 1, 0x3800, 4, 0x4841, 4, 0x5000, 18,
    0x7125, 1, 0x4841, 3, 0x50E5, 2, 0x8986, 1,
    0x8A88, 1, 0x9083, 1, 0x8800, 4, 0x8000, 3,
    0xA001, 1, 0x8800, 1, 0x8000, 1, 0x7062, 1,
    0x6000, 1, 0x10A3, 3, 0x8986, 1, 0x3186, 1,
    0x20A3, 2, 0x2125, 1, 0x10A3, 1, 0x0862, 1,
    0x2125, 1, 0x8986, 1, 0x20E5, 2, 0x7000, 1,
    0x6000, 1, 0xD5ED, 1, 0xF6CE, 2, 0xD5ED, 1,
    0x9C4A, 1, 0x6B2C, 1, 0x9C4A, 2, 0x2926, 1,
    0x0862, 3, 0x4800, 2, 0x3800, 1, 0x3186, 4,
    0x52CC, 3, 0x0000, 1, 0x20E5, 4, 0x3186, 3,
    0x2125, 2, 0x0862, 1, 0x20A3, 1, 0x0862, 1,
    0x7125, 2, 0x18C5, 12, 0x5000, 1, 0x7000, 1,
    0x4A6A, 1, 0x6B2C, 1, 0x632D, 1, 0x4A6A, 2,
    0x20A3, 1, 0x4841, 6, 0x5000, 1, 0x0862, 8,
    0x3800, 5, 0x3000, 2, 0x5000, 7, 0x0862, 1,
    0x2000, 2, 0x0862, 1, 0x7125, 1, 0x6000, 1,
    0x4841, 2, 0x50E5, 1, 0x39E9, 1, 0x3186, 1,
    0xB4EC, 4, 0x8800, 4, 0xA001, 3, 0x8800, 1,
    0x7800, 2, 0x0862, 3, 0x2125, 1, 0x7125, 1,
    0x20A3, 1, 0x2125, 1, 0x5AAB, 3, 0x2125, 1,
    0x20A3, 1, 0x7125, 1, 0x20E5, 1, 0x3186, 1,
    0x7000, 1, 0x3000, 1, 0xD5ED, 3, 0x9C4A, 1,
    0x3186, 2, 0x9C4A, 2, 0x0862, 1, 0x3186, 1,
    0x3000, 1, 0x4800, 3, 0x3186, 1, 0x7411, 5,
    0x20E5, 1, 0x3186, 1, 0x20E5, 6, 0x3186, 1,
    0x7125, 2, 0x20A3, 1, 0x2125, 2, 0x20A3, 1,
    0x7125, 1, 0x18C5, 13, 0x5000, 1, 0x4800, 1,
    0x20E5, 1, 0x6B2C, 1, 0x52CC, 1, 0x6B8E, 1,
    0x4A6A, 2, 0x10A3, 1, 0x4841, 3, 0x5000, 5,
    0x7125, 7, 0x50E5, 1, 0x0862, 7, 0x3000, 2,
    0x7125, 2, 0x0862, 1, 0x49E9, 2, 0x4A6A, 1,
    0x4841, 3, 0x20E5, 3, 0xB4EC, 6, 0x9083, 1,
    0x8000, 1, 0xA001, 5, 0x8800, 1, 0x7800, 2,
    0x10A3, 1, 0x20E5, 1, 0x10A3, 1, 0x7125, 1,
    0x2926, 1, 0x2125, 2, 0x0862, 1, 0x3186, 2,
    0x2125, 1, 0x20A3, 1, 0x3186, 1, 0x5000, 1,
    0x2926, 1, 0x6000, 1, 0x8A88, 1, 0xD5ED, 1,
    0x9C4A, 2, 0x3186, 1, 0x3800, 1, 0x3186, 1,
    0x9C4A, 1, 0x6B2C, 1, 0x3186, 1, 0x3000, 1,
    0x4800, 3, 0x3186, 1, 0x632D, 5, 0x20E5, 9,
    0x3186, 1, 0x7125, 2, 0x3186, 2, 0x2926, 1,
    0x8986, 1, 0x3186, 1, 0x18C5, 13, 0x5000, 1,
    0x4800, 1, 0x4A6A, 1, 0x52CC, 2, 0x6B8E, 1,
    0x632D, 1, 0x6B8E, 1, 0x2125, 1, 0x7062, 3,
    0x5000, 15, 0x50E5, 6, 0x5000, 1, 0x4841, 7,
    0x50E5, 1, 0x20E5, 2, 0x39E9, 1, 0xB4EC, 6,
    0x8986, 1, 0x8A88, 1, 0xA001, 6, 0x8800, 1,
    0x8000, 2, 0x20E5, 2, 0x20A3, 1, 0x7125, 1,
    0x20A3, 1, 0x5AAB, 1, 0x3186, 1, 0x20A3, 1,
    0x3800, 2, 0x2125, 2, 0x3186, 1, 0x7000, 1,
    0x20E5, 1, 0x5000, 1, 0x9C4A, 3, 0x3186, 1,
    0x3800, 2, 0x6B2C, 2, 0x3186, 1, 0x3000, 1,
    0x4800, 3, 0x3800, 1, 0x52CC, 5, 0x2125, 1,
    0x7411, 2, 0x20E5, 1, 0x0000, 1, 0x20E5, 3,
    0x10A3, 2, 0x20A3, 1, 0x7125, 2, 0x8986, 1,
    0x7125, 1, 0x3186, 1, 0x6B8E, 1, 0x18C5, 14,
    0x4800, 2, 0x4A6A, 1, 0x0862, 1, 0x4A6A, 1,
    0x0862, 1, 0x52CC, 2, 0x632D, 1, 0x6B8E, 1,
    0x7062, 1, 0x7000, 1, 0x5000, 2, 0x6000, 5,
    0x5000, 16, 0x4841, 5, 0x20E5, 1, 0x52CC, 3,
    0xB4EC, 4, 0x5AAB, 2, 0x39E9, 1, 0xB4EC, 1,
    0x8A88, 1, 0xA001, 5, 0x8000, 3, 0x7800, 1,
    0x20E5, 1, 0x10A3, 1, 0x3186, 2, 0x20A3, 1,
    0x3186, 1, 0x10A3, 1, 0x20A3, 2, 0x3800, 1,
    0x3186, 1, 0x2125, 1, 0x3186, 1, 0x2926, 1,
    0x52CC, 1, 0x3186, 1, 0x9C4A, 2, 0x3186, 1,
    0x3800, 2, 0x3186, 1, 0x6B2C, 1, 0x3186, 1,
    0x3000, 1, 0x4800, 3, 0x3000, 1, 0x2125, 1,
    0x20E5, 1, 0x2125, 4, 0x18C5, 3, 0x0862, 1,
    0x8CD3, 1, 0x2125, 1, 0x20E5, 1, 0x10A3, 1,
    0x20E5, 1, 0x10A3, 3, 0x2125, 1, 0x7125, 1,
    0x39E9, 2, 0x18C5, 15, 0x4800, 2, 0x3800, 1,
    0x4800, 1, 0x5000, 1, 0x4A6A, 1, 0x20A3, 1,
    0x10A3, 1, 0x0862, 1, 0x10A3, 1, 0x5000, 4,
    0x6000, 8, 0x7000, 7, 0x5000, 3, 0x6000, 3,
    0x4841, 4, 0x20E5, 1, 0x52CC, 3, 0x7411, 2,
    0xB4EC, 1, 0xF6CE, 2, 0x8CD3, 1, 0x2125, 2,
    0x8CD3, 1, 0xA001, 5, 0x7800, 1, 0x8000, 3,
    0x7800, 1, 0x10A3, 2, 0x8986, 1, 0x2125, 1,
    0x20A3, 1, 0x10A3, 1, 0x20A3, 1, 0x0862, 1,
    0x20A3, 2, 0x0862, 1, 0x2125, 1, 0x2926, 1,
    0x3186, 1, 0x4841, 1, 0x8A88, 1, 0x9C4A, 1,
    0x6B2C, 1, 0x3186, 1, 0x4800, 1, 0x3800, 1,
    0x3186, 2, 0x3000, 1, 0x4800, 3, 0x4841, 1,
    0xD5ED, 1, 0x2125, 1, 0x39E9, 3, 0x3186, 1,
    0x2125, 1, 0x0000, 1, 0x18C5, 1, 0x0000, 1,
    0x18C5, 11, 0x20E5, 1, 0x18C5, 16, 0x4800, 1,
    0x3000, 2, 0x4800, 1, 0x5000, 2, 0x7000, 2,
    0x52CC, 1, 0x5000, 4, 0x6000, 9, 0x7000, 10,
    0x8000, 1, 0x8800, 2, 0x7062, 1, 0x632D, 1,
    0x3186, 1, 0x8CD3, 1, 0x7411, 2, 0x8CD3, 4,
    0xF6CE, 1, 0x8CD3, 3, 0x2125, 2, 0x8CD3, 1,
    0xA001, 2, 0x8800, 2, 0x8000, 1, 0x7800, 1,
    0x8000, 2, 0x7800, 1, 0x10A3, 3, 0x7125, 1,
    0x20A3, 1, 0x5AAB, 1, 0x20A3, 1, 0x0862, 2,
    0x10A3, 1, 0x20A3, 1, 0x0862, 1, 0x5AAB, 1,
    0x2926, 1, 0x39E9, 1, 0x3186, 1, 0x6B2C, 2,
    0x3800, 2, 0x4800, 1, 0x3800, 1, 0x3186, 1,
    0x3000, 1, 0x4800, 2, 0x4841, 1, 0x18C5, 6,
    0x7411, 3, 0x2125, 1, 0x0862, 2, 0x18C5, 28,
    0x4800, 1, 0x3000, 2, 0x4800, 1, 0x5000, 3,
    0x7000, 6, 0x6000, 9, 0x7000, 10, 0x7800, 3,
    0x7062, 1, 0x7411, 3, 0x6B8E, 3, 0x8CD3, 4,
    0x2125, 1, 0x8CD3, 1, 0x39E9, 1, 0x8CD3, 2,
    0xB4EC, 1, 0x8000, 8, 0x7800, 1, 0x10A3, 3,
    0x3186, 1, 0x20A3, 1, 0x3186, 1, 0x20A3, 1,
    0x0862, 1, 0x10A3, 2, 0x20A3, 2, 0x2125, 2,
    0x39E9, 1, 0x8A88, 1, 0x3186, 1, 0x3800, 1,
    0x3000, 1, 0x10A3, 1, 0x4800, 1, 0x3800, 1,
    0x3000, 1, 0x4800, 2, 0x4841, 1, 0x18C5, 11,
    0x8CD3, 1, 0x20E5, 1, 0x18C5, 28, 0x3000, 3,
    0x4800, 1, 0x5000, 3, 0x6000, 1, 0x7000, 5,
    0x8000, 7, 0x6000, 1, 0x7000, 12, 0x7800, 2,
    0x7062, 1, 0x20E5, 1, 0x10A3, 1, 0x6B8E, 2,
    0x20E5, 2, 0x2125, 1, 0x8CD3, 1, 0x20E5, 2,
    0x8CD3, 1, 0x2125, 1, 0x8CD3, 1, 0xA001, 1,
    0x8800, 2, 0x8000, 4, 0x7800, 2, 0x8000, 2,
    0x7800, 1, 0x10A3, 1, 0x20E5, 1, 0x20A3, 1,
    0x2926, 1, 0x2125, 1, 0x3186, 1, 0x0862, 1,
    0x10A3, 1, 0x20A3, 2, 0x0862, 1, 0x6000, 1,
    0x7125, 1, 0x2926, 1, 0x39E9, 1, 0x3186, 1,
    0x0862, 2, 0x10A3, 1, 0x3800, 1, 0x4800, 1,
    0x3000, 1, 0x4800, 1, 0x4841, 1, 0x18C5, 43,
    0x3000, 3, 0x5000, 4, 0x6000, 2, 0x7000, 2,
    0x6000, 1, 0x7000, 1, 0x8000, 8, 0x8800, 9,
    0xA001, 4, 0x8800, 1, 0x8A88, 2, 0x7411, 1,
    0x10A3, 1, 0x20E5, 1, 0x2926, 1, 0x8CD3, 1,
    0x8800, 3, 0x8000, 2, 0x7800, 1, 0x8800, 1,
    0x8000, 6, 0x7800, 3, 0x8000, 2, 0x7800, 1,
    0x20E5, 2, 0x20A3, 1, 0x2125, 2, 0x0862, 1,
    0x20A3, 2, 0x0862, 1, 0x6000, 1, 0x0862, 1,
    0x20A3, 1, 0x2125, 1, 0x2926, 1, 0x3186, 2,
    0x10A3, 1, 0x0862, 1, 0x10A3, 1, 0x3800, 1,
    0x4800, 1, 0x4841, 2, 0x18C5, 44, 0x3000, 3,
    0x4800, 1, 0x5000, 3, 0x6000, 5, 0x7000, 2,
    0x8000, 1, 0x8800, 4, 0xA001, 1, 0x8800, 10,
    0xA001, 3, 0x8800, 12, 0x8000, 2, 0x7800, 1,
    0x8000, 7, 0x7800, 6, 0x20E5, 2, 0x2125, 3,
    0x0862, 1, 0x20A3, 1, 0x6000, 1, 0x0862, 1,
    0x20A3, 1, 0x10A3, 1, 0x0862, 1, 0x5AAB, 1,
    0x3186, 1, 0x2926, 1, 0x10A3, 4, 0x4800, 2,
    0x18C5, 47, 0x3000, 2, 0x4800, 1, 0x5000, 3,
    0x6000, 2, 0x7000, 5, 0x8800, 1, 0xA001, 3,
    0x9083, 1, 0x8986, 1, 0x8800, 1, 0xA001, 7,
    0x8800, 2, 0xA001, 3, 0x8800, 12, 0x8000, 8,
    0x7800, 8, 0x20E5, 2, 0x2926, 1, 0x2125, 1,
    0x7062, 1, 0x20A3, 3, 0x0862, 1, 0x10A3, 1,
    0x20A3, 1, 0x0862, 1, 0x2125, 1, 0x3186, 1,
    0x3000, 1, 0x10A3, 3, 0x4800, 2, 0x18C5, 48,
    0x3000, 3, 0x5000, 3, 0x6000, 1, 0x7000, 1,
    0x6000, 2, 0x7000, 3, 0x8800, 1, 0x7000, 3,
    0x9083, 1, 0x8986, 2, 0x9083, 1, 0x8986, 2,
    0x9083, 1, 0xA001, 4, 0x8800, 1, 0xA001, 3,
    0x8800, 13, 0x8000, 7, 0x7800, 7, 0x10A3, 3,
    0x2125, 1, 0x20A3, 1, 0x7062, 1, 0x0862, 1,
    0x10A3, 4, 0x20A3, 1, 0x3186, 1, 0x2125, 1,
    0x3186, 1, 0x10A3, 2, 0x4841, 1, 0x4800, 1,
    0x18C5, 51, 0x3000, 2, 0x5000, 4, 0x6000, 2,
    0x4800, 1, 0x5000, 2, 0x6000, 1, 0x7000, 1,
    0x2000, 1, 0x3000, 1, 0x7000, 1, 0x8800, 1,
    0x9083, 2, 0x7000, 1, 0x9083, 2, 0x8800, 1,
    0x7800, 3, 0xA001, 1, 0x8800, 1, 0xA001, 3,
    0x8800, 14, 0x8000, 3, 0x7800, 10, 0x20E5, 3,
    0x2125, 3, 0x0862, 4, 0x20A3, 1, 0x3800, 1,
    0x5AAB, 1, 0x20A3, 1, 0x3186, 1, 0x4800, 2,
    0x18C5, 53, 0x2000, 1, 0x3000, 1, 0x5000, 4,
    0x7000, 1, 0x6000, 1, 0x4800, 1, 0x3000, 1,
    0x2000, 2, 0x3000, 1, 0x0000, 1, 0x3000, 2,
    0x0862, 2, 0x2000, 3, 0x0862, 2, 0x3000, 2,
    0x7800, 1, 0xA001, 1, 0x8800, 1, 0xA001, 5,
    0x8800, 4, 0x8000, 1, 0x8800, 6, 0x8000, 1,
    0x7800, 13, 0x2125, 6, 0x3186, 1, 0x20A3, 1,
    0x0862, 2, 0x20A3, 1, 0x3800, 1, 0x2125, 1,
    0x20A3, 1, 0x7125, 1, 0x4800, 1, 0x18C5, 54,
    0x2000, 2, 0x3000, 1, 0x5000, 3, 0x7000, 1,
    0x4800, 1, 0x0862, 1, 0x2000, 1, 0x0000, 5,
    0x0862, 4, 0x0000, 1, 0x0862, 4, 0x3000, 1,
    0x2000, 1, 0x7000, 2, 0x7800, 5, 0x8800, 4,
    0x8000, 1, 0x8800, 6, 0x8000, 1, 0x7800, 11,
    0x6000, 2, 0x2125, 6, 0x3186, 1, 0x20A3, 4,
    0x3186, 1, 0x2125, 2, 0x7125, 1, 0x18C5, 56,
    0x2000, 1, 0x3000, 1, 0x5000, 3, 0x8000, 1,
    0xA001, 1, 0x9083, 1, 0x8000, 1, 0x4841, 1,
    0x7062, 1, 0x3186, 1, 0x0000, 1, 0x6B8E, 2,
    0x7411, 1, 0x8CD3, 5, 0x0862, 2, 0x0000, 2,
    0x3000, 5, 0x4800, 1, 0x6000, 1, 0x8800, 3,
    0x7800, 1, 0x8800, 7, 0x8000, 1, 0x7800, 10,
    0x7000, 1, 0x6000, 1, 0x20E5, 4, 0x20A3, 1,
    0x2926, 1, 0x20A3, 1, 0x5AAB, 1, 0x10A3, 1,
    0x20A3, 2, 0x3800, 1, 0x5AAB, 1, 0x0862, 1,
    0x3186, 1, 0x18C5, 58, 0x2000, 3, 0x5000, 1,
    0x6000, 1, 0xA001, 1, 0x8986, 1, 0xA001, 1,
    0x8800, 1, 0xA001, 1, 0x9083, 1, 0x8986, 2,
    0x9C4A, 1, 0x8CD3, 2, 0xF6CE, 1, 0x8CD3, 1,
    0xF6CE, 1, 0x8CD3, 3, 0x7411, 1, 0x6B8E, 1,
    0x0000, 5, 0x2000, 1, 0x10A3, 1, 0x8000, 2,
    0x8800, 5, 0x8000, 1, 0x8800, 3, 0x8000, 1,
    0x7800, 6, 0x7000, 2, 0x6000, 4, 0x20E5, 4,
    0x20A3, 1, 0x3186, 1, 0x20A3, 1, 0x2125, 1,
    0x3186, 2, 0x0862, 1, 0x5AAB, 1, 0x2125, 1,
    0x2926, 1, 0x8986, 1, 0x18C5, 59, 0x2000, 3,
    0x3000, 1, 0xA001, 2, 0x7800, 1, 0x7000, 2,
    0x9083, 2, 0x7800, 1, 0x8000, 3, 0xA001, 3,
    0xF6CE, 1, 0x8CD3, 3, 0xB4EC, 1, 0x8986, 1,
    0x8A88, 1, 0x39E9, 1, 0x9083, 2, 0xA001, 1,
    0x8986, 2, 0x6000, 1, 0xA001, 1, 0x8800, 7,
    0x8000, 2, 0x7800, 6, 0x6000, 2, 0x5000, 1,
    0x4800, 2, 0x20E5, 6, 0x7125, 1, 0x2125, 1,
    0x20A3, 1, 0x5AAB, 1, 0x2125, 1, 0x5AAB, 1,
    0x2125, 1, 0x10A3, 1, 0x7125, 1, 0x8986, 1,
    0x18C5, 61, 0x2000, 2, 0x3800, 2, 0x4800, 3,
    0x7000, 3, 0x6000, 2, 0x5000, 3, 0x8800, 1,
    0xA001, 2, 0x8800, 3, 0x8000, 1, 0x9083, 1,
    0x8986, 1, 0xA001, 5, 0x8986, 1, 0xA001, 2,
    0x8800, 6, 0x7800, 2, 0x7000, 4, 0x6000, 3,
    0x3000, 2, 0x2000, 2, 0x20E5, 6, 0x8986, 1,
    0x3186, 1, 0x20A3, 1, 0x2125, 3, 0x0862, 1,
    0x20A3, 1, 0x7125, 1, 0x18C5, 64, 0x2000, 1,
    0x3000, 4, 0x4800, 2, 0x5000, 2, 0x4800, 1,
    0x3800, 1, 0x3000, 2, 0x6000, 1, 0x5000, 1,
    0x6000, 3, 0x7000, 1, 0x7800, 1, 0x8000, 1,
    0x8800, 4, 0xA001, 6, 0x8800, 5, 0x6000, 3,
    0x5000, 3, 0x4800, 1, 0x3800, 1, 0x3000, 2,
    0x2000, 3, 0x20E5, 6, 0x3186, 1, 0x7125, 1,
    0x2926, 1, 0x0862, 1, 0x20A3, 3, 0x7125, 1,
    0x3186, 1, 0x18C5, 69, 0x3000, 6, 0x2000, 1,
    0x3000, 4, 0x3800, 1, 0x5000, 4, 0x6000, 10,
    0x5000, 1, 0x4800, 5, 0x3000, 3, 0x2000, 7,
    0x3800, 1, 0x20E5, 4, 0x2125, 2, 0x20E5, 1,
    0x20A3, 1, 0x8986, 1, 0x7125, 1, 0x20A3, 1,
    0x2125, 1, 0x2926, 1, 0x7125, 1, 0x3186, 1,
    0x18C5, 76, 0x2000, 5, 0x3000, 5, 0x3800, 7,
    0x6000, 2, 0x3800, 1, 0x3000, 1, 0x2000, 5,
    0x3000, 2, 0x3800, 1, 0x3000, 1, 0x3800, 1,
    0x3000, 2, 0x18C5, 2, 0x10A3, 3, 0x20E5, 3,
    0x10A3, 1, 0x20E5, 3, 0x2125, 1, 0x8986, 2,
    0x7125, 1, 0x3186, 1, 0x8986, 1, 0x18C5, 90,
    0x2000, 2, 0x3800, 5, 0x2000, 2, 0x18C5, 17,
    0x20E5, 2, 0x10A3, 1, 0x20E5, 1, 0x10A3, 3,
    0x7125, 3, 0x39E9, 1, 0x18C5, 125, 0x20E5, 2,
    0x2125, 1, 0x18C5, 2742, 0x18C5, 2512, 0x8986, 1,
    0x18C5, 126, 0x8986, 7, 0x18C5, 120, 0x9083, 3,
    0x8986, 7, 0x3800, 1, 0x18C5, 117, 0x7062, 3,
    0x8986, 9, 0x3800, 1, 0x18C5, 114, 0x7800, 5,
    0x7062, 2, 0x9083, 4, 0x8986, 5, 0x632D, 3,
    0x18C5, 109, 0x7800, 9, 0x7062, 2, 0x9083, 1,
    0x7062, 1, 0x9083, 1, 0x8986, 8, 0x632D, 1,
    0x8986, 2, 0x9083, 1, 0x8986, 2, 0x632D, 1,
    0x18C5, 11, 0x8986, 9, 0x18C5, 78, 0x7800, 12,
    0x7062, 1, 0x7800, 2, 0x9083, 2, 0x8986, 9,
    0x9083, 1, 0x8986, 2, 0x632D, 1, 0x8986, 4,
    0x632D, 2, 0x8986, 15, 0x18C5, 77, 0x7800, 2,
    0x7000, 1, 0x6000, 4, 0x7800, 10, 0x7062, 2,
    0x9083, 6, 0x8986, 16, 0x9083, 3, 0x8986, 4,
    0x9083, 3, 0x5000, 1, 0x18C5, 76, 0x7000, 1,
    0x6000, 1, 0x5000, 5, 0x6000, 3, 0x7800, 15,
    0x8000, 1, 0x9083, 8, 0x7062, 1, 0x9083, 6,
    0x7062, 2, 0x7800, 1, 0x7062, 7, 0x5000, 1,
    0x18C5, 75, 0x6000, 2, 0x4800, 1, 0x3000, 6,
    0x5000, 2, 0x6000, 1, 0x7000, 6, 0x7800, 9,
    0x8000, 1, 0x7800, 12, 0x7062, 1, 0x7800, 12,
    0x18C5, 75, 0x4800, 2, 0x3000, 2, 0x6000, 5,
    0x3000, 2, 0x4800, 1, 0x5000, 6, 0x7000, 6,
    0x7800, 29, 0x18C5, 75, 0x3000, 1, 0x4841, 4,
    0x6000, 6, 0x2000, 1, 0x3000, 7, 0x5000, 2,
    0x6000, 7, 0x7800, 2, 0x7000, 7, 0x7800, 5,
    0x7000, 1, 0x6000, 4, 0x7800, 6, 0x18C5, 73,
    0x7062, 2, 0x4841, 5, 0x6000, 1, 0x4841, 2,
    0x6000, 5, 0x5000, 1, 0x2000, 5, 0x3000, 4,
    0x4800, 5, 0x6000, 4, 0x5000, 6, 0x7000, 3,
    0x6000, 1, 0x5000, 5, 0x6000, 3, 0x7000, 1,
    0x7800, 2, 0x18C5, 70, 0x7125, 5, 0x7062, 4,
    0x6000, 8, 0x7000, 2, 0x7800, 1, 0x7062, 3,
    0x8986, 4, 0x2000, 2, 0x3000, 5, 0x4800, 1,
    0x3000, 8, 0x5000, 3, 0x4800, 1, 0x3000, 5,
    0x5000, 4, 0x7000, 2, 0x18C5, 67, 0x7125, 4,
    0x4A6A, 2, 0x7125, 5, 0x4841, 1, 0x6000, 6,
    0x7000, 4, 0x7800, 1, 0x7062, 7, 0x8986, 1,
    0x7062, 3, 0x8986, 6, 0x2000, 6, 0x3000, 3,
    0x2000, 2, 0x8800, 1, 0x8000, 2, 0x5000, 2,
    0x3000, 2, 0x4800, 1, 0x6000, 2, 0x18C5, 65,
    0x7125, 1, 0x4A6A, 3, 0x52CC, 1, 0x5AAB, 2,
    0x4A6A, 4, 0x7125, 1, 0x7062, 2, 0x6000, 4,
    0x7000, 5, 0x7800, 12, 0x7062, 6, 0x8986, 1,
    0x7062, 3, 0x7800, 3, 0x8000, 1, 0x8800, 1,
    0x8000, 3, 0x8800, 1, 0x9083, 1, 0x5000, 3,
    0x3000, 3, 0x4800, 2, 0x18C5, 62, 0x3186, 1,
    0x4A6A, 4, 0x52CC, 3, 0x5AAB, 2, 0x52CC, 1,
    0x8CD3, 1, 0x4A6A, 2, 0x6000, 5, 0x7000, 6,
    0x7800, 16, 0x7062, 2, 0x7800, 6, 0x8000, 4,
    0x8800, 1, 0x9083, 3, 0x4841, 3, 0x3000, 2,
    0x20A3, 1, 0x3000, 3, 0x18C5, 56, 0x7000, 2,
    0x6000, 3, 0x5000, 1, 0x3800, 1, 0x5000, 1,
    0x4800, 1, 0x5000, 6, 0x4800, 3, 0x6000, 1,
    0x7800, 1, 0x8A88, 1, 0x20E5, 1, 0x52CC, 1,
    0x6B8E, 1, 0x7411, 5, 0x7000, 4, 0x7800, 3,
    0x7000, 1, 0x7800, 1, 0x7000, 2, 0x7800, 14,
    0x8000, 3, 0x8800, 1, 0x9083, 1, 0x8986, 2,
    0x632D, 1, 0x4841, 3, 0x3800, 2, 0x20A3, 3,
    0x2000, 1, 0x3000, 1, 0x18C5, 54, 0x7800, 3,
    0x8000, 4, 0x2000, 2, 0x52CC, 1, 0x6B8E, 2,
    0x3186, 1, 0x4A6A, 2, 0x5AAB, 2, 0x632D, 1,
    0x6000, 3, 0x5000, 1, 0x4800, 4, 0x7800, 2,
    0x8A88, 1, 0x20E5, 1, 0x52CC, 1, 0x6B8E, 1,
    0x7411, 5, 0x8CD3, 1, 0x7000, 6, 0x7800, 9,
    0x7000, 1, 0x7800, 1, 0x8000, 1, 0x7062, 2,
    0x632D, 5, 0x50E5, 2, 0x4841, 1, 0x3800, 2,
    0x20A3, 3, 0x49E9, 1, 0x3186, 1, 0x6000, 1,
    0x18C5, 52, 0x8800, 7, 0x20E5, 1, 0x6B8E, 3,
    0x8986, 2, 0x3186, 2, 0x632D, 1, 0xB4EC, 2,
    0x52CC, 2, 0x2125, 2, 0xB4EC, 1, 0x2125, 1,
    0xB4EC, 2, 0x5000, 3, 0x3800, 3, 0x7000, 3,
    0x8A88, 1, 0x2125, 1, 0x52CC, 1, 0x6B8E, 2,
    0x52CC, 3, 0x6000, 1, 0x3186, 1, 0x632D, 1,
    0x7411, 1, 0x7000, 7, 0x7800, 1, 0x8000, 1,
    0x7800, 1, 0x8986, 1, 0x632D, 2, 0x6B8E, 2,
    0x632D, 2, 0x50E5, 3, 0x20A3, 1, 0x3800, 1,
    0x20A3, 3, 0x49E9, 3, 0x3186, 1, 0x18C5, 49,
    0x8000, 1, 0x8800, 3, 0x8986, 1, 0x9083, 3,
    0x10A3, 1, 0x7411, 2, 0x6B8E, 1, 0x8986, 4,
    0x632D, 1, 0xB4EC, 10, 0x20E5, 2, 0x7000, 2,
    0x6000, 3, 0x5000, 2, 0x3800, 2, 0x5000, 1,
    0x7000, 5, 0x6000, 11, 0x7000, 1, 0x7800, 2,
    0x8986, 2, 0x632D, 2, 0x6B8E, 2, 0x632D, 1,
    0x39E9, 1, 0x50E5, 3, 0x20A3, 2, 0x20E5, 1,
    0x20A3, 2, 0x49E9, 2, 0x8A88, 2, 0x49E9, 1,
    0x18C5, 48, 0x7800, 2, 0x7062, 1, 0x8986, 4,
    0x2125, 2, 0x632D, 1, 0x6B8E, 1, 0x52CC, 1,
    0x632D, 1, 0x6B8E, 2, 0x9C4A, 1, 0xB4EC, 1,
    0x8C0C, 3, 0x52CC, 1, 0x632D, 1, 0x6B8E, 2,
    0x8986, 1, 0x632D, 2, 0x49E9, 1, 0x7062, 2,
    0x7000, 4, 0x6000, 5, 0x5000, 2, 0x7800, 2,
    0x7000, 3, 0x6B8E, 1, 0x7000, 1, 0x6B8E, 1,
    0x7062, 1, 0x632D, 1, 0x6000, 4, 0x7000, 1,
    0x7800, 2, 0x9083, 1, 0x6B8E, 4, 0x632D, 2,
    0x39E9, 1, 0x50E5, 2, 0x4841, 3, 0x20E5, 2,
    0x3186, 1, 0x49E9, 2, 0x8A88, 4, 0x18C5, 46,
    0x7800, 2, 0x8986, 6, 0x39E9, 2, 0x6B8E, 4,
    0x632D, 2, 0x9C4A, 3, 0x8C0C, 2, 0x9C4A, 1,
    0x8C0C, 1, 0x9C4A, 3, 0x4A6A, 1, 0x5AAB, 1,
    0x49E9, 1, 0x5AAB, 1, 0x7062, 1, 0x7800, 1,
    0x7000, 8, 0x6000, 1, 0x7800, 1, 0x8A88, 1,
    0x6B8E, 1, 0x7800, 2, 0x6B8E, 2, 0x39E9, 1,
    0x20E5, 1, 0x4A6A, 1, 0x2125, 1, 0x52CC, 1,
    0x20E5, 1, 0x6000, 2, 0x7000, 1, 0x8000, 1,
    0x9083, 2, 0x7411, 3, 0x6B8E, 2, 0x39E9, 3,
    0x20A3, 3, 0x10A3, 2, 0x20A3, 1, 0x3186, 1,
    0x8A88, 1, 0x49E9, 1, 0x8A88, 5, 0x18C5, 45,
    0x7800, 2, 0x8986, 5, 0x632D, 1, 0x39E9, 1,
    0x6B8E, 3, 0x52CC, 1, 0x632D, 1, 0x5AAB, 1,
    0x632D, 2, 0x8C0C, 2, 0x52CC, 1, 0x5AAB, 2,
    0x632D, 2, 0x9C4A, 2, 0x52CC, 1, 0x49E9, 2,
    0x7062, 2, 0x6000, 3, 0x7000, 6, 0x7800, 1,
    0x8986, 2, 0x8A88, 1, 0x20E5, 1, 0x10A3, 1,
    0x20A3, 1, 0x7800, 1, 0x4A6A, 2, 0x7411, 1,
    0x52CC, 1, 0x6B8E, 1, 0x632D, 1, 0x52CC, 1,
    0x10A3, 1, 0x6000, 1, 0x8986, 2, 0x6B8E, 2,
    0x7411, 2, 0x6B8E, 2, 0x49E9, 2, 0x20A3, 3,
    0x3186, 2, 0x10A3, 2, 0x9C4A, 2, 0x8A88, 6,
    0x9C4A, 1, 0x18C5, 44, 0x7800, 2, 0x8986, 1,
    0x632D, 5, 0x39E9, 1, 0x6B8E, 3, 0x5AAB, 2,
    0x4A6A, 1, 0x632D, 2, 0x9C4A, 1, 0x8C0C, 2,
    0x9C4A, 2, 0x632D, 2, 0x9C4A, 1, 0x52CC, 2,
    0x49E9, 2, 0x7125, 2, 0x7062, 2, 0x6000, 6,
    0x8000, 1, 0x7800, 1, 0x8986, 2, 0x20E5, 3,
    0x7411, 1, 0x20E5, 1, 0x4841, 1, 0x20E5, 1,
    0x7411, 2, 0x8CD3, 1, 0x7411, 1, 0x6B8E, 1,
    0x2125, 1, 0x20A3, 1, 0x2926, 1, 0x7411, 4,
    0x6B8E, 3, 0x49E9, 1, 0x50E5, 1, 0x3186, 3,
    0x20A3, 1, 0x3186, 2, 0x4A6A, 1, 0x9C4A, 2,
    0x8A88, 7, 0x8C0C, 1, 0x18C5, 42, 0x8986, 1,
    0x6B8E, 5, 0x8A88, 2, 0x10A3, 2, 0x632D, 3,
    0x5AAB, 3, 0x4A6A, 3, 0x8C0C, 4, 0x9C4A, 1,
    0x632D, 1, 0x9C4A, 1, 0x4A6A, 2, 0x49E9, 2,
    0x7125, 6, 0x7062, 1, 0x6000, 3, 0x8800, 1,
    0x8986, 3, 0x20E5, 2, 0x7411, 2, 0x8CD3, 1,
    0x7411, 1, 0x20A3, 2, 0x7411, 4, 0x20A3, 1,
    0x2125, 1, 0x632D, 1, 0x6B8E, 5, 0x632D, 1,
    0x39E9, 4, 0x50E5, 1, 0x20E5, 1, 0x20A3, 1,
    0x3186, 1, 0x4A6A, 1, 0x8C0C, 2, 0x9C4A, 3,
    0x8A88, 4, 0x9C4A, 1, 0x8C0C, 2, 0x18C5, 43,
    0x0862, 2, 0x1927, 4, 0x3189, 1, 0x8986, 2,
    0x8A88, 2, 0x6B8E, 5, 0x632D, 3, 0x4A6A, 1,
    0x5AAB, 6, 0x49E9, 4, 0x7125, 2, 0x50E5, 4,
    0x6000, 2, 0x3186, 3, 0x20E5, 2, 0x7411, 3,
    0x8CD3, 2, 0x7411, 1, 0x52CC, 1, 0x2926, 1,
    0x52CC, 1, 0x632D, 1, 0x7411, 1, 0x20A3, 2,
    0x6B8E, 1, 0x632D, 1, 0x6B8E, 4, 0x4A6A, 1,
    0x39E9, 1, 0x4A6A, 2, 0x5AAB, 1, 0x20E5, 1,
    0x3186, 1, 0x20E5, 1, 0x4A6A, 1, 0x8C0C, 2,
    0x9C4A, 4, 0x8A88, 4, 0x9C4A, 1, 0x8A88, 1,
    0x8C0C, 1, 0x7125, 1, 0x18C5, 41, 0x3189, 5,
    0x1927, 3, 0x3189, 7, 0x1927, 2, 0x3189, 2,
    0x5AAB, 1, 0x632D, 1, 0x5AAB, 2, 0x632D, 2,
    0x8986, 1, 0x632D, 1, 0x5AAB, 1, 0x7125, 2,
    0x5AAB, 1, 0x50E5, 1, 0x49E9, 2, 0x7125, 1,
    0x50E5, 1, 0x6000, 3, 0x8986, 1, 0x3186, 1,
    0x20E5, 3, 0x8CD3, 7, 0x6B8E, 1, 0x2125, 1,
    0x2926, 1, 0x632D, 1, 0x52CC, 1, 0x3186, 1,
    0x52CC, 1, 0x6B8E, 5, 0x632D, 1, 0x39E9, 2,
    0x4A6A, 1, 0x8C0C, 2, 0x6B2C, 1, 0x20E5, 2,
    0x5AAB, 1, 0x9C4A, 6, 0x8A88, 3, 0x9C4A, 2,
    0x8A88, 1, 0x8C0C, 1, 0x8986, 1, 0x18C5, 40,
    0x3189, 9, 0x498A, 1, 0x416A, 11, 0x498A, 4,
    0x416A, 4, 0x5AAB, 1, 0x7125, 2, 0x50E5, 1,
    0x5AAB, 3, 0x7125, 2, 0x6000, 1, 0x8C0C, 1,
    0x3186, 1, 0x10A3, 1, 0x20E5, 1, 0x8CD3, 9,
    0x632D, 1, 0x2926, 1, 0x20A3, 1, 0x4A6A, 1,
    0x20A3, 1, 0x4A6A, 1, 0x632D, 2, 0x6B8E, 2,
    0x632D, 1, 0x5AAB, 2, 0x39E9, 1, 0x4A6A, 3,
    0x8C0C, 1, 0x6B2C, 1, 0x39E9, 1, 0x6B2C, 1,
    0x8C0C, 1, 0x9C4A, 6, 0x8A88, 2, 0x9C4A, 2,
    0x8A88, 2, 0x8986, 1, 0x9C4A, 1, 0x18C5, 40,
    0x3189, 8, 0x498A, 17, 0x416A, 2, 0x498A, 2,
    0x416A, 5, 0x3189, 1, 0x1927, 1, 0x7062, 1,
    0x6000, 1, 0x8A88, 1, 0x8986, 2, 0x7411, 1,
    0x8CD3, 9, 0x7411, 2, 0x632D, 1, 0x20A3, 3,
    0x8A88, 2, 0x6B8E, 1, 0x632D, 4, 0x39E9, 2,
    0x4A6A, 1, 0x8C0C, 3, 0xD5ED, 1, 0xB4EC, 1,
    0x6B2C, 2, 0x9C4A, 3, 0x8A88, 1, 0x9C4A, 1,
    0x8A88, 1, 0x9C4A, 5, 0x8C0C, 1, 0x9C4A, 2,
    0x18C5, 39, 0x3189, 9, 0x498A, 16, 0x416A, 13,
    0x9083, 1, 0x8986, 1, 0x8C0C, 1, 0x3186, 1,
    0x8CD3, 6, 0x7411, 1, 0x8CD3, 1, 0x7411, 4,
    0x632D, 1, 0x4841, 1, 0x20A3, 1, 0x8986, 2,
    0x6B8E, 1, 0x632D, 3, 0x5AAB, 2, 0x4A6A, 3,
    0x8C0C, 2, 0xB4EC, 1, 0xD5ED, 2, 0xB4EC, 3,
    0x9C4A, 3, 0x8A88, 1, 0x9C4A, 6, 0x8A88, 1,
    0x9C4A, 1, 0x5AAB, 1, 0x18C5, 38, 0x3189, 9,
    0x498A, 17, 0x3189, 1, 0x1927, 5, 0x416A, 7,
    0x3189, 1, 0x8A88, 1, 0x8C0C, 1, 0x3186, 1,
    0x52CC, 1, 0x8CD3, 3, 0x7411, 9, 0x52CC, 1,
    0x7062, 1, 0x632D, 1, 0x52CC, 1, 0x632D, 3,
    0x52CC, 1, 0x5AAB, 1, 0x4A6A, 1, 0x39E9, 1,
    0x4A6A, 1, 0x8C0C, 2, 0xD5ED, 4, 0xB4EC, 1,
    0x9C4A, 12, 0x8A88, 2, 0xB4EC, 1, 0x18C5, 38,
    0x3189, 9, 0x498A, 17, 0x416A, 14, 0x8C0C, 1,
    0x8A88, 1, 0x3186, 1, 0x6B8E, 1, 0x8CD3, 4,
    0x7411, 8, 0x52CC, 1, 0x4A6A, 1, 0x8A88, 1,
    0x6B8E, 2, 0x52CC, 1, 0x6B8E, 1, 0x632D, 2,
    0x5AAB, 1, 0x4A6A, 2, 0xD5ED, 1, 0xB4EC, 1,
    0xD5ED, 3, 0xB4EC, 1, 0xD5ED, 5, 0x18C5, 2,
    0x9C4A, 3, 0x8A88, 2, 0x5AAB, 2, 0x6B2C, 1,
    0x8A88, 1, 0x18C5, 37, 0x1927, 1, 0x3189, 9,
    0x498A, 17, 0x416A, 14, 0x8986, 1, 0x8C0C, 1,
    0x3186, 1, 0x7411, 1, 0x8CD3, 2, 0x7411, 10,
    0x39E9, 1, 0x632D, 3, 0x6B8E, 2, 0x632D, 2,
    0x52CC, 3, 0xF6CE, 5, 0xD5ED, 6, 0x18C5, 7,
    0x3186, 1, 0x5AAB, 2, 0x7125, 2, 0x18C5, 37,
    0x3189, 9, 0x498A, 17, 0x416A, 14, 0x3189, 1,
    0x8986, 1, 0x632D, 1, 0x3186, 1, 0x6B8E, 1,
    0x7411, 10, 0x52CC, 1, 0x39E9, 1, 0x6B8E, 1,
    0x632D, 1, 0x52CC, 1, 0x6B8E, 3, 0x632D, 2,
    0x6B8E, 1, 0x632D, 1, 0x8CD3, 1, 0xF6CE, 5,
    0xD5ED, 6, 0x18C5, 8, 0x3186, 1, 0x9C4A, 1,
    0x8A88, 1, 0x7062, 1, 0x18C5, 36, 0x1927, 1,
    0x3189, 9, 0x498A, 17, 0x416A, 14, 0x3189, 1,
    0x9083, 1, 0x8C0C, 1, 0x52CC, 1, 0x7411, 9,
    0x632D, 1, 0x52CC, 1, 0x6B8E, 2, 0x4A6A, 1,
    0x52CC, 1, 0x6B8E, 2, 0x632D, 2, 0x6B8E, 2,
    0x8CD3, 1, 0xF6CE, 5, 0xD5ED, 7, 0x18C5, 9,
    0x3000, 1, 0x5AAB, 1, 0x9C4A, 1, 0x6B8E, 1,
    0x18C5, 35, 0x10A3, 1, 0x1927, 1, 0x3189, 8,
    0x498A, 18, 0x416A, 14, 0x3189, 1, 0x8A88, 1,
    0x6B8E, 1, 0x3186, 1, 0x6B8E, 1, 0x7411, 4,
    0x8CD3, 3, 0x7411, 1, 0x632D, 2, 0x5AAB, 1,
    0x4A6A, 1, 0x632D, 1, 0x6B8E, 6, 0x8CD3, 2,
    0xF6CE, 5, 0xD5ED, 6, 0x0862, 1, 0x10A3, 1,
    0x2125, 1, 0x18C5, 7, 0x3000, 1, 0x5AAB, 3,
    0x18C5, 35, 0x10A3, 1, 0x3189, 9, 0x498A, 17,
    0x416A, 1, 0x2125, 1, 0x5AAB, 1, 0x416A, 12,
    0x3189, 1, 0x416A, 1, 0x8A88, 1, 0x52CC, 1,
    0x7411, 5, 0x8CD3, 1, 0x7411, 2, 0x3186, 1,
    0x2125, 1, 0x52CC, 1, 0x4A6A, 1, 0x6B8E, 6,
    0x8CD3, 3, 0xF6CE, 7, 0xD5ED, 4, 0x0862, 2,
    0x39E9, 2, 0x8986, 1, 0x3186, 1, 0x8986, 1,
    0x18C5, 4, 0x3000, 1, 0x8A88, 1, 0x5AAB, 1,
    0x3186, 1, 0x18C5, 33, 0x6B8E, 1, 0x10A3, 2,
    0x3189, 9, 0x498A, 17, 0x416A, 14, 0x3189, 2,
    0x416A, 1, 0x8986, 1, 0x3186, 1, 0x52CC, 1,
    0x7411, 5, 0x3186, 1, 0x2125, 1, 0x4A6A, 1,
    0x39E9, 1, 0x52CC, 1, 0x7411, 1, 0x6B8E, 5,
    0x8CD3, 1, 0x7411, 1, 0x8CD3, 2, 0xF6CE, 6,
    0xD5ED, 5, 0x0862, 2, 0x7125, 1, 0x3186, 1,
    0x7125, 4, 0x0862, 1, 0x18C5, 2, 0x7000, 1,
    0x3186, 1, 0x8A88, 1, 0x18C5, 33, 0x6B8E, 1,
    0x8986, 1, 0x10A3, 1, 0x1927, 1, 0x3189, 8,
    0x498A, 18, 0x416A, 14, 0x3189, 2, 0x416A, 1,
    0x8986, 1, 0x2125, 1, 0x3186, 1, 0x7411, 3,
    0x3186, 1, 0x2125, 1, 0x10A3, 1, 0x4A6A, 1,
    0x39E9, 2, 0x632D, 2, 0x5AAB, 1, 0x6B8E, 2,
    0x8CD3, 3, 0x7411, 1, 0x8CD3, 3, 0xF6CE, 1,
    0xD5ED, 1, 0xF6CE, 3, 0xD5ED, 4, 0x0862, 2,
    0x7125, 1, 0x3186, 1, 0x2926, 1, 0x20A3, 1,
    0x7125, 1, 0x3186, 1, 0x8986, 1, 0x2125, 1,
    0x18C5, 2, 0x7800, 1, 0x3186, 2, 0x18C5, 31,
    0x6B8E, 1, 0x8A88, 1, 0x7000, 1, 0x8986, 1,
    0x2000, 2, 0x8986, 2, 0x18C5, 1, 0x1927, 5,
    0x3189, 2, 0x498A, 16, 0x416A, 14, 0x3189, 2,
    0x416A, 1, 0x8986, 1, 0x20E5, 1, 0x3186, 1,
    0x6B8E, 1, 0x52CC, 2, 0x3186, 1, 0x5AAB, 1,
    0x7125, 1, 0x39E9, 1, 0x632D, 2, 0x5AAB, 3,
    0x52CC, 1, 0x8CD3, 5, 0xF6CE, 3, 0x8CD3, 1,
    0xD5ED, 1, 0xF6CE, 2, 0xD5ED, 4, 0x0862, 2,
    0x7125, 1, 0x8986, 1, 0x2125, 2, 0x0862, 1,
    0x20A3, 2, 0x8986, 2, 0x18C5, 2, 0x7800, 1,
    0x3186, 1, 0x18C5, 30, 0x6B8E, 1, 0x7000, 1,
    0x8986, 2, 0x20A3, 1, 0x8000, 1, 0x9083, 2,
    0x4800, 1, 0x20A3, 1, 0x3000, 2, 0x8986, 2,
    0x7000, 2, 0x18C5, 1, 0x3189, 9, 0x498A, 7,
    0x416A, 14, 0x3189, 2, 0x416A, 2, 0x7125, 1,
    0x20E5, 2, 0x3186, 1, 0x52CC, 1, 0x7125, 1,
    0x8A88, 1, 0x49E9, 1, 0x39E9, 1, 0x632D, 1,
    0x52CC, 1, 0x5AAB, 3, 0x8CD3, 5, 0xF6CE, 7,
    0x8CD3, 1, 0xF6CE, 5, 0x10A3, 1, 0x2926, 1,
    0x7125, 1, 0x3186, 1, 0x0862, 1, 0x20A3, 1,
    0x2125, 1, 0x10A3, 1, 0x20A3, 1, 0x3186, 1,
    0x8986, 1, 0x18C5, 2, 0x7000, 1, 0x3186, 1,
    0x18C5, 28, 0xA001, 1, 0x7000, 1, 0x8986, 1,
    0x10A3, 2, 0x8800, 1, 0x632D, 3, 0x5AAB, 1,
    0x8A88, 2, 0x632D, 1, 0x4A6A, 2, 0x39E9, 1,
    0x20A3, 2, 0x3000, 3, 0x7000, 6, 0x3189, 3,
    0x416A, 19, 0x3189, 2, 0x416A, 2, 0x3186, 1,
    0x2125, 1, 0x20E5, 1, 0x8986, 1, 0x7125, 1,
    0x5AAB, 1, 0x39E9, 1, 0x4A6A, 1, 0x632D, 2,
    0x5AAB, 2, 0x52CC, 1, 0x7411, 1, 0x8CD3, 1,
    0x7411, 2, 0x8CD3, 1, 0xF6CE, 14, 0x0862, 1,
    0x7125, 2, 0x20A3, 1, 0x2125, 2, 0x5AAB, 1,
    0x2125, 3, 0x7125, 1, 0x2125, 1, 0x18C5, 1,
    0x7000, 1, 0x18C5, 27, 0x7000, 1, 0x8986, 2,
    0x2000, 1, 0x7062, 1, 0x7000, 1, 0x5AAB, 5,
    0x8A88, 1, 0x5AAB, 2, 0x632D, 2, 0x6B8E, 1,
    0x632D, 3, 0x5AAB, 1, 0x52CC, 1, 0x4A6A, 1,
    0x20A3, 6, 0x8986, 4, 0x7000, 4, 0x8986, 1,
    0x7000, 1, 0x0862, 1, 0x3189, 1, 0x416A, 10,
    0x3189, 2, 0x416A, 3, 0x52CC, 1, 0x39E9, 1,
    0x5AAB, 2, 0x39E9, 1, 0x632D, 1, 0x6B8E, 1,
    0x5AAB, 2, 0x52CC, 2, 0x8CD3, 3, 0xF6CE, 1,
    0x7411, 1, 0xF6CE, 4, 0x7411, 2, 0xF6CE, 4,
    0xB4EC, 1, 0xF6CE, 4, 0x3186, 1, 0x7125, 1,
    0x2125, 2, 0x5AAB, 2, 0x3186, 1, 0x5AAB, 1,
    0x2125, 1, 0x20A3, 1, 0x3186, 1, 0x2926, 1,
    0x18C5, 1, 0x4841, 1, 0x18C5, 24, 0x8CD3, 1,
    0x6000, 2, 0x8986, 1, 0x2000, 2, 0x7125, 1,
    0x7062, 1, 0x632D, 1, 0x5AAB, 6, 0x8A88, 2,
    0x632D, 1, 0x6B8E, 13, 0x4A6A, 4, 0x2125, 1,
    0x20A3, 2, 0x2125, 2, 0x10A3, 4, 0x3000, 1,
    0x20A3, 1, 0x8986, 1, 0x3000, 1, 0x8986, 4,
    0x2000, 1, 0x8986, 3, 0x7000, 3, 0x4A6A, 1,
    0x8A88, 1, 0x4A6A, 2, 0x6B8E, 2, 0x5AAB, 2,
    0x52CC, 1, 0x8CD3, 3, 0xF6CE, 3, 0x6B8E, 1,
    0x7411, 1, 0xF6CE, 3, 0x7411, 1, 0x2125, 1,
    0x39E9, 1, 0xF6CE, 3, 0xB4EC, 1, 0xF6CE, 3,
    0x20E5, 1, 0x3186, 2, 0x0862, 1, 0x2125, 1,
    0x3186, 1, 0x0862, 1, 0x3800, 1, 0x3186, 2,
    0x20A3, 1, 0x2125, 1, 0x3186, 1, 0x18C5, 24,
    0x7411, 1, 0xA001, 1, 0x6000, 1, 0x8986, 2,
    0x2000, 1, 0x7125, 2, 0x6B8E, 1, 0x4A6A, 2,
    0x5AAB, 5, 0x632D, 2, 0x6B8E, 1, 0x632D, 1,
    0x6B8E, 2, 0x632D, 1, 0x6B8E, 1, 0x7411, 2,
    0xB4EC, 2, 0x6B8E, 3, 0x632D, 2, 0x6B8E, 9,
    0x5AAB, 1, 0x632D, 2, 0x6B8E, 2, 0x632D, 1,
    0x8986, 3, 0x7062, 1, 0x7800, 2, 0x2000, 2,
    0x8986, 2, 0x6000, 1, 0x7125, 2, 0x4A6A, 3,
    0x632D, 3, 0x5AAB, 2, 0x7411, 1, 0x8CD3, 1,
    0xF6CE, 5, 0x6B8E, 2, 0xF6CE, 3, 0x7411, 1,
    0x2125, 1, 0x39E9, 1, 0xF6CE, 3, 0xB4EC, 1,
    0xF6CE, 3, 0x20E5, 1, 0x3186, 1, 0x20A3, 2,
    0x0862, 1, 0x3800, 1, 0x20A3, 2, 0x3800, 1,
    0x10A3, 1, 0x2125, 2, 0x39E9, 1, 0x18C5, 22,
    0x8CD3, 1, 0xA001, 1, 0x6000, 1, 0x8986, 2,
    0x2000, 1, 0x2125, 2, 0x632D, 2, 0x9C4A, 3,
    0x632D, 5, 0x6B8E, 1, 0xB4EC, 3, 0x6B8E, 1,
    0x632D, 1, 0xB4EC, 2, 0x6B8E, 1, 0x632D, 4,
    0xB4EC, 1, 0x9C4A, 3, 0x7411, 1, 0x632D, 7,
    0x6B8E, 4, 0x632D, 2, 0x8986, 2, 0x632D, 1,
    0x7800, 2, 0x2000, 1, 0x10A3, 1, 0x8986, 1,
    0x7000, 1, 0x50E5, 2, 0x7125, 1, 0x49E9, 2,
    0x632D, 6, 0x8CD3, 3, 0xF6CE, 7, 0x9C4A, 1,
    0xF6CE, 3, 0xB4EC, 1, 0xF6CE, 1, 0x39E9, 1,
    0xF6CE, 1, 0xD5ED, 1, 0xF6CE, 1, 0xB4EC, 1,
    0xF6CE, 3, 0x3186, 1, 0x8986, 1, 0x0862, 1,
    0x2125, 1, 0x3800, 1, 0x20A3, 4, 0x0862, 1,
    0x2125, 1, 0x20A3, 1, 0x39E9, 1, 0x18C5, 20,
    0x8CD3, 1, 0x7411, 1, 0xA001, 1, 0x8986, 2,
    0x2000, 2, 0x7062, 1, 0x4A6A, 1, 0x52CC, 1,
    0x9C4A, 5, 0x6B2C, 2, 0x9C4A, 1, 0x6B2C, 2,
    0x632D, 1, 0x52CC, 1, 0x632D, 5, 0x6B8E, 1,
    0xB4EC, 4, 0x632D, 4, 0x9C4A, 4, 0x632D, 4,
    0x6B8E, 1, 0x632D, 4, 0x8986, 2, 0x632D, 1,
    0x7800, 2, 0x2000, 1, 0x8986, 2, 0x50E5, 4,
    0x49E9, 2, 0x52CC, 2, 0x632D, 1, 0x6B8E, 2,
    0x8C0C, 1, 0x5AAB, 1, 0x8CD3, 4, 0xF6CE, 2,
    0x8CD3, 2, 0xF6CE, 3, 0x9C4A, 1, 0xF6CE, 4,
    0xB4EC, 1, 0xD5ED, 1, 0xF6CE, 1, 0xB4EC, 1,
    0xF6CE, 1, 0x6B2C, 1, 0xF6CE, 3, 0x2926, 1,
    0x7125, 1, 0x2125, 1, 0x5AAB, 1, 0x20A3, 2,
    0x0862, 1, 0x20A3, 1, 0x10A3, 1, 0x20A3, 1,
    0x2125, 1, 0x20A3, 1, 0x39E9, 1, 0x2125, 1,
    0x18C5, 17, 0x8CD3, 1, 0x632D, 1, 0x7062, 2,
    0x7125, 2, 0x2000, 1, 0x3189, 2, 0x9C4A, 2,
    0x632D, 1, 0x9C4A, 2, 0x39E9, 1, 0x9C4A, 1,
    0x8C0C, 1, 0x5000, 1, 0x9C4A, 1, 0xB4EC, 1,
    0x8986, 1, 0x8C0C, 2, 0xB4EC, 2, 0x632D, 2,
    0x52CC, 1, 0x6B8E, 1, 0xB4EC, 2, 0x632D, 3,
    0x6B8E, 1, 0xB4EC, 3, 0x6B8E, 2, 0x632D, 1,
    0xB4EC, 3, 0x6B8E, 1, 0x632D, 4, 0x8986, 3,
    0x632D, 1, 0x7800, 1, 0x0862, 1, 0x8986, 2,
    0x39E9, 1, 0x4841, 1, 0x49E9, 5, 0x52CC, 2,
    0x6B8E, 1, 0x632D, 3, 0x8CD3, 6, 0x7411, 1,
    0x8CD3, 2, 0x6B8E, 1, 0x632D, 1, 0xF6CE, 2,
    0x9C4A, 1, 0x8CD3, 1, 0xF6CE, 4, 0xD5ED, 1,
    0xB4EC, 1, 0xF6CE, 1, 0x7411, 1, 0x6B2C, 1,
    0xF6CE, 1, 0xD5ED, 2, 0x2926, 2, 0x2125, 1,
    0x3186, 1, 0x10A3, 1, 0x20A3, 1, 0x10A3, 2,
    0x0862, 1, 0x20A3, 1, 0x5AAB, 1, 0x20A3, 1,
    0x6B8E, 1, 0x2125, 1, 0x18C5, 15, 0xB4EC, 1,
    0x7411, 2, 0x8986, 2, 0x7125, 2, 0x2000, 1,
    0x20E5, 2, 0x632D, 1, 0x8C0C, 3, 0x6B2C, 1,
    0x50E5, 2, 0x8C0C, 2, 0x50E5, 1, 0xB4EC, 2,
    0x2125, 1, 0x8C0C, 3, 0xB4EC, 1, 0x4A6A, 3,
    0xB4EC, 2, 0x632D, 9, 0x52CC, 3, 0xB4EC, 2,
    0x7411, 1, 0x6B8E, 1, 0x632D, 1, 0x4A6A, 3,
    0x632D, 1, 0x8000, 1, 0x0862, 2, 0x8986, 1,
    0x4841, 2, 0x39E9, 1, 0x49E9, 2, 0x52CC, 4,
    0x6B8E, 1, 0x632D, 2, 0x6B8E, 1, 0x632D, 1,
    0x8CD3, 6, 0x7411, 3, 0x6B8E, 2, 0x3186, 1,
    0x8CD3, 1, 0xD5ED, 1, 0xB4EC, 1, 0x8CD3, 1,
    0xF6CE, 1, 0xD5ED, 5, 0xF6CE, 1, 0x0000, 1,
    0x9C4A, 1, 0xF6CE, 1, 0xD5ED, 1, 0x10A3, 1,
    0x3186, 1, 0x20A3, 1, 0x2125, 1, 0x10A3, 1,
    0x0862, 1, 0x20A3, 2, 0x10A3, 2, 0x20A3, 1,
    0x2125, 1, 0x20A3, 1, 0x39E9, 1, 0x2125, 1,
    0x18C5, 14, 0xB4EC, 1, 0x6B8E, 1, 0x632D, 1,
    0x8986, 2, 0x7125, 2, 0x2000, 1, 0x5000, 2,
    0x52CC, 1, 0x8C0C, 2, 0x8A88, 1, 0x6B2C, 1,
    0x8C0C, 2, 0x7125, 1, 0x3186, 1, 0x39E9, 2,
    0x4A6A, 1, 0x8C0C, 2, 0x5AAB, 1, 0xB4EC, 3,
    0x4A6A, 1, 0xB4EC, 3, 0x4A6A, 1, 0xB4EC, 1,
    0x6B8E, 1, 0xB4EC, 3, 0x6B8E, 1, 0x5AAB, 2,
    0x4A6A, 1, 0xB4EC, 4, 0x4A6A, 1, 0xB4EC, 5,
    0x632D, 2, 0x2000, 1, 0x8986, 1, 0x4841, 1,
    0x50E5, 1, 0x39E9, 3, 0x4A6A, 2, 0x52CC, 1,
    0x4A6A, 2, 0x632D, 2, 0x6B8E, 1, 0x5AAB, 1,
    0x632D, 1, 0x8CD3, 7, 0x7411, 1, 0xD5ED, 1,
    0x7411, 1, 0xF6CE, 1, 0x9C4A, 1, 0x3186, 1,
    0xF6CE, 1, 0xD5ED, 2, 0x7411, 1, 0xF6CE, 1,
    0x9C4A, 2, 0xD5ED, 1, 0x39E9, 1, 0x3189, 1,
    0x2125, 1, 0x0000, 1, 0xF6CE, 1, 0xD5ED, 2,
    0x20E5, 1, 0x3186, 1, 0x20A3, 1, 0x5AAB, 1,
    0x3800, 1, 0x20A3, 1, 0x10A3, 1, 0x0862, 1,
    0x20A3, 1, 0x0862, 1, 0x6000, 1, 0x7125, 1,
    0x20A3, 1, 0x6B8E, 1, 0x18C5, 15, 0x6B8E, 1,
    0x7411, 1, 0x5AAB, 1, 0x8986, 1, 0x7125, 2,
    0x2000, 1, 0x5000, 2, 0x5AAB, 1, 0x52CC, 1,
    0x8C0C, 3, 0x39E9, 2, 0x9C4A, 1, 0x6B2C, 1,
    0x8C0C, 2, 0x39E9, 1, 0x4841, 2, 0x4A6A, 1,
    0x39E9, 1, 0x50E5, 1, 0x20E5, 2, 0x8C0C, 1,
    0x9C4A, 1, 0x6B2C, 2, 0x8C0C, 2, 0xB4EC, 1,
    0x52CC, 1, 0xB4EC, 2, 0x9C4A, 1, 0x8C0C, 2,
    0x9C4A, 1, 0x8C0C, 1, 0x4841, 2, 0x4A6A, 1,
    0xB4EC, 1, 0x9C4A, 1, 0x2125, 1, 0x52CC, 3,
    0x0862, 1, 0x8986, 1, 0x4841, 2, 0x39E9, 3,
    0x4A6A, 5, 0x6B8E, 1, 0x632D, 1, 0x6B8E, 3,
    0x8CD3, 9, 0x7411, 1, 0xF6CE, 3, 0x8CD3, 1,
    0x7411, 1, 0xD5ED, 2, 0xF6CE, 1, 0x3186, 1,
    0xF6CE, 1, 0x8A88, 1, 0xD5ED, 1, 0x7411, 1,
    0x39E9, 1, 0x20A3, 2, 0x9C4A, 1, 0xF6CE, 1,
    0xD5ED, 2, 0x10A3, 1, 0x3186, 1, 0x20A3, 1,
    0x49E9, 1, 0x3800, 1, 0x20A3, 1, 0x0862, 2,
    0x6000, 1, 0x0862, 1, 0x20A3, 1, 0x2125, 1,
    0x20A3, 1, 0x39E9, 1, 0x18C5, 14, 0x52CC, 1,
    0x632D, 1, 0x5AAB, 2, 0x5000, 1, 0x7125, 1,
    0x2000, 1, 0x6000, 2, 0x5AAB, 1, 0x4A6A, 3,
    0x8C0C, 1, 0x39E9, 2, 0x6B2C, 1, 0x9C4A, 2,
    0x8C0C, 1, 0x9C4A, 1, 0x8C0C, 3, 0x4A6A, 2,
    0x39E9, 3, 0x4A6A, 1, 0x20E5, 1, 0x39E9, 1,
    0x8C0C, 1, 0x6B2C, 3, 0x8C0C, 1, 0x6B2C, 2,
    0x8C0C, 1, 0x4841, 1, 0x3800, 2, 0x9C4A, 5,
    0x632D, 1, 0x49E9, 1, 0x7000, 1, 0x2000, 1,
    0x8986, 1, 0x7125, 1, 0x5000, 1, 0x3000, 3,
    0x52CC, 6, 0x632D, 2, 0x52CC, 1, 0x6B8E, 1,
    0x632D, 1, 0x8CD3, 7, 0x7411, 1, 0x8CD3, 1,
    0x6B8E, 1, 0x7411, 1, 0xF6CE, 1, 0xD5ED, 1,
    0xB4EC, 1, 0xD5ED, 4, 0xF6CE, 1, 0x3186, 1,
    0xD5ED, 1, 0x8A88, 1, 0x9C4A, 1, 0x39E9, 1,
    0x20A3, 2, 0xF6CE, 2, 0xD5ED, 2, 0x9C4A, 1,
    0x2125, 1, 0x3186, 1, 0x20A3, 1, 0x3186, 1,
    0x20A3, 2, 0x10A3, 1, 0x0862, 1, 0x20A3, 1,
    0x10A3, 1, 0x20A3, 1, 0x5AAB, 1, 0x20A3, 1,
    0x39E9, 1, 0x18C5, 13, 0x52CC, 1, 0x8986, 1,
    0x5AAB, 3, 0x7125, 1, 0x2000, 1, 0x6000, 1,
    0x5000, 1, 0x4A6A, 2, 0x20E5, 2, 0x8C0C, 3,
    0x5000, 1, 0x4800, 1, 0x4841, 1, 0x39E9, 1,
    0x8C0C, 2, 0x9C4A, 2, 0x8C0C, 1, 0x9C4A, 1,
    0x8C0C, 3, 0x4A6A, 7, 0x8C0C, 1, 0x6B2C, 2,
    0x8C0C, 1, 0x3186, 1, 0x3000, 2, 0x39E9, 1,
    0x9C4A, 5, 0x49E9, 1, 0x7000, 1, 0x2000, 1,
    0x7125, 1, 0x5000, 1, 0x50E5, 3, 0x4A6A, 1,
    0x52CC, 6, 0x632D, 1, 0x5AAB, 3, 0x632D, 1,
    0x7411, 1, 0x6B8E, 1, 0x7411, 2, 0x8CD3, 2,
    0x7411, 1, 0x8CD3, 1, 0x8A88, 2, 0x632D, 1,
    0xF6CE, 2, 0xB4EC, 1, 0xF6CE, 1, 0xD5ED, 3,
    0x3186, 1, 0x2125, 1, 0x9C4A, 1, 0x8C0C, 1,
    0xA001, 1, 0x9C4A, 1, 0x39E9, 1, 0xF6CE, 3,
    0x9C4A, 3, 0x20E5, 1, 0x2125, 1, 0x3186, 1,
    0x2125, 1, 0x9C4A, 1, 0x7000, 1, 0x20A3, 1,
    0x0862, 2, 0x10A3, 1, 0x20A3, 2, 0x2125, 2,
    0x39E9, 1, 0x18C5, 12, 0x3186, 1, 0x8986, 3,
    0x8000, 1, 0x7125, 1, 0x2000, 1, 0x6000, 3,
    0x4A6A, 1, 0x7062, 2, 0x39E9, 1, 0x8C0C, 2,
    0x4A6A, 1, 0x4841, 2, 0x50E5, 1, 0x5000, 1,
    0x4800, 1, 0x50E5, 2, 0x39E9, 2, 0x6B2C, 2,
    0x9C4A, 4, 0x6B2C, 2, 0x9C4A, 2, 0x4841, 1,
    0x8A88, 2, 0x50E5, 2, 0x9C4A, 3, 0x5000, 1,
    0x49E9, 1, 0x9C4A, 3, 0x4A6A, 1, 0x6000, 1,
    0x2000, 1, 0x7125, 1, 0x4841, 2, 0x50E5, 1,
    0x39E9, 1, 0x49E9, 2, 0x52CC, 4, 0xB4EC, 2,
    0x4A6A, 1, 0x2125, 1, 0x7125, 2, 0x632D, 2,
    0x6B8E, 1, 0x9C4A, 1, 0x7411, 1, 0x6B8E, 1,
    0x8CD3, 1, 0x7411, 2, 0x8A88, 1, 0x3186, 1,
    0x39E9, 1, 0xF6CE, 2, 0xB4EC, 2, 0xD5ED, 1,
    0x3186, 2, 0x20A3, 2, 0x9C4A, 1, 0x39E9, 1,
    0xA001, 2, 0x6B2C, 1, 0x39E9, 1, 0x9C4A, 2,
    0x3186, 1, 0x2926, 1, 0x9C4A, 1, 0x10A3, 1,
    0x2926, 1, 0x2125, 2, 0x9C4A, 1, 0x20A3, 2,
    0x10A3, 1, 0x20A3, 1, 0x10A3, 1, 0x0862, 2,
    0x2125, 2, 0x3186, 1, 0x18C5, 11, 0x7125, 1,
    0x8986, 1, 0x9083, 1, 0x8000, 2, 0x5000, 1,
    0x3000, 3, 0x6000, 1, 0x7125, 3, 0x20A3, 1,
    0x39E9, 2, 0x8C0C, 1, 0x39E9, 2, 0x4841, 1,
    0x39E9, 1, 0x5000, 1, 0x4800, 3, 0x5000, 1,
    0x4800, 3, 0x4841, 1, 0x39E9, 2, 0x8A88, 1,
    0x6B2C, 1, 0x8A88, 5, 0x50E5, 1, 0x9C4A, 3,
    0x50E5, 1, 0x632D, 1, 0x9C4A, 3, 0x8C0C, 1,
    0x52CC, 1, 0x6000, 1, 0x2000, 1, 0x7125, 1,
    0x5000, 1, 0x50E5, 4, 0x4A6A, 2, 0x52CC, 2,
    0x8C0C, 1, 0xB4EC, 1, 0x9C4A, 1, 0x6B8E, 1,
    0x50E5, 1, 0x4841, 1, 0x7125, 1, 0x7062, 1,
    0x3186, 1, 0x632D, 1, 0x3186, 1, 0x9C4A, 1,
    0x3186, 1, 0x632D, 1, 0x7411, 1, 0x6B8E, 2,
    0x7411, 1, 0x9C4A, 1, 0xF6CE, 3, 0xB4EC, 1,
    0x9C4A, 1, 0x7411, 1, 0x20A3, 3, 0xF6CE, 1,
    0x9C4A, 1, 0x39E9, 1, 0xA001, 1, 0x9083, 1,
    0x6B2C, 1, 0x8A88, 1, 0x3186, 3, 0x2926, 1,
    0x6B2C, 1, 0x10A3, 1, 0x2125, 3, 0x3186, 1,
    0x3800, 1, 0x20A3, 2, 0x10A3, 1, 0x20A3, 1,
    0x10A3, 2, 0x2125, 1, 0x3186, 1, 0x2926, 1,
    0x18C5, 10, 0x7062, 1, 0x6000, 2, 0x7000, 1,
    0x7062, 1, 0x50E5, 2, 0x2000, 1, 0x4800, 1,
    0x6000, 1, 0x7125, 2, 0x4A6A, 1, 0x7125, 1,
    0x10A3, 2, 0x4A6A, 1, 0x8C0C, 2, 0x9C4A, 1,
    0x4841, 1, 0x8A88, 1, 0x50E5, 2, 0x4841, 1,
    0x4800, 4, 0x3000, 4, 0x4800, 3, 0x8A88, 5,
    0x4841, 1, 0x9C4A, 3, 0x10A3, 1, 0x4A6A, 1,
    0x8C0C, 2, 0x52CC, 1, 0x4841, 1, 0x2000, 1,
    0x7125, 1, 0x4841, 2, 0x50E5, 1, 0x39E9, 3,
    0x49E9, 1, 0x52CC, 3, 0xB4EC, 2, 0x3186, 1,
    0x20E5, 1, 0x7062, 4, 0x7800, 1, 0x2125, 2,
    0x3186, 1, 0x6B8E, 1, 0x632D, 2, 0x7411, 1,
    0x6B8E, 1, 0x39E9, 1, 0x9C4A, 1, 0xF6CE, 3,
    0xB4EC, 1, 0x9C4A, 1, 0x39E9, 1, 0x20A3, 1,
    0xF6CE, 2, 0x9C4A, 2, 0x39E9, 1, 0x8A88, 1,
    0x9083, 2, 0x8A88, 1, 0x9083, 3, 0x2926, 1,
    0x6B2C, 1, 0x20E5, 1, 0x2926, 1, 0x3186, 1,
    0x20A3, 1, 0x49E9, 1, 0x3800, 1, 0x0862, 1,
    0x20A3, 1, 0x0862, 1, 0x20A3, 2, 0x3186, 1,
    0x20A3, 1, 0x7125, 1, 0x18C5, 11, 0x6000, 2,
    0x7000, 2, 0x7062, 1, 0x4841, 2, 0x50E5, 1,
    0x2000, 1, 0x5000, 2, 0x39E9, 1, 0x50E5, 2,
    0x4841, 1, 0x7062, 1, 0x39E9, 2, 0x9C4A, 1,
    0x8C0C, 2, 0x4841, 2, 0x3186, 2, 0x4841, 6,
    0x4800, 4, 0x4841, 1, 0x3000, 1, 0x7125, 1,
    0x3186, 1, 0x4800, 1, 0x9C4A, 3, 0x20E5, 1,
    0x6000, 1, 0x20A3, 1, 0x52CC, 3, 0x6000, 1,
    0x2000, 2, 0x5000, 2, 0x50E5, 3, 0x49E9, 1,
    0x4A6A, 3, 0x8C0C, 2, 0xB4EC, 2, 0x4841, 1,
    0x18C5, 2, 0x6000, 2, 0x7800, 2, 0x2926, 1,
    0x2125, 1, 0x2926, 1, 0x6B8E, 1, 0x632D, 1,
    0x39E9, 1, 0x6B8E, 2, 0x9C4A, 1, 0xF6CE, 4,
    0x39E9, 1, 0xA001, 1, 0x6B8E, 1, 0x9C4A, 4,
    0x8A88, 1, 0x2125, 1, 0x8A88, 1, 0x9083, 3,
    0x2926, 2, 0x10A3, 1, 0x0862, 1, 0x2125, 3,
    0x3186, 1, 0x20A3, 1, 0x5AAB, 1, 0x10A3, 2,
    0x20A3, 1, 0x0862, 1, 0x20A3, 1, 0x3800, 1,
    0x2125, 1, 0x20A3, 1, 0x8986, 1, 0x18C5, 11,
    0x7000, 3, 0x7062, 1, 0x7125, 1, 0x4841, 2,
    0x50E5, 1, 0x2000, 1, 0x5000, 2, 0x50E5, 4,
    0x4841, 1, 0x5000, 1, 0x3186, 1, 0x8A88, 1,
    0x6B2C, 3, 0x8C0C, 1, 0x6B2C, 1, 0x39E9, 1,
    0x3000, 1, 0x4841, 1, 0x3186, 1, 0x4841, 3,
    0x20A3, 1, 0x4841, 3, 0x8A88, 1, 0x8C0C, 2,
    0x9C4A, 1, 0x4A6A, 1, 0x10A3, 1, 0x39E9, 1,
    0x20A3, 1, 0x6000, 2, 0x7125, 2, 0x7062, 1,
    0x6000, 1, 0x2000, 2, 0x4841, 4, 0x50E5, 2,
    0x49E9, 2, 0x4A6A, 2, 0x8C0C, 1, 0xB4EC, 1,
    0x3186, 1, 0x7125, 1, 0x0862, 2, 0x10A3, 1,
    0x2125, 1, 0x18C5, 3, 0x5000, 1, 0x3186, 1,
    0x632D, 1, 0x7411, 1, 0x2926, 1, 0x39E9, 1,
    0x6B8E, 1, 0x3186, 1, 0xF6CE, 5, 0x3186, 1,
    0xA001, 1, 0x8A88, 1, 0x3186, 1, 0x9C4A, 1,
    0x3186, 2, 0x6B2C, 1, 0x3186, 1, 0x2926, 1,
    0x4A6A, 1, 0x2926, 1, 0x10A3, 3, 0x3800, 1,
    0x3186, 1, 0x20E5, 2, 0x2125, 1, 0x3186, 1,
    0x20A3, 1, 0x2125, 1, 0x3186, 1, 0x20A3, 3,
    0x3800, 1, 0x3186, 1, 0x2125, 2, 0x8986, 1,
    0x18C5, 11, 0x7000, 2, 0x8C0C, 1, 0x9C4A, 1,
    0x7125, 1, 0x50E5, 1, 0x4841, 2, 0x49E9, 1,
    0x2000, 1, 0x5000, 2, 0x39E9, 1, 0x50E5, 2,
    0x5000, 4, 0x4800, 1, 0x8A88, 1, 0x6B2C, 6,
    0x39E9, 1, 0x6B2C, 4, 0x8C0C, 5, 0x4A6A, 1,
    0x10A3, 1, 0x6000, 4, 0x7062, 1, 0x6000, 1,
    0x7125, 1, 0x6000, 1, 0x3000, 3, 0x5000, 2,
    0x50E5, 5, 0x49E9, 2, 0x4A6A, 3, 0x3186, 1,
    0x7062, 1, 0x7800, 1, 0x0862, 3, 0x39E9, 1,
    0x8986, 1, 0x3186, 1, 0x18C5, 1, 0x7000, 1,
    0x3186, 1, 0x632D, 1, 0x3189, 1, 0x3186, 1,
    0x6B8E, 1, 0x4841, 2, 0xF6CE, 5, 0x3186, 1,
    0xA001, 1, 0x8A88, 2, 0x3186, 1, 0x9083, 1,
    0x8986, 1, 0x3186, 1, 0x20E5, 1, 0x0862, 3,
    0x3186, 1, 0x3800, 2, 0x3186, 2, 0x20E5, 3,
    0x3186, 1, 0x20A3, 1, 0x2125, 1, 0x5AAB, 1,
    0x3800, 2, 0x20A3, 1, 0x3186, 1, 0x5AAB, 1,
    0x20A3, 1, 0x3186, 1, 0x2125, 1, 0x18C5, 11,
    0x7000, 1, 0x7062, 1, 0x8C0C, 1, 0x9C4A, 1,
    0x2125, 1, 0x4841, 3, 0x50E5, 1, 0x2000, 1,
    0x5000, 3, 0x4841, 1, 0x50E5, 1, 0x5000, 1,
    0x4841, 1, 0x5000, 5, 0x3189, 2, 0x10A3, 2,
    0x0862, 3, 0x8A88, 1, 0x3189, 2, 0x10A3, 1,
    0x0862, 2, 0x3800, 1, 0x5000, 3, 0x4841, 1,
    0x50E5, 2, 0x39E9, 1, 0x5000, 2, 0x4800, 1,
    0x3000, 1, 0x50E5, 1, 0x4841, 1, 0x8986, 1,
    0x6000, 1, 0x50E5, 6, 0x49E9, 2, 0x39E9, 1,
    0x52CC, 1, 0x3186, 1, 0x7062, 1, 0x7125, 1,
    0x0862, 3, 0x7125, 1, 0x3186, 1, 0x7125, 4,
    0x3186, 5, 0x4841, 1, 0x9C4A, 1, 0xF6CE, 5,
    0x2125, 1, 0x3186, 1, 0x7062, 1, 0x9083, 2,
    0x4A6A, 2, 0x3186, 1, 0x0862, 1, 0x3800, 1,
    0x3186, 6, 0x20E5, 4, 0x3186, 1, 0x2926, 1,
    0x2125, 2, 0x0862, 1, 0x3186, 1, 0x0862, 1,
    0x5AAB, 1, 0x2125, 1, 0x20A3, 1, 0x8986, 1,
    0x0862, 1, 0x18C5, 10, 0x6000, 1, 0x7000, 1,
    0x9C4A, 3, 0x20A3, 2, 0x4841, 2, 0x5000, 1,
    0x0862, 1, 0x2000, 2, 0x0862, 1, 0x5000, 4,
    0x4841, 2, 0x5000, 2, 0x4841, 2, 0x5000, 14,
    0x50E5, 4, 0x39E9, 1, 0x4841, 1, 0x5000, 2,
    0x50E5, 1, 0x4841, 2, 0x9083, 3, 0x8800, 1,
    0x8000, 2, 0x50E5, 3, 0x20E5, 2, 0x3186, 3,
    0x6000, 1, 0x0862, 3, 0x7125, 2, 0x2926, 1,
    0x20A3, 1, 0x7125, 2, 0x8986, 1, 0x3186, 1,
    0x52CC, 1, 0x3186, 1, 0x2926, 1, 0x10A3, 2,
    0xF6CE, 5, 0xD5ED, 1, 0x10A3, 1, 0x2125, 1,
    0x9083, 1, 0x4A6A, 2, 0x0862, 2, 0x4800, 1,
    0x3800, 1, 0x3186, 5, 0x632D, 2, 0x20E5, 4,
    0x2926, 1, 0x7125, 1, 0x0862, 1, 0x20A3, 1,
    0x49E9, 1, 0x5AAB, 2, 0x2125, 1, 0x10A3, 1,
    0x3186, 1, 0x8986, 1, 0x18C5, 11, 0x5000, 1,
    0x7000, 1, 0x10A3, 1, 0x9C4A, 2, 0x52CC, 1,
    0x39E9, 1, 0x20A3, 1, 0x50E5, 1, 0x4841, 2,
    0x49E9, 1, 0x50E5, 2, 0x0862, 2, 0x5000, 4,
    0x4841, 4, 0x5000, 13, 0x50E5, 1, 0x4841, 1,
    0x50E5, 1, 0x5000, 3, 0x2000, 1, 0x49E9, 1,
    0x4841, 3, 0x9083, 1, 0x8986, 1, 0x9083, 1,
    0x8986, 1, 0x8800, 3, 0x8000, 4, 0x7125, 1,
    0x39E9, 1, 0x7062, 1, 0x7800, 1, 0x7000, 1,
    0x0862, 2, 0x7125, 1, 0x8986, 1, 0x2125, 1,
    0x20A3, 1, 0x0862, 1, 0x10A3, 1, 0x2926, 1,
    0x3186, 1, 0x7125, 1, 0x20E5, 1, 0x3186, 1,
    0x2125, 1, 0x6000, 1, 0x9C4A, 1, 0xF6CE, 3,
    0x9C4A, 1, 0xD5ED, 2, 0x8A88, 1, 0x2125, 1,
    0x4A6A, 2, 0x0862, 2, 0x4800, 1, 0x3800, 1,
    0x3186, 5, 0x52CC, 3, 0x0000, 1, 0x20E5, 3,
    0x2926, 1, 0x8986, 1, 0x20A3, 1, 0x0862, 1,
    0x2125, 3, 0x0862, 1, 0x20A3, 1, 0x7125, 2,
    0x18C5, 11, 0x5000, 1, 0x7000, 1, 0x52CC, 1,
    0x8C0C, 1, 0x632D, 1, 0x4A6A, 3, 0x20A3, 1,
    0x4841, 4, 0x50E5, 2, 0x3800, 8, 0x4841, 1,
    0x5000, 17, 0x2000, 1, 0x7125, 1, 0x4841, 2,
    0x50E5, 3, 0x8986, 1, 0x8A88, 1, 0xB4EC, 1,
    0x8800, 4, 0x8000, 2, 0xA001, 2, 0x8800, 2,
    0x6000, 2, 0x10A3, 3, 0x8986, 1, 0x20A3, 2,
    0x2125, 3, 0x0862, 1, 0x2125, 1, 0x8986, 1,
    0x20E5, 2, 0x7000, 1, 0x6000, 1, 0xD5ED, 1,
    0xF6CE, 1, 0xD5ED, 2, 0x9C4A, 1, 0x6B2C, 1,
    0x9C4A, 2, 0x2926, 1, 0x0862, 3, 0x4800, 2,
    0x3800, 1, 0x3186, 3, 0x52CC, 4, 0x0000, 2,
    0x20E5, 3, 0x3186, 3, 0x2125, 2, 0x0862, 1,
    0x20A3, 2, 0x7125, 1, 0x8986, 1, 0x18C5, 12,
    0x5000, 1, 0x5AAB, 1, 0x4A6A, 1, 0x6B2C, 1,
    0x6B8E, 1, 0x4A6A, 3, 0x10A3, 1, 0x4841, 5,
    0x5000, 1, 0x50E5, 2, 0x0862, 8, 0x3800, 3,
    0x3000, 4, 0x5000, 3, 0x0862, 1, 0x5000, 1,
    0x0862, 1, 0x2000, 2, 0x0862, 1, 0x7125, 1,
    0x6000, 1, 0x4841, 2, 0x50E5, 1, 0x39E9, 1,
    0x3186, 1, 0xB4EC, 4, 0x8800, 3, 0xA001, 4,
    0x8800, 1, 0x7800, 2, 0x0862, 3, 0x7125, 2,
    0x0862, 1, 0x2125, 1, 0x5AAB, 3, 0x2125, 1,
    0x20A3, 1, 0x7125, 1, 0x20E5, 1, 0x2926, 1,
    0x6000, 1, 0x3000, 1, 0xD5ED, 3, 0x9C4A, 1,
    0x3186, 2, 0x9C4A, 2, 0x0862, 1, 0x3000, 2,
    0x4800, 2, 0x3186, 2, 0x7411, 5, 0x20E5, 4,
    0x2125, 2, 0x20E5, 2, 0x3186, 1, 0x7125, 2,
    0x20A3, 1, 0x2125, 2, 0x7125, 2, 0x18C5, 13,
    0x5000, 1, 0x4800, 1, 0x20E5, 1, 0x6B2C, 1,
    0x52CC, 1, 0x6B8E, 1, 0x632D, 1, 0x52CC, 1,
    0x10A3, 1, 0x4841, 3, 0x5000, 8, 0x7125, 4,
    0x50E5, 3, 0x0862, 7, 0x7125, 2, 0x4841, 7,
    0x20E5, 1, 0x39E9, 1, 0x20E5, 1, 0xB4EC, 6,
    0x9083, 1, 0x8000, 1, 0xA001, 5, 0x8800, 1,
    0x7800, 2, 0x10A3, 1, 0x20E5, 1, 0x0862, 1,
    0x8986, 1, 0x2926, 1, 0x2125, 2, 0x0862, 1,
    0x3186, 2, 0x2125, 1, 0x20A3, 1, 0x3186, 1,
    0x7000, 1, 0x20E5, 1, 0x6000, 1, 0x8A88, 1,
    0xD5ED, 1, 0x9C4A, 2, 0x3186, 1, 0x3800, 1,
    0x3186, 1, 0x9C4A, 1, 0x6B2C, 1, 0x3186, 1,
    0x3000, 1, 0x4800, 2, 0x3000, 1, 0x3186, 1,
    0x632D, 5, 0x20E5, 1, 0x0000, 1, 0x3186, 1,
    0x0000, 1, 0x20E5, 4, 0x2125, 1, 0x3186, 1,
    0x7125, 2, 0x3186, 2, 0x2926, 1, 0x8986, 1,
    0x18C5, 14, 0x4800, 2, 0x4A6A, 1, 0x52CC, 1,
    0x4A6A, 1, 0x52CC, 3, 0x7411, 1, 0x4A6A, 1,
    0x7062, 1, 0x7000, 2, 0x5000, 16, 0x50E5, 4,
    0x5000, 1, 0x4841, 7, 0x50E5, 1, 0x20E5, 1,
    0x4A6A, 1, 0x39E9, 1, 0xB4EC, 5, 0x3186, 1,
    0x8986, 1, 0x8A88, 1, 0xA001, 5, 0x8800, 1,
    0x8000, 3, 0x10A3, 2, 0x20A3, 1, 0x7125, 1,
    0x20A3, 1, 0x5AAB, 1, 0x10A3, 1, 0x20A3, 2,
    0x3800, 1, 0x5AAB, 1, 0x2125, 1, 0x3186, 1,
    0x7000, 1, 0x20E5, 1, 0x5000, 1, 0x9C4A, 3,
    0x3186, 1, 0x3800, 2, 0x6B2C, 2, 0x3186, 1,
    0x4800, 4, 0x3800, 1, 0x3186, 2, 0x2926, 1,
    0x3186, 2, 0x0000, 1, 0x7411, 2, 0x2125, 2,
    0x20E5, 5, 0x20A3, 1, 0x7125, 2, 0x8986, 1,
    0x7125, 1, 0x3186, 1, 0x6B8E, 1, 0x18C5, 14,
    0x4800, 2, 0x3800, 1, 0x0862, 1, 0x10A3, 1,
    0x0862, 1, 0x52CC, 2, 0x632D, 1, 0x6B8E, 1,
    0x7062, 1, 0x5000, 3, 0x6000, 7, 0x5000, 13,
    0x6000, 1, 0x4841, 5, 0x20E5, 1, 0x52CC, 3,
    0xB4EC, 4, 0x5AAB, 1, 0x20E5, 1, 0x39E9, 1,
    0xB4EC, 2, 0xA001, 5, 0x8000, 3, 0x7800, 1,
    0x20E5, 2, 0x3186, 2, 0x20A3, 1, 0x3186, 1,
    0x20A3, 3, 0x3800, 1, 0x3186, 1, 0x2125, 1,
    0x3186, 1, 0x2926, 1, 0x52CC, 1, 0x3186, 1,
    0x9C4A, 2, 0x3186, 1, 0x3800, 2, 0x3186, 3,
    0x3000, 1, 0x4800, 3, 0x3000, 1, 0x3186, 1,
    0x2125, 1, 0x20E5, 1, 0x2125, 3, 0x18C5, 3,
    0x2125, 1, 0x8CD3, 1, 0x18C5, 3, 0x10A3, 2,
    0x20E5, 2, 0x10A3, 1, 0x7125, 1, 0x39E9, 2,
    0x18C5, 15, 0x4800, 2, 0x3800, 1, 0x4800, 1,
    0x5000, 1, 0x4A6A, 1, 0x20A3, 1, 0x10A3, 1,
    0x0862, 1, 0x10A3, 1, 0x5000, 3, 0x6000, 9,
    0x7000, 10, 0x6000, 3, 0x4841, 3, 0x20E5, 2,
    0x52CC, 3, 0x7411, 2, 0xF6CE, 3, 0x8CD3, 1,
    0x2125, 2, 0x8CD3, 1, 0xA001, 4, 0x8000, 1,
    0x7800, 1, 0x8000, 3, 0x7800, 1, 0x10A3, 2,
    0x7125, 1, 0x2125, 2, 0x10A3, 1, 0x20A3, 1,
    0x0862, 1, 0x20A3, 2, 0x0862, 1, 0x2125, 1,
    0x2926, 1, 0x39E9, 1, 0x4841, 1, 0x8A88, 1,
    0x6B2C, 2, 0x3800, 1, 0x4800, 1, 0x3800, 1,
    0x3186, 2, 0x3000, 1, 0x4800, 2, 0x4841, 2,
    0x18C5, 1, 0x2125, 1, 0x7411, 2, 0x3186, 1,
    0x39E9, 1, 0x2125, 1, 0x0000, 1, 0x18C5, 1,
    0x0000, 1, 0x18C5, 28, 0x4800, 1, 0x3000, 2,
    0x4800, 1, 0x5000, 2, 0x7000, 3, 0x5000, 4,
    0x6000, 9, 0x7000, 9, 0x7800, 3, 0x8800, 1,
    0x7062, 1, 0x632D, 1, 0x8CD3, 1, 0x7411, 3,
    0x8CD3, 4, 0xF6CE, 1, 0x8CD3, 2, 0x39E9, 1,
    0x2125, 2, 0xB4EC, 1, 0xA001, 2, 0x8800, 2,
    0x8000, 4, 0x7800, 1, 0x10A3, 3, 0x3186, 1,
    0x20A3, 1, 0x5AAB, 1, 0x20A3, 1, 0x0862, 2,
    0x10A3, 1, 0x20A3, 1, 0x0862, 1, 0x2125, 1,
    0x2926, 1, 0x39E9, 1, 0x8A88, 1, 0x6B2C, 1,
    0x3800, 1, 0x3000, 1, 0x10A3, 1, 0x4800, 1,
    0x3800, 1, 0x3186, 1, 0x4800, 3, 0x4841, 1,
    0x18C5, 7, 0x7411, 1, 0x8CD3, 1, 0x7411, 1,
    0x0862, 2, 0x18C5, 28, 0x3000, 3, 0x4800, 1,
    0x5000, 3, 0x7000, 6, 0x8000, 1, 0x6000, 8,
    0x7000, 10, 0x7800, 3, 0x7062, 1, 0x7411, 2,
    0x6B8E, 3, 0x8CD3, 5, 0x2125, 2, 0x39E9, 1,
    0x8CD3, 2, 0x8800, 1, 0x8000, 8, 0x7800, 1,
    0x10A3, 3, 0x3186, 1, 0x20A3, 1, 0x3186, 1,
    0x20A3, 1, 0x0862, 1, 0x20A3, 1, 0x10A3, 2,
    0x20A3, 1, 0x7125, 1, 0x2125, 1, 0x39E9, 1,
    0x3186, 2, 0x0862, 1, 0x3800, 2, 0x4800, 1,
    0x3800, 1, 0x3000, 1, 0x4800, 2, 0x18C5, 42,
    0x3000, 3, 0x4800, 1, 0x5000, 3, 0x6000, 2,
    0x7000, 4, 0x8000, 8, 0x8800, 1, 0x7000, 12,
    0x7800, 1, 0x7062, 1, 0x20E5, 1, 0x10A3, 2,
    0x6B8E, 1, 0x3186, 1, 0x20E5, 1, 0x2125, 2,
    0x20E5, 2, 0x8CD3, 3, 0x8800, 3, 0x8000, 4,
    0x7800, 2, 0x8000, 3, 0x10A3, 1, 0x20E5, 1,
    0x20A3, 1, 0x2926, 1, 0x2125, 1, 0x3186, 1,
    0x20A3, 1, 0x10A3, 1, 0x0862, 1, 0x20A3, 1,
    0x0862, 1, 0x6000, 1, 0x7125, 1, 0x2926, 1,
    0x3186, 2, 0x0862, 2, 0x10A3, 1, 0x3800, 1,
    0x4800, 3, 0x4841, 1, 0x18C5, 43, 0x3000, 3,
    0x5000, 4, 0x6000, 2, 0x7000, 2, 0x6000, 1,
    0x7000, 1, 0x8000, 8, 0x8800, 9, 0xA001, 4,
    0x8800, 11, 0x8000, 2, 0x7800, 1, 0x8800, 1,
    0x8000, 6, 0x7800, 3, 0x8000, 2, 0x7800, 1,
    0x20E5, 2, 0x2125, 3, 0x0862, 1, 0x10A3, 1,
    0x20A3, 1, 0x0862, 1, 0x6000, 1, 0x10A3, 1,
    0x20A3, 1, 0x5AAB, 1, 0x2926, 2, 0x3186, 1,
    0x10A3, 1, 0x0862, 1, 0x10A3, 1, 0x3800, 1,
    0x4800, 1, 0x4841, 1, 0x18C5, 45, 0x3000, 3,
    0x4800, 1, 0x5000, 3, 0x6000, 5, 0x7000, 2,
    0x8000, 1, 0x8800, 4, 0xA001, 1, 0x8800, 1,
    0xA001, 2, 0x8800, 7, 0xA001, 3, 0x8800, 12,
    0x8000, 2, 0x7800, 1, 0x8000, 7, 0x7800, 6,
    0x20E5, 2, 0x2125, 3, 0x0862, 1, 0x20A3, 1,
    0x6000, 1, 0x0862, 1, 0x20A3, 2, 0x0862, 1,
    0x2125, 1, 0x3186, 1, 0x10A3, 5, 0x4800, 2,
    0x18C5, 47, 0x3000, 2, 0x4800, 1, 0x5000, 3,
    0x6000, 3, 0x7000, 4, 0x8800, 1, 0xA001, 3,
    0x9083, 1, 0x8986, 2, 0x9083, 1, 0xA001, 6,
    0x8800, 2, 0xA001, 3, 0x8800, 12, 0x8000, 8,
    0x7800, 8, 0x20E5, 2, 0x2926, 1, 0x2125, 1,
    0x7062, 1, 0x20A3, 1, 0x10A3, 1, 0x20A3, 2,
    0x10A3, 1, 0x20A3, 1, 0x0862, 1, 0x2125, 1,
    0x3186, 1, 0x3000, 1, 0x10A3, 3, 0x4800, 1,
    0x18C5, 49, 0x2000, 1, 0x3000, 2, 0x5000, 3,
    0x6000, 4, 0x5000, 1, 0x7000, 2, 0x8800, 1,
    0x7000, 3, 0x8800, 1, 0x9083, 1, 0x8986, 1,
    0x9083, 1, 0x8986, 2, 0x9083, 1, 0xA001, 4,
    0x8800, 1, 0xA001, 3, 0x8800, 13, 0x8000, 5,
    0x7800, 9, 0x10A3, 3, 0x2125, 1, 0x20A3, 1,
    0x2125, 1, 0x0862, 1, 0x20A3, 1, 0x10A3, 3,
    0x20A3, 1, 0x3186, 1, 0x2125, 1, 0x3186, 1,
    0x10A3, 2, 0x4841, 1, 0x4800, 1, 0x18C5, 51,
    0x3000, 2, 0x5000, 4, 0x6000, 2, 0x4800, 1,
    0x3000, 1, 0x5000, 1, 0x6000, 1, 0x7000, 1,
    0x2000, 1, 0x3000, 2, 0x0862, 1, 0x9083, 2,
    0x7000, 1, 0x9083, 2, 0x8800, 1, 0x7800, 3,
    0xA001, 1, 0x8800, 1, 0xA001, 5, 0x8800, 12,
    0x8000, 3, 0x7800, 10, 0x20E5, 3, 0x2926, 1,
    0x2125, 2, 0x0862, 4, 0x20A3, 1, 0x3800, 1,
    0x5AAB, 1, 0x20A3, 1, 0x7125, 1, 0x4800, 2,
    0x18C5, 53, 0x2000, 1, 0x3000, 1, 0x4800, 1,
    0x5000, 3, 0x7000, 1, 0x6000, 1, 0x0862, 1,
    0x3000, 2, 0x2000, 1, 0x3000, 1, 0x0000, 2,
    0x0862, 3, 0x2000, 3, 0x0862, 2, 0x3000, 2,
    0x2000, 1, 0x7000, 2, 0x7800, 1, 0xA001, 4,
    0x8800, 4, 0x8000, 1, 0x8800, 6, 0x8000, 1,
    0x7800, 13, 0x2125, 6, 0x3186, 1, 0x20A3, 1,
    0x0862, 2, 0x20A3, 1, 0x3800, 1, 0x2125, 1,
    0x20A3, 1, 0x8986, 1, 0x18C5, 56, 0x2000, 1,
    0x3000, 1, 0x5000, 3, 0x7000, 1, 0x4800, 1,
    0x9083, 1, 0x2000, 1, 0x0000, 4, 0x6B8E, 1,
    0x0862, 4, 0x0000, 1, 0x0862, 4, 0x0000, 2,
    0x7000, 2, 0x7800, 5, 0x8800, 4, 0x8000, 1,
    0x8800, 6, 0x8000, 1, 0x7800, 10, 0x7000, 1,
    0x6000, 2, 0x20E5, 1, 0x2125, 5, 0x5AAB, 1,
    0x20A3, 3, 0x3800, 1, 0x3186, 1, 0x2125, 2,
    0x7125, 1, 0x18C5, 56, 0x2000, 2, 0x3000, 1,
    0x5000, 2, 0x8000, 1, 0xA001, 2, 0x8000, 1,
    0x4841, 1, 0x7062, 1, 0x3186, 1, 0x8986, 2,
    0x6B8E, 1, 0x7411, 2, 0x8CD3, 6, 0x7411, 1,
    0x0000, 1, 0x3000, 2, 0x3800, 2, 0x3000, 1,
    0x4800, 1, 0x6000, 1, 0x8800, 3, 0x7800, 1,
    0x8800, 7, 0x8000, 1, 0x7800, 10, 0x6000, 1,
    0x5000, 1, 0x20E5, 4, 0x20A3, 1, 0x3186, 1,
    0x20A3, 1, 0x2125, 1, 0x10A3, 2, 0x20A3, 1,
    0x3186, 1, 0x5AAB, 1, 0x0862, 1, 0x3186, 1,
    0x18C5, 58, 0x0000, 1, 0x2000, 2, 0x5000, 1,
    0x6000, 1, 0xA001, 3, 0x8800, 1, 0xA001, 1,
    0x9083, 2, 0x8986, 1, 0x9C4A, 1, 0x8CD3, 2,
    0xF6CE, 1, 0x8CD3, 1, 0xF6CE, 2, 0x8CD3, 2,
    0x7411, 1, 0x6B8E, 2, 0x0000, 4, 0x2000, 1,
    0x10A3, 1, 0x8000, 2, 0x8800, 5, 0x8000, 1,
    0x8800, 3, 0x8000, 1, 0x7800, 6, 0x7000, 2,
    0x6000, 3, 0x4800, 1, 0x20E5, 5, 0x3186, 1,
    0x20A3, 2, 0x3186, 2, 0x0862, 1, 0x5AAB, 1,
    0x2125, 1, 0x2926, 1, 0x8986, 1, 0x18C5, 59,
    0x2000, 3, 0x3000, 1, 0x3800, 1, 0xA001, 1,
    0x8000, 1, 0x7000, 3, 0x7800, 2, 0x8000, 3,
    0xA001, 4, 0x8800, 1, 0x8CD3, 2, 0xB4EC, 1,
    0x8986, 1, 0x8A88, 1, 0x39E9, 1, 0x9083, 2,
    0xA001, 1, 0x8986, 2, 0x6000, 1, 0xA001, 1,
    0x8800, 7, 0x8000, 2, 0x7800, 4, 0x6000, 4,
    0x5000, 1, 0x4800, 2, 0x20E5, 6, 0x7125, 1,
    0x2125, 1, 0x20A3, 1, 0x5AAB, 1, 0x2125, 1,
    0x5AAB, 1, 0x2125, 1, 0x20A3, 1, 0x7125, 2,
    0x18C5, 61, 0x2000, 2, 0x3000, 1, 0x4800, 5,
    0x7000, 2, 0x6000, 2, 0x5000, 3, 0x6000, 1,
    0x5000, 1, 0x6000, 1, 0x8800, 3, 0x8000, 1,
    0x9083, 1, 0x8986, 1, 0xA001, 5, 0x8986, 1,
    0xA001, 2, 0x8800, 6, 0x7800, 2, 0x7000, 4,
    0x6000, 1, 0x4800, 1, 0x3800, 1, 0x3000, 2,
    0x2000, 2, 0x20E5, 6, 0x8986, 1, 0x3186, 1,
    0x20A3, 1, 0x2125, 2, 0x20A3, 1, 0x0862, 1,
    0x7125, 2, 0x18C5, 65, 0x3000, 5, 0x4800, 1,
    0x5000, 2, 0x4800, 1, 0x3800, 1, 0x3000, 4,
    0x6000, 3, 0x7000, 1, 0x7800, 1, 0x8000, 1,
    0x8800, 4, 0xA001, 6, 0x8800, 5, 0x6000, 4,
    0x5000, 2, 0x4800, 1, 0x3800, 1, 0x3000, 1,
    0x2000, 4, 0x20E5, 6, 0x3186, 1, 0x8986, 1,
    0x2926, 1, 0x20A3, 2, 0x2125, 1, 0x20A3, 1,
    0x7125, 1, 0x18C5, 71, 0x3000, 5, 0x2000, 4,
    0x3000, 1, 0x3800, 1, 0x5000, 4, 0x6000, 2,
    0x5000, 1, 0x6000, 4, 0x5000, 1, 0x6000, 2,
    0x5000, 1, 0x4800, 5, 0x3000, 3, 0x2000, 6,
    0x3800, 2, 0x20E5, 4, 0x2125, 2, 0x20E5, 1,
    0x20A3, 1, 0x7125, 2, 0x3186, 1, 0x2125, 1,
    0x2926, 1, 0x7125, 1, 0x3186, 1, 0x18C5, 78,
    0x2000, 3, 0x3000, 5, 0x3800, 10, 0x3000, 1,
    0x2000, 5, 0x4800, 1, 0x3800, 1, 0x3000, 1,
    0x3800, 2, 0x18C5, 4, 0x20E5, 4, 0x10A3, 1,
    0x20E5, 3, 0x10A3, 1, 0x20E5, 1, 0x2125, 1,
    0x8986, 2, 0x7125, 1, 0x3186, 1, 0x8986, 1,
    0x18C5, 118, 0x20E5, 1, 0x10A3, 2, 0x20E5, 1,
    0x10A3, 2, 0x7125, 1, 0x2125, 1, 0x39E9, 1,
    0x18C5, 2870, 0x18C5, 2512, 0x8986, 1, 0x18C5, 126,
    0x8986, 7, 0x18C5, 120, 0x9083, 3, 0x8986, 8,
    0x18C5, 117, 0x7062, 4, 0x8986, 9, 0x18C5, 114,
    0x7800, 6, 0x7062, 1, 0x9083, 4, 0x8986, 5,
    0x632D, 3, 0x8986, 1, 0x18C5, 108, 0x7800, 9,
    0x7062, 2, 0x9083, 1, 0x7062, 1, 0x9083, 2,
    0x8986, 7, 0x632D, 1, 0x8986, 2, 0x9083, 1,
    0x8986, 2, 0x632D, 2, 0x18C5, 10, 0x8986, 9,
    0x18C5, 78, 0x7800, 12, 0x7062, 1, 0x7800, 3,
    0x9083, 1, 0x8986, 9, 0x9083, 1, 0x8986, 2,
    0x632D, 1, 0x8986, 5, 0x632D, 1, 0x8986, 15,
    0x18C5, 77, 0x7800, 2, 0x7000, 1, 0x6000, 5,
    0x7800, 9, 0x7062, 2, 0x9083, 7, 0x8986, 15,
    0x9083, 4, 0x8986, 3, 0x9083, 3, 0x5000, 1,
    0x18C5, 76, 0x7000, 1, 0x6000, 1, 0x5000, 6,
    0x6000, 2, 0x7800, 15, 0x8000, 1, 0x9083, 7,
    0x7062, 2, 0x7800, 1, 0x9083, 5, 0x7062, 2,
    0x7800, 2, 0x7062, 6, 0x5000, 1, 0x18C5, 75,
    0x6000, 2, 0x4800, 1, 0x3000, 6, 0x5000, 2,
    0x6000, 1, 0x7000, 7, 0x7800, 21, 0x7062, 1,
    0x7800, 12, 0x18C5, 75, 0x3000, 1, 0x4800, 1,
    0x3000, 2, 0x6000, 5, 0x2000, 1, 0x3000, 1,
    0x4800, 1, 0x5000, 7, 0x7000, 5, 0x7800, 29,
    0x18C5, 75, 0x3000, 1, 0x4841, 3, 0x6000, 7,
    0x2000, 1, 0x3000, 8, 0x5000, 1, 0x6000, 8,
    0x7800, 1, 0x7000, 8, 0x7800, 4, 0x7000, 1,
    0x6000, 5, 0x7800, 5, 0x18C5, 73, 0x7062, 3,
    0x4841, 4, 0x6000, 1, 0x4841, 2, 0x6000, 5,
    0x5000, 1, 0x2000, 6, 0x3000, 3, 0x4800, 6,
    0x6000, 3, 0x5000, 6, 0x7000, 3, 0x6000, 1,
    0x5000, 6, 0x6000, 2, 0x7000, 1, 0x7800, 2,
    0x18C5, 70, 0x7125, 5, 0x7062, 4, 0x6000, 8,
    0x7000, 2, 0x7800, 1, 0x7062, 3, 0x8986, 5,
    0x2000, 1, 0x3000, 5, 0x2000, 1, 0x3000, 9,
    0x5000, 2, 0x4800, 1, 0x3000, 6, 0x5000, 3,
    0x7000, 2, 0x18C5, 67, 0x7125, 4, 0x4A6A, 2,
    0x7125, 5, 0x4841, 1, 0x6000, 6, 0x7000, 5,
    0x7062, 7, 0x8986, 1, 0x7062, 4, 0x8986, 5,
    0x2000, 7, 0x3000, 2, 0x2000, 1, 0x8800, 1,
    0x8000, 3, 0x5000, 2, 0x3000, 2, 0x4800, 1,
    0x6000, 2, 0x18C5, 65, 0x4A6A, 3, 0x52CC, 2,
    0x5AAB, 3, 0x4A6A, 2, 0x7125, 2, 0x7062, 2,
    0x6000, 4, 0x7000, 5, 0x7800, 12, 0x7062, 10,
    0x7800, 3, 0x8000, 1, 0x8800, 1, 0x8000, 2,
    0x8800, 2, 0x9083, 1, 0x4841, 1, 0x5000, 2,
    0x3000, 3, 0x4800, 2, 0x18C5, 62, 0x3186, 1,
    0x4A6A, 2, 0x8000, 1, 0x52CC, 1, 0x7411, 1,
    0x8CD3, 4, 0x7411, 2, 0x52CC, 2, 0x6000, 5,
    0x7000, 6, 0x7800, 17, 0x7062, 1, 0x7800, 6,
    0x8000, 4, 0x8800, 1, 0x9083, 3, 0x4841, 3,
    0x3000, 2, 0x20A3, 1, 0x3000, 3, 0x18C5, 56,
    0x7000, 2, 0x6000, 2, 0x5000, 2, 0x3800, 1,
    0x5000, 1, 0x4800, 1, 0x5000, 8, 0x4800, 1,
    0x6000, 1, 0x7800, 2, 0x8A88, 1, 0x20E5, 1,
    0x6B8E, 1, 0x7411, 6, 0x7000, 3, 0x7800, 3,
    0x7000, 1, 0x7800, 1, 0x7000, 1, 0x7800, 15,
    0x8000, 3, 0x9083, 1, 0x8986, 2, 0x632D, 2,
    0x4841, 3, 0x3800, 2, 0x20A3, 3, 0x2000, 1,
    0x3000, 1, 0x18C5, 54, 0x7800, 1, 0x8000, 6,
    0x2000, 1, 0x52CC, 2, 0x6B8E, 4, 0x4A6A, 1,
    0x5AAB, 1, 0x632D, 2, 0x7062, 1, 0x6000, 3,
    0x4800, 4, 0x7800, 3, 0x8A88, 1, 0x2125, 1,
    0x632D, 1, 0x7411, 6, 0x8CD3, 1, 0x7000, 6,
    0x7800, 8, 0x7000, 1, 0x8000, 2, 0x7062, 1,
    0x632D, 6, 0x50E5, 2, 0x4841, 1, 0x3800, 2,
    0x20A3, 2, 0x2125, 1, 0x49E9, 1, 0x3186, 1,
    0x6000, 1, 0x18C5, 51, 0x8000, 1, 0x8800, 7,
    0x20A3, 1, 0x6B8E, 3, 0x8986, 2, 0x3186, 2,
    0x632D, 1, 0xB4EC, 2, 0x52CC, 2, 0x2125, 2,
    0xB4EC, 4, 0x10A3, 1, 0x5000, 2, 0x3800, 4,
    0x7000, 2, 0x8A88, 1, 0x2125, 1, 0x52CC, 1,
    0x6B8E, 1, 0x52CC, 3, 0x5000, 1, 0x7000, 2,
    0x20E5, 1, 0x632D, 1, 0x7411, 1, 0x7000, 6,
    0x8000, 1, 0x7800, 1, 0x8986, 2, 0x632D, 2,
    0x6B8E, 2, 0x632D, 2, 0x50E5, 3, 0x20A3, 1,
    0x3800, 1, 0x20A3, 3, 0x49E9, 3, 0x3186, 1,
    0x18C5, 49, 0x8000, 1, 0x8800, 2, 0x8986, 2,
    0x9083, 1, 0x7062, 1, 0x10A3, 2, 0x6B8E, 3,
    0x8986, 2, 0x632D, 3, 0xB4EC, 2, 0x632D, 1,
    0xB4EC, 7, 0x20E5, 1, 0x20A3, 1, 0x7000, 2,
    0x6000, 3, 0x5000, 3, 0x3800, 1, 0x5000, 1,
    0x7000, 4, 0x6000, 12, 0x7000, 1, 0x7800, 2,
    0x8986, 2, 0x632D, 2, 0x6B8E, 2, 0x632D, 1,
    0x50E5, 4, 0x20A3, 2, 0x20E5, 1, 0x20A3, 2,
    0x49E9, 2, 0x8A88, 2, 0x49E9, 1, 0x18C5, 47,
    0x7800, 3, 0x7062, 1, 0x8986, 4, 0x2125, 2,
    0x632D, 1, 0x6B8E, 2, 0x632D, 1, 0x6B8E, 2,
    0x9C4A, 1, 0xB4EC, 1, 0x8C0C, 3, 0x52CC, 1,
    0x632D, 1, 0x6B8E, 1, 0x52CC, 1, 0x8986, 1,
    0x632D, 2, 0x7062, 3, 0x7000, 5, 0x6000, 5,
    0x5000, 1, 0x7800, 2, 0x7000, 3, 0x6B8E, 1,
    0x7000, 1, 0x6B8E, 2, 0x632D, 1, 0x6000, 4,
    0x7800, 2, 0x9083, 2, 0x6B8E, 4, 0x632D, 2,
    0x39E9, 1, 0x50E5, 2, 0x10A3, 1, 0x4841, 2,
    0x20E5, 2, 0x3186, 1, 0x49E9, 2, 0x8A88, 4,
    0x18C5, 46, 0x7800, 2, 0x8986, 6, 0x39E9, 1,
    0x6B8E, 5, 0x632D, 2, 0x6B8E, 1, 0xB4EC, 1,
    0x9C4A, 1, 0x8C0C, 2, 0x9C4A, 1, 0x8C0C, 1,
    0x9C4A, 3, 0x4A6A, 1, 0x49E9, 2, 0x7062, 2,
    0x7800, 1, 0x7000, 9, 0x7800, 1, 0x8A88, 1,
    0x6B8E, 1, 0x3800, 1, 0x7800, 1, 0x6B8E, 1,
    0x7411, 1, 0x39E9, 1, 0x20E5, 1, 0x4A6A, 1,
    0x2125, 1, 0x52CC, 1, 0x20E5, 1, 0x6000, 2,
    0x7000, 1, 0x9083, 3, 0x7411, 3, 0x6B8E, 2,
    0x39E9, 3, 0x20A3, 3, 0x10A3, 3, 0x3186, 1,
    0x8A88, 1, 0x49E9, 1, 0x8A88, 5, 0x18C5, 45,
    0x7800, 2, 0x8986, 4, 0x632D, 2, 0x39E9, 1,
    0x6B8E, 3, 0x52CC, 1, 0x632D, 1, 0x5AAB, 1,
    0x632D, 2, 0x8C0C, 2, 0x52CC, 1, 0x5AAB, 2,
    0x632D, 2, 0x9C4A, 1, 0x52CC, 2, 0x49E9, 2,
    0x7125, 1, 0x7062, 1, 0x6000, 3, 0x7000, 6,
    0x7800, 1, 0x8986, 2, 0x8A88, 1, 0x20E5, 1,
    0x10A3, 1, 0x20A3, 1, 0x7800, 1, 0x4A6A, 2,
    0x7411, 1, 0x52CC, 1, 0x6B8E, 1, 0x632D, 1,
    0x52CC, 1, 0x10A3, 1, 0x7062, 1, 0x8986, 2,
    0x6B8E, 2, 0x7411, 1, 0x6B8E, 3, 0x49E9, 2,
    0x20A3, 3, 0x3186, 2, 0x10A3, 2, 0x9C4A, 2,
    0x8A88, 6, 0x9C4A, 1, 0x18C5, 44, 0x7800, 1,
    0x8986, 2, 0x632D, 4, 0x39E9, 2, 0x6B8E, 3,
    0x5AAB, 3, 0x632D, 2, 0x9C4A, 1, 0x8C0C, 2,
    0x9C4A, 2, 0x632D, 2, 0x9C4A, 1, 0x52CC, 2,
    0x49E9, 2, 0x7125, 2, 0x7062, 2, 0x6000, 6,
    0x8000, 1, 0x7800, 1, 0x8986, 2, 0x20E5, 2,
    0x7411, 2, 0x20E5, 1, 0x4841, 1, 0x20E5, 1,
    0x7411, 2, 0x8CD3, 1, 0x7411, 1, 0x6B8E, 1,
    0x2125, 1, 0x20A3, 1, 0x2926, 1, 0x7411, 4,
    0x6B8E, 3, 0x49E9, 1, 0x50E5, 2, 0x3186, 2,
    0x20A3, 1, 0x3186, 2, 0x8C0C, 1, 0x9C4A, 2,
    0x8A88, 7, 0x8C0C, 1, 0x18C5, 42, 0x8986, 1,
    0x6B8E, 4, 0x8A88, 3, 0x7411, 1, 0x6B8E, 1,
    0x632D, 3, 0x5AAB, 3, 0x4A6A, 4, 0x8C0C, 3,
    0x9C4A, 1, 0x632D, 1, 0x9C4A, 1, 0x4A6A, 2,
    0x49E9, 2, 0x7125, 6, 0x7062, 1, 0x6000, 3,
    0x8800, 1, 0x8986, 2, 0x20E5, 3, 0x7411, 2,
    0x8CD3, 1, 0x7411, 1, 0x2125, 1, 0x20A3, 1,
    0x7411, 4, 0x20A3, 1, 0x2125, 1, 0x632D, 6,
    0x52CC, 1, 0x39E9, 1, 0x5AAB, 1, 0x39E9, 2,
    0x50E5, 1, 0x20E5, 1, 0x20A3, 1, 0x3186, 1,
    0x4A6A, 1, 0x8C0C, 2, 0x9C4A, 3, 0x8A88, 4,
    0x9C4A, 1, 0x8C0C, 2, 0x18C5, 43, 0x0862, 2,
    0x1927, 4, 0x3189, 2, 0x8986, 1, 0x8A88, 4,
    0x6B8E, 3, 0x632D, 4, 0x5AAB, 6, 0x49E9, 3,
    0x7125, 2, 0x50E5, 4, 0x6000, 3, 0x3186, 3,
    0x20E5, 2, 0x7411, 2, 0x8CD3, 3, 0x7411, 1,
    0x52CC, 1, 0x2125, 1, 0x52CC, 1, 0x632D, 1,
    0x7411, 1, 0x20A3, 2, 0x632D, 1, 0x6B8E, 5,
    0x4A6A, 4, 0x5AAB, 1, 0x20E5, 1, 0x3186, 1,
    0x20E5, 1, 0x4A6A, 1, 0x8C0C, 2, 0x9C4A, 4,
    0x8A88, 4, 0x9C4A, 2, 0x8986, 1, 0x7125, 1,
    0x18C5, 41, 0x3189, 6, 0x1927, 2, 0x3189, 7,
    0x416A, 1, 0x1927, 1, 0x3189, 2, 0x416A, 1,
    0x632D, 1, 0x5AAB, 2, 0x632D, 2, 0x8986, 1,
    0x632D, 1, 0x5AAB, 1, 0x7125, 2, 0x5AAB, 2,
    0x49E9, 2, 0x7125, 1, 0x50E5, 1, 0x6000, 3,
    0x8986, 1, 0x3186, 1, 0x20E5, 2, 0x8CD3, 8,
    0x6B8E, 1, 0x2125, 1, 0x2926, 1, 0x632D, 1,
    0x52CC, 1, 0x3186, 1, 0x52CC, 1, 0x6B8E, 5,
    0x632D, 1, 0x39E9, 3, 0x8C0C, 2, 0x6B2C, 1,
    0x2125, 1, 0x20E5, 1, 0x5AAB, 1, 0x9C4A, 6,
    0x8A88, 3, 0x9C4A, 2, 0x8A88, 1, 0x8C0C, 1,
    0x8986, 1, 0x18C5, 40, 0x3189, 9, 0x498A, 2,
    0x416A, 7, 0x498A, 1, 0x416A, 2, 0x498A, 5,
    0x416A, 4, 0x7125, 2, 0x50E5, 1, 0x5AAB, 3,
    0x7125, 2, 0x6000, 1, 0x8C0C, 1, 0x8986, 1,
    0x10A3, 1, 0x8CD3, 10, 0x632D, 1, 0x2926, 1,
    0x20A3, 1, 0x4A6A, 1, 0x20A3, 1, 0x4A6A, 1,
    0x632D, 2, 0x6B8E, 2, 0x632D, 1, 0x5AAB, 2,
    0x39E9, 1, 0x4A6A, 3, 0x8C0C, 1, 0x6B2C, 1,
    0x52CC, 1, 0x6B2C, 1, 0x8C0C, 1, 0x9C4A, 6,
    0x8A88, 2, 0x9C4A, 3, 0x8A88, 1, 0x8986, 1,
    0x9C4A, 1, 0x18C5, 40, 0x3189, 8, 0x498A, 17,
    0x416A, 3, 0x498A, 1, 0x416A, 5, 0x3189, 1,
    0x1927, 1, 0x0862, 1, 0x6000, 1, 0x8A88, 1,
    0x8986, 2, 0x7411, 1, 0x8CD3, 9, 0x7411, 2,
    0x632D, 1, 0x20A3, 3, 0x8A88, 2, 0x6B8E, 1,
    0x632D, 4, 0x39E9, 2, 0x4A6A, 1, 0x8C0C, 3,
    0xD5ED, 1, 0xB4EC, 1, 0x6B2C, 2, 0xB4EC, 1,
    0x9C4A, 2, 0x8A88, 1, 0x9C4A, 1, 0x8A88, 1,
    0x9C4A, 5, 0x8C0C, 1, 0x9C4A, 2, 0x18C5, 39,
    0x3189, 9, 0x498A, 16, 0x416A, 13, 0x0000, 1,
    0x8A88, 1, 0x8C0C, 1, 0x3186, 1, 0x52CC, 1,
    0x8CD3, 5, 0x7411, 1, 0x8CD3, 1, 0x7411, 5,
    0x4841, 1, 0x20A3, 1, 0x8986, 2, 0x6B8E, 1,
    0x632D, 3, 0x5AAB, 2, 0x4A6A, 4, 0x8C0C, 1,
    0xB4EC, 1, 0xD5ED, 2, 0xB4EC, 3, 0x9C4A, 3,
    0x8A88, 1, 0x9C4A, 6, 0x8A88, 1, 0x9C4A, 1,
    0x5AAB, 1, 0x18C5, 38, 0x3189, 9, 0x498A, 17,
    0x416A, 1, 0x1927, 5, 0x416A, 7, 0x3189, 1,
    0x8A88, 1, 0x3186, 2, 0x52CC, 1, 0x8CD3, 3,
    0x7411, 9, 0x2926, 1, 0x7062, 1, 0x632D, 1,
    0x5AAB, 1, 0x632D, 3, 0x52CC, 2, 0x4A6A, 1,
    0x39E9, 1, 0x4A6A, 1, 0x8C0C, 2, 0xD5ED, 4,
    0xB4EC, 1, 0x9C4A, 12, 0x8A88, 2, 0xB4EC, 1,
    0x18C5, 38, 0x3189, 9, 0x498A, 17, 0x416A, 14,
    0x8C0C, 1, 0x8A88, 1, 0x3186, 1, 0x6B8E, 1,
    0x8CD3, 3, 0x7411, 9, 0x52CC, 1, 0x4A6A, 1,
    0x6B8E, 3, 0x52CC, 1, 0x6B8E, 1, 0x632D, 2,
    0x5AAB, 1, 0x4A6A, 2, 0xD5ED, 1, 0xB4EC, 1,
    0xD5ED, 3, 0xB4EC, 1, 0xD5ED, 5, 0x18C5, 3,
    0x9C4A, 2, 0x8A88, 2, 0x5AAB, 2, 0x6B2C, 1,
    0x8A88, 1, 0x18C5, 37, 0x1927, 1, 0x3189, 9,
    0x498A, 17, 0x416A, 14, 0x8986, 1, 0x8C0C, 1,
    0x3186, 1, 0x7411, 1, 0x8CD3, 2, 0x7411, 9,
    0x52CC, 1, 0x2125, 1, 0x632D, 3, 0x6B8E, 2,
    0x632D, 2, 0x52CC, 3, 0xF6CE, 5, 0xD5ED, 6,
    0x18C5, 7, 0x3186, 1, 0x5AAB, 2, 0x7125, 1,
    0x7062, 1, 0x18C5, 37, 0x3189, 9, 0x498A, 17,
    0x416A, 14, 0x3189, 1, 0x8986, 1, 0x632D, 1,
    0x3186, 1, 0x6B8E, 1, 0x7411, 10, 0x52CC, 1,
    0x39E9, 1, 0x6B8E, 1, 0x632D, 1, 0x52CC, 1,
    0x6B8E, 3, 0x632D, 2, 0x6B8E, 1, 0x632D, 1,
    0x8CD3, 1, 0xF6CE, 4, 0xD5ED, 7, 0x18C5, 8,
    0x3186, 1, 0x9C4A, 1, 0x8A88, 1, 0x6B8E, 1,
    0x18C5, 36, 0x1927, 1, 0x3189, 9, 0x498A, 17,
    0x416A, 14, 0x3189, 1, 0x9083, 1, 0x8C0C, 1,
    0x3186, 1, 0x7411, 9, 0x632D, 1, 0x52CC, 1,
    0x6B8E, 2, 0x4A6A, 1, 0x52CC, 1, 0x6B8E, 2,
    0x632D, 2, 0x6B8E, 2, 0x8CD3, 1, 0xF6CE, 5,
    0xD5ED, 7, 0x18C5, 9, 0x3000, 1, 0x5AAB, 1,
    0x9C4A, 1, 0x6B8E, 1, 0x18C5, 35, 0x10A3, 1,
    0x1927, 1, 0x3189, 8, 0x498A, 18, 0x416A, 14,
    0x3189, 1, 0x8A88, 1, 0x6B8E, 1, 0x3186, 1,
    0x6B8E, 1, 0x7411, 4, 0x8CD3, 2, 0x7411, 2,
    0x632D, 2, 0x5AAB, 1, 0x4A6A, 1, 0x632D, 1,
    0x6B8E, 1, 0x632D, 1, 0x6B8E, 3, 0x632D, 1,
    0x8CD3, 2, 0xF6CE, 5, 0xD5ED, 6, 0x0862, 2,
    0x2125, 1, 0x18C5, 7, 0x3000, 1, 0x5AAB, 3,
    0x18C5, 35, 0x10A3, 1, 0x3189, 9, 0x498A, 17,
    0x416A, 1, 0x2125, 1, 0x5AAB, 1, 0x416A, 12,
    0x3189, 1, 0x416A, 1, 0x8A88, 1, 0x52CC, 1,
    0x7411, 8, 0x3186, 1, 0x20E5, 1, 0x52CC, 1,
    0x4A6A, 1, 0x6B8E, 6, 0x8CD3, 3, 0xF6CE, 7,
    0xD5ED, 4, 0x0862, 2, 0x39E9, 2, 0x8986, 1,
    0x3186, 1, 0x8986, 1, 0x18C5, 4, 0x3000, 1,
    0x8A88, 1, 0x5AAB, 1, 0x3186, 1, 0x18C5, 33,
    0x6B8E, 1, 0x10A3, 2, 0x3189, 9, 0x498A, 17,
    0x416A, 14, 0x3189, 2, 0x416A, 1, 0x8986, 1,
    0x3186, 1, 0x52CC, 1, 0x7411, 5, 0x3186, 1,
    0x2125, 1, 0x4A6A, 1, 0x39E9, 1, 0x52CC, 1,
    0x7411, 1, 0x6B8E, 5, 0x8CD3, 1, 0x7411, 1,
    0x8CD3, 3, 0xF6CE, 5, 0xD5ED, 5, 0x0862, 1,
    0x20E5, 1, 0x7125, 1, 0x3186, 1, 0x7125, 4,
    0x0862, 1, 0x18C5, 2, 0x7000, 1, 0x3186, 1,
    0x8A88, 1, 0x18C5, 33, 0x6B8E, 1, 0x8986, 1,
    0x10A3, 1, 0x1927, 1, 0x3189, 8, 0x498A, 18,
    0x416A, 14, 0x3189, 2, 0x416A, 1, 0x8986, 1,
    0x2125, 1, 0x3186, 1, 0x7411, 3, 0x3186, 1,
    0x2125, 1, 0x10A3, 1, 0x4A6A, 1, 0x39E9, 2,
    0x632D, 1, 0x5AAB, 2, 0x6B8E, 2, 0x8CD3, 3,
    0x7411, 1, 0x8CD3, 3, 0xF6CE, 1, 0xD5ED, 1,
    0xF6CE, 3, 0xD5ED, 4, 0x0862, 2, 0x7125, 1,
    0x3186, 1, 0x2926, 1, 0x20A3, 1, 0x7125, 1,
    0x3186, 1, 0x8986, 1, 0x2125, 1, 0x18C5, 2,
    0x7800, 1, 0x3186, 2, 0x18C5, 31, 0x6B8E, 1,
    0x7000, 1, 0x8986, 2, 0x2000, 3, 0x8986, 1,
    0x7000, 1, 0x1927, 5, 0x3189, 2, 0x498A, 16,
    0x416A, 14, 0x3189, 2, 0x416A, 1, 0x8986, 1,
    0x20E5, 1, 0x3186, 1, 0x6B8E, 1, 0x52CC, 2,
    0x3186, 1, 0x5AAB, 1, 0x7125, 1, 0x39E9, 1,
    0x632D, 2, 0x5AAB, 3, 0x52CC, 1, 0x8CD3, 5,
    0xF6CE, 3, 0x8CD3, 1, 0xD5ED, 1, 0xF6CE, 5,
    0xD5ED, 1, 0x0862, 2, 0x7125, 1, 0x3186, 1,
    0x2125, 2, 0x0862, 1, 0x20A3, 2, 0x8986, 2,
    0x18C5, 2, 0x7800, 1, 0x3186, 1, 0x18C5, 30,
    0x7411, 1, 0x7000, 1, 0x8986, 1, 0x20A3, 2,
    0x8000, 1, 0x9083, 1, 0x8986, 2, 0x9083, 1,
    0x3000, 2, 0x8986, 3, 0x7000, 2, 0x3189, 9,
    0x416A, 1, 0x498A, 6, 0x416A, 14, 0x3189, 2,
    0x416A, 2, 0x7125, 1, 0x20E5, 2, 0x3186, 1,
    0x52CC, 1, 0x7125, 1, 0x8A88, 1, 0x49E9, 1,
    0x39E9, 1, 0x632D, 1, 0x52CC, 1, 0x5AAB, 2,
    0x4A6A, 1, 0x8CD3, 5, 0xF6CE, 7, 0x8CD3, 1,
    0xF6CE, 5, 0x10A3, 1, 0x7125, 2, 0x20A3, 1,
    0x0862, 1, 0x2125, 2, 0x10A3, 1, 0x20A3, 1,
    0x3186, 1, 0x8986, 1, 0x18C5, 2, 0x7000, 1,
    0x3186, 1, 0x18C5, 28, 0xA001, 1, 0x7000, 1,
    0x8986, 1, 0x10A3, 1, 0x8800, 2, 0x632D, 2,
    0x5AAB, 2, 0x8A88, 2, 0x632D, 1, 0x4A6A, 2,
    0x39E9, 1, 0x20A3, 2, 0x3000, 2, 0x8986, 2,
    0x7000, 6, 0x3189, 3, 0x416A, 18, 0x3189, 2,
    0x416A, 2, 0x9083, 1, 0x2125, 1, 0x20E5, 1,
    0x8986, 1, 0x7125, 1, 0x5AAB, 1, 0x39E9, 1,
    0x4A6A, 1, 0x632D, 2, 0x5AAB, 2, 0x52CC, 1,
    0x7411, 1, 0x8CD3, 1, 0x7411, 2, 0x8CD3, 1,
    0xF6CE, 14, 0x0862, 1, 0x7125, 2, 0x2125, 2,
    0x5AAB, 2, 0x2125, 3, 0x7125, 1, 0x2125, 1,
    0x18C5, 1, 0x4841, 1, 0x18C5, 27, 0x7000, 1,
    0x8986, 2, 0x2000, 1, 0x7062, 1, 0x7000, 1,
    0x5AAB, 5, 0x8A88, 1, 0x5AAB, 2, 0x632D, 2,
    0x6B8E, 2, 0x632D, 1, 0x5AAB, 2, 0x52CC, 1,
    0x4A6A, 2, 0x20A3, 5, 0x8986, 5, 0x7000, 2,
    0x8986, 2, 0x7000, 2, 0x20A3, 1, 0x416A, 10,
    0x3189, 2, 0x416A, 3, 0x52CC, 1, 0x39E9, 1,
    0x5AAB, 2, 0x39E9, 1, 0x632D, 1, 0x6B8E, 1,
    0x5AAB, 2, 0x52CC, 1, 0x8CD3, 3, 0xF6CE, 2,
    0x7411, 1, 0xF6CE, 4, 0x7411, 2, 0xF6CE, 4,
    0xB4EC, 1, 0xF6CE, 4, 0x3186, 1, 0x7125, 1,
    0x2125, 2, 0x5AAB, 1, 0x0862, 1, 0x3186, 2,
    0x2125, 1, 0x20A3, 1, 0x3186, 1, 0x2926, 1,
    0x18C5, 1, 0x4841, 1, 0x18C5, 24, 0x8CD3, 1,
    0x6000, 1, 0x8986, 2, 0x2000, 2, 0x7125, 1,
    0x632D, 2, 0x5AAB, 6, 0x8A88, 2, 0x632D, 1,
    0x6B8E, 14, 0x4A6A, 3, 0x2125, 1, 0x4A6A, 1,
    0x20A3, 1, 0x2125, 3, 0x10A3, 2, 0x3000, 2,
    0x20A3, 1, 0x3000, 3, 0x8986, 2, 0x2000, 3,
    0x8986, 3, 0x7000, 1, 0x5000, 1, 0x4A6A, 1,
    0x8A88, 1, 0x4A6A, 2, 0x6B8E, 2, 0x5AAB, 2,
    0x52CC, 1, 0x8CD3, 2, 0xF6CE, 4, 0x6B8E, 1,
    0x7411, 1, 0xF6CE, 3, 0x7411, 1, 0x2125, 1,
    0x39E9, 1, 0xF6CE, 3, 0xB4EC, 1, 0xF6CE, 3,
    0x20E5, 1, 0x3186, 2, 0x0862, 1, 0x49E9, 1,
    0x3186, 1, 0x20A3, 1, 0x3800, 2, 0x3186, 1,
    0x20A3, 1, 0x2125, 1, 0x3186, 1, 0x18C5, 24,
    0x7411, 1, 0xA001, 1, 0x6000, 1, 0x8986, 1,
    0x2000, 2, 0x7125, 2, 0x52CC, 1, 0x4A6A, 3,
    0x5AAB, 4, 0x632D, 1, 0x4A6A, 1, 0x6B8E, 1,
    0x632D, 1, 0x6B8E, 1, 0x7411, 2, 0x6B8E, 1,
    0x7411, 1, 0xB4EC, 4, 0x6B8E, 2, 0x632D, 3,
    0x6B8E, 8, 0x5AAB, 1, 0x632D, 2, 0x6B8E, 1,
    0x632D, 2, 0x8986, 3, 0x7062, 1, 0x7800, 2,
    0x2000, 2, 0x8986, 1, 0x7000, 1, 0x7125, 3,
    0x4A6A, 3, 0x632D, 3, 0x8C0C, 1, 0x5AAB, 1,
    0x7411, 1, 0x8CD3, 1, 0xF6CE, 5, 0x6B8E, 2,
    0xF6CE, 3, 0x7411, 1, 0x2125, 1, 0x39E9, 1,
    0xF6CE, 3, 0xB4EC, 1, 0xF6CE, 3, 0x20E5, 1,
    0x3186, 1, 0x20A3, 2, 0x0862, 1, 0x3800, 1,
    0x20A3, 3, 0x10A3, 1, 0x2125, 2, 0x39E9, 1,
    0x18C5, 22, 0x8CD3, 1, 0xA001, 1, 0x6000, 1,
    0x8986, 2, 0x2000, 1, 0x2125, 2, 0x632D, 2,
    0x9C4A, 3, 0x632D, 5, 0x9C4A, 1, 0xB4EC, 3,
    0x6B8E, 1, 0x632D, 2, 0xB4EC, 1, 0x6B8E, 1,
    0x632D, 4, 0xB4EC, 1, 0x9C4A, 3, 0x7411, 1,
    0x632D, 7, 0x6B8E, 3, 0x632D, 3, 0x8986, 2,
    0x632D, 1, 0x7800, 2, 0x2000, 1, 0x8986, 2,
    0x7000, 1, 0x50E5, 2, 0x7125, 1, 0x49E9, 2,
    0x632D, 1, 0x6B8E, 1, 0x632D, 4, 0x8CD3, 3,
    0xF6CE, 7, 0x9C4A, 1, 0xF6CE, 3, 0xB4EC, 1,
    0xF6CE, 1, 0x39E9, 1, 0xF6CE, 1, 0xD5ED, 1,
    0xF6CE, 1, 0x6B2C, 1, 0xF6CE, 3, 0x3186, 1,
    0x8986, 1, 0x0862, 1, 0x2125, 1, 0x3800, 1,
    0x20A3, 1, 0x0862, 1, 0x20A3, 1, 0x10A3, 1,
    0x0862, 1, 0x2125, 1, 0x20A3, 1, 0x39E9, 1,
    0x18C5, 20, 0x8CD3, 1, 0x9083, 1, 0x8000, 1,
    0x8986, 2, 0x2000, 2, 0x7062, 1, 0x4A6A, 2,
    0x9C4A, 5, 0x6B2C, 1, 0x9C4A, 2, 0x6B2C, 2,
    0x632D, 8, 0xB4EC, 5, 0x632D, 4, 0x9C4A, 4,
    0x632D, 2, 0x6B8E, 2, 0x632D, 3, 0x8986, 3,
    0x632D, 1, 0x7800, 1, 0x2000, 2, 0x8986, 2,
    0x50E5, 3, 0x49E9, 3, 0x52CC, 2, 0x632D, 1,
    0x6B8E, 1, 0x8C0C, 2, 0x5AAB, 1, 0x8CD3, 4,
    0xF6CE, 2, 0x8CD3, 2, 0xF6CE, 3, 0x9C4A, 1,
    0xF6CE, 4, 0xB4EC, 4, 0xF6CE, 1, 0x6B2C, 1,
    0xF6CE, 3, 0x2926, 1, 0x7125, 1, 0x2125, 1,
    0x5AAB, 1, 0x20A3, 2, 0x0862, 1, 0x20A3, 1,
    0x0862, 1, 0x20A3, 1, 0x5AAB, 1, 0x20A3, 1,
    0x6B8E, 1, 0x2125, 1, 0x18C5, 17, 0x8CD3, 1,
    0x632D, 1, 0x7062, 2, 0x7125, 2, 0x2000, 1,
    0x3189, 2, 0x9C4A, 2, 0x632D, 1, 0x9C4A, 1,
    0x8C0C, 1, 0x39E9, 1, 0x9C4A, 1, 0x8C0C, 1,
    0x5000, 1, 0x9C4A, 1, 0xB4EC, 1, 0x8986, 1,
    0x8C0C, 1, 0xB4EC, 3, 0x632D, 2, 0x52CC, 1,
    0x6B8E, 1, 0xB4EC, 2, 0x632D, 4, 0xB4EC, 4,
    0x6B8E, 1, 0x632D, 1, 0xB4EC, 3, 0x6B8E, 1,
    0x632D, 4, 0x8986, 2, 0x632D, 2, 0x8000, 1,
    0x0862, 1, 0x8986, 1, 0x7000, 1, 0x39E9, 1,
    0x4841, 1, 0x49E9, 4, 0x52CC, 2, 0x6B8E, 2,
    0x632D, 3, 0x8CD3, 6, 0x7411, 1, 0x8CD3, 2,
    0x6B8E, 1, 0x632D, 1, 0xF6CE, 2, 0xB4EC, 1,
    0x8CD3, 1, 0xF6CE, 2, 0xD5ED, 1, 0xF6CE, 1,
    0xD5ED, 1, 0xB4EC, 1, 0xF6CE, 1, 0x7411, 1,
    0x6B2C, 1, 0xF6CE, 1, 0xD5ED, 1, 0x10A3, 1,
    0x2926, 2, 0x2125, 1, 0x3186, 1, 0x10A3, 1,
    0x20A3, 1, 0x10A3, 2, 0x20A3, 2, 0x2125, 1,
    0x20A3, 1, 0x39E9, 1, 0x2125, 1, 0x18C5, 15,
    0xB4EC, 1, 0x7411, 2, 0x8986, 2, 0x7125, 2,
    0x2000, 1, 0x20E5, 1, 0x632D, 2, 0x8C0C, 3,
    0x6B2C, 1, 0x4841, 1, 0x50E5, 1, 0x8C0C, 2,
    0x50E5, 1, 0xB4EC, 1, 0x8986, 1, 0x2125, 1,
    0x8C0C, 2, 0xB4EC, 2, 0x4A6A, 1, 0x632D, 1,
    0x4A6A, 1, 0xB4EC, 2, 0x632D, 9, 0x52CC, 3,
    0xB4EC, 4, 0x632D, 1, 0x4A6A, 3, 0x632D, 1,
    0x8000, 1, 0x0862, 1, 0x8986, 2, 0x4841, 1,
    0x39E9, 2, 0x49E9, 2, 0x52CC, 4, 0x6B8E, 1,
    0x632D, 1, 0x6B8E, 2, 0x632D, 1, 0x8CD3, 6,
    0x7411, 3, 0x6B8E, 2, 0x3186, 1, 0x8CD3, 1,
    0xD5ED, 1, 0xB4EC, 1, 0x8CD3, 1, 0xF6CE, 1,
    0xD5ED, 5, 0xF6CE, 1, 0x0000, 1, 0x9C4A, 1,
    0xF6CE, 1, 0xD5ED, 1, 0x10A3, 1, 0x3186, 1,
    0x20A3, 1, 0x2125, 1, 0x10A3, 1, 0x0862, 1,
    0x20A3, 2, 0x10A3, 2, 0x20A3, 1, 0x7125, 1,
    0x20A3, 1, 0x39E9, 1, 0x2125, 1, 0x18C5, 14,
    0xB4EC, 1, 0x6B8E, 1, 0x632D, 1, 0x8986, 2,
    0x7125, 2, 0x2000, 1, 0x6000, 1, 0x52CC, 2,
    0x8C0C, 2, 0x8A88, 1, 0x6B2C, 1, 0x8C0C, 2,
    0x7125, 1, 0x3186, 1, 0x39E9, 2, 0x4A6A, 1,
    0x8C0C, 1, 0x9C4A, 1, 0xB4EC, 3, 0x4A6A, 2,
    0xB4EC, 3, 0x4A6A, 1, 0xB4EC, 5, 0x6B8E, 1,
    0x5AAB, 2, 0x52CC, 1, 0xB4EC, 4, 0x4A6A, 1,
    0xB4EC, 5, 0x632D, 1, 0x2000, 2, 0x8986, 1,
    0x4841, 1, 0x50E5, 1, 0x39E9, 3, 0x4A6A, 2,
    0x52CC, 1, 0x4A6A, 2, 0x632D, 2, 0x6B8E, 1,
    0x632D, 1, 0x8CD3, 8, 0x7411, 1, 0xD5ED, 1,
    0x7411, 1, 0xF6CE, 1, 0x9C4A, 1, 0x7411, 1,
    0xF6CE, 1, 0xD5ED, 2, 0x7411, 1, 0xF6CE, 1,
    0x9C4A, 2, 0xD5ED, 1, 0x39E9, 1, 0x3189, 1,
    0x2125, 1, 0x0000, 1, 0xF6CE, 1, 0xD5ED, 2,
    0x20E5, 1, 0x3186, 1, 0x20A3, 1, 0x5AAB, 1,
    0x3800, 1, 0x20A3, 1, 0x10A3, 1, 0x0862, 1,
    0x20A3, 1, 0x0862, 1, 0x6000, 1, 0x7125, 1,
    0x20A3, 1, 0x6B8E, 1, 0x18C5, 14, 0x8CD3, 1,
    0x7411, 2, 0x5AAB, 1, 0x8986, 1, 0x7125, 2,
    0x2000, 1, 0x5000, 1, 0x5AAB, 2, 0x52CC, 1,
    0x8C0C, 3, 0x39E9, 2, 0x9C4A, 1, 0x6B2C, 1,
    0x8C0C, 2, 0x39E9, 1, 0x4841, 1, 0x4A6A, 2,
    0x39E9, 1, 0x50E5, 1, 0x20E5, 2, 0x6B2C, 1,
    0x9C4A, 1, 0x6B2C, 2, 0x8C0C, 1, 0x6B2C, 1,
    0x2926, 1, 0x52CC, 1, 0xB4EC, 2, 0x9C4A, 1,
    0x8C0C, 1, 0xB4EC, 3, 0x6000, 1, 0x4A6A, 2,
    0xB4EC, 1, 0x9C4A, 1, 0x2125, 1, 0x632D, 1,
    0x8800, 2, 0x2000, 1, 0x8986, 1, 0x4841, 2,
    0x39E9, 3, 0x4A6A, 3, 0x52CC, 2, 0x6B8E, 1,
    0x632D, 1, 0x6B8E, 3, 0x8CD3, 1, 0x7411, 1,
    0x8CD3, 7, 0x7411, 1, 0xF6CE, 2, 0xB4EC, 1,
    0x8CD3, 1, 0x7411, 1, 0xD5ED, 2, 0xF6CE, 1,
    0x3186, 1, 0xF6CE, 1, 0x8A88, 1, 0xD5ED, 1,
    0x7411, 1, 0x39E9, 1, 0x20A3, 2, 0x9C4A, 1,
    0xF6CE, 1, 0xD5ED, 2, 0x20A3, 1, 0x3186, 1,
    0x20A3, 1, 0x49E9, 1, 0x3800, 1, 0x20A3, 1,
    0x0862, 2, 0x6000, 1, 0x0862, 1, 0x20A3, 1,
    0x2125, 1, 0x20A3, 1, 0x39E9, 1, 0x18C5, 14,
    0x52CC, 1, 0x632D, 1, 0x5AAB, 2, 0x7125, 2,
    0x2000, 1, 0x6000, 2, 0x5AAB, 1, 0x4A6A, 1,
    0x39E9, 1, 0x4A6A, 1, 0x8C0C, 1, 0x39E9, 2,
    0x6B2C, 1, 0x9C4A, 2, 0x8C0C, 1, 0x9C4A, 1,
    0x8C0C, 3, 0x4A6A, 2, 0x39E9, 3, 0x4A6A, 1,
    0x20E5, 1, 0x20A3, 1, 0x8C0C, 1, 0x6B2C, 3,
    0x8C0C, 1, 0x4A6A, 1, 0x6B2C, 1, 0x8C0C, 1,
    0x4841, 1, 0x3800, 2, 0x9C4A, 4, 0x632D, 2,
    0x49E9, 1, 0x7000, 1, 0x2000, 1, 0x8986, 1,
    0x5000, 2, 0x3000, 3, 0x52CC, 6, 0x632D, 2,
    0x52CC, 1, 0x6B8E, 1, 0x632D, 1, 0x8CD3, 7,
    0x7411, 1, 0x8CD3, 1, 0x6B8E, 1, 0x7411, 1,
    0xD5ED, 2, 0xB4EC, 1, 0xD5ED, 4, 0xF6CE, 1,
    0x3186, 1, 0xD5ED, 1, 0x8A88, 1, 0x9C4A, 1,
    0x39E9, 1, 0x20A3, 2, 0xF6CE, 2, 0xD5ED, 2,
    0x9C4A, 1, 0x2125, 1, 0x3186, 1, 0x20A3, 1,
    0x3186, 1, 0x20A3, 2, 0x10A3, 1, 0x0862, 1,
    0x20A3, 1, 0x10A3, 1, 0x20A3, 1, 0x5AAB, 1,
    0x20A3, 1, 0x39E9, 1, 0x18C5, 13, 0x52CC, 1,
    0x8986, 1, 0x5AAB, 2, 0x5000, 1, 0x7125, 1,
    0x2000, 1, 0x6000, 1, 0x5000, 1, 0x4A6A, 2,
    0x20E5, 2, 0x8A88, 1, 0x8C0C, 2, 0x5000, 1,
    0x4800, 1, 0x4841, 1, 0x39E9, 1, 0x8C0C, 2,
    0x9C4A, 2, 0x8C0C, 1, 0x9C4A, 1, 0x8C0C, 3,
    0x4A6A, 5, 0x4841, 1, 0x4A6A, 1, 0x8C0C, 1,
    0x6B2C, 2, 0x9C4A, 1, 0x3186, 1, 0x3000, 2,
    0x39E9, 1, 0x9C4A, 5, 0x49E9, 1, 0x7000, 1,
    0x2000, 1, 0x7125, 1, 0x50E5, 4, 0x4A6A, 1,
    0x52CC, 5, 0x4A6A, 1, 0x632D, 1, 0x5AAB, 3,
    0x632D, 1, 0x7411, 1, 0x6B8E, 1, 0x7411, 2,
    0x8CD3, 2, 0x7411, 1, 0x8CD3, 1, 0x8A88, 2,
    0x39E9, 1, 0xF6CE, 2, 0xB4EC, 1, 0xF6CE, 1,
    0xD5ED, 3, 0x3186, 1, 0x2125, 1, 0x9C4A, 1,
    0x8C0C, 1, 0xA001, 2, 0x39E9, 1, 0xF6CE, 2,
    0x9C4A, 4, 0x20E5, 1, 0x2125, 1, 0x3186, 1,
    0x2125, 1, 0x9C4A, 1, 0x7000, 1, 0x20A3, 1,
    0x0862, 2, 0x10A3, 1, 0x20A3, 2, 0x2125, 2,
    0x39E9, 1, 0x18C5, 12, 0x8986, 4, 0x8000, 1,
    0x7125, 1, 0x2000, 1, 0x6000, 3, 0x4A6A, 1,
    0x7062, 2, 0x39E9, 1, 0x8C0C, 2, 0x4A6A, 1,
    0x4841, 1, 0x50E5, 2, 0x5000, 1, 0x4800, 2,
    0x50E5, 1, 0x39E9, 2, 0x6B2C, 2, 0x9C4A, 4,
    0x6B2C, 2, 0x9C4A, 2, 0x8C0C, 1, 0x8A88, 2,
    0x50E5, 2, 0x9C4A, 3, 0x5000, 1, 0x49E9, 1,
    0x9C4A, 3, 0x4A6A, 1, 0x6000, 1, 0x2000, 1,
    0x7125, 1, 0x4841, 2, 0x39E9, 2, 0x49E9, 2,
    0x52CC, 4, 0xB4EC, 2, 0x4A6A, 1, 0x2125, 1,
    0x7125, 2, 0x632D, 2, 0x6B8E, 1, 0x9C4A, 1,
    0x7411, 1, 0x6B8E, 1, 0x8CD3, 1, 0x7411, 2,
    0x8A88, 1, 0x3186, 1, 0x39E9, 1, 0xF6CE, 2,
    0xB4EC, 2, 0xD5ED, 1, 0x3186, 2, 0x20A3, 2,
    0x9C4A, 1, 0x39E9, 1, 0xA001, 2, 0x6B2C, 1,
    0x39E9, 1, 0x9C4A, 2, 0x3186, 1, 0x2926, 1,
    0x9C4A, 1, 0x10A3, 1, 0x2926, 1, 0x2125, 2,
    0x9C4A, 1, 0x20A3, 2, 0x10A3, 1, 0x20A3, 1,
    0x10A3, 1, 0x0862, 2, 0x2125, 2, 0x3186, 1,
    0x18C5, 11, 0x7125, 1, 0x9083, 2, 0x8000, 2,
    0x5000, 1, 0x7125, 1, 0x3000, 2, 0x6000, 1,
    0x7125, 1, 0x4A6A, 2, 0x20A3, 1, 0x39E9, 2,
    0x8C0C, 2, 0x4841, 2, 0x39E9, 1, 0x5000, 1,
    0x4800, 7, 0x4841, 1, 0x39E9, 2, 0x8A88, 8,
    0x9C4A, 2, 0x50E5, 2, 0x632D, 1, 0x9C4A, 3,
    0x8C0C, 1, 0x52CC, 1, 0x6000, 1, 0x2000, 1,
    0x7125, 1, 0x5000, 1, 0x50E5, 4, 0x4A6A, 2,
    0x52CC, 1, 0x6B2C, 1, 0x8C0C, 1, 0xB4EC, 1,
    0x9C4A, 1, 0x6B8E, 1, 0x50E5, 1, 0x7062, 1,
    0x7125, 1, 0x7062, 2, 0x632D, 1, 0x3186, 1,
    0x9C4A, 1, 0x3186, 1, 0x632D, 1, 0x7411, 1,
    0x6B8E, 2, 0x7411, 1, 0x9C4A, 1, 0xF6CE, 3,
    0xB4EC, 1, 0x9C4A, 1, 0x7411, 1, 0x20A3, 3,
    0xF6CE, 1, 0x9C4A, 1, 0x39E9, 1, 0xA001, 1,
    0x9083, 1, 0x6B2C, 1, 0x8A88, 1, 0x3186, 3,
    0x2926, 1, 0x6B2C, 1, 0x10A3, 1, 0x2125, 3,
    0x3186, 1, 0x3800, 1, 0x20A3, 2, 0x10A3, 1,
    0x20A3, 1, 0x10A3, 2, 0x2125, 1, 0x3186, 1,
    0x2926, 1, 0x18C5, 10, 0x6000, 3, 0x7000, 1,
    0x7062, 1, 0x50E5, 2, 0x2000, 1, 0x4800, 1,
    0x6000, 1, 0x7125, 2, 0x4A6A, 1, 0x7125, 1,
    0x7062, 1, 0x10A3, 1, 0x4A6A, 1, 0x8C0C, 2,
    0x9C4A, 1, 0x39E9, 1, 0x8A88, 1, 0x50E5, 2,
    0x4841, 1, 0x4800, 4, 0x3000, 4, 0x4800, 3,
    0x4841, 1, 0x8A88, 4, 0x4841, 1, 0x9C4A, 3,
    0x10A3, 1, 0x4A6A, 1, 0x8C0C, 2, 0x52CC, 1,
    0x4841, 1, 0x2000, 1, 0x7125, 1, 0x4841, 2,
    0x50E5, 1, 0x39E9, 3, 0x49E9, 1, 0x52CC, 3,
    0xB4EC, 2, 0x3186, 1, 0x5000, 1, 0x7062, 4,
    0x7800, 1, 0x2125, 2, 0x3186, 1, 0x6B8E, 1,
    0x632D, 2, 0x7411, 1, 0x6B8E, 1, 0x39E9, 1,
    0x9C4A, 1, 0xF6CE, 3, 0xB4EC, 1, 0xA001, 1,
    0x39E9, 1, 0x20A3, 1, 0xF6CE, 2, 0x9C4A, 2,
    0x39E9, 1, 0x8A88, 1, 0x9083, 2, 0x8A88, 1,
    0x9083, 3, 0x2926, 1, 0x6B2C, 1, 0x20E5, 1,
    0x2926, 1, 0x3186, 1, 0x20A3, 1, 0x49E9, 1,
    0x3800, 1, 0x0862, 1, 0x20A3, 1, 0x0862, 1,
    0x20A3, 2, 0x3186, 1, 0x20A3, 1, 0x7125, 1,
    0x18C5, 11, 0x6000, 2, 0x7000, 2, 0x7062, 1,
    0x4841, 2, 0x50E5, 1, 0x2000, 1, 0x5000, 1,
    0x4841, 1, 0x39E9, 1, 0x50E5, 2, 0x4841, 1,
    0x7062, 1, 0x39E9, 1, 0x8C0C, 4, 0x4841, 3,
    0x3186, 1, 0x4841, 6, 0x4800, 4, 0x4841, 1,
    0x3000, 2, 0x3186, 1, 0x4800, 1, 0x9C4A, 3,
    0x20E5, 1, 0x6000, 1, 0x20A3, 1, 0x52CC, 3,
    0x6000, 1, 0x2000, 1, 0x7125, 1, 0x5000, 2,
    0x50E5, 3, 0x4A6A, 3, 0x52CC, 1, 0x8C0C, 1,
    0xB4EC, 3, 0x7062, 1, 0x18C5, 2, 0x6000, 2,
    0x7800, 2, 0x2926, 1, 0x2125, 1, 0x2926, 1,
    0x7411, 1, 0x632D, 1, 0x39E9, 1, 0x6B8E, 2,
    0x9C4A, 1, 0xF6CE, 4, 0x39E9, 1, 0xA001, 1,
    0x6B8E, 1, 0x9C4A, 4, 0x8A88, 1, 0x2125, 1,
    0x3186, 1, 0x9083, 2, 0x2926, 3, 0x10A3, 1,
    0x0862, 1, 0x2125, 3, 0x3186, 1, 0x20A3, 1,
    0x5AAB, 1, 0x10A3, 2, 0x20A3, 1, 0x0862, 1,
    0x20A3, 1, 0x3800, 1, 0x2125, 1, 0x20A3, 1,
    0x8986, 1, 0x18C5, 11, 0x7000, 3, 0x7062, 1,
    0x7125, 1, 0x4841, 2, 0x50E5, 1, 0x2000, 1,
    0x5000, 2, 0x50E5, 4, 0x5000, 3, 0x8A88, 1,
    0x6B2C, 5, 0x39E9, 2, 0x4841, 1, 0x3186, 1,
    0x4841, 3, 0x20A3, 1, 0x39E9, 1, 0x4841, 2,
    0x8A88, 1, 0x8C0C, 2, 0x9C4A, 1, 0x4A6A, 1,
    0x10A3, 2, 0x6000, 3, 0x7125, 2, 0x7062, 1,
    0x6000, 1, 0x2000, 1, 0x7125, 1, 0x4841, 4,
    0x50E5, 2, 0x49E9, 2, 0x4A6A, 2, 0x8C0C, 1,
    0xB4EC, 1, 0x3186, 1, 0x7125, 1, 0x10A3, 1,
    0x0862, 1, 0x10A3, 1, 0x2125, 1, 0x18C5, 3,
    0x7000, 1, 0x3186, 1, 0x632D, 1, 0x7411, 1,
    0x2926, 1, 0x39E9, 1, 0x6B8E, 1, 0x3186, 1,
    0xF6CE, 5, 0x3186, 1, 0xA001, 1, 0x8A88, 1,
    0x3186, 1, 0x9C4A, 1, 0x3186, 2, 0x6B2C, 1,
    0x3186, 1, 0x2926, 1, 0x4A6A, 1, 0x2926, 1,
    0x10A3, 3, 0x3800, 1, 0x3186, 1, 0x20E5, 2,
    0x2125, 1, 0x3186, 1, 0x20A3, 1, 0x2125, 1,
    0x3186, 1, 0x20A3, 3, 0x3800, 1, 0x3186, 1,
    0x2125, 2, 0x8986, 1, 0x18C5, 11, 0x7000, 2,
    0x8C0C, 1, 0x9C4A, 1, 0x2125, 1, 0x3186, 1,
    0x4841, 2, 0x49E9, 1, 0x5000, 3, 0x50E5, 3,
    0x5000, 4, 0x4800, 1, 0x8A88, 1, 0x6B2C, 11,
    0x8C0C, 2, 0x9C4A, 1, 0x8C0C, 2, 0x4A6A, 1,
    0x10A3, 1, 0x6000, 4, 0x7062, 2, 0x7125, 1,
    0x6000, 1, 0x3000, 3, 0x5000, 2, 0x50E5, 5,
    0x49E9, 2, 0x4A6A, 3, 0x39E9, 1, 0x7062, 1,
    0x7800, 1, 0x0862, 3, 0x39E9, 1, 0x8986, 1,
    0x3186, 1, 0x18C5, 2, 0x3186, 1, 0x632D, 1,
    0x3189, 1, 0x3186, 1, 0x6B8E, 1, 0x4841, 2,
    0xF6CE, 5, 0x2125, 1, 0xA001, 1, 0x8A88, 2,
    0x3186, 1, 0x9083, 1, 0x8986, 1, 0x3186, 1,
    0x20E5, 1, 0x0862, 3, 0x3186, 1, 0x3000, 1,
    0x3800, 1, 0x3186, 2, 0x20E5, 3, 0x3186, 1,
    0x20A3, 1, 0x2125, 1, 0x5AAB, 1, 0x3800, 2,
    0x20A3, 1, 0x3186, 1, 0x5AAB, 1, 0x20A3, 1,
    0x3186, 1, 0x2125, 1, 0x18C5, 11, 0x7000, 1,
    0x7062, 1, 0x9C4A, 2, 0x2125, 1, 0x20A3, 1,
    0x4841, 2, 0x5000, 1, 0x2000, 1, 0x5000, 4,
    0x50E5, 1, 0x5000, 1, 0x4841, 1, 0x5000, 5,
    0x4800, 1, 0x3189, 1, 0x10A3, 2, 0x0862, 4,
    0x3189, 2, 0x10A3, 1, 0x0862, 2, 0x3800, 1,
    0x5000, 3, 0x4841, 1, 0x50E5, 2, 0x39E9, 1,
    0x5000, 2, 0x4800, 1, 0x3000, 1, 0x50E5, 1,
    0x4841, 1, 0x8986, 1, 0x6000, 1, 0x50E5, 6,
    0x49E9, 2, 0x39E9, 1, 0x52CC, 1, 0x3186, 1,
    0x7062, 1, 0x7125, 1, 0x0862, 3, 0x7125, 1,
    0x3186, 1, 0x7125, 3, 0x8986, 1, 0x3186, 5,
    0x4841, 1, 0x9C4A, 1, 0xF6CE, 5, 0x2125, 1,
    0x3186, 1, 0x7062, 1, 0x9083, 2, 0x4A6A, 2,
    0x3186, 1, 0x0862, 1, 0x3800, 1, 0x3186, 6,
    0x20E5, 4, 0x3186, 1, 0x2926, 1, 0x2125, 2,
    0x0862, 1, 0x3186, 1, 0x0862, 1, 0x5AAB, 1,
    0x2125, 1, 0x20A3, 1, 0x8986, 1, 0x0862, 1,
    0x18C5, 10, 0x6000, 1, 0x7000, 1, 0x2125, 1,
    0x9C4A, 2, 0x6B2C, 1, 0x39E9, 1, 0x20A3, 1,
    0x4841, 2, 0x49E9, 1, 0x2000, 2, 0x0862, 1,
    0x5000, 4, 0x4841, 2, 0x5000, 2, 0x4841, 1,
    0x5000, 15, 0x50E5, 2, 0x39E9, 2, 0x50E5, 1,
    0x4841, 1, 0x5000, 1, 0x2000, 1, 0x50E5, 1,
    0x4841, 2, 0x9083, 2, 0x8986, 1, 0x8800, 1,
    0x8000, 2, 0x50E5, 3, 0x20E5, 2, 0x3186, 3,
    0x6000, 1, 0x0862, 3, 0x7125, 2, 0x2926, 1,
    0x20A3, 2, 0x7125, 1, 0x8986, 1, 0x3186, 1,
    0x52CC, 1, 0x3186, 1, 0x2926, 1, 0x10A3, 2,
    0xF6CE, 5, 0xD5ED, 1, 0x10A3, 1, 0x2125, 1,
    0x9083, 1, 0x4A6A, 2, 0x0862, 2, 0x4800, 1,
    0x3800, 1, 0x3186, 5, 0x632D, 2, 0x20E5, 4,
    0x2926, 1, 0x7125, 1, 0x0862, 1, 0x20A3, 1,
    0x49E9, 1, 0x5AAB, 2, 0x2125, 1, 0x10A3, 1,
    0x3186, 1, 0x8986, 1, 0x18C5, 11, 0x5000, 1,
    0x7000, 1, 0x10A3, 1, 0x9C4A, 2, 0x52CC, 1,
    0x39E9, 1, 0x20A3, 1, 0x50E5, 1, 0x4841, 3,
    0x50E5, 2, 0x0862, 2, 0x5000, 4, 0x4841, 4,
    0x5000, 13, 0x50E5, 1, 0x4841, 1, 0x50E5, 1,
    0x5000, 3, 0x2000, 1, 0x49E9, 1, 0x4841, 3,
    0x9083, 1, 0x8986, 1, 0x9083, 2, 0x8800, 4,
    0x8000, 3, 0x7125, 1, 0x39E9, 1, 0x7062, 1,
    0x7800, 1, 0x0862, 1, 0x10A3, 1, 0x0862, 1,
    0x7125, 1, 0x3186, 1, 0x2125, 1, 0x20A3, 1,
    0x0862, 1, 0x10A3, 1, 0x2926, 1, 0x3186, 1,
    0x7125, 1, 0x20E5, 1, 0x3186, 1, 0x2125, 1,
    0x6000, 1, 0x9C4A, 1, 0xF6CE, 3, 0x9C4A, 1,
    0xD5ED, 1, 0x9C4A, 1, 0x6B2C, 1, 0x0862, 1,
    0x4A6A, 1, 0x0862, 3, 0x4800, 1, 0x3800, 1,
    0x3186, 5, 0x52CC, 3, 0x0000, 1, 0x20E5, 3,
    0x2926, 1, 0x8986, 1, 0x20A3, 1, 0x0862, 1,
    0x2125, 3, 0x0862, 1, 0x20A3, 1, 0x7125, 2,
    0x18C5, 11, 0x5000, 1, 0x7000, 1, 0x52CC, 1,
    0x8C0C, 1, 0x632D, 1, 0x4A6A, 3, 0x4841, 5,
    0x50E5, 2, 0x0862, 1, 0x3800, 8, 0x5000, 17,
    0x2000, 1, 0x7125, 1, 0x4841, 2, 0x50E5, 2,
    0x8986, 1, 0x8A88, 2, 0xB4EC, 1, 0x8800, 5,
    0x8000, 1, 0xA001, 2, 0x8800, 2, 0x6000, 2,
    0x10A3, 3, 0x8986, 1, 0x20A3, 2, 0x2125, 3,
    0x0862, 1, 0x2125, 1, 0x8986, 1, 0x20E5, 2,
    0x7000, 1, 0x6000, 1, 0xD5ED, 1, 0xF6CE, 1,
    0xD5ED, 2, 0x3186, 1, 0x6B2C, 1, 0x9C4A, 2,
    0x2926, 1, 0x0862, 1, 0x3000, 1, 0x0862, 1,
    0x4800, 2, 0x3800, 1, 0x3186, 3, 0x52CC, 4,
    0x0000, 2, 0x20E5, 3, 0x3186, 3, 0x2125, 2,
    0x0862, 1, 0x20A3, 2, 0x7125, 1, 0x8986, 1,
    0x18C5, 12, 0x5000, 1, 0x8A88, 1, 0x20E5, 1,
    0x6B2C, 1, 0x632D, 1, 0x4A6A, 3, 0x10A3, 1,
    0x4841, 3, 0x5000, 1, 0x4841, 1, 0x5000, 1,
    0x50E5, 3, 0x0862, 8, 0x3800, 2, 0x3000, 5,
    0x5000, 2, 0x0862, 2, 0x50E5, 1, 0x49E9, 1,
    0x2000, 1, 0x0862, 1, 0x7125, 1, 0x6000, 1,
    0x4841, 2, 0x20E5, 1, 0x39E9, 1, 0x3186, 1,
    0xB4EC, 4, 0x8800, 3, 0xA001, 4, 0x8800, 1,
    0x7800, 2, 0x0862, 3, 0x7125, 2, 0x0862, 1,
    0x2125, 1, 0x5AAB, 3, 0x2125, 1, 0x20A3, 1,
    0x3186, 1, 0x20E5, 1, 0x2926, 1, 0x6000, 1,
    0x3000, 1, 0xD5ED, 3, 0x9C4A, 1, 0x3186, 2,
    0x9C4A, 2, 0x0862, 1, 0x3000, 2, 0x4800, 2,
    0x3186, 2, 0x7411, 5, 0x20E5, 4, 0x2125, 2,
    0x20E5, 2, 0x3186, 1, 0x7125, 2, 0x20A3, 1,
    0x2125, 2, 0x7125, 2, 0x18C5, 13, 0x5000, 1,
    0x4800, 1, 0x20E5, 1, 0x6B2C, 1, 0x52CC, 1,
    0x6B8E, 1, 0x632D, 1, 0x52CC, 1, 0x10A3, 1,
    0x4841, 3, 0x5000, 9, 0x7125, 3, 0x50E5, 4,
    0x0862, 6, 0x7125, 2, 0x4841, 7, 0x20E5, 1,
    0x39E9, 1, 0x20E5, 1, 0xB4EC, 6, 0x9083, 1,
    0xA001, 6, 0x8800, 1, 0x7800, 2, 0x20E5, 2,
    0x0862, 1, 0x8986, 1, 0x2926, 1, 0x2125, 2,
    0x0862, 1, 0x3800, 1, 0x3186, 1, 0x2125, 1,
    0x20A3, 1, 0x3186, 1, 0x7000, 1, 0x20E5, 1,
    0x5000, 1, 0x8A88, 1, 0xD5ED, 1, 0x9C4A, 2,
    0x3186, 1, 0x3800, 1, 0x3186, 1, 0x9C4A, 1,
    0x6B2C, 1, 0x3186, 1, 0x3000, 1, 0x4800, 2,
    0x3000, 1, 0x3186, 1, 0x632D, 5, 0x20E5, 1,
    0x0000, 1, 0x3186, 1, 0x0000, 1, 0x20E5, 4,
    0x2125, 1, 0x3186, 1, 0x7125, 2, 0x3186, 2,
    0x2926, 1, 0x8986, 1, 0x18C5, 14, 0x4800, 2,
    0x4A6A, 1, 0x52CC, 1, 0x4A6A, 1, 0x52CC, 3,
    0x7411, 1, 0x4A6A, 1, 0x7062, 1, 0x7000, 3,
    0x5000, 16, 0x50E5, 3, 0x5000, 1, 0x4841, 7,
    0x50E5, 1, 0x20E5, 1, 0x4A6A, 1, 0x52CC, 1,
    0xB4EC, 5, 0x3186, 1, 0x8A88, 2, 0xA001, 5,
    0x8800, 1, 0x8000, 3, 0x10A3, 2, 0x20A3, 1,
    0x7125, 1, 0x20A3, 1, 0x5AAB, 1, 0x10A3, 1,
    0x20A3, 2, 0x3800, 1, 0x5AAB, 1, 0x2125, 1,
    0x3186, 1, 0x2125, 1, 0x52CC, 1, 0x5000, 1,
    0x9C4A, 3, 0x3186, 1, 0x3800, 2, 0x6B2C, 2,
    0x3186, 1, 0x4800, 4, 0x3800, 1, 0x3186, 2,
    0x2926, 1, 0x3186, 2, 0x0000, 1, 0x7411, 2,
    0x2125, 2, 0x20E5, 2, 0x10A3, 1, 0x20E5, 3,
    0x7125, 2, 0x8986, 1, 0x7125, 1, 0x3186, 1,
    0x6B8E, 1, 0x18C5, 14, 0x4800, 2, 0x3800, 1,
    0x0862, 1, 0x10A3, 1, 0x0862, 1, 0x52CC, 2,
    0x632D, 1, 0x6B8E, 1, 0x7062, 1, 0x5000, 3,
    0x6000, 7, 0x5000, 13, 0x6000, 1, 0x4841, 5,
    0x20E5, 1, 0x52CC, 3, 0x7411, 1, 0xB4EC, 3,
    0x5AAB, 1, 0x20E5, 1, 0x39E9, 1, 0xB4EC, 1,
    0xA001, 6, 0x8000, 3, 0x7800, 1, 0x20E5, 2,
    0x8986, 1, 0x3186, 1, 0x20A3, 1, 0x3186, 1,
    0x20A3, 3, 0x3800, 1, 0x3186, 1, 0x2125, 1,
    0x3186, 2, 0x52CC, 1, 0x3186, 1, 0x9C4A, 2,
    0x3186, 1, 0x3800, 2, 0x3186, 3, 0x3000, 1,
    0x4800, 3, 0x3000, 1, 0x3186, 2, 0x20E5, 1,
    0x2125, 3, 0x18C5, 3, 0x2125, 1, 0x7411, 1,
    0x18C5, 3, 0x20E5, 1, 0x10A3, 1, 0x20E5, 2,
    0x10A3, 1, 0x7125, 1, 0x39E9, 2, 0x18C5, 15,
    0x4800, 1, 0x3000, 1, 0x3800, 1, 0x4800, 1,
    0x5000, 1, 0x4A6A, 1, 0x20A3, 1, 0x0862, 2,
    0x10A3, 1, 0x5000, 3, 0x6000, 9, 0x7000, 10,
    0x8800, 2, 0x6000, 1, 0x4841, 3, 0x20E5, 2,
    0x52CC, 3, 0x7411, 1, 0x8CD3, 1, 0xF6CE, 3,
    0x8CD3, 1, 0x2125, 2, 0x8CD3, 1, 0xA001, 4,
    0x8000, 1, 0x7800, 1, 0x8000, 3, 0x7800, 1,
    0x10A3, 2, 0x7125, 1, 0x2125, 2, 0x10A3, 1,
    0x20A3, 1, 0x0862, 1, 0x20A3, 2, 0x0862, 1,
    0x5AAB, 1, 0x2926, 1, 0x39E9, 1, 0x4841, 1,
    0x8A88, 1, 0x6B2C, 2, 0x3800, 1, 0x4800, 1,
    0x3800, 1, 0x3186, 2, 0x3000, 1, 0x4800, 2,
    0x4841, 1, 0x18C5, 3, 0x7411, 3, 0x39E9, 1,
    0x2125, 1, 0x0000, 1, 0x18C5, 1, 0x0000, 1,
    0x18C5, 28, 0x4800, 1, 0x3000, 2, 0x4800, 1,
    0x5000, 2, 0x7000, 3, 0x5000, 4, 0x6000, 9,
    0x7000, 9, 0x7800, 3, 0x8800, 1, 0x7062, 1,
    0x632D, 1, 0x8CD3, 1, 0x7411, 3, 0x8CD3, 4,
    0xF6CE, 1, 0x8CD3, 2, 0x39E9, 1, 0x2125, 2,
    0xB4EC, 1, 0xA001, 2, 0x8800, 2, 0x8000, 4,
    0x7800, 1, 0x10A3, 3, 0x3186, 1, 0x20A3, 1,
    0x5AAB, 1, 0x20A3, 1, 0x0862, 1, 0x10A3, 2,
    0x20A3, 1, 0x0862, 1, 0x2125, 1, 0x2926, 1,
    0x39E9, 1, 0x8A88, 1, 0x6B2C, 1, 0x3800, 2,
    0x10A3, 1, 0x4800, 1, 0x3800, 1, 0x3186, 1,
    0x4800, 3, 0x4841, 1, 0x18C5, 7, 0x7411, 1,
    0x8CD3, 1, 0x7411, 1, 0x0862, 2, 0x18C5, 28,
    0x3000, 3, 0x4800, 1, 0x5000, 3, 0x7000, 6,
    0x8000, 2, 0x6000, 7, 0x7000, 10, 0x7800, 3,
    0x7062, 1, 0x7411, 2, 0x6B8E, 3, 0x8CD3, 5,
    0x2125, 2, 0x8CD3, 3, 0x8800, 1, 0x8000, 8,
    0x7800, 1, 0x10A3, 3, 0x3186, 1, 0x20A3, 1,
    0x3186, 1, 0x0862, 2, 0x20A3, 1, 0x10A3, 2,
    0x20A3, 1, 0x7125, 1, 0x2125, 1, 0x39E9, 1,
    0x3186, 2, 0x0862, 1, 0x3800, 2, 0x4800, 1,
    0x3000, 2, 0x4800, 2, 0x18C5, 42, 0x3000, 3,
    0x4800, 1, 0x5000, 3, 0x6000, 2, 0x7000, 4,
    0x8000, 8, 0x8800, 2, 0x7000, 12, 0x7062, 1,
    0x20E5, 1, 0x10A3, 2, 0x20E5, 1, 0x3186, 1,
    0x20E5, 1, 0x2125, 2, 0x20E5, 2, 0x8CD3, 3,
    0x8800, 2, 0x8000, 5, 0x7800, 2, 0x8000, 3,
    0x10A3, 1, 0x20E5, 1, 0x20A3, 1, 0x2926, 1,
    0x2125, 1, 0x3186, 1, 0x20A3, 1, 0x10A3, 1,
    0x0862, 1, 0x20A3, 1, 0x0862, 1, 0x6000, 1,
    0x2125, 1, 0x2926, 1, 0x3186, 2, 0x0862, 2,
    0x10A3, 1, 0x3800, 1, 0x4800, 3, 0x4841, 1,
    0x18C5, 43, 0x3000, 3, 0x5000, 4, 0x6000, 2,
    0x7000, 2, 0x6000, 1, 0x7000, 1, 0x8000, 8,
    0x8800, 9, 0xA001, 4, 0x8800, 11, 0x8000, 2,
    0x7800, 1, 0x8800, 1, 0x8000, 6, 0x7800, 3,
    0x8000, 2, 0x7800, 1, 0x20E5, 2, 0x2125, 3,
    0x0862, 1, 0x10A3, 1, 0x20A3, 1, 0x0862, 1,
    0x6000, 1, 0x10A3, 1, 0x20A3, 1, 0x5AAB, 1,
    0x2926, 2, 0x10A3, 5, 0x4800, 2, 0x18C5, 46,
    0x3000, 2, 0x4800, 1, 0x5000, 3, 0x6000, 5,
    0x7000, 2, 0x8000, 1, 0x8800, 4, 0xA001, 1,
    0x8800, 1, 0xA001, 3, 0x8800, 6, 0xA001, 3,
    0x8800, 12, 0x8000, 2, 0x7800, 1, 0x8000, 7,
    0x7800, 6, 0x20E5, 2, 0x2125, 3, 0x0862, 1,
    0x20A3, 1, 0x6000, 1, 0x0862, 1, 0x20A3, 2,
    0x0862, 1, 0x2125, 1, 0x3186, 1, 0x10A3, 5,
    0x4800, 2, 0x18C5, 47, 0x3000, 2, 0x4800, 1,
    0x5000, 3, 0x6000, 3, 0x7000, 4, 0x8800, 1,
    0xA001, 3, 0x9083, 1, 0x8986, 2, 0x9083, 1,
    0x8986, 1, 0xA001, 5, 0x8800, 2, 0xA001, 3,
    0x8800, 12, 0x8000, 8, 0x7800, 8, 0x20E5, 2,
    0x2926, 1, 0x2125, 1, 0x7062, 1, 0x20A3, 1,
    0x10A3, 1, 0x20A3, 2, 0x10A3, 1, 0x20A3, 1,
    0x0862, 1, 0x2125, 1, 0x3186, 1, 0x3000, 1,
    0x10A3, 3, 0x4800, 1, 0x18C5, 49, 0x2000, 1,
    0x3000, 2, 0x5000, 3, 0x6000, 4, 0x5000, 2,
    0x7000, 1, 0x8800, 1, 0x7000, 3, 0x8800, 1,
    0x9083, 3, 0x8986, 2, 0x9083, 1, 0xA001, 4,
    0x8800, 1, 0xA001, 3, 0x8800, 13, 0x8000, 4,
    0x7800, 10, 0x10A3, 3, 0x2125, 1, 0x20A3, 1,
    0x2125, 1, 0x0862, 1, 0x20A3, 1, 0x10A3, 3,
    0x20A3, 1, 0x3186, 1, 0x2125, 1, 0x3186, 1,
    0x10A3, 2, 0x4841, 2, 0x18C5, 51, 0x3000, 2,
    0x5000, 4, 0x7000, 1, 0x6000, 1, 0x4800, 1,
    0x3000, 1, 0x5000, 1, 0x6000, 1, 0x7000, 1,
    0x2000, 1, 0x3000, 2, 0x0862, 2, 0x9083, 1,
    0x7000, 1, 0x9083, 2, 0x8800, 1, 0x7800, 3,
    0xA001, 1, 0x8800, 1, 0xA001, 5, 0x8800, 4,
    0x8000, 1, 0x8800, 7, 0x8000, 3, 0x7800, 10,
    0x20E5, 3, 0x2926, 1, 0x2125, 2, 0x0862, 4,
    0x20A3, 1, 0x3800, 1, 0x2125, 1, 0x20A3, 1,
    0x7125, 1, 0x4800, 2, 0x18C5, 53, 0x2000, 1,
    0x3000, 1, 0x4800, 1, 0x5000, 3, 0x7000, 1,
    0x6000, 1, 0x0862, 1, 0x2000, 1, 0x3000, 1,
    0x2000, 1, 0x3000, 1, 0x0000, 2, 0x0862, 3,
    0x2000, 3, 0x0862, 2, 0x3000, 2, 0x2000, 1,
    0x7000, 2, 0x7800, 5, 0x8800, 4, 0x8000, 1,
    0x8800, 6, 0x8000, 1, 0x7800, 13, 0x20E5, 1,
    0x2125, 5, 0x3186, 1, 0x20A3, 2, 0x0862, 1,
    0x20A3, 1, 0x3800, 1, 0x2125, 1, 0x20A3, 1,
    0x8986, 1, 0x18C5, 56, 0x2000, 1, 0x3000, 1,
    0x5000, 3, 0x7000, 1, 0x4800, 1, 0x9083, 1,
    0x8000, 1, 0x0000, 4, 0x6B8E, 1, 0x7411, 1,
    0x0862, 3, 0x0000, 1, 0x0862, 4, 0x0000, 2,
    0x3000, 1, 0x7000, 1, 0x7800, 5, 0x8800, 4,
    0x8000, 1, 0x8800, 6, 0x8000, 1, 0x7800, 10,
    0x7000, 1, 0x6000, 2, 0x20E5, 1, 0x2125, 1,
    0x20E5, 1, 0x2125, 1, 0x2926, 1, 0x2125, 1,
    0x5AAB, 1, 0x20A3, 3, 0x3800, 1, 0x3186, 1,
    0x2125, 2, 0x7125, 1, 0x18C5, 56, 0x0000, 1,
    0x2000, 1, 0x3000, 1, 0x5000, 2, 0x6000, 1,
    0xA001, 2, 0x8000, 1, 0x4841, 1, 0x7062, 1,
    0x3186, 1, 0x8986, 2, 0x6B8E, 1, 0x7411, 2,
    0x8CD3, 6, 0x7411, 1, 0x6B8E, 1, 0x3000, 2,
    0x3800, 2, 0x3000, 1, 0x4800, 1, 0x6000, 1,
    0x8800, 3, 0x8000, 1, 0x8800, 7, 0x8000, 1,
    0x7800, 10, 0x6000, 2, 0x20E5, 4, 0x20A3, 1,
    0x3186, 1, 0x20A3, 1, 0x2125, 1, 0x10A3, 2,
    0x20A3, 1, 0x3186, 1, 0x5AAB, 1, 0x0862, 1,
    0x3186, 1, 0x18C5, 58, 0x0000, 1, 0x2000, 3,
    0x6000, 1, 0xA001, 3, 0x8800, 1, 0xA001, 1,
    0x9083, 2, 0x7800, 1, 0x9C4A, 1, 0x8CD3, 2,
    0xF6CE, 1, 0x8CD3, 1, 0xF6CE, 2, 0x8CD3, 2,
    0xB4EC, 1, 0x6B8E, 2, 0x0000, 4, 0x2000, 1,
    0x10A3, 1, 0x8000, 2, 0x8800, 5, 0x8000, 1,
    0x8800, 3, 0x8000, 1, 0x7800, 6, 0x7000, 2,
    0x6000, 3, 0x3800, 1, 0x20E5, 5, 0x3186, 1,
    0x20A3, 2, 0x3186, 2, 0x0862, 1, 0x5AAB, 1,
    0x2125, 1, 0x2926, 1, 0x8986, 1, 0x18C5, 59,
    0x2000, 3, 0x3000, 1, 0x3800, 2, 0x8000, 1,
    0x7000, 3, 0x7800, 1, 0x7000, 1, 0x8000, 3,
    0xA001, 4, 0x8800, 2, 0x8CD3, 1, 0xB4EC, 1,
    0x8986, 1, 0x8A88, 1, 0x39E9, 1, 0x9083, 2,
    0xA001, 1, 0x8986, 2, 0x6000, 1, 0xA001, 1,
    0x8800, 7, 0x8000, 2, 0x7800, 3, 0x7000, 1,
    0x6000, 4, 0x5000, 1, 0x4800, 2, 0x20E5, 6,
    0x7125, 1, 0x2125, 1, 0x20A3, 1, 0x5AAB, 1,
    0x2125, 3, 0x20A3, 1, 0x7125, 2, 0x18C5, 62,
    0x2000, 1, 0x3000, 2, 0x4800, 5, 0x7000, 1,
    0x6000, 2, 0x5000, 3, 0x6000, 1, 0x5000, 1,
    0x6000, 2, 0x8800, 2, 0x8000, 1, 0x9083, 1,
    0x8986, 1, 0xA001, 5, 0x8986, 1, 0xA001, 3,
    0x8800, 5, 0x7800, 2, 0x7000, 4, 0x5000, 1,
    0x4800, 1, 0x3800, 1, 0x3000, 2, 0x2000, 2,
    0x20E5, 6, 0x8986, 1, 0x7125, 1, 0x20A3, 1,
    0x0862, 1, 0x2125, 1, 0x20A3, 1, 0x0862, 1,
    0x7125, 2, 0x18C5, 65, 0x3000, 6, 0x5000, 2,
    0x4800, 1, 0x3800, 1, 0x3000, 5, 0x6000, 2,
    0x7000, 1, 0x7800, 1, 0x8000, 1, 0x8800, 4,
    0xA001, 6, 0x8800, 5, 0x6000, 4, 0x5000, 2,
    0x4800, 1, 0x3800, 1, 0x2000, 5, 0x20E5, 6,
    0x3186, 1, 0x8986, 1, 0x2926, 1, 0x20A3, 2,
    0x2125, 1, 0x20A3, 1, 0x7125, 1, 0x18C5, 71,
    0x2000, 1, 0x3000, 4, 0x2000, 4, 0x3000, 1,
    0x3800, 1, 0x5000, 4, 0x6000, 7, 0x5000, 1,
    0x6000, 2, 0x5000, 1, 0x4800, 5, 0x3000, 3,
    0x2000, 5, 0x3800, 2, 0x20E5, 6, 0x2125, 1,
    0x20E5, 1, 0x20A3, 1, 0x7125, 2, 0x3186, 1,
    0x2125, 1, 0x2926, 1, 0x7125, 1, 0x3186, 1,
    0x18C5, 79, 0x2000, 2, 0x3000, 5, 0x3800, 10,
    0x3000, 1, 0x2000, 5, 0x3800, 4, 0x18C5, 6,
    0x20E5, 1, 0x10A3, 4, 0x20E5, 2, 0x10A3, 2,
    0x2125, 1, 0x8986, 2, 0x7125, 1, 0x3186, 1,
    0x6B8E, 1, 0x18C5, 119, 0x20E5, 1, 0x10A3, 1,
    0x20E5, 2, 0x10A3, 1, 0x7125, 1, 0x2125, 1,
    0x39E9, 1, 0x18C5, 2870, 0x18C5, 2512, 0x8986, 1,
    0x18C5, 126, 0x8986, 7, 0x18C5, 120, 0x9083, 3,
    0x8986, 7, 0x3800, 1, 0x18C5, 117, 0x7062, 3,
    0x8986, 9, 0x3800, 1, 0x18C5, 114, 0x7800, 5,
    0x7062, 2, 0x9083, 4, 0x8986, 5, 0x632D, 3,
    0x18C5, 109, 0x7800, 9, 0x7062, 2, 0x9083, 1,
    0x7062, 1, 0x9083, 1, 0x8986, 8, 0x632D, 1,
    0x8986, 2, 0x9083, 1, 0x8986, 2, 0x632D, 1,
    0x18C5, 11, 0x8986, 9, 0x18C5, 78, 0x7800, 12,
    0x7062, 1, 0x7800, 2, 0x9083, 2, 0x8986, 9,
    0x9083, 1, 0x8986, 2, 0x632D, 1, 0x8986, 4,
    0x632D, 2, 0x8986, 15, 0x18C5, 77, 0x7800, 2,
    0x7000, 1, 0x6000, 4, 0x7800, 10, 0x7062, 2,
    0x9083, 6, 0x8986, 16, 0x9083, 3, 0x8986, 4,
    0x9083, 3, 0x5000, 1, 0x18C5, 76, 0x7000, 1,
    0x6000, 1, 0x5000, 5, 0x6000, 3, 0x7800, 15,
    0x8000, 1, 0x9083, 8, 0x7062, 1, 0x9083, 6,
    0x7062, 2, 0x7800, 1, 0x7062, 7, 0x5000, 1,
    0x18C5, 75, 0x6000, 2, 0x4800, 1, 0x3000, 6,
    0x5000, 2, 0x6000, 1, 0x7000, 6, 0x7800, 9,
    0x8000, 1, 0x7800, 12, 0x7062, 1, 0x7800, 12,
    0x18C5, 75, 0x4800, 2, 0x3000, 2, 0x6000, 5,
    0x3000, 2, 0x4800, 1, 0x5000, 6, 0x7000, 6,
    0x7800, 29, 0x18C5, 75, 0x3000, 1, 0x4841, 4,
    0x6000, 6, 0x2000, 1, 0x3000, 7, 0x5000, 2,
    0x6000, 7, 0x7800, 2, 0x7000, 7, 0x7800, 5,
    0x7000, 1, 0x6000, 4, 0x7800, 6, 0x18C5, 73,
    0x7062, 2, 0x4841, 5, 0x6000, 1, 0x4841, 2,
    0x6000, 5, 0x5000, 1, 0x2000, 5, 0x3000, 4,
    0x4800, 5, 0x6000, 4, 0x5000, 6, 0x7000, 3,
    0x6000, 1, 0x5000, 5, 0x6000, 3, 0x7000, 1,
    0x7800, 2, 0x18C5, 70, 0x7125, 5, 0x7062, 4,
    0x6000, 8, 0x7000, 2, 0x7800, 1, 0x7062, 3,
    0x8986, 4, 0x2000, 2, 0x3000, 5, 0x4800, 1,
    0x3000, 8, 0x5000, 3, 0x4800, 1, 0x3000, 5,
    0x5000, 4, 0x7000, 2, 0x18C5, 67, 0x7125, 4,
    0x4A6A, 2, 0x7125, 5, 0x4841, 1, 0x6000, 6,
    0x7000, 4, 0x7800, 1, 0x7062, 7, 0x8986, 1,
    0x7062, 3, 0x8986, 6, 0x2000, 6, 0x3000, 3,
    0x2000, 2, 0x8800, 1, 0x8000, 2, 0x5000, 2,
    0x3000, 2, 0x4800, 1, 0x6000, 2, 0x18C5, 65,
    0x7125, 1, 0x4A6A, 3, 0x52CC, 1, 0x5AAB, 2,
    0x4A6A, 4, 0x7125, 1, 0x7062, 2, 0x6000, 4,
    0x7000, 5, 0x7800, 12, 0x7062, 6, 0x8986, 1,
    0x7062, 3, 0x7800, 3, 0x8000, 1, 0x8800, 1,
    0x8000, 3, 0x8800, 1, 0x9083, 1, 0x5000, 3,
    0x3000, 3, 0x4800, 2, 0x18C5, 62, 0x3186, 1,
    0x4A6A, 4, 0x52CC, 3, 0x5AAB, 2, 0x52CC, 1,
    0x8CD3, 1, 0x4A6A, 2, 0x6000, 5, 0x7000, 6,
    0x7800, 16, 0x7062, 2, 0x7800, 6, 0x8000, 4,
    0x8800, 1, 0x9083, 3, 0x4841, 3, 0x3000, 2,
    0x20A3, 1, 0x3000, 3, 0x18C5, 56, 0x7000, 2,
    0x6000, 3, 0x5000, 1, 0x3800, 1, 0x5000, 1,
    0x4800, 1, 0x5000, 6, 0x4800, 3, 0x6000, 1,
    0x7800, 1, 0x8A88, 1, 0x20E5, 1, 0x52CC, 1,
    0x6B8E, 1, 0x7411, 5, 0x7000, 4, 0x7800, 3,
    0x7000, 1, 0x7800, 1, 0x7000, 2, 0x7800, 14,
    0x8000, 3, 0x8800, 1, 0x9083, 1, 0x8986, 2,
    0x632D, 1, 0x4841, 3, 0x3800, 2, 0x20A3, 3,
    0x2000, 1, 0x3000, 1, 0x18C5, 54, 0x7800, 3,
    0x8000, 4, 0x2000, 2, 0x52CC, 1, 0x6B8E, 2,
    0x3186, 1, 0x4A6A, 2, 0x5AAB, 2, 0x632D, 1,
    0x6000, 3, 0x5000, 1, 0x4800, 4, 0x7800, 2,
    0x8A88, 1, 0x20E5, 1, 0x52CC, 1, 0x6B8E, 1,
    0x7411, 5, 0x8CD3, 1, 0x7000, 6, 0x7800, 9,
    0x7000, 1, 0x7800, 1, 0x8000, 1, 0x7062, 2,
    0x632D, 5, 0x50E5, 2, 0x4841, 1, 0x3800, 2,
    0x20A3, 3, 0x49E9, 1, 0x3186, 1, 0x6000, 1,
    0x18C5, 52, 0x8800, 7, 0x20E5, 1, 0x6B8E, 3,
    0x8986, 2, 0x3186, 2, 0x632D, 1, 0xB4EC, 2,
    0x52CC, 2, 0x2125, 2, 0xB4EC, 1, 0x2125, 1,
    0xB4EC, 2, 0x5000, 3, 0x3800, 3, 0x7000, 3,
    0x8A88, 1, 0x2125, 1, 0x52CC, 1, 0x6B8E, 2,
    0x52CC, 3, 0x6000, 1, 0x3186, 1, 0x632D, 1,
    0x7411, 1, 0x7000, 7, 0x7800, 1, 0x8000, 1,
    0x7800, 1, 0x8986, 1, 0x632D, 2, 0x6B8E, 2,
    0x632D, 2, 0x50E5, 3, 0x20A3, 1, 0x3800, 1,
    0x20A3, 3, 0x49E9, 3, 0x3186, 1, 0x18C5, 49,
    0x8000, 1, 0x8800, 3, 0x8986, 1, 0x9083, 3,
    0x10A3, 1, 0x7411, 2, 0x6B8E, 1, 0x8986, 4,
    0x632D, 1, 0xB4EC, 10, 0x20E5, 2, 0x7000, 2,
    0x6000, 3, 0x5000, 2, 0x3800, 2, 0x5000, 1,
    0x7000, 5, 0x6000, 11, 0x7000, 1, 0x7800, 2,
    0x8986, 2, 0x632D, 2, 0x6B8E, 2, 0x632D, 1,
    0x39E9, 1, 0x50E5, 3, 0x20A3, 2, 0x20E5, 1,
    0x20A3, 2, 0x49E9, 2, 0x8A88, 2, 0x49E9, 1,
    0x18C5, 48, 0x7800, 2, 0x7062, 1, 0x8986, 4,
    0x2125, 2, 0x632D, 1, 0x6B8E, 1, 0x52CC, 1,
    0x632D, 1, 0x6B8E, 2, 0x9C4A, 1, 0xB4EC, 1,
    0x8C0C, 3, 0x52CC, 1, 0x632D, 1, 0x6B8E, 2,
    0x8986, 1, 0x632D, 2, 0x49E9, 1, 0x7062, 2,
    0x7000, 4, 0x6000, 5, 0x5000, 2, 0x7800, 2,
    0x7000, 3, 0x6B8E, 1, 0x7000, 1, 0x6B8E, 1,
    0x7062, 1, 0x632D, 1, 0x6000, 4, 0x7000, 1,
    0x7800, 2, 0x9083, 1, 0x6B8E, 4, 0x632D, 2,
    0x39E9, 1, 0x50E5, 2, 0x4841, 3, 0x20E5, 2,
    0x3186, 1, 0x49E9, 2, 0x8A88, 4, 0x18C5, 46,
    0x7800, 2, 0x8986, 6, 0x39E9, 2, 0x6B8E, 4,
    0x632D, 2, 0x9C4A, 3, 0x8C0C, 2, 0x9C4A, 1,
    0x8C0C, 1, 0x9C4A, 3, 0x4A6A, 1, 0x5AAB, 1,
    0x49E9, 1, 0x5AAB, 1, 0x7062, 1, 0x7800, 1,
    0x7000, 8, 0x6000, 1, 0x7800, 1, 0x8A88, 1,
    0x6B8E, 1, 0x7800, 2, 0x6B8E, 2, 0x39E9, 1,
    0x20E5, 1, 0x4A6A, 1, 0x2125, 1, 0x52CC, 1,
    0x20E5, 1, 0x6000, 2, 0x7000, 1, 0x8000, 1,
    0x9083, 2, 0x7411, 3, 0x6B8E, 2, 0x39E9, 3,
    0x20A3, 3, 0x10A3, 2, 0x20A3, 1, 0x3186, 1,
    0x8A88, 1, 0x49E9, 1, 0x8A88, 5, 0x18C5, 45,
    0x7800, 2, 0x8986, 5, 0x632D, 1, 0x39E9, 1,
    0x6B8E, 3, 0x52CC, 1, 0x632D, 1, 0x5AAB, 1,
    0x632D, 2, 0x8C0C, 2, 0x52CC, 1, 0x5AAB, 2,
    0x632D, 2, 0x9C4A, 2, 0x52CC, 1, 0x49E9, 2,
    0x7062, 2, 0x6000, 3, 0x7000, 6, 0x7800, 1,
    0x8986, 2, 0x8A88, 1, 0x20E5, 1, 0x10A3, 1,
    0x20A3, 1, 0x7800, 1, 0x4A6A, 2, 0x7411, 1,
    0x52CC, 1, 0x6B8E, 1, 0x632D, 1, 0x52CC, 1,
    0x10A3, 1, 0x6000, 1, 0x8986, 2, 0x6B8E, 2,
    0x7411, 2, 0x6B8E, 2, 0x49E9, 2, 0x20A3, 3,
    0x3186, 2, 0x10A3, 2, 0x9C4A, 2, 0x8A88, 6,
    0x9C4A, 1, 0x18C5, 44, 0x7800, 2, 0x8986, 1,
    0x632D, 5, 0x39E9, 1, 0x6B8E, 3, 0x5AAB, 2,
    0x4A6A, 1, 0x632D, 2, 0x9C4A, 1, 0x8C0C, 2,
    0x9C4A, 2, 0x632D, 2, 0x9C4A, 1, 0x52CC, 2,
    0x49E9, 2, 0x7125, 2, 0x7062, 2, 0x6000, 6,
    0x8000, 1, 0x7800, 1, 0x8986, 2, 0x20E5, 3,
    0x7411, 1, 0x20E5, 1, 0x4841, 1, 0x20E5, 1,
    0x7411, 2, 0x8CD3, 1, 0x7411, 1, 0x6B8E, 1,
    0x2125, 1, 0x20A3, 1, 0x2926, 1, 0x7411, 4,
    0x6B8E, 3, 0x49E9, 1, 0x50E5, 1, 0x3186, 3,
    0x20A3, 1, 0x3186, 2, 0x4A6A, 1, 0x9C4A, 2,
    0x8A88, 7, 0x8C0C, 1, 0x18C5, 42, 0x8986, 1,
    0x6B8E, 5, 0x8A88, 2, 0x10A3, 2, 0x632D, 3,
    0x5AAB, 3, 0x4A6A, 3, 0x8C0C, 4, 0x9C4A, 1,
    0x632D, 1, 0x9C4A, 1, 0x4A6A, 2, 0x49E9, 2,
    0x7125, 6, 0x7062, 1, 0x6000, 3, 0x8800, 1,
    0x8986, 3, 0x20E5, 2, 0x7411, 2, 0x8CD3, 1,
    0x7411, 1, 0x20A3, 2, 0x7411, 4, 0x20A3, 1,
    0x2125, 1, 0x632D, 1, 0x6B8E, 5, 0x632D, 1,
    0x39E9, 4, 0x50E5, 1, 0x20E5, 1, 0x20A3, 1,
    0x3186, 1, 0x4A6A, 1, 0x8C0C, 2, 0x9C4A, 3,
    0x8A88, 4, 0x9C4A, 1, 0x8C0C, 2, 0x18C5, 43,
    0x0862, 2, 0x1927, 4, 0x3189, 1, 0x8986, 2,
    0x8A88, 2, 0x6B8E, 5, 0x632D, 3, 0x4A6A, 1,
    0x5AAB, 6, 0x49E9, 4, 0x7125, 2, 0x50E5, 4,
    0x6000, 2, 0x3186, 3, 0x20E5, 2, 0x7411, 3,
    0x8CD3, 2, 0x7411, 1, 0x52CC, 1, 0x2926, 1,
    0x52CC, 1, 0x632D, 1, 0x7411, 1, 0x20A3, 2,
    0x6B8E, 1, 0x632D, 1, 0x6B8E, 4, 0x4A6A, 1,
    0x39E9, 1, 0x4A6A, 2, 0x5AAB, 1, 0x20E5, 1,
    0x3186, 1, 0x20E5, 1, 0x4A6A, 1, 0x8C0C, 2,
    0x9C4A, 4, 0x8A88, 4, 0x9C4A, 1, 0x8A88, 1,
    0x8C0C, 1, 0x7125, 1, 0x18C5, 41, 0x3189, 5,
    0x1927, 3, 0x3189, 7, 0x1927, 2, 0x3189, 2,
    0x5AAB, 1, 0x632D, 1, 0x5AAB, 2, 0x632D, 2,
    0x8986, 1, 0x632D, 1, 0x5AAB, 1, 0x7125, 2,
    0x5AAB, 1, 0x50E5, 1, 0x49E9, 2, 0x7125, 1,
    0x50E5, 1, 0x6000, 3, 0x8986, 1, 0x3186, 1,
    0x20E5, 3, 0x8CD3, 7, 0x6B8E, 1, 0x2125, 1,
    0x2926, 1, 0x632D, 1, 0x52CC, 1, 0x3186, 1,
    0x52CC, 1, 0x6B8E, 5, 0x632D, 1, 0x39E9, 2,
    0x4A6A, 1, 0x8C0C, 2, 0x6B2C, 1, 0x20E5, 2,
    0x5AAB, 1, 0x9C4A, 6, 0x8A88, 3, 0x9C4A, 2,
    0x8A88, 1, 0x8C0C, 1, 0x8986, 1, 0x18C5, 40,
    0x3189, 9, 0x498A, 1, 0x416A, 11, 0x498A, 4,
    0x416A, 4, 0x5AAB, 1, 0x7125, 2, 0x50E5, 1,
    0x5AAB, 3, 0x7125, 2, 0x6000, 1, 0x8C0C, 1,
    0x3186, 1, 0x10A3, 1, 0x20E5, 1, 0x8CD3, 9,
    0x632D, 1, 0x2926, 1, 0x20A3, 1, 0x4A6A, 1,
    0x20A3, 1, 0x4A6A, 1, 0x632D, 2, 0x6B8E, 2,
    0x632D, 1, 0x5AAB, 2, 0x39E9, 1, 0x4A6A, 3,
    0x8C0C, 1, 0x6B2C, 1, 0x39E9, 1, 0x6B2C, 1,
    0x8C0C, 1, 0x9C4A, 6, 0x8A88, 2, 0x9C4A, 2,
    0x8A88, 2, 0x8986, 1, 0x9C4A, 1, 0x18C5, 40,
    0x3189, 8, 0x498A, 17, 0x416A, 2, 0x498A, 2,
    0x416A, 5, 0x3189, 1, 0x1927, 1, 0x7062, 1,
    0x6000, 1, 0x8A88, 1, 0x8986, 2, 0x7411, 1,
    0x8CD3, 9, 0x7411, 2, 0x632D, 1, 0x20A3, 3,
    0x8A88, 2, 0x6B8E, 1, 0x632D, 4, 0x39E9, 2,
    0x4A6A, 1, 0x8C0C, 3, 0xD5ED, 1, 0xB4EC, 1,
    0x6B2C, 2, 0x9C4A, 3, 0x8A88, 1, 0x9C4A, 1,
    0x8A88, 1, 0x9C4A, 5, 0x8C0C, 1, 0x9C4A, 2,
    0x18C5, 39, 0x3189, 9, 0x498A, 16, 0x416A, 13,
    0x9083, 1, 0x8986, 1, 0x8C0C, 1, 0x3186, 1,
    0x8CD3, 6, 0x7411, 1, 0x8CD3, 1, 0x7411, 4,
    0x632D, 1, 0x4841, 1, 0x20A3, 1, 0x8986, 2,
    0x6B8E, 1, 0x632D, 3, 0x5AAB, 2, 0x4A6A, 3,
    0x8C0C, 2, 0xB4EC, 1, 0xD5ED, 2, 0xB4EC, 3,
    0x9C4A, 3, 0x8A88, 1, 0x9C4A, 6, 0x8A88, 1,
    0x9C4A, 1, 0x5AAB, 1, 0x18C5, 38, 0x3189, 9,
    0x498A, 17, 0x3189, 1, 0x1927, 5, 0x416A, 7,
    0x3189, 1, 0x8A88, 1, 0x8C0C, 1, 0x3186, 1,
    0x52CC, 1, 0x8CD3, 3, 0x7411, 9, 0x52CC, 1,
    0x7062, 1, 0x632D, 1, 0x52CC, 1, 0x632D, 3,
    0x52CC, 1, 0x5AAB, 1, 0x4A6A, 1, 0x39E9, 1,
    0x4A6A, 1, 0x8C0C, 2, 0xD5ED, 4, 0xB4EC, 1,
    0x9C4A, 12, 0x8A88, 2, 0xB4EC, 1, 0x18C5, 38,
    0x3189, 9, 0x498A, 17, 0x416A, 14, 0x8C0C, 1,
    0x8A88, 1, 0x3186, 1, 0x6B8E, 1, 0x8CD3, 4,
    0x7411, 8, 0x52CC, 1, 0x4A6A, 1, 0x8A88, 1,
    0x6B8E, 2, 0x52CC, 1, 0x6B8E, 1, 0x632D, 2,
    0x5AAB, 1, 0x4A6A, 2, 0xD5ED, 1, 0xB4EC, 1,
    0xD5ED, 3, 0xB4EC, 1, 0xD5ED, 5, 0x18C5, 2,
    0x9C4A, 3, 0x8A88, 2, 0x5AAB, 2, 0x6B2C, 1,
    0x8A88, 1, 0x18C5, 37, 0x1927, 1, 0x3189, 9,
    0x498A, 17, 0x416A, 14, 0x8986, 1, 0x8C0C, 1,
    0x3186, 1, 0x7411, 1, 0x8CD3, 2, 0x7411, 10,
    0x39E9, 1, 0x632D, 3, 0x6B8E, 2, 0x632D, 2,
    0x52CC, 3, 0xF6CE, 5, 0xD5ED, 6, 0x18C5, 7,
    0x3186, 1, 0x5AAB, 2, 0x7125, 2, 0x18C5, 37,
    0x3189, 9, 0x498A, 17, 0x416A, 14, 0x3189, 1,
    0x8986, 1, 0x632D, 1, 0x3186, 1, 0x6B8E, 1,
    0x7411, 10, 0x52CC, 1, 0x39E9, 1, 0x6B8E, 1,
    0x632D, 1, 0x52CC, 1, 0x6B8E, 3, 0x632D, 2,
    0x6B8E, 1, 0x632D, 1, 0x8CD3, 1, 0xF6CE, 5,
    0xD5ED, 6, 0x18C5, 8, 0x3186, 1, 0x9C4A, 1,
    0x8A88, 1, 0x7062, 1, 0x18C5, 36, 0x1927, 1,
    0x3189, 9, 0x498A, 17, 0x416A, 14, 0x3189, 1,
    0x9083, 1, 0x8C0C, 1, 0x52CC, 1, 0x7411, 9,
    0x632D, 1, 0x52CC, 1, 0x6B8E, 2, 0x4A6A, 1,
    0x52CC, 1, 0x6B8E, 2, 0x632D, 2, 0x6B8E, 2,
    0x8CD3, 1, 0xF6CE, 5, 0xD5ED, 7, 0x18C5, 9,
    0x3000, 1, 0x5AAB, 1, 0x9C4A, 1, 0x6B8E, 1,
    0x18C5, 35, 0x10A3, 1, 0x1927, 1, 0x3189, 8,
    0x498A, 18, 0x416A, 14, 0x3189, 1, 0x8A88, 1,
    0x6B8E, 1, 0x3186, 1, 0x6B8E, 1, 0x7411, 4,
    0x8CD3, 3, 0x7411, 1, 0x632D, 2, 0x5AAB, 1,
    0x4A6A, 1, 0x632D, 1, 0x6B8E, 6, 0x8CD3, 2,
    0xF6CE, 5, 0xD5ED, 6, 0x0862, 1, 0x10A3, 1,
    0x2125, 1, 0x18C5, 7, 0x3000, 1, 0x5AAB, 3,
    0x18C5, 35, 0x10A3, 1, 0x3189, 9, 0x498A, 17,
    0x416A, 1, 0x2125, 1, 0x5AAB, 1, 0x416A, 12,
    0x3189, 1, 0x416A, 1, 0x8A88, 1, 0x52CC, 1,
    0x7411, 5, 0x8CD3, 1, 0x7411, 2, 0x3186, 1,
    0x2125, 1, 0x52CC, 1, 0x4A6A, 1, 0x6B8E, 6,
    0x8CD3, 3, 0xF6CE, 7, 0xD5ED, 4, 0x0862, 2,
    0x39E9, 2, 0x8986, 1, 0x3186, 1, 0x8986, 1,
    0x18C5, 4, 0x3000, 1, 0x8A88, 1, 0x5AAB, 1,
    0x3186, 1, 0x18C5, 33, 0x6B8E, 1, 0x10A3, 2,
    0x3189, 9, 0x498A, 17, 0x416A, 14, 0x3189, 2,
    0x416A, 1, 0x8986, 1, 0x3186, 1, 0x52CC, 1,
    0x7411, 5, 0x3186, 1, 0x2125, 1, 0x4A6A, 1,
    0x39E9, 1, 0x52CC, 1, 0x7411, 1, 0x6B8E, 5,
    0x8CD3, 1, 0x7411, 1, 0x8CD3, 2, 0xF6CE, 6,
    0xD5ED, 5, 0x0862, 2, 0x7125, 1, 0x3186, 1,
    0x7125, 4, 0x0862, 1, 0x18C5, 2, 0x7000, 1,
    0x3186, 1, 0x8A88, 1, 0x18C5, 33, 0x6B8E, 1,
    0x8986, 1, 0x10A3, 1, 0x1927, 1, 0x3189, 8,
    0x498A, 18, 0x416A, 14, 0x3189, 2, 0x416A, 1,
    0x8986, 1, 0x2125, 1, 0x3186, 1, 0x7411, 3,
    0x3186, 1, 0x2125, 1, 0x10A3, 1, 0x4A6A, 1,
    0x39E9, 2, 0x632D, 2, 0x5AAB, 1, 0x6B8E, 2,
    0x8CD3, 3, 0x7411, 1, 0x8CD3, 3, 0xF6CE, 1,
    0xD5ED, 1, 0xF6CE, 3, 0xD5ED, 4, 0x0862, 2,
    0x7125, 1, 0x3186, 1, 0x2926, 1, 0x20A3, 1,
    0x7125, 1, 0x3186, 1, 0x8986, 1, 0x2125, 1,
    0x18C5, 2, 0x7800, 1, 0x3186, 2, 0x18C5, 31,
    0x6B8E, 1, 0x8A88, 1, 0x7000, 1, 0x8986, 1,
    0x2000, 2, 0x8986, 2, 0x18C5, 1, 0x1927, 5,
    0x3189, 2, 0x498A, 16, 0x416A, 14, 0x3189, 2,
    0x416A, 1, 0x8986, 1, 0x20E5, 1, 0x3186, 1,
    0x6B8E, 1, 0x52CC, 2, 0x3186, 1, 0x5AAB, 1,
    0x7125, 1, 0x39E9, 1, 0x632D, 2, 0x5AAB, 3,
    0x52CC, 1, 0x8CD3, 5, 0xF6CE, 3, 0x8CD3, 1,
    0xD5ED, 1, 0xF6CE, 2, 0xD5ED, 4, 0x0862, 2,
    0x7125, 1, 0x8986, 1, 0x2125, 2, 0x0862, 1,
    0x20A3, 2, 0x8986, 2, 0x18C5, 2, 0x7800, 1,
    0x3186, 1, 0x18C5, 30, 0x6B8E, 1, 0x7000, 1,
    0x8986, 2, 0x20A3, 1, 0x8000, 1, 0x9083, 2,
    0x4800, 1, 0x20A3, 1, 0x3000, 2, 0x8986, 2,
    0x7000, 2, 0x18C5, 1, 0x3189, 9, 0x498A, 7,
    0x416A, 14, 0x3189, 2, 0x416A, 2, 0x7125, 1,
    0x20E5, 2, 0x3186, 1, 0x52CC, 1, 0x7125, 1,
    0x8A88, 1, 0x49E9, 1, 0x39E9, 1, 0x632D, 1,
    0x52CC, 1, 0x5AAB, 3, 0x8CD3, 5, 0xF6CE, 7,
    0x8CD3, 1, 0xF6CE, 5, 0x10A3, 1, 0x2926, 1,
    0x7125, 1, 0x3186, 1, 0x0862, 1, 0x20A3, 1,
    0x2125, 1, 0x10A3, 1, 0x20A3, 1, 0x3186, 1,
    0x8986, 1, 0x18C5, 2, 0x7000, 1, 0x3186, 1,
    0x18C5, 28, 0xA001, 1, 0x7000, 1, 0x8986, 1,
    0x10A3, 2, 0x8800, 1, 0x632D, 3, 0x5AAB, 1,
    0x8A88, 2, 0x632D, 1, 0x4A6A, 2, 0x39E9, 1,
    0x20A3, 2, 0x3000, 3, 0x7000, 6, 0x3189, 3,
    0x416A, 19, 0x3189, 2, 0x416A, 2, 0x3186, 1,
    0x2125, 1, 0x20E5, 1, 0x8986, 1, 0x7125, 1,
    0x5AAB, 1, 0x39E9, 1, 0x4A6A, 1, 0x632D, 2,
    0x5AAB, 2, 0x52CC, 1, 0x7411, 1, 0x8CD3, 1,
    0x7411, 2, 0x8CD3, 1, 0xF6CE, 14, 0x0862, 1,
    0x7125, 2, 0x20A3, 1, 0x2125, 2, 0x5AAB, 1,
    0x2125, 3, 0x7125, 1, 0x2125, 1, 0x18C5, 1,
    0x7000, 1, 0x18C5, 27, 0x7000, 1, 0x8986, 2,
    0x2000, 1, 0x7062, 1, 0x7000, 1, 0x5AAB, 5,
    0x8A88, 1, 0x5AAB, 2, 0x632D, 2, 0x6B8E, 1,
    0x632D, 3, 0x5AAB, 1, 0x52CC, 1, 0x4A6A, 1,
    0x20A3, 6, 0x8986, 4, 0x7000, 4, 0x8986, 1,
    0x7000, 1, 0x0862, 1, 0x3189, 1, 0x416A, 10,
    0x3189, 2, 0x416A, 3, 0x52CC, 1, 0x39E9, 1,
    0x5AAB, 2, 0x39E9, 1, 0x632D, 1, 0x6B8E, 1,
    0x5AAB, 2, 0x52CC, 2, 0x8CD3, 3, 0xF6CE, 1,
    0x7411, 1, 0xF6CE, 4, 0x7411, 2, 0xF6CE, 4,
    0xB4EC, 1, 0xF6CE, 4, 0x3186, 1, 0x7125, 1,
    0x2125, 2, 0x5AAB, 2, 0x3186, 1, 0x5AAB, 1,
    0x2125, 1, 0x20A3, 1, 0x3186, 1, 0x2926, 1,
    0x18C5, 1, 0x4841, 1, 0x18C5, 24, 0x8CD3, 1,
    0x6000, 2, 0x8986, 1, 0x2000, 2, 0x7125, 1,
    0x7062, 1, 0x632D, 1, 0x5AAB, 6, 0x8A88, 2,
    0x632D, 1, 0x6B8E, 13, 0x4A6A, 4, 0x2125, 1,
    0x20A3, 2, 0x2125, 2, 0x10A3, 4, 0x3000, 1,
    0x20A3, 1, 0x8986, 1, 0x3000, 1, 0x8986, 4,
    0x2000, 1, 0x8986, 3, 0x7000, 3, 0x4A6A, 1,
    0x8A88, 1, 0x4A6A, 2, 0x6B8E, 2, 0x5AAB, 2,
    0x52CC, 1, 0x8CD3, 3, 0xF6CE, 3, 0x6B8E, 1,
    0x7411, 1, 0xF6CE, 3, 0x7411, 1, 0x2125, 1,
    0x39E9, 1, 0xF6CE, 3, 0xB4EC, 1, 0xF6CE, 3,
    0x20E5, 1, 0x3186, 2, 0x0862, 1, 0x2125, 1,
    0x3186, 1, 0x0862, 1, 0x3800, 1, 0x3186, 2,
    0x20A3, 1, 0x2125, 1, 0x3186, 1, 0x18C5, 24,
    0x7411, 1, 0xA001, 1, 0x6000, 1, 0x8986, 2,
    0x2000, 1, 0x7125, 2, 0x6B8E, 1, 0x4A6A, 2,
    0x5AAB, 5, 0x632D, 2, 0x6B8E, 1, 0x632D, 1,
    0x6B8E, 2, 0x632D, 1, 0x6B8E, 1, 0x7411, 2,
    0xB4EC, 2, 0x6B8E, 3, 0x632D, 2, 0x6B8E, 9,
    0x5AAB, 1, 0x632D, 2, 0x6B8E, 2, 0x632D, 1,
    0x8986, 3, 0x7062, 1, 0x7800, 2, 0x2000, 2,
    0x8986, 2, 0x6000, 1, 0x7125, 2, 0x4A6A, 3,
    0x632D, 3, 0x5AAB, 2, 0x7411, 1, 0x8CD3, 1,
    0xF6CE, 5, 0x6B8E, 2, 0xF6CE, 3, 0x7411, 1,
    0x2125, 1, 0x39E9, 1, 0xF6CE, 3, 0xB4EC, 1,
    0xF6CE, 3, 0x20E5, 1, 0x3186, 1, 0x20A3, 2,
    0x0862, 1, 0x3800, 1, 0x20A3, 2, 0x3800, 1,
    0x10A3, 1, 0x2125, 2, 0x39E9, 1, 0x18C5, 22,
    0x8CD3, 1, 0xA001, 1, 0x6000, 1, 0x8986, 2,
    0x2000, 1, 0x2125, 2, 0x632D, 2, 0x9C4A, 3,
    0x632D, 5, 0x6B8E, 1, 0xB4EC, 3, 0x6B8E, 1,
    0x632D, 1, 0xB4EC, 2, 0x6B8E, 1, 0x632D, 4,
    0xB4EC, 1, 0x9C4A, 3, 0x7411, 1, 0x632D, 7,
    0x6B8E, 4, 0x632D, 2, 0x8986, 2, 0x632D, 1,
    0x7800, 2, 0x2000, 1, 0x10A3, 1, 0x8986, 1,
    0x7000, 1, 0x50E5, 2, 0x7125, 1, 0x49E9, 2,
    0x632D, 6, 0x8CD3, 3, 0xF6CE, 7, 0x9C4A, 1,
    0xF6CE, 3, 0xB4EC, 1, 0xF6CE, 1, 0x39E9, 1,
    0xF6CE, 1, 0xD5ED, 1, 0xF6CE, 1, 0xB4EC, 1,
    0xF6CE, 3, 0x3186, 1, 0x8986, 1, 0x0862, 1,
    0x2125, 1, 0x3800, 1, 0x20A3, 4, 0x0862, 1,
    0x2125, 1, 0x20A3, 1, 0x39E9, 1, 0x18C5, 20,
    0x8CD3, 1, 0x7411, 1, 0xA001, 1, 0x8986, 2,
    0x2000, 2, 0x7062, 1, 0x4A6A, 1, 0x52CC, 1,
    0x9C4A, 5, 0x6B2C, 2, 0x9C4A, 1, 0x6B2C, 2,
    0x632D, 1, 0x52CC, 1, 0x632D, 5, 0x6B8E, 1,
    0xB4EC, 4, 0x632D, 4, 0x9C4A, 4, 0x632D, 4,
    0x6B8E, 1, 0x632D, 4, 0x8986, 2, 0x632D, 1,
    0x7800, 2, 0x2000, 1, 0x8986, 2, 0x50E5, 4,
    0x49E9, 2, 0x52CC, 2, 0x632D, 1, 0x6B8E, 2,
    0x8C0C, 1, 0x5AAB, 1, 0x8CD3, 4, 0xF6CE, 2,
    0x8CD3, 2, 0xF6CE, 3, 0x9C4A, 1, 0xF6CE, 4,
    0xB4EC, 1, 0xD5ED, 1, 0xF6CE, 1, 0xB4EC, 1,
    0xF6CE, 1, 0x6B2C, 1, 0xF6CE, 3, 0x2926, 1,
    0x7125, 1, 0x2125, 1, 0x5AAB, 1, 0x20A3, 2,
    0x0862, 1, 0x20A3, 1, 0x10A3, 1, 0x20A3, 1,
    0x2125, 1, 0x20A3, 1, 0x39E9, 1, 0x2125, 1,
    0x18C5, 17, 0x8CD3, 1, 0x632D, 1, 0x7062, 2,
    0x7125, 2, 0x2000, 1, 0x3189, 2, 0x9C4A, 2,
    0x632D, 1, 0x9C4A, 2, 0x39E9, 1, 0x9C4A, 1,
    0x8C0C, 1, 0x5000, 1, 0x9C4A, 1, 0xB4EC, 1,
    0x8986, 1, 0x8C0C, 2, 0xB4EC, 2, 0x632D, 2,
    0x52CC, 1, 0x6B8E, 1, 0xB4EC, 2, 0x632D, 3,
    0x6B8E, 1, 0xB4EC, 3, 0x6B8E, 2, 0x632D, 1,
    0xB4EC, 3, 0x6B8E, 1, 0x632D, 4, 0x8986, 3,
    0x632D, 1, 0x7800, 1, 0x0862, 1, 0x8986, 2,
    0x39E9, 1, 0x4841, 1, 0x49E9, 5, 0x52CC, 2,
    0x6B8E, 1, 0x632D, 3, 0x8CD3, 6, 0x7411, 1,
    0x8CD3, 2, 0x6B8E, 1, 0x632D, 1, 0xF6CE, 2,
    0x9C4A, 1, 0x8CD3, 1, 0xF6CE, 4, 0xD5ED, 1,
    0xB4EC, 1, 0xF6CE, 1, 0x7411, 1, 0x6B2C, 1,
    0xF6CE, 1, 0xD5ED, 2, 0x2926, 2, 0x2125, 1,
    0x3186, 1, 0x10A3, 1, 0x20A3, 1, 0x10A3, 2,
    0x0862, 1, 0x20A3, 1, 0x5AAB, 1, 0x20A3, 1,
    0x6B8E, 1, 0x2125, 1, 0x18C5, 15, 0xB4EC, 1,
    0x7411, 2, 0x8986, 2, 0x7125, 2, 0x2000, 1,
    0x20E5, 2, 0x632D, 1, 0x8C0C, 3, 0x6B2C, 1,
    0x50E5, 2, 0x8C0C, 2, 0x50E5, 1, 0xB4EC, 2,
    0x2125, 1, 0x8C0C, 3, 0xB4EC, 1, 0x4A6A, 3,
    0xB4EC, 2, 0x632D, 9, 0x52CC, 3, 0xB4EC, 2,
    0x7411, 1, 0x6B8E, 1, 0x632D, 1, 0x4A6A, 3,
    0x632D, 1, 0x8000, 1, 0x0862, 2, 0x8986, 1,
    0x4841, 2, 0x39E9, 1, 0x49E9, 2, 0x52CC, 4,
    0x6B8E, 1, 0x632D, 2, 0x6B8E, 1, 0x632D, 1,
    0x8CD3, 6, 0x7411, 3, 0x6B8E, 2, 0x3186, 1,
    0x8CD3, 1, 0xD5ED, 1, 0xB4EC, 1, 0x8CD3, 1,
    0xF6CE, 1, 0xD5ED, 5, 0xF6CE, 1, 0x0000, 1,
    0x9C4A, 1, 0xF6CE, 1, 0xD5ED, 1, 0x10A3, 1,
    0x3186, 1, 0x20A3, 1, 0x2125, 1, 0x10A3, 1,
    0x0862, 1, 0x20A3, 2, 0x10A3, 2, 0x20A3, 1,
    0x2125, 1, 0x20A3, 1, 0x39E9, 1, 0x2125, 1,
    0x18C5, 14, 0xB4EC, 1, 0x6B8E, 1, 0x632D, 1,
    0x8986, 2, 0x7125, 2, 0x2000, 1, 0x5000, 2,
    0x52CC, 1, 0x8C0C, 2, 0x8A88, 1, 0x6B2C, 1,
    0x8C0C, 2, 0x7125, 1, 0x3186, 1, 0x39E9, 2,
    0x4A6A, 1, 0x8C0C, 2, 0x5AAB, 1, 0xB4EC, 3,
    0x4A6A, 1, 0xB4EC, 3, 0x4A6A, 1, 0xB4EC, 1,
    0x6B8E, 1, 0xB4EC, 3, 0x6B8E, 1, 0x5AAB, 2,
    0x4A6A, 1, 0xB4EC, 4, 0x4A6A, 1, 0xB4EC, 5,
    0x632D, 2, 0x2000, 1, 0x8986, 1, 0x4841, 1,
    0x50E5, 1, 0x39E9, 3, 0x4A6A, 2, 0x52CC, 1,
    0x4A6A, 2, 0x632D, 2, 0x6B8E, 1, 0x5AAB, 1,
    0x632D, 1, 0x8CD3, 7, 0x7411, 1, 0xD5ED, 1,
    0x7411, 1, 0xF6CE, 1, 0x9C4A, 1, 0x3186, 1,
    0xF6CE, 1, 0xD5ED, 2, 0x7411, 1, 0xF6CE, 1,
    0x9C4A, 2, 0xD5ED, 1, 0x39E9, 1, 0x3189, 1,
    0x2125, 1, 0x0000, 1, 0xF6CE, 1, 0xD5ED, 2,
    0x20E5, 1, 0x3186, 1, 0x20A3, 1, 0x5AAB, 1,
    0x3800, 1, 0x20A3, 1, 0x10A3, 1, 0x0862, 1,
    0x20A3, 1, 0x0862, 1, 0x6000, 1, 0x7125, 1,
    0x20A3, 1, 0x6B8E, 1, 0x18C5, 15, 0x6B8E, 1,
    0x7411, 1, 0x5AAB, 1, 0x8986, 1, 0x7125, 2,
    0x2000, 1, 0x5000, 2, 0x5AAB, 1, 0x52CC, 1,
    0x8C0C, 3, 0x39E9, 2, 0x9C4A, 1, 0x6B2C, 1,
    0x8C0C, 2, 0x39E9, 1, 0x4841, 2, 0x4A6A, 1,
    0x39E9, 1, 0x50E5, 1, 0x20E5, 2, 0x8C0C, 1,
    0x9C4A, 1, 0x6B2C, 2, 0x8C0C, 2, 0xB4EC, 1,
    0x52CC, 1, 0xB4EC, 2, 0x9C4A, 1, 0x8C0C, 2,
    0x9C4A, 1, 0x8C0C, 1, 0x4841, 2, 0x4A6A, 1,
    0xB4EC, 1, 0x9C4A, 1, 0x2125, 1, 0x52CC, 3,
    0x0862, 1, 0x8986, 1, 0x4841, 2, 0x39E9, 3,
    0x4A6A, 5, 0x6B8E, 1, 0x632D, 1, 0x6B8E, 3,
    0x8CD3, 9, 0x7411, 1, 0xF6CE, 3, 0x8CD3, 1,
    0x7411, 1, 0xD5ED, 2, 0xF6CE, 1, 0x3186, 1,
    0xF6CE, 1, 0x8A88, 1, 0xD5ED, 1, 0x7411, 1,
    0x39E9, 1, 0x20A3, 2, 0x9C4A, 1, 0xF6CE, 1,
    0xD5ED, 2, 0x10A3, 1, 0x3186, 1, 0x20A3, 1,
    0x49E9, 1, 0x3800, 1, 0x20A3, 1, 0x0862, 2,
    0x6000, 1, 0x0862, 1, 0x20A3, 1, 0x2125, 1,
    0x20A3, 1, 0x39E9, 1, 0x18C5, 14, 0x52CC, 1,
    0x632D, 1, 0x5AAB, 2, 0x5000, 1, 0x7125, 1,
    0x2000, 1, 0x6000, 2, 0x5AAB, 1, 0x4A6A, 3,
    0x8C0C, 1, 0x39E9, 2, 0x6B2C, 1, 0x9C4A, 2,
    0x8C0C, 1, 0x9C4A, 1, 0x8C0C, 3, 0x4A6A, 2,
    0x39E9, 3, 0x4A6A, 1, 0x20E5, 1, 0x39E9, 1,
    0x8C0C, 1, 0x6B2C, 3, 0x8C0C, 1, 0x6B2C, 2,
    0x8C0C, 1, 0x4841, 1, 0x3800, 2, 0x9C4A, 5,
    0x632D, 1, 0x49E9, 1, 0x7000, 1, 0x2000, 1,
    0x8986, 1, 0x7125, 1, 0x5000, 1, 0x3000, 3,
    0x52CC, 6, 0x632D, 2, 0x52CC, 1, 0x6B8E, 1,
    0x632D, 1, 0x8CD3, 7, 0x7411, 1, 0x8CD3, 1,
    0x6B8E, 1, 0x7411, 1, 0xF6CE, 1, 0xD5ED, 1,
    0xB4EC, 1, 0xD5ED, 4, 0xF6CE, 1, 0x3186, 1,
    0xD5ED, 1, 0x8A88, 1, 0x9C4A, 1, 0x39E9, 1,
    0x20A3, 2, 0xF6CE, 2, 0xD5ED, 2, 0x9C4A, 1,
    0x2125, 1, 0x3186, 1, 0x20A3, 1, 0x3186, 1,
    0x20A3, 2, 0x10A3, 1, 0x0862, 1, 0x20A3, 1,
    0x10A3, 1, 0x20A3, 1, 0x5AAB, 1, 0x20A3, 1,
    0x39E9, 1, 0x18C5, 13, 0x52CC, 1, 0x8986, 1,
    0x5AAB, 3, 0x7125, 1, 0x2000, 1, 0x6000, 1,
    0x5000, 1, 0x4A6A, 2, 0x20E5, 2, 0x8C0C, 3,
    0x5000, 1, 0x4800, 1, 0x4841, 1, 0x39E9, 1,
    0x8C0C, 2, 0x9C4A, 2, 0x8C0C, 1, 0x9C4A, 1,
    0x8C0C, 3, 0x4A6A, 7, 0x8C0C, 1, 0x6B2C, 2,
    0x8C0C, 1, 0x3186, 1, 0x3000, 2, 0x39E9, 1,
    0x9C4A, 5, 0x49E9, 1, 0x7000, 1, 0x2000, 1,
    0x7125, 1, 0x5000, 1, 0x50E5, 3, 0x4A6A, 1,
    0x52CC, 6, 0x632D, 1, 0x5AAB, 3, 0x632D, 1,
    0x7411, 1, 0x6B8E, 1, 0x7411, 2, 0x8CD3, 2,
    0x7411, 1, 0x8CD3, 1, 0x8A88, 2, 0x632D, 1,
    0xF6CE, 2, 0xB4EC, 1, 0xF6CE, 1, 0xD5ED, 3,
    0x3186, 1, 0x2125, 1, 0x9C4A, 1, 0x8C0C, 1,
    0xA001, 1, 0x9C4A, 1, 0x39E9, 1, 0xF6CE, 3,
    0x9C4A, 3, 0x20E5, 1, 0x2125, 1, 0x3186, 1,
    0x2125, 1, 0x9C4A, 1, 0x7000, 1, 0x20A3, 1,
    0x0862, 2, 0x10A3, 1, 0x20A3, 2, 0x2125, 2,
    0x39E9, 1, 0x18C5, 12, 0x3186, 1, 0x8986, 3,
    0x8000, 1, 0x7125, 1, 0x2000, 1, 0x6000, 3,
    0x4A6A, 1, 0x7062, 2, 0x39E9, 1, 0x8C0C, 2,
    0x4A6A, 1, 0x4841, 2, 0x50E5, 1, 0x5000, 1,
    0x4800, 1, 0x50E5, 2, 0x39E9, 2, 0x6B2C, 2,
    0x9C4A, 4, 0x6B2C, 2, 0x9C4A, 2, 0x4841, 1,
    0x8A88, 2, 0x50E5, 2, 0x9C4A, 3, 0x5000, 1,
    0x49E9, 1, 0x9C4A, 3, 0x4A6A, 1, 0x6000, 1,
    0x2000, 1, 0x7125, 1, 0x4841, 2, 0x50E5, 1,
    0x39E9, 1, 0x49E9, 2, 0x52CC, 4, 0xB4EC, 2,
    0x4A6A, 1, 0x2125, 1, 0x7125, 2, 0x632D, 2,
    0x6B8E, 1, 0x9C4A, 1, 0x7411, 1, 0x6B8E, 1,
    0x8CD3, 1, 0x7411, 2, 0x8A88, 1, 0x3186, 1,
    0x39E9, 1, 0xF6CE, 2, 0xB4EC, 2, 0xD5ED, 1,
    0x3186, 2, 0x20A3, 2, 0x9C4A, 1, 0x39E9, 1,
    0xA001, 2, 0x6B2C, 1, 0x39E9, 1, 0x9C4A, 2,
    0x3186, 1, 0x2926, 1, 0x9C4A, 1, 0x10A3, 1,
    0x2926, 1, 0x2125, 2, 0x9C4A, 1, 0x20A3, 2,
    0x10A3, 1, 0x20A3, 1, 0x10A3, 1, 0x0862, 2,
    0x2125, 2, 0x3186, 1, 0x18C5, 11, 0x7125, 1,
    0x8986, 1, 0x9083, 1, 0x8000, 2, 0x5000, 1,
    0x3000, 3, 0x6000, 1, 0x7125, 3, 0x20A3, 1,
    0x39E9, 2, 0x8C0C, 1, 0x39E9, 2, 0x4841, 1,
    0x39E9, 1, 0x5000, 1, 0x4800, 3, 0x5000, 1,
    0x4800, 3, 0x4841, 1, 0x39E9, 2, 0x8A88, 1,
    0x6B2C, 1, 0x8A88, 5, 0x50E5, 1, 0x9C4A, 3,
    0x50E5, 1, 0x632D, 1, 0x9C4A, 3, 0x8C0C, 1,
    0x52CC, 1, 0x6000, 1, 0x2000, 1, 0x7125, 1,
    0x5000, 1, 0x50E5, 4, 0x4A6A, 2, 0x52CC, 2,
    0x8C0C, 1, 0xB4EC, 1, 0x9C4A, 1, 0x6B8E, 1,
    0x50E5, 1, 0x4841, 1, 0x7125, 1, 0x7062, 1,
    0x3186, 1, 0x632D, 1, 0x3186, 1, 0x9C4A, 1,
    0x3186, 1, 0x632D, 1, 0x7411, 1, 0x6B8E, 2,
    0x7411, 1, 0x9C4A, 1, 0xF6CE, 3, 0xB4EC, 1,
    0x9C4A, 1, 0x7411, 1, 0x20A3, 3, 0xF6CE, 1,
    0x9C4A, 1, 0x39E9, 1, 0xA001, 1, 0x9083, 1,
    0x6B2C, 1, 0x8A88, 1, 0x3186, 3, 0x2926, 1,
    0x6B2C, 1, 0x10A3, 1, 0x2125, 3, 0x3186, 1,
    0x3800, 1, 0x20A3, 2, 0x10A3, 1, 0x20A3, 1,
    0x10A3, 2, 0x2125, 1, 0x3186, 1, 0x2926, 1,
    0x18C5, 10, 0x7062, 1, 0x6000, 2, 0x7000, 1,
    0x7062, 1, 0x50E5, 2, 0x2000, 1, 0x4800, 1,
    0x6000, 1, 0x7125, 2, 0x4A6A, 1, 0x7125, 1,
    0x10A3, 2, 0x4A6A, 1, 0x8C0C, 2, 0x9C4A, 1,
    0x4841, 1, 0x8A88, 1, 0x50E5, 2, 0x4841, 1,
    0x4800, 4, 0x3000, 4, 0x4800, 3, 0x8A88, 5,
    0x4841, 1, 0x9C4A, 3, 0x10A3, 1, 0x4A6A, 1,
    0x8C0C, 2, 0x52CC, 1, 0x4841, 1, 0x2000, 1,
    0x7125, 1, 0x4841, 2, 0x50E5, 1, 0x39E9, 3,
    0x49E9, 1, 0x52CC, 3, 0xB4EC, 2, 0x3186, 1,
    0x20E5, 1, 0x7062, 4, 0x7800, 1, 0x2125, 2,
    0x3186, 1, 0x6B8E, 1, 0x632D, 2, 0x7411, 1,
    0x6B8E, 1, 0x39E9, 1, 0x9C4A, 1, 0xF6CE, 3,
    0xB4EC, 1, 0x9C4A, 1, 0x39E9, 1, 0x20A3, 1,
    0xF6CE, 2, 0x9C4A, 2, 0x39E9, 1, 0x8A88, 1,
    0x9083, 2, 0x8A88, 1, 0x9083, 3, 0x2926, 1,
    0x6B2C, 1, 0x20E5, 1, 0x2926, 1, 0x3186, 1,
    0x20A3, 1, 0x49E9, 1, 0x3800, 1, 0x0862, 1,
    0x20A3, 1, 0x0862, 1, 0x20A3, 2, 0x3186, 1,
    0x20A3, 1, 0x7125, 1, 0x18C5, 11, 0x6000, 2,
    0x7000, 2, 0x7062, 1, 0x4841, 2, 0x50E5, 1,
    0x2000, 1, 0x5000, 2, 0x39E9, 1, 0x50E5, 2,
    0x4841, 1, 0x7062, 1, 0x39E9, 2, 0x9C4A, 1,
    0x8C0C, 2, 0x4841, 2, 0x3186, 2, 0x4841, 6,
    0x4800, 4, 0x4841, 1, 0x3000, 1, 0x7125, 1,
    0x3186, 1, 0x4800, 1, 0x9C4A, 3, 0x20E5, 1,
    0x6000, 1, 0x20A3, 1, 0x52CC, 3, 0x6000, 1,
    0x2000, 2, 0x5000, 2, 0x50E5, 3, 0x49E9, 1,
    0x4A6A, 3, 0x8C0C, 2, 0xB4EC, 2, 0x4841, 1,
    0x18C5, 2, 0x6000, 2, 0x7800, 2, 0x2926, 1,
    0x2125, 1, 0x2926, 1, 0x6B8E, 1, 0x632D, 1,
    0x39E9, 1, 0x6B8E, 2, 0x9C4A, 1, 0xF6CE, 4,
    0x39E9, 1, 0xA001, 1, 0x6B8E, 1, 0x9C4A, 4,
    0x8A88, 1, 0x2125, 1, 0x8A88, 1, 0x9083, 3,
    0x2926, 2, 0x10A3, 1, 0x0862, 1, 0x2125, 3,
    0x3186, 1, 0x20A3, 1, 0x5AAB, 1, 0x10A3, 2,
    0x20A3, 1, 0x0862, 1, 0x20A3, 1, 0x3800, 1,
    0x2125, 1, 0x20A3, 1, 0x8986, 1, 0x18C5, 11,
    0x7000, 3, 0x7062, 1, 0x7125, 1, 0x4841, 2,
    0x50E5, 1, 0x2000, 1, 0x5000, 2, 0x50E5, 4,
    0x4841, 1, 0x5000, 1, 0x3186, 1, 0x8A88, 1,
    0x6B2C, 3, 0x8C0C, 1, 0x6B2C, 1, 0x39E9, 1,
    0x3000, 1, 0x4841, 1, 0x3186, 1, 0x4841, 3,
    0x20A3, 1, 0x4841, 3, 0x8A88, 1, 0x8C0C, 2,
    0x9C4A, 1, 0x4A6A, 1, 0x10A3, 1, 0x39E9, 1,
    0x20A3, 1, 0x6000, 2, 0x7125, 2, 0x7062, 1,
    0x6000, 1, 0x2000, 2, 0x4841, 4, 0x50E5, 2,
    0x49E9, 2, 0x4A6A, 2, 0x8C0C, 1, 0xB4EC, 1,
    0x3186, 1, 0x7125, 1, 0x0862, 2, 0x10A3, 1,
    0x2125, 1, 0x18C5, 3, 0x5000, 1, 0x3186, 1,
    0x632D, 1, 0x7411, 1, 0x2926, 1, 0x39E9, 1,
    0x6B8E, 1, 0x3186, 1, 0xF6CE, 5, 0x3186, 1,
    0xA001, 1, 0x8A88, 1, 0x3186, 1, 0x9C4A, 1,
    0x3186, 2, 0x6B2C, 1, 0x3186, 1, 0x2926, 1,
    0x4A6A, 1, 0x2926, 1, 0x10A3, 3, 0x3800, 1,
    0x3186, 1, 0x20E5, 2, 0x2125, 1, 0x3186, 1,
    0x20A3, 1, 0x2125, 1, 0x3186, 1, 0x20A3, 3,
    0x3800, 1, 0x3186, 1, 0x2125, 2, 0x8986, 1,
    0x18C5, 11, 0x7000, 2, 0x8C0C, 1, 0x9C4A, 1,
    0x7125, 1, 0x50E5, 1, 0x4841, 2, 0x49E9, 1,
    0x2000, 1, 0x5000, 2, 0x39E9, 1, 0x50E5, 2,
    0x5000, 4, 0x4800, 1, 0x8A88, 1, 0x6B2C, 6,
    0x39E9, 1, 0x6B2C, 4, 0x8C0C, 5, 0x4A6A, 1,
    0x10A3, 1, 0x6000, 4, 0x7062, 1, 0x6000, 1,
    0x7125, 1, 0x6000, 1, 0x3000, 3, 0x5000, 2,
    0x50E5, 5, 0x49E9, 2, 0x4A6A, 3, 0x3186, 1,
    0x7062, 1, 0x7800, 1, 0x0862, 3, 0x39E9, 1,
    0x8986, 1, 0x3186, 1, 0x18C5, 1, 0x7000, 1,
    0x3186, 1, 0x632D, 1, 0x3189, 1, 0x3186, 1,
    0x6B8E, 1, 0x4841, 2, 0xF6CE, 5, 0x3186, 1,
    0xA001, 1, 0x8A88, 2, 0x3186, 1, 0x9083, 1,
    0x8986, 1, 0x3186, 1, 0x20E5, 1, 0x0862, 3,
    0x3186, 1, 0x3800, 2, 0x3186, 2, 0x20E5, 3,
    0x3186, 1, 0x20A3, 1, 0x2125, 1, 0x5AAB, 1,
    0x3800, 2, 0x20A3, 1, 0x3186, 1, 0x5AAB, 1,
    0x20A3, 1, 0x3186, 1, 0x2125, 1, 0x18C5, 11,
    0x7000, 1, 0x7062, 1, 0x8C0C, 1, 0x9C4A, 1,
    0x2125, 1, 0x4841, 3, 0x50E5, 1, 0x2000, 1,
    0x5000, 3, 0x4841, 1, 0x50E5, 1, 0x5000, 1,
    0x4841, 1, 0x5000, 5, 0x3189, 2, 0x10A3, 2,
    0x0862, 3, 0x8A88, 1, 0x3189, 2, 0x10A3, 1,
    0x0862, 2, 0x3800, 1, 0x5000, 3, 0x4841, 1,
    0x50E5, 2, 0x39E9, 1, 0x5000, 2, 0x4800, 1,
    0x3000, 1, 0x50E5, 1, 0x4841, 1, 0x8986, 1,
    0x6000, 1, 0x50E5, 6, 0x49E9, 2, 0x39E9, 1,
    0x52CC, 1, 0x3186, 1, 0x7062, 1, 0x7125, 1,
    0x0862, 3, 0x7125, 1, 0x3186, 1, 0x7125, 4,
    0x3186, 5, 0x4841, 1, 0x9C4A, 1, 0xF6CE, 5,
    0x2125, 1, 0x3186, 1, 0x7062, 1, 0x9083, 2,
    0x4A6A, 2, 0x3186, 1, 0x0862, 1, 0x3800, 1,
    0x3186, 6, 0x20E5, 4, 0x3186, 1, 0x2926, 1,
    0x2125, 2, 0x0862, 1, 0x3186, 1, 0x0862, 1,
    0x5AAB, 1, 0x2125, 1, 0x20A3, 1, 0x8986, 1,
    0x0862, 1, 0x18C5, 10, 0x6000, 1, 0x7000, 1,
    0x9C4A, 3, 0x20A3, 2, 0x4841, 2, 0x5000, 1,
    0x0862, 1, 0x2000, 2, 0x0862, 1, 0x5000, 4,
    0x4841, 2, 0x5000, 2, 0x4841, 2, 0x5000, 14,
    0x50E5, 4, 0x39E9, 1, 0x4841, 1, 0x5000, 2,
    0x50E5, 1, 0x4841, 2, 0x9083, 3, 0x8800, 1,
    0x8000, 2, 0x50E5, 3, 0x20E5, 2, 0x3186, 3,
    0x6000, 1, 0x0862, 3, 0x7125, 2, 0x2926, 1,
    0x20A3, 1, 0x7125, 2, 0x8986, 1, 0x3186, 1,
    0x52CC, 1, 0x3186, 1, 0x2926, 1, 0x10A3, 2,
    0xF6CE, 5, 0xD5ED, 1, 0x10A3, 1, 0x2125, 1,
    0x9083, 1, 0x4A6A, 2, 0x0862, 2, 0x4800, 1,
    0x3800, 1, 0x3186, 5, 0x632D, 2, 0x20E5, 4,
    0x2926, 1, 0x7125, 1, 0x0862, 1, 0x20A3, 1,
    0x49E9, 1, 0x5AAB, 2, 0x2125, 1, 0x10A3, 1,
    0x3186, 1, 0x8986, 1, 0x18C5, 11, 0x5000, 1,
    0x7000, 1, 0x10A3, 1, 0x9C4A, 2, 0x52CC, 1,
    0x39E9, 1, 0x20A3, 1, 0x50E5, 1, 0x4841, 2,
    0x49E9, 1, 0x50E5, 2, 0x0862, 2, 0x5000, 4,
    0x4841, 4, 0x5000, 13, 0x50E5, 1, 0x4841, 1,
    0x50E5, 1, 0x5000, 3, 0x2000, 1, 0x49E9, 1,
    0x4841, 3, 0x9083, 1, 0x8986, 1, 0x9083, 1,
    0x8986, 1, 0x8800, 3, 0x8000, 4, 0x7125, 1,
    0x39E9, 1, 0x7062, 1, 0x7800, 1, 0x7000, 1,
    0x0862, 2, 0x7125, 1, 0x8986, 1, 0x2125, 1,
    0x20A3, 1, 0x0862, 1, 0x10A3, 1, 0x2926, 1,
    0x3186, 1, 0x7125, 1, 0x20E5, 1, 0x3186, 1,
    0x2125, 1, 0x6000, 1, 0x9C4A, 1, 0xF6CE, 3,
    0x9C4A, 1, 0xD5ED, 2, 0x8A88, 1, 0x2125, 1,
    0x4A6A, 2, 0x0862, 2, 0x4800, 1, 0x3800, 1,
    0x3186, 5, 0x52CC, 3, 0x0000, 1, 0x20E5, 3,
    0x2926, 1, 0x8986, 1, 0x20A3, 1, 0x0862, 1,
    0x2125, 3, 0x0862, 1, 0x20A3, 1, 0x7125, 2,
    0x18C5, 11, 0x5000, 1, 0x7000, 1, 0x52CC, 1,
    0x8C0C, 1, 0x632D, 1, 0x4A6A, 3, 0x20A3, 1,
    0x4841, 4, 0x50E5, 2, 0x3800, 8, 0x4841, 1,
    0x5000, 17, 0x2000, 1, 0x7125, 1, 0x4841, 2,
    0x50E5, 3, 0x8986, 1, 0x8A88, 1, 0xB4EC, 1,
    0x8800, 4, 0x8000, 2, 0xA001, 2, 0x8800, 2,
    0x6000, 2, 0x10A3, 3, 0x8986, 1, 0x20A3, 2,
    0x2125, 3, 0x0862, 1, 0x2125, 1, 0x8986, 1,
    0x20E5, 2, 0x7000, 1, 0x6000, 1, 0xD5ED, 1,
    0xF6CE, 1, 0xD5ED, 2, 0x9C4A, 1, 0x6B2C, 1,
    0x9C4A, 2, 0x2926, 1, 0x0862, 3, 0x4800, 2,
    0x3800, 1, 0x3186, 3, 0x52CC, 4, 0x0000, 2,
    0x20E5, 3, 0x3186, 3, 0x2125, 2, 0x0862, 1,
    0x20A3, 2, 0x7125, 1, 0x8986, 1, 0x18C5, 12,
    0x5000, 1, 0x5AAB, 1, 0x4A6A, 1, 0x6B2C, 1,
    0x6B8E, 1, 0x4A6A, 3, 0x10A3, 1, 0x4841, 5,
    0x5000, 1, 0x50E5, 2, 0x0862, 8, 0x3800, 3,
    0x3000, 4, 0x5000, 3, 0x0862, 1, 0x5000, 1,
    0x0862, 1, 0x2000, 2, 0x0862, 1, 0x7125, 1,
    0x6000, 1, 0x4841, 2, 0x50E5, 1, 0x39E9, 1,
    0x3186, 1, 0xB4EC, 4, 0x8800, 3, 0xA001, 4,
    0x8800, 1, 0x7800, 2, 0x0862, 3, 0x7125, 2,
    0x0862, 1, 0x2125, 1, 0x5AAB, 3, 0x2125, 1,
    0x20A3, 1, 0x7125, 1, 0x20E5, 1, 0x2926, 1,
    0x6000, 1, 0x3000, 1, 0xD5ED, 3, 0x9C4A, 1,
    0x3186, 2, 0x9C4A, 2, 0x0862, 1, 0x3000, 2,
    0x4800, 2, 0x3186, 2, 0x7411, 5, 0x20E5, 4,
    0x2125, 2, 0x20E5, 2, 0x3186, 1, 0x7125, 2,
    0x20A3, 1, 0x2125, 2, 0x7125, 2, 0x18C5, 13,
    0x5000, 1, 0x4800, 1, 0x20E5, 1, 0x6B2C, 1,
    0x52CC, 1, 0x6B8E, 1, 0x632D, 1, 0x52CC, 1,
    0x10A3, 1, 0x4841, 3, 0x5000, 8, 0x7125, 4,
    0x50E5, 3, 0x0862, 7, 0x7125, 2, 0x4841, 7,
    0x20E5, 1, 0x39E9, 1, 0x20E5, 1, 0xB4EC, 6,
    0x9083, 1, 0x8000, 1, 0xA001, 5, 0x8800, 1,
    0x7800, 2, 0x10A3, 1, 0x20E5, 1, 0x0862, 1,
    0x8986, 1, 0x2926, 1, 0x2125, 2, 0x0862, 1,
    0x3186, 2, 0x2125, 1, 0x20A3, 1, 0x3186, 1,
    0x7000, 1, 0x20E5, 1, 0x6000, 1, 0x8A88, 1,
    0xD5ED, 1, 0x9C4A, 2, 0x3186, 1, 0x3800, 1,
    0x3186, 1, 0x9C4A, 1, 0x6B2C, 1, 0x3186, 1,
    0x3000, 1, 0x4800, 2, 0x3000, 1, 0x3186, 1,
    0x632D, 5, 0x20E5, 1, 0x0000, 1, 0x3186, 1,
    0x0000, 1, 0x20E5, 4, 0x2125, 1, 0x3186, 1,
    0x7125, 2, 0x3186, 2, 0x2926, 1, 0x8986, 1,
    0x18C5, 14, 0x4800, 2, 0x4A6A, 1, 0x52CC, 1,
    0x4A6A, 1, 0x52CC, 3, 0x7411, 1, 0x4A6A, 1,
    0x7062, 1, 0x7000, 2, 0x5000, 16, 0x50E5, 4,
    0x5000, 1, 0x4841, 7, 0x50E5, 1, 0x20E5, 1,
    0x4A6A, 1, 0x39E9, 1, 0xB4EC, 5, 0x3186, 1,
    0x8986, 1, 0x8A88, 1, 0xA001, 5, 0x8800, 1,
    0x8000, 3, 0x10A3, 2, 0x20A3, 1, 0x7125, 1,
    0x20A3, 1, 0x5AAB, 1, 0x10A3, 1, 0x20A3, 2,
    0x3800, 1, 0x5AAB, 1, 0x2125, 1, 0x3186, 1,
    0x7000, 1, 0x20E5, 1, 0x5000, 1, 0x9C4A, 3,
    0x3186, 1, 0x3800, 2, 0x6B2C, 2, 0x3186, 1,
    0x4800, 4, 0x3800, 1, 0x3186, 2, 0x2926, 1,
    0x3186, 2, 0x0000, 1, 0x7411, 2, 0x2125, 2,
    0x20E5, 5, 0x20A3, 1, 0x7125, 2, 0x8986, 1,
    0x7125, 1, 0x3186, 1, 0x6B8E, 1, 0x18C5, 14,
    0x4800, 2, 0x3800, 1, 0x0862, 1, 0x10A3, 1,
    0x0862, 1, 0x52CC, 2, 0x632D, 1, 0x6B8E, 1,
    0x7062, 1, 0x5000, 3, 0x6000, 7, 0x5000, 13,
    0x6000, 1, 0x4841, 5, 0x20E5, 1, 0x52CC, 3,
    0xB4EC, 4, 0x5AAB, 1, 0x20E5, 1, 0x39E9, 1,
    0xB4EC, 2, 0xA001, 5, 0x8000, 3, 0x7800, 1,
    0x20E5, 2, 0x3186, 2, 0x20A3, 1, 0x3186, 1,
    0x20A3, 3, 0x3800, 1, 0x3186, 1, 0x2125, 1,
    0x3186, 1, 0x2926, 1, 0x52CC, 1, 0x3186, 1,
    0x9C4A, 2, 0x3186, 1, 0x3800, 2, 0x3186, 3,
    0x3000, 1, 0x4800, 3, 0x3000, 1, 0x3186, 1,
    0x2125, 1, 0x20E5, 1, 0x2125, 3, 0x18C5, 3,
    0x2125, 1, 0x8CD3, 1, 0x18C5, 3, 0x10A3, 2,
    0x20E5, 2, 0x10A3, 1, 0x7125, 1, 0x39E9, 2,
    0x18C5, 15, 0x4800, 2, 0x3800, 1, 0x4800, 1,
    0x5000, 1, 0x4A6A, 1, 0x20A3, 1, 0x10A3, 1,
    0x0862, 1, 0x10A3, 1, 0x5000, 3, 0x6000, 9,
    0x7000, 10, 0x6000, 3, 0x4841, 3, 0x20E5, 2,
    0x52CC, 3, 0x7411, 2, 0xF6CE, 3, 0x8CD3, 1,
    0x2125, 2, 0x8CD3, 1, 0xA001, 4, 0x8000, 1,
    0x7800, 1, 0x8000, 3, 0x7800, 1, 0x10A3, 2,
    0x7125, 1, 0x2125, 2, 0x10A3, 1, 0x20A3, 1,
    0x0862, 1, 0x20A3, 2, 0x0862, 1, 0x2125, 1,
    0x2926, 1, 0x39E9, 1, 0x4841, 1, 0x8A88, 1,
    0x6B2C, 2, 0x3800, 1, 0x4800, 1, 0x3800, 1,
    0x3186, 2, 0x3000, 1, 0x4800, 2, 0x4841, 2,
    0x18C5, 1, 0x2125, 1, 0x7411, 2, 0x3186, 1,
    0x39E9, 1, 0x2125, 1, 0x0000, 1, 0x18C5, 1,
    0x0000, 1, 0x18C5, 28, 0x4800, 1, 0x3000, 2,
    0x4800, 1, 0x5000, 2, 0x7000, 3, 0x5000, 4,
    0x6000, 9, 0x7000, 9, 0x7800, 3, 0x8800, 1,
    0x7062, 1, 0x632D, 1, 0x8CD3, 1, 0x7411, 3,
    0x8CD3, 4, 0xF6CE, 1, 0x8CD3, 2, 0x39E9, 1,
    0x2125, 2, 0xB4EC, 1, 0xA001, 2, 0x8800, 2,
    0x8000, 4, 0x7800, 1, 0x10A3, 3, 0x3186, 1,
    0x20A3, 1, 0x5AAB, 1, 0x20A3, 1, 0x0862, 2,
    0x10A3, 1, 0x20A3, 1, 0x0862, 1, 0x2125, 1,
    0x2926, 1, 0x39E9, 1, 0x8A88, 1, 0x6B2C, 1,
    0x3800, 1, 0x3000, 1, 0x10A3, 1, 0x4800, 1,
    0x3800, 1, 0x3186, 1, 0x4800, 3, 0x4841, 1,
    0x18C5, 7, 0x7411, 1, 0x8CD3, 1, 0x7411, 1,
    0x0862, 2, 0x18C5, 28, 0x3000, 3, 0x4800, 1,
    0x5000, 3, 0x7000, 6, 0x8000, 1, 0x6000, 8,
    0x7000, 10, 0x7800, 3, 0x7062, 1, 0x7411, 2,
    0x6B8E, 3, 0x8CD3, 5, 0x2125, 2, 0x39E9, 1,
    0x8CD3, 2, 0x8800, 1, 0x8000, 8, 0x7800, 1,
    0x10A3, 3, 0x3186, 1, 0x20A3, 1, 0x3186, 1,
    0x20A3, 1, 0x0862, 1, 0x20A3, 1, 0x10A3, 2,
    0x20A3, 1, 0x7125, 1, 0x2125, 1, 0x39E9, 1,
    0x3186, 2, 0x0862, 1, 0x3800, 2, 0x4800, 1,
    0x3800, 1, 0x3000, 1, 0x4800, 2, 0x18C5, 42,
    0x3000, 3, 0x4800, 1, 0x5000, 3, 0x6000, 2,
    0x7000, 4, 0x8000, 8, 0x8800, 1, 0x7000, 12,
    0x7800, 1, 0x7062, 1, 0x20E5, 1, 0x10A3, 2,
    0x6B8E, 1, 0x3186, 1, 0x20E5, 1, 0x2125, 2,
    0x20E5, 2, 0x8CD3, 3, 0x8800, 3, 0x8000, 4,
    0x7800, 2, 0x8000, 3, 0x10A3, 1, 0x20E5, 1,
    0x20A3, 1, 0x2926, 1, 0x2125, 1, 0x3186, 1,
    0x20A3, 1, 0x10A3, 1, 0x0862, 1, 0x20A3, 1,
    0x0862, 1, 0x6000, 1, 0x7125, 1, 0x2926, 1,
    0x3186, 2, 0x0862, 2, 0x10A3, 1, 0x3800, 1,
    0x4800, 3, 0x4841, 1, 0x18C5, 43, 0x3000, 3,
    0x5000, 4, 0x6000, 2, 0x7000, 2, 0x6000, 1,
    0x7000, 1, 0x8000, 8, 0x8800, 9, 0xA001, 4,
    0x8800, 11, 0x8000, 2, 0x7800, 1, 0x8800, 1,
    0x8000, 6, 0x7800, 3, 0x8000, 2, 0x7800, 1,
    0x20E5, 2, 0x2125, 3, 0x0862, 1, 0x10A3, 1,
    0x20A3, 1, 0x0862, 1, 0x6000, 1, 0x10A3, 1,
    0x20A3, 1, 0x5AAB, 1, 0x2926, 2, 0x3186, 1,
    0x10A3, 1, 0x0862, 1, 0x10A3, 1, 0x3800, 1,
    0x4800, 1, 0x4841, 1, 0x18C5, 45, 0x3000, 3,
    0x4800, 1, 0x5000, 3, 0x6000, 5, 0x7000, 2,
    0x8000, 1, 0x8800, 4, 0xA001, 1, 0x8800, 1,
    0xA001, 2, 0x8800, 7, 0xA001, 3, 0x8800, 12,
    0x8000, 2, 0x7800, 1, 0x8000, 7, 0x7800, 6,
    0x20E5, 2, 0x2125, 3, 0x0862, 1, 0x20A3, 1,
    0x6000, 1, 0x0862, 1, 0x20A3, 2, 0x0862, 1,
    0x2125, 1, 0x3186, 1, 0x10A3, 5, 0x4800, 2,
    0x18C5, 47, 0x3000, 2, 0x4800, 1, 0x5000, 3,
    0x6000, 3, 0x7000, 4, 0x8800, 1, 0xA001, 3,
    0x9083, 1, 0x8986, 2, 0x9083, 1, 0xA001, 6,
    0x8800, 2, 0xA001, 3, 0x8800, 12, 0x8000, 8,
    0x7800, 8, 0x20E5, 2, 0x2926, 1, 0x2125, 1,
    0x7062, 1, 0x20A3, 1, 0x10A3, 1, 0x20A3, 2,
    0x10A3, 1, 0x20A3, 1, 0x0862, 1, 0x2125, 1,
    0x3186, 1, 0x3000, 1, 0x10A3, 3, 0x4800, 1,
    0x18C5, 49, 0x2000, 1, 0x3000, 2, 0x5000, 3,
    0x6000, 4, 0x5000, 1, 0x7000, 2, 0x8800, 1,
    0x7000, 3, 0x8800, 1, 0x9083, 1, 0x8986, 1,
    0x9083, 1, 0x8986, 2, 0x9083, 1, 0xA001, 4,
    0x8800, 1, 0xA001, 3, 0x8800, 13, 0x8000, 5,
    0x7800, 9, 0x10A3, 3, 0x2125, 1, 0x20A3, 1,
    0x2125, 1, 0x0862, 1, 0x20A3, 1, 0x10A3, 3,
    0x20A3, 1, 0x3186, 1, 0x2125, 1, 0x3186, 1,
    0x10A3, 2, 0x4841, 1, 0x4800, 1, 0x18C5, 51,
    0x3000, 2, 0x5000, 4, 0x6000, 2, 0x4800, 1,
    0x3000, 1, 0x5000, 1, 0x6000, 1, 0x7000, 1,
    0x2000, 1, 0x3000, 2, 0x0862, 1, 0x9083, 2,
    0x7000, 1, 0x9083, 2, 0x8800, 1, 0x7800, 3,
    0xA001, 1, 0x8800, 1, 0xA001, 5, 0x8800, 12,
    0x8000, 3, 0x7800, 10, 0x20E5, 3, 0x2926, 1,
    0x2125, 2, 0x0862, 4, 0x20A3, 1, 0x3800, 1,
    0x5AAB, 1, 0x20A3, 1, 0x7125, 1, 0x4800, 2,
    0x18C5, 53, 0x2000, 1, 0x3000, 1, 0x4800, 1,
    0x5000, 3, 0x7000, 1, 0x6000, 1, 0x0862, 1,
    0x3000, 2, 0x2000, 1, 0x3000, 1, 0x0000, 2,
    0x0862, 3, 0x2000, 3, 0x0862, 2, 0x3000, 2,
    0x2000, 1, 0x7000, 2, 0x7800, 1, 0xA001, 4,
    0x8800, 4, 0x8000, 1, 0x8800, 6, 0x8000, 1,
    0x7800, 13, 0x2125, 6, 0x3186, 1, 0x20A3, 1,
    0x0862, 2, 0x20A3, 1, 0x3800, 1, 0x2125, 1,
    0x20A3, 1, 0x8986, 1, 0x18C5, 56, 0x2000, 1,
    0x3000, 1, 0x5000, 3, 0x7000, 1, 0x4800, 1,
    0x9083, 1, 0x2000, 1, 0x0000, 4, 0x6B8E, 1,
    0x0862, 4, 0x0000, 1, 0x0862, 4, 0x0000, 2,
    0x7000, 2, 0x7800, 5, 0x8800, 4, 0x8000, 1,
    0x8800, 6, 0x8000, 1, 0x7800, 10, 0x7000, 1,
    0x6000, 2, 0x20E5, 1, 0x2125, 5, 0x5AAB, 1,
    0x20A3, 3, 0x3800, 1, 0x3186, 1, 0x2125, 2,
    0x7125, 1, 0x18C5, 56, 0x2000, 2, 0x3000, 1,
    0x5000, 2, 0x8000, 1, 0xA001, 2, 0x8000, 1,
    0x4841, 1, 0x7062, 1, 0x3186, 1, 0x8986, 2,
    0x6B8E, 1, 0x7411, 2, 0x8CD3, 6, 0x7411, 1,
    0x0000, 1, 0x3000, 2, 0x3800, 2, 0x3000, 1,
    0x4800, 1, 0x6000, 1, 0x8800, 3, 0x7800, 1,
    0x8800, 7, 0x8000, 1, 0x7800, 10, 0x6000, 1,
    0x5000, 1, 0x20E5, 4, 0x20A3, 1, 0x3186, 1,
    0x20A3, 1, 0x2125, 1, 0x10A3, 2, 0x20A3, 1,
    0x3186, 1, 0x5AAB, 1, 0x0862, 1, 0x3186, 1,
    0x18C5, 58, 0x0000, 1, 0x2000, 2, 0x5000, 1,
    0x6000, 1, 0xA001, 3, 0x8800, 1, 0xA001, 1,
    0x9083, 2, 0x8986, 1, 0x9C4A, 1, 0x8CD3, 2,
    0xF6CE, 1, 0x8CD3, 1, 0xF6CE, 2, 0x8CD3, 2,
    0x7411, 1, 0x6B8E, 2, 0x0000, 4, 0x2000, 1,
    0x10A3, 1, 0x8000, 2, 0x8800, 5, 0x8000, 1,
    0x8800, 3, 0x8000, 1, 0x7800, 6, 0x7000, 2,
    0x6000, 3, 0x4800, 1, 0x20E5, 5, 0x3186, 1,
    0x20A3, 2, 0x3186, 2, 0x0862, 1, 0x5AAB, 1,
    0x2125, 1, 0x2926, 1, 0x8986, 1, 0x18C5, 59,
    0x2000, 3, 0x3000, 1, 0x3800, 1, 0xA001, 1,
    0x8000, 1, 0x7000, 3, 0x7800, 2, 0x8000, 3,
    0xA001, 4, 0x8800, 1, 0x8CD3, 2, 0xB4EC, 1,
    0x8986, 1, 0x8A88, 1, 0x39E9, 1, 0x9083, 2,
    0xA001, 1, 0x8986, 2, 0x6000, 1, 0xA001, 1,
    0x8800, 7, 0x8000, 2, 0x7800, 4, 0x6000, 4,
    0x5000, 1, 0x4800, 2, 0x20E5, 6, 0x7125, 1,
    0x2125, 1, 0x20A3, 1, 0x5AAB, 1, 0x2125, 1,
    0x5AAB, 1, 0x2125, 1, 0x20A3, 1, 0x7125, 2,
    0x18C5, 61, 0x2000, 2, 0x3000, 1, 0x4800, 5,
    0x7000, 2, 0x6000, 2, 0x5000, 3, 0x6000, 1,
    0x5000, 1, 0x6000, 1, 0x8800, 3, 0x8000, 1,
    0x9083, 1, 0x8986, 1, 0xA001, 5, 0x8986, 1,
    0xA001, 2, 0x8800, 6, 0x7800, 2, 0x7000, 4,
    0x6000, 1, 0x4800, 1, 0x3800, 1, 0x3000, 2,
    0x2000, 2, 0x20E5, 6, 0x8986, 1, 0x3186, 1,
    0x20A3, 1, 0x2125, 2, 0x20A3, 1, 0x0862, 1,
    0x7125, 2, 0x18C5, 65, 0x3000, 5, 0x4800, 1,
    0x5000, 2, 0x4800, 1, 0x3800, 1, 0x3000, 4,
    0x6000, 3, 0x7000, 1, 0x7800, 1, 0x8000, 1,
    0x8800, 4, 0xA001, 6, 0x8800, 5, 0x6000, 4,
    0x5000, 2, 0x4800, 1, 0x3800, 1, 0x3000, 1,
    0x2000, 4, 0x20E5, 6, 0x3186, 1, 0x8986, 1,
    0x2926, 1, 0x20A3, 2, 0x2125, 1, 0x20A3, 1,
    0x7125, 1, 0x18C5, 71, 0x3000, 5, 0x2000, 4,
    0x3000, 1, 0x3800, 1, 0x5000, 4, 0x6000, 2,
    0x5000, 1, 0x6000, 4, 0x5000, 1, 0x6000, 2,
    0x5000, 1, 0x4800, 5, 0x3000, 3, 0x2000, 6,
    0x3800, 2, 0x20E5, 4, 0x2125, 2, 0x20E5, 1,
    0x20A3, 1, 0x7125, 2, 0x3186, 1, 0x2125, 1,
    0x2926, 1, 0x7125, 1, 0x3186, 1, 0x18C5, 78,
    0x2000, 3, 0x3000, 5, 0x3800, 10, 0x3000, 1,
    0x2000, 5, 0x4800, 1, 0x3800, 1, 0x3000, 1,
    0x3800, 2, 0x18C5, 4, 0x20E5, 4, 0x10A3, 1,
    0x20E5, 3, 0x10A3, 1, 0x20E5, 1, 0x2125, 1,
    0x8986, 2, 0x7125, 1, 0x3186, 1, 0x8986, 1,
    0x18C5, 118, 0x20E5, 1, 0x10A3, 2, 0x20E5, 1,
    0x10A3, 2, 0x7125, 1, 0x2125, 1, 0x39E9, 1,
    0x18C5, 2870, 0x18C5, 2639, 0x8986, 6, 0x18C5, 121,
    0x9083, 1, 0x8986, 9, 0x18C5, 118, 0x7062, 1,
    0x9083, 2, 0x8986, 9, 0x18C5, 115, 0x7800, 3,
    0x7062, 5, 0x9083, 3, 0x8986, 5, 0x632D, 1,
    0x18C5, 111, 0x7800, 9, 0x7062, 2, 0x9083, 1,
    0x8986, 9, 0x632D, 2, 0x8986, 2, 0x9083, 1,
    0x8986, 1, 0x18C5, 14, 0x8986, 8, 0x18C5, 79,
    0x7800, 11, 0x7062, 2, 0x9083, 4, 0x8986, 5,
    0x632D, 1, 0x8986, 2, 0x9083, 1, 0x8986, 2,
    0x632D, 1, 0x8986, 3, 0x632D, 3, 0x8986, 1,
    0x18C5, 1, 0x8986, 13, 0x18C5, 77, 0x7800, 2,
    0x7000, 1, 0x6000, 2, 0x7800, 12, 0x7062, 2,
    0x9083, 4, 0x8986, 18, 0x9083, 1, 0x8986, 6,
    0x9083, 3, 0x5000, 1, 0x18C5, 76, 0x7000, 1,
    0x6000, 1, 0x5000, 3, 0x6000, 5, 0x7800, 13,
    0x9083, 10, 0x8986, 2, 0x9083, 6, 0x7062, 1,
    0x9083, 3, 0x7062, 6, 0x5000, 1, 0x18C5, 75,
    0x6000, 2, 0x4800, 1, 0x3000, 3, 0x5000, 5,
    0x6000, 1, 0x7000, 4, 0x7800, 10, 0x8000, 2,
    0x7800, 6, 0x7062, 2, 0x7800, 4, 0x7062, 1,
    0x7800, 2, 0x7062, 1, 0x7800, 8, 0x5000, 1,
    0x18C5, 75, 0x4800, 2, 0x3000, 3, 0x6000, 3,
    0x3000, 3, 0x4800, 1, 0x5000, 4, 0x7000, 8,
    0x7800, 29, 0x18C5, 75, 0x3000, 2, 0x4841, 2,
    0x6000, 7, 0x2000, 1, 0x3000, 4, 0x5000, 5,
    0x6000, 5, 0x7800, 4, 0x7000, 5, 0x7800, 8,
    0x6000, 1, 0x7800, 9, 0x18C5, 74, 0x7062, 1,
    0x4841, 5, 0x6000, 1, 0x4841, 1, 0x6000, 6,
    0x2000, 4, 0x3000, 6, 0x4800, 3, 0x6000, 6,
    0x5000, 3, 0x7000, 7, 0x5000, 3, 0x6000, 5,
    0x7000, 1, 0x7800, 2, 0x18C5, 71, 0x7125, 3,
    0x7062, 4, 0x6000, 10, 0x7000, 1, 0x7800, 2,
    0x7062, 2, 0x8986, 2, 0x2000, 4, 0x3000, 3,
    0x4800, 3, 0x3000, 6, 0x5000, 5, 0x4800, 1,
    0x3000, 3, 0x5000, 6, 0x7000, 2, 0x18C5, 68,
    0x7125, 10, 0x7062, 1, 0x6000, 7, 0x7000, 3,
    0x7800, 1, 0x7062, 4, 0x8986, 6, 0x7062, 1,
    0x8986, 2, 0x632D, 1, 0x2000, 7, 0x3000, 5,
    0x2000, 3, 0x8000, 2, 0x5000, 1, 0x3000, 3,
    0x4800, 1, 0x6000, 2, 0x18C5, 65, 0x9083, 1,
    0x4A6A, 3, 0x5AAB, 3, 0x4A6A, 4, 0x7062, 3,
    0x6000, 5, 0x7000, 4, 0x7800, 3, 0x7062, 4,
    0x7800, 1, 0x7062, 1, 0x7800, 3, 0x7062, 4,
    0x8986, 3, 0x7062, 4, 0x7800, 2, 0x7000, 1,
    0x8800, 2, 0x8000, 3, 0x8800, 1, 0x5000, 3,
    0x3000, 3, 0x4800, 2, 0x18C5, 63, 0x7062, 1,
    0x4A6A, 3, 0x52CC, 3, 0x5AAB, 1, 0x52CC, 2,
    0x4A6A, 2, 0x49E9, 2, 0x6000, 5, 0x7000, 6,
    0x7800, 13, 0x7062, 7, 0x7800, 3, 0x7000, 1,
    0x8800, 1, 0x8000, 3, 0x7062, 1, 0x9083, 2,
    0x4841, 3, 0x3000, 6, 0x18C5, 59, 0x8000, 3,
    0x2926, 1, 0x3186, 1, 0x3000, 3, 0x4800, 3,
    0x8000, 4, 0x8A88, 2, 0x7800, 2, 0x52CC, 4,
    0x7411, 2, 0x7000, 5, 0x7800, 22, 0x8000, 3,
    0x8800, 1, 0x9083, 1, 0x8986, 2, 0x50E5, 1,
    0x4841, 2, 0x3800, 2, 0x3000, 1, 0x20A3, 2,
    0x2000, 1, 0x3000, 1, 0x18C5, 55, 0x7800, 8,
    0x3000, 2, 0x4A6A, 1, 0x3186, 2, 0x4A6A, 1,
    0x6000, 5, 0x4800, 1, 0x5000, 2, 0x4800, 1,
    0x7800, 3, 0x8A88, 1, 0x10A3, 1, 0x3186, 1,
    0x7411, 2, 0x6B8E, 1, 0x7411, 4, 0x7000, 6,
    0x7800, 12, 0x8000, 1, 0x8800, 1, 0x7062, 1,
    0x8986, 2, 0x632D, 3, 0x39E9, 1, 0x4841, 2,
    0x3800, 3, 0x20A3, 2, 0x3186, 2, 0x6000, 1,
    0x18C5, 52, 0x7800, 1, 0x8000, 3, 0x8800, 3,
    0x10A3, 2, 0x6B8E, 5, 0x632D, 1, 0x7411, 2,
    0xB4EC, 2, 0x52CC, 2, 0x2125, 1, 0x20A3, 1,
    0x2125, 2, 0x5000, 3, 0x3800, 3, 0x7000, 3,
    0x8A88, 1, 0x2125, 1, 0x52CC, 1, 0x6B8E, 1,
    0x7411, 1, 0x6B8E, 3, 0x2926, 1, 0x632D, 1,
    0x8CD3, 2, 0x7000, 8, 0x7800, 1, 0x8000, 1,
    0x7800, 1, 0x9083, 1, 0x8986, 1, 0x632D, 5,
    0x50E5, 3, 0x20A3, 1, 0x3800, 2, 0x20A3, 2,
    0x49E9, 3, 0x6000, 1, 0x18C5, 50, 0x8800, 6,
    0x9083, 1, 0x20E5, 1, 0x10A3, 1, 0x6B8E, 1,
    0x7411, 2, 0x8986, 3, 0x632D, 1, 0x7411, 1,
    0xB4EC, 3, 0x6B8E, 2, 0xB4EC, 4, 0x20E5, 1,
    0x20A3, 1, 0x7000, 2, 0x6000, 2, 0x5000, 2,
    0x3800, 3, 0x7000, 4, 0x8A88, 1, 0x7000, 2,
    0x6000, 10, 0x7000, 1, 0x7800, 3, 0x8986, 1,
    0x632D, 2, 0x6B8E, 2, 0x632D, 2, 0x50E5, 3,
    0x20A3, 2, 0x20E5, 1, 0x20A3, 2, 0x49E9, 2,
    0x8A88, 2, 0x49E9, 1, 0x18C5, 48, 0x7800, 2,
    0x7062, 1, 0x8986, 5, 0x7125, 1, 0x2926, 2,
    0x52CC, 1, 0x632D, 2, 0x6B8E, 1, 0x9C4A, 2,
    0x8C0C, 1, 0x4A6A, 1, 0x52CC, 1, 0x632D, 2,
    0x52CC, 2, 0x8986, 2, 0x4A6A, 2, 0x7062, 1,
    0x7000, 4, 0x6000, 5, 0x4800, 2, 0x5000, 1,
    0x7800, 2, 0x7000, 3, 0x6B8E, 1, 0x7000, 1,
    0x6B8E, 1, 0x7062, 1, 0x632D, 1, 0x6000, 5,
    0x7800, 2, 0x9083, 2, 0x6B8E, 3, 0x632D, 2,
    0x39E9, 1, 0x50E5, 2, 0x4841, 2, 0x20A3, 1,
    0x20E5, 3, 0x49E9, 2, 0x8A88, 4, 0x18C5, 47,
    0x7800, 2, 0x7062, 1, 0x8986, 4, 0x39E9, 2,
    0x6B8E, 4, 0xB4EC, 2, 0x9C4A, 3, 0x8C0C, 2,
    0x9C4A, 5, 0x4A6A, 1, 0x5AAB, 3, 0x7800, 2,
    0x7000, 7, 0x6000, 2, 0x7800, 2, 0x6B8E, 1,
    0x7800, 3, 0x6B8E, 2, 0x20E5, 1, 0x6B8E, 1,
    0x2125, 1, 0x632D, 2, 0x6000, 2, 0x7000, 1,
    0x7800, 1, 0x9083, 2, 0x6B8E, 1, 0x7411, 3,
    0x6B8E, 2, 0x39E9, 3, 0x20A3, 1, 0x10A3, 3,
    0x20A3, 1, 0x20E5, 1, 0x8A88, 1, 0x49E9, 1,
    0x8A88, 5, 0x18C5, 45, 0x7800, 3, 0x8986, 5,
    0x39E9, 2, 0x6B8E, 3, 0x52CC, 1, 0x5AAB, 2,
    0x632D, 1, 0xB4EC, 1, 0x8C0C, 1, 0x52CC, 2,
    0x5AAB, 1, 0x632D, 1, 0x8C0C, 1, 0x9C4A, 2,
    0x52CC, 2, 0x49E9, 2, 0x7062, 2, 0x6000, 1,
    0x7000, 8, 0x7800, 1, 0x8986, 1, 0x8A88, 1,
    0x20E5, 1, 0x3800, 1, 0x20A3, 1, 0x6B8E, 1,
    0x4A6A, 2, 0x6B8E, 1, 0x52CC, 1, 0x632D, 2,
    0x52CC, 1, 0x10A3, 1, 0x6000, 1, 0x8986, 2,
    0x6B8E, 2, 0x7411, 2, 0x6B8E, 2, 0x49E9, 2,
    0x39E9, 1, 0x20A3, 3, 0x3186, 1, 0x10A3, 2,
    0x9C4A, 2, 0x8A88, 6, 0x9C4A, 1, 0x18C5, 44,
    0x7800, 2, 0x8986, 4, 0x632D, 2, 0x39E9, 1,
    0x6B8E, 3, 0x632D, 2, 0x4A6A, 2, 0x632D, 1,
    0x9C4A, 2, 0x8C0C, 1, 0x39E9, 2, 0x632D, 2,
    0x9C4A, 2, 0x52CC, 1, 0x5AAB, 1, 0x49E9, 1,
    0x7125, 2, 0x7062, 2, 0x6000, 5, 0x7000, 2,
    0x7800, 1, 0x8986, 3, 0x20E5, 2, 0x7411, 1,
    0x10A3, 1, 0x4841, 1, 0x20E5, 1, 0x7411, 2,
    0x8CD3, 1, 0x6B8E, 2, 0x52CC, 1, 0x20A3, 1,
    0x7125, 1, 0x6B8E, 7, 0x49E9, 2, 0x3186, 2,
    0x20A3, 2, 0x3186, 3, 0x9C4A, 3, 0x8A88, 6,
    0x8C0C, 1, 0x18C5, 43, 0x9083, 1, 0x6B8E, 4,
    0x8A88, 3, 0x10A3, 1, 0x632D, 3, 0x5AAB, 3,
    0x4A6A, 1, 0x632D, 1, 0x9C4A, 2, 0x8C0C, 3,
    0x9C4A, 3, 0x4A6A, 2, 0x49E9, 2, 0x7125, 6,
    0x6000, 4, 0x8800, 2, 0x8986, 2, 0x20E5, 2,
    0x7411, 3, 0x3186, 1, 0x20A3, 1, 0x52CC, 1,
    0x7411, 4, 0x20A3, 1, 0x2125, 1, 0x6B8E, 6,
    0x632D, 2, 0x39E9, 2, 0x50E5, 2, 0x20E5, 1,
    0x20A3, 1, 0x3186, 1, 0x4A6A, 1, 0x8C0C, 2,
    0x9C4A, 3, 0x8A88, 4, 0x9C4A, 1, 0x8C0C, 2,
    0x18C5, 41, 0x0862, 1, 0x18C5, 1, 0x0862, 2,
    0x1927, 2, 0x6B8E, 2, 0x8986, 1, 0x6B8E, 9,
    0x632D, 2, 0x4A6A, 3, 0x5AAB, 2, 0x632D, 1,
    0x5AAB, 2, 0x49E9, 4, 0x7125, 3, 0x50E5, 2,
    0x4841, 1, 0x6000, 2, 0x9083, 1, 0x3186, 2,
    0x20E5, 3, 0x7411, 2, 0x8CD3, 2, 0x7411, 1,
    0x52CC, 1, 0x2926, 1, 0x52CC, 1, 0x632D, 1,
    0x7411, 1, 0x20A3, 2, 0x6B8E, 1, 0x632D, 1,
    0x6B8E, 4, 0x4A6A, 1, 0x39E9, 1, 0x4A6A, 1,
    0x6B2C, 1, 0x5AAB, 1, 0x20E5, 1, 0x3186, 1,
    0x20E5, 1, 0x4A6A, 2, 0x8C0C, 2, 0x9C4A, 3,
    0x8A88, 4, 0x9C4A, 1, 0x8A88, 1, 0x8C0C, 1,
    0x7125, 1, 0x18C5, 41, 0x10A3, 1, 0x1927, 1,
    0x3189, 3, 0x1927, 3, 0x3189, 5, 0x1927, 4,
    0x5AAB, 3, 0x632D, 5, 0x8986, 2, 0x49E9, 2,
    0x7125, 1, 0x49E9, 1, 0x50E5, 2, 0x49E9, 1,
    0x50E5, 3, 0x6000, 2, 0x8986, 1, 0x3186, 1,
    0x20E5, 3, 0x8CD3, 7, 0x6B8E, 1, 0x2125, 1,
    0x2926, 1, 0x632D, 1, 0x20A3, 2, 0x632D, 1,
    0x5AAB, 1, 0x6B8E, 4, 0x632D, 1, 0x39E9, 2,
    0x4A6A, 1, 0x8C0C, 2, 0x6B2C, 1, 0x20E5, 2,
    0x5AAB, 1, 0x8C0C, 1, 0x9C4A, 5, 0x8A88, 4,
    0x9C4A, 2, 0x8986, 2, 0x18C5, 40, 0x3189, 9,
    0x416A, 12, 0x498A, 2, 0x416A, 4, 0x50E5, 1,
    0x5AAB, 2, 0x7125, 2, 0x5AAB, 3, 0x7125, 3,
    0x6000, 1, 0x8C0C, 1, 0x3186, 1, 0x10A3, 1,
    0x20E5, 1, 0x8CD3, 9, 0x6B8E, 1, 0x2926, 2,
    0x4A6A, 1, 0x52CC, 1, 0x4A6A, 1, 0x6B8E, 5,
    0x632D, 1, 0x5AAB, 1, 0x39E9, 1, 0x4A6A, 2,
    0x8C0C, 2, 0x6B2C, 1, 0x39E9, 1, 0x3186, 1,
    0x8C0C, 1, 0x9C4A, 6, 0x8A88, 2, 0x9C4A, 3,
    0x8A88, 1, 0x8986, 2, 0x18C5, 40, 0x3189, 8,
    0x498A, 18, 0x416A, 1, 0x498A, 2, 0x416A, 5,
    0x6000, 1, 0x7062, 2, 0x6000, 1, 0x8A88, 1,
    0x8986, 2, 0x7411, 1, 0x8CD3, 9, 0x7411, 2,
    0x632D, 1, 0x20A3, 3, 0x6B8E, 1, 0x632D, 1,
    0x6B8E, 2, 0x632D, 2, 0x52CC, 1, 0x39E9, 2,
    0x4A6A, 2, 0x8C0C, 3, 0xB4EC, 1, 0x6B2C, 2,
    0x9C4A, 5, 0x8A88, 1, 0x9C4A, 5, 0x8C0C, 1,
    0x8986, 1, 0x9C4A, 1, 0x18C5, 39, 0x3189, 9,
    0x498A, 16, 0x416A, 12, 0x0862, 1, 0x9083, 1,
    0x8986, 1, 0x8C0C, 1, 0x3186, 1, 0x7411, 1,
    0x8CD3, 5, 0x7411, 1, 0x8CD3, 1, 0x7411, 4,
    0x632D, 1, 0x4841, 1, 0x20A3, 1, 0x8986, 1,
    0x8A88, 1, 0x6B8E, 1, 0x632D, 3, 0x5AAB, 1,
    0x4A6A, 2, 0x39E9, 1, 0x4A6A, 1, 0x8C0C, 2,
    0xB4EC, 1, 0xD5ED, 1, 0xB4EC, 4, 0x9C4A, 3,
    0x8A88, 2, 0x9C4A, 5, 0x8A88, 1, 0x9C4A, 1,
    0x5AAB, 1, 0x18C5, 39, 0x3189, 9, 0x498A, 15,
    0x416A, 1, 0x3189, 1, 0x1927, 3, 0x416A, 9,
    0x3189, 1, 0x8A88, 1, 0x8C0C, 1, 0x3186, 1,
    0x52CC, 1, 0x8CD3, 3, 0x7411, 8, 0x6B8E, 1,
    0x52CC, 1, 0x7062, 1, 0x5AAB, 1, 0x52CC, 1,
    0x632D, 2, 0x6B8E, 1, 0x52CC, 1, 0x5AAB, 2,
    0x39E9, 1, 0x4A6A, 2, 0x8C0C, 1, 0xD5ED, 1,
    0xB4EC, 1, 0xD5ED, 2, 0xB4EC, 2, 0x9C4A, 11,
    0x8A88, 2, 0xB4EC, 1, 0x18C5, 38, 0x3189, 9,
    0x498A, 17, 0x416A, 6, 0x3189, 1, 0x416A, 7,
    0x8C0C, 1, 0x8A88, 1, 0x3186, 1, 0x6B8E, 1,
    0x8CD3, 4, 0x7411, 8, 0x3186, 1, 0x7062, 1,
    0x8A88, 1, 0x6B8E, 5, 0x5AAB, 1, 0x4A6A, 3,
    0x8C0C, 1, 0xD5ED, 4, 0xB4EC, 3, 0x9C4A, 1,
    0xD5ED, 2, 0x18C5, 2, 0x9C4A, 4, 0x8A88, 1,
    0x9C4A, 1, 0x5AAB, 1, 0x6B2C, 1, 0x9C4A, 1,
    0x18C5, 37, 0x1927, 1, 0x3189, 9, 0x498A, 17,
    0x416A, 14, 0xA001, 1, 0x3186, 2, 0x7411, 1,
    0x8CD3, 2, 0x7411, 10, 0x39E9, 2, 0x632D, 3,
    0x6B8E, 1, 0x632D, 3, 0x52CC, 2, 0xD5ED, 1,
    0xF6CE, 4, 0xD5ED, 6, 0x18C5, 6, 0x8A88, 1,
    0x3186, 1, 0x5AAB, 2, 0x7125, 1, 0x8A88, 1,
    0x18C5, 37, 0x3189, 9, 0x498A, 17, 0x416A, 14,
    0x3189, 1, 0x8986, 1, 0x632D, 1, 0x3186, 1,
    0x6B8E, 1, 0x7411, 10, 0x52CC, 1, 0x39E9, 1,
    0x6B8E, 1, 0x632D, 1, 0x4A6A, 1, 0x6B8E, 3,
    0x632D, 4, 0x8CD3, 1, 0xF6CE, 5, 0xD5ED, 6,
    0x18C5, 8, 0x3186, 1, 0x9C4A, 1, 0x7125, 1,
    0x7062, 1, 0x18C5, 36, 0x1927, 1, 0x3189, 9,
    0x498A, 17, 0x416A, 14, 0x3189, 1, 0x9083, 1,
    0x632D, 1, 0x52CC, 1, 0x7411, 10, 0x52CC, 1,
    0x39E9, 1, 0x6B8E, 1, 0x632D, 1, 0x52CC, 1,
    0x6B8E, 3, 0x632D, 1, 0x6B8E, 2, 0x632D, 1,
    0x8CD3, 1, 0xF6CE, 4, 0xD5ED, 7, 0x18C5, 9,
    0x3000, 1, 0x5AAB, 1, 0x8A88, 1, 0x6B8E, 1,
    0x18C5, 36, 0x1927, 1, 0x3189, 8, 0x498A, 18,
    0x416A, 14, 0x3189, 1, 0x8A88, 1, 0x6B8E, 1,
    0x3186, 1, 0x6B8E, 1, 0x7411, 4, 0x8CD3, 3,
    0x632D, 4, 0x5AAB, 1, 0x4A6A, 1, 0x6B8E, 2,
    0x632D, 1, 0x6B8E, 3, 0x8CD3, 2, 0xF6CE, 6,
    0xD5ED, 5, 0x0862, 1, 0x10A3, 1, 0x2125, 1,
    0x18C5, 7, 0x3000, 1, 0x5AAB, 1, 0x9C4A, 1,
    0x5AAB, 1, 0x18C5, 35, 0x10A3, 1, 0x1927, 1,
    0x3189, 8, 0x498A, 18, 0x2125, 1, 0x5AAB, 1,
    0x416A, 12, 0x3189, 1, 0x416A, 1, 0x8A88, 1,
    0x3186, 1, 0x6B8E, 1, 0x7411, 4, 0x8CD3, 1,
    0x7411, 3, 0x2125, 1, 0x5AAB, 1, 0x4A6A, 1,
    0x52CC, 1, 0x6B8E, 6, 0x8CD3, 2, 0xF6CE, 7,
    0xD5ED, 5, 0x0862, 1, 0x39E9, 2, 0x8986, 1,
    0x3186, 1, 0x18C5, 5, 0x3000, 1, 0x5AAB, 2,
    0x3186, 1, 0x18C5, 34, 0x10A3, 2, 0x3189, 9,
    0x498A, 17, 0x416A, 14, 0x3189, 2, 0x416A, 1,
    0x8A88, 1, 0x3186, 1, 0x52CC, 1, 0x7411, 6,
    0x2125, 1, 0x10A3, 1, 0x5AAB, 1, 0x4A6A, 1,
    0x6B8E, 6, 0x8CD3, 1, 0x7411, 1, 0x8CD3, 2,
    0xF6CE, 5, 0xD5ED, 6, 0x0862, 2, 0x7125, 1,
    0x3186, 1, 0x7125, 4, 0x0862, 1, 0x18C5, 2,
    0x7000, 1, 0x8A88, 2, 0x18C5, 33, 0x6B8E, 2,
    0x10A3, 1, 0x1927, 1, 0x3189, 8, 0x498A, 18,
    0x416A, 14, 0x3189, 2, 0x416A, 1, 0x8986, 1,
    0x2125, 1, 0x7411, 5, 0x2125, 1, 0x3186, 1,
    0x4A6A, 1, 0x39E9, 1, 0x4A6A, 1, 0x632D, 2,
    0x6B8E, 4, 0x8CD3, 2, 0x7411, 1, 0x8CD3, 3,
    0xF6CE, 5, 0xD5ED, 4, 0x0862, 2, 0x7125, 1,
    0x3186, 1, 0x2926, 1, 0x20A3, 1, 0x7125, 1,
    0x3186, 1, 0x8986, 1, 0x2125, 1, 0x18C5, 2,
    0x7800, 1, 0x3186, 2, 0x18C5, 31, 0x7411, 1,
    0x632D, 1, 0x7000, 1, 0x8986, 4, 0x1927, 6,
    0x3189, 1, 0x498A, 18, 0x416A, 14, 0x3189, 2,
    0x416A, 1, 0x8986, 1, 0x2125, 1, 0x3186, 1,
    0x6B8E, 1, 0x7411, 1, 0x52CC, 1, 0x3186, 1,
    0x5AAB, 1, 0x4A6A, 1, 0x7125, 1, 0x39E9, 1,
    0x632D, 1, 0x5AAB, 4, 0x8CD3, 5, 0xF6CE, 1,
    0x8CD3, 1, 0xF6CE, 1, 0x8CD3, 1, 0xD5ED, 1,
    0xF6CE, 1, 0xD5ED, 5, 0x0862, 2, 0x7125, 1,
    0x8986, 1, 0x2125, 2, 0x0862, 1, 0x20A3, 2,
    0x8986, 2, 0x18C5, 2, 0x7800, 1, 0x3186, 1,
    0x18C5, 31, 0x9083, 1, 0x7000, 1, 0x8986, 1,
    0x3000, 2, 0x7800, 1, 0x20E5, 1, 0x4800, 2,
    0x8986, 2, 0x7000, 3, 0x3189, 9, 0x498A, 9,
    0x416A, 15, 0x3189, 1, 0x416A, 2, 0x7125, 1,
    0x20E5, 2, 0x3186, 1, 0x52CC, 1, 0x8A88, 2,
    0x49E9, 1, 0x39E9, 1, 0x632D, 2, 0x5AAB, 3,
    0x52CC, 1, 0x8CD3, 5, 0xF6CE, 12, 0x0862, 1,
    0x10A3, 1, 0x7125, 1, 0x3186, 1, 0x0862, 1,
    0x20A3, 1, 0x2125, 1, 0x10A3, 1, 0x20A3, 1,
    0x3186, 1, 0x8986, 1, 0x18C5, 2, 0x7800, 1,
    0x3186, 1, 0x18C5, 29, 0x7000, 1, 0x8986, 2,
    0x3000, 1, 0x8800, 1, 0x8986, 2, 0x632D, 3,
    0x5AAB, 1, 0x4A6A, 2, 0x20A3, 1, 0x10A3, 1,
    0x20A3, 2, 0x3000, 1, 0x8986, 2, 0x7000, 4,
    0x3189, 3, 0x416A, 21, 0x3189, 2, 0x416A, 2,
    0x7125, 1, 0x2125, 1, 0x20E5, 1, 0x8986, 1,
    0x7125, 1, 0x5AAB, 1, 0x49E9, 1, 0x39E9, 1,
    0x632D, 3, 0x5AAB, 1, 0x52CC, 1, 0x7411, 1,
    0x8CD3, 1, 0x7411, 1, 0x8CD3, 2, 0xF6CE, 14,
    0x10A3, 1, 0x7125, 2, 0x20A3, 1, 0x2125, 2,
    0x5AAB, 1, 0x2125, 3, 0x7125, 1, 0x18C5, 2,
    0x7000, 1, 0x18C5, 27, 0x6B8E, 1, 0x7000, 1,
    0x8986, 1, 0x2000, 2, 0x7000, 1, 0x5AAB, 5,
    0x8A88, 2, 0x632D, 7, 0x5AAB, 1, 0x20A3, 5,
    0x8986, 5, 0x7000, 5, 0x6000, 1, 0x3189, 4,
    0x416A, 10, 0x3189, 2, 0x416A, 3, 0x52CC, 1,
    0x39E9, 1, 0x5AAB, 2, 0x39E9, 1, 0x4A6A, 1,
    0x632D, 2, 0x5AAB, 1, 0x52CC, 2, 0x8CD3, 3,
    0xF6CE, 1, 0x7411, 1, 0x8CD3, 1, 0xF6CE, 4,
    0x7411, 1, 0xF6CE, 4, 0xB4EC, 1, 0xF6CE, 4,
    0x3186, 1, 0x7125, 1, 0x2125, 2, 0x5AAB, 2,
    0x3186, 1, 0x5AAB, 1, 0x2125, 1, 0x20A3, 1,
    0x3186, 1, 0x2926, 1, 0x18C5, 1, 0x4841, 1,
    0x18C5, 25, 0xA001, 1, 0x6000, 1, 0x8986, 2,
    0x2000, 1, 0x7062, 2, 0x632D, 1, 0x5AAB, 7,
    0x8A88, 1, 0x632D, 1, 0x6B8E, 11, 0x52CC, 1,
    0x4A6A, 4, 0x10A3, 1, 0x20A3, 3, 0x10A3, 4,
    0x8986, 7, 0x7000, 1, 0x8986, 4, 0x7000, 2,
    0x18C5, 2, 0x416A, 1, 0x39E9, 1, 0x5AAB, 1,
    0x4A6A, 1, 0x39E9, 1, 0x632D, 1, 0x6B8E, 1,
    0x5AAB, 2, 0x52CC, 1, 0x8CD3, 3, 0xF6CE, 3,
    0x6B8E, 1, 0x7411, 1, 0xF6CE, 3, 0x7411, 2,
    0x39E9, 1, 0xF6CE, 3, 0xB4EC, 1, 0xF6CE, 3,
    0x20E5, 1, 0x3186, 1, 0x7125, 1, 0x0862, 1,
    0x2125, 1, 0x3186, 1, 0x0862, 1, 0x3800, 1,
    0x3186, 2, 0x20A3, 1, 0x2125, 1, 0x3186, 1,
    0x18C5, 25, 0xA001, 1, 0x6000, 1, 0x8986, 2,
    0x2000, 2, 0x7125, 1, 0x6B8E, 2, 0x5AAB, 6,
    0x632D, 3, 0x6B8E, 2, 0x632D, 2, 0x6B8E, 2,
    0x7411, 1, 0x6B8E, 14, 0x5AAB, 3, 0x632D, 3,
    0x6B8E, 1, 0x632D, 3, 0x8000, 2, 0x7800, 1,
    0x6000, 2, 0x2000, 2, 0x8986, 1, 0x7000, 1,
    0x5000, 1, 0x7125, 1, 0x4A6A, 3, 0x632D, 3,
    0x5AAB, 2, 0x7411, 1, 0x8CD3, 1, 0xF6CE, 5,
    0x6B8E, 2, 0xF6CE, 3, 0x2125, 2, 0x39E9, 1,
    0xF6CE, 3, 0xB4EC, 1, 0xF6CE, 3, 0x20E5, 1,
    0x3186, 2, 0x20A3, 1, 0x49E9, 1, 0x3800, 1,
    0x20A3, 2, 0x3800, 1, 0x10A3, 1, 0x2125, 2,
    0x39E9, 1, 0x18C5, 22, 0x8CD3, 1, 0x7411, 1,
    0xA001, 1, 0x6000, 1, 0x8986, 1, 0x2000, 2,
    0x2125, 1, 0x632D, 2, 0x9C4A, 3, 0x632D, 1,
    0x49E9, 1, 0x4A6A, 3, 0x6B8E, 1, 0x7411, 1,
    0xB4EC, 6, 0x6B8E, 2, 0xB4EC, 5, 0x9C4A, 2,
    0x7411, 1, 0x632D, 1, 0x6B8E, 2, 0x632D, 2,
    0x6B8E, 1, 0x632D, 2, 0x6B8E, 3, 0x632D, 3,
    0x8986, 3, 0x7800, 2, 0x10A3, 1, 0x8986, 2,
    0x50E5, 1, 0x7125, 3, 0x49E9, 1, 0x632D, 1,
    0x4A6A, 1, 0x6B8E, 1, 0x632D, 4, 0x8CD3, 1,
    0x7411, 1, 0xF6CE, 6, 0x6B8E, 1, 0x9C4A, 1,
    0xF6CE, 3, 0xB4EC, 1, 0xF6CE, 1, 0x39E9, 1,
    0xF6CE, 1, 0xD5ED, 1, 0xF6CE, 1, 0xB4EC, 1,
    0xF6CE, 3, 0x2125, 1, 0x8986, 1, 0x20A3, 1,
    0x2125, 1, 0x0862, 1, 0x20A3, 4, 0x0862, 1,
    0x2125, 1, 0x20A3, 1, 0x39E9, 1, 0x18C5, 20,
    0x6B8E, 1, 0x7411, 1, 0x9083, 1, 0x6000, 1,
    0x8986, 1, 0x2000, 2, 0x7062, 2, 0x52CC, 1,
    0x9C4A, 3, 0x8C0C, 1, 0x9C4A, 1, 0x6B2C, 1,
    0x9C4A, 3, 0x6B8E, 1, 0x4A6A, 1, 0x52CC, 2,
    0x632D, 4, 0x6B8E, 1, 0xB4EC, 2, 0x632D, 5,
    0x6B8E, 2, 0x9C4A, 3, 0x632D, 4, 0x6B8E, 3,
    0x632D, 1, 0x8986, 3, 0x632D, 2, 0x7800, 1,
    0x2000, 2, 0x8986, 1, 0x7000, 1, 0x50E5, 3,
    0x49E9, 3, 0x52CC, 1, 0x632D, 1, 0x6B8E, 2,
    0x8C0C, 1, 0x5AAB, 1, 0x8CD3, 4, 0xF6CE, 3,
    0x8CD3, 1, 0xF6CE, 3, 0x9C4A, 1, 0xF6CE, 3,
    0xB4EC, 2, 0xD5ED, 1, 0xF6CE, 1, 0xB4EC, 1,
    0xF6CE, 1, 0x6B2C, 1, 0xF6CE, 3, 0x3186, 1,
    0x7125, 1, 0x0862, 1, 0x5AAB, 1, 0x3800, 1,
    0x20A3, 1, 0x0862, 1, 0x20A3, 1, 0x10A3, 1,
    0x20A3, 1, 0x2125, 1, 0x20A3, 1, 0x39E9, 1,
    0x2125, 1, 0x18C5, 17, 0xD5ED, 1, 0x7411, 1,
    0x9083, 1, 0x7062, 1, 0x5000, 1, 0x7125, 1,
    0x2000, 1, 0x3189, 1, 0x39E9, 1, 0x9C4A, 1,
    0x632D, 2, 0x9C4A, 2, 0x39E9, 1, 0x9C4A, 1,
    0x8C0C, 1, 0x5000, 1, 0x4A6A, 1, 0x9C4A, 1,
    0x8986, 1, 0xB4EC, 1, 0x632D, 2, 0xB4EC, 2,
    0x632D, 7, 0x6B8E, 4, 0xB4EC, 2, 0x6B8E, 1,
    0xB4EC, 3, 0x9C4A, 1, 0x6B8E, 3, 0x632D, 2,
    0x8986, 4, 0x7800, 1, 0x2000, 2, 0x8986, 1,
    0x39E9, 1, 0x4841, 1, 0x50E5, 1, 0x49E9, 4,
    0x52CC, 2, 0x6B8E, 1, 0x632D, 2, 0x8C0C, 1,
    0x5AAB, 1, 0x8CD3, 5, 0x7411, 1, 0x8CD3, 2,
    0x6B8E, 1, 0x632D, 1, 0xF6CE, 2, 0x9C4A, 1,
    0xF6CE, 5, 0xD5ED, 1, 0xB4EC, 2, 0x7411, 1,
    0x6B2C, 1, 0xF6CE, 2, 0xD5ED, 1, 0x2926, 2,
    0x2125, 1, 0x3186, 1, 0x20A3, 2, 0x0862, 1,
    0x10A3, 1, 0x0862, 1, 0x20A3, 1, 0x5AAB, 1,
    0x20A3, 1, 0x6B8E, 1, 0x2125, 1, 0x18C5, 16,
    0x7411, 2, 0x632D, 1, 0x9083, 1, 0x5000, 1,
    0x7125, 1, 0x2000, 1, 0x20E5, 2, 0x8C0C, 6,
    0x50E5, 1, 0x8C0C, 4, 0xB4EC, 1, 0x2125, 1,
    0x8C0C, 1, 0xB4EC, 3, 0x4A6A, 3, 0xB4EC, 1,
    0x6B8E, 2, 0x632D, 6, 0x52CC, 1, 0x632D, 2,
    0x52CC, 1, 0xB4EC, 3, 0x7411, 1, 0x6B8E, 2,
    0x632D, 1, 0x4A6A, 2, 0x632D, 2, 0x8000, 1,
    0x0862, 1, 0x8986, 1, 0x4841, 2, 0x39E9, 1,
    0x49E9, 3, 0x52CC, 4, 0x6B8E, 1, 0x632D, 1,
    0x6B8E, 1, 0x632D, 1, 0x8CD3, 6, 0x7411, 3,
    0x6B8E, 2, 0x3186, 1, 0x8CD3, 1, 0xF6CE, 1,
    0xB4EC, 1, 0x8CD3, 1, 0xF6CE, 1, 0xD5ED, 2,
    0xF6CE, 1, 0xD5ED, 2, 0xF6CE, 1, 0x7411, 1,
    0x9C4A, 1, 0xF6CE, 1, 0xD5ED, 1, 0x10A3, 1,
    0x2926, 1, 0x20A3, 1, 0x2125, 1, 0x10A3, 2,
    0x20A3, 1, 0x10A3, 2, 0x20A3, 2, 0x2125, 1,
    0x20A3, 1, 0x39E9, 1, 0x2125, 1, 0x18C5, 15,
    0x6B8E, 2, 0x8986, 2, 0x5000, 1, 0x7125, 1,
    0x2000, 1, 0x5000, 2, 0x52CC, 1, 0x8C0C, 2,
    0x8A88, 1, 0x6B2C, 2, 0x5000, 1, 0x7125, 2,
    0x39E9, 1, 0xB4EC, 1, 0x8C0C, 2, 0xB4EC, 1,
    0x5AAB, 1, 0xB4EC, 7, 0x4A6A, 2, 0x6B8E, 1,
    0xB4EC, 2, 0x6B8E, 3, 0x52CC, 1, 0x4A6A, 2,
    0x52CC, 1, 0x8C0C, 1, 0xB4EC, 7, 0x7411, 1,
    0x20E5, 1, 0x2000, 1, 0x8986, 1, 0x4841, 1,
    0x50E5, 1, 0x39E9, 3, 0x4A6A, 1, 0x52CC, 4,
    0x6B8E, 1, 0x632D, 1, 0x6B8E, 1, 0x632D, 2,
    0x8CD3, 7, 0x7411, 1, 0xD5ED, 1, 0x7411, 1,
    0xF6CE, 1, 0x9C4A, 1, 0x3186, 1, 0xF6CE, 1,
    0xD5ED, 2, 0x7411, 1, 0xF6CE, 1, 0x9C4A, 2,
    0xD5ED, 2, 0x3189, 1, 0x2125, 1, 0x0000, 1,
    0x9C4A, 1, 0xD5ED, 2, 0x20E5, 1, 0x3186, 1,
    0x20A3, 1, 0x2125, 1, 0x3800, 1, 0x0862, 1,
    0x10A3, 1, 0x20A3, 2, 0x10A3, 1, 0x6000, 1,
    0x7125, 1, 0x20A3, 1, 0x6B8E, 1, 0x2125, 1,
    0x18C5, 14, 0x6B8E, 1, 0x7411, 1, 0x632D, 1,
    0x8986, 1, 0x5000, 1, 0x7125, 1, 0x2000, 1,
    0x5000, 1, 0x6000, 1, 0x4A6A, 1, 0x52CC, 2,
    0x8C0C, 1, 0x8A88, 2, 0x39E9, 1, 0x9C4A, 1,
    0x6B2C, 1, 0x8C0C, 2, 0x39E9, 1, 0x4841, 2,
    0x4A6A, 1, 0x39E9, 1, 0x8C0C, 2, 0x20E5, 1,
    0x8C0C, 3, 0x6B2C, 1, 0xB4EC, 3, 0x52CC, 1,
    0xB4EC, 2, 0x9C4A, 1, 0x8C0C, 2, 0x9C4A, 1,
    0x8C0C, 2, 0x4841, 1, 0x4A6A, 1, 0xB4EC, 1,
    0x9C4A, 2, 0x2125, 1, 0x52CC, 2, 0x0862, 1,
    0x8986, 2, 0x4841, 1, 0x39E9, 3, 0x4A6A, 5,
    0x52CC, 1, 0x632D, 2, 0x7411, 1, 0x6B8E, 1,
    0x632D, 1, 0x8CD3, 8, 0x7411, 1, 0xF6CE, 3,
    0x8CD3, 1, 0x7411, 1, 0xD5ED, 3, 0x3186, 1,
    0xF6CE, 1, 0x9C4A, 1, 0xD5ED, 1, 0x7411, 1,
    0x39E9, 1, 0x3189, 1, 0x20A3, 1, 0x9C4A, 1,
    0xF6CE, 1, 0xD5ED, 2, 0x10A3, 1, 0x3186, 1,
    0x20A3, 1, 0x5AAB, 1, 0x3800, 1, 0x20A3, 1,
    0x0862, 2, 0x6000, 1, 0x0862, 1, 0x6000, 1,
    0x2125, 1, 0x20A3, 1, 0x39E9, 1, 0x18C5, 14,
    0x6B8E, 1, 0x632D, 1, 0x5AAB, 2, 0x8986, 1,
    0x7125, 1, 0x2000, 1, 0x6000, 2, 0x5AAB, 1,
    0x39E9, 2, 0x4A6A, 1, 0x8C0C, 2, 0x8A88, 1,
    0x6B2C, 1, 0x9C4A, 2, 0x4A6A, 1, 0x9C4A, 3,
    0x8C0C, 1, 0x4A6A, 3, 0x39E9, 2, 0x8C0C, 1,
    0x9C4A, 1, 0x39E9, 1, 0x8C0C, 1, 0x6B2C, 2,
    0x2125, 1, 0x8C0C, 2, 0x6B2C, 1, 0x8C0C, 1,
    0x50E5, 1, 0x49E9, 1, 0xB4EC, 1, 0x8C0C, 1,
    0x4841, 1, 0xB4EC, 3, 0x52CC, 1, 0x7125, 1,
    0x7800, 1, 0x0862, 2, 0x8986, 1, 0x5000, 1,
    0x3000, 4, 0x52CC, 5, 0x6B8E, 1, 0x632D, 1,
    0x52CC, 1, 0x6B8E, 1, 0x632D, 1, 0x8CD3, 7,
    0x7411, 1, 0x8CD3, 1, 0x6B8E, 1, 0x7411, 1,
    0xF6CE, 1, 0xD5ED, 1, 0xB4EC, 1, 0x8CD3, 1,
    0xD5ED, 3, 0xF6CE, 1, 0x3186, 1, 0xD5ED, 1,
    0x8A88, 1, 0xD5ED, 1, 0x39E9, 1, 0x20A3, 3,
    0xF6CE, 1, 0xD5ED, 2, 0x9C4A, 1, 0x2125, 1,
    0x3186, 1, 0x20A3, 1, 0x49E9, 1, 0x20A3, 2,
    0x10A3, 1, 0x0862, 1, 0x6000, 1, 0x10A3, 1,
    0x20A3, 1, 0x5AAB, 1, 0x20A3, 1, 0x39E9, 1,
    0x18C5, 13, 0x52CC, 1, 0x632D, 1, 0x5AAB, 3,
    0x7125, 1, 0x2000, 2, 0x5000, 1, 0x4A6A, 3,
    0x39E9, 1, 0x8C0C, 3, 0x5000, 1, 0x4841, 2,
    0x39E9, 1, 0x8C0C, 3, 0x9C4A, 2, 0x4A6A, 2,
    0x8C0C, 2, 0x4A6A, 7, 0x8C0C, 1, 0x6B2C, 1,
    0x4A6A, 1, 0x8C0C, 1, 0x3186, 1, 0x39E9, 1,
    0x3000, 1, 0x39E9, 1, 0x9C4A, 5, 0x49E9, 1,
    0x7000, 1, 0x2000, 2, 0x7125, 1, 0x50E5, 4,
    0x52CC, 6, 0x632D, 2, 0x5AAB, 2, 0x4A6A, 1,
    0x7411, 1, 0x8CD3, 1, 0x7411, 1, 0x8CD3, 3,
    0x7411, 1, 0x8CD3, 1, 0x8A88, 2, 0x6B8E, 1,
    0xF6CE, 2, 0xD5ED, 1, 0xF6CE, 1, 0xD5ED, 3,
    0x3186, 1, 0x2125, 1, 0x3186, 1, 0x8C0C, 1,
    0xA001, 1, 0x9C4A, 1, 0x39E9, 1, 0xF6CE, 3,
    0x9C4A, 4, 0x2125, 1, 0x3186, 1, 0x2125, 1,
    0x3186, 1, 0x7000, 1, 0x20A3, 1, 0x10A3, 1,
    0x0862, 1, 0x20A3, 3, 0x2125, 1, 0x20A3, 1,
    0x39E9, 1, 0x18C5, 12, 0x3186, 1, 0x8986, 4,
    0x7125, 1, 0x2000, 2, 0x6000, 1, 0x7062, 1,
    0x4A6A, 2, 0x7062, 1, 0x39E9, 1, 0x8C0C, 2,
    0x4A6A, 1, 0x4841, 1, 0x4800, 1, 0x5000, 1,
    0x3800, 1, 0x4800, 2, 0x50E5, 1, 0x39E9, 3,
    0x6B2C, 1, 0x4A6A, 1, 0x8C0C, 2, 0x9C4A, 1,
    0x6B2C, 3, 0x4841, 2, 0x8A88, 2, 0x50E5, 1,
    0x4800, 1, 0x5000, 1, 0x39E9, 1, 0x9C4A, 1,
    0x50E5, 1, 0x9C4A, 4, 0x4A6A, 1, 0x6000, 1,
    0x2000, 2, 0x7125, 1, 0x4841, 1, 0x50E5, 1,
    0x39E9, 1, 0x49E9, 2, 0x4A6A, 1, 0x52CC, 3,
    0x6B2C, 1, 0x632D, 1, 0x5AAB, 2, 0x7125, 2,
    0x632D, 2, 0x6B8E, 1, 0x9C4A, 1, 0x7411, 1,
    0x6B8E, 1, 0x8CD3, 1, 0x7411, 2, 0x8A88, 1,
    0x3186, 1, 0x39E9, 1, 0xF6CE, 2, 0xB4EC, 2,
    0xD5ED, 1, 0x3186, 3, 0x20A3, 1, 0x9C4A, 1,
    0x39E9, 1, 0xA001, 2, 0x39E9, 2, 0x9C4A, 3,
    0x2926, 1, 0x9C4A, 1, 0x20E5, 1, 0x2926, 1,
    0x3186, 1, 0x2125, 1, 0x9C4A, 1, 0x20A3, 2,
    0x10A3, 1, 0x20A3, 1, 0x10A3, 1, 0x0862, 1,
    0x20A3, 1, 0x2125, 2, 0x3186, 1, 0x18C5, 11,
    0x7125, 1, 0x8986, 1, 0x9083, 2, 0x8000, 1,
    0x7125, 1, 0x3000, 3, 0x6000, 1, 0x4A6A, 2,
    0x7125, 1, 0x20A3, 1, 0x39E9, 2, 0x8C0C, 1,
    0x39E9, 2, 0x4841, 1, 0x39E9, 1, 0x5000, 2,
    0x4800, 2, 0x5000, 2, 0x4800, 2, 0x4841, 2,
    0x9C4A, 2, 0x6B2C, 2, 0x8A88, 2, 0x50E5, 3,
    0x9C4A, 3, 0x50E5, 1, 0x632D, 1, 0x9C4A, 4,
    0x52CC, 1, 0x6000, 1, 0x2000, 2, 0x7125, 1,
    0x4841, 1, 0x50E5, 3, 0x4A6A, 2, 0x52CC, 2,
    0x6B2C, 1, 0xB4EC, 1, 0x9C4A, 1, 0x6B8E, 1,
    0x50E5, 1, 0x2125, 1, 0x7125, 2, 0x3186, 1,
    0x632D, 1, 0x3186, 1, 0x9C4A, 1, 0x3186, 1,
    0x6B8E, 1, 0x7411, 2, 0x6B8E, 2, 0x39E9, 1,
    0xF6CE, 3, 0xB4EC, 2, 0x7411, 1, 0x3186, 1,
    0x20A3, 2, 0xF6CE, 1, 0x9C4A, 1, 0x39E9, 1,
    0xA001, 1, 0x9083, 1, 0x6B2C, 1, 0x39E9, 1,
    0x3186, 3, 0x2926, 1, 0x6B2C, 1, 0x10A3, 1,
    0x2125, 3, 0x3186, 1, 0x3800, 1, 0x20A3, 2,
    0x10A3, 3, 0x0862, 1, 0x2125, 2, 0x2926, 1,
    0x18C5, 10, 0x7062, 1, 0x3186, 1, 0x6000, 2,
    0x7062, 1, 0x50E5, 1, 0x4841, 1, 0x50E5, 1,
    0x2000, 1, 0x6000, 1, 0x7125, 2, 0x4A6A, 1,
    0x7062, 2, 0x10A3, 1, 0x4A6A, 1, 0x8C0C, 2,
    0x50E5, 1, 0x4841, 1, 0x8A88, 2, 0x50E5, 1,
    0x4841, 1, 0x4800, 4, 0x3000, 4, 0x4800, 1,
    0x8A88, 1, 0x9C4A, 1, 0x8A88, 4, 0x9C4A, 2,
    0x7000, 1, 0x52CC, 1, 0x9C4A, 3, 0x8C0C, 2,
    0x52CC, 1, 0x4841, 1, 0x2000, 2, 0x7125, 1,
    0x4841, 1, 0x50E5, 2, 0x39E9, 2, 0x49E9, 2,
    0x52CC, 2, 0x8C0C, 1, 0xB4EC, 1, 0x3186, 1,
    0x2125, 1, 0x7062, 4, 0x7800, 1, 0x2125, 1,
    0x3186, 2, 0x6B8E, 1, 0x632D, 2, 0x6B8E, 1,
    0x7411, 1, 0x39E9, 1, 0x9C4A, 1, 0xF6CE, 3,
    0xB4EC, 1, 0x9C4A, 1, 0x39E9, 1, 0x20A3, 1,
    0xF6CE, 3, 0x9C4A, 1, 0x39E9, 1, 0xA001, 1,
    0x9083, 2, 0x8A88, 1, 0x3186, 1, 0x9083, 2,
    0x2926, 1, 0x6B2C, 1, 0x20E5, 1, 0x2926, 1,
    0x3186, 1, 0x20A3, 1, 0x49E9, 1, 0x3800, 1,
    0x0862, 1, 0x20A3, 1, 0x0862, 1, 0x20A3, 2,
    0x10A3, 1, 0x20A3, 1, 0x3186, 1, 0x18C5, 11,
    0x6000, 2, 0x7000, 2, 0x7125, 1, 0x4841, 2,
    0x50E5, 1, 0x2000, 1, 0x5000, 2, 0x39E9, 1,
    0x50E5, 1, 0x7125, 1, 0x7062, 1, 0x10A3, 1,
    0x39E9, 2, 0x9C4A, 1, 0x8C0C, 1, 0x5000, 2,
    0x3186, 4, 0x4841, 2, 0x4800, 7, 0x4841, 1,
    0x7125, 2, 0x3186, 1, 0x4800, 1, 0x9C4A, 3,
    0x20E5, 1, 0x6000, 1, 0x20A3, 1, 0x4A6A, 1,
    0x8C0C, 1, 0x632D, 1, 0x4841, 1, 0x2000, 2,
    0x7125, 1, 0x5000, 1, 0x50E5, 2, 0x39E9, 2,
    0x4A6A, 3, 0x8C0C, 2, 0xB4EC, 2, 0x4841, 1,
    0x18C5, 1, 0x7800, 1, 0x6000, 1, 0x7062, 1,
    0x7800, 2, 0x2926, 1, 0x2125, 1, 0x2926, 1,
    0x6B8E, 1, 0x632D, 1, 0x6B8E, 3, 0x9C4A, 1,
    0xF6CE, 4, 0x39E9, 1, 0xA001, 1, 0x6B8E, 1,
    0x9C4A, 1, 0xF6CE, 1, 0x9C4A, 2, 0x8A88, 1,
    0x2125, 1, 0x8A88, 1, 0x9083, 3, 0x2926, 3,
    0x0862, 1, 0x3186, 1, 0x2125, 2, 0x3186, 1,
    0x20A3, 1, 0x5AAB, 1, 0x10A3, 2, 0x20A3, 1,
    0x0862, 1, 0x20A3, 1, 0x3800, 1, 0x3186, 1,
    0x20A3, 1, 0x7125, 1, 0x18C5, 11, 0x7000, 3,
    0x7062, 1, 0x7125, 1, 0x4841, 2, 0x50E5, 1,
    0x2000, 1, 0x5000, 1, 0x4841, 1, 0x39E9, 1,
    0x50E5, 3, 0x5000, 2, 0x3186, 1, 0x8A88, 1,
    0x6B2C, 1, 0x8C0C, 3, 0x4800, 2, 0x3000, 1,
    0x4841, 1, 0x3186, 2, 0x4841, 1, 0x4800, 1,
    0x4841, 4, 0x8A88, 2, 0x3000, 1, 0x8C0C, 1,
    0x9C4A, 2, 0x39E9, 1, 0x20A3, 1, 0x6000, 3,
    0x7125, 1, 0x7062, 1, 0x6000, 2, 0x2000, 1,
    0x7125, 1, 0x4841, 2, 0x50E5, 2, 0x49E9, 3,
    0x4A6A, 2, 0x52CC, 1, 0xB4EC, 2, 0x7125, 1,
    0x0862, 2, 0x18C5, 4, 0x6000, 1, 0x5000, 1,
    0x2926, 1, 0x3186, 1, 0x7411, 1, 0x2926, 1,
    0x39E9, 1, 0x6B8E, 1, 0x3186, 1, 0x9C4A, 1,
    0xF6CE, 4, 0x39E9, 1, 0xA001, 1, 0x6B8E, 1,
    0x3186, 1, 0x9C4A, 1, 0x3186, 2, 0x6B2C, 1,
    0x20A3, 1, 0x9083, 1, 0x4A6A, 1, 0x2926, 2,
    0x10A3, 3, 0x3186, 1, 0x2125, 3, 0x3186, 1,
    0x20A3, 1, 0x2125, 1, 0x3186, 1, 0x20A3, 4,
    0x3186, 1, 0x2125, 2, 0x8986, 1, 0x18C5, 11,
    0x7000, 2, 0x8C0C, 2, 0x7125, 1, 0x50E5, 1,
    0x4841, 2, 0x49E9, 1, 0x2000, 1, 0x5000, 1,
    0x39E9, 2, 0x50E5, 2, 0x5000, 3, 0x10A3, 1,
    0x3186, 1, 0x8A88, 1, 0x6B2C, 4, 0x10A3, 1,
    0x39E9, 2, 0x6B2C, 1, 0x8C0C, 3, 0x39E9, 1,
    0x6B2C, 1, 0x8C0C, 3, 0x39E9, 1, 0x10A3, 2,
    0x6000, 5, 0x7125, 1, 0x6000, 1, 0x3000, 3,
    0x5000, 2, 0x4841, 1, 0x50E5, 3, 0x49E9, 3,
    0x4A6A, 2, 0xB4EC, 1, 0x3186, 1, 0x39E9, 1,
    0x7800, 1, 0x0862, 3, 0x39E9, 1, 0x6B8E, 1,
    0x3186, 1, 0x18C5, 1, 0x7000, 1, 0x3186, 1,
    0x632D, 1, 0x3189, 1, 0x2926, 1, 0x6B8E, 2,
    0x4841, 1, 0xF6CE, 5, 0x3186, 1, 0xA001, 1,
    0x8A88, 2, 0x3186, 2, 0x8986, 1, 0x8A88, 1,
    0x20E5, 1, 0x2926, 1, 0x0862, 2, 0x10A3, 1,
    0x3186, 1, 0x3800, 1, 0x3186, 2, 0x20E5, 2,
    0x20A3, 1, 0x3186, 1, 0x20A3, 1, 0x2125, 1,
    0x5AAB, 1, 0x3800, 2, 0x20A3, 1, 0x3800, 1,
    0x5AAB, 1, 0x2125, 1, 0x3186, 1, 0x8986, 1,
    0x18C5, 11, 0x7000, 1, 0x7062, 1, 0x8C0C, 1,
    0x9C4A, 1, 0x2125, 1, 0x4841, 3, 0x50E5, 1,
    0x2000, 1, 0x5000, 2, 0x50E5, 1, 0x4841, 1,
    0x50E5, 2, 0x4841, 1, 0x5000, 3, 0x10A3, 2,
    0x3189, 3, 0x10A3, 1, 0x0862, 1, 0x6B2C, 1,
    0x8A88, 2, 0x3189, 2, 0x10A3, 2, 0x8A88, 1,
    0x10A3, 1, 0x0862, 1, 0x5000, 2, 0x4841, 1,
    0x50E5, 2, 0x39E9, 2, 0x5000, 1, 0x6000, 1,
    0x2000, 2, 0x7125, 1, 0x5000, 1, 0x50E5, 7,
    0x49E9, 3, 0x52CC, 1, 0x6B8E, 1, 0x7062, 1,
    0x7125, 1, 0x0862, 3, 0x2125, 1, 0x3186, 1,
    0x7125, 4, 0x3186, 5, 0x4841, 1, 0x9C4A, 1,
    0xF6CE, 5, 0x2125, 1, 0x3186, 1, 0x7062, 1,
    0x8A88, 1, 0x9083, 2, 0x4A6A, 1, 0x3186, 1,
    0x0862, 2, 0x3186, 6, 0x20E5, 4, 0x3186, 1,
    0x2926, 1, 0x2125, 2, 0x0862, 1, 0x3186, 1,
    0x0862, 1, 0x3186, 1, 0x2125, 1, 0x20A3, 1,
    0x8986, 1, 0x2125, 1, 0x18C5, 10, 0x7000, 2,
    0x7125, 1, 0x9C4A, 2, 0x20A3, 2, 0x4841, 2,
    0x5000, 1, 0x50E5, 1, 0x2000, 2, 0x0862, 1,
    0x5000, 3, 0x4841, 3, 0x5000, 2, 0x4841, 1,
    0x4800, 1, 0x3800, 1, 0x5000, 5, 0x2000, 1,
    0x3800, 2, 0x5000, 5, 0x4841, 1, 0x50E5, 3,
    0x39E9, 1, 0x4841, 1, 0x5000, 2, 0x2000, 1,
    0x50E5, 1, 0x4841, 2, 0x8986, 1, 0x9083, 1,
    0x8800, 1, 0x8000, 1, 0x50E5, 4, 0x20E5, 2,
    0x3186, 3, 0x6000, 1, 0x0862, 3, 0x7125, 2,
    0x2926, 1, 0x20A3, 1, 0x7125, 2, 0x8986, 1,
    0x3186, 1, 0x52CC, 1, 0x3186, 1, 0x2926, 1,
    0x10A3, 2, 0x9C4A, 1, 0xF6CE, 5, 0x10A3, 1,
    0x3186, 1, 0x9083, 2, 0x4A6A, 2, 0x0862, 1,
    0x4800, 1, 0x3800, 1, 0x3186, 6, 0x20E5, 5,
    0x2926, 1, 0x7125, 1, 0x0862, 1, 0x20A3, 1,
    0x49E9, 1, 0x5AAB, 3, 0x10A3, 1, 0x20A3, 1,
    0x8986, 1, 0x0862, 1, 0x18C5, 10, 0x5000, 1,
    0x7000, 1, 0x2125, 1, 0x9C4A, 2, 0x6B2C, 1,
    0x20A3, 1, 0x4841, 3, 0x49E9, 2, 0x50E5, 2,
    0x0862, 1, 0x5000, 3, 0x4841, 6, 0x5000, 13,
    0x50E5, 2, 0x4841, 1, 0x39E9, 1, 0x50E5, 1,
    0x5000, 2, 0x2000, 1, 0x50E5, 1, 0x4841, 3,
    0x8986, 3, 0x8800, 2, 0x8000, 4, 0x50E5, 1,
    0x7125, 1, 0x39E9, 1, 0x7062, 1, 0x7800, 1,
    0x7062, 1, 0x0862, 3, 0x8986, 1, 0x2125, 2,
    0x0862, 1, 0x20A3, 1, 0x2926, 1, 0x8986, 1,
    0x7125, 1, 0x20E5, 1, 0x3186, 1, 0x2125, 1,
    0x10A3, 1, 0x9C4A, 1, 0xF6CE, 4, 0xD5ED, 2,
    0x6B2C, 1, 0x2125, 1, 0x4A6A, 2, 0x0862, 3,
    0x3800, 1, 0x3186, 5, 0x632D, 3, 0x0000, 1,
    0x20E5, 3, 0x2926, 1, 0x8986, 1, 0x20A3, 1,
    0x0862, 1, 0x2125, 4, 0x20A3, 1, 0x3186, 1,
    0x7125, 1, 0x18C5, 11, 0x5000, 1, 0x7000, 1,
    0x4A6A, 1, 0x9C4A, 2, 0x52CC, 1, 0x39E9, 1,
    0x20A3, 1, 0x50E5, 1, 0x4841, 4, 0x50E5, 2,
    0x0862, 1, 0x3800, 4, 0x4841, 4, 0x5000, 18,
    0x7125, 1, 0x4841, 3, 0x50E5, 2, 0x8986, 1,
    0x8A88, 1, 0x9083, 1, 0x8800, 4, 0x8000, 3,
    0xA001, 1, 0x8800, 1, 0x8000, 1, 0x7062, 1,
    0x6000, 1, 0x10A3, 3, 0x8986, 1, 0x3186, 1,
    0x20A3, 2, 0x2125, 1, 0x10A3, 1, 0x0862, 1,
    0x2125, 1, 0x8986, 1, 0x20E5, 2, 0x7000, 1,
    0x6000, 1, 0xD5ED, 1, 0xF6CE, 2, 0xD5ED, 1,
    0x9C4A, 1, 0x6B2C, 1, 0x9C4A, 2, 0x2926, 1,
    0x0862, 3, 0x4800, 2, 0x3800, 1, 0x3186, 4,
    0x52CC, 3, 0x0000, 1, 0x20E5, 4, 0x3186, 3,
    0x2125, 2, 0x0862, 1, 0x20A3, 1, 0x0862, 1,
    0x7125, 2, 0x18C5, 12, 0x5000, 1, 0x7000, 1,
    0x4A6A, 1, 0x6B2C, 1, 0x632D, 1, 0x4A6A, 2,
    0x20A3, 1, 0x4841, 6, 0x5000, 1, 0x0862, 8,
    0x3800, 5, 0x3000, 2, 0x5000, 7, 0x0862, 1,
    0x2000, 2, 0x0862, 1, 0x7125, 1, 0x6000, 1,
    0x4841, 2, 0x50E5, 1, 0x39E9, 1, 0x3186, 1,
    0xB4EC, 4, 0x8800, 4, 0xA001, 3, 0x8800, 1,
    0x7800, 2, 0x0862, 3, 0x2125, 1, 0x7125, 1,
    0x20A3, 1, 0x2125, 1, 0x5AAB, 3, 0x2125, 1,
    0x20A3, 1, 0x7125, 1, 0x20E5, 1, 0x3186, 1,
    0x7000, 1, 0x3000, 1, 0xD5ED, 3, 0x9C4A, 1,
    0x3186, 2, 0x9C4A, 2, 0x0862, 1, 0x3186, 1,
    0x3000, 1, 0x4800, 3, 0x3186, 1, 0x7411, 5,
    0x20E5, 1, 0x3186, 1, 0x20E5, 6, 0x3186, 1,
    0x7125, 2, 0x20A3, 1, 0x2125, 2, 0x20A3, 1,
    0x7125, 1, 0x18C5, 13, 0x5000, 1, 0x4800, 1,
    0x20E5, 1, 0x6B2C, 1, 0x52CC, 1, 0x6B8E, 1,
    0x4A6A, 2, 0x10A3, 1, 0x4841, 3, 0x5000, 5,
    0x7125, 7, 0x50E5, 1, 0x0862, 7, 0x3000, 2,
    0x7125, 2, 0x0862, 1, 0x49E9, 2, 0x4A6A, 1,
    0x4841, 3, 0x20E5, 3, 0xB4EC, 6, 0x9083, 1,
    0x8000, 1, 0xA001, 5, 0x8800, 1, 0x7800, 2,
    0x10A3, 1, 0x20E5, 1, 0x10A3, 1, 0x7125, 1,
    0x2926, 1, 0x2125, 2, 0x0862, 1, 0x3186, 2,
    0x2125, 1, 0x20A3, 1, 0x3186, 1, 0x5000, 1,
    0x2926, 1, 0x6000, 1, 0x8A88, 1, 0xD5ED, 1,
    0x9C4A, 2, 0x3186, 1, 0x3800, 1, 0x3186, 1,
    0x9C4A, 1, 0x6B2C, 1, 0x3186, 1, 0x3000, 1,
    0x4800, 3, 0x3186, 1, 0x632D, 5, 0x20E5, 9,
    0x3186, 1, 0x7125, 2, 0x3186, 2, 0x2926, 1,
    0x8986, 1, 0x3186, 1, 0x18C5, 13, 0x5000, 1,
    0x4800, 1, 0x4A6A, 1, 0x52CC, 2, 0x6B8E, 1,
    0x632D, 1, 0x6B8E, 1, 0x2125, 1, 0x7062, 3,
    0x5000, 15, 0x50E5, 6, 0x5000, 1, 0x4841, 7,
    0x50E5, 1, 0x20E5, 2, 0x39E9, 1, 0xB4EC, 6,
    0x8986, 1, 0x8A88, 1, 0xA001, 6, 0x8800, 1,
    0x8000, 2, 0x20E5, 2, 0x20A3, 1, 0x7125, 1,
    0x20A3, 1, 0x5AAB, 1, 0x3186, 1, 0x20A3, 1,
    0x3800, 2, 0x2125, 2, 0x3186, 1, 0x7000, 1,
    0x20E5, 1, 0x5000, 1, 0x9C4A, 3, 0x3186, 1,
    0x3800, 2, 0x6B2C, 2, 0x3186, 1, 0x3000, 1,
    0x4800, 3, 0x3800, 1, 0x52CC, 5, 0x2125, 1,
    0x7411, 2, 0x20E5, 1, 0x0000, 1, 0x20E5, 3,
    0x10A3, 2, 0x20A3, 1, 0x7125, 2, 0x8986, 1,
    0x7125, 1, 0x3186, 1, 0x6B8E, 1, 0x18C5, 14,
    0x4800, 2, 0x4A6A, 1, 0x0862, 1, 0x4A6A, 1,
    0x0862, 1, 0x52CC, 2, 0x632D, 1, 0x6B8E, 1,
    0x7062, 1, 0x7000, 1, 0x5000, 2, 0x6000, 5,
    0x5000, 16, 0x4841, 5, 0x20E5, 1, 0x52CC, 3,
    0xB4EC, 4, 0x5AAB, 2, 0x39E9, 1, 0xB4EC, 1,
    0x8A88, 1, 0xA001, 5, 0x8000, 3, 0x7800, 1,
    0x20E5, 1, 0x10A3, 1, 0x3186, 2, 0x20A3, 1,
    0x3186, 1, 0x10A3, 1, 0x20A3, 2, 0x3800, 1,
    0x3186, 1, 0x2125, 1, 0x3186, 1, 0x2926, 1,
    0x52CC, 1, 0x3186, 1, 0x9C4A, 2, 0x3186, 1,
    0x3800, 2, 0x3186, 1, 0x6B2C, 1, 0x3186, 1,
    0x3000, 1, 0x4800, 3, 0x3000, 1, 0x2125, 1,
    0x20E5, 1, 0x2125, 4, 0x18C5, 3, 0x0862, 1,
    0x8CD3, 1, 0x2125, 1, 0x20E5, 1, 0x10A3, 1,
    0x20E5, 1, 0x10A3, 3, 0x2125, 1, 0x7125, 1,
    0x39E9, 2, 0x18C5, 15, 0x4800, 2, 0x3800, 1,
    0x4800, 1, 0x5000, 1, 0x4A6A, 1, 0x20A3, 1,
    0x10A3, 1, 0x0862, 1, 0x10A3, 1, 0x5000, 4,
    0x6000, 8, 0x7000, 7, 0x5000, 3, 0x6000, 3,
    0x4841, 4, 0x20E5, 1, 0x52CC, 3, 0x7411, 2,
    0xB4EC, 1, 0xF6CE, 2, 0x8CD3, 1, 0x2125, 2,
    0x8CD3, 1, 0xA001, 5, 0x7800, 1, 0x8000, 3,
    0x7800, 1, 0x10A3, 2, 0x8986, 1, 0x2125, 1,
    0x20A3, 1, 0x10A3, 1, 0x20A3, 1, 0x0862, 1,
    0x20A3, 2, 0x0862, 1, 0x2125, 1, 0x2926, 1,
    0x3186, 1, 0x4841, 1, 0x8A88, 1, 0x9C4A, 1,
    0x6B2C, 1, 0x3186, 1, 0x4800, 1, 0x3800, 1,
    0x3186, 2, 0x3000, 1, 0x4800, 3, 0x4841, 1,
    0xD5ED, 1, 0x2125, 1, 0x39E9, 3, 0x3186, 1,
    0x2125, 1, 0x0000, 1, 0x18C5, 1, 0x0000, 1,
    0x18C5, 11, 0x20E5, 1, 0x18C5, 16, 0x4800, 1,
    0x3000, 2, 0x4800, 1, 0x5000, 2, 0x7000, 2,
    0x52CC, 1, 0x5000, 4, 0x6000, 9, 0x7000, 10,
    0x8000, 1, 0x8800, 2, 0x7062, 1, 0x632D, 1,
    0x3186, 1, 0x8CD3, 1, 0x7411, 2, 0x8CD3, 4,
    0xF6CE, 1, 0x8CD3, 3, 0x2125, 2, 0x8CD3, 1,
    0xA001, 2, 0x8800, 2, 0x8000, 1, 0x7800, 1,
    0x8000, 2, 0x7800, 1, 0x10A3, 3, 0x7125, 1,
    0x20A3, 1, 0x5AAB, 1, 0x20A3, 1, 0x0862, 2,
    0x10A3, 1, 0x20A3, 1, 0x0862, 1, 0x5AAB, 1,
    0x2926, 1, 0x39E9, 1, 0x3186, 1, 0x6B2C, 2,
    0x3800, 2, 0x4800, 1, 0x3800, 1, 0x3186, 1,
    0x3000, 1, 0x4800, 2, 0x4841, 1, 0x18C5, 6,
    0x7411, 3, 0x2125, 1, 0x0862, 2, 0x18C5, 28,
    0x4800, 1, 0x3000, 2, 0x4800, 1, 0x5000, 3,
    0x7000, 6, 0x6000, 9, 0x7000, 10, 0x7800, 3,
    0x7062, 1, 0x7411, 3, 0x6B8E, 3, 0x8CD3, 4,
    0x2125, 1, 0x8CD3, 1, 0x39E9, 1, 0x8CD3, 2,
    0xB4EC, 1, 0x8000, 8, 0x7800, 1, 0x10A3, 3,
    0x3186, 1, 0x20A3, 1, 0x3186, 1, 0x20A3, 1,
    0x0862, 1, 0x10A3, 2, 0x20A3, 2, 0x2125, 2,
    0x39E9, 1, 0x8A88, 1, 0x3186, 1, 0x3800, 1,
    0x3000, 1, 0x10A3, 1, 0x4800, 1, 0x3800, 1,
    0x3000, 1, 0x4800, 2, 0x4841, 1, 0x18C5, 11,
    0x8CD3, 1, 0x20E5, 1, 0x18C5, 28, 0x3000, 3,
    0x4800, 1, 0x5000, 3, 0x6000, 1, 0x7000, 5,
    0x8000, 7, 0x6000, 1, 0x7000, 12, 0x7800, 2,
    0x7062, 1, 0x20E5, 1, 0x10A3, 1, 0x6B8E, 2,
    0x20E5, 2, 0x2125, 1, 0x8CD3, 1, 0x20E5, 2,
    0x8CD3, 1, 0x2125, 1, 0x8CD3, 1, 0xA001, 1,
    0x8800, 2, 0x8000, 4, 0x7800, 2, 0x8000, 2,
    0x7800, 1, 0x10A3, 1, 0x20E5, 1, 0x20A3, 1,
    0x2926, 1, 0x2125, 1, 0x3186, 1, 0x0862, 1,
    0x10A3, 1, 0x20A3, 2, 0x0862, 1, 0x6000, 1,
    0x7125, 1, 0x2926, 1, 0x39E9, 1, 0x3186, 1,
    0x0862, 2, 0x10A3, 1, 0x3800, 1, 0x4800, 1,
    0x3000, 1, 0x4800, 1, 0x4841, 1, 0x18C5, 43,
    0x3000, 3, 0x5000, 4, 0x6000, 2, 0x7000, 2,
    0x6000, 1, 0x7000, 1, 0x8000, 8, 0x8800, 9,
    0xA001, 4, 0x8800, 1, 0x8A88, 2, 0x7411, 1,
    0x10A3, 1, 0x20E5, 1, 0x2926, 1, 0x8CD3, 1,
    0x8800, 3, 0x8000, 2, 0x7800, 1, 0x8800, 1,
    0x8000, 6, 0x7800, 3, 0x8000, 2, 0x7800, 1,
    0x20E5, 2, 0x20A3, 1, 0x2125, 2, 0x0862, 1,
    0x20A3, 2, 0x0862, 1, 0x6000, 1, 0x0862, 1,
    0x20A3, 1, 0x2125, 1, 0x2926, 1, 0x3186, 2,
    0x10A3, 1, 0x0862, 1, 0x10A3, 1, 0x3800, 1,
    0x4800, 1, 0x4841, 2, 0x18C5, 44, 0x3000, 3,
    0x4800, 1, 0x5000, 3, 0x6000, 5, 0x7000, 2,
    0x8000, 1, 0x8800, 4, 0xA001, 1, 0x8800, 10,
    0xA001, 3, 0x8800, 12, 0x8000, 2, 0x7800, 1,
    0x8000, 7, 0x7800, 6, 0x20E5, 2, 0x2125, 3,
    0x0862, 1, 0x20A3, 1, 0x6000, 1, 0x0862, 1,
    0x20A3, 1, 0x10A3, 1, 0x0862, 1, 0x5AAB, 1,
    0x3186, 1, 0x2926, 1, 0x10A3, 4, 0x4800, 2,
    0x18C5, 47, 0x3000, 2, 0x4800, 1, 0x5000, 3,
    0x6000, 2, 0x7000, 5, 0x8800, 1, 0xA001, 3,
    0x9083, 1, 0x8986, 1, 0x8800, 1, 0xA001, 7,
    0x8800, 2, 0xA001, 3, 0x8800, 12, 0x8000, 8,
    0x7800, 8, 0x20E5, 2, 0x2926, 1, 0x2125, 1,
    0x7062, 1, 0x20A3, 3, 0x0862, 1, 0x10A3, 1,
    0x20A3, 1, 0x0862, 1, 0x2125, 1, 0x3186, 1,
    0x3000, 1, 0x10A3, 3, 0x4800, 2, 0x18C5, 48,
    0x3000, 3, 0x5000, 3, 0x6000, 1, 0x7000, 1,
    0x6000, 2, 0x7000, 3, 0x8800, 1, 0x7000, 3,
    0x9083, 1, 0x8986, 2, 0x9083, 1, 0x8986, 2,
    0x9083, 1, 0xA001, 4, 0x8800, 1, 0xA001, 3,
    0x8800, 13, 0x8000, 7, 0x7800, 7, 0x10A3, 3,
    0x2125, 1, 0x20A3, 1, 0x7062, 1, 0x0862, 1,
    0x10A3, 4, 0x20A3, 1, 0x3186, 1, 0x2125, 1,
    0x3186, 1, 0x10A3, 2, 0x4841, 1, 0x4800, 1,
    0x18C5, 51, 0x3000, 2, 0x5000, 4, 0x6000, 2,
    0x4800, 1, 0x5000, 2, 0x6000, 1, 0x7000, 1,
    0x2000, 1, 0x3000, 1, 0x7000, 1, 0x8800, 1,
    0x9083, 2, 0x7000, 1, 0x9083, 2, 0x8800, 1,
    0x7800, 3, 0xA001, 1, 0x8800, 1, 0xA001, 3,
    0x8800, 14, 0x8000, 3, 0x7800, 10, 0x20E5, 3,
    0x2125, 3, 0x0862, 4, 0x20A3, 1, 0x3800, 1,
    0x5AAB, 1, 0x20A3, 1, 0x3186, 1, 0x4800, 2,
    0x18C5, 53, 0x2000, 1, 0x3000, 1, 0x5000, 4,
    0x7000, 1, 0x6000, 1, 0x4800, 1, 0x3000, 1,
    0x2000, 2, 0x3000, 1, 0x0000, 1, 0x3000, 2,
    0x0862, 2, 0x2000, 3, 0x0862, 2, 0x3000, 2,
    0x7800, 1, 0xA001, 1, 0x8800, 1, 0xA001, 5,
    0x8800, 4, 0x8000, 1, 0x8800, 6, 0x8000, 1,
    0x7800, 13, 0x2125, 6, 0x3186, 1, 0x20A3, 1,
    0x0862, 2, 0x20A3, 1, 0x3800, 1, 0x2125, 1,
    0x20A3, 1, 0x7125, 1, 0x4800, 1, 0x18C5, 54,
    0x2000, 2, 0x3000, 1, 0x5000, 3, 0x7000, 1,
    0x4800, 1, 0x0862, 1, 0x2000, 1, 0x0000, 5,
    0x0862, 4, 0x0000, 1, 0x0862, 4, 0x3000, 1,
    0x2000, 1, 0x7000, 2, 0x7800, 5, 0x8800, 4,
    0x8000, 1, 0x8800, 6, 0x8000, 1, 0x7800, 11,
    0x6000, 2, 0x2125, 6, 0x3186, 1, 0x20A3, 4,
    0x3186, 1, 0x2125, 2, 0x7125, 1, 0x18C5, 56,
    0x2000, 1, 0x3000, 1, 0x5000, 3, 0x8000, 1,
    0xA001, 1, 0x9083, 1, 0x8000, 1, 0x4841, 1,
    0x7062, 1, 0x3186, 1, 0x0000, 1, 0x6B8E, 2,
    0x7411, 1, 0x8CD3, 5, 0x0862, 2, 0x0000, 2,
    0x3000, 5, 0x4800, 1, 0x6000, 1, 0x8800, 3,
    0x7800, 1, 0x8800, 7, 0x8000, 1, 0x7800, 10,
    0x7000, 1, 0x6000, 1, 0x20E5, 4, 0x20A3, 1,
    0x2926, 1, 0x20A3, 1, 0x5AAB, 1, 0x10A3, 1,
    0x20A3, 2, 0x3800, 1, 0x5AAB, 1, 0x0862, 1,
    0x3186, 1, 0x18C5, 58, 0x2000, 3, 0x5000, 1,
    0x6000, 1, 0xA001, 1, 0x8986, 1, 0xA001, 1,
    0x8800, 1, 0xA001, 1, 0x9083, 1, 0x8986, 2,
    0x9C4A, 1, 0x8CD3, 2, 0xF6CE, 1, 0x8CD3, 1,
    0xF6CE, 1, 0x8CD3, 3, 0x7411, 1, 0x6B8E, 1,
    0x0000, 5, 0x2000, 1, 0x10A3, 1, 0x8000, 2,
    0x8800, 5, 0x8000, 1, 0x8800, 3, 0x8000, 1,
    0x7800, 6, 0x7000, 2, 0x6000, 4, 0x20E5, 4,
    0x20A3, 1, 0x3186, 1, 0x20A3, 1, 0x2125, 1,
    0x3186, 2, 0x0862, 1, 0x5AAB, 1, 0x2125, 1,
    0x2926, 1, 0x8986, 1, 0x18C5, 59, 0x2000, 3,
    0x3000, 1, 0xA001, 2, 0x7800, 1, 0x7000, 2,
    0x9083, 2, 0x7800, 1, 0x8000, 3, 0xA001, 3,
    0xF6CE, 1, 0x8CD3, 3, 0xB4EC, 1, 0x8986, 1,
    0x8A88, 1, 0x39E9, 1, 0x9083, 2, 0xA001, 1,
    0x8986, 2, 0x6000, 1, 0xA001, 1, 0x8800, 7,
    0x8000, 2, 0x7800, 6, 0x6000, 2, 0x5000, 1,
    0x4800, 2, 0x20E5, 6, 0x7125, 1, 0x2125, 1,
    0x20A3, 1, 0x5AAB, 1, 0x2125, 1, 0x5AAB, 1,
    0x2125, 1, 0x10A3, 1, 0x7125, 1, 0x8986, 1,
    0x18C5, 61, 0x2000, 2, 0x3800, 2, 0x4800, 3,
    0x7000, 3, 0x6000, 2, 0x5000, 3, 0x8800, 1,
    0xA001, 2, 0x8800, 3, 0x8000, 1, 0x9083, 1,
    0x8986, 1, 0xA001, 5, 0x8986, 1, 0xA001, 2,
    0x8800, 6, 0x7800, 2, 0x7000, 4, 0x6000, 3,
    0x3000, 2, 0x2000, 2, 0x20E5, 6, 0x8986, 1,
    0x3186, 1, 0x20A3, 1, 0x2125, 3, 0x0862, 1,
    0x20A3, 1, 0x7125, 1, 0x18C5, 64, 0x2000, 1,
    0x3000, 4, 0x4800, 2, 0x5000, 2, 0x4800, 1,
    0x3800, 1, 0x3000, 2, 0x6000, 1, 0x5000, 1,
    0x6000, 3, 0x7000, 1, 0x7800, 1, 0x8000, 1,
    0x8800, 4, 0xA001, 6, 0x8800, 5, 0x6000, 3,
    0x5000, 3, 0x4800, 1, 0x3800, 1, 0x3000, 2,
    0x2000, 3, 0x20E5, 6, 0x3186, 1, 0x7125, 1,
    0x2926, 1, 0x0862, 1, 0x20A3, 3, 0x7125, 1,
    0x3186, 1, 0x18C5, 69, 0x3000, 6, 0x2000, 1,
    0x3000, 4, 0x3800, 1, 0x5000, 4, 0x6000, 10,
    0x5000, 1, 0x4800, 5, 0x3000, 3, 0x2000, 7,
    0x3800, 1, 0x20E5, 4, 0x2125, 2, 0x20E5, 1,
    0x20A3, 1, 0x8986, 1, 0x7125, 1, 0x20A3, 1,
    0x2125, 1, 0x2926, 1, 0x7125, 1, 0x3186, 1,
    0x18C5, 76, 0x2000, 5, 0x3000, 5, 0x3800, 7,
    0x6000, 2, 0x3800, 1, 0x3000, 1, 0x2000, 5,
    0x3000, 2, 0x3800, 1, 0x3000, 1, 0x3800, 1,
    0x3000, 2, 0x18C5, 2, 0x10A3, 3, 0x20E5, 3,
    0x10A3, 1, 0x20E5, 3, 0x2125, 1, 0x8986, 2,
    0x7125, 1, 0x3186, 1, 0x8986, 1, 0x18C5, 90,
    0x2000, 2, 0x3800, 5, 0x2000, 2, 0x18C5, 17,
    0x20E5, 2, 0x10A3, 1, 0x20E5, 1, 0x10A3, 3,
    0x7125, 3, 0x39E9, 1, 0x18C5, 125, 0x20E5, 2,
    0x2125, 1, 0x18C5, 2742, 0x18C5, 2640, 0x8986, 3,
    0x18C5, 123, 0x9083, 1, 0x8986, 8, 0x18C5, 119,
    0x9083, 3, 0x8986, 8, 0x3800, 1, 0x18C5, 115,
    0x7062, 8, 0x9083, 1, 0x8986, 5, 0x3800, 1,
    0x18C5, 113, 0x7800, 9, 0x9083, 2, 0x8986, 7,
    0x632D, 1, 0x8986, 2, 0x632D, 2, 0x8986, 1,
    0x18C5, 104, 0x7800, 9, 0x7062, 2, 0x9083, 1,
    0x7062, 1, 0x9083, 4, 0x8986, 5, 0x632D, 1,
    0x8986, 2, 0x9083, 1, 0x8986, 2, 0x632D, 2,
    0x8986, 2, 0x632D, 1, 0x18C5, 5, 0x8986, 11,
    0x3000, 1, 0x18C5, 77, 0x7800, 12, 0x7062, 1,
    0x7800, 4, 0x7062, 2, 0x9083, 1, 0x8986, 9,
    0x632D, 1, 0x8986, 21, 0x4800, 1, 0x18C5, 76,
    0x7000, 1, 0x6000, 1, 0x7000, 1, 0x6000, 7,
    0x7000, 1, 0x7800, 9, 0x9083, 9, 0x8986, 6,
    0x9083, 4, 0x8986, 2, 0x9083, 4, 0x7062, 3,
    0x9083, 3, 0x5000, 1, 0x18C5, 76, 0x6000, 1,
    0x4800, 1, 0x5000, 8, 0x6000, 1, 0x7800, 14,
    0x8000, 2, 0x7800, 3, 0x9083, 3, 0x7062, 2,
    0x7800, 4, 0x9083, 2, 0x7062, 2, 0x7800, 6,
    0x7062, 2, 0x5000, 1, 0x18C5, 75, 0x4800, 2,
    0x3000, 4, 0x6000, 1, 0x3000, 4, 0x4800, 1,
    0x5000, 1, 0x7000, 9, 0x7800, 31, 0x18C5, 75,
    0x3000, 3, 0x6000, 7, 0x2000, 2, 0x3000, 1,
    0x5000, 8, 0x6000, 2, 0x7000, 1, 0x7800, 6,
    0x7000, 2, 0x7800, 21, 0x18C5, 75, 0x4841, 4,
    0x6000, 8, 0x2000, 2, 0x3000, 9, 0x6000, 9,
    0x7000, 9, 0x7800, 1, 0x7000, 1, 0x6000, 7,
    0x7000, 1, 0x7800, 2, 0x18C5, 72, 0x7125, 1,
    0x7062, 6, 0x6000, 9, 0x7000, 2, 0x7800, 1,
    0x7062, 1, 0x2000, 6, 0x4800, 7, 0x3000, 3,
    0x5000, 8, 0x4800, 1, 0x5000, 9, 0x7800, 2,
    0x18C5, 69, 0x7125, 8, 0x7062, 2, 0x6000, 7,
    0x7000, 3, 0x7062, 4, 0x8986, 8, 0x3000, 3,
    0x2000, 4, 0x3000, 8, 0x2000, 1, 0x3000, 4,
    0x8000, 1, 0x3000, 4, 0x6000, 1, 0x7000, 1,
    0x18C5, 66, 0x4A6A, 2, 0x7125, 2, 0x4A6A, 4,
    0x7125, 3, 0x7062, 1, 0x4841, 2, 0x6000, 4,
    0x7000, 5, 0x7800, 3, 0x7062, 9, 0x8986, 9,
    0x7062, 1, 0x2000, 4, 0x8000, 1, 0x8800, 1,
    0x8000, 4, 0x5000, 2, 0x3000, 3, 0x4800, 1,
    0x6000, 1, 0x18C5, 64, 0x7125, 1, 0x4A6A, 3,
    0x52CC, 4, 0x5AAB, 2, 0x49E9, 2, 0x7125, 2,
    0x6000, 4, 0x7000, 5, 0x7800, 15, 0x7062, 7,
    0x7800, 3, 0x8000, 1, 0x8800, 1, 0x8000, 3,
    0x7062, 1, 0x9083, 2, 0x4841, 1, 0x5000, 2,
    0x3000, 4, 0x4800, 1, 0x18C5, 62, 0x2926, 1,
    0x52CC, 1, 0x2926, 1, 0x8A88, 4, 0x10A3, 1,
    0x3186, 1, 0x7800, 2, 0x8CD3, 3, 0x7411, 2,
    0x52CC, 2, 0x8000, 1, 0x7800, 1, 0x7000, 6,
    0x7800, 22, 0x8000, 4, 0x8800, 2, 0x9083, 1,
    0x8986, 2, 0x4841, 3, 0x3800, 1, 0x3000, 1,
    0x20A3, 2, 0x2000, 1, 0x3000, 1, 0x18C5, 55,
    0x7800, 7, 0x7000, 5, 0x6000, 4, 0x5000, 1,
    0x4800, 5, 0x7800, 2, 0x8A88, 1, 0x2125, 1,
    0x632D, 1, 0x7800, 1, 0x7062, 2, 0x52CC, 3,
    0x7000, 9, 0x7800, 13, 0x8000, 2, 0x9083, 2,
    0x8986, 2, 0x632D, 1, 0x39E9, 1, 0x4841, 2,
    0x3800, 3, 0x20A3, 2, 0x3186, 1, 0x2000, 1,
    0x3000, 1, 0x18C5, 53, 0x7800, 2, 0x8000, 5,
    0x10A3, 2, 0x6B8E, 8, 0xB4EC, 1, 0x52CC, 1,
    0x7062, 1, 0x20A3, 2, 0x6000, 2, 0x5000, 1,
    0x4800, 3, 0x3800, 1, 0x7000, 3, 0x8A88, 1,
    0x632D, 1, 0x6B8E, 1, 0x7411, 6, 0x8CD3, 1,
    0x7000, 4, 0x7800, 7, 0x7000, 1, 0x7800, 1,
    0x8000, 1, 0x9083, 2, 0x632D, 5, 0x39E9, 1,
    0x50E5, 2, 0x3800, 3, 0x20A3, 2, 0x49E9, 2,
    0x3186, 1, 0x6000, 1, 0x18C5, 51, 0x8800, 7,
    0x20E5, 1, 0x6B8E, 3, 0x8986, 2, 0x4A6A, 2,
    0x7411, 1, 0xB4EC, 4, 0x2125, 2, 0x9C4A, 4,
    0x20A3, 1, 0x10A3, 1, 0x6000, 2, 0x5000, 2,
    0x3800, 3, 0x7000, 3, 0x8A88, 1, 0x2125, 3,
    0x20A3, 1, 0x5000, 1, 0x6000, 5, 0x7000, 1,
    0x2125, 1, 0x7000, 3, 0x8000, 1, 0x7800, 2,
    0x8986, 2, 0x632D, 2, 0x6B8E, 2, 0x632D, 1,
    0x39E9, 1, 0x50E5, 2, 0x20A3, 5, 0x49E9, 3,
    0x8A88, 1, 0x3186, 1, 0x18C5, 48, 0x8800, 1,
    0x7800, 3, 0x8986, 5, 0x2926, 2, 0x52CC, 2,
    0x632D, 1, 0x5AAB, 2, 0x49E9, 1, 0x52CC, 3,
    0x632D, 1, 0x52CC, 2, 0xB4EC, 4, 0x2125, 2,
    0x7000, 3, 0x6000, 5, 0x5000, 4, 0x3800, 1,
    0x7000, 2, 0x6000, 1, 0x7000, 1, 0x6000, 3,
    0x7062, 1, 0x5000, 1, 0x6000, 5, 0x7800, 2,
    0x9083, 2, 0x6B8E, 4, 0x632D, 2, 0x50E5, 3,
    0x4841, 1, 0x20A3, 2, 0x20E5, 2, 0x49E9, 3,
    0x8A88, 2, 0x49E9, 1, 0x18C5, 47, 0x7800, 2,
    0x7062, 2, 0x8986, 4, 0x2125, 1, 0x632D, 2,
    0x6B8E, 3, 0xB4EC, 1, 0x9C4A, 3, 0x8C0C, 2,
    0x9C4A, 4, 0x4A6A, 1, 0x632D, 2, 0x5AAB, 1,
    0x7125, 2, 0x7000, 7, 0x6000, 4, 0x7800, 1,
    0x6B8E, 1, 0x7800, 2, 0x7000, 1, 0x6B8E, 4,
    0x2125, 1, 0x632D, 1, 0x6000, 3, 0x7000, 1,
    0x7800, 2, 0x9083, 2, 0x6B8E, 1, 0x7411, 2,
    0x632D, 2, 0x39E9, 3, 0x20A3, 1, 0x10A3, 1,
    0x4841, 2, 0x20E5, 2, 0x49E9, 3, 0x8A88, 4,
    0x18C5, 46, 0x7800, 2, 0x8986, 5, 0x39E9, 2,
    0x6B8E, 5, 0x632D, 1, 0x6B8E, 2, 0x8C0C, 1,
    0x52CC, 2, 0x9C4A, 2, 0x8C0C, 2, 0x9C4A, 1,
    0x52CC, 1, 0x4A6A, 1, 0x49E9, 2, 0x7062, 2,
    0x7000, 9, 0x7800, 1, 0x8986, 1, 0x8A88, 1,
    0x6B8E, 1, 0x3800, 1, 0x7800, 1, 0x6B8E, 1,
    0x7411, 1, 0x39E9, 1, 0x20E5, 1, 0x52CC, 1,
    0x2125, 1, 0x52CC, 1, 0x20E5, 1, 0x632D, 1,
    0x6000, 1, 0x8000, 1, 0x9083, 2, 0x6B8E, 1,
    0x7411, 3, 0x6B8E, 2, 0x49E9, 1, 0x39E9, 1,
    0x20A3, 4, 0x10A3, 3, 0x8A88, 7, 0x9C4A, 1,
    0x18C5, 44, 0x7800, 3, 0x8986, 4, 0x632D, 1,
    0x39E9, 2, 0x6B8E, 3, 0x632D, 1, 0x4A6A, 2,
    0x632D, 1, 0xB4EC, 1, 0x8C0C, 1, 0x52CC, 2,
    0x39E9, 2, 0x632D, 1, 0x9C4A, 2, 0x52CC, 2,
    0x49E9, 2, 0x7125, 2, 0x6000, 5, 0x7000, 3,
    0x7800, 2, 0x8986, 2, 0x20E5, 2, 0x10A3, 2,
    0x7800, 1, 0x4A6A, 1, 0x7411, 2, 0x8CD3, 1,
    0x6B8E, 1, 0x632D, 1, 0x52CC, 1, 0x20A3, 1,
    0x7125, 1, 0x9083, 1, 0x6B8E, 2, 0x7411, 2,
    0x6B8E, 2, 0x49E9, 2, 0x3186, 2, 0x20A3, 2,
    0x3186, 3, 0x9C4A, 3, 0x8A88, 5, 0x49E9, 1,
    0x9C4A, 1, 0x18C5, 43, 0x9083, 1, 0x8986, 3,
    0x632D, 3, 0x8A88, 1, 0x10A3, 2, 0x6B8E, 3,
    0x5AAB, 3, 0x632D, 1, 0x9C4A, 2, 0x8C0C, 2,
    0x9C4A, 5, 0x52CC, 1, 0x5AAB, 1, 0x49E9, 1,
    0x7125, 5, 0x6000, 6, 0x8800, 1, 0x8986, 2,
    0x20E5, 3, 0x7411, 2, 0x3186, 1, 0x20A3, 1,
    0x52CC, 1, 0x7411, 5, 0x20E5, 2, 0x7411, 4,
    0x6B8E, 2, 0x632D, 1, 0x39E9, 2, 0x50E5, 2,
    0x3186, 2, 0x20A3, 2, 0x4A6A, 1, 0x8C0C, 1,
    0x9C4A, 2, 0x8A88, 7, 0x8C0C, 1, 0x18C5, 42,
    0x8986, 1, 0x6B8E, 1, 0x8986, 2, 0x6B8E, 11,
    0x4A6A, 7, 0x9C4A, 2, 0x632D, 2, 0x5AAB, 2,
    0x49E9, 3, 0x7125, 4, 0x4841, 2, 0x6000, 3,
    0x3186, 1, 0x8986, 2, 0x20E5, 2, 0x7411, 3,
    0x8CD3, 1, 0x7411, 1, 0x52CC, 1, 0x20A3, 1,
    0x7411, 3, 0x20A3, 2, 0x6B8E, 6, 0x4A6A, 3,
    0x5AAB, 1, 0x39E9, 2, 0x20E5, 2, 0x20A3, 1,
    0x4A6A, 1, 0x8C0C, 3, 0x9C4A, 3, 0x8A88, 4,
    0x9C4A, 1, 0x8C0C, 1, 0x7125, 1, 0x18C5, 41,
    0x10A3, 1, 0x1927, 1, 0x3189, 4, 0x1927, 2,
    0x3189, 5, 0x1927, 1, 0x8A88, 1, 0x632D, 2,
    0x5AAB, 2, 0x632D, 5, 0x5AAB, 3, 0x49E9, 4,
    0x7125, 1, 0x50E5, 5, 0x6000, 2, 0x8986, 1,
    0x3186, 2, 0x20E5, 2, 0x8CD3, 2, 0x7411, 1,
    0x8CD3, 4, 0x52CC, 1, 0x2125, 1, 0x52CC, 1,
    0x632D, 1, 0x20A3, 2, 0x632D, 1, 0x5AAB, 1,
    0x6B8E, 4, 0x632D, 1, 0x4A6A, 1, 0x39E9, 1,
    0x4A6A, 2, 0x6B2C, 1, 0x20E5, 3, 0x3186, 1,
    0x8C0C, 2, 0x9C4A, 4, 0x8A88, 4, 0x9C4A, 2,
    0x8986, 1, 0x7125, 1, 0x18C5, 40, 0x1927, 1,
    0x3189, 8, 0x416A, 3, 0x3189, 4, 0x416A, 8,
    0x632D, 1, 0x8986, 2, 0x5AAB, 3, 0x7125, 1,
    0x5AAB, 3, 0x49E9, 1, 0x7125, 2, 0x6000, 2,
    0x8986, 2, 0x10A3, 1, 0x20E5, 2, 0x8CD3, 7,
    0x7411, 1, 0x6B8E, 1, 0x2926, 2, 0x4A6A, 1,
    0x52CC, 1, 0x3186, 1, 0x52CC, 1, 0x6B8E, 4,
    0x632D, 1, 0x4A6A, 1, 0x39E9, 2, 0x4A6A, 1,
    0x8C0C, 2, 0x39E9, 2, 0x3186, 2, 0x9C4A, 6,
    0x8A88, 3, 0x9C4A, 2, 0x8A88, 1, 0x8C0C, 1,
    0x8986, 1, 0x18C5, 40, 0x3189, 8, 0x498A, 7,
    0x416A, 2, 0x498A, 9, 0x416A, 1, 0x498A, 2,
    0x416A, 3, 0x50E5, 2, 0x5AAB, 2, 0x7062, 2,
    0x8A88, 1, 0x8986, 2, 0x3186, 1, 0x8CD3, 10,
    0x7411, 1, 0x3186, 1, 0x20A3, 1, 0x4A6A, 1,
    0x20A3, 1, 0x4A6A, 1, 0x632D, 2, 0x6B8E, 1,
    0x632D, 3, 0x5AAB, 1, 0x4A6A, 3, 0x8C0C, 3,
    0xB4EC, 1, 0x6B2C, 1, 0xB4EC, 1, 0x9C4A, 5,
    0x8A88, 2, 0x9C4A, 4, 0x8C0C, 1, 0x8986, 1,
    0x9C4A, 1, 0x18C5, 39, 0x3189, 9, 0x498A, 17,
    0x416A, 9, 0x3189, 1, 0x1927, 1, 0x0862, 1,
    0x9083, 1, 0x8986, 1, 0x8A88, 1, 0x20E5, 1,
    0x7411, 1, 0x8CD3, 8, 0x7411, 3, 0x632D, 1,
    0x3186, 1, 0x20A3, 1, 0x8986, 1, 0x8A88, 1,
    0x6B8E, 2, 0x632D, 3, 0x4A6A, 1, 0x39E9, 2,
    0x4A6A, 1, 0x8C0C, 3, 0xD5ED, 1, 0xB4EC, 1,
    0x6B2C, 1, 0xB4EC, 2, 0x9C4A, 4, 0x8A88, 1,
    0x9C4A, 7, 0x5AAB, 1, 0x18C5, 39, 0x3189, 9,
    0x498A, 15, 0x416A, 1, 0x3189, 1, 0x1927, 1,
    0x416A, 11, 0x0862, 1, 0x8A88, 1, 0x8C0C, 1,
    0x3186, 1, 0x52CC, 1, 0x8CD3, 4, 0x7411, 7,
    0x6B8E, 1, 0x4841, 1, 0x7062, 1, 0x5AAB, 1,
    0x632D, 3, 0x6B8E, 1, 0x632D, 1, 0x5AAB, 2,
    0x4A6A, 3, 0x8C0C, 1, 0xD5ED, 1, 0xB4EC, 1,
    0xD5ED, 2, 0xB4EC, 2, 0x9C4A, 4, 0x8A88, 1,
    0x9C4A, 6, 0x8A88, 2, 0x6B2C, 1, 0x18C5, 38,
    0x3189, 9, 0x498A, 17, 0x416A, 4, 0x1927, 2,
    0x3189, 1, 0x416A, 6, 0x3189, 1, 0x8A88, 2,
    0x3186, 1, 0x8CD3, 5, 0x7411, 8, 0x2926, 1,
    0x7062, 1, 0x5AAB, 1, 0x632D, 2, 0x6B8E, 2,
    0x632D, 1, 0x5AAB, 1, 0x4A6A, 1, 0x39E9, 1,
    0x4A6A, 1, 0x8C0C, 1, 0xD5ED, 5, 0xB4EC, 1,
    0x9C4A, 4, 0x18C5, 1, 0x9C4A, 5, 0x8A88, 1,
    0x9C4A, 1, 0x5AAB, 1, 0x8A88, 1, 0x9C4A, 1,
    0x18C5, 38, 0x3189, 9, 0x498A, 17, 0x416A, 14,
    0x8C0C, 1, 0x3186, 2, 0x6B8E, 1, 0x8CD3, 3,
    0x7411, 9, 0x52CC, 1, 0x4A6A, 1, 0x6B8E, 1,
    0x632D, 2, 0x6B8E, 1, 0x632D, 3, 0x52CC, 1,
    0x4A6A, 2, 0xD5ED, 1, 0xB4EC, 1, 0xD5ED, 1,
    0xF6CE, 1, 0xD5ED, 7, 0x18C5, 4, 0x9C4A, 1,
    0x8A88, 2, 0x5AAB, 2, 0x6B2C, 1, 0x8A88, 1,
    0x18C5, 37, 0x3189, 9, 0x498A, 17, 0x416A, 15,
    0x8986, 1, 0x8C0C, 1, 0x3186, 1, 0x7411, 1,
    0x8CD3, 1, 0x7411, 10, 0x52CC, 1, 0x2125, 1,
    0x6B8E, 1, 0x632D, 1, 0x52CC, 1, 0x6B8E, 2,
    0x632D, 3, 0x52CC, 1, 0x8CD3, 1, 0xF6CE, 6,
    0xD5ED, 5, 0x18C5, 8, 0x3186, 1, 0x5AAB, 1,
    0x7125, 1, 0x7062, 1, 0x18C5, 36, 0x10A3, 1,
    0x3189, 9, 0x498A, 17, 0x416A, 14, 0x3189, 1,
    0x8C0C, 1, 0x632D, 1, 0x3186, 1, 0x7411, 10,
    0x52CC, 2, 0x6B8E, 1, 0x632D, 1, 0x4A6A, 1,
    0x52CC, 1, 0x6B8E, 2, 0x632D, 2, 0x6B8E, 1,
    0x632D, 1, 0x8CD3, 2, 0xF6CE, 3, 0xD5ED, 7,
    0x18C5, 9, 0x3000, 1, 0x9C4A, 1, 0x8A88, 1,
    0x6B8E, 1, 0x18C5, 36, 0x1927, 1, 0x3189, 9,
    0x498A, 17, 0x416A, 14, 0x3189, 1, 0x9083, 1,
    0x6B8E, 1, 0x3186, 1, 0x52CC, 1, 0x7411, 5,
    0x8CD3, 1, 0x7411, 1, 0x632D, 2, 0x52CC, 1,
    0x6B8E, 1, 0x5AAB, 1, 0x52CC, 1, 0x6B8E, 3,
    0x632D, 1, 0x6B8E, 2, 0x8CD3, 2, 0xF6CE, 6,
    0xD5ED, 6, 0x18C5, 9, 0x3000, 1, 0x5AAB, 1,
    0x9C4A, 1, 0x5AAB, 1, 0x18C5, 35, 0x10A3, 1,
    0x1927, 1, 0x3189, 8, 0x498A, 18, 0x2125, 1,
    0x416A, 13, 0x3189, 2, 0x52CC, 1, 0x3186, 1,
    0x6B8E, 1, 0x7411, 4, 0x8CD3, 2, 0x7411, 2,
    0x3186, 1, 0x632D, 1, 0x5AAB, 1, 0x4A6A, 1,
    0x6B8E, 6, 0x8CD3, 3, 0xF6CE, 5, 0xD5ED, 6,
    0x0862, 2, 0x39E9, 1, 0x6B8E, 1, 0x18C5, 6,
    0x3000, 1, 0x5AAB, 2, 0x3186, 1, 0x18C5, 34,
    0x6B8E, 1, 0x10A3, 1, 0x3189, 9, 0x498A, 17,
    0x416A, 14, 0x3189, 2, 0x416A, 1, 0x8A88, 1,
    0x3186, 1, 0x52CC, 1, 0x7411, 6, 0x2125, 1,
    0x3186, 1, 0x5AAB, 1, 0x4A6A, 1, 0x52CC, 1,
    0x6B8E, 6, 0x8CD3, 3, 0xF6CE, 6, 0xD5ED, 5,
    0x0862, 2, 0x39E9, 1, 0x3186, 1, 0x8986, 1,
    0x7125, 1, 0x8986, 1, 0x7125, 1, 0x18C5, 3,
    0x3000, 1, 0x8A88, 2, 0x18C5, 34, 0x6B8E, 1,
    0x10A3, 1, 0x1927, 1, 0x3189, 8, 0x498A, 18,
    0x416A, 14, 0x3189, 2, 0x416A, 1, 0x8986, 1,
    0x3186, 1, 0x7411, 5, 0x2125, 1, 0x3186, 1,
    0x10A3, 1, 0x4A6A, 1, 0x39E9, 1, 0x632D, 1,
    0x7411, 2, 0x6B8E, 3, 0x8CD3, 2, 0x7411, 1,
    0x8CD3, 3, 0xF6CE, 5, 0xD5ED, 4, 0x0862, 2,
    0x7125, 2, 0x2926, 1, 0x7125, 3, 0x8986, 1,
    0x0862, 1, 0x18C5, 2, 0x7000, 1, 0x3186, 2,
    0x18C5, 32, 0x6B8E, 1, 0x8986, 1, 0x7000, 2,
    0x18C5, 1, 0x1927, 3, 0x3189, 5, 0x498A, 18,
    0x416A, 14, 0x3189, 2, 0x416A, 1, 0x8986, 1,
    0x2125, 1, 0x3186, 1, 0x6B8E, 1, 0x7411, 1,
    0x3186, 2, 0x2125, 1, 0x5AAB, 1, 0x39E9, 2,
    0x632D, 2, 0x5AAB, 3, 0x6B8E, 1, 0x8CD3, 8,
    0xD5ED, 1, 0xF6CE, 2, 0xD5ED, 5, 0x0862, 1,
    0x2125, 1, 0x8986, 1, 0x3186, 1, 0x2125, 1,
    0x20A3, 2, 0x3186, 1, 0x8986, 1, 0x2125, 1,
    0x18C5, 2, 0x7800, 1, 0x3186, 2, 0x18C5, 30,
    0x6B8E, 1, 0xA001, 1, 0x7000, 1, 0x8986, 1,
    0x2000, 1, 0x3000, 3, 0x8986, 1, 0x7000, 3,
    0x1927, 3, 0x3189, 5, 0x498A, 13, 0x416A, 14,
    0x3189, 1, 0x416A, 2, 0x7125, 1, 0x20E5, 1,
    0x3186, 2, 0x52CC, 2, 0x8A88, 1, 0x5AAB, 1,
    0x7125, 1, 0x39E9, 1, 0x632D, 1, 0x5AAB, 3,
    0x52CC, 1, 0x8CD3, 6, 0xF6CE, 4, 0x8CD3, 1,
    0xF6CE, 6, 0x10A3, 1, 0x0862, 1, 0x7125, 1,
    0x3186, 1, 0x2125, 1, 0x20A3, 1, 0x0862, 1,
    0x10A3, 1, 0x20A3, 1, 0x3186, 1, 0x8986, 1,
    0x18C5, 2, 0x7800, 1, 0x3186, 1, 0x18C5, 29,
    0x8CD3, 1, 0x7000, 1, 0x8986, 2, 0x20A3, 1,
    0x8000, 1, 0x8986, 4, 0x632D, 1, 0x3186, 1,
    0x20E5, 1, 0x20A3, 2, 0x8986, 5, 0x7000, 1,
    0x3189, 6, 0x416A, 5, 0x498A, 2, 0x416A, 14,
    0x3189, 2, 0x416A, 2, 0x7125, 1, 0x2125, 1,
    0x20E5, 1, 0x3186, 1, 0x8A88, 1, 0x7125, 1,
    0x5AAB, 1, 0x39E9, 1, 0x632D, 3, 0x5AAB, 2,
    0x4A6A, 1, 0x8CD3, 1, 0x7411, 1, 0x8CD3, 2,
    0xF6CE, 14, 0x10A3, 1, 0x7125, 2, 0x20A3, 1,
    0x0862, 1, 0x2125, 3, 0x20A3, 1, 0x2125, 1,
    0x8986, 1, 0x18C5, 2, 0x7000, 1, 0x0862, 1,
    0x18C5, 27, 0xA001, 1, 0x7000, 1, 0x8986, 1,
    0x2000, 1, 0x8000, 2, 0x5AAB, 6, 0x632D, 4,
    0x4A6A, 2, 0x2926, 1, 0x2125, 2, 0x20A3, 1,
    0x8986, 5, 0x7000, 1, 0x6000, 1, 0x7000, 3,
    0x6000, 1, 0x3189, 4, 0x416A, 13, 0x3189, 2,
    0x416A, 2, 0x9083, 1, 0x3186, 1, 0x8986, 1,
    0x50E5, 1, 0x5AAB, 2, 0x39E9, 1, 0x632D, 2,
    0x5AAB, 2, 0x52CC, 1, 0x8CD3, 3, 0x7411, 2,
    0x8CD3, 1, 0xF6CE, 9, 0xB4EC, 1, 0xF6CE, 4,
    0x20A3, 1, 0x7125, 2, 0x2125, 2, 0x5AAB, 3,
    0x2125, 1, 0x20A3, 1, 0x7125, 1, 0x2926, 1,
    0x18C5, 1, 0x4841, 1, 0x18C5, 26, 0x6000, 2,
    0x8986, 1, 0x2000, 2, 0x7062, 1, 0x632D, 2,
    0x5AAB, 8, 0x632D, 1, 0x6B8E, 7, 0x4A6A, 3,
    0x52CC, 1, 0x4A6A, 1, 0x20A3, 3, 0x10A3, 2,
    0x8986, 3, 0x10A3, 1, 0x8986, 5, 0x7800, 1,
    0x7000, 1, 0x7800, 1, 0x7000, 2, 0x6B8E, 1,
    0x416A, 4, 0x3189, 1, 0x416A, 3, 0x39E9, 1,
    0x5AAB, 2, 0x4A6A, 2, 0x6B8E, 2, 0x5AAB, 2,
    0x52CC, 1, 0x8CD3, 3, 0xF6CE, 2, 0x6B8E, 1,
    0x7411, 1, 0xF6CE, 3, 0x7411, 2, 0xF6CE, 4,
    0xB4EC, 1, 0xF6CE, 3, 0x20E5, 1, 0x3186, 1,
    0x7125, 1, 0x2125, 2, 0x5AAB, 1, 0x0862, 1,
    0x3186, 2, 0x2125, 1, 0x20A3, 1, 0x3186, 2,
    0x18C5, 1, 0x4841, 1, 0x18C5, 23, 0x8CD3, 1,
    0xA001, 1, 0x6000, 1, 0x8986, 2, 0x2000, 1,
    0x7125, 2, 0x6B8E, 1, 0x5AAB, 7, 0x8A88, 1,
    0x632D, 1, 0x6B8E, 5, 0x632D, 2, 0x6B8E, 7,
    0x632D, 2, 0x6B8E, 2, 0x2125, 1, 0x4A6A, 1,
    0x7125, 2, 0x2125, 4, 0x3186, 1, 0x4A6A, 1,
    0x632D, 1, 0x7062, 3, 0x3000, 1, 0x4800, 1,
    0x2000, 1, 0x3000, 2, 0x2000, 1, 0x8986, 2,
    0x5000, 1, 0x7125, 1, 0x4A6A, 3, 0x632D, 3,
    0x5AAB, 2, 0x7411, 1, 0x8CD3, 2, 0xF6CE, 4,
    0x6B8E, 2, 0xF6CE, 3, 0x2125, 2, 0x39E9, 1,
    0xF6CE, 3, 0xB4EC, 1, 0xF6CE, 3, 0x10A3, 1,
    0x3186, 2, 0x0862, 1, 0x49E9, 1, 0x3186, 1,
    0x20A3, 1, 0x3800, 2, 0x3186, 1, 0x2125, 2,
    0x39E9, 1, 0x18C5, 23, 0x8CD3, 1, 0xA001, 1,
    0x6000, 1, 0x8986, 2, 0x2000, 1, 0x2125, 1,
    0x2926, 1, 0x632D, 1, 0x52CC, 1, 0x632D, 1,
    0x9C4A, 1, 0x4A6A, 1, 0x49E9, 2, 0x5AAB, 1,
    0x4A6A, 1, 0x632D, 1, 0x4A6A, 1, 0x6B8E, 2,
    0xB4EC, 1, 0x7411, 1, 0xB4EC, 11, 0x632D, 2,
    0x6B8E, 11, 0x632D, 1, 0x8986, 5, 0x7800, 1,
    0x2000, 2, 0x8986, 2, 0x7125, 3, 0x4A6A, 2,
    0x632D, 1, 0x6B8E, 1, 0x632D, 3, 0x8C0C, 1,
    0x8CD3, 1, 0x7411, 1, 0xF6CE, 6, 0x6B8E, 2,
    0xF6CE, 3, 0x7411, 1, 0xF6CE, 1, 0x39E9, 1,
    0xF6CE, 1, 0xD5ED, 1, 0xF6CE, 1, 0xB4EC, 1,
    0xF6CE, 3, 0x2125, 1, 0x8986, 1, 0x20A3, 2,
    0x0862, 1, 0x3800, 1, 0x20A3, 3, 0x10A3, 1,
    0x2125, 2, 0x39E9, 1, 0x18C5, 21, 0x8CD3, 1,
    0x7411, 1, 0xA001, 1, 0x8986, 2, 0x2000, 2,
    0x7062, 1, 0x52CC, 2, 0x9C4A, 2, 0x8C0C, 1,
    0x9C4A, 5, 0x632D, 1, 0xB4EC, 2, 0x52CC, 3,
    0x632D, 2, 0xB4EC, 3, 0x632D, 6, 0x9C4A, 4,
    0x632D, 4, 0x6B8E, 3, 0x632D, 2, 0x8986, 4,
    0x7800, 2, 0x2000, 2, 0x8986, 1, 0x7000, 1,
    0x50E5, 3, 0x49E9, 2, 0x52CC, 1, 0x632D, 1,
    0x6B8E, 2, 0x632D, 3, 0x8CD3, 3, 0xF6CE, 3,
    0x8CD3, 1, 0xF6CE, 3, 0x9C4A, 1, 0xF6CE, 3,
    0xB4EC, 2, 0xD5ED, 1, 0xF6CE, 1, 0xD5ED, 1,
    0xF6CE, 1, 0x6B2C, 1, 0xF6CE, 3, 0x3186, 1,
    0x7125, 1, 0x0862, 1, 0x2125, 1, 0x3800, 1,
    0x20A3, 1, 0x0862, 1, 0x20A3, 1, 0x10A3, 1,
    0x0862, 1, 0x2125, 1, 0x20A3, 1, 0x39E9, 1,
    0x18C5, 19, 0x8CD3, 1, 0x7411, 1, 0x9083, 1,
    0x5000, 1, 0x7125, 1, 0x2000, 2, 0x20E5, 2,
    0x632D, 3, 0x9C4A, 3, 0x39E9, 2, 0x4A6A, 1,
    0x8C0C, 2, 0xB4EC, 1, 0x632D, 3, 0x52CC, 1,
    0x632D, 7, 0x6B8E, 1, 0xB4EC, 2, 0x6B8E, 2,
    0x632D, 1, 0x6B8E, 2, 0x9C4A, 1, 0x7411, 2,
    0x632D, 1, 0x6B8E, 2, 0x632D, 3, 0x8986, 2,
    0x632D, 2, 0x7800, 1, 0x2000, 1, 0x8986, 2,
    0x50E5, 3, 0x49E9, 4, 0x52CC, 1, 0x6B8E, 1,
    0x632D, 2, 0x8C0C, 2, 0x8CD3, 5, 0xF6CE, 1,
    0x8CD3, 3, 0xF6CE, 3, 0x9C4A, 1, 0xF6CE, 4,
    0xB4EC, 1, 0xD5ED, 1, 0xB4EC, 2, 0xF6CE, 1,
    0x6B2C, 1, 0xF6CE, 3, 0x2926, 2, 0x2125, 1,
    0x3186, 1, 0x20A3, 2, 0x0862, 1, 0x20A3, 1,
    0x0862, 1, 0x20A3, 1, 0x5AAB, 1, 0x20A3, 1,
    0x6B8E, 1, 0x2125, 1, 0x18C5, 16, 0x7411, 2,
    0x632D, 1, 0x7062, 1, 0x5000, 1, 0x7125, 1,
    0x2000, 2, 0x3189, 1, 0x8C0C, 3, 0x9C4A, 2,
    0x8C0C, 1, 0x9C4A, 2, 0x6000, 2, 0x9C4A, 1,
    0x5AAB, 2, 0x3186, 1, 0xB4EC, 4, 0x632D, 1,
    0xB4EC, 3, 0x632D, 1, 0x52CC, 2, 0x632D, 4,
    0x52CC, 1, 0xB4EC, 1, 0x632D, 1, 0x52CC, 2,
    0xB4EC, 3, 0x632D, 3, 0x9083, 2, 0x8986, 1,
    0x632D, 1, 0x8000, 1, 0x0862, 2, 0x8986, 1,
    0x4841, 1, 0x50E5, 1, 0x49E9, 4, 0x52CC, 3,
    0x6B8E, 1, 0x632D, 1, 0x6B8E, 2, 0x632D, 1,
    0x8CD3, 5, 0x7411, 2, 0x8CD3, 1, 0x6B8E, 2,
    0x632D, 1, 0xD5ED, 1, 0xF6CE, 1, 0xB4EC, 1,
    0x8CD3, 1, 0xF6CE, 1, 0xD5ED, 2, 0xF6CE, 1,
    0xD5ED, 2, 0xF6CE, 1, 0x7411, 1, 0x6B2C, 1,
    0xF6CE, 1, 0xD5ED, 1, 0x10A3, 1, 0x2926, 1,
    0x20A3, 1, 0x2125, 1, 0x10A3, 2, 0x20A3, 1,
    0x10A3, 2, 0x20A3, 2, 0x2125, 1, 0x20A3, 1,
    0x39E9, 1, 0x2125, 1, 0x18C5, 15, 0x6B8E, 3,
    0x8986, 2, 0x7125, 1, 0x2000, 2, 0x5000, 1,
    0x632D, 2, 0x8C0C, 1, 0x8A88, 1, 0x6B2C, 2,
    0x5000, 1, 0x7125, 1, 0x8C0C, 2, 0xB4EC, 2,
    0x8986, 1, 0x2125, 1, 0x4A6A, 2, 0xB4EC, 3,
    0x632D, 1, 0xB4EC, 3, 0x4A6A, 1, 0xB4EC, 3,
    0x52CC, 4, 0x632D, 1, 0x5AAB, 1, 0x52CC, 2,
    0xB4EC, 6, 0x6B8E, 1, 0x52CC, 1, 0x8000, 2,
    0x2000, 1, 0x8986, 1, 0x4841, 2, 0x39E9, 3,
    0x52CC, 5, 0x632D, 4, 0x8CD3, 7, 0x7411, 1,
    0xD5ED, 1, 0x7411, 1, 0x6B8E, 1, 0x9C4A, 1,
    0x3186, 1, 0x8CD3, 1, 0xD5ED, 1, 0xB4EC, 1,
    0x7411, 1, 0xF6CE, 1, 0xD5ED, 1, 0x9C4A, 1,
    0xD5ED, 3, 0x2125, 1, 0x0000, 1, 0x9C4A, 1,
    0xF6CE, 1, 0xD5ED, 1, 0x20E5, 1, 0x3186, 1,
    0x20A3, 1, 0x2125, 1, 0x3800, 1, 0x0862, 1,
    0x10A3, 1, 0x20A3, 1, 0x10A3, 2, 0x20A3, 1,
    0x7125, 1, 0x20A3, 1, 0x6B8E, 1, 0x2125, 1,
    0x18C5, 14, 0xB4EC, 1, 0x6B8E, 1, 0x632D, 1,
    0x8986, 2, 0x7125, 1, 0x2000, 2, 0x6000, 1,
    0x4A6A, 2, 0x8C0C, 2, 0x8A88, 2, 0x8C0C, 1,
    0x6B2C, 3, 0x8C0C, 1, 0x4A6A, 2, 0x8C0C, 1,
    0x9C4A, 3, 0x8C0C, 1, 0x20E5, 1, 0x8C0C, 2,
    0xB4EC, 1, 0x4A6A, 2, 0xB4EC, 7, 0x8C0C, 1,
    0x52CC, 1, 0x9C4A, 1, 0xB4EC, 1, 0x7125, 1,
    0x6000, 2, 0xB4EC, 1, 0x9C4A, 1, 0x52CC, 1,
    0xB4EC, 3, 0x10A3, 1, 0x8986, 1, 0x50E5, 2,
    0x39E9, 3, 0x4A6A, 5, 0x632D, 2, 0x7411, 1,
    0x6B8E, 1, 0x632D, 1, 0x8CD3, 8, 0x7411, 1,
    0xD5ED, 1, 0xF6CE, 3, 0x7411, 1, 0xF6CE, 1,
    0xD5ED, 2, 0x3186, 1, 0xF6CE, 1, 0x9C4A, 2,
    0x7411, 1, 0x39E9, 1, 0x3189, 2, 0x9C4A, 1,
    0xF6CE, 1, 0xD5ED, 2, 0x10A3, 1, 0x3186, 1,
    0x20A3, 1, 0x5AAB, 1, 0x3800, 1, 0x20A3, 1,
    0x0862, 2, 0x20A3, 1, 0x0862, 1, 0x6000, 1,
    0x2125, 1, 0x20A3, 1, 0x39E9, 1, 0x18C5, 14,
    0x6B8E, 1, 0x7411, 1, 0x632D, 1, 0x5AAB, 1,
    0x8986, 1, 0x7125, 1, 0x2000, 2, 0x5000, 1,
    0x5AAB, 2, 0x39E9, 1, 0x4A6A, 1, 0x8C0C, 2,
    0x8A88, 1, 0x6B2C, 1, 0x9C4A, 1, 0x6B2C, 1,
    0x4A6A, 1, 0x9C4A, 3, 0x8C0C, 1, 0x4A6A, 1,
    0x39E9, 1, 0x50E5, 1, 0x20E5, 1, 0x6B2C, 2,
    0x9C4A, 1, 0x39E9, 1, 0x8C0C, 2, 0x6B2C, 1,
    0x2125, 1, 0x8C0C, 2, 0xB4EC, 1, 0x8C0C, 2,
    0x49E9, 1, 0xB4EC, 2, 0x6000, 1, 0x4A6A, 1,
    0xB4EC, 2, 0x52CC, 2, 0x632D, 1, 0x8800, 1,
    0x2000, 1, 0x8986, 1, 0x4841, 2, 0x3000, 2,
    0x39E9, 1, 0x52CC, 6, 0x632D, 2, 0x6B8E, 1,
    0x632D, 2, 0x8CD3, 6, 0x7411, 1, 0x8CD3, 2,
    0x7411, 1, 0xF6CE, 2, 0xB4EC, 1, 0x8CD3, 1,
    0xD5ED, 3, 0xF6CE, 1, 0x3186, 1, 0xD5ED, 1,
    0x8A88, 1, 0xD5ED, 1, 0x7411, 1, 0x20A3, 3,
    0x9C4A, 1, 0xD5ED, 3, 0x2125, 1, 0x3186, 1,
    0x20A3, 1, 0x49E9, 1, 0x20A3, 2, 0x10A3, 1,
    0x0862, 1, 0x6000, 1, 0x10A3, 1, 0x20A3, 1,
    0x5AAB, 1, 0x20A3, 1, 0x39E9, 1, 0x18C5, 13,
    0x52CC, 1, 0x632D, 2, 0x5AAB, 2, 0x7125, 1,
    0x2000, 2, 0x5000, 1, 0x4A6A, 1, 0x5AAB, 1,
    0x4A6A, 1, 0x39E9, 1, 0x8C0C, 2, 0x39E9, 1,
    0x5000, 2, 0x4841, 1, 0x8C0C, 1, 0x9C4A, 2,
    0x8C0C, 2, 0x9C4A, 2, 0x4A6A, 1, 0x8C0C, 2,
    0x39E9, 1, 0x4A6A, 1, 0x20E5, 1, 0x4A6A, 4,
    0x8C0C, 2, 0x4A6A, 1, 0x8C0C, 2, 0x4841, 1,
    0x3800, 1, 0x9C4A, 5, 0x632D, 1, 0x49E9, 1,
    0x7000, 2, 0x2000, 1, 0x7125, 1, 0x5000, 1,
    0x50E5, 2, 0x3000, 1, 0x52CC, 6, 0x6B8E, 1,
    0x632D, 1, 0x5AAB, 1, 0x632D, 1, 0x52CC, 1,
    0x7411, 1, 0x8CD3, 1, 0x7411, 1, 0x8CD3, 3,
    0x7411, 1, 0x8CD3, 1, 0x7411, 1, 0x8A88, 1,
    0x6B8E, 1, 0x7411, 1, 0xF6CE, 1, 0xD5ED, 1,
    0xF6CE, 1, 0xD5ED, 4, 0x2125, 1, 0x3186, 1,
    0x8C0C, 1, 0xA001, 1, 0x9C4A, 1, 0x39E9, 1,
    0xF6CE, 4, 0x9C4A, 3, 0x2125, 1, 0x3186, 1,
    0x2125, 1, 0x3186, 1, 0x7000, 1, 0x20A3, 1,
    0x10A3, 1, 0x0862, 1, 0x20A3, 3, 0x2125, 1,
    0x20A3, 1, 0x39E9, 1, 0x18C5, 12, 0x4841, 1,
    0x3186, 1, 0x8986, 1, 0x5AAB, 1, 0x8986, 1,
    0x7125, 2, 0x2000, 1, 0x6000, 1, 0x7062, 2,
    0x4A6A, 1, 0x20E5, 1, 0x8A88, 2, 0x8C0C, 1,
    0x4A6A, 1, 0x5000, 1, 0x4800, 1, 0x5000, 1,
    0x3800, 2, 0x4800, 1, 0x50E5, 1, 0x8C0C, 1,
    0x6B2C, 1, 0x9C4A, 1, 0x8C0C, 1, 0x4A6A, 2,
    0x8C0C, 1, 0x9C4A, 1, 0x4A6A, 3, 0x4841, 3,
    0x6B2C, 1, 0x9C4A, 2, 0x4800, 1, 0x39E9, 1,
    0x9C4A, 1, 0x50E5, 2, 0x9C4A, 3, 0x4A6A, 1,
    0x7000, 1, 0x6000, 1, 0x2000, 1, 0x7125, 1,
    0x50E5, 3, 0x49E9, 1, 0x4A6A, 2, 0x52CC, 4,
    0x632D, 2, 0x5AAB, 1, 0x7125, 1, 0x4A6A, 1,
    0x632D, 1, 0x7411, 1, 0x6B8E, 2, 0x7411, 1,
    0x8CD3, 2, 0x7411, 2, 0x8A88, 2, 0x39E9, 1,
    0xF6CE, 2, 0xB4EC, 1, 0xF6CE, 1, 0xD5ED, 2,
    0x3186, 2, 0x20A3, 1, 0x9C4A, 1, 0x8C0C, 1,
    0xA001, 2, 0x39E9, 1, 0xF6CE, 1, 0x9C4A, 5,
    0x20E5, 1, 0x2926, 1, 0x3186, 1, 0x2125, 1,
    0x9C4A, 1, 0x7000, 1, 0x20A3, 1, 0x0862, 1,
    0x20A3, 1, 0x10A3, 1, 0x0862, 1, 0x20A3, 1,
    0x2125, 2, 0x3186, 1, 0x18C5, 12, 0x8986, 3,
    0x8000, 1, 0x7125, 2, 0x3000, 1, 0x6000, 3,
    0x4A6A, 1, 0x7125, 1, 0x20A3, 1, 0x39E9, 1,
    0x8C0C, 3, 0x39E9, 1, 0x50E5, 1, 0x5000, 2,
    0x4800, 4, 0x5000, 1, 0x4800, 1, 0x9C4A, 6,
    0x6B2C, 1, 0x9C4A, 1, 0x8C0C, 2, 0x50E5, 4,
    0x9C4A, 2, 0x5000, 2, 0x49E9, 1, 0x9C4A, 2,
    0x4A6A, 1, 0x6000, 2, 0x2000, 1, 0x7125, 1,
    0x4841, 2, 0x50E5, 1, 0x39E9, 2, 0x52CC, 4,
    0x6B2C, 1, 0x9C4A, 1, 0x6B8E, 1, 0x4A6A, 1,
    0x2125, 1, 0x7125, 2, 0x3186, 1, 0x632D, 1,
    0x3186, 1, 0x9C4A, 1, 0x39E9, 1, 0x6B8E, 1,
    0x7411, 3, 0x3186, 1, 0x39E9, 1, 0xF6CE, 3,
    0xB4EC, 2, 0x7411, 1, 0x3186, 2, 0x20A3, 2,
    0x9C4A, 1, 0x39E9, 1, 0xA001, 1, 0x9083, 1,
    0x6B2C, 1, 0x39E9, 1, 0x9C4A, 1, 0x3186, 2,
    0x2926, 1, 0x9C4A, 1, 0x10A3, 1, 0x2125, 3,
    0x3186, 1, 0x20A3, 2, 0x10A3, 4, 0x0862, 1,
    0x2125, 2, 0x2926, 1, 0x18C5, 11, 0x3186, 1,
    0x9083, 1, 0x8000, 2, 0x7125, 1, 0x5000, 1,
    0x7125, 1, 0x2000, 1, 0x6000, 2, 0x7125, 1,
    0x4A6A, 1, 0x7062, 2, 0x10A3, 1, 0x8C0C, 3,
    0x50E5, 1, 0x4841, 2, 0x8A88, 1, 0x4800, 7,
    0x3000, 1, 0x39E9, 1, 0x8A88, 3, 0x9C4A, 1,
    0x8A88, 5, 0x9C4A, 1, 0x7000, 1, 0x52CC, 1,
    0x9C4A, 4, 0x8C0C, 1, 0x52CC, 1, 0x6000, 2,
    0x2000, 1, 0x7125, 1, 0x50E5, 4, 0x49E9, 2,
    0x4A6A, 1, 0x52CC, 1, 0x8C0C, 2, 0xB4EC, 1,
    0x9C4A, 1, 0x2125, 1, 0x4841, 1, 0x7062, 1,
    0x7125, 1, 0x7062, 2, 0x2125, 1, 0x3186, 3,
    0x632D, 1, 0x8A88, 1, 0x6B8E, 1, 0x7411, 1,
    0x39E9, 1, 0x9C4A, 1, 0xF6CE, 3, 0xB4EC, 1,
    0x9C4A, 1, 0x7411, 1, 0x20A3, 2, 0xF6CE, 2,
    0x9C4A, 1, 0x39E9, 1, 0xA001, 1, 0x9083, 2,
    0x8A88, 1, 0x3186, 2, 0x9083, 1, 0x2926, 1,
    0x6B2C, 1, 0x20E5, 1, 0x2125, 1, 0x3186, 1,
    0x2125, 1, 0x49E9, 1, 0x3800, 1, 0x0862, 1,
    0x20A3, 1, 0x0862, 1, 0x20A3, 2, 0x10A3, 1,
    0x20A3, 1, 0x3186, 1, 0x2125, 1, 0x18C5, 10,
    0x6000, 3, 0x7000, 1, 0x7125, 1, 0x4841, 2,
    0x50E5, 1, 0x4800, 1, 0x5000, 2, 0x4A6A, 2,
    0x7125, 1, 0x7062, 1, 0x10A3, 2, 0x8C0C, 1,
    0x9C4A, 1, 0x39E9, 2, 0x5000, 1, 0x3186, 3,
    0x4800, 10, 0x4841, 2, 0x7125, 1, 0x3186, 1,
    0x8A88, 2, 0x4841, 1, 0x9C4A, 2, 0x10A3, 2,
    0x4A6A, 1, 0x8C0C, 1, 0x632D, 2, 0x4841, 1,
    0x2000, 1, 0x7125, 1, 0x5000, 1, 0x4841, 1,
    0x50E5, 1, 0x39E9, 3, 0x4A6A, 1, 0x52CC, 2,
    0x8C0C, 1, 0xB4EC, 2, 0x3186, 1, 0x7800, 1,
    0x7062, 1, 0x6000, 1, 0x7062, 1, 0x7800, 2,
    0x2125, 2, 0x3186, 1, 0x6B8E, 1, 0x632D, 2,
    0x7411, 1, 0x6B8E, 1, 0x39E9, 1, 0xF6CE, 4,
    0xB4EC, 1, 0xA001, 1, 0x39E9, 1, 0x9C4A, 1,
    0xF6CE, 1, 0x9C4A, 3, 0x2125, 1, 0x8A88, 1,
    0x9083, 4, 0x2926, 3, 0x3186, 1, 0x20E5, 1,
    0x2926, 1, 0x3186, 1, 0x20A3, 1, 0x5AAB, 1,
    0x3800, 1, 0x10A3, 1, 0x20A3, 1, 0x0862, 1,
    0x20A3, 1, 0x3800, 1, 0x3186, 1, 0x20A3, 1,
    0x7125, 1, 0x18C5, 11, 0x7000, 4, 0x7125, 1,
    0x4841, 3, 0x5000, 2, 0x4841, 1, 0x39E9, 1,
    0x50E5, 2, 0x4841, 1, 0x5000, 2, 0x39E9, 1,
    0x9C4A, 1, 0x8C0C, 2, 0x4841, 3, 0x4800, 1,
    0x3000, 1, 0x4841, 4, 0x4800, 2, 0x4841, 4,
    0x3000, 2, 0x8C0C, 1, 0x9C4A, 2, 0x4A6A, 1,
    0x20A3, 1, 0x6000, 2, 0x20A3, 1, 0x52CC, 3,
    0x6000, 1, 0x2000, 1, 0x7125, 1, 0x5000, 1,
    0x4841, 1, 0x50E5, 2, 0x49E9, 2, 0x4A6A, 2,
    0x52CC, 2, 0xB4EC, 2, 0x7125, 1, 0x3186, 1,
    0x18C5, 4, 0x7800, 1, 0x6000, 1, 0x5000, 1,
    0x2926, 2, 0x7411, 1, 0x632D, 1, 0x39E9, 1,
    0x6B8E, 1, 0x3186, 1, 0x9C4A, 1, 0xF6CE, 4,
    0x39E9, 1, 0xA001, 1, 0x6B8E, 1, 0x9C4A, 3,
    0x3186, 1, 0x8A88, 1, 0x20A3, 1, 0x3186, 1,
    0x9083, 1, 0x2926, 3, 0x10A3, 2, 0x0862, 1,
    0x2125, 3, 0x3186, 1, 0x20A3, 1, 0x2125, 1,
    0x10A3, 1, 0x20A3, 4, 0x3186, 1, 0x2125, 2,
    0x8986, 1, 0x18C5, 11, 0x7000, 2, 0x8C0C, 2,
    0x49E9, 1, 0x50E5, 1, 0x4841, 2, 0x49E9, 1,
    0x5000, 2, 0x50E5, 1, 0x39E9, 1, 0x50E5, 1,
    0x4841, 1, 0x5000, 3, 0x10A3, 1, 0x3186, 1,
    0x8A88, 2, 0x6B2C, 1, 0x4A6A, 1, 0x3186, 1,
    0x10A3, 1, 0x20A3, 1, 0x52CC, 1, 0x8C0C, 1,
    0x4841, 2, 0x20A3, 1, 0x39E9, 1, 0x6B2C, 2,
    0x8C0C, 3, 0x9C4A, 1, 0x4A6A, 1, 0x10A3, 1,
    0x6000, 4, 0x7125, 1, 0x6000, 3, 0x2000, 1,
    0x7125, 1, 0x5000, 1, 0x4841, 2, 0x50E5, 3,
    0x49E9, 3, 0x8C0C, 1, 0xB4EC, 1, 0x3186, 1,
    0x39E9, 1, 0x7800, 1, 0x10A3, 1, 0x0862, 2,
    0x2125, 1, 0x6B8E, 1, 0x18C5, 2, 0x7000, 1,
    0x3186, 1, 0x632D, 1, 0x3189, 1, 0x2926, 1,
    0x6B8E, 2, 0x4841, 1, 0xF6CE, 5, 0x3186, 1,
    0xA001, 1, 0x8A88, 1, 0x3186, 3, 0x8986, 1,
    0x8A88, 1, 0x20E5, 1, 0x2926, 1, 0x4A6A, 1,
    0x0862, 1, 0x10A3, 2, 0x3800, 1, 0x3186, 2,
    0x20E5, 2, 0x2125, 1, 0x3186, 1, 0x20A3, 1,
    0x2125, 1, 0x3186, 1, 0x3800, 1, 0x20A3, 2,
    0x3800, 1, 0x5AAB, 1, 0x2125, 1, 0x3186, 1,
    0x8986, 1, 0x18C5, 11, 0x7000, 1, 0x7062, 1,
    0x8C0C, 1, 0x9C4A, 1, 0x2125, 1, 0x3186, 1,
    0x4841, 2, 0x50E5, 1, 0x2000, 1, 0x5000, 2,
    0x50E5, 1, 0x4841, 1, 0x50E5, 1, 0x5000, 3,
    0x4800, 2, 0x10A3, 2, 0x3189, 2, 0x6B2C, 5,
    0x8A88, 1, 0x3189, 1, 0x6B2C, 3, 0x8A88, 1,
    0x10A3, 3, 0x6000, 5, 0x7062, 2, 0x6000, 2,
    0x2000, 1, 0x7125, 2, 0x5000, 1, 0x50E5, 7,
    0x49E9, 2, 0x632D, 1, 0x4A6A, 1, 0x7062, 1,
    0x7125, 1, 0x0862, 3, 0x2125, 1, 0x3186, 1,
    0x8986, 1, 0x7125, 1, 0x3186, 1, 0x18C5, 1,
    0x3186, 2, 0x3189, 1, 0x3186, 1, 0x6B8E, 1,
    0x4841, 2, 0xF6CE, 5, 0x2125, 1, 0xA001, 1,
    0x7062, 1, 0x8A88, 1, 0x9083, 2, 0x4A6A, 1,
    0x3186, 1, 0x0862, 3, 0x3186, 2, 0x3800, 1,
    0x3186, 3, 0x20E5, 3, 0x3186, 1, 0x20A3, 1,
    0x2125, 1, 0x5AAB, 1, 0x0862, 1, 0x3800, 1,
    0x0862, 1, 0x3186, 1, 0x2125, 1, 0x20A3, 1,
    0x8986, 1, 0x2125, 1, 0x18C5, 10, 0x7000, 2,
    0x7125, 1, 0x9C4A, 2, 0x2125, 1, 0x20A3, 1,
    0x4841, 2, 0x5000, 1, 0x50E5, 1, 0x0862, 1,
    0x5000, 5, 0x4841, 3, 0x5000, 3, 0x4800, 1,
    0x3800, 1, 0x5000, 2, 0x0862, 3, 0x2000, 2,
    0x3800, 1, 0x5000, 2, 0x0862, 1, 0x3800, 1,
    0x5000, 2, 0x4841, 1, 0x50E5, 2, 0x39E9, 1,
    0x4841, 1, 0x5000, 2, 0x2000, 1, 0x3000, 1,
    0x50E5, 1, 0x4841, 1, 0x8986, 1, 0x9083, 1,
    0x8800, 1, 0x50E5, 6, 0x20E5, 2, 0x3186, 2,
    0x7062, 1, 0x6000, 1, 0x0862, 3, 0x7125, 1,
    0x2926, 1, 0x7125, 3, 0x8986, 1, 0x3186, 3,
    0x2926, 1, 0x3186, 1, 0x10A3, 1, 0x9C4A, 1,
    0xF6CE, 5, 0x10A3, 1, 0x3186, 1, 0x9083, 3,
    0x4A6A, 1, 0x0862, 1, 0x3186, 1, 0x4800, 1,
    0x3186, 6, 0x20E5, 5, 0x2926, 2, 0x0862, 1,
    0x2125, 1, 0x49E9, 1, 0x3186, 1, 0x5AAB, 2,
    0x10A3, 1, 0x20A3, 1, 0x8986, 1, 0x0862, 1,
    0x18C5, 10, 0x6000, 1, 0x7000, 1, 0x2125, 1,
    0x9C4A, 2, 0x6B2C, 1, 0x39E9, 1, 0x4841, 3,
    0x49E9, 2, 0x50E5, 1, 0x0862, 1, 0x5000, 4,
    0x4841, 5, 0x5000, 15, 0x50E5, 2, 0x39E9, 2,
    0x5000, 2, 0x2000, 1, 0x50E5, 1, 0x4841, 3,
    0x9083, 1, 0x8986, 2, 0x8800, 1, 0x8000, 4,
    0x50E5, 2, 0x20E5, 1, 0x39E9, 1, 0x3186, 1,
    0x7062, 1, 0x6000, 1, 0x0862, 3, 0x8986, 1,
    0x7125, 1, 0x2125, 1, 0x20A3, 2, 0x2926, 1,
    0x8986, 1, 0x7125, 1, 0x52CC, 1, 0x3186, 1,
    0x2125, 1, 0x10A3, 1, 0x9C4A, 1, 0xF6CE, 4,
    0xD5ED, 2, 0x20A3, 1, 0x2125, 1, 0x9083, 1,
    0x4A6A, 2, 0x0862, 2, 0x4800, 1, 0x3186, 6,
    0x632D, 2, 0x20E5, 4, 0x2926, 1, 0x7125, 1,
    0x20A3, 2, 0x2125, 1, 0x5AAB, 1, 0x2125, 2,
    0x20A3, 1, 0x3186, 1, 0x7125, 1, 0x18C5, 11,
    0x5000, 1, 0x7000, 1, 0x10A3, 1, 0x9C4A, 2,
    0x52CC, 1, 0x39E9, 1, 0x20A3, 1, 0x50E5, 1,
    0x4841, 4, 0x50E5, 1, 0x0862, 2, 0x3800, 1,
    0x5000, 3, 0x4841, 4, 0x5000, 13, 0x50E5, 1,
    0x4841, 1, 0x50E5, 1, 0x5000, 3, 0x2000, 1,
    0x49E9, 1, 0x4841, 2, 0x50E5, 1, 0x9083, 1,
    0x8986, 1, 0x9083, 1, 0x8800, 4, 0x8000, 3,
    0xA001, 1, 0x8986, 1, 0x8000, 1, 0x7062, 1,
    0x7800, 1, 0x10A3, 2, 0x0862, 1, 0x7125, 1,
    0x3186, 1, 0x2125, 1, 0x20A3, 1, 0x2125, 1,
    0x10A3, 1, 0x0862, 1, 0x3186, 1, 0x8986, 1,
    0x20E5, 2, 0x2125, 1, 0x6000, 1, 0x9C4A, 1,
    0xF6CE, 2, 0xD5ED, 1, 0x9C4A, 1, 0xD5ED, 1,
    0x9C4A, 1, 0x6B2C, 1, 0x2926, 1, 0x4A6A, 1,
    0x0862, 3, 0x4800, 1, 0x3800, 1, 0x3186, 4,
    0x52CC, 3, 0x0000, 2, 0x20E5, 3, 0x3186, 1,
    0x8986, 1, 0x3186, 1, 0x0862, 1, 0x2125, 2,
    0x20A3, 1, 0x0862, 1, 0x7125, 2, 0x18C5, 12,
    0x5000, 1, 0x7000, 1, 0x4A6A, 1, 0x6B2C, 1,
    0x632D, 1, 0x4A6A, 2, 0x20A3, 1, 0x4841, 7,
    0x0862, 4, 0x3800, 8, 0x5000, 10, 0x0862, 1,
    0x2000, 2, 0x0862, 1, 0x7125, 1, 0x6000, 1,
    0x4841, 2, 0x50E5, 1, 0x39E9, 1, 0x3186, 1,
    0x8A88, 2, 0xB4EC, 2, 0x8800, 4, 0xA001, 3,
    0x8800, 1, 0x7800, 1, 0x6000, 1, 0x0862, 1,
    0x10A3, 2, 0x2125, 1, 0x7125, 1, 0x20A3, 1,
    0x2125, 2, 0x5AAB, 1, 0x2125, 3, 0x7125, 1,
    0x20E5, 2, 0x7000, 1, 0x3000, 1, 0xD5ED, 4,
    0x3186, 1, 0x6B2C, 1, 0x9C4A, 2, 0x0862, 2,
    0x3000, 1, 0x4800, 3, 0x3800, 1, 0x3186, 4,
    0x2125, 1, 0x3186, 2, 0x20E5, 5, 0x2125, 1,
    0x3186, 1, 0x7125, 1, 0x2125, 1, 0x20A3, 1,
    0x0862, 1, 0x2125, 1, 0x20A3, 1, 0x7125, 1,
    0x8986, 1, 0x18C5, 12, 0x5000, 1, 0x8A88, 1,
    0x20E5, 1, 0x6B2C, 1, 0x52CC, 1, 0x4A6A, 3,
    0x10A3, 1, 0x4841, 3, 0x5000, 3, 0x50E5, 2,
    0x7125, 5, 0x0862, 7, 0x3000, 5, 0x0862, 3,
    0x50E5, 1, 0x49E9, 2, 0x4841, 5, 0x20E5, 1,
    0x3186, 1, 0xB4EC, 5, 0x9083, 1, 0x8800, 2,
    0xA001, 4, 0x8800, 2, 0x7800, 1, 0x10A3, 1,
    0x20E5, 1, 0x10A3, 1, 0x7125, 1, 0x2926, 1,
    0x0862, 1, 0x2125, 1, 0x5AAB, 1, 0x3186, 1,
    0x5AAB, 1, 0x2125, 1, 0x20A3, 1, 0x3186, 1,
    0x5000, 1, 0x2926, 1, 0x6000, 1, 0x8A88, 1,
    0xD5ED, 2, 0x9C4A, 2, 0x3800, 1, 0x3186, 1,
    0x9C4A, 2, 0x3186, 1, 0x3000, 2, 0x4800, 2,
    0x3186, 2, 0x7411, 4, 0x2125, 1, 0x20E5, 4,
    0x2125, 2, 0x20E5, 2, 0x3186, 1, 0x7125, 2,
    0x3186, 1, 0x2125, 1, 0x2926, 1, 0x7125, 1,
    0x3186, 1, 0x18C5, 13, 0x5000, 1, 0x4800, 1,
    0x4A6A, 1, 0x52CC, 2, 0x6B8E, 1, 0x632D, 1,
    0x6B8E, 1, 0x2125, 1, 0x7062, 1, 0x4841, 2,
    0x5000, 12, 0x50E5, 7, 0x0862, 3, 0x7125, 2,
    0x4841, 5, 0x50E5, 1, 0x4841, 1, 0x20E5, 1,
    0x39E9, 1, 0xB4EC, 6, 0x8986, 2, 0xA001, 6,
    0x8800, 1, 0x7800, 1, 0x8000, 1, 0x20E5, 2,
    0x20A3, 1, 0x8986, 1, 0x20A3, 1, 0x2125, 1,
    0x3186, 1, 0x0862, 1, 0x3800, 1, 0x3186, 1,
    0x2125, 2, 0x3186, 1, 0x7000, 1, 0x20E5, 1,
    0x5000, 1, 0x8A88, 1, 0x9C4A, 2, 0x3186, 2,
    0x3800, 1, 0x3186, 1, 0x6B2C, 2, 0x3186, 1,
    0x4800, 3, 0x3000, 1, 0x3186, 1, 0x52CC, 5,
    0x7411, 1, 0x0000, 1, 0x3186, 1, 0x0000, 1,
    0x20E5, 1, 0x10A3, 1, 0x20E5, 2, 0x2125, 1,
    0x3186, 1, 0x7125, 2, 0x8986, 1, 0x3186, 2,
    0x8986, 1, 0x18C5, 14, 0x4800, 2, 0x4A6A, 1,
    0x0862, 1, 0x4A6A, 1, 0x39E9, 1, 0x52CC, 2,
    0x7411, 1, 0x4A6A, 1, 0x7062, 1, 0x7000, 2,
    0x6000, 3, 0x5000, 19, 0x4841, 5, 0x20E5, 2,
    0x4A6A, 1, 0x52CC, 1, 0x8A88, 1, 0xB4EC, 5,
    0x3186, 1, 0xB4EC, 1, 0x8A88, 1, 0xA001, 5,
    0x8000, 4, 0x20E5, 1, 0x10A3, 1, 0x3186, 1,
    0x7125, 1, 0x20A3, 1, 0x5AAB, 1, 0x10A3, 1,
    0x20A3, 3, 0x5AAB, 1, 0x2125, 1, 0x3186, 1,
    0x2926, 1, 0x52CC, 1, 0x3186, 1, 0x9C4A, 2,
    0x6B2C, 1, 0x3800, 1, 0x4841, 1, 0x3186, 1,
    0x6B2C, 1, 0x3186, 2, 0x4800, 4, 0x2125, 2,
    0x3186, 1, 0x2926, 1, 0x3186, 2, 0x0000, 1,
    0x18C5, 1, 0x7411, 1, 0x2125, 1, 0x7411, 1,
    0x2125, 1, 0x10A3, 2, 0x20E5, 1, 0x10A3, 2,
    0x20E5, 1, 0x7125, 3, 0x39E9, 1, 0x18C5, 15,
    0x4800, 2, 0x3800, 1, 0x4800, 1, 0x10A3, 1,
    0x0862, 1, 0x52CC, 2, 0x632D, 1, 0x6B8E, 1,
    0x4841, 1, 0x5000, 3, 0x6000, 8, 0x7000, 3,
    0x5000, 8, 0x6000, 2, 0x4841, 4, 0x20E5, 1,
    0x52CC, 4, 0x7411, 1, 0xB4EC, 3, 0x7411, 1,
    0x2125, 2, 0xB4EC, 1, 0xA001, 5, 0x8000, 4,
    0x7800, 1, 0x20E5, 2, 0x8986, 1, 0x2125, 1,
    0x20A3, 1, 0x10A3, 1, 0x20A3, 1, 0x0862, 1,
    0x20A3, 2, 0x3186, 1, 0x2125, 1, 0x3186, 2,
    0x4841, 1, 0x8A88, 1, 0x9C4A, 1, 0x6B2C, 1,
    0x3186, 1, 0x4800, 1, 0x3800, 1, 0x3186, 2,
    0x3000, 2, 0x4800, 2, 0x4841, 1, 0x8A88, 1,
    0x39E9, 1, 0x3186, 2, 0x2125, 1, 0x20E5, 1,
    0x2125, 1, 0x18C5, 11, 0x20E5, 2, 0x10A3, 1,
    0x39E9, 1, 0x2125, 1, 0x18C5, 15, 0x4800, 1,
    0x3000, 2, 0x4800, 1, 0x5000, 2, 0x10A3, 1,
    0x0862, 2, 0x10A3, 1, 0x5000, 3, 0x6000, 9,
    0x7000, 10, 0x8000, 1, 0x8800, 2, 0x7062, 2,
    0x3186, 1, 0x8CD3, 1, 0x7411, 2, 0x8CD3, 4,
    0xF6CE, 1, 0x8CD3, 1, 0xF6CE, 1, 0x8CD3, 1,
    0x2125, 2, 0x8CD3, 1, 0xA001, 3, 0x8800, 1,
    0x8000, 1, 0x7800, 1, 0x8000, 2, 0x7800, 1,
    0x10A3, 3, 0x7125, 1, 0x20A3, 1, 0x2125, 1,
    0x20A3, 2, 0x0862, 1, 0x20A3, 2, 0x0862, 1,
    0x5AAB, 1, 0x2926, 1, 0x39E9, 1, 0x3000, 1,
    0x6B2C, 2, 0x3800, 2, 0x4800, 1, 0x3800, 1,
    0x3186, 2, 0x4800, 4, 0x18C5, 4, 0x6B8E, 1,
    0x7411, 3, 0x0000, 2, 0x0862, 1, 0x18C5, 28,
    0x4800, 1, 0x3000, 2, 0x4800, 1, 0x5000, 2,
    0x7000, 5, 0x5000, 2, 0x6000, 9, 0x7000, 9,
    0x7800, 4, 0x7062, 1, 0x632D, 1, 0x8CD3, 1,
    0x7411, 1, 0x6B8E, 2, 0x8CD3, 7, 0x39E9, 1,
    0x8CD3, 1, 0x2125, 1, 0xB4EC, 1, 0xA001, 1,
    0x8000, 7, 0x7800, 1, 0x10A3, 3, 0x3186, 1,
    0x20A3, 1, 0x5AAB, 1, 0x20A3, 1, 0x0862, 1,
    0x10A3, 2, 0x20A3, 2, 0x2125, 2, 0x39E9, 1,
    0x8A88, 1, 0x3186, 1, 0x3800, 2, 0x10A3, 1,
    0x4800, 1, 0x3800, 1, 0x3000, 1, 0x4800, 2,
    0x4841, 1, 0x18C5, 10, 0x8CD3, 1, 0x2125, 1,
    0x20E5, 1, 0x18C5, 28, 0x3000, 3, 0x4800, 1,
    0x5000, 3, 0x7000, 6, 0x8000, 5, 0x6000, 4,
    0x7000, 10, 0x7800, 3, 0x7062, 1, 0x7411, 2,
    0x6B8E, 2, 0x20E5, 1, 0x8CD3, 3, 0x20E5, 1,
    0x8CD3, 1, 0x2125, 2, 0x8CD3, 2, 0x8800, 2,
    0x8000, 4, 0x7800, 2, 0x8000, 2, 0x7800, 1,
    0x10A3, 2, 0x20E5, 1, 0x3186, 1, 0x2125, 1,
    0x3186, 1, 0x0862, 1, 0x10A3, 1, 0x20A3, 2,
    0x10A3, 1, 0x6000, 1, 0x7125, 1, 0x2125, 1,
    0x39E9, 1, 0x3186, 1, 0x0862, 2, 0x10A3, 1,
    0x3800, 1, 0x4800, 1, 0x3000, 1, 0x4800, 3,
    0x18C5, 42, 0x3000, 3, 0x5000, 4, 0x6000, 2,
    0x7000, 4, 0x8000, 8, 0x8800, 7, 0x7000, 8,
    0x8A88, 1, 0x10A3, 2, 0x20E5, 1, 0x2926, 1,
    0x20E5, 1, 0x2125, 2, 0x8CD3, 1, 0x20E5, 1,
    0x8CD3, 2, 0x8800, 1, 0x8000, 7, 0x7800, 2,
    0x8000, 3, 0x10A3, 1, 0x20E5, 1, 0x20A3, 1,
    0x2926, 1, 0x2125, 1, 0x0862, 1, 0x20A3, 2,
    0x0862, 1, 0x6000, 1, 0x0862, 1, 0x6000, 1,
    0x2125, 1, 0x2926, 1, 0x3186, 2, 0x0862, 2,
    0x10A3, 1, 0x3800, 1, 0x4800, 2, 0x4841, 1,
    0x18C5, 44, 0x3000, 3, 0x4800, 1, 0x5000, 3,
    0x6000, 3, 0x7000, 1, 0x6000, 1, 0x7000, 1,
    0x8000, 2, 0x8800, 3, 0x8000, 3, 0x8800, 9,
    0xA001, 4, 0x8800, 11, 0x8000, 2, 0x7800, 1,
    0x8800, 1, 0x8000, 6, 0x7800, 3, 0x8000, 1,
    0x7800, 2, 0x20E5, 2, 0x2125, 3, 0x0862, 1,
    0x10A3, 1, 0x6000, 1, 0x0862, 1, 0x6000, 1,
    0x10A3, 1, 0x0862, 1, 0x5AAB, 1, 0x3186, 1,
    0x2926, 1, 0x10A3, 4, 0x4800, 3, 0x18C5, 46,
    0x3000, 2, 0x4800, 1, 0x5000, 3, 0x6000, 2,
    0x7000, 1, 0x6000, 2, 0x7000, 2, 0x8800, 1,
    0xA001, 2, 0x8800, 2, 0xA001, 1, 0x8800, 1,
    0xA001, 7, 0x8800, 2, 0xA001, 3, 0x8800, 12,
    0x8000, 8, 0x7800, 8, 0x20E5, 2, 0x2125, 3,
    0x20A3, 3, 0x0862, 1, 0x10A3, 1, 0x20A3, 1,
    0x0862, 1, 0x2125, 1, 0x3186, 1, 0x10A3, 5,
    0x4800, 1, 0x18C5, 48, 0x3000, 3, 0x5000, 3,
    0x6000, 1, 0x7000, 1, 0x6000, 1, 0x7000, 4,
    0x8800, 1, 0x7000, 1, 0xA001, 2, 0x9083, 1,
    0x8986, 2, 0x9083, 1, 0x8986, 2, 0x9083, 1,
    0xA001, 3, 0x8800, 2, 0xA001, 3, 0x8800, 13,
    0x8000, 7, 0x7800, 8, 0x10A3, 2, 0x2926, 1,
    0x20A3, 1, 0x7062, 1, 0x0862, 1, 0x10A3, 2,
    0x20A3, 1, 0x10A3, 1, 0x20A3, 1, 0x3186, 1,
    0x2125, 1, 0x3186, 1, 0x3000, 1, 0x10A3, 2,
    0x4800, 1, 0x4841, 1, 0x18C5, 50, 0x3000, 2,
    0x5000, 3, 0x4800, 1, 0x6000, 3, 0x5000, 2,
    0x6000, 1, 0x7000, 4, 0x8800, 1, 0x9083, 2,
    0x7000, 1, 0x9083, 2, 0x8800, 1, 0xA001, 4,
    0x8800, 1, 0xA001, 3, 0x8800, 13, 0x8000, 4,
    0x7800, 10, 0x20E5, 1, 0x10A3, 2, 0x2125, 3,
    0x0862, 1, 0x20A3, 1, 0x0862, 1, 0x10A3, 1,
    0x20A3, 2, 0x5AAB, 1, 0x2125, 1, 0x3186, 1,
    0x10A3, 1, 0x4800, 1, 0x4841, 1, 0x18C5, 52,
    0x3000, 2, 0x5000, 4, 0x7000, 2, 0x4800, 1,
    0x3000, 1, 0x2000, 2, 0x7000, 1, 0x2000, 1,
    0x3000, 2, 0x0862, 2, 0x2000, 3, 0x9083, 1,
    0x8800, 1, 0x7800, 3, 0xA001, 1, 0x8800, 1,
    0xA001, 5, 0x8800, 4, 0x8000, 1, 0x8800, 7,
    0x8000, 2, 0x7800, 11, 0x2125, 1, 0x20E5, 2,
    0x2926, 1, 0x2125, 2, 0x3186, 1, 0x0862, 3,
    0x20A3, 2, 0x2125, 1, 0x20A3, 1, 0x7125, 1,
    0x4800, 1, 0x18C5, 54, 0x0000, 1, 0x3000, 2,
    0x5000, 3, 0x7000, 1, 0x6000, 1, 0x0862, 1,
    0x2000, 1, 0x0000, 1, 0x3000, 2, 0x0000, 2,
    0x0862, 4, 0x0000, 1, 0x2000, 1, 0x0862, 2,
    0x3000, 2, 0x2000, 1, 0x7000, 2, 0x7800, 5,
    0x8800, 4, 0x8000, 1, 0x8800, 6, 0x8000, 1,
    0x7800, 13, 0x2125, 6, 0x3186, 1, 0x20A3, 2,
    0x0862, 1, 0x20A3, 1, 0x3186, 1, 0x2125, 2,
    0x8986, 1, 0x18C5, 56, 0x2000, 1, 0x3000, 1,
    0x5000, 3, 0x7000, 1, 0x8800, 1, 0x9083, 1,
    0x8000, 1, 0x4841, 1, 0x0000, 3, 0x6B8E, 1,
    0x7411, 2, 0x8CD3, 2, 0x0000, 1, 0x0862, 4,
    0x0000, 2, 0x3000, 5, 0x4800, 1, 0x6000, 1,
    0x8800, 3, 0x7800, 1, 0x8800, 7, 0x8000, 1,
    0x7800, 10, 0x7000, 1, 0x6000, 1, 0x20E5, 4,
    0x2125, 1, 0x2926, 1, 0x2125, 1, 0x5AAB, 1,
    0x10A3, 1, 0x20A3, 2, 0x3800, 1, 0x5AAB, 1,
    0x2125, 1, 0x3186, 1, 0x7125, 1, 0x18C5, 56,
    0x0000, 1, 0x2000, 2, 0x5000, 2, 0x6000, 1,
    0xA001, 3, 0x8800, 1, 0x7062, 1, 0x3186, 1,
    0x8986, 2, 0x9C4A, 1, 0x8CD3, 8, 0x7411, 1,
    0x6B8E, 1, 0x0000, 5, 0x2000, 1, 0x10A3, 1,
    0x8000, 2, 0x8800, 5, 0x8000, 1, 0x8800, 3,
    0x8000, 1, 0x7800, 7, 0x7000, 1, 0x6000, 3,
    0x5000, 1, 0x20E5, 4, 0x20A3, 1, 0x3186, 1,
    0x20A3, 1, 0x2125, 1, 0x3186, 1, 0x10A3, 1,
    0x0862, 1, 0x3186, 1, 0x2125, 1, 0x0862, 1,
    0x8986, 1, 0x18C5, 59, 0x2000, 3, 0x6000, 1,
    0xA001, 2, 0x7800, 1, 0x7000, 1, 0xA001, 1,
    0x9083, 2, 0x7800, 1, 0x8000, 3, 0xF6CE, 1,
    0x8CD3, 1, 0xF6CE, 2, 0x8CD3, 2, 0xB4EC, 2,
    0x8986, 1, 0x8A88, 1, 0x39E9, 1, 0x9083, 2,
    0xA001, 1, 0x8986, 2, 0x6000, 1, 0x8800, 8,
    0x8000, 2, 0x7800, 6, 0x7000, 2, 0x6000, 1,
    0x4800, 2, 0x3800, 1, 0x20E5, 5, 0x3186, 1,
    0x2125, 1, 0x20A3, 1, 0x5AAB, 1, 0x3186, 1,
    0x5AAB, 2, 0x10A3, 1, 0x2926, 1, 0x8986, 1,
    0x18C5, 60, 0x2000, 2, 0x3000, 1, 0x3800, 2,
    0x4800, 2, 0x7000, 2, 0x7800, 1, 0x7000, 1,
    0x6000, 2, 0x8000, 1, 0xA001, 5, 0x8800, 3,
    0x8000, 1, 0x9083, 1, 0x8986, 1, 0xA001, 4,
    0x8986, 1, 0x6000, 1, 0xA001, 1, 0x8800, 7,
    0x7800, 2, 0x7000, 4, 0x6000, 4, 0x5000, 1,
    0x2000, 2, 0x20E5, 6, 0x7125, 1, 0x3186, 1,
    0x20A3, 1, 0x2125, 4, 0x20A3, 1, 0x7125, 1,
    0x18C5, 63, 0x2000, 1, 0x3000, 3, 0x4800, 4,
    0x5000, 2, 0x4800, 1, 0x5000, 3, 0x6000, 1,
    0x5000, 1, 0x6000, 3, 0x7000, 1, 0x7800, 1,
    0x8000, 1, 0x8800, 1, 0xA001, 5, 0x8986, 1,
    0xA001, 3, 0x8800, 5, 0x6000, 2, 0x7000, 1,
    0x6000, 1, 0x5000, 2, 0x4800, 1, 0x3800, 1,
    0x3000, 3, 0x2000, 2, 0x20E5, 6, 0x8986, 1,
    0x7125, 1, 0x20A3, 1, 0x0862, 1, 0x20A3, 3,
    0x7125, 1, 0x3186, 1, 0x18C5, 67, 0x3000, 7,
    0x3800, 1, 0x3000, 5, 0x3800, 1, 0x5000, 3,
    0x8000, 1, 0x8800, 4, 0xA001, 6, 0x8800, 4,
    0x4800, 2, 0x6000, 3, 0x2000, 8, 0x20E5, 4,
    0x2125, 1, 0x20E5, 2, 0x20A3, 1, 0x8986, 1,
    0x7125, 1, 0x20A3, 1, 0x2125, 2, 0x7125, 2,
    0x18C5, 74, 0x3000, 2, 0x2000, 5, 0x3000, 4,
    0x5000, 1, 0x6000, 7, 0x5000, 1, 0x6000, 2,
    0x5000, 1, 0x4800, 4, 0x2000, 1, 0x3000, 3,
    0x2000, 2, 0x3000, 2, 0x3800, 2, 0x10A3, 1,
    0x20E5, 2, 0x10A3, 1, 0x20E5, 5, 0x0862, 1,
    0x7125, 1, 0x8986, 1, 0x3186, 1, 0x7125, 1,
    0x2926, 1, 0x8986, 1, 0x18C5, 84, 0x2000, 1,
    0x3000, 2, 0x3800, 10, 0x3000, 2, 0x2000, 4,
    0x3800, 1, 0x18C5, 10, 0x20E5, 1, 0x10A3, 1,
    0x20E5, 1, 0x10A3, 1, 0x20E5, 1, 0x10A3, 1,
    0x20E5, 2, 0x2125, 1, 0x7125, 1, 0x8986, 1,
    0x7125, 1, 0x3186, 1, 0x6B8E, 1, 0x18C5, 122,
    0x20E5, 3, 0x2125, 2, 0x18C5, 2742, 0x18C5, 2640,
    0x8986, 2, 0x18C5, 125, 0x8986, 7, 0x18C5, 120,
    0x9083, 3, 0x8986, 8, 0x18C5, 117, 0x7062, 5,
    0x8986, 8, 0x18C5, 114, 0x7800, 6, 0x7062, 1,
    0x9083, 4, 0x8986, 5, 0x632D, 3, 0x8986, 2,
    0x18C5, 107, 0x7800, 9, 0x7062, 2, 0x9083, 1,
    0x7062, 1, 0x9083, 2, 0x8986, 7, 0x632D, 1,
    0x8986, 2, 0x9083, 1, 0x8986, 2, 0x632D, 2,
    0x18C5, 10, 0x8986, 9, 0x18C5, 78, 0x7800, 12,
    0x7062, 1, 0x7800, 4, 0x8986, 9, 0x9083, 1,
    0x8986, 2, 0x632D, 1, 0x8986, 5, 0x632D, 1,
    0x8986, 15, 0x18C5, 77, 0x7800, 2, 0x7000, 1,
    0x6000, 5, 0x7800, 9, 0x7062, 2, 0x9083, 7,
    0x8986, 9, 0x9083, 1, 0x8986, 5, 0x9083, 4,
    0x8986, 3, 0x9083, 3, 0x5000, 1, 0x18C5, 76,
    0x7000, 1, 0x6000, 1, 0x5000, 6, 0x6000, 2,
    0x7800, 15, 0x8000, 2, 0x9083, 6, 0x7062, 2,
    0x7800, 1, 0x9083, 5, 0x7062, 2, 0x7800, 3,
    0x7062, 5, 0x5000, 1, 0x18C5, 75, 0x4800, 1,
    0x6000, 1, 0x4800, 1, 0x3000, 7, 0x5000, 1,
    0x6000, 1, 0x7000, 7, 0x7800, 21, 0x7062, 1,
    0x7800, 12, 0x18C5, 75, 0x3000, 1, 0x4800, 1,
    0x3000, 2, 0x6000, 5, 0x2000, 1, 0x3000, 1,
    0x4800, 1, 0x5000, 7, 0x7000, 5, 0x7800, 29,
    0x18C5, 75, 0x3000, 1, 0x4841, 3, 0x6000, 8,
    0x3000, 8, 0x5000, 1, 0x6000, 8, 0x7800, 1,
    0x7000, 8, 0x7800, 4, 0x7000, 1, 0x6000, 5,
    0x7800, 5, 0x18C5, 73, 0x7062, 5, 0x4841, 2,
    0x6000, 2, 0x4841, 1, 0x6000, 5, 0x5000, 1,
    0x2000, 6, 0x3000, 3, 0x4800, 7, 0x6000, 2,
    0x5000, 7, 0x7000, 2, 0x6000, 1, 0x5000, 6,
    0x6000, 2, 0x7000, 1, 0x7800, 2, 0x18C5, 70,
    0x7125, 6, 0x7062, 3, 0x6000, 8, 0x7000, 2,
    0x7800, 1, 0x7062, 3, 0x8986, 5, 0x2000, 1,
    0x3000, 5, 0x2000, 1, 0x3000, 9, 0x5000, 2,
    0x4800, 1, 0x3000, 7, 0x5000, 2, 0x7000, 2,
    0x18C5, 67, 0x7125, 4, 0x4A6A, 2, 0x7125, 5,
    0x4841, 1, 0x6000, 6, 0x7000, 4, 0x7800, 1,
    0x7062, 12, 0x8986, 5, 0x632D, 1, 0x2000, 7,
    0x3000, 1, 0x2000, 1, 0x8800, 1, 0x8000, 3,
    0x5000, 2, 0x3000, 2, 0x4800, 1, 0x6000, 2,
    0x18C5, 65, 0x4A6A, 3, 0x52CC, 2, 0x5AAB, 3,
    0x4A6A, 2, 0x7125, 2, 0x7062, 2, 0x6000, 4,
    0x7000, 5, 0x7800, 12, 0x7062, 10, 0x7800, 3,
    0x8000, 1, 0x8800, 1, 0x8000, 2, 0x8800, 2,
    0x9083, 1, 0x4841, 1, 0x5000, 2, 0x3000, 1,
    0x2000, 1, 0x3000, 1, 0x4800, 2, 0x18C5, 62,
    0x3186, 1, 0x4A6A, 2, 0x6000, 1, 0x52CC, 1,
    0x7411, 1, 0x8CD3, 4, 0x7411, 1, 0x52CC, 2,
    0x7800, 2, 0x6000, 4, 0x7000, 6, 0x7800, 24,
    0x8000, 4, 0x8800, 1, 0x9083, 3, 0x4841, 3,
    0x3000, 2, 0x20A3, 1, 0x3000, 3, 0x18C5, 56,
    0x7000, 2, 0x6000, 2, 0x5000, 2, 0x3800, 1,
    0x5000, 1, 0x4800, 1, 0x5000, 8, 0x4800, 2,
    0x7800, 2, 0x8A88, 1, 0x20E5, 1, 0x52CC, 1,
    0x7411, 6, 0x7000, 4, 0x7800, 1, 0x7000, 4,
    0x7800, 15, 0x8000, 3, 0x9083, 1, 0x8986, 2,
    0x632D, 2, 0x4841, 3, 0x3800, 2, 0x20A3, 3,
    0x2000, 1, 0x3000, 1, 0x18C5, 54, 0x7800, 1,
    0x8000, 6, 0x2000, 1, 0x52CC, 2, 0x6B8E, 4,
    0x4A6A, 1, 0x5AAB, 1, 0x632D, 2, 0x7062, 1,
    0x6000, 3, 0x4800, 5, 0x7800, 2, 0x8A88, 1,
    0x2125, 1, 0x632D, 1, 0x6B8E, 1, 0x7411, 5,
    0x8CD3, 1, 0x7000, 7, 0x7800, 8, 0x8000, 2,
    0x9083, 1, 0x632D, 6, 0x50E5, 2, 0x4841, 1,
    0x3800, 2, 0x20A3, 2, 0x2125, 1, 0x49E9, 1,
    0x3186, 1, 0x6000, 1, 0x18C5, 51, 0x8000, 1,
    0x8800, 7, 0x20A3, 1, 0x6B8E, 3, 0x8986, 2,
    0x3186, 1, 0x632D, 2, 0xB4EC, 2, 0x52CC, 2,
    0x2125, 2, 0xB4EC, 4, 0x10A3, 1, 0x5000, 3,
    0x3800, 3, 0x7000, 3, 0x8A88, 1, 0x52CC, 1,
    0x6B8E, 1, 0x52CC, 3, 0x5000, 1, 0x7000, 2,
    0x20E5, 1, 0x632D, 1, 0x7411, 1, 0x7000, 6,
    0x8000, 1, 0x7800, 1, 0x8986, 2, 0x632D, 2,
    0x6B8E, 2, 0x632D, 1, 0x6B8E, 1, 0x50E5, 3,
    0x20A3, 1, 0x3800, 1, 0x20A3, 3, 0x49E9, 2,
    0x8A88, 1, 0x3186, 1, 0x18C5, 49, 0x8000, 1,
    0x8800, 2, 0x8986, 2, 0x9083, 1, 0x7062, 1,
    0x10A3, 2, 0x6B8E, 1, 0x632D, 1, 0x6B8E, 1,
    0x8986, 2, 0x632D, 1, 0x4A6A, 1, 0x632D, 1,
    0xB4EC, 2, 0x632D, 1, 0xB4EC, 7, 0x20E5, 1,
    0x20A3, 1, 0x7000, 2, 0x6000, 4, 0x5000, 2,
    0x3800, 1, 0x5000, 1, 0x3800, 1, 0x7000, 3,
    0x6000, 12, 0x7000, 1, 0x7800, 2, 0x8986, 2,
    0x632D, 1, 0x6B8E, 2, 0x632D, 2, 0x50E5, 4,
    0x20A3, 2, 0x20E5, 1, 0x20A3, 2, 0x49E9, 2,
    0x8A88, 2, 0x49E9, 1, 0x18C5, 47, 0x7800, 3,
    0x7062, 1, 0x8986, 4, 0x2125, 2, 0x632D, 1,
    0x6B8E, 2, 0x632D, 1, 0x6B8E, 2, 0x9C4A, 1,
    0xB4EC, 1, 0x8C0C, 3, 0x52CC, 1, 0x632D, 1,
    0x6B8E, 1, 0x52CC, 2, 0x632D, 2, 0x7125, 1,
    0x7062, 2, 0x7000, 5, 0x6000, 5, 0x5000, 1,
    0x7800, 2, 0x7000, 3, 0x6B8E, 1, 0x7000, 1,
    0x6B8E, 2, 0x632D, 1, 0x6000, 4, 0x7800, 2,
    0x9083, 2, 0x6B8E, 4, 0x632D, 2, 0x39E9, 1,
    0x50E5, 2, 0x10A3, 1, 0x4841, 2, 0x20E5, 2,
    0x3186, 1, 0x49E9, 2, 0x8A88, 4, 0x18C5, 46,
    0x7800, 2, 0x8986, 6, 0x39E9, 1, 0x6B8E, 5,
    0x632D, 2, 0x6B8E, 1, 0x8C0C, 1, 0x9C4A, 1,
    0x8C0C, 1, 0x9C4A, 2, 0x8C0C, 2, 0x9C4A, 2,
    0x4A6A, 1, 0x49E9, 2, 0x7062, 2, 0x7800, 1,
    0x7000, 9, 0x7800, 1, 0x8A88, 1, 0x6B8E, 1,
    0x3800, 1, 0x7800, 1, 0x6B8E, 1, 0x7411, 1,
    0x39E9, 1, 0x20E5, 1, 0x4A6A, 1, 0x2125, 1,
    0x52CC, 1, 0x20E5, 1, 0x6000, 2, 0x7000, 1,
    0x9083, 2, 0x6B8E, 1, 0x7411, 3, 0x6B8E, 2,
    0x39E9, 3, 0x20A3, 3, 0x10A3, 3, 0x8A88, 2,
    0x49E9, 1, 0x8A88, 5, 0x18C5, 45, 0x7800, 2,
    0x8986, 4, 0x632D, 2, 0x39E9, 1, 0x6B8E, 3,
    0x52CC, 1, 0x632D, 1, 0x5AAB, 1, 0x632D, 2,
    0x8C0C, 2, 0x52CC, 1, 0x5AAB, 2, 0x632D, 2,
    0x9C4A, 1, 0x52CC, 2, 0x49E9, 2, 0x7125, 1,
    0x7062, 1, 0x6000, 3, 0x7000, 6, 0x7800, 1,
    0x8986, 2, 0x8A88, 1, 0x20E5, 1, 0x10A3, 1,
    0x20A3, 1, 0x7800, 1, 0x4A6A, 2, 0x7411, 1,
    0x52CC, 1, 0x6B8E, 1, 0x632D, 1, 0x52CC, 1,
    0x10A3, 1, 0x7062, 1, 0x8986, 1, 0x6B8E, 3,
    0x7411, 1, 0x6B8E, 3, 0x49E9, 2, 0x20A3, 3,
    0x3186, 2, 0x10A3, 2, 0x9C4A, 2, 0x8A88, 5,
    0x49E9, 1, 0x9C4A, 1, 0x18C5, 44, 0x9083, 1,
    0x8986, 2, 0x632D, 4, 0x39E9, 2, 0x6B8E, 3,
    0x5AAB, 3, 0x632D, 2, 0x9C4A, 1, 0x8C0C, 2,
    0x9C4A, 2, 0x632D, 1, 0x9C4A, 2, 0x52CC, 2,
    0x49E9, 2, 0x7125, 2, 0x7062, 2, 0x6000, 6,
    0x8000, 1, 0x7800, 1, 0x8986, 2, 0x20E5, 2,
    0x7411, 2, 0x20E5, 1, 0x20A3, 1, 0x20E5, 1,
    0x7411, 2, 0x8CD3, 1, 0x7411, 1, 0x6B8E, 1,
    0x20E5, 2, 0x7411, 5, 0x6B8E, 2, 0x39E9, 1,
    0x49E9, 1, 0x50E5, 2, 0x3186, 2, 0x20A3, 1,
    0x3186, 2, 0x8C0C, 1, 0x9C4A, 2, 0x8A88, 7,
    0x8C0C, 1, 0x18C5, 42, 0x8986, 1, 0x6B8E, 4,
    0x8A88, 2, 0x6B8E, 1, 0x7411, 1, 0x6B8E, 1,
    0x632D, 3, 0x5AAB, 3, 0x4A6A, 4, 0x8C0C, 3,
    0x9C4A, 1, 0x632D, 2, 0x4A6A, 2, 0x49E9, 2,
    0x7125, 6, 0x7062, 1, 0x6000, 3, 0x8800, 1,
    0x8986, 2, 0x20E5, 3, 0x7411, 2, 0x8CD3, 1,
    0x7411, 1, 0x2125, 1, 0x20A3, 1, 0x7411, 4,
    0x20A3, 1, 0x2125, 1, 0x632D, 6, 0x52CC, 1,
    0x39E9, 1, 0x5AAB, 1, 0x39E9, 2, 0x20E5, 2,
    0x20A3, 1, 0x3186, 1, 0x4A6A, 1, 0x8C0C, 2,
    0x9C4A, 3, 0x8A88, 4, 0x9C4A, 1, 0x8C0C, 1,
    0x5AAB, 1, 0x18C5, 43, 0x0862, 2, 0x1927, 4,
    0x3189, 3, 0x8A88, 4, 0x6B8E, 3, 0x632D, 4,
    0x5AAB, 6, 0x49E9, 3, 0x7125, 2, 0x50E5, 4,
    0x6000, 3, 0x3186, 3, 0x20E5, 2, 0x7411, 2,
    0x8CD3, 3, 0x7411, 1, 0x52CC, 1, 0x2125, 1,
    0x52CC, 1, 0x632D, 1, 0x7411, 1, 0x20A3, 1,
    0x632D, 2, 0x6B8E, 5, 0x4A6A, 4, 0x6B2C, 1,
    0x20E5, 1, 0x3186, 1, 0x20E5, 1, 0x4A6A, 1,
    0x8C0C, 2, 0x9C4A, 4, 0x8A88, 4, 0x9C4A, 2,
    0x8986, 1, 0x7125, 1, 0x18C5, 41, 0x3189, 15,
    0x416A, 1, 0x1927, 1, 0x3189, 2, 0x416A, 1,
    0x632D, 1, 0x5AAB, 2, 0x632D, 2, 0x8986, 1,
    0x632D, 1, 0x5AAB, 1, 0x7125, 2, 0x5AAB, 2,
    0x49E9, 2, 0x7125, 1, 0x50E5, 1, 0x6000, 3,
    0x8986, 1, 0x3186, 1, 0x20E5, 2, 0x8CD3, 7,
    0x7411, 1, 0x6B8E, 1, 0x2125, 1, 0x2926, 1,
    0x52CC, 2, 0x3186, 1, 0x52CC, 1, 0x6B8E, 5,
    0x632D, 1, 0x39E9, 3, 0x8C0C, 2, 0x6B2C, 1,
    0x2125, 1, 0x20A3, 1, 0x5AAB, 1, 0x9C4A, 6,
    0x8A88, 3, 0x9C4A, 2, 0x8A88, 1, 0x8C0C, 1,
    0x8986, 1, 0x18C5, 40, 0x3189, 9, 0x498A, 2,
    0x416A, 7, 0x498A, 1, 0x416A, 2, 0x498A, 5,
    0x416A, 4, 0x7125, 2, 0x50E5, 1, 0x5AAB, 3,
    0x7125, 2, 0x6000, 1, 0x8C0C, 1, 0x8986, 1,
    0x10A3, 1, 0x8CD3, 10, 0x632D, 1, 0x2926, 1,
    0x20A3, 1, 0x4A6A, 1, 0x20A3, 1, 0x4A6A, 1,
    0x632D, 2, 0x6B8E, 2, 0x632D, 2, 0x5AAB, 1,
    0x39E9, 1, 0x4A6A, 3, 0x8C0C, 1, 0x6B2C, 1,
    0x52CC, 1, 0x6B2C, 1, 0x8C0C, 1, 0x9C4A, 6,
    0x8A88, 2, 0x9C4A, 3, 0x8A88, 1, 0x8986, 1,
    0x9C4A, 1, 0x18C5, 39, 0x3189, 9, 0x498A, 17,
    0x416A, 3, 0x498A, 1, 0x416A, 5, 0x3189, 1,
    0x1927, 1, 0x0862, 1, 0x8986, 1, 0x8A88, 1,
    0x8986, 2, 0x7411, 1, 0x8CD3, 9, 0x7411, 2,
    0x632D, 1, 0x20A3, 3, 0x8A88, 2, 0x6B8E, 1,
    0x632D, 4, 0x39E9, 2, 0x4A6A, 1, 0x8C0C, 3,
    0xD5ED, 1, 0xB4EC, 1, 0x6B2C, 2, 0xB4EC, 1,
    0x9C4A, 2, 0x8A88, 1, 0x9C4A, 1, 0x8A88, 1,
    0x9C4A, 5, 0x8C0C, 1, 0x9C4A, 2, 0x18C5, 39,
    0x3189, 9, 0x498A, 16, 0x416A, 13, 0x0000, 1,
    0x8A88, 1, 0x8C0C, 1, 0x3186, 1, 0x52CC, 1,
    0x8CD3, 4, 0x7411, 2, 0x8CD3, 1, 0x7411, 5,
    0x4841, 1, 0x20A3, 1, 0x8986, 2, 0x632D, 4,
    0x5AAB, 2, 0x4A6A, 4, 0x8C0C, 1, 0xB4EC, 1,
    0xD5ED, 2, 0xB4EC, 3, 0x9C4A, 3, 0x8A88, 1,
    0x9C4A, 6, 0x8A88, 1, 0x9C4A, 1, 0x5AAB, 1,
    0x18C5, 38, 0x3189, 9, 0x498A, 17, 0x416A, 2,
    0x1927, 4, 0x416A, 7, 0x3189, 1, 0x8A88, 1,
    0x3186, 2, 0x52CC, 1, 0x8CD3, 3, 0x7411, 9,
    0x2926, 1, 0x7062, 1, 0x632D, 1, 0x5AAB, 1,
    0x632D, 3, 0x52CC, 2, 0x4A6A, 1, 0x39E9, 1,
    0x4A6A, 1, 0x8C0C, 2, 0xD5ED, 4, 0xB4EC, 1,
    0x9C4A, 12, 0x5AAB, 1, 0x8A88, 1, 0xB4EC, 1,
    0x18C5, 38, 0x3189, 9, 0x498A, 17, 0x416A, 14,
    0x8C0C, 1, 0x8A88, 1, 0x3186, 1, 0x6B8E, 1,
    0x8CD3, 3, 0x7411, 9, 0x52CC, 1, 0x4A6A, 1,
    0x6B8E, 3, 0x52CC, 1, 0x6B8E, 1, 0x632D, 2,
    0x5AAB, 1, 0x4A6A, 2, 0xD5ED, 1, 0xB4EC, 1,
    0xD5ED, 9, 0x18C5, 3, 0x9C4A, 2, 0x8A88, 2,
    0x5AAB, 2, 0x6B2C, 1, 0x8A88, 1, 0x18C5, 37,
    0x1927, 1, 0x3189, 9, 0x498A, 17, 0x416A, 14,
    0x8986, 1, 0x8C0C, 1, 0x3186, 1, 0x7411, 1,
    0x8CD3, 1, 0x7411, 10, 0x52CC, 1, 0x2125, 1,
    0x632D, 2, 0x4A6A, 1, 0x6B8E, 2, 0x632D, 2,
    0x52CC, 3, 0xF6CE, 5, 0xD5ED, 6, 0x18C5, 7,
    0x3186, 1, 0x5AAB, 2, 0x7125, 1, 0x7062, 1,
    0x18C5, 37, 0x3189, 9, 0x498A, 17, 0x416A, 14,
    0x3189, 1, 0x8986, 1, 0x632D, 1, 0x3186, 1,
    0x7411, 11, 0x52CC, 1, 0x39E9, 1, 0x6B8E, 1,
    0x632D, 1, 0x52CC, 1, 0x6B8E, 3, 0x632D, 2,
    0x6B8E, 1, 0x8CD3, 2, 0xF6CE, 4, 0xD5ED, 7,
    0x18C5, 8, 0x3186, 1, 0x9C4A, 1, 0x8A88, 1,
    0x6B8E, 1, 0x18C5, 36, 0x1927, 1, 0x3189, 9,
    0x498A, 17, 0x416A, 14, 0x3189, 1, 0x9083, 1,
    0x6B8E, 1, 0x3186, 1, 0x7411, 9, 0x632D, 1,
    0x52CC, 1, 0x6B8E, 2, 0x4A6A, 1, 0x52CC, 1,
    0x6B8E, 2, 0x632D, 2, 0x6B8E, 2, 0x8CD3, 1,
    0xF6CE, 5, 0xD5ED, 7, 0x18C5, 9, 0x3000, 1,
    0x5AAB, 1, 0x9C4A, 1, 0x5AAB, 1, 0x18C5, 35,
    0x10A3, 1, 0x1927, 1, 0x3189, 8, 0x498A, 18,
    0x416A, 14, 0x3189, 1, 0x8A88, 1, 0x6B8E, 1,
    0x3186, 1, 0x6B8E, 1, 0x7411, 4, 0x8CD3, 2,
    0x7411, 2, 0x632D, 2, 0x5AAB, 1, 0x4A6A, 1,
    0x6B8E, 2, 0x632D, 1, 0x6B8E, 3, 0x8CD3, 3,
    0xF6CE, 5, 0xD5ED, 6, 0x0862, 2, 0x2125, 1,
    0x6B8E, 1, 0x18C5, 6, 0x3000, 1, 0x5AAB, 3,
    0x18C5, 35, 0x10A3, 1, 0x3189, 9, 0x498A, 17,
    0x416A, 1, 0x2125, 1, 0x5AAB, 1, 0x416A, 12,
    0x3189, 1, 0x416A, 1, 0x8A88, 1, 0x52CC, 1,
    0x7411, 8, 0x3186, 1, 0x20E5, 1, 0x52CC, 1,
    0x4A6A, 1, 0x6B8E, 1, 0x632D, 1, 0x6B8E, 4,
    0x8CD3, 3, 0xF6CE, 7, 0xD5ED, 4, 0x0862, 2,
    0x39E9, 2, 0x8986, 1, 0x3186, 1, 0x8986, 1,
    0x18C5, 4, 0x3000, 1, 0x8A88, 2, 0x3186, 1,
    0x18C5, 33, 0x6B8E, 1, 0x10A3, 1, 0x1927, 1,
    0x3189, 9, 0x498A, 17, 0x416A, 14, 0x3189, 2,
    0x416A, 1, 0x8986, 1, 0x3186, 1, 0x52CC, 1,
    0x7411, 5, 0x3186, 1, 0x2125, 1, 0x4A6A, 1,
    0x39E9, 1, 0x4A6A, 1, 0x7411, 1, 0x6B8E, 5,
    0x8CD3, 1, 0x7411, 1, 0x8CD3, 3, 0xF6CE, 5,
    0xD5ED, 5, 0x0862, 1, 0x7125, 2, 0x3186, 1,
    0x7125, 4, 0x0862, 1, 0x18C5, 2, 0x7000, 1,
    0x3186, 1, 0x8A88, 1, 0x18C5, 32, 0x7411, 1,
    0x6B8E, 1, 0x9083, 1, 0x1927, 2, 0x3189, 8,
    0x498A, 18, 0x416A, 14, 0x3189, 2, 0x416A, 1,
    0x8986, 1, 0x2125, 1, 0x3186, 1, 0x7411, 3,
    0x3186, 1, 0x2125, 1, 0x10A3, 1, 0x4A6A, 1,
    0x39E9, 2, 0x632D, 1, 0x5AAB, 2, 0x6B8E, 2,
    0x8CD3, 3, 0x7411, 1, 0x8CD3, 3, 0xF6CE, 1,
    0xD5ED, 1, 0xF6CE, 2, 0xD5ED, 5, 0x0862, 2,
    0x8986, 1, 0x3186, 1, 0x2125, 1, 0x20A3, 1,
    0x7125, 1, 0x3186, 1, 0x8986, 1, 0x2125, 1,
    0x18C5, 2, 0x7800, 1, 0x3186, 2, 0x18C5, 31,
    0x6B8E, 1, 0x7000, 1, 0x8986, 2, 0x2000, 4,
    0x7000, 1, 0x1927, 5, 0x3189, 3, 0x498A, 15,
    0x416A, 14, 0x3189, 2, 0x416A, 1, 0x8986, 1,
    0x20E5, 1, 0x3186, 1, 0x6B8E, 1, 0x52CC, 2,
    0x3186, 1, 0x5AAB, 1, 0x7125, 1, 0x39E9, 1,
    0x632D, 2, 0x5AAB, 3, 0x52CC, 1, 0x8CD3, 5,
    0xF6CE, 3, 0x8CD3, 1, 0xD5ED, 1, 0xF6CE, 6,
    0x0862, 2, 0x7125, 1, 0x3186, 1, 0x2125, 1,
    0x20A3, 1, 0x0862, 1, 0x20A3, 2, 0x8986, 2,
    0x18C5, 2, 0x7800, 1, 0x3186, 1, 0x18C5, 30,
    0x6B8E, 1, 0x7000, 1, 0x8986, 1, 0x20A3, 2,
    0x8000, 1, 0x9083, 1, 0x8986, 2, 0x9083, 1,
    0x3000, 2, 0x8986, 3, 0x7000, 2, 0x10A3, 1,
    0x3189, 8, 0x416A, 1, 0x498A, 6, 0x416A, 14,
    0x3189, 2, 0x416A, 2, 0x7125, 1, 0x20E5, 2,
    0x3186, 1, 0x52CC, 1, 0x7125, 1, 0x8A88, 1,
    0x49E9, 1, 0x39E9, 1, 0x632D, 1, 0x52CC, 2,
    0x5AAB, 1, 0x4A6A, 1, 0x8CD3, 5, 0xF6CE, 7,
    0x8CD3, 1, 0xF6CE, 5, 0x10A3, 1, 0x7125, 2,
    0x20A3, 1, 0x0862, 1, 0x2125, 3, 0x20A3, 1,
    0x3186, 1, 0x8986, 1, 0x18C5, 2, 0x7000, 1,
    0x3186, 1, 0x18C5, 28, 0x7000, 2, 0x8986, 1,
    0x10A3, 1, 0x8800, 2, 0x6B8E, 1, 0x632D, 1,
    0x5AAB, 2, 0x8A88, 2, 0x632D, 1, 0x4A6A, 2,
    0x39E9, 1, 0x4A6A, 1, 0x20A3, 1, 0x3000, 2,
    0x8986, 3, 0x7000, 5, 0x3189, 4, 0x416A, 17,
    0x3189, 2, 0x416A, 2, 0x9083, 1, 0x2125, 1,
    0x20E5, 1, 0x50E5, 1, 0x7125, 1, 0x5AAB, 1,
    0x39E9, 1, 0x4A6A, 1, 0x632D, 2, 0x5AAB, 2,
    0x52CC, 1, 0x7411, 1, 0x8CD3, 1, 0x7411, 2,
    0x8CD3, 1, 0xF6CE, 14, 0x20A3, 1, 0x7125, 2,
    0x2125, 2, 0x5AAB, 3, 0x2125, 1, 0x20A3, 1,
    0x7125, 1, 0x2125, 1, 0x18C5, 1, 0x4841, 1,
    0x18C5, 26, 0x8CD3, 1, 0x7000, 1, 0x8986, 2,
    0x2000, 1, 0x7062, 1, 0x7000, 1, 0x5AAB, 5,
    0x8A88, 1, 0x5AAB, 2, 0x632D, 2, 0x6B8E, 3,
    0x5AAB, 2, 0x52CC, 1, 0x4A6A, 3, 0x20A3, 5,
    0x8986, 4, 0x7000, 2, 0x8986, 3, 0x7000, 2,
    0x20A3, 1, 0x416A, 9, 0x3189, 2, 0x416A, 3,
    0x52CC, 1, 0x39E9, 1, 0x5AAB, 1, 0x4A6A, 1,
    0x39E9, 1, 0x632D, 1, 0x6B8E, 1, 0x5AAB, 2,
    0x52CC, 1, 0x8CD3, 3, 0xF6CE, 2, 0x7411, 1,
    0xF6CE, 4, 0x7411, 2, 0xF6CE, 4, 0xB4EC, 1,
    0xF6CE, 4, 0x3186, 1, 0x7125, 1, 0x2125, 2,
    0x5AAB, 1, 0x0862, 1, 0x3186, 2, 0x2125, 1,
    0x20A3, 1, 0x3186, 1, 0x2926, 1, 0x18C5, 1,
    0x4841, 1, 0x18C5, 24, 0xA001, 1, 0x6000, 1,
    0x8986, 2, 0x2000, 2, 0x7125, 1, 0x632D, 2,
    0x5AAB, 6, 0x8A88, 2, 0x632D, 1, 0x6B8E, 14,
    0x632D, 1, 0x4A6A, 2, 0x2125, 1, 0x4A6A, 1,
    0x20A3, 1, 0x2125, 3, 0x10A3, 2, 0x3000, 2,
    0x20A3, 1, 0x3000, 3, 0x8986, 2, 0x2000, 3,
    0x8986, 3, 0x7000, 1, 0x5000, 1, 0x4A6A, 1,
    0x8A88, 1, 0x4A6A, 2, 0x6B8E, 2, 0x5AAB, 2,
    0x52CC, 1, 0x8CD3, 2, 0xF6CE, 4, 0x6B8E, 1,
    0x7411, 1, 0xF6CE, 3, 0x7411, 1, 0x2125, 1,
    0x39E9, 1, 0xF6CE, 3, 0xB4EC, 1, 0xF6CE, 3,
    0x20E5, 1, 0x3186, 2, 0x0862, 1, 0x49E9, 1,
    0x3186, 1, 0x20A3, 1, 0x3800, 2, 0x3186, 1,
    0x2125, 2, 0x39E9, 1, 0x18C5, 24, 0x7411, 1,
    0xA001, 1, 0x6000, 1, 0x8986, 1, 0x2000, 2,
    0x7125, 2, 0x52CC, 1, 0x4A6A, 3, 0x5AAB, 4,
    0x632D, 1, 0x4A6A, 1, 0x6B8E, 1, 0x632D, 1,
    0x6B8E, 1, 0x7411, 2, 0xB4EC, 1, 0x7411, 1,
    0xB4EC, 5, 0x6B8E, 1, 0x632D, 3, 0x6B8E, 9,
    0x632D, 2, 0x6B8E, 1, 0x632D, 2, 0x8986, 3,
    0x7062, 1, 0x7800, 2, 0x2000, 2, 0x8986, 1,
    0x7000, 1, 0x7125, 3, 0x4A6A, 1, 0x632D, 1,
    0x4A6A, 1, 0x632D, 2, 0x8C0C, 2, 0x8CD3, 1,
    0x7411, 1, 0xF6CE, 6, 0x6B8E, 2, 0xF6CE, 3,
    0x7411, 1, 0x2125, 1, 0x39E9, 1, 0xF6CE, 3,
    0xB4EC, 1, 0xF6CE, 3, 0x20E5, 1, 0x3186, 1,
    0x20A3, 2, 0x0862, 1, 0x3800, 1, 0x20A3, 3,
    0x10A3, 1, 0x2125, 2, 0x39E9, 1, 0x18C5, 22,
    0x7411, 1, 0xA001, 1, 0x6000, 1, 0x8986, 2,
    0x2000, 1, 0x2125, 2, 0x632D, 2, 0x9C4A, 3,
    0x632D, 5, 0x9C4A, 1, 0xB4EC, 3, 0x6B8E, 1,
    0x632D, 3, 0x6B8E, 1, 0x632D, 5, 0x9C4A, 4,
    0x632D, 7, 0x6B8E, 3, 0x632D, 2, 0x8986, 3,
    0x632D, 1, 0x7800, 2, 0x2000, 1, 0x8986, 2,
    0x50E5, 3, 0x7125, 1, 0x49E9, 2, 0x632D, 1,
    0x6B8E, 1, 0x632D, 4, 0x8CD3, 3, 0xF6CE, 7,
    0x9C4A, 1, 0xF6CE, 3, 0xB4EC, 1, 0xF6CE, 1,
    0xD5ED, 1, 0xF6CE, 1, 0xD5ED, 1, 0xF6CE, 1,
    0x6B2C, 1, 0xF6CE, 3, 0x3186, 1, 0x8986, 1,
    0x0862, 1, 0x2125, 1, 0x3800, 1, 0x20A3, 1,
    0x0862, 1, 0x20A3, 1, 0x10A3, 1, 0x0862, 1,
    0x2125, 1, 0x20A3, 1, 0x39E9, 1, 0x18C5, 20,
    0x8CD3, 1, 0x9083, 1, 0x8000, 1, 0x8986, 2,
    0x2000, 1, 0x20E5, 1, 0x7062, 1, 0x4A6A, 2,
    0x9C4A, 5, 0x6B2C, 1, 0x9C4A, 2, 0x6B2C, 1,
    0x632D, 10, 0xB4EC, 4, 0x632D, 4, 0x9C4A, 4,
    0x632D, 2, 0x6B8E, 2, 0x632D, 3, 0x8986, 3,
    0x632D, 1, 0x7800, 1, 0x2000, 2, 0x8986, 2,
    0x50E5, 3, 0x49E9, 3, 0x52CC, 2, 0x632D, 2,
    0x8C0C, 2, 0x5AAB, 1, 0x8CD3, 4, 0xF6CE, 2,
    0x8CD3, 2, 0xF6CE, 3, 0x9C4A, 1, 0xF6CE, 4,
    0xB4EC, 4, 0xF6CE, 1, 0x6B2C, 1, 0xF6CE, 3,
    0x2926, 1, 0x7125, 1, 0x2125, 1, 0x5AAB, 1,
    0x20A3, 2, 0x0862, 1, 0x20A3, 1, 0x0862, 1,
    0x20A3, 1, 0x5AAB, 1, 0x20A3, 1, 0x6B8E, 1,
    0x2125, 1, 0x18C5, 17, 0x7411, 1, 0x632D, 1,
    0x7062, 2, 0x7125, 2, 0x2000, 1, 0x3189, 1,
    0x8C0C, 2, 0x9C4A, 1, 0x632D, 1, 0x9C4A, 1,
    0x8C0C, 1, 0x39E9, 1, 0x9C4A, 2, 0x5000, 1,
    0x9C4A, 1, 0xB4EC, 1, 0x8986, 1, 0x8C0C, 1,
    0xB4EC, 4, 0x52CC, 2, 0x6B8E, 1, 0xB4EC, 2,
    0x632D, 4, 0xB4EC, 4, 0x632D, 2, 0xB4EC, 3,
    0x6B8E, 1, 0x632D, 4, 0x8986, 2, 0x632D, 2,
    0x8000, 1, 0x0862, 1, 0x8986, 1, 0x7000, 1,
    0x39E9, 1, 0x4841, 1, 0x49E9, 4, 0x52CC, 2,
    0x6B8E, 2, 0x632D, 3, 0x8CD3, 6, 0x7411, 1,
    0x8CD3, 2, 0x6B8E, 1, 0x632D, 1, 0xD5ED, 1,
    0xF6CE, 1, 0xB4EC, 1, 0x8CD3, 1, 0xF6CE, 2,
    0xD5ED, 1, 0xF6CE, 1, 0xD5ED, 1, 0xB4EC, 1,
    0xF6CE, 1, 0x7411, 1, 0x6B2C, 1, 0xF6CE, 1,
    0xD5ED, 1, 0x10A3, 1, 0x2926, 2, 0x2125, 1,
    0x3186, 1, 0x10A3, 1, 0x20A3, 1, 0x10A3, 2,
    0x20A3, 2, 0x2125, 1, 0x20A3, 1, 0x39E9, 1,
    0x2125, 1, 0x18C5, 15, 0xB4EC, 1, 0x7411, 1,
    0x6B8E, 1, 0x8986, 2, 0x7125, 2, 0x2000, 1,
    0x20E5, 1, 0x632D, 2, 0x8C0C, 3, 0x6B2C, 1,
    0x5000, 1, 0x50E5, 1, 0x8C0C, 1, 0x50E5, 1,
    0x7125, 1, 0xB4EC, 1, 0x8986, 2, 0x8C0C, 2,
    0xB4EC, 2, 0x4A6A, 1, 0x632D, 1, 0xB4EC, 3,
    0x632D, 9, 0x52CC, 3, 0xB4EC, 6, 0x6B8E, 1,
    0x4A6A, 1, 0x632D, 1, 0x8000, 1, 0x0862, 1,
    0x8986, 2, 0x4841, 1, 0x39E9, 2, 0x49E9, 2,
    0x52CC, 4, 0x6B8E, 1, 0x632D, 1, 0x6B8E, 2,
    0x632D, 1, 0x8CD3, 6, 0x7411, 3, 0x6B8E, 2,
    0x3186, 1, 0x8CD3, 1, 0xD5ED, 1, 0xB4EC, 1,
    0x8CD3, 1, 0xF6CE, 1, 0xD5ED, 5, 0xF6CE, 1,
    0x0000, 1, 0x9C4A, 1, 0xF6CE, 1, 0xD5ED, 1,
    0x10A3, 1, 0x3186, 1, 0x20A3, 1, 0x2125, 1,
    0x10A3, 1, 0x0862, 1, 0x20A3, 2, 0x10A3, 2,
    0x20A3, 1, 0x7125, 1, 0x20A3, 1, 0x39E9, 1,
    0x2125, 1, 0x18C5, 14, 0xB4EC, 1, 0x6B8E, 1,
    0x632D, 1, 0x8986, 2, 0x7125, 2, 0x2000, 1,
    0x6000, 1, 0x52CC, 2, 0x8C0C, 2, 0x8A88, 1,
    0x6B2C, 1, 0x8C0C, 2, 0x6B2C, 1, 0x3186, 1,
    0x39E9, 2, 0x4A6A, 1, 0x8C0C, 1, 0x9C4A, 2,
    0xB4EC, 2, 0x4A6A, 2, 0xB4EC, 3, 0x4A6A, 1,
    0xB4EC, 6, 0x5AAB, 2, 0x52CC, 1, 0xB4EC, 4,
    0x4A6A, 1, 0xB4EC, 5, 0x632D, 1, 0x2000, 2,
    0x8986, 1, 0x4841, 1, 0x39E9, 4, 0x4A6A, 2,
    0x52CC, 1, 0x4A6A, 2, 0x632D, 2, 0x6B8E, 1,
    0x632D, 1, 0x8CD3, 8, 0x7411, 1, 0xD5ED, 1,
    0x7411, 1, 0xF6CE, 1, 0x9C4A, 1, 0x7411, 1,
    0xF6CE, 1, 0xD5ED, 2, 0x7411, 1, 0xF6CE, 1,
    0x9C4A, 2, 0xD5ED, 1, 0x39E9, 1, 0x3189, 1,
    0x2125, 1, 0x0000, 1, 0xF6CE, 1, 0xD5ED, 2,
    0x20E5, 1, 0x3186, 1, 0x20A3, 1, 0x5AAB, 1,
    0x3800, 1, 0x20A3, 1, 0x10A3, 1, 0x0862, 1,
    0x20A3, 1, 0x0862, 1, 0x6000, 1, 0x7125, 1,
    0x20A3, 1, 0x6B8E, 1, 0x18C5, 14, 0x6B8E, 1,
    0x7411, 2, 0x5AAB, 1, 0x8986, 1, 0x7125, 2,
    0x2000, 1, 0x5000, 1, 0x5AAB, 2, 0x52CC, 1,
    0x8C0C, 3, 0x39E9, 2, 0x9C4A, 1, 0x6B2C, 1,
    0x8C0C, 2, 0x39E9, 1, 0x4841, 1, 0x4A6A, 2,
    0x39E9, 1, 0x50E5, 1, 0x20E5, 2, 0x6B2C, 1,
    0x9C4A, 1, 0x6B2C, 2, 0x8C0C, 1, 0x6B2C, 1,
    0x2926, 1, 0x52CC, 1, 0xB4EC, 3, 0x8C0C, 1,
    0xB4EC, 3, 0x6000, 1, 0x4A6A, 2, 0xB4EC, 2,
    0x52CC, 1, 0x632D, 1, 0x8800, 2, 0x2000, 1,
    0x8986, 1, 0x4841, 2, 0x39E9, 3, 0x4A6A, 3,
    0x52CC, 2, 0x6B8E, 1, 0x632D, 1, 0x6B8E, 3,
    0x8CD3, 1, 0x7411, 1, 0x8CD3, 7, 0x7411, 1,
    0xF6CE, 2, 0xB4EC, 1, 0x8CD3, 1, 0x7411, 1,
    0xD5ED, 2, 0xF6CE, 1, 0x3186, 1, 0xF6CE, 1,
    0x8A88, 1, 0xD5ED, 1, 0x7411, 1, 0x39E9, 1,
    0x20A3, 2, 0x9C4A, 1, 0xF6CE, 1, 0xD5ED, 2,
    0x20A3, 1, 0x3186, 1, 0x20A3, 1, 0x49E9, 1,
    0x3800, 1, 0x20A3, 1, 0x0862, 2, 0x6000, 1,
    0x0862, 1, 0x20A3, 1, 0x2125, 1, 0x20A3, 1,
    0x39E9, 1, 0x18C5, 14, 0x52CC, 1, 0x632D, 1,
    0x5AAB, 2, 0x7125, 2, 0x2000, 1, 0x6000, 2,
    0x5AAB, 1, 0x4A6A, 1, 0x39E9, 1, 0x4A6A, 1,
    0x8C0C, 1, 0x39E9, 2, 0x6B2C, 1, 0x9C4A, 1,
    0x8C0C, 2, 0x9C4A, 1, 0x8C0C, 3, 0x4A6A, 2,
    0x39E9, 3, 0x4A6A, 1, 0x20E5, 1, 0x20A3, 1,
    0x8C0C, 1, 0x6B2C, 3, 0x8C0C, 1, 0x4A6A, 1,
    0x6B2C, 1, 0x8C0C, 1, 0x4841, 1, 0x3800, 2,
    0x9C4A, 4, 0x632D, 2, 0x49E9, 1, 0x7000, 1,
    0x2000, 1, 0x8986, 1, 0x5000, 2, 0x3000, 3,
    0x52CC, 6, 0x632D, 2, 0x52CC, 2, 0x632D, 1,
    0x8CD3, 7, 0x7411, 1, 0x8CD3, 1, 0x6B8E, 1,
    0x7411, 1, 0xD5ED, 2, 0xB4EC, 1, 0xD5ED, 4,
    0xF6CE, 1, 0x3186, 1, 0xD5ED, 1, 0xA001, 1,
    0x9C4A, 1, 0x39E9, 1, 0x20A3, 1, 0xF6CE, 3,
    0xD5ED, 1, 0x9C4A, 2, 0x2125, 1, 0x3186, 1,
    0x20A3, 1, 0x3186, 1, 0x20A3, 2, 0x10A3, 1,
    0x0862, 1, 0x20A3, 1, 0x10A3, 1, 0x20A3, 1,
    0x5AAB, 1, 0x20A3, 1, 0x39E9, 1, 0x18C5, 13,
    0x52CC, 1, 0x8986, 1, 0x5AAB, 2, 0x7125, 2,
    0x2000, 1, 0x6000, 2, 0x4A6A, 2, 0x20E5, 2,
    0x8A88, 1, 0x8C0C, 2, 0x5000, 1, 0x4800, 1,
    0x39E9, 2, 0x8C0C, 2, 0x9C4A, 2, 0x8C0C, 1,
    0x9C4A, 1, 0x8C0C, 3, 0x4A6A, 5, 0x4841, 1,
    0x4A6A, 1, 0x8C0C, 1, 0x6B2C, 2, 0x9C4A, 1,
    0x3186, 1, 0x3000, 1, 0x39E9, 2, 0x9C4A, 5,
    0x49E9, 1, 0x7000, 1, 0x2000, 1, 0x7125, 1,
    0x50E5, 4, 0x4A6A, 2, 0x52CC, 4, 0x4A6A, 1,
    0x632D, 1, 0x5AAB, 3, 0x632D, 1, 0x7411, 1,
    0x6B8E, 2, 0x7411, 1, 0x8CD3, 2, 0x7411, 1,
    0x8CD3, 1, 0x8A88, 2, 0x39E9, 1, 0xF6CE, 2,
    0xB4EC, 1, 0xF6CE, 1, 0xD5ED, 3, 0x3186, 1,
    0x2125, 1, 0x9C4A, 1, 0x8C0C, 1, 0xA001, 2,
    0x39E9, 1, 0xF6CE, 2, 0x9C4A, 4, 0x20E5, 1,
    0x2125, 1, 0x3186, 1, 0x2125, 1, 0x9C4A, 1,
    0x7000, 1, 0x20A3, 1, 0x0862, 2, 0x10A3, 1,
    0x20A3, 2, 0x2125, 2, 0x39E9, 1, 0x18C5, 12,
    0x8986, 4, 0x8000, 1, 0x7125, 1, 0x2000, 1,
    0x6000, 3, 0x4A6A, 1, 0x7062, 2, 0x39E9, 1,
    0x8C0C, 2, 0x4A6A, 1, 0x4841, 1, 0x50E5, 2,
    0x5000, 1, 0x4800, 2, 0x50E5, 1, 0x39E9, 2,
    0x6B2C, 2, 0x9C4A, 4, 0x6B2C, 2, 0x9C4A, 2,
    0x8C0C, 1, 0x8A88, 1, 0x50E5, 3, 0x9C4A, 3,
    0x5000, 1, 0x49E9, 1, 0x9C4A, 3, 0x4A6A, 1,
    0x6000, 1, 0x2000, 1, 0x7125, 1, 0x4841, 2,
    0x39E9, 2, 0x49E9, 2, 0x52CC, 4, 0xB4EC, 1,
    0x7411, 1, 0x4A6A, 1, 0x2125, 1, 0x7125, 2,
    0x632D, 2, 0x6B8E, 1, 0x9C4A, 1, 0x7411, 1,
    0x6B8E, 1, 0x8CD3, 1, 0x7411, 2, 0x3186, 2,
    0x39E9, 1, 0xF6CE, 2, 0xB4EC, 2, 0xD5ED, 1,
    0x3186, 2, 0x20A3, 2, 0x9C4A, 1, 0x39E9, 1,
    0xA001, 2, 0x6B2C, 1, 0x39E9, 1, 0x9C4A, 2,
    0x3186, 1, 0x2926, 1, 0x9C4A, 1, 0x10A3, 1,
    0x2926, 1, 0x2125, 2, 0x9C4A, 1, 0x20A3, 2,
    0x10A3, 1, 0x20A3, 1, 0x10A3, 1, 0x0862, 2,
    0x2125, 2, 0x3186, 1, 0x18C5, 11, 0x7125, 1,
    0x9083, 2, 0x8000, 2, 0x5000, 1, 0x7125, 1,
    0x3000, 2, 0x6000, 1, 0x7125, 1, 0x4A6A, 2,
    0x20A3, 1, 0x39E9, 2, 0x8C0C, 2, 0x4841, 2,
    0x39E9, 1, 0x5000, 1, 0x4800, 7, 0x4841, 1,
    0x39E9, 2, 0x8A88, 8, 0x9C4A, 2, 0x50E5, 2,
    0x632D, 1, 0x9C4A, 3, 0x8C0C, 1, 0x52CC, 1,
    0x6000, 1, 0x2000, 1, 0x7125, 1, 0x5000, 1,
    0x50E5, 4, 0x4A6A, 2, 0x52CC, 1, 0x6B2C, 1,
    0x8C0C, 1, 0xB4EC, 1, 0x9C4A, 1, 0x2125, 1,
    0x50E5, 1, 0x7062, 1, 0x7125, 1, 0x7062, 2,
    0x2125, 1, 0x3186, 3, 0x632D, 1, 0x8A88, 1,
    0x6B8E, 2, 0x7411, 1, 0x9C4A, 1, 0xF6CE, 3,
    0xB4EC, 1, 0x9C4A, 1, 0x7411, 1, 0x20A3, 3,
    0xF6CE, 1, 0x9C4A, 1, 0x39E9, 1, 0xA001, 1,
    0x9083, 1, 0x6B2C, 1, 0x8A88, 1, 0x3186, 3,
    0x2926, 1, 0x6B2C, 1, 0x10A3, 1, 0x2125, 3,
    0x3186, 1, 0x3800, 1, 0x20A3, 2, 0x10A3, 1,
    0x20A3, 1, 0x10A3, 2, 0x2125, 1, 0x3186, 1,
    0x2926, 1, 0x18C5, 10, 0x6000, 3, 0x7000, 1,
    0x7062, 1, 0x4841, 1, 0x50E5, 1, 0x2000, 1,
    0x4800, 1, 0x5000, 1, 0x7125, 1, 0x4A6A, 2,
    0x7125, 1, 0x7062, 1, 0x10A3, 1, 0x4A6A, 1,
    0x8C0C, 2, 0x9C4A, 1, 0x39E9, 1, 0x5000, 1,
    0x50E5, 2, 0x4841, 1, 0x4800, 5, 0x3000, 3,
    0x4800, 3, 0x4841, 1, 0x8A88, 4, 0x4841, 1,
    0x9C4A, 3, 0x10A3, 1, 0x4A6A, 1, 0x8C0C, 2,
    0x52CC, 1, 0x4841, 1, 0x2000, 1, 0x7125, 1,
    0x4841, 2, 0x50E5, 1, 0x39E9, 3, 0x49E9, 1,
    0x52CC, 3, 0xB4EC, 2, 0x3186, 1, 0x5000, 1,
    0x7062, 4, 0x7800, 1, 0x2125, 2, 0x3186, 1,
    0x6B8E, 1, 0x632D, 2, 0x7411, 1, 0x6B8E, 1,
    0x39E9, 1, 0x9C4A, 1, 0xF6CE, 3, 0xB4EC, 1,
    0xA001, 1, 0x39E9, 1, 0x20A3, 1, 0xF6CE, 2,
    0x9C4A, 2, 0x39E9, 1, 0x8A88, 1, 0x9083, 5,
    0x2926, 2, 0x6B2C, 1, 0x20E5, 1, 0x2926, 1,
    0x3186, 1, 0x20A3, 1, 0x49E9, 1, 0x3800, 1,
    0x0862, 1, 0x20A3, 1, 0x0862, 1, 0x20A3, 2,
    0x3186, 1, 0x20A3, 1, 0x7125, 1, 0x18C5, 11,
    0x6000, 2, 0x7000, 2, 0x7125, 1, 0x4841, 2,
    0x50E5, 1, 0x2000, 1, 0x5000, 1, 0x4841, 1,
    0x39E9, 1, 0x50E5, 2, 0x4841, 1, 0x7062, 1,
    0x20A3, 1, 0x8C0C, 4, 0x4841, 3, 0x3186, 1,
    0x4841, 6, 0x4800, 4, 0x4841, 1, 0x3000, 2,
    0x3186, 1, 0x5000, 1, 0x9C4A, 3, 0x20E5, 1,
    0x6000, 1, 0x20A3, 1, 0x52CC, 3, 0x6000, 1,
    0x2000, 1, 0x7125, 1, 0x5000, 1, 0x50E5, 4,
    0x4A6A, 3, 0x52CC, 1, 0x8C0C, 1, 0xB4EC, 3,
    0x7062, 1, 0x18C5, 3, 0x6000, 1, 0x7800, 2,
    0x2926, 1, 0x2125, 1, 0x2926, 1, 0x7411, 1,
    0x632D, 1, 0x39E9, 1, 0x6B8E, 2, 0x9C4A, 1,
    0xF6CE, 4, 0x39E9, 1, 0xA001, 1, 0x6B8E, 1,
    0x9C4A, 4, 0x8A88, 1, 0x2125, 1, 0x3186, 1,
    0x9083, 2, 0x2926, 3, 0x10A3, 1, 0x0862, 1,
    0x2125, 3, 0x3186, 1, 0x20A3, 1, 0x5AAB, 1,
    0x10A3, 2, 0x20A3, 1, 0x0862, 1, 0x20A3, 1,
    0x3800, 1, 0x2125, 1, 0x20A3, 1, 0x8986, 1,
    0x18C5, 11, 0x7000, 3, 0x7062, 1, 0x49E9, 1,
    0x50E5, 1, 0x4841, 2, 0x2000, 1, 0x5000, 2,
    0x50E5, 4, 0x5000, 3, 0x8A88, 1, 0x6B2C, 5,
    0x39E9, 2, 0x4841, 1, 0x3186, 1, 0x4841, 3,
    0x20A3, 1, 0x39E9, 2, 0x4841, 1, 0x8A88, 1,
    0x8C0C, 2, 0x9C4A, 1, 0x4A6A, 1, 0x10A3, 2,
    0x6000, 3, 0x7125, 2, 0x7062, 1, 0x6000, 1,
    0x2000, 1, 0x7125, 1, 0x4841, 4, 0x50E5, 2,
    0x49E9, 2, 0x4A6A, 2, 0x8C0C, 1, 0xB4EC, 1,
    0x3186, 1, 0x7125, 1, 0x10A3, 1, 0x0862, 1,
    0x10A3, 1, 0x2125, 1, 0x18C5, 3, 0x7000, 1,
    0x3186, 1, 0x632D, 1, 0x7411, 1, 0x2926, 1,
    0x39E9, 1, 0x6B8E, 1, 0x3186, 1, 0xF6CE, 5,
    0x3186, 1, 0xA001, 1, 0x8A88, 1, 0x3186, 1,
    0x9C4A, 1, 0x3186, 2, 0x6B2C, 1, 0x3186, 1,
    0x2926, 1, 0x4A6A, 1, 0x2926, 1, 0x10A3, 3,
    0x3800, 1, 0x3186, 1, 0x20E5, 2, 0x2125, 1,
    0x3186, 1, 0x20A3, 1, 0x2125, 1, 0x3186, 1,
    0x20A3, 3, 0x3800, 1, 0x3186, 1, 0x2125, 2,
    0x8986, 1, 0x18C5, 11, 0x7000, 2, 0x8C0C, 1,
    0x9C4A, 1, 0x2125, 1, 0x3186, 1, 0x4841, 2,
    0x49E9, 1, 0x5000, 3, 0x50E5, 3, 0x5000, 4,
    0x4800, 1, 0x10A3, 1, 0x6B2C, 12, 0x8C0C, 1,
    0x9C4A, 1, 0x20E5, 1, 0x8C0C, 1, 0x4A6A, 1,
    0x10A3, 1, 0x6000, 4, 0x7062, 3, 0x6000, 1,
    0x3000, 2, 0x7125, 1, 0x5000, 2, 0x50E5, 5,
    0x49E9, 2, 0x4A6A, 3, 0x39E9, 1, 0x7062, 1,
    0x7800, 1, 0x0862, 3, 0x39E9, 1, 0x8986, 1,
    0x3186, 1, 0x18C5, 2, 0x3186, 1, 0x632D, 1,
    0x3189, 1, 0x3186, 1, 0x6B8E, 1, 0x4841, 2,
    0xF6CE, 5, 0x2125, 1, 0xA001, 1, 0x8A88, 2,
    0x3186, 1, 0x9083, 1, 0x8986, 1, 0x3186, 1,
    0x20E5, 1, 0x0862, 3, 0x3186, 1, 0x3800, 1,
    0x3186, 3, 0x20E5, 3, 0x3186, 1, 0x20A3, 1,
    0x2125, 1, 0x5AAB, 1, 0x3800, 2, 0x20A3, 1,
    0x3186, 1, 0x5AAB, 1, 0x20A3, 1, 0x3186, 1,
    0x2125, 1, 0x18C5, 11, 0x7000, 1, 0x7062, 1,
    0x9C4A, 2, 0x2125, 1, 0x20A3, 1, 0x4841, 2,
    0x5000, 1, 0x2000, 1, 0x5000, 4, 0x50E5, 1,
    0x5000, 1, 0x4841, 1, 0x5000, 5, 0x4800, 1,
    0x3189, 1, 0x10A3, 2, 0x0862, 3, 0x2000, 2,
    0x3189, 1, 0x10A3, 1, 0x0862, 2, 0x3800, 1,
    0x5000, 3, 0x4841, 1, 0x50E5, 1, 0x39E9, 2,
    0x5000, 2, 0x4800, 1, 0x3000, 1, 0x50E5, 1,
    0x4841, 1, 0x8986, 1, 0x6000, 1, 0x50E5, 6,
    0x49E9, 2, 0x39E9, 1, 0x52CC, 1, 0x3186, 1,
    0x7062, 1, 0x7125, 1, 0x0862, 3, 0x7125, 1,
    0x3186, 1, 0x7125, 3, 0x8986, 1, 0x3186, 5,
    0x4841, 1, 0x9C4A, 1, 0xF6CE, 5, 0x2125, 1,
    0x3186, 1, 0x7062, 1, 0x9083, 2, 0x4A6A, 2,
    0x3186, 1, 0x0862, 1, 0x3800, 1, 0x3186, 6,
    0x20E5, 4, 0x3186, 1, 0x2926, 1, 0x2125, 2,
    0x0862, 1, 0x3186, 1, 0x0862, 1, 0x5AAB, 1,
    0x2125, 1, 0x20A3, 1, 0x8986, 1, 0x0862, 1,
    0x18C5, 10, 0x6000, 1, 0x7000, 1, 0x2125, 1,
    0x9C4A, 2, 0x6B2C, 1, 0x39E9, 1, 0x20A3, 1,
    0x4841, 2, 0x49E9, 1, 0x2000, 2, 0x0862, 1,
    0x5000, 4, 0x4841, 2, 0x5000, 2, 0x4841, 1,
    0x5000, 15, 0x50E5, 2, 0x39E9, 2, 0x50E5, 1,
    0x5000, 2, 0x2000, 1, 0x50E5, 1, 0x4841, 2,
    0x9083, 2, 0x8986, 1, 0x8800, 1, 0x8000, 2,
    0x50E5, 3, 0x20E5, 2, 0x39E9, 1, 0x3186, 2,
    0x6000, 1, 0x0862, 3, 0x7125, 2, 0x2125, 1,
    0x20A3, 2, 0x7125, 1, 0x8986, 1, 0x3186, 1,
    0x52CC, 1, 0x3186, 1, 0x2926, 1, 0x10A3, 2,
    0xF6CE, 5, 0xD5ED, 1, 0x10A3, 1, 0x2125, 1,
    0x9083, 1, 0x4A6A, 2, 0x0862, 2, 0x4800, 1,
    0x3800, 1, 0x3186, 5, 0x632D, 2, 0x20E5, 4,
    0x2926, 1, 0x7125, 1, 0x0862, 1, 0x20A3, 1,
    0x49E9, 1, 0x5AAB, 2, 0x2125, 1, 0x10A3, 1,
    0x3186, 1, 0x8986, 1, 0x18C5, 11, 0x5000, 1,
    0x7000, 1, 0x10A3, 1, 0x9C4A, 2, 0x52CC, 1,
    0x39E9, 1, 0x20A3, 1, 0x50E5, 1, 0x4841, 3,
    0x50E5, 1, 0x0862, 3, 0x5000, 4, 0x4841, 4,
    0x5000, 13, 0x50E5, 1, 0x4841, 1, 0x50E5, 1,
    0x5000, 3, 0x2000, 1, 0x49E9, 1, 0x4841, 3,
    0x9083, 1, 0x8986, 1, 0x9083, 2, 0x8800, 4,
    0x8000, 3, 0x7125, 1, 0x39E9, 1, 0x7062, 1,
    0x7800, 1, 0x0862, 1, 0x10A3, 1, 0x0862, 1,
    0x7125, 1, 0x3186, 1, 0x2125, 1, 0x20A3, 1,
    0x0862, 1, 0x10A3, 1, 0x2926, 1, 0x3186, 1,
    0x7125, 1, 0x20E5, 1, 0x3186, 1, 0x2125, 1,
    0x6000, 1, 0x9C4A, 1, 0xF6CE, 3, 0x9C4A, 1,
    0xD5ED, 1, 0x9C4A, 1, 0x6B2C, 1, 0x0862, 1,
    0x4A6A, 1, 0x0862, 3, 0x4800, 1, 0x3800, 1,
    0x3186, 5, 0x52CC, 3, 0x0000, 1, 0x20E5, 3,
    0x2926, 1, 0x8986, 1, 0x20A3, 1, 0x0862, 1,
    0x2125, 3, 0x0862, 1, 0x20A3, 1, 0x7125, 2,
    0x18C5, 11, 0x5000, 1, 0x7000, 1, 0x52CC, 1,
    0x8C0C, 1, 0x632D, 1, 0x4A6A, 3, 0x4841, 5,
    0x50E5, 2, 0x0862, 1, 0x3800, 8, 0x5000, 17,
    0x2000, 1, 0x7125, 1, 0x4841, 2, 0x50E5, 2,
    0x8986, 1, 0x8A88, 2, 0xB4EC, 2, 0x8800, 4,
    0x8000, 1, 0xA001, 2, 0x8800, 2, 0x6000, 2,
    0x10A3, 3, 0x8986, 1, 0x20A3, 2, 0x2125, 3,
    0x0862, 1, 0x2125, 1, 0x8986, 1, 0x20E5, 2,
    0x7000, 1, 0x6000, 1, 0xD5ED, 1, 0xF6CE, 1,
    0xD5ED, 2, 0x3186, 1, 0x6B2C, 1, 0x9C4A, 2,
    0x0862, 2, 0x3000, 1, 0x0862, 1, 0x4800, 2,
    0x3800, 1, 0x3186, 4, 0x2125, 1, 0x52CC, 2,
    0x0000, 2, 0x20E5, 3, 0x3186, 3, 0x2125, 2,
    0x0862, 1, 0x20A3, 2, 0x7125, 1, 0x8986, 1,
    0x18C5, 12, 0x5000, 1, 0x8A88, 1, 0x20E5, 1,
    0x6B2C, 1, 0x632D, 1, 0x4A6A, 3, 0x10A3, 1,
    0x4841, 3, 0x5000, 3, 0x50E5, 3, 0x7125, 1,
    0x0862, 7, 0x3800, 2, 0x3000, 5, 0x5000, 2,
    0x0862, 2, 0x50E5, 1, 0x49E9, 2, 0x0862, 1,
    0x7125, 1, 0x6000, 1, 0x4841, 2, 0x20E5, 1,
    0x39E9, 1, 0x3186, 1, 0xB4EC, 4, 0x8800, 3,
    0xA001, 4, 0x8800, 1, 0x7800, 2, 0x0862, 3,
    0x7125, 2, 0x0862, 1, 0x2125, 1, 0x5AAB, 3,
    0x2125, 1, 0x20A3, 1, 0x3186, 1, 0x20E5, 1,
    0x2926, 1, 0x6000, 1, 0x3000, 1, 0xD5ED, 2,
    0x9C4A, 2, 0x3800, 1, 0x3186, 1, 0x9C4A, 2,
    0x0862, 1, 0x3000, 2, 0x4800, 2, 0x3186, 2,
    0x7411, 5, 0x20E5, 4, 0x2125, 2, 0x20E5, 2,
    0x3186, 1, 0x7125, 2, 0x20A3, 1, 0x2125, 2,
    0x7125, 2, 0x18C5, 13, 0x5000, 1, 0x4800, 1,
    0x20E5, 1, 0x52CC, 2, 0x6B8E, 1, 0x632D, 1,
    0x52CC, 1, 0x10A3, 1, 0x4841, 3, 0x5000, 9,
    0x7125, 3, 0x50E5, 4, 0x0862, 6, 0x7125, 2,
    0x4841, 7, 0x20E5, 1, 0x39E9, 1, 0x20E5, 1,
    0xB4EC, 6, 0x9083, 1, 0xA001, 6, 0x8800, 1,
    0x7800, 2, 0x20E5, 2, 0x0862, 1, 0x8986, 1,
    0x2926, 1, 0x2125, 1, 0x3186, 1, 0x0862, 1,
    0x3800, 1, 0x3186, 1, 0x2125, 1, 0x20A3, 1,
    0x3186, 1, 0x7000, 1, 0x20E5, 1, 0x5000, 1,
    0x8A88, 1, 0xD5ED, 1, 0x9C4A, 2, 0x3186, 1,
    0x3800, 1, 0x3186, 1, 0x9C4A, 1, 0x6B2C, 1,
    0x3186, 1, 0x3000, 1, 0x4800, 2, 0x3000, 1,
    0x3186, 1, 0x632D, 5, 0x20E5, 1, 0x0000, 1,
    0x3186, 1, 0x0000, 1, 0x20E5, 4, 0x2125, 1,
    0x3186, 1, 0x7125, 2, 0x3186, 2, 0x2926, 1,
    0x8986, 1, 0x18C5, 14, 0x4800, 2, 0x4A6A, 1,
    0x52CC, 1, 0x4A6A, 1, 0x52CC, 3, 0x7411, 1,
    0x4A6A, 1, 0x7062, 1, 0x7000, 3, 0x5000, 16,
    0x50E5, 3, 0x5000, 1, 0x4841, 7, 0x50E5, 1,
    0x20E5, 1, 0x4A6A, 1, 0x52CC, 1, 0xB4EC, 5,
    0x3186, 1, 0x8A88, 2, 0xA001, 5, 0x8800, 1,
    0x8000, 3, 0x10A3, 2, 0x20A3, 1, 0x7125, 1,
    0x20A3, 1, 0x5AAB, 1, 0x10A3, 1, 0x20A3, 2,
    0x3800, 1, 0x5AAB, 1, 0x2125, 1, 0x3186, 1,
    0x2125, 1, 0x52CC, 1, 0x5000, 1, 0x9C4A, 3,
    0x3186, 1, 0x4841, 1, 0x3800, 1, 0x6B2C, 2,
    0x3186, 1, 0x4800, 4, 0x3800, 1, 0x3186, 2,
    0x2926, 1, 0x3186, 2, 0x0000, 1, 0x7411, 1,
    0x8CD3, 1, 0x2125, 2, 0x20E5, 2, 0x10A3, 1,
    0x20E5, 3, 0x7125, 2, 0x8986, 1, 0x7125, 1,
    0x3186, 1, 0x6B8E, 1, 0x18C5, 14, 0x4800, 2,
    0x3800, 1, 0x4A6A, 1, 0x10A3, 1, 0x0862, 1,
    0x52CC, 2, 0x632D, 1, 0x6B8E, 1, 0x7062, 1,
    0x5000, 3, 0x6000, 8, 0x5000, 12, 0x6000, 1,
    0x4841, 4, 0x20E5, 2, 0x52CC, 3, 0x7411, 1,
    0xB4EC, 3, 0x5AAB, 1, 0x20E5, 1, 0x39E9, 1,
    0xB4EC, 1, 0xA001, 6, 0x8000, 3, 0x7800, 1,
    0x20E5, 2, 0x8986, 1, 0x3186, 1, 0x20A3, 1,
    0x3186, 1, 0x20A3, 3, 0x3800, 1, 0x3186, 1,
    0x2125, 1, 0x3186, 2, 0x52CC, 1, 0x3186, 1,
    0x9C4A, 2, 0x3186, 1, 0x3800, 2, 0x3186, 3,
    0x3000, 1, 0x4800, 3, 0x3000, 1, 0x3186, 2,
    0x20E5, 2, 0x2125, 2, 0x18C5, 3, 0x2125, 1,
    0x7411, 1, 0x18C5, 4, 0x10A3, 1, 0x20E5, 3,
    0x7125, 1, 0x39E9, 2, 0x18C5, 15, 0x4800, 1,
    0x3000, 1, 0x3800, 1, 0x4800, 1, 0x5000, 2,
    0x20A3, 1, 0x0862, 2, 0x10A3, 1, 0x5000, 3,
    0x6000, 9, 0x7000, 10, 0x8800, 3, 0x4841, 3,
    0x20E5, 2, 0x52CC, 3, 0x7411, 1, 0x8CD3, 1,
    0xF6CE, 3, 0x8CD3, 1, 0x2125, 2, 0x8CD3, 1,
    0xA001, 4, 0x8000, 1, 0x7800, 1, 0x8000, 3,
    0x7800, 1, 0x10A3, 2, 0x7125, 1, 0x2125, 2,
    0x10A3, 1, 0x20A3, 1, 0x0862, 1, 0x20A3, 2,
    0x0862, 1, 0x5AAB, 1, 0x2926, 1, 0x39E9, 1,
    0x3000, 1, 0x8A88, 1, 0x6B2C, 2, 0x3800, 1,
    0x4800, 1, 0x3800, 1, 0x3186, 2, 0x4800, 3,
    0x4841, 1, 0x18C5, 3, 0x6B8E, 1, 0x7411, 2,
    0x39E9, 1, 0x2125, 1, 0x0000, 1, 0x18C5, 1,
    0x0000, 1, 0x18C5, 28, 0x4800, 1, 0x3000, 2,
    0x4800, 1, 0x5000, 2, 0x7000, 4, 0x5000, 3,
    0x6000, 9, 0x7000, 9, 0x7800, 3, 0x8800, 1,
    0x7062, 1, 0x632D, 1, 0x8CD3, 1, 0x7411, 3,
    0x8CD3, 4, 0xF6CE, 1, 0x8CD3, 2, 0x39E9, 1,
    0x2125, 2, 0xB4EC, 1, 0xA001, 1, 0x8800, 3,
    0x8000, 4, 0x7800, 1, 0x10A3, 3, 0x3186, 1,
    0x20A3, 1, 0x5AAB, 1, 0x20A3, 1, 0x0862, 1,
    0x10A3, 2, 0x20A3, 1, 0x0862, 1, 0x2125, 1,
    0x2926, 1, 0x39E9, 1, 0x8A88, 1, 0x6B2C, 1,
    0x3800, 2, 0x10A3, 1, 0x4800, 1, 0x3800, 1,
    0x3186, 1, 0x4800, 3, 0x4841, 1, 0x18C5, 7,
    0x3186, 1, 0x8CD3, 1, 0x7411, 1, 0x0862, 1,
    0x20E5, 1, 0x18C5, 28, 0x3000, 3, 0x4800, 1,
    0x5000, 3, 0x7000, 6, 0x8000, 2, 0x6000, 7,
    0x7000, 10, 0x7800, 3, 0x7062, 1, 0x7411, 2,
    0x6B8E, 3, 0x8CD3, 5, 0x2125, 2, 0x8CD3, 3,
    0x8800, 1, 0x8000, 8, 0x7800, 1, 0x10A3, 3,
    0x3186, 1, 0x2125, 1, 0x3186, 1, 0x0862, 2,
    0x20A3, 1, 0x10A3, 2, 0x20A3, 1, 0x7125, 1,
    0x2125, 1, 0x39E9, 1, 0x3186, 2, 0x0862, 1,
    0x3800, 2, 0x4800, 1, 0x3000, 2, 0x4800, 2,
    0x18C5, 42, 0x3000, 3, 0x4800, 1, 0x5000, 3,
    0x6000, 2, 0x7000, 4, 0x8000, 8, 0x8800, 3,
    0x7000, 11, 0x7062, 1, 0x20E5, 1, 0x10A3, 2,
    0x20E5, 1, 0x3186, 1, 0x20E5, 1, 0x2125, 2,
    0x20E5, 2, 0x8CD3, 3, 0x8800, 2, 0x8000, 5,
    0x7800, 2, 0x8000, 3, 0x10A3, 1, 0x20E5, 1,
    0x20A3, 1, 0x2926, 1, 0x2125, 1, 0x3186, 1,
    0x20A3, 1, 0x10A3, 1, 0x0862, 1, 0x20A3, 1,
    0x0862, 1, 0x6000, 1, 0x2125, 1, 0x2926, 1,
    0x3186, 2, 0x0862, 2, 0x10A3, 1, 0x3800, 1,
    0x4800, 2, 0x4841, 2, 0x18C5, 43, 0x3000, 3,
    0x5000, 4, 0x6000, 3, 0x7000, 1, 0x6000, 1,
    0x7000, 1, 0x8000, 2, 0x8800, 1, 0x8000, 5,
    0x8800, 9, 0xA001, 4, 0x8800, 11, 0x8000, 2,
    0x7800, 1, 0x8800, 1, 0x8000, 6, 0x7800, 3,
    0x8000, 2, 0x7800, 1, 0x20E5, 2, 0x2125, 3,
    0x0862, 1, 0x10A3, 1, 0x20A3, 1, 0x0862, 1,
    0x6000, 1, 0x10A3, 1, 0x20A3, 1, 0x5AAB, 1,
    0x2926, 2, 0x10A3, 5, 0x4800, 2, 0x18C5, 46,
    0x3000, 2, 0x4800, 1, 0x5000, 3, 0x6000, 5,
    0x7000, 2, 0x8800, 5, 0xA001, 1, 0x8800, 1,
    0xA001, 4, 0x8800, 5, 0xA001, 3, 0x8800, 12,
    0x8000, 2, 0x7800, 1, 0x8000, 7, 0x7800, 6,
    0x20E5, 2, 0x2125, 3, 0x0862, 1, 0x20A3, 1,
    0x6000, 1, 0x0862, 1, 0x20A3, 2, 0x0862, 1,
    0x2125, 1, 0x3186, 1, 0x10A3, 5, 0x4800, 2,
    0x18C5, 47, 0x3000, 2, 0x4800, 1, 0x5000, 3,
    0x6000, 3, 0x7000, 4, 0x8800, 1, 0xA001, 3,
    0x9083, 1, 0x8986, 2, 0x9083, 1, 0x8986, 1,
    0xA001, 5, 0x8800, 2, 0xA001, 3, 0x8800, 12,
    0x8000, 8, 0x7800, 8, 0x20E5, 2, 0x2926, 1,
    0x20A3, 1, 0x7062, 1, 0x20A3, 1, 0x10A3, 1,
    0x20A3, 2, 0x10A3, 1, 0x20A3, 1, 0x0862, 1,
    0x2125, 1, 0x3186, 1, 0x3000, 1, 0x10A3, 3,
    0x4800, 1, 0x18C5, 49, 0x2000, 1, 0x3000, 2,
    0x5000, 3, 0x6000, 4, 0x5000, 2, 0x7000, 1,
    0x8800, 1, 0x7000, 3, 0x8800, 1, 0x9083, 3,
    0x8986, 2, 0x9083, 1, 0xA001, 4, 0x8800, 1,
    0xA001, 3, 0x8800, 13, 0x8000, 4, 0x7800, 10,
    0x10A3, 3, 0x2125, 1, 0x20A3, 1, 0x2125, 1,
    0x0862, 1, 0x20A3, 1, 0x10A3, 3, 0x20A3, 1,
    0x5AAB, 1, 0x2125, 1, 0x3186, 1, 0x10A3, 2,
    0x4841, 1, 0x18C5, 52, 0x3000, 2, 0x5000, 4,
    0x7000, 1, 0x6000, 1, 0x4800, 1, 0x3000, 1,
    0x5000, 1, 0x6000, 1, 0x7000, 1, 0x2000, 1,
    0x3000, 2, 0x0862, 2, 0x9083, 1, 0x7000, 1,
    0x9083, 2, 0x8800, 1, 0x7800, 3, 0xA001, 1,
    0x8800, 1, 0xA001, 5, 0x8800, 4, 0x8000, 1,
    0x8800, 7, 0x8000, 3, 0x7800, 10, 0x20E5, 3,
    0x2926, 1, 0x2125, 2, 0x0862, 4, 0x20A3, 1,
    0x3800, 1, 0x2125, 1, 0x20A3, 1, 0x7125, 1,
    0x4800, 2, 0x18C5, 53, 0x2000, 1, 0x3000, 1,
    0x4800, 1, 0x5000, 3, 0x7000, 1, 0x6000, 1,
    0x0862, 1, 0x2000, 1, 0x3000, 1, 0x2000, 1,
    0x3000, 1, 0x0000, 2, 0x0862, 3, 0x2000, 3,
    0x0862, 2, 0x3000, 2, 0x2000, 1, 0x7000, 2,
    0x7800, 5, 0x8800, 4, 0x8000, 1, 0x8800, 6,
    0x8000, 1, 0x7800, 13, 0x2125, 6, 0x3186, 1,
    0x20A3, 2, 0x0862, 1, 0x20A3, 1, 0x3800, 1,
    0x2125, 1, 0x20A3, 1, 0x8986, 1, 0x18C5, 56,
    0x2000, 1, 0x3000, 1, 0x5000, 3, 0x7000, 1,
    0x4800, 1, 0x9083, 1, 0x8000, 1, 0x0000, 4,
    0x6B8E, 1, 0x7411, 1, 0x0862, 3, 0x0000, 1,
    0x0862, 4, 0x0000, 2, 0x3000, 2, 0x7800, 5,
    0x8800, 4, 0x8000, 1, 0x8800, 6, 0x8000, 1,
    0x7800, 10, 0x7000, 1, 0x6000, 1, 0x20E5, 2,
    0x2125, 1, 0x20E5, 1, 0x2125, 1, 0x2926, 1,
    0x2125, 1, 0x5AAB, 1, 0x20A3, 3, 0x3800, 1,
    0x3186, 1, 0x2125, 2, 0x7125, 1, 0x18C5, 56,
    0x0000, 1, 0x2000, 1, 0x3000, 1, 0x5000, 2,
    0x6000, 1, 0xA001, 2, 0x8000, 1, 0x4841, 1,
    0x7062, 1, 0x3186, 1, 0x8986, 2, 0x9C4A, 1,
    0x7411, 2, 0x8CD3, 6, 0x7411, 1, 0x6B8E, 1,
    0x3000, 2, 0x3800, 3, 0x4800, 1, 0x6000, 1,
    0x8800, 3, 0x8000, 1, 0x8800, 7, 0x8000, 1,
    0x7800, 10, 0x6000, 2, 0x20E5, 4, 0x20A3, 1,
    0x3186, 1, 0x20A3, 1, 0x2125, 1, 0x10A3, 2,
    0x20A3, 1, 0x3186, 1, 0x5AAB, 1, 0x0862, 1,
    0x3186, 1, 0x18C5, 58, 0x0000, 1, 0x2000, 3,
    0x6000, 1, 0xA001, 3, 0x8800, 1, 0xA001, 1,
    0x9083, 2, 0x7800, 1, 0x9C4A, 1, 0x8CD3, 2,
    0xF6CE, 1, 0x8CD3, 1, 0xF6CE, 2, 0x8CD3, 2,
    0xB4EC, 1, 0x8986, 1, 0x6B8E, 1, 0x0000, 4,
    0x2000, 1, 0x10A3, 1, 0x8000, 2, 0x8800, 5,
    0x8000, 1, 0x8800, 3, 0x8000, 1, 0x7800, 6,
    0x7000, 2, 0x6000, 2, 0x4800, 1, 0x3800, 1,
    0x20E5, 5, 0x3186, 1, 0x20A3, 2, 0x3186, 2,
    0x0862, 1, 0x5AAB, 1, 0x10A3, 1, 0x2926, 1,
    0x8986, 1, 0x18C5, 59, 0x2000, 3, 0x3000, 1,
    0x3800, 2, 0x8000, 1, 0x7000, 3, 0x7800, 1,
    0x7000, 1, 0x8000, 3, 0xA001, 4, 0x8800, 3,
    0xB4EC, 1, 0x8986, 1, 0x8A88, 1, 0x39E9, 1,
    0x9083, 2, 0xA001, 1, 0x8986, 2, 0x6000, 1,
    0xA001, 1, 0x8800, 7, 0x8000, 2, 0x7800, 2,
    0x7000, 2, 0x6000, 4, 0x5000, 1, 0x4800, 2,
    0x20E5, 6, 0x7125, 1, 0x2125, 1, 0x20A3, 1,
    0x2125, 4, 0x20A3, 1, 0x7125, 2, 0x18C5, 62,
    0x2000, 1, 0x3000, 2, 0x4800, 5, 0x7000, 1,
    0x6000, 2, 0x5000, 3, 0x6000, 1, 0x5000, 1,
    0x6000, 2, 0x8800, 2, 0x8000, 1, 0x9083, 1,
    0x8986, 1, 0xA001, 5, 0x8986, 1, 0xA001, 3,
    0x8800, 5, 0x7800, 2, 0x7000, 4, 0x5000, 1,
    0x4800, 1, 0x3800, 1, 0x3000, 2, 0x2000, 2,
    0x20E5, 6, 0x8986, 1, 0x7125, 1, 0x20A3, 1,
    0x0862, 1, 0x2125, 1, 0x20A3, 1, 0x0862, 1,
    0x7125, 2, 0x18C5, 65, 0x2000, 1, 0x3000, 5,
    0x5000, 2, 0x4800, 1, 0x3800, 1, 0x3000, 5,
    0x3800, 1, 0x6000, 1, 0x7000, 1, 0x7800, 1,
    0x8000, 1, 0x8800, 4, 0xA001, 6, 0x8800, 5,
    0x6000, 4, 0x5000, 2, 0x4800, 1, 0x2000, 6,
    0x20E5, 6, 0x3186, 1, 0x8986, 1, 0x2926, 1,
    0x20A3, 2, 0x2125, 1, 0x20A3, 1, 0x7125, 1,
    0x18C5, 71, 0x2000, 1, 0x3000, 4, 0x2000, 5,
    0x3800, 1, 0x5000, 4, 0x6000, 10, 0x5000, 1,
    0x4800, 5, 0x3000, 3, 0x2000, 5, 0x3800, 2,
    0x10A3, 1, 0x20E5, 5, 0x2125, 1, 0x20E5, 1,
    0x20A3, 1, 0x7125, 2, 0x3186, 1, 0x2125, 1,
    0x2926, 1, 0x8986, 1, 0x3186, 1, 0x18C5, 80,
    0x2000, 1, 0x3000, 5, 0x3800, 10, 0x3000, 1,
    0x2000, 5, 0x3800, 4, 0x18C5, 6, 0x20E5, 1,
    0x10A3, 4, 0x20E5, 3, 0x10A3, 1, 0x2125, 1,
    0x8986, 2, 0x7125, 1, 0x3186, 1, 0x6B8E, 1,
    0x18C5, 119, 0x20E5, 1, 0x10A3, 1, 0x20E5, 2,
    0x10A3, 1, 0x7125, 1, 0x2125, 1, 0x39E9, 1,
    0x18C5, 2742, 0x18C5, 2640, 0x9083, 1, 0x18C5, 126,
    0x8986, 6, 0x18C5, 121, 0x9083, 2, 0x8986, 8,
    0x18C5, 118, 0x7062, 2, 0x9083, 1, 0x8986, 9,
    0x18C5, 115, 0x7800, 4, 0x7062, 4, 0x9083, 3,
    0x8986, 5, 0x632D, 2, 0x18C5, 110, 0x7800, 9,
    0x7062, 2, 0x9083, 1, 0x7062, 1, 0x8986, 9,
    0x632D, 1, 0x8986, 2, 0x9083, 1, 0x8986, 2,
    0x18C5, 13, 0x8986, 8, 0x18C5, 79, 0x7800, 11,
    0x7062, 1, 0x7800, 1, 0x9083, 3, 0x8986, 9,
    0x9083, 1, 0x8986, 2, 0x632D, 1, 0x8986, 3,
    0x632D, 3, 0x8986, 15, 0x18C5, 77, 0x7800, 2,
    0x7000, 1, 0x6000, 3, 0x7800, 11, 0x7062, 2,
    0x9083, 5, 0x8986, 17, 0x9083, 2, 0x8986, 5,
    0x9083, 3, 0x5000, 1, 0x18C5, 76, 0x7000, 1,
    0x6000, 1, 0x5000, 4, 0x6000, 4, 0x7800, 15,
    0x9083, 9, 0x8986, 1, 0x9083, 6, 0x7062, 2,
    0x9083, 1, 0x7062, 7, 0x5000, 1, 0x18C5, 75,
    0x6000, 2, 0x4800, 1, 0x3000, 5, 0x5000, 3,
    0x6000, 1, 0x7000, 5, 0x7800, 9, 0x8000, 2,
    0x7800, 7, 0x7062, 1, 0x7800, 4, 0x7062, 1,
    0x7800, 12, 0x18C5, 75, 0x4800, 2, 0x3000, 3,
    0x6000, 4, 0x3000, 2, 0x4800, 1, 0x5000, 5,
    0x7000, 7, 0x7800, 29, 0x18C5, 75, 0x3000, 2,
    0x4841, 2, 0x6000, 7, 0x2000, 1, 0x3000, 6,
    0x5000, 3, 0x6000, 6, 0x7800, 3, 0x7000, 6,
    0x7800, 7, 0x6000, 2, 0x7800, 8, 0x18C5, 74,
    0x7062, 1, 0x4841, 5, 0x6000, 1, 0x4841, 2,
    0x6000, 5, 0x2000, 5, 0x3000, 5, 0x4800, 4,
    0x6000, 5, 0x5000, 5, 0x7000, 5, 0x5000, 4,
    0x6000, 4, 0x7000, 1, 0x7800, 2, 0x18C5, 71,
    0x7125, 4, 0x7062, 3, 0x6000, 9, 0x7000, 2,
    0x7800, 2, 0x7062, 2, 0x8986, 1, 0x632D, 2,
    0x2000, 3, 0x3000, 4, 0x4800, 2, 0x3000, 7,
    0x5000, 4, 0x4800, 1, 0x3000, 4, 0x5000, 5,
    0x7000, 2, 0x18C5, 68, 0x7125, 3, 0x4A6A, 1,
    0x7125, 6, 0x6000, 7, 0x7000, 4, 0x7800, 1,
    0x7062, 6, 0x8986, 3, 0x7062, 2, 0x8986, 5,
    0x2000, 6, 0x3000, 4, 0x2000, 2, 0x8800, 1,
    0x8000, 2, 0x5000, 1, 0x3000, 3, 0x4800, 1,
    0x6000, 2, 0x18C5, 65, 0x7125, 1, 0x4A6A, 3,
    0x5AAB, 3, 0x4A6A, 4, 0x7062, 3, 0x6000, 4,
    0x7000, 5, 0x7800, 5, 0x7062, 1, 0x7800, 7,
    0x7062, 4, 0x8986, 2, 0x7062, 4, 0x7800, 2,
    0x7000, 1, 0x8800, 2, 0x8000, 3, 0x9083, 1,
    0x5000, 3, 0x3000, 3, 0x4800, 2, 0x18C5, 63,
    0x7062, 1, 0x4A6A, 3, 0x52CC, 3, 0x5AAB, 2,
    0x52CC, 1, 0x4A6A, 3, 0x49E9, 1, 0x6000, 4,
    0x7000, 6, 0x7800, 15, 0x7062, 3, 0x7800, 6,
    0x7000, 1, 0x8800, 1, 0x8000, 3, 0x9083, 3,
    0x4841, 3, 0x3000, 6, 0x18C5, 57, 0x8000, 2,
    0x3000, 1, 0x6000, 1, 0x5000, 1, 0x3800, 2,
    0x5000, 4, 0x4800, 5, 0x6000, 3, 0x8A88, 1,
    0x3186, 1, 0x52CC, 2, 0x7411, 5, 0x7000, 3,
    0x7800, 6, 0x7000, 2, 0x7800, 15, 0x8000, 2,
    0x8800, 2, 0x8986, 3, 0x50E5, 1, 0x4841, 2,
    0x3800, 3, 0x20A3, 2, 0x2000, 1, 0x3000, 1,
    0x18C5, 54, 0x7800, 7, 0x2000, 2, 0x3000, 1,
    0x4A6A, 2, 0x3186, 2, 0x4A6A, 1, 0x5AAB, 2,
    0x6000, 4, 0x5000, 2, 0x4800, 2, 0x7800, 3,
    0x8A88, 1, 0x20E5, 1, 0x52CC, 1, 0x6B8E, 1,
    0x7411, 6, 0x7000, 5, 0x7800, 10, 0x7000, 1,
    0x7800, 1, 0x8000, 1, 0x7062, 2, 0x8986, 2,
    0x632D, 3, 0x50E5, 1, 0x4841, 2, 0x3800, 3,
    0x20A3, 2, 0x49E9, 1, 0x3186, 1, 0x6000, 1,
    0x18C5, 52, 0x8000, 1, 0x8800, 6, 0x10A3, 2,
    0x6B8E, 3, 0x8986, 1, 0x3186, 1, 0x632D, 1,
    0x7411, 2, 0xB4EC, 1, 0x52CC, 2, 0x2125, 2,
    0xB4EC, 1, 0x2125, 1, 0xB4EC, 2, 0x5000, 3,
    0x3800, 3, 0x7000, 3, 0x8A88, 1, 0x52CC, 1,
    0x6B8E, 4, 0x52CC, 2, 0x3186, 1, 0x632D, 1,
    0x8CD3, 1, 0x2125, 1, 0x7000, 7, 0x7800, 1,
    0x8000, 1, 0x7800, 1, 0x8986, 2, 0x632D, 5,
    0x50E5, 3, 0x20A3, 1, 0x3800, 1, 0x20A3, 3,
    0x49E9, 3, 0x6000, 1, 0x18C5, 50, 0x8800, 4,
    0x9083, 3, 0x10A3, 1, 0x7411, 2, 0x6B8E, 1,
    0x7411, 1, 0x8986, 3, 0x632D, 1, 0xB4EC, 5,
    0x6B8E, 1, 0xB4EC, 4, 0x20E5, 2, 0x7000, 2,
    0x6000, 3, 0x5000, 2, 0x3800, 3, 0x7000, 5,
    0x6000, 11, 0x7800, 3, 0x8986, 2, 0x632D, 2,
    0x6B8E, 2, 0x632D, 2, 0x50E5, 3, 0x20A3, 2,
    0x20E5, 1, 0x20A3, 2, 0x49E9, 2, 0x8A88, 2,
    0x49E9, 1, 0x18C5, 48, 0x7800, 2, 0x7062, 1,
    0x8986, 4, 0x2125, 2, 0x2926, 1, 0x52CC, 2,
    0x632D, 2, 0x6B8E, 1, 0x9C4A, 2, 0x8C0C, 2,
    0x4A6A, 1, 0x632D, 2, 0x6B8E, 1, 0x52CC, 1,
    0x8986, 2, 0x4A6A, 2, 0x7062, 1, 0x7000, 5,
    0x6000, 5, 0x4800, 1, 0x5000, 1, 0x7800, 2,
    0x7000, 3, 0x6B8E, 1, 0x7000, 1, 0x6B8E, 1,
    0x7062, 1, 0x632D, 1, 0x6000, 5, 0x7800, 2,
    0x9083, 2, 0x6B8E, 3, 0x632D, 2, 0x39E9, 1,
    0x50E5, 2, 0x4841, 3, 0x20E5, 3, 0x49E9, 2,
    0x8A88, 4, 0x18C5, 46, 0x7800, 3, 0x8986, 5,
    0x39E9, 2, 0x6B8E, 4, 0x632D, 1, 0xB4EC, 1,
    0x9C4A, 3, 0x8C0C, 2, 0x9C4A, 5, 0x4A6A, 2,
    0x49E9, 1, 0x5AAB, 1, 0x7800, 2, 0x7000, 8,
    0x6000, 1, 0x7800, 1, 0x8A88, 1, 0x6B8E, 1,
    0x7800, 3, 0x6B8E, 1, 0x2125, 1, 0x20E5, 1,
    0x4A6A, 1, 0x2125, 1, 0x52CC, 1, 0x20E5, 1,
    0x6000, 1, 0x7000, 2, 0x8000, 1, 0x9083, 2,
    0x7411, 3, 0x6B8E, 2, 0x632D, 1, 0x39E9, 2,
    0x20A3, 3, 0x10A3, 2, 0x20A3, 1, 0x20E5, 1,
    0x8A88, 1, 0x49E9, 1, 0x8A88, 5, 0x18C5, 45,
    0x7800, 2, 0x8986, 6, 0x39E9, 1, 0x6B8E, 4,
    0x52CC, 1, 0x5AAB, 2, 0x632D, 1, 0xB4EC, 1,
    0x8C0C, 1, 0x52CC, 2, 0x5AAB, 1, 0x632D, 2,
    0x9C4A, 2, 0x52CC, 1, 0x49E9, 2, 0x7062, 2,
    0x6000, 2, 0x7000, 7, 0x7800, 2, 0x8986, 1,
    0x8A88, 1, 0x20E5, 1, 0x3800, 1, 0x20A3, 1,
    0x7800, 1, 0x4A6A, 2, 0x6B8E, 1, 0x52CC, 1,
    0x6B8E, 1, 0x632D, 1, 0x52CC, 1, 0x10A3, 1,
    0x6000, 1, 0x8986, 2, 0x6B8E, 2, 0x7411, 2,
    0x6B8E, 2, 0x49E9, 2, 0x20A3, 4, 0x3186, 1,
    0x10A3, 2, 0x9C4A, 2, 0x8A88, 6, 0x9C4A, 1,
    0x18C5, 44, 0x7800, 2, 0x8986, 2, 0x632D, 4,
    0x39E9, 1, 0x6B8E, 3, 0x5AAB, 1, 0x632D, 1,
    0x4A6A, 1, 0x632D, 2, 0x9C4A, 2, 0x8C0C, 1,
    0x9C4A, 1, 0x39E9, 1, 0x632D, 2, 0x9C4A, 1,
    0x52CC, 2, 0x49E9, 2, 0x7125, 2, 0x7062, 2,
    0x6000, 5, 0x7000, 1, 0x8000, 1, 0x7800, 1,
    0x8986, 2, 0x20E5, 3, 0x7411, 1, 0x20E5, 1,
    0x4841, 1, 0x20E5, 1, 0x7411, 2, 0x8CD3, 1,
    0x7411, 1, 0x6B8E, 1, 0x2125, 1, 0x20A3, 1,
    0x2926, 1, 0x7411, 3, 0x6B8E, 4, 0x49E9, 2,
    0x3186, 3, 0x20A3, 1, 0x3186, 3, 0x9C4A, 3,
    0x8A88, 6, 0x8C0C, 1, 0x18C5, 43, 0x8986, 1,
    0x6B8E, 4, 0x8A88, 2, 0x10A3, 2, 0x632D, 3,
    0x5AAB, 3, 0x4A6A, 2, 0x9C4A, 1, 0x8C0C, 4,
    0x9C4A, 3, 0x4A6A, 2, 0x49E9, 2, 0x7125, 6,
    0x6000, 4, 0x8800, 1, 0x8986, 3, 0x20E5, 2,
    0x7411, 2, 0x8CD3, 1, 0x7411, 1, 0x20A3, 2,
    0x7411, 4, 0x20A3, 1, 0x2125, 1, 0x6B8E, 6,
    0x632D, 1, 0x39E9, 4, 0x50E5, 1, 0x20E5, 1,
    0x20A3, 1, 0x3186, 1, 0x4A6A, 1, 0x8C0C, 2,
    0x9C4A, 3, 0x8A88, 4, 0x9C4A, 1, 0x8C0C, 2,
    0x18C5, 43, 0x0862, 2, 0x1927, 4, 0x8986, 3,
    0x6B8E, 7, 0x632D, 3, 0x4A6A, 2, 0x5AAB, 5,
    0x49E9, 4, 0x7125, 2, 0x50E5, 4, 0x6000, 2,
    0x3186, 3, 0x20E5, 2, 0x7411, 3, 0x8CD3, 2,
    0x7411, 1, 0x52CC, 1, 0x2926, 1, 0x52CC, 1,
    0x632D, 1, 0x7411, 1, 0x20A3, 2, 0x6B8E, 1,
    0x632D, 1, 0x6B8E, 4, 0x4A6A, 1, 0x39E9, 1,
    0x4A6A, 2, 0x5AAB, 1, 0x20E5, 1, 0x3186, 1,
    0x20E5, 1, 0x4A6A, 2, 0x8C0C, 2, 0x9C4A, 3,
    0x8A88, 4, 0x9C4A, 1, 0x8A88, 1, 0x8C0C, 1,
    0x7125, 1, 0x18C5, 41, 0x10A3, 1, 0x1927, 1,
    0x3189, 3, 0x1927, 3, 0x3189, 6, 0x1927, 3,
    0x3189, 1, 0x5AAB, 2, 0x632D, 1, 0x5AAB, 1,
    0x632D, 3, 0x8986, 2, 0x49E9, 1, 0x7125, 2,
    0x5AAB, 1, 0x50E5, 1, 0x49E9, 2, 0x50E5, 2,
    0x6000, 3, 0x8986, 1, 0x3186, 1, 0x20E5, 3,
    0x8CD3, 7, 0x6B8E, 1, 0x2125, 1, 0x2926, 1,
    0x632D, 1, 0x52CC, 1, 0x20A3, 1, 0x632D, 1,
    0x6B8E, 5, 0x632D, 1, 0x39E9, 2, 0x4A6A, 1,
    0x8C0C, 2, 0x6B2C, 1, 0x20E5, 2, 0x5AAB, 1,
    0x8C0C, 1, 0x9C4A, 5, 0x8A88, 3, 0x9C4A, 3,
    0x8986, 2, 0x18C5, 40, 0x3189, 9, 0x416A, 12,
    0x498A, 3, 0x416A, 4, 0x6000, 1, 0x5AAB, 1,
    0x7125, 2, 0x5AAB, 4, 0x7125, 2, 0x6000, 1,
    0x8C0C, 1, 0x3186, 1, 0x10A3, 1, 0x20E5, 1,
    0x8CD3, 9, 0x6B8E, 1, 0x2926, 2, 0x4A6A, 1,
    0x20A3, 1, 0x4A6A, 1, 0x632D, 2, 0x6B8E, 2,
    0x632D, 2, 0x5AAB, 1, 0x39E9, 1, 0x4A6A, 3,
    0x8C0C, 1, 0x6B2C, 1, 0x39E9, 1, 0x3186, 1,
    0x8C0C, 1, 0x9C4A, 6, 0x8A88, 2, 0x9C4A, 3,
    0x8A88, 1, 0x8986, 2, 0x18C5, 40, 0x3189, 8,
    0x498A, 18, 0x416A, 1, 0x498A, 2, 0x416A, 5,
    0x3189, 1, 0x6000, 1, 0x7062, 1, 0x6000, 1,
    0x8A88, 1, 0x8986, 2, 0x7411, 1, 0x8CD3, 9,
    0x7411, 2, 0x632D, 1, 0x20A3, 3, 0x8A88, 2,
    0x6B8E, 2, 0x632D, 3, 0x39E9, 2, 0x4A6A, 1,
    0x8C0C, 3, 0xD5ED, 1, 0xB4EC, 1, 0x6B2C, 2,
    0x9C4A, 5, 0x8A88, 1, 0x9C4A, 5, 0x8C0C, 1,
    0x8986, 1, 0x9C4A, 1, 0x18C5, 39, 0x3189, 9,
    0x498A, 16, 0x416A, 13, 0x9083, 1, 0x8986, 1,
    0x8C0C, 1, 0x3186, 1, 0x7411, 1, 0x8CD3, 5,
    0x7411, 1, 0x8CD3, 1, 0x7411, 4, 0x632D, 1,
    0x4841, 1, 0x20A3, 1, 0x8986, 1, 0x8A88, 1,
    0x6B8E, 1, 0x632D, 3, 0x5AAB, 2, 0x4A6A, 3,
    0x8C0C, 2, 0xB4EC, 1, 0xD5ED, 2, 0xB4EC, 3,
    0x9C4A, 3, 0x8A88, 2, 0x9C4A, 5, 0x8A88, 1,
    0x9C4A, 1, 0x5AAB, 1, 0x18C5, 38, 0x3189, 9,
    0x498A, 16, 0x416A, 1, 0x3189, 1, 0x1927, 4,
    0x416A, 8, 0x3189, 1, 0x8A88, 1, 0x8C0C, 1,
    0x3186, 1, 0x52CC, 1, 0x8CD3, 3, 0x7411, 9,
    0x52CC, 1, 0x7062, 1, 0x5AAB, 1, 0x52CC, 1,
    0x632D, 3, 0x52CC, 1, 0x5AAB, 1, 0x4A6A, 1,
    0x39E9, 1, 0x4A6A, 1, 0x8C0C, 2, 0xD5ED, 1,
    0xB4EC, 1, 0xD5ED, 2, 0xB4EC, 1, 0x9C4A, 12,
    0x8A88, 2, 0xB4EC, 1, 0x18C5, 38, 0x3189, 9,
    0x498A, 17, 0x416A, 6, 0x3189, 1, 0x416A, 7,
    0x8C0C, 1, 0x8A88, 1, 0x3186, 1, 0x6B8E, 1,
    0x8CD3, 4, 0x7411, 8, 0x3186, 1, 0x8A88, 2,
    0x6B8E, 4, 0x632D, 1, 0x5AAB, 2, 0x4A6A, 2,
    0x8C0C, 1, 0xB4EC, 1, 0xD5ED, 3, 0xB4EC, 2,
    0xD5ED, 4, 0x18C5, 2, 0x9C4A, 4, 0x8A88, 1,
    0x9C4A, 1, 0x5AAB, 1, 0x6B2C, 1, 0x8A88, 1,
    0x18C5, 37, 0x1927, 1, 0x3189, 9, 0x498A, 17,
    0x416A, 14, 0x8986, 1, 0x3186, 2, 0x7411, 1,
    0x8CD3, 2, 0x7411, 10, 0x39E9, 1, 0x632D, 7,
    0x52CC, 3, 0xF6CE, 5, 0xD5ED, 6, 0x18C5, 6,
    0x8A88, 1, 0x3186, 1, 0x5AAB, 2, 0x7125, 1,
    0x8A88, 1, 0x18C5, 37, 0x3189, 9, 0x498A, 17,
    0x416A, 14, 0x3189, 1, 0x8986, 1, 0x632D, 1,
    0x3186, 1, 0x6B8E, 1, 0x7411, 10, 0x52CC, 1,
    0x39E9, 1, 0x6B8E, 1, 0x632D, 1, 0x52CC, 1,
    0x6B8E, 3, 0x632D, 4, 0x8CD3, 1, 0xF6CE, 5,
    0xD5ED, 6, 0x18C5, 8, 0x3186, 1, 0x9C4A, 1,
    0x8A88, 1, 0x7062, 1, 0x18C5, 36, 0x1927, 1,
    0x3189, 9, 0x498A, 17, 0x416A, 14, 0x3189, 1,
    0x9083, 1, 0x8C0C, 1, 0x52CC, 1, 0x7411, 9,
    0x632D, 1, 0x52CC, 1, 0x39E9, 1, 0x6B8E, 1,
    0x4A6A, 1, 0x52CC, 1, 0x6B8E, 3, 0x632D, 1,
    0x6B8E, 2, 0x8CD3, 1, 0xF6CE, 5, 0xD5ED, 7,
    0x18C5, 9, 0x3000, 1, 0x5AAB, 1, 0x9C4A, 1,
    0x6B8E, 1, 0x18C5, 35, 0x10A3, 1, 0x1927, 1,
    0x3189, 8, 0x498A, 18, 0x416A, 14, 0x3189, 1,
    0x8A88, 1, 0x6B8E, 1, 0x3186, 1, 0x6B8E, 1,
    0x7411, 4, 0x8CD3, 3, 0x632D, 4, 0x5AAB, 1,
    0x632D, 1, 0x6B8E, 2, 0x632D, 1, 0x6B8E, 3,
    0x8CD3, 2, 0xF6CE, 5, 0xD5ED, 6, 0x0862, 1,
    0x10A3, 1, 0x2125, 1, 0x18C5, 7, 0x3000, 1,
    0x5AAB, 1, 0x9C4A, 1, 0x5AAB, 1, 0x18C5, 35,
    0x10A3, 1, 0x3189, 9, 0x498A, 18, 0x2125, 1,
    0x5AAB, 1, 0x416A, 12, 0x3189, 1, 0x416A, 1,
    0x8A88, 1, 0x52CC, 1, 0x7411, 5, 0x8CD3, 1,
    0x7411, 2, 0x3186, 1, 0x2125, 1, 0x52CC, 1,
    0x4A6A, 1, 0x6B8E, 6, 0x8CD3, 3, 0xF6CE, 7,
    0xD5ED, 4, 0x0862, 2, 0x39E9, 2, 0x8986, 1,
    0x3186, 1, 0x18C5, 5, 0x3000, 1, 0x8A88, 1,
    0x5AAB, 1, 0x3186, 1, 0x18C5, 33, 0x8CD3, 1,
    0x10A3, 2, 0x3189, 9, 0x498A, 17, 0x416A, 14,
    0x3189, 2, 0x416A, 1, 0x8986, 1, 0x3186, 1,
    0x52CC, 1, 0x7411, 5, 0x3186, 1, 0x2125, 1,
    0x10A3, 1, 0x5AAB, 1, 0x4A6A, 1, 0x6B8E, 6,
    0x8CD3, 1, 0x7411, 1, 0x8CD3, 2, 0xF6CE, 6,
    0xD5ED, 5, 0x0862, 2, 0x7125, 1, 0x3186, 1,
    0x7125, 4, 0x0862, 1, 0x18C5, 2, 0x7000, 1,
    0x8A88, 2, 0x18C5, 33, 0x6B8E, 2, 0x10A3, 1,
    0x1927, 1, 0x3189, 8, 0x498A, 18, 0x416A, 14,
    0x3189, 2, 0x416A, 1, 0x8986, 1, 0x2125, 1,
    0x7411, 4, 0x3186, 1, 0x2125, 2, 0x4A6A, 1,
    0x39E9, 1, 0x4A6A, 1, 0x632D, 2, 0x5AAB, 1,
    0x6B8E, 2, 0x8CD3, 3, 0x7411, 1, 0x8CD3, 3,
    0xF6CE, 1, 0xD5ED, 1, 0xF6CE, 3, 0xD5ED, 4,
    0x0862, 2, 0x7125, 1, 0x3186, 1, 0x2926, 1,
    0x20A3, 1, 0x7125, 1, 0x3186, 1, 0x8986, 1,
    0x2125, 1, 0x18C5, 2, 0x7800, 1, 0x3186, 2,
    0x18C5, 31, 0x6B8E, 1, 0x632D, 1, 0x7000, 1,
    0x8986, 5, 0x1927, 6, 0x3189, 1, 0x498A, 17,
    0x416A, 14, 0x3189, 2, 0x416A, 1, 0x8986, 1,
    0x2125, 1, 0x3186, 1, 0x6B8E, 1, 0x52CC, 2,
    0x3186, 1, 0x5AAB, 1, 0x4A6A, 1, 0x7125, 1,
    0x39E9, 1, 0x632D, 1, 0x5AAB, 3, 0x52CC, 1,
    0x8CD3, 5, 0xF6CE, 3, 0x8CD3, 1, 0xD5ED, 1,
    0xF6CE, 1, 0xD5ED, 5, 0x0862, 2, 0x7125, 1,
    0x8986, 1, 0x2125, 2, 0x0862, 1, 0x20A3, 2,
    0x8986, 2, 0x18C5, 2, 0x7800, 1, 0x3186, 1,
    0x18C5, 31, 0x7000, 1, 0x8986, 2, 0x20A3, 1,
    0x8000, 1, 0x7800, 1, 0x20E5, 1, 0x4800, 1,
    0x20A3, 2, 0x3000, 1, 0x7000, 3, 0x18C5, 1,
    0x3189, 9, 0x498A, 8, 0x416A, 15, 0x3189, 1,
    0x416A, 2, 0x7125, 1, 0x20E5, 2, 0x3186, 1,
    0x52CC, 1, 0x7125, 1, 0x8A88, 1, 0x49E9, 1,
    0x39E9, 1, 0x632D, 1, 0x52CC, 1, 0x5AAB, 3,
    0x52CC, 1, 0x8CD3, 4, 0xF6CE, 13, 0x10A3, 1,
    0x2926, 1, 0x7125, 1, 0x3186, 1, 0x0862, 1,
    0x20A3, 1, 0x2125, 1, 0x10A3, 1, 0x20A3, 1,
    0x3186, 1, 0x8986, 1, 0x18C5, 2, 0x7800, 1,
    0x3186, 1, 0x18C5, 28, 0x8CD3, 1, 0x7000, 1,
    0x8986, 1, 0x3000, 2, 0x8800, 1, 0x632D, 4,
    0x8A88, 2, 0x4A6A, 3, 0x10A3, 1, 0x20A3, 2,
    0x3000, 2, 0x8986, 1, 0x7000, 5, 0x3189, 3,
    0x416A, 20, 0x3189, 2, 0x416A, 2, 0x3186, 1,
    0x2125, 1, 0x20E5, 1, 0x8986, 1, 0x7125, 1,
    0x5AAB, 1, 0x49E9, 1, 0x39E9, 1, 0x632D, 2,
    0x5AAB, 2, 0x52CC, 1, 0x7411, 1, 0x8CD3, 1,
    0x7411, 1, 0x8CD3, 2, 0xF6CE, 14, 0x0862, 1,
    0x7125, 2, 0x20A3, 1, 0x2125, 2, 0x5AAB, 1,
    0x2125, 3, 0x7125, 1, 0x18C5, 2, 0x7000, 1,
    0x18C5, 27, 0xA001, 1, 0x7000, 1, 0x8986, 1,
    0x2000, 2, 0x7000, 1, 0x5AAB, 5, 0x8A88, 1,
    0x5AAB, 1, 0x632D, 7, 0x5AAB, 1, 0x52CC, 1,
    0x20A3, 6, 0x8986, 4, 0x7000, 6, 0x3800, 1,
    0x3189, 2, 0x416A, 10, 0x3189, 2, 0x416A, 3,
    0x52CC, 1, 0x39E9, 1, 0x5AAB, 2, 0x39E9, 1,
    0x4A6A, 1, 0x632D, 2, 0x5AAB, 1, 0x52CC, 2,
    0x8CD3, 3, 0xF6CE, 1, 0x7411, 1, 0xF6CE, 4,
    0x7411, 2, 0xF6CE, 4, 0xB4EC, 1, 0xF6CE, 4,
    0x3186, 1, 0x7125, 1, 0x2125, 2, 0x5AAB, 2,
    0x3186, 1, 0x5AAB, 1, 0x2125, 1, 0x20A3, 1,
    0x3186, 1, 0x2926, 1, 0x18C5, 1, 0x4841, 1,
    0x18C5, 25, 0xA001, 1, 0x6000, 1, 0x8986, 1,
    0x2000, 2, 0x7062, 2, 0x632D, 1, 0x5AAB, 7,
    0x8A88, 1, 0x632D, 1, 0x6B8E, 13, 0x4A6A, 4,
    0x20A3, 3, 0x2125, 1, 0x10A3, 5, 0x3000, 1,
    0x8986, 2, 0x3000, 1, 0x8986, 4, 0x2000, 1,
    0x8986, 2, 0x7000, 3, 0x18C5, 1, 0x4A6A, 1,
    0x8A88, 1, 0x4A6A, 1, 0x39E9, 1, 0x632D, 1,
    0x6B8E, 1, 0x5AAB, 2, 0x52CC, 1, 0x8CD3, 3,
    0xF6CE, 3, 0x6B8E, 1, 0x7411, 1, 0xF6CE, 3,
    0x7411, 1, 0x2125, 1, 0x39E9, 1, 0xF6CE, 3,
    0xB4EC, 1, 0xF6CE, 3, 0x20E5, 1, 0x3186, 1,
    0x7125, 1, 0x0862, 1, 0x2125, 1, 0x3186, 1,
    0x0862, 1, 0x3800, 1, 0x3186, 2, 0x20A3, 1,
    0x2125, 1, 0x3186, 1, 0x18C5, 24, 0x8CD3, 1,
    0xA001, 1, 0x6000, 1, 0x8986, 2, 0x2000, 1,
    0x7125, 2, 0x6B8E, 2, 0x4A6A, 1, 0x5AAB, 5,
    0x632D, 4, 0x6B8E, 1, 0x632D, 2, 0x6B8E, 1,
    0x7411, 2, 0xB4EC, 1, 0x6B8E, 4, 0x632D, 1,
    0x6B8E, 9, 0x5AAB, 2, 0x632D, 2, 0x6B8E, 2,
    0x632D, 3, 0x8986, 1, 0x7800, 3, 0x6000, 1,
    0x2000, 1, 0x8986, 2, 0x6000, 1, 0x7125, 2,
    0x4A6A, 3, 0x632D, 3, 0x5AAB, 2, 0x7411, 1,
    0x8CD3, 1, 0xF6CE, 5, 0x6B8E, 2, 0xF6CE, 3,
    0x2125, 2, 0x39E9, 1, 0xF6CE, 3, 0xB4EC, 1,
    0xF6CE, 3, 0x20E5, 1, 0x3186, 2, 0x20A3, 1,
    0x49E9, 1, 0x3800, 1, 0x20A3, 2, 0x3800, 1,
    0x10A3, 1, 0x2125, 2, 0x39E9, 1, 0x18C5, 22,
    0x8CD3, 1, 0x7411, 1, 0x6000, 1, 0x8986, 2,
    0x2000, 2, 0x2125, 1, 0x632D, 2, 0x9C4A, 3,
    0x632D, 2, 0x4A6A, 1, 0x632D, 2, 0x6B8E, 1,
    0x7411, 1, 0xB4EC, 2, 0x6B8E, 1, 0xB4EC, 3,
    0x6B8E, 2, 0x632D, 1, 0xB4EC, 4, 0x9C4A, 2,
    0x7411, 1, 0x632D, 2, 0x6B8E, 1, 0x632D, 4,
    0x6B8E, 4, 0x632D, 3, 0x8986, 1, 0x632D, 1,
    0x8986, 1, 0x7800, 1, 0x10A3, 2, 0x8986, 2,
    0x50E5, 1, 0x7125, 3, 0x49E9, 1, 0x632D, 6,
    0x8CD3, 2, 0x7411, 1, 0xF6CE, 6, 0x6B8E, 1,
    0x9C4A, 1, 0xF6CE, 3, 0xB4EC, 1, 0xF6CE, 1,
    0x39E9, 1, 0xF6CE, 1, 0xD5ED, 1, 0xF6CE, 1,
    0xB4EC, 1, 0xF6CE, 3, 0x2125, 1, 0x8986, 1,
    0x20A3, 1, 0x2125, 1, 0x0862, 1, 0x20A3, 4,
    0x0862, 1, 0x2125, 1, 0x20A3, 1, 0x39E9, 1,
    0x18C5, 20, 0x8CD3, 1, 0x7411, 1, 0x9083, 1,
    0x6000, 1, 0x8986, 1, 0x2000, 2, 0x7062, 2,
    0x52CC, 1, 0x9C4A, 5, 0x6B2C, 2, 0x9C4A, 1,
    0x6B2C, 2, 0x4A6A, 1, 0x52CC, 2, 0x632D, 4,
    0x6B8E, 1, 0xB4EC, 4, 0x632D, 3, 0x6B8E, 2,
    0x9C4A, 2, 0x632D, 5, 0x6B8E, 2, 0x632D, 2,
    0x8986, 3, 0x632D, 2, 0x7800, 1, 0x2000, 2,
    0x8986, 1, 0x7000, 1, 0x50E5, 3, 0x49E9, 2,
    0x52CC, 2, 0x632D, 1, 0x6B8E, 2, 0x8C0C, 1,
    0x5AAB, 1, 0x8CD3, 4, 0xF6CE, 2, 0x8CD3, 2,
    0xF6CE, 3, 0x9C4A, 1, 0xF6CE, 4, 0xB4EC, 1,
    0xD5ED, 1, 0xF6CE, 1, 0xB4EC, 1, 0xF6CE, 1,
    0x6B2C, 1, 0xF6CE, 3, 0x3186, 1, 0x7125, 1,
    0x0862, 1, 0x5AAB, 1, 0x3800, 1, 0x20A3, 1,
    0x0862, 1, 0x20A3, 1, 0x10A3, 1, 0x20A3, 1,
    0x2125, 1, 0x20A3, 1, 0x39E9, 1, 0x2125, 1,
    0x18C5, 17, 0x8CD3, 1, 0x632D, 1, 0x9083, 1,
    0x7062, 1, 0x7125, 2, 0x2000, 1, 0x3189, 2,
    0x9C4A, 1, 0x632D, 2, 0x9C4A, 2, 0x39E9, 1,
    0x8C0C, 2, 0x5000, 1, 0x4A6A, 1, 0x9C4A, 1,
    0x8986, 1, 0x8C0C, 2, 0x632D, 1, 0xB4EC, 2,
    0x632D, 1, 0x52CC, 1, 0x6B8E, 1, 0x632D, 5,
    0x6B8E, 1, 0xB4EC, 3, 0x6B8E, 2, 0x632D, 1,
    0xB4EC, 3, 0x6B8E, 2, 0x632D, 3, 0x8986, 4,
    0x7800, 1, 0x2000, 1, 0x8986, 2, 0x39E9, 1,
    0x4841, 1, 0x50E5, 1, 0x49E9, 4, 0x52CC, 2,
    0x6B8E, 1, 0x632D, 3, 0x5AAB, 1, 0x8CD3, 5,
    0x7411, 1, 0x8CD3, 2, 0x6B8E, 1, 0x632D, 1,
    0xF6CE, 2, 0x9C4A, 1, 0xF6CE, 5, 0xD5ED, 1,
    0xB4EC, 2, 0x7411, 1, 0x6B2C, 1, 0xF6CE, 2,
    0xD5ED, 1, 0x2926, 2, 0x2125, 1, 0x3186, 1,
    0x20A3, 2, 0x0862, 1, 0x10A3, 1, 0x0862, 1,
    0x20A3, 1, 0x5AAB, 1, 0x20A3, 1, 0x6B8E, 1,
    0x2125, 1, 0x18C5, 15, 0xB4EC, 1, 0x7411, 2,
    0x8986, 1, 0x9083, 1, 0x7125, 2, 0x2000, 1,
    0x20E5, 2, 0x8C0C, 4, 0x6B2C, 1, 0x8C0C, 1,
    0x50E5, 1, 0x8C0C, 2, 0x50E5, 1, 0xB4EC, 2,
    0x2125, 1, 0x8C0C, 3, 0xB4EC, 1, 0x4A6A, 3,
    0xB4EC, 2, 0x6B8E, 1, 0x632D, 6, 0x52CC, 1,
    0x632D, 2, 0x52CC, 1, 0xB4EC, 3, 0x7411, 1,
    0x6B8E, 1, 0x632D, 2, 0x4A6A, 2, 0x632D, 1,
    0x8000, 2, 0x0862, 1, 0x8986, 1, 0x4841, 2,
    0x39E9, 1, 0x49E9, 3, 0x52CC, 3, 0x6B8E, 1,
    0x632D, 2, 0x6B8E, 1, 0x632D, 1, 0x8CD3, 6,
    0x7411, 3, 0x6B8E, 2, 0x3186, 1, 0x8CD3, 1,
    0xF6CE, 1, 0xB4EC, 1, 0x8CD3, 1, 0xF6CE, 1,
    0xD5ED, 2, 0xF6CE, 1, 0xD5ED, 2, 0xF6CE, 1,
    0x7411, 1, 0x9C4A, 1, 0xF6CE, 1, 0xD5ED, 1,
    0x10A3, 1, 0x3186, 1, 0x20A3, 1, 0x2125, 1,
    0x10A3, 2, 0x20A3, 1, 0x10A3, 2, 0x20A3, 2,
    0x2125, 1, 0x20A3, 1, 0x39E9, 1, 0x2125, 1,
    0x18C5, 15, 0x6B8E, 2, 0x8986, 2, 0x5000, 1,
    0x7125, 1, 0x2000, 1, 0x5000, 2, 0x52CC, 1,
    0x8C0C, 2, 0x8A88, 1, 0x6B2C, 1, 0x8C0C, 1,
    0x5000, 1, 0x7125, 1, 0x3186, 1, 0x39E9, 2,
    0x4A6A, 1, 0xB4EC, 2, 0x5AAB, 1, 0xB4EC, 3,
    0x4A6A, 1, 0xB4EC, 3, 0x4A6A, 1, 0x6B8E, 2,
    0xB4EC, 2, 0x6B8E, 2, 0x5AAB, 1, 0x52CC, 1,
    0x4A6A, 1, 0xB4EC, 4, 0x4A6A, 2, 0xB4EC, 3,
    0x7411, 2, 0x20E5, 1, 0x2000, 1, 0x8986, 1,
    0x4841, 1, 0x50E5, 1, 0x39E9, 3, 0x4A6A, 2,
    0x52CC, 3, 0x6B8E, 1, 0x632D, 1, 0x6B8E, 1,
    0x632D, 2, 0x8CD3, 7, 0x7411, 1, 0xD5ED, 1,
    0x7411, 1, 0xF6CE, 1, 0x9C4A, 1, 0x3186, 1,
    0xF6CE, 1, 0xD5ED, 2, 0x7411, 1, 0xF6CE, 1,
    0x9C4A, 2, 0xD5ED, 2, 0x3189, 1, 0x2125, 1,
    0x0000, 1, 0xF6CE, 1, 0xD5ED, 2, 0x20E5, 1,
    0x3186, 1, 0x20A3, 1, 0x5AAB, 1, 0x3800, 1,
    0x0862, 1, 0x10A3, 1, 0x20A3, 2, 0x10A3, 1,
    0x6000, 1, 0x7125, 1, 0x20A3, 1, 0x6B8E, 1,
    0x18C5, 15, 0x6B8E, 1, 0x7411, 1, 0x632D, 1,
    0x8986, 1, 0x5000, 1, 0x7125, 1, 0x2000, 1,
    0x5000, 2, 0x4A6A, 1, 0x52CC, 2, 0x8C0C, 1,
    0x8A88, 1, 0x39E9, 2, 0x9C4A, 1, 0x6B2C, 1,
    0x8C0C, 2, 0x39E9, 1, 0x4841, 2, 0x4A6A, 1,
    0x39E9, 1, 0x50E5, 1, 0x20E5, 2, 0x8C0C, 1,
    0x9C4A, 1, 0x6B2C, 2, 0x8C0C, 1, 0xB4EC, 2,
    0x52CC, 1, 0xB4EC, 2, 0x9C4A, 1, 0x8C0C, 2,
    0x9C4A, 1, 0x8C0C, 1, 0x4841, 2, 0x4A6A, 1,
    0xB4EC, 1, 0x9C4A, 1, 0x2125, 2, 0x52CC, 2,
    0x0862, 1, 0x8986, 1, 0x4841, 2, 0x39E9, 3,
    0x4A6A, 5, 0x52CC, 1, 0x632D, 2, 0x6B8E, 2,
    0x8CD3, 9, 0x7411, 1, 0xF6CE, 3, 0x8CD3, 1,
    0x7411, 1, 0xD5ED, 3, 0x3186, 1, 0xF6CE, 1,
    0x8A88, 1, 0xD5ED, 1, 0x7411, 1, 0x39E9, 1,
    0x20A3, 2, 0x9C4A, 1, 0xF6CE, 1, 0xD5ED, 2,
    0x10A3, 1, 0x3186, 1, 0x20A3, 1, 0x49E9, 1,
    0x3800, 1, 0x20A3, 1, 0x0862, 2, 0x6000, 1,
    0x0862, 1, 0x20A3, 1, 0x2125, 1, 0x20A3, 1,
    0x39E9, 1, 0x18C5, 14, 0x6B8E, 1, 0x632D, 1,
    0x5AAB, 2, 0x5000, 1, 0x7125, 1, 0x2000, 1,
    0x6000, 2, 0x5AAB, 1, 0x4A6A, 1, 0x39E9, 1,
    0x4A6A, 1, 0x8C0C, 1, 0x39E9, 1, 0x8A88, 1,
    0x6B2C, 1, 0x9C4A, 2, 0x8C0C, 1, 0x9C4A, 3,
    0x8C0C, 1, 0x4A6A, 2, 0x39E9, 3, 0x4A6A, 1,
    0x20E5, 1, 0x39E9, 1, 0x8C0C, 1, 0x6B2C, 3,
    0x8C0C, 1, 0x6B2C, 2, 0x8C0C, 1, 0x4841, 1,
    0x7125, 1, 0x3800, 1, 0x9C4A, 5, 0x52CC, 1,
    0x7125, 1, 0x7800, 1, 0x0862, 1, 0x8986, 1,
    0x7125, 1, 0x5000, 1, 0x3000, 3, 0x52CC, 6,
    0x632D, 2, 0x52CC, 1, 0x6B8E, 1, 0x632D, 1,
    0x8CD3, 7, 0x7411, 1, 0x8CD3, 1, 0x6B8E, 1,
    0x7411, 1, 0xF6CE, 1, 0xD5ED, 1, 0xB4EC, 1,
    0xD5ED, 4, 0xF6CE, 1, 0x3186, 1, 0xD5ED, 1,
    0x8A88, 1, 0x9C4A, 1, 0x39E9, 1, 0x20A3, 2,
    0xF6CE, 2, 0xD5ED, 2, 0x9C4A, 1, 0x2125, 1,
    0x3186, 1, 0x20A3, 1, 0x3186, 1, 0x20A3, 2,
    0x10A3, 1, 0x0862, 1, 0x20A3, 1, 0x10A3, 1,
    0x20A3, 1, 0x5AAB, 1, 0x20A3, 1, 0x39E9, 1,
    0x18C5, 13, 0x52CC, 1, 0x632D, 1, 0x5AAB, 3,
    0x7125, 1, 0x2000, 1, 0x5000, 2, 0x4A6A, 3,
    0x20E5, 1, 0x8C0C, 3, 0x5000, 1, 0x4841, 2,
    0x39E9, 1, 0x8C0C, 3, 0x9C4A, 1, 0x8C0C, 1,
    0x9C4A, 1, 0x8C0C, 3, 0x4A6A, 7, 0x8C0C, 1,
    0x6B2C, 2, 0x8C0C, 1, 0x3186, 1, 0x39E9, 1,
    0x3000, 1, 0x39E9, 1, 0x9C4A, 5, 0x49E9, 1,
    0x7000, 1, 0x2000, 1, 0x7125, 2, 0x50E5, 4,
    0x52CC, 6, 0x632D, 1, 0x5AAB, 3, 0x4A6A, 1,
    0x7411, 1, 0x8CD3, 1, 0x7411, 1, 0x8CD3, 3,
    0x7411, 1, 0x8CD3, 1, 0x8A88, 2, 0x632D, 1,
    0xF6CE, 2, 0xB4EC, 1, 0xF6CE, 1, 0xD5ED, 3,
    0x3186, 1, 0x2125, 1, 0x3186, 1, 0x8C0C, 1,
    0xA001, 1, 0x9C4A, 1, 0x39E9, 1, 0xF6CE, 3,
    0x9C4A, 4, 0x2125, 1, 0x3186, 1, 0x2125, 1,
    0x9C4A, 1, 0x7000, 1, 0x20A3, 1, 0x0862, 2,
    0x10A3, 1, 0x20A3, 2, 0x2125, 1, 0x20A3, 1,
    0x39E9, 1, 0x18C5, 12, 0x3186, 1, 0x8986, 3,
    0x8000, 1, 0x7125, 1, 0x2000, 1, 0x6000, 2,
    0x7062, 1, 0x4A6A, 2, 0x7062, 1, 0x39E9, 1,
    0x8C0C, 2, 0x4A6A, 1, 0x4841, 2, 0x50E5, 1,
    0x3800, 1, 0x4800, 2, 0x50E5, 1, 0x39E9, 2,
    0x6B2C, 2, 0x9C4A, 1, 0x8C0C, 1, 0x9C4A, 2,
    0x6B2C, 3, 0x9C4A, 1, 0x4841, 1, 0x8A88, 2,
    0x50E5, 2, 0x9C4A, 1, 0x39E9, 1, 0x9C4A, 1,
    0x50E5, 1, 0x9C4A, 4, 0x4A6A, 1, 0x6000, 1,
    0x2000, 2, 0x7125, 1, 0x4841, 1, 0x50E5, 1,
    0x39E9, 1, 0x49E9, 2, 0x4A6A, 1, 0x52CC, 3,
    0x6B2C, 1, 0xB4EC, 1, 0x5AAB, 1, 0x2125, 1,
    0x7125, 2, 0x632D, 2, 0x6B8E, 1, 0x9C4A, 1,
    0x7411, 1, 0x6B8E, 1, 0x8CD3, 1, 0x7411, 2,
    0x8A88, 1, 0x3186, 1, 0x39E9, 1, 0xF6CE, 2,
    0xB4EC, 2, 0xD5ED, 1, 0x3186, 3, 0x20A3, 1,
    0x9C4A, 1, 0x39E9, 1, 0xA001, 2, 0x39E9, 2,
    0x9C4A, 3, 0x2926, 1, 0x9C4A, 1, 0x10A3, 1,
    0x2926, 1, 0x2125, 2, 0x9C4A, 1, 0x20A3, 2,
    0x10A3, 1, 0x20A3, 1, 0x10A3, 1, 0x0862, 2,
    0x2125, 2, 0x3186, 1, 0x18C5, 11, 0x7125, 1,
    0x8986, 1, 0x9083, 1, 0x8000, 2, 0x7125, 1,
    0x3000, 3, 0x6000, 1, 0x7125, 1, 0x4A6A, 1,
    0x7125, 1, 0x20A3, 1, 0x39E9, 2, 0x8C0C, 1,
    0x39E9, 2, 0x4841, 1, 0x39E9, 1, 0x5000, 2,
    0x4800, 2, 0x5000, 1, 0x4800, 3, 0x4841, 1,
    0x39E9, 2, 0x9C4A, 1, 0x6B2C, 2, 0x8A88, 3,
    0x50E5, 2, 0x9C4A, 3, 0x50E5, 1, 0x632D, 1,
    0x9C4A, 3, 0x8C0C, 1, 0x52CC, 1, 0x6000, 1,
    0x2000, 2, 0x7125, 1, 0x50E5, 4, 0x4A6A, 2,
    0x52CC, 2, 0x6B2C, 1, 0xB4EC, 1, 0x9C4A, 1,
    0x6B8E, 1, 0x50E5, 1, 0x4841, 1, 0x7125, 2,
    0x3186, 1, 0x632D, 1, 0x3186, 1, 0x9C4A, 1,
    0x3186, 1, 0x6B8E, 1, 0x7411, 2, 0x6B8E, 1,
    0x7411, 1, 0x39E9, 1, 0xF6CE, 3, 0xB4EC, 1,
    0x9C4A, 1, 0x7411, 1, 0x3186, 1, 0x20A3, 2,
    0xF6CE, 1, 0x9C4A, 1, 0x39E9, 1, 0xA001, 1,
    0x9083, 1, 0x6B2C, 1, 0x39E9, 1, 0x3186, 3,
    0x2926, 1, 0x6B2C, 1, 0x10A3, 1, 0x2125, 3,
    0x3186, 1, 0x3800, 1, 0x20A3, 2, 0x10A3, 1,
    0x20A3, 1, 0x10A3, 2, 0x2125, 1, 0x3186, 1,
    0x2926, 1, 0x18C5, 10, 0x7062, 1, 0x6000, 2,
    0x7000, 1, 0x7062, 1, 0x50E5, 1, 0x4841, 1,
    0x2000, 2, 0x6000, 1, 0x7125, 2, 0x4A6A, 1,
    0x7125, 1, 0x10A3, 2, 0x4A6A, 1, 0x8C0C, 2,
    0x50E5, 1, 0x4841, 1, 0x8A88, 2, 0x50E5, 1,
    0x4841, 1, 0x4800, 4, 0x3000, 4, 0x4800, 2,
    0x9C4A, 1, 0x8A88, 5, 0x7000, 2, 0x52CC, 1,
    0x9C4A, 2, 0x8C0C, 3, 0x52CC, 1, 0x4841, 1,
    0x2000, 2, 0x4841, 2, 0x50E5, 2, 0x39E9, 2,
    0x49E9, 1, 0x52CC, 3, 0xB4EC, 2, 0x3186, 1,
    0x20E5, 1, 0x7062, 4, 0x7800, 1, 0x2125, 2,
    0x3186, 1, 0x6B8E, 1, 0x632D, 2, 0x6B8E, 1,
    0x7411, 1, 0x39E9, 1, 0x9C4A, 1, 0xF6CE, 3,
    0xB4EC, 1, 0x9C4A, 1, 0x39E9, 1, 0x20A3, 1,
    0xF6CE, 3, 0x9C4A, 1, 0x39E9, 1, 0x8A88, 1,
    0x9083, 2, 0x8A88, 1, 0x9083, 3, 0x2926, 1,
    0x6B2C, 1, 0x20E5, 1, 0x2926, 1, 0x3186, 1,
    0x20A3, 1, 0x49E9, 1, 0x3800, 1, 0x0862, 1,
    0x20A3, 1, 0x0862, 1, 0x20A3, 2, 0x3186, 1,
    0x20A3, 1, 0x7125, 1, 0x18C5, 11, 0x6000, 2,
    0x7000, 2, 0x7062, 1, 0x4841, 2, 0x50E5, 1,
    0x2000, 1, 0x5000, 2, 0x39E9, 1, 0x50E5, 2,
    0x7062, 1, 0x10A3, 1, 0x39E9, 2, 0x9C4A, 1,
    0x8C0C, 3, 0x3186, 4, 0x4841, 4, 0x4800, 5,
    0x4841, 1, 0x3000, 1, 0x7125, 1, 0x3186, 1,
    0x4800, 1, 0x9C4A, 3, 0x20E5, 1, 0x6000, 1,
    0x20A3, 2, 0x52CC, 1, 0x632D, 1, 0x4841, 1,
    0x2000, 2, 0x5000, 2, 0x50E5, 3, 0x39E9, 1,
    0x4A6A, 3, 0x8C0C, 2, 0xB4EC, 2, 0x4841, 1,
    0x18C5, 2, 0x6000, 1, 0x7062, 1, 0x7800, 2,
    0x2926, 1, 0x2125, 1, 0x2926, 1, 0x6B8E, 1,
    0x632D, 1, 0x6B8E, 3, 0x9C4A, 1, 0xF6CE, 4,
    0x39E9, 1, 0xA001, 1, 0x6B8E, 1, 0x9C4A, 1,
    0xF6CE, 1, 0x9C4A, 2, 0x8A88, 1, 0x2125, 1,
    0x8A88, 1, 0x9083, 3, 0x2926, 3, 0x0862, 1,
    0x2125, 3, 0x3186, 1, 0x20A3, 1, 0x5AAB, 1,
    0x10A3, 2, 0x20A3, 1, 0x0862, 1, 0x20A3, 1,
    0x3800, 1, 0x2125, 1, 0x20A3, 1, 0x8986, 1,
    0x18C5, 11, 0x7000, 3, 0x7062, 1, 0x7125, 1,
    0x4841, 2, 0x50E5, 1, 0x2000, 1, 0x5000, 2,
    0x39E9, 1, 0x50E5, 3, 0x4841, 1, 0x5000, 1,
    0x3186, 1, 0x8A88, 1, 0x6B2C, 2, 0x8C0C, 2,
    0x6B2C, 1, 0x4800, 1, 0x3000, 1, 0x4841, 1,
    0x3186, 2, 0x4841, 6, 0x8A88, 2, 0x8C0C, 2,
    0x9C4A, 2, 0x39E9, 1, 0x20A3, 1, 0x6000, 3,
    0x7125, 1, 0x7062, 1, 0x6000, 1, 0x2000, 2,
    0x4841, 4, 0x50E5, 2, 0x49E9, 2, 0x4A6A, 2,
    0x52CC, 1, 0xB4EC, 1, 0x3186, 1, 0x7125, 1,
    0x0862, 2, 0x10A3, 1, 0x18C5, 3, 0x6000, 1,
    0x5000, 1, 0x3186, 1, 0x632D, 1, 0x7411, 1,
    0x2926, 1, 0x39E9, 1, 0x6B8E, 1, 0x3186, 1,
    0x9C4A, 1, 0xF6CE, 4, 0x3186, 1, 0xA001, 1,
    0x6B8E, 1, 0x3186, 1, 0x9C4A, 1, 0x3186, 2,
    0x6B2C, 1, 0x3186, 1, 0x9083, 1, 0x4A6A, 1,
    0x2926, 2, 0x10A3, 3, 0x3186, 1, 0x20E5, 1,
    0x2125, 2, 0x3186, 1, 0x20A3, 1, 0x2125, 1,
    0x3186, 1, 0x20A3, 3, 0x3800, 1, 0x3186, 1,
    0x2125, 2, 0x8986, 1, 0x18C5, 11, 0x7000, 2,
    0x8C0C, 2, 0x7125, 1, 0x50E5, 1, 0x4841, 2,
    0x49E9, 1, 0x2000, 1, 0x5000, 2, 0x39E9, 1,
    0x50E5, 2, 0x5000, 3, 0x10A3, 1, 0x3186, 1,
    0x8A88, 1, 0x6B2C, 5, 0x39E9, 2, 0x6B2C, 3,
    0x8C0C, 2, 0x6B2C, 1, 0x8C0C, 3, 0x4A6A, 1,
    0x10A3, 2, 0x6000, 5, 0x7125, 1, 0x6000, 1,
    0x3000, 3, 0x5000, 2, 0x4841, 1, 0x50E5, 4,
    0x49E9, 2, 0x4A6A, 2, 0xB4EC, 1, 0x3186, 1,
    0x7062, 1, 0x7800, 1, 0x0862, 3, 0x39E9, 1,
    0x8986, 1, 0x3186, 1, 0x18C5, 1, 0x7000, 1,
    0x3186, 1, 0x632D, 1, 0x3189, 1, 0x2926, 1,
    0x6B8E, 2, 0x4841, 1, 0xF6CE, 5, 0x3186, 1,
    0xA001, 1, 0x8A88, 2, 0x3186, 2, 0x8986, 1,
    0x2926, 1, 0x20E5, 1, 0x2926, 1, 0x0862, 2,
    0x3186, 2, 0x3800, 1, 0x3186, 2, 0x20E5, 2,
    0x20A3, 1, 0x3186, 1, 0x20A3, 1, 0x2125, 1,
    0x5AAB, 1, 0x3800, 2, 0x20A3, 1, 0x3186, 1,
    0x5AAB, 1, 0x20A3, 1, 0x3186, 1, 0x2125, 1,
    0x18C5, 11, 0x7000, 1, 0x7062, 1, 0x8C0C, 1,
    0x9C4A, 1, 0x2125, 1, 0x4841, 3, 0x50E5, 1,
    0x2000, 1, 0x5000, 3, 0x4841, 1, 0x50E5, 1,
    0x5000, 1, 0x4841, 1, 0x5000, 4, 0x10A3, 1,
    0x3189, 2, 0x10A3, 2, 0x0862, 2, 0x8A88, 2,
    0x3189, 2, 0x10A3, 2, 0x0862, 1, 0x10A3, 1,
    0x0862, 1, 0x5000, 2, 0x4841, 1, 0x50E5, 2,
    0x39E9, 1, 0x5000, 2, 0x4800, 1, 0x3000, 1,
    0x50E5, 1, 0x4841, 1, 0x6000, 1, 0x50E5, 7,
    0x49E9, 3, 0x52CC, 1, 0x3186, 1, 0x7062, 1,
    0x7125, 1, 0x0862, 3, 0x7125, 1, 0x3186, 1,
    0x7125, 4, 0x3186, 5, 0x4841, 1, 0x9C4A, 1,
    0xF6CE, 5, 0x2125, 1, 0x3186, 1, 0x7062, 1,
    0x8A88, 1, 0x9083, 2, 0x4A6A, 1, 0x3186, 1,
    0x0862, 2, 0x3186, 6, 0x20E5, 4, 0x3186, 1,
    0x2926, 1, 0x2125, 2, 0x0862, 1, 0x3186, 1,
    0x0862, 1, 0x5AAB, 1, 0x2125, 1, 0x20A3, 1,
    0x8986, 1, 0x0862, 1, 0x18C5, 10, 0x7000, 2,
    0x9C4A, 3, 0x20A3, 2, 0x4841, 2, 0x5000, 1,
    0x0862, 1, 0x2000, 2, 0x0862, 1, 0x5000, 3,
    0x4841, 3, 0x5000, 2, 0x4841, 2, 0x3800, 1,
    0x5000, 7, 0x3800, 1, 0x5000, 5, 0x4841, 1,
    0x50E5, 3, 0x39E9, 1, 0x4841, 1, 0x5000, 2,
    0x2000, 1, 0x4841, 2, 0x9083, 3, 0x8800, 1,
    0x8000, 1, 0x50E5, 4, 0x20E5, 2, 0x3186, 3,
    0x6000, 1, 0x0862, 3, 0x7125, 2, 0x2926, 1,
    0x20A3, 1, 0x7125, 2, 0x8986, 1, 0x3186, 1,
    0x52CC, 1, 0x3186, 1, 0x2926, 1, 0x10A3, 2,
    0x9C4A, 1, 0xF6CE, 4, 0xD5ED, 1, 0x10A3, 1,
    0x3186, 1, 0x9083, 2, 0x4A6A, 2, 0x0862, 1,
    0x4800, 1, 0x3800, 1, 0x3186, 5, 0x632D, 2,
    0x20E5, 4, 0x2926, 1, 0x7125, 1, 0x0862, 1,
    0x20A3, 1, 0x49E9, 1, 0x5AAB, 2, 0x2125, 1,
    0x10A3, 1, 0x3186, 1, 0x8986, 1, 0x18C5, 11,
    0x5000, 1, 0x7000, 1, 0x2125, 1, 0x9C4A, 2,
    0x39E9, 1, 0x20A3, 1, 0x4841, 3, 0x49E9, 2,
    0x50E5, 2, 0x0862, 1, 0x5000, 4, 0x4841, 5,
    0x5000, 13, 0x50E5, 3, 0x5000, 3, 0x2000, 2,
    0x50E5, 1, 0x4841, 3, 0x8986, 1, 0x9083, 1,
    0x8986, 1, 0x8800, 3, 0x8000, 4, 0x7125, 1,
    0x39E9, 1, 0x7062, 1, 0x7800, 1, 0x7062, 1,
    0x0862, 2, 0x7125, 1, 0x8986, 1, 0x2125, 2,
    0x0862, 1, 0x20A3, 1, 0x2926, 1, 0x3186, 1,
    0x7125, 1, 0x20E5, 1, 0x3186, 1, 0x2125, 1,
    0x10A3, 1, 0x9C4A, 1, 0xF6CE, 3, 0x9C4A, 1,
    0xD5ED, 2, 0x6B2C, 1, 0x2125, 1, 0x4A6A, 2,
    0x0862, 3, 0x3800, 1, 0x3186, 5, 0x52CC, 1,
    0x632D, 2, 0x0000, 1, 0x20E5, 3, 0x2926, 1,
    0x8986, 1, 0x20A3, 1, 0x0862, 1, 0x2125, 3,
    0x0862, 1, 0x20A3, 1, 0x7125, 2, 0x18C5, 11,
    0x5000, 1, 0x7000, 1, 0x4A6A, 1, 0x9C4A, 2,
    0x52CC, 1, 0x39E9, 1, 0x20A3, 1, 0x50E5, 1,
    0x4841, 4, 0x50E5, 3, 0x3800, 6, 0x4841, 2,
    0x5000, 17, 0x2000, 1, 0x7125, 1, 0x4841, 3,
    0x50E5, 2, 0x8986, 1, 0x8A88, 1, 0xB4EC, 1,
    0x8800, 4, 0x8000, 3, 0xA001, 1, 0x8800, 2,
    0x7062, 1, 0x6000, 1, 0x10A3, 3, 0x8986, 1,
    0x3186, 1, 0x20A3, 1, 0x2125, 3, 0x0862, 1,
    0x2125, 1, 0x8986, 1, 0x20E5, 2, 0x7000, 1,
    0x6000, 1, 0xD5ED, 1, 0xF6CE, 1, 0xD5ED, 2,
    0x9C4A, 1, 0x6B2C, 1, 0x9C4A, 2, 0x2926, 1,
    0x0862, 3, 0x4800, 2, 0x3800, 1, 0x3186, 4,
    0x52CC, 3, 0x0000, 1, 0x20E5, 4, 0x3186, 3,
    0x2125, 2, 0x0862, 1, 0x20A3, 2, 0x7125, 1,
    0x8986, 1, 0x18C5, 12, 0x5000, 1, 0x7000, 1,
    0x4A6A, 1, 0x6B2C, 1, 0x632D, 1, 0x4A6A, 2,
    0x20A3, 1, 0x4841, 6, 0x5000, 1, 0x50E5, 1,
    0x0862, 8, 0x3800, 4, 0x3000, 3, 0x5000, 6,
    0x0862, 1, 0x2000, 2, 0x0862, 1, 0x7125, 1,
    0x6000, 1, 0x4841, 2, 0x50E5, 1, 0x39E9, 1,
    0x3186, 1, 0xB4EC, 4, 0x8800, 4, 0xA001, 3,
    0x8800, 1, 0x7800, 2, 0x0862, 3, 0x7125, 2,
    0x0862, 1, 0x2125, 1, 0x5AAB, 3, 0x2125, 1,
    0x20A3, 1, 0x7125, 1, 0x20E5, 1, 0x3186, 1,
    0x6000, 1, 0x3000, 1, 0xD5ED, 3, 0x9C4A, 1,
    0x3186, 2, 0x9C4A, 2, 0x0862, 1, 0x3186, 1,
    0x3000, 1, 0x4800, 2, 0x3800, 1, 0x3186, 1,
    0x7411, 5, 0x20E5, 4, 0x2125, 1, 0x20E5, 3,
    0x3186, 1, 0x7125, 2, 0x20A3, 1, 0x2125, 2,
    0x7125, 2, 0x18C5, 13, 0x5000, 1, 0x4800, 1,
    0x20E5, 1, 0x6B2C, 1, 0x52CC, 1, 0x6B8E, 1,
    0x632D, 1, 0x4A6A, 1, 0x10A3, 1, 0x4841, 3,
    0x5000, 7, 0x7125, 5, 0x50E5, 2, 0x0862, 7,
    0x3000, 1, 0x7125, 2, 0x4841, 3, 0x4A6A, 1,
    0x4841, 3, 0x20E5, 3, 0xB4EC, 6, 0x9083, 1,
    0x8000, 1, 0xA001, 5, 0x8800, 1, 0x7800, 2,
    0x10A3, 1, 0x20E5, 1, 0x0862, 1, 0x8986, 1,
    0x2926, 1, 0x2125, 2, 0x0862, 1, 0x3186, 2,
    0x2125, 1, 0x20A3, 1, 0x3186, 1, 0x5000, 1,
    0x20E5, 1, 0x6000, 1, 0x8A88, 1, 0xD5ED, 1,
    0x9C4A, 2, 0x3186, 1, 0x3000, 1, 0x3186, 1,
    0x9C4A, 1, 0x6B2C, 1, 0x3186, 1, 0x3000, 1,
    0x4800, 3, 0x3186, 1, 0x632D, 5, 0x20E5, 1,
    0x0000, 1, 0x2125, 1, 0x20E5, 6, 0x3186, 1,
    0x7125, 2, 0x3186, 2, 0x2926, 1, 0x8986, 1,
    0x3186, 1, 0x18C5, 13, 0x4800, 2, 0x4A6A, 1,
    0x52CC, 5, 0x7411, 1, 0x4A6A, 1, 0x7062, 1,
    0x7000, 2, 0x5000, 15, 0x50E5, 5, 0x5000, 1,
    0x4841, 7, 0x50E5, 1, 0x20E5, 1, 0x4A6A, 1,
    0x39E9, 1, 0xB4EC, 6, 0x8986, 1, 0x8A88, 1,
    0xA001, 5, 0x8800, 1, 0x8000, 3, 0x10A3, 1,
    0x20E5, 1, 0x20A3, 1, 0x7125, 1, 0x20A3, 1,
    0x5AAB, 1, 0x3186, 1, 0x20A3, 1, 0x3800, 2,
    0x5AAB, 1, 0x2125, 1, 0x3186, 1, 0x7000, 1,
    0x20E5, 1, 0x5000, 1, 0x9C4A, 3, 0x3186, 1,
    0x3800, 2, 0x6B2C, 2, 0x3186, 1, 0x3000, 1,
    0x4800, 3, 0x3800, 1, 0x3186, 1, 0x52CC, 4,
    0x2125, 1, 0x7411, 2, 0x2125, 1, 0x0000, 1,
    0x20E5, 1, 0x10A3, 1, 0x20E5, 2, 0x10A3, 1,
    0x20A3, 1, 0x7125, 2, 0x8986, 1, 0x7125, 1,
    0x3186, 1, 0x6B8E, 1, 0x18C5, 14, 0x4800, 2,
    0x3800, 1, 0x0862, 1, 0x4A6A, 1, 0x0862, 1,
    0x52CC, 2, 0x632D, 1, 0x6B8E, 1, 0x7062, 1,
    0x5000, 3, 0x6000, 6, 0x5000, 14, 0x6000, 1,
    0x4841, 5, 0x20E5, 1, 0x52CC, 3, 0xB4EC, 4,
    0x5AAB, 1, 0x20E5, 1, 0x39E9, 1, 0xB4EC, 2,
    0xA001, 5, 0x8000, 3, 0x7800, 1, 0x20E5, 2,
    0x3186, 2, 0x20A3, 1, 0x3186, 1, 0x20A3, 3,
    0x3800, 1, 0x3186, 1, 0x2125, 1, 0x3186, 1,
    0x2926, 1, 0x52CC, 1, 0x3186, 1, 0x9C4A, 2,
    0x3186, 1, 0x3800, 2, 0x3186, 3, 0x3000, 1,
    0x4800, 3, 0x3000, 1, 0x3186, 1, 0x20E5, 1,
    0x2125, 4, 0x18C5, 3, 0x0862, 1, 0x8CD3, 1,
    0x2125, 1, 0x18C5, 1, 0x20E5, 1, 0x10A3, 1,
    0x20E5, 2, 0x10A3, 2, 0x7125, 1, 0x39E9, 2,
    0x18C5, 15, 0x4800, 2, 0x3800, 1, 0x4800, 1,
    0x5000, 1, 0x4A6A, 1, 0x20A3, 1, 0x10A3, 1,
    0x0862, 1, 0x10A3, 1, 0x5000, 3, 0x6000, 9,
    0x7000, 9, 0x5000, 1, 0x6000, 3, 0x4841, 4,
    0x20E5, 1, 0x52CC, 3, 0x7411, 2, 0xB4EC, 1,
    0xF6CE, 2, 0x8CD3, 1, 0x2125, 2, 0x8CD3, 1,
    0xA001, 4, 0x8000, 1, 0x7800, 1, 0x8000, 3,
    0x7800, 1, 0x10A3, 2, 0x8986, 1, 0x2125, 2,
    0x10A3, 1, 0x20A3, 1, 0x0862, 1, 0x20A3, 2,
    0x0862, 1, 0x2125, 1, 0x2926, 1, 0x3186, 1,
    0x4841, 1, 0x8A88, 1, 0x6B2C, 2, 0x3800, 1,
    0x4800, 1, 0x3800, 1, 0x3186, 2, 0x3000, 1,
    0x4800, 3, 0x4841, 1, 0x18C5, 1, 0x2125, 1,
    0x6B8E, 1, 0x7411, 1, 0x39E9, 1, 0x3186, 1,
    0x2125, 1, 0x0000, 1, 0x18C5, 1, 0x0000, 1,
    0x18C5, 28, 0x4800, 1, 0x3000, 2, 0x4800, 1,
    0x5000, 2, 0x7000, 2, 0x52CC, 1, 0x5000, 4,
    0x6000, 9, 0x7000, 10, 0x7800, 1, 0x8000, 1,
    0x8800, 1, 0x7062, 1, 0x632D, 1, 0x8CD3, 2,
    0x7411, 2, 0x8CD3, 4, 0xF6CE, 1, 0x8CD3, 2,
    0x39E9, 1, 0x2125, 2, 0x8CD3, 1, 0xA001, 2,
    0x8800, 2, 0x8000, 4, 0x7800, 1, 0x10A3, 3,
    0x3186, 1, 0x20A3, 1, 0x5AAB, 1, 0x20A3, 1,
    0x0862, 2, 0x10A3, 1, 0x20A3, 1, 0x0862, 1,
    0x5AAB, 1, 0x2926, 1, 0x39E9, 1, 0x8A88, 1,
    0x6B2C, 1, 0x3800, 2, 0x10A3, 1, 0x4800, 1,
    0x3800, 1, 0x3186, 1, 0x3000, 1, 0x4800, 2,
    0x4841, 1, 0x18C5, 7, 0x7411, 3, 0x0862, 2,
    0x18C5, 28, 0x4800, 1, 0x3000, 2, 0x4800, 1,
    0x5000, 3, 0x7000, 6, 0x6000, 9, 0x7000, 10,
    0x7800, 3, 0x7062, 1, 0x7411, 3, 0x6B8E, 2,
    0x8CD3, 5, 0x2125, 2, 0x39E9, 1, 0x8CD3, 2,
    0xB4EC, 1, 0x8000, 8, 0x7800, 1, 0x10A3, 3,
    0x3186, 1, 0x20A3, 1, 0x3186, 1, 0x20A3, 1,
    0x0862, 1, 0x10A3, 3, 0x20A3, 1, 0x7125, 1,
    0x2125, 1, 0x39E9, 1, 0x8A88, 1, 0x3186, 1,
    0x3800, 2, 0x10A3, 1, 0x4800, 1, 0x3800, 1,
    0x3000, 1, 0x4800, 2, 0x4841, 1, 0x18C5, 11,
    0x7411, 1, 0x20E5, 1, 0x18C5, 28, 0x3000, 3,
    0x4800, 1, 0x5000, 3, 0x6000, 2, 0x7000, 4,
    0x8000, 8, 0x7000, 13, 0x7800, 1, 0x7062, 1,
    0x20E5, 1, 0x10A3, 2, 0x6B8E, 1, 0x20E5, 2,
    0x2125, 1, 0x8CD3, 1, 0x20E5, 2, 0x8CD3, 1,
    0x2125, 1, 0x8CD3, 1, 0x8800, 3, 0x8000, 4,
    0x7800, 2, 0x8000, 2, 0x7800, 1, 0x10A3, 1,
    0x20E5, 1, 0x20A3, 1, 0x2926, 1, 0x2125, 1,
    0x3186, 1, 0x0862, 1, 0x10A3, 1, 0x0862, 1,
    0x20A3, 1, 0x0862, 1, 0x6000, 1, 0x7125, 1,
    0x2926, 1, 0x39E9, 1, 0x3186, 1, 0x0862, 2,
    0x10A3, 1, 0x3800, 1, 0x4800, 3, 0x4841, 1,
    0x18C5, 43, 0x3000, 3, 0x5000, 4, 0x6000, 2,
    0x7000, 2, 0x6000, 1, 0x7000, 1, 0x8000, 8,
    0x8800, 9, 0xA001, 4, 0x8800, 11, 0x8000, 2,
    0x7800, 1, 0x8800, 1, 0x8000, 6, 0x7800, 3,
    0x8000, 2, 0x7800, 1, 0x20E5, 2, 0x20A3, 1,
    0x2125, 2, 0x0862, 1, 0x10A3, 1, 0x20A3, 1,
    0x0862, 1, 0x6000, 1, 0x0862, 1, 0x20A3, 1,
    0x2125, 1, 0x2926, 2, 0x3186, 1, 0x10A3, 1,
    0x0862, 1, 0x10A3, 1, 0x3000, 1, 0x4800, 1,
    0x4841, 1, 0x18C5, 45, 0x3000, 3, 0x4800, 1,
    0x5000, 3, 0x6000, 5, 0x7000, 2, 0x8000, 1,
    0x8800, 4, 0xA001, 1, 0x8800, 1, 0xA001, 1,
    0x8800, 8, 0xA001, 3, 0x8800, 12, 0x8000, 2,
    0x7800, 1, 0x8000, 7, 0x7800, 6, 0x20E5, 2,
    0x2125, 3, 0x0862, 1, 0x20A3, 1, 0x6000, 1,
    0x0862, 1, 0x20A3, 2, 0x0862, 1, 0x2125, 1,
    0x3186, 1, 0x2125, 1, 0x10A3, 4, 0x4800, 2,
    0x18C5, 47, 0x3000, 2, 0x4800, 1, 0x5000, 3,
    0x6000, 3, 0x7000, 4, 0x8800, 1, 0xA001, 3,
    0x9083, 1, 0x8986, 2, 0xA001, 7, 0x8800, 2,
    0xA001, 3, 0x8800, 12, 0x8000, 8, 0x7800, 8,
    0x20E5, 2, 0x2926, 1, 0x2125, 1, 0x7062, 1,
    0x20A3, 4, 0x10A3, 1, 0x20A3, 1, 0x0862, 1,
    0x2125, 1, 0x3186, 1, 0x3000, 1, 0x10A3, 3,
    0x4800, 1, 0x18C5, 49, 0x2000, 1, 0x3000, 2,
    0x5000, 3, 0x6000, 1, 0x7000, 1, 0x6000, 2,
    0x5000, 1, 0x7000, 2, 0x8800, 1, 0x7000, 3,
    0x8800, 1, 0x9083, 1, 0x8986, 1, 0x9083, 1,
    0x8986, 2, 0x9083, 1, 0xA001, 4, 0x8800, 1,
    0xA001, 3, 0x8800, 13, 0x8000, 6, 0x7800, 8,
    0x10A3, 3, 0x2125, 1, 0x20A3, 1, 0x2125, 1,
    0x0862, 1, 0x20A3, 1, 0x10A3, 3, 0x20A3, 1,
    0x3186, 1, 0x2125, 1, 0x3186, 1, 0x10A3, 2,
    0x4841, 1, 0x4800, 1, 0x18C5, 51, 0x3000, 2,
    0x5000, 4, 0x6000, 2, 0x4800, 1, 0x5000, 2,
    0x6000, 1, 0x7000, 1, 0x2000, 1, 0x3000, 2,
    0x8800, 1, 0x9083, 2, 0x7000, 1, 0x9083, 2,
    0x8800, 1, 0x7800, 3, 0xA001, 1, 0x8800, 1,
    0xA001, 3, 0x8800, 14, 0x8000, 3, 0x7800, 10,
    0x20E5, 3, 0x2926, 1, 0x2125, 2, 0x0862, 4,
    0x20A3, 1, 0x3800, 1, 0x5AAB, 1, 0x20A3, 1,
    0x3186, 1, 0x4800, 2, 0x18C5, 53, 0x2000, 1,
    0x3000, 1, 0x4800, 1, 0x5000, 3, 0x7000, 1,
    0x6000, 1, 0x0862, 1, 0x3000, 1, 0x2000, 2,
    0x3000, 1, 0x0000, 2, 0x3000, 1, 0x0862, 2,
    0x2000, 3, 0x0862, 2, 0x3000, 2, 0x2000, 1,
    0x7000, 1, 0x8800, 1, 0xA001, 5, 0x8800, 4,
    0x8000, 1, 0x8800, 6, 0x8000, 1, 0x7800, 13,
    0x2125, 6, 0x3186, 1, 0x20A3, 1, 0x0862, 2,
    0x20A3, 1, 0x3800, 1, 0x2125, 1, 0x20A3, 1,
    0x8986, 1, 0x4841, 1, 0x18C5, 55, 0x2000, 1,
    0x3000, 1, 0x5000, 3, 0x7000, 1, 0x4800, 1,
    0x9083, 1, 0x2000, 1, 0x0000, 3, 0x6B8E, 1,
    0x0000, 1, 0x0862, 4, 0x0000, 1, 0x0862, 4,
    0x0000, 1, 0x2000, 1, 0x7000, 2, 0x7800, 5,
    0x8800, 4, 0x8000, 1, 0x8800, 6, 0x8000, 1,
    0x7800, 10, 0x7000, 1, 0x6000, 2, 0x20E5, 1,
    0x2125, 5, 0x3186, 1, 0x20A3, 3, 0x3800, 1,
    0x3186, 1, 0x2125, 2, 0x7125, 1, 0x18C5, 56,
    0x2000, 2, 0x5000, 3, 0x8000, 1, 0xA001, 1,
    0x9083, 1, 0x8000, 1, 0x4841, 1, 0x7062, 1,
    0x3186, 1, 0x8986, 1, 0x6B8E, 2, 0x7411, 1,
    0x8CD3, 7, 0x0000, 2, 0x3000, 5, 0x4800, 1,
    0x6000, 1, 0x8800, 3, 0x7800, 1, 0x8800, 7,
    0x8000, 1, 0x7800, 10, 0x7000, 1, 0x6000, 1,
    0x20E5, 4, 0x20A3, 1, 0x2926, 1, 0x20A3, 1,
    0x2125, 1, 0x10A3, 2, 0x20A3, 1, 0x3186, 1,
    0x5AAB, 1, 0x0862, 1, 0x3186, 1, 0x18C5, 58,
    0x0000, 1, 0x2000, 2, 0x5000, 1, 0x6000, 1,
    0xA001, 1, 0x8986, 1, 0xA001, 1, 0x8800, 1,
    0xA001, 1, 0x9083, 1, 0x8986, 2, 0x9C4A, 1,
    0x8CD3, 2, 0xF6CE, 1, 0x8CD3, 1, 0xF6CE, 2,
    0x8CD3, 2, 0x7411, 1, 0x6B8E, 1, 0x0000, 5,
    0x2000, 1, 0x10A3, 1, 0x8000, 2, 0x8800, 5,
    0x8000, 1, 0x8800, 3, 0x8000, 1, 0x7800, 6,
    0x7000, 2, 0x6000, 3, 0x4800, 1, 0x20E5, 4,
    0x20A3, 1, 0x3186, 1, 0x20A3, 2, 0x3186, 2,
    0x0862, 1, 0x5AAB, 1, 0x2125, 1, 0x2926, 1,
    0x8986, 1, 0x18C5, 59, 0x2000, 3, 0x3000, 1,
    0x3800, 1, 0xA001, 1, 0x8000, 1, 0x7000, 3,
    0x9083, 1, 0x7800, 1, 0x8000, 3, 0xA001, 4,
    0x8CD3, 3, 0xB4EC, 1, 0x8986, 1, 0x8A88, 1,
    0x39E9, 1, 0x9083, 2, 0xA001, 1, 0x8986, 2,
    0x6000, 1, 0xA001, 1, 0x8800, 7, 0x8000, 2,
    0x7800, 5, 0x6000, 3, 0x5000, 1, 0x4800, 2,
    0x20E5, 6, 0x7125, 1, 0x2125, 1, 0x20A3, 1,
    0x5AAB, 1, 0x2125, 1, 0x5AAB, 1, 0x2125, 1,
    0x10A3, 1, 0x7125, 1, 0x8986, 1, 0x18C5, 61,
    0x2000, 2, 0x3000, 1, 0x4800, 5, 0x7000, 2,
    0x6000, 2, 0x5000, 3, 0x6000, 1, 0x5000, 1,
    0xA001, 1, 0x8800, 3, 0x8000, 1, 0x9083, 1,
    0x8986, 1, 0xA001, 5, 0x8986, 1, 0xA001, 2,
    0x8800, 6, 0x7800, 2, 0x7000, 4, 0x6000, 2,
    0x3800, 1, 0x3000, 2, 0x2000, 2, 0x20E5, 6,
    0x8986, 1, 0x3186, 1, 0x20A3, 1, 0x2125, 3,
    0x0862, 1, 0x7125, 2, 0x18C5, 64, 0x2000, 1,
    0x3000, 5, 0x4800, 1, 0x5000, 2, 0x4800, 1,
    0x3800, 1, 0x3000, 3, 0x5000, 1, 0x6000, 3,
    0x7000, 1, 0x7800, 1, 0x8000, 1, 0x8800, 4,
    0xA001, 6, 0x8800, 5, 0x6000, 4, 0x5000, 2,
    0x4800, 1, 0x3800, 1, 0x3000, 2, 0x2000, 3,
    0x20E5, 6, 0x3186, 1, 0x7125, 1, 0x2926, 1,
    0x0862, 1, 0x20A3, 1, 0x2125, 1, 0x20A3, 1,
    0x7125, 1, 0x18C5, 70, 0x2000, 1, 0x3000, 5,
    0x2000, 2, 0x3000, 3, 0x3800, 1, 0x5000, 4,
    0x6000, 10, 0x5000, 1, 0x4800, 5, 0x3000, 3,
    0x2000, 6, 0x3800, 2, 0x20E5, 4, 0x2125, 2,
    0x20E5, 1, 0x20A3, 1, 0x7125, 2, 0x3186, 1,
    0x2125, 1, 0x2926, 1, 0x7125, 1, 0x3186, 1,
    0x18C5, 77, 0x2000, 4, 0x3000, 5, 0x3800, 10,
    0x3000, 1, 0x2000, 5, 0x3000, 1, 0x3800, 4,
    0x3000, 1, 0x18C5, 3, 0x10A3, 2, 0x20E5, 1,
    0x10A3, 2, 0x20E5, 2, 0x10A3, 1, 0x20E5, 2,
    0x2125, 1, 0x8986, 2, 0x7125, 1, 0x3186, 1,
    0x8986, 1, 0x18C5, 94, 0x2000, 2, 0x18C5, 21,
    0x20E5, 1, 0x10A3, 2, 0x20E5, 1, 0x10A3, 2,
    0x20E5, 1, 0x7125, 2, 0x39E9, 1, 0x18C5, 2742,
    0x18C5, 2767, 0x8986, 6, 0x18C5, 121, 0x9083, 1,
    0x8986, 9, 0x18C5, 118, 0x7062, 2, 0x9083, 1,
    0x8986, 9, 0x18C5, 115, 0x7800, 3, 0x7062, 5,
    0x9083, 3, 0x8986, 5, 0x632D, 1, 0x18C5, 111,
    0x7800, 9, 0x7062, 2, 0x9083, 1, 0x8986, 9,
    0x632D, 2, 0x8986, 2, 0x9083, 1, 0x8986, 1,
    0x18C5, 14, 0x8986, 8, 0x18C5, 79, 0x7800, 11,
    0x7062, 1, 0x7800, 1, 0x9083, 4, 0x8986, 5,
    0x632D, 1, 0x8986, 2, 0x9083, 1, 0x8986, 2,
    0x632D, 1, 0x8986, 3, 0x632D, 3, 0x8986, 15,
    0x18C5, 77, 0x7800, 2, 0x7000, 1, 0x6000, 2,
    0x7800, 12, 0x7062, 2, 0x9083, 4, 0x8986, 18,
    0x9083, 1, 0x8986, 6, 0x9083, 3, 0x5000, 1,
    0x18C5, 76, 0x7000, 1, 0x6000, 1, 0x5000, 3,
    0x6000, 5, 0x7800, 14, 0x9083, 9, 0x8986, 2,
    0x9083, 6, 0x7062, 1, 0x9083, 3, 0x7062, 6,
    0x5000, 1, 0x18C5, 75, 0x6000, 2, 0x4800, 1,
    0x3000, 4, 0x5000, 4, 0x6000, 1, 0x7000, 4,
    0x7800, 10, 0x8000, 2, 0x7800, 6, 0x7062, 2,
    0x7800, 4, 0x7062, 1, 0x7800, 11, 0x5000, 1,
    0x18C5, 75, 0x4800, 2, 0x3000, 3, 0x6000, 3,
    0x3000, 3, 0x4800, 1, 0x5000, 4, 0x7000, 8,
    0x7800, 29, 0x18C5, 75, 0x3000, 2, 0x4841, 2,
    0x6000, 7, 0x2000, 1, 0x3000, 5, 0x5000, 4,
    0x6000, 5, 0x7800, 4, 0x7000, 5, 0x7800, 8,
    0x6000, 2, 0x7800, 8, 0x18C5, 74, 0x7062, 1,
    0x4841, 5, 0x6000, 1, 0x4841, 1, 0x6000, 6,
    0x2000, 4, 0x3000, 6, 0x4800, 3, 0x6000, 6,
    0x5000, 4, 0x7000, 6, 0x5000, 3, 0x6000, 5,
    0x7000, 1, 0x7800, 2, 0x18C5, 71, 0x7125, 3,
    0x7062, 4, 0x6000, 10, 0x7000, 1, 0x7800, 2,
    0x7062, 2, 0x8986, 2, 0x2000, 4, 0x3000, 3,
    0x4800, 3, 0x3000, 6, 0x5000, 5, 0x4800, 1,
    0x3000, 3, 0x5000, 6, 0x7000, 2, 0x18C5, 68,
    0x7125, 10, 0x7062, 1, 0x6000, 7, 0x7000, 3,
    0x7800, 1, 0x7062, 5, 0x8986, 5, 0x7062, 1,
    0x8986, 2, 0x632D, 1, 0x8986, 1, 0x2000, 7,
    0x3000, 4, 0x2000, 3, 0x8000, 2, 0x5000, 1,
    0x3000, 3, 0x4800, 1, 0x6000, 2, 0x18C5, 65,
    0x9083, 1, 0x4A6A, 3, 0x5AAB, 3, 0x4A6A, 4,
    0x7062, 3, 0x6000, 5, 0x7000, 4, 0x7800, 4,
    0x7062, 3, 0x7800, 1, 0x7062, 1, 0x7800, 3,
    0x7062, 4, 0x8986, 3, 0x7062, 4, 0x7800, 2,
    0x7000, 1, 0x8800, 2, 0x8000, 3, 0x8800, 1,
    0x5000, 3, 0x3000, 3, 0x4800, 2, 0x18C5, 63,
    0x7062, 1, 0x4A6A, 3, 0x52CC, 3, 0x5AAB, 1,
    0x52CC, 2, 0x4A6A, 2, 0x49E9, 2, 0x6000, 4,
    0x7000, 7, 0x7800, 13, 0x7062, 4, 0x7800, 1,
    0x7062, 2, 0x7800, 3, 0x7000, 1, 0x8800, 1,
    0x8000, 3, 0x7062, 1, 0x9083, 2, 0x4841, 3,
    0x3000, 6, 0x18C5, 58, 0x8000, 3, 0x2926, 1,
    0x3186, 2, 0x5000, 2, 0x3000, 1, 0x4800, 4,
    0x8000, 3, 0x7000, 1, 0x8A88, 1, 0x7800, 1,
    0x3186, 1, 0x52CC, 3, 0x7411, 3, 0x7000, 4,
    0x7800, 6, 0x7000, 1, 0x7800, 16, 0x8000, 3,
    0x8800, 1, 0x9083, 1, 0x8986, 2, 0x50E5, 1,
    0x4841, 2, 0x3800, 2, 0x3000, 1, 0x20A3, 2,
    0x2000, 1, 0x3000, 1, 0x18C5, 54, 0x7800, 9,
    0x3000, 2, 0x4A6A, 1, 0x3186, 2, 0x4A6A, 1,
    0x5AAB, 1, 0x6000, 4, 0x4800, 1, 0x5000, 2,
    0x4800, 2, 0x7800, 2, 0x8A88, 1, 0x10A3, 1,
    0x3186, 1, 0x7411, 2, 0x6B8E, 1, 0x7411, 4,
    0x7000, 6, 0x7800, 10, 0x7000, 1, 0x7800, 1,
    0x8000, 1, 0x8800, 1, 0x7062, 1, 0x8986, 2,
    0x632D, 3, 0x50E5, 1, 0x4841, 2, 0x3800, 3,
    0x20A3, 2, 0x49E9, 1, 0x3186, 1, 0x6000, 1,
    0x18C5, 52, 0x7800, 1, 0x8000, 2, 0x8800, 4,
    0x10A3, 2, 0x6B8E, 3, 0x8986, 1, 0x6B8E, 1,
    0x632D, 1, 0x7411, 2, 0xB4EC, 2, 0x52CC, 2,
    0x2125, 1, 0x20A3, 1, 0x2125, 2, 0x5000, 3,
    0x3800, 4, 0x7000, 2, 0x8A88, 1, 0x2125, 1,
    0x52CC, 1, 0x6B8E, 5, 0x2926, 1, 0x7411, 1,
    0x8CD3, 2, 0x7000, 8, 0x7800, 1, 0x8000, 1,
    0x7800, 1, 0x9083, 1, 0x8986, 1, 0x632D, 5,
    0x50E5, 3, 0x20A3, 1, 0x3800, 2, 0x20A3, 2,
    0x49E9, 3, 0x6000, 1, 0x18C5, 50, 0x8800, 6,
    0x9083, 1, 0x20E5, 1, 0x7411, 4, 0x8986, 3,
    0x632D, 2, 0xB4EC, 3, 0x6B8E, 2, 0xB4EC, 4,
    0x20E5, 1, 0x20A3, 1, 0x7000, 2, 0x6000, 2,
    0x5000, 3, 0x3800, 2, 0x7000, 7, 0x6000, 10,
    0x8000, 1, 0x7800, 3, 0x8986, 1, 0x632D, 2,
    0x6B8E, 2, 0x632D, 2, 0x50E5, 3, 0x20A3, 2,
    0x20E5, 1, 0x20A3, 2, 0x49E9, 2, 0x8A88, 2,
    0x49E9, 1, 0x18C5, 48, 0x7800, 2, 0x7062, 1,
    0x8986, 5, 0x7125, 1, 0x2926, 2, 0x52CC, 1,
    0x632D, 2, 0x6B8E, 1, 0x9C4A, 2, 0x8C0C, 1,
    0x4A6A, 2, 0x632D, 2, 0x52CC, 2, 0x8986, 2,
    0x4A6A, 2, 0x7062, 1, 0x7000, 5, 0x6000, 4,
    0x4800, 2, 0x5000, 1, 0x7800, 2, 0x7000, 3,
    0x6B8E, 1, 0x7000, 1, 0x6B8E, 1, 0x7062, 1,
    0x632D, 1, 0x6000, 5, 0x7800, 2, 0x9083, 2,
    0x6B8E, 3, 0x632D, 2, 0x39E9, 1, 0x50E5, 2,
    0x4841, 2, 0x20A3, 1, 0x20E5, 3, 0x49E9, 2,
    0x8A88, 4, 0x18C5, 47, 0x7800, 2, 0x7062, 1,
    0x8986, 4, 0x39E9, 2, 0x6B8E, 4, 0xB4EC, 2,
    0x9C4A, 3, 0x8C0C, 2, 0x9C4A, 5, 0x4A6A, 1,
    0x5AAB, 3, 0x7800, 2, 0x7000, 8, 0x6000, 1,
    0x7800, 1, 0x8A88, 1, 0x6B8E, 1, 0x7800, 3,
    0x6B8E, 2, 0x20E5, 1, 0x6B8E, 1, 0x2125, 1,
    0x632D, 1, 0x20E5, 1, 0x6000, 2, 0x7000, 1,
    0x7800, 1, 0x9083, 2, 0x7411, 4, 0x6B8E, 1,
    0x632D, 1, 0x39E9, 2, 0x20A3, 2, 0x10A3, 3,
    0x20A3, 1, 0x20E5, 1, 0x8A88, 1, 0x49E9, 1,
    0x8A88, 5, 0x18C5, 45, 0x7800, 2, 0x8986, 6,
    0x39E9, 2, 0x6B8E, 3, 0x52CC, 1, 0x5AAB, 2,
    0x632D, 1, 0xB4EC, 1, 0x8C0C, 1, 0x52CC, 2,
    0x5AAB, 1, 0x632D, 2, 0x9C4A, 2, 0x52CC, 1,
    0x5AAB, 1, 0x49E9, 1, 0x7062, 2, 0x6000, 2,
    0x7000, 7, 0x7800, 2, 0x8986, 1, 0x8A88, 1,
    0x20E5, 1, 0x3800, 1, 0x20A3, 1, 0x6B8E, 1,
    0x4A6A, 2, 0x6B8E, 1, 0x52CC, 1, 0x632D, 2,
    0x52CC, 1, 0x10A3, 1, 0x6000, 1, 0x8986, 2,
    0x6B8E, 2, 0x7411, 2, 0x6B8E, 2, 0x49E9, 2,
    0x39E9, 1, 0x20A3, 3, 0x3186, 1, 0x10A3, 2,
    0x9C4A, 2, 0x8A88, 6, 0x9C4A, 1, 0x18C5, 44,
    0x7800, 2, 0x8986, 3, 0x632D, 3, 0x39E9, 1,
    0x6B8E, 3, 0x632D, 2, 0x4A6A, 1, 0x632D, 2,
    0x9C4A, 2, 0x8C0C, 1, 0x39E9, 2, 0x632D, 2,
    0x9C4A, 2, 0x52CC, 1, 0x49E9, 2, 0x7125, 2,
    0x7062, 2, 0x6000, 5, 0x7000, 2, 0x7800, 1,
    0x8986, 3, 0x20E5, 2, 0x7411, 1, 0x10A3, 1,
    0x4841, 1, 0x20E5, 1, 0x7411, 2, 0x8CD3, 1,
    0x7411, 1, 0x6B8E, 1, 0x52CC, 1, 0x20A3, 1,
    0x2926, 1, 0x6B8E, 7, 0x49E9, 2, 0x3186, 2,
    0x20A3, 2, 0x3186, 3, 0x9C4A, 3, 0x8A88, 6,
    0x8C0C, 1, 0x18C5, 43, 0x9083, 1, 0x6B8E, 4,
    0x8A88, 3, 0x10A3, 1, 0x632D, 3, 0x5AAB, 3,
    0x4A6A, 1, 0x632D, 1, 0x9C4A, 1, 0x8C0C, 4,
    0x9C4A, 3, 0x4A6A, 2, 0x49E9, 2, 0x7125, 6,
    0x6000, 4, 0x8800, 1, 0x8986, 3, 0x20E5, 2,
    0x7411, 4, 0x20A3, 2, 0x7411, 4, 0x20A3, 1,
    0x2125, 1, 0x6B8E, 6, 0x632D, 1, 0x39E9, 3,
    0x50E5, 2, 0x20E5, 1, 0x20A3, 1, 0x3186, 1,
    0x4A6A, 1, 0x8C0C, 2, 0x9C4A, 3, 0x8A88, 4,
    0x9C4A, 1, 0x8C0C, 2, 0x18C5, 41, 0x0862, 1,
    0x18C5, 1, 0x0862, 2, 0x1927, 2, 0x6B8E, 2,
    0x8986, 2, 0x6B8E, 8, 0x632D, 2, 0x4A6A, 3,
    0x5AAB, 5, 0x49E9, 4, 0x7125, 3, 0x50E5, 2,
    0x4841, 1, 0x6000, 2, 0x9083, 1, 0x3186, 2,
    0x20E5, 3, 0x7411, 2, 0x8CD3, 2, 0x7411, 1,
    0x52CC, 1, 0x2926, 1, 0x52CC, 1, 0x632D, 1,
    0x7411, 1, 0x20A3, 2, 0x6B8E, 1, 0x632D, 1,
    0x6B8E, 4, 0x4A6A, 1, 0x39E9, 1, 0x4A6A, 1,
    0x6B2C, 1, 0x5AAB, 1, 0x20E5, 1, 0x3186, 1,
    0x20E5, 1, 0x4A6A, 2, 0x8C0C, 2, 0x9C4A, 3,
    0x8A88, 4, 0x9C4A, 1, 0x8A88, 1, 0x8C0C, 1,
    0x7125, 1, 0x18C5, 41, 0x10A3, 1, 0x1927, 1,
    0x3189, 3, 0x1927, 3, 0x3189, 5, 0x1927, 4,
    0x3189, 1, 0x5AAB, 2, 0x632D, 5, 0x8986, 2,
    0x49E9, 2, 0x7125, 2, 0x50E5, 2, 0x49E9, 1,
    0x50E5, 3, 0x6000, 2, 0x8986, 1, 0x3186, 1,
    0x20E5, 3, 0x8CD3, 7, 0x6B8E, 1, 0x2125, 1,
    0x2926, 1, 0x632D, 1, 0x20A3, 2, 0x632D, 1,
    0x5AAB, 1, 0x6B8E, 4, 0x632D, 1, 0x39E9, 2,
    0x4A6A, 1, 0x8C0C, 2, 0x6B2C, 1, 0x20E5, 2,
    0x5AAB, 1, 0x8C0C, 1, 0x9C4A, 5, 0x8A88, 4,
    0x9C4A, 2, 0x8986, 2, 0x18C5, 40, 0x3189, 9,
    0x416A, 12, 0x498A, 3, 0x416A, 3, 0x50E5, 1,
    0x5AAB, 2, 0x7125, 2, 0x5AAB, 3, 0x7125, 3,
    0x6000, 1, 0x8C0C, 1, 0x3186, 1, 0x10A3, 1,
    0x20E5, 1, 0x8CD3, 9, 0x6B8E, 1, 0x2926, 2,
    0x4A6A, 1, 0x52CC, 1, 0x4A6A, 1, 0x632D, 1,
    0x6B8E, 3, 0x632D, 2, 0x5AAB, 1, 0x39E9, 1,
    0x4A6A, 2, 0x8C0C, 2, 0x6B2C, 1, 0x39E9, 1,
    0x3186, 1, 0x8C0C, 1, 0x9C4A, 6, 0x8A88, 2,
    0x9C4A, 3, 0x8A88, 1, 0x8986, 2, 0x18C5, 40,
    0x3189, 8, 0x498A, 18, 0x416A, 1, 0x498A, 2,
    0x416A, 5, 0x3189, 1, 0x6000, 1, 0x7062, 1,
    0x6000, 1, 0x8A88, 1, 0x8986, 2, 0x7411, 1,
    0x8CD3, 9, 0x7411, 2, 0x632D, 1, 0x20A3, 3,
    0x8A88, 1, 0x632D, 1, 0x6B8E, 2, 0x632D, 2,
    0x52CC, 1, 0x39E9, 2, 0x4A6A, 2, 0x8C0C, 3,
    0xB4EC, 1, 0x6B2C, 2, 0x9C4A, 5, 0x8A88, 1,
    0x9C4A, 5, 0x8C0C, 1, 0x8986, 1, 0x9C4A, 1,
    0x18C5, 39, 0x3189, 9, 0x498A, 16, 0x416A, 13,
    0x9083, 1, 0x8986, 1, 0x8C0C, 1, 0x3186, 1,
    0x7411, 1, 0x8CD3, 5, 0x7411, 1, 0x8CD3, 1,
    0x7411, 4, 0x632D, 1, 0x4841, 1, 0x20A3, 1,
    0x8986, 1, 0x8A88, 1, 0x6B8E, 1, 0x632D, 3,
    0x5AAB, 1, 0x4A6A, 2, 0x39E9, 1, 0x4A6A, 1,
    0x8C0C, 2, 0xB4EC, 1, 0xD5ED, 1, 0xB4EC, 4,
    0x9C4A, 3, 0x8A88, 2, 0x9C4A, 5, 0x8A88, 1,
    0x9C4A, 1, 0x5AAB, 1, 0x18C5, 38, 0x3189, 9,
    0x498A, 16, 0x416A, 1, 0x3189, 1, 0x1927, 4,
    0x416A, 8, 0x3189, 1, 0x8A88, 1, 0x8C0C, 1,
    0x3186, 1, 0x52CC, 1, 0x8CD3, 3, 0x7411, 8,
    0x6B8E, 1, 0x52CC, 1, 0x7062, 1, 0x5AAB, 1,
    0x52CC, 1, 0x632D, 2, 0x6B8E, 1, 0x52CC, 1,
    0x5AAB, 2, 0x39E9, 1, 0x4A6A, 1, 0x8C0C, 2,
    0xD5ED, 1, 0xB4EC, 1, 0xD5ED, 2, 0xB4EC, 2,
    0x9C4A, 11, 0x8A88, 2, 0xB4EC, 1, 0x18C5, 38,
    0x3189, 9, 0x498A, 17, 0x416A, 6, 0x3189, 1,
    0x416A, 7, 0x8C0C, 1, 0x8A88, 1, 0x3186, 1,
    0x6B8E, 1, 0x8CD3, 4, 0x7411, 8, 0x3186, 1,
    0x7062, 1, 0x8A88, 1, 0x6B8E, 4, 0x632D, 1,
    0x5AAB, 2, 0x4A6A, 2, 0x8C0C, 1, 0xB4EC, 1,
    0xD5ED, 3, 0xB4EC, 3, 0xD5ED, 3, 0x18C5, 2,
    0x9C4A, 4, 0x8A88, 1, 0x9C4A, 1, 0x5AAB, 1,
    0x6B2C, 1, 0x9C4A, 1, 0x18C5, 37, 0x1927, 1,
    0x3189, 9, 0x498A, 17, 0x416A, 14, 0xA001, 1,
    0x3186, 2, 0x7411, 1, 0x8CD3, 2, 0x7411, 10,
    0x39E9, 1, 0x632D, 4, 0x6B8E, 1, 0x632D, 2,
    0x52CC, 3, 0xF6CE, 5, 0xD5ED, 6, 0x18C5, 6,
    0x8A88, 1, 0x3186, 1, 0x5AAB, 2, 0x7125, 1,
    0x8A88, 1, 0x18C5, 37, 0x3189, 9, 0x498A, 17,
    0x416A, 14, 0x3189, 1, 0x8986, 1, 0x632D, 1,
    0x3186, 1, 0x6B8E, 1, 0x7411, 10, 0x52CC, 1,
    0x39E9, 1, 0x6B8E, 1, 0x632D, 1, 0x4A6A, 1,
    0x6B8E, 4, 0x632D, 3, 0x8CD3, 1, 0xF6CE, 5,
    0xD5ED, 6, 0x18C5, 8, 0x3186, 1, 0x9C4A, 1,
    0x8A88, 1, 0x7062, 1, 0x18C5, 36, 0x1927, 1,
    0x3189, 9, 0x498A, 17, 0x416A, 14, 0x3189, 1,
    0x9083, 1, 0x8C0C, 1, 0x52CC, 1, 0x7411, 10,
    0x52CC, 1, 0x39E9, 1, 0x6B8E, 1, 0x632D, 1,
    0x52CC, 1, 0x6B8E, 3, 0x632D, 1, 0x6B8E, 2,
    0x8CD3, 2, 0xF6CE, 4, 0xD5ED, 7, 0x18C5, 9,
    0x3000, 1, 0x5AAB, 1, 0x8A88, 1, 0x6B8E, 1,
    0x18C5, 36, 0x1927, 1, 0x3189, 8, 0x498A, 18,
    0x416A, 14, 0x3189, 1, 0x8A88, 1, 0x6B8E, 1,
    0x3186, 1, 0x6B8E, 1, 0x7411, 4, 0x8CD3, 3,
    0x632D, 4, 0x5AAB, 1, 0x4A6A, 1, 0x6B8E, 2,
    0x632D, 1, 0x6B8E, 3, 0x8CD3, 2, 0xF6CE, 6,
    0xD5ED, 5, 0x0862, 1, 0x10A3, 1, 0x2125, 1,
    0x18C5, 7, 0x3000, 1, 0x5AAB, 1, 0x9C4A, 1,
    0x5AAB, 1, 0x18C5, 35, 0x10A3, 1, 0x1927, 1,
    0x3189, 8, 0x498A, 18, 0x2125, 1, 0x5AAB, 1,
    0x416A, 12, 0x3189, 1, 0x416A, 1, 0x8A88, 1,
    0x3186, 1, 0x7411, 5, 0x8CD3, 1, 0x7411, 3,
    0x2125, 1, 0x5AAB, 1, 0x4A6A, 1, 0x52CC, 1,
    0x6B8E, 5, 0x8CD3, 3, 0xF6CE, 7, 0xD5ED, 5,
    0x0862, 1, 0x39E9, 2, 0x8986, 1, 0x3186, 1,
    0x18C5, 5, 0x3000, 1, 0x5AAB, 2, 0x3186, 1,
    0x18C5, 34, 0x10A3, 2, 0x3189, 9, 0x498A, 17,
    0x416A, 14, 0x3189, 2, 0x416A, 1, 0x8986, 1,
    0x3186, 1, 0x52CC, 1, 0x7411, 6, 0x2125, 1,
    0x10A3, 1, 0x5AAB, 1, 0x4A6A, 1, 0x6B8E, 6,
    0x8CD3, 1, 0x7411, 1, 0x8CD3, 2, 0xF6CE, 5,
    0xD5ED, 6, 0x0862, 2, 0x7125, 1, 0x3186, 1,
    0x7125, 4, 0x0862, 1, 0x18C5, 2, 0x7000, 1,
    0x8A88, 2, 0x18C5, 33, 0x6B8E, 2, 0x10A3, 1,
    0x1927, 1, 0x3189, 8, 0x498A, 18, 0x416A, 14,
    0x3189, 2, 0x416A, 1, 0x8986, 1, 0x2125, 1,
    0x7411, 5, 0x2125, 2, 0x4A6A, 1, 0x39E9, 1,
    0x4A6A, 1, 0x632D, 2, 0x6B8E, 4, 0x8CD3, 2,
    0x7411, 1, 0x8CD3, 3, 0xF6CE, 1, 0xD5ED, 1,
    0xF6CE, 3, 0xD5ED, 4, 0x0862, 2, 0x7125, 1,
    0x3186, 1, 0x2926, 1, 0x20A3, 1, 0x7125, 1,
    0x3186, 1, 0x8986, 1, 0x2125, 1, 0x18C5, 2,
    0x7800, 1, 0x3186, 2, 0x18C5, 31, 0x6B8E, 1,
    0x632D, 1, 0x7000, 1, 0x8986, 4, 0x18C5, 1,
    0x1927, 6, 0x498A, 18, 0x416A, 14, 0x3189, 2,
    0x416A, 1, 0x8986, 1, 0x2125, 1, 0x3186, 1,
    0x6B8E, 1, 0x7411, 1, 0x52CC, 1, 0x3186, 1,
    0x5AAB, 1, 0x4A6A, 1, 0x7125, 1, 0x39E9, 1,
    0x632D, 1, 0x5AAB, 4, 0x8CD3, 5, 0xF6CE, 1,
    0x8CD3, 1, 0xF6CE, 1, 0x8CD3, 1, 0xD5ED, 1,
    0xF6CE, 1, 0xD5ED, 5, 0x0862, 2, 0x7125, 1,
    0x8986, 1, 0x2125, 2, 0x0862, 1, 0x20A3, 2,
    0x8986, 2, 0x18C5, 2, 0x7800, 1, 0x3186, 1,
    0x18C5, 31, 0xA001, 1, 0x7000, 1, 0x8986, 1,
    0x20A3, 1, 0x7800, 2, 0x20E5, 1, 0x4800, 2,
    0x8986, 2, 0x7000, 3, 0x3189, 9, 0x498A, 9,
    0x416A, 15, 0x3189, 1, 0x416A, 2, 0x7125, 1,
    0x20E5, 2, 0x3186, 1, 0x52CC, 1, 0x8A88, 2,
    0x49E9, 1, 0x39E9, 1, 0x632D, 1, 0x52CC, 1,
    0x5AAB, 3, 0x52CC, 1, 0x8CD3, 5, 0xF6CE, 12,
    0x0862, 1, 0x2926, 1, 0x7125, 1, 0x3186, 1,
    0x0862, 1, 0x20A3, 1, 0x2125, 1, 0x10A3, 1,
    0x20A3, 1, 0x3186, 1, 0x8986, 1, 0x18C5, 2,
    0x7800, 1, 0x3186, 1, 0x18C5, 29, 0x7000, 1,
    0x8986, 2, 0x3000, 1, 0x8800, 1, 0x632D, 1,
    0x8986, 1, 0x632D, 2, 0x5AAB, 1, 0x8A88, 1,
    0x4A6A, 3, 0x10A3, 1, 0x20A3, 2, 0x3000, 1,
    0x8986, 2, 0x7000, 4, 0x3189, 3, 0x416A, 21,
    0x3189, 2, 0x416A, 2, 0x7125, 1, 0x2125, 1,
    0x20E5, 1, 0x8986, 1, 0x7125, 1, 0x5AAB, 1,
    0x49E9, 1, 0x39E9, 1, 0x632D, 2, 0x5AAB, 2,
    0x52CC, 1, 0x7411, 1, 0x8CD3, 1, 0x7411, 1,
    0x8CD3, 2, 0xF6CE, 14, 0x10A3, 1, 0x7125, 2,
    0x20A3, 1, 0x2125, 2, 0x5AAB, 1, 0x2125, 3,
    0x7125, 1, 0x18C5, 2, 0x7000, 1, 0x18C5, 27,
    0x6B8E, 1, 0x7000, 1, 0x8986, 1, 0x2000, 2,
    0x7000, 1, 0x5AAB, 5, 0x8A88, 2, 0x632D, 7,
    0x5AAB, 1, 0x20A3, 6, 0x8986, 4, 0x7000, 5,
    0x6000, 1, 0x2125, 1, 0x3189, 3, 0x416A, 10,
    0x3189, 2, 0x416A, 3, 0x52CC, 1, 0x39E9, 1,
    0x5AAB, 2, 0x39E9, 1, 0x4A6A, 1, 0x632D, 2,
    0x5AAB, 1, 0x52CC, 2, 0x8CD3, 3, 0xF6CE, 1,
    0x7411, 1, 0x8CD3, 1, 0xF6CE, 4, 0x7411, 1,
    0xF6CE, 4, 0xB4EC, 1, 0xF6CE, 4, 0x3186, 1,
    0x7125, 1, 0x2125, 2, 0x5AAB, 2, 0x3186, 1,
    0x5AAB, 1, 0x2125, 1, 0x20A3, 1, 0x3186, 1,
    0x2926, 1, 0x18C5, 1, 0x4841, 1, 0x18C5, 25,
    0xA001, 1, 0x6000, 1, 0x8986, 2, 0x2000, 1,
    0x7062, 2, 0x632D, 1, 0x5AAB, 7, 0x8A88, 1,
    0x632D, 1, 0x6B8E, 12, 0x4A6A, 4, 0x10A3, 1,
    0x20A3, 3, 0x2125, 1, 0x10A3, 5, 0x8986, 11,
    0x7000, 1, 0x18C5, 2, 0x416A, 1, 0x39E9, 1,
    0x5AAB, 1, 0x4A6A, 1, 0x39E9, 1, 0x632D, 1,
    0x6B8E, 1, 0x5AAB, 2, 0x52CC, 1, 0x8CD3, 3,
    0xF6CE, 3, 0x6B8E, 1, 0x7411, 1, 0xF6CE, 3,
    0x7411, 2, 0x39E9, 1, 0xF6CE, 3, 0xB4EC, 1,
    0xF6CE, 3, 0x20E5, 1, 0x3186, 1, 0x7125, 1,
    0x0862, 1, 0x2125, 1, 0x3186, 1, 0x0862, 1,
    0x3800, 1, 0x3186, 2, 0x20A3, 1, 0x2125, 1,
    0x3186, 1, 0x18C5, 24, 0x8CD3, 1, 0xA001, 1,
    0x6000, 1, 0x8986, 2, 0x2000, 2, 0x7125, 1,
    0x6B8E, 2, 0x5AAB, 6, 0x632D, 4, 0x6B8E, 1,
    0x632D, 2, 0x6B8E, 2, 0x7411, 1, 0x6B8E, 5,
    0x632D, 1, 0x6B8E, 8, 0x5AAB, 3, 0x632D, 3,
    0x6B8E, 1, 0x632D, 3, 0x8000, 2, 0x7800, 1,
    0x6000, 2, 0x2000, 2, 0x8986, 1, 0x7000, 1,
    0x7125, 2, 0x4A6A, 3, 0x632D, 3, 0x5AAB, 2,
    0x7411, 1, 0x8CD3, 1, 0xF6CE, 5, 0x6B8E, 2,
    0xF6CE, 3, 0x2125, 2, 0x39E9, 1, 0xF6CE, 3,
    0xB4EC, 1, 0xF6CE, 3, 0x20E5, 1, 0x3186, 2,
    0x20A3, 1, 0x49E9, 1, 0x3800, 1, 0x20A3, 2,
    0x3800, 1, 0x10A3, 1, 0x2125, 2, 0x39E9, 1,
    0x18C5, 22, 0x8CD3, 1, 0x7411, 1, 0xA001, 1,
    0x8986, 2, 0x2000, 2, 0x2125, 1, 0x632D, 2,
    0x9C4A, 3, 0x632D, 2, 0x4A6A, 3, 0x6B8E, 1,
    0x7411, 1, 0xB4EC, 6, 0x6B8E, 2, 0xB4EC, 5,
    0x9C4A, 2, 0x7411, 1, 0x632D, 1, 0x6B8E, 2,
    0x632D, 4, 0x6B8E, 4, 0x632D, 3, 0x8986, 3,
    0x7800, 1, 0x10A3, 2, 0x8986, 2, 0x50E5, 1,
    0x7125, 3, 0x49E9, 1, 0x632D, 1, 0x4A6A, 1,
    0x6B8E, 1, 0x632D, 4, 0x8CD3, 1, 0x7411, 1,
    0xF6CE, 6, 0x6B8E, 1, 0x9C4A, 1, 0xF6CE, 3,
    0xB4EC, 1, 0xF6CE, 1, 0x39E9, 1, 0xF6CE, 1,
    0xD5ED, 1, 0xF6CE, 1, 0xB4EC, 1, 0xF6CE, 3,
    0x2125, 1, 0x8986, 1, 0x20A3, 1, 0x2125, 1,
    0x0862, 1, 0x20A3, 4, 0x0862, 1, 0x2125, 1,
    0x20A3, 1, 0x39E9, 1, 0x18C5, 20, 0x8CD3, 1,
    0x7411, 1, 0x9083, 1, 0x6000, 1, 0x8986, 1,
    0x2000, 2, 0x7062, 2, 0x52CC, 1, 0x9C4A, 3,
    0x8C0C, 1, 0x9C4A, 1, 0x6B2C, 1, 0x9C4A, 2,
    0x6B2C, 1, 0x6B8E, 1, 0x4A6A, 1, 0x52CC, 2,
    0x632D, 4, 0x6B8E, 1, 0xB4EC, 3, 0x632D, 4,
    0x6B8E, 2, 0x9C4A, 3, 0x632D, 4, 0x6B8E, 2,
    0x632D, 2, 0x8986, 3, 0x632D, 2, 0x7800, 1,
    0x2000, 2, 0x8986, 1, 0x7000, 1, 0x50E5, 3,
    0x49E9, 3, 0x52CC, 1, 0x632D, 1, 0x6B8E, 2,
    0x8C0C, 1, 0x5AAB, 1, 0x8CD3, 4, 0xF6CE, 3,
    0x8CD3, 1, 0xF6CE, 3, 0x9C4A, 1, 0xF6CE, 4,
    0xB4EC, 1, 0xD5ED, 1, 0xF6CE, 1, 0xB4EC, 1,
    0xD5ED, 1, 0x6B2C, 1, 0xF6CE, 3, 0x3186, 1,
    0x7125, 1, 0x0862, 1, 0x5AAB, 1, 0x3800, 1,
    0x20A3, 1, 0x0862, 1, 0x20A3, 1, 0x10A3, 1,
    0x20A3, 1, 0x2125, 1, 0x20A3, 1, 0x39E9, 1,
    0x2125, 1, 0x18C5, 17, 0xD5ED, 1, 0x7411, 1,
    0x9083, 1, 0x7062, 1, 0x7125, 2, 0x2000, 1,
    0x3189, 1, 0x39E9, 1, 0x9C4A, 1, 0x632D, 2,
    0x9C4A, 2, 0x39E9, 1, 0x8C0C, 2, 0x5000, 1,
    0x4A6A, 1, 0x9C4A, 1, 0x8986, 2, 0x632D, 2,
    0xB4EC, 2, 0x632D, 1, 0x52CC, 1, 0x632D, 5,
    0x6B8E, 3, 0xB4EC, 2, 0x6B8E, 2, 0xB4EC, 4,
    0x6B8E, 3, 0x632D, 2, 0x8986, 4, 0x7800, 1,
    0x2000, 2, 0x8986, 1, 0x39E9, 1, 0x4841, 1,
    0x50E5, 1, 0x49E9, 4, 0x52CC, 2, 0x6B8E, 1,
    0x632D, 2, 0x8C0C, 1, 0x5AAB, 1, 0x8CD3, 5,
    0x7411, 1, 0x8CD3, 2, 0x6B8E, 1, 0x632D, 1,
    0xF6CE, 2, 0x9C4A, 1, 0xF6CE, 5, 0xD5ED, 1,
    0xB4EC, 2, 0x7411, 1, 0x6B2C, 1, 0xF6CE, 2,
    0xD5ED, 1, 0x2926, 2, 0x2125, 1, 0x3186, 1,
    0x20A3, 2, 0x0862, 1, 0x10A3, 1, 0x0862, 1,
    0x20A3, 1, 0x5AAB, 1, 0x20A3, 1, 0x6B8E, 1,
    0x2125, 1, 0x18C5, 15, 0xF6CE, 1, 0x7411, 2,
    0x8986, 1, 0x9083, 1, 0x5000, 1, 0x7125, 1,
    0x2000, 1, 0x20E5, 2, 0x8C0C, 6, 0x50E5, 1,
    0x8C0C, 4, 0xB4EC, 1, 0x2125, 1, 0x8C0C, 2,
    0xB4EC, 2, 0x4A6A, 3, 0xB4EC, 1, 0x6B8E, 2,
    0x632D, 6, 0x52CC, 1, 0x632D, 2, 0x52CC, 1,
    0xB4EC, 3, 0x7411, 1, 0x6B8E, 1, 0x632D, 2,
    0x4A6A, 2, 0x632D, 1, 0x8000, 2, 0x0862, 1,
    0x8986, 1, 0x4841, 2, 0x39E9, 1, 0x49E9, 3,
    0x52CC, 3, 0x6B8E, 1, 0x632D, 2, 0x6B8E, 1,
    0x632D, 1, 0x8CD3, 6, 0x7411, 3, 0x6B8E, 2,
    0x3186, 1, 0x8CD3, 1, 0xF6CE, 1, 0xB4EC, 1,
    0x8CD3, 1, 0xF6CE, 1, 0xD5ED, 2, 0xF6CE, 1,
    0xD5ED, 2, 0xF6CE, 1, 0x7411, 1, 0x9C4A, 1,
    0xF6CE, 1, 0xD5ED, 1, 0x10A3, 1, 0x2926, 1,
    0x20A3, 1, 0x2125, 1, 0x10A3, 2, 0x20A3, 1,
    0x10A3, 2, 0x20A3, 2, 0x2125, 1, 0x20A3, 1,
    0x39E9, 1, 0x2125, 1, 0x18C5, 15, 0x6B8E, 2,
    0x8986, 2, 0x5000, 1, 0x7125, 1, 0x2000, 1,
    0x5000, 2, 0x52CC, 1, 0x8C0C, 2, 0x8A88, 1,
    0x6B2C, 2, 0x5000, 1, 0x7125, 1, 0x3186, 1,
    0x39E9, 1, 0x49E9, 1, 0x8C0C, 2, 0xB4EC, 1,
    0x5AAB, 1, 0xB4EC, 7, 0x4A6A, 2, 0x6B8E, 1,
    0xB4EC, 2, 0x6B8E, 3, 0x52CC, 1, 0x4A6A, 2,
    0xB4EC, 1, 0x8C0C, 1, 0xB4EC, 6, 0x7411, 2,
    0x20E5, 1, 0x2000, 1, 0x8986, 1, 0x4841, 1,
    0x50E5, 1, 0x39E9, 3, 0x4A6A, 2, 0x52CC, 3,
    0x6B8E, 1, 0x632D, 1, 0x6B8E, 1, 0x632D, 2,
    0x8CD3, 7, 0x7411, 1, 0xD5ED, 1, 0x7411, 1,
    0xF6CE, 1, 0x9C4A, 1, 0x3186, 1, 0xF6CE, 1,
    0xD5ED, 2, 0x7411, 1, 0xF6CE, 1, 0x9C4A, 2,
    0xD5ED, 2, 0x3189, 1, 0x2125, 1, 0x0000, 1,
    0x9C4A, 1, 0xD5ED, 2, 0x20E5, 1, 0x3186, 1,
    0x20A3, 1, 0x2125, 1, 0x3800, 1, 0x0862, 1,
    0x10A3, 1, 0x20A3, 2, 0x10A3, 1, 0x6000, 1,
    0x7125, 1, 0x20A3, 1, 0x6B8E, 1, 0x2125, 1,
    0x18C5, 14, 0x6B8E, 1, 0x7411, 1, 0x632D, 1,
    0x8986, 1, 0x5000, 1, 0x7125, 1, 0x2000, 1,
    0x5000, 1, 0x6000, 1, 0x4A6A, 1, 0x52CC, 2,
    0x8C0C, 1, 0x8A88, 2, 0x39E9, 1, 0x9C4A, 1,
    0x6B2C, 1, 0x8C0C, 2, 0x39E9, 1, 0x4841, 2,
    0x4A6A, 1, 0x39E9, 1, 0x50E5, 1, 0x8C0C, 1,
    0x20E5, 1, 0x8C0C, 1, 0x9C4A, 1, 0x8C0C, 1,
    0x6B2C, 1, 0xB4EC, 3, 0x52CC, 1, 0xB4EC, 2,
    0x9C4A, 1, 0x8C0C, 2, 0x9C4A, 1, 0x8C0C, 2,
    0x4841, 1, 0x4A6A, 1, 0xB4EC, 1, 0x9C4A, 1,
    0x2125, 2, 0x52CC, 2, 0x0862, 1, 0x8986, 1,
    0x4841, 2, 0x39E9, 3, 0x4A6A, 5, 0x52CC, 1,
    0x632D, 2, 0x7411, 1, 0x6B8E, 1, 0x8CD3, 9,
    0x7411, 1, 0xF6CE, 3, 0x8CD3, 1, 0x7411, 1,
    0xD5ED, 3, 0x3186, 1, 0xF6CE, 1, 0x9C4A, 1,
    0xD5ED, 1, 0x7411, 1, 0x39E9, 1, 0x3189, 1,
    0x20A3, 1, 0x9C4A, 1, 0xF6CE, 1, 0xD5ED, 2,
    0x10A3, 1, 0x3186, 1, 0x20A3, 1, 0x5AAB, 1,
    0x3800, 1, 0x20A3, 1, 0x0862, 2, 0x6000, 1,
    0x0862, 1, 0x6000, 1, 0x2125, 1, 0x20A3, 1,
    0x39E9, 1, 0x18C5, 14, 0x6B8E, 1, 0x632D, 1,
    0x5AAB, 2, 0x8986, 1, 0x7125, 1, 0x2000, 1,
    0x6000, 2, 0x5AAB, 1, 0x39E9, 2, 0x4A6A, 1,
    0x8C0C, 1, 0x39E9, 1, 0x8A88, 1, 0x6B2C, 1,
    0x9C4A, 2, 0x4A6A, 1, 0x9C4A, 3, 0x8C0C, 1,
    0x4A6A, 3, 0x39E9, 2, 0x4A6A, 1, 0x9C4A, 1,
    0x39E9, 1, 0x8C0C, 1, 0x6B2C, 3, 0x8C0C, 1,
    0x6B2C, 2, 0x8C0C, 1, 0x4841, 1, 0x49E9, 1,
    0xB4EC, 1, 0x8C0C, 1, 0x4841, 1, 0xB4EC, 1,
    0x9C4A, 2, 0x52CC, 1, 0x7125, 1, 0x7800, 1,
    0x0862, 2, 0x7125, 1, 0x5000, 1, 0x3000, 3,
    0x52CC, 6, 0x6B8E, 1, 0x632D, 1, 0x52CC, 1,
    0x6B8E, 1, 0x632D, 1, 0x8CD3, 7, 0x7411, 1,
    0x8CD3, 1, 0x6B8E, 1, 0x7411, 1, 0xF6CE, 1,
    0xD5ED, 1, 0xB4EC, 1, 0xD5ED, 4, 0xF6CE, 1,
    0x3186, 1, 0xD5ED, 1, 0x8A88, 1, 0x9C4A, 1,
    0x39E9, 1, 0x20A3, 3, 0xF6CE, 1, 0xD5ED, 2,
    0x9C4A, 1, 0x2125, 1, 0x3186, 1, 0x20A3, 1,
    0x49E9, 1, 0x20A3, 2, 0x10A3, 1, 0x0862, 1,
    0x6000, 1, 0x10A3, 1, 0x20A3, 1, 0x5AAB, 1,
    0x20A3, 1, 0x39E9, 1, 0x18C5, 13, 0x52CC, 1,
    0x632D, 1, 0x5AAB, 3, 0x7125, 1, 0x2000, 2,
    0x5000, 1, 0x4A6A, 3, 0x39E9, 1, 0x8C0C, 3,
    0x5000, 1, 0x4841, 2, 0x39E9, 1, 0x8C0C, 3,
    0x9C4A, 1, 0x8C0C, 1, 0x4A6A, 2, 0x8C0C, 2,
    0x4A6A, 7, 0x8C0C, 1, 0x6B2C, 1, 0x4A6A, 1,
    0x8C0C, 1, 0x3186, 1, 0x39E9, 1, 0x3000, 1,
    0x39E9, 1, 0x9C4A, 5, 0x49E9, 1, 0x7000, 1,
    0x2000, 2, 0x7125, 1, 0x50E5, 4, 0x52CC, 6,
    0x632D, 2, 0x5AAB, 2, 0x4A6A, 1, 0x7411, 1,
    0x8CD3, 1, 0x7411, 1, 0x8CD3, 3, 0x7411, 1,
    0x8CD3, 1, 0x8A88, 2, 0x6B8E, 1, 0xF6CE, 2,
    0xD5ED, 1, 0xF6CE, 1, 0xD5ED, 3, 0x3186, 1,
    0x2125, 1, 0x3186, 1, 0x8C0C, 1, 0xA001, 1,
    0x9C4A, 1, 0x39E9, 1, 0xF6CE, 3, 0x9C4A, 4,
    0x2125, 1, 0x3186, 1, 0x2125, 1, 0x3186, 1,
    0x7000, 1, 0x20A3, 1, 0x0862, 2, 0x20A3, 3,
    0x2125, 1, 0x20A3, 1, 0x39E9, 1, 0x18C5, 12,
    0x3186, 1, 0x8986, 4, 0x7125, 1, 0x2000, 2,
    0x6000, 1, 0x7062, 1, 0x4A6A, 2, 0x7062, 1,
    0x39E9, 1, 0x8C0C, 2, 0x4A6A, 1, 0x4841, 2,
    0x5000, 1, 0x3800, 1, 0x4800, 2, 0x50E5, 1,
    0x39E9, 3, 0x6B2C, 1, 0x4A6A, 1, 0x8C0C, 2,
    0x9C4A, 1, 0x6B2C, 3, 0x4841, 2, 0x8A88, 2,
    0x50E5, 2, 0x5000, 1, 0x39E9, 1, 0x9C4A, 1,
    0x50E5, 1, 0x9C4A, 4, 0x4A6A, 1, 0x6000, 1,
    0x2000, 2, 0x7125, 1, 0x4841, 1, 0x50E5, 1,
    0x39E9, 1, 0x49E9, 2, 0x4A6A, 1, 0x52CC, 3,
    0x6B2C, 1, 0x632D, 1, 0x5AAB, 1, 0x4A6A, 1,
    0x7125, 2, 0x632D, 2, 0x6B8E, 1, 0x9C4A, 1,
    0x7411, 1, 0x6B8E, 1, 0x8CD3, 1, 0x7411, 2,
    0x8A88, 1, 0x3186, 1, 0x39E9, 1, 0xF6CE, 2,
    0xB4EC, 2, 0xD5ED, 1, 0x3186, 3, 0x20A3, 1,
    0x9C4A, 1, 0x39E9, 1, 0xA001, 2, 0x39E9, 2,
    0x9C4A, 3, 0x2926, 1, 0x9C4A, 1, 0x20E5, 1,
    0x2926, 1, 0x2125, 2, 0x9C4A, 1, 0x20A3, 2,
    0x10A3, 1, 0x20A3, 1, 0x10A3, 1, 0x0862, 1,
    0x20A3, 1, 0x2125, 2, 0x3186, 1, 0x18C5, 11,
    0x7125, 1, 0x8986, 1, 0x9083, 2, 0x8000, 1,
    0x7125, 1, 0x3000, 3, 0x6000, 1, 0x7125, 1,
    0x4A6A, 1, 0x7125, 1, 0x20A3, 1, 0x39E9, 2,
    0x8C0C, 1, 0x39E9, 2, 0x4841, 1, 0x39E9, 1,
    0x5000, 2, 0x4800, 2, 0x5000, 2, 0x4800, 2,
    0x4841, 2, 0x9C4A, 2, 0x6B2C, 2, 0x8A88, 3,
    0x50E5, 2, 0x9C4A, 3, 0x50E5, 1, 0x632D, 1,
    0x9C4A, 3, 0x8C0C, 1, 0x52CC, 1, 0x6000, 1,
    0x2000, 2, 0x7125, 1, 0x4841, 1, 0x50E5, 3,
    0x4A6A, 2, 0x52CC, 2, 0x6B2C, 1, 0xB4EC, 1,
    0x9C4A, 1, 0x6B8E, 1, 0x50E5, 1, 0x4841, 1,
    0x7125, 2, 0x3186, 1, 0x632D, 1, 0x3186, 1,
    0x9C4A, 1, 0x3186, 1, 0x6B8E, 1, 0x7411, 2,
    0x6B8E, 1, 0x7411, 1, 0x39E9, 1, 0xF6CE, 3,
    0xB4EC, 1, 0x9C4A, 1, 0x7411, 1, 0x3186, 1,
    0x20A3, 2, 0xF6CE, 1, 0x9C4A, 1, 0x39E9, 1,
    0xA001, 1, 0x9083, 1, 0x6B2C, 1, 0x39E9, 1,
    0x3186, 3, 0x2926, 1, 0x6B2C, 1, 0x10A3, 1,
    0x2125, 3, 0x3186, 1, 0x3800, 1, 0x20A3, 2,
    0x10A3, 1, 0x20A3, 1, 0x10A3, 1, 0x0862, 1,
    0x2125, 2, 0x2926, 1, 0x18C5, 10, 0x7062, 1,
    0x3186, 1, 0x6000, 2, 0x7062, 1, 0x50E5, 1,
    0x4841, 1, 0x2000, 2, 0x6000, 1, 0x7125, 2,
    0x4A6A, 1, 0x7062, 2, 0x10A3, 1, 0x4A6A, 1,
    0x8C0C, 2, 0x50E5, 1, 0x4841, 1, 0x8A88, 2,
    0x50E5, 1, 0x4841, 1, 0x4800, 4, 0x3000, 4,
    0x4800, 1, 0x8A88, 1, 0x9C4A, 1, 0x8A88, 4,
    0x9C4A, 1, 0x7000, 2, 0x52CC, 1, 0x9C4A, 3,
    0x8C0C, 2, 0x52CC, 1, 0x4841, 1, 0x2000, 2,
    0x7125, 1, 0x4841, 1, 0x50E5, 2, 0x39E9, 2,
    0x49E9, 2, 0x52CC, 2, 0x8C0C, 1, 0xB4EC, 1,
    0x3186, 1, 0x2125, 1, 0x7062, 4, 0x7800, 1,
    0x2125, 1, 0x3186, 2, 0x6B8E, 1, 0x632D, 2,
    0x6B8E, 1, 0x7411, 1, 0x39E9, 1, 0x9C4A, 1,
    0xF6CE, 3, 0xB4EC, 1, 0x9C4A, 1, 0x39E9, 1,
    0x20A3, 1, 0xF6CE, 3, 0x9C4A, 1, 0x39E9, 1,
    0xA001, 1, 0x9083, 2, 0x8A88, 1, 0x3186, 1,
    0x9083, 2, 0x2926, 1, 0x6B2C, 1, 0x20E5, 1,
    0x2926, 1, 0x3186, 1, 0x20A3, 1, 0x49E9, 1,
    0x3800, 1, 0x0862, 1, 0x20A3, 1, 0x0862, 1,
    0x20A3, 2, 0x10A3, 1, 0x20A3, 1, 0x3186, 1,
    0x18C5, 11, 0x6000, 2, 0x7000, 2, 0x7125, 1,
    0x4841, 2, 0x50E5, 1, 0x2000, 1, 0x5000, 2,
    0x39E9, 1, 0x50E5, 1, 0x7125, 1, 0x7062, 1,
    0x10A3, 1, 0x39E9, 2, 0x9C4A, 1, 0x8C0C, 2,
    0x5000, 1, 0x3186, 4, 0x4841, 3, 0x4800, 6,
    0x4841, 1, 0x7125, 2, 0x3186, 1, 0x4800, 1,
    0x9C4A, 3, 0x20E5, 1, 0x6000, 1, 0x20A3, 2,
    0x8C0C, 1, 0x632D, 1, 0x4841, 1, 0x2000, 2,
    0x7125, 1, 0x5000, 1, 0x50E5, 3, 0x39E9, 1,
    0x4A6A, 3, 0x8C0C, 2, 0xB4EC, 2, 0x4841, 1,
    0x18C5, 2, 0x6000, 1, 0x7062, 1, 0x7800, 2,
    0x2926, 1, 0x2125, 1, 0x2926, 1, 0x6B8E, 1,
    0x632D, 1, 0x6B8E, 3, 0x9C4A, 1, 0xF6CE, 4,
    0x39E9, 1, 0xA001, 1, 0x6B8E, 1, 0x9C4A, 1,
    0xF6CE, 1, 0x9C4A, 2, 0x8A88, 1, 0x2125, 1,
    0x8A88, 1, 0x9083, 3, 0x2926, 3, 0x0862, 1,
    0x3186, 1, 0x2125, 2, 0x3186, 1, 0x20A3, 1,
    0x5AAB, 1, 0x10A3, 2, 0x20A3, 1, 0x0862, 1,
    0x20A3, 1, 0x3800, 1, 0x3186, 1, 0x20A3, 1,
    0x7125, 1, 0x18C5, 11, 0x7000, 3, 0x7062, 1,
    0x7125, 1, 0x4841, 2, 0x50E5, 1, 0x2000, 1,
    0x5000, 1, 0x4841, 1, 0x39E9, 1, 0x50E5, 3,
    0x5000, 2, 0x3186, 1, 0x8A88, 1, 0x6B2C, 1,
    0x8C0C, 3, 0x4800, 2, 0x3000, 1, 0x4841, 1,
    0x3186, 2, 0x4841, 6, 0x8A88, 2, 0x8C0C, 2,
    0x9C4A, 2, 0x39E9, 1, 0x20A3, 1, 0x6000, 3,
    0x7125, 1, 0x7062, 1, 0x6000, 1, 0x2000, 2,
    0x5000, 1, 0x4841, 2, 0x50E5, 2, 0x49E9, 3,
    0x4A6A, 2, 0x52CC, 1, 0xB4EC, 1, 0x3186, 1,
    0x7125, 1, 0x0862, 2, 0x10A3, 1, 0x18C5, 3,
    0x6000, 1, 0x5000, 1, 0x2926, 1, 0x3186, 1,
    0x7411, 1, 0x2926, 1, 0x39E9, 1, 0x6B8E, 1,
    0x3186, 1, 0x9C4A, 1, 0xF6CE, 4, 0x3186, 1,
    0xA001, 1, 0x6B8E, 1, 0x3186, 1, 0x9C4A, 1,
    0x3186, 2, 0x6B2C, 1, 0x20A3, 1, 0x9083, 1,
    0x4A6A, 1, 0x2926, 2, 0x10A3, 3, 0x3186, 1,
    0x2125, 3, 0x3186, 1, 0x20A3, 1, 0x2125, 1,
    0x3186, 1, 0x20A3, 3, 0x3800, 1, 0x3186, 1,
    0x2125, 2, 0x8986, 1, 0x18C5, 11, 0x7000, 2,
    0x8C0C, 2, 0x7125, 1, 0x50E5, 1, 0x4841, 2,
    0x49E9, 1, 0x2000, 1, 0x5000, 1, 0x39E9, 2,
    0x50E5, 2, 0x5000, 3, 0x10A3, 1, 0x3186, 1,
    0x8A88, 1, 0x6B2C, 4, 0x10A3, 1, 0x39E9, 2,
    0x6B2C, 2, 0x8C0C, 3, 0x6B2C, 1, 0x8C0C, 3,
    0x39E9, 1, 0x10A3, 2, 0x6000, 5, 0x7125, 1,
    0x6000, 1, 0x3000, 3, 0x5000, 2, 0x4841, 1,
    0x50E5, 4, 0x49E9, 2, 0x4A6A, 2, 0xB4EC, 1,
    0x3186, 1, 0x39E9, 1, 0x7800, 1, 0x0862, 3,
    0x39E9, 1, 0x6B8E, 1, 0x3186, 1, 0x18C5, 1,
    0x7000, 1, 0x3186, 1, 0x632D, 1, 0x3189, 1,
    0x2926, 1, 0x6B8E, 2, 0x4841, 1, 0xF6CE, 5,
    0x3186, 1, 0xA001, 1, 0x8A88, 2, 0x3186, 2,
    0x8986, 1, 0x2926, 1, 0x20E5, 1, 0x2926, 1,
    0x0862, 2, 0x10A3, 1, 0x3186, 1, 0x3800, 1,
    0x3186, 2, 0x20E5, 2, 0x20A3, 1, 0x3186, 1,
    0x20A3, 1, 0x2125, 1, 0x5AAB, 1, 0x3800, 2,
    0x20A3, 1, 0x3186, 1, 0x5AAB, 1, 0x2125, 1,
    0x3186, 1, 0x8986, 1, 0x18C5, 11, 0x7000, 1,
    0x7062, 1, 0x8C0C, 1, 0x9C4A, 1, 0x2125, 1,
    0x4841, 3, 0x50E5, 1, 0x2000, 1, 0x5000, 2,
    0x50E5, 1, 0x4841, 1, 0x50E5, 2, 0x4841, 1,
    0x5000, 3, 0x10A3, 2, 0x3189, 3, 0x10A3, 1,
    0x0862, 2, 0x8A88, 2, 0x3189, 2, 0x10A3, 2,
    0x0862, 1, 0x10A3, 1, 0x0862, 1, 0x5000, 2,
    0x4841, 1, 0x50E5, 2, 0x39E9, 2, 0x5000, 1,
    0x4800, 1, 0x2000, 2, 0x7125, 1, 0x5000, 1,
    0x50E5, 7, 0x49E9, 3, 0x52CC, 1, 0x6B8E, 1,
    0x7062, 1, 0x7125, 1, 0x0862, 3, 0x2125, 1,
    0x3186, 1, 0x7125, 4, 0x3186, 5, 0x4841, 1,
    0x9C4A, 1, 0xF6CE, 5, 0x2125, 1, 0x3186, 1,
    0x7062, 1, 0x8A88, 1, 0x9083, 2, 0x4A6A, 1,
    0x3186, 1, 0x0862, 2, 0x3186, 6, 0x20E5, 4,
    0x3186, 1, 0x2926, 1, 0x2125, 2, 0x0862, 1,
    0x3186, 1, 0x0862, 1, 0x5AAB, 1, 0x2125, 1,
    0x20A3, 1, 0x8986, 1, 0x2125, 1, 0x18C5, 10,
    0x7000, 2, 0x9C4A, 3, 0x20A3, 2, 0x4841, 2,
    0x5000, 1, 0x50E5, 1, 0x2000, 2, 0x0862, 1,
    0x5000, 3, 0x4841, 3, 0x5000, 2, 0x4841, 1,
    0x4800, 1, 0x3800, 1, 0x5000, 6, 0x3800, 2,
    0x5000, 5, 0x4841, 1, 0x50E5, 3, 0x39E9, 1,
    0x4841, 1, 0x5000, 2, 0x2000, 1, 0x4841, 2,
    0x9083, 3, 0x8800, 1, 0x8000, 1, 0x50E5, 4,
    0x20E5, 2, 0x3186, 3, 0x6000, 1, 0x0862, 3,
    0x7125, 2, 0x2926, 1, 0x20A3, 1, 0x7125, 2,
    0x8986, 1, 0x3186, 1, 0x52CC, 1, 0x3186, 1,
    0x2926, 1, 0x10A3, 2, 0x9C4A, 1, 0xF6CE, 4,
    0xD5ED, 1, 0x10A3, 1, 0x3186, 1, 0x9083, 2,
    0x4A6A, 2, 0x0862, 1, 0x4800, 1, 0x3000, 1,
    0x3186, 5, 0x632D, 1, 0x20E5, 5, 0x2926, 1,
    0x7125, 1, 0x0862, 1, 0x20A3, 1, 0x49E9, 1,
    0x5AAB, 2, 0x2125, 1, 0x10A3, 1, 0x20A3, 1,
    0x8986, 1, 0x0862, 1, 0x18C5, 10, 0x5000, 1,
    0x7000, 1, 0x2125, 1, 0x9C4A, 2, 0x39E9, 1,
    0x20A3, 1, 0x4841, 3, 0x49E9, 2, 0x50E5, 2,
    0x0862, 1, 0x5000, 3, 0x4841, 6, 0x5000, 13,
    0x50E5, 2, 0x4841, 1, 0x5000, 1, 0x50E5, 1,
    0x5000, 2, 0x2000, 1, 0x50E5, 1, 0x4841, 3,
    0x8986, 3, 0x8800, 3, 0x8000, 3, 0x50E5, 1,
    0x7125, 1, 0x39E9, 1, 0x7062, 1, 0x7800, 1,
    0x7062, 1, 0x0862, 3, 0x8986, 1, 0x2125, 2,
    0x0862, 1, 0x20A3, 1, 0x2926, 1, 0x8986, 1,
    0x7125, 1, 0x20E5, 1, 0x3186, 1, 0x2125, 1,
    0x10A3, 1, 0x9C4A, 1, 0xF6CE, 4, 0xD5ED, 2,
    0x6B2C, 1, 0x2125, 1, 0x4A6A, 2, 0x0862, 3,
    0x3800, 1, 0x3186, 5, 0x632D, 3, 0x0000, 1,
    0x20E5, 3, 0x2926, 1, 0x8986, 1, 0x20A3, 1,
    0x0862, 1, 0x2125, 3, 0x0862, 1, 0x20A3, 1,
    0x3186, 1, 0x7125, 1, 0x18C5, 11, 0x5000, 1,
    0x7000, 1, 0x4A6A, 1, 0x9C4A, 2, 0x52CC, 1,
    0x39E9, 1, 0x20A3, 1, 0x50E5, 1, 0x4841, 4,
    0x50E5, 3, 0x3800, 5, 0x4841, 3, 0x5000, 18,
    0x7125, 1, 0x4841, 3, 0x50E5, 2, 0x8986, 1,
    0x8A88, 1, 0x9083, 1, 0x8800, 4, 0x8000, 3,
    0xA001, 1, 0x8800, 1, 0x8000, 1, 0x7062, 1,
    0x6000, 1, 0x10A3, 3, 0x8986, 1, 0x3186, 1,
    0x20A3, 2, 0x2125, 2, 0x0862, 1, 0x2125, 1,
    0x8986, 1, 0x20E5, 2, 0x7000, 1, 0x6000, 1,
    0xD5ED, 1, 0xF6CE, 2, 0xD5ED, 1, 0x9C4A, 1,
    0x6B2C, 1, 0x9C4A, 2, 0x2926, 1, 0x0862, 3,
    0x4800, 2, 0x3800, 1, 0x3186, 4, 0x52CC, 3,
    0x0000, 1, 0x20E5, 4, 0x3186, 3, 0x2125, 2,
    0x0862, 1, 0x20A3, 2, 0x7125, 2, 0x18C5, 12,
    0x5000, 1, 0x7000, 1, 0x4A6A, 1, 0x6B2C, 1,
    0x632D, 1, 0x4A6A, 2, 0x20A3, 1, 0x4841, 6,
    0x5000, 1, 0x0862, 8, 0x3800, 5, 0x3000, 2,
    0x5000, 7, 0x0862, 1, 0x2000, 2, 0x0862, 1,
    0x7125, 1, 0x6000, 1, 0x4841, 2, 0x50E5, 1,
    0x39E9, 1, 0x3186, 1, 0xB4EC, 4, 0x8800, 4,
    0xA001, 3, 0x8800, 1, 0x7800, 2, 0x0862, 3,
    0x2125, 1, 0x7125, 1, 0x20A3, 1, 0x2125, 1,
    0x5AAB, 3, 0x2125, 1, 0x20A3, 1, 0x7125, 1,
    0x20E5, 1, 0x3186, 1, 0x7000, 1, 0x3000, 1,
    0xD5ED, 3, 0x9C4A, 1, 0x3186, 2, 0x9C4A, 2,
    0x0862, 1, 0x3186, 1, 0x3000, 1, 0x4800, 3,
    0x3186, 1, 0x7411, 5, 0x20E5, 4, 0x2125, 1,
    0x20E5, 3, 0x3186, 1, 0x7125, 2, 0x20A3, 1,
    0x2125, 2, 0x7125, 2, 0x18C5, 13, 0x5000, 1,
    0x4800, 1, 0x20E5, 1, 0x6B2C, 1, 0x52CC, 1,
    0x6B8E, 1, 0x7411, 1, 0x4A6A, 1, 0x10A3, 1,
    0x4841, 3, 0x5000, 6, 0x7125, 6, 0x50E5, 2,
    0x0862, 6, 0x3000, 2, 0x7125, 3, 0x49E9, 2,
    0x4A6A, 1, 0x4841, 3, 0x20E5, 3, 0xB4EC, 6,
    0x9083, 1, 0x8000, 1, 0xA001, 5, 0x8800, 1,
    0x7800, 2, 0x10A3, 1, 0x20E5, 1, 0x10A3, 1,
    0x8986, 1, 0x2926, 1, 0x2125, 2, 0x0862, 1,
    0x3186, 2, 0x2125, 1, 0x20A3, 1, 0x3186, 1,
    0x5000, 1, 0x2926, 1, 0x6000, 1, 0x8A88, 1,
    0xD5ED, 1, 0x9C4A, 2, 0x3186, 1, 0x3800, 1,
    0x3186, 1, 0x9C4A, 1, 0x6B2C, 1, 0x3186, 1,
    0x3000, 1, 0x4800, 3, 0x3186, 1, 0x632D, 5,
    0x20E5, 9, 0x3186, 1, 0x7125, 2, 0x3186, 2,
    0x2926, 1, 0x8986, 1, 0x3186, 1, 0x18C5, 13,
    0x5000, 1, 0x4800, 1, 0x4A6A, 1, 0x52CC, 3,
    0x632D, 1, 0x6B8E, 1, 0x2125, 1, 0x7062, 3,
    0x5000, 16, 0x50E5, 5, 0x5000, 1, 0x4841, 7,
    0x50E5, 1, 0x20E5, 1, 0x4A6A, 1, 0x39E9, 1,
    0xB4EC, 6, 0x8986, 1, 0x8A88, 1, 0xA001, 6,
    0x8800, 1, 0x8000, 2, 0x20E5, 2, 0x20A3, 1,
    0x7125, 1, 0x20A3, 1, 0x5AAB, 1, 0x3186, 1,
    0x20A3, 1, 0x3800, 2, 0x2125, 2, 0x3186, 1,
    0x7000, 1, 0x20E5, 1, 0x5000, 1, 0x9C4A, 3,
    0x3186, 1, 0x3800, 2, 0x6B2C, 2, 0x3186, 1,
    0x3000, 1, 0x4800, 3, 0x3800, 1, 0x52CC, 5,
    0x2125, 1, 0x7411, 2, 0x2125, 1, 0x0000, 1,
    0x20E5, 4, 0x10A3, 1, 0x20A3, 1, 0x7125, 2,
    0x8986, 1, 0x7125, 1, 0x3186, 1, 0x6B8E, 1,
    0x18C5, 14, 0x4800, 2, 0x4A6A, 1, 0x0862, 1,
    0x4A6A, 1, 0x0862, 1, 0x52CC, 2, 0x632D, 1,
    0x6B8E, 1, 0x7062, 1, 0x7000, 1, 0x5000, 2,
    0x6000, 5, 0x5000, 16, 0x4841, 5, 0x20E5, 1,
    0x52CC, 3, 0xB4EC, 4, 0x5AAB, 2, 0x39E9, 1,
    0xB4EC, 1, 0x8A88, 1, 0xA001, 5, 0x8000, 3,
    0x7800, 1, 0x20E5, 1, 0x10A3, 1, 0x3186, 2,
    0x20A3, 1, 0x3186, 1, 0x10A3, 1, 0x20A3, 2,
    0x3800, 1, 0x3186, 1, 0x2125, 1, 0x3186, 1,
    0x2926, 1, 0x52CC, 1, 0x3186, 1, 0x9C4A, 2,
    0x3186, 1, 0x3800, 2, 0x3186, 3, 0x3000, 1,
    0x4800, 3, 0x3000, 1, 0x2125, 1, 0x20E5, 1,
    0x2125, 4, 0x18C5, 3, 0x0862, 1, 0x8CD3, 1,
    0x2125, 1, 0x20E5, 1, 0x10A3, 2, 0x20E5, 1,
    0x10A3, 2, 0x2125, 1, 0x7125, 1, 0x39E9, 2,
    0x18C5, 15, 0x4800, 2, 0x3800, 1, 0x4800, 1,
    0x5000, 1, 0x4A6A, 1, 0x20A3, 1, 0x10A3, 1,
    0x0862, 1, 0x10A3, 1, 0x5000, 3, 0x6000, 9,
    0x7000, 7, 0x5000, 3, 0x6000, 3, 0x4841, 4,
    0x20E5, 1, 0x52CC, 3, 0x7411, 2, 0xB4EC, 1,
    0xF6CE, 2, 0x8CD3, 1, 0x2125, 2, 0x8CD3, 1,
    0xA001, 5, 0x7800, 1, 0x8000, 3, 0x7800, 1,
    0x10A3, 2, 0x8986, 1, 0x2125, 1, 0x20A3, 1,
    0x10A3, 1, 0x20A3, 1, 0x0862, 1, 0x20A3, 2,
    0x0862, 1, 0x2125, 1, 0x2926, 1, 0x3186, 1,
    0x4841, 1, 0x8A88, 1, 0x6B2C, 2, 0x3800, 1,
    0x4800, 1, 0x3800, 1, 0x3186, 2, 0x3000, 1,
    0x4800, 3, 0x4841, 1, 0x18C5, 1, 0x2125, 1,
    0x6B8E, 1, 0x7411, 1, 0x39E9, 1, 0x3186, 1,
    0x2125, 1, 0x0000, 1, 0x18C5, 1, 0x0000, 1,
    0x18C5, 11, 0x20E5, 1, 0x18C5, 16, 0x4800, 1,
    0x3000, 2, 0x4800, 1, 0x5000, 2, 0x7000, 2,
    0x52CC, 1, 0x5000, 4, 0x6000, 9, 0x7000, 10,
    0x7800, 1, 0x8000, 1, 0x8800, 1, 0x7062, 1,
    0x632D, 1, 0x8CD3, 2, 0x7411, 2, 0x8CD3, 4,
    0xF6CE, 1, 0x8CD3, 3, 0x2125, 2, 0x8CD3, 1,
    0xA001, 2, 0x8800, 2, 0x8000, 1, 0x7800, 1,
    0x8000, 2, 0x7800, 1, 0x10A3, 3, 0x3186, 1,
    0x20A3, 1, 0x5AAB, 1, 0x20A3, 1, 0x0862, 2,
    0x10A3, 1, 0x20A3, 1, 0x0862, 1, 0x5AAB, 1,
    0x2926, 1, 0x39E9, 1, 0x3186, 1, 0x6B2C, 2,
    0x3800, 2, 0x4800, 1, 0x3000, 1, 0x3186, 1,
    0x3000, 1, 0x4800, 2, 0x4841, 1, 0x18C5, 6,
    0x7411, 3, 0x2125, 1, 0x0862, 2, 0x18C5, 28,
    0x4800, 1, 0x3000, 2, 0x4800, 1, 0x5000, 3,
    0x7000, 6, 0x6000, 9, 0x7000, 10, 0x7800, 3,
    0x7062, 1, 0x7411, 3, 0x6B8E, 3, 0x8CD3, 4,
    0x2125, 2, 0x39E9, 1, 0x8CD3, 2, 0xB4EC, 1,
    0x8000, 8, 0x7800, 1, 0x10A3, 3, 0x3186, 1,
    0x20A3, 1, 0x3186, 1, 0x20A3, 1, 0x0862, 1,
    0x10A3, 2, 0x20A3, 2, 0x2125, 2, 0x39E9, 1,
    0x8A88, 1, 0x3186, 1, 0x3800, 2, 0x10A3, 1,
    0x4800, 1, 0x3800, 1, 0x3000, 1, 0x4800, 2,
    0x4841, 1, 0x18C5, 11, 0x8CD3, 1, 0x20E5, 1,
    0x18C5, 28, 0x3000, 3, 0x4800, 1, 0x5000, 3,
    0x6000, 2, 0x7000, 4, 0x8000, 8, 0x7000, 12,
    0x7800, 2, 0x7062, 1, 0x20E5, 1, 0x10A3, 1,
    0x6B8E, 2, 0x20E5, 2, 0x2125, 1, 0x8CD3, 1,
    0x20E5, 2, 0x8CD3, 1, 0x2125, 1, 0x8CD3, 1,
    0x8800, 3, 0x8000, 4, 0x7800, 2, 0x8000, 2,
    0x7800, 1, 0x10A3, 1, 0x20E5, 1, 0x20A3, 1,
    0x2926, 1, 0x2125, 1, 0x3186, 1, 0x0862, 1,
    0x10A3, 1, 0x20A3, 2, 0x0862, 1, 0x6000, 1,
    0x7125, 1, 0x2926, 1, 0x39E9, 1, 0x3186, 1,
    0x0862, 2, 0x10A3, 1, 0x3800, 1, 0x4800, 1,
    0x3000, 1, 0x4800, 1, 0x4841, 1, 0x18C5, 43,
    0x3000, 3, 0x5000, 4, 0x6000, 2, 0x7000, 2,
    0x6000, 1, 0x7000, 1, 0x8000, 8, 0x8800, 9,
    0xA001, 4, 0x8800, 3, 0x7411, 1, 0x6B8E, 1,
    0x20E5, 1, 0x2926, 1, 0x8800, 4, 0x8000, 2,
    0x7800, 1, 0x8800, 1, 0x8000, 6, 0x7800, 3,
    0x8000, 2, 0x7800, 1, 0x20E5, 2, 0x20A3, 1,
    0x2125, 2, 0x0862, 1, 0x10A3, 1, 0x20A3, 1,
    0x0862, 1, 0x6000, 1, 0x0862, 1, 0x20A3, 1,
    0x2125, 1, 0x2926, 1, 0x3186, 2, 0x10A3, 1,
    0x0862, 1, 0x10A3, 1, 0x3800, 1, 0x4800, 1,
    0x4841, 2, 0x18C5, 44, 0x3000, 3, 0x4800, 1,
    0x5000, 3, 0x6000, 5, 0x7000, 2, 0x8000, 1,
    0x8800, 4, 0xA001, 1, 0x8800, 10, 0xA001, 3,
    0x8800, 12, 0x8000, 2, 0x7800, 1, 0x8000, 7,
    0x7800, 6, 0x20E5, 2, 0x2125, 3, 0x0862, 1,
    0x20A3, 1, 0x6000, 1, 0x0862, 1, 0x20A3, 1,
    0x10A3, 1, 0x0862, 1, 0x5AAB, 1, 0x3186, 1,
    0x2125, 1, 0x10A3, 4, 0x4800, 2, 0x18C5, 47,
    0x3000, 2, 0x4800, 1, 0x5000, 3, 0x6000, 3,
    0x7000, 4, 0x8800, 1, 0xA001, 3, 0x9083, 1,
    0x8986, 1, 0x8800, 1, 0xA001, 7, 0x8800, 2,
    0xA001, 3, 0x8800, 12, 0x8000, 8, 0x7800, 8,
    0x20E5, 2, 0x2926, 1, 0x2125, 1, 0x7062, 1,
    0x20A3, 3, 0x0862, 1, 0x10A3, 1, 0x20A3, 1,
    0x0862, 1, 0x2125, 1, 0x3186, 1, 0x3000, 1,
    0x10A3, 3, 0x4800, 2, 0x18C5, 48, 0x3000, 3,
    0x5000, 3, 0x6000, 1, 0x7000, 1, 0x6000, 2,
    0x5000, 1, 0x7000, 2, 0x8800, 1, 0x7000, 3,
    0x8800, 1, 0x8986, 2, 0x9083, 1, 0x8986, 2,
    0x9083, 1, 0xA001, 4, 0x8800, 1, 0xA001, 3,
    0x8800, 13, 0x8000, 7, 0x7800, 7, 0x10A3, 3,
    0x2125, 1, 0x20A3, 1, 0x7062, 1, 0x0862, 1,
    0x20A3, 1, 0x10A3, 3, 0x20A3, 1, 0x3186, 1,
    0x2125, 1, 0x3186, 1, 0x10A3, 2, 0x4841, 1,
    0x4800, 1, 0x18C5, 51, 0x3000, 2, 0x5000, 4,
    0x6000, 2, 0x4800, 1, 0x5000, 2, 0x6000, 1,
    0x7000, 1, 0x2000, 1, 0x3000, 2, 0x8800, 1,
    0x9083, 2, 0x7000, 1, 0x9083, 2, 0x8800, 1,
    0x7800, 3, 0xA001, 1, 0x8800, 1, 0xA001, 3,
    0x8800, 14, 0x8000, 3, 0x7800, 10, 0x20E5, 3,
    0x2125, 3, 0x0862, 4, 0x20A3, 1, 0x3800, 1,
    0x5AAB, 1, 0x20A3, 1, 0x3186, 1, 0x4800, 2,
    0x18C5, 53, 0x2000, 1, 0x3000, 1, 0x5000, 4,
    0x7000, 1, 0x6000, 1, 0x4800, 1, 0x3000, 1,
    0x2000, 2, 0x3000, 1, 0x0000, 2, 0x3000, 1,
    0x0862, 2, 0x2000, 3, 0x0862, 2, 0x3000, 3,
    0xA001, 1, 0x8800, 1, 0xA001, 5, 0x8800, 4,
    0x8000, 1, 0x8800, 6, 0x8000, 1, 0x7800, 13,
    0x2125, 6, 0x3186, 1, 0x20A3, 1, 0x0862, 2,
    0x20A3, 1, 0x3800, 1, 0x2125, 1, 0x20A3, 1,
    0x7125, 1, 0x4841, 1, 0x18C5, 55, 0x2000, 1,
    0x3000, 1, 0x5000, 3, 0x7000, 1, 0x4800, 1,
    0x0862, 1, 0x2000, 1, 0x0000, 3, 0x6B8E, 1,
    0x0000, 1, 0x0862, 4, 0x0000, 1, 0x0862, 4,
    0x3000, 1, 0x2000, 1, 0x7000, 2, 0x7800, 5,
    0x8800, 4, 0x8000, 1, 0x8800, 6, 0x8000, 1,
    0x7800, 11, 0x6000, 2, 0x20E5, 1, 0x2125, 5,
    0x3186, 1, 0x20A3, 4, 0x3186, 1, 0x2125, 2,
    0x7125, 1, 0x18C5, 56, 0x2000, 1, 0x3000, 1,
    0x5000, 3, 0x8000, 1, 0xA001, 1, 0x9083, 1,
    0x8000, 1, 0x4841, 1, 0x7062, 1, 0x3186, 1,
    0x0000, 1, 0x6B8E, 2, 0x7411, 1, 0x8CD3, 6,
    0x0862, 1, 0x0000, 2, 0x3000, 5, 0x4800, 1,
    0x6000, 1, 0x8800, 3, 0x7800, 1, 0x8800, 7,
    0x8000, 1, 0x7800, 10, 0x7000, 1, 0x6000, 1,
    0x20E5, 4, 0x20A3, 1, 0x2926, 1, 0x20A3, 1,
    0x5AAB, 1, 0x10A3, 1, 0x20A3, 2, 0x3186, 1,
    0x5AAB, 1, 0x0862, 1, 0x3186, 1, 0x18C5, 58,
    0x0000, 1, 0x2000, 2, 0x5000, 1, 0x6000, 1,
    0xA001, 1, 0x8986, 1, 0xA001, 1, 0x8800, 1,
    0xA001, 1, 0x9083, 1, 0x8986, 2, 0x9C4A, 1,
    0x8CD3, 2, 0xF6CE, 1, 0x8CD3, 1, 0xF6CE, 2,
    0x8CD3, 2, 0x7411, 1, 0x6B8E, 1, 0x0000, 5,
    0x2000, 1, 0x10A3, 1, 0x8000, 2, 0x8800, 5,
    0x8000, 1, 0x8800, 3, 0x8000, 1, 0x7800, 6,
    0x7000, 2, 0x6000, 3, 0x5000, 1, 0x20E5, 4,
    0x20A3, 1, 0x3186, 1, 0x20A3, 2, 0x3186, 2,
    0x0862, 1, 0x5AAB, 1, 0x2125, 1, 0x2926, 1,
    0x8986, 1, 0x18C5, 59, 0x2000, 3, 0x3000, 1,
    0x3800, 1, 0xA001, 1, 0x8000, 1, 0x7000, 3,
    0x9083, 1, 0x7800, 1, 0x8000, 3, 0xA001, 3,
    0xF6CE, 1, 0x8CD3, 3, 0xB4EC, 1, 0x8986, 1,
    0x8A88, 1, 0x39E9, 1, 0x9083, 2, 0xA001, 1,
    0x8986, 2, 0x6000, 1, 0xA001, 1, 0x8800, 7,
    0x8000, 2, 0x7800, 5, 0x6000, 3, 0x5000, 1,
    0x4800, 2, 0x20E5, 6, 0x7125, 1, 0x2125, 1,
    0x20A3, 1, 0x5AAB, 1, 0x2125, 1, 0x5AAB, 1,
    0x2125, 1, 0x10A3, 1, 0x7125, 1, 0x8986, 1,
    0x18C5, 61, 0x2000, 2, 0x3800, 2, 0x4800, 3,
    0x7000, 3, 0x6000, 2, 0x5000, 3, 0x6000, 1,
    0xA001, 2, 0x8800, 3, 0x8000, 1, 0x9083, 1,
    0x8986, 1, 0xA001, 5, 0x8986, 1, 0xA001, 2,
    0x8800, 6, 0x7800, 2, 0x7000, 4, 0x6000, 3,
    0x3000, 2, 0x2000, 2, 0x20E5, 6, 0x8986, 1,
    0x3186, 1, 0x20A3, 1, 0x2125, 3, 0x0862, 1,
    0x20A3, 1, 0x7125, 1, 0x18C5, 64, 0x2000, 1,
    0x3000, 4, 0x4800, 2, 0x5000, 2, 0x4800, 1,
    0x3800, 1, 0x3000, 2, 0x6000, 1, 0x5000, 1,
    0x6000, 3, 0x7000, 1, 0x7800, 1, 0x8000, 1,
    0x8800, 4, 0xA001, 6, 0x8800, 5, 0x6000, 2,
    0x5000, 1, 0x6000, 1, 0x5000, 2, 0x4800, 1,
    0x3800, 1, 0x3000, 2, 0x2000, 3, 0x20E5, 6,
    0x3186, 1, 0x7125, 1, 0x2926, 1, 0x0862, 1,
    0x20A3, 3, 0x7125, 1, 0x18C5, 70, 0x3000, 6,
    0x2000, 2, 0x3000, 3, 0x3800, 1, 0x5000, 4,
    0x6000, 10, 0x5000, 1, 0x4800, 5, 0x3000, 3,
    0x2000, 6, 0x3800, 2, 0x20E5, 4, 0x2125, 2,
    0x20E5, 1, 0x20A3, 1, 0x8986, 1, 0x7125, 1,
    0x3186, 1, 0x2125, 1, 0x2926, 1, 0x7125, 1,
    0x3186, 1, 0x18C5, 77, 0x2000, 4, 0x3000, 5,
    0x3800, 7, 0x3000, 1, 0x3800, 2, 0x3000, 1,
    0x2000, 5, 0x3000, 1, 0x3800, 4, 0x3000, 2,
    0x18C5, 2, 0x10A3, 4, 0x20E5, 2, 0x10A3, 1,
    0x20E5, 3, 0x2125, 1, 0x8986, 2, 0x7125, 1,
    0x3186, 1, 0x8986, 1, 0x18C5, 91, 0x2000, 2,
    0x3800, 4, 0x2000, 1, 0x18C5, 19, 0x20E5, 1,
    0x10A3, 5, 0x7125, 3, 0x39E9, 1, 0x18C5, 126,
    0x20E5, 1, 0x2125, 1, 0x18C5, 2614, 0x18C5, 2640,
    0x9083, 1, 0x18C5, 126, 0x8986, 6, 0x18C5, 121,
    0x9083, 2, 0x8986, 8, 0x18C5, 118, 0x7062, 2,
    0x9083, 1, 0x8986, 9, 0x18C5, 115, 0x7800, 4,
    0x7062, 4, 0x9083, 3, 0x8986, 5, 0x632D, 2,
    0x18C5, 110, 0x7800, 9, 0x7062, 2, 0x9083, 1,
    0x7062, 1, 0x8986, 9, 0x632D, 1, 0x8986, 2,
    0x9083, 1, 0x8986, 2, 0x18C5, 13, 0x8986, 8,
    0x18C5, 79, 0x7800, 11, 0x7062, 1, 0x7800, 1,
    0x9083, 3, 0x8986, 9, 0x9083, 1, 0x8986, 2,
    0x632D, 1, 0x8986, 3, 0x632D, 3, 0x8986, 15,
    0x18C5, 77, 0x7800, 2, 0x7000, 1, 0x6000, 3,
    0x7800, 11, 0x7062, 2, 0x9083, 5, 0x8986, 17,
    0x9083, 2, 0x8986, 5, 0x9083, 3, 0x5000, 1,
    0x18C5, 76, 0x7000, 1, 0x6000, 1, 0x5000, 4,
    0x6000, 4, 0x7800, 15, 0x9083, 9, 0x8986, 1,
    0x9083, 6, 0x7062, 2, 0x9083, 1, 0x7062, 7,
    0x5000, 1, 0x18C5, 75, 0x6000, 2, 0x4800, 1,
    0x3000, 5, 0x5000, 3, 0x6000, 1, 0x7000, 5,
    0x7800, 9, 0x8000, 2, 0x7800, 7, 0x7062, 1,
    0x7800, 4, 0x7062, 1, 0x7800, 12, 0x18C5, 75,
    0x4800, 2, 0x3000, 3, 0x6000, 4, 0x3000, 2,
    0x4800, 1, 0x5000, 5, 0x7000, 7, 0x7800, 29,
    0x18C5, 75, 0x3000, 2, 0x4841, 2, 0x6000, 7,
    0x2000, 1, 0x3000, 6, 0x5000, 3, 0x6000, 6,
    0x7800, 3, 0x7000, 6, 0x7800, 7, 0x6000, 2,
    0x7800, 8, 0x18C5, 74, 0x7062, 1, 0x4841, 5,
    0x6000, 1, 0x4841, 2, 0x6000, 5, 0x2000, 5,
    0x3000, 5, 0x4800, 4, 0x6000, 5, 0x5000, 5,
    0x7000, 5, 0x5000, 4, 0x6000, 4, 0x7000, 1,
    0x7800, 2, 0x18C5, 71, 0x7125, 4, 0x7062, 3,
    0x6000, 9, 0x7000, 2, 0x7800, 2, 0x7062, 2,
    0x8986, 1, 0x632D, 2, 0x2000, 3, 0x3000, 4,
    0x4800, 2, 0x3000, 7, 0x5000, 4, 0x4800, 1,
    0x3000, 4, 0x5000, 5, 0x7000, 2, 0x18C5, 68,
    0x7125, 3, 0x4A6A, 1, 0x7125, 6, 0x6000, 7,
    0x7000, 4, 0x7800, 1, 0x7062, 6, 0x8986, 3,
    0x7062, 2, 0x8986, 5, 0x2000, 6, 0x3000, 4,
    0x2000, 2, 0x8800, 1, 0x8000, 2, 0x5000, 1,
    0x3000, 3, 0x4800, 1, 0x6000, 2, 0x18C5, 65,
    0x7125, 1, 0x4A6A, 3, 0x5AAB, 3, 0x4A6A, 4,
    0x7062, 3, 0x6000, 4, 0x7000, 5, 0x7800, 5,
    0x7062, 1, 0x7800, 7, 0x7062, 4, 0x8986, 2,
    0x7062, 4, 0x7800, 2, 0x7000, 1, 0x8800, 2,
    0x8000, 3, 0x9083, 1, 0x5000, 3, 0x3000, 3,
    0x4800, 2, 0x18C5, 63, 0x7062, 1, 0x4A6A, 3,
    0x52CC, 3, 0x5AAB, 2, 0x52CC, 1, 0x4A6A, 3,
    0x49E9, 1, 0x6000, 4, 0x7000, 6, 0x7800, 15,
    0x7062, 3, 0x7800, 6, 0x7000, 1, 0x8800, 1,
    0x8000, 3, 0x9083, 3, 0x4841, 3, 0x3000, 6,
    0x18C5, 57, 0x8000, 2, 0x3000, 1, 0x6000, 1,
    0x5000, 1, 0x3800, 2, 0x5000, 4, 0x4800, 5,
    0x6000, 3, 0x8A88, 1, 0x3186, 1, 0x52CC, 2,
    0x7411, 5, 0x7000, 3, 0x7800, 6, 0x7000, 2,
    0x7800, 15, 0x8000, 2, 0x8800, 2, 0x8986, 3,
    0x50E5, 1, 0x4841, 2, 0x3800, 3, 0x20A3, 2,
    0x2000, 1, 0x3000, 1, 0x18C5, 54, 0x7800, 7,
    0x2000, 2, 0x3000, 1, 0x4A6A, 2, 0x3186, 2,
    0x4A6A, 1, 0x5AAB, 2, 0x6000, 4, 0x5000, 2,
    0x4800, 2, 0x7800, 3, 0x8A88, 1, 0x20E5, 1,
    0x52CC, 1, 0x6B8E, 1, 0x7411, 6, 0x7000, 5,
    0x7800, 10, 0x7000, 1, 0x7800, 1, 0x8000, 1,
    0x7062, 2, 0x8986, 2, 0x632D, 3, 0x50E5, 1,
    0x4841, 2, 0x3800, 3, 0x20A3, 2, 0x49E9, 1,
    0x3186, 1, 0x6000, 1, 0x18C5, 52, 0x8000, 1,
    0x8800, 6, 0x10A3, 2, 0x6B8E, 3, 0x8986, 1,
    0x3186, 1, 0x632D, 1, 0x7411, 2, 0xB4EC, 1,
    0x52CC, 2, 0x2125, 2, 0xB4EC, 1, 0x2125, 1,
    0xB4EC, 2, 0x5000, 3, 0x3800, 3, 0x7000, 3,
    0x8A88, 1, 0x52CC, 1, 0x6B8E, 4, 0x52CC, 2,
    0x3186, 1, 0x632D, 1, 0x8CD3, 1, 0x2125, 1,
    0x7000, 7, 0x7800, 1, 0x8000, 1, 0x7800, 1,
    0x8986, 2, 0x632D, 5, 0x50E5, 3, 0x20A3, 1,
    0x3800, 1, 0x20A3, 3, 0x49E9, 3, 0x6000, 1,
    0x18C5, 50, 0x8800, 4, 0x9083, 3, 0x10A3, 1,
    0x7411, 2, 0x6B8E, 1, 0x7411, 1, 0x8986, 3,
    0x632D, 1, 0xB4EC, 5, 0x6B8E, 1, 0xB4EC, 4,
    0x20E5, 2, 0x7000, 2, 0x6000, 3, 0x5000, 2,
    0x3800, 3, 0x7000, 5, 0x6000, 11, 0x7800, 3,
    0x8986, 2, 0x632D, 2, 0x6B8E, 2, 0x632D, 2,
    0x50E5, 3, 0x20A3, 2, 0x20E5, 1, 0x20A3, 2,
    0x49E9, 2, 0x8A88, 2, 0x49E9, 1, 0x18C5, 48,
    0x7800, 2, 0x7062, 1, 0x8986, 4, 0x2125, 2,
    0x2926, 1, 0x52CC, 2, 0x632D, 2, 0x6B8E, 1,
    0x9C4A, 2, 0x8C0C, 2, 0x4A6A, 1, 0x632D, 2,
    0x6B8E, 1, 0x52CC, 1, 0x8986, 2, 0x4A6A, 2,
    0x7062, 1, 0x7000, 5, 0x6000, 5, 0x4800, 1,
    0x5000, 1, 0x7800, 2, 0x7000, 3, 0x6B8E, 1,
    0x7000, 1, 0x6B8E, 1, 0x7062, 1, 0x632D, 1,
    0x6000, 5, 0x7800, 2, 0x9083, 2, 0x6B8E, 3,
    0x632D, 2, 0x39E9, 1, 0x50E5, 2, 0x4841, 3,
    0x20E5, 3, 0x49E9, 2, 0x8A88, 4, 0x18C5, 46,
    0x7800, 3, 0x8986, 5, 0x39E9, 2, 0x6B8E, 4,
    0x632D, 1, 0xB4EC, 1, 0x9C4A, 3, 0x8C0C, 2,
    0x9C4A, 5, 0x4A6A, 2, 0x49E9, 1, 0x5AAB, 1,
    0x7800, 2, 0x7000, 8, 0x6000, 1, 0x7800, 1,
    0x8A88, 1, 0x6B8E, 1, 0x7800, 3, 0x6B8E, 1,
    0x2125, 1, 0x20E5, 1, 0x4A6A, 1, 0x2125, 1,
    0x52CC, 1, 0x20E5, 1, 0x6000, 1, 0x7000, 2,
    0x8000, 1, 0x9083, 2, 0x7411, 3, 0x6B8E, 2,
    0x632D, 1, 0x39E9, 2, 0x20A3, 3, 0x10A3, 2,
    0x20A3, 1, 0x20E5, 1, 0x8A88, 1, 0x49E9, 1,
    0x8A88, 5, 0x18C5, 45, 0x7800, 2, 0x8986, 6,
    0x39E9, 1, 0x6B8E, 4, 0x52CC, 1, 0x5AAB, 2,
    0x632D, 1, 0xB4EC, 1, 0x8C0C, 1, 0x52CC, 2,
    0x5AAB, 1, 0x632D, 2, 0x9C4A, 2, 0x52CC, 1,
    0x49E9, 2, 0x7062, 2, 0x6000, 2, 0x7000, 7,
    0x7800, 2, 0x8986, 1, 0x8A88, 1, 0x20E5, 1,
    0x3800, 1, 0x20A3, 1, 0x7800, 1, 0x4A6A, 2,
    0x6B8E, 1, 0x52CC, 1, 0x6B8E, 1, 0x632D, 1,
    0x52CC, 1, 0x10A3, 1, 0x6000, 1, 0x8986, 2,
    0x6B8E, 2, 0x7411, 2, 0x6B8E, 2, 0x49E9, 2,
    0x20A3, 4, 0x3186, 1, 0x10A3, 2, 0x9C4A, 2,
    0x8A88, 6, 0x9C4A, 1, 0x18C5, 44, 0x7800, 2,
    0x8986, 2, 0x632D, 4, 0x39E9, 1, 0x6B8E, 3,
    0x5AAB, 1, 0x632D, 1, 0x4A6A, 1, 0x632D, 2,
    0x9C4A, 2, 0x8C0C, 1, 0x9C4A, 1, 0x39E9, 1,
    0x632D, 2, 0x9C4A, 1, 0x52CC, 2, 0x49E9, 2,
    0x7125, 2, 0x7062, 2, 0x6000, 5, 0x7000, 1,
    0x8000, 1, 0x7800, 1, 0x8986, 2, 0x20E5, 3,
    0x7411, 1, 0x20E5, 1, 0x4841, 1, 0x20E5, 1,
    0x7411, 2, 0x8CD3, 1, 0x7411, 1, 0x6B8E, 1,
    0x2125, 1, 0x20A3, 1, 0x2926, 1, 0x7411, 3,
    0x6B8E, 4, 0x49E9, 2, 0x3186, 3, 0x20A3, 1,
    0x3186, 3, 0x9C4A, 3, 0x8A88, 6, 0x8C0C, 1,
    0x18C5, 43, 0x8986, 1, 0x6B8E, 4, 0x8A88, 2,
    0x10A3, 2, 0x632D, 3, 0x5AAB, 3, 0x4A6A, 2,
    0x9C4A, 1, 0x8C0C, 4, 0x9C4A, 3, 0x4A6A, 2,
    0x49E9, 2, 0x7125, 6, 0x6000, 4, 0x8800, 1,
    0x8986, 3, 0x20E5, 2, 0x7411, 2, 0x8CD3, 1,
    0x7411, 1, 0x20A3, 2, 0x7411, 4, 0x20A3, 1,
    0x2125, 1, 0x6B8E, 6, 0x632D, 1, 0x39E9, 4,
    0x50E5, 1, 0x20E5, 1, 0x20A3, 1, 0x3186, 1,
    0x4A6A, 1, 0x8C0C, 2, 0x9C4A, 3, 0x8A88, 4,
    0x9C4A, 1, 0x8C0C, 2, 0x18C5, 43, 0x0862, 2,
    0x1927, 4, 0x8986, 3, 0x6B8E, 7, 0x632D, 3,
    0x4A6A, 2, 0x5AAB, 5, 0x49E9, 4, 0x7125, 2,
    0x50E5, 4, 0x6000, 2, 0x3186, 3, 0x20E5, 2,
    0x7411, 3, 0x8CD3, 2, 0x7411, 1, 0x52CC, 1,
    0x2926, 1, 0x52CC, 1, 0x632D, 1, 0x7411, 1,
    0x20A3, 2, 0x6B8E, 1, 0x632D, 1, 0x6B8E, 4,
    0x4A6A, 1, 0x39E9, 1, 0x4A6A, 2, 0x5AAB, 1,
    0x20E5, 1, 0x3186, 1, 0x20E5, 1, 0x4A6A, 2,
    0x8C0C, 2, 0x9C4A, 3, 0x8A88, 4, 0x9C4A, 1,
    0x8A88, 1, 0x8C0C, 1, 0x7125, 1, 0x18C5, 41,
    0x10A3, 1, 0x1927, 1, 0x3189, 3, 0x1927, 3,
    0x3189, 6, 0x1927, 3, 0x3189, 1, 0x5AAB, 2,
    0x632D, 1, 0x5AAB, 1, 0x632D, 3, 0x8986, 2,
    0x49E9, 1, 0x7125, 2, 0x5AAB, 1, 0x50E5, 1,
    0x49E9, 2, 0x50E5, 2, 0x6000, 3, 0x8986, 1,
    0x3186, 1, 0x20E5, 3, 0x8CD3, 7, 0x6B8E, 1,
    0x2125, 1, 0x2926, 1, 0x632D, 1, 0x52CC, 1,
    0x20A3, 1, 0x632D, 1, 0x6B8E, 5, 0x632D, 1,
    0x39E9, 2, 0x4A6A, 1, 0x8C0C, 2, 0x6B2C, 1,
    0x20E5, 2, 0x5AAB, 1, 0x8C0C, 1, 0x9C4A, 5,
    0x8A88, 3, 0x9C4A, 3, 0x8986, 2, 0x18C5, 40,
    0x3189, 9, 0x416A, 12, 0x498A, 3, 0x416A, 4,
    0x6000, 1, 0x5AAB, 1, 0x7125, 2, 0x5AAB, 4,
    0x7125, 2, 0x6000, 1, 0x8C0C, 1, 0x3186, 1,
    0x10A3, 1, 0x20E5, 1, 0x8CD3, 9, 0x6B8E, 1,
    0x2926, 2, 0x4A6A, 1, 0x20A3, 1, 0x4A6A, 1,
    0x632D, 2, 0x6B8E, 2, 0x632D, 2, 0x5AAB, 1,
    0x39E9, 1, 0x4A6A, 3, 0x8C0C, 1, 0x6B2C, 1,
    0x39E9, 1, 0x3186, 1, 0x8C0C, 1, 0x9C4A, 6,
    0x8A88, 2, 0x9C4A, 3, 0x8A88, 1, 0x8986, 2,
    0x18C5, 40, 0x3189, 8, 0x498A, 18, 0x416A, 1,
    0x498A, 2, 0x416A, 5, 0x3189, 1, 0x6000, 1,
    0x7062, 1, 0x6000, 1, 0x8A88, 1, 0x8986, 2,
    0x7411, 1, 0x8CD3, 9, 0x7411, 2, 0x632D, 1,
    0x20A3, 3, 0x8A88, 2, 0x6B8E, 2, 0x632D, 3,
    0x39E9, 2, 0x4A6A, 1, 0x8C0C, 3, 0xD5ED, 1,
    0xB4EC, 1, 0x6B2C, 2, 0x9C4A, 5, 0x8A88, 1,
    0x9C4A, 5, 0x8C0C, 1, 0x8986, 1, 0x9C4A, 1,
    0x18C5, 39, 0x3189, 9, 0x498A, 16, 0x416A, 13,
    0x9083, 1, 0x8986, 1, 0x8C0C, 1, 0x3186, 1,
    0x7411, 1, 0x8CD3, 5, 0x7411, 1, 0x8CD3, 1,
    0x7411, 4, 0x632D, 1, 0x4841, 1, 0x20A3, 1,
    0x8986, 1, 0x8A88, 1, 0x6B8E, 1, 0x632D, 3,
    0x5AAB, 2, 0x4A6A, 3, 0x8C0C, 2, 0xB4EC, 1,
    0xD5ED, 2, 0xB4EC, 3, 0x9C4A, 3, 0x8A88, 2,
    0x9C4A, 5, 0x8A88, 1, 0x9C4A, 1, 0x5AAB, 1,
    0x18C5, 38, 0x3189, 9, 0x498A, 16, 0x416A, 1,
    0x3189, 1, 0x1927, 4, 0x416A, 8, 0x3189, 1,
    0x8A88, 1, 0x8C0C, 1, 0x3186, 1, 0x52CC, 1,
    0x8CD3, 3, 0x7411, 9, 0x52CC, 1, 0x7062, 1,
    0x5AAB, 1, 0x52CC, 1, 0x632D, 3, 0x52CC, 1,
    0x5AAB, 1, 0x4A6A, 1, 0x39E9, 1, 0x4A6A, 1,
    0x8C0C, 2, 0xD5ED, 1, 0xB4EC, 1, 0xD5ED, 2,
    0xB4EC, 1, 0x9C4A, 12, 0x8A88, 2, 0xB4EC, 1,
    0x18C5, 38, 0x3189, 9, 0x498A, 17, 0x416A, 6,
    0x3189, 1, 0x416A, 7, 0x8C0C, 1, 0x8A88, 1,
    0x3186, 1, 0x6B8E, 1, 0x8CD3, 4, 0x7411, 8,
    0x3186, 1, 0x8A88, 2, 0x6B8E, 4, 0x632D, 1,
    0x5AAB, 2, 0x4A6A, 2, 0x8C0C, 1, 0xB4EC, 1,
    0xD5ED, 3, 0xB4EC, 2, 0xD5ED, 4, 0x18C5, 2,
    0x9C4A, 4, 0x8A88, 1, 0x9C4A, 1, 0x5AAB, 1,
    0x6B2C, 1, 0x8A88, 1, 0x18C5, 37, 0x1927, 1,
    0x3189, 9, 0x498A, 17, 0x416A, 14, 0x8986, 1,
    0x3186, 2, 0x7411, 1, 0x8CD3, 2, 0x7411, 10,
    0x39E9, 1, 0x632D, 7, 0x52CC, 3, 0xF6CE, 5,
    0xD5ED, 6, 0x18C5, 6, 0x8A88, 1, 0x3186, 1,
    0x5AAB, 2, 0x7125, 1, 0x8A88, 1, 0x18C5, 37,
    0x3189, 9, 0x498A, 17, 0x416A, 14, 0x3189, 1,
    0x8986, 1, 0x632D, 1, 0x3186, 1, 0x6B8E, 1,
    0x7411, 10, 0x52CC, 1, 0x39E9, 1, 0x6B8E, 1,
    0x632D, 1, 0x52CC, 1, 0x6B8E, 3, 0x632D, 4,
    0x8CD3, 1, 0xF6CE, 5, 0xD5ED, 6, 0x18C5, 8,
    0x3186, 1, 0x9C4A, 1, 0x8A88, 1, 0x7062, 1,
    0x18C5, 36, 0x1927, 1, 0x3189, 9, 0x498A, 17,
    0x416A, 14, 0x3189, 1, 0x9083, 1, 0x8C0C, 1,
    0x52CC, 1, 0x7411, 9, 0x632D, 1, 0x52CC, 1,
    0x39E9, 1, 0x6B8E, 1, 0x4A6A, 1, 0x52CC, 1,
    0x6B8E, 3, 0x632D, 1, 0x6B8E, 2, 0x8CD3, 1,
    0xF6CE, 5, 0xD5ED, 7, 0x18C5, 9, 0x3000, 1,
    0x5AAB, 1, 0x9C4A, 1, 0x6B8E, 1, 0x18C5, 35,
    0x10A3, 1, 0x1927, 1, 0x3189, 8, 0x498A, 18,
    0x416A, 14, 0x3189, 1, 0x8A88, 1, 0x6B8E, 1,
    0x3186, 1, 0x6B8E, 1, 0x7411, 4, 0x8CD3, 3,
    0x632D, 4, 0x5AAB, 1, 0x632D, 1, 0x6B8E, 2,
    0x632D, 1, 0x6B8E, 3, 0x8CD3, 2, 0xF6CE, 5,
    0xD5ED, 6, 0x0862, 1, 0x10A3, 1, 0x2125, 1,
    0x18C5, 7, 0x3000, 1, 0x5AAB, 1, 0x9C4A, 1,
    0x5AAB, 1, 0x18C5, 35, 0x10A3, 1, 0x3189, 9,
    0x498A, 18, 0x2125, 1, 0x5AAB, 1, 0x416A, 12,
    0x3189, 1, 0x416A, 1, 0x8A88, 1, 0x52CC, 1,
    0x7411, 5, 0x8CD3, 1, 0x7411, 2, 0x3186, 1,
    0x2125, 1, 0x52CC, 1, 0x4A6A, 1, 0x6B8E, 6,
    0x8CD3, 3, 0xF6CE, 7, 0xD5ED, 4, 0x0862, 2,
    0x39E9, 2, 0x8986, 1, 0x3186, 1, 0x18C5, 5,
    0x3000, 1, 0x8A88, 1, 0x5AAB, 1, 0x3186, 1,
    0x18C5, 33, 0x8CD3, 1, 0x10A3, 2, 0x3189, 9,
    0x498A, 17, 0x416A, 14, 0x3189, 2, 0x416A, 1,
    0x8986, 1, 0x3186, 1, 0x52CC, 1, 0x7411, 5,
    0x3186, 1, 0x2125, 1, 0x10A3, 1, 0x5AAB, 1,
    0x4A6A, 1, 0x6B8E, 6, 0x8CD3, 1, 0x7411, 1,
    0x8CD3, 2, 0xF6CE, 6, 0xD5ED, 5, 0x0862, 2,
    0x7125, 1, 0x3186, 1, 0x7125, 4, 0x0862, 1,
    0x18C5, 2, 0x7000, 1, 0x8A88, 2, 0x18C5, 33,
    0x6B8E, 2, 0x10A3, 1, 0x1927, 1, 0x3189, 8,
    0x498A, 18, 0x416A, 14, 0x3189, 2, 0x416A, 1,
    0x8986, 1, 0x2125, 1, 0x7411, 4, 0x3186, 1,
    0x2125, 2, 0x4A6A, 1, 0x39E9, 1, 0x4A6A, 1,
    0x632D, 2, 0x5AAB, 1, 0x6B8E, 2, 0x8CD3, 3,
    0x7411, 1, 0x8CD3, 3, 0xF6CE, 1, 0xD5ED, 1,
    0xF6CE, 3, 0xD5ED, 4, 0x0862, 2, 0x7125, 1,
    0x3186, 1, 0x2926, 1, 0x20A3, 1, 0x7125, 1,
    0x3186, 1, 0x8986, 1, 0x2125, 1, 0x18C5, 2,
    0x7800, 1, 0x3186, 2, 0x18C5, 31, 0x6B8E, 1,
    0x632D, 1, 0x7000, 1, 0x8986, 5, 0x1927, 6,
    0x3189, 1, 0x498A, 17, 0x416A, 14, 0x3189, 2,
    0x416A, 1, 0x8986, 1, 0x2125, 1, 0x3186, 1,
    0x6B8E, 1, 0x52CC, 2, 0x3186, 1, 0x5AAB, 1,
    0x4A6A, 1, 0x7125, 1, 0x39E9, 1, 0x632D, 1,
    0x5AAB, 3, 0x52CC, 1, 0x8CD3, 5, 0xF6CE, 3,
    0x8CD3, 1, 0xD5ED, 1, 0xF6CE, 1, 0xD5ED, 5,
    0x0862, 2, 0x7125, 1, 0x8986, 1, 0x2125, 2,
    0x0862, 1, 0x20A3, 2, 0x8986, 2, 0x18C5, 2,
    0x7800, 1, 0x3186, 1, 0x18C5, 31, 0x7000, 1,
    0x8986, 2, 0x20A3, 1, 0x8000, 1, 0x7800, 1,
    0x20E5, 1, 0x4800, 1, 0x20A3, 2, 0x3000, 1,
    0x7000, 3, 0x18C5, 1, 0x3189, 9, 0x498A, 8,
    0x416A, 15, 0x3189, 1, 0x416A, 2, 0x7125, 1,
    0x20E5, 2, 0x3186, 1, 0x52CC, 1, 0x7125, 1,
    0x8A88, 1, 0x49E9, 1, 0x39E9, 1, 0x632D, 1,
    0x52CC, 1, 0x5AAB, 3, 0x52CC, 1, 0x8CD3, 4,
    0xF6CE, 13, 0x10A3, 1, 0x2926, 1, 0x7125, 1,
    0x3186, 1, 0x0862, 1, 0x20A3, 1, 0x2125, 1,
    0x10A3, 1, 0x20A3, 1, 0x3186, 1, 0x8986, 1,
    0x18C5, 2, 0x7800, 1, 0x3186, 1, 0x18C5, 28,
    0x8CD3, 1, 0x7000, 1, 0x8986, 1, 0x3000, 2,
    0x8800, 1, 0x632D, 4, 0x8A88, 2, 0x4A6A, 3,
    0x10A3, 1, 0x20A3, 2, 0x3000, 2, 0x8986, 1,
    0x7000, 5, 0x3189, 3, 0x416A, 20, 0x3189, 2,
    0x416A, 2, 0x3186, 1, 0x2125, 1, 0x20E5, 1,
    0x8986, 1, 0x7125, 1, 0x5AAB, 1, 0x49E9, 1,
    0x39E9, 1, 0x632D, 2, 0x5AAB, 2, 0x52CC, 1,
    0x7411, 1, 0x8CD3, 1, 0x7411, 1, 0x8CD3, 2,
    0xF6CE, 14, 0x0862, 1, 0x7125, 2, 0x20A3, 1,
    0x2125, 2, 0x5AAB, 1, 0x2125, 3, 0x7125, 1,
    0x18C5, 2, 0x7000, 1, 0x18C5, 27, 0xA001, 1,
    0x7000, 1, 0x8986, 1, 0x2000, 2, 0x7000, 1,
    0x5AAB, 5, 0x8A88, 1, 0x5AAB, 1, 0x632D, 7,
    0x5AAB, 1, 0x52CC, 1, 0x20A3, 6, 0x8986, 4,
    0x7000, 6, 0x3800, 1, 0x3189, 2, 0x416A, 10,
    0x3189, 2, 0x416A, 3, 0x52CC, 1, 0x39E9, 1,
    0x5AAB, 2, 0x39E9, 1, 0x4A6A, 1, 0x632D, 2,
    0x5AAB, 1, 0x52CC, 2, 0x8CD3, 3, 0xF6CE, 1,
    0x7411, 1, 0xF6CE, 4, 0x7411, 2, 0xF6CE, 4,
    0xB4EC, 1, 0xF6CE, 4, 0x3186, 1, 0x7125, 1,
    0x2125, 2, 0x5AAB, 2, 0x3186, 1, 0x5AAB, 1,
    0x2125, 1, 0x20A3, 1, 0x3186, 1, 0x2926, 1,
    0x18C5, 1, 0x4841, 1, 0x18C5, 25, 0xA001, 1,
    0x6000, 1, 0x8986, 1, 0x2000, 2, 0x7062, 2,
    0x632D, 1, 0x5AAB, 7, 0x8A88, 1, 0x632D, 1,
    0x6B8E, 13, 0x4A6A, 4, 0x20A3, 3, 0x2125, 1,
    0x10A3, 5, 0x3000, 1, 0x8986, 2, 0x3000, 1,
    0x8986, 4, 0x2000, 1, 0x8986, 2, 0x7000, 3,
    0x18C5, 1, 0x4A6A, 1, 0x8A88, 1, 0x4A6A, 1,
    0x39E9, 1, 0x632D, 1, 0x6B8E, 1, 0x5AAB, 2,
    0x52CC, 1, 0x8CD3, 3, 0xF6CE, 3, 0x6B8E, 1,
    0x7411, 1, 0xF6CE, 3, 0x7411, 1, 0x2125, 1,
    0x39E9, 1, 0xF6CE, 3, 0xB4EC, 1, 0xF6CE, 3,
    0x20E5, 1, 0x3186, 1, 0x7125, 1, 0x0862, 1,
    0x2125, 1, 0x3186, 1, 0x0862, 1, 0x3800, 1,
    0x3186, 2, 0x20A3, 1, 0x2125, 1, 0x3186, 1,
    0x18C5, 24, 0x8CD3, 1, 0xA001, 1, 0x6000, 1,
    0x8986, 2, 0x2000, 1, 0x7125, 2, 0x6B8E, 2,
    0x4A6A, 1, 0x5AAB, 5, 0x632D, 4, 0x6B8E, 1,
    0x632D, 2, 0x6B8E, 1, 0x7411, 2, 0xB4EC, 1,
    0x6B8E, 4, 0x632D, 1, 0x6B8E, 9, 0x5AAB, 2,
    0x632D, 2, 0x6B8E, 2, 0x632D, 3, 0x8986, 1,
    0x7800, 3, 0x6000, 1, 0x2000, 1, 0x8986, 2,
    0x6000, 1, 0x7125, 2, 0x4A6A, 3, 0x632D, 3,
    0x5AAB, 2, 0x7411, 1, 0x8CD3, 1, 0xF6CE, 5,
    0x6B8E, 2, 0xF6CE, 3, 0x2125, 2, 0x39E9, 1,
    0xF6CE, 3, 0xB4EC, 1, 0xF6CE, 3, 0x20E5, 1,
    0x3186, 2, 0x20A3, 1, 0x49E9, 1, 0x3800, 1,
    0x20A3, 2, 0x3800, 1, 0x10A3, 1, 0x2125, 2,
    0x39E9, 1, 0x18C5, 22, 0x8CD3, 1, 0x7411, 1,
    0x6000, 1, 0x8986, 2, 0x2000, 2, 0x2125, 1,
    0x632D, 2, 0x9C4A, 3, 0x632D, 2, 0x4A6A, 1,
    0x632D, 2, 0x6B8E, 1, 0x7411, 1, 0xB4EC, 2,
    0x6B8E, 1, 0xB4EC, 3, 0x6B8E, 2, 0x632D, 1,
    0xB4EC, 4, 0x9C4A, 2, 0x7411, 1, 0x632D, 2,
    0x6B8E, 1, 0x632D, 4, 0x6B8E, 4, 0x632D, 3,
    0x8986, 1, 0x632D, 1, 0x8986, 1, 0x7800, 1,
    0x10A3, 2, 0x8986, 2, 0x50E5, 1, 0x7125, 3,
    0x49E9, 1, 0x632D, 6, 0x8CD3, 2, 0x7411, 1,
    0xF6CE, 6, 0x6B8E, 1, 0x9C4A, 1, 0xF6CE, 3,
    0xB4EC, 1, 0xF6CE, 1, 0x39E9, 1, 0xF6CE, 1,
    0xD5ED, 1, 0xF6CE, 1, 0xB4EC, 1, 0xF6CE, 3,
    0x2125, 1, 0x8986, 1, 0x20A3, 1, 0x2125, 1,
    0x0862, 1, 0x20A3, 4, 0x0862, 1, 0x2125, 1,
    0x20A3, 1, 0x39E9, 1, 0x18C5, 20, 0x8CD3, 1,
    0x7411, 1, 0x9083, 1, 0x6000, 1, 0x8986, 1,
    0x2000, 2, 0x7062, 2, 0x52CC, 1, 0x9C4A, 5,
    0x6B2C, 2, 0x9C4A, 1, 0x6B2C, 2, 0x4A6A, 1,
    0x52CC, 2, 0x632D, 4, 0x6B8E, 1, 0xB4EC, 4,
    0x632D, 3, 0x6B8E, 2, 0x9C4A, 2, 0x632D, 5,
    0x6B8E, 2, 0x632D, 2, 0x8986, 3, 0x632D, 2,
    0x7800, 1, 0x2000, 2, 0x8986, 1, 0x7000, 1,
    0x50E5, 3, 0x49E9, 2, 0x52CC, 2, 0x632D, 1,
    0x6B8E, 2, 0x8C0C, 1, 0x5AAB, 1, 0x8CD3, 4,
    0xF6CE, 2, 0x8CD3, 2, 0xF6CE, 3, 0x9C4A, 1,
    0xF6CE, 4, 0xB4EC, 1, 0xD5ED, 1, 0xF6CE, 1,
    0xB4EC, 1, 0xF6CE, 1, 0x6B2C, 1, 0xF6CE, 3,
    0x3186, 1, 0x7125, 1, 0x0862, 1, 0x5AAB, 1,
    0x3800, 1, 0x20A3, 1, 0x0862, 1, 0x20A3, 1,
    0x10A3, 1, 0x20A3, 1, 0x2125, 1, 0x20A3, 1,
    0x39E9, 1, 0x2125, 1, 0x18C5, 17, 0x8CD3, 1,
    0x632D, 1, 0x9083, 1, 0x7062, 1, 0x7125, 2,
    0x2000, 1, 0x3189, 2, 0x9C4A, 1, 0x632D, 2,
    0x9C4A, 2, 0x39E9, 1, 0x8C0C, 2, 0x5000, 1,
    0x4A6A, 1, 0x9C4A, 1, 0x8986, 1, 0x8C0C, 2,
    0x632D, 1, 0xB4EC, 2, 0x632D, 1, 0x52CC, 1,
    0x6B8E, 1, 0x632D, 5, 0x6B8E, 1, 0xB4EC, 3,
    0x6B8E, 2, 0x632D, 1, 0xB4EC, 3, 0x6B8E, 2,
    0x632D, 3, 0x8986, 4, 0x7800, 1, 0x2000, 1,
    0x8986, 2, 0x39E9, 1, 0x4841, 1, 0x50E5, 1,
    0x49E9, 4, 0x52CC, 2, 0x6B8E, 1, 0x632D, 3,
    0x5AAB, 1, 0x8CD3, 5, 0x7411, 1, 0x8CD3, 2,
    0x6B8E, 1, 0x632D, 1, 0xF6CE, 2, 0x9C4A, 1,
    0xF6CE, 5, 0xD5ED, 1, 0xB4EC, 2, 0x7411, 1,
    0x6B2C, 1, 0xF6CE, 2, 0xD5ED, 1, 0x2926, 2,
    0x2125, 1, 0x3186, 1, 0x20A3, 2, 0x0862, 1,
    0x10A3, 1, 0x0862, 1, 0x20A3, 1, 0x5AAB, 1,
    0x20A3, 1, 0x6B8E, 1, 0x2125, 1, 0x18C5, 15,
    0xB4EC, 1, 0x7411, 2, 0x8986, 1, 0x9083, 1,
    0x7125, 2, 0x2000, 1, 0x20E5, 2, 0x8C0C, 4,
    0x6B2C, 1, 0x8C0C, 1, 0x50E5, 1, 0x8C0C, 2,
    0x50E5, 1, 0xB4EC, 2, 0x2125, 1, 0x8C0C, 3,
    0xB4EC, 1, 0x4A6A, 3, 0xB4EC, 2, 0x6B8E, 1,
    0x632D, 6, 0x52CC, 1, 0x632D, 2, 0x52CC, 1,
    0xB4EC, 3, 0x7411, 1, 0x6B8E, 1, 0x632D, 2,
    0x4A6A, 2, 0x632D, 1, 0x8000, 2, 0x0862, 1,
    0x8986, 1, 0x4841, 2, 0x39E9, 1, 0x49E9, 3,
    0x52CC, 3, 0x6B8E, 1, 0x632D, 2, 0x6B8E, 1,
    0x632D, 1, 0x8CD3, 6, 0x7411, 3, 0x6B8E, 2,
    0x3186, 1, 0x8CD3, 1, 0xF6CE, 1, 0xB4EC, 1,
    0x8CD3, 1, 0xF6CE, 1, 0xD5ED, 2, 0xF6CE, 1,
    0xD5ED, 2, 0xF6CE, 1, 0x7411, 1, 0x9C4A, 1,
    0xF6CE, 1, 0xD5ED, 1, 0x10A3, 1, 0x3186, 1,
    0x20A3, 1, 0x2125, 1, 0x10A3, 2, 0x20A3, 1,
    0x10A3, 2, 0x20A3, 2, 0x2125, 1, 0x20A3, 1,
    0x39E9, 1, 0x2125, 1, 0x18C5, 15, 0x6B8E, 2,
    0x8986, 2, 0x5000, 1, 0x7125, 1, 0x2000, 1,
    0x5000, 2, 0x52CC, 1, 0x8C0C, 2, 0x8A88, 1,
    0x6B2C, 1, 0x8C0C, 1, 0x5000, 1, 0x7125, 1,
    0x3186, 1, 0x39E9, 2, 0x4A6A, 1, 0xB4EC, 2,
    0x5AAB, 1, 0xB4EC, 3, 0x4A6A, 1, 0xB4EC, 3,
    0x4A6A, 1, 0x6B8E, 2, 0xB4EC, 2, 0x6B8E, 2,
    0x5AAB, 1, 0x52CC, 1, 0x4A6A, 1, 0xB4EC, 4,
    0x4A6A, 2, 0xB4EC, 3, 0x7411, 2, 0x20E5, 1,
    0x2000, 1, 0x8986, 1, 0x4841, 1, 0x50E5, 1,
    0x39E9, 3, 0x4A6A, 2, 0x52CC, 3, 0x6B8E, 1,
    0x632D, 1, 0x6B8E, 1, 0x632D, 2, 0x8CD3, 7,
    0x7411, 1, 0xD5ED, 1, 0x7411, 1, 0xF6CE, 1,
    0x9C4A, 1, 0x3186, 1, 0xF6CE, 1, 0xD5ED, 2,
    0x7411, 1, 0xF6CE, 1, 0x9C4A, 2, 0xD5ED, 2,
    0x3189, 1, 0x2125, 1, 0x0000, 1, 0xF6CE, 1,
    0xD5ED, 2, 0x20E5, 1, 0x3186, 1, 0x20A3, 1,
    0x5AAB, 1, 0x3800, 1, 0x0862, 1, 0x10A3, 1,
    0x20A3, 2, 0x10A3, 1, 0x6000, 1, 0x7125, 1,
    0x20A3, 1, 0x6B8E, 1, 0x18C5, 15, 0x6B8E, 1,
    0x7411, 1, 0x632D, 1, 0x8986, 1, 0x5000, 1,
    0x7125, 1, 0x2000, 1, 0x5000, 2, 0x4A6A, 1,
    0x52CC, 2, 0x8C0C, 1, 0x8A88, 1, 0x39E9, 2,
    0x9C4A, 1, 0x6B2C, 1, 0x8C0C, 2, 0x39E9, 1,
    0x4841, 2, 0x4A6A, 1, 0x39E9, 1, 0x50E5, 1,
    0x20E5, 2, 0x8C0C, 1, 0x9C4A, 1, 0x6B2C, 2,
    0x8C0C, 1, 0xB4EC, 2, 0x52CC, 1, 0xB4EC, 2,
    0x9C4A, 1, 0x8C0C, 2, 0x9C4A, 1, 0x8C0C, 1,
    0x4841, 2, 0x4A6A, 1, 0xB4EC, 1, 0x9C4A, 1,
    0x2125, 2, 0x52CC, 2, 0x0862, 1, 0x8986, 1,
    0x4841, 2, 0x39E9, 3, 0x4A6A, 5, 0x52CC, 1,
    0x632D, 2, 0x6B8E, 2, 0x8CD3, 9, 0x7411, 1,
    0xF6CE, 3, 0x8CD3, 1, 0x7411, 1, 0xD5ED, 3,
    0x3186, 1, 0xF6CE, 1, 0x8A88, 1, 0xD5ED, 1,
    0x7411, 1, 0x39E9, 1, 0x20A3, 2, 0x9C4A, 1,
    0xF6CE, 1, 0xD5ED, 2, 0x10A3, 1, 0x3186, 1,
    0x20A3, 1, 0x49E9, 1, 0x3800, 1, 0x20A3, 1,
    0x0862, 2, 0x6000, 1, 0x0862, 1, 0x20A3, 1,
    0x2125, 1, 0x20A3, 1, 0x39E9, 1, 0x18C5, 14,
    0x6B8E, 1, 0x632D, 1, 0x5AAB, 2, 0x5000, 1,
    0x7125, 1, 0x2000, 1, 0x6000, 2, 0x5AAB, 1,
    0x4A6A, 1, 0x39E9, 1, 0x4A6A, 1, 0x8C0C, 1,
    0x39E9, 1, 0x8A88, 1, 0x6B2C, 1, 0x9C4A, 2,
    0x8C0C, 1, 0x9C4A, 3, 0x8C0C, 1, 0x4A6A, 2,
    0x39E9, 3, 0x4A6A, 1, 0x20E5, 1, 0x39E9, 1,
    0x8C0C, 1, 0x6B2C, 3, 0x8C0C, 1, 0x6B2C, 2,
    0x8C0C, 1, 0x4841, 1, 0x7125, 1, 0x3800, 1,
    0x9C4A, 5, 0x52CC, 1, 0x7125, 1, 0x7800, 1,
    0x0862, 1, 0x8986, 1, 0x7125, 1, 0x5000, 1,
    0x3000, 3, 0x52CC, 6, 0x632D, 2, 0x52CC, 1,
    0x6B8E, 1, 0x632D, 1, 0x8CD3, 7, 0x7411, 1,
    0x8CD3, 1, 0x6B8E, 1, 0x7411, 1, 0xF6CE, 1,
    0xD5ED, 1, 0xB4EC, 1, 0xD5ED, 4, 0xF6CE, 1,
    0x3186, 1, 0xD5ED, 1, 0x8A88, 1, 0x9C4A, 1,
    0x39E9, 1, 0x20A3, 2, 0xF6CE, 2, 0xD5ED, 2,
    0x9C4A, 1, 0x2125, 1, 0x3186, 1, 0x20A3, 1,
    0x3186, 1, 0x20A3, 2, 0x10A3, 1, 0x0862, 1,
    0x20A3, 1, 0x10A3, 1, 0x20A3, 1, 0x5AAB, 1,
    0x20A3, 1, 0x39E9, 1, 0x18C5, 13, 0x52CC, 1,
    0x632D, 1, 0x5AAB, 3, 0x7125, 1, 0x2000, 1,
    0x5000, 2, 0x4A6A, 3, 0x20E5, 1, 0x8C0C, 3,
    0x5000, 1, 0x4841, 2, 0x39E9, 1, 0x8C0C, 3,
    0x9C4A, 1, 0x8C0C, 1, 0x9C4A, 1, 0x8C0C, 3,
    0x4A6A, 7, 0x8C0C, 1, 0x6B2C, 2, 0x8C0C, 1,
    0x3186, 1, 0x39E9, 1, 0x3000, 1, 0x39E9, 1,
    0x9C4A, 5, 0x49E9, 1, 0x7000, 1, 0x2000, 1,
    0x7125, 2, 0x50E5, 4, 0x52CC, 6, 0x632D, 1,
    0x5AAB, 3, 0x4A6A, 1, 0x7411, 1, 0x8CD3, 1,
    0x7411, 1, 0x8CD3, 3, 0x7411, 1, 0x8CD3, 1,
    0x8A88, 2, 0x632D, 1, 0xF6CE, 2, 0xB4EC, 1,
    0xF6CE, 1, 0xD5ED, 3, 0x3186, 1, 0x2125, 1,
    0x3186, 1, 0x8C0C, 1, 0xA001, 1, 0x9C4A, 1,
    0x39E9, 1, 0xF6CE, 3, 0x9C4A, 4, 0x2125, 1,
    0x3186, 1, 0x2125, 1, 0x9C4A, 1, 0x7000, 1,
    0x20A3, 1, 0x0862, 2, 0x10A3, 1, 0x20A3, 2,
    0x2125, 1, 0x20A3, 1, 0x39E9, 1, 0x18C5, 12,
    0x3186, 1, 0x8986, 3, 0x8000, 1, 0x7125, 1,
    0x2000, 1, 0x6000, 2, 0x7062, 1, 0x4A6A, 2,
    0x7062, 1, 0x39E9, 1, 0x8C0C, 2, 0x4A6A, 1,
    0x4841, 2, 0x50E5, 1, 0x3800, 1, 0x4800, 2,
    0x50E5, 1, 0x39E9, 2, 0x6B2C, 2, 0x9C4A, 1,
    0x8C0C, 1, 0x9C4A, 2, 0x6B2C, 3, 0x9C4A, 1,
    0x4841, 1, 0x8A88, 2, 0x50E5, 2, 0x9C4A, 1,
    0x39E9, 1, 0x9C4A, 1, 0x50E5, 1, 0x9C4A, 4,
    0x4A6A, 1, 0x6000, 1, 0x2000, 2, 0x7125, 1,
    0x4841, 1, 0x50E5, 1, 0x39E9, 1, 0x49E9, 2,
    0x4A6A, 1, 0x52CC, 3, 0x6B2C, 1, 0xB4EC, 1,
    0x5AAB, 1, 0x2125, 1, 0x7125, 2, 0x632D, 2,
    0x6B8E, 1, 0x9C4A, 1, 0x7411, 1, 0x6B8E, 1,
    0x8CD3, 1, 0x7411, 2, 0x8A88, 1, 0x3186, 1,
    0x39E9, 1, 0xF6CE, 2, 0xB4EC, 2, 0xD5ED, 1,
    0x3186, 3, 0x20A3, 1, 0x9C4A, 1, 0x39E9, 1,
    0xA001, 2, 0x39E9, 2, 0x9C4A, 3, 0x2926, 1,
    0x9C4A, 1, 0x10A3, 1, 0x2926, 1, 0x2125, 2,
    0x9C4A, 1, 0x20A3, 2, 0x10A3, 1, 0x20A3, 1,
    0x10A3, 1, 0x0862, 2, 0x2125, 2, 0x3186, 1,
    0x18C5, 11, 0x7125, 1, 0x8986, 1, 0x9083, 1,
    0x8000, 2, 0x7125, 1, 0x3000, 3, 0x6000, 1,
    0x7125, 1, 0x4A6A, 1, 0x7125, 1, 0x20A3, 1,
    0x39E9, 2, 0x8C0C, 1, 0x39E9, 2, 0x4841, 1,
    0x39E9, 1, 0x5000, 2, 0x4800, 2, 0x5000, 1,
    0x4800, 3, 0x4841, 1, 0x39E9, 2, 0x9C4A, 1,
    0x6B2C, 2, 0x8A88, 3, 0x50E5, 2, 0x9C4A, 3,
    0x50E5, 1, 0x632D, 1, 0x9C4A, 3, 0x8C0C, 1,
    0x52CC, 1, 0x6000, 1, 0x2000, 2, 0x7125, 1,
    0x50E5, 4, 0x4A6A, 2, 0x52CC, 2, 0x6B2C, 1,
    0xB4EC, 1, 0x9C4A, 1, 0x6B8E, 1, 0x50E5, 1,
    0x4841, 1, 0x7125, 2, 0x3186, 1, 0x632D, 1,
    0x3186, 1, 0x9C4A, 1, 0x3186, 1, 0x6B8E, 1,
    0x7411, 2, 0x6B8E, 1, 0x7411, 1, 0x39E9, 1,
    0xF6CE, 3, 0xB4EC, 1, 0x9C4A, 1, 0x7411, 1,
    0x3186, 1, 0x20A3, 2, 0xF6CE, 1, 0x9C4A, 1,
    0x39E9, 1, 0xA001, 1, 0x9083, 1, 0x6B2C, 1,
    0x39E9, 1, 0x3186, 3, 0x2926, 1, 0x6B2C, 1,
    0x10A3, 1, 0x2125, 3, 0x3186, 1, 0x3800, 1,
    0x20A3, 2, 0x10A3, 1, 0x20A3, 1, 0x10A3, 2,
    0x2125, 1, 0x3186, 1, 0x2926, 1, 0x18C5, 10,
    0x7062, 1, 0x6000, 2, 0x7000, 1, 0x7062, 1,
    0x50E5, 1, 0x4841, 1, 0x2000, 2, 0x6000, 1,
    0x7125, 2, 0x4A6A, 1, 0x7125, 1, 0x10A3, 2,
    0x4A6A, 1, 0x8C0C, 2, 0x50E5, 1, 0x4841, 1,
    0x8A88, 2, 0x50E5, 1, 0x4841, 1, 0x4800, 4,
    0x3000, 4, 0x4800, 2, 0x9C4A, 1, 0x8A88, 5,
    0x7000, 2, 0x52CC, 1, 0x9C4A, 2, 0x8C0C, 3,
    0x52CC, 1, 0x4841, 1, 0x2000, 2, 0x4841, 2,
    0x50E5, 2, 0x39E9, 2, 0x49E9, 1, 0x52CC, 3,
    0xB4EC, 2, 0x3186, 1, 0x20E5, 1, 0x7062, 4,
    0x7800, 1, 0x2125, 2, 0x3186, 1, 0x6B8E, 1,
    0x632D, 2, 0x6B8E, 1, 0x7411, 1, 0x39E9, 1,
    0x9C4A, 1, 0xF6CE, 3, 0xB4EC, 1, 0x9C4A, 1,
    0x39E9, 1, 0x20A3, 1, 0xF6CE, 3, 0x9C4A, 1,
    0x39E9, 1, 0x8A88, 1, 0x9083, 2, 0x8A88, 1,
    0x9083, 3, 0x2926, 1, 0x6B2C, 1, 0x20E5, 1,
    0x2926, 1, 0x3186, 1, 0x20A3, 1, 0x49E9, 1,
    0x3800, 1, 0x0862, 1, 0x20A3, 1, 0x0862, 1,
    0x20A3, 2, 0x3186, 1, 0x20A3, 1, 0x7125, 1,
    0x18C5, 11, 0x6000, 2, 0x7000, 2, 0x7062, 1,
    0x4841, 2, 0x50E5, 1, 0x2000, 1, 0x5000, 2,
    0x39E9, 1, 0x50E5, 2, 0x7062, 1, 0x10A3, 1,
    0x39E9, 2, 0x9C4A, 1, 0x8C0C, 3, 0x3186, 4,
    0x4841, 4, 0x4800, 5, 0x4841, 1, 0x3000, 1,
    0x7125, 1, 0x3186, 1, 0x4800, 1, 0x9C4A, 3,
    0x20E5, 1, 0x6000, 1, 0x20A3, 2, 0x52CC, 1,
    0x632D, 1, 0x4841, 1, 0x2000, 2, 0x5000, 2,
    0x50E5, 3, 0x39E9, 1, 0x4A6A, 3, 0x8C0C, 2,
    0xB4EC, 2, 0x4841, 1, 0x18C5, 2, 0x6000, 1,
    0x7062, 1, 0x7800, 2, 0x2926, 1, 0x2125, 1,
    0x2926, 1, 0x6B8E, 1, 0x632D, 1, 0x6B8E, 3,
    0x9C4A, 1, 0xF6CE, 4, 0x39E9, 1, 0xA001, 1,
    0x6B8E, 1, 0x9C4A, 1, 0xF6CE, 1, 0x9C4A, 2,
    0x8A88, 1, 0x2125, 1, 0x8A88, 1, 0x9083, 3,
    0x2926, 3, 0x0862, 1, 0x2125, 3, 0x3186, 1,
    0x20A3, 1, 0x5AAB, 1, 0x10A3, 2, 0x20A3, 1,
    0x0862, 1, 0x20A3, 1, 0x3800, 1, 0x2125, 1,
    0x20A3, 1, 0x8986, 1, 0x18C5, 11, 0x7000, 3,
    0x7062, 1, 0x7125, 1, 0x4841, 2, 0x50E5, 1,
    0x2000, 1, 0x5000, 2, 0x39E9, 1, 0x50E5, 3,
    0x4841, 1, 0x5000, 1, 0x3186, 1, 0x8A88, 1,
    0x6B2C, 2, 0x8C0C, 2, 0x6B2C, 1, 0x4800, 1,
    0x3000, 1, 0x4841, 1, 0x3186, 2, 0x4841, 6,
    0x8A88, 2, 0x8C0C, 2, 0x9C4A, 2, 0x39E9, 1,
    0x20A3, 1, 0x6000, 3, 0x7125, 1, 0x7062, 1,
    0x6000, 1, 0x2000, 2, 0x4841, 4, 0x50E5, 2,
    0x49E9, 2, 0x4A6A, 2, 0x52CC, 1, 0xB4EC, 1,
    0x3186, 1, 0x7125, 1, 0x0862, 2, 0x10A3, 1,
    0x18C5, 3, 0x6000, 1, 0x5000, 1, 0x3186, 1,
    0x632D, 1, 0x7411, 1, 0x2926, 1, 0x39E9, 1,
    0x6B8E, 1, 0x3186, 1, 0x9C4A, 1, 0xF6CE, 4,
    0x3186, 1, 0xA001, 1, 0x6B8E, 1, 0x3186, 1,
    0x9C4A, 1, 0x3186, 2, 0x6B2C, 1, 0x3186, 1,
    0x9083, 1, 0x4A6A, 1, 0x2926, 2, 0x10A3, 3,
    0x3186, 1, 0x20E5, 1, 0x2125, 2, 0x3186, 1,
    0x20A3, 1, 0x2125, 1, 0x3186, 1, 0x20A3, 3,
    0x3800, 1, 0x3186, 1, 0x2125, 2, 0x8986, 1,
    0x18C5, 11, 0x7000, 2, 0x8C0C, 2, 0x7125, 1,
    0x50E5, 1, 0x4841, 2, 0x49E9, 1, 0x2000, 1,
    0x5000, 2, 0x39E9, 1, 0x50E5, 2, 0x5000, 3,
    0x10A3, 1, 0x3186, 1, 0x8A88, 1, 0x6B2C, 5,
    0x39E9, 2, 0x6B2C, 3, 0x8C0C, 2, 0x6B2C, 1,
    0x8C0C, 3, 0x4A6A, 1, 0x10A3, 2, 0x6000, 5,
    0x7125, 1, 0x6000, 1, 0x3000, 3, 0x5000, 2,
    0x4841, 1, 0x50E5, 4, 0x49E9, 2, 0x4A6A, 2,
    0xB4EC, 1, 0x3186, 1, 0x7062, 1, 0x7800, 1,
    0x0862, 3, 0x39E9, 1, 0x8986, 1, 0x3186, 1,
    0x18C5, 1, 0x7000, 1, 0x3186, 1, 0x632D, 1,
    0x3189, 1, 0x2926, 1, 0x6B8E, 2, 0x4841, 1,
    0xF6CE, 5, 0x3186, 1, 0xA001, 1, 0x8A88, 2,
    0x3186, 2, 0x8986, 1, 0x2926, 1, 0x20E5, 1,
    0x2926, 1, 0x0862, 2, 0x3186, 2, 0x3800, 1,
    0x3186, 2, 0x20E5, 2, 0x20A3, 1, 0x3186, 1,
    0x20A3, 1, 0x2125, 1, 0x5AAB, 1, 0x3800, 2,
    0x20A3, 1, 0x3186, 1, 0x5AAB, 1, 0x20A3, 1,
    0x3186, 1, 0x2125, 1, 0x18C5, 11, 0x7000, 1,
    0x7062, 1, 0x8C0C, 1, 0x9C4A, 1, 0x2125, 1,
    0x4841, 3, 0x50E5, 1, 0x2000, 1, 0x5000, 3,
    0x4841, 1, 0x50E5, 1, 0x5000, 1, 0x4841, 1,
    0x5000, 4, 0x10A3, 1, 0x3189, 2, 0x10A3, 2,
    0x0862, 2, 0x8A88, 2, 0x3189, 2, 0x10A3, 2,
    0x0862, 1, 0x10A3, 1, 0x0862, 1, 0x5000, 2,
    0x4841, 1, 0x50E5, 2, 0x39E9, 1, 0x5000, 2,
    0x4800, 1, 0x3000, 1, 0x50E5, 1, 0x4841, 1,
    0x6000, 1, 0x50E5, 7, 0x49E9, 3, 0x52CC, 1,
    0x3186, 1, 0x7062, 1, 0x7125, 1, 0x0862, 3,
    0x7125, 1, 0x3186, 1, 0x7125, 4, 0x3186, 5,
    0x4841, 1, 0x9C4A, 1, 0xF6CE, 5, 0x2125, 1,
    0x3186, 1, 0x7062, 1, 0x8A88, 1, 0x9083, 2,
    0x4A6A, 1, 0x3186, 1, 0x0862, 2, 0x3186, 6,
    0x20E5, 4, 0x3186, 1, 0x2926, 1, 0x2125, 2,
    0x0862, 1, 0x3186, 1, 0x0862, 1, 0x5AAB, 1,
    0x2125, 1, 0x20A3, 1, 0x8986, 1, 0x0862, 1,
    0x18C5, 10, 0x7000, 2, 0x9C4A, 3, 0x20A3, 2,
    0x4841, 2, 0x5000, 1, 0x0862, 1, 0x2000, 2,
    0x0862, 1, 0x5000, 3, 0x4841, 3, 0x5000, 2,
    0x4841, 2, 0x3800, 1, 0x5000, 7, 0x3800, 1,
    0x5000, 5, 0x4841, 1, 0x50E5, 3, 0x39E9, 1,
    0x4841, 1, 0x5000, 2, 0x2000, 1, 0x4841, 2,
    0x9083, 3, 0x8800, 1, 0x8000, 1, 0x50E5, 4,
    0x20E5, 2, 0x3186, 3, 0x6000, 1, 0x0862, 3,
    0x7125, 2, 0x2926, 1, 0x20A3, 1, 0x7125, 2,
    0x8986, 1, 0x3186, 1, 0x52CC, 1, 0x3186, 1,
    0x2926, 1, 0x10A3, 2, 0x9C4A, 1, 0xF6CE, 4,
    0xD5ED, 1, 0x10A3, 1, 0x3186, 1, 0x9083, 2,
    0x4A6A, 2, 0x0862, 1, 0x4800, 1, 0x3800, 1,
    0x3186, 5, 0x632D, 2, 0x20E5, 4, 0x2926, 1,
    0x7125, 1, 0x0862, 1, 0x20A3, 1, 0x49E9, 1,
    0x5AAB, 2, 0x2125, 1, 0x10A3, 1, 0x3186, 1,
    0x8986, 1, 0x18C5, 11, 0x5000, 1, 0x7000, 1,
    0x2125, 1, 0x9C4A, 2, 0x39E9, 1, 0x20A3, 1,
    0x4841, 3, 0x49E9, 2, 0x50E5, 2, 0x0862, 1,
    0x5000, 4, 0x4841, 5, 0x5000, 13, 0x50E5, 3,
    0x5000, 3, 0x2000, 2, 0x50E5, 1, 0x4841, 3,
    0x8986, 1, 0x9083, 1, 0x8986, 1, 0x8800, 3,
    0x8000, 4, 0x7125, 1, 0x39E9, 1, 0x7062, 1,
    0x7800, 1, 0x7062, 1, 0x0862, 2, 0x7125, 1,
    0x8986, 1, 0x2125, 2, 0x0862, 1, 0x20A3, 1,
    0x2926, 1, 0x3186, 1, 0x7125, 1, 0x20E5, 1,
    0x3186, 1, 0x2125, 1, 0x10A3, 1, 0x9C4A, 1,
    0xF6CE, 3, 0x9C4A, 1, 0xD5ED, 2, 0x6B2C, 1,
    0x2125, 1, 0x4A6A, 2, 0x0862, 3, 0x3800, 1,
    0x3186, 5, 0x52CC, 1, 0x632D, 2, 0x0000, 1,
    0x20E5, 3, 0x2926, 1, 0x8986, 1, 0x20A3, 1,
    0x0862, 1, 0x2125, 3, 0x0862, 1, 0x20A3, 1,
    0x7125, 2, 0x18C5, 11, 0x5000, 1, 0x7000, 1,
    0x4A6A, 1, 0x9C4A, 2, 0x52CC, 1, 0x39E9, 1,
    0x20A3, 1, 0x50E5, 1, 0x4841, 4, 0x50E5, 3,
    0x3800, 6, 0x4841, 2, 0x5000, 17, 0x2000, 1,
    0x7125, 1, 0x4841, 3, 0x50E5, 2, 0x8986, 1,
    0x8A88, 1, 0xB4EC, 1, 0x8800, 4, 0x8000, 3,
    0xA001, 1, 0x8800, 2, 0x7062, 1, 0x6000, 1,
    0x10A3, 3, 0x8986, 1, 0x3186, 1, 0x20A3, 1,
    0x2125, 3, 0x0862, 1, 0x2125, 1, 0x8986, 1,
    0x20E5, 2, 0x7000, 1, 0x6000, 1, 0xD5ED, 1,
    0xF6CE, 1, 0xD5ED, 2, 0x9C4A, 1, 0x6B2C, 1,
    0x9C4A, 2, 0x2926, 1, 0x0862, 3, 0x4800, 2,
    0x3800, 1, 0x3186, 4, 0x52CC, 3, 0x0000, 1,
    0x20E5, 4, 0x3186, 3, 0x2125, 2, 0x0862, 1,
    0x20A3, 2, 0x7125, 1, 0x8986, 1, 0x18C5, 12,
    0x5000, 1, 0x7000, 1, 0x4A6A, 1, 0x6B2C, 1,
    0x632D, 1, 0x4A6A, 2, 0x20A3, 1, 0x4841, 6,
    0x5000, 1, 0x50E5, 1, 0x0862, 8, 0x3800, 4,
    0x3000, 3, 0x5000, 6, 0x0862, 1, 0x2000, 2,
    0x0862, 1, 0x7125, 1, 0x6000, 1, 0x4841, 2,
    0x50E5, 1, 0x39E9, 1, 0x3186, 1, 0xB4EC, 4,
    0x8800, 4, 0xA001, 3, 0x8800, 1, 0x7800, 2,
    0x0862, 3, 0x7125, 2, 0x0862, 1, 0x2125, 1,
    0x5AAB, 3, 0x2125, 1, 0x20A3, 1, 0x7125, 1,
    0x20E5, 1, 0x3186, 1, 0x6000, 1, 0x3000, 1,
    0xD5ED, 3, 0x9C4A, 1, 0x3186, 2, 0x9C4A, 2,
    0x0862, 1, 0x3186, 1, 0x3000, 1, 0x4800, 2,
    0x3800, 1, 0x3186, 1, 0x7411, 5, 0x20E5, 4,
    0x2125, 1, 0x20E5, 3, 0x3186, 1, 0x7125, 2,
    0x20A3, 1, 0x2125, 2, 0x7125, 2, 0x18C5, 13,
    0x5000, 1, 0x4800, 1, 0x20E5, 1, 0x6B2C, 1,
    0x52CC, 1, 0x6B8E, 1, 0x632D, 1, 0x4A6A, 1,
    0x10A3, 1, 0x4841, 3, 0x5000, 7, 0x7125, 5,
    0x50E5, 2, 0x0862, 7, 0x3000, 1, 0x7125, 2,
    0x4841, 3, 0x4A6A, 1, 0x4841, 3, 0x20E5, 3,
    0xB4EC, 6, 0x9083, 1, 0x8000, 1, 0xA001, 5,
    0x8800, 1, 0x7800, 2, 0x10A3, 1, 0x20E5, 1,
    0x0862, 1, 0x8986, 1, 0x2926, 1, 0x2125, 2,
    0x0862, 1, 0x3186, 2, 0x2125, 1, 0x20A3, 1,
    0x3186, 1, 0x5000, 1, 0x20E5, 1, 0x6000, 1,
    0x8A88, 1, 0xD5ED, 1, 0x9C4A, 2, 0x3186, 1,
    0x3000, 1, 0x3186, 1, 0x9C4A, 1, 0x6B2C, 1,
    0x3186, 1, 0x3000, 1, 0x4800, 3, 0x3186, 1,
    0x632D, 5, 0x20E5, 1, 0x0000, 1, 0x2125, 1,
    0x20E5, 6, 0x3186, 1, 0x7125, 2, 0x3186, 2,
    0x2926, 1, 0x8986, 1, 0x3186, 1, 0x18C5, 13,
    0x4800, 2, 0x4A6A, 1, 0x52CC, 5, 0x7411, 1,
    0x4A6A, 1, 0x7062, 1, 0x7000, 2, 0x5000, 15,
    0x50E5, 5, 0x5000, 1, 0x4841, 7, 0x50E5, 1,
    0x20E5, 1, 0x4A6A, 1, 0x39E9, 1, 0xB4EC, 6,
    0x8986, 1, 0x8A88, 1, 0xA001, 5, 0x8800, 1,
    0x8000, 3, 0x10A3, 1, 0x20E5, 1, 0x20A3, 1,
    0x7125, 1, 0x20A3, 1, 0x5AAB, 1, 0x3186, 1,
    0x20A3, 1, 0x3800, 2, 0x5AAB, 1, 0x2125, 1,
    0x3186, 1, 0x7000, 1, 0x20E5, 1, 0x5000, 1,
    0x9C4A, 3, 0x3186, 1, 0x3800, 2, 0x6B2C, 2,
    0x3186, 1, 0x3000, 1, 0x4800, 3, 0x3800, 1,
    0x3186, 1, 0x52CC, 4, 0x2125, 1, 0x7411, 2,
    0x2125, 1, 0x0000, 1, 0x20E5, 1, 0x10A3, 1,
    0x20E5, 2, 0x10A3, 1, 0x20A3, 1, 0x7125, 2,
    0x8986, 1, 0x7125, 1, 0x3186, 1, 0x6B8E, 1,
    0x18C5, 14, 0x4800, 2, 0x3800, 1, 0x0862, 1,
    0x4A6A, 1, 0x0862, 1, 0x52CC, 2, 0x632D, 1,
    0x6B8E, 1, 0x7062, 1, 0x5000, 3, 0x6000, 6,
    0x5000, 14, 0x6000, 1, 0x4841, 5, 0x20E5, 1,
    0x52CC, 3, 0xB4EC, 4, 0x5AAB, 1, 0x20E5, 1,
    0x39E9, 1, 0xB4EC, 2, 0xA001, 5, 0x8000, 3,
    0x7800, 1, 0x20E5, 2, 0x3186, 2, 0x20A3, 1,
    0x3186, 1, 0x20A3, 3, 0x3800, 1, 0x3186, 1,
    0x2125, 1, 0x3186, 1, 0x2926, 1, 0x52CC, 1,
    0x3186, 1, 0x9C4A, 2, 0x3186, 1, 0x3800, 2,
    0x3186, 3, 0x3000, 1, 0x4800, 3, 0x3000, 1,
    0x3186, 1, 0x20E5, 1, 0x2125, 4, 0x18C5, 3,
    0x0862, 1, 0x8CD3, 1, 0x2125, 1, 0x18C5, 1,
    0x20E5, 1, 0x10A3, 1, 0x20E5, 2, 0x10A3, 2,
    0x7125, 1, 0x39E9, 2, 0x18C5, 15, 0x4800, 2,
    0x3800, 1, 0x4800, 1, 0x5000, 1, 0x4A6A, 1,
    0x20A3, 1, 0x10A3, 1, 0x0862, 1, 0x10A3, 1,
    0x5000, 3, 0x6000, 9, 0x7000, 9, 0x5000, 1,
    0x6000, 3, 0x4841, 4, 0x20E5, 1, 0x52CC, 3,
    0x7411, 2, 0xB4EC, 1, 0xF6CE, 2, 0x8CD3, 1,
    0x2125, 2, 0x8CD3, 1, 0xA001, 4, 0x8000, 1,
    0x7800, 1, 0x8000, 3, 0x7800, 1, 0x10A3, 2,
    0x8986, 1, 0x2125, 2, 0x10A3, 1, 0x20A3, 1,
    0x0862, 1, 0x20A3, 2, 0x0862, 1, 0x2125, 1,
    0x2926, 1, 0x3186, 1, 0x4841, 1, 0x8A88, 1,
    0x6B2C, 2, 0x3800, 1, 0x4800, 1, 0x3800, 1,
    0x3186, 2, 0x3000, 1, 0x4800, 3, 0x4841, 1,
    0x18C5, 1, 0x2125, 1, 0x6B8E, 1, 0x7411, 1,
    0x39E9, 1, 0x3186, 1, 0x2125, 1, 0x0000, 1,
    0x18C5, 1, 0x0000, 1, 0x18C5, 28, 0x4800, 1,
    0x3000, 2, 0x4800, 1, 0x5000, 2, 0x7000, 2,
    0x52CC, 1, 0x5000, 4, 0x6000, 9, 0x7000, 10,
    0x7800, 1, 0x8000, 1, 0x8800, 1, 0x7062, 1,
    0x632D, 1, 0x8CD3, 2, 0x7411, 2, 0x8CD3, 4,
    0xF6CE, 1, 0x8CD3, 2, 0x39E9, 1, 0x2125, 2,
    0x8CD3, 1, 0xA001, 2, 0x8800, 2, 0x8000, 4,
    0x7800, 1, 0x10A3, 3, 0x3186, 1, 0x20A3, 1,
    0x5AAB, 1, 0x20A3, 1, 0x0862, 2, 0x10A3, 1,
    0x20A3, 1, 0x0862, 1, 0x5AAB, 1, 0x2926, 1,
    0x39E9, 1, 0x8A88, 1, 0x6B2C, 1, 0x3800, 2,
    0x10A3, 1, 0x4800, 1, 0x3800, 1, 0x3186, 1,
    0x3000, 1, 0x4800, 2, 0x4841, 1, 0x18C5, 7,
    0x7411, 3, 0x0862, 2, 0x18C5, 28, 0x4800, 1,
    0x3000, 2, 0x4800, 1, 0x5000, 3, 0x7000, 6,
    0x6000, 9, 0x7000, 10, 0x7800, 3, 0x7062, 1,
    0x7411, 3, 0x6B8E, 2, 0x8CD3, 5, 0x2125, 2,
    0x39E9, 1, 0x8CD3, 2, 0xB4EC, 1, 0x8000, 8,
    0x7800, 1, 0x10A3, 3, 0x3186, 1, 0x20A3, 1,
    0x3186, 1, 0x20A3, 1, 0x0862, 1, 0x10A3, 3,
    0x20A3, 1, 0x7125, 1, 0x2125, 1, 0x39E9, 1,
    0x8A88, 1, 0x3186, 1, 0x3800, 2, 0x10A3, 1,
    0x4800, 1, 0x3800, 1, 0x3000, 1, 0x4800, 2,
    0x4841, 1, 0x18C5, 11, 0x7411, 1, 0x20E5, 1,
    0x18C5, 28, 0x3000, 3, 0x4800, 1, 0x5000, 3,
    0x6000, 2, 0x7000, 4, 0x8000, 8, 0x7000, 13,
    0x7800, 1, 0x7062, 1, 0x20E5, 1, 0x10A3, 2,
    0x6B8E, 1, 0x20E5, 2, 0x2125, 1, 0x8CD3, 1,
    0x20E5, 2, 0x8CD3, 1, 0x2125, 1, 0x8CD3, 1,
    0x8800, 3, 0x8000, 4, 0x7800, 2, 0x8000, 2,
    0x7800, 1, 0x10A3, 1, 0x20E5, 1, 0x20A3, 1,
    0x2926, 1, 0x2125, 1, 0x3186, 1, 0x0862, 1,
    0x10A3, 1, 0x0862, 1, 0x20A3, 1, 0x0862, 1,
    0x6000, 1, 0x7125, 1, 0x2926, 1, 0x39E9, 1,
    0x3186, 1, 0x0862, 2, 0x10A3, 1, 0x3800, 1,
    0x4800, 3, 0x4841, 1, 0x18C5, 43, 0x3000, 3,
    0x5000, 4, 0x6000, 2, 0x7000, 2, 0x6000, 1,
    0x7000, 1, 0x8000, 8, 0x8800, 9, 0xA001, 4,
    0x8800, 11, 0x8000, 2, 0x7800, 1, 0x8800, 1,
    0x8000, 6, 0x7800, 3, 0x8000, 2, 0x7800, 1,
    0x20E5, 2, 0x20A3, 1, 0x2125, 2, 0x0862, 1,
    0x10A3, 1, 0x20A3, 1, 0x0862, 1, 0x6000, 1,
    0x0862, 1, 0x20A3, 1, 0x2125, 1, 0x2926, 2,
    0x3186, 1, 0x10A3, 1, 0x0862, 1, 0x10A3, 1,
    0x3000, 1, 0x4800, 1, 0x4841, 1, 0x18C5, 45,
    0x3000, 3, 0x4800, 1, 0x5000, 3, 0x6000, 5,
    0x7000, 2, 0x8000, 1, 0x8800, 4, 0xA001, 1,
    0x8800, 1, 0xA001, 1, 0x8800, 8, 0xA001, 3,
    0x8800, 12, 0x8000, 2, 0x7800, 1, 0x8000, 7,
    0x7800, 6, 0x20E5, 2, 0x2125, 3, 0x0862, 1,
    0x20A3, 1, 0x6000, 1, 0x0862, 1, 0x20A3, 2,
    0x0862, 1, 0x2125, 1, 0x3186, 1, 0x2125, 1,
    0x10A3, 4, 0x4800, 2, 0x18C5, 47, 0x3000, 2,
    0x4800, 1, 0x5000, 3, 0x6000, 3, 0x7000, 4,
    0x8800, 1, 0xA001, 3, 0x9083, 1, 0x8986, 2,
    0xA001, 7, 0x8800, 2, 0xA001, 3, 0x8800, 12,
    0x8000, 8, 0x7800, 8, 0x20E5, 2, 0x2926, 1,
    0x2125, 1, 0x7062, 1, 0x20A3, 4, 0x10A3, 1,
    0x20A3, 1, 0x0862, 1, 0x2125, 1, 0x3186, 1,
    0x3000, 1, 0x10A3, 3, 0x4800, 1, 0x18C5, 49,
    0x2000, 1, 0x3000, 2, 0x5000, 3, 0x6000, 1,
    0x7000, 1, 0x6000, 2, 0x5000, 1, 0x7000, 2,
    0x8800, 1, 0x7000, 3, 0x8800, 1, 0x9083, 1,
    0x8986, 1, 0x9083, 1, 0x8986, 2, 0x9083, 1,
    0xA001, 4, 0x8800, 1, 0xA001, 3, 0x8800, 13,
    0x8000, 6, 0x7800, 8, 0x10A3, 3, 0x2125, 1,
    0x20A3, 1, 0x2125, 1, 0x0862, 1, 0x20A3, 1,
    0x10A3, 3, 0x20A3, 1, 0x3186, 1, 0x2125, 1,
    0x3186, 1, 0x10A3, 2, 0x4841, 1, 0x4800, 1,
    0x18C5, 51, 0x3000, 2, 0x5000, 4, 0x6000, 2,
    0x4800, 1, 0x5000, 2, 0x6000, 1, 0x7000, 1,
    0x2000, 1, 0x3000, 2, 0x8800, 1, 0x9083, 2,
    0x7000, 1, 0x9083, 2, 0x8800, 1, 0x7800, 3,
    0xA001, 1, 0x8800, 1, 0xA001, 3, 0x8800, 14,
    0x8000, 3, 0x7800, 10, 0x20E5, 3, 0x2926, 1,
    0x2125, 2, 0x0862, 4, 0x20A3, 1, 0x3800, 1,
    0x5AAB, 1, 0x20A3, 1, 0x3186, 1, 0x4800, 2,
    0x18C5, 53, 0x2000, 1, 0x3000, 1, 0x4800, 1,
    0x5000, 3, 0x7000, 1, 0x6000, 1, 0x0862, 1,
    0x3000, 1, 0x2000, 2, 0x3000, 1, 0x0000, 2,
    0x3000, 1, 0x0862, 2, 0x2000, 3, 0x0862, 2,
    0x3000, 2, 0x2000, 1, 0x7000, 1, 0x8800, 1,
    0xA001, 5, 0x8800, 4, 0x8000, 1, 0x8800, 6,
    0x8000, 1, 0x7800, 13, 0x2125, 6, 0x3186, 1,
    0x20A3, 1, 0x0862, 2, 0x20A3, 1, 0x3800, 1,
    0x2125, 1, 0x20A3, 1, 0x8986, 1, 0x4841, 1,
    0x18C5, 55, 0x2000, 1, 0x3000, 1, 0x5000, 3,
    0x7000, 1, 0x4800, 1, 0x9083, 1, 0x2000, 1,
    0x0000, 3, 0x6B8E, 1, 0x0000, 1, 0x0862, 4,
    0x0000, 1, 0x0862, 4, 0x0000, 1, 0x2000, 1,
    0x7000, 2, 0x7800, 5, 0x8800, 4, 0x8000, 1,
    0x8800, 6, 0x8000, 1, 0x7800, 10, 0x7000, 1,
    0x6000, 2, 0x20E5, 1, 0x2125, 5, 0x3186, 1,
    0x20A3, 3, 0x3800, 1, 0x3186, 1, 0x2125, 2,
    0x7125, 1, 0x18C5, 56, 0x2000, 2, 0x5000, 3,
    0x8000, 1, 0xA001, 1, 0x9083, 1, 0x8000, 1,
    0x4841, 1, 0x7062, 1, 0x3186, 1, 0x8986, 1,
    0x6B8E, 2, 0x7411, 1, 0x8CD3, 7, 0x0000, 2,
    0x3000, 5, 0x4800, 1, 0x6000, 1, 0x8800, 3,
    0x7800, 1, 0x8800, 7, 0x8000, 1, 0x7800, 10,
    0x7000, 1, 0x6000, 1, 0x20E5, 4, 0x20A3, 1,
    0x2926, 1, 0x20A3, 1, 0x2125, 1, 0x10A3, 2,
    0x20A3, 1, 0x3186, 1, 0x5AAB, 1, 0x0862, 1,
    0x3186, 1, 0x18C5, 58, 0x0000, 1, 0x2000, 2,
    0x5000, 1, 0x6000, 1, 0xA001, 1, 0x8986, 1,
    0xA001, 1, 0x8800, 1, 0xA001, 1, 0x9083, 1,
    0x8986, 2, 0x9C4A, 1, 0x8CD3, 2, 0xF6CE, 1,
    0x8CD3, 1, 0xF6CE, 2, 0x8CD3, 2, 0x7411, 1,
    0x6B8E, 1, 0x0000, 5, 0x2000, 1, 0x10A3, 1,
    0x8000, 2, 0x8800, 5, 0x8000, 1, 0x8800, 3,
    0x8000, 1, 0x7800, 6, 0x7000, 2, 0x6000, 3,
    0x4800, 1, 0x20E5, 4, 0x20A3, 1, 0x3186, 1,
    0x20A3, 2, 0x3186, 2, 0x0862, 1, 0x5AAB, 1,
    0x2125, 1, 0x2926, 1, 0x8986, 1, 0x18C5, 59,
    0x2000, 3, 0x3000, 1, 0x3800, 1, 0xA001, 1,
    0x8000, 1, 0x7000, 3, 0x9083, 1, 0x7800, 1,
    0x8000, 3, 0xA001, 4, 0x8CD3, 3, 0xB4EC, 1,
    0x8986, 1, 0x8A88, 1, 0x39E9, 1, 0x9083, 2,
    0xA001, 1, 0x8986, 2, 0x6000, 1, 0xA001, 1,
    0x8800, 7, 0x8000, 2, 0x7800, 5, 0x6000, 3,
    0x5000, 1, 0x4800, 2, 0x20E5, 6, 0x7125, 1,
    0x2125, 1, 0x20A3, 1, 0x5AAB, 1, 0x2125, 1,
    0x5AAB, 1, 0x2125, 1, 0x10A3, 1, 0x7125, 1,
    0x8986, 1, 0x18C5, 61, 0x2000, 2, 0x3000, 1,
    0x4800, 5, 0x7000, 2, 0x6000, 2, 0x5000, 3,
    0x6000, 1, 0x5000, 1, 0xA001, 1, 0x8800, 3,
    0x8000, 1, 0x9083, 1, 0x8986, 1, 0xA001, 5,
    0x8986, 1, 0xA001, 2, 0x8800, 6, 0x7800, 2,
    0x7000, 4, 0x6000, 2, 0x3800, 1, 0x3000, 2,
    0x2000, 2, 0x20E5, 6, 0x8986, 1, 0x3186, 1,
    0x20A3, 1, 0x2125, 3, 0x0862, 1, 0x7125, 2,
    0x18C5, 64, 0x2000, 1, 0x3000, 5, 0x4800, 1,
    0x5000, 2, 0x4800, 1, 0x3800, 1, 0x3000, 3,
    0x5000, 1, 0x6000, 3, 0x7000, 1, 0x7800, 1,
    0x8000, 1, 0x8800, 4, 0xA001, 6, 0x8800, 5,
    0x6000, 4, 0x5000, 2, 0x4800, 1, 0x3800, 1,
    0x3000, 2, 0x2000, 3, 0x20E5, 6, 0x3186, 1,
    0x7125, 1, 0x2926, 1, 0x0862, 1, 0x20A3, 1,
    0x2125, 1, 0x20A3, 1, 0x7125, 1, 0x18C5, 70,
    0x2000, 1, 0x3000, 5, 0x2000, 2, 0x3000, 3,
    0x3800, 1, 0x5000, 4, 0x6000, 10, 0x5000, 1,
    0x4800, 5, 0x3000, 3, 0x2000, 6, 0x3800, 2,
    0x20E5, 4, 0x2125, 2, 0x20E5, 1, 0x20A3, 1,
    0x7125, 2, 0x3186, 1, 0x2125, 1, 0x2926, 1,
    0x7125, 1, 0x3186, 1, 0x18C5, 77, 0x2000, 4,
    0x3000, 5, 0x3800, 10, 0x3000, 1, 0x2000, 5,
    0x3000, 1, 0x3800, 4, 0x3000, 1, 0x18C5, 3,
    0x10A3, 2, 0x20E5, 1, 0x10A3, 2, 0x20E5, 2,
    0x10A3, 1, 0x20E5, 2, 0x2125, 1, 0x8986, 2,
    0x7125, 1, 0x3186, 1, 0x8986, 1, 0x18C5, 94,
    0x2000, 2, 0x18C5, 21, 0x20E5, 1, 0x10A3, 2,
    0x20E5, 1, 0x10A3, 2, 0x20E5, 1, 0x7125, 2,
    0x39E9, 1, 0x18C5, 2742, 0x18C5, 2640, 0x8986, 2,
    0x18C5, 125, 0x8986, 7, 0x18C5, 120, 0x9083, 3,
    0x8986, 8, 0x18C5, 117, 0x7062, 5, 0x8986, 8,
    0x18C5, 114, 0x7800, 6, 0x7062, 1, 0x9083, 4,
    0x8986, 5, 0x632D, 3, 0x8986, 2, 0x18C5, 107,
    0x7800, 9, 0x7062, 2, 0x9083, 1, 0x7062, 1,
    0x9083, 2, 0x8986, 7, 0x632D, 1, 0x8986, 2,
    0x9083, 1, 0x8986, 2, 0x632D, 2, 0x18C5, 10,
    0x8986, 9, 0x18C5, 78, 0x7800, 12, 0x7062, 1,
    0x7800, 4, 0x8986, 9, 0x9083, 1, 0x8986, 2,
    0x632D, 1, 0x8986, 5, 0x632D, 1, 0x8986, 15,
    0x18C5, 77, 0x7800, 2, 0x7000, 1, 0x6000, 5,
    0x7800, 9, 0x7062, 2, 0x9083, 7, 0x8986, 9,
    0x9083, 1, 0x8986, 5, 0x9083, 4, 0x8986, 3,
    0x9083, 3, 0x5000, 1, 0x18C5, 76, 0x7000, 1,
    0x6000, 1, 0x5000, 6, 0x6000, 2, 0x7800, 15,
    0x8000, 2, 0x9083, 6, 0x7062, 2, 0x7800, 1,
    0x9083, 5, 0x7062, 2, 0x7800, 3, 0x7062, 5,
    0x5000, 1, 0x18C5, 75, 0x4800, 1, 0x6000, 1,
    0x4800, 1, 0x3000, 7, 0x5000, 1, 0x6000, 1,
    0x7000, 7, 0x7800, 21, 0x7062, 1, 0x7800, 12,
    0x18C5, 75, 0x3000, 1, 0x4800, 1, 0x3000, 2,
    0x6000, 5, 0x2000, 1, 0x3000, 1, 0x4800, 1,
    0x5000, 7, 0x7000, 5, 0x7800, 29, 0x18C5, 75,
    0x3000, 1, 0x4841, 3, 0x6000, 8, 0x3000, 8,
    0x5000, 1, 0x6000, 8, 0x7800, 1, 0x7000, 8,
    0x7800, 4, 0x7000, 1, 0x6000, 5, 0x7800, 5,
    0x18C5, 73, 0x7062, 5, 0x4841, 2, 0x6000, 2,
    0x4841, 1, 0x6000, 5, 0x5000, 1, 0x2000, 6,
    0x3000, 3, 0x4800, 7, 0x6000, 2, 0x5000, 7,
    0x7000, 2, 0x6000, 1, 0x5000, 6, 0x6000, 2,
    0x7000, 1, 0x7800, 2, 0x18C5, 70, 0x7125, 6,
    0x7062, 3, 0x6000, 8, 0x7000, 2, 0x7800, 1,
    0x7062, 3, 0x8986, 5, 0x2000, 1, 0x3000, 5,
    0x2000, 1, 0x3000, 9, 0x5000, 2, 0x4800, 1,
    0x3000, 7, 0x5000, 2, 0x7000, 2, 0x18C5, 67,
    0x7125, 4, 0x4A6A, 2, 0x7125, 5, 0x4841, 1,
    0x6000, 6, 0x7000, 4, 0x7800, 1, 0x7062, 12,
    0x8986, 5, 0x632D, 1, 0x2000, 7, 0x3000, 1,
    0x2000, 1, 0x8800, 1, 0x8000, 3, 0x5000, 2,
    0x3000, 2, 0x4800, 1, 0x6000, 2, 0x18C5, 65,
    0x4A6A, 3, 0x52CC, 2, 0x5AAB, 3, 0x4A6A, 2,
    0x7125, 2, 0x7062, 2, 0x6000, 4, 0x7000, 5,
    0x7800, 12, 0x7062, 10, 0x7800, 3, 0x8000, 1,
    0x8800, 1, 0x8000, 2, 0x8800, 2, 0x9083, 1,
    0x4841, 1, 0x5000, 2, 0x3000, 1, 0x2000, 1,
    0x3000, 1, 0x4800, 2, 0x18C5, 62, 0x3186, 1,
    0x4A6A, 2, 0x6000, 1, 0x52CC, 1, 0x7411, 1,
    0x8CD3, 4, 0x7411, 1, 0x52CC, 2, 0x7800, 2,
    0x6000, 4, 0x7000, 6, 0x7800, 24, 0x8000, 4,
    0x8800, 1, 0x9083, 3, 0x4841, 3, 0x3000, 2,
    0x20A3, 1, 0x3000, 3, 0x18C5, 56, 0x7000, 2,
    0x6000, 2, 0x5000, 2, 0x3800, 1, 0x5000, 1,
    0x4800, 1, 0x5000, 8, 0x4800, 2, 0x7800, 2,
    0x8A88, 1, 0x20E5, 1, 0x52CC, 1, 0x7411, 6,
    0x7000, 4, 0x7800, 1, 0x7000, 4, 0x7800, 15,
    0x8000, 3, 0x9083, 1, 0x8986, 2, 0x632D, 2,
    0x4841, 3, 0x3800, 2, 0x20A3, 3, 0x2000, 1,
    0x3000, 1, 0x18C5, 54, 0x7800, 1, 0x8000, 6,
    0x2000, 1, 0x52CC, 2, 0x6B8E, 4, 0x4A6A, 1,
    0x5AAB, 1, 0x632D, 2, 0x7062, 1, 0x6000, 3,
    0x4800, 5, 0x7800, 2, 0x8A88, 1, 0x2125, 1,
    0x632D, 1, 0x6B8E, 1, 0x7411, 5, 0x8CD3, 1,
    0x7000, 7, 0x7800, 8, 0x8000, 2, 0x9083, 1,
    0x632D, 6, 0x50E5, 2, 0x4841, 1, 0x3800, 2,
    0x20A3, 2, 0x2125, 1, 0x49E9, 1, 0x3186, 1,
    0x6000, 1, 0x18C5, 51, 0x8000, 1, 0x8800, 7,
    0x20A3, 1, 0x6B8E, 3, 0x8986, 2, 0x3186, 1,
    0x632D, 2, 0xB4EC, 2, 0x52CC, 2, 0x2125, 2,
    0xB4EC, 4, 0x10A3, 1, 0x5000, 3, 0x3800, 3,
    0x7000, 3, 0x8A88, 1, 0x52CC, 1, 0x6B8E, 1,
    0x52CC, 3, 0x5000, 1, 0x7000, 2, 0x20E5, 1,
    0x632D, 1, 0x7411, 1, 0x7000, 6, 0x8000, 1,
    0x7800, 1, 0x8986, 2, 0x632D, 2, 0x6B8E, 2,
    0x632D, 1, 0x6B8E, 1, 0x50E5, 3, 0x20A3, 1,
    0x3800, 1, 0x20A3, 3, 0x49E9, 2, 0x8A88, 1,
    0x3186, 1, 0x18C5, 49, 0x8000, 1, 0x8800, 2,
    0x8986, 2, 0x9083, 1, 0x7062, 1, 0x10A3, 2,
    0x6B8E, 1, 0x632D, 1, 0x6B8E, 1, 0x8986, 2,
    0x632D, 1, 0x4A6A, 1, 0x632D, 1, 0xB4EC, 2,
    0x632D, 1, 0xB4EC, 7, 0x20E5, 1, 0x20A3, 1,
    0x7000, 2, 0x6000, 4, 0x5000, 2, 0x3800, 1,
    0x5000, 1, 0x3800, 1, 0x7000, 3, 0x6000, 12,
    0x7000, 1, 0x7800, 2, 0x8986, 2, 0x632D, 1,
    0x6B8E, 2, 0x632D, 2, 0x50E5, 4, 0x20A3, 2,
    0x20E5, 1, 0x20A3, 2, 0x49E9, 2, 0x8A88, 2,
    0x49E9, 1, 0x18C5, 47, 0x7800, 3, 0x7062, 1,
    0x8986, 4, 0x2125, 2, 0x632D, 1, 0x6B8E, 2,
    0x632D, 1, 0x6B8E, 2, 0x9C4A, 1, 0xB4EC, 1,
    0x8C0C, 3, 0x52CC, 1, 0x632D, 1, 0x6B8E, 1,
    0x52CC, 2, 0x632D, 2, 0x7125, 1, 0x7062, 2,
    0x7000, 5, 0x6000, 5, 0x5000, 1, 0x7800, 2,
    0x7000, 3, 0x6B8E, 1, 0x7000, 1, 0x6B8E, 2,
    0x632D, 1, 0x6000, 4, 0x7800, 2, 0x9083, 2,
    0x6B8E, 4, 0x632D, 2, 0x39E9, 1, 0x50E5, 2,
    0x10A3, 1, 0x4841, 2, 0x20E5, 2, 0x3186, 1,
    0x49E9, 2, 0x8A88, 4, 0x18C5, 46, 0x7800, 2,
    0x8986, 6, 0x39E9, 1, 0x6B8E, 5, 0x632D, 2,
    0x6B8E, 1, 0x8C0C, 1, 0x9C4A, 1, 0x8C0C, 1,
    0x9C4A, 2, 0x8C0C, 2, 0x9C4A, 2, 0x4A6A, 1,
    0x49E9, 2, 0x7062, 2, 0x7800, 1, 0x7000, 9,
    0x7800, 1, 0x8A88, 1, 0x6B8E, 1, 0x3800, 1,
    0x7800, 1, 0x6B8E, 1, 0x7411, 1, 0x39E9, 1,
    0x20E5, 1, 0x4A6A, 1, 0x2125, 1, 0x52CC, 1,
    0x20E5, 1, 0x6000, 2, 0x7000, 1, 0x9083, 2,
    0x6B8E, 1, 0x7411, 3, 0x6B8E, 2, 0x39E9, 3,
    0x20A3, 3, 0x10A3, 3, 0x8A88, 2, 0x49E9, 1,
    0x8A88, 5, 0x18C5, 45, 0x7800, 2, 0x8986, 4,
    0x632D, 2, 0x39E9, 1, 0x6B8E, 3, 0x52CC, 1,
    0x632D, 1, 0x5AAB, 1, 0x632D, 2, 0x8C0C, 2,
    0x52CC, 1, 0x5AAB, 2, 0x632D, 2, 0x9C4A, 1,
    0x52CC, 2, 0x49E9, 2, 0x7125, 1, 0x7062, 1,
    0x6000, 3, 0x7000, 6, 0x7800, 1, 0x8986, 2,
    0x8A88, 1, 0x20E5, 1, 0x10A3, 1, 0x20A3, 1,
    0x7800, 1, 0x4A6A, 2, 0x7411, 1, 0x52CC, 1,
    0x6B8E, 1, 0x632D, 1, 0x52CC, 1, 0x10A3, 1,
    0x7062, 1, 0x8986, 1, 0x6B8E, 3, 0x7411, 1,
    0x6B8E, 3, 0x49E9, 2, 0x20A3, 3, 0x3186, 2,
    0x10A3, 2, 0x9C4A, 2, 0x8A88, 5, 0x49E9, 1,
    0x9C4A, 1, 0x18C5, 44, 0x9083, 1, 0x8986, 2,
    0x632D, 4, 0x39E9, 2, 0x6B8E, 3, 0x5AAB, 3,
    0x632D, 2, 0x9C4A, 1, 0x8C0C, 2, 0x9C4A, 2,
    0x632D, 1, 0x9C4A, 2, 0x52CC, 2, 0x49E9, 2,
    0x7125, 2, 0x7062, 2, 0x6000, 6, 0x8000, 1,
    0x7800, 1, 0x8986, 2, 0x20E5, 2, 0x7411, 2,
    0x20E5, 1, 0x20A3, 1, 0x20E5, 1, 0x7411, 2,
    0x8CD3, 1, 0x7411, 1, 0x6B8E, 1, 0x20E5, 2,
    0x7411, 5, 0x6B8E, 2, 0x39E9, 1, 0x49E9, 1,
    0x50E5, 2, 0x3186, 2, 0x20A3, 1, 0x3186, 2,
    0x8C0C, 1, 0x9C4A, 2, 0x8A88, 7, 0x8C0C, 1,
    0x18C5, 42, 0x8986, 1, 0x6B8E, 4, 0x8A88, 2,
    0x6B8E, 1, 0x7411, 1, 0x6B8E, 1, 0x632D, 3,
    0x5AAB, 3, 0x4A6A, 4, 0x8C0C, 3, 0x9C4A, 1,
    0x632D, 2, 0x4A6A, 2, 0x49E9, 2, 0x7125, 6,
    0x7062, 1, 0x6000, 3, 0x8800, 1, 0x8986, 2,
    0x20E5, 3, 0x7411, 2, 0x8CD3, 1, 0x7411, 1,
    0x2125, 1, 0x20A3, 1, 0x7411, 4, 0x20A3, 1,
    0x2125, 1, 0x632D, 6, 0x52CC, 1, 0x39E9, 1,
    0x5AAB, 1, 0x39E9, 2, 0x20E5, 2, 0x20A3, 1,
    0x3186, 1, 0x4A6A, 1, 0x8C0C, 2, 0x9C4A, 3,
    0x8A88, 4, 0x9C4A, 1, 0x8C0C, 1, 0x5AAB, 1,
    0x18C5, 43, 0x0862, 2, 0x1927, 4, 0x3189, 3,
    0x8A88, 4, 0x6B8E, 3, 0x632D, 4, 0x5AAB, 6,
    0x49E9, 3, 0x7125, 2, 0x50E5, 4, 0x6000, 3,
    0x3186, 3, 0x20E5, 2, 0x7411, 2, 0x8CD3, 3,
    0x7411, 1, 0x52CC, 1, 0x2125, 1, 0x52CC, 1,
    0x632D, 1, 0x7411, 1, 0x20A3, 1, 0x632D, 2,
    0x6B8E, 5, 0x4A6A, 4, 0x6B2C, 1, 0x20E5, 1,
    0x3186, 1, 0x20E5, 1, 0x4A6A, 1, 0x8C0C, 2,
    0x9C4A, 4, 0x8A88, 4, 0x9C4A, 2, 0x8986, 1,
    0x7125, 1, 0x18C5, 41, 0x3189, 15, 0x416A, 1,
    0x1927, 1, 0x3189, 2, 0x416A, 1, 0x632D, 1,
    0x5AAB, 2, 0x632D, 2, 0x8986, 1, 0x632D, 1,
    0x5AAB, 1, 0x7125, 2, 0x5AAB, 2, 0x49E9, 2,
    0x7125, 1, 0x50E5, 1, 0x6000, 3, 0x8986, 1,
    0x3186, 1, 0x20E5, 2, 0x8CD3, 7, 0x7411, 1,
    0x6B8E, 1, 0x2125, 1, 0x2926, 1, 0x52CC, 2,
    0x3186, 1, 0x52CC, 1, 0x6B8E, 5, 0x632D, 1,
    0x39E9, 3, 0x8C0C, 2, 0x6B2C, 1, 0x2125, 1,
    0x20A3, 1, 0x5AAB, 1, 0x9C4A, 6, 0x8A88, 3,
    0x9C4A, 2, 0x8A88, 1, 0x8C0C, 1, 0x8986, 1,
    0x18C5, 40, 0x3189, 9, 0x498A, 2, 0x416A, 7,
    0x498A, 1, 0x416A, 2, 0x498A, 5, 0x416A, 4,
    0x7125, 2, 0x50E5, 1, 0x5AAB, 3, 0x7125, 2,
    0x6000, 1, 0x8C0C, 1, 0x8986, 1, 0x10A3, 1,
    0x8CD3, 10, 0x632D, 1, 0x2926, 1, 0x20A3, 1,
    0x4A6A, 1, 0x20A3, 1, 0x4A6A, 1, 0x632D, 2,
    0x6B8E, 2, 0x632D, 2, 0x5AAB, 1, 0x39E9, 1,
    0x4A6A, 3, 0x8C0C, 1, 0x6B2C, 1, 0x52CC, 1,
    0x6B2C, 1, 0x8C0C, 1, 0x9C4A, 6, 0x8A88, 2,
    0x9C4A, 3, 0x8A88, 1, 0x8986, 1, 0x9C4A, 1,
    0x18C5, 39, 0x3189, 9, 0x498A, 17, 0x416A, 3,
    0x498A, 1, 0x416A, 5, 0x3189, 1, 0x1927, 1,
    0x0862, 1, 0x8986, 1, 0x8A88, 1, 0x8986, 2,
    0x7411, 1, 0x8CD3, 9, 0x7411, 2, 0x632D, 1,
    0x20A3, 3, 0x8A88, 2, 0x6B8E, 1, 0x632D, 4,
    0x39E9, 2, 0x4A6A, 1, 0x8C0C, 3, 0xD5ED, 1,
    0xB4EC, 1, 0x6B2C, 2, 0xB4EC, 1, 0x9C4A, 2,
    0x8A88, 1, 0x9C4A, 1, 0x8A88, 1, 0x9C4A, 5,
    0x8C0C, 1, 0x9C4A, 2, 0x18C5, 39, 0x3189, 9,
    0x498A, 16, 0x416A, 13, 0x0000, 1, 0x8A88, 1,
    0x8C0C, 1, 0x3186, 1, 0x52CC, 1, 0x8CD3, 4,
    0x7411, 2, 0x8CD3, 1, 0x7411, 5, 0x4841, 1,
    0x20A3, 1, 0x8986, 2, 0x632D, 4, 0x5AAB, 2,
    0x4A6A, 4, 0x8C0C, 1, 0xB4EC, 1, 0xD5ED, 2,
    0xB4EC, 3, 0x9C4A, 3, 0x8A88, 1, 0x9C4A, 6,
    0x8A88, 1, 0x9C4A, 1, 0x5AAB, 1, 0x18C5, 38,
    0x3189, 9, 0x498A, 17, 0x416A, 2, 0x1927, 4,
    0x416A, 7, 0x3189, 1, 0x8A88, 1, 0x3186, 2,
    0x52CC, 1, 0x8CD3, 3, 0x7411, 9, 0x2926, 1,
    0x7062, 1, 0x632D, 1, 0x5AAB, 1, 0x632D, 3,
    0x52CC, 2, 0x4A6A, 1, 0x39E9, 1, 0x4A6A, 1,
    0x8C0C, 2, 0xD5ED, 4, 0xB4EC, 1, 0x9C4A, 12,
    0x5AAB, 1, 0x8A88, 1, 0xB4EC, 1, 0x18C5, 38,
    0x3189, 9, 0x498A, 17, 0x416A, 14, 0x8C0C, 1,
    0x8A88, 1, 0x3186, 1, 0x6B8E, 1, 0x8CD3, 3,
    0x7411, 9, 0x52CC, 1, 0x4A6A, 1, 0x6B8E, 3,
    0x52CC, 1, 0x6B8E, 1, 0x632D, 2, 0x5AAB, 1,
    0x4A6A, 2, 0xD5ED, 1, 0xB4EC, 1, 0xD5ED, 9,
    0x18C5, 3, 0x9C4A, 2, 0x8A88, 2, 0x5AAB, 2,
    0x6B2C, 1, 0x8A88, 1, 0x18C5, 37, 0x1927, 1,
    0x3189, 9, 0x498A, 17, 0x416A, 14, 0x8986, 1,
    0x8C0C, 1, 0x3186, 1, 0x7411, 1, 0x8CD3, 1,
    0x7411, 10, 0x52CC, 1, 0x2125, 1, 0x632D, 2,
    0x4A6A, 1, 0x6B8E, 2, 0x632D, 2, 0x52CC, 3,
    0xF6CE, 5, 0xD5ED, 6, 0x18C5, 7, 0x3186, 1,
    0x5AAB, 2, 0x7125, 1, 0x7062, 1, 0x18C5, 37,
    0x3189, 9, 0x498A, 17, 0x416A, 14, 0x3189, 1,
    0x8986, 1, 0x632D, 1, 0x3186, 1, 0x7411, 11,
    0x52CC, 1, 0x39E9, 1, 0x6B8E, 1, 0x632D, 1,
    0x52CC, 1, 0x6B8E, 3, 0x632D, 2, 0x6B8E, 1,
    0x8CD3, 2, 0xF6CE, 4, 0xD5ED, 7, 0x18C5, 8,
    0x3186, 1, 0x9C4A, 1, 0x8A88, 1, 0x6B8E, 1,
    0x18C5, 36, 0x1927, 1, 0x3189, 9, 0x498A, 17,
    0x416A, 14, 0x3189, 1, 0x9083, 1, 0x6B8E, 1,
    0x3186, 1, 0x7411, 9, 0x632D, 1, 0x52CC, 1,
    0x6B8E, 2, 0x4A6A, 1, 0x52CC, 1, 0x6B8E, 2,
    0x632D, 2, 0x6B8E, 2, 0x8CD3, 1, 0xF6CE, 5,
    0xD5ED, 7, 0x18C5, 9, 0x3000, 1, 0x5AAB, 1,
    0x9C4A, 1, 0x5AAB, 1, 0x18C5, 35, 0x10A3, 1,
    0x1927, 1, 0x3189, 8, 0x498A, 18, 0x416A, 14,
    0x3189, 1, 0x8A88, 1, 0x6B8E, 1, 0x3186, 1,
    0x6B8E, 1, 0x7411, 4, 0x8CD3, 2, 0x7411, 2,
    0x632D, 2, 0x5AAB, 1, 0x4A6A, 1, 0x6B8E, 2,
    0x632D, 1, 0x6B8E, 3, 0x8CD3, 3, 0xF6CE, 5,
    0xD5ED, 6, 0x0862, 2, 0x2125, 1, 0x6B8E, 1,
    0x18C5, 6, 0x3000, 1, 0x5AAB, 3, 0x18C5, 35,
    0x10A3, 1, 0x3189, 9, 0x498A, 17, 0x416A, 1,
    0x2125, 1, 0x5AAB, 1, 0x416A, 12, 0x3189, 1,
    0x416A, 1, 0x8A88, 1, 0x52CC, 1, 0x7411, 8,
    0x3186, 1, 0x20E5, 1, 0x52CC, 1, 0x4A6A, 1,
    0x6B8E, 1, 0x632D, 1, 0x6B8E, 4, 0x8CD3, 3,
    0xF6CE, 7, 0xD5ED, 4, 0x0862, 2, 0x39E9, 2,
    0x8986, 1, 0x3186, 1, 0x8986, 1, 0x18C5, 4,
    0x3000, 1, 0x8A88, 2, 0x3186, 1, 0x18C5, 33,
    0x6B8E, 1, 0x10A3, 1, 0x1927, 1, 0x3189, 9,
    0x498A, 17, 0x416A, 14, 0x3189, 2, 0x416A, 1,
    0x8986, 1, 0x3186, 1, 0x52CC, 1, 0x7411, 5,
    0x3186, 1, 0x2125, 1, 0x4A6A, 1, 0x39E9, 1,
    0x4A6A, 1, 0x7411, 1, 0x6B8E, 5, 0x8CD3, 1,
    0x7411, 1, 0x8CD3, 3, 0xF6CE, 5, 0xD5ED, 5,
    0x0862, 1, 0x7125, 2, 0x3186, 1, 0x7125, 4,
    0x0862, 1, 0x18C5, 2, 0x7000, 1, 0x3186, 1,
    0x8A88, 1, 0x18C5, 32, 0x7411, 1, 0x6B8E, 1,
    0x9083, 1, 0x1927, 2, 0x3189, 8, 0x498A, 18,
    0x416A, 14, 0x3189, 2, 0x416A, 1, 0x8986, 1,
    0x2125, 1, 0x3186, 1, 0x7411, 3, 0x3186, 1,
    0x2125, 1, 0x10A3, 1, 0x4A6A, 1, 0x39E9, 2,
    0x632D, 1, 0x5AAB, 2, 0x6B8E, 2, 0x8CD3, 3,
    0x7411, 1, 0x8CD3, 3, 0xF6CE, 1, 0xD5ED, 1,
    0xF6CE, 2, 0xD5ED, 5, 0x0862, 2, 0x8986, 1,
    0x3186, 1, 0x2125, 1, 0x20A3, 1, 0x7125, 1,
    0x3186, 1, 0x8986, 1, 0x2125, 1, 0x18C5, 2,
    0x7800, 1, 0x3186, 2, 0x18C5, 31, 0x6B8E, 1,
    0x7000, 1, 0x8986, 2, 0x2000, 4, 0x7000, 1,
    0x1927, 5, 0x3189, 3, 0x498A, 15, 0x416A, 14,
    0x3189, 2, 0x416A, 1, 0x8986, 1, 0x20E5, 1,
    0x3186, 1, 0x6B8E, 1, 0x52CC, 2, 0x3186, 1,
    0x5AAB, 1, 0x7125, 1, 0x39E9, 1, 0x632D, 2,
    0x5AAB, 3, 0x52CC, 1, 0x8CD3, 5, 0xF6CE, 3,
    0x8CD3, 1, 0xD5ED, 1, 0xF6CE, 6, 0x0862, 2,
    0x7125, 1, 0x3186, 1, 0x2125, 1, 0x20A3, 1,
    0x0862, 1, 0x20A3, 2, 0x8986, 2, 0x18C5, 2,
    0x7800, 1, 0x3186, 1, 0x18C5, 30, 0x6B8E, 1,
    0x7000, 1, 0x8986, 1, 0x20A3, 2, 0x8000, 1,
    0x9083, 1, 0x8986, 2, 0x9083, 1, 0x3000, 2,
    0x8986, 3, 0x7000, 2, 0x10A3, 1, 0x3189, 8,
    0x416A, 1, 0x498A, 6, 0x416A, 14, 0x3189, 2,
    0x416A, 2, 0x7125, 1, 0x20E5, 2, 0x3186, 1,
    0x52CC, 1, 0x7125, 1, 0x8A88, 1, 0x49E9, 1,
    0x39E9, 1, 0x632D, 1, 0x52CC, 2, 0x5AAB, 1,
    0x4A6A, 1, 0x8CD3, 5, 0xF6CE, 7, 0x8CD3, 1,
    0xF6CE, 5, 0x10A3, 1, 0x7125, 2, 0x20A3, 1,
    0x0862, 1, 0x2125, 3, 0x20A3, 1, 0x3186, 1,
    0x8986, 1, 0x18C5, 2, 0x7000, 1, 0x3186, 1,
    0x18C5, 28, 0x7000, 2, 0x8986, 1, 0x10A3, 1,
    0x8800, 2, 0x6B8E, 1, 0x632D, 1, 0x5AAB, 2,
    0x8A88, 2, 0x632D, 1, 0x4A6A, 2, 0x39E9, 1,
    0x4A6A, 1, 0x20A3, 1, 0x3000, 2, 0x8986, 3,
    0x7000, 5, 0x3189, 4, 0x416A, 17, 0x3189, 2,
    0x416A, 2, 0x9083, 1, 0x2125, 1, 0x20E5, 1,
    0x50E5, 1, 0x7125, 1, 0x5AAB, 1, 0x39E9, 1,
    0x4A6A, 1, 0x632D, 2, 0x5AAB, 2, 0x52CC, 1,
    0x7411, 1, 0x8CD3, 1, 0x7411, 2, 0x8CD3, 1,
    0xF6CE, 14, 0x20A3, 1, 0x7125, 2, 0x2125, 2,
    0x5AAB, 3, 0x2125, 1, 0x20A3, 1, 0x7125, 1,
    0x2125, 1, 0x18C5, 1, 0x4841, 1, 0x18C5, 26,
    0x8CD3, 1, 0x7000, 1, 0x8986, 2, 0x2000, 1,
    0x7062, 1, 0x7000, 1, 0x5AAB, 5, 0x8A88, 1,
    0x5AAB, 2, 0x632D, 2, 0x6B8E, 3, 0x5AAB, 2,
    0x52CC, 1, 0x4A6A, 3, 0x20A3, 5, 0x8986, 4,
    0x7000, 2, 0x8986, 3, 0x7000, 2, 0x20A3, 1,
    0x416A, 9, 0x3189, 2, 0x416A, 3, 0x52CC, 1,
    0x39E9, 1, 0x5AAB, 1, 0x4A6A, 1, 0x39E9, 1,
    0x632D, 1, 0x6B8E, 1, 0x5AAB, 2, 0x52CC, 1,
    0x8CD3, 3, 0xF6CE, 2, 0x7411, 1, 0xF6CE, 4,
    0x7411, 2, 0xF6CE, 4, 0xB4EC, 1, 0xF6CE, 4,
    0x3186, 1, 0x7125, 1, 0x2125, 2, 0x5AAB, 1,
    0x0862, 1, 0x3186, 2, 0x2125, 1, 0x20A3, 1,
    0x3186, 1, 0x2926, 1, 0x18C5, 1, 0x4841, 1,
    0x18C5, 24, 0xA001, 1, 0x6000, 1, 0x8986, 2,
    0x2000, 2, 0x7125, 1, 0x632D, 2, 0x5AAB, 6,
    0x8A88, 2, 0x632D, 1, 0x6B8E, 14, 0x632D, 1,
    0x4A6A, 2, 0x2125, 1, 0x4A6A, 1, 0x20A3, 1,
    0x2125, 3, 0x10A3, 2, 0x3000, 2, 0x20A3, 1,
    0x3000, 3, 0x8986, 2, 0x2000, 3, 0x8986, 3,
    0x7000, 1, 0x5000, 1, 0x4A6A, 1, 0x8A88, 1,
    0x4A6A, 2, 0x6B8E, 2, 0x5AAB, 2, 0x52CC, 1,
    0x8CD3, 2, 0xF6CE, 4, 0x6B8E, 1, 0x7411, 1,
    0xF6CE, 3, 0x7411, 1, 0x2125, 1, 0x39E9, 1,
    0xF6CE, 3, 0xB4EC, 1, 0xF6CE, 3, 0x20E5, 1,
    0x3186, 2, 0x0862, 1, 0x49E9, 1, 0x3186, 1,
    0x20A3, 1, 0x3800, 2, 0x3186, 1, 0x2125, 2,
    0x39E9, 1, 0x18C5, 24, 0x7411, 1, 0xA001, 1,
    0x6000, 1, 0x8986, 1, 0x2000, 2, 0x7125, 2,
    0x52CC, 1, 0x4A6A, 3, 0x5AAB, 4, 0x632D, 1,
    0x4A6A, 1, 0x6B8E, 1, 0x632D, 1, 0x6B8E, 1,
    0x7411, 2, 0xB4EC, 1, 0x7411, 1, 0xB4EC, 5,
    0x6B8E, 1, 0x632D, 3, 0x6B8E, 9, 0x632D, 2,
    0x6B8E, 1, 0x632D, 2, 0x8986, 3, 0x7062, 1,
    0x7800, 2, 0x2000, 2, 0x8986, 1, 0x7000, 1,
    0x7125, 3, 0x4A6A, 1, 0x632D, 1, 0x4A6A, 1,
    0x632D, 2, 0x8C0C, 2, 0x8CD3, 1, 0x7411, 1,
    0xF6CE, 6, 0x6B8E, 2, 0xF6CE, 3, 0x7411, 1,
    0x2125, 1, 0x39E9, 1, 0xF6CE, 3, 0xB4EC, 1,
    0xF6CE, 3, 0x20E5, 1, 0x3186, 1, 0x20A3, 2,
    0x0862, 1, 0x3800, 1, 0x20A3, 3, 0x10A3, 1,
    0x2125, 2, 0x39E9, 1, 0x18C5, 22, 0x7411, 1,
    0xA001, 1, 0x6000, 1, 0x8986, 2, 0x2000, 1,
    0x2125, 2, 0x632D, 2, 0x9C4A, 3, 0x632D, 5,
    0x9C4A, 1, 0xB4EC, 3, 0x6B8E, 1, 0x632D, 3,
    0x6B8E, 1, 0x632D, 5, 0x9C4A, 4, 0x632D, 7,
    0x6B8E, 3, 0x632D, 2, 0x8986, 3, 0x632D, 1,
    0x7800, 2, 0x2000, 1, 0x8986, 2, 0x50E5, 3,
    0x7125, 1, 0x49E9, 2, 0x632D, 1, 0x6B8E, 1,
    0x632D, 4, 0x8CD3, 3, 0xF6CE, 7, 0x9C4A, 1,
    0xF6CE, 3, 0xB4EC, 1, 0xF6CE, 1, 0xD5ED, 1,
    0xF6CE, 1, 0xD5ED, 1, 0xF6CE, 1, 0x6B2C, 1,
    0xF6CE, 3, 0x3186, 1, 0x8986, 1, 0x0862, 1,
    0x2125, 1, 0x3800, 1, 0x20A3, 1, 0x0862, 1,
    0x20A3, 1, 0x10A3, 1, 0x0862, 1, 0x2125, 1,
    0x20A3, 1, 0x39E9, 1, 0x18C5, 20, 0x8CD3, 1,
    0x9083, 1, 0x8000, 1, 0x8986, 2, 0x2000, 1,
    0x20E5, 1, 0x7062, 1, 0x4A6A, 2, 0x9C4A, 5,
    0x6B2C, 1, 0x9C4A, 2, 0x6B2C, 1, 0x632D, 10,
    0xB4EC, 4, 0x632D, 4, 0x9C4A, 4, 0x632D, 2,
    0x6B8E, 2, 0x632D, 3, 0x8986, 3, 0x632D, 1,
    0x7800, 1, 0x2000, 2, 0x8986, 2, 0x50E5, 3,
    0x49E9, 3, 0x52CC, 2, 0x632D, 2, 0x8C0C, 2,
    0x5AAB, 1, 0x8CD3, 4, 0xF6CE, 2, 0x8CD3, 2,
    0xF6CE, 3, 0x9C4A, 1, 0xF6CE, 4, 0xB4EC, 4,
    0xF6CE, 1, 0x6B2C, 1, 0xF6CE, 3, 0x2926, 1,
    0x7125, 1, 0x2125, 1, 0x5AAB, 1, 0x20A3, 2,
    0x0862, 1, 0x20A3, 1, 0x0862, 1, 0x20A3, 1,
    0x5AAB, 1, 0x20A3, 1, 0x6B8E, 1, 0x2125, 1,
    0x18C5, 17, 0x7411, 1, 0x632D, 1, 0x7062, 2,
    0x7125, 2, 0x2000, 1, 0x3189, 1, 0x8C0C, 2,
    0x9C4A, 1, 0x632D, 1, 0x9C4A, 1, 0x8C0C, 1,
    0x39E9, 1, 0x9C4A, 2, 0x5000, 1, 0x9C4A, 1,
    0xB4EC, 1, 0x8986, 1, 0x8C0C, 1, 0xB4EC, 4,
    0x52CC, 2, 0x6B8E, 1, 0xB4EC, 2, 0x632D, 4,
    0xB4EC, 4, 0x632D, 2, 0xB4EC, 3, 0x6B8E, 1,
    0x632D, 4, 0x8986, 2, 0x632D, 2, 0x8000, 1,
    0x0862, 1, 0x8986, 1, 0x7000, 1, 0x39E9, 1,
    0x4841, 1, 0x49E9, 4, 0x52CC, 2, 0x6B8E, 2,
    0x632D, 3, 0x8CD3, 6, 0x7411, 1, 0x8CD3, 2,
    0x6B8E, 1, 0x632D, 1, 0xD5ED, 1, 0xF6CE, 1,
    0xB4EC, 1, 0x8CD3, 1, 0xF6CE, 2, 0xD5ED, 1,
    0xF6CE, 1, 0xD5ED, 1, 0xB4EC, 1, 0xF6CE, 1,
    0x7411, 1, 0x6B2C, 1, 0xF6CE, 1, 0xD5ED, 1,
    0x10A3, 1, 0x2926, 2, 0x2125, 1, 0x3186, 1,
    0x10A3, 1, 0x20A3, 1, 0x10A3, 2, 0x20A3, 2,
    0x2125, 1, 0x20A3, 1, 0x39E9, 1, 0x2125, 1,
    0x18C5, 15, 0xB4EC, 1, 0x7411, 1, 0x6B8E, 1,
    0x8986, 2, 0x7125, 2, 0x2000, 1, 0x20E5, 1,
    0x632D, 2, 0x8C0C, 3, 0x6B2C, 1, 0x5000, 1,
    0x50E5, 1, 0x8C0C, 1, 0x50E5, 1, 0x7125, 1,
    0xB4EC, 1, 0x8986, 2, 0x8C0C, 2, 0xB4EC, 2,
    0x4A6A, 1, 0x632D, 1, 0xB4EC, 3, 0x632D, 9,
    0x52CC, 3, 0xB4EC, 6, 0x6B8E, 1, 0x4A6A, 1,
    0x632D, 1, 0x8000, 1, 0x0862, 1, 0x8986, 2,
    0x4841, 1, 0x39E9, 2, 0x49E9, 2, 0x52CC, 4,
    0x6B8E, 1, 0x632D, 1, 0x6B8E, 2, 0x632D, 1,
    0x8CD3, 6, 0x7411, 3, 0x6B8E, 2, 0x3186, 1,
    0x8CD3, 1, 0xD5ED, 1, 0xB4EC, 1, 0x8CD3, 1,
    0xF6CE, 1, 0xD5ED, 5, 0xF6CE, 1, 0x0000, 1,
    0x9C4A, 1, 0xF6CE, 1, 0xD5ED, 1, 0x10A3, 1,
    0x3186, 1, 0x20A3, 1, 0x2125, 1, 0x10A3, 1,
    0x0862, 1, 0x20A3, 2, 0x10A3, 2, 0x20A3, 1,
    0x7125, 1, 0x20A3, 1, 0x39E9, 1, 0x2125, 1,
    0x18C5, 14, 0xB4EC, 1, 0x6B8E, 1, 0x632D, 1,
    0x8986, 2, 0x7125, 2, 0x2000, 1, 0x6000, 1,
    0x52CC, 2, 0x8C0C, 2, 0x8A88, 1, 0x6B2C, 1,
    0x8C0C, 2, 0x6B2C, 1, 0x3186, 1, 0x39E9, 2,
    0x4A6A, 1, 0x8C0C, 1, 0x9C4A, 2, 0xB4EC, 2,
    0x4A6A, 2, 0xB4EC, 3, 0x4A6A, 1, 0xB4EC, 6,
    0x5AAB, 2, 0x52CC, 1, 0xB4EC, 4, 0x4A6A, 1,
    0xB4EC, 5, 0x632D, 1, 0x2000, 2, 0x8986, 1,
    0x4841, 1, 0x39E9, 4, 0x4A6A, 2, 0x52CC, 1,
    0x4A6A, 2, 0x632D, 2, 0x6B8E, 1, 0x632D, 1,
    0x8CD3, 8, 0x7411, 1, 0xD5ED, 1, 0x7411, 1,
    0xF6CE, 1, 0x9C4A, 1, 0x7411, 1, 0xF6CE, 1,
    0xD5ED, 2, 0x7411, 1, 0xF6CE, 1, 0x9C4A, 2,
    0xD5ED, 1, 0x39E9, 1, 0x3189, 1, 0x2125, 1,
    0x0000, 1, 0xF6CE, 1, 0xD5ED, 2, 0x20E5, 1,
    0x3186, 1, 0x20A3, 1, 0x5AAB, 1, 0x3800, 1,
    0x20A3, 1, 0x10A3, 1, 0x0862, 1, 0x20A3, 1,
    0x0862, 1, 0x6000, 1, 0x7125, 1, 0x20A3, 1,
    0x6B8E, 1, 0x18C5, 14, 0x6B8E, 1, 0x7411, 2,
    0x5AAB, 1, 0x8986, 1, 0x7125, 2, 0x2000, 1,
    0x5000, 1, 0x5AAB, 2, 0x52CC, 1, 0x8C0C, 3,
    0x39E9, 2, 0x9C4A, 1, 0x6B2C, 1, 0x8C0C, 2,
    0x39E9, 1, 0x4841, 1, 0x4A6A, 2, 0x39E9, 1,
    0x50E5, 1, 0x20E5, 2, 0x6B2C, 1, 0x9C4A, 1,
    0x6B2C, 2, 0x8C0C, 1, 0x6B2C, 1, 0x2926, 1,
    0x52CC, 1, 0xB4EC, 3, 0x8C0C, 1, 0xB4EC, 3,
    0x6000, 1, 0x4A6A, 2, 0xB4EC, 2, 0x52CC, 1,
    0x632D, 1, 0x8800, 2, 0x2000, 1, 0x8986, 1,
    0x4841, 2, 0x39E9, 3, 0x4A6A, 3, 0x52CC, 2,
    0x6B8E, 1, 0x632D, 1, 0x6B8E, 3, 0x8CD3, 1,
    0x7411, 1, 0x8CD3, 7, 0x7411, 1, 0xF6CE, 2,
    0xB4EC, 1, 0x8CD3, 1, 0x7411, 1, 0xD5ED, 2,
    0xF6CE, 1, 0x3186, 1, 0xF6CE, 1, 0x8A88, 1,
    0xD5ED, 1, 0x7411, 1, 0x39E9, 1, 0x20A3, 2,
    0x9C4A, 1, 0xF6CE, 1, 0xD5ED, 2, 0x20A3, 1,
    0x3186, 1, 0x20A3, 1, 0x49E9, 1, 0x3800, 1,
    0x20A3, 1, 0x0862, 2, 0x6000, 1, 0x0862, 1,
    0x20A3, 1, 0x2125, 1, 0x20A3, 1, 0x39E9, 1,
    0x18C5, 14, 0x52CC, 1, 0x632D, 1, 0x5AAB, 2,
    0x7125, 2, 0x2000, 1, 0x6000, 2, 0x5AAB, 1,
    0x4A6A, 1, 0x39E9, 1, 0x4A6A, 1, 0x8C0C, 1,
    0x39E9, 2, 0x6B2C, 1, 0x9C4A, 1, 0x8C0C, 2,
    0x9C4A, 1, 0x8C0C, 3, 0x4A6A, 2, 0x39E9, 3,
    0x4A6A, 1, 0x20E5, 1, 0x20A3, 1, 0x8C0C, 1,
    0x6B2C, 3, 0x8C0C, 1, 0x4A6A, 1, 0x6B2C, 1,
    0x8C0C, 1, 0x4841, 1, 0x3800, 2, 0x9C4A, 4,
    0x632D, 2, 0x49E9, 1, 0x7000, 1, 0x2000, 1,
    0x8986, 1, 0x5000, 2, 0x3000, 3, 0x52CC, 6,
    0x632D, 2, 0x52CC, 2, 0x632D, 1, 0x8CD3, 7,
    0x7411, 1, 0x8CD3, 1, 0x6B8E, 1, 0x7411, 1,
    0xD5ED, 2, 0xB4EC, 1, 0xD5ED, 4, 0xF6CE, 1,
    0x3186, 1, 0xD5ED, 1, 0xA001, 1, 0x9C4A, 1,
    0x39E9, 1, 0x20A3, 1, 0xF6CE, 3, 0xD5ED, 1,
    0x9C4A, 2, 0x2125, 1, 0x3186, 1, 0x20A3, 1,
    0x3186, 1, 0x20A3, 2, 0x10A3, 1, 0x0862, 1,
    0x20A3, 1, 0x10A3, 1, 0x20A3, 1, 0x5AAB, 1,
    0x20A3, 1, 0x39E9, 1, 0x18C5, 13, 0x52CC, 1,
    0x8986, 1, 0x5AAB, 2, 0x7125, 2, 0x2000, 1,
    0x6000, 2, 0x4A6A, 2, 0x20E5, 2, 0x8A88, 1,
    0x8C0C, 2, 0x5000, 1, 0x4800, 1, 0x39E9, 2,
    0x8C0C, 2, 0x9C4A, 2, 0x8C0C, 1, 0x9C4A, 1,
    0x8C0C, 3, 0x4A6A, 5, 0x4841, 1, 0x4A6A, 1,
    0x8C0C, 1, 0x6B2C, 2, 0x9C4A, 1, 0x3186, 1,
    0x3000, 1, 0x39E9, 2, 0x9C4A, 5, 0x49E9, 1,
    0x7000, 1, 0x2000, 1, 0x7125, 1, 0x50E5, 4,
    0x4A6A, 2, 0x52CC, 4, 0x4A6A, 1, 0x632D, 1,
    0x5AAB, 3, 0x632D, 1, 0x7411, 1, 0x6B8E, 2,
    0x7411, 1, 0x8CD3, 2, 0x7411, 1, 0x8CD3, 1,
    0x8A88, 2, 0x39E9, 1, 0xF6CE, 2, 0xB4EC, 1,
    0xF6CE, 1, 0xD5ED, 3, 0x3186, 1, 0x2125, 1,
    0x9C4A, 1, 0x8C0C, 1, 0xA001, 2, 0x39E9, 1,
    0xF6CE, 2, 0x9C4A, 4, 0x20E5, 1, 0x2125, 1,
    0x3186, 1, 0x2125, 1, 0x9C4A, 1, 0x7000, 1,
    0x20A3, 1, 0x0862, 2, 0x10A3, 1, 0x20A3, 2,
    0x2125, 2, 0x39E9, 1, 0x18C5, 12, 0x8986, 4,
    0x8000, 1, 0x7125, 1, 0x2000, 1, 0x6000, 3,
    0x4A6A, 1, 0x7062, 2, 0x39E9, 1, 0x8C0C, 2,
    0x4A6A, 1, 0x4841, 1, 0x50E5, 2, 0x5000, 1,
    0x4800, 2, 0x50E5, 1, 0x39E9, 2, 0x6B2C, 2,
    0x9C4A, 4, 0x6B2C, 2, 0x9C4A, 2, 0x8C0C, 1,
    0x8A88, 1, 0x50E5, 3, 0x9C4A, 3, 0x5000, 1,
    0x49E9, 1, 0x9C4A, 3, 0x4A6A, 1, 0x6000, 1,
    0x2000, 1, 0x7125, 1, 0x4841, 2, 0x39E9, 2,
    0x49E9, 2, 0x52CC, 4, 0xB4EC, 1, 0x7411, 1,
    0x4A6A, 1, 0x2125, 1, 0x7125, 2, 0x632D, 2,
    0x6B8E, 1, 0x9C4A, 1, 0x7411, 1, 0x6B8E, 1,
    0x8CD3, 1, 0x7411, 2, 0x3186, 2, 0x39E9, 1,
    0xF6CE, 2, 0xB4EC, 2, 0xD5ED, 1, 0x3186, 2,
    0x20A3, 2, 0x9C4A, 1, 0x39E9, 1, 0xA001, 2,
    0x6B2C, 1, 0x39E9, 1, 0x9C4A, 2, 0x3186, 1,
    0x2926, 1, 0x9C4A, 1, 0x10A3, 1, 0x2926, 1,
    0x2125, 2, 0x9C4A, 1, 0x20A3, 2, 0x10A3, 1,
    0x20A3, 1, 0x10A3, 1, 0x0862, 2, 0x2125, 2,
    0x3186, 1, 0x18C5, 11, 0x7125, 1, 0x9083, 2,
    0x8000, 2, 0x5000, 1, 0x7125, 1, 0x3000, 2,
    0x6000, 1, 0x7125, 1, 0x4A6A, 2, 0x20A3, 1,
    0x39E9, 2, 0x8C0C, 2, 0x4841, 2, 0x39E9, 1,
    0x5000, 1, 0x4800, 7, 0x4841, 1, 0x39E9, 2,
    0x8A88, 8, 0x9C4A, 2, 0x50E5, 2, 0x632D, 1,
    0x9C4A, 3, 0x8C0C, 1, 0x52CC, 1, 0x6000, 1,
    0x2000, 1, 0x7125, 1, 0x5000, 1, 0x50E5, 4,
    0x4A6A, 2, 0x52CC, 1, 0x6B2C, 1, 0x8C0C, 1,
    0xB4EC, 1, 0x9C4A, 1, 0x2125, 1, 0x50E5, 1,
    0x7062, 1, 0x7125, 1, 0x7062, 2, 0x2125, 1,
    0x3186, 3, 0x632D, 1, 0x8A88, 1, 0x6B8E, 2,
    0x7411, 1, 0x9C4A, 1, 0xF6CE, 3, 0xB4EC, 1,
    0x9C4A, 1, 0x7411, 1, 0x20A3, 3, 0xF6CE, 1,
    0x9C4A, 1, 0x39E9, 1, 0xA001, 1, 0x9083, 1,
    0x6B2C, 1, 0x8A88, 1, 0x3186, 3, 0x2926, 1,
    0x6B2C, 1, 0x10A3, 1, 0x2125, 3, 0x3186, 1,
    0x3800, 1, 0x20A3, 2, 0x10A3, 1, 0x20A3, 1,
    0x10A3, 2, 0x2125, 1, 0x3186, 1, 0x2926, 1,
    0x18C5, 10, 0x6000, 3, 0x7000, 1, 0x7062, 1,
    0x4841, 1, 0x50E5, 1, 0x2000, 1, 0x4800, 1,
    0x5000, 1, 0x7125, 1, 0x4A6A, 2, 0x7125, 1,
    0x7062, 1, 0x10A3, 1, 0x4A6A, 1, 0x8C0C, 2,
    0x9C4A, 1, 0x39E9, 1, 0x5000, 1, 0x50E5, 2,
    0x4841, 1, 0x4800, 5, 0x3000, 3, 0x4800, 3,
    0x4841, 1, 0x8A88, 4, 0x4841, 1, 0x9C4A, 3,
    0x10A3, 1, 0x4A6A, 1, 0x8C0C, 2, 0x52CC, 1,
    0x4841, 1, 0x2000, 1, 0x7125, 1, 0x4841, 2,
    0x50E5, 1, 0x39E9, 3, 0x49E9, 1, 0x52CC, 3,
    0xB4EC, 2, 0x3186, 1, 0x5000, 1, 0x7062, 4,
    0x7800, 1, 0x2125, 2, 0x3186, 1, 0x6B8E, 1,
    0x632D, 2, 0x7411, 1, 0x6B8E, 1, 0x39E9, 1,
    0x9C4A, 1, 0xF6CE, 3, 0xB4EC, 1, 0xA001, 1,
    0x39E9, 1, 0x20A3, 1, 0xF6CE, 2, 0x9C4A, 2,
    0x39E9, 1, 0x8A88, 1, 0x9083, 5, 0x2926, 2,
    0x6B2C, 1, 0x20E5, 1, 0x2926, 1, 0x3186, 1,
    0x20A3, 1, 0x49E9, 1, 0x3800, 1, 0x0862, 1,
    0x20A3, 1, 0x0862, 1, 0x20A3, 2, 0x3186, 1,
    0x20A3, 1, 0x7125, 1, 0x18C5, 11, 0x6000, 2,
    0x7000, 2, 0x7125, 1, 0x4841, 2, 0x50E5, 1,
    0x2000, 1, 0x5000, 1, 0x4841, 1, 0x39E9, 1,
    0x50E5, 2, 0x4841, 1, 0x7062, 1, 0x20A3, 1,
    0x8C0C, 4, 0x4841, 3, 0x3186, 1, 0x4841, 6,
    0x4800, 4, 0x4841, 1, 0x3000, 2, 0x3186, 1,
    0x5000, 1, 0x9C4A, 3, 0x20E5, 1, 0x6000, 1,
    0x20A3, 1, 0x52CC, 3, 0x6000, 1, 0x2000, 1,
    0x7125, 1, 0x5000, 1, 0x50E5, 4, 0x4A6A, 3,
    0x52CC, 1, 0x8C0C, 1, 0xB4EC, 3, 0x7062, 1,
    0x18C5, 3, 0x6000, 1, 0x7800, 2, 0x2926, 1,
    0x2125, 1, 0x2926, 1, 0x7411, 1, 0x632D, 1,
    0x39E9, 1, 0x6B8E, 2, 0x9C4A, 1, 0xF6CE, 4,
    0x39E9, 1, 0xA001, 1, 0x6B8E, 1, 0x9C4A, 4,
    0x8A88, 1, 0x2125, 1, 0x3186, 1, 0x9083, 2,
    0x2926, 3, 0x10A3, 1, 0x0862, 1, 0x2125, 3,
    0x3186, 1, 0x20A3, 1, 0x5AAB, 1, 0x10A3, 2,
    0x20A3, 1, 0x0862, 1, 0x20A3, 1, 0x3800, 1,
    0x2125, 1, 0x20A3, 1, 0x8986, 1, 0x18C5, 11,
    0x7000, 3, 0x7062, 1, 0x49E9, 1, 0x50E5, 1,
    0x4841, 2, 0x2000, 1, 0x5000, 2, 0x50E5, 4,
    0x5000, 3, 0x8A88, 1, 0x6B2C, 5, 0x39E9, 2,
    0x4841, 1, 0x3186, 1, 0x4841, 3, 0x20A3, 1,
    0x39E9, 2, 0x4841, 1, 0x8A88, 1, 0x8C0C, 2,
    0x9C4A, 1, 0x4A6A, 1, 0x10A3, 2, 0x6000, 3,
    0x7125, 2, 0x7062, 1, 0x6000, 1, 0x2000, 1,
    0x7125, 1, 0x4841, 4, 0x50E5, 2, 0x49E9, 2,
    0x4A6A, 2, 0x8C0C, 1, 0xB4EC, 1, 0x3186, 1,
    0x7125, 1, 0x10A3, 1, 0x0862, 1, 0x10A3, 1,
    0x2125, 1, 0x18C5, 3, 0x7000, 1, 0x3186, 1,
    0x632D, 1, 0x7411, 1, 0x2926, 1, 0x39E9, 1,
    0x6B8E, 1, 0x3186, 1, 0xF6CE, 5, 0x3186, 1,
    0xA001, 1, 0x8A88, 1, 0x3186, 1, 0x9C4A, 1,
    0x3186, 2, 0x6B2C, 1, 0x3186, 1, 0x2926, 1,
    0x4A6A, 1, 0x2926, 1, 0x10A3, 3, 0x3800, 1,
    0x3186, 1, 0x20E5, 2, 0x2125, 1, 0x3186, 1,
    0x20A3, 1, 0x2125, 1, 0x3186, 1, 0x20A3, 3,
    0x3800, 1, 0x3186, 1, 0x2125, 2, 0x8986, 1,
    0x18C5, 11, 0x7000, 2, 0x8C0C, 1, 0x9C4A, 1,
    0x2125, 1, 0x3186, 1, 0x4841, 2, 0x49E9, 1,
    0x5000, 3, 0x50E5, 3, 0x5000, 4, 0x4800, 1,
    0x10A3, 1, 0x6B2C, 12, 0x8C0C, 1, 0x9C4A, 1,
    0x20E5, 1, 0x8C0C, 1, 0x4A6A, 1, 0x10A3, 1,
    0x6000, 4, 0x7062, 3, 0x6000, 1, 0x3000, 2,
    0x7125, 1, 0x5000, 2, 0x50E5, 5, 0x49E9, 2,
    0x4A6A, 3, 0x39E9, 1, 0x7062, 1, 0x7800, 1,
    0x0862, 3, 0x39E9, 1, 0x8986, 1, 0x3186, 1,
    0x18C5, 2, 0x3186, 1, 0x632D, 1, 0x3189, 1,
    0x3186, 1, 0x6B8E, 1, 0x4841, 2, 0xF6CE, 5,
    0x2125, 1, 0xA001, 1, 0x8A88, 2, 0x3186, 1,
    0x9083, 1, 0x8986, 1, 0x3186, 1, 0x20E5, 1,
    0x0862, 3, 0x3186, 1, 0x3800, 1, 0x3186, 3,
    0x20E5, 3, 0x3186, 1, 0x20A3, 1, 0x2125, 1,
    0x5AAB, 1, 0x3800, 2, 0x20A3, 1, 0x3186, 1,
    0x5AAB, 1, 0x20A3, 1, 0x3186, 1, 0x2125, 1,
    0x18C5, 11, 0x7000, 1, 0x7062, 1, 0x9C4A, 2,
    0x2125, 1, 0x20A3, 1, 0x4841, 2, 0x5000, 1,
    0x2000, 1, 0x5000, 4, 0x50E5, 1, 0x5000, 1,
    0x4841, 1, 0x5000, 5, 0x4800, 1, 0x3189, 1,
    0x10A3, 2, 0x0862, 3, 0x2000, 2, 0x3189, 1,
    0x10A3, 1, 0x0862, 2, 0x3800, 1, 0x5000, 3,
    0x4841, 1, 0x50E5, 1, 0x39E9, 2, 0x5000, 2,
    0x4800, 1, 0x3000, 1, 0x50E5, 1, 0x4841, 1,
    0x8986, 1, 0x6000, 1, 0x50E5, 6, 0x49E9, 2,
    0x39E9, 1, 0x52CC, 1, 0x3186, 1, 0x7062, 1,
    0x7125, 1, 0x0862, 3, 0x7125, 1, 0x3186, 1,
    0x7125, 3, 0x8986, 1, 0x3186, 5, 0x4841, 1,
    0x9C4A, 1, 0xF6CE, 5, 0x2125, 1, 0x3186, 1,
    0x7062, 1, 0x9083, 2, 0x4A6A, 2, 0x3186, 1,
    0x0862, 1, 0x3800, 1, 0x3186, 6, 0x20E5, 4,
    0x3186, 1, 0x2926, 1, 0x2125, 2, 0x0862, 1,
    0x3186, 1, 0x0862, 1, 0x5AAB, 1, 0x2125, 1,
    0x20A3, 1, 0x8986, 1, 0x0862, 1, 0x18C5, 10,
    0x6000, 1, 0x7000, 1, 0x2125, 1, 0x9C4A, 2,
    0x6B2C, 1, 0x39E9, 1, 0x20A3, 1, 0x4841, 2,
    0x49E9, 1, 0x2000, 2, 0x0862, 1, 0x5000, 4,
    0x4841, 2, 0x5000, 2, 0x4841, 1, 0x5000, 15,
    0x50E5, 2, 0x39E9, 2, 0x50E5, 1, 0x5000, 2,
    0x2000, 1, 0x50E5, 1, 0x4841, 2, 0x9083, 2,
    0x8986, 1, 0x8800, 1, 0x8000, 2, 0x50E5, 3,
    0x20E5, 2, 0x39E9, 1, 0x3186, 2, 0x6000, 1,
    0x0862, 3, 0x7125, 2, 0x2125, 1, 0x20A3, 2,
    0x7125, 1, 0x8986, 1, 0x3186, 1, 0x52CC, 1,
    0x3186, 1, 0x2926, 1, 0x10A3, 2, 0xF6CE, 5,
    0xD5ED, 1, 0x10A3, 1, 0x2125, 1, 0x9083, 1,
    0x4A6A, 2, 0x0862, 2, 0x4800, 1, 0x3800, 1,
    0x3186, 5, 0x632D, 2, 0x20E5, 4, 0x2926, 1,
    0x7125, 1, 0x0862, 1, 0x20A3, 1, 0x49E9, 1,
    0x5AAB, 2, 0x2125, 1, 0x10A3, 1, 0x3186, 1,
    0x8986, 1, 0x18C5, 11, 0x5000, 1, 0x7000, 1,
    0x10A3, 1, 0x9C4A, 2, 0x52CC, 1, 0x39E9, 1,
    0x20A3, 1, 0x50E5, 1, 0x4841, 3, 0x50E5, 1,
    0x0862, 3, 0x5000, 4, 0x4841, 4, 0x5000, 13,
    0x50E5, 1, 0x4841, 1, 0x50E5, 1, 0x5000, 3,
    0x2000, 1, 0x49E9, 1, 0x4841, 3, 0x9083, 1,
    0x8986, 1, 0x9083, 2, 0x8800, 4, 0x8000, 3,
    0x7125, 1, 0x39E9, 1, 0x7062, 1, 0x7800, 1,
    0x0862, 1, 0x10A3, 1, 0x0862, 1, 0x7125, 1,
    0x3186, 1, 0x2125, 1, 0x20A3, 1, 0x0862, 1,
    0x10A3, 1, 0x2926, 1, 0x3186, 1, 0x7125, 1,
    0x20E5, 1, 0x3186, 1, 0x2125, 1, 0x6000, 1,
    0x9C4A, 1, 0xF6CE, 3, 0x9C4A, 1, 0xD5ED, 1,
    0x9C4A, 1, 0x6B2C, 1, 0x0862, 1, 0x4A6A, 1,
    0x0862, 3, 0x4800, 1, 0x3800, 1, 0x3186, 5,
    0x52CC, 3, 0x0000, 1, 0x20E5, 3, 0x2926, 1,
    0x8986, 1, 0x20A3, 1, 0x0862, 1, 0x2125, 3,
    0x0862, 1, 0x20A3, 1, 0x7125, 2, 0x18C5, 11,
    0x5000, 1, 0x7000, 1, 0x52CC, 1, 0x8C0C, 1,
    0x632D, 1, 0x4A6A, 3, 0x4841, 5, 0x50E5, 2,
    0x0862, 1, 0x3800, 8, 0x5000, 17, 0x2000, 1,
    0x7125, 1, 0x4841, 2, 0x50E5, 2, 0x8986, 1,
    0x8A88, 2, 0xB4EC, 2, 0x8800, 4, 0x8000, 1,
    0xA001, 2, 0x8800, 2, 0x6000, 2, 0x10A3, 3,
    0x8986, 1, 0x20A3, 2, 0x2125, 3, 0x0862, 1,
    0x2125, 1, 0x8986, 1, 0x20E5, 2, 0x7000, 1,
    0x6000, 1, 0xD5ED, 1, 0xF6CE, 1, 0xD5ED, 2,
    0x3186, 1, 0x6B2C, 1, 0x9C4A, 2, 0x0862, 2,
    0x3000, 1, 0x0862, 1, 0x4800, 2, 0x3800, 1,
    0x3186, 4, 0x2125, 1, 0x52CC, 2, 0x0000, 2,
    0x20E5, 3, 0x3186, 3, 0x2125, 2, 0x0862, 1,
    0x20A3, 2, 0x7125, 1, 0x8986, 1, 0x18C5, 12,
    0x5000, 1, 0x8A88, 1, 0x20E5, 1, 0x6B2C, 1,
    0x632D, 1, 0x4A6A, 3, 0x10A3, 1, 0x4841, 3,
    0x5000, 3, 0x50E5, 3, 0x7125, 1, 0x0862, 7,
    0x3800, 2, 0x3000, 5, 0x5000, 2, 0x0862, 2,
    0x50E5, 1, 0x49E9, 2, 0x0862, 1, 0x7125, 1,
    0x6000, 1, 0x4841, 2, 0x20E5, 1, 0x39E9, 1,
    0x3186, 1, 0xB4EC, 4, 0x8800, 3, 0xA001, 4,
    0x8800, 1, 0x7800, 2, 0x0862, 3, 0x7125, 2,
    0x0862, 1, 0x2125, 1, 0x5AAB, 3, 0x2125, 1,
    0x20A3, 1, 0x3186, 1, 0x20E5, 1, 0x2926, 1,
    0x6000, 1, 0x3000, 1, 0xD5ED, 2, 0x9C4A, 2,
    0x3800, 1, 0x3186, 1, 0x9C4A, 2, 0x0862, 1,
    0x3000, 2, 0x4800, 2, 0x3186, 2, 0x7411, 5,
    0x20E5, 4, 0x2125, 2, 0x20E5, 2, 0x3186, 1,
    0x7125, 2, 0x20A3, 1, 0x2125, 2, 0x7125, 2,
    0x18C5, 13, 0x5000, 1, 0x4800, 1, 0x20E5, 1,
    0x52CC, 2, 0x6B8E, 1, 0x632D, 1, 0x52CC, 1,
    0x10A3, 1, 0x4841, 3, 0x5000, 9, 0x7125, 3,
    0x50E5, 4, 0x0862, 6, 0x7125, 2, 0x4841, 7,
    0x20E5, 1, 0x39E9, 1, 0x20E5, 1, 0xB4EC, 6,
    0x9083, 1, 0xA001, 6, 0x8800, 1, 0x7800, 2,
    0x20E5, 2, 0x0862, 1, 0x8986, 1, 0x2926, 1,
    0x2125, 1, 0x3186, 1, 0x0862, 1, 0x3800, 1,
    0x3186, 1, 0x2125, 1, 0x20A3, 1, 0x3186, 1,
    0x7000, 1, 0x20E5, 1, 0x5000, 1, 0x8A88, 1,
    0xD5ED, 1, 0x9C4A, 2, 0x3186, 1, 0x3800, 1,
    0x3186, 1, 0x9C4A, 1, 0x6B2C, 1, 0x3186, 1,
    0x3000, 1, 0x4800, 2, 0x3000, 1, 0x3186, 1,
    0x632D, 5, 0x20E5, 1, 0x0000, 1, 0x3186, 1,
    0x0000, 1, 0x20E5, 4, 0x2125, 1, 0x3186, 1,
    0x7125, 2, 0x3186, 2, 0x2926, 1, 0x8986, 1,
    0x18C5, 14, 0x4800, 2, 0x4A6A, 1, 0x52CC, 1,
    0x4A6A, 1, 0x52CC, 3, 0x7411, 1, 0x4A6A, 1,
    0x7062, 1, 0x7000, 3, 0x5000, 16, 0x50E5, 3,
    0x5000, 1, 0x4841, 7, 0x50E5, 1, 0x20E5, 1,
    0x4A6A, 1, 0x52CC, 1, 0xB4EC, 5, 0x3186, 1,
    0x8A88, 2, 0xA001, 5, 0x8800, 1, 0x8000, 3,
    0x10A3, 2, 0x20A3, 1, 0x7125, 1, 0x20A3, 1,
    0x5AAB, 1, 0x10A3, 1, 0x20A3, 2, 0x3800, 1,
    0x5AAB, 1, 0x2125, 1, 0x3186, 1, 0x2125, 1,
    0x52CC, 1, 0x5000, 1, 0x9C4A, 3, 0x3186, 1,
    0x4841, 1, 0x3800, 1, 0x6B2C, 2, 0x3186, 1,
    0x4800, 4, 0x3800, 1, 0x3186, 2, 0x2926, 1,
    0x3186, 2, 0x0000, 1, 0x7411, 1, 0x8CD3, 1,
    0x2125, 2, 0x20E5, 2, 0x10A3, 1, 0x20E5, 3,
    0x7125, 2, 0x8986, 1, 0x7125, 1, 0x3186, 1,
    0x6B8E, 1, 0x18C5, 14, 0x4800, 2, 0x3800, 1,
    0x4A6A, 1, 0x10A3, 1, 0x0862, 1, 0x52CC, 2,
    0x632D, 1, 0x6B8E, 1, 0x7062, 1, 0x5000, 3,
    0x6000, 8, 0x5000, 12, 0x6000, 1, 0x4841, 4,
    0x20E5, 2, 0x52CC, 3, 0x7411, 1, 0xB4EC, 3,
    0x5AAB, 1, 0x20E5, 1, 0x39E9, 1, 0xB4EC, 1,
    0xA001, 6, 0x8000, 3, 0x7800, 1, 0x20E5, 2,
    0x8986, 1, 0x3186, 1, 0x20A3, 1, 0x3186, 1,
    0x20A3, 3, 0x3800, 1, 0x3186, 1, 0x2125, 1,
    0x3186, 2, 0x52CC, 1, 0x3186, 1, 0x9C4A, 2,
    0x3186, 1, 0x3800, 2, 0x3186, 3, 0x3000, 1,
    0x4800, 3, 0x3000, 1, 0x3186, 2, 0x20E5, 2,
    0x2125, 2, 0x18C5, 3, 0x2125, 1, 0x7411, 1,
    0x18C5, 4, 0x10A3, 1, 0x20E5, 3, 0x7125, 1,
    0x39E9, 2, 0x18C5, 15, 0x4800, 1, 0x3000, 1,
    0x3800, 1, 0x4800, 1, 0x5000, 2, 0x20A3, 1,
    0x0862, 2, 0x10A3, 1, 0x5000, 3, 0x6000, 9,
    0x7000, 10, 0x8800, 3, 0x4841, 3, 0x20E5, 2,
    0x52CC, 3, 0x7411, 1, 0x8CD3, 1, 0xF6CE, 3,
    0x8CD3, 1, 0x2125, 2, 0x8CD3, 1, 0xA001, 4,
    0x8000, 1, 0x7800, 1, 0x8000, 3, 0x7800, 1,
    0x10A3, 2, 0x7125, 1, 0x2125, 2, 0x10A3, 1,
    0x20A3, 1, 0x0862, 1, 0x20A3, 2, 0x0862, 1,
    0x5AAB, 1, 0x2926, 1, 0x39E9, 1, 0x3000, 1,
    0x8A88, 1, 0x6B2C, 2, 0x3800, 1, 0x4800, 1,
    0x3800, 1, 0x3186, 2, 0x4800, 3, 0x4841, 1,
    0x18C5, 3, 0x6B8E, 1, 0x7411, 2, 0x39E9, 1,
    0x2125, 1, 0x0000, 1, 0x18C5, 1, 0x0000, 1,
    0x18C5, 28, 0x4800, 1, 0x3000, 2, 0x4800, 1,
    0x5000, 2, 0x7000, 4, 0x5000, 3, 0x6000, 9,
    0x7000, 9, 0x7800, 3, 0x8800, 1, 0x7062, 1,
    0x632D, 1, 0x8CD3, 1, 0x7411, 3, 0x8CD3, 4,
    0xF6CE, 1, 0x8CD3, 2, 0x39E9, 1, 0x2125, 2,
    0xB4EC, 1, 0xA001, 1, 0x8800, 3, 0x8000, 4,
    0x7800, 1, 0x10A3, 3, 0x3186, 1, 0x20A3, 1,
    0x5AAB, 1, 0x20A3, 1, 0x0862, 1, 0x10A3, 2,
    0x20A3, 1, 0x0862, 1, 0x2125, 1, 0x2926, 1,
    0x39E9, 1, 0x8A88, 1, 0x6B2C, 1, 0x3800, 2,
    0x10A3, 1, 0x4800, 1, 0x3800, 1, 0x3186, 1,
    0x4800, 3, 0x4841, 1, 0x18C5, 7, 0x3186, 1,
    0x8CD3, 1, 0x7411, 1, 0x0862, 1, 0x20E5, 1,
    0x18C5, 28, 0x3000, 3, 0x4800, 1, 0x5000, 3,
    0x7000, 6, 0x8000, 2, 0x6000, 7, 0x7000, 10,
    0x7800, 3, 0x7062, 1, 0x7411, 2, 0x6B8E, 3,
    0x8CD3, 5, 0x2125, 2, 0x8CD3, 3, 0x8800, 1,
    0x8000, 8, 0x7800, 1, 0x10A3, 3, 0x3186, 1,
    0x2125, 1, 0x3186, 1, 0x0862, 2, 0x20A3, 1,
    0x10A3, 2, 0x20A3, 1, 0x7125, 1, 0x2125, 1,
    0x39E9, 1, 0x3186, 2, 0x0862, 1, 0x3800, 2,
    0x4800, 1, 0x3000, 2, 0x4800, 2, 0x18C5, 42,
    0x3000, 3, 0x4800, 1, 0x5000, 3, 0x6000, 2,
    0x7000, 4, 0x8000, 8, 0x8800, 3, 0x7000, 11,
    0x7062, 1, 0x20E5, 1, 0x10A3, 2, 0x20E5, 1,
    0x3186, 1, 0x20E5, 1, 0x2125, 2, 0x20E5, 2,
    0x8CD3, 3, 0x8800, 2, 0x8000, 5, 0x7800, 2,
    0x8000, 3, 0x10A3, 1, 0x20E5, 1, 0x20A3, 1,
    0x2926, 1, 0x2125, 1, 0x3186, 1, 0x20A3, 1,
    0x10A3, 1, 0x0862, 1, 0x20A3, 1, 0x0862, 1,
    0x6000, 1, 0x2125, 1, 0x2926, 1, 0x3186, 2,
    0x0862, 2, 0x10A3, 1, 0x3800, 1, 0x4800, 2,
    0x4841, 2, 0x18C5, 43, 0x3000, 3, 0x5000, 4,
    0x6000, 3, 0x7000, 1, 0x6000, 1, 0x7000, 1,
    0x8000, 2, 0x8800, 1, 0x8000, 5, 0x8800, 9,
    0xA001, 4, 0x8800, 11, 0x8000, 2, 0x7800, 1,
    0x8800, 1, 0x8000, 6, 0x7800, 3, 0x8000, 2,
    0x7800, 1, 0x20E5, 2, 0x2125, 3, 0x0862, 1,
    0x10A3, 1, 0x20A3, 1, 0x0862, 1, 0x6000, 1,
    0x10A3, 1, 0x20A3, 1, 0x5AAB, 1, 0x2926, 2,
    0x10A3, 5, 0x4800, 2, 0x18C5, 46, 0x3000, 2,
    0x4800, 1, 0x5000, 3, 0x6000, 5, 0x7000, 2,
    0x8800, 5, 0xA001, 1, 0x8800, 1, 0xA001, 4,
    0x8800, 5, 0xA001, 3, 0x8800, 12, 0x8000, 2,
    0x7800, 1, 0x8000, 7, 0x7800, 6, 0x20E5, 2,
    0x2125, 3, 0x0862, 1, 0x20A3, 1, 0x6000, 1,
    0x0862, 1, 0x20A3, 2, 0x0862, 1, 0x2125, 1,
    0x3186, 1, 0x10A3, 5, 0x4800, 2, 0x18C5, 47,
    0x3000, 2, 0x4800, 1, 0x5000, 3, 0x6000, 3,
    0x7000, 4, 0x8800, 1, 0xA001, 3, 0x9083, 1,
    0x8986, 2, 0x9083, 1, 0x8986, 1, 0xA001, 5,
    0x8800, 2, 0xA001, 3, 0x8800, 12, 0x8000, 8,
    0x7800, 8, 0x20E5, 2, 0x2926, 1, 0x20A3, 1,
    0x7062, 1, 0x20A3, 1, 0x10A3, 1, 0x20A3, 2,
    0x10A3, 1, 0x20A3, 1, 0x0862, 1, 0x2125, 1,
    0x3186, 1, 0x3000, 1, 0x10A3, 3, 0x4800, 1,
    0x18C5, 49, 0x2000, 1, 0x3000, 2, 0x5000, 3,
    0x6000, 4, 0x5000, 2, 0x7000, 1, 0x8800, 1,
    0x7000, 3, 0x8800, 1, 0x9083, 3, 0x8986, 2,
    0x9083, 1, 0xA001, 4, 0x8800, 1, 0xA001, 3,
    0x8800, 13, 0x8000, 4, 0x7800, 10, 0x10A3, 3,
    0x2125, 1, 0x20A3, 1, 0x2125, 1, 0x0862, 1,
    0x20A3, 1, 0x10A3, 3, 0x20A3, 1, 0x5AAB, 1,
    0x2125, 1, 0x3186, 1, 0x10A3, 2, 0x4841, 1,
    0x18C5, 52, 0x3000, 2, 0x5000, 4, 0x7000, 1,
    0x6000, 1, 0x4800, 1, 0x3000, 1, 0x5000, 1,
    0x6000, 1, 0x7000, 1, 0x2000, 1, 0x3000, 2,
    0x0862, 2, 0x9083, 1, 0x7000, 1, 0x9083, 2,
    0x8800, 1, 0x7800, 3, 0xA001, 1, 0x8800, 1,
    0xA001, 5, 0x8800, 4, 0x8000, 1, 0x8800, 7,
    0x8000, 3, 0x7800, 10, 0x20E5, 3, 0x2926, 1,
    0x2125, 2, 0x0862, 4, 0x20A3, 1, 0x3800, 1,
    0x2125, 1, 0x20A3, 1, 0x7125, 1, 0x4800, 2,
    0x18C5, 53, 0x2000, 1, 0x3000, 1, 0x4800, 1,
    0x5000, 3, 0x7000, 1, 0x6000, 1, 0x0862, 1,
    0x2000, 1, 0x3000, 1, 0x2000, 1, 0x3000, 1,
    0x0000, 2, 0x0862, 3, 0x2000, 3, 0x0862, 2,
    0x3000, 2, 0x2000, 1, 0x7000, 2, 0x7800, 5,
    0x8800, 4, 0x8000, 1, 0x8800, 6, 0x8000, 1,
    0x7800, 13, 0x2125, 6, 0x3186, 1, 0x20A3, 2,
    0x0862, 1, 0x20A3, 1, 0x3800, 1, 0x2125, 1,
    0x20A3, 1, 0x8986, 1, 0x18C5, 56, 0x2000, 1,
    0x3000, 1, 0x5000, 3, 0x7000, 1, 0x4800, 1,
    0x9083, 1, 0x8000, 1, 0x0000, 4, 0x6B8E, 1,
    0x7411, 1, 0x0862, 3, 0x0000, 1, 0x0862, 4,
    0x0000, 2, 0x3000, 2, 0x7800, 5, 0x8800, 4,
    0x8000, 1, 0x8800, 6, 0x8000, 1, 0x7800, 10,
    0x7000, 1, 0x6000, 1, 0x20E5, 2, 0x2125, 1,
    0x20E5, 1, 0x2125, 1, 0x2926, 1, 0x2125, 1,
    0x5AAB, 1, 0x20A3, 3, 0x3800, 1, 0x3186, 1,
    0x2125, 2, 0x7125, 1, 0x18C5, 56, 0x0000, 1,
    0x2000, 1, 0x3000, 1, 0x5000, 2, 0x6000, 1,
    0xA001, 2, 0x8000, 1, 0x4841, 1, 0x7062, 1,
    0x3186, 1, 0x8986, 2, 0x9C4A, 1, 0x7411, 2,
    0x8CD3, 6, 0x7411, 1, 0x6B8E, 1, 0x3000, 2,
    0x3800, 3, 0x4800, 1, 0x6000, 1, 0x8800, 3,
    0x8000, 1, 0x8800, 7, 0x8000, 1, 0x7800, 10,
    0x6000, 2, 0x20E5, 4, 0x20A3, 1, 0x3186, 1,
    0x20A3, 1, 0x2125, 1, 0x10A3, 2, 0x20A3, 1,
    0x3186, 1, 0x5AAB, 1, 0x0862, 1, 0x3186, 1,
    0x18C5, 58, 0x0000, 1, 0x2000, 3, 0x6000, 1,
    0xA001, 3, 0x8800, 1, 0xA001, 1, 0x9083, 2,
    0x7800, 1, 0x9C4A, 1, 0x8CD3, 2, 0xF6CE, 1,
    0x8CD3, 1, 0xF6CE, 2, 0x8CD3, 2, 0xB4EC, 1,
    0x8986, 1, 0x6B8E, 1, 0x0000, 4, 0x2000, 1,
    0x10A3, 1, 0x8000, 2, 0x8800, 5, 0x8000, 1,
    0x8800, 3, 0x8000, 1, 0x7800, 6, 0x7000, 2,
    0x6000, 2, 0x4800, 1, 0x3800, 1, 0x20E5, 5,
    0x3186, 1, 0x20A3, 2, 0x3186, 2, 0x0862, 1,
    0x5AAB, 1, 0x10A3, 1, 0x2926, 1, 0x8986, 1,
    0x18C5, 59, 0x2000, 3, 0x3000, 1, 0x3800, 2,
    0x8000, 1, 0x7000, 3, 0x7800, 1, 0x7000, 1,
    0x8000, 3, 0xA001, 4, 0x8800, 3, 0xB4EC, 1,
    0x8986, 1, 0x8A88, 1, 0x39E9, 1, 0x9083, 2,
    0xA001, 1, 0x8986, 2, 0x6000, 1, 0xA001, 1,
    0x8800, 7, 0x8000, 2, 0x7800, 2, 0x7000, 2,
    0x6000, 4, 0x5000, 1, 0x4800, 2, 0x20E5, 6,
    0x7125, 1, 0x2125, 1, 0x20A3, 1, 0x2125, 4,
    0x20A3, 1, 0x7125, 2, 0x18C5, 62, 0x2000, 1,
    0x3000, 2, 0x4800, 5, 0x7000, 1, 0x6000, 2,
    0x5000, 3, 0x6000, 1, 0x5000, 1, 0x6000, 2,
    0x8800, 2, 0x8000, 1, 0x9083, 1, 0x8986, 1,
    0xA001, 5, 0x8986, 1, 0xA001, 3, 0x8800, 5,
    0x7800, 2, 0x7000, 4, 0x5000, 1, 0x4800, 1,
    0x3800, 1, 0x3000, 2, 0x2000, 2, 0x20E5, 6,
    0x8986, 1, 0x7125, 1, 0x20A3, 1, 0x0862, 1,
    0x2125, 1, 0x20A3, 1, 0x0862, 1, 0x7125, 2,
    0x18C5, 65, 0x2000, 1, 0x3000, 5, 0x5000, 2,
    0x4800, 1, 0x3800, 1, 0x3000, 5, 0x3800, 1,
    0x6000, 1, 0x7000, 1, 0x7800, 1, 0x8000, 1,
    0x8800, 4, 0xA001, 6, 0x8800, 5, 0x6000, 4,
    0x5000, 2, 0x4800, 1, 0x2000, 6, 0x20E5, 6,
    0x3186, 1, 0x8986, 1, 0x2926, 1, 0x20A3, 2,
    0x2125, 1, 0x20A3, 1, 0x7125, 1, 0x18C5, 71,
    0x2000, 1, 0x3000, 4, 0x2000, 5, 0x3800, 1,
    0x5000, 4, 0x6000, 10, 0x5000, 1, 0x4800, 5,
    0x3000, 3, 0x2000, 5, 0x3800, 2, 0x10A3, 1,
    0x20E5, 5, 0x2125, 1, 0x20E5, 1, 0x20A3, 1,
    0x7125, 2, 0x3186, 1, 0x2125, 1, 0x2926, 1,
    0x8986, 1, 0x3186, 1, 0x18C5, 80, 0x2000, 1,
    0x3000, 5, 0x3800, 10, 0x3000, 1, 0x2000, 5,
    0x3800, 4, 0x18C5, 6, 0x20E5, 1, 0x10A3, 4,
    0x20E5, 3, 0x10A3, 1, 0x2125, 1, 0x8986, 2,
    0x7125, 1, 0x3186, 1, 0x6B8E, 1, 0x18C5, 119,
    0x20E5, 1, 0x10A3, 1, 0x20E5, 2, 0x10A3, 1,
    0x7125, 1, 0x2125, 1, 0x39E9, 1, 0x18C5, 2742,
};

#endif // MCQUEEN_DISCONNECTED_FRAMES_H
