#ifndef MCQUEEN_DONE_FRAMES_H
#define MCQUEEN_DONE_FRAMES_H

/**
 * Auto-gerado por scripts/mcqueen_export.py (RLE, contrato rle_sprite.h)
 * 24 frame(s), 128x128 pixels
 * Raw: 786,432 bytes, RLE: 231,560 bytes
 * Transparent key: 0x18C5
 */

#include <stdint.h>

#define MCQUEEN_DONE_WIDTH  128
#define MCQUEEN_DONE_HEIGHT 128
#define MCQUEEN_DONE_FRAME_COUNT 24

static const uint32_t mcqueen_done_frame_offsets[25] = {
    0, 5050, 10474, 16158, 21824, 27130, 32268, 37450,
    42280, 46346, 49766, 52566, 55950, 60232, 65134, 70366,
    75604, 80930, 86570, 92476, 98058, 103036, 107400, 111354,
    115780,
};

static const uint16_t mcqueen_done_rle_data[] = {
    0x18C5, 3787, 0x9083, 1, 0x8986, 5, 0x18C5, 122,
    0x9083, 2, 0x8986, 7, 0x18C5, 118, 0x7800, 2,
    0x6862, 4, 0x9083, 3, 0x8986, 4, 0x18C5, 115,
    0x7800, 3, 0x8000, 4, 0x6862, 1, 0x9083, 3,
    0x8986, 6, 0x632E, 1, 0x8986, 2, 0x9083, 1,
    0x8986, 1, 0x632E, 1, 0x18C5, 9, 0x8986, 6,
    0x18C5, 90, 0x7800, 2, 0x8000, 6, 0x7800, 1,
    0x6862, 1, 0x7800, 3, 0x8986, 9, 0x632E, 1,
    0x8986, 16, 0x18C5, 88, 0x6800, 1, 0x6000, 1,
    0x5000, 1, 0x6000, 5, 0x6800, 1, 0x7800, 8,
    0x9083, 7, 0x8986, 4, 0x9083, 2, 0x6862, 1,
    0x8986, 1, 0x9083, 3, 0x6862, 4, 0x9083, 1,
    0x5000, 1, 0x18C5, 87, 0x6000, 1, 0x4000, 4,
    0x5000, 3, 0x6000, 1, 0x6800, 3, 0x7800, 8,
    0x8000, 1, 0x7800, 6, 0x6862, 1, 0x7800, 3,
    0x6862, 1, 0x7800, 8, 0x5000, 1, 0x18C5, 87,
    0x4000, 1, 0x2800, 2, 0x6000, 4, 0x2800, 1,
    0x4000, 1, 0x5000, 6, 0x6800, 3, 0x7800, 22,
    0x5000, 1, 0x18C5, 86, 0x2800, 1, 0x6862, 3,
    0x6000, 6, 0x2800, 7, 0x4000, 1, 0x6000, 7,
    0x6800, 8, 0x7800, 1, 0x6000, 5, 0x6800, 1,
    0x7800, 2, 0x18C5, 84, 0x6925, 2, 0x6862, 3,
    0x6000, 7, 0x6800, 2, 0x7800, 1, 0x6862, 1,
    0x8986, 1, 0x2800, 6, 0x4000, 5, 0x2800, 2,
    0x5000, 5, 0x2800, 1, 0x4000, 1, 0x5000, 5,
    0x6000, 1, 0x6800, 1, 0x18C5, 81, 0x6925, 3,
    0x52CC, 1, 0x6925, 4, 0x6000, 6, 0x6800, 2,
    0x7800, 1, 0x6862, 5, 0x8986, 2, 0x6862, 2,
    0x8986, 4, 0x2800, 9, 0x8000, 2, 0x5000, 2,
    0x4000, 2, 0x6000, 2, 0x18C5, 78, 0xA269, 1,
    0x52CC, 7, 0x3A09, 1, 0x6925, 2, 0x6000, 3,
    0x6800, 4, 0x7800, 10, 0x6862, 6, 0x9083, 2,
    0x8000, 1, 0x7800, 1, 0x8000, 4, 0x9083, 1,
    0x4841, 1, 0x5000, 2, 0x4000, 1, 0x2800, 1,
    0x4000, 2, 0x18C5, 75, 0x8000, 1, 0x39A8, 1,
    0xA269, 1, 0x8000, 4, 0xA269, 1, 0x8000, 1,
    0x63B0, 4, 0x632E, 1, 0x8000, 1, 0x7800, 2,
    0x6800, 5, 0x7800, 11, 0x8000, 3, 0x7800, 4,
    0x8000, 3, 0x9083, 1, 0x8986, 1, 0x4104, 1,
    0x4841, 2, 0x4062, 1, 0x4000, 1, 0x20E3, 1,
    0x2800, 2, 0x18C5, 70, 0x7800, 7, 0x2800, 1,
    0x42CC, 2, 0x2147, 1, 0x4A27, 1, 0x5ACA, 1,
    0x6000, 3, 0x5000, 2, 0x4000, 2, 0x7800, 2,
    0x18C3, 1, 0x42CC, 1, 0x63B0, 5, 0x6800, 4,
    0x7800, 4, 0x8000, 1, 0x7800, 5, 0x8000, 1,
    0x6862, 1, 0x8986, 2, 0x632E, 2, 0x39A8, 1,
    0x4841, 2, 0x4062, 2, 0x20E3, 1, 0x4A27, 2,
    0x6000, 1, 0x18C5, 68, 0x8000, 6, 0x18C3, 1,
    0x632E, 1, 0x732B, 1, 0x8986, 2, 0x2147, 1,
    0x632E, 1, 0xB50B, 2, 0x52CC, 1, 0x2924, 2,
    0xB50B, 3, 0x18C3, 1, 0x5000, 2, 0x4000, 2,
    0x6800, 2, 0xA269, 1, 0x2104, 1, 0x63B0, 1,
    0x42CC, 2, 0x5000, 1, 0x6800, 2, 0x632E, 1,
    0x6CB4, 1, 0x6800, 4, 0x7800, 1, 0x8000, 2,
    0x8986, 1, 0x632E, 4, 0x4104, 2, 0x18C3, 2,
    0x20E3, 2, 0x4A27, 2, 0x7B47, 1, 0x4A27, 1,
    0x18C5, 66, 0x8000, 3, 0x8986, 3, 0x6925, 1,
    0x2924, 1, 0x42CC, 1, 0x632E, 1, 0x6925, 1,
    0x52CC, 4, 0x632E, 1, 0x52CC, 2, 0xB50B, 2,
    0x2924, 2, 0x6800, 2, 0x6000, 4, 0x5000, 3,
    0x4000, 1, 0x6800, 3, 0x6000, 2, 0x63B0, 1,
    0x6862, 1, 0x6000, 4, 0x7800, 1, 0x8000, 1,
    0x9083, 1, 0x632E, 2, 0x63B0, 1, 0x632E, 2,
    0x4104, 2, 0x4062, 1, 0x18C3, 1, 0x2104, 2,
    0x4A27, 2, 0x7B47, 2, 0x4A27, 2, 0x18C5, 64,
    0x8000, 1, 0x9083, 1, 0x8986, 4, 0x3A09, 1,
    0x632E, 1, 0x63B0, 1, 0x632E, 1, 0xB50B, 1,
    0xA488, 2, 0x8BCA, 6, 0x3A09, 1, 0x5ACA, 2,
    0x6925, 1, 0x7800, 1, 0x6800, 5, 0x6000, 2,
    0x8000, 1, 0xA269, 1, 0x8000, 1, 0x7800, 1,
    0x632E, 2, 0x2104, 1, 0x2924, 1, 0x63B0, 1,
    0x2104, 1, 0x6862, 1, 0x6800, 1, 0x7800, 1,
    0x9083, 2, 0x63B0, 3, 0x632E, 1, 0x3A09, 2,
    0x18C3, 2, 0x10A3, 2, 0x2104, 1, 0x7B47, 1,
    0x4A27, 1, 0x7B47, 5, 0x18C5, 62, 0x8000, 2,
    0x8986, 4, 0x3A09, 1, 0x632E, 3, 0x52CC, 1,
    0x5ACA, 1, 0x632E, 1, 0xB50B, 1, 0x8BCA, 1,
    0x52CC, 1, 0x5ACA, 1, 0x632E, 2, 0x8BCA, 1,
    0x52CC, 1, 0x5ACA, 1, 0x3A09, 1, 0x6862, 2,
    0x6000, 2, 0x6800, 4, 0x8000, 1, 0x7800, 1,
    0xA269, 1, 0x18E4, 1, 0x18C3, 2, 0x63B0, 1,
    0x42CC, 1, 0x63B0, 1, 0x42CC, 1, 0x632E, 1,
    0x42CC, 1, 0x18C3, 1, 0x8986, 2, 0x63B0, 4,
    0x632E, 1, 0x3A09, 2, 0x18C3, 2, 0x2924, 1,
    0x10A3, 2, 0x8BCA, 1, 0x7B47, 5, 0xA488, 1,
    0x7B47, 1, 0x18C5, 61, 0x9083, 1, 0x8986, 2,
    0x632E, 3, 0x3A09, 1, 0x632E, 3, 0x5ACA, 2,
    0x632E, 1, 0xB50B, 1, 0x8BCA, 6, 0x52CC, 1,
    0x3A09, 2, 0x6925, 2, 0x6862, 1, 0x6000, 5,
    0x8000, 1, 0xA269, 2, 0x18E4, 2, 0x63B0, 1,
    0x2147, 1, 0x6862, 1, 0x63B0, 2, 0x6CB4, 1,
    0x63B0, 1, 0x18E4, 1, 0x18C3, 1, 0x63B0, 3,
    0x632E, 1, 0x63B0, 1, 0x3A09, 2, 0x4104, 1,
    0x39A8, 1, 0x3985, 1, 0x18C3, 1, 0x2924, 1,
    0x8BCA, 2, 0xA488, 1, 0x7B47, 5, 0x8BCA, 1,
    0x7B47, 1, 0x18C5, 60, 0x8000, 2, 0x8986, 1,
    0x63B0, 5, 0x632E, 5, 0x3A09, 4, 0x5ACA, 1,
    0x632E, 2, 0x52CC, 1, 0x3A09, 3, 0x6925, 3,
    0x6862, 2, 0x6000, 2, 0x3985, 1, 0x8986, 1,
    0x18E4, 2, 0x6CB4, 2, 0x94D3, 1, 0x6CB4, 1,
    0x2924, 1, 0x632E, 1, 0x63B0, 2, 0x18C3, 1,
    0x632E, 3, 0x63B0, 2, 0x52CC, 1, 0x42CC, 1,
    0x5ACA, 1, 0x3A09, 1, 0x39A8, 1, 0x20E3, 1,
    0x18C3, 1, 0x4A27, 1, 0x8BCA, 1, 0xA488, 3,
    0x7B47, 3, 0xA488, 1, 0x8BCA, 1, 0x5ACA, 1,
    0x4A27, 1, 0x18C5, 59, 0x10A3, 1, 0x2147, 1,
    0x39A8, 2, 0x2147, 2, 0x39A8, 4, 0x2147, 4,
    0x5ACA, 1, 0x632E, 4, 0x8986, 2, 0x3A09, 1,
    0x6925, 3, 0x3A09, 2, 0x6925, 2, 0x6000, 1,
    0x8986, 1, 0x3985, 1, 0x18E4, 2, 0x6CB4, 2,
    0x94D3, 2, 0x6CB4, 2, 0x42CC, 1, 0x2147, 1,
    0x632E, 1, 0x18C3, 1, 0x52CC, 2, 0x632E, 1,
    0x63B0, 2, 0x632E, 1, 0x3A09, 2, 0x8BCA, 2,
    0x732B, 1, 0x20E3, 1, 0x5ACA, 1, 0xA488, 5,
    0x7B47, 2, 0xA488, 2, 0x8BCA, 1, 0x8986, 1,
    0xB50B, 1, 0x18C5, 58, 0x39A8, 7, 0x3A09, 2,
    0x39A8, 5, 0x3A09, 1, 0x39A8, 2, 0x3A09, 3,
    0x39A8, 4, 0x6925, 2, 0x52CC, 1, 0x5ACA, 1,
    0x6862, 1, 0x6925, 1, 0xA269, 1, 0x8986, 1,
    0x2924, 1, 0x6CB4, 2, 0x94D3, 4, 0x6CB4, 2,
    0x632E, 1, 0x2924, 1, 0x42CC, 1, 0x18C3, 1,
    0x632E, 5, 0x52CC, 1, 0x42CC, 3, 0x8BCA, 1,
    0x732B, 2, 0x8BCA, 1, 0xA488, 5, 0x7B47, 1,
    0xA488, 3, 0x8986, 1, 0xA488, 1, 0x7B47, 1,
    0x18C5, 58, 0x39A8, 7, 0x3A09, 8, 0x5ACA, 1,
    0x52CC, 2, 0x3A09, 2, 0x39A8, 1, 0x3A09, 1,
    0x39A8, 5, 0x2147, 1, 0x0862, 1, 0xA145, 1,
    0xA269, 1, 0x3985, 1, 0x63B0, 1, 0x94D3, 6,
    0x6CB4, 2, 0x63B0, 1, 0x3985, 1, 0x18C3, 1,
    0xA269, 1, 0x8986, 1, 0x632E, 3, 0x52CC, 1,
    0x3A09, 2, 0x8BCA, 3, 0xB50B, 1, 0x732B, 1,
    0xB50B, 2, 0xA488, 3, 0x7B47, 1, 0xA488, 3,
    0x7B47, 2, 0x5ACA, 1, 0x7B47, 1, 0x18C5, 57,
    0x39A8, 7, 0x52CC, 1, 0x5ACA, 4, 0x3A09, 2,
    0x52CC, 1, 0x3A09, 1, 0x52CC, 1, 0x3A09, 1,
    0x52CC, 1, 0x3A09, 1, 0x2147, 3, 0x39A8, 4,
    0x3A09, 1, 0x39A8, 1, 0x3A09, 1, 0x0862, 1,
    0xA269, 2, 0x632E, 1, 0x6CB4, 1, 0x94D3, 2,
    0x6CB4, 6, 0x42CC, 1, 0x9083, 1, 0x5ACA, 1,
    0x52CC, 1, 0x632E, 2, 0x52CC, 2, 0x3A09, 1,
    0x42CC, 1, 0x8BCA, 1, 0xB50B, 5, 0xA488, 7,
    0x7B47, 3, 0xA488, 2, 0x18C5, 57, 0x39A8, 5,
    0x2147, 5, 0x39A8, 1, 0x2147, 3, 0x42CC, 1,
    0x3A09, 1, 0x39A8, 1, 0x2147, 1, 0x42CC, 2,
    0x6CB4, 5, 0x39A8, 4, 0x42CC, 1, 0x3A09, 1,
    0xA269, 1, 0x3985, 1, 0x63B0, 1, 0x94D3, 1,
    0x6CB4, 7, 0x63B0, 1, 0x42CC, 1, 0xA269, 1,
    0x632E, 1, 0x63B0, 3, 0x632E, 1, 0x52CC, 1,
    0x42CC, 2, 0xB50B, 5, 0xDE0C, 3, 0x18C5, 2,
    0xA488, 2, 0x7B47, 4, 0x8986, 1, 0x8BCA, 1,
    0x18C5, 56, 0x18E4, 1, 0x2147, 3, 0x42CC, 3,
    0x6CB4, 2, 0x42CC, 1, 0x2147, 2, 0x42CC, 1,
    0x6CB4, 1, 0x42CC, 1, 0x63B0, 2, 0x6CB4, 12,
    0x39A8, 1, 0x3A09, 1, 0x42CC, 1, 0xA269, 1,
    0x2147, 1, 0x63B0, 1, 0x6CB4, 8, 0x63B0, 1,
    0x2104, 1, 0x632E, 2, 0x52CC, 1, 0x63B0, 1,
    0x632E, 2, 0x52CC, 1, 0x63B0, 1, 0xFECD, 1,
    0xDE0C, 1, 0xFECD, 2, 0xDE0C, 5, 0x18C5, 5,
    0x4104, 1, 0x7B47, 1, 0x6925, 1, 0x6862, 1,
    0x3985, 1, 0x18C5, 55, 0x2147, 1, 0x42CC, 3,
    0x632E, 4, 0x6CB4, 1, 0x2147, 2, 0x18E4, 2,
    0x2147, 1, 0x6CB4, 7, 0x2147, 2, 0x42CC, 1,
    0x6CB4, 7, 0x42CC, 1, 0x39A8, 1, 0xA269, 1,
    0x52CC, 1, 0x63B0, 1, 0x6CB4, 7, 0x42CC, 1,
    0x3A09, 1, 0x63B0, 1, 0x52CC, 1, 0x63B0, 2,
    0x632E, 3, 0x94D3, 1, 0xFECD, 2, 0xDE0C, 7,
    0x18C5, 7, 0x7B47, 1, 0x8986, 1, 0x732B, 1,
    0x18C5, 56, 0x42CC, 6, 0x632E, 2, 0x42CC, 1,
    0x2147, 1, 0x0862, 2, 0x0000, 1, 0x2147, 1,
    0x6CB4, 5, 0x2147, 2, 0x18E4, 1, 0x2147, 2,
    0x6CB4, 8, 0x42CC, 1, 0xA269, 1, 0x2147, 1,
    0x63B0, 1, 0x6CB4, 5, 0x63B0, 2, 0x632E, 1,
    0x5ACA, 1, 0x52CC, 1, 0x63B0, 2, 0x632E, 3,
    0x94D3, 1, 0xFECD, 5, 0xDE0C, 4, 0x10A3, 1,
    0x1082, 1, 0x18C5, 6, 0x4A27, 1, 0x8BCA, 1,
    0x4A27, 1, 0x18C5, 55, 0x42CC, 7, 0x632E, 1,
    0x6CB4, 2, 0x42CC, 1, 0x0862, 2, 0x2147, 2,
    0x63B0, 1, 0x6CB4, 3, 0x63B0, 1, 0x2147, 1,
    0x0862, 2, 0x7B47, 1, 0x42CC, 1, 0x2147, 1,
    0x6CB4, 8, 0x9083, 1, 0x52CC, 1, 0x632E, 1,
    0x6CB4, 3, 0x63B0, 2, 0x2147, 1, 0x2104, 1,
    0x52CC, 2, 0x63B0, 2, 0x632E, 2, 0x94D3, 2,
    0xFECD, 6, 0xDE0C, 3, 0x10A3, 1, 0x0862, 1,
    0x94D3, 1, 0xA145, 1, 0x6925, 1, 0x3985, 1,
    0x18C5, 3, 0x4104, 1, 0x7B47, 1, 0x18C5, 55,
    0xA269, 1, 0x42CC, 7, 0x52CC, 1, 0x63B0, 2,
    0x42CC, 1, 0x6CB4, 1, 0x42CC, 3, 0x6CB4, 5,
    0x42CC, 1, 0x2147, 1, 0x18E4, 1, 0x2147, 1,
    0x42CC, 1, 0x6CB4, 10, 0x8986, 1, 0x63B0, 4,
    0x2147, 2, 0x42CC, 1, 0x3A09, 1, 0x52CC, 1,
    0x63B0, 1, 0x632E, 3, 0x94D3, 1, 0x63B0, 1,
    0x94D3, 2, 0xFECD, 4, 0xDE0C, 4, 0x0862, 1,
    0xA145, 1, 0x6925, 4, 0x3985, 1, 0x18C5, 2,
    0x4000, 1, 0x4A27, 1, 0x18C5, 53, 0x632E, 1,
    0x6800, 1, 0x8986, 2, 0x6800, 1, 0x2147, 4,
    0x39A8, 1, 0x42CC, 2, 0x39A8, 1, 0x42CC, 3,
    0x63B0, 2, 0x6CB4, 5, 0x42CC, 1, 0x6CB4, 2,
    0x42CC, 2, 0x6CB4, 10, 0x8986, 1, 0x2147, 1,
    0x63B0, 1, 0x52CC, 1, 0x2147, 1, 0x5ACA, 1,
    0x42CC, 1, 0x3A09, 1, 0x632E, 1, 0x52CC, 3,
    0x94D3, 6, 0xFECD, 1, 0xDE0C, 1, 0xFECD, 1,
    0xDE0C, 4, 0x0862, 1, 0x6925, 1, 0xA145, 1,
    0x20E3, 1, 0x1082, 1, 0x2924, 2, 0x3985, 1,
    0x18C5, 2, 0x4062, 1, 0x3985, 1, 0x18C5, 51,
    0x63B0, 1, 0x6800, 1, 0x8986, 1, 0x18C3, 1,
    0x8000, 1, 0x9083, 1, 0x4000, 1, 0x18C3, 1,
    0x4000, 1, 0x8986, 2, 0x6800, 1, 0x18C5, 1,
    0x2147, 2, 0x3A09, 2, 0x39A8, 3, 0x3A09, 1,
    0x42CC, 1, 0x3A09, 1, 0x39A8, 2, 0x3A09, 1,
    0x42CC, 2, 0x63B0, 1, 0x6CB4, 11, 0x18E4, 2,
    0x2147, 1, 0x52CC, 1, 0x6925, 1, 0x4A27, 1,
    0x3A09, 1, 0x632E, 1, 0x52CC, 3, 0x94D3, 4,
    0xFECD, 10, 0x10A3, 1, 0x6925, 1, 0x20E3, 2,
    0x2924, 1, 0x1082, 2, 0x6925, 1, 0x18C5, 2,
    0x4062, 1, 0x18C5, 50, 0xA801, 1, 0x8986, 1,
    0x2800, 1, 0x8000, 2, 0x52CC, 1, 0x5ACA, 1,
    0x52CC, 2, 0x632E, 2, 0x42CC, 1, 0x3A09, 2,
    0x2924, 1, 0x2800, 1, 0x8986, 3, 0x6800, 3,
    0x6000, 2, 0x2147, 2, 0x3A09, 5, 0x42CC, 1,
    0x39A8, 1, 0x3A09, 3, 0x42CC, 1, 0x6CB4, 5,
    0x3985, 1, 0x52CC, 1, 0x6925, 1, 0x5ACA, 1,
    0x3A09, 1, 0x632E, 2, 0x52CC, 2, 0x94D3, 5,
    0xFECD, 10, 0x0862, 1, 0x6925, 2, 0x2924, 2,
    0x7B47, 1, 0x2924, 2, 0x3985, 1, 0x2147, 1,
    0x18C5, 1, 0x4000, 1, 0x18C5, 48, 0x6000, 1,
    0x8986, 1, 0x2800, 2, 0x6862, 1, 0x632E, 1,
    0x52CC, 1, 0x5ACA, 2, 0x52CC, 3, 0x632E, 3,
    0x63B0, 4, 0x632E, 1, 0x3A09, 1, 0x52CC, 2,
    0x18C3, 2, 0x10A3, 1, 0x18C3, 1, 0x8986, 2,
    0x1082, 1, 0x8986, 4, 0x6800, 4, 0x8986, 1,
    0x18C5, 1, 0x42CC, 2, 0x39A8, 2, 0x3985, 1,
    0x5ACA, 2, 0x3A09, 1, 0x632E, 2, 0x52CC, 2,
    0x94D3, 2, 0xFECD, 2, 0x63B0, 1, 0xFECD, 3,
    0x63B0, 1, 0x6CB4, 1, 0xFECD, 6, 0x1082, 1,
    0x6925, 1, 0x1082, 1, 0x2924, 1, 0x1082, 1,
    0x4104, 1, 0x7B47, 1, 0x2924, 1, 0x20E3, 1,
    0x39A8, 1, 0x18C5, 47, 0x94D3, 1, 0x9000, 1,
    0x8986, 2, 0x2800, 1, 0x6925, 1, 0x632E, 2,
    0x52CC, 2, 0x5ACA, 3, 0x632E, 5, 0x63B0, 2,
    0xB50B, 1, 0x63B0, 3, 0x52CC, 1, 0x63B0, 6,
    0x5ACA, 2, 0x632E, 6, 0x8000, 1, 0x7800, 1,
    0x6000, 2, 0x2800, 1, 0x8986, 1, 0x6000, 1,
    0x6925, 1, 0x8986, 1, 0x52CC, 2, 0x632E, 2,
    0x52CC, 2, 0x94D3, 1, 0xFECD, 4, 0x63B0, 2,
    0xFECD, 2, 0x2147, 2, 0x39A8, 1, 0xFECD, 5,
    0x3985, 2, 0x18A2, 1, 0x4A27, 1, 0x4000, 1,
    0x18A2, 1, 0x1082, 1, 0x7B47, 1, 0x20E3, 1,
    0x39A8, 1, 0x18C5, 45, 0x94D3, 1, 0x9000, 1,
    0x6000, 1, 0x8986, 1, 0x2800, 1, 0x2924, 2,
    0x632E, 1, 0x8BCA, 3, 0x632E, 3, 0xA488, 1,
    0xB50B, 2, 0x63B0, 1, 0x632E, 7, 0xB50B, 3,
    0x632E, 10, 0x8986, 2, 0x632E, 1, 0x7800, 1,
    0x2800, 1, 0x8986, 2, 0x4104, 2, 0x6925, 1,
    0x3A09, 1, 0x52CC, 1, 0x632E, 4, 0x94D3, 3,
    0xFECD, 2, 0x94D3, 1, 0xFECD, 2, 0xA488, 1,
    0xDE0C, 1, 0xFECD, 1, 0xB50B, 1, 0xFECD, 1,
    0xDE0C, 2, 0xFECD, 3, 0xDE0C, 1, 0xA145, 1,
    0x1082, 1, 0x2924, 1, 0x4000, 1, 0x18A2, 3,
    0x4104, 1, 0x2924, 1, 0x39A8, 1, 0x18C5, 43,
    0x94D3, 1, 0x63B0, 1, 0x8000, 1, 0x6925, 1,
    0x2800, 2, 0x2104, 1, 0x632E, 2, 0x8BCA, 1,
    0xA488, 1, 0x8BCA, 1, 0x4A27, 1, 0x5ACA, 1,
    0x8BCA, 2, 0xB50B, 1, 0x632E, 2, 0x52CC, 1,
    0x632E, 5, 0x63B0, 1, 0xB50B, 1, 0x63B0, 1,
    0x52CC, 2, 0x63B0, 1, 0xB50B, 1, 0x63B0, 1,
    0x52CC, 1, 0x632E, 4, 0x8986, 2, 0x632E, 1,
    0x7800, 1, 0x2800, 1, 0x8986, 1, 0x6800, 1,
    0x6862, 2, 0x3A09, 3, 0x52CC, 1, 0x632E, 2,
    0x8BCA, 2, 0x94D3, 4, 0xFECD, 1, 0x94D3, 2,
    0xFECD, 2, 0x8BCA, 1, 0xFECD, 3, 0xB50B, 1,
    0xDE0C, 1, 0xB50B, 1, 0xDE0C, 1, 0xFECD, 2,
    0x10A3, 1, 0x6925, 1, 0x2924, 1, 0x7B47, 1,
    0x18A2, 1, 0x10A3, 1, 0x18A2, 2, 0x1082, 1,
    0x2924, 1, 0x63B0, 1, 0x18C5, 41, 0xB50B, 1,
    0x63B0, 1, 0x632E, 1, 0x9083, 1, 0x6925, 1,
    0x2800, 1, 0x18E4, 1, 0x8BCA, 5, 0xA488, 1,
    0x8BCA, 1, 0x6000, 1, 0x8BCA, 1, 0xB50B, 1,
    0x2924, 1, 0xB50B, 3, 0x42CC, 2, 0xB50B, 1,
    0x63B0, 1, 0x52CC, 9, 0xB50B, 2, 0x94D3, 1,
    0x63B0, 1, 0x632E, 1, 0x9083, 1, 0x8986, 1,
    0x8000, 1, 0x0862, 1, 0x8986, 1, 0x6800, 1,
    0x4062, 1, 0x3A09, 3, 0x52CC, 3, 0x632E, 3,
    0x94D3, 6, 0x6CB4, 1, 0x63B0, 1, 0x632E, 1,
    0x94D3, 1, 0xFECD, 1, 0xA488, 1, 0xFECD, 1,
    0xDE0C, 5, 0x6CB4, 1, 0xA488, 1, 0xDE0C, 1,
    0x10A3, 1, 0x3985, 1, 0x2924, 1, 0x10A3, 2,
    0x18A2, 1, 0x10A3, 1, 0x18A2, 2, 0x3985, 1,
    0x39A8, 1, 0x18C5, 40, 0xB50B, 1, 0x63B0, 1,
    0x632E, 1, 0x8986, 1, 0x6925, 1, 0x2800, 1,
    0x5000, 1, 0x52CC, 2, 0x8BCA, 1, 0x7B47, 1,
    0x732B, 1, 0x8BCA, 1, 0x6925, 1, 0x3985, 1,
    0x4A27, 2, 0x8BCA, 1, 0x5ACA, 1, 0xB50B, 2,
    0x42CC, 2, 0xB50B, 2, 0x3A09, 1, 0x63B0, 1,
    0xB50B, 2, 0x63B0, 2, 0x52CC, 1, 0x3A09, 1,
    0xB50B, 3, 0x52CC, 1, 0xB50B, 4, 0x632E, 1,
    0x2800, 1, 0x8986, 1, 0x4104, 1, 0x39A8, 2,
    0x42CC, 2, 0x52CC, 1, 0x3A09, 1, 0x632E, 3,
    0x52CC, 1, 0x94D3, 8, 0xFECD, 1, 0xA488, 1,
    0xFECD, 1, 0xDE0C, 1, 0xA488, 1, 0xDE0C, 1,
    0xA488, 2, 0xDE0C, 1, 0x39A8, 1, 0x2147, 1,
    0x0000, 1, 0xFECD, 1, 0xDE0C, 1, 0x18E4, 1,
    0x2924, 2, 0x4000, 1, 0x18A2, 3, 0x1082, 1,
    0x6000, 1, 0x3985, 1, 0x63B0, 1, 0x18C5, 39,
    0xDE0C, 1, 0x63B0, 1, 0x52CC, 1, 0x8986, 1,
    0x6925, 1, 0x2800, 1, 0x5000, 1, 0x52CC, 3,
    0x8BCA, 2, 0x7B47, 2, 0x732B, 1, 0x4A27, 1,
    0xA488, 1, 0x8BCA, 1, 0x4A27, 1, 0x3A09, 1,
    0x6862, 1, 0x2104, 1, 0x8BCA, 2, 0x3A09, 1,
    0x8BCA, 2, 0x732B, 1, 0x2104, 1, 0xB50B, 2,
    0x8BCA, 1, 0xB50B, 2, 0x6000, 1, 0x4A27, 1,
    0xB50B, 2, 0x52CC, 1, 0x632E, 1, 0x8000, 1,
    0x2800, 1, 0x8986, 1, 0x4841, 1, 0x4062, 1,
    0x39A8, 1, 0x42CC, 1, 0x52CC, 4, 0x632E, 1,
    0x63B0, 1, 0x632E, 1, 0x63B0, 1, 0x94D3, 7,
    0xFECD, 1, 0xDE0C, 1, 0xB50B, 1, 0x94D3, 1,
    0xDE0C, 2, 0xA488, 1, 0xDE0C, 1, 0x7B47, 1,
    0xDE0C, 1, 0x3A09, 1, 0x20E3, 2, 0xA488, 1,
    0xDE0C, 2, 0x2924, 2, 0x4A27, 1, 0x4000, 1,
    0x18A2, 1, 0x1082, 1, 0x6000, 1, 0x10A3, 1,
    0x18A2, 1, 0x2924, 1, 0x39A8, 1, 0x18C5, 39,
    0x632E, 2, 0x52CC, 1, 0x6925, 1, 0x2800, 1,
    0x5000, 2, 0x52CC, 2, 0x39A8, 1, 0x8BCA, 1,
    0x39A8, 1, 0x5000, 1, 0x4841, 1, 0x4A27, 1,
    0x8BCA, 4, 0x4A27, 1, 0x8BCA, 2, 0x4A27, 1,
    0x18E4, 1, 0x4A27, 4, 0x8BCA, 1, 0x4A27, 1,
    0x8BCA, 1, 0x4A27, 1, 0x2800, 1, 0x4A27, 1,
    0xA488, 3, 0x632E, 1, 0x3A09, 1, 0x6800, 1,
    0x2800, 1, 0x5000, 1, 0x4104, 2, 0x4062, 1,
    0x52CC, 4, 0x63B0, 1, 0x632E, 2, 0x52CC, 1,
    0x63B0, 1, 0x94D3, 1, 0x63B0, 1, 0x94D3, 4,
    0xA269, 1, 0x63B0, 1, 0xDE0C, 1, 0xFECD, 2,
    0xDE0C, 3, 0xA488, 1, 0xDE0C, 1, 0xA801, 1,
    0xA488, 1, 0x20E3, 1, 0xFECD, 3, 0xA488, 2,
    0x2924, 2, 0x3985, 1, 0x6800, 1, 0x18A2, 1,
    0x10A3, 1, 0x18A2, 2, 0x1082, 1, 0x2924, 1,
    0x39A8, 1, 0x18C5, 38, 0x2147, 1, 0x8986, 2,
    0x6925, 1, 0x2800, 2, 0x6000, 1, 0x6862, 1,
    0x52CC, 1, 0x6862, 1, 0x39A8, 1, 0x8BCA, 1,
    0x3A09, 1, 0x4062, 1, 0x5000, 1, 0x4000, 2,
    0x4104, 1, 0x4A27, 2, 0x732B, 1, 0x8BCA, 3,
    0x732B, 3, 0x4841, 2, 0x7B47, 1, 0x4104, 1,
    0x4000, 1, 0x4A27, 1, 0xA488, 1, 0x6925, 1,
    0x8BCA, 1, 0xA488, 2, 0x52CC, 1, 0x6000, 1,
    0x2800, 1, 0x4841, 1, 0x4104, 1, 0x3A09, 3,
    0x52CC, 3, 0xB50B, 1, 0x5ACA, 1, 0x2924, 1,
    0x6925, 1, 0x39A8, 1, 0x632E, 3, 0x63B0, 1,
    0x94D3, 3, 0x39A8, 1, 0xDE0C, 1, 0xFECD, 2,
    0xA488, 1, 0xDE0C, 1, 0x39A8, 2, 0xFECD, 1,
    0x63B0, 1, 0xA801, 2, 0xFECD, 1, 0xA488, 3,
    0x2147, 1, 0x10A3, 1, 0x2924, 1, 0x20E3, 1,
    0xA488, 1, 0x18A2, 3, 0x10A3, 1, 0x18A2, 1,
    0x4104, 1, 0x20E3, 1, 0x39A8, 1, 0x18C5, 37,
    0x6925, 1, 0x9083, 1, 0x8000, 2, 0x5000, 1,
    0x2800, 2, 0x6000, 1, 0x6925, 1, 0x52CC, 1,
    0x18C3, 1, 0x3A09, 1, 0x8BCA, 2, 0x4841, 1,
    0x4A27, 1, 0x5000, 1, 0x4000, 5, 0x4062, 1,
    0x4A27, 1, 0x7B47, 2, 0x732B, 1, 0x7B47, 4,
    0x8BCA, 1, 0xA488, 1, 0x6925, 1, 0x632E, 1,
    0xB50B, 1, 0xA488, 1, 0x8BCA, 1, 0x52CC, 1,
    0x6000, 1, 0x2800, 1, 0x5000, 1, 0x4104, 3,
    0x42CC, 2, 0x52CC, 1, 0x8BCA, 1, 0xB50B, 1,
    0x63B0, 1, 0x6862, 2, 0x6925, 1, 0x6862, 1,
    0x2104, 1, 0x3985, 1, 0x39A8, 1, 0x632E, 1,
    0x63B0, 3, 0xA488, 1, 0xFECD, 3, 0xA488, 1,
    0x63B0, 1, 0x20E3, 2, 0xFECD, 1, 0x3A09, 1,
    0xA801, 1, 0x9083, 1, 0xA269, 1, 0x3985, 2,
    0x9083, 1, 0x2147, 1, 0x10A3, 1, 0x2924, 2,
    0x3985, 1, 0x4000, 1, 0x1082, 1, 0x18A2, 3,
    0x7B47, 1, 0x20E3, 1, 0x2147, 1, 0x18C5, 36,
    0x6000, 3, 0x6925, 1, 0x4841, 2, 0x4000, 1,
    0x5000, 2, 0x52CC, 1, 0x6925, 1, 0x6862, 1,
    0x10A3, 1, 0x8BCA, 2, 0x3A09, 1, 0x5000, 1,
    0x4A27, 2, 0x4000, 9, 0x4841, 1, 0x4A27, 1,
    0x7B47, 2, 0x4841, 1, 0xA488, 2, 0x10A3, 1,
    0x3A09, 1, 0x8BCA, 1, 0x632E, 1, 0x4841, 1,
    0x2800, 1, 0x5000, 1, 0x4841, 1, 0x3A09, 3,
    0x52CC, 3, 0xB50B, 2, 0x6862, 1, 0x7800, 1,
    0x6000, 1, 0x6862, 1, 0x8000, 1, 0x2104, 2,
    0x3985, 1, 0x632E, 2, 0x63B0, 1, 0x39A8, 1,
    0xFECD, 3, 0xB50B, 1, 0xA801, 1, 0x3A09, 1,
    0xFECD, 2, 0xA488, 1, 0x2924, 1, 0xA269, 1,
    0x9083, 3, 0x2147, 2, 0x7B47, 1, 0x18E4, 1,
    0x2924, 2, 0x7B47, 1, 0x4000, 1, 0x10A3, 2,
    0x18A2, 1, 0x1082, 1, 0x2924, 1, 0x3985, 1,
    0x18C5, 37, 0x6800, 3, 0x6925, 1, 0x4841, 2,
    0x6925, 1, 0x5000, 1, 0x4841, 1, 0x6925, 1,
    0x4104, 1, 0x4841, 1, 0x5000, 1, 0x2147, 1,
    0x7B47, 1, 0x8BCA, 2, 0x4062, 1, 0x4000, 2,
    0x4841, 1, 0x4A27, 1, 0x4062, 1, 0x4000, 2,
    0x4841, 2, 0x4062, 1, 0x7B47, 1, 0x2800, 1,
    0xA488, 2, 0x3A09, 1, 0x18C3, 1, 0x6000, 2,
    0x6925, 1, 0x6862, 1, 0x6000, 1, 0x2800, 1,
    0x5000, 1, 0x4841, 1, 0x4104, 1, 0x6925, 1,
    0x3A09, 2, 0x52CC, 1, 0x42CC, 1, 0xB50B, 2,
    0x3985, 1, 0x1082, 1, 0x18C5, 3, 0x6000, 1,
    0x5000, 1, 0x2147, 1, 0x632E, 2, 0x39A8, 1,
    0x63B0, 1, 0x2924, 1, 0xFECD, 3, 0x3A09, 1,
    0xA801, 1, 0x63B0, 1, 0xA488, 1, 0x3985, 1,
    0x3A09, 1, 0x18C3, 1, 0x3985, 1, 0x3A09, 1,
    0x2147, 2, 0x10A3, 1, 0x1082, 1, 0x4A27, 1,
    0x2104, 1, 0x2924, 3, 0x10A3, 1, 0x18A2, 3,
    0x7B47, 1, 0x2924, 1, 0x6925, 1, 0x18C5, 37,
    0x6800, 2, 0x8BCA, 1, 0x6925, 1, 0x4104, 1,
    0x4841, 1, 0x3A09, 1, 0x2800, 1, 0x5000, 2,
    0x4104, 2, 0x5000, 3, 0x2147, 1, 0x7B47, 5,
    0x3A09, 1, 0x7B47, 3, 0x8BCA, 4, 0x42CC, 1,
    0x10A3, 1, 0x6000, 4, 0x6925, 1, 0x6000, 1,
    0x4000, 2, 0x5000, 2, 0x6925, 3, 0x3A09, 3,
    0x632E, 1, 0x52CC, 1, 0x6862, 1, 0x10A3, 2,
    0x0862, 1, 0x39A8, 1, 0x6925, 1, 0x18C5, 1,
    0x6800, 1, 0x632E, 1, 0x2147, 1, 0x3985, 1,
    0x63B0, 1, 0x4841, 1, 0xA488, 1, 0xFECD, 3,
    0x39A8, 1, 0xA801, 1, 0x8986, 1, 0x3985, 1,
    0x9083, 1, 0x8986, 1, 0x4A27, 1, 0x2147, 1,
    0x1082, 1, 0x10A3, 1, 0x3985, 1, 0x4062, 1,
    0x4A27, 1, 0x18E4, 2, 0x20E3, 1, 0x3985, 1,
    0x2924, 1, 0x7B47, 1, 0x4000, 2, 0x4104, 1,
    0x2924, 1, 0x1082, 1, 0x6925, 1, 0x18C5, 37,
    0x6800, 1, 0x8BCA, 3, 0x18C3, 1, 0x4062, 1,
    0x5000, 1, 0x6925, 1, 0x5000, 4, 0x4841, 1,
    0x5000, 4, 0x4000, 2, 0x18C3, 1, 0x1082, 1,
    0x0862, 1, 0x1082, 1, 0x2800, 1, 0x4000, 1,
    0x10A3, 1, 0x1082, 1, 0x4000, 1, 0x5000, 1,
    0x4841, 1, 0x4104, 2, 0x3A09, 1, 0x39A8, 1,
    0x5000, 1, 0x4000, 1, 0x2800, 1, 0x4841, 1,
    0x8986, 1, 0x9083, 1, 0x6925, 5, 0x3A09, 1,
    0x2104, 1, 0x3985, 1, 0x6862, 1, 0x6000, 1,
    0x0862, 2, 0x6925, 1, 0x2924, 1, 0x3985, 1,
    0x6925, 1, 0xA145, 1, 0x52CC, 1, 0x2147, 1,
    0x2924, 1, 0x39A8, 1, 0x10A3, 1, 0xFECD, 4,
    0x2924, 1, 0x3985, 1, 0x9083, 2, 0x3A09, 1,
    0x0862, 1, 0x1082, 1, 0x4062, 1, 0x3985, 1,
    0x4A27, 3, 0x2104, 1, 0x18E4, 2, 0x2104, 1,
    0x3985, 1, 0x2924, 2, 0x4A27, 1, 0x1082, 1,
    0x7B47, 1, 0x1082, 1, 0x2924, 1, 0x3985, 1,
    0x18C5, 37, 0x6800, 1, 0x2104, 1, 0x8BCA, 1,
    0x7B47, 1, 0x18C3, 1, 0x4062, 1, 0x4841, 1,
    0x3A09, 2, 0x6925, 1, 0x5000, 3, 0x4841, 4,
    0x5000, 12, 0x4104, 1, 0x3A09, 1, 0x39A8, 1,
    0x5000, 2, 0x6925, 1, 0x4841, 1, 0x6862, 1,
    0x9083, 2, 0x8986, 1, 0x9000, 1, 0x8000, 3,
    0x6925, 1, 0x2104, 1, 0x39A8, 1, 0x7800, 1,
    0x6862, 1, 0x0862, 1, 0x10A3, 1, 0x6925, 2,
    0x2924, 1, 0x20E3, 1, 0x3985, 1, 0xA145, 1,
    0x52CC, 1, 0x2147, 1, 0x4841, 1, 0x18C3, 1,
    0xA488, 1, 0xFECD, 3, 0xDE0C, 1, 0x18C3, 1,
    0xA269, 1, 0x3A09, 2, 0x0862, 1, 0x4000, 1,
    0x4062, 1, 0x4A27, 4, 0x632E, 1, 0x2924, 1,
    0x18E4, 3, 0x6925, 1, 0x20E3, 1, 0x18A2, 1,
    0x2924, 4, 0x6925, 1, 0x18C5, 38, 0x6800, 1,
    0x3A09, 1, 0x8BCA, 1, 0x42CC, 1, 0x3A09, 1,
    0x4104, 1, 0x4841, 3, 0x4062, 1, 0x6925, 1,
    0x4000, 5, 0x4841, 2, 0x5000, 14, 0x6925, 1,
    0x5000, 1, 0x6862, 1, 0x6925, 1, 0x8986, 1,
    0x732B, 1, 0xB50B, 1, 0x9000, 3, 0x8000, 2,
    0xA801, 1, 0x9000, 1, 0x8000, 1, 0x6000, 1,
    0x10A3, 2, 0x2924, 1, 0x3985, 1, 0x20E3, 1,
    0x2924, 1, 0x18A2, 1, 0x20E3, 1, 0x2924, 1,
    0xA145, 1, 0x18C3, 1, 0x6800, 1, 0x4062, 1,
    0xDE0C, 1, 0xFECD, 1, 0xDE0C, 1, 0xA488, 3,
    0x2147, 1, 0x1082, 1, 0x10A3, 1, 0x4000, 2,
    0x3985, 1, 0x4A27, 2, 0x42CC, 3, 0x2104, 1,
    0x10A3, 1, 0x2104, 2, 0xA145, 1, 0x3985, 1,
    0x2924, 2, 0x20E3, 1, 0x1082, 1, 0x6925, 1,
    0x3985, 1, 0x18C5, 37, 0x5000, 1, 0x8986, 1,
    0x18E4, 1, 0x52CC, 1, 0x42CC, 3, 0x4062, 2,
    0x4841, 1, 0x5000, 2, 0x6925, 3, 0x0862, 6,
    0x4000, 1, 0x2800, 4, 0x5000, 1, 0x0862, 2,
    0x6925, 2, 0x3A09, 1, 0x6925, 1, 0x6000, 1,
    0x4841, 1, 0x18E4, 1, 0x39A8, 1, 0x2147, 1,
    0xB50B, 3, 0x9000, 2, 0xA801, 3, 0x9000, 1,
    0x7800, 1, 0x8000, 1, 0x0862, 2, 0x6925, 1,
    0x20E3, 1, 0x2924, 1, 0x7B47, 1, 0x3985, 1,
    0x2924, 1, 0x20E3, 1, 0x3985, 1, 0x4841, 1,
    0x6000, 1, 0x7B47, 1, 0xDE0C, 2, 0xA488, 1,
    0x4062, 1, 0xA488, 2, 0x4A27, 1, 0x4062, 1,
    0x4000, 2, 0x3985, 1, 0x63B0, 4, 0x2147, 1,
    0x2104, 1, 0x18E4, 1, 0x10A3, 1, 0x2104, 2,
    0x20E3, 1, 0x6925, 2, 0x3985, 1, 0x20E3, 1,
    0x6925, 2, 0x18C5, 38, 0x4000, 2, 0x10A3, 1,
    0x3A09, 1, 0x63B0, 1, 0x42CC, 1, 0x63B0, 1,
    0x6862, 1, 0x4841, 2, 0x5000, 9, 0x6925, 5,
    0x0862, 3, 0x6925, 1, 0x4062, 1, 0x4841, 1,
    0x6862, 1, 0x5000, 1, 0x4104, 1, 0x4841, 1,
    0x18E4, 1, 0x7B47, 1, 0xB50B, 4, 0x8986, 1,
    0xA801, 5, 0x9000, 1, 0x7800, 1, 0x8000, 1,
    0x18E4, 1, 0x20E3, 1, 0x6925, 1, 0x10A3, 1,
    0x3985, 1, 0x1082, 1, 0x10A3, 1, 0x3985, 1,
    0x2924, 1, 0x3985, 1, 0x4841, 1, 0x5000, 1,
    0xA488, 2, 0x7B47, 1, 0x3985, 1, 0x4062, 1,
    0x7B47, 2, 0x4062, 1, 0x4000, 2, 0x4062, 1,
    0x632E, 4, 0x0000, 1, 0x63B0, 1, 0x39A8, 1,
    0x0000, 1, 0x18C3, 1, 0x2104, 2, 0x1082, 1,
    0x6925, 2, 0xA145, 1, 0x6925, 1, 0xA145, 1,
    0x18C5, 39, 0x5000, 1, 0x4000, 1, 0x52CC, 1,
    0x0862, 1, 0x3A09, 1, 0x42CC, 3, 0x6862, 1,
    0x6800, 1, 0x6000, 5, 0x5000, 12, 0x6000, 1,
    0x5000, 1, 0x4841, 3, 0x42CC, 1, 0x3A09, 1,
    0x52CC, 1, 0xB50B, 3, 0x5ACA, 1, 0x3A09, 1,
    0xA269, 1, 0xA801, 5, 0x8000, 2, 0x18E4, 1,
    0x10A3, 1, 0x3985, 1, 0x20E3, 1, 0x7B47, 1,
    0x10A3, 1, 0x18A2, 2, 0x10A3, 1, 0x2924, 1,
    0x3985, 1, 0x4841, 1, 0x3985, 1, 0xA488, 2,
    0x4062, 1, 0x4841, 1, 0x7B47, 1, 0x4A27, 1,
    0x3985, 1, 0x4000, 3, 0x18E4, 1, 0x2104, 2,
    0x2147, 2, 0x18C5, 2, 0x10A3, 1, 0x6CB4, 1,
    0x18E4, 1, 0x18C3, 1, 0x18E4, 1, 0x18C3, 2,
    0x2924, 1, 0xA145, 1, 0x94D3, 1, 0x18C5, 40,
    0x4000, 3, 0x5000, 1, 0x52CC, 1, 0x18C3, 1,
    0x1082, 1, 0x10A3, 1, 0x5000, 3, 0x6000, 7,
    0x6800, 7, 0x6000, 2, 0x5000, 2, 0x4841, 1,
    0x18E4, 1, 0x42CC, 1, 0x52CC, 1, 0x42CC, 1,
    0x6CB4, 1, 0xFECD, 3, 0x94D3, 1, 0x2147, 1,
    0x94D3, 1, 0xA801, 3, 0x8000, 1, 0x7800, 1,
    0x8000, 2, 0x18E4, 1, 0x10A3, 1, 0x6925, 1,
    0x1082, 1, 0x4104, 1, 0x18A2, 1, 0x1082, 1,
    0x0862, 1, 0x18A2, 1, 0x2924, 2, 0x6000, 1,
    0x7B47, 2, 0x4A27, 1, 0x4000, 1, 0x4062, 1,
    0x4A27, 1, 0x4062, 1, 0x4000, 3, 0x18C5, 1,
    0x2924, 1, 0x63B0, 2, 0x3A09, 1, 0x2924, 1,
    0x0000, 2, 0x18C5, 50, 0x4000, 1, 0x2800, 1,
    0x4000, 1, 0x5000, 2, 0x6000, 2, 0x6800, 1,
    0x5000, 3, 0x6000, 6, 0x6800, 8, 0x7800, 2,
    0x8000, 1, 0x9083, 1, 0x94D3, 1, 0x63B0, 2,
    0x6CB4, 1, 0x94D3, 1, 0x6CB4, 1, 0xFECD, 1,
    0x94D3, 1, 0x3A09, 2, 0x2147, 1, 0xB50B, 1,
    0xA801, 1, 0x9000, 1, 0x8000, 4, 0x7800, 1,
    0x10A3, 2, 0x3985, 1, 0x2924, 1, 0x1082, 1,
    0x0862, 1, 0x10A3, 2, 0x18A2, 1, 0x2924, 2,
    0x18E4, 1, 0x7B47, 1, 0x4062, 2, 0x4000, 1,
    0x4062, 2, 0x4000, 2, 0x18C5, 7, 0x6CB4, 1,
    0x63B0, 1, 0x2104, 1, 0x18C5, 50, 0x2800, 3,
    0x5000, 3, 0x6800, 2, 0x6000, 1, 0x6800, 2,
    0x8000, 2, 0x9000, 1, 0x8000, 1, 0x6000, 2,
    0x6800, 8, 0x7800, 2, 0x6862, 1, 0x20E3, 1,
    0x6CB4, 1, 0x63B0, 1, 0x2104, 2, 0x94D3, 1,
    0x2104, 3, 0x94D3, 1, 0xA801, 1, 0x9000, 2,
    0x8000, 3, 0x7800, 2, 0x8000, 1, 0x7800, 1,
    0x10A3, 1, 0x18E4, 1, 0x3985, 1, 0x2924, 1,
    0x18A2, 1, 0x10A3, 1, 0x18A2, 2, 0x6000, 1,
    0x6925, 1, 0x2924, 1, 0x4A27, 1, 0x4062, 1,
    0x1082, 1, 0x10A3, 1, 0x4000, 1, 0x4062, 1,
    0x4000, 2, 0x18C5, 61, 0x4000, 1, 0x2800, 2,
    0x5000, 3, 0x6800, 1, 0x6000, 1, 0x4000, 1,
    0x5000, 2, 0x9000, 1, 0x8000, 1, 0x9000, 4,
    0xA801, 1, 0x9000, 11, 0x8000, 1, 0x20E3, 1,
    0x2147, 1, 0x9000, 4, 0x8000, 1, 0x7800, 1,
    0x9000, 1, 0x8000, 4, 0x7800, 3, 0x8000, 2,
    0x18E4, 1, 0x18C3, 1, 0x2924, 1, 0x4A27, 1,
    0x18A2, 2, 0x1082, 1, 0x18A2, 2, 0x2924, 2,
    0x3985, 1, 0x10A3, 1, 0x1082, 1, 0x10A3, 1,
    0x4000, 1, 0x4841, 1, 0x18C5, 64, 0x4000, 1,
    0x2800, 1, 0x5000, 1, 0x4000, 1, 0x5000, 1,
    0x8000, 1, 0x4000, 2, 0x2800, 2, 0x6800, 1,
    0xA801, 3, 0xA145, 5, 0xA801, 1, 0x9000, 1,
    0xA801, 1, 0x9000, 3, 0x7800, 1, 0x8000, 1,
    0x9000, 2, 0x8000, 1, 0x9000, 5, 0x8000, 1,
    0x9000, 1, 0x8000, 5, 0x7800, 5, 0x18E4, 1,
    0x2924, 2, 0x3985, 1, 0x10A3, 1, 0x6000, 1,
    0x0862, 1, 0x18A2, 2, 0x2924, 1, 0x3985, 1,
    0x10A3, 4, 0x4000, 1, 0x18C5, 65, 0x2800, 1,
    0x4000, 1, 0x5000, 1, 0x2800, 1, 0x4000, 1,
    0x8000, 1, 0xA145, 1, 0x1082, 1, 0x0000, 1,
    0x2800, 3, 0x6800, 2, 0x9083, 1, 0xA145, 2,
    0x9083, 1, 0x9000, 1, 0x7800, 1, 0xA801, 2,
    0x6800, 1, 0x7800, 3, 0x6000, 1, 0x8000, 1,
    0x9000, 7, 0x8000, 6, 0x7800, 5, 0x10A3, 2,
    0x2924, 1, 0x20E3, 1, 0xA488, 1, 0x18A2, 1,
    0x10A3, 1, 0x18A2, 1, 0x1082, 2, 0x2924, 1,
    0x3985, 1, 0x10A3, 2, 0x4000, 1, 0x18C5, 68,
    0x2800, 1, 0x5000, 1, 0x4000, 1, 0x5000, 1,
    0x6800, 1, 0x9000, 1, 0x9083, 1, 0x0000, 4,
    0x2800, 1, 0x6800, 1, 0x9083, 4, 0x9000, 1,
    0x7800, 1, 0x2800, 1, 0x6800, 2, 0x4000, 3,
    0x6000, 2, 0xA801, 1, 0x9000, 4, 0x8000, 1,
    0x9000, 2, 0x8000, 2, 0x7800, 8, 0x18E4, 2,
    0x2924, 2, 0x4A27, 1, 0x18A2, 1, 0x1082, 2,
    0x0862, 1, 0x10A3, 1, 0x20E3, 1, 0x3985, 1,
    0x4000, 1, 0x4841, 1, 0x18C5, 69, 0x2800, 1,
    0x4000, 3, 0x6000, 1, 0x8000, 1, 0xA801, 1,
    0x8000, 1, 0x6862, 1, 0x3985, 1, 0x0000, 2,
    0x2800, 1, 0x0862, 1, 0x0000, 1, 0x2800, 1,
    0x0862, 2, 0x2800, 1, 0x0000, 3, 0x4000, 1,
    0x0000, 1, 0x2800, 1, 0x10A3, 1, 0x6000, 1,
    0xA801, 2, 0x9000, 2, 0x8000, 1, 0x7800, 1,
    0x9000, 1, 0x8000, 1, 0x7800, 10, 0x2104, 2,
    0x2924, 2, 0x7B47, 1, 0x4000, 1, 0x0862, 1,
    0x1082, 1, 0x18A2, 1, 0x3985, 1, 0x20E3, 1,
    0xA145, 1, 0x18C5, 71, 0x0000, 1, 0x2800, 1,
    0x4000, 2, 0x5000, 1, 0x6000, 1, 0x8000, 1,
    0x7800, 1, 0x9000, 1, 0x3985, 1, 0x632E, 1,
    0x63B0, 2, 0x1082, 6, 0x0000, 2, 0x39A8, 1,
    0xA145, 1, 0x9083, 1, 0xA801, 5, 0x9000, 1,
    0x8000, 1, 0x6000, 2, 0x9000, 1, 0x8000, 1,
    0x7800, 8, 0x6800, 1, 0x6000, 1, 0x2104, 2,
    0x2924, 3, 0x1082, 1, 0x18A2, 2, 0x10A3, 1,
    0x2924, 1, 0x3985, 1, 0x18C5, 73, 0x0000, 1,
    0x2800, 1, 0x4000, 2, 0x6000, 3, 0x6800, 1,
    0xA145, 2, 0xA269, 1, 0x94D3, 1, 0x63B0, 1,
    0x94D3, 1, 0x0000, 1, 0x94D3, 3, 0x63B0, 1,
    0xA269, 1, 0x3A09, 1, 0xA801, 7, 0x7800, 2,
    0x6000, 2, 0x9000, 1, 0x8000, 1, 0x7800, 5,
    0x6800, 1, 0x6000, 3, 0x18E4, 3, 0x2104, 1,
    0x3985, 1, 0x2924, 1, 0x7B47, 1, 0x10A3, 1,
    0x1082, 1, 0x2924, 1, 0x20E3, 1, 0xA145, 1,
    0x18C5, 74, 0x0000, 2, 0x2800, 1, 0x4000, 1,
    0x6000, 4, 0x7800, 1, 0xA269, 1, 0x94D3, 7,
    0xB50B, 1, 0xA269, 1, 0xA145, 1, 0xA801, 1,
    0x9000, 1, 0xA801, 3, 0x8000, 2, 0x7800, 2,
    0x6000, 2, 0x8000, 2, 0x7800, 4, 0x6000, 2,
    0x5000, 1, 0x4000, 2, 0x18E4, 4, 0x6925, 1,
    0x1082, 1, 0x2924, 2, 0x7B47, 1, 0x18A2, 1,
    0x3985, 1, 0xA145, 1, 0x18C5, 76, 0x0000, 1,
    0x2800, 2, 0x4000, 3, 0x5000, 1, 0x7800, 1,
    0x8000, 2, 0x9000, 1, 0x8000, 1, 0xA801, 2,
    0x9000, 1, 0xB50B, 1, 0x8000, 1, 0x9000, 3,
    0x8000, 5, 0x7800, 2, 0x6000, 2, 0x7800, 2,
    0x6800, 3, 0x4000, 2, 0x2800, 3, 0x18E4, 1,
    0x2104, 3, 0x18E4, 1, 0xA145, 1, 0x3985, 1,
    0x10A3, 1, 0x2924, 1, 0x20E3, 2, 0x6925, 1,
    0x18C5, 81, 0x2800, 5, 0x4000, 1, 0x2800, 4,
    0x5000, 3, 0x8000, 8, 0x7800, 2, 0x6000, 2,
    0x4000, 2, 0x6000, 2, 0x2800, 6, 0x18E4, 2,
    0x2104, 3, 0x3985, 1, 0x6925, 1, 0x2924, 3,
    0x3985, 1, 0x18C5, 88, 0x2800, 7, 0x4000, 4,
    0x6000, 4, 0x5000, 1, 0x2800, 6, 0x4000, 2,
    0x2800, 1, 0x4000, 1, 0x18C5, 1, 0x18C3, 2,
    0x18E4, 2, 0x18C3, 1, 0x2104, 2, 0x1082, 1,
    0x6925, 1, 0x3985, 1, 0x6925, 1, 0x3985, 1,
    0x6925, 1, 0x18C5, 120, 0x18C3, 2, 0x18E4, 1,
    0x18C3, 1, 0x3985, 1, 0x6925, 1, 0x39A8, 1,
    0x18C5, 4152, 0x18C5, 3290, 0x6925, 3, 0x18C5, 124,
    0x6862, 2, 0x6925, 5, 0x18C5, 121, 0x6862, 4,
    0x6925, 4, 0x4000, 1, 0x18C5, 118, 0x6000, 6,
    0x6862, 1, 0x6925, 5, 0x5ACA, 1, 0x6925, 1,
    0x5ACA, 1, 0x18C5, 113, 0x6000, 8, 0x6862, 3,
    0x6925, 3, 0x5ACA, 1, 0x6925, 1, 0x6862, 1,
    0x6925, 1, 0x5ACA, 2, 0x6925, 1, 0x5ACA, 2,
    0x18C5, 2, 0x6925, 7, 0x18C5, 95, 0x6000, 2,
    0x5000, 4, 0x6000, 6, 0x6862, 5, 0x6925, 10,
    0x6862, 1, 0x6925, 3, 0x6862, 3, 0x18C5, 94,
    0x5000, 1, 0x4000, 6, 0x6000, 10, 0x6800, 1,
    0x6862, 5, 0x6000, 1, 0x6862, 4, 0x6000, 2,
    0x6862, 4, 0x18C5, 94, 0x4000, 1, 0x2800, 2,
    0x6000, 2, 0x2800, 2, 0x4000, 2, 0x6000, 4,
    0x5000, 2, 0x6000, 19, 0x18C5, 93, 0x6862, 3,
    0x6000, 5, 0x2800, 4, 0x4000, 2, 0x5000, 4,
    0x6000, 2, 0x5000, 2, 0x6000, 6, 0x5000, 1,
    0x6000, 6, 0x18C5, 89, 0x6862, 6, 0x6000, 7,
    0x6800, 1, 0x2800, 6, 0x4000, 4, 0x5000, 1,
    0x4000, 4, 0x6000, 2, 0x5000, 1, 0x4000, 3,
    0x5000, 2, 0x6000, 2, 0x18C5, 86, 0x6925, 6,
    0x6862, 2, 0x6000, 6, 0x7800, 2, 0x9083, 3,
    0x8986, 5, 0x2800, 10, 0x4000, 1, 0x2800, 5,
    0x5000, 1, 0x6000, 1, 0x18C5, 83, 0x5ACA, 2,
    0x52CC, 5, 0x6925, 1, 0x6862, 3, 0x6000, 3,
    0x6800, 1, 0x7800, 2, 0x8000, 2, 0x9083, 5,
    0x8000, 1, 0x9083, 3, 0x8986, 3, 0xA145, 1,
    0x9083, 2, 0x8000, 1, 0x2800, 1, 0x9000, 1,
    0x8000, 2, 0x5000, 3, 0x2800, 2, 0x5000, 1,
    0x18C5, 80, 0x5ACA, 1, 0x52CC, 7, 0x5ACA, 1,
    0x3A09, 2, 0x6000, 3, 0x6800, 4, 0x7800, 1,
    0x8000, 11, 0x9083, 1, 0x8000, 3, 0x7800, 2,
    0x9000, 1, 0x8000, 2, 0x9083, 1, 0x4841, 3,
    0x2800, 2, 0x18A2, 1, 0x2800, 2, 0x18C5, 69,
    0x7800, 1, 0x6000, 1, 0x5000, 1, 0x4841, 1,
    0x5000, 1, 0x6000, 4, 0x5000, 2, 0x6000, 1,
    0x7800, 2, 0xA269, 1, 0x42CC, 1, 0x63B0, 3,
    0x6CB4, 5, 0x42CC, 1, 0x6800, 4, 0x7800, 2,
    0x8000, 1, 0x7800, 3, 0x8000, 7, 0x7800, 2,
    0x8000, 3, 0x8986, 2, 0x39A8, 1, 0x4841, 2,
    0x4062, 3, 0x20E3, 1, 0x18A2, 1, 0x4A27, 1,
    0x6000, 1, 0x18C5, 66, 0x8000, 4, 0x10A3, 1,
    0x63B0, 3, 0x632E, 4, 0x6862, 1, 0x6000, 3,
    0x4000, 3, 0x7800, 1, 0x6800, 2, 0x2104, 1,
    0x632E, 1, 0x63B0, 7, 0x6CB4, 2, 0x94D3, 1,
    0x6CB4, 1, 0x7800, 1, 0x2147, 1, 0x6800, 2,
    0x7800, 2, 0x8000, 5, 0x9083, 1, 0x632E, 4,
    0x4104, 2, 0x4062, 3, 0x18A2, 1, 0x20E3, 1,
    0x7B47, 2, 0x4A27, 1, 0x6000, 1, 0x18C5, 62,
    0x8000, 1, 0x9000, 4, 0x2104, 1, 0x632E, 1,
    0x63B0, 1, 0x8986, 1, 0x52CC, 1, 0x63B0, 2,
    0xB50B, 2, 0x63B0, 1, 0x2924, 1, 0xA488, 3,
    0x18C3, 1, 0x10A3, 1, 0x6000, 1, 0x5000, 2,
    0x4000, 2, 0x6800, 3, 0xA269, 1, 0x2147, 1,
    0x2104, 1, 0x18C3, 2, 0x6800, 1, 0x6000, 1,
    0x6800, 8, 0x5000, 1, 0x7800, 2, 0x8000, 1,
    0x8986, 2, 0x632E, 1, 0x63B0, 1, 0x632E, 1,
    0x4104, 3, 0x18C3, 2, 0x18A2, 2, 0x7B47, 5,
    0x4A27, 2, 0x18C5, 59, 0x8000, 1, 0x9083, 1,
    0x8986, 4, 0x2147, 1, 0x52CC, 1, 0x63B0, 2,
    0xB50B, 2, 0x52CC, 1, 0x632E, 2, 0x52CC, 1,
    0x8986, 1, 0xB50B, 1, 0x42CC, 1, 0x6862, 1,
    0x7800, 1, 0x6800, 2, 0x6000, 4, 0x5000, 2,
    0x4000, 1, 0x8000, 1, 0x7800, 4, 0x63B0, 1,
    0x7800, 1, 0x6800, 1, 0x63B0, 1, 0x6862, 1,
    0x63B0, 1, 0x6800, 6, 0x8000, 1, 0x9083, 1,
    0x63B0, 2, 0x632E, 2, 0x4104, 2, 0x4062, 2,
    0x18C3, 1, 0x2104, 2, 0x7B47, 9, 0x18C5, 57,
    0x8000, 1, 0x8986, 4, 0x3A09, 1, 0x63B0, 3,
    0x632E, 1, 0x63B0, 1, 0xA488, 1, 0xB50B, 3,
    0xA488, 1, 0xB50B, 1, 0x52CC, 3, 0x6862, 1,
    0x7800, 1, 0x6800, 7, 0x8000, 1, 0xA269, 2,
    0x8000, 3, 0x94D3, 1, 0x63B0, 1, 0x2147, 1,
    0x2924, 1, 0x42CC, 1, 0x2147, 2, 0x42CC, 1,
    0x63B0, 1, 0x6862, 1, 0x6800, 1, 0x7800, 1,
    0x8000, 1, 0x9083, 1, 0x63B0, 3, 0x3A09, 3,
    0x18C3, 2, 0x10A3, 3, 0x3985, 1, 0x7B47, 8,
    0xA488, 1, 0x7B47, 1, 0x18C5, 55, 0x8000, 2,
    0x8986, 2, 0x632E, 1, 0x42CC, 1, 0x63B0, 2,
    0x632E, 1, 0x52CC, 1, 0x63B0, 1, 0xB50B, 2,
    0x52CC, 1, 0x3A09, 1, 0x632E, 1, 0xA488, 2,
    0x52CC, 2, 0x6925, 1, 0x6862, 1, 0x6800, 1,
    0x6000, 2, 0x6800, 4, 0x8000, 1, 0xA145, 2,
    0xA269, 1, 0x18E4, 1, 0x18C3, 1, 0x18E4, 1,
    0x9000, 1, 0x2104, 1, 0x42CC, 1, 0x6CB4, 2,
    0x63B0, 3, 0x632E, 1, 0x42CC, 1, 0x2924, 1,
    0x9083, 1, 0x63B0, 2, 0x94D3, 1, 0x63B0, 1,
    0x3A09, 2, 0x39A8, 1, 0x18E4, 1, 0x18C3, 1,
    0x2924, 3, 0x8BCA, 2, 0xA488, 1, 0x7B47, 6,
    0xA488, 3, 0x7B47, 1, 0x18C5, 54, 0xA145, 1,
    0x94D3, 2, 0xA269, 2, 0x18C3, 1, 0x63B0, 2,
    0x632E, 3, 0xB50B, 3, 0xA488, 2, 0xB50B, 1,
    0x52CC, 3, 0x6925, 3, 0x6000, 4, 0x9000, 2,
    0xA269, 2, 0x18E4, 3, 0x6CB4, 2, 0x2147, 1,
    0x18E4, 2, 0x6CB4, 5, 0x18E4, 1, 0x2104, 1,
    0x632E, 1, 0x63B0, 4, 0x3A09, 3, 0x4104, 2,
    0x18E4, 1, 0x2924, 1, 0x18C3, 1, 0xB50B, 2,
    0x8BCA, 1, 0xA488, 2, 0x7B47, 5, 0xA488, 2,
    0x8BCA, 1, 0x7B47, 2, 0x18C5, 54, 0x18E4, 1,
    0x2147, 2, 0x8986, 2, 0x63B0, 4, 0x632E, 2,
    0x52CC, 2, 0x5ACA, 4, 0x52CC, 2, 0x6925, 4,
    0x6862, 1, 0x6000, 2, 0x39A8, 2, 0x8986, 1,
    0x2104, 1, 0x18E4, 1, 0x6CB4, 3, 0x94D3, 2,
    0x6CB4, 1, 0x42CC, 1, 0x2147, 1, 0x63B0, 2,
    0x6CB4, 1, 0x18E4, 2, 0x632E, 2, 0x63B0, 3,
    0x52CC, 1, 0x42CC, 2, 0x5ACA, 1, 0x18E4, 1,
    0x39A8, 1, 0x18E4, 1, 0x4A27, 1, 0xB50B, 2,
    0xA488, 6, 0x7B47, 2, 0xA488, 3, 0x6925, 1,
    0x732B, 1, 0xA488, 1, 0x7B47, 1, 0x18C5, 52,
    0x3A09, 1, 0x39A8, 4, 0x2147, 8, 0x632E, 3,
    0x8986, 1, 0x632E, 1, 0x8986, 2, 0x632E, 1,
    0x5ACA, 2, 0x6925, 1, 0x6000, 2, 0xA269, 1,
    0x39A8, 1, 0x2104, 3, 0x94D3, 7, 0x6CB4, 1,
    0x42CC, 1, 0x2924, 1, 0x2147, 1, 0x63B0, 2,
    0x3985, 1, 0x632E, 1, 0x63B0, 4, 0x3A09, 2,
    0x42CC, 1, 0x8BCA, 2, 0x3A09, 1, 0x18E4, 1,
    0x3985, 1, 0xB50B, 2, 0xA488, 7, 0xB50B, 1,
    0xA488, 3, 0x8BCA, 1, 0x8986, 2, 0xA488, 2,
    0x18C5, 51, 0x39A8, 18, 0x2147, 2, 0x8986, 1,
    0x6925, 1, 0x52CC, 2, 0x6862, 1, 0x6000, 1,
    0xA269, 2, 0x3985, 1, 0x94D3, 10, 0x6CB4, 1,
    0x63B0, 1, 0x2147, 2, 0x42CC, 1, 0x18E4, 1,
    0x52CC, 1, 0x632E, 1, 0x63B0, 2, 0x632E, 1,
    0x52CC, 1, 0x42CC, 3, 0x8BCA, 2, 0xB50B, 1,
    0x732B, 2, 0xB50B, 1, 0xA488, 6, 0xB50B, 1,
    0xA488, 1, 0xB50B, 1, 0xA488, 2, 0x8BCA, 1,
    0x63B0, 1, 0xB50B, 3, 0xDE0C, 1, 0x4A27, 1,
    0x18C5, 50, 0x3A09, 1, 0x39A8, 21, 0x2147, 1,
    0x0862, 1, 0x10A3, 1, 0xA269, 2, 0x39A8, 1,
    0x6CB4, 1, 0x94D3, 3, 0x6CB4, 1, 0x94D3, 1,
    0x6CB4, 1, 0x94D3, 2, 0x6CB4, 4, 0x39A8, 1,
    0x18E4, 2, 0xA269, 1, 0x63B0, 1, 0x632E, 1,
    0x63B0, 1, 0x52CC, 2, 0x3A09, 1, 0x42CC, 1,
    0x8BCA, 2, 0xDE0C, 2, 0xB50B, 4, 0xA488, 5,
    0xB50B, 2, 0xA488, 1, 0xB50B, 1, 0xA488, 2,
    0x7B47, 1, 0xA488, 1, 0xB50B, 3, 0xA488, 1,
    0x4104, 1, 0x18C5, 49, 0x39A8, 1, 0x3A09, 2,
    0x39A8, 1, 0x3A09, 1, 0x39A8, 10, 0x2147, 5,
    0x39A8, 5, 0x2147, 1, 0xA269, 2, 0x39A8, 1,
    0x632E, 1, 0x94D3, 3, 0x6CB4, 8, 0x63B0, 1,
    0x42CC, 1, 0x9083, 2, 0x632E, 2, 0x63B0, 1,
    0x52CC, 2, 0x3A09, 1, 0x42CC, 1, 0x8BCA, 2,
    0xDE0C, 4, 0xB50B, 1, 0xA488, 5, 0xB50B, 3,
    0xA488, 3, 0x7B47, 1, 0xA488, 1, 0x7B47, 2,
    0xB50B, 2, 0xA488, 1, 0xB50B, 1, 0x4062, 1,
    0x18C5, 49, 0x2147, 11, 0x39A8, 1, 0x2147, 1,
    0x3A09, 1, 0x2147, 1, 0x42CC, 2, 0x6CB4, 1,
    0x42CC, 4, 0x39A8, 4, 0xA269, 2, 0x39A8, 1,
    0x63B0, 1, 0x6CB4, 10, 0x63B0, 2, 0x632E, 1,
    0x52CC, 1, 0x63B0, 3, 0x632E, 3, 0x42CC, 2,
    0xDE0C, 4, 0xFECD, 2, 0xDE0C, 4, 0x18C5, 4,
    0xA488, 2, 0x7B47, 2, 0x3985, 1, 0x7B47, 3,
    0xA269, 1, 0x8986, 1, 0x732B, 1, 0xA488, 1,
    0x0862, 1, 0x18C5, 48, 0x42CC, 1, 0x63B0, 2,
    0x42CC, 4, 0x18E4, 1, 0x2147, 2, 0x632E, 2,
    0x63B0, 1, 0x42CC, 1, 0x63B0, 4, 0x6CB4, 5,
    0x42CC, 1, 0x3A09, 1, 0x39A8, 1, 0x3A09, 1,
    0xA145, 1, 0x3985, 1, 0x63B0, 1, 0x6CB4, 11,
    0x632E, 1, 0x42CC, 1, 0x63B0, 1, 0x632E, 1,
    0x63B0, 3, 0x632E, 2, 0x52CC, 1, 0x94D3, 1,
    0xFECD, 5, 0xDE0C, 5, 0x18C5, 9, 0x4062, 1,
    0x4A27, 1, 0x7B47, 1, 0x732B, 1, 0x8986, 1,
    0x9083, 1, 0x7B47, 1, 0x4A27, 1, 0x18C5, 48,
    0x42CC, 1, 0x63B0, 5, 0x42CC, 1, 0x2147, 1,
    0x0862, 1, 0x18E4, 2, 0x632E, 1, 0x63B0, 4,
    0x2147, 3, 0x6CB4, 7, 0x2147, 2, 0xA269, 1,
    0x632E, 2, 0x6CB4, 9, 0x632E, 2, 0x63B0, 1,
    0x52CC, 2, 0x63B0, 2, 0x632E, 3, 0x94D3, 1,
    0xFECD, 7, 0xDE0C, 4, 0x18C5, 11, 0x4062, 1,
    0x4A27, 1, 0xB50B, 2, 0x63B0, 1, 0x4A27, 2,
    0x18C5, 48, 0x63B0, 6, 0x42CC, 1, 0x2147, 1,
    0x0000, 2, 0x2147, 1, 0x632E, 1, 0x63B0, 3,
    0x2147, 2, 0x0862, 1, 0x2147, 2, 0x6CB4, 7,
    0x2147, 1, 0xA269, 1, 0x63B0, 2, 0x6CB4, 4,
    0x94D3, 1, 0x6CB4, 2, 0x63B0, 2, 0x632E, 1,
    0x52CC, 1, 0x42CC, 1, 0x63B0, 4, 0x632E, 1,
    0x94D3, 3, 0xFECD, 5, 0xDE0C, 5, 0x10A3, 4,
    0x3A09, 1, 0x63B0, 1, 0x18C5, 6, 0x7800, 1,
    0x3985, 1, 0x7B47, 3, 0x4A27, 1, 0x18C5, 48,
    0x42CC, 1, 0x63B0, 6, 0x2147, 1, 0x3A09, 1,
    0x2147, 3, 0x63B0, 3, 0x42CC, 1, 0x2147, 1,
    0x0862, 1, 0x0000, 1, 0x2147, 2, 0x6CB4, 8,
    0xA269, 1, 0x632E, 2, 0x6CB4, 7, 0x39A8, 1,
    0x52CC, 1, 0x3A09, 1, 0x52CC, 1, 0x63B0, 2,
    0x632E, 3, 0x94D3, 2, 0xFECD, 7, 0xDE0C, 4,
    0x10A3, 4, 0x3A09, 1, 0x4A27, 1, 0xA145, 1,
    0x6925, 1, 0xA145, 1, 0x6925, 1, 0x2924, 1,
    0x18C5, 2, 0x8000, 1, 0x4062, 1, 0x7B47, 2,
    0x4A27, 2, 0x18C5, 47, 0x63B0, 1, 0x42CC, 3,
    0x63B0, 2, 0x632E, 1, 0x42CC, 4, 0x2147, 1,
    0x632E, 1, 0x63B0, 3, 0x2147, 2, 0x39A8, 1,
    0x0862, 1, 0x42CC, 1, 0x6CB4, 9, 0xA145, 1,
    0xA269, 1, 0x6CB4, 5, 0x2147, 1, 0x39A8, 1,
    0x52CC, 1, 0x3A09, 1, 0x42CC, 1, 0x632E, 1,
    0x63B0, 1, 0x632E, 1, 0x63B0, 2, 0x94D3, 2,
    0x63B0, 1, 0x94D3, 3, 0xFECD, 6, 0xDE0C, 2,
    0x1082, 4, 0xA145, 1, 0x4A27, 1, 0x3985, 1,
    0x2924, 1, 0x6925, 2, 0xA145, 2, 0x2924, 1,
    0x18C5, 1, 0x7800, 1, 0x8000, 1, 0x4A27, 3,
    0x18C5, 46, 0x7800, 1, 0xA269, 1, 0x2800, 3,
    0x18C5, 1, 0x2147, 5, 0x42CC, 1, 0x39A8, 1,
    0x42CC, 2, 0x632E, 2, 0x42CC, 5, 0x6CB4, 10,
    0xA269, 1, 0x2147, 1, 0x39A8, 1, 0x63B0, 1,
    0x632E, 1, 0x39A8, 2, 0x52CC, 1, 0x6925, 1,
    0x3A09, 1, 0x632E, 1, 0x52CC, 4, 0x94D3, 4,
    0xFECD, 1, 0x94D3, 1, 0xFECD, 2, 0x94D3, 1,
    0xDE0C, 1, 0xFECD, 5, 0x10A3, 2, 0x1082, 1,
    0x10A3, 1, 0x6925, 1, 0x3985, 1, 0x2924, 2,
    0x10A3, 1, 0x20E3, 1, 0x2924, 1, 0x3985, 1,
    0x4A27, 1, 0xA145, 1, 0x18C5, 2, 0x8000, 1,
    0x3985, 1, 0x4A27, 1, 0x18C5, 44, 0xA269, 1,
    0x18E4, 1, 0x8000, 1, 0x8986, 3, 0x3985, 1,
    0x2924, 1, 0x18C3, 1, 0x8986, 3, 0x6800, 1,
    0x2147, 6, 0x39A8, 1, 0x2147, 2, 0x39A8, 2,
    0x2147, 1, 0x63B0, 1, 0x6CB4, 9, 0x8986, 1,
    0x2104, 2, 0x39A8, 1, 0xA269, 1, 0x6925, 1,
    0x3A09, 2, 0x632E, 2, 0x52CC, 3, 0x94D3, 4,
    0xFECD, 7, 0x94D3, 1, 0xFECD, 5, 0x10A3, 3,
    0xA145, 1, 0x4A27, 1, 0x20E3, 1, 0x10A3, 1,
    0x2924, 4, 0x10A3, 1, 0x2924, 1, 0xA145, 1,
    0x18C5, 2, 0x7800, 1, 0x4062, 1, 0x3985, 1,
    0x18C5, 40, 0x7800, 1, 0xA269, 1, 0x2800, 1,
    0x7800, 1, 0x632E, 1, 0x5ACA, 3, 0x632E, 5,
    0x2924, 1, 0x2147, 1, 0x18E4, 2, 0x8986, 4,
    0x6800, 3, 0x2147, 5, 0x42CC, 2, 0x39A8, 2,
    0x3A09, 2, 0x6CB4, 4, 0x39A8, 1, 0x2924, 1,
    0xA269, 1, 0x6925, 1, 0x52CC, 1, 0x3A09, 1,
    0x632E, 2, 0x52CC, 3, 0x94D3, 3, 0xFECD, 1,
    0x94D3, 2, 0xFECD, 4, 0x6CB4, 1, 0xFECD, 3,
    0xB50B, 1, 0xFECD, 4, 0x1082, 1, 0x20E3, 1,
    0x6925, 1, 0x8986, 1, 0x20E3, 1, 0x2924, 1,
    0x7B47, 3, 0x4A27, 1, 0x2924, 2, 0x20E3, 1,
    0x3985, 1, 0x2147, 1, 0x18C5, 1, 0x6000, 1,
    0x0862, 1, 0x18C5, 39, 0x6000, 1, 0x8986, 1,
    0x2800, 1, 0x6862, 1, 0x632E, 3, 0x5ACA, 2,
    0x632E, 1, 0xA269, 1, 0x632E, 2, 0x63B0, 7,
    0x52CC, 2, 0x42CC, 1, 0x18C3, 1, 0x18E4, 2,
    0x1082, 3, 0xA269, 1, 0x8986, 2, 0x6800, 1,
    0x8986, 1, 0x6800, 1, 0x8986, 3, 0x4A27, 1,
    0x20E3, 1, 0x2147, 1, 0x39A8, 1, 0x8986, 1,
    0x5ACA, 1, 0x3A09, 1, 0x632E, 1, 0x63B0, 1,
    0x52CC, 3, 0x94D3, 3, 0xFECD, 3, 0x63B0, 1,
    0xFECD, 4, 0x63B0, 1, 0x2147, 1, 0x3A09, 1,
    0xFECD, 2, 0xB50B, 1, 0xFECD, 4, 0x10A3, 1,
    0x20E3, 1, 0xA145, 1, 0x20E3, 1, 0x10A3, 1,
    0x2924, 1, 0x3985, 1, 0x10A3, 1, 0x20E3, 1,
    0x10A3, 2, 0x2924, 1, 0x20E3, 1, 0x2924, 1,
    0x39A8, 1, 0x18C5, 1, 0x4841, 1, 0x18C5, 37,
    0x6000, 1, 0x8986, 1, 0x2800, 2, 0x6925, 1,
    0x52CC, 5, 0x632E, 2, 0x52CC, 1, 0x632E, 1,
    0x63B0, 1, 0x94D3, 1, 0xB50B, 1, 0x94D3, 1,
    0xB50B, 3, 0x63B0, 1, 0x632E, 2, 0x63B0, 6,
    0x632E, 2, 0x63B0, 1, 0x632E, 1, 0x8986, 2,
    0x8000, 1, 0x7800, 1, 0x6000, 1, 0x2800, 1,
    0x8986, 1, 0x6800, 1, 0x6925, 2, 0x52CC, 1,
    0x632E, 4, 0x8BCA, 1, 0x52CC, 1, 0x94D3, 2,
    0xFECD, 6, 0x63B0, 2, 0xFECD, 2, 0x6CB4, 1,
    0x2147, 1, 0xFECD, 1, 0x39A8, 1, 0xFECD, 6,
    0xDE0C, 1, 0x10A3, 1, 0x4A27, 1, 0x6925, 1,
    0x20E3, 1, 0x2924, 1, 0x10A3, 1, 0x4000, 1,
    0x20E3, 3, 0x4000, 1, 0x7B47, 1, 0x2924, 2,
    0x3A09, 1, 0x18C5, 1, 0x4000, 1, 0x18C5, 35,
    0x6000, 1, 0x8986, 1, 0x2800, 1, 0x6862, 1,
    0x2924, 1, 0x52CC, 1, 0xB50B, 1, 0x8BCA, 1,
    0xB50B, 2, 0x632E, 1, 0xB50B, 1, 0x63B0, 1,
    0xB50B, 1, 0x52CC, 2, 0x632E, 2, 0xB50B, 2,
    0x632E, 3, 0xB50B, 3, 0x63B0, 1, 0x632E, 3,
    0x63B0, 2, 0x632E, 1, 0x8986, 3, 0x8000, 1,
    0x2800, 2, 0x8986, 1, 0x4104, 3, 0x6925, 1,
    0x3A09, 1, 0x52CC, 1, 0x63B0, 1, 0x632E, 4,
    0x94D3, 4, 0xFECD, 3, 0x94D3, 1, 0xFECD, 2,
    0xB50B, 2, 0xFECD, 4, 0xB50B, 1, 0xDE0C, 1,
    0xFECD, 1, 0xDE0C, 2, 0x7B47, 1, 0xFECD, 2,
    0x10A3, 2, 0xA145, 1, 0x2924, 1, 0x20E3, 1,
    0x3985, 1, 0x4000, 1, 0x20E3, 1, 0x0862, 1,
    0x10A3, 1, 0x0862, 1, 0x20E3, 1, 0x10A3, 1,
    0x2924, 2, 0x3A09, 1, 0x39A8, 1, 0x18C5, 33,
    0x63B0, 1, 0x6000, 1, 0x8986, 1, 0x2800, 1,
    0x3A09, 1, 0x632E, 3, 0xB50B, 1, 0x8BCA, 2,
    0x5ACA, 2, 0xB50B, 2, 0x632E, 2, 0x52CC, 1,
    0x632E, 4, 0x63B0, 2, 0xB50B, 1, 0x63B0, 1,
    0xB50B, 1, 0x63B0, 1, 0xB50B, 1, 0x63B0, 1,
    0x632E, 1, 0x63B0, 2, 0x632E, 1, 0x8986, 2,
    0xA269, 1, 0x8000, 1, 0x8986, 2, 0x4104, 1,
    0x4841, 2, 0x3A09, 3, 0x52CC, 1, 0x63B0, 2,
    0x632E, 1, 0x8BCA, 2, 0x94D3, 9, 0x63B0, 1,
    0xFECD, 2, 0xB50B, 1, 0xA488, 1, 0xFECD, 4,
    0xDE0C, 2, 0xB50B, 2, 0x6CB4, 1, 0x7B47, 1,
    0xFECD, 2, 0x10A3, 1, 0x20E3, 1, 0x3985, 1,
    0x20E3, 1, 0x2924, 1, 0x10A3, 1, 0x20E3, 1,
    0x0862, 1, 0x10A3, 1, 0x20E3, 1, 0x10A3, 1,
    0x20E3, 1, 0x10A3, 1, 0x7B47, 1, 0x20E3, 1,
    0x3985, 1, 0x3A09, 1, 0x18C5, 31, 0x63B0, 1,
    0x8986, 1, 0x6000, 1, 0x8986, 1, 0x2800, 1,
    0x2104, 1, 0x8BCA, 4, 0x6862, 1, 0x8BCA, 1,
    0x6862, 1, 0xB50B, 1, 0x2924, 1, 0x8BCA, 2,
    0xB50B, 1, 0x52CC, 2, 0xB50B, 2, 0x632E, 5,
    0x52CC, 1, 0x632E, 1, 0x52CC, 1, 0xB50B, 2,
    0x63B0, 1, 0x632E, 1, 0x42CC, 1, 0x52CC, 1,
    0x632E, 1, 0x0862, 1, 0xA269, 1, 0x4062, 1,
    0x39A8, 1, 0x3A09, 3, 0x52CC, 3, 0x63B0, 2,
    0x632E, 1, 0x63B0, 1, 0x632E, 1, 0x94D3, 9,
    0x63B0, 2, 0x39A8, 1, 0x94D3, 1, 0xFECD, 1,
    0xDE0C, 1, 0xB50B, 1, 0x94D3, 1, 0xDE0C, 7,
    0x0000, 1, 0xA488, 1, 0xFECD, 1, 0xDE0C, 1,
    0x10A3, 1, 0x2924, 1, 0x3985, 1, 0x20E3, 1,
    0x4A27, 1, 0x10A3, 3, 0x20E3, 1, 0x10A3, 3,
    0x20E3, 1, 0x8986, 1, 0x3985, 1, 0x2924, 1,
    0x3A09, 1, 0x18C5, 30, 0x63B0, 1, 0x8986, 2,
    0x2800, 1, 0x6800, 1, 0x52CC, 1, 0x8BCA, 2,
    0x7B47, 1, 0x8BCA, 3, 0x4A27, 1, 0x5ACA, 1,
    0x8BCA, 1, 0xB50B, 3, 0x52CC, 1, 0xB50B, 2,
    0x42CC, 1, 0xB50B, 4, 0x632E, 1, 0x52CC, 1,
    0xB50B, 3, 0x52CC, 1, 0xB50B, 3, 0x632E, 1,
    0x2800, 1, 0x7800, 1, 0x4104, 1, 0x39A8, 3,
    0x42CC, 1, 0x52CC, 2, 0x3A09, 1, 0x63B0, 1,
    0x632E, 1, 0x94D3, 1, 0x632E, 2, 0x94D3, 9,
    0xDE0C, 1, 0x94D3, 1, 0xFECD, 2, 0xB50B, 1,
    0xFECD, 1, 0xDE0C, 2, 0xA488, 1, 0x6CB4, 1,
    0xDE0C, 1, 0xA488, 2, 0x6CB4, 1, 0x3A09, 1,
    0x39A8, 1, 0x2147, 1, 0xA488, 1, 0xFECD, 1,
    0xDE0C, 2, 0x10A3, 1, 0x3985, 2, 0x2924, 1,
    0x7B47, 1, 0x4000, 1, 0x20E3, 1, 0x10A3, 3,
    0x20E3, 1, 0x10A3, 1, 0x6000, 1, 0x7B47, 1,
    0x2924, 1, 0x3985, 1, 0x39A8, 1, 0x18C5, 29,
    0x632E, 2, 0x8986, 1, 0x2800, 1, 0x6000, 1,
    0x5ACA, 1, 0x3A09, 1, 0x42CC, 1, 0x8BCA, 1,
    0x7B47, 1, 0x8BCA, 2, 0x5ACA, 1, 0xA488, 2,
    0x8BCA, 1, 0x6862, 1, 0x2924, 1, 0x8BCA, 1,
    0xA488, 1, 0x3A09, 1, 0x8BCA, 2, 0x2924, 1,
    0xA488, 1, 0xB50B, 1, 0x8BCA, 1, 0xB50B, 2,
    0x6800, 1, 0x5ACA, 1, 0xB50B, 1, 0x632E, 2,
    0x2800, 1, 0xA269, 1, 0x4841, 2, 0x4062, 1,
    0x39A8, 1, 0x42CC, 1, 0x52CC, 4, 0x632E, 2,
    0x63B0, 1, 0x632E, 2, 0x94D3, 11, 0xFECD, 2,
    0xB50B, 1, 0x94D3, 2, 0xDE0C, 3, 0xFECD, 1,
    0x39A8, 1, 0xDE0C, 1, 0x7B47, 1, 0xDE0C, 1,
    0x3A09, 1, 0x20E3, 3, 0xFECD, 1, 0xDE0C, 2,
    0x10A3, 2, 0x3985, 1, 0x2924, 1, 0x20E3, 1,
    0x4A27, 1, 0x20E3, 1, 0x10A3, 1, 0x6000, 1,
    0x1082, 1, 0x10A3, 1, 0x20E3, 1, 0x10A3, 1,
    0x20E3, 1, 0x4A27, 1, 0x2924, 1, 0x3985, 1,
    0x2147, 1, 0x18C5, 28, 0x632E, 2, 0x8986, 1,
    0x2800, 1, 0x6000, 1, 0x52CC, 1, 0x2104, 1,
    0x8BCA, 3, 0x5000, 1, 0x4841, 1, 0x4A27, 1,
    0x8BCA, 1, 0xA488, 2, 0x5ACA, 1, 0xA488, 2,
    0x5ACA, 1, 0x2104, 1, 0x5ACA, 4, 0xA488, 1,
    0x4A27, 1, 0x2800, 1, 0x4A27, 1, 0xA488, 2,
    0x632E, 1, 0x42CC, 1, 0x7800, 1, 0x2800, 1,
    0x5000, 1, 0x4104, 2, 0x4062, 1, 0x52CC, 5,
    0x632E, 2, 0x63B0, 1, 0x632E, 1, 0x52CC, 1,
    0x94D3, 9, 0xA269, 2, 0x63B0, 1, 0xFECD, 4,
    0xDE0C, 4, 0x39A8, 1, 0x2147, 1, 0x39A8, 1,
    0x94D3, 1, 0xA801, 1, 0xA488, 1, 0x3A09, 1,
    0xFECD, 3, 0xA488, 3, 0x10A3, 2, 0x3985, 2,
    0x2924, 1, 0xA488, 1, 0x7800, 1, 0x20E3, 1,
    0x6000, 1, 0x10A3, 3, 0x20E3, 2, 0x7B47, 1,
    0x2924, 1, 0x3985, 1, 0x2147, 1, 0x18C5, 26,
    0x6862, 1, 0x8986, 2, 0x2800, 1, 0x6000, 1,
    0x6800, 1, 0x52CC, 1, 0x6862, 1, 0x3A09, 1,
    0x8BCA, 1, 0x52CC, 1, 0x6862, 1, 0x6925, 1,
    0x5000, 2, 0x6925, 1, 0x4A27, 2, 0xA488, 3,
    0x8BCA, 2, 0xA488, 1, 0x4841, 1, 0x7B47, 1,
    0x6925, 2, 0xA488, 1, 0xB50B, 1, 0xA488, 1,
    0xB50B, 1, 0xA488, 1, 0x52CC, 1, 0x2800, 1,
    0x8986, 1, 0x4841, 1, 0x4104, 1, 0x39A8, 2,
    0x3A09, 1, 0x42CC, 1, 0x52CC, 2, 0xB50B, 1,
    0x52CC, 2, 0x6925, 1, 0x6862, 1, 0x39A8, 1,
    0x94D3, 1, 0x632E, 1, 0x63B0, 1, 0xB50B, 1,
    0x63B0, 2, 0x94D3, 2, 0x63B0, 1, 0x94D3, 1,
    0xA269, 1, 0x39A8, 1, 0x3A09, 1, 0xFECD, 3,
    0xB50B, 1, 0xA488, 1, 0xDE0C, 1, 0x39A8, 1,
    0x3A09, 1, 0x20E3, 2, 0xA488, 1, 0x3A09, 1,
    0xA801, 2, 0x732B, 1, 0x39A8, 1, 0xA488, 2,
    0x3985, 1, 0x2147, 1, 0xA488, 1, 0x10A3, 1,
    0x20E3, 1, 0x2924, 3, 0xA488, 1, 0x20E3, 1,
    0x10A3, 2, 0x20E3, 2, 0x10A3, 3, 0x7B47, 1,
    0x20E3, 1, 0x4A27, 1, 0x18C5, 26, 0x39A8, 1,
    0x9000, 1, 0x6000, 1, 0x8986, 1, 0x2800, 1,
    0x6800, 1, 0x6925, 1, 0x52CC, 1, 0x6862, 1,
    0x42CC, 1, 0x8BCA, 2, 0x6862, 1, 0x4A27, 1,
    0x5000, 5, 0x4104, 1, 0x4A27, 1, 0x7B47, 3,
    0xA488, 1, 0x7B47, 1, 0xA488, 2, 0x6925, 1,
    0x63B0, 1, 0xB50B, 1, 0xA488, 1, 0x52CC, 1,
    0x6800, 1, 0x2800, 1, 0x8986, 1, 0x4104, 3,
    0x3A09, 2, 0x42CC, 1, 0x7B47, 1, 0xB50B, 2,
    0x63B0, 1, 0x6862, 2, 0x8986, 1, 0x6862, 2,
    0x39A8, 1, 0x2924, 1, 0x3985, 1, 0x3A09, 2,
    0x632E, 1, 0xA269, 1, 0x63B0, 3, 0x39A8, 1,
    0xB50B, 1, 0xFECD, 4, 0xB50B, 1, 0xA488, 1,
    0x6CB4, 1, 0x20E3, 2, 0xFECD, 2, 0xA488, 1,
    0x3A09, 1, 0xA801, 1, 0x9083, 2, 0xA269, 1,
    0x3985, 2, 0x9083, 1, 0x2147, 1, 0x7B47, 1,
    0x18C3, 1, 0x20E3, 1, 0x2924, 1, 0x3985, 1,
    0x2924, 1, 0x4A27, 1, 0x4000, 1, 0x10A3, 2,
    0x20E3, 1, 0x10A3, 1, 0x20E3, 2, 0x10A3, 1,
    0x2924, 2, 0x3985, 1, 0x18C5, 26, 0x8000, 1,
    0x8986, 1, 0x6862, 1, 0x6925, 1, 0x6000, 2,
    0x52CC, 1, 0x6925, 1, 0x6862, 1, 0x42CC, 1,
    0x8BCA, 1, 0x3A09, 1, 0x5000, 1, 0x4A27, 3,
    0x5000, 6, 0x4841, 1, 0x4A27, 2, 0x7B47, 1,
    0x4841, 1, 0xB50B, 1, 0xA488, 1, 0x42CC, 1,
    0xB50B, 1, 0x632E, 1, 0x4841, 1, 0x2800, 1,
    0x5000, 1, 0x4841, 1, 0x39A8, 3, 0x3A09, 1,
    0x52CC, 2, 0xB50B, 2, 0x2147, 1, 0x8000, 1,
    0x6862, 1, 0x6800, 1, 0x6862, 2, 0x8000, 1,
    0x2924, 1, 0x2104, 1, 0x2924, 1, 0x39A8, 1,
    0x63B0, 1, 0x632E, 1, 0x63B0, 4, 0x2147, 1,
    0xFECD, 5, 0x3A09, 1, 0xA801, 1, 0x3A09, 1,
    0xA488, 1, 0xFECD, 1, 0xA488, 3, 0x2147, 1,
    0xA269, 1, 0x9083, 4, 0x2147, 3, 0x4A27, 1,
    0x2104, 2, 0x2924, 1, 0x3985, 1, 0x20E3, 1,
    0x7B47, 1, 0x4000, 1, 0x20E3, 1, 0x10A3, 1,
    0x20E3, 1, 0x10A3, 1, 0x20E3, 1, 0x4000, 1,
    0x4A27, 1, 0x2924, 1, 0x3985, 1, 0xA145, 1,
    0x18C5, 25, 0x8000, 2, 0x6862, 2, 0x6925, 1,
    0x6000, 1, 0x52CC, 1, 0x6925, 2, 0x6000, 1,
    0x39A8, 1, 0x7B47, 1, 0x8BCA, 2, 0xB50B, 1,
    0x5000, 1, 0x4841, 1, 0x4A27, 1, 0x4104, 2,
    0x4841, 2, 0x4104, 1, 0x7B47, 1, 0x2800, 1,
    0xB50B, 2, 0x18C3, 1, 0x6800, 2, 0x6925, 1,
    0x52CC, 1, 0x2800, 1, 0x8986, 1, 0x4841, 2,
    0x4104, 1, 0x3A09, 4, 0x42CC, 1, 0xB50B, 2,
    0x3985, 1, 0x10A3, 2, 0x18C5, 3, 0x18C3, 1,
    0x6800, 3, 0x39A8, 2, 0x63B0, 1, 0x39A8, 1,
    0x3A09, 1, 0x63B0, 2, 0x39A8, 1, 0xA488, 1,
    0xFECD, 5, 0x39A8, 1, 0x9083, 1, 0x63B0, 1,
    0x39A8, 1, 0xA488, 1, 0x3985, 2, 0x3A09, 1,
    0x18C3, 1, 0x3985, 1, 0x2147, 1, 0x3A09, 1,
    0x2147, 1, 0x10A3, 3, 0x3985, 1, 0x4A27, 1,
    0x18E4, 2, 0x2924, 1, 0x3985, 1, 0x20E3, 1,
    0x2924, 1, 0x4A27, 1, 0x10A3, 1, 0x4000, 1,
    0x20E3, 2, 0x4000, 1, 0x3985, 1, 0x2924, 1,
    0x10A3, 1, 0x8986, 1, 0xA145, 1, 0x18C5, 25,
    0x8000, 1, 0xB50B, 1, 0x3A09, 1, 0x6862, 1,
    0x6925, 1, 0x6000, 2, 0x6925, 2, 0x6000, 2,
    0x5000, 1, 0x10A3, 1, 0x8BCA, 7, 0xA488, 2,
    0xB50B, 1, 0x42CC, 1, 0x10A3, 1, 0x6800, 3,
    0x7800, 2, 0x4000, 2, 0x5000, 2, 0x4104, 4,
    0x3A09, 3, 0x52CC, 1, 0x2147, 1, 0x6862, 1,
    0x10A3, 3, 0x3A09, 2, 0xA145, 1, 0x3985, 1,
    0x18C5, 2, 0x7800, 1, 0x63B0, 2, 0x39A8, 2,
    0x63B0, 1, 0x6CB4, 1, 0x4841, 2, 0xA488, 1,
    0xFECD, 4, 0xDE0C, 1, 0x2147, 1, 0x9083, 1,
    0xA269, 2, 0x3985, 1, 0x9083, 2, 0x3A09, 1,
    0x4A27, 1, 0x1082, 1, 0x0862, 1, 0x1082, 1,
    0x3985, 2, 0x4062, 1, 0x4A27, 2, 0x18C3, 3,
    0x20E3, 1, 0x3985, 1, 0x2924, 3, 0x3985, 1,
    0x10A3, 1, 0x4000, 1, 0x10A3, 1, 0x3985, 1,
    0x7B47, 1, 0x20E3, 1, 0x2924, 1, 0xA145, 1,
    0x2924, 1, 0x18C5, 25, 0xA488, 1, 0xB50B, 1,
    0x2104, 1, 0x6862, 1, 0x6925, 1, 0x10A3, 1,
    0x6000, 3, 0x6862, 2, 0x6000, 2, 0x5000, 2,
    0x6000, 1, 0x0862, 1, 0x10A3, 1, 0x2800, 1,
    0x4000, 1, 0x18C3, 1, 0x10A3, 1, 0x6000, 2,
    0x6925, 2, 0x52CC, 1, 0x6000, 2, 0x2800, 1,
    0x6862, 1, 0x8986, 1, 0x5000, 1, 0x4104, 5,
    0x3A09, 1, 0x18C3, 1, 0x52CC, 1, 0x3985, 1,
    0x6862, 1, 0x1082, 3, 0xA145, 1, 0x6925, 1,
    0x3985, 1, 0x8986, 1, 0x6925, 2, 0xA145, 1,
    0x10A3, 1, 0x632E, 1, 0x39A8, 2, 0x2147, 1,
    0x39A8, 2, 0x10A3, 1, 0xA488, 1, 0xFECD, 5,
    0xDE0C, 1, 0x18C3, 1, 0x3985, 1, 0x9083, 3,
    0x3A09, 2, 0x1082, 1, 0x3985, 1, 0x4000, 1,
    0x3985, 1, 0x4A27, 5, 0x18C3, 5, 0x3985, 2,
    0x2924, 1, 0x18C3, 1, 0x2924, 1, 0x4A27, 1,
    0x3985, 1, 0x7B47, 2, 0x10A3, 1, 0x2924, 1,
    0x8986, 1, 0xA145, 1, 0x18C5, 26, 0xB50B, 1,
    0x3A09, 1, 0x2104, 1, 0x6862, 1, 0x5ACA, 1,
    0x8986, 1, 0x6925, 1, 0x5000, 1, 0x6000, 2,
    0x6862, 4, 0x6000, 9, 0x6925, 1, 0x52CC, 1,
    0x6925, 1, 0x6000, 1, 0x2800, 1, 0x6862, 1,
    0x4841, 1, 0x6862, 1, 0x8986, 1, 0x8000, 2,
    0x7800, 2, 0x4104, 2, 0x2147, 1, 0x39A8, 1,
    0x3985, 1, 0x6862, 1, 0x1082, 2, 0x10A3, 1,
    0x6925, 1, 0xA145, 1, 0x2924, 2, 0x10A3, 1,
    0x20E3, 1, 0x3985, 1, 0x8986, 1, 0x39A8, 1,
    0x2104, 1, 0x632E, 1, 0x39A8, 3, 0x18C3, 1,
    0xA488, 1, 0xFECD, 3, 0xDE0C, 1, 0xA488, 1,
    0xDE0C, 2, 0x7B47, 1, 0x2147, 1, 0x3A09, 3,
    0x1082, 3, 0x4062, 1, 0x3985, 1, 0x4A27, 4,
    0x632E, 2, 0x18E4, 1, 0x2147, 1, 0x18C3, 1,
    0x18E4, 2, 0x3985, 1, 0xA145, 1, 0x3985, 1,
    0x20E3, 1, 0x10A3, 1, 0x2924, 3, 0x10A3, 1,
    0x20E3, 1, 0x2924, 1, 0x6925, 1, 0x18C5, 27,
    0x63B0, 1, 0x52CC, 1, 0x2104, 1, 0x6862, 1,
    0x6000, 1, 0x6862, 1, 0x6925, 2, 0x5000, 4,
    0x6862, 1, 0x6000, 12, 0x2800, 1, 0x4841, 2,
    0x4104, 1, 0x6925, 1, 0x8986, 1, 0x6862, 1,
    0x8000, 3, 0x7800, 2, 0xA801, 1, 0x9000, 1,
    0x8000, 1, 0x6862, 1, 0x10A3, 3, 0x6925, 1,
    0x4A27, 1, 0x20E3, 1, 0x10A3, 1, 0x20E3, 1,
    0x2924, 1, 0x10A3, 1, 0x20E3, 1, 0x2924, 1,
    0x6925, 1, 0xA145, 1, 0x2104, 2, 0x39A8, 1,
    0x6000, 2, 0xDE0C, 1, 0xFECD, 2, 0xDE0C, 1,
    0xA488, 1, 0x4A27, 1, 0x7B47, 1, 0xA488, 2,
    0x1082, 3, 0x4062, 1, 0x1082, 1, 0x4000, 2,
    0x4062, 1, 0x3985, 1, 0x4A27, 3, 0x2104, 1,
    0x42CC, 2, 0x18E4, 1, 0x0000, 1, 0x2104, 1,
    0x18E4, 3, 0x4A27, 1, 0x6925, 1, 0x3985, 1,
    0x20E3, 2, 0x10A3, 1, 0x20E3, 1, 0x2924, 2,
    0xA145, 1, 0x18C5, 28, 0x52CC, 1, 0x632E, 1,
    0x18E4, 1, 0x6862, 1, 0x6000, 3, 0x6925, 3,
    0x0862, 5, 0x4000, 4, 0x6000, 1, 0x0862, 2,
    0x8986, 1, 0x10A3, 1, 0x6925, 1, 0x4841, 2,
    0x4062, 1, 0x2147, 1, 0xB50B, 3, 0x8000, 2,
    0x7800, 1, 0xA801, 3, 0x9000, 1, 0x7800, 1,
    0x8000, 1, 0x1082, 2, 0x20E3, 1, 0x6925, 2,
    0x2924, 2, 0x7B47, 3, 0x2924, 2, 0x3985, 2,
    0x2104, 1, 0x39A8, 2, 0x6000, 1, 0x4062, 1,
    0xDE0C, 3, 0xA488, 1, 0x7B47, 1, 0x4062, 1,
    0x4A27, 1, 0xA488, 2, 0x7B47, 1, 0x4A27, 1,
    0x4062, 2, 0x4000, 2, 0x4062, 1, 0x3985, 1,
    0x632E, 4, 0x2147, 1, 0x18C3, 1, 0x2147, 1,
    0x18E4, 4, 0x2104, 1, 0x18E4, 1, 0x20E3, 1,
    0x6925, 1, 0x8986, 1, 0x3985, 2, 0x2924, 1,
    0x3985, 1, 0x4A27, 1, 0x8986, 1, 0x18C5, 29,
    0x52CC, 1, 0x3A09, 1, 0x18E4, 1, 0x5000, 1,
    0x6000, 8, 0x5000, 1, 0x6925, 4, 0x0862, 2,
    0x6925, 2, 0x6862, 1, 0x4841, 3, 0x18C3, 1,
    0x39A8, 1, 0xB50B, 1, 0xA488, 4, 0x6862, 1,
    0xA801, 4, 0x9000, 1, 0x7800, 2, 0x10A3, 3,
    0x3985, 1, 0x6925, 1, 0x10A3, 1, 0x2924, 1,
    0x3985, 1, 0x10A3, 1, 0x4000, 1, 0x3985, 1,
    0x4A27, 1, 0x2924, 1, 0x20E3, 1, 0x4A27, 1,
    0x7800, 1, 0x4841, 1, 0x2104, 1, 0x4062, 1,
    0x7B47, 1, 0xA488, 2, 0x7B47, 1, 0x4A27, 1,
    0x4062, 2, 0x4A27, 1, 0x7B47, 2, 0x3985, 1,
    0x4062, 1, 0x4000, 4, 0x4062, 1, 0x42CC, 4,
    0x0000, 1, 0x63B0, 1, 0x0000, 1, 0x63B0, 1,
    0x0000, 1, 0x18E4, 1, 0x18C5, 1, 0x18E4, 1,
    0x18C3, 2, 0x10A3, 1, 0x2924, 1, 0xA145, 1,
    0x6925, 1, 0xA145, 1, 0x6925, 1, 0xA145, 1,
    0x6925, 1, 0x18C5, 29, 0x4000, 1, 0x10A3, 1,
    0x3A09, 1, 0x42CC, 1, 0x4841, 1, 0x5000, 5,
    0x6000, 3, 0x5000, 6, 0x6000, 2, 0x4841, 3,
    0x18C3, 1, 0x42CC, 1, 0x3A09, 1, 0xA488, 2,
    0xB50B, 1, 0xA488, 1, 0x2147, 1, 0xA269, 2,
    0xA801, 4, 0x8000, 3, 0x10A3, 2, 0x2924, 1,
    0x3985, 1, 0x20E3, 2, 0x4A27, 1, 0x10A3, 1,
    0x20E3, 3, 0x10A3, 1, 0x7B47, 1, 0x20E3, 1,
    0x3985, 1, 0x2147, 1, 0x4841, 1, 0x39A8, 1,
    0x4A27, 1, 0xA488, 3, 0x3985, 1, 0x4062, 1,
    0x4841, 1, 0x3985, 1, 0x7B47, 1, 0x4A27, 1,
    0x3985, 1, 0x4062, 1, 0x4000, 4, 0x4062, 1,
    0x2147, 1, 0x18C3, 1, 0x2104, 2, 0x2147, 1,
    0x18C5, 2, 0x0000, 1, 0x18C5, 1, 0x63B0, 1,
    0x18C5, 7, 0x18C3, 1, 0x18E4, 1, 0xA145, 1,
    0x2147, 1, 0x94D3, 1, 0x18C5, 30, 0x4000, 2,
    0x10A3, 1, 0x0862, 1, 0x4841, 1, 0x5000, 15,
    0x4841, 2, 0x18C3, 2, 0x42CC, 2, 0x63B0, 2,
    0xFECD, 1, 0xDE0C, 1, 0x94D3, 1, 0x2104, 1,
    0x94D3, 1, 0xA801, 4, 0x7800, 1, 0x8000, 3,
    0x10A3, 2, 0x3985, 1, 0x8986, 1, 0x10A3, 1,
    0x7B47, 1, 0x10A3, 1, 0x20E3, 1, 0x0862, 1,
    0x20E3, 1, 0x10A3, 1, 0x20E3, 1, 0x7B47, 1,
    0x2924, 1, 0x3985, 1, 0x3A09, 1, 0x6000, 1,
    0x4841, 1, 0x7B47, 3, 0x4A27, 1, 0x4062, 1,
    0x4000, 2, 0x3985, 3, 0x4000, 5, 0x18C5, 4,
    0x63B0, 2, 0x2147, 1, 0x0000, 3, 0x18C5, 44,
    0x4000, 2, 0x5000, 2, 0x6000, 1, 0x5000, 13,
    0x6800, 2, 0x7800, 1, 0x42CC, 1, 0x94D3, 1,
    0x42CC, 1, 0x632E, 1, 0x94D3, 1, 0x6CB4, 1,
    0x94D3, 1, 0xDE0C, 1, 0x94D3, 1, 0x3A09, 1,
    0x2104, 1, 0xB50B, 1, 0xA801, 1, 0x9000, 2,
    0x8000, 4, 0x7800, 1, 0x10A3, 2, 0x3985, 2,
    0x2924, 1, 0x4A27, 1, 0x20E3, 1, 0x0862, 1,
    0x20E3, 2, 0x10A3, 1, 0x20E3, 1, 0x3985, 1,
    0x2924, 1, 0x3985, 1, 0x3A09, 1, 0x4841, 1,
    0x3985, 1, 0x7B47, 1, 0x4A27, 1, 0x4062, 2,
    0x10A3, 1, 0x4000, 2, 0x3985, 1, 0x4062, 1,
    0x4000, 3, 0x4841, 1, 0x18C5, 9, 0x63B0, 1,
    0x2147, 1, 0x18C5, 45, 0x4000, 2, 0x5000, 2,
    0x4000, 1, 0x6000, 1, 0x6800, 2, 0x7800, 1,
    0x6800, 1, 0x5000, 7, 0x6000, 1, 0x6800, 2,
    0x6862, 1, 0x10A3, 1, 0x52CC, 1, 0x42CC, 1,
    0x2147, 1, 0x6CB4, 1, 0x94D3, 1, 0x2104, 3,
    0x94D3, 2, 0x9000, 1, 0x8000, 3, 0x7800, 2,
    0x8000, 2, 0x7800, 1, 0x10A3, 2, 0x3985, 1,
    0x20E3, 1, 0x2924, 1, 0x4000, 1, 0x10A3, 2,
    0x20E3, 1, 0x10A3, 1, 0x20E3, 1, 0x10A3, 1,
    0x7B47, 1, 0x3985, 2, 0x3A09, 1, 0x4841, 1,
    0x4A27, 2, 0x1082, 3, 0x4062, 1, 0x4000, 2,
    0x4062, 1, 0x4000, 3, 0x18C5, 59, 0x4000, 2,
    0x6800, 1, 0x4000, 2, 0x5000, 1, 0x6800, 1,
    0x7800, 3, 0x8000, 1, 0x9000, 1, 0x7800, 1,
    0x8000, 2, 0x7800, 1, 0x8000, 4, 0x632E, 2,
    0x18C3, 1, 0x2924, 1, 0x9000, 3, 0x8000, 1,
    0x7800, 1, 0x9000, 1, 0x8000, 5, 0x7800, 2,
    0x8000, 1, 0x7800, 1, 0x8000, 1, 0x10A3, 2,
    0x3985, 1, 0x2924, 1, 0x4A27, 1, 0x4000, 1,
    0x18C3, 1, 0x20E3, 1, 0x10A3, 2, 0x20E3, 1,
    0x10A3, 1, 0x20E3, 1, 0x2924, 1, 0x3985, 1,
    0x39A8, 1, 0x4062, 1, 0x3985, 2, 0x10A3, 1,
    0x1082, 1, 0x10A3, 2, 0x4000, 2, 0x4841, 2,
    0x18C5, 61, 0x4000, 2, 0x8000, 1, 0x2800, 2,
    0x5000, 1, 0x6000, 1, 0x9000, 1, 0x9083, 1,
    0xA145, 4, 0x8000, 2, 0x7800, 1, 0x9000, 1,
    0x8000, 1, 0x6000, 1, 0x8000, 3, 0x9000, 5,
    0x8000, 1, 0x7800, 1, 0x8000, 5, 0x7800, 5,
    0x8000, 1, 0x10A3, 1, 0x20E3, 1, 0x3985, 1,
    0x2924, 2, 0x20E3, 2, 0x6000, 1, 0x10A3, 2,
    0x20E3, 2, 0x10A3, 1, 0x2924, 2, 0x2147, 1,
    0x4062, 1, 0x10A3, 6, 0x4000, 1, 0x18C5, 65,
    0x2800, 1, 0x6000, 1, 0x6925, 1, 0x0000, 1,
    0x2800, 2, 0x6000, 1, 0x7800, 1, 0x6862, 1,
    0xA145, 1, 0x6862, 1, 0x8000, 1, 0x6800, 1,
    0xA801, 1, 0x6000, 4, 0x5000, 1, 0x8000, 2,
    0x9000, 5, 0x8000, 6, 0x7800, 6, 0x10A3, 2,
    0x20E3, 1, 0x4A27, 1, 0x20E3, 1, 0x9083, 1,
    0x20E3, 1, 0x10A3, 1, 0x20E3, 2, 0x10A3, 2,
    0x20E3, 1, 0x3985, 1, 0x2924, 2, 0x39A8, 1,
    0x1082, 1, 0x4062, 1, 0x10A3, 2, 0x4000, 2,
    0x18C5, 67, 0x2800, 1, 0x5000, 1, 0x7800, 1,
    0x6000, 1, 0x0000, 2, 0x2800, 1, 0x7800, 1,
    0x6862, 1, 0x6800, 1, 0x6862, 1, 0x8000, 1,
    0x2800, 2, 0x6000, 1, 0x2800, 2, 0x4000, 1,
    0x5000, 1, 0xA801, 1, 0x8000, 1, 0x9000, 3,
    0x8000, 1, 0x9000, 1, 0x8000, 3, 0x7800, 9,
    0x18C3, 2, 0x20E3, 1, 0x3985, 1, 0x2924, 2,
    0x1082, 1, 0x20E3, 1, 0x1082, 1, 0x20E3, 2,
    0x0862, 1, 0x4000, 1, 0x7B47, 1, 0x20E3, 1,
    0x3985, 1, 0x1082, 2, 0x10A3, 1, 0x4000, 2,
    0x18C5, 69, 0x2800, 2, 0x6800, 1, 0x8000, 1,
    0x6862, 1, 0x0000, 2, 0x0862, 2, 0x0000, 1,
    0x0862, 2, 0x2800, 1, 0x0000, 2, 0x2800, 1,
    0x0000, 1, 0x2800, 1, 0x10A3, 1, 0x5000, 1,
    0x9000, 4, 0x7800, 1, 0x9000, 1, 0x8000, 2,
    0x7800, 10, 0x18E4, 1, 0x2104, 1, 0x20E3, 1,
    0x3985, 1, 0x2924, 2, 0x3985, 1, 0x4000, 1,
    0x10A3, 1, 0x20E3, 1, 0x10A3, 1, 0x20E3, 1,
    0x10A3, 1, 0x2924, 1, 0x20E3, 1, 0xA145, 1,
    0x4062, 2, 0x4841, 1, 0x18C5, 72, 0x2800, 1,
    0x5000, 1, 0x6000, 1, 0x8000, 1, 0x8986, 1,
    0x5ACA, 1, 0x632E, 1, 0x63B0, 1, 0x0000, 1,
    0x0862, 3, 0x0000, 2, 0x9083, 1, 0x6862, 1,
    0x9000, 1, 0xA801, 3, 0x9000, 1, 0x8000, 1,
    0x6000, 3, 0x9000, 1, 0x8000, 1, 0x7800, 7,
    0x6800, 2, 0x6000, 1, 0x18E4, 3, 0x3985, 2,
    0x2924, 1, 0x7B47, 1, 0x10A3, 1, 0x4000, 1,
    0x20E3, 2, 0x10A3, 1, 0x2924, 3, 0xA145, 1,
    0x18C5, 75, 0x2800, 1, 0x5000, 2, 0x6000, 1,
    0x9083, 1, 0xA145, 1, 0x63B0, 1, 0x632E, 1,
    0x94D3, 2, 0x63B0, 2, 0x632E, 1, 0x8986, 1,
    0x39A8, 1, 0xA801, 4, 0x9000, 1, 0xA801, 1,
    0x7800, 2, 0x6000, 2, 0x9000, 1, 0x8000, 1,
    0x7800, 5, 0x6800, 1, 0x6000, 3, 0x18E4, 1,
    0x18C3, 3, 0x2924, 1, 0x3985, 1, 0x20E3, 1,
    0x2924, 1, 0x7B47, 1, 0x10A3, 1, 0x3985, 1,
    0x10A3, 1, 0x3985, 1, 0x2924, 1, 0x10A3, 1,
    0xA145, 1, 0x2924, 1, 0x18C5, 76, 0x2800, 1,
    0x5000, 3, 0x6000, 1, 0xA269, 1, 0x94D3, 3,
    0xDE0C, 1, 0x94D3, 1, 0xA269, 1, 0xA145, 2,
    0xA801, 1, 0x8000, 1, 0x9000, 1, 0xA801, 1,
    0x7800, 1, 0x8000, 1, 0x7800, 2, 0x6000, 2,
    0x8000, 2, 0x7800, 4, 0x6000, 2, 0x5000, 1,
    0x4000, 2, 0x18C3, 5, 0x6925, 1, 0x2924, 1,
    0x20E3, 1, 0x2924, 1, 0x4A27, 1, 0x7B47, 2,
    0x2924, 1, 0x10A3, 1, 0x3985, 1, 0xA145, 1,
    0x18C5, 78, 0x2800, 1, 0x4000, 4, 0x6800, 1,
    0x8000, 1, 0x7800, 1, 0x8000, 1, 0x7800, 1,
    0xA269, 1, 0x6800, 1, 0x8000, 3, 0x7800, 3,
    0x8000, 1, 0x7800, 2, 0x6000, 2, 0x7800, 2,
    0x6800, 3, 0x4000, 2, 0x2800, 4, 0x18C3, 2,
    0x18E4, 2, 0x18C3, 1, 0x3985, 2, 0x20E3, 1,
    0x10A3, 1, 0x2924, 2, 0x20E3, 1, 0x10A3, 1,
    0x6925, 2, 0x18C5, 81, 0x2800, 7, 0x4000, 3,
    0x7800, 6, 0x8000, 1, 0x7800, 3, 0x6000, 1,
    0x4000, 2, 0x6000, 2, 0x2800, 7, 0x18C3, 2,
    0x18E4, 1, 0x2104, 1, 0x18E4, 1, 0x2924, 1,
    0x3985, 3, 0x20E3, 1, 0x2924, 2, 0x8986, 1,
    0x6925, 1, 0x18C5, 87, 0x2800, 9, 0x5000, 3,
    0x6000, 1, 0x2800, 7, 0x4000, 1, 0x2800, 2,
    0x4000, 1, 0x18C5, 4, 0x18C3, 1, 0x18E4, 1,
    0x18C3, 1, 0x18E4, 1, 0x2104, 1, 0x3985, 1,
    0x6925, 1, 0x8986, 1, 0xA145, 1, 0x4A27, 2,
    0xA145, 1, 0x18C5, 121, 0x18C3, 1, 0x18E4, 1,
    0x2924, 1, 0x8986, 1, 0x2147, 1, 0x3A09, 1,
    0x18C5, 4546, 0x18C5, 2918, 0x4104, 4, 0x18C5, 124,
    0x4841, 1, 0x4104, 4, 0x18C5, 122, 0x5000, 2,
    0x4841, 3, 0x4104, 2, 0x18C5, 121, 0x5000, 4,
    0x4841, 2, 0x4104, 4, 0x39A8, 1, 0x18C5, 117,
    0x5000, 5, 0x4841, 1, 0x5000, 1, 0x4841, 1,
    0x4104, 2, 0x39A8, 1, 0x4104, 2, 0x39A8, 1,
    0x4104, 1, 0x18C5, 4, 0x4104, 4, 0x18C5, 104,
    0x4000, 1, 0x2800, 1, 0x4000, 3, 0x5000, 4,
    0x4841, 3, 0x4104, 12, 0x4841, 1, 0x18C5, 103,
    0x4000, 1, 0x2800, 4, 0x4000, 2, 0x5000, 6,
    0x4841, 3, 0x4104, 1, 0x4841, 2, 0x4104, 1,
    0x4841, 5, 0x18C5, 103, 0x6000, 4, 0x2800, 4,
    0x4000, 3, 0x5000, 13, 0x4841, 1, 0x18C5, 98,
    0x6862, 4, 0x6800, 2, 0x6000, 4, 0x2800, 5,
    0x4000, 2, 0x5000, 2, 0x4000, 1, 0x5000, 10,
    0x18C5, 94, 0x6925, 3, 0x6862, 3, 0x6800, 3,
    0x6000, 5, 0x6800, 1, 0x8000, 1, 0x0000, 3,
    0x2800, 3, 0x4000, 2, 0x2800, 1, 0x4000, 3,
    0x5000, 1, 0x4000, 2, 0x5000, 3, 0x18C5, 90,
    0x6925, 3, 0x52CC, 2, 0x6925, 4, 0x6000, 6,
    0x7800, 2, 0x8000, 1, 0x9083, 2, 0x8986, 4,
    0x2800, 12, 0x4000, 1, 0x6000, 1, 0x18C5, 87,
    0x5ACA, 1, 0x52CC, 7, 0x6925, 2, 0x6862, 1,
    0x6000, 4, 0x7800, 3, 0x8000, 2, 0x9083, 7,
    0x8986, 5, 0x0000, 2, 0x2800, 2, 0x9000, 1,
    0x4000, 1, 0x2800, 2, 0x6000, 1, 0x18C5, 77,
    0x2104, 1, 0x63B0, 1, 0x6CB4, 5, 0x63B0, 1,
    0x52CC, 2, 0x632E, 3, 0x52CC, 4, 0x6862, 2,
    0x6000, 2, 0x6800, 2, 0x7800, 3, 0x8000, 9,
    0x9083, 5, 0x8000, 2, 0x9000, 2, 0x4841, 1,
    0x4000, 3, 0x2800, 2, 0x5000, 1, 0x18C5, 67,
    0x8000, 4, 0x7800, 1, 0x6800, 1, 0x6000, 3,
    0x5000, 1, 0x4000, 1, 0x6000, 1, 0x6800, 1,
    0xA269, 1, 0x18C3, 1, 0x2147, 1, 0x42CC, 1,
    0x63B0, 4, 0x6CB4, 3, 0x63B0, 1, 0x42CC, 1,
    0x7800, 1, 0x8000, 1, 0x6CB4, 1, 0x94D3, 1,
    0x42CC, 1, 0x2147, 1, 0x6800, 3, 0x7800, 5,
    0x8000, 9, 0x9000, 2, 0x9083, 1, 0x4841, 2,
    0x4062, 2, 0x2800, 2, 0x18A2, 1, 0x2800, 1,
    0x6000, 1, 0x18C5, 64, 0x9000, 2, 0x8000, 1,
    0x18C3, 1, 0x63B0, 6, 0x632E, 1, 0x6862, 1,
    0x6000, 2, 0x4000, 2, 0x6800, 3, 0xA269, 1,
    0x2104, 1, 0x42CC, 1, 0x632E, 1, 0x63B0, 6,
    0x6CB4, 1, 0x63B0, 1, 0x6CB4, 1, 0x63B0, 2,
    0x42CC, 1, 0x7800, 1, 0x6CB4, 1, 0x63B0, 2,
    0x2147, 1, 0x6800, 2, 0x7800, 2, 0x8000, 4,
    0x7800, 1, 0x9000, 1, 0x8986, 1, 0x632E, 1,
    0x39A8, 1, 0x4062, 1, 0x4841, 2, 0x4062, 2,
    0x20E3, 3, 0x4A27, 2, 0x6000, 1, 0x18C5, 60,
    0x9000, 1, 0x8986, 1, 0x9083, 1, 0x18E4, 1,
    0x94D3, 2, 0x8986, 2, 0x63B0, 2, 0xB50B, 2,
    0x2924, 2, 0xA488, 3, 0x18C3, 1, 0x10A3, 1,
    0x5000, 1, 0x4000, 3, 0x6800, 3, 0x8986, 1,
    0x2104, 1, 0x42CC, 1, 0x632E, 1, 0x42CC, 4,
    0x6000, 1, 0x2147, 2, 0x2104, 1, 0x632E, 3,
    0x63B0, 4, 0x42CC, 1, 0x6862, 1, 0x7800, 3,
    0x9000, 1, 0x632E, 3, 0x4104, 3, 0x10A3, 1,
    0x4062, 2, 0x18A2, 2, 0x3985, 1, 0x7B47, 2,
    0x4A27, 3, 0x18C5, 57, 0x9000, 1, 0x9083, 1,
    0x8986, 2, 0x2924, 1, 0x63B0, 1, 0x632E, 1,
    0x94D3, 1, 0xB50B, 2, 0x52CC, 4, 0xB50B, 2,
    0x52CC, 1, 0x2924, 1, 0x6800, 2, 0x6000, 4,
    0x5000, 3, 0x4000, 1, 0x6800, 2, 0x8000, 1,
    0x7800, 1, 0x8000, 1, 0x7800, 2, 0x8000, 1,
    0x7800, 2, 0x9083, 2, 0x6800, 1, 0x7800, 3,
    0x8000, 2, 0x7800, 4, 0x8000, 1, 0x8986, 1,
    0x63B0, 2, 0x6925, 1, 0x4104, 2, 0x10A3, 3,
    0x20E3, 2, 0x18A2, 1, 0x7B47, 7, 0x4A27, 2,
    0x18C5, 54, 0x9000, 1, 0x8986, 3, 0x3A09, 1,
    0x63B0, 3, 0x94D3, 1, 0xB50B, 6, 0x632E, 1,
    0x52CC, 1, 0x6925, 1, 0x7800, 1, 0x6800, 5,
    0x6000, 3, 0x9000, 6, 0x8000, 1, 0x94D3, 6,
    0x2147, 1, 0x94D3, 3, 0x9083, 2, 0x8000, 4,
    0x9083, 1, 0x63B0, 1, 0x94D3, 1, 0x63B0, 1,
    0x3A09, 1, 0x6925, 1, 0x4104, 1, 0x4062, 3,
    0x20E3, 2, 0x7B47, 12, 0x18C5, 52, 0x9000, 1,
    0x8986, 1, 0x632E, 2, 0x3A09, 1, 0x63B0, 1,
    0x632E, 1, 0x52CC, 1, 0x63B0, 1, 0xB50B, 1,
    0x632E, 1, 0x42CC, 1, 0x63B0, 2, 0xB50B, 1,
    0x632E, 1, 0x52CC, 1, 0x6862, 2, 0x6800, 7,
    0x8000, 1, 0x9000, 1, 0xA269, 3, 0x18E4, 1,
    0x4841, 1, 0x2104, 1, 0x94D3, 2, 0x632E, 2,
    0x6CB4, 2, 0x632E, 1, 0x63B0, 4, 0x42CC, 1,
    0x63B0, 1, 0x9083, 1, 0x8000, 1, 0x8986, 1,
    0x63B0, 1, 0x94D3, 1, 0x63B0, 1, 0x3A09, 2,
    0x18E4, 1, 0x18C3, 3, 0x10A3, 3, 0xA488, 1,
    0x7B47, 9, 0xA488, 2, 0x7B47, 2, 0x18C5, 50,
    0xA269, 1, 0x94D3, 2, 0xA269, 1, 0x18C3, 1,
    0x63B0, 1, 0x632E, 2, 0x63B0, 1, 0xB50B, 6,
    0x632E, 1, 0x52CC, 1, 0x6925, 2, 0x6862, 1,
    0x6800, 5, 0x9000, 2, 0xA269, 2, 0xA145, 1,
    0x2104, 2, 0x94D3, 2, 0x2104, 2, 0x6862, 1,
    0x2147, 1, 0x6CB4, 2, 0x94D3, 4, 0x6CB4, 1,
    0x2147, 1, 0x2924, 1, 0x2104, 1, 0x2147, 1,
    0x94D3, 2, 0x63B0, 1, 0x3A09, 2, 0x39A8, 3,
    0x18C3, 1, 0x2924, 3, 0xA488, 10, 0x7B47, 1,
    0xA488, 2, 0x7B47, 1, 0xA488, 2, 0x7B47, 1,
    0x18C5, 49, 0x0862, 1, 0x3A09, 1, 0x39A8, 1,
    0x2147, 1, 0x8986, 1, 0xA269, 1, 0x63B0, 4,
    0x52CC, 1, 0x632E, 2, 0x63B0, 1, 0x632E, 1,
    0x52CC, 3, 0x6925, 2, 0x6862, 2, 0x6800, 1,
    0x6000, 1, 0x9000, 1, 0xA269, 1, 0xA145, 1,
    0xA269, 1, 0x2104, 2, 0x94D3, 6, 0x632E, 1,
    0x2104, 1, 0x632E, 1, 0x6CB4, 5, 0x2104, 2,
    0x94D3, 1, 0x63B0, 4, 0x3A09, 3, 0x6925, 1,
    0x18E4, 2, 0x18C3, 1, 0x2924, 1, 0xB50B, 3,
    0xA488, 9, 0xB50B, 4, 0x732B, 1, 0x7B47, 1,
    0xA488, 1, 0x7B47, 1, 0x18C5, 49, 0x42CC, 1,
    0x3A09, 2, 0x39A8, 1, 0x2147, 3, 0x18E4, 1,
    0x2104, 1, 0x632E, 1, 0x63B0, 2, 0xA269, 1,
    0x52CC, 1, 0x8986, 1, 0x6925, 2, 0x5ACA, 1,
    0x6925, 2, 0x6800, 1, 0x6000, 1, 0x39A8, 3,
    0x2104, 2, 0x94D3, 8, 0x6CB4, 1, 0x632E, 1,
    0x2924, 1, 0x39A8, 1, 0x63B0, 2, 0x2104, 3,
    0x63B0, 1, 0x632E, 1, 0x94D3, 2, 0x52CC, 1,
    0x3A09, 1, 0x42CC, 2, 0x732B, 1, 0x18E4, 1,
    0x39A8, 1, 0x3A09, 1, 0x4A27, 1, 0xB50B, 2,
    0xA488, 10, 0xB50B, 2, 0xA488, 2, 0x8986, 3,
    0xA488, 1, 0x7B47, 2, 0x18C5, 48, 0x42CC, 1,
    0x52CC, 1, 0x42CC, 1, 0x39A8, 8, 0x2147, 3,
    0x8986, 2, 0x632E, 2, 0x8986, 1, 0x6925, 1,
    0x6000, 1, 0xA269, 1, 0x3985, 1, 0x18E4, 1,
    0x2104, 1, 0x94D3, 11, 0x6CB4, 1, 0x63B0, 1,
    0x2924, 1, 0x39A8, 1, 0x632E, 1, 0x63B0, 1,
    0x2104, 1, 0x632E, 1, 0x39A8, 1, 0x63B0, 3,
    0x3A09, 2, 0x42CC, 1, 0x8BCA, 2, 0x732B, 1,
    0x3A09, 1, 0x39A8, 1, 0x3985, 1, 0xB50B, 3,
    0xA488, 7, 0xB50B, 7, 0x9083, 1, 0xA269, 1,
    0xB50B, 2, 0xDE0C, 1, 0x7B47, 1, 0x18C5, 48,
    0x52CC, 3, 0x39A8, 8, 0x2147, 6, 0x10A3, 1,
    0x6000, 1, 0xA269, 3, 0x2104, 1, 0x6CB4, 1,
    0x94D3, 10, 0x6CB4, 3, 0x63B0, 1, 0x39A8, 1,
    0x2104, 3, 0xA269, 2, 0x63B0, 2, 0x52CC, 1,
    0x3A09, 2, 0x42CC, 1, 0x8BCA, 3, 0xB50B, 1,
    0x732B, 2, 0xB50B, 1, 0xA488, 8, 0xB50B, 1,
    0xA488, 1, 0xB50B, 3, 0xA488, 2, 0xB50B, 1,
    0xA269, 1, 0xB50B, 4, 0xA488, 1, 0x4A27, 2,
    0x18C5, 46, 0x42CC, 1, 0x52CC, 2, 0x3A09, 2,
    0x2147, 1, 0x39A8, 4, 0x2147, 2, 0x18E4, 1,
    0x2147, 6, 0x18C5, 1, 0xA269, 2, 0x39A8, 1,
    0x63B0, 1, 0x94D3, 5, 0x6CB4, 1, 0x94D3, 2,
    0x6CB4, 1, 0x94D3, 2, 0x6CB4, 3, 0x632E, 1,
    0x6862, 1, 0x2104, 1, 0x632E, 1, 0xA269, 1,
    0x63B0, 2, 0x52CC, 3, 0x42CC, 3, 0x8BCA, 1,
    0xDE0C, 3, 0xB50B, 4, 0xA488, 5, 0xB50B, 3,
    0xA488, 2, 0xB50B, 1, 0xA488, 1, 0xB50B, 1,
    0x7B47, 1, 0xB50B, 1, 0xA488, 1, 0xB50B, 1,
    0x732B, 1, 0xB50B, 2, 0xA488, 1, 0xB50B, 1,
    0x3985, 1, 0x2800, 1, 0x18C5, 45, 0x3A09, 1,
    0x2147, 1, 0x42CC, 1, 0x2147, 8, 0x42CC, 4,
    0x2147, 3, 0x39A8, 1, 0x9000, 1, 0xA269, 2,
    0x39A8, 1, 0x63B0, 1, 0x94D3, 5, 0x6CB4, 6,
    0x94D3, 1, 0x6CB4, 2, 0x632E, 1, 0x3985, 1,
    0x9083, 1, 0x63B0, 2, 0x632E, 2, 0x52CC, 1,
    0x42CC, 1, 0x3A09, 1, 0x8BCA, 2, 0xDE0C, 5,
    0xB50B, 1, 0xA488, 5, 0xB50B, 5, 0xA488, 4,
    0x7B47, 1, 0xA488, 1, 0x7B47, 1, 0xB50B, 1,
    0x7B47, 1, 0xB50B, 3, 0xA488, 1, 0xB50B, 2,
    0x4062, 1, 0x18C5, 45, 0x6CB4, 3, 0x63B0, 1,
    0x2147, 2, 0x18E4, 1, 0x63B0, 1, 0x42CC, 5,
    0x63B0, 1, 0x42CC, 3, 0x2147, 2, 0x39A8, 1,
    0xA801, 1, 0xA269, 1, 0x39A8, 2, 0x6CB4, 1,
    0x94D3, 2, 0x6CB4, 7, 0x94D3, 2, 0x6CB4, 3,
    0x632E, 1, 0x63B0, 3, 0x632E, 3, 0x52CC, 2,
    0x42CC, 1, 0xDE0C, 2, 0xFECD, 5, 0xDE0C, 5,
    0x18C5, 6, 0xA488, 1, 0x7B47, 3, 0x4A27, 1,
    0x7B47, 2, 0xB50B, 1, 0x7B47, 1, 0x8986, 1,
    0xA269, 1, 0x9083, 2, 0xDE0C, 1, 0x4A27, 1,
    0x1082, 1, 0x18C5, 45, 0x6CB4, 3, 0x42CC, 1,
    0x0862, 1, 0x18E4, 1, 0x2147, 1, 0x63B0, 1,
    0x42CC, 3, 0x2147, 2, 0x63B0, 1, 0x42CC, 5,
    0x2147, 1, 0xA801, 1, 0xA269, 1, 0x632E, 1,
    0x39A8, 1, 0x6CB4, 9, 0x94D3, 1, 0x6CB4, 2,
    0x632E, 2, 0x63B0, 1, 0x3A09, 1, 0x52CC, 1,
    0x632E, 6, 0x94D3, 1, 0xFECD, 5, 0xDE0C, 1,
    0xFECD, 2, 0xDE0C, 4, 0x18C5, 11, 0x4062, 1,
    0x4A27, 2, 0xB50B, 1, 0x732B, 1, 0xA269, 1,
    0x8986, 1, 0x63B0, 1, 0xB50B, 1, 0x4A27, 2,
    0x18C5, 45, 0x6CB4, 3, 0x63B0, 1, 0x2147, 1,
    0x0000, 1, 0x0862, 1, 0x2147, 1, 0x42CC, 3,
    0x18E4, 1, 0x0862, 1, 0x2147, 1, 0x42CC, 3,
    0x63B0, 1, 0x42CC, 2, 0x2147, 1, 0xA145, 1,
    0x63B0, 1, 0x39A8, 1, 0x632E, 1, 0x6CB4, 6,
    0x94D3, 3, 0x63B0, 2, 0x632E, 1, 0x63B0, 1,
    0x3A09, 1, 0x52CC, 1, 0x63B0, 1, 0x632E, 4,
    0x94D3, 1, 0xFECD, 8, 0xDE0C, 1, 0xFECD, 1,
    0xDE0C, 1, 0xFECD, 1, 0xDE0C, 1, 0x10A3, 5,
    0x18C5, 9, 0x4062, 2, 0x7B47, 1, 0xB50B, 2,
    0x732B, 1, 0x7B47, 1, 0x4A27, 3, 0x18C5, 45,
    0x6CB4, 3, 0x63B0, 1, 0x2147, 3, 0x63B0, 1,
    0x42CC, 2, 0x2147, 1, 0x0000, 1, 0x18C5, 1,
    0x2147, 1, 0x42CC, 2, 0x63B0, 2, 0x42CC, 3,
    0xA269, 1, 0x632E, 1, 0x39A8, 1, 0x63B0, 1,
    0x6CB4, 4, 0x94D3, 2, 0x6CB4, 3, 0x39A8, 1,
    0x3A09, 2, 0x52CC, 1, 0x63B0, 2, 0x632E, 3,
    0x94D3, 3, 0xFECD, 10, 0xDE0C, 2, 0x10A3, 5,
    0x94D3, 1, 0x3A09, 1, 0x63B0, 1, 0x8986, 1,
    0x18C3, 1, 0x18C5, 5, 0x7800, 1, 0x4062, 1,
    0x7B47, 4, 0x4A27, 3, 0x3985, 1, 0x18C5, 43,
    0xA269, 1, 0x7800, 1, 0x39A8, 1, 0x42CC, 1,
    0x39A8, 1, 0x632E, 1, 0x42CC, 2, 0x63B0, 1,
    0x42CC, 3, 0x2147, 1, 0x0862, 1, 0x2147, 2,
    0x42CC, 1, 0x63B0, 2, 0x42CC, 4, 0x9083, 1,
    0xA269, 1, 0x39A8, 1, 0x63B0, 1, 0x6CB4, 6,
    0x39A8, 1, 0x2147, 1, 0x52CC, 1, 0x3A09, 1,
    0x52CC, 1, 0x63B0, 2, 0x632E, 3, 0x94D3, 1,
    0x63B0, 1, 0x94D3, 2, 0xFECD, 12, 0x10A3, 5,
    0x6925, 1, 0xA145, 1, 0x4A27, 1, 0x8986, 1,
    0x4A27, 1, 0xA145, 1, 0x6925, 3, 0x10A3, 1,
    0x18C5, 1, 0x8000, 1, 0x7800, 1, 0x3985, 1,
    0x7B47, 3, 0x4A27, 3, 0x18C5, 40, 0xA269, 1,
    0x18E4, 1, 0x8000, 1, 0x2104, 1, 0x5000, 1,
    0xA269, 2, 0x39A8, 1, 0x2147, 2, 0x42CC, 1,
    0x39A8, 1, 0x632E, 1, 0x42CC, 5, 0x2147, 1,
    0x42CC, 1, 0x63B0, 3, 0x42CC, 4, 0xA145, 1,
    0x2147, 1, 0x39A8, 1, 0x6CB4, 4, 0x39A8, 1,
    0x2147, 1, 0x18E4, 1, 0x52CC, 1, 0x3A09, 1,
    0x63B0, 1, 0x632E, 1, 0x52CC, 2, 0x632E, 2,
    0x94D3, 3, 0x63B0, 1, 0x94D3, 3, 0xFECD, 1,
    0xDE0C, 1, 0xFECD, 6, 0xDE0C, 1, 0xFECD, 1,
    0x10A3, 4, 0x3985, 1, 0xA145, 1, 0x6925, 2,
    0x2924, 4, 0x3985, 1, 0xA145, 2, 0x2924, 1,
    0x18C5, 2, 0x8000, 2, 0x4A27, 5, 0x18C5, 37,
    0xA269, 1, 0x10A3, 1, 0x9000, 1, 0x632E, 2,
    0x52CC, 1, 0xA269, 1, 0x52CC, 2, 0x18C3, 2,
    0x8986, 2, 0x6800, 1, 0x2147, 6, 0x39A8, 1,
    0x42CC, 3, 0x63B0, 3, 0x42CC, 4, 0x8986, 1,
    0x2104, 2, 0x39A8, 2, 0x632E, 2, 0x52CC, 1,
    0x6925, 1, 0x3A09, 1, 0x63B0, 1, 0x52CC, 4,
    0x94D3, 7, 0xFECD, 5, 0x94D3, 1, 0xFECD, 6,
    0x10A3, 4, 0x8986, 1, 0x6925, 1, 0x4A27, 1,
    0x2924, 2, 0x20E3, 3, 0x10A3, 1, 0x2924, 1,
    0x10A3, 1, 0x4A27, 1, 0x8986, 1, 0xA145, 1,
    0x18C5, 1, 0x8000, 2, 0x4062, 1, 0x3985, 1,
    0x4A27, 2, 0x18C5, 34, 0x6800, 1, 0x8986, 1,
    0x2800, 1, 0x6862, 1, 0x632E, 1, 0x52CC, 2,
    0x632E, 1, 0xA269, 1, 0x632E, 5, 0x52CC, 1,
    0x2104, 2, 0x8986, 3, 0x7800, 2, 0x2147, 4,
    0x39A8, 1, 0x2147, 3, 0x42CC, 5, 0x39A8, 1,
    0x2924, 1, 0x2104, 1, 0xA269, 1, 0x8986, 1,
    0x52CC, 1, 0x3A09, 1, 0x52CC, 1, 0x63B0, 1,
    0x632E, 1, 0x52CC, 3, 0x94D3, 6, 0xFECD, 15,
    0x10A3, 3, 0x6925, 1, 0xA145, 1, 0x3985, 1,
    0x2924, 1, 0x20E3, 1, 0x2924, 5, 0x20E3, 1,
    0x2924, 2, 0x8986, 1, 0x6925, 1, 0x18C5, 2,
    0x7800, 1, 0x4000, 1, 0x1082, 1, 0x4A27, 1,
    0x18C5, 32, 0x6800, 1, 0x8986, 1, 0x2800, 1,
    0x8986, 1, 0x63B0, 2, 0x632E, 1, 0x52CC, 2,
    0x632E, 1, 0xA269, 1, 0x632E, 1, 0x63B0, 3,
    0x94D3, 3, 0x63B0, 2, 0x52CC, 2, 0x18C3, 1,
    0x18E4, 1, 0x8986, 1, 0x10A3, 2, 0x8986, 2,
    0x7800, 1, 0x6800, 2, 0x39A8, 2, 0x2147, 3,
    0x3A09, 1, 0x632E, 2, 0x52CC, 2, 0x3A09, 1,
    0x63B0, 2, 0x52CC, 3, 0x94D3, 4, 0xFECD, 2,
    0x94D3, 2, 0xFECD, 4, 0x63B0, 1, 0x6CB4, 1,
    0xFECD, 4, 0xB50B, 1, 0xFECD, 4, 0x0862, 3,
    0x3985, 1, 0x6925, 1, 0x3985, 1, 0x20E3, 1,
    0x1082, 1, 0x2924, 1, 0x7B47, 2, 0x10A3, 1,
    0x4A27, 1, 0x7B47, 1, 0x2924, 2, 0x20E3, 1,
    0x2924, 1, 0x3985, 1, 0x2147, 1, 0x18C5, 1,
    0x6000, 1, 0x4841, 1, 0x1082, 1, 0x18C5, 30,
    0x6800, 1, 0x8986, 1, 0x2800, 1, 0x2924, 1,
    0x63B0, 2, 0xB50B, 2, 0x63B0, 1, 0x52CC, 4,
    0x63B0, 1, 0xB50B, 6, 0x632E, 2, 0x63B0, 5,
    0x632E, 1, 0x63B0, 2, 0x632E, 2, 0x6862, 1,
    0x4000, 2, 0x2800, 3, 0x8986, 1, 0x6800, 1,
    0x5000, 1, 0x52CC, 3, 0x63B0, 2, 0x52CC, 3,
    0x94D3, 3, 0xFECD, 5, 0x63B0, 1, 0x94D3, 1,
    0xFECD, 4, 0x2147, 2, 0x3A09, 1, 0xFECD, 3,
    0xB50B, 1, 0xFECD, 4, 0x0862, 1, 0x1082, 1,
    0x20E3, 1, 0x3985, 1, 0x6925, 1, 0x20E3, 1,
    0x10A3, 1, 0x7B47, 1, 0x4A27, 1, 0x3985, 1,
    0x4000, 1, 0x20E3, 1, 0x4000, 2, 0x10A3, 1,
    0x2924, 2, 0x20E3, 1, 0x2924, 1, 0x3A09, 1,
    0x18C5, 2, 0x4841, 1, 0x18C5, 28, 0x9083, 1,
    0x8986, 1, 0x2800, 1, 0x2924, 1, 0x52CC, 2,
    0xB50B, 2, 0xA488, 1, 0x732B, 2, 0xB50B, 1,
    0x732B, 1, 0x52CC, 1, 0x632E, 3, 0x63B0, 1,
    0xB50B, 1, 0x63B0, 1, 0x632E, 2, 0x63B0, 1,
    0xB50B, 2, 0x63B0, 6, 0x632E, 1, 0x8986, 2,
    0x8000, 2, 0x2800, 1, 0x8986, 1, 0x6800, 1,
    0x6925, 3, 0x3A09, 1, 0x632E, 1, 0x63B0, 4,
    0x8BCA, 1, 0x52CC, 1, 0x94D3, 2, 0xFECD, 8,
    0x6CB4, 2, 0xFECD, 3, 0x6CB4, 1, 0xFECD, 2,
    0x39A8, 1, 0xFECD, 3, 0xB50B, 1, 0xFECD, 3,
    0xDE0C, 1, 0x0862, 1, 0x1082, 1, 0x2924, 1,
    0xA145, 1, 0x3985, 1, 0x20E3, 1, 0x2924, 1,
    0x4A27, 1, 0x10A3, 1, 0x20E3, 5, 0x4000, 1,
    0x3985, 1, 0x7B47, 1, 0x20E3, 1, 0x2924, 1,
    0x3A09, 1, 0x2147, 1, 0x18C5, 28, 0x94D3, 1,
    0x8986, 1, 0x2800, 1, 0x3A09, 1, 0xB50B, 3,
    0x8BCA, 2, 0xB50B, 1, 0x6000, 1, 0xB50B, 1,
    0x8986, 1, 0xB50B, 3, 0x632E, 1, 0x63B0, 2,
    0x632E, 1, 0x63B0, 3, 0xB50B, 1, 0x63B0, 1,
    0xB50B, 1, 0x63B0, 1, 0x632E, 1, 0x63B0, 2,
    0x632E, 1, 0x8986, 1, 0x632E, 1, 0x8000, 1,
    0x2800, 1, 0x8986, 1, 0x6800, 1, 0x4841, 2,
    0x4104, 1, 0x3A09, 2, 0x52CC, 2, 0x63B0, 3,
    0x632E, 2, 0x94D3, 6, 0xFECD, 3, 0x94D3, 2,
    0xFECD, 3, 0xB50B, 2, 0xFECD, 4, 0xB50B, 2,
    0xDE0C, 1, 0xFECD, 1, 0xB50B, 1, 0xDE0C, 1,
    0x7B47, 1, 0xFECD, 3, 0x0862, 2, 0x3985, 1,
    0x8986, 1, 0x2924, 1, 0x20E3, 1, 0x7B47, 1,
    0x10A3, 1, 0x20E3, 2, 0x0862, 1, 0x20E3, 2,
    0x10A3, 1, 0x20E3, 1, 0x10A3, 1, 0x7B47, 1,
    0x2924, 1, 0x20E3, 1, 0x3A09, 2, 0x4841, 1,
    0x18C5, 26, 0xA269, 1, 0x8986, 1, 0x6000, 1,
    0x632E, 1, 0xB50B, 1, 0xA488, 1, 0x8BCA, 1,
    0x6000, 1, 0x6925, 1, 0x8BCA, 1, 0xB50B, 1,
    0x8986, 1, 0x2924, 1, 0x52CC, 1, 0xB50B, 1,
    0x632E, 1, 0xB50B, 2, 0x632E, 4, 0x52CC, 1,
    0x632E, 1, 0x52CC, 1, 0xB50B, 1, 0xDE0C, 1,
    0x63B0, 1, 0x632E, 1, 0x9083, 1, 0x8986, 1,
    0x8000, 1, 0x0862, 1, 0x8000, 1, 0x39A8, 1,
    0x4841, 1, 0x3A09, 4, 0x52CC, 2, 0x94D3, 2,
    0x632E, 1, 0x63B0, 1, 0x632E, 2, 0xFECD, 1,
    0x94D3, 10, 0x6CB4, 1, 0x63B0, 1, 0xFECD, 3,
    0xB50B, 2, 0x94D3, 1, 0xFECD, 3, 0xDE0C, 3,
    0xB50B, 1, 0xDE0C, 1, 0x6CB4, 1, 0x7B47, 1,
    0xFECD, 1, 0xDE0C, 1, 0x0862, 3, 0x3985, 2,
    0x20E3, 1, 0x7B47, 1, 0x4A27, 1, 0x20E3, 1,
    0x10A3, 1, 0x20E3, 1, 0x10A3, 1, 0x20E3, 1,
    0x10A3, 1, 0x20E3, 3, 0x3985, 1, 0x2924, 1,
    0x20E3, 1, 0x2924, 1, 0x3A09, 1, 0x2147, 1,
    0x18C5, 24, 0x63B0, 1, 0x8986, 1, 0x2800, 1,
    0x6000, 1, 0x52CC, 1, 0x632E, 1, 0xB50B, 1,
    0x5ACA, 1, 0xA488, 1, 0x8BCA, 2, 0x4A27, 1,
    0xB50B, 2, 0x8BCA, 1, 0xB50B, 2, 0x52CC, 1,
    0xB50B, 4, 0x632E, 1, 0x52CC, 2, 0xDE0C, 2,
    0xB50B, 2, 0xDE0C, 1, 0x2104, 1, 0x2800, 1,
    0x4104, 1, 0x4841, 1, 0x39A8, 2, 0x3A09, 1,
    0x52CC, 5, 0x63B0, 5, 0x94D3, 12, 0x6CB4, 2,
    0xB50B, 1, 0x39A8, 1, 0x94D3, 1, 0xDE0C, 2,
    0xB50B, 2, 0x6CB4, 1, 0xDE0C, 7, 0x2147, 1,
    0x0000, 1, 0xA488, 1, 0xFECD, 1, 0xDE0C, 1,
    0x1082, 1, 0x0862, 1, 0x20E3, 1, 0x3985, 2,
    0x2924, 2, 0x10A3, 1, 0x20E3, 1, 0x10A3, 2,
    0x20E3, 2, 0x10A3, 1, 0x20E3, 1, 0x10A3, 1,
    0x20E3, 1, 0x7B47, 1, 0x8986, 1, 0x20E3, 1,
    0x2924, 1, 0x3A09, 1, 0x18C5, 24, 0x632E, 1,
    0x2800, 1, 0x6000, 1, 0x632E, 2, 0x3A09, 1,
    0xB50B, 1, 0x3A09, 1, 0x8BCA, 1, 0xA488, 1,
    0xB50B, 2, 0x5ACA, 2, 0x52CC, 1, 0xB50B, 1,
    0x42CC, 1, 0xB50B, 1, 0x8BCA, 1, 0x2924, 1,
    0xB50B, 2, 0x8BCA, 1, 0xB50B, 1, 0x6800, 1,
    0x5ACA, 1, 0xB50B, 1, 0x2147, 1, 0x42CC, 1,
    0x0862, 1, 0x4841, 1, 0x4104, 1, 0x39A8, 3,
    0x42CC, 5, 0x63B0, 6, 0x94D3, 12, 0xFECD, 4,
    0x94D3, 1, 0x63B0, 1, 0xFECD, 1, 0xDE0C, 3,
    0xA488, 1, 0x39A8, 1, 0xDE0C, 1, 0xA488, 1,
    0xDE0C, 1, 0x6CB4, 1, 0x3A09, 1, 0x39A8, 2,
    0x20E3, 1, 0xA488, 1, 0xFECD, 1, 0xDE0C, 2,
    0x0862, 2, 0x20E3, 1, 0x4A27, 1, 0x2924, 2,
    0x7B47, 1, 0x4000, 1, 0x20E3, 3, 0x10A3, 1,
    0x0862, 1, 0x6000, 1, 0x20E3, 1, 0x10A3, 1,
    0x6000, 1, 0x3985, 1, 0x2924, 1, 0x20E3, 1,
    0x3985, 1, 0x39A8, 1, 0x18C5, 23, 0x8986, 1,
    0x2800, 1, 0x6800, 1, 0x632E, 1, 0x6862, 1,
    0xA488, 1, 0xB50B, 1, 0x5000, 2, 0x6000, 1,
    0x8BCA, 1, 0xA488, 2, 0xB50B, 2, 0x5ACA, 4,
    0xB50B, 1, 0x5ACA, 1, 0xB50B, 1, 0x4000, 1,
    0xB50B, 2, 0x63B0, 1, 0x52CC, 1, 0x2800, 1,
    0x8986, 1, 0x5000, 1, 0x4062, 3, 0x52CC, 5,
    0x94D3, 1, 0x63B0, 1, 0x632E, 1, 0x63B0, 3,
    0x94D3, 12, 0x63B0, 2, 0x94D3, 1, 0xFECD, 2,
    0xDE0C, 1, 0xB50B, 1, 0xDE0C, 5, 0xFECD, 1,
    0xA488, 1, 0x39A8, 1, 0xDE0C, 1, 0x7B47, 1,
    0xA488, 1, 0x3A09, 1, 0x20E3, 3, 0xFECD, 2,
    0xDE0C, 2, 0xA488, 1, 0x1082, 2, 0x2924, 1,
    0x3985, 1, 0x2924, 2, 0x4A27, 1, 0x18C3, 1,
    0x20E3, 1, 0x18C3, 1, 0x6000, 1, 0x10A3, 2,
    0x20E3, 2, 0x10A3, 1, 0x20E3, 1, 0x4A27, 1,
    0x7B47, 1, 0x2924, 1, 0x3985, 1, 0x2147, 1,
    0x18C5, 21, 0xA801, 1, 0x4000, 2, 0x7800, 1,
    0x632E, 1, 0x6925, 1, 0x42CC, 1, 0xB50B, 1,
    0x3A09, 1, 0x6925, 1, 0x6000, 1, 0x5000, 2,
    0x4A27, 1, 0xA488, 2, 0xB50B, 1, 0x8BCA, 1,
    0xA488, 1, 0x4841, 1, 0x7B47, 1, 0x6925, 1,
    0x5000, 1, 0xB50B, 1, 0x6925, 1, 0xB50B, 1,
    0x632E, 1, 0x8000, 1, 0x8986, 1, 0x4104, 3,
    0x3A09, 1, 0x52CC, 5, 0x63B0, 1, 0x632E, 2,
    0x8986, 1, 0x632E, 1, 0x94D3, 3, 0x63B0, 2,
    0x94D3, 8, 0xA269, 2, 0x63B0, 1, 0xDE0C, 1,
    0xFECD, 3, 0xB50B, 1, 0xFECD, 1, 0xA488, 1,
    0xDE0C, 2, 0x3A09, 1, 0x39A8, 1, 0x2147, 1,
    0xA488, 2, 0x94D3, 1, 0xA801, 2, 0x3A09, 1,
    0xFECD, 3, 0xA488, 5, 0x1082, 2, 0x2924, 1,
    0x4A27, 1, 0x2924, 2, 0xA488, 1, 0x20E3, 1,
    0x10A3, 2, 0x20E3, 1, 0x10A3, 1, 0x20E3, 1,
    0x10A3, 3, 0x18C3, 1, 0x10A3, 1, 0x2924, 1,
    0x20E3, 1, 0x3985, 1, 0x39A8, 1, 0x18C5, 20,
    0x9000, 1, 0x8986, 1, 0x6000, 1, 0x6925, 1,
    0x632E, 1, 0x6925, 1, 0x18C3, 1, 0xB50B, 1,
    0x6925, 1, 0x6862, 1, 0x7B47, 1, 0x4104, 1,
    0x5000, 3, 0x4A27, 1, 0x7B47, 4, 0xA488, 3,
    0x63B0, 1, 0xB50B, 2, 0x8000, 1, 0x2800, 1,
    0x4841, 2, 0x4104, 1, 0x39A8, 2, 0x42CC, 2,
    0x52CC, 1, 0xB50B, 2, 0x52CC, 1, 0x2924, 2,
    0x6862, 1, 0xA145, 1, 0x3A09, 2, 0x63B0, 2,
    0x39A8, 1, 0xB50B, 2, 0x3A09, 1, 0x63B0, 1,
    0x94D3, 1, 0x63B0, 2, 0x94D3, 1, 0x63B0, 1,
    0x39A8, 2, 0x3A09, 1, 0xFECD, 4, 0xB50B, 2,
    0xA488, 1, 0x6CB4, 1, 0x39A8, 1, 0x20E3, 3,
    0xFECD, 1, 0xA488, 1, 0x3A09, 1, 0xA801, 1,
    0x9083, 1, 0x732B, 1, 0x39A8, 1, 0xA488, 2,
    0x3985, 3, 0x2147, 1, 0x0862, 3, 0x2924, 1,
    0x3985, 1, 0x20E3, 1, 0x2924, 1, 0x4A27, 1,
    0x10A3, 1, 0x20E3, 2, 0x10A3, 3, 0x20E3, 1,
    0x10A3, 3, 0x3985, 1, 0x2924, 1, 0x20E3, 1,
    0x4A27, 1, 0x2147, 1, 0x18C5, 20, 0x6862, 1,
    0x8986, 1, 0x6800, 1, 0x52CC, 1, 0x6925, 1,
    0x6800, 1, 0x42CC, 1, 0xB50B, 2, 0x4841, 1,
    0x4A27, 1, 0x4104, 2, 0x5000, 4, 0x4841, 1,
    0x7B47, 2, 0x6862, 1, 0xB50B, 1, 0x18E4, 1,
    0xB50B, 1, 0x632E, 1, 0x6862, 1, 0x8986, 1,
    0x4841, 1, 0x4062, 1, 0x39A8, 2, 0x3A09, 1,
    0x42CC, 2, 0x7B47, 1, 0xB50B, 1, 0x2924, 2,
    0x4841, 1, 0x9083, 5, 0x2147, 2, 0x39A8, 1,
    0x2147, 1, 0x3A09, 3, 0x63B0, 1, 0xA269, 1,
    0x63B0, 3, 0x39A8, 1, 0x2147, 1, 0xB50B, 1,
    0xFECD, 5, 0xB50B, 1, 0xA488, 1, 0xA801, 1,
    0x3A09, 1, 0x20E3, 2, 0xFECD, 3, 0xA488, 2,
    0x3A09, 1, 0xA269, 1, 0x9083, 2, 0xA269, 1,
    0x3985, 1, 0x9083, 3, 0x2147, 1, 0x18C3, 1,
    0x10A3, 2, 0x3985, 1, 0x4A27, 1, 0x2924, 1,
    0x20E3, 1, 0x4A27, 1, 0x10A3, 1, 0x20E3, 1,
    0x10A3, 2, 0x20E3, 1, 0x10A3, 1, 0x20E3, 3,
    0x10A3, 1, 0x2924, 1, 0x20E3, 1, 0x2924, 1,
    0x6925, 1, 0x18C5, 20, 0xA145, 1, 0x6862, 1,
    0x2800, 1, 0x6925, 1, 0x52CC, 1, 0x6862, 1,
    0x6800, 1, 0x18E4, 1, 0xA488, 1, 0x8BCA, 2,
    0x2104, 1, 0x4A27, 1, 0x4104, 2, 0x4841, 1,
    0x4104, 1, 0x7B47, 1, 0x2800, 1, 0xB50B, 1,
    0x42CC, 1, 0x8000, 1, 0x18E4, 1, 0x632E, 1,
    0x7800, 1, 0x2800, 1, 0x5000, 1, 0x4104, 3,
    0x3A09, 3, 0x7B47, 1, 0xB50B, 3, 0x18C5, 2,
    0x7800, 2, 0x8000, 1, 0x7800, 1, 0x8000, 2,
    0x9000, 1, 0x3985, 1, 0x2147, 2, 0x39A8, 2,
    0x6CB4, 1, 0x63B0, 2, 0x39A8, 1, 0x63B0, 2,
    0x2147, 1, 0xA488, 1, 0xFECD, 6, 0x3A09, 1,
    0xA801, 1, 0x9083, 1, 0x63B0, 1, 0xA488, 1,
    0xFECD, 1, 0xA488, 3, 0x3A09, 1, 0x7B47, 1,
    0x2147, 1, 0x3985, 1, 0x9083, 3, 0x2147, 3,
    0x10A3, 1, 0x1082, 1, 0x18C3, 3, 0x20E3, 1,
    0x3985, 2, 0x20E3, 1, 0x2924, 1, 0x4A27, 1,
    0x10A3, 1, 0x20E3, 3, 0x0862, 1, 0x20E3, 2,
    0x4000, 1, 0x7B47, 1, 0x2924, 2, 0x8986, 1,
    0xA145, 1, 0x18C5, 20, 0x2924, 1, 0x6862, 1,
    0x2800, 1, 0x6800, 1, 0x6862, 1, 0x6925, 1,
    0x6800, 1, 0x6000, 1, 0x18E4, 1, 0x3A09, 1,
    0xA488, 1, 0x8BCA, 3, 0xB50B, 1, 0xA488, 1,
    0xB50B, 1, 0x52CC, 1, 0x7800, 1, 0x8000, 2,
    0x8986, 1, 0x8000, 1, 0x2800, 1, 0x5000, 1,
    0x4841, 2, 0x4104, 2, 0x39A8, 2, 0x3A09, 1,
    0x7B47, 1, 0xB50B, 1, 0x2147, 1, 0x8986, 1,
    0x10A3, 4, 0x2147, 1, 0x10A3, 1, 0x18C5, 4,
    0x7800, 1, 0x2147, 1, 0x39A8, 1, 0x63B0, 2,
    0x6CB4, 1, 0x2147, 1, 0x3A09, 1, 0x63B0, 1,
    0x6CB4, 1, 0x63B0, 1, 0x4841, 1, 0xFECD, 6,
    0xDE0C, 1, 0x39A8, 1, 0xA801, 1, 0x9083, 1,
    0xA269, 1, 0x39A8, 1, 0xA488, 1, 0x3985, 3,
    0x8986, 1, 0x7B47, 1, 0x4A27, 1, 0x2104, 1,
    0x2147, 1, 0x3A09, 1, 0x1082, 1, 0x10A3, 2,
    0x4062, 2, 0x4A27, 1, 0x10A3, 2, 0x18C3, 2,
    0x3985, 1, 0x4A27, 1, 0x20E3, 2, 0x7B47, 1,
    0x4A27, 1, 0x10A3, 1, 0x4000, 1, 0x20E3, 1,
    0x4000, 1, 0x20E3, 1, 0x4000, 1, 0x7B47, 1,
    0x2924, 3, 0x8986, 1, 0xA145, 1, 0x18C5, 19,
    0x42CC, 1, 0x6862, 2, 0x2800, 1, 0x1082, 1,
    0x6800, 1, 0x6862, 2, 0x7800, 1, 0x6000, 1,
    0x6800, 2, 0x10A3, 1, 0x2800, 1, 0x5000, 1,
    0x10A3, 1, 0x5000, 1, 0x6800, 1, 0x6862, 1,
    0x6925, 1, 0x5ACA, 1, 0x6800, 1, 0x2800, 1,
    0x8986, 1, 0x5000, 1, 0x4104, 5, 0x39A8, 2,
    0x52CC, 2, 0x8986, 1, 0x6862, 1, 0x10A3, 4,
    0x3A09, 1, 0x4A27, 1, 0xA145, 1, 0x8986, 1,
    0xA145, 1, 0x4A27, 1, 0x6925, 1, 0x8000, 1,
    0x39A8, 1, 0x63B0, 1, 0x39A8, 2, 0x63B0, 1,
    0x2147, 1, 0x63B0, 1, 0x39A8, 2, 0x4841, 1,
    0xA488, 1, 0xFECD, 6, 0xDE0C, 1, 0x2147, 1,
    0xA801, 1, 0x9083, 2, 0xA269, 1, 0x3985, 1,
    0x9083, 3, 0x3A09, 1, 0x2147, 1, 0x3985, 1,
    0x1082, 2, 0x3985, 3, 0x4A27, 4, 0x18C3, 1,
    0x10A3, 1, 0x18C3, 1, 0x10A3, 1, 0x2924, 1,
    0x3985, 1, 0x2924, 1, 0x20E3, 1, 0x2924, 1,
    0x7B47, 1, 0x4A27, 1, 0x10A3, 1, 0x4000, 1,
    0x10A3, 2, 0x7B47, 1, 0x2924, 2, 0x3985, 1,
    0x8986, 1, 0x4A27, 1, 0x10A3, 1, 0x18C5, 18,
    0xDE0C, 1, 0x52CC, 1, 0x6862, 2, 0x6925, 1,
    0x1082, 1, 0x7800, 1, 0x6800, 1, 0x6862, 2,
    0x7800, 1, 0x6800, 6, 0x7800, 1, 0x6925, 1,
    0x5ACA, 1, 0x6800, 1, 0x2800, 1, 0x8986, 1,
    0x6862, 3, 0x6800, 1, 0x4104, 3, 0x18C3, 2,
    0x2147, 1, 0x3985, 2, 0x6800, 1, 0x10A3, 3,
    0x8986, 1, 0x6925, 1, 0x4A27, 1, 0x3985, 1,
    0x8986, 1, 0x2924, 1, 0x8986, 2, 0xA145, 1,
    0x4A27, 1, 0x7800, 1, 0x632E, 2, 0x39A8, 2,
    0x2147, 1, 0x3A09, 1, 0x18C3, 1, 0x10A3, 2,
    0xA488, 1, 0xFECD, 3, 0xDE0C, 1, 0xFECD, 2,
    0xDE0C, 1, 0x18C3, 1, 0x3985, 1, 0xA269, 1,
    0x9083, 2, 0x3A09, 3, 0x1082, 3, 0x4000, 1,
    0x4062, 1, 0x4A27, 6, 0x42CC, 1, 0x10A3, 6,
    0x3985, 1, 0x6925, 1, 0x2924, 1, 0x10A3, 1,
    0x20E3, 1, 0x2924, 1, 0x4A27, 1, 0x2924, 1,
    0x4A27, 1, 0x7B47, 1, 0x2924, 1, 0x20E3, 1,
    0x10A3, 1, 0x3985, 1, 0xA145, 2, 0x18C5, 19,
    0x63B0, 1, 0x2924, 1, 0x6862, 3, 0x10A3, 1,
    0x1082, 1, 0x6000, 2, 0x4841, 1, 0x6800, 10,
    0x632E, 1, 0x6862, 2, 0x6925, 1, 0x6862, 1,
    0x6800, 5, 0x8986, 1, 0x39A8, 1, 0x6862, 1,
    0x8000, 1, 0x6862, 1, 0x10A3, 3, 0x6925, 1,
    0xA145, 1, 0x3985, 1, 0x2924, 1, 0x20E3, 3,
    0x10A3, 1, 0x2924, 1, 0x8986, 2, 0xA145, 1,
    0x2147, 2, 0x39A8, 2, 0x4841, 1, 0x39A8, 1,
    0x6000, 1, 0x4062, 1, 0xA488, 1, 0xFECD, 4,
    0xA488, 2, 0xDE0C, 1, 0xA488, 2, 0x7B47, 1,
    0x1082, 1, 0x2147, 1, 0x3A09, 1, 0x1082, 5,
    0x4000, 1, 0x4062, 1, 0x3985, 1, 0x4A27, 4,
    0x3A09, 3, 0x10A3, 1, 0x0000, 1, 0x10A3, 2,
    0x18C3, 1, 0x10A3, 1, 0x3985, 1, 0xA145, 1,
    0x3985, 1, 0x4A27, 1, 0x10A3, 2, 0x2924, 3,
    0x20E3, 1, 0x10A3, 1, 0x20E3, 1, 0x8986, 1,
    0x6925, 2, 0x18C5, 20, 0x42CC, 1, 0x2924, 1,
    0x6862, 1, 0x6800, 2, 0x8986, 3, 0x1082, 3,
    0x4000, 3, 0x6800, 1, 0x1082, 2, 0x2800, 1,
    0x6925, 1, 0x6862, 2, 0x2104, 1, 0x8BCA, 3,
    0x6800, 3, 0xA801, 2, 0x9000, 2, 0x6800, 2,
    0x10A3, 3, 0x6925, 1, 0x8986, 1, 0x2924, 1,
    0x20E3, 1, 0x2924, 5, 0x20E3, 1, 0x10A3, 1,
    0x6925, 1, 0x8986, 1, 0x18C3, 1, 0x2147, 1,
    0x2104, 1, 0x2147, 1, 0x6000, 1, 0x8000, 1,
    0x4062, 1, 0x7B47, 1, 0xDE0C, 1, 0xFECD, 1,
    0xDE0C, 3, 0x7B47, 1, 0x4A27, 1, 0x7B47, 1,
    0xA488, 3, 0x7B47, 1, 0x1082, 2, 0x4062, 1,
    0x10A3, 1, 0x4000, 4, 0x4062, 1, 0x4A27, 1,
    0x52CC, 1, 0x4A27, 1, 0x10A3, 1, 0x18C3, 1,
    0x18E4, 1, 0x2104, 1, 0x0000, 1, 0x18C5, 1,
    0x0000, 1, 0x2104, 1, 0x10A3, 2, 0x18C3, 1,
    0x10A3, 1, 0x4A27, 1, 0xA145, 1, 0x6925, 1,
    0x2924, 1, 0x3985, 1, 0x20E3, 2, 0x2924, 3,
    0x4A27, 1, 0xA145, 2, 0x18C5, 21, 0x3A09, 2,
    0x6000, 1, 0x6800, 5, 0x6000, 2, 0x8986, 3,
    0x0862, 1, 0x8986, 1, 0x6925, 1, 0x6862, 3,
    0x2104, 1, 0x2924, 1, 0xA488, 2, 0x8BCA, 2,
    0x6862, 1, 0xA801, 4, 0x9000, 1, 0x7800, 2,
    0x1082, 2, 0x10A3, 1, 0x3985, 1, 0x6925, 1,
    0x2924, 1, 0x20E3, 1, 0x2924, 1, 0x7B47, 1,
    0x4A27, 1, 0x10A3, 1, 0x4A27, 1, 0x3985, 1,
    0x2924, 2, 0x20E3, 1, 0x3985, 1, 0x2147, 1,
    0x7800, 1, 0x4841, 1, 0x39A8, 1, 0x2147, 1,
    0x7800, 1, 0x7B47, 1, 0xA488, 1, 0xDE0C, 2,
    0xA488, 3, 0x4062, 2, 0x4A27, 1, 0x7B47, 1,
    0xA488, 1, 0x7B47, 2, 0x4A27, 1, 0x4062, 3,
    0x4000, 3, 0x4062, 1, 0x4A27, 1, 0x42CC, 4,
    0x18E4, 1, 0x0000, 1, 0x2147, 1, 0x18E4, 1,
    0x18C5, 1, 0x0000, 1, 0x18C5, 3, 0x10A3, 1,
    0x18C3, 1, 0x20E3, 1, 0x3985, 1, 0x6925, 1,
    0xA145, 1, 0x4A27, 2, 0x6925, 1, 0x4A27, 1,
    0x3985, 1, 0x6925, 1, 0x8986, 1, 0x18C5, 23,
    0x1082, 1, 0x6862, 1, 0x6800, 1, 0x5000, 4,
    0x6000, 6, 0x6800, 1, 0x6000, 2, 0x6862, 1,
    0x4104, 1, 0x42CC, 1, 0x8BCA, 1, 0xA488, 1,
    0x8BCA, 1, 0xA488, 1, 0x2104, 1, 0xA269, 1,
    0xA801, 5, 0x9000, 1, 0x8000, 2, 0x1082, 2,
    0x20E3, 1, 0x3985, 1, 0x39A8, 1, 0x10A3, 1,
    0x2924, 1, 0x4A27, 1, 0x3985, 1, 0x4000, 1,
    0x20E3, 2, 0x4000, 1, 0x4A27, 1, 0x2924, 3,
    0x3A09, 1, 0x7800, 2, 0x2147, 1, 0x39A8, 1,
    0x6000, 1, 0xA488, 4, 0x7B47, 1, 0x4A27, 1,
    0x4062, 1, 0x4841, 1, 0x4062, 1, 0x7B47, 3,
    0x3985, 3, 0x4000, 6, 0x4062, 1, 0x18E4, 1,
    0x2147, 3, 0x0000, 1, 0x18C5, 2, 0x2147, 1,
    0x632E, 1, 0x18E4, 1, 0x2147, 1, 0x18C5, 7,
    0x6925, 1, 0x8986, 1, 0x6925, 1, 0xA145, 1,
    0x6925, 2, 0x3A09, 1, 0x39A8, 1, 0x18C5, 24,
    0x4000, 1, 0x6000, 2, 0x5000, 2, 0x6000, 2,
    0x5000, 4, 0x6000, 3, 0x4841, 1, 0x6862, 1,
    0x52CC, 2, 0x632E, 2, 0x8BCA, 1, 0x4A27, 1,
    0x2104, 2, 0xA269, 1, 0xA801, 2, 0x9000, 1,
    0xA801, 1, 0x8000, 3, 0x7800, 1, 0x1082, 2,
    0x3985, 1, 0xA145, 1, 0x20E3, 2, 0x7B47, 1,
    0x10A3, 1, 0x20E3, 2, 0x10A3, 1, 0x20E3, 2,
    0x10A3, 1, 0x3985, 1, 0x2924, 2, 0x3985, 1,
    0x39A8, 1, 0x6000, 1, 0x632E, 1, 0x4841, 1,
    0x4062, 1, 0x7B47, 1, 0xA488, 2, 0x7B47, 1,
    0x4A27, 1, 0x3985, 1, 0x4000, 1, 0x4841, 1,
    0x4062, 1, 0x3985, 1, 0x4A27, 2, 0x4062, 2,
    0x4000, 5, 0x4841, 1, 0x18C5, 2, 0x39A8, 1,
    0x2147, 1, 0x10A3, 1, 0x2147, 1, 0x18C5, 3,
    0x2147, 1, 0x18C5, 15, 0x3A09, 1, 0x2147, 1,
    0x18C5, 25, 0x4000, 2, 0x6000, 4, 0x5000, 7,
    0x4841, 1, 0x3A09, 1, 0x52CC, 1, 0x42CC, 1,
    0x6CB4, 1, 0x94D3, 1, 0xDE0C, 1, 0x63B0, 2,
    0x2104, 2, 0x94D3, 1, 0xA801, 2, 0x8000, 1,
    0x6800, 1, 0x8000, 2, 0x7800, 2, 0x0862, 2,
    0x3985, 1, 0x8986, 1, 0x2924, 2, 0x3985, 1,
    0x20E3, 2, 0x10A3, 1, 0x20E3, 2, 0x10A3, 1,
    0x20E3, 1, 0x10A3, 1, 0x7B47, 1, 0x20E3, 1,
    0x3985, 1, 0x3A09, 1, 0x6000, 1, 0x4841, 2,
    0x4A27, 1, 0x7B47, 3, 0x4062, 3, 0x4000, 2,
    0x4062, 1, 0x3985, 2, 0x4062, 1, 0x4000, 4,
    0x4841, 2, 0x18C5, 7, 0x632E, 1, 0x2147, 1,
    0x10A3, 2, 0x18C5, 44, 0x2800, 1, 0x5000, 11,
    0x4841, 1, 0x42CC, 1, 0x3A09, 2, 0x6CB4, 1,
    0x63B0, 1, 0x94D3, 1, 0x2104, 1, 0x94D3, 2,
    0x9000, 1, 0x8000, 7, 0x7800, 1, 0x0862, 3,
    0x3985, 1, 0x2924, 1, 0x20E3, 1, 0x4A27, 1,
    0x4000, 1, 0x20E3, 1, 0x10A3, 1, 0x20E3, 1,
    0x10A3, 2, 0x20E3, 1, 0x10A3, 1, 0x20E3, 1,
    0x2924, 1, 0x3985, 1, 0x2924, 1, 0x3A09, 1,
    0x2147, 1, 0x4841, 1, 0x4062, 1, 0x7B47, 1,
    0x4A27, 2, 0x1082, 1, 0x4062, 3, 0x4000, 2,
    0x4062, 3, 0x4000, 4, 0x18C5, 58, 0x2800, 1,
    0x4000, 1, 0x6800, 1, 0x6000, 2, 0x6800, 3,
    0x6000, 1, 0x7800, 2, 0x5000, 1, 0x6925, 1,
    0x0862, 1, 0x10A3, 1, 0x2104, 2, 0x94D3, 1,
    0x18E4, 1, 0x94D3, 1, 0x9000, 2, 0x8000, 5,
    0x6800, 1, 0x7800, 1, 0x8000, 1, 0x7800, 1,
    0x0862, 2, 0x20E3, 1, 0x39A8, 1, 0x20E3, 1,
    0x2924, 1, 0x3985, 1, 0x20E3, 2, 0x10A3, 1,
    0x20E3, 1, 0x0862, 1, 0x20E3, 1, 0x10A3, 2,
    0x6000, 1, 0x8986, 1, 0x2924, 1, 0x3985, 1,
    0x3A09, 1, 0x4841, 1, 0x10A3, 1, 0x4062, 1,
    0x3985, 2, 0x1082, 3, 0x10A3, 1, 0x4062, 1,
    0x4000, 6, 0x18C5, 61, 0x2800, 2, 0x4000, 2,
    0x6862, 1, 0x9083, 2, 0x8000, 1, 0x6800, 1,
    0x7800, 2, 0x6000, 1, 0x6800, 2, 0x6000, 1,
    0x8000, 4, 0x7800, 1, 0x8000, 6, 0x6800, 2,
    0x7800, 1, 0x8000, 1, 0x7800, 1, 0x1082, 2,
    0x2924, 1, 0x3985, 1, 0x2924, 2, 0x1082, 1,
    0x20E3, 1, 0x10A3, 1, 0x6000, 1, 0x10A3, 2,
    0x6000, 1, 0x20E3, 1, 0x10A3, 1, 0x20E3, 1,
    0x4A27, 1, 0x2924, 1, 0x3985, 1, 0x3A09, 1,
    0x2147, 1, 0x4062, 1, 0x3985, 1, 0x10A3, 2,
    0x1082, 1, 0x10A3, 5, 0x4000, 2, 0x4841, 1,
    0x18C5, 63, 0x6000, 1, 0x0000, 1, 0x2800, 1,
    0x4000, 1, 0x4841, 1, 0x9083, 1, 0x6000, 1,
    0x5000, 1, 0x6800, 1, 0x5000, 3, 0x6000, 1,
    0x6800, 2, 0x8000, 4, 0x7800, 1, 0x8000, 5,
    0x6800, 3, 0x7800, 3, 0x1082, 2, 0x2924, 1,
    0x3985, 1, 0x2924, 2, 0x20E3, 1, 0x7800, 1,
    0x20E3, 2, 0x10A3, 1, 0x0862, 1, 0x10A3, 2,
    0x20E3, 1, 0x10A3, 1, 0x7B47, 1, 0x20E3, 1,
    0x2924, 1, 0x3A09, 1, 0x0862, 1, 0x4062, 3,
    0x10A3, 5, 0x4000, 2, 0x18C5, 66, 0x4000, 1,
    0x4062, 1, 0x0000, 1, 0x2800, 1, 0x0000, 1,
    0x6862, 1, 0x6000, 1, 0x2800, 2, 0x6000, 1,
    0x2800, 2, 0x4000, 1, 0x8000, 1, 0x6800, 1,
    0x8000, 2, 0x7800, 1, 0x8000, 1, 0x7800, 1,
    0x8000, 2, 0x6800, 6, 0x7800, 3, 0x0862, 2,
    0x2924, 1, 0x3985, 1, 0x20E3, 1, 0x9083, 1,
    0x4A27, 1, 0x20E3, 3, 0x10A3, 2, 0x20E3, 1,
    0x10A3, 1, 0x20E3, 1, 0x10A3, 1, 0x2924, 1,
    0x20E3, 1, 0x2924, 1, 0x2147, 1, 0x1082, 1,
    0x4062, 1, 0x1082, 1, 0x10A3, 2, 0x4000, 1,
    0x4841, 1, 0x4000, 1, 0x18C5, 70, 0x6000, 1,
    0x0000, 2, 0x0862, 1, 0x0000, 1, 0x0862, 1,
    0x2800, 1, 0x0000, 4, 0x1082, 1, 0xA801, 1,
    0x8000, 3, 0x6800, 1, 0x8000, 4, 0x6800, 5,
    0x7800, 4, 0x10A3, 2, 0x3985, 1, 0x4A27, 1,
    0x2924, 2, 0x4A27, 1, 0x4000, 1, 0x20E3, 1,
    0x10A3, 1, 0x20E3, 1, 0x10A3, 1, 0x20E3, 3,
    0x4A27, 1, 0x2924, 1, 0x20E3, 1, 0x8986, 1,
    0x18C5, 1, 0x1082, 2, 0x4062, 2, 0x4000, 1,
    0x4841, 1, 0x18C5, 72, 0x4000, 1, 0x6000, 1,
    0x3A09, 1, 0x52CC, 1, 0x0000, 1, 0x0862, 2,
    0x0000, 1, 0x2924, 1, 0x6862, 1, 0x8000, 1,
    0xA145, 1, 0xA801, 1, 0x8000, 2, 0x7800, 2,
    0x8000, 1, 0x7800, 1, 0x6800, 5, 0x7800, 5,
    0x10A3, 1, 0x18C3, 2, 0x20E3, 1, 0x3985, 1,
    0x2924, 1, 0x20E3, 1, 0x2924, 1, 0x10A3, 1,
    0x4000, 1, 0x20E3, 2, 0x0862, 1, 0x20E3, 2,
    0x3985, 1, 0x2924, 3, 0xA145, 1, 0x18C5, 1,
    0x4062, 2, 0x18C5, 77, 0x4000, 1, 0x5000, 1,
    0x632E, 1, 0x63B0, 2, 0x632E, 1, 0x52CC, 1,
    0x6925, 1, 0xA801, 3, 0x9000, 1, 0x8000, 2,
    0x7800, 1, 0x6000, 2, 0x8000, 1, 0x7800, 8,
    0x6800, 1, 0x6000, 1, 0x10A3, 1, 0x18C3, 3,
    0x3985, 1, 0x4A27, 1, 0x2924, 2, 0x7B47, 1,
    0x3985, 1, 0x4000, 1, 0x10A3, 1, 0x4000, 1,
    0x20E3, 1, 0x3985, 1, 0x7B47, 1, 0x2924, 1,
    0x10A3, 1, 0x4A27, 1, 0x2924, 1, 0x18C5, 80,
    0x2800, 1, 0x4000, 1, 0x5000, 1, 0x8BCA, 1,
    0x94D3, 1, 0x63B0, 1, 0xA269, 1, 0x9083, 1,
    0xA145, 1, 0x6800, 1, 0x8000, 1, 0x9000, 1,
    0x6000, 1, 0x6800, 2, 0x6000, 2, 0x7800, 6,
    0x6800, 2, 0x6000, 2, 0x4000, 1, 0x10A3, 4,
    0x2924, 1, 0x3985, 2, 0x2924, 1, 0x20E3, 1,
    0x7B47, 1, 0x4A27, 2, 0x10A3, 1, 0x4A27, 1,
    0x7B47, 1, 0x2924, 2, 0x3985, 1, 0xA145, 1,
    0x10A3, 1, 0x18C5, 80, 0x0000, 1, 0x2800, 3,
    0x6000, 1, 0x6800, 1, 0x6000, 2, 0x6800, 2,
    0x6000, 3, 0x7800, 1, 0x6800, 2, 0x6000, 2,
    0x6800, 4, 0x6000, 3, 0x5000, 1, 0x2800, 2,
    0x18C3, 1, 0x10A3, 4, 0x3985, 1, 0x8986, 1,
    0x3985, 1, 0x20E3, 1, 0x10A3, 1, 0x2924, 5,
    0x20E3, 1, 0x2924, 1, 0x6925, 2, 0x18C5, 83,
    0x2800, 5, 0x4000, 2, 0x6000, 4, 0x7800, 1,
    0x6800, 2, 0x6000, 5, 0x5000, 1, 0x4000, 2,
    0x2800, 4, 0x10A3, 4, 0x18C3, 1, 0x3985, 2,
    0x6925, 1, 0x3985, 1, 0x20E3, 1, 0x10A3, 1,
    0x20E3, 3, 0x2924, 1, 0x6925, 1, 0xA145, 1,
    0x4A27, 1, 0x18C5, 88, 0x2800, 5, 0x4000, 2,
    0x5000, 2, 0x4000, 4, 0x2800, 6, 0x4000, 2,
    0x18C5, 4, 0x10A3, 1, 0x18C3, 2, 0x20E3, 1,
    0x6925, 1, 0x8986, 1, 0x6925, 1, 0x4A27, 1,
    0x2924, 2, 0x3985, 1, 0x8986, 2, 0x18C5, 97,
    0x2800, 1, 0x4000, 1, 0x2800, 2, 0x18C5, 18,
    0x2924, 1, 0xA145, 1, 0x6925, 1, 0xA145, 1,
    0x6925, 2, 0x4A27, 1, 0x63B0, 1, 0x18C5, 125,
    0x3A09, 1, 0x2147, 1, 0x18C5, 4812, 0x18C5, 2673,
    0x6925, 1, 0x4000, 1, 0x18C5, 126, 0x6862, 1,
    0x6925, 1, 0x2800, 1, 0x18C5, 124, 0x6000, 1,
    0x6862, 1, 0x6925, 2, 0x18C5, 124, 0x6000, 2,
    0x6862, 1, 0x6925, 1, 0x4000, 1, 0x18C5, 123,
    0x6000, 3, 0x6862, 1, 0x6925, 2, 0x4000, 1,
    0x18C5, 121, 0x4000, 1, 0x6000, 3, 0x6862, 1,
    0x6925, 3, 0x18C5, 119, 0x4000, 3, 0x6000, 3,
    0x6862, 1, 0x6925, 3, 0x5ACA, 1, 0x18C5, 1,
    0x6925, 2, 0x18C5, 114, 0x6000, 2, 0x2800, 1,
    0x6000, 4, 0x6862, 2, 0x6925, 5, 0x4000, 1,
    0x18C5, 107, 0x6862, 4, 0x6800, 1, 0x6000, 4,
    0x4000, 2, 0x6000, 4, 0x6862, 4, 0x6925, 1,
    0x6862, 1, 0x18C5, 102, 0x6925, 3, 0x6862, 4,
    0x6800, 2, 0x6862, 1, 0x6000, 4, 0x2800, 2,
    0x4000, 1, 0x6000, 7, 0x6862, 1, 0x6000, 1,
    0x18C5, 97, 0x52CC, 2, 0x6925, 1, 0x52CC, 2,
    0x6925, 4, 0x6862, 1, 0x6000, 7, 0x7800, 2,
    0x8000, 1, 0x2800, 2, 0x4000, 2, 0x5000, 1,
    0x6000, 6, 0x18C5, 93, 0x52CC, 10, 0x6862, 3,
    0x6000, 4, 0x7800, 3, 0x9083, 3, 0x8986, 1,
    0xA269, 1, 0x8986, 1, 0x2800, 1, 0x4000, 3,
    0x6000, 1, 0x4000, 2, 0x6000, 2, 0x18C5, 71,
    0x8000, 1, 0x6800, 1, 0x5000, 1, 0x4841, 1,
    0x2800, 1, 0x7800, 2, 0xA269, 1, 0x2104, 1,
    0x42CC, 1, 0x63B0, 5, 0x42CC, 2, 0x63B0, 1,
    0x6CB4, 1, 0x94D3, 1, 0x63B0, 1, 0x6862, 1,
    0x632E, 4, 0x52CC, 4, 0x6862, 1, 0x6800, 1,
    0x6000, 3, 0x7800, 3, 0x8000, 4, 0x9083, 1,
    0x8000, 1, 0x9083, 4, 0x8986, 1, 0xA269, 1,
    0x2800, 2, 0x4000, 1, 0x2800, 1, 0x4000, 1,
    0x6000, 2, 0x18C5, 66, 0x9000, 2, 0x8000, 2,
    0x2800, 1, 0x632E, 1, 0x42CC, 1, 0x6000, 3,
    0x5000, 1, 0x4000, 1, 0x6000, 1, 0x6800, 2,
    0xA269, 1, 0x18C3, 1, 0x42CC, 8, 0x6800, 1,
    0x7800, 1, 0x42CC, 1, 0x6CB4, 2, 0x7800, 1,
    0x42CC, 1, 0x6CB4, 2, 0x632E, 1, 0x42CC, 1,
    0x6800, 3, 0x7800, 3, 0x8000, 8, 0x9083, 6,
    0x2800, 2, 0x5000, 1, 0x2800, 1, 0x6000, 1,
    0x18C5, 63, 0x9000, 1, 0x9083, 2, 0x2104, 1,
    0x63B0, 2, 0x8986, 1, 0x3985, 1, 0x63B0, 2,
    0xB50B, 1, 0x52CC, 1, 0x6862, 1, 0x6000, 2,
    0x4000, 2, 0x6800, 3, 0xA269, 1, 0x10A3, 1,
    0x2147, 1, 0x42CC, 8, 0x6800, 1, 0x63B0, 2,
    0x6CB4, 2, 0x63B0, 1, 0x632E, 2, 0x6800, 1,
    0x42CC, 2, 0x2147, 1, 0x2104, 1, 0x7800, 1,
    0x8000, 12, 0x7800, 1, 0x9000, 1, 0x4841, 1,
    0x5000, 3, 0x2800, 1, 0x4000, 1, 0x18C5, 60,
    0x9000, 1, 0x8986, 2, 0x63B0, 1, 0x632E, 1,
    0x63B0, 1, 0x52CC, 2, 0xB50B, 3, 0x63B0, 2,
    0xA488, 3, 0x18C3, 2, 0x5000, 1, 0x4000, 2,
    0x6000, 3, 0x8986, 1, 0x2104, 1, 0x52CC, 1,
    0x632E, 1, 0x63B0, 10, 0x6CB4, 2, 0x63B0, 2,
    0x42CC, 2, 0x6800, 1, 0x63B0, 1, 0x632E, 1,
    0x18C3, 1, 0x6800, 1, 0x7800, 1, 0x8000, 7,
    0x9000, 1, 0x8986, 1, 0x4841, 2, 0x4062, 2,
    0x2800, 3, 0x18A2, 1, 0x6000, 1, 0x18C5, 58,
    0x8986, 2, 0x42CC, 1, 0x94D3, 2, 0xB50B, 4,
    0x632E, 1, 0x63B0, 1, 0x8986, 2, 0x52CC, 1,
    0x2147, 1, 0x7800, 1, 0x6800, 2, 0x6000, 3,
    0x5000, 1, 0x4000, 2, 0x6000, 3, 0xA269, 2,
    0x2104, 2, 0x10A3, 2, 0x5000, 2, 0x6000, 4,
    0x2104, 1, 0x10A3, 2, 0x52CC, 2, 0x63B0, 2,
    0x632E, 3, 0x42CC, 1, 0x2104, 1, 0x7800, 4,
    0x9083, 1, 0x63B0, 1, 0x39A8, 1, 0x4104, 1,
    0x4062, 1, 0x4841, 1, 0x4062, 4, 0x20E3, 2,
    0x4104, 1, 0x4A27, 1, 0x6000, 1, 0x18C5, 55,
    0xA145, 1, 0x63B0, 2, 0x94D3, 2, 0x63B0, 2,
    0xB50B, 1, 0x632E, 2, 0xB50B, 2, 0x52CC, 1,
    0x5ACA, 2, 0x7800, 3, 0x6800, 4, 0x6000, 3,
    0x5000, 1, 0x4000, 1, 0x9000, 1, 0x8000, 11,
    0x9083, 2, 0x7800, 1, 0x8000, 12, 0x9000, 1,
    0x63B0, 2, 0x39A8, 1, 0x4104, 3, 0x10A3, 1,
    0x4062, 2, 0x18A2, 2, 0x20E3, 1, 0x3985, 1,
    0x7B47, 2, 0x4A27, 2, 0x6000, 1, 0x4062, 1,
    0x18C5, 53, 0x94D3, 2, 0x63B0, 1, 0x632E, 2,
    0x63B0, 1, 0xB50B, 2, 0x52CC, 1, 0x63B0, 1,
    0xB50B, 1, 0x632E, 1, 0x5ACA, 1, 0x6925, 1,
    0x6862, 1, 0x7800, 1, 0x6800, 7, 0x9000, 2,
    0xA269, 2, 0x94D3, 1, 0x9000, 4, 0x94D3, 3,
    0x2147, 1, 0x2924, 1, 0x94D3, 2, 0x2147, 2,
    0x94D3, 3, 0x9083, 2, 0x8000, 6, 0x9083, 1,
    0x63B0, 2, 0x6925, 1, 0x4104, 3, 0x10A3, 3,
    0x18C3, 1, 0x20E3, 1, 0x18A2, 1, 0x7B47, 4,
    0xA488, 2, 0x7B47, 2, 0x4A27, 2, 0x18C5, 52,
    0x42CC, 1, 0x2147, 1, 0xA269, 1, 0x94D3, 2,
    0x52CC, 2, 0xB50B, 1, 0x63B0, 1, 0x52CC, 2,
    0x5ACA, 1, 0x6925, 2, 0x6862, 1, 0x7800, 1,
    0x6800, 4, 0x9000, 2, 0xA269, 1, 0xA145, 2,
    0xA269, 1, 0x2104, 2, 0x18E4, 1, 0x2104, 2,
    0x9000, 1, 0x94D3, 1, 0x632E, 3, 0x94D3, 1,
    0x6CB4, 1, 0x63B0, 1, 0x6CB4, 3, 0x63B0, 2,
    0x632E, 1, 0x2104, 1, 0x63B0, 1, 0x9083, 1,
    0x8000, 1, 0x8986, 1, 0x94D3, 2, 0x3A09, 3,
    0x39A8, 1, 0x18C3, 1, 0x10A3, 1, 0x4062, 1,
    0x18C3, 3, 0x39A8, 1, 0x7B47, 4, 0xA488, 6,
    0x7B47, 3, 0x18C5, 51, 0x632E, 1, 0x3A09, 1,
    0x39A8, 2, 0x632E, 1, 0x63B0, 2, 0x632E, 2,
    0x5ACA, 3, 0x6925, 3, 0x6862, 1, 0x6800, 2,
    0x9000, 1, 0xA269, 2, 0xA145, 1, 0xA269, 1,
    0x2104, 4, 0x94D3, 4, 0x39A8, 1, 0x2104, 2,
    0x632E, 1, 0x6CB4, 1, 0x94D3, 5, 0x6CB4, 2,
    0x2147, 2, 0x2924, 1, 0x2147, 1, 0x94D3, 1,
    0x63B0, 1, 0x94D3, 1, 0x3A09, 3, 0x18E4, 2,
    0x18C3, 2, 0x10A3, 3, 0xA488, 4, 0x7B47, 1,
    0xA488, 8, 0xB50B, 1, 0xA488, 1, 0x7B47, 2,
    0x18C5, 51, 0x632E, 1, 0x52CC, 1, 0x3A09, 1,
    0x39A8, 3, 0xA269, 1, 0x632E, 3, 0x6925, 1,
    0x52CC, 1, 0x6925, 2, 0x6800, 1, 0xA269, 1,
    0x39A8, 3, 0x2104, 4, 0x94D3, 7, 0x6CB4, 1,
    0x632E, 1, 0x2924, 1, 0x39A8, 1, 0x63B0, 1,
    0x6CB4, 4, 0x2104, 3, 0x94D3, 1, 0x63B0, 4,
    0x3A09, 2, 0x6925, 2, 0x39A8, 2, 0x2924, 1,
    0x18C3, 1, 0x2924, 1, 0x4A27, 1, 0xA488, 12,
    0x7B47, 1, 0xA488, 2, 0xB50B, 1, 0x7B47, 1,
    0xA488, 1, 0x7B47, 2, 0x18C5, 50, 0x632E, 1,
    0x52CC, 2, 0x42CC, 1, 0x3A09, 2, 0x39A8, 1,
    0x2147, 1, 0x18E4, 1, 0x6925, 2, 0x632E, 1,
    0x8986, 2, 0xA269, 2, 0x3985, 1, 0x18E4, 1,
    0x2104, 2, 0x94D3, 11, 0x63B0, 1, 0x632E, 1,
    0x2924, 1, 0x39A8, 1, 0x63B0, 1, 0x6CB4, 1,
    0x63B0, 1, 0x2104, 2, 0x632E, 1, 0x63B0, 1,
    0x632E, 1, 0x94D3, 2, 0x3A09, 3, 0x5ACA, 1,
    0x18E4, 1, 0x39A8, 1, 0x18E4, 1, 0x18C3, 1,
    0x4A27, 2, 0xB50B, 3, 0xA488, 10, 0xB50B, 2,
    0xA488, 1, 0xB50B, 3, 0xDE0C, 1, 0x7B47, 1,
    0xA488, 1, 0x7B47, 1, 0x18C5, 50, 0x3A09, 1,
    0x5ACA, 2, 0x3A09, 2, 0x39A8, 2, 0x2147, 3,
    0x18E4, 1, 0x18C5, 1, 0xA269, 4, 0x6CB4, 1,
    0x94D3, 13, 0x6CB4, 1, 0x63B0, 1, 0x39A8, 1,
    0x2924, 1, 0x39A8, 1, 0x632E, 1, 0x63B0, 1,
    0x2104, 1, 0x632E, 1, 0x39A8, 1, 0x63B0, 1,
    0x94D3, 1, 0x63B0, 1, 0x3A09, 3, 0x8BCA, 2,
    0x732B, 1, 0x18E4, 2, 0x732B, 1, 0xB50B, 2,
    0xA488, 12, 0xB50B, 2, 0xA488, 2, 0xB50B, 1,
    0x8986, 2, 0x732B, 1, 0xA488, 1, 0xDE0C, 1,
    0x7B47, 2, 0x18C5, 50, 0x42CC, 1, 0x2147, 1,
    0x42CC, 1, 0x2147, 3, 0x3A09, 1, 0x18E4, 1,
    0x2104, 2, 0x2147, 1, 0x0862, 1, 0xA269, 3,
    0x39A8, 1, 0x63B0, 1, 0x94D3, 13, 0x6CB4, 2,
    0x63B0, 1, 0x3A09, 1, 0x2104, 3, 0xA269, 2,
    0x63B0, 2, 0x52CC, 1, 0x3A09, 1, 0x42CC, 1,
    0x3A09, 2, 0x8BCA, 2, 0x732B, 3, 0xB50B, 3,
    0xA488, 9, 0xB50B, 5, 0xA488, 1, 0xB50B, 2,
    0xA269, 2, 0x8986, 1, 0xB50B, 1, 0xDE0C, 1,
    0xB50B, 1, 0x7B47, 1, 0x18C5, 49, 0x6CB4, 1,
    0x2147, 2, 0x6CB4, 1, 0x63B0, 1, 0x6CB4, 2,
    0x42CC, 1, 0x2147, 4, 0x9000, 1, 0xA269, 2,
    0x39A8, 2, 0x94D3, 5, 0x6CB4, 5, 0x94D3, 1,
    0x6CB4, 4, 0x63B0, 1, 0x632E, 1, 0x6862, 1,
    0x9083, 1, 0x63B0, 3, 0x52CC, 3, 0x3A09, 3,
    0x8BCA, 2, 0xDE0C, 2, 0xB50B, 1, 0x732B, 1,
    0xB50B, 2, 0xA488, 8, 0xB50B, 1, 0xA488, 1,
    0xB50B, 4, 0xA488, 1, 0xB50B, 2, 0x63B0, 1,
    0xA269, 1, 0xB50B, 4, 0xA488, 1, 0xFECD, 1,
    0x7B47, 1, 0x18C5, 49, 0x63B0, 1, 0x0000, 1,
    0x42CC, 1, 0x6CB4, 2, 0x2147, 1, 0x42CC, 4,
    0x2147, 2, 0xA801, 1, 0xA269, 1, 0x39A8, 2,
    0x6CB4, 2, 0x94D3, 2, 0x6CB4, 7, 0x94D3, 1,
    0x6CB4, 1, 0x94D3, 1, 0x6CB4, 2, 0x63B0, 1,
    0x39A8, 1, 0xA269, 1, 0x94D3, 2, 0x632E, 1,
    0x52CC, 2, 0x42CC, 1, 0x3A09, 1, 0x8BCA, 2,
    0xDE0C, 5, 0xB50B, 3, 0xA488, 6, 0xB50B, 4,
    0xA488, 2, 0xB50B, 1, 0xA488, 2, 0xB50B, 1,
    0xA488, 1, 0xB50B, 1, 0xA488, 2, 0xB50B, 1,
    0x732B, 1, 0xB50B, 1, 0xFECD, 1, 0xB50B, 1,
    0xFECD, 1, 0x4A27, 1, 0x3985, 1, 0x4000, 1,
    0x18C5, 46, 0x6CB4, 1, 0x42CC, 1, 0x18E4, 1,
    0x6CB4, 2, 0x18E4, 1, 0x42CC, 1, 0x2147, 1,
    0x42CC, 4, 0x2147, 1, 0xA269, 1, 0x632E, 1,
    0x39A8, 1, 0x63B0, 1, 0x6CB4, 15, 0x632E, 1,
    0x2147, 1, 0x63B0, 1, 0x42CC, 1, 0x632E, 1,
    0x52CC, 3, 0x42CC, 1, 0x3A09, 2, 0xDE0C, 7,
    0xB50B, 2, 0xDE0C, 4, 0x0000, 1, 0xB50B, 1,
    0xA488, 1, 0xB50B, 3, 0xA488, 4, 0x7B47, 1,
    0xA488, 2, 0x7B47, 1, 0xB50B, 1, 0x7B47, 2,
    0xB50B, 3, 0xA269, 1, 0xA488, 1, 0xB50B, 1,
    0x4A27, 1, 0x4062, 1, 0x2800, 1, 0x18C5, 44,
    0x7800, 2, 0x6CB4, 2, 0x42CC, 1, 0x6CB4, 1,
    0x42CC, 1, 0x18E4, 2, 0x3A09, 1, 0x42CC, 4,
    0x2147, 1, 0xA269, 1, 0x63B0, 1, 0x39A8, 1,
    0x632E, 1, 0x6CB4, 8, 0x94D3, 3, 0x63B0, 2,
    0x632E, 1, 0x94D3, 1, 0x3A09, 1, 0x632E, 3,
    0x52CC, 4, 0x94D3, 1, 0xFECD, 8, 0xDE0C, 6,
    0x18C5, 1, 0x0000, 3, 0x18C5, 4, 0x7B47, 3,
    0x3985, 1, 0x4A27, 1, 0x7B47, 1, 0xA488, 1,
    0xB50B, 1, 0x7B47, 1, 0x732B, 1, 0xA269, 3,
    0x9083, 1, 0x732B, 1, 0xDE0C, 1, 0x4A27, 1,
    0x1082, 1, 0x18C5, 39, 0x7800, 1, 0xA269, 1,
    0x18E4, 1, 0x8000, 1, 0x2104, 1, 0xA269, 1,
    0x7800, 1, 0x39A8, 1, 0x42CC, 2, 0x6CB4, 2,
    0x2147, 1, 0x18E4, 1, 0x2147, 1, 0x42CC, 5,
    0x2147, 1, 0xA269, 1, 0x632E, 1, 0x39A8, 1,
    0x63B0, 1, 0x6CB4, 6, 0x94D3, 1, 0x6CB4, 2,
    0x63B0, 3, 0x3A09, 2, 0x632E, 2, 0x52CC, 2,
    0x632E, 2, 0x94D3, 2, 0xFECD, 8, 0xDE0C, 6,
    0x10A3, 7, 0x18C5, 7, 0x4062, 1, 0x4A27, 1,
    0x7B47, 2, 0xB50B, 1, 0x8986, 3, 0x9083, 1,
    0xB50B, 1, 0x7B47, 1, 0x4A27, 2, 0x1082, 1,
    0x18C5, 34, 0x7800, 1, 0xA269, 1, 0x2800, 1,
    0x9000, 1, 0x63B0, 1, 0x632E, 2, 0xA269, 1,
    0x52CC, 1, 0x2924, 1, 0x8986, 1, 0xA269, 1,
    0x7800, 1, 0x42CC, 1, 0x39A8, 1, 0x63B0, 2,
    0x42CC, 2, 0x2147, 1, 0x42CC, 5, 0x9083, 1,
    0xA269, 1, 0x39A8, 1, 0x63B0, 1, 0x6CB4, 8,
    0x2147, 1, 0x39A8, 1, 0x42CC, 1, 0x3A09, 1,
    0x42CC, 1, 0x632E, 6, 0x94D3, 4, 0xFECD, 6,
    0xDE0C, 7, 0x10A3, 4, 0x18C3, 3, 0x10A3, 1,
    0x18C3, 1, 0x10A3, 3, 0x18C5, 3, 0x7800, 1,
    0x4062, 1, 0x4A27, 2, 0x7B47, 1, 0xB50B, 2,
    0x732B, 1, 0x94D3, 1, 0x4A27, 5, 0x18C5, 30,
    0x6800, 1, 0x8986, 1, 0x2800, 1, 0x6862, 1,
    0x632E, 6, 0x63B0, 1, 0x632E, 1, 0x63B0, 1,
    0x3985, 1, 0x2147, 1, 0xA269, 1, 0x7800, 2,
    0x3A09, 1, 0x39A8, 2, 0x6CB4, 1, 0x42CC, 7,
    0xA269, 1, 0x2147, 2, 0x39A8, 1, 0x63B0, 1,
    0x6CB4, 3, 0x39A8, 1, 0x2147, 2, 0x632E, 1,
    0x3A09, 1, 0x42CC, 1, 0x632E, 1, 0x63B0, 1,
    0x632E, 4, 0x94D3, 2, 0x63B0, 1, 0x94D3, 2,
    0xFECD, 8, 0xDE0C, 5, 0x10A3, 1, 0x18C3, 1,
    0x10A3, 2, 0x18C3, 2, 0x2147, 1, 0x94D3, 1,
    0x3A09, 1, 0x6925, 1, 0x8986, 1, 0x3985, 1,
    0x6925, 1, 0x18C3, 2, 0x18C5, 3, 0x7800, 1,
    0x4062, 1, 0x3985, 1, 0x7B47, 5, 0x4A27, 4,
    0x18C5, 27, 0x6800, 1, 0x8986, 1, 0x2800, 2,
    0x8986, 1, 0x632E, 1, 0x52CC, 1, 0x632E, 4,
    0xA269, 1, 0x632E, 1, 0x63B0, 2, 0x94D3, 2,
    0x52CC, 2, 0x2104, 1, 0x8986, 2, 0x8000, 1,
    0x6800, 1, 0x39A8, 2, 0x2147, 1, 0x42CC, 6,
    0x8986, 1, 0x2104, 2, 0x39A8, 2, 0x632E, 2,
    0x39A8, 1, 0x632E, 1, 0x6925, 1, 0x3A09, 1,
    0x632E, 2, 0x52CC, 4, 0x632E, 1, 0x94D3, 4,
    0xFECD, 1, 0x94D3, 3, 0xFECD, 1, 0xDE0C, 1,
    0xFECD, 6, 0xDE0C, 3, 0x10A3, 2, 0x18C3, 1,
    0x10A3, 3, 0xA145, 1, 0x6925, 1, 0xA145, 1,
    0x3985, 1, 0x4A27, 2, 0x6925, 1, 0x8986, 1,
    0x6925, 3, 0x4A27, 1, 0x18C5, 1, 0x8000, 1,
    0x7800, 1, 0x4062, 1, 0x3985, 1, 0x7B47, 3,
    0x8986, 1, 0x4A27, 3, 0x18C5, 25, 0x8986, 1,
    0x2800, 2, 0x6862, 1, 0x632E, 2, 0xB50B, 2,
    0x63B0, 2, 0x52CC, 3, 0x63B0, 2, 0x94D3, 2,
    0x63B0, 2, 0x94D3, 3, 0x52CC, 1, 0x18C3, 1,
    0x2104, 1, 0x8986, 3, 0x7800, 1, 0x2147, 4,
    0x42CC, 3, 0x39A8, 1, 0x2924, 1, 0x2104, 1,
    0x39A8, 1, 0xA269, 1, 0x8986, 1, 0x5ACA, 1,
    0x3A09, 1, 0x632E, 3, 0x52CC, 4, 0x94D3, 7,
    0xFECD, 4, 0x94D3, 3, 0xFECD, 6, 0xDE0C, 1,
    0x10A3, 1, 0x18C3, 1, 0x10A3, 1, 0x18C3, 1,
    0x10A3, 1, 0x6925, 1, 0xA145, 2, 0x6925, 1,
    0x2924, 4, 0x20E3, 1, 0x2924, 1, 0x3985, 1,
    0xA145, 2, 0x39A8, 1, 0x18C5, 2, 0x8000, 2,
    0x4000, 1, 0x4A27, 6, 0x18C5, 24, 0x8986, 1,
    0x2800, 1, 0xB50B, 1, 0x632E, 1, 0x63B0, 1,
    0xB50B, 2, 0xA488, 1, 0x4A27, 1, 0xB50B, 2,
    0x63B0, 1, 0x52CC, 1, 0x632E, 1, 0x63B0, 4,
    0xB50B, 3, 0x63B0, 1, 0x94D3, 1, 0x63B0, 2,
    0x632E, 2, 0x2924, 1, 0x3985, 1, 0x18C3, 1,
    0x2800, 1, 0x8986, 4, 0x2147, 2, 0x18E4, 1,
    0x632E, 4, 0x3A09, 1, 0x632E, 3, 0x52CC, 3,
    0x94D3, 8, 0xFECD, 16, 0x10A3, 2, 0x18C3, 3,
    0xA145, 1, 0x8986, 1, 0x4A27, 1, 0x3985, 1,
    0x20E3, 1, 0x10A3, 1, 0x20E3, 2, 0x2924, 1,
    0x10A3, 2, 0x2924, 2, 0x4A27, 1, 0x8986, 1,
    0xA145, 1, 0x18C5, 2, 0x8000, 1, 0x4062, 1,
    0x3985, 2, 0x4A27, 3, 0x18C5, 23, 0x8986, 1,
    0x2800, 1, 0x63B0, 1, 0xB50B, 2, 0x8BCA, 1,
    0x6925, 1, 0xB50B, 1, 0x6800, 1, 0xB50B, 1,
    0x732B, 1, 0xB50B, 1, 0x63B0, 5, 0xB50B, 2,
    0x632E, 1, 0x94D3, 1, 0xB50B, 2, 0x63B0, 3,
    0x94D3, 1, 0x63B0, 2, 0x8986, 2, 0x9083, 1,
    0x8000, 1, 0x6800, 1, 0x2800, 2, 0x8986, 1,
    0x6800, 1, 0x5000, 1, 0x52CC, 3, 0x632E, 1,
    0x63B0, 2, 0x52CC, 3, 0x94D3, 5, 0xFECD, 3,
    0x94D3, 2, 0xFECD, 5, 0x63B0, 1, 0x6CB4, 1,
    0xFECD, 4, 0xB50B, 1, 0xFECD, 5, 0x1082, 2,
    0x10A3, 1, 0x20E3, 1, 0x6925, 1, 0x8986, 1,
    0x6925, 1, 0x3985, 1, 0x2924, 4, 0x4A27, 1,
    0x7B47, 1, 0x2924, 5, 0x3985, 1, 0x8986, 1,
    0x2147, 1, 0x18C5, 1, 0x7800, 1, 0x6000, 1,
    0x4000, 1, 0x1082, 1, 0x3985, 1, 0x4A27, 1,
    0x18C5, 22, 0x8986, 1, 0x2800, 1, 0x632E, 1,
    0x63B0, 1, 0xB50B, 1, 0x8BCA, 1, 0xB50B, 1,
    0x8986, 1, 0x5ACA, 1, 0xB50B, 1, 0x2924, 1,
    0x52CC, 1, 0xB50B, 1, 0x52CC, 1, 0xB50B, 1,
    0x63B0, 1, 0x52CC, 1, 0x632E, 2, 0xB50B, 2,
    0x63B0, 1, 0xB50B, 2, 0x632E, 1, 0x63B0, 2,
    0x8986, 2, 0x8000, 2, 0x2800, 1, 0x8986, 2,
    0x4104, 2, 0x6925, 3, 0x3A09, 1, 0x632E, 2,
    0x63B0, 1, 0x632E, 2, 0x8BCA, 1, 0x52CC, 1,
    0x94D3, 4, 0xFECD, 7, 0x63B0, 1, 0x6CB4, 1,
    0x63B0, 1, 0xFECD, 3, 0x6CB4, 1, 0x2147, 2,
    0x3A09, 1, 0xFECD, 3, 0xB50B, 1, 0xFECD, 4,
    0x10A3, 1, 0x1082, 1, 0x10A3, 1, 0x1082, 1,
    0x3985, 1, 0xA145, 1, 0x6925, 1, 0x2924, 1,
    0x10A3, 1, 0x2924, 2, 0x7B47, 1, 0x10A3, 2,
    0x3985, 1, 0x10A3, 1, 0x7B47, 1, 0x2924, 2,
    0x20E3, 1, 0x2924, 1, 0x3985, 2, 0x18C5, 2,
    0x4841, 2, 0x1082, 1, 0x4062, 1, 0x18C5, 21,
    0x8986, 1, 0x2800, 1, 0x8000, 1, 0x632E, 1,
    0x52CC, 1, 0xB50B, 1, 0xA488, 2, 0x732B, 1,
    0x5ACA, 1, 0x732B, 1, 0xB50B, 1, 0x2147, 1,
    0xB50B, 2, 0x52CC, 1, 0x63B0, 1, 0xB50B, 1,
    0x52CC, 2, 0x632E, 1, 0x52CC, 2, 0xDE0C, 1,
    0x63B0, 1, 0x632E, 1, 0x8986, 1, 0x632E, 1,
    0x8000, 1, 0x8986, 1, 0x6800, 1, 0x4104, 1,
    0x4841, 3, 0x3A09, 3, 0x52CC, 2, 0x94D3, 1,
    0x632E, 1, 0x63B0, 2, 0x632E, 2, 0x94D3, 6,
    0xFECD, 9, 0x6CB4, 1, 0xB50B, 1, 0xFECD, 3,
    0xB50B, 1, 0xFECD, 2, 0x39A8, 1, 0xFECD, 3,
    0xB50B, 1, 0xFECD, 4, 0x1082, 3, 0x2924, 1,
    0x3985, 1, 0x6925, 1, 0x4A27, 1, 0x20E3, 1,
    0x2924, 1, 0x7B47, 1, 0x10A3, 1, 0x4000, 2,
    0x20E3, 1, 0x18C3, 1, 0x20E3, 1, 0x4000, 1,
    0x4A27, 1, 0x7B47, 1, 0x2924, 1, 0x20E3, 1,
    0x2924, 1, 0x3985, 1, 0x2147, 1, 0x18C5, 1,
    0x4841, 2, 0x1082, 1, 0x18C5, 21, 0x2800, 1,
    0x7800, 1, 0x632E, 1, 0x2924, 1, 0xB50B, 2,
    0x4841, 1, 0xB50B, 3, 0x732B, 1, 0x52CC, 1,
    0xB50B, 1, 0x8BCA, 2, 0x632E, 1, 0xB50B, 3,
    0x52CC, 1, 0xB50B, 1, 0xDE0C, 1, 0x52CC, 1,
    0xDE0C, 2, 0x9000, 1, 0x2800, 1, 0x4841, 2,
    0x3A09, 5, 0x52CC, 4, 0x94D3, 1, 0x63B0, 3,
    0x632E, 2, 0xFECD, 1, 0x94D3, 8, 0xFECD, 1,
    0x94D3, 4, 0x63B0, 1, 0xFECD, 3, 0xB50B, 2,
    0xFECD, 4, 0xB50B, 2, 0xDE0C, 1, 0xFECD, 1,
    0xDE0C, 1, 0xB50B, 1, 0xDE0C, 1, 0x7B47, 1,
    0xFECD, 3, 0x1082, 3, 0x3985, 1, 0xA145, 1,
    0x3985, 1, 0x10A3, 1, 0x20E3, 1, 0x7B47, 1,
    0x10A3, 1, 0x4000, 1, 0x20E3, 2, 0x10A3, 1,
    0x20E3, 3, 0x10A3, 1, 0x3985, 1, 0x7B47, 1,
    0x20E3, 1, 0x2924, 1, 0x3985, 1, 0x3A09, 1,
    0x18C5, 1, 0x4841, 2, 0x18C5, 20, 0x4000, 2,
    0x8000, 1, 0x8986, 1, 0x42CC, 1, 0xB50B, 1,
    0x6925, 1, 0x6000, 1, 0x5000, 1, 0x6925, 1,
    0xB50B, 2, 0x5ACA, 1, 0x2924, 1, 0x5ACA, 1,
    0x8BCA, 1, 0xB50B, 2, 0x6925, 1, 0xB50B, 1,
    0x5ACA, 1, 0xB50B, 1, 0x2147, 1, 0x632E, 1,
    0x10A3, 1, 0x4104, 2, 0x39A8, 4, 0x52CC, 5,
    0x63B0, 3, 0x632E, 1, 0x63B0, 3, 0x94D3, 13,
    0x6CB4, 4, 0x63B0, 1, 0x94D3, 1, 0xFECD, 2,
    0xB50B, 2, 0x94D3, 1, 0xFECD, 3, 0xDE0C, 4,
    0xB50B, 1, 0xDE0C, 1, 0x6CB4, 1, 0x7B47, 1,
    0xFECD, 3, 0x1082, 3, 0x3985, 2, 0x20E3, 1,
    0x2924, 2, 0x10A3, 1, 0x20E3, 3, 0x10A3, 2,
    0x20E3, 1, 0x0862, 1, 0x10A3, 1, 0x20E3, 1,
    0x10A3, 1, 0x7B47, 2, 0x20E3, 1, 0x3985, 1,
    0x3A09, 1, 0x2147, 1, 0x18C5, 21, 0x4000, 1,
    0x8000, 1, 0x632E, 1, 0x9083, 1, 0x2104, 1,
    0xB50B, 1, 0x6862, 1, 0x6000, 1, 0x5000, 1,
    0x6000, 1, 0xB50B, 3, 0x8BCA, 1, 0x6862, 2,
    0xB50B, 1, 0x5000, 1, 0x5ACA, 1, 0xB50B, 1,
    0x63B0, 1, 0x9000, 1, 0xA269, 1, 0x6000, 1,
    0x4062, 3, 0x3A09, 1, 0x52CC, 6, 0x63B0, 4,
    0x94D3, 2, 0x63B0, 1, 0x94D3, 14, 0xFECD, 5,
    0xB50B, 1, 0x39A8, 1, 0xFECD, 1, 0xDE0C, 2,
    0xB50B, 1, 0xA488, 1, 0x6CB4, 1, 0xDE0C, 2,
    0xA488, 2, 0xDE0C, 4, 0x2147, 1, 0x0000, 1,
    0xA488, 1, 0xFECD, 1, 0xDE0C, 2, 0x10A3, 1,
    0x1082, 1, 0x2924, 1, 0x3985, 2, 0x2924, 2,
    0x4A27, 1, 0x10A3, 1, 0x20E3, 1, 0x10A3, 2,
    0x20E3, 1, 0x10A3, 1, 0x20E3, 1, 0x10A3, 1,
    0x20E3, 2, 0x10A3, 1, 0x3985, 1, 0x2924, 1,
    0x20E3, 1, 0x2924, 1, 0x3A09, 2, 0x18C5, 20,
    0x9083, 1, 0x8000, 1, 0x632E, 1, 0x9083, 1,
    0x52CC, 1, 0xB50B, 1, 0x6000, 1, 0x6925, 1,
    0x5000, 2, 0x4000, 1, 0x4A27, 1, 0x8BCA, 1,
    0x7B47, 1, 0xA488, 1, 0x6925, 1, 0xB50B, 2,
    0x7B47, 1, 0xB50B, 1, 0x8000, 1, 0xA269, 1,
    0x4104, 3, 0x52CC, 7, 0x63B0, 1, 0x632E, 1,
    0x63B0, 1, 0x632E, 2, 0x63B0, 1, 0x94D3, 16,
    0x63B0, 1, 0x94D3, 1, 0xFECD, 3, 0xB50B, 1,
    0x94D3, 2, 0x6CB4, 1, 0xDE0C, 4, 0xA488, 2,
    0x39A8, 1, 0xDE0C, 1, 0x7B47, 1, 0xDE0C, 1,
    0x6CB4, 1, 0x3A09, 1, 0x39A8, 2, 0x20E3, 1,
    0xA488, 1, 0xFECD, 1, 0xDE0C, 2, 0x10A3, 1,
    0x1082, 2, 0x20E3, 1, 0x4A27, 1, 0x3985, 1,
    0x20E3, 1, 0x7B47, 1, 0x3985, 1, 0x4000, 1,
    0x10A3, 1, 0x20E3, 1, 0x10A3, 1, 0x20E3, 2,
    0x10A3, 1, 0x20E3, 1, 0x10A3, 2, 0x6000, 1,
    0x7B47, 1, 0x8986, 1, 0x3985, 1, 0x2924, 1,
    0x63B0, 1, 0x3A09, 1, 0x18C5, 19, 0x9083, 1,
    0x4000, 1, 0x632E, 1, 0x8986, 1, 0x8000, 1,
    0xA488, 1, 0x6862, 1, 0x5000, 1, 0x6925, 2,
    0x5000, 3, 0x6862, 1, 0xA488, 1, 0xB50B, 1,
    0x63B0, 1, 0xB50B, 2, 0x8000, 1, 0x2800, 1,
    0x4841, 1, 0x4104, 1, 0x3A09, 2, 0x52CC, 4,
    0xB50B, 1, 0x63B0, 1, 0x632E, 2, 0x8986, 3,
    0x3A09, 1, 0x94D3, 2, 0x63B0, 3, 0x94D3, 1,
    0x63B0, 1, 0x94D3, 7, 0xA269, 3, 0x63B0, 1,
    0xDE0C, 1, 0xFECD, 3, 0xDE0C, 1, 0xFECD, 1,
    0xDE0C, 7, 0x2147, 1, 0xA488, 1, 0x39A8, 1,
    0xDE0C, 1, 0xA801, 1, 0xA488, 1, 0x3A09, 1,
    0x20E3, 3, 0xFECD, 2, 0xDE0C, 3, 0x1082, 1,
    0x10A3, 2, 0x2924, 1, 0x3985, 1, 0x2924, 1,
    0x20E3, 1, 0x2924, 1, 0x10A3, 1, 0x4000, 1,
    0x20E3, 3, 0x10A3, 3, 0x6000, 1, 0x10A3, 2,
    0x20E3, 1, 0x3985, 1, 0x2924, 2, 0x3985, 1,
    0x3A09, 1, 0x39A8, 1, 0x18C5, 18, 0x2147, 1,
    0xA269, 1, 0x8000, 1, 0x9083, 1, 0x8000, 1,
    0x6800, 1, 0xB50B, 1, 0x4A27, 1, 0x632E, 1,
    0x6925, 2, 0x6862, 1, 0x6925, 1, 0x4000, 1,
    0x6000, 1, 0xDE0C, 1, 0x8000, 1, 0xB50B, 1,
    0x6862, 1, 0x2800, 1, 0x4841, 1, 0x6862, 1,
    0x4104, 1, 0x3A09, 2, 0x52CC, 1, 0x7B47, 2,
    0xB50B, 2, 0x63B0, 1, 0x6925, 2, 0x9083, 1,
    0xA145, 3, 0x9083, 1, 0x3A09, 1, 0x63B0, 2,
    0x39A8, 1, 0xB50B, 2, 0x3A09, 2, 0x63B0, 1,
    0x94D3, 1, 0x63B0, 2, 0x94D3, 2, 0x63B0, 1,
    0x39A8, 2, 0x3A09, 1, 0xFECD, 4, 0xB50B, 2,
    0xA488, 1, 0xDE0C, 2, 0x39A8, 2, 0x3A09, 1,
    0x39A8, 1, 0x20E3, 1, 0xFECD, 1, 0xA488, 1,
    0x94D3, 1, 0xA801, 2, 0x3A09, 1, 0xFECD, 3,
    0xA488, 5, 0x1082, 1, 0x10A3, 2, 0x2924, 1,
    0x3985, 1, 0x2924, 3, 0x10A3, 1, 0x7800, 1,
    0x10A3, 1, 0x20E3, 1, 0x6000, 1, 0x10A3, 1,
    0x0862, 1, 0x10A3, 1, 0x20E3, 4, 0x10A3, 1,
    0x7B47, 1, 0x2924, 2, 0x3A09, 1, 0x2147, 1,
    0x18C5, 17, 0xB50B, 1, 0x9083, 1, 0x4000, 1,
    0x8000, 1, 0x9083, 1, 0x8000, 2, 0x42CC, 1,
    0xB50B, 1, 0xA488, 1, 0xB50B, 3, 0xDE0C, 1,
    0x18E4, 1, 0x8000, 1, 0x8986, 1, 0x9083, 1,
    0x2800, 1, 0x5000, 1, 0x4104, 3, 0x3A09, 2,
    0x42CC, 1, 0x7B47, 1, 0xB50B, 2, 0x2147, 1,
    0x6000, 1, 0x9000, 1, 0x9083, 2, 0x9000, 1,
    0x9083, 3, 0x9000, 1, 0x2147, 2, 0x39A8, 1,
    0x2147, 1, 0x3985, 1, 0x3A09, 1, 0x63B0, 1,
    0x3A09, 1, 0x63B0, 1, 0xA269, 1, 0x63B0, 4,
    0x39A8, 1, 0x2147, 1, 0xB50B, 1, 0xFECD, 5,
    0xB50B, 1, 0xA488, 2, 0x6CB4, 2, 0x20E3, 4,
    0xFECD, 2, 0xA488, 1, 0x3A09, 1, 0xA801, 1,
    0x9083, 1, 0x732B, 1, 0x39A8, 1, 0xA488, 2,
    0x3985, 3, 0x2147, 1, 0xA488, 1, 0x1082, 2,
    0x20E3, 1, 0x3985, 2, 0x20E3, 1, 0x2924, 1,
    0x9083, 1, 0xA488, 1, 0x20E3, 2, 0x10A3, 1,
    0x20E3, 1, 0x10A3, 1, 0x20E3, 1, 0x10A3, 3,
    0x20E3, 2, 0x10A3, 1, 0x2924, 1, 0x20E3, 1,
    0x2924, 1, 0x3A09, 1, 0x18C5, 18, 0x8986, 1,
    0x9083, 1, 0x10A3, 1, 0x8000, 1, 0x9083, 2,
    0x8000, 3, 0x6000, 1, 0x18C3, 1, 0x8000, 1,
    0x9083, 1, 0x8000, 1, 0x9083, 1, 0x8000, 1,
    0x5000, 2, 0x4841, 1, 0x4104, 3, 0x39A8, 2,
    0x3A09, 1, 0xB50B, 2, 0x6925, 1, 0x3985, 1,
    0x10A3, 2, 0x18C3, 2, 0x10A3, 2, 0x7800, 1,
    0x9000, 2, 0x7800, 1, 0x6000, 1, 0x3985, 1,
    0x2147, 1, 0x39A8, 2, 0x3A09, 1, 0x6CB4, 1,
    0x39A8, 1, 0x63B0, 2, 0x39A8, 1, 0x63B0, 3,
    0x2147, 1, 0xA488, 1, 0xFECD, 6, 0xB50B, 1,
    0xA801, 3, 0x3A09, 1, 0xA488, 1, 0xFECD, 3,
    0xA488, 3, 0x3A09, 1, 0xA269, 1, 0x9083, 3,
    0xA269, 1, 0x3985, 1, 0x9083, 3, 0x2147, 1,
    0x7B47, 1, 0x10A3, 1, 0x1082, 1, 0x20E3, 1,
    0x2924, 1, 0x4A27, 1, 0x3985, 1, 0x2924, 2,
    0x4A27, 1, 0x4000, 1, 0x20E3, 2, 0x10A3, 1,
    0x20E3, 4, 0x0862, 1, 0x10A3, 2, 0x7B47, 1,
    0x2924, 1, 0x20E3, 1, 0x2924, 1, 0x3985, 1,
    0x18C5, 17, 0x6CB4, 1, 0x9083, 1, 0x6925, 1,
    0x18C3, 1, 0x6000, 1, 0x9083, 1, 0x8000, 6,
    0x8986, 1, 0x632E, 1, 0x8000, 1, 0x4000, 1,
    0x6925, 1, 0x4104, 5, 0x39A8, 2, 0x3A09, 1,
    0x42CC, 1, 0x39A8, 1, 0x6862, 1, 0x7800, 1,
    0x10A3, 1, 0x18C3, 1, 0x10A3, 1, 0x18C3, 1,
    0x94D3, 1, 0x39A8, 1, 0x63B0, 1, 0x6925, 1,
    0x10A3, 1, 0x18C3, 1, 0x10A3, 1, 0x18C5, 1,
    0x7800, 1, 0x2147, 1, 0x632E, 1, 0x63B0, 1,
    0x6CB4, 1, 0x63B0, 1, 0x39A8, 1, 0x2147, 1,
    0x3A09, 1, 0x63B0, 1, 0x6CB4, 1, 0x63B0, 1,
    0x39A8, 1, 0xA488, 1, 0xFECD, 8, 0x39A8, 1,
    0xA801, 1, 0x9083, 1, 0x63B0, 1, 0x39A8, 1,
    0xA488, 3, 0x3985, 1, 0x3A09, 1, 0x7B47, 1,
    0x2147, 1, 0x3985, 2, 0x9083, 2, 0x2147, 5,
    0x1082, 1, 0x4A27, 1, 0x1082, 2, 0x10A3, 1,
    0x2924, 1, 0x3985, 2, 0x20E3, 1, 0x2924, 1,
    0x7B47, 1, 0x3985, 1, 0x20E3, 2, 0x10A3, 1,
    0x20E3, 1, 0x10A3, 2, 0x20E3, 3, 0x4A27, 1,
    0x2924, 3, 0x8986, 1, 0x6925, 1, 0x18C5, 17,
    0x6862, 1, 0x8000, 1, 0x8986, 2, 0x10A3, 1,
    0x6862, 1, 0x6000, 1, 0x8000, 4, 0x8986, 1,
    0x8000, 1, 0x63B0, 1, 0x6862, 2, 0x4104, 1,
    0x6000, 1, 0x5000, 1, 0x4104, 2, 0x18C3, 2,
    0x2147, 1, 0x3985, 2, 0x6862, 1, 0x10A3, 1,
    0x18C3, 1, 0x10A3, 2, 0xA145, 1, 0x6925, 1,
    0xA145, 1, 0x4A27, 1, 0x6925, 1, 0x4A27, 1,
    0xA145, 1, 0x6925, 3, 0x10A3, 1, 0x39A8, 1,
    0x632E, 1, 0x39A8, 2, 0x3A09, 1, 0x63B0, 1,
    0x3A09, 1, 0x63B0, 1, 0x39A8, 2, 0x4841, 2,
    0xFECD, 8, 0xDE0C, 1, 0x2147, 1, 0xA801, 1,
    0x9083, 1, 0xA269, 2, 0x3985, 3, 0x9083, 2,
    0x8986, 1, 0x2147, 1, 0x4A27, 1, 0x2104, 1,
    0x2147, 1, 0x1082, 2, 0x10A3, 2, 0x4062, 2,
    0x3985, 1, 0x4A27, 1, 0x18C5, 1, 0x1082, 2,
    0x20E3, 1, 0x3985, 3, 0x2924, 2, 0x4A27, 1,
    0x10A3, 1, 0x20E3, 7, 0x3985, 1, 0x7B47, 1,
    0x2924, 3, 0xA145, 2, 0x18C5, 16, 0x42CC, 1,
    0x7800, 1, 0x8000, 3, 0x8986, 2, 0x10A3, 1,
    0x5000, 2, 0x7800, 1, 0x4000, 1, 0xA269, 1,
    0x6862, 1, 0x6925, 1, 0x6862, 1, 0x7B47, 1,
    0x6000, 3, 0x5000, 2, 0x8986, 1, 0x39A8, 1,
    0x6862, 1, 0x7800, 1, 0x6862, 1, 0x18C3, 1,
    0x10A3, 2, 0x18C3, 1, 0x6925, 1, 0xA145, 1,
    0x6925, 1, 0x2924, 5, 0x3985, 1, 0xA145, 2,
    0x4A27, 1, 0x39A8, 1, 0x632E, 2, 0x39A8, 3,
    0x2147, 1, 0x3A09, 1, 0x18C3, 1, 0x10A3, 2,
    0xA488, 1, 0xFECD, 4, 0xDE0C, 1, 0xFECD, 3,
    0xDE0C, 1, 0x18C3, 1, 0x3985, 1, 0x9083, 6,
    0x3A09, 3, 0x1082, 1, 0x3985, 1, 0x1082, 1,
    0x4062, 1, 0x3985, 3, 0x4A27, 5, 0x18C5, 1,
    0x1082, 3, 0x3985, 3, 0x2924, 3, 0x7B47, 1,
    0x10A3, 1, 0x4000, 1, 0x10A3, 1, 0x4000, 1,
    0x20E3, 2, 0x4A27, 1, 0x7B47, 1, 0x2924, 3,
    0x4A27, 1, 0xA145, 1, 0x18C5, 17, 0x10A3, 1,
    0x8000, 1, 0x6800, 1, 0x8000, 1, 0x7800, 3,
    0x8986, 1, 0x1082, 1, 0xA269, 1, 0x9083, 1,
    0x6862, 2, 0x2924, 1, 0x18E4, 1, 0x7B47, 2,
    0x6000, 3, 0x9000, 4, 0x6000, 2, 0x10A3, 2,
    0x18C3, 1, 0x6925, 1, 0x8986, 1, 0x4A27, 1,
    0x3985, 1, 0x20E3, 3, 0x2924, 1, 0x20E3, 1,
    0x10A3, 1, 0x2924, 1, 0x10A3, 1, 0x4A27, 1,
    0x8986, 1, 0xA145, 1, 0x18C3, 1, 0x2147, 1,
    0x39A8, 3, 0x4841, 1, 0x39A8, 1, 0x6000, 1,
    0x4062, 1, 0xA488, 1, 0xFECD, 5, 0xA488, 2,
    0xDE0C, 3, 0x7B47, 1, 0x2147, 1, 0xA269, 1,
    0x3A09, 4, 0x0862, 1, 0x1082, 4, 0x4000, 2,
    0x3985, 1, 0x4A27, 6, 0x3A09, 1, 0x18C5, 3,
    0x10A3, 1, 0x1082, 2, 0x3985, 3, 0x10A3, 1,
    0x18C3, 1, 0x2924, 1, 0x4A27, 3, 0x10A3, 2,
    0x4A27, 1, 0x7B47, 1, 0x2924, 3, 0x8986, 1,
    0xA145, 1, 0x4A27, 1, 0x18C5, 17, 0x7800, 1,
    0x6800, 3, 0x6000, 1, 0x7800, 3, 0x6800, 1,
    0x6862, 2, 0x2924, 1, 0x42CC, 1, 0x7B47, 4,
    0x4841, 1, 0x9000, 4, 0x8000, 1, 0x6800, 1,
    0x8000, 1, 0x1082, 2, 0x10A3, 1, 0x6925, 3,
    0x20E3, 1, 0x2924, 3, 0x7B47, 1, 0x4A27, 1,
    0x2924, 1, 0x7B47, 1, 0x2924, 3, 0x3985, 1,
    0x6925, 1, 0x4841, 1, 0x2147, 1, 0x2104, 1,
    0x2147, 1, 0x63B0, 1, 0x6000, 2, 0x4062, 1,
    0x7B47, 1, 0xDE0C, 1, 0xFECD, 1, 0xDE0C, 4,
    0x7B47, 1, 0x4A27, 1, 0x7B47, 1, 0xA488, 4,
    0x1082, 5, 0x10A3, 1, 0x1082, 2, 0x4000, 3,
    0x4062, 1, 0x3985, 1, 0x4A27, 4, 0x39A8, 2,
    0x18E4, 1, 0x0000, 1, 0x18C5, 2, 0x1082, 3,
    0x3985, 1, 0x6925, 1, 0xA145, 1, 0x3985, 1,
    0x20E3, 2, 0x10A3, 1, 0x2924, 2, 0x7B47, 1,
    0x2924, 3, 0x20E3, 1, 0x2924, 1, 0x3985, 1,
    0xA145, 1, 0x6925, 1, 0x18C5, 19, 0x6800, 2,
    0x6000, 3, 0x5000, 1, 0x7800, 1, 0x6862, 1,
    0x2924, 1, 0x63B0, 2, 0x7B47, 2, 0x3A09, 1,
    0x18E4, 1, 0xA269, 1, 0x9000, 4, 0x8000, 4,
    0x1082, 1, 0x10A3, 1, 0x20E3, 1, 0x3985, 1,
    0x6925, 1, 0x20E3, 1, 0x10A3, 1, 0x2924, 1,
    0x4A27, 1, 0x3985, 1, 0x10A3, 3, 0x3985, 1,
    0x2924, 4, 0x3985, 1, 0x39A8, 1, 0x7800, 1,
    0x6000, 1, 0x39A8, 2, 0x4841, 1, 0x7800, 1,
    0x7B47, 1, 0xA488, 2, 0xDE0C, 1, 0xA488, 4,
    0x4062, 2, 0x4A27, 2, 0x7B47, 1, 0xA488, 2,
    0x7B47, 1, 0x4A27, 1, 0x3985, 1, 0x4062, 3,
    0x4000, 4, 0x4062, 1, 0x3985, 1, 0x4A27, 1,
    0x42CC, 2, 0x10A3, 2, 0x18C3, 1, 0x0000, 1,
    0x18C5, 2, 0x0000, 1, 0x2104, 1, 0x18C5, 1,
    0x1082, 2, 0x10A3, 1, 0x4A27, 1, 0x3985, 1,
    0x6925, 1, 0x20E3, 1, 0x2924, 1, 0x20E3, 1,
    0x2924, 2, 0x10A3, 1, 0x20E3, 2, 0x2924, 2,
    0x8986, 1, 0x6925, 1, 0x39A8, 1, 0x18C5, 20,
    0x5000, 1, 0x6800, 1, 0x6000, 3, 0x5000, 2,
    0x632E, 1, 0x3A09, 1, 0x6CB4, 2, 0xB50B, 2,
    0x63B0, 1, 0x2104, 1, 0xA269, 1, 0x9000, 4,
    0x8000, 3, 0x1082, 1, 0x10A3, 2, 0x39A8, 1,
    0xA145, 1, 0x20E3, 2, 0x2924, 1, 0x4A27, 1,
    0x10A3, 1, 0x4000, 1, 0x20E3, 3, 0x4000, 2,
    0x7B47, 1, 0x2924, 1, 0x20E3, 1, 0x2924, 1,
    0x3A09, 1, 0x2147, 1, 0x7800, 1, 0x4841, 1,
    0x63B0, 1, 0x4841, 1, 0x6000, 1, 0x4A27, 1,
    0xA488, 4, 0x7B47, 1, 0x4A27, 1, 0x3985, 1,
    0x4062, 1, 0x4841, 1, 0x4062, 1, 0x4A27, 1,
    0x7B47, 3, 0x3985, 2, 0x4062, 2, 0x4000, 6,
    0x4062, 1, 0x39A8, 1, 0x3A09, 3, 0x18E4, 1,
    0x0000, 1, 0x10A3, 1, 0x18E4, 1, 0x18C5, 2,
    0x0000, 1, 0x18C5, 4, 0x1082, 1, 0x20E3, 1,
    0x3985, 1, 0xA145, 1, 0x6925, 2, 0x3985, 1,
    0x2924, 4, 0x4A27, 1, 0x8986, 1, 0x4A27, 1,
    0xA145, 1, 0x18C5, 22, 0x6000, 1, 0x4000, 2,
    0x6000, 1, 0x5000, 2, 0x4841, 1, 0x3A09, 2,
    0x63B0, 1, 0x632E, 1, 0xB50B, 1, 0x632E, 1,
    0x39A8, 1, 0x2104, 1, 0x94D3, 1, 0x9000, 1,
    0x7800, 1, 0x6800, 1, 0x6000, 1, 0x8000, 2,
    0x7800, 1, 0x1082, 3, 0x6925, 1, 0x8986, 1,
    0x10A3, 1, 0x2924, 1, 0x3985, 1, 0x10A3, 1,
    0x4000, 1, 0x20E3, 1, 0x0862, 1, 0x10A3, 1,
    0x20E3, 1, 0x10A3, 1, 0x20E3, 1, 0x3985, 1,
    0x7B47, 1, 0x2924, 2, 0x3A09, 1, 0x39A8, 1,
    0x6000, 1, 0x4841, 3, 0x4062, 1, 0x7B47, 1,
    0xA488, 3, 0x4A27, 2, 0x3985, 1, 0x4062, 1,
    0x4841, 1, 0x4062, 1, 0x3985, 1, 0x4A27, 3,
    0x3985, 1, 0x4062, 2, 0x4000, 7, 0x4062, 1,
    0x18C3, 1, 0x10A3, 1, 0x18E4, 2, 0x0000, 1,
    0x18C5, 2, 0x18E4, 1, 0x632E, 1, 0x0000, 1,
    0x18E4, 1, 0x18C5, 7, 0x3985, 1, 0x2924, 1,
    0x6925, 1, 0x8986, 1, 0x6925, 1, 0xA145, 1,
    0x6925, 1, 0x4A27, 1, 0xA145, 1, 0x4A27, 1,
    0xA145, 1, 0x8986, 1, 0x18C5, 23, 0x4000, 1,
    0x6862, 1, 0x5000, 2, 0x6000, 2, 0x6925, 1,
    0x0862, 1, 0x2104, 1, 0x18C3, 1, 0x10A3, 2,
    0x63B0, 1, 0x9000, 1, 0x7800, 1, 0x6800, 5,
    0x8000, 2, 0x7800, 1, 0x10A3, 1, 0x1082, 1,
    0x2924, 1, 0x3985, 2, 0x20E3, 1, 0x7B47, 1,
    0x4A27, 1, 0x20E3, 1, 0x10A3, 1, 0x20E3, 1,
    0x10A3, 1, 0x20E3, 1, 0x10A3, 2, 0x20E3, 1,
    0x10A3, 1, 0x4A27, 1, 0x7B47, 1, 0x20E3, 1,
    0x3985, 1, 0x3A09, 1, 0x2147, 1, 0x6000, 1,
    0x4841, 2, 0x4A27, 1, 0x7B47, 3, 0x4062, 4,
    0x4000, 2, 0x4062, 1, 0x3985, 4, 0x4000, 6,
    0x4841, 1, 0x4000, 1, 0x4841, 1, 0x18C5, 4,
    0x2147, 1, 0x2924, 1, 0x18C5, 2, 0x0000, 2,
    0x18C5, 2, 0x2147, 1, 0x18C5, 11, 0x3985, 1,
    0x8986, 1, 0xA145, 1, 0x3A09, 1, 0x94D3, 1,
    0x3A09, 1, 0x18C5, 25, 0x2800, 1, 0x6862, 2,
    0x6000, 2, 0x4000, 1, 0x5000, 2, 0x6800, 3,
    0x6000, 2, 0x7800, 1, 0x6800, 4, 0x6000, 2,
    0x8000, 3, 0x1082, 2, 0x2924, 1, 0x4A27, 1,
    0x20E3, 1, 0x2924, 1, 0x4A27, 1, 0x4000, 1,
    0x10A3, 3, 0x20E3, 2, 0x10A3, 1, 0x20E3, 1,
    0x10A3, 1, 0x20E3, 1, 0x7B47, 1, 0x8986, 1,
    0x20E3, 1, 0x2924, 1, 0x3A09, 1, 0x2147, 1,
    0x4841, 2, 0x4062, 1, 0x4A27, 4, 0x1082, 1,
    0x4062, 2, 0x10A3, 1, 0x4000, 3, 0x4062, 4,
    0x4000, 3, 0x4841, 2, 0x18C5, 10, 0x2924, 1,
    0x10A3, 2, 0x18C5, 46, 0x0000, 1, 0x4841, 1,
    0x4000, 4, 0x5000, 2, 0x6800, 3, 0x6000, 2,
    0x6800, 4, 0x6000, 3, 0x8000, 3, 0x10A3, 2,
    0x3985, 2, 0x20E3, 1, 0x2924, 1, 0x10A3, 1,
    0x4000, 1, 0x20E3, 3, 0x10A3, 2, 0x6000, 1,
    0x20E3, 1, 0x10A3, 1, 0x6000, 1, 0x3985, 1,
    0x2924, 1, 0x20E3, 1, 0x3985, 1, 0x3A09, 1,
    0x6000, 1, 0x10A3, 2, 0x4062, 1, 0x3985, 2,
    0x4062, 1, 0x1082, 2, 0x0862, 1, 0x1082, 1,
    0x10A3, 1, 0x4062, 1, 0x4000, 5, 0x4841, 1,
    0x4000, 1, 0x4841, 1, 0x18C5, 63, 0x0000, 3,
    0x2800, 2, 0x4000, 1, 0x5000, 1, 0x6800, 2,
    0x6000, 1, 0x6800, 1, 0x6000, 1, 0x6800, 4,
    0x6000, 2, 0x6800, 3, 0x7800, 1, 0x1082, 1,
    0x10A3, 1, 0x2924, 1, 0x3985, 1, 0x2924, 2,
    0x4A27, 1, 0x7800, 1, 0x10A3, 1, 0x20E3, 1,
    0x6000, 1, 0x10A3, 1, 0x0862, 1, 0x20E3, 2,
    0x10A3, 1, 0x20E3, 1, 0x10A3, 1, 0x7B47, 1,
    0x2924, 1, 0x3985, 1, 0x3A09, 1, 0x4841, 1,
    0x10A3, 1, 0x1082, 1, 0x3985, 1, 0x10A3, 2,
    0x0862, 1, 0x10A3, 6, 0x4000, 3, 0x4841, 1,
    0x18C5, 67, 0x39A8, 1, 0x0862, 1, 0x2800, 1,
    0x0000, 2, 0x0862, 1, 0x8000, 1, 0x6800, 2,
    0x6000, 1, 0x6800, 3, 0x6000, 5, 0x6800, 3,
    0x1082, 2, 0x20E3, 1, 0x2924, 2, 0x20E3, 1,
    0x9083, 1, 0xA488, 1, 0x20E3, 4, 0x10A3, 1,
    0x20E3, 1, 0x10A3, 3, 0x20E3, 1, 0x10A3, 1,
    0x2924, 1, 0x20E3, 1, 0x3985, 1, 0x39A8, 1,
    0x18C5, 1, 0x1082, 1, 0x4062, 1, 0x1082, 1,
    0x0862, 1, 0x4062, 1, 0x10A3, 5, 0x4000, 3,
    0x18C5, 70, 0x6862, 1, 0x52CC, 1, 0x3A09, 1,
    0x2104, 1, 0x4841, 1, 0x8000, 2, 0x6800, 1,
    0x6000, 2, 0x6800, 1, 0x6000, 7, 0x6800, 3,
    0x10A3, 1, 0x1082, 1, 0x20E3, 1, 0x3985, 2,
    0x2924, 2, 0x4A27, 1, 0x10A3, 1, 0x20E3, 1,
    0x10A3, 2, 0x20E3, 1, 0x10A3, 1, 0x20E3, 1,
    0x0862, 1, 0x10A3, 2, 0x7B47, 1, 0x2924, 1,
    0x20E3, 1, 0x3985, 1, 0x2147, 1, 0x18C5, 1,
    0x1082, 1, 0x4062, 1, 0x1082, 1, 0x10A3, 3,
    0x4000, 1, 0x4841, 1, 0x4000, 1, 0x4841, 1,
    0x18C5, 74, 0x7B47, 1, 0x3A09, 1, 0x4104, 1,
    0x8000, 1, 0x9000, 1, 0x8000, 1, 0x6800, 1,
    0x6000, 1, 0x5000, 1, 0x6800, 1, 0x6000, 2,
    0x6800, 5, 0x7800, 3, 0x10A3, 3, 0x2924, 1,
    0x3985, 1, 0x2924, 1, 0x20E3, 1, 0x7B47, 1,
    0x3985, 1, 0x4000, 1, 0x18C3, 1, 0x0862, 1,
    0x20E3, 1, 0x10A3, 2, 0x20E3, 1, 0x4000, 1,
    0x10A3, 1, 0x2924, 2, 0x3985, 1, 0x8986, 1,
    0x18C5, 2, 0x1082, 2, 0x4062, 3, 0x4000, 1,
    0x18C5, 78, 0x2800, 1, 0x63B0, 1, 0x6925, 1,
    0x8000, 1, 0x6000, 1, 0x6800, 1, 0x6000, 2,
    0x5000, 2, 0x6800, 7, 0x7800, 1, 0x6800, 1,
    0x6000, 1, 0x18C5, 1, 0x10A3, 1, 0x1082, 1,
    0x2924, 1, 0x3985, 2, 0x20E3, 1, 0x2924, 1,
    0x7B47, 1, 0x10A3, 1, 0x20E3, 1, 0x4000, 1,
    0x20E3, 3, 0x4000, 1, 0x3985, 1, 0x7B47, 1,
    0x2924, 1, 0x10A3, 1, 0x8986, 1, 0xA145, 1,
    0x18C5, 2, 0x10A3, 1, 0x4841, 1, 0x18C5, 83,
    0x0000, 1, 0x5000, 5, 0x6000, 2, 0x5000, 1,
    0x6800, 5, 0x6000, 3, 0x4000, 2, 0x18C5, 1,
    0x1082, 3, 0x2924, 1, 0x3985, 2, 0x20E3, 1,
    0x2924, 1, 0x7B47, 1, 0x4A27, 1, 0x10A3, 1,
    0x4000, 1, 0x10A3, 2, 0x3985, 1, 0x7B47, 1,
    0x2924, 1, 0x10A3, 1, 0x2924, 1, 0xA145, 1,
    0x2924, 1, 0x18C5, 88, 0x0000, 1, 0x2800, 1,
    0x4000, 1, 0x5000, 2, 0x6000, 2, 0x5000, 3,
    0x6000, 4, 0x2800, 4, 0x18C5, 2, 0x10A3, 1,
    0x1082, 1, 0x2924, 1, 0x3985, 1, 0x8986, 1,
    0x2924, 1, 0x20E3, 2, 0x7B47, 1, 0x4A27, 1,
    0x7B47, 1, 0x4A27, 1, 0x7B47, 1, 0x2924, 1,
    0x20E3, 1, 0x10A3, 1, 0x2924, 1, 0xA145, 2,
    0x10A3, 1, 0x18C5, 89, 0x2800, 3, 0x4000, 6,
    0x5000, 1, 0x2800, 7, 0x18C5, 2, 0x1082, 3,
    0x3985, 1, 0xA145, 1, 0x6925, 1, 0x20E3, 1,
    0x1082, 1, 0x20E3, 1, 0x2924, 3, 0x20E3, 1,
    0x10A3, 1, 0x20E3, 1, 0x8986, 1, 0x6925, 2,
    0x18C5, 95, 0x2800, 10, 0x4000, 2, 0x18C5, 5,
    0x1082, 2, 0x20E3, 1, 0xA145, 1, 0x6925, 2,
    0x3985, 1, 0x20E3, 1, 0x2924, 4, 0x4A27, 1,
    0x6925, 1, 0xA145, 1, 0x18C5, 115, 0x10A3, 1,
    0x2924, 1, 0x6925, 1, 0x8986, 1, 0x4A27, 1,
    0xA145, 1, 0x6925, 1, 0x4A27, 2, 0x6925, 1,
    0x8986, 1, 0x18C5, 121, 0x3985, 1, 0x8986, 1,
    0x6925, 1, 0x3A09, 2, 0x39A8, 1, 0x18C5, 5205,
    0x18C5, 2938, 0x4000, 1, 0x18C5, 126, 0x9083, 1,
    0x2800, 1, 0x18C5, 126, 0x6862, 1, 0x2800, 1,
    0x18C5, 126, 0x9083, 1, 0x2800, 1, 0x18C5, 125,
    0x8000, 1, 0x6862, 1, 0x4000, 1, 0x18C5, 125,
    0x5000, 1, 0x9083, 1, 0x4000, 1, 0x18C5, 125,
    0x5000, 1, 0x9083, 1, 0x4000, 1, 0x18C5, 118,
    0x6862, 3, 0x6800, 4, 0x4000, 1, 0x9083, 1,
    0x4000, 2, 0x18C5, 107, 0x5ACA, 1, 0x6925, 6,
    0x6862, 6, 0x6800, 2, 0x6000, 2, 0x5000, 1,
    0x8000, 1, 0x8986, 1, 0x4000, 1, 0x18C5, 72,
    0x9000, 2, 0x8000, 3, 0x7800, 1, 0x6000, 2,
    0x6800, 3, 0xA269, 1, 0x2104, 1, 0x632E, 1,
    0x63B0, 1, 0x6CB4, 4, 0x63B0, 2, 0x2147, 1,
    0x18C5, 8, 0x5ACA, 1, 0x52CC, 2, 0x5ACA, 1,
    0x632E, 3, 0x52CC, 2, 0x6925, 3, 0x6862, 2,
    0x6800, 4, 0x6000, 4, 0x2800, 1, 0x8000, 1,
    0x8986, 1, 0x18C5, 67, 0x9000, 1, 0xA269, 1,
    0x18E4, 1, 0x63B0, 7, 0x5ACA, 1, 0x6800, 2,
    0x4000, 2, 0x5000, 1, 0x6000, 1, 0xA269, 1,
    0x18C3, 1, 0x2147, 1, 0x63B0, 2, 0x6CB4, 5,
    0x6800, 1, 0x42CC, 1, 0x63B0, 1, 0x6CB4, 3,
    0x6862, 1, 0x632E, 8, 0x52CC, 3, 0x6925, 1,
    0x6862, 1, 0x6800, 5, 0x6000, 1, 0x6800, 1,
    0x8000, 3, 0x9083, 1, 0x4000, 1, 0x8000, 1,
    0x6862, 1, 0x18C5, 64, 0x9000, 1, 0xA269, 1,
    0x6CB4, 1, 0x94D3, 1, 0x6CB4, 1, 0x632E, 1,
    0x63B0, 2, 0xB50B, 2, 0x52CC, 3, 0x18C3, 1,
    0x6000, 2, 0x4000, 2, 0x6000, 3, 0x8986, 1,
    0x52CC, 1, 0x63B0, 2, 0x632E, 4, 0x42CC, 2,
    0x6800, 1, 0x42CC, 1, 0x632E, 1, 0x63B0, 2,
    0x6862, 1, 0x42CC, 1, 0x63B0, 1, 0x6CB4, 2,
    0x63B0, 1, 0x4000, 1, 0x6925, 2, 0x6862, 2,
    0x6000, 2, 0x6800, 1, 0x7800, 3, 0x8000, 4,
    0x9083, 2, 0x8986, 1, 0xA269, 1, 0x2800, 1,
    0x8000, 1, 0x6000, 1, 0x18C5, 61, 0xA269, 1,
    0x63B0, 1, 0x94D3, 2, 0x63B0, 1, 0xDE0C, 1,
    0xB50B, 2, 0x632E, 1, 0x52CC, 2, 0xB50B, 4,
    0xA488, 1, 0x18C3, 1, 0x6000, 2, 0x4000, 2,
    0x6000, 3, 0x8986, 1, 0x18E4, 1, 0x42CC, 1,
    0x632E, 2, 0x42CC, 4, 0x6800, 2, 0x63B0, 2,
    0x632E, 1, 0x63B0, 1, 0x42CC, 1, 0x6800, 1,
    0x42CC, 1, 0x63B0, 1, 0x6CB4, 2, 0x6800, 1,
    0x42CC, 3, 0x6800, 3, 0x7800, 1, 0x8000, 8,
    0x9083, 2, 0x8986, 1, 0x2800, 1, 0x6000, 2,
    0x18C5, 59, 0x94D3, 1, 0x6CB4, 1, 0x632E, 2,
    0x6CB4, 1, 0xB50B, 1, 0x632E, 1, 0xB50B, 3,
    0x632E, 2, 0x6925, 1, 0x6862, 1, 0x7800, 2,
    0x6800, 1, 0x6000, 3, 0x5000, 1, 0x4000, 2,
    0x6000, 3, 0xA269, 1, 0x18E4, 1, 0x42CC, 1,
    0x632E, 11, 0x3A09, 1, 0x6862, 1, 0x63B0, 4,
    0x42CC, 2, 0x6800, 1, 0x42CC, 2, 0x2147, 1,
    0x18E4, 1, 0x7800, 1, 0x8000, 8, 0x9083, 2,
    0x8986, 3, 0x5000, 1, 0x6000, 1, 0x18C5, 57,
    0x42CC, 1, 0x94D3, 2, 0x632E, 1, 0xB50B, 3,
    0x63B0, 1, 0xB50B, 1, 0x632E, 2, 0x6862, 2,
    0x7800, 1, 0x6800, 5, 0x6000, 3, 0x5000, 3,
    0x6000, 4, 0xA269, 1, 0x18E4, 2, 0x10A3, 1,
    0x3A09, 4, 0x2104, 1, 0x52CC, 2, 0x63B0, 6,
    0x632E, 2, 0x42CC, 1, 0x6800, 1, 0x63B0, 2,
    0x52CC, 1, 0x2924, 1, 0x10A3, 1, 0x7800, 1,
    0x8000, 12, 0x5000, 1, 0x6000, 1, 0x5000, 1,
    0x18C5, 57, 0x3A09, 1, 0x63B0, 2, 0x632E, 1,
    0x63B0, 1, 0x632E, 3, 0x8986, 2, 0x6862, 1,
    0x7800, 2, 0x6800, 6, 0x6000, 1, 0x9000, 2,
    0xA269, 1, 0x94D3, 1, 0x9000, 2, 0x8000, 16,
    0x10A3, 1, 0x4841, 1, 0x42CC, 1, 0x3A09, 1,
    0x632E, 2, 0x63B0, 3, 0x632E, 1, 0x2924, 1,
    0x2104, 1, 0x5000, 1, 0x7800, 1, 0x8000, 6,
    0x9000, 1, 0x4841, 1, 0x4062, 1, 0x5000, 4,
    0x6000, 1, 0x4000, 1, 0x18C5, 56, 0x632E, 1,
    0x42CC, 1, 0x63B0, 1, 0xA269, 1, 0x632E, 3,
    0x8986, 4, 0x7800, 3, 0x9000, 4, 0xA269, 1,
    0xA145, 2, 0xA269, 2, 0x2104, 1, 0x18E4, 1,
    0x4841, 1, 0x9000, 2, 0x94D3, 5, 0x2924, 1,
    0x94D3, 4, 0x9083, 1, 0x94D3, 2, 0x9083, 1,
    0x8000, 9, 0x6000, 1, 0x4000, 1, 0x2924, 1,
    0x6000, 1, 0x7800, 2, 0x9083, 1, 0x63B0, 1,
    0x39A8, 1, 0x4841, 4, 0x4062, 2, 0x2800, 3,
    0x18A2, 1, 0x6000, 1, 0x18C5, 57, 0x632E, 1,
    0x52CC, 1, 0x2147, 1, 0x63B0, 3, 0x632E, 1,
    0x8986, 2, 0x7800, 2, 0x9083, 1, 0x39A8, 2,
    0xA269, 1, 0xA145, 1, 0xA269, 1, 0x2104, 6,
    0x6CB4, 2, 0x2104, 2, 0x6862, 1, 0x2147, 1,
    0x632E, 3, 0x6CB4, 2, 0x63B0, 1, 0x632E, 1,
    0x2147, 1, 0x6CB4, 1, 0x63B0, 1, 0x632E, 1,
    0x2147, 1, 0x94D3, 1, 0x9083, 2, 0x8000, 8,
    0xA269, 1, 0x63B0, 1, 0x39A8, 1, 0x4104, 4,
    0x4062, 5, 0x20E3, 4, 0x4104, 1, 0x4A27, 1,
    0x6000, 1, 0x18C5, 56, 0x42CC, 1, 0x632E, 1,
    0x3A09, 1, 0x39A8, 1, 0x2147, 1, 0x632E, 2,
    0x8986, 1, 0x6800, 1, 0xA269, 1, 0x8986, 1,
    0x39A8, 1, 0x2104, 6, 0x94D3, 8, 0x39A8, 1,
    0x2104, 2, 0x632E, 1, 0x6CB4, 3, 0x94D3, 3,
    0x6CB4, 3, 0x63B0, 2, 0x632E, 1, 0x2924, 1,
    0x94D3, 1, 0x9083, 1, 0x8000, 1, 0x9000, 1,
    0x9083, 2, 0x94D3, 1, 0x63B0, 1, 0x4104, 5,
    0x10A3, 4, 0x20E3, 1, 0x18A2, 3, 0x3985, 1,
    0x7B47, 4, 0x4A27, 3, 0x6862, 1, 0x18C5, 55,
    0x42CC, 1, 0x2147, 1, 0x39A8, 2, 0x2147, 1,
    0x18C5, 1, 0xA269, 3, 0x8986, 1, 0x3985, 1,
    0x18E4, 1, 0x94D3, 13, 0x6CB4, 1, 0x632E, 1,
    0x2924, 1, 0x39A8, 1, 0x63B0, 1, 0x6CB4, 6,
    0x2104, 2, 0x2147, 3, 0x2924, 1, 0x94D3, 2,
    0x63B0, 1, 0x94D3, 1, 0x3A09, 4, 0x18C3, 4,
    0x4062, 1, 0x18C3, 4, 0x39A8, 1, 0x7B47, 6,
    0xA488, 2, 0x7B47, 2, 0x4A27, 2, 0x6925, 1,
    0x18C5, 54, 0x18E4, 1, 0x6CB4, 2, 0x2147, 2,
    0x39A8, 1, 0xA145, 1, 0xA269, 2, 0x39A8, 1,
    0x2104, 1, 0x6CB4, 2, 0x94D3, 12, 0x6CB4, 1,
    0x63B0, 1, 0x632E, 1, 0x2924, 1, 0x39A8, 1,
    0x63B0, 3, 0x2104, 4, 0x63B0, 2, 0x94D3, 2,
    0x63B0, 1, 0x3A09, 3, 0x4104, 2, 0x39A8, 2,
    0x18C3, 1, 0x3985, 3, 0x10A3, 3, 0xA488, 3,
    0x7B47, 3, 0xA488, 8, 0x7B47, 3, 0x52CC, 1,
    0x18C5, 54, 0x6CB4, 1, 0x42CC, 1, 0x6CB4, 2,
    0x39A8, 2, 0xA269, 2, 0x39A8, 2, 0x632E, 1,
    0x6CB4, 1, 0x94D3, 3, 0x6CB4, 1, 0x94D3, 2,
    0x6CB4, 1, 0x94D3, 4, 0x6CB4, 3, 0x63B0, 2,
    0x3A09, 1, 0x2104, 1, 0x39A8, 1, 0x632E, 1,
    0x2104, 2, 0x632E, 1, 0x39A8, 1, 0x94D3, 2,
    0x63B0, 1, 0x3A09, 3, 0x5ACA, 1, 0x3A09, 1,
    0x39A8, 1, 0x20E3, 2, 0x18C3, 1, 0x3985, 1,
    0x18C3, 1, 0x5ACA, 1, 0xB50B, 1, 0x8BCA, 3,
    0xA488, 14, 0xB50B, 1, 0xA488, 1, 0x7B47, 2,
    0x52CC, 1, 0x18C5, 53, 0x0862, 1, 0x6CB4, 1,
    0x42CC, 1, 0x6CB4, 2, 0x2147, 1, 0x18C5, 1,
    0xA269, 1, 0x3985, 1, 0x39A8, 1, 0x63B0, 1,
    0x6CB4, 1, 0x94D3, 1, 0x6CB4, 15, 0x63B0, 1,
    0x6862, 1, 0x2104, 3, 0xA269, 2, 0x94D3, 2,
    0x3A09, 4, 0x732B, 2, 0x5ACA, 1, 0x20E3, 2,
    0x3985, 1, 0xB50B, 4, 0xA488, 14, 0x7B47, 1,
    0xA488, 2, 0xB50B, 2, 0xA488, 2, 0x7B47, 2,
    0x52CC, 1, 0x18C5, 44, 0x7800, 1, 0x6800, 1,
    0xA269, 1, 0x18E4, 2, 0x8000, 2, 0x2800, 1,
    0x42CC, 1, 0x6CB4, 1, 0x0000, 1, 0x6CB4, 1,
    0x63B0, 1, 0x42CC, 1, 0x2147, 1, 0xA145, 1,
    0xA269, 1, 0x632E, 1, 0x39A8, 1, 0x63B0, 1,
    0x6CB4, 16, 0x63B0, 1, 0x3985, 1, 0x9083, 2,
    0x632E, 1, 0x63B0, 1, 0x94D3, 1, 0x3A09, 5,
    0x732B, 3, 0x5ACA, 1, 0x52CC, 1, 0x3985, 1,
    0xB50B, 4, 0xA488, 13, 0xB50B, 7, 0x7B47, 3,
    0xA488, 1, 0x7B47, 1, 0x52CC, 1, 0x6862, 1,
    0x18C5, 36, 0x6800, 1, 0x8986, 2, 0x2800, 2,
    0x9083, 1, 0x632E, 4, 0xA269, 1, 0x632E, 1,
    0x2147, 1, 0xA269, 1, 0x7800, 1, 0x42CC, 1,
    0x6CB4, 1, 0x2147, 1, 0x63B0, 1, 0x42CC, 2,
    0x2147, 1, 0xA269, 1, 0x63B0, 1, 0x39A8, 1,
    0x632E, 1, 0x63B0, 1, 0x6CB4, 14, 0x63B0, 2,
    0x632E, 2, 0x94D3, 2, 0x52CC, 3, 0x39A8, 1,
    0x3A09, 3, 0x732B, 1, 0x7B47, 1, 0xB50B, 3,
    0x732B, 2, 0xB50B, 1, 0xA488, 12, 0xB50B, 6,
    0xA488, 1, 0xB50B, 1, 0xA269, 1, 0x8986, 2,
    0x732B, 1, 0xA488, 1, 0xDE0C, 1, 0x7B47, 2,
    0x6925, 1, 0x6862, 1, 0x18C5, 31, 0x6800, 1,
    0x8986, 2, 0x2800, 1, 0x2924, 1, 0x8986, 1,
    0x63B0, 2, 0x632E, 6, 0x63B0, 1, 0x632E, 1,
    0x52CC, 1, 0x4062, 1, 0xA269, 1, 0x7800, 1,
    0x6CB4, 1, 0x42CC, 1, 0x6CB4, 1, 0x42CC, 3,
    0x18C5, 1, 0xA269, 1, 0x632E, 1, 0x39A8, 1,
    0x63B0, 1, 0x6CB4, 12, 0x632E, 3, 0x94D3, 1,
    0x63B0, 1, 0x52CC, 1, 0x632E, 1, 0x52CC, 4,
    0x3A09, 2, 0x732B, 1, 0xDE0C, 2, 0xB50B, 8,
    0xA488, 3, 0x7B47, 1, 0xA488, 4, 0xB50B, 2,
    0xA488, 1, 0xB50B, 4, 0xA488, 1, 0xB50B, 1,
    0xA488, 1, 0xB50B, 1, 0xA269, 1, 0x9083, 1,
    0xA269, 2, 0x8986, 1, 0xB50B, 1, 0xDE0C, 1,
    0xB50B, 1, 0x7B47, 1, 0x6925, 2, 0x18C5, 28,
    0x8986, 1, 0x2800, 1, 0x2924, 1, 0x6862, 1,
    0x632E, 2, 0xB50B, 3, 0x52CC, 2, 0x632E, 4,
    0x63B0, 2, 0x94D3, 1, 0x632E, 1, 0x2104, 1,
    0xA269, 1, 0x7800, 2, 0x42CC, 2, 0x63B0, 1,
    0x42CC, 3, 0xA145, 1, 0xA269, 1, 0x39A8, 1,
    0x632E, 1, 0x63B0, 1, 0x6CB4, 7, 0x63B0, 4,
    0x632E, 1, 0x94D3, 1, 0x3A09, 1, 0x42CC, 1,
    0x52CC, 6, 0x3A09, 1, 0x632E, 1, 0xFECD, 2,
    0xDE0C, 2, 0xFECD, 2, 0xDE0C, 1, 0xB50B, 3,
    0xA488, 7, 0xB50B, 4, 0xA488, 1, 0xB50B, 1,
    0xA488, 2, 0xB50B, 2, 0xA488, 1, 0xB50B, 1,
    0xA488, 1, 0xB50B, 1, 0x94D3, 1, 0xA488, 1,
    0xB50B, 5, 0xA488, 1, 0xFECD, 1, 0x7B47, 1,
    0x6800, 1, 0x6862, 1, 0x18C5, 25, 0xA269, 1,
    0x2800, 1, 0x2924, 1, 0xB50B, 4, 0xA488, 1,
    0x4A27, 1, 0x632E, 1, 0xB50B, 2, 0x63B0, 1,
    0xB50B, 4, 0x94D3, 1, 0x63B0, 1, 0x94D3, 2,
    0x632E, 1, 0x2104, 1, 0xA269, 2, 0x8000, 1,
    0x42CC, 2, 0x63B0, 1, 0x42CC, 3, 0xA269, 1,
    0x2147, 1, 0x39A8, 1, 0x63B0, 8, 0x2147, 1,
    0x39A8, 2, 0x52CC, 1, 0x3A09, 1, 0x52CC, 1,
    0x632E, 1, 0x52CC, 2, 0x632E, 2, 0x52CC, 2,
    0x94D3, 2, 0xFECD, 2, 0xDE0C, 4, 0xFECD, 3,
    0xDE0C, 7, 0x20E3, 2, 0x10A3, 1, 0x20E3, 1,
    0xB50B, 3, 0xA488, 8, 0x7B47, 1, 0xB50B, 1,
    0xA488, 1, 0x7B47, 1, 0xB50B, 1, 0x732B, 1,
    0xB50B, 3, 0xA488, 1, 0xFECD, 1, 0x4A27, 2,
    0x6925, 1, 0x18C5, 23, 0xA269, 1, 0x8000, 1,
    0x632E, 1, 0xB50B, 1, 0xA488, 1, 0x6800, 1,
    0x6925, 1, 0x8BCA, 1, 0x6800, 1, 0xB50B, 1,
    0x8986, 1, 0x63B0, 2, 0x632E, 1, 0x63B0, 2,
    0xB50B, 1, 0x63B0, 1, 0xB50B, 2, 0x632E, 1,
    0x94D3, 1, 0x63B0, 1, 0x2924, 1, 0x52CC, 1,
    0x2924, 1, 0x10A3, 1, 0xA269, 1, 0x2147, 1,
    0x39A8, 1, 0x2147, 1, 0x42CC, 3, 0x2104, 2,
    0x39A8, 1, 0x63B0, 2, 0x632E, 1, 0x39A8, 2,
    0x2147, 2, 0x52CC, 1, 0x3A09, 2, 0x52CC, 1,
    0x632E, 3, 0x52CC, 4, 0x94D3, 4, 0x63B0, 1,
    0xFECD, 1, 0xDE0C, 3, 0xFECD, 2, 0xDE0C, 8,
    0x20E3, 2, 0x18C3, 1, 0x18E4, 1, 0x18C3, 1,
    0x10A3, 4, 0x7B47, 7, 0xA488, 1, 0x7B47, 1,
    0xB50B, 1, 0x7B47, 1, 0x732B, 1, 0xB50B, 3,
    0xFECD, 1, 0xA488, 1, 0xB50B, 2, 0x4A27, 1,
    0x4062, 1, 0x2800, 1, 0x18C5, 21, 0x2800, 1,
    0x8000, 1, 0x632E, 2, 0xB50B, 1, 0x5ACA, 1,
    0x8BCA, 1, 0x5ACA, 1, 0xB50B, 1, 0x2924, 1,
    0xB50B, 1, 0xDE0C, 1, 0x63B0, 1, 0xDE0C, 2,
    0x632E, 2, 0xB50B, 1, 0x632E, 1, 0x94D3, 1,
    0xB50B, 1, 0x63B0, 3, 0x94D3, 2, 0x63B0, 1,
    0x3985, 1, 0x18C3, 1, 0x8986, 2, 0x6800, 1,
    0x2147, 2, 0x42CC, 1, 0x39A8, 1, 0x2924, 1,
    0x2104, 1, 0x39A8, 2, 0xA269, 1, 0x8986, 1,
    0xA269, 1, 0x6925, 1, 0x3A09, 2, 0x632E, 2,
    0x52CC, 4, 0x632E, 2, 0x94D3, 3, 0x63B0, 3,
    0xFECD, 1, 0xDE0C, 3, 0xFECD, 2, 0xDE0C, 9,
    0x20E3, 1, 0x10A3, 4, 0x18C3, 1, 0x10A3, 7,
    0x3985, 1, 0x3A09, 1, 0x4A27, 2, 0x7B47, 2,
    0xB50B, 1, 0x7B47, 1, 0x8986, 1, 0xA269, 4,
    0x732B, 1, 0xDE0C, 1, 0xB50B, 1, 0x4A27, 1,
    0x1082, 1, 0x5000, 1, 0x18C5, 19, 0x2800, 1,
    0x9083, 1, 0x63B0, 1, 0xB50B, 2, 0x6800, 1,
    0xB50B, 2, 0x732B, 1, 0xB50B, 1, 0x52CC, 1,
    0xDE0C, 1, 0xB50B, 1, 0x632E, 5, 0xB50B, 1,
    0x63B0, 1, 0xB50B, 1, 0x94D3, 1, 0x632E, 1,
    0x63B0, 4, 0x8986, 3, 0x8000, 1, 0x4000, 1,
    0x2800, 2, 0x8986, 1, 0x6800, 1, 0x2147, 1,
    0x632E, 2, 0x6925, 1, 0x632E, 2, 0x3A09, 1,
    0x52CC, 1, 0x632E, 3, 0x52CC, 5, 0x94D3, 7,
    0xFECD, 1, 0x94D3, 2, 0x63B0, 1, 0xFECD, 1,
    0xDE0C, 11, 0x4000, 1, 0x20E3, 1, 0x18E4, 2,
    0x10A3, 1, 0x18E4, 1, 0x18C3, 2, 0x2147, 1,
    0x39A8, 1, 0x10A3, 7, 0x3A09, 1, 0x4062, 1,
    0x4A27, 1, 0x7B47, 1, 0xB50B, 1, 0x732B, 1,
    0xB50B, 1, 0xA269, 1, 0x8986, 2, 0x9083, 1,
    0xB50B, 1, 0x7B47, 1, 0x4A27, 3, 0x18C5, 18,
    0x2800, 1, 0x8000, 1, 0x8986, 1, 0x42CC, 1,
    0x632E, 1, 0x6925, 1, 0x6000, 1, 0xB50B, 1,
    0xDE0C, 1, 0x52CC, 1, 0xB50B, 6, 0x63B0, 1,
    0x52CC, 1, 0x632E, 1, 0x52CC, 1, 0xB50B, 1,
    0xDE0C, 1, 0x63B0, 2, 0x8986, 1, 0x63B0, 1,
    0x7800, 1, 0x8000, 1, 0x2800, 2, 0x10A3, 1,
    0x8986, 2, 0x6800, 1, 0x5000, 1, 0x6925, 3,
    0x52CC, 2, 0x3A09, 1, 0x632E, 4, 0x52CC, 5,
    0x94D3, 8, 0xFECD, 7, 0x94D3, 1, 0xB50B, 1,
    0xDE0C, 8, 0x2924, 1, 0x4A27, 1, 0x18C3, 2,
    0x10A3, 1, 0x18E4, 1, 0x10A3, 2, 0x2147, 1,
    0x6925, 1, 0xA145, 1, 0x6925, 1, 0xA145, 1,
    0x8986, 1, 0x3985, 1, 0x6925, 1, 0x10A3, 3,
    0x1082, 1, 0x8000, 1, 0x7800, 1, 0x4062, 1,
    0x4A27, 1, 0x7B47, 2, 0xB50B, 2, 0x732B, 1,
    0x94D3, 1, 0x4A27, 5, 0x18C5, 17, 0x9000, 1,
    0x63B0, 1, 0x2104, 1, 0xB50B, 1, 0x52CC, 1,
    0x5ACA, 1, 0x6000, 1, 0x5ACA, 1, 0x732B, 3,
    0xB50B, 3, 0x8BCA, 1, 0xB50B, 2, 0xDE0C, 1,
    0x52CC, 1, 0xDE0C, 2, 0x63B0, 1, 0x9000, 1,
    0x0862, 1, 0x8986, 1, 0x39A8, 1, 0x4841, 1,
    0x4104, 1, 0x4841, 3, 0x4104, 3, 0x3A09, 3,
    0x63B0, 1, 0x632E, 5, 0x8BCA, 1, 0x52CC, 2,
    0x94D3, 6, 0xFECD, 4, 0x94D3, 3, 0xFECD, 8,
    0x94D3, 1, 0xFECD, 1, 0xDE0C, 6, 0x2924, 1,
    0x9083, 1, 0x10A3, 1, 0x18C3, 2, 0x18E4, 2,
    0x3985, 1, 0xA145, 1, 0x6925, 1, 0x4A27, 1,
    0x6925, 1, 0x4A27, 1, 0x8986, 1, 0x4A27, 1,
    0x6925, 5, 0x10A3, 1, 0x18C5, 1, 0x8000, 1,
    0x4062, 1, 0x3985, 1, 0x7B47, 5, 0x4A27, 5,
    0x3985, 1, 0x18C5, 16, 0x9000, 1, 0x8986, 1,
    0x632E, 1, 0xDE0C, 1, 0xA488, 1, 0x6925, 1,
    0x6000, 2, 0xB50B, 2, 0x6862, 1, 0xB50B, 2,
    0x6925, 1, 0xDE0C, 2, 0x632E, 2, 0x18C3, 1,
    0xA269, 1, 0x6862, 1, 0x4104, 1, 0x3A09, 10,
    0x52CC, 3, 0x94D3, 1, 0x63B0, 1, 0x632E, 2,
    0x8BCA, 1, 0x632E, 1, 0x52CC, 1, 0x632E, 1,
    0x94D3, 5, 0xFECD, 9, 0x63B0, 1, 0x94D3, 1,
    0xFECD, 4, 0x63B0, 2, 0xFECD, 4, 0xDE0C, 3,
    0xFECD, 3, 0x2924, 2, 0x18C3, 1, 0x10A3, 1,
    0x18C3, 1, 0x18E4, 1, 0x8986, 2, 0x39A8, 1,
    0x4A27, 1, 0x2924, 4, 0x10A3, 1, 0x20E3, 2,
    0x2924, 1, 0x8986, 1, 0xA145, 2, 0x4A27, 1,
    0x1082, 1, 0x8000, 1, 0x7800, 1, 0x4062, 1,
    0x4000, 1, 0x4A27, 1, 0x7B47, 2, 0x8986, 1,
    0x4A27, 5, 0x18C5, 16, 0x9000, 1, 0x8986, 1,
    0xB50B, 1, 0x6862, 1, 0x7B47, 1, 0x6925, 1,
    0x6000, 1, 0x5000, 1, 0xB50B, 1, 0xA488, 1,
    0x6925, 2, 0xDE0C, 2, 0x632E, 1, 0xA269, 1,
    0x6000, 1, 0x6862, 1, 0x4062, 2, 0x3A09, 3,
    0x52CC, 8, 0x63B0, 3, 0x632E, 1, 0x63B0, 2,
    0x632E, 2, 0x52CC, 1, 0xFECD, 1, 0x94D3, 8,
    0xFECD, 9, 0x63B0, 2, 0xFECD, 3, 0x63B0, 1,
    0x2924, 2, 0x39A8, 1, 0xFECD, 4, 0xB50B, 1,
    0xFECD, 4, 0x3985, 1, 0x2924, 1, 0x10A3, 2,
    0x20E3, 1, 0x6925, 1, 0x8986, 1, 0x6925, 1,
    0x3985, 1, 0x2924, 1, 0x20E3, 1, 0x10A3, 1,
    0x2924, 3, 0x20E3, 1, 0x10A3, 3, 0x2924, 1,
    0x4A27, 1, 0x8986, 1, 0x6925, 1, 0x18C5, 1,
    0x8000, 2, 0x4062, 1, 0x3985, 1, 0x4A27, 6,
    0x18C5, 17, 0x4841, 1, 0x8986, 1, 0x8000, 1,
    0xDE0C, 1, 0x6862, 1, 0x6925, 1, 0x6862, 1,
    0x6000, 1, 0x7B47, 1, 0xA488, 1, 0x9000, 1,
    0xDE0C, 1, 0xB50B, 1, 0x2800, 1, 0x6862, 1,
    0x6925, 3, 0x52CC, 4, 0x632E, 1, 0x52CC, 3,
    0x94D3, 1, 0x63B0, 4, 0x94D3, 1, 0x63B0, 4,
    0x94D3, 20, 0xFECD, 3, 0xB50B, 2, 0xFECD, 2,
    0xDE0C, 1, 0xFECD, 1, 0xB50B, 1, 0xFECD, 2,
    0x39A8, 1, 0xFECD, 3, 0xB50B, 1, 0xFECD, 4,
    0x3985, 1, 0x2924, 1, 0x10A3, 1, 0x20E3, 1,
    0x3985, 1, 0xA145, 1, 0x6925, 1, 0x2924, 1,
    0x20E3, 1, 0x10A3, 1, 0x2924, 1, 0x7B47, 1,
    0x4A27, 1, 0x7B47, 1, 0x4A27, 1, 0x2924, 1,
    0x7B47, 1, 0x2924, 2, 0x10A3, 1, 0x2924, 1,
    0x8986, 1, 0xA145, 1, 0x0862, 1, 0x18C5, 1,
    0x8000, 1, 0x6000, 1, 0x4062, 1, 0x3985, 1,
    0x4A27, 4, 0x18C5, 17, 0xA269, 1, 0x8000, 1,
    0x9000, 1, 0x632E, 1, 0xDE0C, 2, 0xB50B, 2,
    0xDE0C, 1, 0x2147, 1, 0x632E, 1, 0x63B0, 1,
    0x2800, 1, 0x6862, 1, 0x6925, 2, 0x3A09, 1,
    0x52CC, 1, 0x632E, 3, 0x52CC, 2, 0x63B0, 1,
    0x632E, 1, 0x63B0, 1, 0x632E, 1, 0x63B0, 1,
    0x632E, 2, 0x63B0, 2, 0x94D3, 18, 0xFECD, 1,
    0x94D3, 2, 0x63B0, 4, 0x94D3, 1, 0xFECD, 2,
    0xB50B, 3, 0xFECD, 4, 0xB50B, 2, 0xDE0C, 1,
    0xFECD, 1, 0xDE0C, 1, 0xFECD, 1, 0x7B47, 1,
    0xFECD, 3, 0x3985, 1, 0x4A27, 1, 0x10A3, 1,
    0x18C3, 1, 0x4A27, 1, 0x3985, 1, 0x6925, 1,
    0x4A27, 1, 0x10A3, 1, 0x2924, 1, 0x7B47, 1,
    0x4A27, 1, 0x3985, 1, 0x10A3, 2, 0x20E3, 1,
    0x10A3, 1, 0x3985, 1, 0x7B47, 1, 0x2924, 2,
    0x20E3, 1, 0x2924, 1, 0x3985, 1, 0x2147, 1,
    0x1082, 1, 0x7800, 1, 0x4841, 1, 0x4000, 1,
    0x1082, 1, 0x3985, 1, 0x4A27, 2, 0x18C5, 16,
    0x94D3, 1, 0x8986, 1, 0x6800, 1, 0x9083, 1,
    0x9000, 1, 0x18E4, 1, 0x2147, 2, 0x8000, 1,
    0x9000, 1, 0x8986, 1, 0x8000, 1, 0xA269, 1,
    0x6000, 1, 0x6925, 1, 0x3A09, 2, 0x52CC, 2,
    0x8BCA, 2, 0xB50B, 1, 0x63B0, 2, 0x52CC, 2,
    0x2924, 1, 0x8986, 2, 0x3A09, 1, 0x63B0, 1,
    0x94D3, 3, 0x63B0, 2, 0x94D3, 16, 0xFECD, 5,
    0xB50B, 1, 0x39A8, 1, 0xFECD, 1, 0xDE0C, 2,
    0xB50B, 3, 0x94D3, 1, 0xDE0C, 6, 0xB50B, 2,
    0xDE0C, 1, 0x7B47, 1, 0xFECD, 3, 0x20E3, 1,
    0x3985, 1, 0x18C3, 2, 0x3985, 1, 0xA145, 1,
    0x3985, 1, 0x10A3, 1, 0x20E3, 1, 0x7B47, 1,
    0x4A27, 1, 0x10A3, 2, 0x20E3, 4, 0x4000, 1,
    0x1082, 1, 0x4A27, 1, 0x7B47, 1, 0x2924, 1,
    0x20E3, 1, 0x2924, 1, 0x4A27, 1, 0x2147, 1,
    0x18C5, 1, 0x4841, 3, 0x1082, 1, 0x4062, 1,
    0x18C5, 17, 0x9000, 1, 0x10A3, 1, 0x6800, 1,
    0x9000, 4, 0x63B0, 1, 0x9083, 1, 0x5000, 1,
    0x6000, 1, 0x6862, 2, 0x6925, 1, 0x3A09, 1,
    0x52CC, 3, 0x8BCA, 2, 0x2924, 3, 0x4841, 1,
    0x9083, 2, 0xA145, 3, 0x9083, 1, 0x3A09, 1,
    0x63B0, 3, 0x39A8, 1, 0xB50B, 2, 0x63B0, 1,
    0x94D3, 8, 0xA269, 2, 0x63B0, 2, 0x94D3, 1,
    0xFECD, 3, 0xDE0C, 1, 0xB50B, 1, 0x94D3, 2,
    0x6CB4, 1, 0xDE0C, 5, 0xA488, 1, 0x39A8, 1,
    0xDE0C, 1, 0xA488, 2, 0xDE0C, 5, 0x6CB4, 1,
    0xA488, 1, 0xFECD, 1, 0xDE0C, 2, 0x18C5, 1,
    0x3985, 1, 0x10A3, 1, 0x20E3, 1, 0x3985, 2,
    0x20E3, 1, 0x2924, 2, 0x3985, 1, 0x10A3, 1,
    0x4000, 1, 0x20E3, 1, 0x0862, 1, 0x10A3, 2,
    0x20E3, 3, 0x1082, 1, 0x3985, 1, 0x2924, 1,
    0x20E3, 1, 0x2924, 1, 0x3985, 1, 0x2147, 1,
    0x0862, 1, 0x18C5, 1, 0x4841, 2, 0x18C5, 18,
    0x9000, 2, 0x10A3, 1, 0x6800, 1, 0x9000, 2,
    0x9083, 1, 0x9000, 1, 0xA145, 1, 0x6000, 1,
    0x6925, 4, 0x3A09, 2, 0x52CC, 1, 0x8BCA, 3,
    0x2104, 1, 0x6862, 1, 0x18C3, 1, 0x10A3, 2,
    0x7800, 1, 0x8000, 1, 0x9083, 3, 0x8000, 1,
    0x9000, 1, 0x2147, 2, 0x39A8, 2, 0x3985, 1,
    0x3A09, 3, 0x63B0, 1, 0xA269, 2, 0x63B0, 2,
    0x94D3, 2, 0x39A8, 2, 0x3A09, 1, 0xDE0C, 1,
    0xFECD, 4, 0xB50B, 1, 0xFECD, 1, 0xDE0C, 7,
    0xFECD, 1, 0xA488, 1, 0x39A8, 1, 0xDE0C, 1,
    0x7B47, 1, 0xDE0C, 1, 0x6CB4, 1, 0x3A09, 1,
    0x39A8, 2, 0x2147, 1, 0x0000, 1, 0xFECD, 1,
    0xDE0C, 3, 0x18C5, 1, 0x10A3, 2, 0x2924, 1,
    0x3985, 2, 0x20E3, 1, 0x2924, 1, 0x7B47, 1,
    0x4A27, 1, 0x20E3, 1, 0x10A3, 1, 0x0862, 1,
    0x20E3, 1, 0x10A3, 1, 0x20E3, 1, 0x10A3, 2,
    0x20E3, 2, 0x10A3, 1, 0x7B47, 1, 0x2924, 1,
    0x20E3, 1, 0x3985, 1, 0x3A09, 1, 0x2104, 1,
    0x18C5, 1, 0x4841, 1, 0x18C5, 19, 0x9000, 1,
    0x8000, 1, 0x10A3, 1, 0x6000, 1, 0x8000, 1,
    0x9000, 1, 0x63B0, 1, 0x9083, 1, 0x4841, 1,
    0x6000, 1, 0x6925, 3, 0x3A09, 2, 0x42CC, 1,
    0x3A09, 1, 0x3985, 1, 0x6862, 1, 0x6800, 1,
    0x18E4, 1, 0x10A3, 1, 0x18E4, 2, 0x2147, 1,
    0x10A3, 4, 0x8000, 1, 0x7800, 2, 0x6000, 1,
    0x2147, 3, 0x39A8, 2, 0x63B0, 1, 0x3A09, 1,
    0x63B0, 7, 0x2147, 1, 0xB50B, 1, 0xFECD, 6,
    0xB50B, 2, 0xA488, 1, 0xDE0C, 2, 0x39A8, 2,
    0x3A09, 1, 0x39A8, 1, 0x2147, 1, 0xA488, 2,
    0x94D3, 1, 0xA801, 1, 0xA488, 1, 0x3A09, 1,
    0x20E3, 4, 0xA488, 1, 0xDE0C, 3, 0x18C5, 2,
    0x18C3, 2, 0x3985, 1, 0x4A27, 1, 0x3985, 1,
    0x20E3, 1, 0x2924, 1, 0x3985, 1, 0x4000, 1,
    0x10A3, 1, 0x1082, 1, 0x10A3, 1, 0x20E3, 2,
    0x10A3, 3, 0x20E3, 2, 0x10A3, 1, 0x3985, 1,
    0x2924, 1, 0x20E3, 1, 0x3985, 1, 0x63B0, 1,
    0x2147, 1, 0x18C5, 20, 0x8000, 3, 0xA269, 2,
    0x63B0, 1, 0x9083, 1, 0x4841, 1, 0x3985, 1,
    0x6000, 2, 0x5000, 2, 0x6925, 1, 0x2924, 1,
    0x3985, 1, 0x2924, 2, 0x6862, 1, 0x18C3, 1,
    0x10A3, 1, 0x18C3, 1, 0x10A3, 1, 0x18E4, 1,
    0x3A09, 1, 0x94D3, 1, 0x4A27, 1, 0xA145, 1,
    0x8986, 1, 0x6925, 1, 0x10A3, 3, 0x8000, 1,
    0x2147, 1, 0x39A8, 2, 0x63B0, 1, 0x6CB4, 2,
    0x39A8, 1, 0x63B0, 1, 0x3A09, 1, 0x39A8, 1,
    0x63B0, 3, 0x39A8, 1, 0xA488, 1, 0xFECD, 7,
    0xB50B, 1, 0xA488, 2, 0x6CB4, 2, 0x20E3, 5,
    0xFECD, 1, 0xA488, 1, 0x3A09, 1, 0xA801, 3,
    0x3A09, 1, 0xFECD, 4, 0xA488, 3, 0x18C5, 2,
    0x10A3, 1, 0x18C3, 1, 0x3985, 2, 0x2924, 1,
    0x20E3, 1, 0x4A27, 1, 0x10A3, 1, 0x4000, 1,
    0x20E3, 3, 0x10A3, 2, 0x1082, 1, 0x20E3, 2,
    0x10A3, 1, 0x6000, 2, 0x7B47, 1, 0x8986, 1,
    0x20E3, 1, 0x2924, 1, 0x3A09, 2, 0x18C5, 20,
    0x8000, 3, 0x9083, 2, 0x3985, 1, 0x7B47, 3,
    0x6000, 2, 0x5000, 1, 0x7800, 1, 0x6925, 1,
    0x7800, 1, 0x6862, 1, 0x6800, 1, 0x6862, 1,
    0x18C3, 2, 0x18E4, 2, 0x8986, 1, 0xA145, 1,
    0x6925, 2, 0x3985, 1, 0x8986, 1, 0x4A27, 1,
    0x6925, 4, 0x2924, 1, 0x8000, 1, 0x39A8, 1,
    0x632E, 1, 0x39A8, 2, 0x3A09, 1, 0x6CB4, 1,
    0x2147, 1, 0x63B0, 2, 0x6CB4, 1, 0x63B0, 1,
    0x39A8, 1, 0x2147, 1, 0xFECD, 8, 0x3A09, 1,
    0xA801, 3, 0x3A09, 1, 0xA488, 1, 0xFECD, 5,
    0xA488, 2, 0x3A09, 1, 0xA801, 1, 0x9083, 1,
    0x732B, 1, 0x39A8, 1, 0xA488, 3, 0x3985, 1,
    0x2147, 1, 0xA488, 1, 0x18C5, 2, 0x10A3, 1,
    0x20E3, 1, 0x2924, 1, 0x3985, 1, 0x2924, 3,
    0x10A3, 1, 0x20E3, 1, 0x10A3, 1, 0x20E3, 1,
    0x6000, 1, 0x10A3, 3, 0x6000, 1, 0x20E3, 1,
    0x10A3, 1, 0x18C3, 1, 0x20E3, 1, 0x3985, 1,
    0x2924, 1, 0x20E3, 1, 0x3985, 1, 0x63B0, 1,
    0x39A8, 1, 0x18C5, 19, 0x8000, 2, 0x6800, 1,
    0x9083, 2, 0x63B0, 1, 0x7B47, 3, 0x4841, 1,
    0x5000, 1, 0x7800, 4, 0x6000, 2, 0x10A3, 2,
    0x18C3, 1, 0x18E4, 1, 0x8986, 2, 0x4A27, 1,
    0x3985, 1, 0x2924, 2, 0x20E3, 1, 0x10A3, 1,
    0x20E3, 2, 0x3985, 1, 0x8986, 1, 0xA145, 1,
    0x4A27, 1, 0x2924, 1, 0x39A8, 1, 0x632E, 1,
    0x39A8, 3, 0x63B0, 1, 0x2147, 1, 0x3A09, 1,
    0x39A8, 2, 0x4841, 3, 0xFECD, 7, 0xDE0C, 1,
    0x39A8, 2, 0xA801, 1, 0x9083, 1, 0x63B0, 1,
    0x39A8, 1, 0xA488, 5, 0x3A09, 1, 0x7B47, 1,
    0x2147, 1, 0xA269, 1, 0x9083, 2, 0xA269, 1,
    0x3985, 2, 0x9083, 2, 0x2147, 1, 0x7B47, 1,
    0x18C5, 3, 0x20E3, 1, 0x2924, 2, 0x20E3, 1,
    0x2924, 1, 0x9083, 1, 0x20E3, 1, 0x7800, 1,
    0x10A3, 2, 0x20E3, 1, 0x10A3, 2, 0x0862, 1,
    0x20E3, 1, 0x10A3, 1, 0x20E3, 2, 0x1082, 1,
    0x4A27, 1, 0x7B47, 1, 0x2924, 1, 0x3985, 1,
    0x3A09, 1, 0x2147, 1, 0x18C5, 19, 0x8000, 2,
    0x6800, 1, 0x63B0, 1, 0x6CB4, 1, 0x42CC, 1,
    0x7B47, 1, 0x39A8, 1, 0x2147, 1, 0x6925, 1,
    0x7800, 4, 0x6000, 1, 0x6800, 1, 0x2924, 1,
    0x18C3, 1, 0x10A3, 1, 0x3985, 1, 0x6925, 1,
    0x8986, 1, 0x6925, 1, 0x3985, 1, 0x20E3, 1,
    0x2924, 4, 0x20E3, 1, 0x10A3, 1, 0x20E3, 1,
    0x10A3, 1, 0x2924, 1, 0x8986, 1, 0xA145, 1,
    0x2147, 1, 0x632E, 1, 0x2147, 1, 0x39A8, 3,
    0x2147, 1, 0x39A8, 1, 0x18C3, 1, 0x10A3, 3,
    0xA488, 1, 0xFECD, 7, 0xDE0C, 2, 0x2147, 1,
    0xA801, 1, 0x9083, 1, 0xA269, 2, 0x3985, 5,
    0x8986, 1, 0x7B47, 1, 0x18C3, 1, 0x3985, 1,
    0x9083, 2, 0x2147, 6, 0x7B47, 1, 0x18C5, 3,
    0x20E3, 1, 0x3985, 1, 0x4A27, 1, 0x2924, 3,
    0x4A27, 1, 0x4000, 1, 0x20E3, 3, 0x10A3, 1,
    0x20E3, 2, 0x10A3, 1, 0x1082, 1, 0x10A3, 1,
    0x20E3, 1, 0x10A3, 1, 0x7B47, 1, 0x2924, 1,
    0x20E3, 1, 0x3985, 1, 0x3A09, 1, 0x18C5, 20,
    0x6800, 1, 0x6000, 1, 0x6862, 1, 0x42CC, 1,
    0x52CC, 1, 0x8BCA, 2, 0x18C3, 1, 0x632E, 1,
    0x7800, 3, 0x6800, 4, 0x2924, 1, 0x10A3, 2,
    0x3985, 1, 0xA145, 1, 0x3985, 1, 0x10A3, 2,
    0x2924, 2, 0x7B47, 2, 0x10A3, 1, 0x4A27, 1,
    0x7B47, 1, 0x2924, 2, 0x10A3, 1, 0x3985, 1,
    0x8986, 1, 0x6925, 1, 0x2147, 2, 0x18E4, 1,
    0x2147, 1, 0x39A8, 1, 0x4841, 1, 0x8000, 1,
    0x6000, 1, 0x4062, 2, 0xA488, 1, 0xFECD, 4,
    0xDE0C, 1, 0xFECD, 2, 0xDE0C, 3, 0x18C3, 1,
    0x3985, 1, 0x9083, 8, 0x3A09, 1, 0x2147, 1,
    0x4A27, 1, 0x2104, 1, 0x2147, 1, 0x1082, 2,
    0x10A3, 4, 0x1082, 1, 0x4A27, 1, 0x18C5, 4,
    0x2924, 1, 0x3985, 1, 0x2924, 1, 0x20E3, 1,
    0x2924, 1, 0x7B47, 1, 0x4000, 1, 0x20E3, 1,
    0x10A3, 2, 0x20E3, 1, 0x10A3, 2, 0x20E3, 1,
    0x0862, 1, 0x10A3, 1, 0x20E3, 1, 0x10A3, 1,
    0x2924, 2, 0x20E3, 1, 0x2924, 1, 0x39A8, 1,
    0x18C5, 20, 0x9083, 1, 0x4000, 1, 0x10A3, 1,
    0x18C3, 1, 0x42CC, 1, 0x52CC, 1, 0x2104, 1,
    0x63B0, 1, 0xA269, 1, 0x7800, 2, 0x6000, 1,
    0x5000, 1, 0x6800, 3, 0x10A3, 2, 0x2924, 1,
    0x3985, 2, 0x20E3, 2, 0x2924, 1, 0x4A27, 2,
    0x4000, 1, 0x20E3, 2, 0x10A3, 1, 0x3985, 1,
    0x10A3, 1, 0x2924, 2, 0x20E3, 1, 0x3985, 2,
    0x4841, 1, 0x6000, 1, 0x4841, 1, 0x39A8, 1,
    0x63B0, 1, 0x6000, 1, 0x7800, 1, 0x4062, 2,
    0x7B47, 1, 0xDE0C, 1, 0xFECD, 1, 0xDE0C, 3,
    0xA488, 3, 0x7B47, 1, 0xA488, 2, 0x7B47, 1,
    0x2147, 1, 0xA269, 1, 0x2147, 1, 0x3A09, 5,
    0x1082, 3, 0x3985, 1, 0x4000, 1, 0x4062, 1,
    0x3985, 4, 0x4A27, 4, 0x18C5, 4, 0x2924, 1,
    0x3985, 1, 0x4A27, 1, 0x20E3, 1, 0x2924, 2,
    0x4A27, 1, 0x4000, 1, 0x20E3, 3, 0x0862, 1,
    0x10A3, 2, 0x20E3, 1, 0x4000, 1, 0x10A3, 1,
    0x4A27, 1, 0x2924, 1, 0x20E3, 1, 0x2924, 1,
    0x3985, 1, 0x2147, 1, 0x18C5, 21, 0x4000, 2,
    0x5000, 2, 0x10A3, 1, 0x52CC, 1, 0x6800, 1,
    0x6000, 5, 0x6800, 3, 0x10A3, 2, 0x3985, 1,
    0x6925, 1, 0x2924, 1, 0x10A3, 1, 0x2924, 1,
    0x3985, 1, 0x10A3, 1, 0x20E3, 6, 0x4000, 1,
    0x7B47, 1, 0x2924, 3, 0x3985, 1, 0x2147, 1,
    0x7800, 1, 0x4841, 1, 0x2147, 1, 0x39A8, 1,
    0x4841, 1, 0x6000, 1, 0x4062, 1, 0x7B47, 1,
    0xA488, 1, 0xDE0C, 2, 0xA488, 4, 0x7B47, 1,
    0x4A27, 2, 0xA488, 4, 0x1082, 10, 0x4000, 1,
    0x4062, 1, 0x3985, 1, 0x4A27, 7, 0x18C5, 6,
    0x2924, 1, 0x3985, 1, 0x2924, 1, 0x20E3, 1,
    0x2924, 1, 0x7B47, 1, 0x3985, 1, 0x10A3, 1,
    0x4000, 1, 0x20E3, 4, 0x4000, 1, 0x3985, 1,
    0x7B47, 1, 0x2924, 2, 0x20E3, 1, 0x8986, 1,
    0xA145, 2, 0x18C5, 21, 0x2800, 1, 0x4000, 1,
    0x5000, 3, 0x6000, 5, 0x5000, 2, 0x6800, 3,
    0x18C3, 1, 0x10A3, 1, 0x3985, 2, 0x20E3, 1,
    0x2924, 1, 0x7B47, 1, 0x1082, 1, 0x20E3, 3,
    0x10A3, 1, 0x20E3, 2, 0x10A3, 1, 0x20E3, 2,
    0x7B47, 1, 0x2924, 2, 0x3985, 1, 0x3A09, 1,
    0x6000, 2, 0x632E, 1, 0x63B0, 1, 0x39A8, 1,
    0x4062, 1, 0x4A27, 1, 0xA488, 5, 0x7B47, 1,
    0x4A27, 1, 0x3985, 1, 0x4062, 2, 0x4A27, 2,
    0x7B47, 1, 0xA488, 2, 0x7B47, 1, 0x4A27, 1,
    0x3985, 1, 0x4062, 3, 0x4000, 6, 0x4062, 1,
    0x3985, 1, 0x4A27, 4, 0x39A8, 1, 0x2147, 1,
    0x10A3, 1, 0x18C5, 5, 0x2924, 1, 0x3985, 2,
    0x20E3, 1, 0x10A3, 1, 0x20E3, 1, 0x2924, 1,
    0x4A27, 1, 0x10A3, 2, 0x4000, 1, 0x10A3, 2,
    0x3985, 1, 0x4A27, 1, 0x2924, 2, 0x10A3, 1,
    0x2924, 1, 0x8986, 1, 0xA145, 1, 0x18C5, 22,
    0x2800, 2, 0x5000, 5, 0x6000, 3, 0x5000, 1,
    0x6000, 1, 0x6800, 2, 0x18C5, 1, 0x18C3, 1,
    0x20E3, 1, 0x4A27, 1, 0x3985, 1, 0x2924, 2,
    0x4A27, 1, 0x4000, 1, 0x10A3, 1, 0x1082, 1,
    0x20E3, 3, 0x10A3, 2, 0x20E3, 2, 0x4A27, 1,
    0x7B47, 1, 0x2924, 1, 0x3985, 1, 0x63B0, 1,
    0x2147, 1, 0x6000, 2, 0x4841, 2, 0x4A27, 1,
    0x7B47, 1, 0xA488, 3, 0x7B47, 1, 0x4A27, 1,
    0x3985, 1, 0x4062, 4, 0x3985, 1, 0x7B47, 4,
    0x3985, 3, 0x4062, 1, 0x4000, 7, 0x4062, 1,
    0x3985, 1, 0x3A09, 2, 0x4A27, 1, 0x10A3, 2,
    0x18E4, 1, 0x18C5, 2, 0x0000, 1, 0x18C5, 5,
    0x3985, 1, 0xA145, 1, 0x3985, 1, 0x20E3, 3,
    0x7B47, 1, 0x4A27, 1, 0x2924, 1, 0x7B47, 2,
    0x4A27, 1, 0x7B47, 1, 0x2924, 3, 0x3985, 1,
    0x8986, 1, 0x4A27, 1, 0x2924, 1, 0x18C5, 22,
    0x0000, 1, 0x0862, 1, 0x5000, 6, 0x6000, 1,
    0x5000, 2, 0x6000, 2, 0x6800, 1, 0x10A3, 1,
    0x18C3, 1, 0x2924, 1, 0x3985, 1, 0x2924, 1,
    0x20E3, 1, 0x4A27, 1, 0x10A3, 1, 0x20E3, 2,
    0x18C3, 1, 0x10A3, 3, 0x20E3, 2, 0x10A3, 1,
    0x20E3, 1, 0x7B47, 1, 0x8986, 1, 0x3985, 1,
    0x2924, 1, 0x3A09, 1, 0x2147, 1, 0x6000, 1,
    0x4841, 2, 0x4062, 1, 0x3985, 1, 0x7B47, 3,
    0x4062, 5, 0x4000, 2, 0x4062, 1, 0x3985, 1,
    0x4A27, 3, 0x4062, 4, 0x4000, 8, 0x4062, 1,
    0x2147, 2, 0x39A8, 1, 0x18E4, 1, 0x0000, 1,
    0x10A3, 1, 0x2147, 1, 0x18C5, 3, 0x2147, 1,
    0x18C5, 4, 0x2924, 1, 0x4A27, 1, 0x3985, 1,
    0x4A27, 1, 0x20E3, 1, 0x10A3, 1, 0x20E3, 1,
    0x2924, 6, 0x20E3, 2, 0x3985, 1, 0x8986, 1,
    0xA145, 2, 0x18C5, 23, 0x18C3, 1, 0x6000, 1,
    0x5000, 2, 0x4000, 1, 0x5000, 6, 0x6000, 2,
    0x6800, 1, 0x18C5, 1, 0x18C3, 1, 0x2924, 1,
    0x3985, 1, 0x2924, 2, 0x4A27, 1, 0x10A3, 1,
    0x20E3, 3, 0x10A3, 3, 0x6000, 1, 0x20E3, 1,
    0x1082, 1, 0x20E3, 2, 0x2924, 2, 0x3985, 1,
    0x63B0, 1, 0x39A8, 1, 0x4841, 2, 0x10A3, 1,
    0x4062, 1, 0x4A27, 4, 0x1082, 2, 0x4062, 2,
    0x10A3, 1, 0x4000, 2, 0x4062, 2, 0x3985, 2,
    0x4062, 1, 0x4000, 9, 0x4841, 2, 0x18C5, 2,
    0x1082, 1, 0x10A3, 1, 0x0000, 1, 0x18C5, 2,
    0x18E4, 1, 0x18C5, 1, 0x0000, 1, 0x18C5, 1,
    0x0000, 1, 0x18C5, 6, 0x20E3, 1, 0x3985, 1,
    0x6925, 1, 0x8986, 1, 0x6925, 1, 0x3985, 1,
    0x20E3, 2, 0x10A3, 1, 0x20E3, 1, 0x2924, 3,
    0x6925, 3, 0x20E3, 1, 0x18C5, 25, 0x6000, 1,
    0x4000, 1, 0x5000, 1, 0x4000, 1, 0x5000, 6,
    0x6000, 2, 0x6800, 1, 0x18C5, 1, 0x20E3, 1,
    0x2924, 1, 0x3985, 1, 0x20E3, 1, 0x2924, 1,
    0x9083, 1, 0x20E3, 1, 0x7800, 1, 0x10A3, 1,
    0x20E3, 2, 0x10A3, 1, 0x0862, 1, 0x20E3, 1,
    0x10A3, 1, 0x20E3, 2, 0x10A3, 1, 0x7B47, 1,
    0x2924, 2, 0x3A09, 1, 0x2147, 1, 0x4841, 1,
    0x10A3, 1, 0x1082, 1, 0x3985, 4, 0x1082, 1,
    0x10A3, 1, 0x1082, 2, 0x10A3, 1, 0x4062, 2,
    0x4000, 2, 0x4062, 2, 0x4000, 6, 0x4841, 2,
    0x18C5, 8, 0x2104, 1, 0x18C3, 1, 0x18C5, 1,
    0x0000, 1, 0x1082, 1, 0x18C5, 2, 0x2147, 1,
    0x18C5, 7, 0x10A3, 1, 0x3985, 1, 0x2924, 1,
    0xA145, 1, 0x8986, 1, 0x4A27, 2, 0x2924, 1,
    0x4A27, 1, 0x6925, 1, 0x3985, 1, 0x8986, 1,
    0x39A8, 1, 0x6925, 2, 0x18C5, 27, 0x6000, 1,
    0x5000, 2, 0x4000, 1, 0x5000, 5, 0x6000, 1,
    0x7800, 2, 0x6800, 1, 0x18C5, 2, 0x3985, 1,
    0x4A27, 1, 0x2924, 3, 0x10A3, 1, 0x4000, 1,
    0x20E3, 2, 0x10A3, 1, 0x20E3, 1, 0x10A3, 1,
    0x20E3, 1, 0x10A3, 2, 0x20E3, 1, 0x3985, 1,
    0x7B47, 1, 0x20E3, 1, 0x2924, 1, 0x3A09, 1,
    0x18C5, 2, 0x1082, 1, 0x4062, 3, 0x10A3, 9,
    0x4000, 3, 0x4841, 1, 0x4000, 1, 0x4841, 1,
    0x4000, 1, 0x18C5, 15, 0x0000, 1, 0x1082, 1,
    0x18C5, 15, 0x6925, 2, 0x8986, 1, 0xA145, 1,
    0x6925, 1, 0xA145, 1, 0x4A27, 1, 0x6925, 1,
    0x3A09, 1, 0x18C5, 29, 0x5000, 1, 0x4000, 1,
    0x5000, 1, 0x4000, 1, 0x5000, 5, 0x6000, 1,
    0x6800, 2, 0x6000, 1, 0x18C5, 2, 0x2924, 1,
    0x3985, 2, 0x20E3, 1, 0x2924, 1, 0x3985, 1,
    0x4000, 1, 0x18C3, 1, 0x10A3, 1, 0x0862, 1,
    0x10A3, 2, 0x20E3, 1, 0x0862, 1, 0x20E3, 1,
    0x10A3, 1, 0x7B47, 1, 0x2924, 1, 0x20E3, 1,
    0x2924, 1, 0x3985, 1, 0x18C5, 2, 0x4062, 2,
    0x1082, 2, 0x4062, 1, 0x10A3, 6, 0x4000, 4,
    0x18C5, 41, 0x3A09, 1, 0x94D3, 1, 0x2147, 1,
    0x18C5, 32, 0x4000, 1, 0x5000, 2, 0x4000, 1,
    0x5000, 3, 0x6000, 1, 0x5000, 1, 0x6000, 1,
    0x5000, 1, 0x6000, 1, 0x18C5, 3, 0x3985, 1,
    0x4A27, 1, 0x20E3, 1, 0x2924, 2, 0x4A27, 1,
    0x10A3, 1, 0x20E3, 6, 0x4000, 1, 0x10A3, 1,
    0x2924, 2, 0x3985, 1, 0x8986, 1, 0x6925, 1,
    0x18C5, 2, 0x10A3, 1, 0x1082, 3, 0x10A3, 1,
    0x4000, 3, 0x4841, 1, 0x4000, 1, 0x18C5, 81,
    0x2800, 3, 0x4000, 4, 0x5000, 1, 0x4000, 1,
    0x5000, 1, 0x4000, 2, 0x18C5, 3, 0x2924, 1,
    0x3985, 2, 0x20E3, 1, 0x2924, 1, 0x7B47, 1,
    0x3985, 1, 0x10A3, 2, 0x4000, 1, 0x20E3, 2,
    0x4000, 1, 0x3985, 1, 0x2924, 2, 0x10A3, 1,
    0x2924, 1, 0xA145, 1, 0x18C5, 3, 0x10A3, 1,
    0x4062, 3, 0x4841, 1, 0x18C5, 87, 0x2800, 6,
    0x0000, 2, 0x2800, 3, 0x18C5, 4, 0x3985, 1,
    0x6925, 1, 0x2924, 1, 0x10A3, 1, 0x20E3, 1,
    0x2924, 1, 0x7B47, 1, 0x4A27, 1, 0x3985, 1,
    0x10A3, 1, 0x4A27, 1, 0x7B47, 1, 0x2924, 2,
    0x20E3, 1, 0x2924, 1, 0xA145, 1, 0x2924, 1,
    0x18C5, 99, 0x2800, 4, 0x4000, 3, 0x18C5, 4,
    0x3985, 1, 0xA145, 1, 0x6925, 1, 0x4A27, 1,
    0x20E3, 1, 0x10A3, 1, 0x2924, 6, 0x10A3, 2,
    0x3985, 1, 0xA145, 2, 0x4A27, 1, 0x18C5, 111,
    0x20E3, 1, 0x3985, 1, 0x6925, 1, 0x3985, 2,
    0x2924, 1, 0x20E3, 1, 0x10A3, 1, 0x20E3, 2,
    0x2924, 2, 0x8986, 1, 0x6925, 2, 0x18C5, 113,
    0x10A3, 1, 0x3985, 1, 0x6925, 1, 0xA145, 1,
    0x8986, 1, 0x4A27, 1, 0x3985, 1, 0x2924, 1,
    0x6925, 1, 0x3985, 1, 0x6925, 1, 0x39A8, 1,
    0xA145, 1, 0x18C5, 119, 0x6925, 1, 0x8986, 1,
    0xA145, 1, 0x6925, 1, 0xA145, 1, 0x4A27, 1,
    0xA145, 1, 0x3A09, 1, 0x18C5, 124, 0x2147, 2,
    0x18C5, 5599, 0x18C5, 3582, 0x2800, 1, 0x18C5, 126,
    0x2800, 1, 0xA269, 1, 0x18C5, 126, 0xA269, 1,
    0x9083, 1, 0x18C5, 125, 0x2800, 1, 0x9083, 1,
    0x9000, 1, 0x18C5, 66, 0x9083, 1, 0x18E4, 1,
    0x94D3, 1, 0x63B0, 5, 0x52CC, 1, 0x2800, 1,
    0x6800, 2, 0x6000, 1, 0x4062, 1, 0x6800, 4,
    0xA269, 2, 0x18C5, 38, 0x4000, 1, 0xA269, 1,
    0x39A8, 1, 0x18C5, 62, 0xA269, 1, 0x42CC, 1,
    0x94D3, 3, 0x52CC, 1, 0x632E, 2, 0x63B0, 1,
    0x632E, 1, 0x63B0, 1, 0x632E, 2, 0x5ACA, 1,
    0x6000, 1, 0x5000, 1, 0x6000, 2, 0x6800, 3,
    0xA269, 1, 0x6800, 1, 0x2147, 1, 0x632E, 1,
    0x63B0, 4, 0x42CC, 1, 0x5000, 1, 0x18C5, 31,
    0x4000, 1, 0xA269, 1, 0x9000, 1, 0x6CB4, 1,
    0x18C5, 58, 0x94D3, 2, 0x63B0, 1, 0x632E, 1,
    0x94D3, 1, 0xDE0C, 3, 0x632E, 1, 0x52CC, 2,
    0xB50B, 1, 0x63B0, 1, 0x2924, 3, 0x18C3, 1,
    0x6000, 1, 0x5000, 2, 0x6000, 3, 0x8986, 2,
    0x6000, 1, 0x6800, 1, 0x42CC, 1, 0x632E, 1,
    0x63B0, 2, 0x6800, 1, 0x42CC, 1, 0x632E, 1,
    0x63B0, 3, 0x632E, 1, 0x2147, 1, 0x18C5, 14,
    0x8986, 1, 0x18C5, 11, 0x4000, 1, 0xA269, 1,
    0x9000, 1, 0x6800, 1, 0x4000, 1, 0x18C5, 56,
    0xA269, 1, 0x94D3, 1, 0x632E, 1, 0xDE0C, 2,
    0x52CC, 1, 0x63B0, 1, 0xB50B, 2, 0x632E, 3,
    0x52CC, 1, 0x2924, 1, 0x18E4, 2, 0x18C3, 2,
    0x6000, 1, 0x4000, 2, 0x6000, 4, 0x8986, 1,
    0x18E4, 1, 0x42CC, 1, 0x63B0, 1, 0x52CC, 2,
    0x3A09, 1, 0x6000, 1, 0x6800, 1, 0x42CC, 1,
    0x632E, 1, 0x63B0, 2, 0x6000, 1, 0x632E, 1,
    0x63B0, 3, 0x52CC, 1, 0x7B47, 1, 0x2147, 1,
    0x632E, 4, 0x5ACA, 2, 0x632E, 4, 0x52CC, 2,
    0x8986, 2, 0x6862, 5, 0x7800, 1, 0x63B0, 1,
    0xA269, 1, 0x9000, 1, 0x8000, 1, 0x6000, 1,
    0x6800, 1, 0x18C5, 55, 0x63B0, 1, 0x94D3, 1,
    0x632E, 1, 0x63B0, 1, 0xB50B, 1, 0x63B0, 1,
    0x632E, 2, 0x9083, 2, 0x6862, 1, 0x7800, 4,
    0x6800, 1, 0x6000, 2, 0x5000, 2, 0x4000, 1,
    0x6000, 4, 0x8986, 1, 0x18E4, 1, 0x42CC, 1,
    0x632E, 2, 0x3A09, 1, 0x6000, 2, 0x63B0, 3,
    0x52CC, 1, 0x3A09, 1, 0x6000, 1, 0x3A09, 1,
    0x632E, 1, 0x63B0, 1, 0x6800, 1, 0x3A09, 1,
    0x632E, 1, 0x63B0, 2, 0x42CC, 1, 0x6000, 1,
    0x632E, 7, 0x52CC, 2, 0x8986, 1, 0x6925, 2,
    0x6800, 3, 0x2800, 1, 0xA269, 3, 0x9000, 2,
    0x39A8, 1, 0x6000, 1, 0x2800, 1, 0x18C5, 54,
    0x63B0, 1, 0xA269, 1, 0x632E, 3, 0x8986, 3,
    0x8000, 2, 0x7800, 5, 0x6800, 1, 0x6000, 3,
    0x5000, 2, 0x4000, 1, 0x6000, 3, 0x8986, 1,
    0x18E4, 1, 0x42CC, 1, 0x52CC, 1, 0x632E, 6,
    0x52CC, 1, 0x3A09, 1, 0x6000, 1, 0x632E, 2,
    0x52CC, 1, 0x3A09, 1, 0x6000, 1, 0x3A09, 1,
    0x63B0, 3, 0x3A09, 1, 0x632E, 1, 0x63B0, 2,
    0x3A09, 1, 0x2800, 1, 0x6925, 2, 0x6862, 2,
    0x6800, 8, 0xA269, 1, 0x8000, 1, 0x9083, 1,
    0x9000, 1, 0x8000, 1, 0x4000, 1, 0x94D3, 1,
    0x2800, 2, 0x18C5, 54, 0x63B0, 2, 0x8986, 1,
    0x632E, 1, 0x8986, 2, 0x9083, 1, 0x8000, 2,
    0x7800, 2, 0x8000, 3, 0x7800, 1, 0x8000, 9,
    0x6000, 2, 0x8986, 1, 0x18E4, 1, 0x3A09, 2,
    0x52CC, 2, 0x632E, 3, 0x52CC, 1, 0x632E, 1,
    0x52CC, 1, 0x42CC, 1, 0x52CC, 1, 0x3A09, 1,
    0x6000, 1, 0x63B0, 2, 0x632E, 1, 0x42CC, 1,
    0x6000, 1, 0x42CC, 1, 0x63B0, 2, 0x6000, 1,
    0x3A09, 1, 0x632E, 1, 0x3A09, 2, 0x6800, 3,
    0x7800, 3, 0x8000, 3, 0x6000, 1, 0x9083, 2,
    0x9000, 2, 0x39A8, 1, 0x8986, 1, 0x2800, 3,
    0x18C5, 53, 0x3A09, 1, 0x8000, 1, 0x63B0, 1,
    0xA145, 1, 0x8000, 2, 0x3985, 4, 0x8986, 1,
    0xA145, 1, 0xA269, 3, 0xA145, 2, 0xA269, 3,
    0x18C3, 1, 0x4062, 1, 0x8000, 6, 0x7800, 4,
    0x6800, 1, 0x6000, 1, 0x5000, 1, 0x2104, 1,
    0x42CC, 2, 0x632E, 6, 0x3A09, 1, 0x6000, 1,
    0x63B0, 2, 0x632E, 1, 0x42CC, 1, 0x6000, 1,
    0x3A09, 2, 0x52CC, 1, 0x6000, 1, 0x4000, 1,
    0x6800, 2, 0x8000, 6, 0x9083, 2, 0x9000, 2,
    0x8000, 1, 0x5000, 1, 0x94D3, 1, 0x2800, 2,
    0x6862, 1, 0x2800, 1, 0x18C5, 52, 0x6CB4, 1,
    0x39A8, 1, 0xA269, 3, 0x8986, 1, 0x2924, 1,
    0x18C3, 1, 0x18E4, 11, 0x6CB4, 3, 0x18E4, 2,
    0x9000, 1, 0x94D3, 6, 0x8000, 1, 0x7800, 2,
    0x94D3, 1, 0x9083, 1, 0x8000, 3, 0x5000, 1,
    0x10A3, 1, 0x42CC, 1, 0x632E, 6, 0x3A09, 1,
    0x6000, 2, 0x632E, 1, 0x42CC, 1, 0x3A09, 1,
    0x18C3, 1, 0x6000, 2, 0x7800, 1, 0x8000, 7,
    0x6000, 1, 0x9000, 1, 0x8000, 1, 0x6800, 1,
    0x6CB4, 1, 0xA269, 1, 0x2800, 2, 0x4841, 1,
    0x10A3, 1, 0x2800, 1, 0x18C5, 52, 0x39A8, 1,
    0x2147, 1, 0xA269, 2, 0x3985, 1, 0x18E4, 1,
    0x63B0, 1, 0x6CB4, 11, 0x94D3, 3, 0x6CB4, 1,
    0x2147, 1, 0x2104, 1, 0x6862, 1, 0x2924, 1,
    0x42CC, 2, 0x6CB4, 3, 0x632E, 1, 0x42CC, 1,
    0x2147, 2, 0x94D3, 3, 0x9083, 1, 0x8000, 5,
    0x5000, 1, 0x3A09, 1, 0x42CC, 1, 0x632E, 4,
    0x2104, 1, 0x18C3, 1, 0x6000, 1, 0x18C3, 1,
    0x6000, 1, 0x8000, 7, 0x9083, 2, 0x6000, 1,
    0x7800, 1, 0x8000, 1, 0x2800, 1, 0x39A8, 1,
    0x2800, 1, 0x4000, 2, 0x2800, 1, 0xA488, 1,
    0x5000, 1, 0x18C5, 42, 0x6800, 2, 0x7800, 4,
    0x6800, 3, 0x6CB4, 1, 0x39A8, 1, 0xA269, 2,
    0x3985, 1, 0x2147, 1, 0x42CC, 1, 0x6CB4, 2,
    0x94D3, 2, 0x6CB4, 1, 0x94D3, 10, 0x6CB4, 1,
    0x632E, 1, 0x2924, 1, 0x2104, 1, 0x632E, 1,
    0x6CB4, 4, 0x94D3, 1, 0x6CB4, 4, 0x63B0, 1,
    0x632E, 1, 0x2147, 1, 0x94D3, 1, 0x9083, 2,
    0x8000, 7, 0x2800, 1, 0x4000, 1, 0x2104, 1,
    0x3A09, 1, 0x4841, 1, 0x6000, 1, 0x7800, 1,
    0x8000, 10, 0x9000, 1, 0x4000, 1, 0x94D3, 1,
    0x4000, 1, 0x39A8, 1, 0x4000, 1, 0xA488, 1,
    0x1082, 1, 0x4841, 1, 0x7B47, 1, 0x9000, 1,
    0x18C5, 33, 0x8986, 3, 0x2800, 4, 0x8986, 3,
    0x9083, 1, 0x63B0, 1, 0x632E, 5, 0x8986, 1,
    0x6CB4, 1, 0x3A09, 1, 0xA269, 1, 0x2147, 2,
    0x632E, 1, 0x6CB4, 6, 0x94D3, 9, 0x6CB4, 1,
    0x63B0, 1, 0x42CC, 1, 0x2924, 1, 0x2147, 1,
    0x63B0, 3, 0x6CB4, 7, 0x63B0, 2, 0x632E, 1,
    0x2104, 1, 0x94D3, 1, 0x9083, 1, 0x8000, 1,
    0x9000, 3, 0x8000, 4, 0x7800, 1, 0x9000, 1,
    0x8986, 1, 0x632E, 2, 0x3985, 1, 0x4104, 1,
    0x4841, 3, 0x4062, 2, 0x4000, 3, 0x6000, 1,
    0x4000, 1, 0x6800, 1, 0x2104, 1, 0x4000, 1,
    0x3985, 1, 0xDE0C, 1, 0x3985, 1, 0x18E4, 1,
    0x4104, 1, 0x3A09, 1, 0x9000, 1, 0x18C5, 30,
    0x2800, 1, 0x42CC, 1, 0xB50B, 1, 0x63B0, 1,
    0x52CC, 1, 0xB50B, 5, 0x52CC, 1, 0x632E, 6,
    0x63B0, 1, 0x632E, 1, 0x52CC, 1, 0x6CB4, 2,
    0xA269, 1, 0x52CC, 1, 0x2147, 1, 0x632E, 1,
    0x6CB4, 17, 0x63B0, 1, 0x2147, 1, 0x2924, 1,
    0x2147, 1, 0x63B0, 3, 0x2104, 6, 0x94D3, 1,
    0x63B0, 1, 0x2147, 1, 0x94D3, 2, 0x63B0, 3,
    0x94D3, 1, 0x63B0, 1, 0x39A8, 1, 0x4104, 2,
    0x6925, 1, 0x4104, 6, 0x4062, 7, 0x2800, 3,
    0x6000, 1, 0x1082, 1, 0x4000, 1, 0x0862, 1,
    0x4000, 1, 0x4A27, 1, 0xDE0C, 1, 0x7B47, 1,
    0x2800, 1, 0x2104, 1, 0xA145, 1, 0x6862, 2,
    0x18C5, 26, 0x2800, 1, 0x63B0, 1, 0xB50B, 1,
    0xA488, 1, 0xB50B, 1, 0x8BCA, 1, 0x4A27, 1,
    0x8BCA, 1, 0x4A27, 1, 0x632E, 1, 0xB50B, 2,
    0x63B0, 1, 0x52CC, 1, 0x63B0, 5, 0x94D3, 1,
    0x632E, 1, 0x4062, 1, 0x2147, 1, 0x6CB4, 1,
    0x2147, 1, 0x632E, 1, 0x2147, 1, 0x42CC, 1,
    0x63B0, 1, 0x6CB4, 17, 0x63B0, 1, 0x39A8, 1,
    0x2104, 1, 0x2147, 1, 0x18E4, 3, 0x52CC, 1,
    0x3985, 1, 0x632E, 1, 0x94D3, 2, 0x632E, 1,
    0x3A09, 7, 0x18C3, 3, 0x18E4, 2, 0x18C3, 1,
    0x4062, 2, 0x10A3, 5, 0x18A2, 4, 0x20E3, 4,
    0x4104, 2, 0x2800, 1, 0x9000, 1, 0x0862, 1,
    0x4062, 1, 0x4000, 1, 0x4A27, 1, 0x4104, 1,
    0x3985, 1, 0x2104, 1, 0xA145, 1, 0x6862, 2,
    0x6000, 1, 0x18C5, 23, 0x2800, 1, 0x63B0, 1,
    0x632E, 1, 0xDE0C, 1, 0x732B, 1, 0xB50B, 1,
    0x5ACA, 1, 0x8BCA, 1, 0x6925, 1, 0x732B, 1,
    0x8986, 1, 0x63B0, 1, 0x632E, 1, 0x63B0, 1,
    0x632E, 1, 0x63B0, 1, 0xDE0C, 2, 0x94D3, 1,
    0x63B0, 1, 0x94D3, 1, 0x52CC, 1, 0x2104, 1,
    0xA269, 1, 0x7800, 1, 0x6CB4, 2, 0xA269, 1,
    0x52CC, 1, 0x2147, 1, 0x632E, 1, 0x6CB4, 17,
    0x63B0, 1, 0x42CC, 1, 0x6862, 1, 0x18E4, 1,
    0x632E, 1, 0xA269, 2, 0x94D3, 2, 0x632E, 1,
    0x39A8, 2, 0x3A09, 2, 0x4A27, 1, 0x3A09, 1,
    0x39A8, 1, 0x4104, 2, 0x2147, 1, 0x2924, 1,
    0x18E4, 1, 0x3985, 3, 0x18C3, 2, 0x2924, 1,
    0x20E3, 4, 0x3985, 1, 0x7B47, 8, 0x4A27, 2,
    0x6000, 1, 0x4A27, 1, 0x4000, 1, 0x4841, 1,
    0x6862, 1, 0x4000, 1, 0xA488, 1, 0x7B47, 1,
    0x6862, 1, 0xA145, 1, 0x6925, 2, 0x6862, 1,
    0x6000, 1, 0xA145, 1, 0x18C5, 19, 0xA269, 1,
    0x9000, 1, 0x9083, 1, 0xB50B, 1, 0xDE0C, 1,
    0xB50B, 1, 0x732B, 1, 0x6862, 1, 0xB50B, 2,
    0xDE0C, 1, 0x52CC, 1, 0x63B0, 4, 0xB50B, 1,
    0x63B0, 2, 0xB50B, 2, 0x94D3, 1, 0x63B0, 1,
    0x52CC, 1, 0x18E4, 1, 0xA269, 1, 0x8000, 1,
    0x6CB4, 3, 0x8986, 1, 0x2147, 1, 0x42CC, 1,
    0x63B0, 1, 0x6CB4, 15, 0x63B0, 2, 0x42CC, 1,
    0x2147, 1, 0x63B0, 1, 0x94D3, 2, 0x3A09, 1,
    0x39A8, 4, 0x3A09, 2, 0x7B47, 2, 0x4A27, 1,
    0x18C3, 1, 0x2147, 1, 0x18E4, 1, 0x5ACA, 4,
    0x8BCA, 1, 0x7B47, 5, 0xA488, 2, 0x7B47, 12,
    0x4A27, 3, 0x10A3, 1, 0x7800, 1, 0x1082, 1,
    0x4841, 1, 0x7B47, 1, 0xDE0C, 1, 0x6862, 1,
    0x3A09, 1, 0x6925, 2, 0x4841, 1, 0x3985, 1,
    0x18C5, 19, 0x63B0, 1, 0x2924, 1, 0xB50B, 1,
    0x6925, 1, 0x5000, 1, 0xB50B, 1, 0x732B, 1,
    0xB50B, 2, 0x52CC, 2, 0x63B0, 2, 0x632E, 2,
    0xB50B, 1, 0x63B0, 1, 0x632E, 1, 0xB50B, 2,
    0x63B0, 1, 0x94D3, 2, 0x8986, 1, 0x2924, 1,
    0x10A3, 1, 0xA269, 1, 0x39A8, 1, 0x6CB4, 2,
    0x8986, 1, 0x2147, 2, 0x63B0, 2, 0x6CB4, 6,
    0x63B0, 5, 0x42CC, 4, 0x94D3, 1, 0x63B0, 1,
    0x632E, 1, 0x42CC, 2, 0x3A09, 1, 0x39A8, 3,
    0x3A09, 2, 0x5ACA, 4, 0x4A27, 1, 0x42CC, 1,
    0x2147, 2, 0x8BCA, 1, 0xA488, 1, 0x7B47, 6,
    0xA488, 1, 0x7B47, 2, 0xA488, 4, 0x7B47, 10,
    0x4A27, 2, 0x9000, 1, 0x7B47, 1, 0x6862, 1,
    0x18E4, 1, 0x4A27, 1, 0xDE0C, 1, 0x6862, 1,
    0x52CC, 2, 0x3A09, 1, 0x4841, 1, 0x6862, 1,
    0x6925, 1, 0x18C5, 17, 0x9000, 1, 0x632E, 1,
    0xDE0C, 1, 0x6800, 1, 0x6000, 1, 0xDE0C, 1,
    0x732B, 2, 0xB50B, 1, 0x632E, 1, 0xB50B, 2,
    0x63B0, 1, 0x632E, 4, 0xB50B, 2, 0x94D3, 1,
    0x63B0, 2, 0x94D3, 2, 0x63B0, 1, 0x632E, 1,
    0x6862, 1, 0x2800, 1, 0x8986, 1, 0x6800, 1,
    0x3A09, 1, 0x6CB4, 1, 0x18E4, 2, 0x2147, 1,
    0x632E, 1, 0x63B0, 6, 0x2147, 5, 0x52CC, 3,
    0x42CC, 5, 0x3A09, 5, 0x5ACA, 2, 0xB50B, 5,
    0x8BCA, 1, 0x5ACA, 2, 0xA488, 3, 0x7B47, 2,
    0xA488, 3, 0x7B47, 4, 0xA488, 7, 0x7B47, 4,
    0xB50B, 2, 0xA488, 1, 0x7B47, 2, 0x6800, 1,
    0xA488, 1, 0x4104, 1, 0x18E4, 1, 0xDE0C, 1,
    0x6862, 1, 0x52CC, 3, 0x4841, 1, 0x8986, 1,
    0x2800, 1, 0x18C5, 17, 0x9000, 1, 0x6862, 1,
    0x7B47, 1, 0x6000, 1, 0x5ACA, 1, 0xB50B, 1,
    0x6862, 1, 0xDE0C, 2, 0x5ACA, 1, 0xB50B, 1,
    0xDE0C, 5, 0x63B0, 1, 0x632E, 1, 0x8986, 2,
    0x63B0, 1, 0x8986, 1, 0x632E, 1, 0x8986, 2,
    0x9083, 1, 0x8000, 1, 0x4000, 1, 0x2800, 2,
    0x8986, 1, 0x39A8, 1, 0x3985, 1, 0x2104, 1,
    0x18E4, 1, 0x2147, 2, 0x42CC, 2, 0x2147, 1,
    0x632E, 2, 0x52CC, 4, 0x632E, 1, 0x42CC, 2,
    0x3A09, 1, 0x52CC, 5, 0x3A09, 2, 0x63B0, 1,
    0x94D3, 1, 0xDE0C, 3, 0xB50B, 6, 0x8BCA, 2,
    0xA488, 1, 0x7B47, 1, 0xA488, 7, 0x7B47, 3,
    0xA488, 5, 0xB50B, 3, 0xA488, 3, 0xB50B, 1,
    0x7B47, 1, 0xA488, 2, 0x7B47, 2, 0x2800, 1,
    0x10A3, 1, 0x18C3, 1, 0x2924, 1, 0x6862, 1,
    0x52CC, 3, 0x4841, 1, 0x6862, 1, 0xDE0C, 1,
    0x2800, 1, 0x18C5, 15, 0x94D3, 1, 0xDE0C, 1,
    0x6862, 1, 0x6000, 2, 0xB50B, 1, 0x6925, 2,
    0x5ACA, 1, 0x6CB4, 1, 0x63B0, 1, 0x632E, 1,
    0xDE0C, 1, 0x63B0, 1, 0x2800, 1, 0xA269, 2,
    0x8000, 1, 0x6862, 1, 0x39A8, 1, 0x4841, 1,
    0x4104, 1, 0x6862, 3, 0x4104, 2, 0x6800, 7,
    0x3A09, 2, 0x632E, 3, 0x52CC, 7, 0x3A09, 2,
    0x52CC, 1, 0x3A09, 1, 0x52CC, 1, 0x3A09, 3,
    0x63B0, 4, 0xDE0C, 9, 0xB50B, 3, 0xA488, 6,
    0x7B47, 1, 0xA488, 1, 0x7B47, 1, 0xA488, 1,
    0x7B47, 1, 0xA488, 3, 0xB50B, 6, 0xA488, 2,
    0xB50B, 3, 0x732B, 1, 0xDE0C, 1, 0x7B47, 1,
    0xA488, 1, 0x7B47, 2, 0x4000, 1, 0x2104, 1,
    0x2924, 1, 0x6862, 1, 0x52CC, 3, 0x4841, 1,
    0x6862, 1, 0xDE0C, 1, 0x2800, 1, 0x18C5, 15,
    0x9000, 1, 0xDE0C, 1, 0x5ACA, 1, 0x5000, 1,
    0x7B47, 1, 0x9000, 1, 0xDE0C, 1, 0x9000, 1,
    0x6800, 2, 0x4062, 3, 0x3A09, 18, 0x42CC, 1,
    0x632E, 4, 0x52CC, 1, 0x632E, 3, 0x52CC, 4,
    0x3A09, 1, 0x52CC, 3, 0x42CC, 2, 0x94D3, 1,
    0x63B0, 4, 0x632E, 1, 0x63B0, 2, 0xDE0C, 7,
    0xB50B, 5, 0xA488, 5, 0x18C5, 1, 0xA488, 10,
    0xB50B, 2, 0xA488, 1, 0xB50B, 1, 0xA488, 1,
    0xB50B, 2, 0xA269, 1, 0x8986, 3, 0xA488, 1,
    0xDE0C, 1, 0x7B47, 3, 0x4841, 1, 0x6862, 2,
    0x6925, 1, 0x3A09, 1, 0x52CC, 1, 0x4841, 1,
    0xDE0C, 2, 0xB50B, 1, 0x18C5, 15, 0xA801, 1,
    0xDE0C, 1, 0x632E, 1, 0x2924, 1, 0xDE0C, 1,
    0x6862, 3, 0x5ACA, 1, 0x52CC, 4, 0x632E, 7,
    0x52CC, 8, 0x63B0, 2, 0x632E, 1, 0x52CC, 1,
    0x632E, 2, 0x52CC, 3, 0x7B47, 1, 0x52CC, 2,
    0x42CC, 1, 0x52CC, 1, 0x42CC, 1, 0x94D3, 9,
    0x63B0, 2, 0x94D3, 2, 0xDE0C, 1, 0x94D3, 2,
    0xDE0C, 5, 0xB50B, 5, 0xA488, 5, 0x18C5, 3,
    0x2924, 1, 0x3985, 2, 0xA488, 9, 0xB50B, 1,
    0xA488, 1, 0xB50B, 1, 0x94D3, 1, 0xA269, 1,
    0x9083, 1, 0xA269, 2, 0xB50B, 3, 0xDE0C, 1,
    0xB50B, 1, 0x7B47, 1, 0xA145, 1, 0x6862, 1,
    0x6925, 3, 0xA145, 1, 0xDE0C, 2, 0x2800, 1,
    0x18C5, 14, 0xA269, 1, 0x9000, 2, 0xA269, 1,
    0x2800, 1, 0x6800, 1, 0x6862, 1, 0x6925, 1,
    0x52CC, 2, 0x632E, 1, 0x63B0, 1, 0x632E, 6,
    0x63B0, 1, 0x632E, 10, 0x63B0, 3, 0x632E, 1,
    0x52CC, 2, 0x732B, 1, 0x52CC, 1, 0x94D3, 10,
    0xFECD, 5, 0x94D3, 3, 0xDE0C, 6, 0x94D3, 1,
    0xB50B, 1, 0xDE0C, 1, 0xB50B, 5, 0xA488, 5,
    0x18C5, 5, 0x3985, 1, 0x18C3, 2, 0x1082, 3,
    0xA488, 2, 0x7B47, 3, 0xA488, 2, 0x7B47, 1,
    0xB50B, 1, 0xA488, 2, 0xB50B, 6, 0xA488, 1,
    0xFECD, 1, 0xA801, 1, 0x6862, 4, 0xA145, 1,
    0xDE0C, 2, 0x2800, 1, 0x18C5, 14, 0x10A3, 1,
    0x9000, 1, 0xA269, 1, 0x6800, 1, 0x6862, 2,
    0x6925, 1, 0x52CC, 2, 0x632E, 2, 0x8BCA, 3,
    0x63B0, 2, 0x52CC, 3, 0x5ACA, 2, 0x632E, 3,
    0x63B0, 1, 0x632E, 2, 0x63B0, 1, 0x632E, 1,
    0x94D3, 15, 0xFECD, 9, 0x63B0, 1, 0x94D3, 1,
    0xFECD, 1, 0xDE0C, 7, 0x63B0, 1, 0xDE0C, 1,
    0xB50B, 4, 0xA488, 4, 0x18C5, 5, 0x18C3, 1,
    0x18E4, 1, 0x18C3, 2, 0x10A3, 2, 0x1082, 4,
    0x10A3, 1, 0x3985, 1, 0x4A27, 1, 0x7B47, 1,
    0xA488, 1, 0x7B47, 1, 0xB50B, 2, 0x7B47, 2,
    0xB50B, 1, 0x732B, 1, 0xB50B, 1, 0xFECD, 1,
    0xB50B, 1, 0xA488, 1, 0xFECD, 1, 0x4A27, 1,
    0x6862, 1, 0x6000, 2, 0xA145, 1, 0xDE0C, 2,
    0x2800, 1, 0x18C5, 13, 0x9000, 1, 0x10A3, 1,
    0x94D3, 1, 0x6862, 1, 0x6925, 4, 0x52CC, 2,
    0x632E, 1, 0x8BCA, 3, 0x2104, 2, 0x2924, 1,
    0x6862, 1, 0x4841, 1, 0x6862, 1, 0x8986, 3,
    0x39A8, 1, 0x632E, 1, 0x94D3, 22, 0xFECD, 4,
    0x94D3, 1, 0xFECD, 3, 0x63B0, 2, 0xFECD, 1,
    0xDE0C, 3, 0x632E, 2, 0xDE0C, 7, 0xB50B, 1,
    0xA488, 2, 0x18C5, 5, 0x18C3, 1, 0x18E4, 2,
    0x18C3, 1, 0x2147, 1, 0x3A09, 2, 0x39A8, 1,
    0x10A3, 2, 0x1082, 2, 0x10A3, 1, 0x1082, 1,
    0x4062, 2, 0x4A27, 1, 0x7B47, 2, 0xB50B, 1,
    0x7B47, 1, 0x732B, 1, 0xB50B, 2, 0xA269, 2,
    0xA488, 1, 0xB50B, 2, 0x4A27, 1, 0x3985, 1,
    0x4000, 1, 0x3985, 1, 0xDE0C, 2, 0x2800, 1,
    0x18C5, 13, 0x9000, 1, 0xA145, 1, 0x632E, 1,
    0x6925, 1, 0x7800, 1, 0x6800, 1, 0x6925, 2,
    0x52CC, 2, 0x39A8, 1, 0x2104, 2, 0x6925, 1,
    0x2924, 1, 0x18C5, 1, 0x18C3, 2, 0x6800, 2,
    0x8000, 1, 0x6862, 4, 0x39A8, 1, 0x632E, 2,
    0x63B0, 3, 0x94D3, 17, 0x6CB4, 1, 0x94D3, 3,
    0x632E, 1, 0xFECD, 1, 0xDE0C, 1, 0xFECD, 1,
    0xA488, 2, 0xFECD, 1, 0xDE0C, 2, 0x632E, 1,
    0x2104, 2, 0x39A8, 1, 0xDE0C, 2, 0xA488, 1,
    0xDE0C, 5, 0x18C5, 5, 0x18C3, 1, 0x18E4, 1,
    0x18C3, 1, 0x3985, 1, 0xA145, 1, 0x6925, 2,
    0x4A27, 1, 0x6925, 1, 0xA145, 1, 0x8986, 1,
    0x6925, 1, 0x1082, 4, 0x7800, 1, 0x4062, 1,
    0x4A27, 1, 0x7B47, 1, 0xB50B, 1, 0x732B, 1,
    0x8986, 1, 0xA269, 1, 0x8986, 1, 0x9083, 2,
    0x732B, 1, 0xDE0C, 1, 0xB50B, 1, 0x4A27, 1,
    0x4062, 1, 0x2800, 2, 0xB50B, 1, 0x18C5, 15,
    0x9083, 1, 0x2924, 1, 0xA488, 2, 0x7800, 1,
    0x6800, 1, 0x6925, 1, 0x2104, 1, 0x2924, 2,
    0x6862, 1, 0x6925, 1, 0x6862, 1, 0x18C3, 3,
    0x18E4, 2, 0x10A3, 1, 0x1082, 1, 0x6800, 2,
    0x8000, 3, 0x2924, 2, 0x3985, 1, 0x39A8, 1,
    0xB50B, 2, 0x63B0, 1, 0x3A09, 1, 0x63B0, 2,
    0x94D3, 12, 0xDE0C, 1, 0x94D3, 1, 0x63B0, 3,
    0x2147, 1, 0x94D3, 1, 0xDE0C, 2, 0xA488, 1,
    0x8BCA, 1, 0xFECD, 1, 0xDE0C, 2, 0x8BCA, 1,
    0xDE0C, 2, 0x2147, 1, 0xDE0C, 8, 0x18C5, 4,
    0x18C3, 1, 0x18E4, 1, 0x8986, 1, 0x6925, 2,
    0xA145, 1, 0x6925, 1, 0x4A27, 1, 0x3985, 1,
    0x39A8, 1, 0x8986, 1, 0x4A27, 1, 0x8986, 1,
    0x6925, 2, 0x10A3, 2, 0x1082, 1, 0x7800, 1,
    0x4062, 1, 0x4A27, 1, 0x7B47, 1, 0xB50B, 1,
    0xA269, 1, 0x8986, 1, 0x732B, 1, 0x94D3, 1,
    0xB50B, 1, 0x7B47, 1, 0x4A27, 3, 0x1082, 1,
    0x6925, 1, 0x2800, 1, 0x18C5, 15, 0x94D3, 1,
    0xA488, 3, 0x7800, 1, 0x6000, 1, 0x5000, 1,
    0x6000, 1, 0x6800, 1, 0x6000, 1, 0x6862, 1,
    0x5000, 1, 0x18C5, 1, 0x18C3, 1, 0x18E4, 1,
    0x18C3, 2, 0x2147, 1, 0x94D3, 1, 0x3A09, 1,
    0x63B0, 1, 0x1082, 3, 0x6800, 2, 0x6000, 1,
    0x3985, 1, 0x2147, 2, 0x3985, 1, 0x3A09, 3,
    0x63B0, 2, 0xA269, 1, 0x63B0, 2, 0x94D3, 2,
    0xA269, 2, 0x632E, 1, 0x63B0, 1, 0x94D3, 1,
    0xFECD, 2, 0xDE0C, 3, 0xFECD, 1, 0xB50B, 1,
    0x39A8, 1, 0xFECD, 1, 0xDE0C, 2, 0xB50B, 2,
    0x94D3, 1, 0xFECD, 1, 0xDE0C, 2, 0x8BCA, 2,
    0xB50B, 1, 0xDE0C, 1, 0xB50B, 1, 0xDE0C, 1,
    0x8BCA, 1, 0xDE0C, 3, 0x18C5, 4, 0x10A3, 1,
    0x3985, 1, 0x6925, 1, 0x8986, 1, 0x6925, 1,
    0x3985, 1, 0x20E3, 2, 0x10A3, 1, 0x20E3, 2,
    0x10A3, 1, 0x20E3, 1, 0x2924, 1, 0x3985, 1,
    0x8986, 1, 0xA145, 1, 0x4A27, 1, 0x10A3, 1,
    0x8000, 1, 0x4062, 1, 0x3985, 1, 0x7B47, 2,
    0xB50B, 1, 0x7B47, 3, 0x4A27, 6, 0x2800, 1,
    0x18C5, 15, 0x8000, 1, 0x63B0, 1, 0xA488, 1,
    0x2924, 1, 0x4104, 1, 0x5000, 3, 0x6000, 1,
    0x5000, 2, 0x18C5, 2, 0x18C3, 1, 0x18E4, 1,
    0x6925, 2, 0xA145, 1, 0x6925, 2, 0x3985, 1,
    0x8986, 1, 0x4A27, 1, 0x6925, 1, 0xA145, 1,
    0x10A3, 2, 0x8000, 1, 0x7800, 1, 0x39A8, 3,
    0x3A09, 1, 0x39A8, 2, 0x63B0, 2, 0x632E, 1,
    0x63B0, 4, 0x3985, 1, 0x39A8, 1, 0x3A09, 1,
    0xDE0C, 1, 0xFECD, 4, 0xDE0C, 1, 0xB50B, 1,
    0x94D3, 2, 0xDE0C, 5, 0xA488, 1, 0x6CB4, 1,
    0xDE0C, 1, 0xB50B, 2, 0xDE0C, 1, 0xB50B, 2,
    0xA488, 2, 0xDE0C, 1, 0x7B47, 1, 0xDE0C, 2,
    0xA488, 1, 0x18C5, 4, 0x20E3, 1, 0x3985, 1,
    0xA145, 1, 0x3985, 1, 0x2924, 1, 0x20E3, 1,
    0x2924, 6, 0x20E3, 1, 0x10A3, 1, 0x2924, 1,
    0x3985, 1, 0x8986, 1, 0x4A27, 1, 0x2924, 1,
    0x10A3, 1, 0x7800, 1, 0x4062, 1, 0x3985, 1,
    0x7B47, 3, 0x8986, 1, 0x4A27, 6, 0x3985, 1,
    0x18C5, 16, 0x3A09, 1, 0x7B47, 1, 0x3A09, 1,
    0x10A3, 1, 0x6000, 1, 0x5000, 2, 0x6000, 1,
    0x5000, 2, 0x18C5, 2, 0x18C3, 1, 0x2924, 1,
    0xA145, 1, 0x8986, 1, 0x4A27, 1, 0x3985, 1,
    0x2924, 5, 0x6925, 4, 0x2924, 1, 0x8000, 1,
    0x39A8, 1, 0x632E, 1, 0x63B0, 1, 0x6CB4, 1,
    0x63B0, 1, 0x39A8, 1, 0x2147, 1, 0x3A09, 1,
    0x39A8, 1, 0x63B0, 3, 0x39A8, 1, 0x2147, 1,
    0xB50B, 1, 0xFECD, 6, 0xB50B, 1, 0xFECD, 1,
    0xDE0C, 6, 0xFECD, 1, 0xA488, 1, 0x39A8, 2,
    0xDE0C, 1, 0x7B47, 1, 0xB50B, 4, 0xDE0C, 1,
    0x63B0, 1, 0x7B47, 1, 0xDE0C, 3, 0x18C5, 4,
    0x4A27, 1, 0x3985, 1, 0x6925, 1, 0x20E3, 1,
    0x10A3, 2, 0x2924, 2, 0x7B47, 1, 0x4A27, 2,
    0x7B47, 1, 0x2924, 2, 0x20E3, 1, 0x10A3, 1,
    0x2924, 1, 0x8986, 1, 0xA145, 1, 0x10A3, 1,
    0x8000, 2, 0x4000, 1, 0x4A27, 10, 0x18C5, 17,
    0x0862, 1, 0x1082, 1, 0x18E4, 1, 0x6925, 1,
    0x6000, 2, 0x4000, 1, 0x6000, 3, 0x18C5, 2,
    0x3985, 1, 0xA145, 1, 0x6925, 1, 0x2924, 1,
    0x20E3, 1, 0x2924, 5, 0x20E3, 1, 0x10A3, 1,
    0x2924, 1, 0x3985, 1, 0xA145, 1, 0x4A27, 1,
    0x2924, 1, 0x39A8, 1, 0x632E, 1, 0x39A8, 2,
    0x3A09, 1, 0x63B0, 1, 0x3A09, 1, 0x63B0, 2,
    0x6CB4, 1, 0x63B0, 1, 0x39A8, 1, 0x2147, 1,
    0xA488, 1, 0xFECD, 7, 0xB50B, 2, 0xA488, 1,
    0xDE0C, 1, 0x39A8, 2, 0x3A09, 1, 0x39A8, 1,
    0x2147, 2, 0xA488, 1, 0x39A8, 1, 0xB50B, 1,
    0x7B47, 1, 0x63B0, 1, 0x39A8, 1, 0x2147, 2,
    0x2104, 1, 0x0000, 1, 0xA488, 1, 0xDE0C, 1,
    0xA488, 1, 0x18C5, 2, 0x7B47, 1, 0x10A3, 1,
    0x20E3, 1, 0x6925, 2, 0x2924, 1, 0x20E3, 1,
    0x2924, 1, 0x7B47, 1, 0x4A27, 1, 0x10A3, 1,
    0x4000, 2, 0x20E3, 1, 0x4000, 1, 0x10A3, 1,
    0x3985, 1, 0x2924, 3, 0x3985, 1, 0x8986, 1,
    0x6925, 1, 0x10A3, 1, 0x8000, 2, 0x4062, 2,
    0x3985, 1, 0x4A27, 5, 0x18C5, 19, 0x4000, 2,
    0x5000, 2, 0x4000, 3, 0x6000, 2, 0x18C5, 2,
    0x2924, 1, 0x4A27, 1, 0x6925, 1, 0x4A27, 1,
    0x10A3, 2, 0x2924, 2, 0x7B47, 2, 0x4A27, 1,
    0x2924, 2, 0x20E3, 1, 0x10A3, 1, 0x2924, 1,
    0x8986, 1, 0xA145, 1, 0x2147, 1, 0x632E, 2,
    0x39A8, 3, 0x2147, 1, 0x3A09, 1, 0x39A8, 2,
    0x4841, 2, 0xA488, 2, 0xFECD, 7, 0xB50B, 1,
    0xA488, 2, 0x3A09, 1, 0x20E3, 6, 0xFECD, 1,
    0xA488, 1, 0x732B, 1, 0x9000, 1, 0x7B47, 1,
    0x20E3, 4, 0xA488, 1, 0xDE0C, 1, 0xA488, 2,
    0x18C5, 3, 0x10A3, 1, 0x2924, 1, 0x3985, 2,
    0x20E3, 1, 0x2924, 1, 0x7B47, 1, 0x3985, 1,
    0x10A3, 1, 0x20E3, 6, 0x4000, 1, 0x4A27, 1,
    0x2924, 2, 0x20E3, 1, 0x3985, 2, 0x10A3, 2,
    0x7800, 1, 0x4841, 1, 0x4000, 1, 0x1082, 1,
    0x3985, 1, 0x4A27, 3, 0x18C5, 20, 0x4000, 6,
    0x5000, 1, 0x6000, 1, 0x5000, 1, 0x18C5, 2,
    0x3985, 1, 0xA145, 1, 0x3985, 1, 0x20E3, 1,
    0x2924, 1, 0x7B47, 1, 0x1082, 1, 0x10A3, 1,
    0x4000, 1, 0x20E3, 2, 0x10A3, 1, 0x3985, 1,
    0x2924, 3, 0x3985, 1, 0x6925, 1, 0x10A3, 1,
    0x2147, 2, 0x39A8, 3, 0x4841, 1, 0x39A8, 1,
    0x18C3, 1, 0x10A3, 2, 0xA488, 2, 0xFECD, 8,
    0x3A09, 1, 0xA801, 2, 0x63B0, 1, 0xA488, 1,
    0xFECD, 6, 0xA488, 1, 0x39A8, 1, 0x9000, 2,
    0x39A8, 1, 0xDE0C, 4, 0xA488, 3, 0x18C5, 3,
    0x39A8, 1, 0x2924, 1, 0x3985, 1, 0x2924, 1,
    0x20E3, 1, 0x2924, 1, 0x4A27, 1, 0x10A3, 1,
    0x20E3, 3, 0x0862, 1, 0x10A3, 1, 0x20E3, 3,
    0x10A3, 1, 0x7B47, 1, 0x2924, 3, 0x4A27, 1,
    0x39A8, 1, 0x10A3, 1, 0x6000, 1, 0x4841, 2,
    0x1082, 1, 0x3985, 1, 0x4A27, 1, 0x6925, 1,
    0x18C5, 21, 0x4000, 6, 0x5000, 1, 0x6000, 1,
    0x5000, 1, 0x18C5, 2, 0x3985, 2, 0x20E3, 1,
    0x2924, 1, 0x7B47, 1, 0x3985, 1, 0x10A3, 1,
    0x20E3, 5, 0x4000, 1, 0x10A3, 1, 0x2924, 3,
    0x3985, 1, 0x2147, 3, 0x2104, 1, 0x2147, 1,
    0x39A8, 1, 0x6000, 1, 0x8000, 1, 0x6000, 1,
    0x4062, 2, 0xA488, 1, 0xFECD, 8, 0xDE0C, 1,
    0x39A8, 1, 0xA801, 1, 0x9083, 1, 0xA269, 2,
    0x39A8, 1, 0xA488, 6, 0x3A09, 1, 0x9000, 1,
    0x6862, 1, 0x5ACA, 1, 0x3985, 1, 0xA488, 6,
    0x18C5, 2, 0x6CB4, 1, 0x20E3, 1, 0x3985, 1,
    0x4A27, 1, 0x20E3, 1, 0x2924, 1, 0x7B47, 1,
    0x4000, 1, 0x20E3, 1, 0x10A3, 2, 0x20E3, 2,
    0x10A3, 4, 0x20E3, 1, 0x10A3, 1, 0x7B47, 1,
    0x2924, 2, 0x3985, 1, 0x3A09, 1, 0x10A3, 2,
    0x4841, 2, 0x1082, 1, 0x4062, 1, 0x4A27, 1,
    0x18C5, 22, 0x4000, 6, 0x5000, 1, 0x6000, 2,
    0x18C5, 1, 0x20E3, 1, 0x3985, 2, 0x20E3, 1,
    0x2924, 1, 0x7B47, 1, 0x10A3, 1, 0x20E3, 3,
    0x10A3, 1, 0x20E3, 2, 0x10A3, 1, 0x20E3, 1,
    0x3985, 1, 0x7B47, 1, 0x20E3, 1, 0x2924, 1,
    0x3985, 1, 0x10A3, 1, 0x6000, 1, 0x4841, 1,
    0x39A8, 1, 0x2147, 1, 0x4841, 1, 0x7800, 1,
    0x4062, 2, 0x7B47, 1, 0xDE0C, 1, 0xFECD, 4,
    0xDE0C, 1, 0xFECD, 3, 0xDE0C, 1, 0x2147, 1,
    0xA801, 1, 0x3985, 1, 0x9083, 2, 0xA269, 1,
    0x3985, 4, 0x3A09, 1, 0x7B47, 1, 0x2147, 1,
    0x8986, 1, 0x6862, 2, 0x8986, 1, 0x3985, 3,
    0x2104, 1, 0xA488, 1, 0x18C5, 4, 0x2924, 1,
    0x3985, 2, 0x20E3, 1, 0x2924, 1, 0x4A27, 1,
    0x4000, 1, 0x20E3, 3, 0x10A3, 1, 0x20E3, 2,
    0x10A3, 2, 0x20E3, 2, 0x10A3, 1, 0x4A27, 1,
    0x7B47, 1, 0x20E3, 1, 0x3985, 1, 0x3A09, 1,
    0x39A8, 1, 0x10A3, 1, 0x4841, 2, 0x6925, 2,
    0x18C5, 23, 0x4000, 1, 0x2800, 1, 0x4000, 4,
    0x5000, 2, 0x18C5, 2, 0x2924, 1, 0x3985, 1,
    0x2924, 2, 0x7B47, 1, 0x3985, 1, 0x20E3, 1,
    0x10A3, 1, 0x1082, 1, 0x20E3, 1, 0x10A3, 1,
    0x20E3, 1, 0x10A3, 2, 0x20E3, 1, 0x10A3, 1,
    0x7B47, 1, 0x2924, 2, 0x3985, 1, 0x2147, 1,
    0x7800, 1, 0x4841, 1, 0x2147, 1, 0x63B0, 1,
    0x4841, 1, 0x6000, 1, 0x4062, 1, 0x7B47, 1,
    0xA488, 1, 0xDE0C, 5, 0xA488, 2, 0xDE0C, 4,
    0x7B47, 1, 0x2147, 1, 0xA269, 1, 0x9083, 6,
    0x8986, 1, 0x7B47, 1, 0x18C3, 1, 0x3985, 1,
    0x6862, 6, 0x2924, 1, 0x7B47, 1, 0x18C5, 4,
    0x3985, 1, 0x4A27, 1, 0x3985, 1, 0x2924, 2,
    0x4A27, 1, 0x10A3, 1, 0x20E3, 1, 0x10A3, 1,
    0x18C3, 1, 0x10A3, 2, 0x0862, 1, 0x10A3, 1,
    0x20E3, 1, 0x10A3, 2, 0x20E3, 1, 0x3985, 1,
    0x2924, 2, 0x3985, 1, 0x63B0, 1, 0x3A09, 1,
    0x10A3, 1, 0x18C3, 1, 0xA145, 1, 0x18C5, 26,
    0x2800, 1, 0x4000, 4, 0x5000, 2, 0x18C5, 2,
    0x2924, 1, 0x3985, 1, 0x2924, 1, 0x20E3, 1,
    0x4A27, 1, 0x10A3, 1, 0x20E3, 2, 0x10A3, 2,
    0x20E3, 1, 0x10A3, 2, 0x20E3, 2, 0x10A3, 1,
    0x4A27, 1, 0x2924, 1, 0x20E3, 1, 0x3985, 1,
    0x3A09, 1, 0x10A3, 1, 0x4841, 1, 0x632E, 1,
    0x4841, 2, 0x4062, 1, 0x4A27, 1, 0xA488, 8,
    0x7B47, 1, 0x4A27, 1, 0x7B47, 1, 0xA488, 3,
    0x0862, 1, 0x2147, 1, 0x3A09, 8, 0x2147, 1,
    0x3985, 1, 0x2924, 1, 0x3A09, 1, 0x2924, 6,
    0x18C5, 3, 0x20E3, 1, 0x2924, 1, 0x3985, 1,
    0x2924, 1, 0x20E3, 1, 0x9083, 1, 0xA488, 1,
    0x18C3, 1, 0x10A3, 1, 0x20E3, 2, 0x6000, 1,
    0x10A3, 3, 0x20E3, 1, 0x10A3, 2, 0x6000, 1,
    0x7B47, 1, 0x8986, 1, 0x3985, 1, 0x2924, 1,
    0x3A09, 2, 0x2147, 1, 0x18C3, 1, 0x18C5, 27,
    0x2800, 1, 0x4000, 3, 0x5000, 3, 0x18C5, 1,
    0x20E3, 1, 0x2924, 2, 0x20E3, 1, 0x2924, 1,
    0xA488, 1, 0x20E3, 1, 0x10A3, 1, 0x20E3, 1,
    0x6000, 1, 0x10A3, 3, 0x6000, 1, 0x10A3, 2,
    0x6000, 1, 0x7B47, 1, 0x8986, 1, 0x20E3, 1,
    0x2924, 1, 0x3A09, 1, 0x2147, 1, 0x6000, 1,
    0x4841, 3, 0x4A27, 1, 0x7B47, 1, 0xA488, 5,
    0x7B47, 1, 0x4A27, 1, 0x3985, 1, 0x4062, 2,
    0x4A27, 1, 0x7B47, 1, 0xA488, 3, 0x7B47, 1,
    0x1082, 9, 0x4000, 2, 0x4062, 1, 0x4104, 3,
    0x4062, 2, 0x4104, 1, 0x3985, 1, 0x18C5, 3,
    0x3985, 1, 0x39A8, 1, 0x3985, 1, 0x2924, 2,
    0x4A27, 1, 0x10A3, 1, 0x20E3, 1, 0x10A3, 1,
    0x20E3, 2, 0x10A3, 1, 0x0862, 1, 0x10A3, 1,
    0x20E3, 1, 0x10A3, 1, 0x20E3, 2, 0x4A27, 1,
    0x7B47, 1, 0x2924, 1, 0x3985, 1, 0x3A09, 1,
    0x39A8, 1, 0x18E4, 1, 0x18C5, 28, 0x2800, 1,
    0x4000, 3, 0x6000, 3, 0x18C5, 1, 0x20E3, 1,
    0x3985, 1, 0x4A27, 1, 0x2924, 2, 0x4A27, 1,
    0x10A3, 1, 0x18C3, 1, 0x10A3, 1, 0x20E3, 1,
    0x10A3, 3, 0x20E3, 1, 0x10A3, 2, 0x20E3, 1,
    0x3985, 1, 0x2924, 1, 0x20E3, 1, 0x3985, 1,
    0x3A09, 1, 0x2147, 1, 0x4841, 3, 0x4062, 1,
    0x3985, 1, 0x7B47, 5, 0x4A27, 1, 0x3985, 1,
    0x4062, 4, 0x3985, 1, 0x7B47, 5, 0x4A27, 1,
    0x3985, 1, 0x4062, 2, 0x10A3, 1, 0x1082, 1,
    0x4000, 4, 0x4062, 1, 0x4104, 1, 0x3985, 7,
    0x18C5, 3, 0x20E3, 1, 0x3985, 2, 0x2924, 2,
    0x7B47, 1, 0x3985, 1, 0x4000, 1, 0x10A3, 3,
    0x20E3, 1, 0x10A3, 1, 0x20E3, 1, 0x10A3, 2,
    0x20E3, 2, 0x7B47, 1, 0x2924, 3, 0x3A09, 1,
    0x2147, 1, 0x18C3, 1, 0x18C5, 28, 0x4000, 1,
    0x2800, 1, 0x4000, 3, 0x5000, 2, 0x18C5, 2,
    0x2924, 1, 0x3985, 1, 0x2924, 1, 0x20E3, 1,
    0x4A27, 1, 0x10A3, 1, 0x4000, 1, 0x20E3, 2,
    0x10A3, 1, 0x20E3, 1, 0x10A3, 3, 0x20E3, 2,
    0x4A27, 1, 0x7B47, 1, 0x20E3, 1, 0x3985, 1,
    0x3A09, 1, 0x18E4, 1, 0x2147, 1, 0x10A3, 2,
    0x4062, 1, 0x4A27, 4, 0x4062, 4, 0x10A3, 1,
    0x4000, 2, 0x4062, 1, 0x3985, 1, 0x4A27, 3,
    0x3985, 3, 0x4062, 3, 0x4000, 6, 0x4062, 1,
    0x4104, 1, 0x3985, 6, 0x18C5, 5, 0x3985, 1,
    0x4A27, 1, 0x3985, 1, 0x2924, 2, 0x4A27, 1,
    0x10A3, 1, 0x18C3, 1, 0x10A3, 1, 0x0862, 1,
    0x10A3, 2, 0x20E3, 2, 0x10A3, 1, 0x20E3, 1,
    0x10A3, 1, 0x7B47, 1, 0x2924, 1, 0x20E3, 1,
    0x2924, 1, 0x3A09, 1, 0x18E4, 2, 0x18C5, 29,
    0x2800, 2, 0x4000, 1, 0x2800, 1, 0x4000, 2,
    0x18C5, 2, 0x20E3, 1, 0x3985, 2, 0x20E3, 1,
    0x2924, 1, 0x4A27, 1, 0x10A3, 1, 0x20E3, 1,
    0x10A3, 1, 0x20E3, 1, 0x10A3, 1, 0x20E3, 2,
    0x0862, 1, 0x20E3, 1, 0x10A3, 1, 0x7B47, 1,
    0x2924, 2, 0x3985, 1, 0x3A09, 1, 0x18E4, 1,
    0x4841, 1, 0x10A3, 1, 0x1082, 1, 0x4062, 1,
    0x3985, 3, 0x4062, 1, 0x1082, 1, 0x0862, 1,
    0x1082, 1, 0x10A3, 1, 0x4062, 1, 0x4000, 2,
    0x4062, 1, 0x3985, 4, 0x4062, 4, 0x4000, 7,
    0x4062, 1, 0x4104, 1, 0x3985, 1, 0x42CC, 1,
    0x3985, 2, 0x3A09, 1, 0x42CC, 1, 0x2924, 1,
    0x18C5, 5, 0x2924, 1, 0x3985, 2, 0x2924, 2,
    0x7B47, 1, 0x4A27, 1, 0x20E3, 4, 0x10A3, 2,
    0x20E3, 1, 0x18C3, 1, 0x4000, 1, 0x10A3, 1,
    0x7B47, 1, 0x2924, 1, 0x20E3, 1, 0x2924, 1,
    0x39A8, 1, 0x18C3, 1, 0x18C5, 30, 0x0000, 1,
    0x2800, 1, 0x0000, 1, 0x2800, 4, 0x18C5, 2,
    0x2924, 1, 0x3985, 1, 0x2924, 1, 0x20E3, 1,
    0x7B47, 1, 0x4A27, 1, 0x20E3, 3, 0x0862, 1,
    0x10A3, 1, 0x20E3, 2, 0x4000, 1, 0x10A3, 1,
    0x2924, 2, 0x20E3, 1, 0x4A27, 1, 0x39A8, 1,
    0x18E4, 1, 0x18C5, 1, 0x10A3, 1, 0x4062, 3,
    0x10A3, 2, 0x1082, 1, 0x10A3, 5, 0x4062, 1,
    0x4000, 2, 0x4062, 4, 0x4000, 12, 0x4062, 1,
    0x3A09, 1, 0x42CC, 1, 0x2104, 1, 0x18C5, 1,
    0x18E4, 1, 0x0000, 1, 0x18C5, 1, 0x0000, 1,
    0x2104, 1, 0x18C5, 4, 0x3985, 2, 0x8986, 1,
    0x10A3, 1, 0x20E3, 1, 0x2924, 1, 0x4A27, 1,
    0x10A3, 2, 0x4000, 1, 0x20E3, 2, 0x4000, 1,
    0x3985, 1, 0x7B47, 1, 0x2924, 2, 0x20E3, 1,
    0x3985, 1, 0x8986, 1, 0x2147, 1, 0x18E4, 1,
    0x18C5, 32, 0x2800, 1, 0x0000, 2, 0x2800, 2,
    0x18C5, 2, 0x20E3, 1, 0x6925, 1, 0x8986, 1,
    0x2924, 1, 0x20E3, 1, 0x2924, 1, 0x4A27, 1,
    0x10A3, 2, 0x4000, 1, 0x20E3, 1, 0x4000, 1,
    0x10A3, 1, 0x7B47, 1, 0x2924, 2, 0x20E3, 1,
    0x3985, 1, 0x6925, 1, 0x18E4, 1, 0x18C5, 2,
    0x4062, 1, 0x1082, 1, 0x4062, 1, 0x1082, 2,
    0x10A3, 8, 0x4000, 7, 0x4841, 1, 0x4000, 2,
    0x4841, 4, 0x18C5, 5, 0x2924, 1, 0x0000, 1,
    0x18C5, 1, 0x0000, 1, 0x2924, 1, 0x18C5, 3,
    0x10A3, 1, 0x18C5, 4, 0x3985, 1, 0xA145, 2,
    0x20E3, 3, 0x2924, 1, 0x4A27, 2, 0x3985, 1,
    0x10A3, 2, 0x3985, 1, 0x4A27, 1, 0x2924, 4,
    0x8986, 1, 0xA145, 1, 0x18E4, 2, 0x18C5, 40,
    0x3985, 1, 0xA145, 1, 0x3985, 1, 0x20E3, 2,
    0x7B47, 1, 0x4A27, 2, 0x10A3, 2, 0x3985, 1,
    0x4A27, 1, 0x2924, 4, 0x8986, 1, 0xA145, 1,
    0x18C3, 1, 0x18C5, 2, 0x10A3, 1, 0x1082, 3,
    0x4062, 1, 0x4000, 3, 0x4841, 1, 0x4000, 7,
    0x4841, 1, 0x18C5, 15, 0x18E4, 1, 0x18C5, 3,
    0x18E4, 1, 0x2924, 1, 0x18C5, 1, 0x0000, 1,
    0x18C5, 6, 0x4A27, 1, 0x3985, 1, 0x4A27, 1,
    0x20E3, 1, 0x10A3, 2, 0x2924, 2, 0x7B47, 1,
    0x4A27, 2, 0x7B47, 1, 0x2924, 2, 0x20E3, 1,
    0x10A3, 1, 0x2924, 1, 0x8986, 1, 0xA145, 1,
    0x18E4, 1, 0x18C5, 41, 0x2924, 1, 0x3985, 1,
    0x6925, 1, 0x20E3, 1, 0x10A3, 2, 0x2924, 5,
    0x20E3, 1, 0x10A3, 1, 0x2924, 1, 0x3985, 1,
    0xA145, 1, 0x4A27, 1, 0x20E3, 1, 0x18C5, 3,
    0x4841, 1, 0x10A3, 1, 0x4841, 2, 0x18C5, 29,
    0x0000, 3, 0x18C5, 2, 0x2924, 1, 0x18C5, 7,
    0x20E3, 1, 0x3985, 1, 0xA145, 1, 0x3985, 1,
    0x2924, 1, 0x20E3, 1, 0x2924, 5, 0x10A3, 1,
    0x20E3, 1, 0x2924, 1, 0x3985, 1, 0x8986, 1,
    0xA145, 1, 0x4A27, 1, 0x10A3, 1, 0x18C5, 43,
    0x3985, 1, 0x6925, 1, 0x8986, 1, 0x6925, 1,
    0x3985, 1, 0x20E3, 4, 0x10A3, 1, 0x20E3, 2,
    0x3985, 1, 0x8986, 1, 0xA145, 1, 0x4A27, 1,
    0x18C5, 38, 0x18C3, 1, 0x18C5, 12, 0x20E3, 1,
    0x2924, 1, 0xA145, 1, 0x8986, 1, 0x4A27, 2,
    0x2924, 6, 0x6925, 4, 0x2924, 1, 0x18C5, 46,
    0x6925, 1, 0x8986, 1, 0x4A27, 1, 0x3985, 1,
    0x2924, 5, 0x6925, 3, 0x18C5, 56, 0x6925, 2,
    0xA145, 1, 0x6925, 1, 0x4A27, 1, 0x6925, 1,
    0x4A27, 1, 0x8986, 1, 0x4A27, 1, 0x6925, 1,
    0xA145, 1, 0x18C5, 51, 0x3985, 1, 0xA145, 1,
    0x6925, 2, 0x4A27, 1, 0x6925, 1, 0x8986, 1,
    0x3985, 1, 0x18C5, 60, 0x8986, 1, 0x6925, 2,
    0xA145, 1, 0x4A27, 1, 0xA145, 1, 0x8986, 1,
    0x18C5, 56, 0x3A09, 2, 0x39A8, 1, 0x18C5, 65,
    0x2147, 2, 0x18C5, 6179, 0x18C5, 4037, 0x18E4, 2,
    0x9000, 2, 0x8000, 4, 0x18C5, 110, 0x94D3, 2,
    0x63B0, 3, 0xDE0C, 2, 0x52CC, 1, 0x632E, 1,
    0x8986, 1, 0x52CC, 2, 0x8986, 1, 0x632E, 3,
    0x52CC, 1, 0x2800, 1, 0x7800, 3, 0x5000, 1,
    0x6000, 2, 0x6800, 1, 0x18C5, 99, 0x63B0, 1,
    0x94D3, 1, 0x632E, 1, 0xDE0C, 2, 0x52CC, 1,
    0x632E, 1, 0xDE0C, 2, 0x63B0, 1, 0x52CC, 1,
    0xB50B, 2, 0x63B0, 1, 0x52CC, 3, 0x632E, 2,
    0x6000, 1, 0x5000, 2, 0x4000, 1, 0x6000, 5,
    0x6800, 2, 0xA269, 1, 0x6800, 1, 0x18C5, 94,
    0x94D3, 2, 0x632E, 2, 0x63B0, 1, 0x632E, 4,
    0x5ACA, 1, 0x6925, 1, 0x6862, 1, 0x42CC, 1,
    0x2924, 1, 0x18E4, 1, 0xB50B, 1, 0xA488, 1,
    0xB50B, 1, 0x2924, 1, 0x6000, 1, 0x4000, 1,
    0x5000, 1, 0x6000, 3, 0x5000, 1, 0x6000, 1,
    0x8986, 2, 0x6000, 1, 0x10A3, 1, 0x3A09, 1,
    0x42CC, 1, 0x632E, 2, 0x42CC, 1, 0x18C3, 1,
    0x18C5, 36, 0x2800, 2, 0x18C5, 52, 0x63B0, 1,
    0xA269, 1, 0x632E, 1, 0x8986, 3, 0x9083, 1,
    0x8000, 1, 0x7800, 5, 0x6800, 2, 0x6000, 3,
    0x5000, 1, 0x4000, 2, 0x6000, 4, 0x8986, 2,
    0x18C3, 1, 0x2104, 1, 0x6000, 1, 0x3A09, 1,
    0x52CC, 1, 0x63B0, 1, 0x6000, 1, 0x3A09, 1,
    0x632E, 1, 0x63B0, 3, 0x3A09, 1, 0x5000, 1,
    0x18C5, 31, 0x2800, 2, 0xA269, 2, 0x18C5, 51,
    0x63B0, 1, 0xA269, 1, 0x8986, 2, 0x9083, 1,
    0x8000, 3, 0x7800, 5, 0x6800, 1, 0x6000, 3,
    0x5000, 1, 0x4000, 2, 0x5000, 3, 0x6000, 1,
    0x8986, 2, 0x10A3, 1, 0x6000, 1, 0x42CC, 1,
    0x632E, 2, 0x42CC, 1, 0x3A09, 1, 0x6000, 1,
    0x3A09, 1, 0x632E, 1, 0x63B0, 1, 0x6000, 1,
    0x3A09, 1, 0x632E, 1, 0x63B0, 1, 0x632E, 1,
    0x52CC, 1, 0x2104, 1, 0x18C5, 28, 0x2800, 1,
    0xA269, 2, 0xA145, 2, 0x18C5, 50, 0x8000, 1,
    0x8986, 1, 0xA269, 1, 0x6925, 1, 0x2924, 4,
    0x8986, 2, 0x6800, 6, 0x5000, 2, 0x4000, 1,
    0x5000, 5, 0x8986, 1, 0x18C3, 1, 0x42CC, 4,
    0x3A09, 1, 0x6000, 1, 0x632E, 3, 0x52CC, 1,
    0x3A09, 1, 0x6000, 1, 0x3A09, 1, 0x632E, 2,
    0x3A09, 1, 0x42CC, 1, 0x632E, 1, 0x63B0, 2,
    0x10A3, 1, 0x18C5, 25, 0x2800, 1, 0xA269, 1,
    0x39A8, 1, 0xA145, 1, 0xA801, 2, 0x18C5, 39,
    0xA269, 1, 0x2800, 1, 0x8986, 5, 0x6800, 3,
    0x9083, 1, 0x8986, 2, 0x6925, 1, 0x2104, 1,
    0x10A3, 4, 0x18C3, 4, 0x8986, 3, 0xA269, 2,
    0x632E, 1, 0x6800, 1, 0x7800, 2, 0x5000, 2,
    0x8986, 1, 0x2104, 1, 0x3A09, 1, 0x42CC, 1,
    0x632E, 5, 0x42CC, 1, 0x3A09, 1, 0x6000, 1,
    0x52CC, 2, 0x42CC, 1, 0x3A09, 1, 0x5000, 1,
    0x3A09, 1, 0x632E, 2, 0x5000, 1, 0x42CC, 1,
    0x632E, 1, 0x63B0, 2, 0x4841, 1, 0x52CC, 1,
    0x42CC, 1, 0x7B47, 1, 0x2147, 1, 0x52CC, 1,
    0x632E, 1, 0x18C5, 14, 0x2800, 1, 0x94D3, 1,
    0x7800, 1, 0xA269, 1, 0xA145, 1, 0x3A09, 1,
    0xA801, 2, 0x18C5, 35, 0xA269, 1, 0x9000, 1,
    0x94D3, 1, 0xDE0C, 1, 0xB50B, 1, 0x63B0, 2,
    0x632E, 2, 0x63B0, 2, 0x632E, 1, 0x63B0, 1,
    0x8986, 1, 0x8000, 1, 0x8986, 1, 0xA269, 1,
    0x2924, 1, 0x18C3, 1, 0x632E, 1, 0x63B0, 9,
    0x18C3, 3, 0x10A3, 1, 0x2800, 1, 0x7800, 6,
    0x6800, 1, 0x5000, 1, 0x10A3, 1, 0x3A09, 2,
    0x42CC, 1, 0x632E, 3, 0x42CC, 3, 0x39A8, 1,
    0x5000, 1, 0x52CC, 1, 0x42CC, 1, 0x3A09, 1,
    0x5000, 1, 0x3A09, 1, 0x52CC, 1, 0x632E, 1,
    0x6000, 1, 0x632E, 4, 0x3A09, 1, 0x63B0, 3,
    0x632E, 7, 0x8986, 5, 0x2800, 2, 0x94D3, 1,
    0xA269, 1, 0x3A09, 1, 0xA145, 1, 0xA801, 2,
    0x3A09, 1, 0x8000, 2, 0x18C5, 31, 0x2800, 1,
    0x63B0, 2, 0xDE0C, 1, 0xB50B, 1, 0x7800, 1,
    0x6925, 1, 0xB50B, 2, 0x8BCA, 1, 0x4A27, 1,
    0x732B, 1, 0xB50B, 1, 0x63B0, 1, 0x52CC, 1,
    0x632E, 3, 0x8986, 1, 0x2104, 1, 0x2924, 2,
    0x42CC, 1, 0x63B0, 2, 0x6CB4, 1, 0x63B0, 1,
    0x6CB4, 7, 0x63B0, 3, 0x18C3, 2, 0x8000, 1,
    0x63B0, 6, 0x7800, 1, 0x6800, 1, 0x6000, 1,
    0x5000, 1, 0x2104, 1, 0x18E4, 1, 0x42CC, 2,
    0x52CC, 2, 0x42CC, 2, 0x39A8, 1, 0x5000, 1,
    0x632E, 1, 0x42CC, 1, 0x3A09, 1, 0x5000, 1,
    0x42CC, 1, 0x632E, 2, 0x5000, 1, 0x3A09, 1,
    0x632E, 3, 0x18E4, 1, 0x63B0, 2, 0x632E, 7,
    0x8986, 2, 0x2800, 1, 0x94D3, 1, 0xA801, 1,
    0xA269, 2, 0xA145, 1, 0x3A09, 1, 0xA801, 2,
    0x8000, 1, 0xA801, 1, 0x5000, 1, 0x8000, 1,
    0x18C5, 28, 0xA269, 1, 0x3985, 1, 0xDE0C, 1,
    0x6800, 1, 0xB50B, 1, 0x5ACA, 1, 0xB50B, 1,
    0x2924, 1, 0xB50B, 2, 0x3985, 1, 0xB50B, 1,
    0x63B0, 1, 0x632E, 1, 0x52CC, 1, 0xB50B, 2,
    0x63B0, 3, 0xA269, 1, 0x3A09, 1, 0x2924, 1,
    0x42CC, 2, 0x63B0, 5, 0x6CB4, 9, 0x63B0, 1,
    0x2147, 1, 0x20E3, 1, 0x6862, 1, 0x2104, 1,
    0x42CC, 3, 0x2147, 1, 0x2104, 1, 0x63B0, 3,
    0x6800, 1, 0x7800, 2, 0x5000, 1, 0x18C3, 1,
    0x3A09, 1, 0x52CC, 3, 0x632E, 1, 0x42CC, 1,
    0x39A8, 1, 0x6000, 1, 0x632E, 2, 0x42CC, 1,
    0x5000, 1, 0x42CC, 1, 0x632E, 2, 0x5000, 1,
    0x3A09, 1, 0x632E, 2, 0x42CC, 1, 0x4000, 1,
    0x6925, 2, 0x2800, 2, 0xA269, 3, 0x6000, 1,
    0xA269, 3, 0x39A8, 1, 0xA145, 1, 0xA801, 2,
    0x6CB4, 1, 0xA801, 1, 0x4000, 1, 0xA801, 2,
    0x4000, 1, 0x5000, 1, 0x18C5, 26, 0xDE0C, 1,
    0x5ACA, 1, 0x8986, 1, 0xDE0C, 2, 0xB50B, 6,
    0x63B0, 3, 0xB50B, 2, 0x63B0, 1, 0xDE0C, 1,
    0xB50B, 1, 0x63B0, 1, 0x94D3, 1, 0x8986, 1,
    0x52CC, 1, 0x2924, 1, 0x3A09, 1, 0x42CC, 1,
    0x632E, 1, 0x63B0, 7, 0x6CB4, 6, 0x63B0, 1,
    0x632E, 1, 0x42CC, 1, 0x2924, 1, 0x20E3, 1,
    0x63B0, 5, 0x632E, 1, 0x42CC, 1, 0x2147, 2,
    0x63B0, 1, 0x94D3, 1, 0x6800, 1, 0x7800, 3,
    0x10A3, 1, 0x3A09, 1, 0x52CC, 2, 0x632E, 2,
    0x42CC, 1, 0x3A09, 1, 0x5000, 1, 0x632E, 2,
    0x52CC, 1, 0x3A09, 1, 0x5000, 1, 0x52CC, 2,
    0x5000, 1, 0x18C3, 1, 0x2104, 1, 0x3A09, 1,
    0x5000, 1, 0x4000, 1, 0xA269, 2, 0xA801, 1,
    0xA269, 2, 0x94D3, 1, 0xA145, 2, 0xA801, 1,
    0x6CB4, 1, 0xA801, 3, 0x94D3, 1, 0x4000, 1,
    0x6800, 1, 0x39A8, 1, 0x4000, 1, 0x7800, 1,
    0x18C5, 24, 0x6925, 1, 0x6000, 1, 0xDE0C, 1,
    0x732B, 1, 0xB50B, 1, 0xDE0C, 1, 0xB50B, 3,
    0x63B0, 1, 0x52CC, 1, 0x632E, 2, 0xB50B, 1,
    0x63B0, 1, 0x632E, 1, 0x94D3, 1, 0xB50B, 1,
    0x94D3, 1, 0x63B0, 1, 0x94D3, 1, 0x63B0, 1,
    0x52CC, 1, 0x2104, 1, 0x8986, 1, 0x3A09, 1,
    0x2924, 1, 0x42CC, 1, 0x632E, 3, 0x63B0, 13,
    0x2147, 1, 0x2924, 1, 0x2147, 1, 0x632E, 3,
    0x63B0, 1, 0x6CB4, 3, 0x63B0, 4, 0x42CC, 1,
    0x2147, 1, 0x9083, 1, 0x7800, 4, 0x4000, 1,
    0x39A8, 1, 0x42CC, 2, 0x632E, 2, 0x42CC, 1,
    0x3A09, 1, 0x5000, 1, 0x632E, 1, 0x42CC, 2,
    0x39A8, 1, 0x5000, 1, 0x2104, 2, 0x10A3, 1,
    0x4000, 1, 0x5000, 1, 0xA145, 3, 0x3A09, 1,
    0xA145, 1, 0xA801, 1, 0x6CB4, 1, 0xA801, 3,
    0x94D3, 1, 0x8000, 1, 0x4000, 2, 0x3A09, 1,
    0x6000, 1, 0x4000, 1, 0x7B47, 1, 0x2800, 2,
    0xA801, 1, 0x18C5, 20, 0x6925, 1, 0x6000, 1,
    0xDE0C, 1, 0x8986, 1, 0xDE0C, 1, 0x5ACA, 1,
    0xB50B, 1, 0xDE0C, 1, 0xB50B, 3, 0x52CC, 3,
    0xB50B, 3, 0x94D3, 1, 0x632E, 1, 0x63B0, 2,
    0x94D3, 1, 0x632E, 1, 0x2924, 1, 0x10A3, 1,
    0xA269, 1, 0x6925, 2, 0x2924, 1, 0x42CC, 1,
    0x632E, 5, 0x63B0, 11, 0x42CC, 1, 0x3985, 1,
    0x20E3, 1, 0x2147, 1, 0x42CC, 1, 0x632E, 2,
    0x20E3, 5, 0x63B0, 4, 0x42CC, 1, 0x94D3, 1,
    0x9083, 2, 0x8000, 4, 0x7800, 1, 0x5000, 1,
    0x18C3, 1, 0x42CC, 2, 0x632E, 1, 0x42CC, 1,
    0x39A8, 1, 0x5000, 1, 0x3A09, 1, 0x18E4, 1,
    0x10A3, 1, 0x1082, 1, 0x5000, 1, 0x7800, 1,
    0x8000, 1, 0x5000, 1, 0xA801, 6, 0x6CB4, 1,
    0x9000, 1, 0x8000, 2, 0x3A09, 1, 0x2800, 1,
    0xA269, 1, 0x4000, 1, 0x4062, 1, 0x4000, 1,
    0x1082, 1, 0x4062, 1, 0x7B47, 1, 0x4000, 1,
    0x9000, 1, 0x18C5, 17, 0xDE0C, 3, 0x2800, 1,
    0x8000, 1, 0x6862, 2, 0x7800, 1, 0xA269, 2,
    0x2800, 2, 0x9000, 2, 0x632E, 1, 0xA269, 1,
    0x632E, 2, 0xA269, 1, 0x632E, 1, 0x8986, 3,
    0x632E, 1, 0x6862, 2, 0x2800, 1, 0x6800, 1,
    0x6862, 1, 0x6925, 1, 0x2104, 1, 0x42CC, 2,
    0x632E, 4, 0x63B0, 11, 0x632E, 1, 0x42CC, 1,
    0x6862, 1, 0x18C3, 5, 0x52CC, 1, 0x2147, 1,
    0x52CC, 1, 0x632E, 2, 0x63B0, 2, 0x2924, 2,
    0x2104, 1, 0x2924, 1, 0x63B0, 1, 0x9083, 1,
    0x8000, 4, 0x7800, 4, 0x4000, 1, 0x18E4, 1,
    0x39A8, 1, 0x4841, 1, 0x18C3, 1, 0x5000, 1,
    0x4000, 1, 0x7800, 1, 0x8000, 3, 0x5000, 1,
    0xA801, 3, 0x3A09, 1, 0xA801, 2, 0x7800, 1,
    0x3A09, 1, 0x5000, 1, 0x4000, 1, 0x9083, 1,
    0xA801, 1, 0x4000, 2, 0x39A8, 1, 0x4000, 1,
    0x4062, 1, 0x6925, 1, 0x1082, 1, 0x7B47, 1,
    0x4000, 1, 0xA801, 1, 0x18C5, 15, 0x63B0, 1,
    0x6862, 1, 0x8986, 2, 0x632E, 1, 0x8986, 1,
    0x4062, 3, 0x3A09, 2, 0x52CC, 4, 0x42CC, 1,
    0x6862, 1, 0x6925, 1, 0x6862, 2, 0x8986, 2,
    0x1082, 1, 0x2800, 2, 0x6000, 2, 0x2800, 2,
    0x8986, 1, 0x2924, 1, 0x10A3, 1, 0x2924, 1,
    0x42CC, 9, 0x632E, 1, 0x63B0, 5, 0x632E, 2,
    0x42CC, 1, 0x2924, 1, 0x9083, 2, 0x632E, 1,
    0x8986, 1, 0xA269, 1, 0x94D3, 3, 0x632E, 1,
    0x3A09, 8, 0x63B0, 9, 0x8986, 3, 0x8000, 2,
    0x7800, 2, 0x8000, 5, 0x5000, 1, 0x9000, 1,
    0x8000, 1, 0x7800, 1, 0x94D3, 1, 0x7800, 1,
    0x4000, 2, 0xA801, 1, 0x4000, 2, 0x3A09, 1,
    0x4000, 4, 0x4062, 1, 0x3985, 1, 0x9083, 1,
    0x18C3, 1, 0xDE0C, 1, 0x2800, 1, 0xA801, 1,
    0x18C5, 11, 0x8000, 2, 0x9083, 1, 0x8986, 2,
    0x632E, 2, 0x63B0, 2, 0x632E, 10, 0x52CC, 1,
    0x42CC, 3, 0x3A09, 2, 0x6925, 5, 0x6000, 1,
    0x8986, 1, 0x6800, 1, 0x2924, 1, 0x3A09, 1,
    0x6925, 1, 0x2924, 2, 0x3A09, 2, 0x2924, 1,
    0x18E4, 1, 0x2104, 1, 0x2924, 1, 0x2104, 1,
    0x2147, 2, 0x632E, 1, 0x63B0, 1, 0x94D3, 3,
    0x63B0, 1, 0x94D3, 3, 0x52CC, 3, 0x3A09, 7,
    0x5ACA, 1, 0x39A8, 1, 0x4104, 2, 0x39A8, 2,
    0x18C3, 3, 0x2104, 1, 0x6925, 3, 0x4104, 5,
    0x4841, 7, 0x5000, 3, 0xA801, 1, 0x7800, 1,
    0x5000, 1, 0xA801, 1, 0x3A09, 1, 0x5000, 1,
    0x8000, 1, 0xA801, 1, 0x4000, 3, 0x4A27, 1,
    0x4000, 1, 0x4A27, 1, 0xA488, 1, 0x10A3, 1,
    0x1082, 1, 0x4062, 1, 0x9083, 1, 0x18C3, 1,
    0xFECD, 1, 0x4000, 1, 0xA801, 1, 0x18C5, 10,
    0x9083, 1, 0x8986, 3, 0x52CC, 1, 0x632E, 1,
    0x63B0, 2, 0x7B47, 1, 0x8BCA, 3, 0x52CC, 4,
    0x632E, 3, 0x52CC, 4, 0x632E, 6, 0x52CC, 2,
    0x632E, 5, 0x52CC, 9, 0x632E, 1, 0x52CC, 1,
    0x63B0, 1, 0x52CC, 1, 0x632E, 1, 0x52CC, 8,
    0x3A09, 4, 0x8BCA, 4, 0x5ACA, 1, 0x20E3, 1,
    0x39A8, 1, 0x20E3, 2, 0x2104, 2, 0x3985, 3,
    0x18C3, 3, 0x4062, 1, 0x18C3, 5, 0x4062, 7,
    0x2800, 2, 0x5000, 1, 0x6000, 1, 0x4000, 1,
    0x8000, 1, 0x4000, 1, 0x39A8, 1, 0x4000, 2,
    0xFECD, 1, 0x4000, 1, 0x4A27, 1, 0x4000, 1,
    0xFECD, 1, 0x7B47, 1, 0xA488, 1, 0x4000, 1,
    0x18E4, 1, 0x1082, 1, 0x4841, 1, 0x6925, 1,
    0xB50B, 1, 0x4A27, 1, 0x4000, 1, 0xA801, 1,
    0x18C5, 8, 0x632E, 1, 0x9083, 1, 0x8000, 1,
    0x8986, 1, 0x52CC, 2, 0xB50B, 1, 0x7B47, 3,
    0x18C3, 2, 0x2104, 1, 0x4062, 2, 0x2104, 1,
    0x52CC, 4, 0x632E, 3, 0x63B0, 1, 0x632E, 1,
    0x52CC, 5, 0x42CC, 7, 0x3A09, 1, 0x42CC, 4,
    0x52CC, 1, 0x3A09, 7, 0x42CC, 1, 0x3A09, 2,
    0x42CC, 2, 0x3A09, 2, 0x52CC, 1, 0x3A09, 3,
    0x8BCA, 6, 0x732B, 1, 0x2104, 2, 0x4A27, 1,
    0x8BCA, 5, 0x7B47, 7, 0x3985, 3, 0x20E3, 3,
    0x18A2, 1, 0x20E3, 6, 0x5000, 1, 0x18A2, 1,
    0x7800, 1, 0x2800, 1, 0xA488, 1, 0x1082, 1,
    0x2800, 1, 0x4000, 2, 0xDE0C, 1, 0xA488, 1,
    0xFECD, 4, 0x4000, 1, 0x2104, 1, 0x1082, 1,
    0x4841, 1, 0x3985, 1, 0x7B47, 1, 0x2147, 1,
    0x9083, 1, 0xA801, 1, 0x18C5, 7, 0xB50B, 2,
    0x9000, 1, 0x6925, 1, 0x18C3, 3, 0x4841, 2,
    0x5000, 1, 0x18C5, 3, 0x6862, 3, 0x6925, 3,
    0x39A8, 1, 0x52CC, 1, 0x63B0, 2, 0x94D3, 2,
    0x52CC, 5, 0x42CC, 2, 0x3A09, 1, 0x732B, 1,
    0x3A09, 1, 0x42CC, 3, 0x3A09, 13, 0x632E, 3,
    0x52CC, 4, 0xB50B, 1, 0x632E, 1, 0xB50B, 2,
    0xA488, 1, 0x8BCA, 5, 0x4A27, 2, 0x8BCA, 1,
    0x7B47, 24, 0x4A27, 1, 0x5000, 1, 0x4A27, 1,
    0xA801, 1, 0x2800, 1, 0x1082, 1, 0xA801, 1,
    0x10A3, 1, 0x4062, 1, 0x2800, 1, 0x4000, 1,
    0xA488, 1, 0xFECD, 1, 0x7B47, 1, 0x3985, 1,
    0x4841, 1, 0xDE0C, 1, 0x4062, 1, 0x2104, 1,
    0x2147, 2, 0x9083, 2, 0xA145, 1, 0x9083, 2,
    0x18C5, 6, 0xB50B, 1, 0x2147, 1, 0x6800, 1,
    0x6000, 1, 0x5000, 1, 0x4841, 1, 0x5000, 1,
    0x4841, 1, 0x4000, 1, 0x18C5, 4, 0x18C3, 1,
    0x2104, 1, 0x1082, 1, 0x6800, 1, 0x6862, 4,
    0x39A8, 1, 0x52CC, 2, 0x632E, 2, 0x94D3, 10,
    0x63B0, 2, 0x94D3, 1, 0x63B0, 3, 0x94D3, 6,
    0x63B0, 3, 0x632E, 3, 0x52CC, 3, 0xB50B, 1,
    0xA488, 1, 0xB50B, 1, 0xA488, 3, 0xB50B, 3,
    0x8BCA, 1, 0x7B47, 1, 0x732B, 2, 0x7B47, 26,
    0x4A27, 1, 0x5000, 1, 0x2800, 1, 0x4000, 1,
    0x4A27, 1, 0x1082, 1, 0xA801, 1, 0x4841, 1,
    0x10A3, 2, 0x7B47, 1, 0xA488, 1, 0xB50B, 1,
    0xFECD, 2, 0x4A27, 2, 0x2147, 3, 0xA145, 1,
    0x9083, 3, 0x8000, 1, 0x9083, 1, 0x18C5, 6,
    0x52CC, 1, 0x8986, 1, 0x6000, 2, 0x4000, 3,
    0x18C5, 3, 0x18C3, 2, 0x2104, 1, 0x39A8, 2,
    0x1082, 2, 0x6000, 1, 0x6800, 2, 0x7800, 1,
    0x2104, 2, 0x2147, 2, 0x8BCA, 1, 0x63B0, 2,
    0x94D3, 8, 0x63B0, 4, 0x94D3, 1, 0x63B0, 1,
    0xDE0C, 2, 0xB50B, 5, 0x63B0, 3, 0x632E, 1,
    0x63B0, 1, 0xB50B, 1, 0x632E, 2, 0x52CC, 1,
    0xA488, 4, 0xB50B, 1, 0xA488, 2, 0x8BCA, 1,
    0xA488, 1, 0x8BCA, 1, 0xA488, 1, 0x7B47, 27,
    0x4A27, 2, 0xA801, 1, 0x2800, 1, 0x7B47, 1,
    0x3985, 3, 0x18E4, 1, 0x4000, 1, 0xDE0C, 1,
    0x7B47, 2, 0x4A27, 1, 0xFECD, 2, 0x9083, 1,
    0x2147, 1, 0x9083, 2, 0x8986, 1, 0x6925, 2,
    0x9083, 1, 0x8000, 2, 0x6925, 1, 0x18C5, 5,
    0x10A3, 1, 0x6000, 2, 0x4000, 2, 0x18C5, 3,
    0x2104, 1, 0x6925, 1, 0x6862, 1, 0x8986, 1,
    0x6862, 2, 0x3985, 1, 0x6862, 1, 0x6925, 1,
    0x0862, 2, 0x6000, 2, 0x4104, 1, 0x18E4, 1,
    0x2924, 1, 0x2147, 1, 0x39A8, 1, 0x8BCA, 1,
    0x632E, 1, 0x94D3, 8, 0x63B0, 6, 0xB50B, 4,
    0xDE0C, 2, 0xB50B, 1, 0x632E, 1, 0x63B0, 1,
    0xB50B, 6, 0x632E, 1, 0x8BCA, 1, 0xA488, 1,
    0xB50B, 1, 0xA488, 11, 0x7B47, 4, 0xA488, 20,
    0x7B47, 2, 0x4000, 1, 0x4A27, 1, 0x18C3, 1,
    0x4841, 2, 0x4062, 1, 0x2147, 1, 0x5000, 1,
    0x4A27, 1, 0xFECD, 4, 0xA145, 1, 0x9083, 1,
    0x632E, 1, 0x52CC, 1, 0x8986, 2, 0x6925, 1,
    0x6862, 2, 0xA145, 1, 0x39A8, 1, 0x18C5, 6,
    0x52CC, 1, 0x5000, 1, 0x4000, 3, 0x18C5, 2,
    0x2924, 1, 0x6862, 1, 0x6925, 1, 0x3985, 2,
    0x20E3, 4, 0x3985, 1, 0xA145, 2, 0x1082, 2,
    0x6800, 1, 0x2924, 1, 0x2147, 2, 0x39A8, 3,
    0x63B0, 3, 0x94D3, 1, 0x63B0, 2, 0x94D3, 1,
    0x63B0, 1, 0x94D3, 1, 0x63B0, 5, 0x94D3, 4,
    0xB50B, 1, 0xDE0C, 1, 0xB50B, 1, 0x632E, 2,
    0xDE0C, 1, 0xB50B, 6, 0x8BCA, 1, 0xA488, 11,
    0x18C5, 4, 0xA488, 5, 0x7B47, 1, 0xA488, 9,
    0x8BCA, 1, 0xB50B, 2, 0x8BCA, 1, 0x7B47, 1,
    0xA488, 2, 0x7B47, 1, 0xA801, 1, 0x4000, 1,
    0xFECD, 1, 0x18C3, 1, 0xA801, 1, 0x4062, 2,
    0x2104, 1, 0x4841, 1, 0xFECD, 2, 0xA145, 1,
    0x6862, 1, 0x632E, 5, 0x8986, 1, 0x6862, 1,
    0xA145, 1, 0x9083, 1, 0x39A8, 1, 0x4841, 1,
    0xA801, 1, 0x18C5, 6, 0x4000, 5, 0x18C5, 1,
    0x20E3, 1, 0x2924, 1, 0x6862, 1, 0x2924, 1,
    0x18C3, 1, 0x1082, 1, 0x20E3, 1, 0x1082, 1,
    0x18C3, 1, 0x1082, 1, 0x18C3, 1, 0x20E3, 1,
    0x6925, 1, 0x6862, 2, 0x7800, 1, 0x2147, 1,
    0x632E, 2, 0x63B0, 1, 0x39A8, 2, 0x632E, 2,
    0x8986, 1, 0x632E, 2, 0x63B0, 2, 0x8986, 2,
    0x52CC, 1, 0x632E, 1, 0xDE0C, 1, 0xB50B, 1,
    0x63B0, 1, 0x632E, 3, 0x42CC, 1, 0xDE0C, 1,
    0xB50B, 1, 0xDE0C, 1, 0x8BCA, 2, 0xDE0C, 1,
    0xB50B, 2, 0x42CC, 2, 0xA488, 2, 0x632E, 1,
    0xA488, 8, 0x18C5, 9, 0xA488, 3, 0x7B47, 2,
    0xA488, 6, 0x8BCA, 2, 0x8986, 1, 0x6925, 2,
    0x732B, 1, 0xDE0C, 1, 0x7B47, 1, 0xA488, 1,
    0x7B47, 1, 0xA801, 1, 0x4000, 1, 0xFECD, 1,
    0x0862, 1, 0x2147, 1, 0x2104, 1, 0x2147, 2,
    0xA145, 1, 0x9083, 1, 0x6862, 1, 0x632E, 5,
    0x6862, 2, 0xA145, 2, 0xFECD, 1, 0x3A09, 1,
    0x4000, 1, 0x2800, 1, 0x18C5, 7, 0x4000, 4,
    0x18C5, 2, 0x2924, 1, 0x8986, 1, 0x18C3, 2,
    0x10A3, 1, 0x20E3, 2, 0x7B47, 2, 0x20E3, 1,
    0x18A2, 1, 0x1082, 1, 0x20E3, 1, 0x6925, 1,
    0x8986, 1, 0x1082, 1, 0x2147, 1, 0x52CC, 1,
    0x2147, 2, 0x632E, 1, 0x63B0, 1, 0x632E, 3,
    0x63B0, 2, 0x632E, 2, 0x2924, 1, 0x3985, 1,
    0xB50B, 7, 0x8BCA, 1, 0x2147, 1, 0x63B0, 1,
    0xB50B, 2, 0x8BCA, 1, 0x7B47, 1, 0xDE0C, 1,
    0xA488, 1, 0x42CC, 1, 0x18C3, 2, 0xB50B, 1,
    0xA488, 1, 0xB50B, 1, 0xA488, 6, 0x18C5, 10,
    0x18E4, 2, 0x0862, 1, 0xA488, 1, 0x7B47, 1,
    0xA488, 6, 0x8BCA, 1, 0x63B0, 1, 0x8986, 1,
    0x6862, 1, 0x8986, 2, 0x6925, 1, 0xA488, 1,
    0xDE0C, 1, 0x7B47, 2, 0x6000, 1, 0x4000, 1,
    0x3A09, 1, 0x2147, 2, 0xA145, 1, 0x9083, 2,
    0x632E, 5, 0x52CC, 1, 0x6862, 1, 0xA145, 1,
    0x9083, 2, 0xFECD, 3, 0x4000, 1, 0x2800, 1,
    0x9000, 1, 0x18C5, 7, 0x4000, 4, 0x18C5, 1,
    0x20E3, 1, 0x2924, 1, 0x6925, 1, 0x1082, 1,
    0x18A2, 1, 0x7B47, 1, 0x3985, 2, 0x4104, 1,
    0x1082, 1, 0x4104, 1, 0x3985, 1, 0x20E3, 1,
    0x18C3, 1, 0x20E3, 1, 0x3985, 1, 0x8986, 1,
    0x2104, 1, 0x52CC, 2, 0x2147, 1, 0x39A8, 1,
    0x63B0, 1, 0x2924, 1, 0x3A09, 1, 0x3985, 1,
    0x632E, 3, 0x3985, 1, 0x2924, 1, 0x8BCA, 1,
    0xDE0C, 4, 0xB50B, 1, 0x8BCA, 1, 0x63B0, 3,
    0xDE0C, 3, 0x8BCA, 2, 0xDE0C, 1, 0xA488, 1,
    0x7B47, 1, 0xA488, 2, 0xB50B, 1, 0xA488, 1,
    0xB50B, 1, 0xA488, 4, 0x18C5, 9, 0x18E4, 1,
    0x18C3, 1, 0x2104, 2, 0x1082, 3, 0x0862, 1,
    0x7B47, 3, 0xA488, 2, 0x7B47, 1, 0xB50B, 1,
    0xA488, 2, 0xB50B, 4, 0xA488, 1, 0xDE0C, 1,
    0xB50B, 1, 0x7B47, 1, 0x6000, 1, 0x9083, 2,
    0xA145, 1, 0x9083, 1, 0x8986, 3, 0x632E, 3,
    0x6862, 1, 0xA145, 1, 0x7800, 1, 0x39A8, 1,
    0xFECD, 5, 0x2800, 2, 0x8000, 1, 0x18C5, 8,
    0x4000, 4, 0x18C5, 1, 0x20E3, 1, 0x2924, 1,
    0x20E3, 3, 0x4104, 1, 0x10A3, 1, 0x18A2, 3,
    0x4000, 1, 0x10A3, 1, 0x7B47, 1, 0x20E3, 3,
    0x8986, 1, 0x18C3, 1, 0x2104, 2, 0x2147, 2,
    0x632E, 1, 0x3A09, 1, 0x63B0, 1, 0x632E, 1,
    0x63B0, 1, 0x632E, 1, 0x2147, 1, 0x2104, 1,
    0xA488, 1, 0xDE0C, 5, 0x8BCA, 1, 0xDE0C, 1,
    0xA488, 6, 0xB50B, 1, 0xA488, 1, 0x63B0, 1,
    0xA488, 1, 0xB50B, 1, 0x7B47, 2, 0xA488, 2,
    0xB50B, 1, 0x7B47, 1, 0xA488, 3, 0x18C5, 7,
    0x18E4, 1, 0x2924, 1, 0x8986, 1, 0x6862, 1,
    0x8986, 1, 0x39A8, 1, 0x2147, 1, 0x1082, 1,
    0x0862, 3, 0x3985, 1, 0x4A27, 1, 0x7B47, 1,
    0xA488, 1, 0x7B47, 1, 0xB50B, 1, 0x7B47, 2,
    0xB50B, 1, 0x732B, 1, 0xB50B, 3, 0xA488, 1,
    0x7B47, 1, 0xA801, 1, 0xA145, 1, 0x9083, 2,
    0x6925, 3, 0x8986, 2, 0x6800, 1, 0xA145, 1,
    0x9083, 2, 0xFECD, 5, 0xA488, 1, 0xDE0C, 1,
    0x2800, 1, 0x7800, 1, 0x18C5, 10, 0x4000, 3,
    0x18C5, 2, 0x2924, 1, 0x3985, 1, 0x18C3, 1,
    0x20E3, 1, 0x3985, 1, 0x4000, 1, 0x18A2, 3,
    0x1082, 1, 0x18A2, 2, 0x1082, 1, 0x3985, 1,
    0x20E3, 1, 0x18C3, 1, 0x2924, 1, 0x2147, 1,
    0x2104, 2, 0x18E4, 1, 0x2104, 1, 0x39A8, 1,
    0x2924, 1, 0x3A09, 1, 0x3985, 2, 0x4841, 2,
    0xA488, 1, 0xDE0C, 6, 0x8BCA, 1, 0xA488, 1,
    0x7B47, 1, 0xA488, 3, 0xDE0C, 1, 0xA488, 1,
    0xDE0C, 1, 0xA488, 1, 0x3985, 1, 0xA488, 4,
    0x7B47, 2, 0xB50B, 1, 0x7B47, 1, 0xA488, 3,
    0x18C5, 5, 0x20E3, 1, 0x8986, 1, 0x6925, 1,
    0x6862, 1, 0x8986, 1, 0x6862, 2, 0x2924, 1,
    0x3985, 1, 0x6925, 1, 0x2924, 1, 0x0862, 3,
    0x4062, 1, 0x4A27, 1, 0x7B47, 2, 0xB50B, 1,
    0x7B47, 1, 0x732B, 1, 0xB50B, 3, 0xFECD, 1,
    0xB50B, 1, 0xA488, 1, 0xFECD, 1, 0x4A27, 1,
    0x6925, 1, 0x8000, 1, 0x9083, 2, 0x6862, 3,
    0xA145, 1, 0x9083, 1, 0xFECD, 7, 0x2800, 1,
    0x9000, 1, 0x7800, 1, 0x18C5, 12, 0x4000, 3,
    0x18C5, 1, 0x18C3, 1, 0x2924, 2, 0x18C3, 1,
    0x4A27, 1, 0x4104, 1, 0x18A2, 1, 0x1082, 2,
    0x18A2, 1, 0x1082, 1, 0x18A2, 1, 0x0862, 1,
    0x18A2, 1, 0x1082, 1, 0x7B47, 1, 0x20E3, 2,
    0x2147, 1, 0x6800, 1, 0x6000, 1, 0x4841, 1,
    0x63B0, 1, 0x39A8, 1, 0x4841, 1, 0x39A8, 1,
    0x10A3, 3, 0xA488, 1, 0xDE0C, 7, 0x8BCA, 1,
    0x7B47, 2, 0x63B0, 1, 0x2147, 2, 0x39A8, 1,
    0x2147, 1, 0x2104, 1, 0xA488, 1, 0x3985, 1,
    0xA488, 1, 0x7B47, 1, 0xA488, 5, 0x4A27, 1,
    0xA488, 2, 0x18C5, 5, 0x2924, 1, 0x6925, 3,
    0x2924, 1, 0x18C3, 1, 0x20E3, 5, 0x6862, 1,
    0xA145, 1, 0x3985, 1, 0x1082, 2, 0x4062, 1,
    0x4A27, 1, 0x7B47, 1, 0xA488, 1, 0x732B, 1,
    0x8986, 2, 0xA269, 3, 0xA488, 1, 0xB50B, 2,
    0x4A27, 1, 0x3985, 1, 0x6925, 1, 0x8000, 1,
    0x6862, 1, 0xA145, 1, 0x9083, 1, 0xFECD, 7,
    0x2800, 1, 0x8000, 1, 0x9000, 1, 0x7800, 2,
    0x18C5, 13, 0x4000, 1, 0x5000, 2, 0x18C5, 1,
    0x18C3, 1, 0x3985, 1, 0x2924, 1, 0x20E3, 1,
    0x3985, 1, 0x1082, 1, 0x18A2, 2, 0x10A3, 2,
    0x18A2, 1, 0x10A3, 2, 0x18A2, 2, 0x7B47, 1,
    0x20E3, 2, 0x39A8, 1, 0x2104, 1, 0x6800, 1,
    0x4841, 1, 0x39A8, 1, 0x2104, 1, 0x6000, 2,
    0x5000, 1, 0x2800, 1, 0xA488, 1, 0xDE0C, 9,
    0x9000, 2, 0x39A8, 1, 0x20E3, 5, 0xDE0C, 1,
    0xA488, 1, 0xB50B, 1, 0x4A27, 1, 0x52CC, 1,
    0x2147, 1, 0x2104, 1, 0x18C3, 1, 0x52CC, 1,
    0x4A27, 1, 0xA488, 2, 0x18C5, 4, 0x20E3, 1,
    0x2924, 1, 0x8986, 1, 0x2924, 1, 0x20E3, 1,
    0x18C3, 1, 0x20E3, 2, 0x18C3, 2, 0x1082, 1,
    0x18C3, 2, 0x2924, 1, 0x6925, 1, 0x6862, 1,
    0x0862, 1, 0x7800, 1, 0x4062, 1, 0x4A27, 1,
    0x7B47, 1, 0xA488, 1, 0x8986, 3, 0x9083, 2,
    0x732B, 1, 0xDE0C, 1, 0xB50B, 1, 0x4A27, 1,
    0x4062, 1, 0x2800, 1, 0x2147, 1, 0x39A8, 1,
    0x3A09, 1, 0xFECD, 5, 0x2800, 1, 0x8000, 1,
    0x7800, 4, 0x18C5, 16, 0x5000, 1, 0x4000, 1,
    0x18C5, 1, 0x18C3, 1, 0x3985, 1, 0x20E3, 2,
    0xA488, 1, 0x18A2, 1, 0x10A3, 1, 0x18C3, 1,
    0x5000, 1, 0x10A3, 1, 0x0862, 1, 0x18A2, 2,
    0x10A3, 1, 0x18A2, 1, 0x3985, 1, 0x7B47, 1,
    0x18C3, 1, 0x39A8, 1, 0x2147, 1, 0x6000, 1,
    0x4841, 1, 0x632E, 1, 0x39A8, 1, 0x4841, 1,
    0x6000, 1, 0x2800, 1, 0x7B47, 1, 0xA488, 1,
    0xDE0C, 4, 0xA488, 1, 0xDE0C, 3, 0xA488, 1,
    0x3985, 1, 0x9000, 1, 0x632E, 1, 0xA488, 1,
    0xDE0C, 5, 0xA488, 1, 0x732B, 1, 0x8000, 1,
    0x2147, 1, 0x18A2, 3, 0x0000, 1, 0x7B47, 1,
    0xA488, 2, 0x18C5, 4, 0x2924, 1, 0x8986, 1,
    0x2924, 1, 0x18C3, 1, 0x1082, 1, 0x10A3, 1,
    0x20E3, 2, 0x4A27, 1, 0x7B47, 1, 0x20E3, 1,
    0x18A2, 1, 0x10A3, 1, 0x20E3, 1, 0x2924, 1,
    0x8986, 1, 0x3985, 1, 0x18E4, 1, 0x4062, 1,
    0x3985, 1, 0x7B47, 2, 0xA488, 2, 0x732B, 1,
    0x63B0, 1, 0xB50B, 1, 0x7B47, 1, 0x4A27, 3,
    0x0862, 1, 0xA801, 1, 0x4841, 1, 0x4000, 1,
    0x3985, 1, 0xFECD, 1, 0xDE0C, 2, 0x2800, 1,
    0x7800, 4, 0x6800, 1, 0x18C5, 18, 0x2800, 1,
    0x4000, 1, 0x18C5, 1, 0x18C3, 1, 0x2924, 2,
    0x18C3, 1, 0x3985, 1, 0x1082, 1, 0x18A2, 1,
    0x10A3, 1, 0x18A2, 1, 0x1082, 2, 0x5000, 1,
    0x18A2, 1, 0x1082, 1, 0x5000, 1, 0x7B47, 1,
    0x6925, 1, 0x18C3, 1, 0x632E, 1, 0x39A8, 1,
    0x6000, 3, 0x4841, 2, 0x4062, 1, 0x7B47, 1,
    0xA488, 11, 0x2104, 1, 0x9000, 1, 0x6862, 1,
    0x3985, 1, 0xA488, 6, 0x39A8, 1, 0x8000, 1,
    0x3985, 1, 0xA488, 3, 0x7B47, 1, 0xA488, 2,
    0x18C5, 4, 0x20E3, 1, 0x2924, 1, 0x6925, 1,
    0x20E3, 1, 0x18A2, 1, 0x20E3, 1, 0x7B47, 1,
    0x4A27, 1, 0x3985, 1, 0x1082, 2, 0x4104, 1,
    0x3985, 1, 0x20E3, 1, 0x18C3, 1, 0x1082, 1,
    0x3985, 1, 0x6925, 1, 0x8986, 1, 0x7800, 1,
    0x4062, 1, 0x3985, 1, 0x7B47, 5, 0x4A27, 5,
    0x1082, 1, 0x8000, 1, 0x2800, 2, 0xA488, 1,
    0x2800, 1, 0x6800, 1, 0x7800, 3, 0x6800, 1,
    0x18E4, 2, 0x18C5, 19, 0x2800, 3, 0x18C5, 1,
    0x2924, 2, 0x18C3, 1, 0x7B47, 1, 0x4104, 1,
    0x18A2, 2, 0x10A3, 2, 0x18A2, 1, 0x10A3, 1,
    0x18A2, 1, 0x10A3, 1, 0x18A2, 1, 0x4104, 1,
    0x20E3, 1, 0x18C3, 1, 0x39A8, 2, 0x18E4, 1,
    0x4841, 3, 0x4062, 1, 0x3985, 1, 0x7B47, 1,
    0xA488, 6, 0x7B47, 1, 0x3985, 1, 0x7B47, 1,
    0xA488, 1, 0xB50B, 1, 0x10A3, 1, 0x3985, 1,
    0x6862, 2, 0x3985, 4, 0x39A8, 1, 0x7B47, 1,
    0x2104, 1, 0x8000, 1, 0x6862, 1, 0x2924, 1,
    0x7B47, 2, 0xA488, 3, 0x18C5, 4, 0x20E3, 1,
    0x2924, 1, 0x20E3, 1, 0x18C3, 1, 0x20E3, 1,
    0x7B47, 1, 0x4104, 1, 0x4000, 1, 0x18A2, 1,
    0x4000, 1, 0x18A2, 1, 0x4000, 1, 0x10A3, 1,
    0x4104, 1, 0x20E3, 3, 0x6925, 1, 0x8986, 1,
    0x18C3, 1, 0x8000, 1, 0x4000, 1, 0x4A27, 1,
    0x7B47, 2, 0x8986, 1, 0x4A27, 7, 0x2800, 2,
    0x8000, 1, 0x6800, 3, 0x7800, 1, 0x6800, 1,
    0x18E4, 4, 0x18C5, 19, 0x0000, 1, 0x2800, 2,
    0x18C5, 1, 0x20E3, 1, 0x2924, 1, 0x18C3, 1,
    0x20E3, 1, 0x3985, 1, 0x4000, 1, 0x18A2, 1,
    0x0862, 1, 0x18A2, 1, 0x10A3, 2, 0x1082, 1,
    0x18A2, 2, 0x3985, 1, 0x7B47, 1, 0x18C3, 1,
    0x39A8, 1, 0x2147, 2, 0x4841, 3, 0x4062, 1,
    0x7B47, 3, 0xA488, 3, 0x7B47, 1, 0x3985, 1,
    0x4104, 1, 0x4062, 1, 0x3985, 1, 0xA488, 3,
    0x2104, 1, 0x8986, 1, 0x6862, 6, 0x7B47, 1,
    0x10A3, 1, 0x6925, 1, 0x6862, 1, 0x6925, 1,
    0x2924, 3, 0x7B47, 2, 0x18C5, 4, 0x2924, 1,
    0x3985, 1, 0x18C3, 1, 0x20E3, 1, 0x3985, 2,
    0x1082, 1, 0x18A2, 2, 0x0862, 1, 0x1082, 1,
    0x18A2, 2, 0x4000, 1, 0x3985, 1, 0x20E3, 1,
    0x18C3, 1, 0x2924, 1, 0x6925, 1, 0x18C3, 1,
    0x8000, 2, 0x4062, 1, 0x3985, 1, 0x4A27, 8,
    0x9000, 2, 0x7800, 1, 0x6800, 3, 0x20E3, 1,
    0x2147, 1, 0x18E4, 1, 0x2147, 2, 0x2104, 1,
    0x18C5, 21, 0x2800, 1, 0x0000, 1, 0x18C5, 1,
    0x20E3, 1, 0x2924, 2, 0x20E3, 2, 0x1082, 1,
    0x18A2, 3, 0x1082, 1, 0x18A2, 1, 0x0862, 1,
    0x18A2, 1, 0x1082, 1, 0x7B47, 1, 0x20E3, 2,
    0x39A8, 1, 0x2147, 3, 0x10A3, 2, 0x4062, 1,
    0x3985, 3, 0x4062, 1, 0x7B47, 1, 0x3985, 1,
    0x4104, 1, 0x4062, 2, 0x4841, 1, 0x4062, 1,
    0x3985, 1, 0x7B47, 1, 0xA488, 2, 0x2924, 1,
    0x3A09, 7, 0x2924, 1, 0x10A3, 1, 0x18E4, 1,
    0x6862, 4, 0x18C3, 1, 0x18C5, 4, 0x20E3, 1,
    0x2924, 2, 0x18C3, 1, 0x20E3, 1, 0x4104, 1,
    0x4000, 1, 0x18A2, 1, 0x10A3, 1, 0x0862, 1,
    0x10A3, 1, 0x1082, 1, 0x18A2, 1, 0x0862, 1,
    0x18A2, 1, 0x10A3, 1, 0x7B47, 1, 0x20E3, 1,
    0x18C3, 1, 0x20E3, 1, 0x2147, 1, 0x18C3, 1,
    0x7800, 1, 0x6000, 1, 0x4062, 1, 0x4104, 1,
    0x4A27, 6, 0x8000, 1, 0x7800, 1, 0x6800, 2,
    0x20E3, 2, 0x2924, 1, 0x6925, 1, 0x2104, 1,
    0x18E4, 2, 0x2147, 2, 0x18C5, 25, 0x2924, 1,
    0x6925, 1, 0x1082, 1, 0x18A2, 1, 0x7B47, 1,
    0x3985, 1, 0x18A2, 5, 0x1082, 1, 0x10A3, 1,
    0x20E3, 3, 0x2147, 2, 0x18E4, 1, 0x4841, 1,
    0x10A3, 1, 0x1082, 1, 0x4104, 3, 0x4062, 1,
    0x0862, 2, 0x4062, 3, 0x4841, 1, 0x4062, 1,
    0x4104, 1, 0x7B47, 5, 0x0862, 8, 0x2924, 1,
    0x0862, 2, 0x18E4, 4, 0x4A27, 1, 0x18C5, 3,
    0x2924, 1, 0x3985, 1, 0x2924, 1, 0x18C3, 1,
    0x20E3, 1, 0x1082, 1, 0x4000, 1, 0x18A2, 2,
    0x1082, 1, 0x18A2, 1, 0x10A3, 2, 0x1082, 2,
    0x18A2, 1, 0x4104, 1, 0x20E3, 1, 0x18C3, 1,
    0x20E3, 1, 0x39A8, 1, 0x18E4, 1, 0x6000, 1,
    0x4841, 1, 0x4000, 1, 0x1082, 1, 0x3985, 1,
    0x4A27, 3, 0x9000, 1, 0x7800, 1, 0x6800, 1,
    0x20E3, 2, 0x18C3, 1, 0x20E3, 1, 0x1082, 1,
    0x6925, 1, 0x8986, 1, 0x2104, 1, 0x2147, 1,
    0x2104, 2, 0x2147, 1, 0x18C5, 25, 0x20E3, 1,
    0x2924, 1, 0x3985, 1, 0x18C3, 1, 0x20E3, 1,
    0x7B47, 1, 0x3985, 1, 0x4104, 1, 0x1082, 1,
    0x4000, 1, 0x10A3, 1, 0x7B47, 1, 0x20E3, 2,
    0x18C3, 1, 0x2924, 1, 0x2147, 1, 0x18E4, 3,
    0x10A3, 1, 0x4062, 3, 0x10A3, 1, 0x0862, 1,
    0x10A3, 1, 0x0862, 2, 0x4062, 1, 0x10A3, 1,
    0x4000, 2, 0x4062, 1, 0x4104, 1, 0x3985, 2,
    0x4104, 3, 0x4062, 3, 0x10A3, 1, 0x0862, 3,
    0x4000, 1, 0x2800, 1, 0x2924, 3, 0x1082, 1,
    0x0862, 1, 0x3985, 1, 0x18C5, 2, 0x18C3, 1,
    0x20E3, 1, 0x2924, 1, 0x20E3, 2, 0x6862, 1,
    0x1082, 1, 0x18A2, 4, 0x10A3, 1, 0x18A2, 1,
    0x10A3, 2, 0x18A2, 2, 0x1082, 1, 0x7B47, 1,
    0x20E3, 2, 0x39A8, 1, 0x2147, 1, 0x18E4, 1,
    0x4841, 2, 0x1082, 1, 0x4062, 1, 0x3985, 1,
    0x9000, 1, 0x7800, 2, 0x18C3, 1, 0x20E3, 1,
    0x18A2, 1, 0x10A3, 1, 0x20E3, 1, 0x2924, 1,
    0x6925, 2, 0x8986, 1, 0x2104, 3, 0x18C5, 27,
    0x1082, 1, 0x2924, 1, 0x6862, 1, 0x2924, 1,
    0x18C3, 1, 0x1082, 1, 0x20E3, 1, 0x7B47, 3,
    0x20E3, 2, 0x2924, 1, 0x1082, 1, 0x20E3, 1,
    0x8986, 2, 0x2104, 2, 0x2147, 1, 0x4062, 1,
    0x0862, 3, 0x4062, 1, 0x10A3, 5, 0x4062, 1,
    0x4000, 2, 0x4062, 1, 0x4104, 3, 0x4062, 3,
    0x4000, 8, 0x2800, 1, 0x2924, 1, 0x3985, 3,
    0x2800, 1, 0x3985, 1, 0x18C5, 3, 0x2924, 1,
    0x3985, 1, 0x2924, 1, 0x20E3, 2, 0x18A2, 1,
    0x6000, 1, 0x10A3, 1, 0x18A2, 1, 0x5000, 1,
    0x1082, 2, 0x5000, 1, 0x18A2, 1, 0x10A3, 1,
    0x18A2, 2, 0x20E3, 2, 0x18C3, 1, 0x39A8, 1,
    0x2147, 1, 0x18E4, 1, 0x4841, 3, 0x4000, 1,
    0x7800, 1, 0x2924, 1, 0x20E3, 5, 0x18C3, 1,
    0x2924, 1, 0x6925, 1, 0x8986, 1, 0x3985, 1,
    0x1082, 1, 0x2104, 1, 0x18C5, 30, 0x18C3, 1,
    0x6862, 1, 0x6925, 1, 0x2924, 1, 0x20E3, 1,
    0x18C3, 1, 0x1082, 1, 0x20E3, 2, 0x18A2, 1,
    0x1082, 1, 0x20E3, 1, 0x6925, 1, 0x3985, 1,
    0x8986, 1, 0x2147, 1, 0x2104, 2, 0x18C5, 1,
    0x10A3, 1, 0x0862, 3, 0x10A3, 7, 0x4062, 1,
    0x4000, 2, 0x4062, 3, 0x4000, 11, 0x2800, 1,
    0x2924, 1, 0x3985, 5, 0x18C5, 3, 0x20E3, 1,
    0x2924, 2, 0x18C3, 1, 0x20E3, 1, 0x1082, 1,
    0x18A2, 4, 0x10A3, 1, 0x0862, 1, 0x18A2, 2,
    0x1082, 1, 0x5000, 2, 0x6925, 1, 0x2924, 1,
    0x18C3, 1, 0x39A8, 2, 0x18C3, 2, 0x4841, 1,
    0x2104, 2, 0x2924, 1, 0x8986, 1, 0x6862, 1,
    0x3985, 1, 0x2924, 1, 0x3985, 2, 0x6862, 1,
    0x6925, 1, 0x6862, 2, 0x18C5, 35, 0x6925, 1,
    0x6862, 1, 0x3985, 1, 0x20E3, 4, 0x18C3, 1,
    0x20E3, 1, 0x2924, 1, 0x8986, 1, 0xA145, 1,
    0x1082, 1, 0x2104, 1, 0x18C5, 3, 0x6800, 1,
    0x4062, 4, 0x4000, 23, 0x2800, 1, 0x3985, 4,
    0x63B0, 1, 0x2147, 1, 0x1082, 1, 0x18C5, 3,
    0x2924, 2, 0x18C3, 1, 0x20E3, 1, 0x4104, 1,
    0x4000, 1, 0x18A2, 2, 0x10A3, 1, 0x18A2, 2,
    0x10A3, 2, 0x18A2, 3, 0x20E3, 2, 0x18C3, 1,
    0x632E, 1, 0x39A8, 1, 0x18E4, 2, 0x2147, 2,
    0x2104, 1, 0x18C5, 2, 0x2104, 1, 0x39A8, 1,
    0x3985, 1, 0x6862, 1, 0x6925, 1, 0x2924, 1,
    0x18C5, 40, 0x6925, 1, 0x6862, 1, 0x3985, 1,
    0x2924, 1, 0x3985, 2, 0xA145, 2, 0x6862, 1,
    0x18C5, 26, 0x4000, 1, 0x4841, 6, 0x4062, 1,
    0x18E4, 2, 0x39A8, 1, 0x1082, 1, 0x2147, 1,
    0x18C5, 1, 0x0000, 1, 0x10A3, 1, 0x18C5, 3,
    0x20E3, 1, 0x2924, 1, 0x20E3, 2, 0x3985, 1,
    0x10A3, 1, 0x4000, 1, 0x10A3, 1, 0x0862, 1,
    0x18A2, 1, 0x10A3, 2, 0x1082, 2, 0x18A2, 1,
    0x1082, 1, 0x7B47, 1, 0x20E3, 1, 0x18C3, 1,
    0x39A8, 1, 0x2147, 4, 0x18E4, 1, 0x18C5, 5,
    0x2104, 1, 0x18C5, 45, 0x39A8, 2, 0x2147, 1,
    0x6925, 1, 0x18C5, 37, 0x2104, 1, 0x0000, 1,
    0x18C5, 1, 0x18C3, 2, 0x18C5, 1, 0x0000, 1,
    0x0862, 1, 0x18C5, 3, 0x20E3, 1, 0x2924, 2,
    0x18C3, 1, 0x20E3, 1, 0x3985, 1, 0x1082, 1,
    0x18A2, 2, 0x0862, 1, 0x1082, 1, 0x18A2, 1,
    0x0862, 1, 0x10A3, 1, 0x1082, 1, 0x4104, 1,
    0x20E3, 3, 0x39A8, 1, 0x2147, 2, 0x18E4, 3,
    0x18C5, 92, 0x10A3, 1, 0x18C5, 2, 0x10A3, 1,
    0x2104, 1, 0x18C5, 2, 0x2104, 1, 0x18C5, 4,
    0x2924, 1, 0x6925, 1, 0x20E3, 1, 0x18A2, 1,
    0x20E3, 1, 0x4104, 1, 0x4000, 1, 0x18A2, 6,
    0x10A3, 1, 0x7B47, 1, 0x20E3, 1, 0x18C3, 1,
    0x20E3, 1, 0x39A8, 1, 0x2147, 2, 0x18E4, 1,
    0x2104, 1, 0x18C5, 94, 0x0000, 2, 0x18C5, 2,
    0x18C3, 1, 0x2104, 1, 0x18C5, 5, 0x20E3, 1,
    0x8986, 1, 0x2924, 1, 0x18C3, 1, 0x18A2, 1,
    0x20E3, 1, 0x4A27, 1, 0x10A3, 1, 0x4000, 1,
    0x18A2, 1, 0x4000, 1, 0x10A3, 1, 0x4104, 1,
    0x20E3, 2, 0x18C3, 1, 0x20E3, 1, 0x2924, 1,
    0x2147, 1, 0x18E4, 3, 0x2104, 1, 0x18C5, 95,
    0x10A3, 1, 0x18C5, 9, 0x1082, 1, 0x2924, 1,
    0x8986, 1, 0x18C3, 1, 0x1082, 1, 0x10A3, 1,
    0x20E3, 2, 0x4A27, 1, 0x1082, 1, 0x4104, 1,
    0x3985, 1, 0x7B47, 1, 0x2924, 1, 0x20E3, 1,
    0x18C3, 1, 0x2924, 1, 0x6925, 1, 0x18E4, 1,
    0x2104, 1, 0x18E4, 1, 0x2147, 1, 0x2104, 1,
    0x18C5, 106, 0x2924, 1, 0x6925, 3, 0x18C3, 1,
    0x20E3, 7, 0x18C3, 1, 0x1082, 1, 0x3985, 1,
    0x6925, 1, 0x8986, 1, 0x2147, 1, 0x2104, 3,
    0x18C5, 108, 0x20E3, 1, 0x8986, 1, 0x6925, 1,
    0x3985, 1, 0x18C3, 4, 0x1082, 1, 0x18C3, 2,
    0x20E3, 1, 0x2924, 1, 0x8986, 1, 0x3985, 1,
    0x20E3, 1, 0x2147, 1, 0x2104, 1, 0x18C5, 112,
    0x6862, 2, 0x8986, 1, 0x6862, 1, 0x20E3, 4,
    0x6862, 1, 0x6925, 1, 0x6862, 1, 0xA145, 1,
    0x3985, 1, 0x2147, 1, 0x18C5, 116, 0x8986, 1,
    0x6862, 1, 0x8986, 1, 0x3985, 3, 0x6862, 1,
    0xA145, 1, 0x3985, 1, 0x18C5, 120, 0x2104, 1,
    0x6CB4, 1, 0x39A8, 1, 0x2147, 1, 0x39A8, 1,
    0x18C5, 5933, 0x18C5, 4280, 0x94D3, 1, 0x632E, 1,
    0xDE0C, 3, 0x52CC, 1, 0x632E, 1, 0xDE0C, 2,
    0x52CC, 2, 0xB50B, 1, 0x632E, 1, 0x8986, 3,
    0x632E, 1, 0x732B, 1, 0x18C3, 1, 0x8000, 4,
    0x18C5, 101, 0x94D3, 1, 0xA269, 1, 0x632E, 2,
    0x8986, 3, 0x632E, 2, 0x5ACA, 3, 0xB50B, 3,
    0x63B0, 2, 0x52CC, 1, 0xB50B, 2, 0x632E, 2,
    0x732B, 1, 0x3A09, 1, 0x2800, 1, 0x6800, 4,
    0x7800, 1, 0x6800, 1, 0x18C5, 95, 0x63B0, 1,
    0xA269, 1, 0x8986, 2, 0x9083, 1, 0x8000, 3,
    0x7800, 6, 0x6800, 2, 0x18C3, 1, 0xA488, 1,
    0xB50B, 1, 0x2924, 1, 0x18C3, 1, 0x6000, 2,
    0x4000, 2, 0x5000, 1, 0x4000, 2, 0x6000, 8,
    0x18C5, 90, 0x6862, 1, 0x6925, 2, 0x4104, 1,
    0x18C3, 2, 0x5000, 1, 0x6000, 2, 0x7800, 4,
    0x6800, 2, 0x6000, 3, 0x5000, 2, 0x4000, 3,
    0x5000, 6, 0x6000, 5, 0x8986, 3, 0x6000, 3,
    0x18C5, 84, 0xA269, 1, 0x94D3, 2, 0x6925, 3,
    0x4104, 1, 0x18C3, 1, 0x1082, 1, 0x10A3, 1,
    0x18C3, 1, 0x6925, 4, 0x5000, 1, 0x6000, 3,
    0x5000, 2, 0x4000, 2, 0x5000, 7, 0x6925, 2,
    0x10A3, 2, 0x5000, 1, 0x2104, 1, 0x3A09, 1,
    0x42CC, 1, 0x6000, 1, 0x3A09, 1, 0x42CC, 3,
    0x3A09, 1, 0x18E4, 1, 0x18C5, 77, 0x63B0, 1,
    0xDE0C, 2, 0xB50B, 1, 0xDE0C, 1, 0x5ACA, 1,
    0x8BCA, 2, 0x6000, 1, 0x6925, 1, 0x20E3, 1,
    0x18C3, 1, 0x10A3, 1, 0x42CC, 4, 0x10A3, 4,
    0x6925, 2, 0x8986, 1, 0x5ACA, 1, 0x6000, 2,
    0x5000, 5, 0x6925, 2, 0x18C3, 1, 0x10A3, 1,
    0x2104, 1, 0x5000, 1, 0x42CC, 1, 0x632E, 1,
    0x42CC, 1, 0x3A09, 1, 0x6000, 1, 0x3A09, 1,
    0x632E, 2, 0x3A09, 1, 0x42CC, 1, 0x632E, 3,
    0x3A09, 1, 0x10A3, 1, 0x18C5, 69, 0x7B47, 1,
    0x732B, 1, 0xDE0C, 1, 0xB50B, 1, 0x52CC, 2,
    0xB50B, 2, 0x632E, 1, 0x52CC, 1, 0xB50B, 3,
    0x63B0, 1, 0x6925, 1, 0x18C3, 2, 0x42CC, 2,
    0x52CC, 1, 0x632E, 1, 0x52CC, 1, 0x632E, 1,
    0x52CC, 4, 0x10A3, 3, 0x1082, 1, 0x2800, 1,
    0x6000, 3, 0x5000, 2, 0x18E4, 1, 0x3A09, 1,
    0x42CC, 3, 0x52CC, 1, 0x42CC, 1, 0x3A09, 1,
    0x5000, 1, 0x632E, 2, 0x42CC, 1, 0x3A09, 1,
    0x6000, 1, 0x42CC, 1, 0x632E, 1, 0x6000, 1,
    0x3A09, 1, 0x52CC, 1, 0x632E, 2, 0x52CC, 1,
    0x3A09, 1, 0x6000, 1, 0x18C5, 59, 0x9000, 1,
    0x8986, 1, 0x632E, 1, 0xB50B, 1, 0x6862, 1,
    0xB50B, 3, 0x8BCA, 2, 0x632E, 1, 0x63B0, 1,
    0x52CC, 1, 0x632E, 4, 0x63B0, 1, 0xB50B, 2,
    0x63B0, 1, 0x3A09, 1, 0x18C3, 2, 0x42CC, 3,
    0x52CC, 2, 0x42CC, 1, 0x632E, 1, 0x63B0, 5,
    0x52CC, 2, 0x10A3, 2, 0x6800, 1, 0x6000, 4,
    0x5000, 1, 0x18C3, 1, 0x3A09, 1, 0x42CC, 1,
    0x52CC, 4, 0x42CC, 1, 0x3A09, 1, 0x5000, 1,
    0x632E, 2, 0x3A09, 1, 0x5000, 1, 0x3A09, 1,
    0x42CC, 2, 0x5000, 1, 0x39A8, 1, 0x42CC, 4,
    0x5000, 1, 0x18C5, 49, 0x8000, 1, 0x9083, 1,
    0x8000, 1, 0x8986, 2, 0x632E, 1, 0x8986, 1,
    0x4062, 3, 0x6925, 2, 0x7800, 1, 0x2800, 1,
    0x8000, 1, 0x632E, 1, 0x52CC, 1, 0x42CC, 1,
    0x63B0, 1, 0x94D3, 1, 0xB50B, 8, 0x63B0, 1,
    0x6925, 1, 0x39A8, 1, 0x18C3, 1, 0x3A09, 1,
    0x42CC, 6, 0x52CC, 1, 0x63B0, 4, 0x632E, 2,
    0x52CC, 1, 0x2104, 1, 0x10A3, 1, 0x4841, 1,
    0x632E, 4, 0x6000, 2, 0x5000, 1, 0x4000, 1,
    0x39A8, 1, 0x42CC, 1, 0x52CC, 4, 0x3A09, 1,
    0x2147, 1, 0x42CC, 2, 0x3A09, 1, 0x39A8, 1,
    0x5000, 1, 0x42CC, 3, 0x39A8, 1, 0x42CC, 1,
    0x632E, 2, 0x3A09, 1, 0x18C3, 1, 0x18C5, 46,
    0xA269, 1, 0x8986, 2, 0x632E, 1, 0x63B0, 2,
    0x94D3, 1, 0x63B0, 6, 0x52CC, 4, 0x3A09, 1,
    0x6800, 1, 0x8986, 1, 0x2800, 1, 0x7800, 1,
    0x8986, 1, 0x5ACA, 1, 0x8986, 1, 0xA269, 1,
    0x63B0, 4, 0x6862, 1, 0x4104, 1, 0x39A8, 1,
    0x3A09, 1, 0x42CC, 9, 0x632E, 5, 0x52CC, 1,
    0x20E3, 1, 0x10A3, 1, 0x3A09, 1, 0x632E, 1,
    0x3A09, 2, 0x2104, 1, 0x20E3, 1, 0x6000, 3,
    0x5000, 1, 0x18E4, 1, 0x3A09, 1, 0x42CC, 4,
    0x3A09, 1, 0x39A8, 1, 0x4841, 1, 0x42CC, 1,
    0x3A09, 1, 0x39A8, 1, 0x4841, 1, 0x39A8, 1,
    0x42CC, 2, 0x5000, 1, 0x42CC, 1, 0x52CC, 1,
    0x632E, 2, 0x3A09, 1, 0x18C5, 24, 0x2800, 2,
    0xA269, 1, 0x18C5, 17, 0xA801, 1, 0x8986, 1,
    0x632E, 1, 0x63B0, 1, 0xB50B, 1, 0x8BCA, 2,
    0x7B47, 2, 0x3A09, 1, 0x63B0, 5, 0x632E, 2,
    0x52CC, 3, 0x6925, 3, 0x8986, 1, 0x2800, 1,
    0x7800, 1, 0x6800, 1, 0x7800, 1, 0x2800, 2,
    0x4062, 1, 0x4104, 1, 0x18C3, 1, 0x3A09, 1,
    0x42CC, 10, 0x52CC, 3, 0x42CC, 1, 0x3A09, 2,
    0x20E3, 1, 0x2104, 1, 0x42CC, 1, 0x632E, 4,
    0x42CC, 1, 0x3A09, 1, 0x632E, 2, 0x6862, 1,
    0x6000, 1, 0x4000, 1, 0x18C3, 1, 0x3A09, 1,
    0x42CC, 4, 0x39A8, 1, 0x5000, 1, 0x42CC, 3,
    0x5000, 1, 0x39A8, 1, 0x42CC, 1, 0x52CC, 1,
    0x5000, 1, 0x39A8, 1, 0x52CC, 2, 0x632E, 1,
    0x3A09, 1, 0x4000, 1, 0x632E, 2, 0x52CC, 2,
    0x18C5, 15, 0x2800, 1, 0xA269, 5, 0x18C5, 16,
    0xA801, 1, 0x18C3, 1, 0x2104, 1, 0x3A09, 1,
    0x2924, 1, 0x4104, 1, 0x4841, 1, 0x10A3, 1,
    0x18C3, 1, 0x4062, 1, 0x39A8, 2, 0x3A09, 5,
    0x632E, 4, 0x5ACA, 3, 0x6925, 2, 0x6000, 1,
    0x8986, 1, 0x2800, 2, 0x4841, 1, 0x10A3, 1,
    0x1082, 1, 0x18C3, 1, 0x3A09, 2, 0x42CC, 7,
    0x52CC, 2, 0x42CC, 4, 0x3A09, 1, 0x20E3, 1,
    0x2104, 1, 0x42CC, 3, 0x632E, 2, 0x63B0, 1,
    0x632E, 2, 0x2104, 1, 0x632E, 1, 0x63B0, 1,
    0x6000, 1, 0x6800, 1, 0x6000, 1, 0x1082, 1,
    0x3A09, 1, 0x42CC, 4, 0x3A09, 1, 0x39A8, 1,
    0x52CC, 1, 0x42CC, 2, 0x3A09, 1, 0x5000, 1,
    0x42CC, 1, 0x52CC, 2, 0x39A8, 1, 0x42CC, 1,
    0x52CC, 2, 0x42CC, 1, 0x5000, 1, 0x63B0, 3,
    0x632E, 4, 0x8986, 1, 0x18C5, 8, 0x2800, 1,
    0xA269, 2, 0xA801, 1, 0x7800, 1, 0xA145, 3,
    0x18C5, 15, 0x8986, 1, 0x5000, 1, 0x4062, 4,
    0x18C5, 3, 0x4841, 3, 0x6862, 1, 0x4104, 1,
    0x3A09, 2, 0x52CC, 3, 0x3A09, 1, 0x52CC, 1,
    0x3A09, 1, 0x52CC, 2, 0x632E, 2, 0x5ACA, 1,
    0x52CC, 1, 0x8986, 2, 0x2924, 1, 0x52CC, 1,
    0x39A8, 1, 0x4104, 1, 0x18C3, 1, 0x2147, 1,
    0x18C3, 2, 0x3A09, 3, 0x42CC, 1, 0x52CC, 2,
    0x42CC, 5, 0x39A8, 1, 0x4841, 1, 0x10A3, 1,
    0x2104, 1, 0x3A09, 1, 0x42CC, 1, 0x10A3, 3,
    0x632E, 4, 0x52CC, 1, 0x42CC, 1, 0x63B0, 1,
    0x6862, 1, 0x6800, 1, 0x6000, 2, 0x4062, 1,
    0x3A09, 1, 0x42CC, 4, 0x39A8, 1, 0x4841, 1,
    0x52CC, 1, 0x42CC, 1, 0x3A09, 1, 0x5000, 1,
    0x3A09, 1, 0x52CC, 2, 0x5000, 1, 0x42CC, 1,
    0x52CC, 2, 0x42CC, 1, 0x18C3, 1, 0x63B0, 3,
    0x632E, 5, 0x2800, 3, 0xA269, 1, 0x94D3, 1,
    0x3A09, 1, 0xA269, 3, 0xA145, 1, 0x6CB4, 1,
    0xA801, 4, 0x18C5, 15, 0x8000, 1, 0x4000, 1,
    0x2800, 1, 0x18C5, 7, 0x5000, 1, 0x6000, 1,
    0x4841, 2, 0x2924, 1, 0x3A09, 1, 0x632E, 2,
    0x63B0, 1, 0x52CC, 2, 0x3A09, 1, 0x42CC, 2,
    0x3A09, 1, 0x52CC, 1, 0x632E, 1, 0x52CC, 1,
    0x632E, 1, 0x52CC, 2, 0x63B0, 1, 0x632E, 3,
    0xA269, 1, 0x63B0, 2, 0x2104, 1, 0x18C3, 2,
    0x18E4, 1, 0x3A09, 3, 0x39A8, 2, 0x42CC, 1,
    0x3A09, 1, 0x18E4, 1, 0x6862, 1, 0x52CC, 1,
    0x10A3, 3, 0x3A09, 1, 0x2924, 1, 0x3A09, 1,
    0x10A3, 2, 0x18E4, 1, 0x2104, 1, 0x52CC, 1,
    0x42CC, 1, 0x18E4, 1, 0x6862, 2, 0x6800, 3,
    0x4000, 1, 0x39A8, 1, 0x42CC, 5, 0x4841, 1,
    0x52CC, 2, 0x42CC, 1, 0x5000, 1, 0x3A09, 1,
    0x4000, 1, 0xA269, 5, 0x2800, 4, 0x94D3, 1,
    0xA269, 1, 0x94D3, 1, 0xA269, 1, 0x63B0, 1,
    0xA269, 1, 0x94D3, 1, 0xA269, 3, 0x94D3, 1,
    0xA145, 2, 0xA801, 2, 0x94D3, 1, 0xA801, 4,
    0x18C5, 14, 0x63B0, 1, 0x4000, 2, 0x18C5, 3,
    0x4062, 1, 0x6862, 1, 0x4062, 1, 0x2147, 2,
    0x0862, 1, 0x1082, 1, 0x6000, 1, 0x4841, 2,
    0x3A09, 2, 0x52CC, 2, 0x63B0, 2, 0x632E, 2,
    0x63B0, 2, 0x52CC, 1, 0x8BCA, 1, 0x52CC, 2,
    0x632E, 2, 0x52CC, 2, 0x632E, 1, 0x52CC, 6,
    0x63B0, 9, 0x632E, 4, 0x52CC, 1, 0x3A09, 3,
    0x42CC, 1, 0x632E, 2, 0x63B0, 3, 0x18C3, 1,
    0x2924, 1, 0x632E, 1, 0x6862, 1, 0x6800, 4,
    0x6000, 1, 0x18C3, 1, 0x3A09, 1, 0x42CC, 4,
    0x39A8, 1, 0x4841, 1, 0x42CC, 1, 0x3A09, 1,
    0xA145, 1, 0xA269, 3, 0x8000, 1, 0xA269, 4,
    0x94D3, 1, 0xA269, 5, 0x6CB4, 1, 0xA145, 4,
    0xA801, 1, 0x3A09, 1, 0xA801, 4, 0x3A09, 1,
    0x8000, 1, 0x7800, 2, 0xA801, 1, 0x18C5, 14,
    0x6000, 1, 0x4000, 1, 0x18C5, 2, 0x2924, 1,
    0x4062, 1, 0x6862, 1, 0x2924, 1, 0x4062, 2,
    0x2924, 1, 0x6925, 1, 0x0862, 2, 0x6000, 1,
    0x18C3, 3, 0x2924, 1, 0x52CC, 1, 0x632E, 2,
    0x94D3, 2, 0x6CB4, 1, 0x63B0, 3, 0x632E, 1,
    0x63B0, 2, 0x632E, 3, 0x52CC, 8, 0x632E, 7,
    0x52CC, 3, 0x3A09, 2, 0x52CC, 2, 0x8BCA, 2,
    0x42CC, 1, 0x3A09, 1, 0x6925, 1, 0x52CC, 4,
    0x63B0, 3, 0x8986, 1, 0x8000, 1, 0x6800, 4,
    0x6000, 1, 0x2800, 1, 0x18C3, 1, 0x2147, 1,
    0x42CC, 1, 0x18C3, 1, 0x10A3, 1, 0x5000, 1,
    0x4000, 1, 0xA145, 4, 0x6CB4, 1, 0xA145, 3,
    0xA801, 1, 0x3A09, 1, 0xA145, 2, 0xA801, 3,
    0x94D3, 1, 0xA801, 4, 0x3A09, 1, 0xA801, 3,
    0x7800, 1, 0x3A09, 1, 0xA801, 1, 0x5000, 2,
    0x4000, 1, 0x6000, 1, 0x18C5, 14, 0x6000, 1,
    0x4000, 1, 0x18C5, 1, 0x2924, 2, 0x4062, 2,
    0x18A2, 1, 0x10A3, 1, 0x18A2, 1, 0x18C3, 1,
    0x6862, 1, 0x4062, 1, 0x1082, 1, 0x0862, 1,
    0x4000, 1, 0x2924, 1, 0x18E4, 2, 0x8BCA, 2,
    0x632E, 1, 0x94D3, 2, 0x63B0, 1, 0x6CB4, 3,
    0x632E, 4, 0x52CC, 1, 0x63B0, 5, 0x632E, 3,
    0x3A09, 1, 0x632E, 1, 0x52CC, 7, 0x8BCA, 2,
    0x52CC, 1, 0x8BCA, 3, 0x3A09, 1, 0x2104, 1,
    0x39A8, 1, 0x2104, 2, 0x39A8, 2, 0x2104, 3,
    0x6925, 4, 0x3A09, 1, 0x632E, 2, 0x8986, 1,
    0x7800, 1, 0x6800, 1, 0x5000, 1, 0x18C3, 1,
    0x5000, 1, 0x4062, 1, 0x10A3, 1, 0x5000, 1,
    0xA801, 5, 0x3A09, 1, 0xA801, 4, 0x6CB4, 1,
    0xA801, 5, 0x3A09, 1, 0x9000, 2, 0x7800, 2,
    0x94D3, 1, 0x7800, 1, 0x4000, 2, 0x6800, 1,
    0x3A09, 1, 0x6000, 1, 0x8000, 1, 0xA801, 1,
    0x4000, 1, 0x18C5, 15, 0x5000, 1, 0x4000, 1,
    0x18C5, 1, 0x6925, 1, 0x2924, 2, 0x0862, 2,
    0x18C3, 2, 0x10A3, 2, 0x4062, 3, 0x6000, 1,
    0x2104, 1, 0x2924, 2, 0x2147, 2, 0x3985, 1,
    0x632E, 2, 0x63B0, 3, 0x6CB4, 1, 0x632E, 4,
    0x52CC, 1, 0xB50B, 3, 0x8BCA, 2, 0x632E, 1,
    0x52CC, 2, 0x3A09, 6, 0x732B, 1, 0x3A09, 1,
    0x732B, 1, 0x7B47, 2, 0x5ACA, 1, 0x7B47, 2,
    0x4A27, 1, 0x3985, 1, 0x18C3, 1, 0x3985, 1,
    0x8BCA, 2, 0x2924, 1, 0x4A27, 3, 0x20E3, 1,
    0x6862, 2, 0x18C3, 3, 0x6925, 3, 0x6862, 2,
    0x6925, 1, 0x9083, 2, 0x8000, 1, 0x7800, 1,
    0x4000, 1, 0xA801, 3, 0x8000, 1, 0xA801, 6,
    0x3A09, 1, 0xA801, 1, 0x8000, 3, 0x3A09, 1,
    0xA801, 1, 0x5000, 1, 0x4000, 2, 0x2800, 1,
    0x94D3, 1, 0x7800, 1, 0x6000, 1, 0x4000, 2,
    0xDE0C, 1, 0x2800, 2, 0x4000, 1, 0xA801, 1,
    0x18C5, 15, 0x4000, 1, 0x18C5, 1, 0x18C3, 1,
    0x4062, 1, 0x18C3, 1, 0x10A3, 2, 0x4A27, 1,
    0x18C3, 1, 0x3985, 2, 0x10A3, 1, 0x0862, 1,
    0x2924, 1, 0x6925, 1, 0x2924, 1, 0x6000, 1,
    0x42CC, 2, 0x2147, 1, 0x632E, 1, 0x3985, 1,
    0x52CC, 1, 0x6925, 1, 0x63B0, 1, 0x52CC, 1,
    0x6CB4, 1, 0x52CC, 1, 0x632E, 2, 0x52CC, 3,
    0x8BCA, 6, 0x52CC, 2, 0x42CC, 2, 0x7B47, 1,
    0x3A09, 1, 0x732B, 1, 0x7B47, 8, 0x4A27, 2,
    0x3985, 1, 0x7B47, 3, 0x4A27, 1, 0x5ACA, 2,
    0x4A27, 3, 0x2924, 5, 0x18C3, 1, 0x4841, 4,
    0x6862, 2, 0x4841, 2, 0x4000, 1, 0xA801, 1,
    0x7800, 4, 0x94D3, 1, 0x6000, 1, 0x7800, 3,
    0x3A09, 1, 0xA801, 1, 0x5000, 2, 0x4000, 1,
    0x9083, 1, 0x63B0, 1, 0x4000, 5, 0x18E4, 1,
    0x4000, 3, 0x10A3, 1, 0x4062, 1, 0x18C3, 1,
    0x4062, 1, 0x4000, 1, 0x8000, 1, 0x18C5, 15,
    0x4000, 1, 0x18C5, 1, 0x18C3, 1, 0x2924, 1,
    0x10A3, 1, 0x18C3, 1, 0x4A27, 1, 0x2924, 1,
    0x0862, 3, 0x2924, 1, 0x18C3, 1, 0x0862, 1,
    0x6862, 1, 0x2924, 1, 0x6000, 1, 0x42CC, 1,
    0x2147, 1, 0x632E, 2, 0x2147, 1, 0x52CC, 1,
    0x3A09, 1, 0x52CC, 1, 0x42CC, 1, 0x52CC, 1,
    0x6925, 2, 0x52CC, 3, 0x8BCA, 1, 0x52CC, 1,
    0x63B0, 3, 0x8BCA, 2, 0x42CC, 1, 0x52CC, 1,
    0x7B47, 1, 0x732B, 1, 0x7B47, 1, 0x3A09, 2,
    0x7B47, 9, 0x4A27, 11, 0x7B47, 2, 0x4A27, 3,
    0x20E3, 6, 0x4062, 1, 0x4000, 2, 0x8000, 1,
    0x6000, 1, 0x5000, 2, 0xA801, 1, 0x5000, 1,
    0x63B0, 1, 0x4000, 1, 0x7800, 2, 0x8000, 1,
    0x6CB4, 1, 0x4000, 5, 0x7B47, 1, 0x4000, 4,
    0x4062, 1, 0xA488, 1, 0x4000, 1, 0x1082, 1,
    0x10A3, 1, 0x6925, 1, 0x4841, 1, 0x18C3, 1,
    0x7B47, 1, 0x2800, 1, 0x5000, 1, 0xA801, 1,
    0x18C5, 14, 0x4000, 1, 0x18C5, 1, 0x2924, 1,
    0x20E3, 1, 0x18C3, 1, 0x2924, 1, 0x0862, 1,
    0x10A3, 4, 0x0862, 1, 0x4A27, 1, 0x18C3, 2,
    0x6862, 1, 0x6000, 1, 0x42CC, 1, 0x2147, 2,
    0x632E, 1, 0x2924, 1, 0x39A8, 1, 0x2924, 1,
    0x52CC, 2, 0x42CC, 1, 0x2104, 2, 0x42CC, 1,
    0x52CC, 1, 0x8BCA, 2, 0x42CC, 3, 0x3A09, 1,
    0x8BCA, 2, 0x42CC, 2, 0x732B, 1, 0x7B47, 1,
    0x732B, 1, 0x7B47, 1, 0x42CC, 1, 0x5ACA, 1,
    0x7B47, 8, 0x4A27, 5, 0x7B47, 3, 0x4A27, 2,
    0x7B47, 5, 0x4A27, 7, 0x2924, 1, 0x20E3, 1,
    0x4000, 3, 0x18A2, 1, 0x6000, 1, 0x4000, 2,
    0x2147, 1, 0x4000, 4, 0xA488, 1, 0x4000, 4,
    0x9000, 1, 0x7B47, 1, 0x4000, 1, 0x4A27, 1,
    0x4000, 1, 0x4A27, 1, 0x4000, 1, 0x10A3, 1,
    0x4062, 1, 0x4841, 2, 0xA801, 1, 0x10A3, 1,
    0x7B47, 1, 0x4A27, 1, 0x4000, 1, 0x8000, 1,
    0xA801, 1, 0x18C5, 13, 0x4000, 2, 0x10A3, 1,
    0x2924, 1, 0x18C3, 2, 0x2924, 1, 0x10A3, 1,
    0x0862, 4, 0x10A3, 1, 0x0862, 1, 0x18C3, 1,
    0x10A3, 1, 0x6862, 1, 0x4062, 1, 0x18E4, 2,
    0x2147, 1, 0x52CC, 1, 0x2104, 1, 0x632E, 1,
    0x42CC, 3, 0x2924, 1, 0x18E4, 1, 0x2147, 1,
    0x8BCA, 1, 0xB50B, 1, 0xA488, 1, 0x8BCA, 3,
    0x7B47, 1, 0x632E, 1, 0x8BCA, 2, 0x7B47, 1,
    0x8BCA, 1, 0x7B47, 1, 0x732B, 1, 0x39A8, 1,
    0x7B47, 13, 0x4A27, 2, 0x7B47, 1, 0x4A27, 5,
    0x7B47, 11, 0x4A27, 2, 0x3985, 1, 0x4000, 1,
    0x3985, 1, 0xA801, 1, 0x4000, 1, 0x2800, 2,
    0x4062, 1, 0x1082, 2, 0x2800, 1, 0x4000, 3,
    0x4A27, 3, 0x4000, 1, 0xFECD, 2, 0x7B47, 1,
    0xB50B, 1, 0x4A27, 1, 0xFECD, 1, 0x10A3, 2,
    0x1082, 1, 0x3985, 2, 0x9083, 1, 0x10A3, 1,
    0xA488, 1, 0xFECD, 1, 0x2800, 1, 0x7800, 1,
    0xA801, 1, 0x18C5, 14, 0x4000, 1, 0x10A3, 1,
    0x20E3, 1, 0x18C3, 2, 0x0862, 1, 0x10A3, 5,
    0x0862, 1, 0x10A3, 1, 0x4A27, 1, 0x18C3, 1,
    0x2924, 1, 0x2104, 1, 0x18E4, 2, 0x2147, 2,
    0x2104, 1, 0x39A8, 1, 0x2924, 1, 0x632E, 1,
    0x2104, 1, 0x18C3, 1, 0x7B47, 1, 0xA488, 4,
    0x7B47, 2, 0x632E, 1, 0x42CC, 1, 0xB50B, 1,
    0xA488, 1, 0x8BCA, 1, 0x4A27, 1, 0x8BCA, 1,
    0x7B47, 1, 0x39A8, 1, 0x10A3, 1, 0x7B47, 10,
    0x18C5, 4, 0x7B47, 6, 0xA488, 1, 0x7B47, 12,
    0x4A27, 1, 0x3985, 2, 0xA801, 1, 0x4000, 1,
    0x2800, 1, 0x7B47, 1, 0x1082, 1, 0xA801, 1,
    0x4062, 3, 0x10A3, 1, 0x2800, 1, 0x4000, 1,
    0xDE0C, 1, 0x4A27, 2, 0xFECD, 4, 0x4A27, 1,
    0x7B47, 1, 0x4000, 1, 0x10A3, 1, 0x18E4, 1,
    0x1082, 1, 0x4062, 1, 0x9083, 1, 0x4841, 1,
    0x18C3, 1, 0xFECD, 1, 0x4A27, 1, 0x4000, 1,
    0x6000, 1, 0x18C5, 15, 0x2800, 1, 0x20E3, 1,
    0x2924, 1, 0x10A3, 1, 0x6862, 1, 0x10A3, 3,
    0x0862, 1, 0x10A3, 1, 0x0862, 2, 0x10A3, 1,
    0x0862, 1, 0x18C3, 2, 0x2104, 1, 0x6000, 1,
    0x5000, 1, 0x18E4, 1, 0x2147, 1, 0x4841, 1,
    0x2147, 1, 0x0862, 1, 0x2924, 1, 0x4000, 1,
    0x7B47, 1, 0xA488, 5, 0x7B47, 1, 0xB50B, 1,
    0x7B47, 3, 0xA488, 2, 0x7B47, 1, 0x632E, 1,
    0x7B47, 1, 0x4A27, 1, 0x7B47, 1, 0x8BCA, 1,
    0x7B47, 1, 0x4A27, 1, 0x7B47, 4, 0x18C5, 8,
    0x7B47, 5, 0xA488, 7, 0x7B47, 2, 0x4A27, 1,
    0x7B47, 3, 0x4A27, 1, 0x3985, 1, 0x20E3, 1,
    0x8000, 1, 0x2800, 1, 0x7B47, 1, 0x18C3, 1,
    0x6925, 1, 0xA801, 1, 0x3985, 1, 0x4841, 1,
    0x1082, 1, 0x18E4, 1, 0x4000, 1, 0x7B47, 1,
    0xFECD, 1, 0x4A27, 1, 0xFECD, 1, 0x7B47, 2,
    0xB50B, 1, 0x4841, 1, 0xA488, 1, 0x4A27, 1,
    0x4000, 1, 0x2147, 1, 0x10A3, 1, 0x4062, 2,
    0x6925, 1, 0x3985, 1, 0x4A27, 1, 0xDE0C, 1,
    0x2147, 1, 0x4841, 1, 0xA801, 1, 0x18C5, 15,
    0x2800, 1, 0x18C3, 1, 0x2924, 1, 0x18C3, 2,
    0x0862, 2, 0x10A3, 1, 0x0862, 2, 0x10A3, 3,
    0x0862, 1, 0x4A27, 1, 0x18A2, 1, 0x2147, 1,
    0x6000, 2, 0x2147, 2, 0x5000, 2, 0x4000, 1,
    0x0862, 1, 0x7B47, 1, 0xA488, 6, 0x7B47, 8,
    0x42CC, 1, 0x7B47, 1, 0x8BCA, 1, 0x4A27, 1,
    0x8BCA, 2, 0x7B47, 3, 0x18E4, 2, 0x18C5, 9,
    0x7B47, 4, 0xA488, 2, 0x7B47, 1, 0xA488, 2,
    0x7B47, 2, 0x8BCA, 3, 0xA488, 2, 0x7B47, 3,
    0x8000, 1, 0x4000, 1, 0x4A27, 1, 0x7B47, 1,
    0x18C3, 1, 0x3985, 1, 0x6925, 1, 0x4062, 2,
    0x18E4, 1, 0x10A3, 1, 0x4000, 1, 0x4A27, 1,
    0xA488, 1, 0x4841, 1, 0xFECD, 4, 0x2147, 1,
    0xA269, 1, 0x4A27, 1, 0x4062, 1, 0x2147, 3,
    0x2104, 2, 0x2147, 1, 0x9083, 4, 0xA801, 1,
    0x18C5, 16, 0x10A3, 1, 0x2924, 1, 0x10A3, 1,
    0x18C3, 1, 0x0862, 1, 0x10A3, 2, 0x0862, 2,
    0x4000, 1, 0x0862, 2, 0x10A3, 1, 0x18C3, 1,
    0x10A3, 1, 0x2147, 1, 0x2104, 1, 0x5000, 1,
    0x2104, 2, 0x4841, 1, 0x5000, 1, 0x2800, 2,
    0xA488, 7, 0x2147, 1, 0x7B47, 2, 0x2104, 2,
    0xA488, 1, 0x7B47, 2, 0x2924, 1, 0x7B47, 8,
    0x2147, 2, 0x18C5, 9, 0x1082, 2, 0x4A27, 1,
    0x7B47, 3, 0xA488, 1, 0x7B47, 2, 0x8BCA, 2,
    0x6925, 2, 0x5ACA, 1, 0x7B47, 5, 0x8000, 1,
    0x2800, 1, 0xFECD, 1, 0xB50B, 1, 0x1082, 1,
    0x9083, 1, 0x4841, 1, 0x1082, 1, 0x4062, 1,
    0x2104, 1, 0x18E4, 1, 0x4000, 1, 0x4A27, 2,
    0x7B47, 1, 0x3A09, 1, 0x4A27, 1, 0xFECD, 4,
    0x4841, 1, 0x2147, 5, 0xA145, 2, 0x9083, 4,
    0x8986, 1, 0x18C5, 16, 0x0000, 1, 0x2924, 1,
    0x10A3, 1, 0x18C3, 1, 0x2924, 1, 0x10A3, 1,
    0x0862, 2, 0x10A3, 1, 0x0862, 2, 0x10A3, 2,
    0x6925, 1, 0x10A3, 1, 0x2147, 1, 0x18C3, 1,
    0x5000, 1, 0x52CC, 1, 0x2147, 1, 0x4841, 1,
    0x2800, 1, 0x4A27, 2, 0xA488, 7, 0x2924, 1,
    0x8000, 2, 0x18A2, 2, 0x2147, 1, 0x2104, 1,
    0x7B47, 1, 0x2924, 1, 0x4A27, 1, 0x7B47, 2,
    0x4A27, 1, 0x7B47, 4, 0x2147, 1, 0x18C5, 6,
    0x2924, 1, 0x6925, 1, 0x2147, 1, 0x63B0, 1,
    0x2104, 1, 0x1082, 2, 0x4A27, 2, 0x7B47, 3,
    0x8BCA, 1, 0x732B, 1, 0x6925, 4, 0xB50B, 1,
    0x4A27, 1, 0x7B47, 2, 0xA801, 1, 0x4000, 2,
    0xFECD, 1, 0xB50B, 1, 0x1082, 1, 0x9083, 1,
    0x4841, 1, 0x4062, 2, 0x2147, 1, 0x4841, 1,
    0xB50B, 1, 0xFECD, 8, 0xA145, 2, 0x9083, 4,
    0x8986, 4, 0x9083, 2, 0x9000, 1, 0x9083, 2,
    0x18C5, 15, 0x2800, 1, 0x20E3, 2, 0x18C3, 1,
    0x2924, 1, 0x0862, 2, 0x10A3, 1, 0x0862, 3,
    0x10A3, 1, 0x2924, 1, 0x4A27, 1, 0x10A3, 1,
    0x42CC, 1, 0x18C3, 1, 0x5000, 1, 0x4841, 3,
    0x3985, 1, 0x7B47, 2, 0xA488, 3, 0x7B47, 1,
    0xA488, 3, 0x18C3, 1, 0x8000, 1, 0x6862, 1,
    0x7B47, 1, 0xA488, 1, 0x18A2, 2, 0xA488, 1,
    0x7B47, 1, 0x5ACA, 1, 0x7B47, 1, 0x18E4, 1,
    0x7B47, 1, 0x3A09, 1, 0x7B47, 2, 0x2104, 1,
    0x18C3, 1, 0x18C5, 2, 0x0862, 1, 0x10A3, 1,
    0x4062, 1, 0x6862, 1, 0x4062, 1, 0x6925, 1,
    0x2924, 2, 0x4062, 1, 0x6862, 1, 0x0862, 2,
    0x4104, 1, 0x4A27, 1, 0x7B47, 1, 0x4A27, 1,
    0xA488, 1, 0x7B47, 1, 0xA488, 4, 0x7B47, 1,
    0xB50B, 1, 0x4A27, 1, 0x7B47, 1, 0xA801, 1,
    0x4000, 1, 0x4A27, 1, 0x3A09, 1, 0x2147, 3,
    0x2104, 1, 0x2147, 3, 0x9083, 1, 0x732B, 1,
    0xA145, 3, 0x9083, 3, 0x63B0, 4, 0x632E, 2,
    0xA269, 2, 0x8986, 3, 0x9083, 3, 0x6862, 2,
    0x8986, 1, 0x18C5, 16, 0x2924, 1, 0x6862, 1,
    0x0862, 1, 0x4A27, 1, 0x0862, 1, 0x2800, 1,
    0x10A3, 1, 0x0862, 1, 0x10A3, 1, 0x0862, 2,
    0x4A27, 1, 0x18C3, 1, 0x18A2, 1, 0x2147, 2,
    0x5000, 1, 0x4841, 3, 0x3985, 1, 0x4A27, 1,
    0x7B47, 6, 0xA488, 2, 0x0862, 1, 0x8000, 1,
    0x6862, 1, 0x2924, 1, 0x7B47, 1, 0xA488, 3,
    0x7B47, 1, 0x3A09, 1, 0x4A27, 1, 0x1082, 1,
    0x18C3, 1, 0x0000, 1, 0x7B47, 2, 0x18C5, 4,
    0x10A3, 1, 0x6925, 1, 0x4062, 2, 0x18A2, 1,
    0x2924, 1, 0x18C3, 2, 0x2924, 2, 0x4062, 1,
    0x1082, 1, 0x0862, 1, 0x3985, 1, 0x4A27, 2,
    0xA488, 1, 0x7B47, 1, 0xA488, 1, 0x5ACA, 1,
    0xA488, 3, 0xB50B, 1, 0x8BCA, 1, 0xA801, 2,
    0x9083, 4, 0x2147, 1, 0xA145, 3, 0x9083, 3,
    0x63B0, 12, 0x632E, 2, 0x6862, 2, 0xA145, 3,
    0x39A8, 3, 0xA801, 1, 0x18C5, 17, 0x18C3, 1,
    0x2924, 1, 0x10A3, 2, 0x4A27, 1, 0x0862, 1,
    0x2800, 1, 0x10A3, 2, 0x2800, 1, 0x0862, 1,
    0x18C3, 1, 0x10A3, 1, 0x2924, 1, 0x2147, 3,
    0x10A3, 2, 0x4062, 1, 0x4A27, 3, 0x7B47, 2,
    0x3985, 1, 0x2924, 1, 0x4A27, 2, 0x7B47, 1,
    0x4A27, 1, 0x2104, 1, 0x6862, 1, 0x6925, 1,
    0x2104, 1, 0x7B47, 4, 0x18E4, 1, 0x6000, 1,
    0x7B47, 1, 0x1082, 1, 0x4A27, 1, 0x7B47, 2,
    0x18C5, 4, 0x2924, 1, 0x4062, 1, 0x2924, 1,
    0x18C3, 1, 0x0862, 1, 0x18C3, 1, 0x0862, 1,
    0x10A3, 1, 0x18C3, 2, 0x6862, 1, 0x6925, 1,
    0x1082, 1, 0x2800, 1, 0x3985, 1, 0x4A27, 1,
    0xA488, 1, 0x7B47, 1, 0xA488, 3, 0xDE0C, 1,
    0xA488, 1, 0x7B47, 1, 0x4A27, 1, 0xA145, 2,
    0x9083, 4, 0x8986, 4, 0xA269, 2, 0x632E, 1,
    0x63B0, 6, 0x632E, 1, 0x6862, 2, 0xA145, 3,
    0x39A8, 1, 0xA145, 2, 0x9083, 2, 0xFECD, 1,
    0x3A09, 1, 0x4841, 2, 0x2800, 1, 0xA801, 1,
    0x18C5, 18, 0x2924, 1, 0x4062, 1, 0x0862, 1,
    0x18C3, 2, 0x2924, 1, 0x0862, 1, 0x2800, 1,
    0x2924, 1, 0x18C3, 2, 0x18A2, 1, 0x2924, 1,
    0x18C3, 1, 0x18E4, 2, 0x10A3, 1, 0x0862, 1,
    0x4062, 1, 0x3985, 3, 0x2800, 1, 0x3985, 1,
    0x2924, 1, 0x2800, 1, 0x4062, 1, 0x2800, 1,
    0x7B47, 2, 0x18E4, 1, 0x6925, 1, 0x6862, 2,
    0x2924, 1, 0x2104, 1, 0x2147, 1, 0x4A27, 1,
    0x18E4, 1, 0x4062, 1, 0x18C3, 1, 0x7B47, 3,
    0x18C5, 4, 0x10A3, 1, 0x4062, 1, 0x2924, 1,
    0x10A3, 2, 0x18C3, 5, 0x10A3, 1, 0x18C3, 1,
    0x6862, 1, 0x4062, 1, 0x6800, 1, 0x2800, 1,
    0x3985, 1, 0x8BCA, 1, 0x5ACA, 1, 0x6925, 1,
    0x8986, 3, 0xA488, 1, 0x7B47, 1, 0x4A27, 1,
    0x3985, 1, 0x8986, 1, 0x9000, 2, 0x9083, 4,
    0x8986, 3, 0xA269, 1, 0x6862, 3, 0xA145, 3,
    0x9083, 1, 0x7800, 1, 0x39A8, 1, 0x7800, 1,
    0xFECD, 8, 0x7B47, 1, 0x4000, 1, 0x2800, 2,
    0x8000, 1, 0x18C5, 19, 0x10A3, 1, 0x4062, 2,
    0x0862, 1, 0x18C3, 2, 0x4A27, 3, 0x20E3, 1,
    0x0862, 1, 0x2924, 1, 0x4062, 1, 0x18E4, 3,
    0x10A3, 1, 0x0862, 1, 0x2800, 1, 0x2924, 2,
    0x2800, 1, 0x0862, 1, 0x2800, 3, 0x4062, 1,
    0x2800, 1, 0x3985, 1, 0x7B47, 2, 0x0862, 1,
    0x39A8, 3, 0x6862, 2, 0x4A27, 1, 0x10A3, 1,
    0x4062, 1, 0x4104, 1, 0x4A27, 2, 0x7B47, 1,
    0x18C5, 4, 0x18C3, 1, 0x2924, 1, 0x10A3, 2,
    0x18C3, 1, 0x4A27, 1, 0x2924, 2, 0x4A27, 2,
    0x18C3, 1, 0x0862, 1, 0x20E3, 1, 0x6862, 1,
    0x2924, 1, 0x2800, 1, 0x4104, 1, 0x4A27, 1,
    0x8BCA, 1, 0x8986, 1, 0x6925, 1, 0x6862, 1,
    0x7800, 1, 0xA488, 2, 0x8BCA, 1, 0x4104, 1,
    0x2800, 1, 0x9083, 1, 0x9000, 2, 0x6862, 3,
    0xA145, 3, 0x9083, 4, 0xFECD, 14, 0x4A27, 1,
    0x2800, 3, 0x4841, 1, 0x18C5, 21, 0x20E3, 1,
    0x6862, 1, 0x2924, 1, 0x10A3, 3, 0x18C3, 1,
    0x0862, 1, 0x10A3, 1, 0x18C3, 1, 0x6862, 1,
    0x6925, 1, 0x2147, 2, 0x2104, 2, 0x0862, 1,
    0x2800, 1, 0x0862, 1, 0x1082, 1, 0x0862, 1,
    0x1082, 1, 0x2800, 5, 0x4A27, 4, 0x0862, 3,
    0x39A8, 3, 0x3985, 1, 0x4841, 2, 0x18C3, 2,
    0x4A27, 1, 0x18C5, 3, 0x10A3, 1, 0x2924, 2,
    0x10A3, 1, 0x18C3, 1, 0x4A27, 1, 0x0862, 2,
    0x2800, 1, 0x10A3, 1, 0x2924, 2, 0x18C3, 1,
    0x0862, 1, 0x2924, 1, 0x6862, 1, 0x6800, 1,
    0x2800, 1, 0x4104, 1, 0x7B47, 1, 0x8BCA, 2,
    0x732B, 1, 0x8BCA, 1, 0x4A27, 1, 0xB50B, 1,
    0x8BCA, 1, 0x3985, 1, 0x2800, 1, 0xA269, 1,
    0x2147, 1, 0x39A8, 4, 0xFECD, 14, 0xDE0C, 1,
    0xFECD, 1, 0xDE0C, 1, 0xA488, 1, 0x2800, 3,
    0x4000, 1, 0x8000, 1, 0x9000, 1, 0xA145, 1,
    0x18C5, 23, 0x18C3, 1, 0x6925, 1, 0x4062, 1,
    0x18A2, 1, 0x18C3, 2, 0x10A3, 1, 0x2924, 1,
    0x6862, 1, 0x2924, 1, 0x2147, 2, 0x2104, 3,
    0x10A3, 1, 0x0862, 2, 0x2800, 1, 0x1082, 4,
    0x2800, 3, 0x2924, 1, 0x3985, 2, 0x2924, 1,
    0x3985, 1, 0x2924, 1, 0x2800, 1, 0x1082, 1,
    0x0862, 2, 0x2924, 1, 0x0862, 1, 0x10A3, 2,
    0x4841, 1, 0x18C5, 4, 0x18C3, 1, 0x2924, 1,
    0x18C3, 2, 0x2924, 2, 0x10A3, 5, 0x2924, 1,
    0x4A27, 1, 0x18C3, 2, 0x6862, 1, 0x4062, 1,
    0x6800, 1, 0x4000, 1, 0x7B47, 2, 0x4A27, 4,
    0x3985, 2, 0x4A27, 1, 0x0862, 1, 0xA801, 1,
    0x4841, 2, 0x4000, 2, 0xFECD, 9, 0xB50B, 1,
    0xFECD, 2, 0x2800, 3, 0x9000, 4, 0x8000, 5,
    0x18C5, 27, 0x4062, 1, 0x6925, 1, 0x2924, 2,
    0x6925, 1, 0x4062, 2, 0x2924, 1, 0x18C3, 2,
    0x18C5, 3, 0x1082, 1, 0x2800, 2, 0x1082, 5,
    0x2800, 3, 0x2924, 2, 0x2800, 2, 0x2924, 1,
    0x2800, 4, 0x0862, 2, 0x2800, 1, 0x0862, 2,
    0x10A3, 1, 0x3985, 1, 0x18C5, 3, 0x20E3, 1,
    0x2924, 1, 0x18C3, 2, 0x2924, 1, 0x10A3, 2,
    0x0862, 3, 0x10A3, 2, 0x0862, 1, 0x18C3, 1,
    0x10A3, 1, 0x2924, 1, 0x4062, 1, 0x6800, 1,
    0x2800, 1, 0x3985, 1, 0x7B47, 2, 0x6925, 1,
    0x4A27, 5, 0x0862, 1, 0x8986, 1, 0x2800, 2,
    0x4000, 1, 0x3985, 1, 0xA488, 1, 0xDE0C, 2,
    0xA488, 1, 0xDE0C, 1, 0x2800, 3, 0x7800, 1,
    0x9000, 2, 0x8000, 2, 0x7800, 1, 0x9000, 1,
    0x8000, 8, 0x18C5, 29, 0x63B0, 1, 0x2104, 1,
    0x6862, 1, 0x18C3, 1, 0x18C5, 11, 0x4062, 1,
    0x2800, 2, 0x4062, 1, 0x2800, 1, 0x1082, 1,
    0x2800, 14, 0x20E3, 2, 0x2800, 1, 0x0862, 1,
    0x18C5, 2, 0x10A3, 1, 0x18C3, 1, 0x2924, 1,
    0x18C3, 2, 0x0862, 1, 0x10A3, 2, 0x0862, 1,
    0x10A3, 1, 0x0862, 1, 0x10A3, 1, 0x0862, 1,
    0x2800, 1, 0x4A27, 1, 0x18C3, 1, 0x2924, 2,
    0x6000, 1, 0x5000, 1, 0x2800, 1, 0x3985, 3,
    0x4A27, 5, 0xA801, 1, 0x4841, 1, 0x2800, 3,
    0x4000, 1, 0x2800, 1, 0x9000, 1, 0x7800, 2,
    0x8000, 1, 0x7800, 1, 0x8000, 13, 0x7800, 2,
    0x18C5, 51, 0x4841, 1, 0x2800, 14, 0x20E3, 4,
    0x18C5, 1, 0x7B47, 1, 0x10A3, 1, 0x20E3, 1,
    0x18C3, 2, 0x6862, 1, 0x10A3, 2, 0x0862, 1,
    0x10A3, 2, 0x0862, 3, 0x10A3, 1, 0x2924, 1,
    0x18C3, 2, 0x2924, 1, 0x2104, 1, 0x5000, 1,
    0x4000, 1, 0x4104, 1, 0x3985, 1, 0x4A27, 6,
    0x9000, 5, 0x7800, 2, 0x8000, 1, 0x7800, 5,
    0x8000, 5, 0x7800, 1, 0x8000, 1, 0x7800, 1,
    0x8000, 1, 0x7800, 1, 0x18E4, 3, 0x2147, 1,
    0x18C5, 57, 0x2800, 1, 0x4841, 1, 0x2800, 1,
    0x4841, 1, 0x2800, 5, 0x20E3, 4, 0x42CC, 1,
    0x2104, 1, 0x18C5, 1, 0x18C3, 1, 0x2924, 1,
    0x18C3, 2, 0x0862, 2, 0x10A3, 1, 0x4000, 1,
    0x0862, 2, 0x10A3, 3, 0x0862, 1, 0x18C3, 1,
    0x18A2, 1, 0x2924, 1, 0x18E4, 1, 0x4841, 2,
    0x0862, 1, 0x3985, 1, 0x4A27, 4, 0x9083, 1,
    0x9000, 3, 0x8000, 3, 0x7800, 10, 0x18C3, 3,
    0x2147, 1, 0x18E4, 4, 0x2147, 1, 0x18E4, 2,
    0x18C5, 64, 0x2800, 1, 0x4841, 1, 0x2800, 1,
    0x42CC, 1, 0x3A09, 1, 0x18C3, 1, 0x42CC, 1,
    0x3A09, 1, 0x18E4, 1, 0x18C5, 1, 0x2924, 2,
    0x10A3, 1, 0x3985, 1, 0x0862, 1, 0x10A3, 3,
    0x0862, 2, 0x4000, 1, 0x0862, 1, 0x10A3, 2,
    0x18C3, 1, 0x10A3, 1, 0x2147, 1, 0x2104, 2,
    0x4841, 2, 0x0862, 1, 0x3985, 1, 0x4A27, 1,
    0x9000, 1, 0x8000, 1, 0x9000, 2, 0x8000, 2,
    0x7800, 6, 0x18C3, 1, 0x4A27, 1, 0x0862, 2,
    0x2924, 2, 0x18C3, 2, 0x18A2, 1, 0x2924, 1,
    0x2104, 1, 0x18E4, 1, 0x2147, 2, 0x18E4, 2,
    0x2104, 1, 0x18E4, 1, 0x18C5, 66, 0x0000, 2,
    0x2104, 1, 0x18C5, 2, 0x3A09, 1, 0x18C3, 1,
    0x18C5, 1, 0x18C3, 1, 0x2924, 1, 0x10A3, 1,
    0x4A27, 1, 0x2924, 1, 0x10A3, 2, 0x0862, 1,
    0x10A3, 1, 0x0862, 1, 0x10A3, 1, 0x0862, 1,
    0x4000, 1, 0x4A27, 1, 0x6925, 1, 0x10A3, 1,
    0x42CC, 1, 0x2147, 1, 0x2104, 1, 0x4841, 2,
    0x4000, 1, 0x9000, 2, 0x8000, 3, 0x7800, 1,
    0x8000, 1, 0x18C5, 3, 0x10A3, 1, 0x4062, 2,
    0x20E3, 1, 0x18C3, 3, 0x3985, 1, 0x18C3, 2,
    0x20E3, 1, 0x0862, 1, 0x2924, 1, 0x6862, 1,
    0x2104, 1, 0x18E4, 1, 0x2147, 1, 0x18E4, 2,
    0x2147, 2, 0x18E4, 1, 0x18C5, 68, 0x18C3, 1,
    0x18C5, 2, 0x10A3, 1, 0x18C5, 2, 0x18C3, 1,
    0x2924, 1, 0x18A2, 1, 0x18C3, 1, 0x2924, 1,
    0x2800, 1, 0x0862, 1, 0x10A3, 3, 0x0862, 1,
    0x10A3, 2, 0x2924, 1, 0x18C3, 1, 0x10A3, 1,
    0x2147, 2, 0x18E4, 2, 0x4841, 1, 0x8000, 1,
    0x18E4, 1, 0x2104, 3, 0x18C5, 7, 0x20E3, 1,
    0x6862, 1, 0x2924, 2, 0x0862, 1, 0x10A3, 1,
    0x18C3, 1, 0x10A3, 1, 0x0862, 1, 0x10A3, 1,
    0x18C3, 1, 0x6862, 1, 0x6925, 1, 0x2104, 1,
    0x18E4, 1, 0x2104, 3, 0x2147, 2, 0x18C5, 67,
    0x0000, 1, 0x18C5, 2, 0x0000, 2, 0x18C5, 4,
    0x4062, 1, 0x20E3, 1, 0x18C3, 1, 0x4A27, 1,
    0x0862, 1, 0x10A3, 2, 0x0862, 1, 0x10A3, 1,
    0x0862, 2, 0x10A3, 1, 0x2924, 1, 0x4A27, 1,
    0x10A3, 1, 0x42CC, 1, 0x18C3, 1, 0x18E4, 1,
    0x2104, 1, 0x2147, 4, 0x18E4, 1, 0x18C5, 10,
    0x6925, 2, 0x18C3, 3, 0x10A3, 1, 0x18C3, 1,
    0x2924, 1, 0x6862, 1, 0x2924, 1, 0x10A3, 1,
    0x2104, 1, 0x2147, 1, 0x2104, 4, 0x18C5, 68,
    0x1082, 1, 0x18C5, 3, 0x18C3, 1, 0x18C5, 4,
    0x6925, 2, 0x0862, 1, 0x18C3, 1, 0x4A27, 1,
    0x2800, 1, 0x10A3, 1, 0x0862, 2, 0x10A3, 2,
    0x0862, 1, 0x4A27, 1, 0x18C3, 1, 0x18A2, 1,
    0x2147, 1, 0x10A3, 1, 0x2147, 2, 0x2104, 1,
    0x2147, 1, 0x18E4, 3, 0x18C5, 11, 0x6925, 1,
    0x4062, 1, 0x20E3, 1, 0x2924, 2, 0x6862, 1,
    0x4062, 2, 0x2924, 1, 0x2104, 1, 0x18C3, 2,
    0x18C5, 81, 0x2924, 3, 0x10A3, 1, 0x18C3, 1,
    0x0862, 1, 0x2800, 1, 0x10A3, 3, 0x0862, 2,
    0x18C3, 1, 0x10A3, 1, 0x18C3, 1, 0x2147, 2,
    0x18E4, 2, 0x2147, 1, 0x18E4, 3, 0x18C5, 13,
    0x2147, 2, 0x6925, 1, 0x6862, 1, 0x4062, 1,
    0x18C3, 1, 0x18C5, 86, 0x10A3, 1, 0x6925, 1,
    0x4062, 1, 0x0862, 1, 0x18C3, 2, 0x2924, 1,
    0x0862, 3, 0x4A27, 1, 0x18C3, 2, 0x18A2, 1,
    0x18C3, 1, 0x2104, 1, 0x18E4, 2, 0x2147, 1,
    0x18E4, 3, 0x2104, 1, 0x18C5, 106, 0x4062, 3,
    0x0862, 1, 0x18C3, 2, 0x4A27, 1, 0x3985, 1,
    0x18C3, 2, 0x20E3, 1, 0x18C3, 1, 0x2924, 1,
    0x4062, 1, 0x18E4, 2, 0x2147, 1, 0x18E4, 2,
    0x2147, 1, 0x2104, 2, 0x18C5, 107, 0x4062, 1,
    0x6862, 1, 0x2924, 1, 0x10A3, 1, 0x0862, 1,
    0x10A3, 1, 0x18C3, 1, 0x10A3, 1, 0x18C3, 1,
    0x0862, 1, 0x18C3, 1, 0x6862, 1, 0x6925, 1,
    0x2147, 1, 0x2104, 1, 0x2147, 1, 0x18E4, 1,
    0x2104, 1, 0x18E4, 1, 0x2104, 1, 0x18C5, 109,
    0x4062, 1, 0x6925, 1, 0x4062, 1, 0x18C3, 2,
    0x0862, 1, 0x10A3, 1, 0x18C3, 1, 0x20E3, 1,
    0x6862, 1, 0x2924, 1, 0x4062, 1, 0x2104, 6,
    0x18C5, 111, 0x6862, 1, 0x4062, 1, 0x2924, 1,
    0x20E3, 1, 0x6862, 1, 0x18C3, 1, 0x6862, 1,
    0x4062, 1, 0x6925, 1, 0x2924, 1, 0x2147, 2,
    0x2104, 1, 0x18C5, 117, 0x2147, 1, 0x2924, 1,
    0x6925, 1, 0x6862, 1, 0x6925, 1, 0x2924, 1,
    0x18C3, 1, 0x18C5, 122, 0x18C3, 1, 0x18C5, 5692,
    0x18C5, 4405, 0x94D3, 1, 0xA269, 1, 0x632E, 4,
    0xDE0C, 1, 0x94D3, 2, 0x632E, 1, 0x63B0, 2,
    0xDE0C, 1, 0x94D3, 1, 0x63B0, 1, 0x94D3, 2,
    0x18C5, 106, 0x8000, 1, 0xA145, 1, 0x9000, 2,
    0x8986, 1, 0x9083, 1, 0x9000, 3, 0x7800, 2,
    0x8000, 1, 0x6925, 2, 0x3A09, 1, 0xB50B, 6,
    0x63B0, 1, 0x42CC, 1, 0x8986, 1, 0x632E, 1,
    0x732B, 1, 0x18E4, 1, 0x8000, 1, 0x6862, 1,
    0x18C5, 98, 0x6925, 4, 0x2104, 2, 0x5000, 1,
    0x7800, 7, 0x6800, 2, 0x18C3, 2, 0xA488, 1,
    0xB50B, 1, 0x2924, 2, 0x52CC, 1, 0xB50B, 1,
    0x632E, 2, 0x732B, 3, 0x10A3, 1, 0x6800, 1,
    0x7800, 3, 0x18C5, 93, 0x6800, 1, 0x6925, 1,
    0x2104, 1, 0x42CC, 1, 0x1082, 1, 0x10A3, 2,
    0x6925, 2, 0x5000, 1, 0x6800, 4, 0x6000, 3,
    0x5000, 4, 0x4000, 2, 0x5000, 1, 0x4000, 3,
    0x5000, 4, 0x6000, 2, 0x6800, 4, 0x18C5, 68,
    0x9083, 2, 0x8986, 2, 0x4062, 1, 0x6862, 2,
    0x0862, 1, 0x8000, 1, 0x52CC, 1, 0xB50B, 1,
    0x18C5, 11, 0x6000, 1, 0x8986, 1, 0x18E4, 1,
    0x3A09, 1, 0x632E, 1, 0x52CC, 2, 0x42CC, 1,
    0x1082, 2, 0x6925, 3, 0x5000, 1, 0x4000, 1,
    0x5000, 1, 0x4000, 2, 0x5000, 10, 0x4000, 1,
    0x5000, 10, 0x6000, 1, 0x18C5, 64, 0x8986, 1,
    0x63B0, 1, 0x94D3, 1, 0x63B0, 4, 0x5ACA, 2,
    0x632E, 1, 0x6862, 1, 0x8986, 1, 0x8000, 1,
    0x52CC, 1, 0xB50B, 2, 0x52CC, 1, 0xB50B, 2,
    0x52CC, 1, 0x632E, 1, 0x63B0, 2, 0x6925, 1,
    0x8986, 1, 0x18E4, 1, 0x52CC, 1, 0x632E, 2,
    0x63B0, 1, 0x52CC, 1, 0x632E, 1, 0x42CC, 2,
    0x1082, 3, 0x5000, 1, 0x4000, 1, 0x5000, 6,
    0x6925, 7, 0x10A3, 1, 0x5000, 1, 0x10A3, 2,
    0x6925, 5, 0x5000, 4, 0x18C5, 61, 0x39A8, 1,
    0xB50B, 3, 0x8BCA, 2, 0x63B0, 6, 0x52CC, 2,
    0x6862, 1, 0x8986, 1, 0x2800, 1, 0x8000, 1,
    0x632E, 1, 0x8986, 1, 0x632E, 2, 0xB50B, 3,
    0x39A8, 1, 0x18E4, 1, 0x42CC, 1, 0x52CC, 5,
    0x632E, 3, 0x42CC, 3, 0x4000, 2, 0x5000, 3,
    0x8986, 1, 0x18E4, 1, 0x18C3, 1, 0x42CC, 1,
    0x3A09, 3, 0x18E4, 1, 0x5000, 1, 0x42CC, 1,
    0x52CC, 1, 0x42CC, 1, 0x5000, 1, 0x39A8, 1,
    0x42CC, 1, 0x52CC, 1, 0x5000, 1, 0x18E4, 1,
    0x3A09, 3, 0x18C3, 1, 0x2104, 1, 0x5000, 1,
    0x18C5, 59, 0x2924, 1, 0x4841, 3, 0x5000, 1,
    0x4062, 2, 0x3A09, 1, 0x52CC, 2, 0x63B0, 4,
    0x52CC, 2, 0x6925, 2, 0x8986, 1, 0x2800, 1,
    0x7800, 1, 0x6925, 2, 0x8986, 1, 0x632E, 1,
    0x6925, 1, 0x3A09, 2, 0x52CC, 2, 0x42CC, 4,
    0x52CC, 1, 0x632E, 3, 0x42CC, 1, 0x18C3, 1,
    0x1082, 1, 0x3A09, 2, 0x5000, 3, 0x18C3, 1,
    0x3A09, 1, 0x42CC, 1, 0x52CC, 3, 0x42CC, 1,
    0x39A8, 1, 0x5000, 1, 0x52CC, 2, 0x42CC, 1,
    0x5000, 1, 0x3A09, 1, 0x42CC, 1, 0x632E, 1,
    0x5000, 1, 0x39A8, 1, 0x42CC, 1, 0x52CC, 3,
    0x3A09, 1, 0x18C3, 1, 0x18C5, 57, 0x6000, 1,
    0x4841, 1, 0x18C5, 4, 0x4062, 3, 0x6925, 1,
    0x52CC, 4, 0x632E, 1, 0x63B0, 1, 0x52CC, 2,
    0x6925, 2, 0x6800, 1, 0x8986, 1, 0x2800, 1,
    0x6000, 1, 0x4000, 1, 0x10A3, 1, 0x18E4, 1,
    0x42CC, 1, 0x52CC, 3, 0x42CC, 5, 0x52CC, 3,
    0x42CC, 1, 0x10A3, 1, 0x4062, 1, 0x10A3, 1,
    0x2147, 1, 0x3A09, 2, 0x4000, 1, 0x5000, 1,
    0x4000, 1, 0x3A09, 1, 0x42CC, 1, 0x52CC, 3,
    0x42CC, 1, 0x39A8, 1, 0x5000, 1, 0x52CC, 2,
    0x42CC, 1, 0x5000, 1, 0x3A09, 1, 0x42CC, 1,
    0x632E, 1, 0x5000, 1, 0x39A8, 1, 0x42CC, 1,
    0x52CC, 3, 0x3A09, 1, 0x4000, 1, 0x18C5, 61,
    0x0862, 1, 0x1082, 1, 0x4062, 2, 0x18C3, 1,
    0x39A8, 1, 0x632E, 3, 0x42CC, 2, 0x52CC, 1,
    0x63B0, 2, 0x5ACA, 1, 0x8986, 2, 0x6000, 1,
    0x8986, 1, 0x2104, 1, 0x10A3, 1, 0x3A09, 1,
    0x42CC, 1, 0x52CC, 2, 0x42CC, 8, 0x3A09, 1,
    0x2147, 1, 0x10A3, 1, 0x2147, 1, 0x3A09, 1,
    0x42CC, 1, 0x18C3, 1, 0x10A3, 1, 0x5000, 1,
    0x4841, 2, 0x5000, 1, 0x39A8, 1, 0x42CC, 1,
    0x52CC, 3, 0x42CC, 1, 0x2147, 1, 0x4841, 1,
    0x42CC, 2, 0x3A09, 1, 0x4000, 1, 0x39A8, 1,
    0x3A09, 1, 0x42CC, 1, 0x4841, 1, 0x2147, 1,
    0x3A09, 1, 0x52CC, 3, 0x39A8, 1, 0x5000, 1,
    0x18C5, 56, 0x10A3, 1, 0x4062, 3, 0x18E4, 1,
    0x0862, 1, 0x4000, 1, 0x4062, 2, 0x39A8, 1,
    0x3A09, 1, 0x52CC, 2, 0x632E, 4, 0x63B0, 3,
    0x632E, 2, 0x63B0, 1, 0x8986, 1, 0x6925, 1,
    0x39A8, 1, 0x18E4, 1, 0x42CC, 2, 0x52CC, 1,
    0x42CC, 7, 0x10A3, 3, 0x3A09, 1, 0x42CC, 3,
    0x3A09, 1, 0x2147, 1, 0x42CC, 1, 0x52CC, 1,
    0x5000, 1, 0x4000, 1, 0x18C3, 1, 0x3A09, 1,
    0x42CC, 1, 0x52CC, 1, 0x42CC, 1, 0x3A09, 1,
    0x2147, 1, 0x4841, 1, 0x42CC, 2, 0x39A8, 1,
    0x4841, 1, 0x39A8, 1, 0x3A09, 1, 0x42CC, 1,
    0x4841, 1, 0x2147, 1, 0x3A09, 1, 0x52CC, 2,
    0x42CC, 1, 0x18C3, 1, 0x4000, 1, 0x18C5, 53,
    0x5000, 1, 0x0862, 1, 0x4062, 2, 0x20E3, 2,
    0x10A3, 1, 0x4062, 1, 0x0862, 1, 0x4000, 1,
    0x10A3, 2, 0x39A8, 2, 0x3A09, 2, 0x52CC, 2,
    0x63B0, 1, 0xB50B, 1, 0x632E, 1, 0x63B0, 5,
    0x632E, 1, 0xA269, 1, 0x63B0, 1, 0x18C3, 1,
    0x18E4, 1, 0x42CC, 1, 0x3A09, 2, 0x42CC, 2,
    0x3A09, 2, 0x39A8, 1, 0x1082, 1, 0x10A3, 1,
    0x2147, 1, 0x3A09, 3, 0x42CC, 2, 0x3A09, 1,
    0x18C3, 1, 0x52CC, 1, 0x5000, 2, 0x4000, 1,
    0x10A3, 1, 0x3A09, 1, 0x52CC, 3, 0x3A09, 1,
    0x2147, 1, 0x4841, 1, 0x42CC, 1, 0x3A09, 1,
    0x39A8, 1, 0x4841, 1, 0x39A8, 1, 0x3A09, 1,
    0x42CC, 1, 0x4841, 1, 0x2147, 1, 0x42CC, 1,
    0x52CC, 2, 0x3A09, 1, 0x10A3, 1, 0x18C5, 53,
    0x5000, 1, 0x20E3, 2, 0x10A3, 1, 0x0862, 2,
    0x10A3, 1, 0x20E3, 1, 0x6862, 1, 0x0862, 1,
    0x2800, 1, 0x10A3, 1, 0x18C3, 1, 0x4A27, 1,
    0x3A09, 1, 0x632E, 1, 0x63B0, 1, 0x52CC, 3,
    0x42CC, 2, 0x632E, 4, 0x63B0, 4, 0x632E, 1,
    0x63B0, 1, 0x94D3, 2, 0x39A8, 2, 0x18E4, 1,
    0x18C3, 1, 0x4841, 1, 0x1082, 7, 0x42CC, 1,
    0x3A09, 3, 0x52CC, 1, 0x5000, 2, 0x4000, 1,
    0x3A09, 1, 0x52CC, 3, 0x42CC, 1, 0x3A09, 1,
    0x2147, 1, 0x4841, 1, 0x42CC, 2, 0x39A8, 1,
    0x4000, 1, 0x39A8, 1, 0x42CC, 2, 0x4841, 1,
    0x3A09, 1, 0x42CC, 1, 0x52CC, 2, 0x3A09, 1,
    0x1082, 1, 0x18C5, 52, 0x10A3, 1, 0x4062, 1,
    0x0862, 2, 0x10A3, 2, 0x0862, 2, 0x4062, 1,
    0x1082, 1, 0x4000, 1, 0x18C3, 1, 0x10A3, 1,
    0x2104, 2, 0x63B0, 2, 0x42CC, 1, 0x52CC, 2,
    0x3A09, 4, 0x52CC, 1, 0x632E, 5, 0x63B0, 2,
    0x94D3, 2, 0x63B0, 1, 0x94D3, 1, 0x63B0, 1,
    0x632E, 1, 0x63B0, 2, 0x94D3, 2, 0x3A09, 1,
    0x39A8, 3, 0x1082, 1, 0x18C3, 1, 0x3A09, 2,
    0x52CC, 1, 0x5000, 3, 0x4000, 1, 0x3A09, 1,
    0x52CC, 2, 0x42CC, 3, 0x39A8, 1, 0x42CC, 3,
    0x3A09, 1, 0x4000, 1, 0x42CC, 3, 0x39A8, 1,
    0x42CC, 3, 0x52CC, 1, 0x3A09, 1, 0x4000, 1,
    0x63B0, 2, 0x18C5, 49, 0x10A3, 3, 0x3985, 1,
    0x2924, 3, 0x0862, 1, 0x18A2, 1, 0x6862, 1,
    0x5000, 1, 0x18E4, 1, 0x18C3, 1, 0x18E4, 1,
    0x3A09, 3, 0x42CC, 2, 0x52CC, 1, 0x3A09, 3,
    0x7B47, 2, 0x52CC, 2, 0x3A09, 2, 0x63B0, 5,
    0x632E, 3, 0x52CC, 1, 0x632E, 3, 0x8BCA, 1,
    0x52CC, 2, 0x632E, 2, 0x63B0, 2, 0x10A3, 1,
    0x18C3, 1, 0x52CC, 1, 0x5000, 4, 0x4000, 1,
    0x39A8, 1, 0x42CC, 4, 0x4000, 1, 0x2800, 4,
    0x3A09, 1, 0x4000, 1, 0x42CC, 3, 0x39A8, 1,
    0x42CC, 4, 0x39A8, 1, 0x63B0, 3, 0x632E, 2,
    0x52CC, 1, 0x7B47, 1, 0x18C5, 9, 0x4000, 4,
    0x18C5, 30, 0x6000, 1, 0x10A3, 1, 0x0862, 1,
    0x10A3, 1, 0x18A2, 1, 0x0862, 1, 0x2800, 1,
    0x18A2, 1, 0x10A3, 1, 0x0862, 1, 0x4062, 1,
    0x2104, 1, 0x3A09, 3, 0x2104, 1, 0x3A09, 1,
    0x4104, 1, 0x3A09, 1, 0x52CC, 1, 0x3A09, 4,
    0x7B47, 4, 0x39A8, 1, 0x3A09, 1, 0x52CC, 5,
    0x8BCA, 2, 0xB50B, 3, 0x8BCA, 2, 0x3A09, 1,
    0x6925, 2, 0x3A09, 1, 0x52CC, 2, 0x5ACA, 1,
    0x63B0, 2, 0x8986, 1, 0x9083, 1, 0x5000, 1,
    0x6000, 1, 0x5000, 3, 0x18C3, 1, 0x3A09, 1,
    0x42CC, 1, 0xA145, 1, 0xA269, 7, 0x2800, 1,
    0x42CC, 2, 0x4841, 1, 0x39A8, 1, 0x42CC, 3,
    0x3A09, 1, 0x18C3, 1, 0x632E, 1, 0x63B0, 4,
    0x632E, 3, 0x18C5, 3, 0x2800, 1, 0xA269, 8,
    0x18C5, 29, 0x0862, 1, 0x18A2, 1, 0x0862, 1,
    0x20E3, 1, 0x2800, 1, 0x0862, 3, 0x18A2, 1,
    0x10A3, 1, 0x4062, 1, 0x2104, 1, 0x39A8, 1,
    0x18E4, 1, 0x2104, 1, 0x18E4, 1, 0x3A09, 1,
    0x39A8, 3, 0x4104, 1, 0x3A09, 4, 0x7B47, 4,
    0x39A8, 1, 0x42CC, 1, 0x8BCA, 1, 0x52CC, 1,
    0x8BCA, 6, 0x732B, 1, 0x2104, 2, 0x8BCA, 1,
    0x2147, 1, 0x4A27, 1, 0x2147, 3, 0x8986, 3,
    0x52CC, 1, 0x632E, 1, 0x63B0, 1, 0x9083, 1,
    0x8000, 1, 0x5000, 3, 0x2800, 2, 0xA145, 5,
    0x39A8, 1, 0xA145, 1, 0xA269, 4, 0x8000, 1,
    0xA801, 1, 0x94D3, 1, 0xA269, 1, 0x94D3, 2,
    0xA269, 1, 0xA801, 1, 0x8000, 1, 0xA269, 1,
    0x94D3, 2, 0xA269, 1, 0x94D3, 1, 0xA801, 1,
    0x39A8, 1, 0xA269, 5, 0x3A09, 1, 0x7800, 1,
    0xA145, 4, 0x18C5, 29, 0x0862, 1, 0x18A2, 1,
    0x0862, 7, 0x10A3, 1, 0x18A2, 1, 0x4062, 1,
    0x39A8, 1, 0x18E4, 3, 0x2147, 1, 0x39A8, 1,
    0x3A09, 1, 0x10A3, 1, 0x4104, 1, 0x39A8, 1,
    0x7B47, 2, 0x39A8, 1, 0x42CC, 2, 0x7B47, 1,
    0x39A8, 1, 0x3A09, 1, 0x8BCA, 1, 0x632E, 1,
    0x52CC, 1, 0x8BCA, 6, 0x732B, 2, 0x7B47, 2,
    0x732B, 2, 0x4A27, 1, 0x2104, 2, 0x6925, 1,
    0x6862, 1, 0x2104, 1, 0x6925, 3, 0x52CC, 1,
    0x632E, 1, 0x52CC, 1, 0x8986, 1, 0x6800, 1,
    0x5000, 1, 0xA801, 6, 0x6CB4, 1, 0xA145, 5,
    0x94D3, 1, 0xA801, 1, 0xA269, 5, 0x39A8, 2,
    0xA269, 5, 0x39A8, 2, 0xA145, 4, 0xA801, 1,
    0x94D3, 1, 0xA801, 5, 0x18C5, 29, 0x10A3, 2,
    0x4841, 1, 0x0862, 6, 0x10A3, 1, 0x1082, 1,
    0x10A3, 2, 0x18E4, 2, 0x18C3, 1, 0x42CC, 1,
    0x3A09, 1, 0x39A8, 1, 0x10A3, 1, 0x18E4, 1,
    0x5ACA, 1, 0x7B47, 3, 0x39A8, 1, 0x7B47, 2,
    0x39A8, 1, 0x7B47, 1, 0x8BCA, 2, 0x632E, 1,
    0x8BCA, 2, 0x7B47, 12, 0x4A27, 1, 0x2924, 3,
    0x2104, 2, 0x4841, 1, 0x6862, 4, 0x9083, 1,
    0xA801, 6, 0x3A09, 2, 0xA801, 5, 0x94D3, 1,
    0xA801, 6, 0x6CB4, 1, 0xA801, 6, 0x3A09, 1,
    0xA801, 6, 0x3A09, 1, 0xA801, 5, 0x18C5, 29,
    0x10A3, 1, 0x18A2, 1, 0x10A3, 1, 0x4000, 1,
    0x0862, 5, 0x3985, 1, 0x0862, 1, 0x18C3, 1,
    0x10A3, 1, 0x1082, 1, 0x10A3, 1, 0x18C3, 1,
    0x18E4, 1, 0x18C3, 1, 0x10A3, 1, 0x4A27, 1,
    0x7B47, 3, 0x5ACA, 1, 0x3A09, 1, 0x10A3, 1,
    0x3A09, 1, 0x7B47, 1, 0x4A27, 1, 0x7B47, 1,
    0x8BCA, 2, 0x42CC, 1, 0x8BCA, 2, 0x7B47, 11,
    0x4A27, 3, 0x3985, 2, 0x20E3, 3, 0x4841, 3,
    0x6862, 1, 0x2800, 1, 0xA801, 1, 0x9000, 1,
    0x8000, 4, 0x3A09, 1, 0xA801, 6, 0x6CB4, 1,
    0xA801, 6, 0x94D3, 1, 0xA801, 6, 0x6CB4, 1,
    0xA801, 4, 0x9000, 1, 0x3A09, 1, 0xA801, 1,
    0x8000, 3, 0x9000, 1, 0xA801, 1, 0x18C5, 29,
    0x0862, 1, 0x10A3, 2, 0x0862, 6, 0x20E3, 1,
    0x1082, 1, 0x18E4, 1, 0x4000, 1, 0x2800, 1,
    0x42CC, 1, 0x2800, 1, 0x18C3, 1, 0x0862, 1,
    0x2800, 1, 0x7B47, 4, 0x4A27, 1, 0x7B47, 1,
    0x3A09, 1, 0x7B47, 2, 0x3985, 1, 0x8BCA, 1,
    0x10A3, 1, 0x8BCA, 2, 0x7B47, 7, 0x4A27, 1,
    0x7B47, 3, 0x4A27, 6, 0x3985, 4, 0x20E3, 1,
    0x2924, 2, 0x4000, 1, 0x8000, 1, 0x6000, 1,
    0x5000, 3, 0xA801, 2, 0x94D3, 1, 0x4000, 1,
    0x7800, 4, 0x3A09, 2, 0x7800, 1, 0x8000, 4,
    0xA801, 1, 0x94D3, 1, 0x8000, 3, 0x7800, 2,
    0xA801, 1, 0x94D3, 1, 0x7800, 3, 0x6000, 1,
    0x5000, 1, 0x94D3, 1, 0xA801, 2, 0x5000, 2,
    0x6000, 1, 0x8000, 1, 0x18C5, 29, 0x0862, 1,
    0x10A3, 2, 0x2800, 1, 0x0862, 4, 0x2800, 1,
    0x18A2, 1, 0x0862, 1, 0x18E4, 1, 0x4000, 1,
    0x18C3, 2, 0x5000, 1, 0x2800, 2, 0x4A27, 1,
    0x7B47, 4, 0x4A27, 2, 0x7B47, 2, 0x4A27, 2,
    0x7B47, 8, 0x20E3, 1, 0x0862, 2, 0x4A27, 13,
    0x3985, 4, 0x2800, 1, 0x4000, 2, 0x20E3, 1,
    0x9000, 1, 0x8000, 1, 0x6000, 1, 0x4062, 1,
    0x2147, 1, 0x4000, 1, 0x5000, 1, 0x2800, 3,
    0x3A09, 1, 0xA801, 1, 0x2800, 2, 0x4000, 3,
    0x3A09, 2, 0x4000, 1, 0x2800, 4, 0xA801, 1,
    0x3A09, 1, 0x2800, 1, 0x6800, 2, 0x4000, 2,
    0x2147, 1, 0x6000, 1, 0x8000, 1, 0x9000, 1,
    0x4000, 2, 0x5000, 1, 0x18C5, 30, 0x18A2, 1,
    0x10A3, 1, 0x0862, 6, 0x4062, 1, 0x0862, 1,
    0x18E4, 1, 0x4000, 1, 0x3A09, 1, 0x2104, 1,
    0x5000, 1, 0x2800, 1, 0x3985, 1, 0x7B47, 5,
    0x4A27, 2, 0x7B47, 2, 0x5ACA, 1, 0x4A27, 1,
    0x7B47, 1, 0x4A27, 1, 0x7B47, 3, 0x18C5, 1,
    0x4062, 1, 0x0862, 1, 0x3985, 1, 0x2800, 1,
    0x0862, 2, 0x4A27, 4, 0x7B47, 2, 0x4A27, 9,
    0x3985, 1, 0x4000, 1, 0x2924, 1, 0xA801, 1,
    0x4000, 1, 0x2800, 3, 0x7B47, 1, 0x4A27, 1,
    0x4000, 5, 0x2147, 1, 0x4000, 6, 0x39A8, 1,
    0x4062, 1, 0x4000, 5, 0x39A8, 1, 0x4062, 1,
    0x4000, 4, 0x4062, 1, 0x7B47, 1, 0x2800, 3,
    0x8000, 1, 0xA801, 1, 0x18C5, 31, 0x4062, 1,
    0x10A3, 1, 0x18A2, 1, 0x0862, 5, 0x3985, 1,
    0x0862, 1, 0x18E4, 2, 0x4000, 3, 0x3985, 1,
    0x4A27, 1, 0x7B47, 5, 0x18E4, 1, 0x6000, 1,
    0x10A3, 1, 0x18E4, 1, 0x8BCA, 1, 0x18C3, 1,
    0x7B47, 5, 0x18C5, 1, 0x18A2, 1, 0x20E3, 1,
    0x10A3, 1, 0x0862, 1, 0x2800, 1, 0x0862, 2,
    0x4A27, 3, 0x7B47, 5, 0x4A27, 1, 0x3985, 1,
    0x4A27, 3, 0x3985, 1, 0x2924, 2, 0xA801, 1,
    0x8000, 1, 0x2800, 1, 0x4062, 1, 0x18C3, 1,
    0x1082, 1, 0x4062, 1, 0x1082, 2, 0x2800, 2,
    0x4000, 1, 0xA488, 2, 0x4000, 6, 0xA488, 1,
    0x4000, 6, 0xA488, 2, 0x4000, 1, 0x2800, 2,
    0x1082, 1, 0x10A3, 1, 0x4062, 1, 0x1082, 1,
    0x4A27, 1, 0x4062, 1, 0x4000, 1, 0xA801, 1,
    0x18C5, 31, 0x4062, 1, 0x0862, 1, 0x3985, 1,
    0x2800, 1, 0x0862, 3, 0x18A2, 1, 0x10A3, 2,
    0x18C3, 1, 0x2147, 1, 0x4000, 3, 0x20E3, 1,
    0x4A27, 1, 0x7B47, 5, 0x18C3, 1, 0x4062, 1,
    0x1082, 2, 0x10A3, 1, 0x18C3, 1, 0x4A27, 1,
    0x7B47, 3, 0x18C5, 2, 0x18A2, 1, 0x10A3, 1,
    0x0862, 1, 0x10A3, 1, 0x0862, 1, 0x2800, 1,
    0x18A2, 1, 0x20E3, 1, 0x4A27, 2, 0x7B47, 1,
    0x4A27, 1, 0x7B47, 1, 0x4A27, 1, 0x7B47, 1,
    0x4A27, 1, 0x7B47, 3, 0x4A27, 1, 0x2924, 2,
    0x9000, 1, 0x5000, 1, 0x2800, 1, 0x18C3, 1,
    0x7B47, 1, 0x18C3, 1, 0x6925, 1, 0xA801, 1,
    0x4841, 1, 0x3985, 1, 0x6925, 1, 0x4062, 1,
    0x10A3, 1, 0x2800, 1, 0x4000, 1, 0xA488, 1,
    0x4A27, 1, 0xB50B, 1, 0x7B47, 1, 0xA488, 1,
    0xFECD, 3, 0x7B47, 1, 0xA488, 1, 0x4A27, 1,
    0xDE0C, 1, 0x4000, 2, 0x10A3, 1, 0x4062, 1,
    0x6925, 1, 0x3985, 1, 0x4841, 1, 0xA801, 1,
    0x6925, 1, 0x18C3, 1, 0x7B47, 1, 0x18C3, 1,
    0x2800, 1, 0x5000, 1, 0x9000, 1, 0x18C5, 30,
    0x18A2, 1, 0x0862, 1, 0x10A3, 1, 0x20E3, 1,
    0x2800, 1, 0x0862, 1, 0x2800, 1, 0x3985, 1,
    0x10A3, 1, 0x18A2, 1, 0x2147, 2, 0x4000, 2,
    0x2924, 1, 0x3985, 1, 0x4A27, 4, 0x7B47, 2,
    0x6000, 1, 0x4062, 1, 0x4A27, 1, 0x7B47, 1,
    0x1082, 1, 0x4A27, 1, 0x3985, 1, 0x7B47, 1,
    0x3A09, 1, 0x7B47, 1, 0x18C5, 3, 0x4062, 1,
    0x10A3, 2, 0x18A2, 1, 0x18C3, 1, 0x42CC, 1,
    0x1082, 1, 0x3985, 2, 0x4A27, 1, 0x7B47, 1,
    0x4A27, 3, 0x4104, 2, 0x7B47, 1, 0x4A27, 3,
    0xA801, 1, 0x8000, 1, 0x4000, 1, 0x1082, 1,
    0x7B47, 2, 0x10A3, 1, 0x3985, 1, 0x9083, 1,
    0x4841, 2, 0x6925, 1, 0x10A3, 1, 0x18E4, 1,
    0x4000, 2, 0xA488, 2, 0xFECD, 1, 0x4A27, 1,
    0xFECD, 3, 0x4A27, 3, 0xA488, 1, 0xFECD, 1,
    0x4000, 1, 0x10A3, 1, 0x18E4, 1, 0x1082, 1,
    0x4841, 1, 0x3985, 1, 0x9083, 2, 0x10A3, 1,
    0x18C3, 1, 0x7B47, 1, 0x4A27, 1, 0x4000, 2,
    0xA801, 1, 0x18C5, 30, 0x18A2, 1, 0x10A3, 1,
    0x0862, 1, 0x10A3, 1, 0x0862, 1, 0x18A2, 1,
    0x3985, 1, 0x10A3, 1, 0x1082, 1, 0x20E3, 1,
    0x2147, 1, 0x18E4, 1, 0x18C3, 1, 0x1082, 1,
    0x2800, 1, 0x3985, 2, 0x4A27, 1, 0x20E3, 1,
    0x3985, 2, 0x7B47, 1, 0x18C3, 1, 0x4062, 1,
    0x18C3, 1, 0x4A27, 1, 0x7B47, 1, 0x4A27, 1,
    0x6000, 1, 0x18C3, 1, 0x0000, 1, 0x7B47, 1,
    0x18C5, 3, 0x4062, 6, 0x18C3, 1, 0x1082, 1,
    0x20E3, 1, 0x4A27, 2, 0x7B47, 1, 0x4A27, 1,
    0x4104, 1, 0x6925, 1, 0x4104, 1, 0x8BCA, 1,
    0x3985, 1, 0x4A27, 2, 0xA801, 1, 0x4000, 1,
    0x2800, 1, 0xFECD, 2, 0x18C3, 1, 0x1082, 1,
    0x9083, 2, 0x4062, 1, 0x1082, 1, 0x10A3, 1,
    0x18E4, 1, 0x10A3, 1, 0x4000, 1, 0x4A27, 1,
    0x7B47, 1, 0x4A27, 2, 0x4000, 1, 0x7B47, 1,
    0xFECD, 1, 0x7B47, 1, 0x4000, 1, 0x4A27, 2,
    0x7B47, 1, 0x4A27, 1, 0x4000, 1, 0x10A3, 1,
    0x18E4, 1, 0x10A3, 1, 0x1082, 1, 0x4062, 1,
    0x9083, 1, 0x4841, 1, 0x1082, 1, 0xB50B, 1,
    0xFECD, 1, 0x4A27, 1, 0x2800, 1, 0x7800, 1,
    0xA801, 1, 0x18C5, 31, 0x4062, 1, 0x1082, 1,
    0x10A3, 2, 0x3985, 1, 0x10A3, 2, 0x18A2, 2,
    0x18E4, 3, 0x1082, 1, 0x2800, 1, 0x20E3, 2,
    0x3985, 1, 0x20E3, 2, 0x2800, 1, 0x4A27, 1,
    0x3985, 1, 0x4104, 2, 0x18C3, 1, 0x4A27, 2,
    0x6000, 1, 0x1082, 1, 0x7B47, 2, 0x18C5, 3,
    0x0862, 1, 0x4062, 2, 0x1082, 1, 0x10A3, 1,
    0x4062, 1, 0x20E3, 1, 0x18A2, 1, 0x5000, 1,
    0x4A27, 2, 0x7B47, 1, 0x4A27, 1, 0x7B47, 2,
    0x6925, 1, 0x4A27, 1, 0x8BCA, 1, 0x3985, 1,
    0x4A27, 1, 0xA801, 1, 0x4000, 2, 0xFECD, 2,
    0x18C3, 1, 0x1082, 1, 0xA801, 1, 0x6925, 1,
    0x4062, 2, 0x10A3, 1, 0x2147, 1, 0x18E4, 1,
    0x4000, 1, 0x4841, 1, 0xA488, 2, 0x7B47, 1,
    0xFECD, 3, 0x7B47, 1, 0xFECD, 1, 0x7B47, 1,
    0xA488, 1, 0xDE0C, 1, 0x4000, 2, 0x2147, 1,
    0x2104, 1, 0x4062, 1, 0x1082, 1, 0x6925, 1,
    0x9083, 1, 0x6925, 1, 0x1082, 1, 0xB50B, 1,
    0xFECD, 1, 0x4A27, 1, 0x4000, 1, 0x6000, 1,
    0xA801, 1, 0x18C5, 31, 0x4062, 1, 0x20E3, 1,
    0x10A3, 1, 0x0862, 3, 0x10A3, 1, 0x4062, 1,
    0x18E4, 1, 0x2104, 2, 0x2147, 1, 0x0862, 1,
    0x2800, 1, 0x20E3, 1, 0x2800, 1, 0x0862, 1,
    0x2800, 3, 0x3985, 1, 0x4A27, 1, 0x10A3, 1,
    0x4841, 2, 0x18C3, 1, 0x3985, 1, 0x4841, 1,
    0x7B47, 2, 0x18C5, 4, 0x4062, 2, 0x10A3, 1,
    0x0862, 3, 0x1082, 1, 0x4062, 1, 0x6862, 1,
    0x2924, 1, 0x4A27, 1, 0x7B47, 1, 0x4A27, 1,
    0x7B47, 1, 0x4A27, 1, 0x7B47, 2, 0x8BCA, 1,
    0x3985, 1, 0xA801, 1, 0x6000, 1, 0x4000, 1,
    0x4A27, 1, 0xDE0C, 1, 0x7B47, 1, 0x4A27, 1,
    0x3985, 1, 0x9083, 1, 0x4841, 1, 0x4062, 1,
    0x3985, 1, 0x4062, 1, 0x2147, 1, 0x2104, 1,
    0x5000, 1, 0x4A27, 1, 0xA269, 1, 0x4A27, 1,
    0x7B47, 2, 0x4A27, 2, 0x3A09, 1, 0x7B47, 1,
    0x2147, 1, 0xA269, 1, 0x4A27, 1, 0x5000, 1,
    0x2104, 1, 0x2147, 1, 0x4062, 1, 0x3985, 1,
    0x4062, 1, 0x4841, 1, 0x9083, 1, 0x3985, 1,
    0x4A27, 1, 0x7B47, 1, 0xDE0C, 1, 0x4A27, 1,
    0x4000, 1, 0x6000, 1, 0xA801, 1, 0x18C5, 32,
    0x4062, 1, 0x20E3, 1, 0x10A3, 3, 0x4062, 1,
    0x20E3, 1, 0x18E4, 1, 0x2104, 2, 0x18E4, 1,
    0x2800, 2, 0x0862, 3, 0x2800, 3, 0x3985, 1,
    0x4A27, 1, 0x3985, 1, 0x2924, 2, 0x4841, 1,
    0x3985, 1, 0x4841, 1, 0x4A27, 1, 0x7B47, 1,
    0x18C5, 3, 0x10A3, 1, 0x4062, 1, 0x0862, 2,
    0x10A3, 3, 0x0862, 2, 0x4062, 1, 0x2800, 1,
    0x2924, 1, 0x7B47, 1, 0x4A27, 1, 0x7B47, 4,
    0xA488, 1, 0x3985, 1, 0xA801, 1, 0x9083, 6,
    0x2147, 7, 0x9083, 2, 0xFECD, 11, 0x732B, 1,
    0x9083, 1, 0x2147, 7, 0x9083, 6, 0xA801, 2,
    0x18C5, 33, 0x18E4, 1, 0x4062, 1, 0x20E3, 1,
    0x4062, 2, 0x0862, 1, 0x2147, 2, 0x2104, 2,
    0x4000, 1, 0x0862, 5, 0x2800, 2, 0x20E3, 1,
    0x3985, 2, 0x0862, 2, 0x2924, 2, 0x10A3, 1,
    0x18C3, 1, 0x4A27, 1, 0x18C5, 3, 0x10A3, 4,
    0x3985, 1, 0x18A2, 1, 0x3985, 1, 0x10A3, 1,
    0x0862, 1, 0x4062, 1, 0x5000, 1, 0x2800, 1,
    0x4A27, 2, 0x6925, 2, 0xA488, 1, 0x7B47, 1,
    0xA488, 1, 0x4A27, 1, 0xA145, 20, 0x9083, 1,
    0x9000, 1, 0x9083, 1, 0xA145, 20, 0x9000, 1,
    0x18C5, 34, 0x18C3, 1, 0x18E4, 2, 0x2104, 1,
    0x18E4, 4, 0x18C5, 2, 0x2800, 2, 0x0862, 3,
    0x2800, 2, 0x20E3, 4, 0x2800, 1, 0x0862, 2,
    0x20E3, 1, 0x10A3, 1, 0x4A27, 1, 0x18C5, 3,
    0x10A3, 1, 0x1082, 1, 0x10A3, 1, 0x3985, 1,
    0x2800, 2, 0x0862, 1, 0x18A2, 1, 0x10A3, 1,
    0x0862, 1, 0x4062, 1, 0x2800, 1, 0x4A27, 1,
    0x7B47, 1, 0x4104, 2, 0x6925, 1, 0x7B47, 2,
    0x3985, 1, 0xA145, 2, 0x9000, 1, 0xA145, 6,
    0x8986, 2, 0xA269, 2, 0x63B0, 18, 0xA269, 2,
    0x8986, 2, 0xA145, 6, 0x9000, 1, 0xA145, 2,
    0x18C5, 46, 0x2800, 2, 0x0862, 2, 0x2800, 7,
    0x0862, 2, 0x0000, 1, 0x10A3, 1, 0x18C5, 2,
    0x0862, 1, 0x18A2, 1, 0x0862, 1, 0x10A3, 1,
    0x0862, 5, 0x10A3, 2, 0x4062, 1, 0x5000, 1,
    0x20E3, 1, 0x4A27, 1, 0x7B47, 1, 0x4A27, 1,
    0x6000, 1, 0x4A27, 1, 0x7B47, 1, 0x2924, 1,
    0x2800, 1, 0xA145, 1, 0x9000, 3, 0x9083, 3,
    0xA145, 2, 0x8986, 2, 0xA269, 2, 0x63B0, 17,
    0xA269, 2, 0x8986, 1, 0xA145, 2, 0x9083, 4,
    0x9000, 2, 0xA145, 2, 0x18C5, 49, 0x2800, 11,
    0x0862, 1, 0x18C5, 2, 0x10A3, 1, 0x18A2, 1,
    0x0862, 1, 0x18A2, 1, 0x0862, 6, 0x10A3, 1,
    0x4062, 1, 0x5000, 1, 0x2800, 1, 0x4A27, 3,
    0x7B47, 1, 0x4A27, 1, 0x4104, 2, 0x2800, 1,
    0xA801, 1, 0x2147, 1, 0x39A8, 5, 0x9083, 3,
    0xA145, 1, 0x9083, 2, 0x39A8, 2, 0x9083, 3,
    0x7800, 1, 0x39A8, 1, 0x7800, 2, 0x9083, 1,
    0x7800, 1, 0x9083, 3, 0x39A8, 1, 0x9083, 2,
    0xA145, 2, 0x9083, 3, 0x39A8, 5, 0x2147, 1,
    0xA801, 1, 0x18C5, 53, 0x2800, 8, 0x20E3, 1,
    0x18C5, 2, 0x10A3, 3, 0x0862, 7, 0x10A3, 1,
    0x1082, 1, 0x4062, 1, 0x5000, 1, 0x20E3, 1,
    0x4A27, 1, 0x4104, 1, 0x3985, 4, 0x0862, 1,
    0xA801, 1, 0x4841, 4, 0x3A09, 1, 0xDE0C, 1,
    0xFECD, 28, 0x3A09, 1, 0x4841, 4, 0x4A27, 1,
    0x18C5, 57, 0x2800, 5, 0x20E3, 1, 0x7B47, 1,
    0x18C5, 1, 0x10A3, 1, 0x18A2, 1, 0x4841, 1,
    0x0862, 7, 0x10A3, 1, 0x0862, 1, 0x10A3, 1,
    0x5000, 1, 0x2800, 1, 0x2924, 2, 0x3985, 1,
    0x4A27, 3, 0x2800, 1, 0x8000, 1, 0x4000, 1,
    0x2800, 2, 0x4000, 1, 0x2800, 1, 0xA488, 1,
    0xFECD, 27, 0x3985, 1, 0x2800, 4, 0x4000, 1,
    0xA801, 1, 0x18C5, 60, 0x632E, 2, 0x1082, 1,
    0x52CC, 1, 0x42CC, 1, 0x10A3, 3, 0x0862, 2,
    0x2800, 1, 0x0862, 4, 0x3985, 1, 0x10A3, 1,
    0x18E4, 1, 0x4000, 1, 0x2800, 1, 0x20E3, 1,
    0x4A27, 5, 0x4104, 1, 0x9000, 1, 0x2800, 5,
    0x4A27, 1, 0xA488, 1, 0xDE0C, 2, 0xA488, 1,
    0xFECD, 1, 0xDE0C, 1, 0xFECD, 1, 0xDE0C, 1,
    0xFECD, 6, 0xB50B, 1, 0xFECD, 5, 0xDE0C, 1,
    0xFECD, 1, 0xDE0C, 3, 0xA488, 1, 0x4A27, 1,
    0x2800, 5, 0x9000, 1, 0x18C5, 61, 0x42CC, 1,
    0x1082, 1, 0x0862, 1, 0x42CC, 1, 0x2104, 1,
    0x10A3, 3, 0x2800, 1, 0x0862, 3, 0x2800, 1,
    0x0862, 2, 0x3985, 1, 0x1082, 1, 0x18E4, 1,
    0x2104, 1, 0x4841, 1, 0x0862, 1, 0x4104, 1,
    0x3985, 1, 0x4A27, 3, 0x9000, 11, 0x7800, 3,
    0x8000, 3, 0x7800, 1, 0x9000, 15, 0x8000, 4,
    0x9000, 2, 0xA145, 1, 0x18C5, 63, 0x2104, 1,
    0x0000, 1, 0x2104, 1, 0x18E4, 1, 0x10A3, 3,
    0x2800, 1, 0x0862, 5, 0x2800, 1, 0x10A3, 1,
    0x0862, 1, 0x18E4, 1, 0x2924, 1, 0x4841, 2,
    0x4104, 1, 0x3985, 1, 0x4A27, 1, 0xA801, 1,
    0x9000, 6, 0x8000, 1, 0x7800, 2, 0x8000, 3,
    0x7800, 6, 0x8000, 22, 0x18E4, 1, 0x18C5, 63,
    0x0000, 1, 0x18C5, 1, 0x2147, 1, 0x18C5, 1,
    0x10A3, 1, 0x18A2, 1, 0x10A3, 1, 0x0862, 7,
    0x4062, 1, 0x0862, 1, 0x18E4, 1, 0x2924, 1,
    0x18E4, 1, 0x4841, 1, 0x0862, 1, 0x2800, 1,
    0x9000, 5, 0x8000, 4, 0x7800, 13, 0x8000, 6,
    0x7800, 3, 0x8000, 9, 0x2104, 1, 0x2147, 1,
    0x18C5, 63, 0x63B0, 1, 0x18C5, 1, 0x1082, 1,
    0x18C5, 2, 0x0862, 1, 0x4062, 1, 0x10A3, 1,
    0x3985, 1, 0x0862, 6, 0x10A3, 2, 0x18E4, 3,
    0x4841, 1, 0x9000, 2, 0x8000, 6, 0x7800, 24,
    0x8000, 1, 0x7800, 2, 0x8000, 1, 0x7800, 5,
    0x2104, 1, 0x2147, 2, 0x18C5, 69, 0x4062, 1,
    0x0862, 1, 0x10A3, 1, 0x2800, 1, 0x0862, 5,
    0x10A3, 2, 0x18E4, 2, 0x2147, 4, 0x2104, 5,
    0x18C5, 15, 0x0862, 1, 0x4062, 1, 0x10A3, 2,
    0x20E3, 1, 0x0862, 2, 0x18A2, 1, 0x20E3, 1,
    0x10A3, 2, 0x18E4, 1, 0x2104, 2, 0x18E4, 5,
    0x2147, 1, 0x18E4, 1, 0x2147, 1, 0x18C5, 69,
    0x18A2, 1, 0x20E3, 1, 0x10A3, 1, 0x0862, 1,
    0x2800, 1, 0x0862, 2, 0x2800, 1, 0x18A2, 1,
    0x0862, 1, 0x18A2, 1, 0x10A3, 1, 0x2147, 3,
    0x2104, 1, 0x18E4, 1, 0x2147, 1, 0x2104, 1,
    0x18E4, 2, 0x18C5, 17, 0x4062, 2, 0x0862, 1,
    0x10A3, 1, 0x2924, 1, 0x18A2, 1, 0x3985, 1,
    0x10A3, 1, 0x0862, 1, 0x18A2, 1, 0x18C3, 1,
    0x2104, 1, 0x18E4, 1, 0x2147, 1, 0x18E4, 2,
    0x2147, 1, 0x18E4, 3, 0x18C5, 70, 0x18A2, 1,
    0x10A3, 1, 0x0862, 1, 0x10A3, 1, 0x0862, 4,
    0x10A3, 1, 0x0862, 1, 0x18A2, 1, 0x2147, 1,
    0x18E4, 1, 0x2147, 1, 0x18E4, 5, 0x2147, 1,
    0x18E4, 1, 0x18C5, 18, 0x4062, 1, 0x1082, 1,
    0x0862, 1, 0x10A3, 5, 0x4062, 1, 0x2104, 1,
    0x18E4, 1, 0x2147, 1, 0x18E4, 4, 0x2147, 2,
    0x18E4, 1, 0x18C5, 70, 0x10A3, 1, 0x4062, 1,
    0x10A3, 2, 0x2924, 2, 0x20E3, 1, 0x10A3, 2,
    0x1082, 1, 0x10A3, 1, 0x18E4, 3, 0x2147, 1,
    0x2104, 1, 0x18E4, 1, 0x2147, 1, 0x18E4, 3,
    0x18C5, 18, 0x4062, 2, 0x10A3, 2, 0x0862, 2,
    0x10A3, 1, 0x20E3, 1, 0x4062, 1, 0x2104, 2,
    0x2147, 1, 0x18E4, 2, 0x2104, 1, 0x2147, 1,
    0x2104, 1, 0x2147, 1, 0x2104, 1, 0x18C5, 71,
    0x4062, 1, 0x20E3, 1, 0x0862, 2, 0x10A3, 2,
    0x0862, 2, 0x18A2, 1, 0x10A3, 1, 0x18E4, 6,
    0x2104, 1, 0x18E4, 1, 0x2104, 1, 0x18C5, 20,
    0x4062, 1, 0x20E3, 1, 0x10A3, 1, 0x1082, 1,
    0x4062, 3, 0x0862, 1, 0x2104, 1, 0x2147, 1,
    0x2104, 5, 0x2147, 2, 0x18C5, 73, 0x4062, 1,
    0x10A3, 1, 0x1082, 1, 0x0862, 2, 0x1082, 1,
    0x10A3, 1, 0x4062, 1, 0x2147, 2, 0x2104, 1,
    0x2147, 1, 0x18E4, 2, 0x2147, 2, 0x2104, 2,
    0x18C5, 21, 0x18E4, 1, 0x20E3, 2, 0x6862, 1,
    0x4062, 1, 0x10A3, 1, 0x2104, 2, 0x2147, 1,
    0x18E4, 3, 0x2104, 3, 0x18C5, 74, 0x4062, 3,
    0x1082, 1, 0x4062, 1, 0x18A2, 1, 0x6862, 1,
    0x10A3, 1, 0x2147, 2, 0x2104, 5, 0x2147, 1,
    0x2104, 1, 0x18C5, 23, 0x18C3, 1, 0x18E4, 8,
    0x18C5, 80, 0x10A3, 1, 0x20E3, 1, 0x6862, 1,
    0x4062, 3, 0x2104, 1, 0x2147, 1, 0x18E4, 3,
    0x2104, 2, 0x18E4, 2, 0x18C5, 114, 0x10A3, 1,
    0x39A8, 1, 0x2104, 2, 0x18E4, 3, 0x2104, 1,
    0x18C5, 5698, 0x18C5, 4656, 0x9083, 1, 0xA269, 1,
    0x8000, 1, 0x9000, 6, 0x6862, 1, 0x632E, 1,
    0x5ACA, 2, 0x52CC, 1, 0xDE0C, 4, 0x63B0, 1,
    0x632E, 1, 0xA269, 1, 0x18C5, 107, 0xA269, 1,
    0x2924, 2, 0x7800, 10, 0x2924, 1, 0xB50B, 6,
    0x63B0, 1, 0x6925, 2, 0x632E, 1, 0x63B0, 1,
    0x2147, 1, 0x18C5, 88, 0xA269, 1, 0x9083, 1,
    0x8986, 1, 0x0862, 1, 0x18C5, 9, 0x8986, 1,
    0x18C3, 1, 0x63B0, 1, 0x10A3, 1, 0x8986, 2,
    0x6800, 5, 0x6000, 3, 0x18C3, 2, 0xB50B, 1,
    0x2924, 2, 0x52CC, 2, 0xA488, 1, 0x732B, 1,
    0x52CC, 1, 0x632E, 1, 0x732B, 2, 0x10A3, 1,
    0x6800, 1, 0x7800, 1, 0x6925, 1, 0x18C5, 80,
    0xA269, 1, 0x94D3, 1, 0x63B0, 2, 0x632E, 2,
    0x8986, 2, 0x2800, 1, 0x632E, 1, 0xB50B, 1,
    0xA488, 2, 0x18C5, 3, 0x52CC, 1, 0x632E, 1,
    0x6CB4, 1, 0x63B0, 2, 0x10A3, 2, 0xA269, 1,
    0x6800, 1, 0x4000, 1, 0x5000, 1, 0x4000, 9,
    0x5000, 1, 0x4000, 3, 0x6000, 1, 0x5000, 2,
    0x3A09, 1, 0x2800, 2, 0x6800, 6, 0x18C5, 73,
    0x39A8, 1, 0xDE0C, 1, 0xB50B, 1, 0x63B0, 1,
    0x632E, 1, 0x63B0, 2, 0x94D3, 2, 0x632E, 1,
    0x5ACA, 1, 0x6000, 1, 0x8986, 1, 0x8000, 1,
    0x632E, 1, 0x52CC, 1, 0xB50B, 2, 0x632E, 2,
    0x63B0, 1, 0x6CB4, 3, 0x63B0, 1, 0x10A3, 2,
    0x6000, 1, 0x5000, 15, 0x4000, 1, 0x5000, 3,
    0x4000, 1, 0x5000, 1, 0x4000, 1, 0x6000, 3,
    0x6800, 2, 0x18C5, 73, 0x6925, 1, 0x18C5, 1,
    0x4841, 1, 0x2924, 1, 0x5ACA, 1, 0x632E, 1,
    0x63B0, 3, 0x632E, 2, 0x6925, 1, 0x8986, 1,
    0x2800, 1, 0x7800, 1, 0x5ACA, 1, 0x8986, 2,
    0x632E, 1, 0x63B0, 3, 0x6CB4, 3, 0x63B0, 1,
    0x10A3, 1, 0x6000, 2, 0x5000, 1, 0x8986, 1,
    0x2104, 1, 0x18C3, 5, 0x10A3, 1, 0x5000, 1,
    0x18C3, 2, 0x10A3, 2, 0x5000, 1, 0x6925, 2,
    0x5000, 9, 0x6000, 1, 0x18C5, 74, 0x4000, 1,
    0x4841, 1, 0x8986, 1, 0x52CC, 1, 0x632E, 2,
    0x63B0, 2, 0x632E, 1, 0x8986, 3, 0x2800, 1,
    0x7800, 1, 0x8986, 1, 0x42CC, 1, 0x63B0, 4,
    0x6CB4, 2, 0x63B0, 1, 0x2924, 1, 0x4841, 1,
    0x52CC, 1, 0x6000, 1, 0x5000, 2, 0x18C3, 1,
    0x42CC, 6, 0x39A8, 1, 0x5000, 1, 0x42CC, 1,
    0x52CC, 1, 0x42CC, 1, 0x5000, 2, 0x3A09, 3,
    0x5000, 1, 0x10A3, 1, 0x18C3, 1, 0x6925, 1,
    0x5000, 5, 0x18C5, 71, 0x4062, 1, 0x10A3, 1,
    0x5000, 1, 0x4841, 1, 0x39A8, 1, 0x42CC, 1,
    0x63B0, 1, 0x6CB4, 1, 0x632E, 1, 0x63B0, 2,
    0x632E, 1, 0xA269, 2, 0x8986, 1, 0x2924, 1,
    0x2147, 1, 0x63B0, 7, 0x52CC, 1, 0x20E3, 1,
    0x3A09, 2, 0x52CC, 2, 0x5000, 1, 0x4000, 1,
    0x3A09, 1, 0x42CC, 1, 0x52CC, 4, 0x42CC, 1,
    0x5000, 1, 0x52CC, 2, 0x42CC, 1, 0x3A09, 1,
    0x5000, 1, 0x3A09, 1, 0x42CC, 1, 0x52CC, 1,
    0x5000, 1, 0x39A8, 1, 0x42CC, 2, 0x3A09, 2,
    0x18C3, 1, 0x8986, 1, 0x5000, 1, 0x18C5, 69,
    0x0862, 1, 0x4062, 3, 0x1082, 1, 0x5000, 1,
    0x39A8, 1, 0x3A09, 1, 0x632E, 2, 0x63B0, 2,
    0x94D3, 2, 0x63B0, 1, 0xA269, 1, 0x52CC, 1,
    0x8986, 1, 0x42CC, 1, 0x632E, 1, 0x63B0, 5,
    0x42CC, 1, 0x20E3, 1, 0x42CC, 1, 0x632E, 2,
    0x18C3, 1, 0x632E, 1, 0x5000, 3, 0x42CC, 1,
    0x52CC, 4, 0x42CC, 1, 0x39A8, 1, 0x5000, 1,
    0x52CC, 2, 0x3A09, 1, 0x5000, 1, 0x3A09, 1,
    0x42CC, 1, 0x52CC, 2, 0x5000, 1, 0x42CC, 5,
    0x3A09, 1, 0x18C3, 1, 0x5000, 1, 0x18C5, 68,
    0x20E3, 1, 0x10A3, 2, 0x4062, 1, 0x0862, 1,
    0x5000, 1, 0x10A3, 1, 0x3A09, 1, 0x42CC, 2,
    0x632E, 1, 0xB50B, 1, 0x63B0, 1, 0x94D3, 3,
    0x63B0, 1, 0xA269, 1, 0x63B0, 1, 0x2147, 1,
    0x632E, 1, 0x63B0, 4, 0x2924, 1, 0x2104, 1,
    0x42CC, 1, 0x632E, 2, 0x3A09, 1, 0x2104, 1,
    0x632E, 1, 0x5000, 1, 0x4000, 1, 0x18C3, 1,
    0x3A09, 1, 0x42CC, 4, 0x3A09, 1, 0x4841, 1,
    0x42CC, 2, 0x3A09, 1, 0x39A8, 1, 0x4000, 1,
    0x2147, 1, 0x42CC, 1, 0x52CC, 1, 0x5000, 1,
    0x39A8, 1, 0x42CC, 5, 0x3A09, 1, 0x5000, 1,
    0x18C5, 68, 0x4062, 1, 0x0862, 1, 0x10A3, 1,
    0x1082, 1, 0x20E3, 1, 0x2800, 1, 0x10A3, 1,
    0x4A27, 1, 0x39A8, 1, 0x52CC, 1, 0x63B0, 1,
    0x632E, 2, 0x63B0, 4, 0x94D3, 1, 0x632E, 1,
    0x94D3, 1, 0x2147, 1, 0x42CC, 3, 0x4841, 1,
    0x10A3, 1, 0x3A09, 1, 0x42CC, 1, 0x632E, 3,
    0x52CC, 2, 0x5000, 2, 0x10A3, 1, 0x3A09, 1,
    0x52CC, 3, 0x42CC, 1, 0x3A09, 1, 0x2147, 1,
    0x4841, 1, 0x42CC, 1, 0x3A09, 1, 0x39A8, 1,
    0x4841, 1, 0x2147, 1, 0x3A09, 1, 0x42CC, 2,
    0x2147, 1, 0x3A09, 1, 0x42CC, 4, 0x39A8, 1,
    0x5000, 1, 0x18E4, 1, 0x18C5, 67, 0x4062, 1,
    0x10A3, 1, 0x3985, 1, 0x0862, 1, 0x4062, 1,
    0x4000, 1, 0x10A3, 1, 0x20E3, 1, 0x18C3, 1,
    0x52CC, 1, 0x63B0, 2, 0x52CC, 2, 0x632E, 1,
    0x63B0, 3, 0x94D3, 3, 0x63B0, 1, 0x94D3, 2,
    0x6862, 1, 0x8986, 1, 0x10A3, 1, 0x3A09, 1,
    0x10A3, 2, 0x52CC, 1, 0x3A09, 1, 0x39A8, 1,
    0x5000, 3, 0x1082, 1, 0x3A09, 1, 0x52CC, 2,
    0x42CC, 1, 0x3A09, 1, 0x2147, 1, 0x5000, 1,
    0x42CC, 2, 0x3A09, 1, 0x39A8, 1, 0x4841, 1,
    0x3A09, 1, 0x42CC, 2, 0x4841, 1, 0x2147, 1,
    0x3A09, 1, 0x42CC, 3, 0x3A09, 1, 0x18C3, 1,
    0x6000, 1, 0x18C5, 66, 0x0862, 2, 0x3985, 1,
    0x0862, 1, 0x10A3, 1, 0x4062, 1, 0x4000, 1,
    0x2147, 1, 0x18C3, 1, 0x39A8, 1, 0x52CC, 1,
    0x63B0, 1, 0x52CC, 2, 0x8BCA, 1, 0x632E, 2,
    0x52CC, 1, 0x94D3, 2, 0x63B0, 2, 0x632E, 1,
    0x63B0, 2, 0x632E, 4, 0x63B0, 1, 0x5ACA, 1,
    0x18C3, 1, 0x3A09, 1, 0x39A8, 1, 0x5000, 1,
    0x4841, 1, 0x5000, 1, 0x4062, 1, 0x3A09, 1,
    0x52CC, 2, 0x42CC, 2, 0x3A09, 1, 0x4841, 1,
    0x42CC, 3, 0x39A8, 1, 0x4000, 1, 0x2147, 1,
    0x3A09, 1, 0x42CC, 1, 0x5000, 1, 0x2147, 1,
    0x3A09, 1, 0x42CC, 3, 0x39A8, 1, 0x10A3, 1,
    0x6800, 1, 0x18C5, 66, 0x18A2, 1, 0x10A3, 1,
    0x0862, 2, 0x3985, 1, 0x10A3, 1, 0x4000, 1,
    0x10A3, 1, 0x2147, 1, 0x39A8, 1, 0x3A09, 1,
    0x63B0, 1, 0x52CC, 2, 0xA488, 2, 0x632E, 3,
    0xB50B, 2, 0xDE0C, 1, 0xB50B, 1, 0x2147, 1,
    0x52CC, 1, 0x8986, 1, 0x52CC, 1, 0x632E, 4,
    0x63B0, 1, 0x18C3, 1, 0x6862, 1, 0x5000, 1,
    0x2800, 2, 0xA269, 2, 0x2800, 2, 0x4000, 1,
    0x42CC, 2, 0x39A8, 1, 0x4841, 1, 0x42CC, 2,
    0x3A09, 1, 0x4000, 1, 0x39A8, 1, 0x42CC, 3,
    0x2147, 1, 0x3A09, 1, 0x42CC, 4, 0x1082, 1,
    0x4000, 1, 0x42CC, 1, 0x18C5, 65, 0x20E3, 1,
    0x3985, 1, 0x0862, 2, 0x2800, 1, 0x10A3, 1,
    0x1082, 1, 0x10A3, 1, 0x3A09, 1, 0x39A8, 1,
    0x52CC, 1, 0x6925, 1, 0x632E, 1, 0x52CC, 1,
    0x63B0, 1, 0x8BCA, 1, 0x52CC, 1, 0x94D3, 1,
    0xB50B, 3, 0x8BCA, 1, 0x2147, 1, 0xB50B, 1,
    0x2147, 2, 0x3985, 2, 0x8986, 2, 0x632E, 1,
    0x63B0, 2, 0x8986, 2, 0xA145, 3, 0xA269, 6,
    0x2800, 1, 0x4841, 1, 0x42CC, 3, 0x3A09, 1,
    0x4000, 1, 0x42CC, 3, 0x4841, 1, 0x2147, 1,
    0x42CC, 4, 0x39A8, 1, 0x4062, 1, 0x10A3, 1,
    0x94D3, 1, 0x18C5, 64, 0x10A3, 1, 0x0862, 3,
    0x2800, 1, 0x0862, 2, 0x10A3, 1, 0x39A8, 1,
    0x18C3, 1, 0x39A8, 1, 0x2104, 1, 0x52CC, 2,
    0x42CC, 1, 0x8BCA, 1, 0x52CC, 1, 0x63B0, 1,
    0xB50B, 2, 0x8BCA, 2, 0xA488, 1, 0x8BCA, 2,
    0x2924, 2, 0x6925, 1, 0x2924, 1, 0x6925, 2,
    0x5ACA, 2, 0x52CC, 1, 0x2800, 1, 0xA801, 1,
    0xA145, 4, 0x9000, 1, 0x63B0, 1, 0xA269, 5,
    0x2800, 4, 0x39A8, 1, 0x42CC, 2, 0x4841, 1,
    0x2147, 1, 0x3A09, 1, 0x42CC, 3, 0x2147, 1,
    0x4000, 1, 0x6800, 1, 0x2104, 1, 0x94D3, 2,
    0x63B0, 2, 0x18C5, 60, 0x10A3, 1, 0x0862, 5,
    0x2800, 1, 0x10A3, 2, 0x2147, 1, 0x18C3, 1,
    0x4A27, 1, 0x7B47, 1, 0xA488, 1, 0x3A09, 1,
    0x8BCA, 2, 0xB50B, 2, 0xA488, 5, 0x7B47, 2,
    0x3985, 3, 0x2924, 2, 0x6925, 1, 0x6862, 1,
    0x6925, 1, 0xA801, 8, 0xA145, 4, 0xA269, 1,
    0x3A09, 1, 0x6CB4, 1, 0xA269, 4, 0x94D3, 1,
    0xA269, 1, 0xA801, 1, 0x8000, 1, 0xA269, 1,
    0x2800, 4, 0x6862, 1, 0x2147, 1, 0x63B0, 3,
    0x632E, 1, 0x2800, 3, 0xA269, 1, 0x2800, 4,
    0x4000, 1, 0x18C5, 51, 0x10A3, 1, 0x0862, 1,
    0x2800, 1, 0x0862, 3, 0x4000, 1, 0x1082, 1,
    0x2800, 1, 0x18E4, 1, 0x18C3, 1, 0x7B47, 2,
    0x4A27, 1, 0x632E, 1, 0x7B47, 1, 0xB50B, 2,
    0xA488, 3, 0x7B47, 1, 0xA488, 1, 0x7B47, 3,
    0x4A27, 2, 0x2924, 2, 0x4841, 3, 0xA801, 2,
    0x9000, 1, 0x8000, 1, 0xA801, 3, 0x3A09, 2,
    0xA801, 2, 0xA145, 1, 0xA801, 4, 0xA145, 2,
    0xA269, 4, 0x3A09, 1, 0x94D3, 1, 0xA269, 1,
    0x94D3, 2, 0xA269, 3, 0xA801, 1, 0x39A8, 1,
    0xA269, 12, 0x4000, 1, 0x18C5, 50, 0x0862, 1,
    0x2800, 1, 0x0862, 1, 0x2800, 1, 0x0862, 2,
    0x4000, 1, 0x10A3, 1, 0x2800, 1, 0x0862, 1,
    0x2800, 1, 0x7B47, 3, 0x8BCA, 1, 0x4A27, 1,
    0x18E4, 1, 0xA488, 2, 0x18C5, 1, 0x4A27, 1,
    0x7B47, 6, 0x4A27, 3, 0x2924, 2, 0x4000, 1,
    0x8000, 1, 0x6000, 1, 0x7800, 5, 0x94D3, 1,
    0xA801, 6, 0x3A09, 2, 0xA801, 6, 0x3A09, 2,
    0xA145, 5, 0xA269, 1, 0x39A8, 2, 0xA145, 5,
    0x3A09, 1, 0x6CB4, 1, 0xA145, 6, 0x18C5, 50,
    0x1082, 1, 0x0862, 3, 0x2800, 1, 0x10A3, 1,
    0x2800, 1, 0x1082, 1, 0x2800, 2, 0x4A27, 1,
    0x7B47, 2, 0x4A27, 1, 0x7B47, 1, 0x4A27, 1,
    0xB50B, 1, 0xA488, 1, 0x18C5, 2, 0x4A27, 3,
    0x7B47, 6, 0x4A27, 3, 0x6000, 2, 0x4000, 2,
    0x5000, 1, 0xA801, 3, 0x94D3, 1, 0x4000, 1,
    0x6000, 1, 0x7800, 3, 0xA801, 1, 0x94D3, 1,
    0xA801, 3, 0x9000, 2, 0xA801, 2, 0x3A09, 1,
    0xA801, 7, 0x3A09, 1, 0xA801, 3, 0xA145, 1,
    0xA801, 2, 0x3A09, 2, 0xA801, 6, 0x18C5, 50,
    0x0862, 4, 0x18A2, 1, 0x10A3, 1, 0x18E4, 1,
    0x2147, 1, 0x2800, 2, 0x7B47, 3, 0x4A27, 1,
    0x7B47, 1, 0x4A27, 1, 0xA488, 1, 0x18C5, 4,
    0x4A27, 4, 0x7B47, 6, 0x3985, 1, 0x4000, 1,
    0x20E3, 1, 0xA801, 1, 0x7800, 1, 0x6000, 1,
    0x4000, 2, 0x7B47, 1, 0x2147, 1, 0x4000, 6,
    0x94D3, 1, 0xA801, 1, 0x4000, 1, 0x8000, 5,
    0x6CB4, 1, 0xA801, 2, 0x9000, 2, 0xA801, 3,
    0x6CB4, 1, 0xA801, 5, 0x9000, 1, 0x3A09, 1,
    0xA801, 7, 0x18C5, 50, 0x10A3, 1, 0x0862, 3,
    0x20E3, 1, 0x39A8, 1, 0x18E4, 1, 0x2800, 2,
    0x3985, 1, 0x7B47, 3, 0x6000, 1, 0x18E4, 1,
    0x4A27, 1, 0xA488, 1, 0x18C5, 4, 0x4A27, 4,
    0x3985, 2, 0x4A27, 1, 0x7B47, 2, 0x4A27, 1,
    0x3985, 1, 0x2800, 1, 0x8000, 1, 0x4000, 2,
    0x2800, 3, 0x7B47, 1, 0x4A27, 1, 0x2800, 1,
    0x4000, 4, 0xA801, 1, 0x3A09, 1, 0x4000, 2,
    0x8986, 2, 0x4000, 2, 0xA801, 1, 0x94D3, 1,
    0x6000, 2, 0x5000, 2, 0x4000, 2, 0xA801, 1,
    0x94D3, 1, 0x7800, 4, 0x6000, 1, 0x7800, 1,
    0x94D3, 1, 0xA801, 1, 0x7800, 4, 0xA801, 2,
    0x18C5, 50, 0x20E3, 2, 0x0862, 2, 0x10A3, 1,
    0x18E4, 1, 0x2147, 1, 0x2800, 2, 0x4A27, 1,
    0x7B47, 3, 0x39A8, 1, 0x1082, 1, 0x18C3, 1,
    0x2104, 1, 0x18C5, 4, 0x3985, 2, 0x4A27, 2,
    0x3985, 2, 0x4A27, 2, 0x3985, 1, 0x4A27, 1,
    0xA801, 1, 0x8000, 1, 0x5000, 1, 0x4000, 1,
    0x4A27, 1, 0x7B47, 1, 0x18C3, 1, 0x4062, 2,
    0x10A3, 1, 0x1082, 1, 0x2800, 2, 0x4000, 2,
    0xFECD, 1, 0x2147, 1, 0x4000, 6, 0xA801, 1,
    0x2147, 1, 0x4000, 5, 0x8986, 1, 0xA801, 1,
    0x94D3, 1, 0x2800, 2, 0x4000, 1, 0x7800, 2,
    0xA801, 1, 0x6CB4, 1, 0xA801, 2, 0x5000, 3,
    0x8000, 2, 0x18C5, 50, 0x4062, 1, 0x10A3, 1,
    0x0862, 2, 0x10A3, 2, 0x2147, 1, 0x10A3, 1,
    0x2800, 1, 0x2924, 1, 0x4A27, 2, 0x7B47, 1,
    0x4104, 1, 0x7B47, 1, 0x4A27, 1, 0x2104, 1,
    0x18C5, 3, 0x18A2, 1, 0x18E4, 1, 0x2924, 1,
    0x4A27, 1, 0x3985, 2, 0x4062, 1, 0x4A27, 1,
    0x2924, 1, 0x3985, 1, 0x2924, 1, 0xA801, 1,
    0x4000, 2, 0x18C3, 1, 0x7B47, 2, 0x1082, 1,
    0x6925, 1, 0xA801, 1, 0x4841, 1, 0x3985, 1,
    0x4062, 1, 0x1082, 1, 0x2800, 1, 0x4000, 3,
    0x4A27, 2, 0x4000, 4, 0x18C3, 1, 0xDE0C, 1,
    0x4000, 6, 0x2147, 1, 0x7B47, 1, 0x4000, 5,
    0x39A8, 1, 0xFECD, 1, 0x4000, 3, 0xA801, 1,
    0x4000, 2, 0x6000, 1, 0x18C5, 50, 0x4062, 1,
    0x10A3, 1, 0x2924, 1, 0x3985, 1, 0x1082, 1,
    0x2147, 1, 0x18E4, 2, 0x0862, 1, 0x18A2, 1,
    0x20E3, 1, 0x2924, 1, 0x0862, 1, 0x4841, 1,
    0x4A27, 2, 0x18C5, 3, 0x4062, 1, 0x20E3, 2,
    0x18A2, 1, 0x3985, 1, 0x4A27, 1, 0x4104, 2,
    0x2924, 3, 0xA801, 1, 0x8000, 1, 0x4000, 1,
    0x2800, 1, 0xA488, 1, 0xDE0C, 1, 0xA488, 1,
    0x10A3, 1, 0x3985, 1, 0x9083, 1, 0x4841, 1,
    0x3985, 1, 0x6925, 1, 0x1082, 1, 0x10A3, 2,
    0x4000, 2, 0xA488, 1, 0x4A27, 1, 0xB50B, 1,
    0xA488, 2, 0x4A27, 3, 0x4000, 1, 0x4A27, 2,
    0x4000, 1, 0x4A27, 1, 0x4000, 1, 0xA488, 2,
    0x4000, 1, 0x2800, 2, 0x1082, 2, 0x2800, 5,
    0x4000, 1, 0x8000, 1, 0x4000, 1, 0x4A27, 1,
    0x18C5, 50, 0x4062, 1, 0x0862, 1, 0x10A3, 1,
    0x0862, 1, 0x18A2, 1, 0x18E4, 3, 0x0862, 1,
    0x18A2, 1, 0x2800, 2, 0x4A27, 1, 0x4062, 1,
    0x18C3, 1, 0x4A27, 1, 0x18C5, 2, 0x10A3, 1,
    0x4062, 1, 0x1082, 3, 0x3985, 1, 0x4A27, 3,
    0x4062, 1, 0x4A27, 1, 0x2924, 1, 0xA801, 1,
    0x6000, 1, 0x4000, 1, 0x4A27, 1, 0xFECD, 2,
    0x18C3, 1, 0x1082, 1, 0x4841, 1, 0x9083, 1,
    0x4841, 1, 0x4062, 2, 0x10A3, 1, 0x18E4, 1,
    0x10A3, 1, 0x4000, 2, 0x7B47, 1, 0xA488, 1,
    0x4A27, 3, 0xFECD, 3, 0xA488, 1, 0x7B47, 1,
    0xB50B, 1, 0x4A27, 1, 0xDE0C, 1, 0x4000, 2,
    0x2800, 1, 0x10A3, 1, 0x0862, 1, 0x1082, 1,
    0x10A3, 1, 0x4062, 1, 0x6925, 1, 0x4841, 1,
    0x1082, 1, 0x7B47, 1, 0x4062, 1, 0x2800, 1,
    0x8000, 1, 0xA801, 1, 0x4A27, 1, 0x18C5, 51,
    0x10A3, 1, 0x0862, 1, 0x1082, 1, 0x4062, 1,
    0x2147, 3, 0x2800, 1, 0x1082, 1, 0x0862, 1,
    0x2800, 1, 0x2924, 1, 0x10A3, 1, 0x4062, 1,
    0xA488, 1, 0x18C5, 2, 0x18A2, 1, 0x20E3, 1,
    0x0862, 2, 0x10A3, 1, 0x2924, 1, 0x3985, 1,
    0x4A27, 4, 0x20E3, 1, 0xA801, 1, 0x6000, 1,
    0x4000, 1, 0x4A27, 1, 0xDE0C, 1, 0x7B47, 1,
    0x18C3, 1, 0x1082, 1, 0xA801, 1, 0x9083, 1,
    0x6925, 1, 0x1082, 1, 0x4062, 1, 0x10A3, 1,
    0x2147, 1, 0x10A3, 1, 0x4000, 1, 0x4A27, 1,
    0x7B47, 1, 0xA488, 1, 0x4841, 1, 0xA488, 1,
    0x4000, 1, 0x7B47, 1, 0xFECD, 1, 0x7B47, 1,
    0x4000, 1, 0x4A27, 2, 0xFECD, 2, 0x4000, 2,
    0x18E4, 1, 0x10A3, 1, 0x1082, 1, 0x4841, 1,
    0x3985, 1, 0x4841, 1, 0xA801, 1, 0x6925, 1,
    0x18C3, 1, 0x7B47, 2, 0x2800, 1, 0x4000, 1,
    0x8000, 1, 0xA801, 1, 0x18C5, 51, 0x4062, 3,
    0x10A3, 1, 0x2147, 2, 0x2104, 1, 0x0862, 1,
    0x0000, 1, 0x0862, 2, 0x2924, 2, 0x2104, 1,
    0xA488, 1, 0x18C5, 2, 0x4062, 1, 0x0862, 1,
    0x10A3, 2, 0x0862, 1, 0x18A2, 1, 0x4A27, 4,
    0x7B47, 1, 0xA801, 2, 0x9083, 1, 0x4841, 1,
    0x2147, 1, 0x3A09, 1, 0x7B47, 1, 0x2147, 4,
    0x4062, 2, 0x3985, 1, 0x2104, 1, 0x2147, 1,
    0x2104, 1, 0x5000, 1, 0x4A27, 1, 0xDE0C, 1,
    0xA488, 1, 0x7B47, 3, 0xFECD, 2, 0x3985, 1,
    0xA488, 1, 0x4841, 1, 0xA488, 1, 0x7B47, 1,
    0x4A27, 1, 0x4000, 1, 0x10A3, 1, 0x18E4, 2,
    0x4062, 1, 0x3985, 1, 0x4062, 1, 0x6925, 1,
    0x9083, 1, 0x3985, 1, 0x18C3, 1, 0x7B47, 1,
    0x4A27, 1, 0x1082, 1, 0x4000, 1, 0x8000, 1,
    0xA801, 1, 0x18C5, 51, 0x42CC, 1, 0x4062, 1,
    0x20E3, 1, 0x2104, 2, 0x18E4, 3, 0x0000, 1,
    0x0862, 2, 0x18A2, 1, 0x2924, 1, 0x0000, 1,
    0x18C3, 1, 0x18C5, 2, 0x18A2, 1, 0x0862, 1,
    0x2924, 1, 0x3985, 1, 0x0862, 1, 0x1082, 1,
    0x2924, 1, 0x4104, 2, 0x4A27, 1, 0x7B47, 1,
    0xA145, 6, 0x9083, 2, 0x2147, 7, 0x2104, 1,
    0x4841, 2, 0xB50B, 1, 0xFECD, 3, 0x7B47, 1,
    0x3A09, 1, 0x4A27, 2, 0x3A09, 1, 0x7B47, 1,
    0x2147, 1, 0xA269, 1, 0xDE0C, 1, 0x4841, 1,
    0x4000, 1, 0x18E4, 1, 0x2147, 1, 0x10A3, 1,
    0x4062, 1, 0x1082, 1, 0x4841, 1, 0x9083, 2,
    0x0862, 1, 0x18C3, 1, 0xB50B, 1, 0xFECD, 1,
    0x4A27, 1, 0x4000, 1, 0x8000, 1, 0xA801, 1,
    0x18C5, 54, 0x18E4, 5, 0x1082, 1, 0x0862, 2,
    0x2800, 1, 0x1082, 2, 0x0000, 1, 0x18C5, 1,
    0x10A3, 1, 0x0862, 1, 0x20E3, 1, 0x0862, 2,
    0x10A3, 1, 0x1082, 1, 0x2924, 1, 0x4062, 2,
    0x4A27, 2, 0xA145, 2, 0x9000, 2, 0xA145, 13,
    0x9083, 1, 0xFECD, 13, 0x4841, 2, 0x2104, 2,
    0x4062, 1, 0x3985, 1, 0x4062, 1, 0x4841, 1,
    0x6925, 1, 0x3985, 1, 0x1082, 1, 0x18C3, 1,
    0xFECD, 2, 0x4A27, 1, 0x4000, 1, 0x6000, 1,
    0xA801, 1, 0x18C5, 60, 0x2800, 1, 0x0862, 1,
    0x2800, 1, 0x1082, 1, 0x2800, 2, 0x18C5, 1,
    0x10A3, 1, 0x0862, 4, 0x10A3, 1, 0x4000, 1,
    0x18A2, 1, 0x4A27, 1, 0x3A09, 1, 0x3985, 1,
    0x4A27, 1, 0x18A2, 1, 0xA145, 1, 0x9000, 3,
    0xA145, 5, 0x8986, 3, 0xA269, 2, 0x63B0, 5,
    0xA145, 4, 0x9000, 1, 0xA145, 4, 0xFECD, 2,
    0x9083, 2, 0x2147, 4, 0x2104, 2, 0x2147, 3,
    0x7B47, 1, 0x3A09, 1, 0x7B47, 1, 0x4000, 2,
    0xA801, 2, 0x18C5, 62, 0x2800, 5, 0x20E3, 1,
    0x10A3, 1, 0x0862, 3, 0x20E3, 1, 0x18A2, 1,
    0x2800, 1, 0x2924, 1, 0x3985, 2, 0x20E3, 1,
    0x2800, 1, 0xA801, 1, 0xA145, 5, 0x9083, 3,
    0xA145, 1, 0x8986, 2, 0xA269, 2, 0x63B0, 6,
    0x94D3, 3, 0x63B0, 1, 0x94D3, 4, 0x63B0, 2,
    0xA145, 9, 0x2147, 1, 0x9083, 6, 0xA801, 2,
    0x18C5, 63, 0x2800, 4, 0x10A3, 2, 0x0862, 4,
    0x1082, 2, 0x3985, 1, 0x20E3, 1, 0x2924, 1,
    0x3985, 1, 0x0862, 1, 0xA801, 1, 0x4A27, 1,
    0x4841, 3, 0x39A8, 3, 0x9083, 4, 0xA145, 1,
    0xA801, 1, 0xA145, 3, 0x9083, 4, 0x63B0, 5,
    0x94D3, 1, 0x63B0, 6, 0xA269, 2, 0x8986, 3,
    0xA145, 10, 0x18C5, 65, 0x2800, 2, 0x18A2, 1,
    0x4A27, 1, 0x0862, 3, 0x18A2, 1, 0x10A3, 1,
    0x2800, 1, 0x20E3, 2, 0x3985, 2, 0x2924, 1,
    0xA801, 1, 0x2800, 2, 0x4000, 4, 0xFECD, 9,
    0x9083, 4, 0x7800, 1, 0x39A8, 1, 0x9083, 1,
    0x7800, 1, 0xA145, 4, 0x9083, 4, 0x63B0, 1,
    0xA269, 2, 0x8986, 2, 0xA145, 7, 0x9000, 1,
    0xA145, 3, 0x18C5, 64, 0x632E, 1, 0x10A3, 1,
    0x632E, 1, 0x18A2, 1, 0x20E3, 1, 0x0862, 4,
    0x10A3, 1, 0x2800, 1, 0x18A2, 1, 0x3985, 4,
    0x9000, 1, 0x4841, 1, 0x2800, 3, 0x4000, 1,
    0x3985, 1, 0xA488, 1, 0xFECD, 19, 0x9083, 3,
    0x39A8, 1, 0x9083, 2, 0xA145, 1, 0x9083, 1,
    0xA145, 5, 0x9083, 4, 0x9000, 2, 0xA145, 1,
    0x18E4, 1, 0x18C5, 64, 0x42CC, 1, 0x0000, 1,
    0x42CC, 1, 0x10A3, 1, 0x0862, 4, 0x20E3, 1,
    0x18A2, 1, 0x2800, 1, 0x0862, 1, 0x2924, 1,
    0x3985, 2, 0x4104, 1, 0x9000, 3, 0x2800, 3,
    0x4000, 2, 0xA488, 1, 0xDE0C, 3, 0xA488, 1,
    0xFECD, 1, 0xDE0C, 1, 0xFECD, 24, 0x39A8, 6,
    0xA801, 1, 0xA269, 1, 0x18E4, 1, 0x18C5, 64,
    0x2147, 1, 0x0000, 1, 0x2104, 1, 0x18A2, 1,
    0x20E3, 1, 0x0862, 3, 0x3985, 1, 0x10A3, 1,
    0x2147, 1, 0x4000, 1, 0x0862, 1, 0x4104, 1,
    0x3985, 1, 0x9000, 7, 0x8000, 6, 0x7800, 2,
    0x2800, 6, 0xB50B, 1, 0xFECD, 1, 0xA488, 1,
    0xFECD, 1, 0xB50B, 1, 0xFECD, 13, 0x7B47, 1,
    0x4000, 3, 0x4841, 2, 0x4A27, 1, 0xA801, 1,
    0x18E4, 1, 0x2104, 1, 0x18C5, 64, 0x2147, 1,
    0x10A3, 1, 0x3A09, 1, 0x10A3, 1, 0x20E3, 1,
    0x0862, 3, 0x4062, 1, 0x18E4, 2, 0x4000, 2,
    0x2800, 1, 0x9000, 2, 0x8000, 2, 0x9000, 3,
    0x8000, 2, 0x7800, 2, 0x8000, 3, 0x7800, 1,
    0x8000, 3, 0x7800, 2, 0x8000, 8, 0x2800, 5,
    0xFECD, 1, 0xA488, 1, 0xDE0C, 3, 0xA488, 1,
    0x4A27, 1, 0x2800, 5, 0x4000, 1, 0x8000, 1,
    0xA801, 1, 0x18E4, 1, 0x2104, 1, 0x18C5, 64,
    0x6CB4, 2, 0x18C5, 1, 0x4062, 1, 0x3985, 1,
    0x0862, 3, 0x3985, 1, 0x18E4, 3, 0x4000, 1,
    0x9000, 2, 0x8000, 9, 0x7800, 1, 0x8000, 1,
    0x7800, 9, 0x8000, 9, 0x7800, 1, 0x8000, 4,
    0x9000, 4, 0x4000, 2, 0x2800, 4, 0x4841, 1,
    0x9000, 1, 0x2147, 3, 0x18C5, 67, 0x18A2, 1,
    0x3985, 1, 0x0862, 3, 0x10A3, 1, 0x18C3, 1,
    0x2147, 1, 0x18E4, 6, 0x2104, 1, 0x18E4, 2,
    0x8000, 1, 0x7800, 16, 0x8000, 22, 0xA145, 1,
    0x4104, 1, 0x2147, 2, 0x2104, 1, 0x18C5, 67,
    0x4062, 1, 0x10A3, 1, 0x2800, 1, 0x0862, 3,
    0x10A3, 1, 0x2147, 8, 0x2104, 3, 0x18C5, 10,
    0x7800, 9, 0x8000, 5, 0x7800, 2, 0x8000, 13,
    0x18E4, 4, 0x18C5, 67, 0x4062, 1, 0x10A3, 1,
    0x0862, 2, 0x10A3, 2, 0x2147, 1, 0x18E4, 1,
    0x2147, 1, 0x18E4, 4, 0x2147, 1, 0x18E4, 3,
    0x18C5, 22, 0x7800, 6, 0x8000, 2, 0x7800, 1,
    0x8000, 8, 0x18E4, 4, 0x18C5, 68, 0x4062, 1,
    0x1082, 1, 0x2924, 1, 0x20E3, 1, 0x10A3, 1,
    0x18A2, 1, 0x18E4, 4, 0x2147, 1, 0x18E4, 4,
    0x2147, 1, 0x2104, 1, 0x18C5, 25, 0x18A2, 1,
    0x0862, 1, 0x20E3, 1, 0x0862, 2, 0x10A3, 1,
    0x18E4, 1, 0x2104, 2, 0x7800, 4, 0x2104, 1,
    0x2147, 4, 0x18C5, 68, 0x4062, 1, 0x18A2, 1,
    0x0862, 3, 0x4062, 1, 0x18E4, 4, 0x2147, 1,
    0x18E4, 5, 0x2104, 1, 0x18C5, 25, 0x18A2, 1,
    0x10A3, 2, 0x0862, 1, 0x3985, 1, 0x0862, 1,
    0x18C3, 1, 0x2104, 2, 0x18E4, 6, 0x2147, 1,
    0x18E4, 1, 0x2147, 1, 0x18C5, 69, 0x4062, 1,
    0x10A3, 1, 0x0862, 1, 0x4062, 1, 0x2147, 5,
    0x18E4, 3, 0x2147, 1, 0x18E4, 1, 0x2104, 1,
    0x18E4, 1, 0x18C5, 26, 0x10A3, 2, 0x3985, 1,
    0x10A3, 1, 0x18A2, 1, 0x18E4, 3, 0x2147, 2,
    0x18E4, 1, 0x2104, 2, 0x2147, 1, 0x18E4, 2,
    0x2147, 1, 0x18C5, 69, 0x4062, 1, 0x20E3, 1,
    0x4062, 1, 0x6862, 1, 0x2147, 3, 0x2104, 5,
    0x2147, 1, 0x2104, 2, 0x18C5, 27, 0x20E3, 1,
    0x0862, 1, 0x10A3, 1, 0x0862, 1, 0x4062, 1,
    0x18E4, 1, 0x2104, 1, 0x18E4, 1, 0x2147, 1,
    0x18E4, 2, 0x2147, 1, 0x18E4, 4, 0x18C5, 71,
    0x4062, 1, 0x6862, 1, 0x4062, 1, 0x18E4, 1,
    0x2104, 1, 0x2147, 1, 0x2104, 5, 0x2147, 1,
    0x2104, 2, 0x18C5, 27, 0x4062, 1, 0x1082, 1,
    0x0862, 1, 0x10A3, 1, 0x4062, 1, 0x2104, 2,
    0x2147, 2, 0x18E4, 2, 0x2104, 1, 0x2147, 1,
    0x2104, 1, 0x2147, 2, 0x18C5, 71, 0x2104, 2,
    0x18E4, 1, 0x2104, 2, 0x18E4, 4, 0x2104, 1,
    0x18E4, 3, 0x18C5, 29, 0x4062, 1, 0x20E3, 1,
    0x4062, 1, 0x10A3, 1, 0x2104, 1, 0x2147, 2,
    0x2104, 5, 0x2147, 2, 0x18E4, 1, 0x18C5, 113,
    0x18E4, 1, 0x18A2, 1, 0x0862, 1, 0x18E4, 6,
    0x2104, 4, 0x2147, 1, 0x18C5, 115, 0x18E4, 2,
    0x2104, 1, 0x18E4, 4, 0x2104, 1, 0x18E4, 1,
    0x2104, 1, 0x18E4, 2, 0x18C5, 5406, 0x18C5, 4914,
    0x9000, 6, 0x9083, 1, 0x63B0, 1, 0x632E, 1,
    0x63B0, 1, 0xB50B, 1, 0xDE0C, 1, 0x632E, 1,
    0x94D3, 1, 0x18C5, 113, 0x39A8, 1, 0x8000, 6,
    0x7800, 2, 0x2924, 1, 0x3A09, 1, 0xB50B, 2,
    0x52CC, 2, 0x632E, 1, 0x52CC, 1, 0x3A09, 1,
    0xB50B, 1, 0x632E, 2, 0x18C5, 106, 0x6CB4, 1,
    0xA269, 1, 0x6800, 3, 0x6000, 5, 0x18C3, 2,
    0xA488, 1, 0xB50B, 1, 0x2924, 2, 0x52CC, 1,
    0xB50B, 1, 0x52CC, 1, 0x2924, 1, 0x3A09, 1,
    0x6925, 1, 0x63B0, 1, 0x732B, 1, 0x63B0, 1,
    0x2924, 1, 0x632E, 1, 0x18C5, 94, 0x63B0, 1,
    0x4841, 1, 0x632E, 1, 0xA145, 1, 0x8986, 1,
    0x0862, 1, 0x39A8, 1, 0x6CB4, 1, 0x18E4, 1,
    0x7800, 1, 0x6000, 7, 0x4000, 4, 0x5000, 1,
    0x4000, 1, 0x6000, 3, 0x4A27, 1, 0x732B, 1,
    0x5ACA, 4, 0x10A3, 1, 0x6800, 1, 0x7800, 1,
    0x6862, 1, 0x8986, 1, 0x18C5, 88, 0x94D3, 4,
    0x63B0, 1, 0x632E, 1, 0x6800, 1, 0x8986, 1,
    0x0862, 1, 0x94D3, 1, 0x6CB4, 1, 0x4841, 1,
    0x7800, 1, 0x6000, 8, 0x5000, 6, 0x4000, 2,
    0x5000, 3, 0x6000, 3, 0x2800, 1, 0x6000, 2,
    0x6800, 4, 0x8000, 1, 0x6862, 1, 0x18C5, 83,
    0x6862, 1, 0x632E, 1, 0x63B0, 2, 0x94D3, 1,
    0x632E, 1, 0x8986, 3, 0x6CB4, 1, 0x94D3, 1,
    0x6CB4, 1, 0x63B0, 1, 0x7800, 1, 0x6000, 1,
    0x18E4, 1, 0x3A09, 1, 0x42CC, 4, 0x3A09, 1,
    0x10A3, 1, 0x5000, 1, 0x18C3, 2, 0x6925, 4,
    0x5000, 6, 0x4000, 1, 0x2800, 1, 0x6000, 3,
    0x6800, 3, 0x6925, 1, 0x18C5, 83, 0x6862, 1,
    0x63B0, 3, 0x94D3, 1, 0x632E, 1, 0x8986, 2,
    0x6CB4, 2, 0x94D3, 1, 0x6862, 1, 0x63B0, 1,
    0x6800, 1, 0x10A3, 1, 0x3A09, 1, 0x52CC, 1,
    0x632E, 4, 0x42CC, 1, 0x3A09, 1, 0x5000, 1,
    0x42CC, 1, 0x632E, 1, 0x42CC, 1, 0x3A09, 1,
    0x5000, 1, 0x18E4, 1, 0x3A09, 1, 0x18C3, 2,
    0x6925, 2, 0x5000, 7, 0x6000, 2, 0x8986, 1,
    0x18C5, 82, 0x0862, 1, 0x6862, 1, 0x94D3, 4,
    0x632E, 1, 0xA269, 1, 0x2924, 1, 0x6CB4, 2,
    0x2924, 1, 0x6CB4, 1, 0x2147, 1, 0x6800, 1,
    0x4000, 1, 0x3A09, 1, 0x42CC, 1, 0x632E, 4,
    0x42CC, 1, 0x3A09, 1, 0x5000, 1, 0x632E, 2,
    0x42CC, 1, 0x3A09, 1, 0x5000, 1, 0x3A09, 1,
    0x42CC, 1, 0x52CC, 1, 0x42CC, 1, 0x5000, 1,
    0x3A09, 2, 0x18C3, 2, 0x6925, 1, 0x5000, 4,
    0x632E, 1, 0x2104, 2, 0x18C5, 81, 0x1082, 1,
    0x2147, 1, 0x63B0, 1, 0x94D3, 4, 0x8986, 1,
    0x6CB4, 2, 0x2147, 1, 0x63B0, 1, 0x6CB4, 1,
    0x42CC, 1, 0x63B0, 1, 0x5000, 1, 0x18E4, 1,
    0x42CC, 2, 0x632E, 3, 0x42CC, 1, 0x3A09, 1,
    0x5000, 1, 0x632E, 2, 0x42CC, 1, 0x3A09, 1,
    0x5000, 1, 0x3A09, 1, 0x42CC, 1, 0x52CC, 1,
    0x5000, 1, 0x39A8, 1, 0x42CC, 4, 0x3A09, 1,
    0x39A8, 1, 0x18E4, 1, 0x5000, 2, 0x6862, 1,
    0x63B0, 2, 0x8986, 1, 0x6800, 1, 0x6862, 1,
    0x18C5, 78, 0x0862, 1, 0x2924, 1, 0x63B0, 1,
    0x94D3, 3, 0xA269, 1, 0x2147, 1, 0x6CB4, 1,
    0x6862, 1, 0x42CC, 1, 0x63B0, 2, 0x2147, 1,
    0x6862, 1, 0x5000, 1, 0x18E4, 1, 0x42CC, 2,
    0x52CC, 2, 0x42CC, 1, 0x3A09, 1, 0x2147, 1,
    0x4841, 1, 0x42CC, 2, 0x3A09, 1, 0x39A8, 1,
    0x4000, 1, 0x3A09, 1, 0x42CC, 1, 0x52CC, 1,
    0x5000, 1, 0x39A8, 1, 0x42CC, 6, 0x39A8, 1,
    0x18C3, 1, 0x5000, 1, 0x7800, 1, 0x18C3, 1,
    0x63B0, 1, 0x8986, 1, 0x6800, 1, 0x6000, 2,
    0x52CC, 1, 0x18C5, 76, 0x1082, 1, 0x2104, 1,
    0x6CB4, 1, 0x94D3, 5, 0x632E, 2, 0x18C3, 1,
    0x20E3, 1, 0x63B0, 1, 0x42CC, 1, 0x63B0, 1,
    0x6000, 1, 0x10A3, 1, 0x3A09, 1, 0x52CC, 3,
    0x42CC, 1, 0x3A09, 1, 0x2147, 1, 0x4841, 1,
    0x42CC, 2, 0x39A8, 1, 0x4841, 2, 0x3A09, 1,
    0x42CC, 2, 0x4841, 1, 0x2147, 1, 0x3A09, 1,
    0x42CC, 5, 0x39A8, 1, 0x4000, 1, 0x7800, 1,
    0x632E, 1, 0x6000, 1, 0x63B0, 1, 0x52CC, 1,
    0x6000, 3, 0x52CC, 1, 0x632E, 2, 0x18C5, 73,
    0x4062, 1, 0x1082, 1, 0x2924, 1, 0x94D3, 1,
    0x63B0, 1, 0xB50B, 1, 0x63B0, 1, 0x632E, 1,
    0x4000, 1, 0xA269, 1, 0x2800, 1, 0x4000, 2,
    0x2104, 1, 0x2924, 1, 0x6000, 2, 0x4062, 1,
    0x3A09, 1, 0x52CC, 2, 0x42CC, 2, 0x3A09, 1,
    0x2147, 1, 0x5000, 1, 0x42CC, 2, 0x39A8, 1,
    0x4841, 1, 0x39A8, 1, 0x3A09, 1, 0x42CC, 2,
    0x4841, 1, 0x2147, 1, 0x3A09, 1, 0x42CC, 5,
    0x18E4, 1, 0x5000, 1, 0x7800, 1, 0x2924, 1,
    0x18C3, 1, 0x632E, 2, 0x6000, 3, 0x52CC, 1,
    0x632E, 2, 0x52CC, 1, 0x18C5, 72, 0x18C3, 1,
    0x2104, 1, 0x52CC, 1, 0x39A8, 1, 0x3985, 1,
    0x52CC, 1, 0x63B0, 1, 0x5ACA, 1, 0xA145, 1,
    0xA269, 6, 0x2800, 1, 0x6800, 1, 0x4000, 1,
    0x39A8, 1, 0x42CC, 1, 0x52CC, 1, 0x42CC, 3,
    0x2147, 1, 0x42CC, 3, 0x39A8, 1, 0x5000, 1,
    0x39A8, 1, 0x42CC, 3, 0x5000, 1, 0x2147, 1,
    0x3A09, 1, 0x42CC, 4, 0x3A09, 1, 0x18C3, 1,
    0x8000, 1, 0x63B0, 1, 0x42CC, 1, 0x63B0, 1,
    0x6800, 1, 0x632E, 1, 0x6000, 3, 0x3A09, 1,
    0x52CC, 1, 0x3A09, 1, 0x18E4, 1, 0x4062, 1,
    0x18C5, 71, 0x2924, 1, 0x2104, 1, 0xB50B, 2,
    0x5ACA, 1, 0x3985, 1, 0x8986, 1, 0xA145, 5,
    0xA269, 1, 0x7800, 1, 0xA269, 4, 0x2800, 1,
    0x42CC, 4, 0x39A8, 1, 0x4841, 1, 0x42CC, 3,
    0x3A09, 1, 0x5000, 1, 0x3A09, 1, 0x42CC, 3,
    0x4841, 1, 0x2147, 1, 0x3A09, 1, 0x42CC, 4,
    0x1082, 1, 0x4000, 1, 0x8000, 1, 0x18C3, 1,
    0x63B0, 2, 0x6800, 1, 0x632E, 1, 0x42CC, 1,
    0x6925, 1, 0x6862, 1, 0x3A09, 1, 0x52CC, 1,
    0x3A09, 1, 0x6925, 1, 0x18C5, 72, 0x0862, 1,
    0xB50B, 2, 0x3985, 2, 0x2924, 2, 0xA801, 6,
    0x94D3, 1, 0x6CB4, 1, 0xA145, 1, 0xA269, 4,
    0x6000, 1, 0x2800, 3, 0x4841, 1, 0x42CC, 3,
    0x3A09, 1, 0x5000, 1, 0x3A09, 1, 0x42CC, 3,
    0x4841, 1, 0x2147, 1, 0x42CC, 4, 0x39A8, 1,
    0x4062, 1, 0x4000, 1, 0x63B0, 1, 0x632E, 1,
    0x63B0, 2, 0x42CC, 1, 0x6800, 1, 0x3A09, 1,
    0x8986, 1, 0x5ACA, 1, 0x3A09, 3, 0x52CC, 1,
    0x18C5, 72, 0x1082, 1, 0xA488, 1, 0x7B47, 2,
    0x3985, 2, 0xA801, 7, 0x3A09, 2, 0xA801, 2,
    0xA145, 3, 0x3A09, 1, 0x6CB4, 1, 0xA269, 4,
    0x94D3, 2, 0xA269, 1, 0x2800, 3, 0x42CC, 2,
    0x4841, 1, 0x42CC, 5, 0x2147, 1, 0x2800, 1,
    0x8000, 2, 0x632E, 1, 0x52CC, 1, 0x42CC, 1,
    0x4000, 1, 0x7800, 1, 0x0862, 1, 0x632E, 1,
    0x5ACA, 1, 0x3A09, 1, 0x39A8, 1, 0x632E, 1,
    0x52CC, 1, 0x18C5, 72, 0xA488, 1, 0x7B47, 4,
    0x2924, 1, 0xA801, 1, 0x8000, 1, 0x7800, 3,
    0x8000, 2, 0x94D3, 1, 0xA801, 7, 0x3A09, 1,
    0xA145, 2, 0xA269, 4, 0xA801, 1, 0x6CB4, 1,
    0x3A09, 1, 0xA269, 1, 0x94D3, 2, 0xA269, 1,
    0x94D3, 1, 0x2800, 3, 0x3A09, 1, 0x2800, 3,
    0xA145, 1, 0xA269, 1, 0x2800, 5, 0x94D3, 1,
    0x63B0, 1, 0x3A09, 2, 0x632E, 1, 0x2924, 1,
    0x18C5, 72, 0xA488, 1, 0x7B47, 4, 0x6000, 2,
    0x4000, 2, 0x5000, 1, 0x7800, 1, 0xA801, 1,
    0x4000, 1, 0x94D3, 1, 0xA801, 1, 0x8000, 1,
    0xA801, 4, 0x3A09, 2, 0xA801, 5, 0xA145, 1,
    0xA801, 1, 0x3A09, 1, 0xA145, 2, 0xA269, 5,
    0x6CB4, 1, 0x9000, 1, 0xA269, 12, 0x8BCA, 1,
    0x20E3, 1, 0x3A09, 1, 0x6925, 1, 0x2924, 1,
    0x18C5, 72, 0x7B47, 5, 0x4000, 2, 0x2924, 1,
    0x7800, 1, 0x6000, 1, 0x8000, 1, 0x6000, 1,
    0xA801, 1, 0x63B0, 1, 0x4000, 2, 0x7800, 4,
    0x3A09, 2, 0xA801, 2, 0x9000, 1, 0xA801, 4,
    0x94D3, 1, 0xA801, 4, 0xA145, 2, 0xA801, 1,
    0x3A09, 1, 0xA801, 1, 0xA145, 5, 0x63B0, 1,
    0x94D3, 1, 0xA145, 2, 0xA269, 1, 0xA145, 3,
    0x4841, 1, 0x5ACA, 1, 0x2104, 1, 0x10A3, 1,
    0x18C5, 72, 0x7B47, 5, 0x4000, 1, 0xA801, 1,
    0x8000, 1, 0x4000, 1, 0x2800, 3, 0xDE0C, 1,
    0xA488, 1, 0x4000, 3, 0x6000, 1, 0x2800, 1,
    0x4000, 1, 0x94D3, 1, 0xA801, 1, 0x4000, 2,
    0x8000, 4, 0x3A09, 2, 0xA801, 2, 0x9000, 1,
    0xA801, 4, 0x94D3, 1, 0xA801, 6, 0x63B0, 1,
    0xA801, 6, 0xA145, 1, 0x18C3, 1, 0x10A3, 2,
    0x18E4, 1, 0x18C5, 71, 0x20E3, 1, 0x4A27, 1,
    0x7B47, 2, 0x4A27, 2, 0xA801, 1, 0x5000, 1,
    0x4000, 1, 0x1082, 1, 0x4062, 1, 0x18C3, 1,
    0x1082, 1, 0x4062, 1, 0x10A3, 1, 0x2800, 1,
    0x4000, 5, 0x3A09, 1, 0xA801, 1, 0x4000, 1,
    0x8986, 2, 0x4000, 2, 0x6000, 1, 0x3A09, 2,
    0x6000, 1, 0x8000, 3, 0x7800, 2, 0xA801, 1,
    0x94D3, 1, 0xA801, 5, 0x9000, 1, 0x6CB4, 1,
    0xA801, 7, 0x2800, 1, 0x2924, 1, 0x4A27, 1,
    0x3985, 1, 0x18C5, 71, 0x18C3, 1, 0x4A27, 1,
    0x4104, 1, 0x4A27, 2, 0xA801, 1, 0x8000, 1,
    0x4000, 1, 0x2800, 1, 0x18C3, 1, 0x7B47, 1,
    0x18C3, 1, 0x1082, 1, 0xA801, 1, 0x6925, 1,
    0x4062, 1, 0x10A3, 1, 0x2800, 2, 0x4000, 1,
    0xDE0C, 1, 0xA488, 1, 0xA801, 1, 0x4000, 6,
    0x3A09, 1, 0xA801, 1, 0x4000, 1, 0x632E, 1,
    0x2800, 2, 0x4000, 2, 0x3A09, 2, 0x7800, 4,
    0x6000, 1, 0xA801, 1, 0x94D3, 1, 0xA801, 1,
    0x7800, 2, 0x8000, 2, 0xA801, 2, 0x2924, 2,
    0x18A2, 1, 0x7B47, 1, 0x18C5, 71, 0x20E3, 1,
    0x7B47, 1, 0x4104, 1, 0x8BCA, 1, 0x4A27, 1,
    0xA801, 1, 0x4000, 1, 0x2800, 1, 0x18C3, 1,
    0x7B47, 2, 0x18C3, 1, 0x10A3, 1, 0x9083, 1,
    0xA801, 1, 0x4841, 2, 0x6925, 1, 0x4062, 1,
    0x4000, 4, 0x4A27, 1, 0x4000, 5, 0xA488, 1,
    0xFECD, 1, 0x4000, 6, 0xA801, 1, 0x3A09, 1,
    0x8000, 1, 0x7800, 2, 0x8000, 1, 0x4000, 1,
    0xA801, 1, 0x6CB4, 1, 0xA801, 2, 0x5000, 3,
    0x8000, 1, 0xA801, 1, 0x18A2, 1, 0x7B47, 4,
    0x18C5, 70, 0x18C3, 1, 0x4A27, 1, 0x7B47, 1,
    0x8BCA, 1, 0xA801, 2, 0x4000, 1, 0x2800, 1,
    0x4A27, 1, 0xFECD, 1, 0xB50B, 1, 0x18C3, 1,
    0x3985, 1, 0x9083, 1, 0x6925, 1, 0x4062, 1,
    0x4841, 1, 0x6925, 1, 0x1082, 1, 0x18E4, 1,
    0x10A3, 1, 0x4000, 1, 0xA488, 1, 0xDE0C, 1,
    0x4A27, 1, 0xA488, 1, 0x4A27, 1, 0x4000, 1,
    0x4A27, 1, 0x4000, 1, 0x4A27, 1, 0x4000, 6,
    0xA488, 1, 0xFECD, 1, 0x4000, 5, 0x39A8, 1,
    0x7B47, 1, 0x4000, 1, 0x8000, 2, 0x9000, 1,
    0x4000, 2, 0x6000, 1, 0x4A27, 1, 0x7B47, 4,
    0x18C5, 70, 0x4A27, 2, 0x7B47, 1, 0x5ACA, 1,
    0xA801, 1, 0x6000, 1, 0x4000, 2, 0xFECD, 2,
    0xB50B, 1, 0x18C3, 1, 0x6925, 1, 0x9083, 2,
    0x4062, 1, 0x1082, 2, 0x18E4, 2, 0x10A3, 1,
    0x4000, 1, 0x7B47, 1, 0xA488, 2, 0xFECD, 1,
    0x4A27, 2, 0xFECD, 3, 0xA488, 1, 0x7B47, 1,
    0xB50B, 1, 0x4000, 1, 0x4A27, 1, 0x4000, 4,
    0x2800, 3, 0x1082, 1, 0x2800, 5, 0x6000, 1,
    0xA801, 1, 0x6000, 1, 0x4000, 1, 0x4A27, 2,
    0x7B47, 3, 0x18C5, 70, 0x18C3, 1, 0x4A27, 2,
    0x3985, 1, 0xA801, 1, 0x6000, 1, 0x4841, 2,
    0x7B47, 1, 0x3A09, 1, 0x7B47, 1, 0x1082, 1,
    0x3985, 1, 0x9083, 1, 0x4841, 1, 0x4062, 1,
    0x1082, 1, 0x4062, 1, 0x2104, 1, 0x2147, 1,
    0x18E4, 1, 0x4000, 1, 0x4A27, 1, 0x7B47, 1,
    0xA488, 1, 0x4841, 1, 0xFECD, 1, 0x7B47, 4,
    0x4A27, 1, 0xFECD, 1, 0x4A27, 1, 0xA488, 2,
    0x4000, 2, 0x2800, 1, 0x10A3, 1, 0x4062, 1,
    0x1082, 1, 0x10A3, 1, 0x4062, 1, 0x6925, 1,
    0xA801, 1, 0x1082, 1, 0x18C3, 1, 0x4A27, 1,
    0x2800, 1, 0x4000, 1, 0x8000, 1, 0x4000, 1,
    0x20E3, 1, 0x5ACA, 1, 0x7B47, 3, 0x18C5, 70,
    0x10A3, 1, 0x4A27, 1, 0x7B47, 1, 0x9000, 1,
    0x9083, 1, 0xA145, 2, 0x9083, 5, 0x2147, 2,
    0x2104, 2, 0x2147, 2, 0x2104, 1, 0x2147, 1,
    0x4062, 1, 0x5000, 1, 0x4A27, 1, 0xA488, 2,
    0x7B47, 5, 0x3985, 1, 0xB50B, 1, 0x4841, 1,
    0x4A27, 1, 0xFECD, 1, 0x7B47, 1, 0x4000, 2,
    0x10A3, 2, 0x1082, 1, 0x6925, 1, 0x3985, 1,
    0x4841, 1, 0xA801, 1, 0x6925, 1, 0x0862, 1,
    0x18C3, 1, 0x7B47, 1, 0x1082, 1, 0x4000, 1,
    0x5000, 1, 0xA801, 1, 0x6000, 1, 0x7B47, 1,
    0x4104, 1, 0x7B47, 2, 0x18C5, 70, 0x4062, 1,
    0x3985, 1, 0x4104, 1, 0x20E3, 1, 0xA145, 1,
    0x9083, 1, 0x9000, 1, 0x9083, 5, 0xA145, 3,
    0x2147, 5, 0x4841, 2, 0xB50B, 1, 0xFECD, 2,
    0x2147, 1, 0x7B47, 1, 0x3A09, 1, 0x4A27, 2,
    0x7B47, 3, 0xA488, 2, 0x4A27, 1, 0x4000, 2,
    0x2147, 1, 0x18E4, 1, 0x10A3, 1, 0x3985, 1,
    0x4062, 1, 0x3985, 1, 0x9083, 1, 0x3985, 1,
    0x10A3, 1, 0x18C3, 1, 0x7B47, 1, 0x4A27, 1,
    0x1082, 1, 0x5000, 1, 0x9000, 1, 0xA801, 1,
    0x8986, 1, 0x6925, 1, 0x7B47, 2, 0x18C5, 70,
    0x2104, 1, 0x20E3, 1, 0x4841, 1, 0x20E3, 1,
    0xA145, 1, 0x9083, 1, 0x9000, 3, 0x9083, 1,
    0xA145, 3, 0x8986, 3, 0x9083, 3, 0xA145, 3,
    0xFECD, 10, 0x2147, 1, 0x4A27, 3, 0x5000, 1,
    0x18E4, 1, 0x2147, 1, 0x2104, 1, 0x10A3, 1,
    0x1082, 1, 0x4062, 1, 0x4841, 1, 0x9083, 1,
    0x4841, 1, 0x1082, 1, 0xB50B, 1, 0xDE0C, 1,
    0xA488, 1, 0x2800, 1, 0x4000, 1, 0x8000, 1,
    0xA801, 1, 0x6862, 1, 0xDE0C, 1, 0x7B47, 2,
    0x18C5, 71, 0x2800, 1, 0x4A27, 1, 0x20E3, 1,
    0xA269, 1, 0xA145, 2, 0x6862, 3, 0x9083, 2,
    0xA145, 3, 0x8986, 1, 0xA269, 3, 0x63B0, 4,
    0x9083, 4, 0xA145, 1, 0xA801, 1, 0xFECD, 6,
    0xB50B, 1, 0x4841, 1, 0x2147, 1, 0x2104, 1,
    0x2147, 1, 0x3985, 1, 0x4062, 2, 0x6925, 1,
    0x9083, 1, 0x6925, 1, 0x18C3, 1, 0xB50B, 1,
    0xFECD, 2, 0x2800, 1, 0x4000, 1, 0x7800, 1,
    0xA801, 1, 0xA488, 2, 0x4A27, 1, 0x1082, 1,
    0x18C5, 71, 0x4000, 1, 0x3985, 1, 0x2924, 1,
    0xA801, 1, 0x4A27, 1, 0x4841, 1, 0x39A8, 5,
    0xA145, 3, 0x6862, 2, 0xA269, 1, 0x632E, 1,
    0x63B0, 12, 0x9083, 3, 0xA145, 3, 0x2147, 5,
    0x2104, 2, 0x2147, 3, 0x7B47, 1, 0xDE0C, 1,
    0x4A27, 1, 0x4000, 2, 0xA801, 2, 0x7B47, 1,
    0xA488, 1, 0x7B47, 1, 0x1082, 1, 0x18C5, 71,
    0x4000, 1, 0x20E3, 1, 0x2924, 1, 0xA801, 1,
    0x8986, 1, 0x2800, 1, 0x4000, 2, 0x4841, 2,
    0xDE0C, 1, 0xFECD, 2, 0x9083, 2, 0xA145, 2,
    0x9083, 1, 0xA145, 3, 0x6862, 3, 0x63B0, 3,
    0x632E, 1, 0x63B0, 9, 0x9083, 3, 0xA145, 3,
    0x2147, 1, 0x9083, 4, 0x2147, 1, 0x4841, 1,
    0x6000, 1, 0xA801, 2, 0xA488, 1, 0x6925, 1,
    0x7B47, 1, 0x1082, 1, 0x18C5, 71, 0x4000, 1,
    0x2924, 2, 0x20E3, 1, 0x9000, 1, 0x4841, 1,
    0x2800, 4, 0x3985, 1, 0xFECD, 9, 0x9083, 4,
    0x7800, 1, 0xA145, 3, 0x6862, 3, 0x63B0, 6,
    0xA269, 3, 0x8986, 3, 0xA145, 1, 0x9083, 4,
    0xA145, 2, 0x9083, 1, 0xA801, 2, 0x8986, 2,
    0x18E4, 1, 0x2104, 1, 0x18C5, 70, 0x632E, 1,
    0x0862, 1, 0x20E3, 1, 0x2924, 1, 0x20E3, 1,
    0x9000, 1, 0x2800, 6, 0x4A27, 1, 0xA488, 1,
    0xFECD, 15, 0x9083, 1, 0x39A8, 1, 0x9083, 3,
    0xA145, 3, 0x6862, 1, 0x7800, 1, 0xA269, 2,
    0x8986, 1, 0xA145, 2, 0x9083, 2, 0xA145, 1,
    0x9083, 3, 0x9000, 1, 0x9083, 1, 0xA145, 1,
    0x9000, 1, 0x8986, 1, 0x7B47, 1, 0x2104, 2,
    0x18C5, 70, 0x2924, 1, 0x18C3, 1, 0x2800, 1,
    0x20E3, 1, 0xA801, 1, 0x9083, 1, 0x9000, 6,
    0x8000, 1, 0x2800, 3, 0xDE0C, 1, 0xA488, 1,
    0xFECD, 1, 0xDE0C, 1, 0xFECD, 16, 0x9083, 2,
    0xA145, 1, 0x9083, 2, 0xA145, 3, 0x6862, 3,
    0x9083, 1, 0x9000, 3, 0x9083, 1, 0xA145, 1,
    0x6800, 1, 0x7B47, 2, 0x2104, 2, 0x18C5, 70,
    0x18A2, 1, 0x20E3, 1, 0x2104, 1, 0x0862, 1,
    0x9000, 2, 0x8000, 1, 0x9000, 1, 0x8000, 2,
    0x9000, 2, 0x8000, 1, 0x6800, 3, 0x8000, 1,
    0x6800, 3, 0x2800, 4, 0xFECD, 1, 0xB50B, 1,
    0xFECD, 17, 0x9083, 1, 0x39A8, 4, 0xA145, 3,
    0xA269, 1, 0xA145, 1, 0x8000, 1, 0x7B47, 1,
    0x18E4, 3, 0x18C5, 70, 0x4A27, 1, 0x18C3, 1,
    0x18E4, 1, 0x2800, 1, 0x9000, 4, 0x8000, 1,
    0x9000, 2, 0x8000, 3, 0x6800, 1, 0x8000, 3,
    0x6800, 1, 0x8000, 3, 0x6800, 3, 0x8000, 3,
    0x4062, 1, 0x2800, 2, 0xFECD, 2, 0xDE0C, 1,
    0xFECD, 10, 0x7B47, 1, 0x4000, 1, 0x4841, 4,
    0x4A27, 1, 0xA801, 1, 0x6000, 1, 0x4000, 1,
    0x7B47, 1, 0x18E4, 3, 0x18C5, 70, 0x20E3, 1,
    0x18E4, 5, 0x9000, 1, 0x8000, 8, 0x6800, 10,
    0x8000, 10, 0x2800, 3, 0xA488, 1, 0xDE0C, 3,
    0xA488, 2, 0x3985, 1, 0x4000, 1, 0x2800, 4,
    0x8986, 1, 0xA801, 1, 0x6000, 1, 0x4A27, 1,
    0x7B47, 1, 0x18E4, 2, 0x2104, 1, 0x18C5, 70,
    0x0862, 1, 0x2147, 8, 0x2104, 1, 0x18E4, 3,
    0x8000, 1, 0x6800, 14, 0x8000, 6, 0x6800, 1,
    0x8000, 4, 0x9000, 3, 0x2800, 1, 0x4000, 2,
    0x2800, 4, 0x4841, 1, 0x9000, 1, 0x6000, 1,
    0x5000, 1, 0x7B47, 1, 0x18E4, 4, 0x18C5, 70,
    0x0862, 1, 0x2147, 3, 0x2104, 2, 0x2147, 4,
    0x2104, 3, 0x18C5, 7, 0x6800, 10, 0x8000, 19,
    0xA145, 1, 0xA801, 1, 0x6000, 1, 0x3985, 1,
    0x7B47, 1, 0x2104, 4, 0x18C5, 70, 0x0862, 1,
    0x2147, 1, 0x18E4, 2, 0x2147, 2, 0x18E4, 5,
    0x2104, 2, 0x18C5, 15, 0x6800, 6, 0x8000, 3,
    0x6800, 1, 0x8000, 11, 0x6800, 2, 0x3985, 1,
    0x4A27, 1, 0x18E4, 1, 0x2104, 3, 0x18C5, 71,
    0x18C3, 1, 0x18E4, 3, 0x2104, 1, 0x2147, 1,
    0x2104, 1, 0x18E4, 1, 0x2147, 2, 0x18E4, 1,
    0x2104, 1, 0x18E4, 1, 0x18C5, 22, 0x6800, 5,
    0x8000, 11, 0x4A27, 2, 0x18E4, 4, 0x18C5, 71,
    0x18A2, 1, 0x18E4, 1, 0x2147, 1, 0x2104, 1,
    0x18E4, 5, 0x2147, 1, 0x18E4, 2, 0x18C5, 31,
    0x6800, 1, 0x8000, 1, 0x6800, 3, 0x8000, 2,
    0x3985, 2, 0x2147, 1, 0x18E4, 4, 0x18C5, 71,
    0x6925, 1, 0x2147, 1, 0x2104, 1, 0x2147, 1,
    0x2104, 2, 0x18E4, 2, 0x2147, 2, 0x2104, 2,
    0x18C5, 32, 0x10A3, 1, 0x2104, 1, 0x18E4, 3,
    0x2147, 3, 0x2104, 1, 0x2147, 4, 0x18C5, 71,
    0x2104, 1, 0x2147, 1, 0x2104, 7, 0x2147, 1,
    0x2104, 2, 0x18C5, 32, 0x10A3, 1, 0x18E4, 1,
    0x2104, 1, 0x18E4, 7, 0x2147, 3, 0x18C5, 71,
    0x2104, 1, 0x18C3, 1, 0x2104, 1, 0x18E4, 1,
    0x2104, 2, 0x18C3, 2, 0x2104, 4, 0x18C5, 32,
    0x10A3, 1, 0x2104, 1, 0x18E4, 2, 0x2147, 1,
    0x2104, 1, 0x18E4, 1, 0x2104, 1, 0x2147, 2,
    0x18E4, 2, 0x2147, 1, 0x18C5, 74, 0x18E4, 1,
    0x18C3, 4, 0x18E4, 1, 0x18C3, 3, 0x18C5, 32,
    0x10A3, 1, 0x18E4, 1, 0x2104, 1, 0x18E4, 1,
    0x2147, 1, 0x18E4, 2, 0x2147, 1, 0x18E4, 5,
    0x18C5, 115, 0x18A2, 1, 0x2104, 2, 0x18E4, 1,
    0x2104, 1, 0x18E4, 3, 0x2147, 3, 0x2104, 1,
    0x18E4, 1, 0x18C5, 115, 0x4062, 1, 0x2104, 2,
    0x2147, 1, 0x2104, 7, 0x2147, 1, 0x18C5, 116,
    0x18C3, 1, 0x18E4, 1, 0x18C3, 1, 0x2104, 1,
    0x18E4, 1, 0x18C3, 2, 0x2104, 2, 0x2147, 1,
    0x2104, 1, 0x2147, 1, 0x18C5, 118, 0x18E4, 3,
    0x18C3, 6, 0x2104, 1, 0x18C5, 5030, 0x18C5, 5297,
    0x8000, 6, 0x9083, 1, 0x632E, 3, 0xB50B, 2,
    0x63B0, 1, 0x632E, 1, 0x63B0, 1, 0x18C5, 112,
    0x8000, 4, 0x7800, 4, 0x2924, 1, 0xB50B, 5,
    0x632E, 1, 0xB50B, 1, 0x52CC, 1, 0x3A09, 1,
    0xB50B, 1, 0x632E, 2, 0x63B0, 1, 0x18C5, 105,
    0x4000, 1, 0x5000, 1, 0x4000, 1, 0x5000, 2,
    0x6000, 3, 0x5000, 1, 0xB50B, 2, 0x2924, 1,
    0x18C3, 1, 0x52CC, 2, 0xB50B, 1, 0x63B0, 1,
    0x52CC, 1, 0x2924, 1, 0x6925, 2, 0x63B0, 1,
    0x732B, 1, 0x63B0, 1, 0x2924, 1, 0x42CC, 2,
    0x63B0, 1, 0x18C5, 99, 0x6000, 12, 0x4000, 4,
    0x6000, 2, 0x4A27, 1, 0x2924, 1, 0x732B, 4,
    0x10A3, 1, 0x6800, 2, 0x6862, 1, 0x8986, 3,
    0x63B0, 1, 0x18C5, 95, 0x9000, 1, 0x6000, 1,
    0xA269, 1, 0x18E4, 4, 0x8986, 4, 0x6000, 4,
    0x5000, 7, 0x6000, 6, 0x6800, 5, 0x8000, 2,
    0x63B0, 1, 0x18C5, 92, 0x6000, 1, 0x10A3, 1,
    0x3A09, 1, 0x632E, 1, 0x52CC, 5, 0x2104, 1,
    0x42CC, 2, 0x3A09, 1, 0x10A3, 1, 0x6000, 1,
    0x5000, 1, 0x6925, 2, 0x5000, 6, 0x20E3, 1,
    0x2800, 1, 0x6000, 5, 0x6800, 2, 0x6000, 1,
    0xA269, 1, 0x8986, 1, 0xA269, 1, 0x18C5, 90,
    0x94D3, 1, 0x5000, 1, 0x3A09, 1, 0x52CC, 1,
    0x632E, 4, 0x52CC, 1, 0x3A09, 1, 0x6000, 1,
    0x632E, 2, 0x52CC, 1, 0x3A09, 1, 0x5000, 1,
    0x39A8, 1, 0x42CC, 1, 0x3A09, 2, 0x5000, 1,
    0x1082, 1, 0x6925, 2, 0x5000, 6, 0x6000, 3,
    0x632E, 1, 0xA269, 1, 0x2147, 2, 0x18E4, 1,
    0x8986, 1, 0x18C5, 88, 0x6CB4, 1, 0x5000, 1,
    0x2104, 1, 0x52CC, 1, 0x632E, 4, 0x52CC, 1,
    0x3A09, 1, 0x6000, 1, 0x632E, 2, 0x52CC, 1,
    0x3A09, 1, 0x6000, 1, 0x3A09, 1, 0x42CC, 1,
    0x632E, 2, 0x5000, 1, 0x39A8, 1, 0x42CC, 2,
    0x3A09, 1, 0x18C3, 2, 0x6925, 1, 0x5000, 4,
    0x63B0, 1, 0xA269, 1, 0x2147, 3, 0x6CB4, 2,
    0x2147, 1, 0x18C5, 88, 0x9083, 1, 0x5000, 1,
    0x2104, 1, 0x42CC, 1, 0x52CC, 1, 0x632E, 2,
    0x52CC, 1, 0x39A8, 1, 0x5000, 1, 0x52CC, 2,
    0x42CC, 1, 0x3A09, 1, 0x6000, 1, 0x3A09, 1,
    0x42CC, 1, 0x632E, 2, 0x5000, 1, 0x39A8, 1,
    0x42CC, 6, 0x39A8, 2, 0x6925, 1, 0x5000, 1,
    0x8000, 2, 0x10A3, 1, 0x2104, 1, 0x6CB4, 4,
    0x63B0, 1, 0x52CC, 1, 0x18C5, 73, 0x2800, 2,
    0x18C5, 11, 0x63B0, 1, 0x7800, 1, 0x10A3, 1,
    0x42CC, 1, 0x632E, 3, 0x42CC, 2, 0x39A8, 1,
    0x5000, 1, 0x52CC, 2, 0x42CC, 1, 0x3A09, 1,
    0x4841, 1, 0x39A8, 1, 0x3A09, 1, 0x42CC, 2,
    0x5000, 1, 0x39A8, 1, 0x42CC, 6, 0x39A8, 1,
    0x10A3, 1, 0x5000, 1, 0x8000, 3, 0x6800, 1,
    0x6CB4, 5, 0x63B0, 1, 0x42CC, 1, 0x5ACA, 1,
    0xB50B, 3, 0x632E, 1, 0x6862, 1, 0x2800, 2,
    0xA269, 1, 0x6000, 1, 0x18C5, 62, 0xA269, 5,
    0x2800, 2, 0x52CC, 1, 0x632E, 2, 0x63B0, 1,
    0x94D3, 1, 0x632E, 1, 0x2147, 1, 0x94D3, 1,
    0x4841, 1, 0x42CC, 1, 0x632E, 4, 0x42CC, 1,
    0x39A8, 1, 0x5000, 1, 0x52CC, 2, 0x42CC, 1,
    0x3A09, 1, 0x5000, 1, 0x39A8, 1, 0x3A09, 1,
    0x42CC, 2, 0x4841, 1, 0x2147, 1, 0x3A09, 1,
    0x42CC, 5, 0x39A8, 2, 0x4000, 1, 0x8000, 1,
    0x63B0, 2, 0x2104, 1, 0x8000, 1, 0x63B0, 1,
    0x6CB4, 2, 0x63B0, 4, 0x2147, 1, 0x632E, 1,
    0x63B0, 1, 0x8986, 2, 0x2800, 1, 0xA269, 1,
    0x7800, 1, 0x6000, 2, 0x6862, 1, 0x3A09, 1,
    0x18C5, 59, 0xA145, 3, 0xA269, 6, 0x2800, 1,
    0x632E, 4, 0x2147, 1, 0x8000, 1, 0x5000, 1,
    0x3A09, 1, 0x52CC, 1, 0x632E, 3, 0x42CC, 1,
    0x39A8, 1, 0x5000, 1, 0x632E, 2, 0x3A09, 1,
    0x5000, 2, 0x39A8, 1, 0x42CC, 3, 0x39A8, 1,
    0x3A09, 1, 0x42CC, 1, 0x52CC, 3, 0x42CC, 1,
    0x3A09, 1, 0x18C3, 1, 0x4000, 1, 0x8000, 2,
    0x18E4, 1, 0x2147, 1, 0x6CB4, 1, 0x18E4, 1,
    0x2147, 1, 0x63B0, 1, 0x6CB4, 1, 0x63B0, 4,
    0x42CC, 1, 0x6800, 1, 0x7800, 1, 0x1082, 1,
    0x8986, 2, 0x6000, 1, 0x5000, 1, 0x6000, 1,
    0x52CC, 4, 0x63B0, 1, 0x18C5, 57, 0xA801, 5,
    0xA145, 1, 0x6CB4, 1, 0xA801, 1, 0xA145, 1,
    0xA269, 3, 0x2800, 1, 0x6925, 1, 0x8000, 2,
    0x2104, 1, 0x42CC, 1, 0x632E, 3, 0x42CC, 1,
    0x39A8, 1, 0x5000, 1, 0x632E, 2, 0x52CC, 1,
    0x3A09, 1, 0x5000, 1, 0x3A09, 1, 0x42CC, 1,
    0x52CC, 2, 0x5000, 1, 0x39A8, 1, 0x3A09, 1,
    0x42CC, 1, 0x52CC, 3, 0x3A09, 1, 0x10A3, 1,
    0x4000, 1, 0x9000, 1, 0x63B0, 1, 0x2104, 1,
    0x42CC, 1, 0x6CB4, 2, 0x2147, 1, 0x7800, 1,
    0x42CC, 1, 0x63B0, 5, 0x632E, 1, 0x2104, 1,
    0x10A3, 1, 0x8986, 1, 0x6000, 1, 0x5000, 3,
    0x3A09, 2, 0x52CC, 3, 0x8BCA, 2, 0x18C5, 56,
    0xA801, 6, 0x3A09, 1, 0xA801, 1, 0xA145, 3,
    0xA269, 2, 0x63B0, 1, 0xA801, 1, 0x94D3, 1,
    0xA269, 1, 0x2800, 3, 0x632E, 1, 0x42CC, 1,
    0x5000, 1, 0x632E, 3, 0x3A09, 1, 0x5000, 1,
    0x3A09, 1, 0x42CC, 1, 0x52CC, 2, 0x4841, 1,
    0x39A8, 1, 0x42CC, 3, 0x52CC, 2, 0x3A09, 2,
    0x1082, 1, 0x9000, 1, 0x94D3, 2, 0x63B0, 1,
    0x6CB4, 1, 0x94D3, 1, 0x6CB4, 1, 0x632E, 1,
    0x7800, 2, 0x632E, 2, 0x63B0, 1, 0x632E, 1,
    0x42CC, 2, 0x2800, 1, 0x6800, 1, 0x6000, 1,
    0x5000, 4, 0x3A09, 2, 0x52CC, 1, 0x5ACA, 3,
    0x2924, 2, 0x4062, 1, 0x18C5, 53, 0xA801, 2,
    0x7800, 1, 0x8000, 4, 0x94D3, 1, 0xA801, 6,
    0x94D3, 1, 0xA801, 1, 0xA269, 3, 0x94D3, 2,
    0xA269, 1, 0x3A09, 1, 0x7800, 1, 0x2800, 3,
    0x3A09, 1, 0x5000, 1, 0x3A09, 1, 0x42CC, 1,
    0x52CC, 2, 0x4841, 1, 0x39A8, 1, 0x42CC, 3,
    0x52CC, 2, 0x3A09, 1, 0x4062, 1, 0x8000, 1,
    0x9000, 1, 0x18E4, 1, 0x63B0, 2, 0x6CB4, 1,
    0x42CC, 3, 0x2147, 1, 0x8000, 1, 0x6862, 1,
    0x632E, 3, 0x42CC, 1, 0x2800, 1, 0x0862, 1,
    0x8986, 1, 0x6925, 1, 0x3A09, 1, 0x4104, 1,
    0x3A09, 1, 0x42CC, 1, 0x632E, 1, 0x52CC, 1,
    0x5ACA, 2, 0x2924, 1, 0x2104, 1, 0x3985, 1,
    0x18C5, 1, 0x5000, 1, 0x18C5, 53, 0x6000, 1,
    0x8000, 1, 0x5000, 3, 0x7800, 2, 0x94D3, 1,
    0xA801, 6, 0x94D3, 1, 0xA801, 2, 0xA145, 4,
    0xA269, 1, 0x6CB4, 1, 0x3A09, 1, 0xA269, 1,
    0x94D3, 1, 0xA269, 2, 0x94D3, 2, 0x9000, 1,
    0x2800, 2, 0x4000, 1, 0xA269, 5, 0x2800, 3,
    0x4000, 1, 0x9000, 1, 0x18E4, 1, 0x63B0, 1,
    0x2147, 1, 0x42CC, 1, 0x18E4, 1, 0x4062, 1,
    0x5000, 1, 0x2147, 2, 0x8000, 1, 0x42CC, 1,
    0x1082, 1, 0x42CC, 1, 0x2800, 1, 0x632E, 1,
    0x63B0, 1, 0x3A09, 2, 0x52CC, 1, 0x3A09, 1,
    0x42CC, 1, 0x52CC, 4, 0x632E, 2, 0x6862, 2,
    0x18C5, 2, 0x4000, 1, 0x18C5, 51, 0xA488, 1,
    0x5000, 1, 0x4000, 2, 0x9000, 1, 0x8000, 2,
    0xA801, 1, 0x94D3, 1, 0x5000, 1, 0x6000, 1,
    0x7800, 1, 0xA801, 3, 0x94D3, 1, 0xA801, 7,
    0x6CB4, 1, 0xA801, 1, 0xA145, 3, 0xA269, 2,
    0xA801, 1, 0x94D3, 1, 0xA269, 12, 0x4000, 1,
    0x2147, 2, 0x63B0, 4, 0x632E, 1, 0x63B0, 5,
    0x632E, 1, 0x52CC, 4, 0x3A09, 4, 0x52CC, 1,
    0x3A09, 1, 0x63B0, 1, 0x632E, 3, 0x6000, 1,
    0x18C5, 55, 0xA488, 1, 0x4000, 1, 0xA801, 1,
    0x8000, 1, 0x2800, 1, 0x4000, 2, 0x7B47, 1,
    0x2147, 1, 0x4000, 2, 0x6000, 1, 0x4000, 3,
    0x94D3, 1, 0xA801, 1, 0x7800, 2, 0x9000, 2,
    0xA801, 2, 0x6CB4, 1, 0xA801, 7, 0x6CB4, 1,
    0xA801, 2, 0xA145, 4, 0x6CB4, 1, 0x3A09, 1,
    0xA145, 5, 0x632E, 1, 0x63B0, 2, 0x94D3, 1,
    0x63B0, 2, 0x632E, 1, 0x39A8, 1, 0x4A27, 1,
    0x18C3, 1, 0x39A8, 3, 0x3A09, 7, 0x94D3, 1,
    0x63B0, 1, 0x632E, 1, 0x63B0, 1, 0x632E, 3,
    0x6000, 1, 0x18C5, 55, 0x7B47, 1, 0x8000, 2,
    0x4000, 1, 0x4062, 1, 0x4A27, 1, 0x2800, 4,
    0x4000, 4, 0xA801, 1, 0x63B0, 1, 0x2800, 1,
    0x4000, 2, 0x5000, 2, 0x8000, 2, 0x6CB4, 1,
    0xA801, 2, 0x9000, 3, 0xA801, 2, 0x94D3, 1,
    0xA801, 6, 0x6CB4, 1, 0xA801, 6, 0x63B0, 3,
    0x632E, 1, 0x4104, 2, 0x39A8, 1, 0x10A3, 1,
    0x4841, 1, 0x10A3, 1, 0x4A27, 1, 0x7B47, 1,
    0x18C3, 2, 0x3A09, 1, 0x39A8, 1, 0x3A09, 1,
    0x94D3, 4, 0xA145, 1, 0xA269, 1, 0x8986, 1,
    0x39A8, 1, 0x2924, 3, 0x18C5, 55, 0xA801, 1,
    0x5000, 1, 0x4000, 1, 0x2800, 1, 0x4A27, 1,
    0x7B47, 1, 0x0862, 1, 0x4841, 1, 0x4062, 1,
    0x1082, 2, 0x2800, 2, 0x4000, 1, 0x7B47, 1,
    0x2147, 1, 0x4000, 5, 0x8986, 1, 0xA801, 1,
    0x94D3, 1, 0x6000, 2, 0x5000, 2, 0x8000, 1,
    0x7800, 1, 0xA801, 1, 0x94D3, 1, 0xA801, 6,
    0x94D3, 1, 0xA801, 6, 0x5000, 1, 0x18C3, 2,
    0x2147, 1, 0x18C3, 1, 0x2800, 1, 0x4062, 1,
    0x18C3, 1, 0x2924, 1, 0x18C3, 1, 0x2924, 1,
    0x4A27, 1, 0x7B47, 1, 0x8BCA, 2, 0x632E, 1,
    0x94D3, 2, 0x63B0, 3, 0xA269, 1, 0x6CB4, 1,
    0x94D3, 1, 0x2924, 1, 0x7B47, 1, 0x10A3, 1,
    0x2924, 1, 0x18C5, 55, 0xA801, 1, 0x4000, 2,
    0x0862, 1, 0x7B47, 2, 0x0862, 1, 0x6925, 1,
    0xA801, 1, 0x4841, 1, 0x10A3, 1, 0x4062, 1,
    0x1082, 1, 0x2800, 1, 0x4000, 1, 0xA488, 1,
    0x4000, 6, 0x3A09, 1, 0x2147, 1, 0x4000, 3,
    0x632E, 1, 0x8986, 1, 0x2800, 1, 0xA801, 1,
    0x94D3, 1, 0x4000, 2, 0x7800, 2, 0x6000, 1,
    0xA801, 1, 0x94D3, 1, 0x7800, 3, 0x8000, 1,
    0x9000, 1, 0xA801, 2, 0x2800, 2, 0x18C3, 1,
    0x10A3, 2, 0x20E3, 3, 0x4A27, 1, 0x7B47, 2,
    0x8BCA, 1, 0xA488, 1, 0xB50B, 1, 0x2147, 1,
    0xDE0C, 2, 0x6CB4, 1, 0x8986, 1, 0xA269, 1,
    0x63B0, 1, 0x6CB4, 2, 0x7B47, 1, 0x2924, 1,
    0x2104, 1, 0x20E3, 1, 0x18C5, 54, 0x4A27, 1,
    0xA801, 1, 0x4000, 1, 0x2800, 1, 0x18C3, 1,
    0xDE0C, 1, 0xA488, 1, 0x10A3, 1, 0x3985, 1,
    0x9083, 1, 0x4841, 1, 0x3985, 1, 0x4841, 1,
    0x4062, 1, 0x10A3, 1, 0x2800, 1, 0x4000, 2,
    0x4A27, 1, 0x4000, 1, 0x4A27, 2, 0x4000, 1,
    0x4062, 1, 0xDE0C, 1, 0x4000, 6, 0xA801, 1,
    0x3A09, 1, 0x4000, 2, 0x8000, 1, 0x5000, 1,
    0x4000, 1, 0xA801, 1, 0x6CB4, 1, 0xA801, 2,
    0x5000, 3, 0x8000, 1, 0xA801, 1, 0x2800, 1,
    0x18A2, 1, 0x20E3, 1, 0x18A2, 1, 0x2924, 1,
    0x4A27, 1, 0x7B47, 6, 0xA488, 2, 0x632E, 1,
    0xDE0C, 3, 0x2147, 1, 0x9083, 1, 0x8000, 1,
    0x6CB4, 1, 0x52CC, 1, 0x3985, 1, 0x2924, 1,
    0x10A3, 1, 0x20E3, 1, 0x18C5, 54, 0xA801, 2,
    0x4000, 2, 0xFECD, 2, 0xB50B, 1, 0x0862, 1,
    0x4841, 1, 0x9083, 1, 0x4841, 1, 0x4062, 2,
    0x10A3, 1, 0x18E4, 1, 0x10A3, 1, 0x4000, 2,
    0xA488, 1, 0x4A27, 1, 0xB50B, 1, 0x7B47, 1,
    0xA488, 1, 0xFECD, 1, 0x4000, 1, 0x4A27, 1,
    0x4000, 1, 0x4A27, 1, 0x4000, 3, 0x4062, 1,
    0xDE0C, 1, 0x4000, 5, 0x4062, 1, 0xFECD, 1,
    0x4000, 2, 0x8000, 1, 0x9000, 1, 0x4000, 2,
    0x6000, 1, 0x5000, 1, 0x18A2, 1, 0x7B47, 6,
    0xA488, 1, 0x7B47, 4, 0xA488, 1, 0x632E, 1,
    0xDE0C, 1, 0x63B0, 1, 0xDE0C, 1, 0x8BCA, 1,
    0x8000, 2, 0x632E, 1, 0x2147, 1, 0x39A8, 1,
    0x632E, 1, 0x10A3, 1, 0x20E3, 1, 0x18C5, 54,
    0xA801, 2, 0x4841, 2, 0xDE0C, 2, 0x7B47, 1,
    0x0862, 1, 0x6925, 1, 0xA801, 1, 0x6925, 1,
    0x4062, 2, 0x10A3, 1, 0x18E4, 1, 0x10A3, 1,
    0x4000, 2, 0x7B47, 1, 0xFECD, 1, 0x4A27, 3,
    0xFECD, 3, 0xA488, 2, 0xB50B, 1, 0x4A27, 2,
    0x4000, 3, 0x2800, 3, 0x1082, 2, 0x2800, 5,
    0xA801, 1, 0x6800, 1, 0x4000, 1, 0x5000, 1,
    0x7B47, 2, 0x4A27, 1, 0x7B47, 5, 0xA488, 1,
    0x7B47, 2, 0xA488, 2, 0xB50B, 1, 0xDE0C, 1,
    0x2147, 1, 0xDE0C, 1, 0xB50B, 1, 0x2104, 1,
    0x9000, 1, 0x2147, 1, 0x39A8, 1, 0x632E, 1,
    0x2147, 1, 0x1082, 1, 0x2924, 1, 0x18C5, 54,
    0xA145, 1, 0xA801, 1, 0x9083, 3, 0x3A09, 1,
    0x7B47, 1, 0x2104, 3, 0x4841, 1, 0x4062, 1,
    0x3985, 1, 0x4062, 1, 0x2104, 1, 0x18E4, 1,
    0x4000, 2, 0xDE0C, 1, 0xA488, 1, 0x4841, 1,
    0xA488, 1, 0xB50B, 1, 0x7B47, 1, 0xFECD, 1,
    0x7B47, 1, 0x4000, 1, 0x4A27, 2, 0xA488, 1,
    0xFECD, 1, 0x4000, 2, 0x10A3, 2, 0x4062, 1,
    0x4841, 1, 0x10A3, 1, 0x6925, 1, 0xA801, 1,
    0x4841, 1, 0x18C3, 1, 0x4A27, 1, 0x4062, 1,
    0x4000, 1, 0x8000, 1, 0x6800, 1, 0x5000, 1,
    0x2924, 1, 0x4A27, 1, 0x7B47, 8, 0xB50B, 1,
    0x0000, 1, 0xA488, 2, 0xDE0C, 1, 0x3985, 1,
    0xDE0C, 2, 0x7B47, 1, 0x5000, 1, 0x2104, 1,
    0x4841, 1, 0x2147, 1, 0x632E, 1, 0x4000, 1,
    0x2924, 1, 0x18C5, 54, 0x9083, 5, 0xA145, 2,
    0x9083, 1, 0x2147, 4, 0x2104, 4, 0x4062, 1,
    0x5000, 1, 0x4A27, 1, 0xA269, 1, 0x2924, 1,
    0x7B47, 1, 0xFECD, 3, 0x3985, 1, 0xB50B, 1,
    0x4841, 1, 0xA488, 2, 0x7B47, 1, 0x4000, 2,
    0x18E4, 1, 0x10A3, 1, 0x1082, 1, 0x4841, 1,
    0x3985, 1, 0x9083, 1, 0xA801, 1, 0x6925, 1,
    0x18C3, 1, 0x7B47, 1, 0x4A27, 1, 0x4000, 1,
    0x5000, 1, 0x8000, 1, 0x6800, 1, 0x4000, 1,
    0x7B47, 1, 0x4A27, 1, 0x6925, 1, 0xB50B, 1,
    0x4A27, 1, 0xA488, 4, 0x0000, 2, 0xA488, 2,
    0xDE0C, 1, 0x39A8, 1, 0xFECD, 1, 0xDE0C, 1,
    0x7B47, 1, 0x2924, 1, 0x2147, 2, 0x2104, 1,
    0x10A3, 1, 0x4000, 1, 0x20E3, 1, 0x18C5, 54,
    0x8986, 1, 0x9083, 1, 0x8000, 1, 0x9083, 3,
    0x8986, 3, 0x9083, 2, 0xA145, 3, 0x2147, 2,
    0x9083, 1, 0x732B, 1, 0xFECD, 5, 0x4A27, 1,
    0xFECD, 1, 0x3A09, 1, 0x7B47, 2, 0xA488, 2,
    0x4841, 1, 0x4000, 2, 0x2147, 1, 0x18E4, 1,
    0x10A3, 1, 0x3985, 1, 0x4062, 1, 0x6925, 1,
    0x9083, 1, 0x3985, 1, 0x18C3, 1, 0x7B47, 2,
    0x1082, 1, 0x4000, 1, 0x9000, 1, 0xA801, 1,
    0x6000, 1, 0x8986, 3, 0xB50B, 1, 0x7B47, 1,
    0xA488, 4, 0x1082, 1, 0x2104, 1, 0x0000, 1,
    0xA488, 2, 0xB50B, 1, 0x63B0, 1, 0xDE0C, 2,
    0x2104, 1, 0x2147, 2, 0x2104, 1, 0x10A3, 1,
    0x4A27, 1, 0x18C5, 55, 0xA269, 1, 0x6862, 2,
    0x8000, 1, 0x9083, 4, 0x8986, 5, 0xA269, 1,
    0x632E, 1, 0x9083, 3, 0xA145, 2, 0xFECD, 9,
    0xA269, 1, 0x4A27, 1, 0x5000, 1, 0x4062, 1,
    0x2147, 1, 0x2104, 1, 0x4062, 1, 0x1082, 1,
    0x4062, 1, 0x9083, 2, 0x4841, 1, 0x18C3, 1,
    0xB50B, 1, 0xA488, 1, 0x18C3, 1, 0x2800, 1,
    0x8000, 1, 0xA801, 1, 0xDE0C, 1, 0x9083, 1,
    0x8986, 2, 0xB50B, 1, 0x7B47, 1, 0xA488, 3,
    0x0862, 2, 0x6925, 2, 0xA488, 1, 0x7B47, 1,
    0x2147, 1, 0xB50B, 1, 0xDE0C, 1, 0xB50B, 1,
    0x4062, 1, 0x2147, 2, 0x4841, 1, 0x0862, 1,
    0x20E3, 1, 0x18C5, 55, 0xA801, 1, 0x2147, 1,
    0x39A8, 3, 0xA145, 2, 0x6862, 3, 0x8986, 3,
    0xA269, 1, 0x632E, 5, 0x63B0, 2, 0x9083, 3,
    0xA145, 2, 0xFECD, 4, 0x732B, 1, 0x4841, 1,
    0x2104, 3, 0x3985, 1, 0x4062, 2, 0x6925, 1,
    0x9083, 1, 0x6925, 1, 0x18C3, 1, 0xB50B, 1,
    0xFECD, 1, 0x4A27, 1, 0x2800, 1, 0x7800, 1,
    0xA801, 1, 0xDE0C, 1, 0xB50B, 3, 0x732B, 1,
    0x7B47, 1, 0xA488, 3, 0x0862, 2, 0x3985, 1,
    0x6925, 1, 0xA488, 1, 0x7B47, 1, 0x20E3, 1,
    0xDE0C, 2, 0xB50B, 1, 0x4062, 1, 0x4841, 1,
    0x2147, 1, 0x18C3, 1, 0x10A3, 1, 0x18A2, 1,
    0x18C5, 55, 0x20E3, 1, 0x8986, 1, 0x2800, 1,
    0x4841, 3, 0x3A09, 1, 0x39A8, 1, 0x9083, 3,
    0xA145, 2, 0xA801, 1, 0x6862, 2, 0x632E, 6,
    0x63B0, 1, 0x632E, 2, 0x63B0, 3, 0x9083, 3,
    0xA145, 2, 0x2147, 4, 0x18E4, 1, 0x2104, 3,
    0x2147, 1, 0x7B47, 1, 0xDE0C, 1, 0x4A27, 1,
    0x4000, 1, 0x6000, 1, 0xA801, 1, 0xDE0C, 1,
    0x7B47, 1, 0xB50B, 2, 0xA488, 1, 0x7B47, 1,
    0xA488, 2, 0x0862, 2, 0x6862, 1, 0x0862, 1,
    0x2924, 1, 0xB50B, 1, 0x2147, 1, 0xDE0C, 1,
    0xB50B, 2, 0xA488, 1, 0x4062, 1, 0x18C3, 1,
    0x39A8, 1, 0x0862, 1, 0x4104, 1, 0x3985, 1,
    0x18C5, 55, 0x20E3, 1, 0x8000, 1, 0x4000, 1,
    0x2800, 2, 0x4000, 2, 0x7B47, 1, 0xFECD, 5,
    0xA145, 1, 0x39A8, 1, 0x9083, 1, 0x39A8, 1,
    0xA145, 3, 0x6862, 2, 0x632E, 4, 0x63B0, 1,
    0x632E, 7, 0x9083, 3, 0xA145, 2, 0x2147, 1,
    0x9083, 4, 0x2147, 1, 0x4841, 1, 0x6000, 1,
    0xA801, 1, 0xDE0C, 1, 0xA488, 1, 0xB50B, 2,
    0x7B47, 1, 0xA488, 2, 0x7B47, 1, 0x1082, 2,
    0x18A2, 1, 0x20E3, 1, 0x3985, 1, 0x52CC, 1,
    0x39A8, 1, 0xA488, 4, 0x4841, 2, 0x2924, 1,
    0x4A27, 1, 0x20E3, 1, 0x6862, 1, 0x18C5, 56,
    0xA801, 1, 0x8000, 1, 0x2800, 4, 0x3985, 1,
    0xA488, 1, 0xFECD, 11, 0x7800, 1, 0x39A8, 1,
    0x7800, 2, 0xA145, 2, 0x6862, 3, 0x632E, 4,
    0xA269, 2, 0x8986, 5, 0x9083, 3, 0xA145, 3,
    0x9083, 1, 0xA801, 1, 0x2924, 1, 0x8986, 1,
    0x9083, 1, 0x8986, 1, 0x7B47, 1, 0xA488, 2,
    0x0862, 2, 0xA145, 1, 0x10A3, 1, 0x20E3, 1,
    0x0862, 1, 0x2147, 1, 0x39A8, 1, 0x2147, 1,
    0x4104, 1, 0x7B47, 2, 0x4000, 1, 0x4841, 1,
    0x6925, 1, 0x20E3, 1, 0x18A2, 1, 0x20E3, 1,
    0x18C5, 56, 0x20E3, 1, 0x6862, 1, 0x8000, 3,
    0x2800, 1, 0x4000, 2, 0xA488, 1, 0xDE0C, 3,
    0xFECD, 10, 0xB50B, 1, 0xFECD, 2, 0x7800, 1,
    0x9083, 3, 0xA145, 3, 0x6800, 1, 0x6862, 1,
    0x8986, 4, 0x9083, 5, 0x8000, 2, 0x9083, 2,
    0x7800, 1, 0x94D3, 1, 0x8986, 1, 0xA269, 1,
    0xA488, 2, 0x7B47, 1, 0x2104, 2, 0x6925, 1,
    0x20E3, 1, 0x1082, 1, 0x20E3, 1, 0x8986, 1,
    0x6925, 1, 0x2924, 1, 0x4062, 1, 0x7B47, 1,
    0x3985, 1, 0x4841, 1, 0x18E4, 1, 0x6925, 1,
    0x18A2, 1, 0x20E3, 1, 0x18C5, 57, 0x2104, 1,
    0x8000, 10, 0x2800, 3, 0xDE0C, 1, 0xFECD, 1,
    0xDE0C, 1, 0xFECD, 14, 0x9083, 1, 0xA145, 1,
    0x9083, 2, 0xA145, 3, 0x6862, 2, 0x9083, 2,
    0x8000, 3, 0x8986, 1, 0x9083, 1, 0x7800, 1,
    0x2147, 1, 0xB50B, 1, 0xA488, 3, 0x18E4, 2,
    0x18C3, 1, 0x3985, 1, 0x4000, 2, 0x20E3, 1,
    0x6862, 1, 0x2924, 1, 0x3985, 1, 0x4062, 2,
    0x0862, 1, 0x2147, 2, 0x3985, 1, 0x20E3, 1,
    0x6925, 1, 0x18C5, 57, 0x18C3, 1, 0x8000, 7,
    0x7800, 1, 0x6800, 7, 0x7800, 2, 0x2800, 3,
    0xFECD, 1, 0xA488, 1, 0xFECD, 1, 0xB50B, 1,
    0xFECD, 13, 0x39A8, 4, 0xA145, 2, 0x6925, 1,
    0x8986, 1, 0x6000, 1, 0x8000, 1, 0x18C3, 1,
    0x7B47, 1, 0xA488, 2, 0x7B47, 1, 0x18E4, 3,
    0x20E3, 1, 0x10A3, 1, 0x1082, 1, 0x20E3, 1,
    0x0862, 1, 0x4104, 1, 0x4062, 1, 0x4000, 1,
    0x0862, 1, 0x10A3, 1, 0x18C3, 2, 0x2104, 1,
    0xA145, 1, 0x18C5, 58, 0x18E4, 1, 0x18C3, 1,
    0x8000, 2, 0x7800, 1, 0x8000, 2, 0x7800, 8,
    0x6800, 2, 0x7800, 1, 0x6800, 1, 0x7800, 2,
    0x8000, 3, 0x2800, 3, 0xFECD, 1, 0xDE0C, 1,
    0xFECD, 1, 0xDE0C, 1, 0xFECD, 7, 0x7B47, 1,
    0x4000, 1, 0x4841, 4, 0xA801, 2, 0x6000, 1,
    0x8000, 1, 0x4A27, 1, 0xA488, 3, 0x18C3, 4,
    0x20E3, 1, 0x10A3, 1, 0x0862, 1, 0x18A2, 2,
    0x3985, 1, 0x4000, 1, 0x10A3, 1, 0x0862, 1,
    0x2104, 1, 0x18C5, 3, 0x2104, 1, 0x18C5, 58,
    0x2147, 2, 0x18E4, 4, 0x7800, 4, 0x6800, 1,
    0x7800, 1, 0x6800, 9, 0x7800, 6, 0x8000, 3,
    0x2800, 3, 0xDE0C, 3, 0xA488, 1, 0x4A27, 1,
    0x3985, 1, 0x4000, 1, 0x2800, 4, 0xA801, 1,
    0x5000, 1, 0x6000, 2, 0x3985, 1, 0xA488, 2,
    0x7B47, 1, 0x18C3, 4, 0x4A27, 1, 0x10A3, 2,
    0x20E3, 1, 0x4062, 1, 0x0862, 1, 0x4062, 1,
    0x0862, 1, 0x2104, 1, 0x18C5, 63, 0x2147, 4,
    0x2104, 3, 0x2147, 2, 0x2104, 3, 0x4A27, 1,
    0x6800, 12, 0x7800, 4, 0x6800, 2, 0x8000, 1,
    0x7800, 1, 0x8000, 4, 0x4000, 2, 0x2800, 4,
    0x4841, 1, 0x8000, 1, 0x6000, 1, 0x5000, 2,
    0x4A27, 1, 0x7B47, 1, 0xA488, 1, 0x18C3, 4,
    0x2147, 1, 0x0862, 2, 0x18A2, 1, 0x20E3, 1,
    0x0862, 1, 0x4062, 1, 0x10A3, 1, 0x18C5, 65,
    0x2147, 1, 0x18E4, 1, 0x2147, 1, 0x2104, 2,
    0x2147, 3, 0x18E4, 1, 0x2104, 3, 0x20E3, 1,
    0x10A3, 1, 0x0862, 1, 0x2924, 1, 0x18C5, 3,
    0x6800, 8, 0x7800, 15, 0x8000, 2, 0xA801, 1,
    0x6000, 1, 0x5000, 1, 0x2800, 1, 0x4A27, 1,
    0x7B47, 1, 0xA488, 1, 0x18E4, 4, 0x39A8, 1,
    0x0862, 1, 0x1082, 2, 0x20E3, 1, 0x4062, 1,
    0x18C5, 67, 0x18E4, 3, 0x2147, 3, 0x18E4, 4,
    0x2104, 1, 0x18E4, 1, 0x20E3, 1, 0x4000, 1,
    0x4A27, 1, 0x6862, 1, 0x18C5, 9, 0x6800, 5,
    0x7800, 3, 0x6800, 1, 0x7800, 10, 0x6800, 1,
    0x5000, 1, 0x4000, 1, 0x3985, 1, 0x4A27, 1,
    0x7B47, 1, 0x2104, 1, 0x18E4, 2, 0x2104, 2,
    0x39A8, 1, 0x5000, 1, 0x0862, 1, 0x10A3, 1,
    0x2924, 1, 0x18C5, 68, 0x18E4, 5, 0x2104, 1,
    0x18E4, 1, 0x2147, 2, 0x18E4, 3, 0x20E3, 1,
    0x4104, 1, 0x20E3, 1, 0x6862, 1, 0x18C5, 16,
    0x6800, 5, 0x7800, 9, 0x4062, 1, 0x4A27, 3,
    0x18C3, 5, 0x20E3, 1, 0x10A3, 3, 0x2924, 1,
    0x18C5, 68, 0x2147, 4, 0x18E4, 4, 0x2104, 1,
    0x18E4, 2, 0x2104, 1, 0x0862, 1, 0x4A27, 1,
    0x20E3, 1, 0x18C5, 23, 0x6800, 2, 0x7800, 2,
    0x6800, 1, 0x7800, 3, 0x4A27, 1, 0x3985, 2,
    0x18E4, 5, 0x18C3, 1, 0x2924, 1, 0x10A3, 2,
    0x3985, 1, 0x2924, 1, 0x18C5, 68, 0x2104, 1,
    0x2147, 1, 0x2104, 5, 0x18E4, 1, 0x2147, 1,
    0x18E4, 1, 0x2104, 2, 0x0862, 1, 0x18A2, 1,
    0x3985, 1, 0x18C5, 29, 0x6800, 3, 0x4062, 1,
    0x2147, 4, 0x2104, 1, 0x2147, 2, 0x18A2, 1,
    0x10A3, 1, 0x0862, 1, 0x4A27, 1, 0x2924, 1,
    0x18C5, 68, 0x2104, 8, 0x2147, 2, 0x2104, 2,
    0x6925, 1, 0x20E3, 1, 0x6925, 1, 0x18C5, 29,
    0x2104, 2, 0x18E4, 2, 0x2104, 1, 0x2147, 1,
    0x2104, 2, 0x2147, 3, 0x20E3, 1, 0x4000, 1,
    0x10A3, 2, 0x18C5, 71, 0x18C3, 3, 0x18E4, 1,
    0x2104, 2, 0x18E4, 1, 0x2104, 3, 0x6862, 1,
    0x2924, 1, 0x18C5, 30, 0x18E4, 6, 0x2147, 1,
    0x18E4, 1, 0x2147, 1, 0x18E4, 1, 0x2147, 1,
    0x20E3, 1, 0x4000, 1, 0x4104, 1, 0x18A2, 1,
    0x18C5, 74, 0x18E4, 1, 0x18C3, 3, 0x2104, 1,
    0x18C3, 3, 0x39A8, 1, 0x18C5, 30, 0x2104, 1,
    0x18E4, 1, 0x2147, 1, 0x18E4, 3, 0x2147, 1,
    0x2104, 1, 0x18E4, 3, 0x20E3, 1, 0x4A27, 2,
    0x2924, 1, 0x18C5, 113, 0x2104, 2, 0x2147, 1,
    0x2104, 1, 0x18E4, 4, 0x2104, 1, 0x2147, 1,
    0x18E4, 1, 0x6925, 1, 0x20E3, 2, 0x6862, 1,
    0x18C5, 113, 0x2104, 2, 0x2147, 1, 0x2104, 6,
    0x2147, 2, 0x3985, 1, 0x10A3, 1, 0x20E3, 1,
    0x18C5, 114, 0x18C3, 1, 0x2104, 1, 0x2147, 1,
    0x2104, 5, 0x2147, 3, 0x6925, 1, 0x20E3, 1,
    0x6862, 1, 0x18C5, 115, 0x18C3, 2, 0x2104, 1,
    0x18C3, 1, 0x2104, 3, 0x18C3, 2, 0x2147, 1,
    0x6862, 1, 0x3985, 1, 0x2147, 1, 0x18C5, 120,
    0x18E4, 1, 0x18C3, 1, 0x18E4, 1, 0x2104, 2,
    0x18C3, 1, 0x632E, 1, 0x18C5, 4654, 0x18C5, 5683,
    0x9000, 2, 0x8986, 4, 0x63B0, 3, 0x632E, 1,
    0xA269, 1, 0x18C5, 113, 0x8000, 7, 0x2147, 1,
    0x52CC, 1, 0xB50B, 2, 0x52CC, 2, 0x632E, 1,
    0x52CC, 2, 0xDE0C, 1, 0xB50B, 2, 0x63B0, 4,
    0x18C5, 103, 0x6000, 1, 0x5000, 3, 0x6000, 2,
    0x6800, 1, 0x18C3, 1, 0xB50B, 3, 0x2147, 1,
    0x2924, 1, 0x52CC, 1, 0xB50B, 2, 0x52CC, 1,
    0x63B0, 1, 0x3A09, 1, 0x6925, 2, 0x632E, 2,
    0x94D3, 1, 0x63B0, 4, 0x94D3, 1, 0x18C5, 97,
    0x6800, 7, 0x6000, 3, 0x4000, 1, 0x5000, 1,
    0x4000, 2, 0x6000, 2, 0x5ACA, 1, 0x4A27, 1,
    0x732B, 6, 0x10A3, 1, 0x18C3, 1, 0x6800, 1,
    0x6862, 1, 0x8986, 4, 0x5ACA, 1, 0x63B0, 1,
    0x18C5, 93, 0x6800, 1, 0xA269, 1, 0x8986, 1,
    0xA269, 1, 0x8986, 4, 0x6000, 5, 0x5000, 1,
    0x4000, 1, 0x5000, 2, 0x4000, 1, 0x5000, 2,
    0x6000, 2, 0x2800, 3, 0x6000, 2, 0x6800, 5,
    0x6862, 2, 0x8986, 4, 0x18C5, 89, 0x2104, 1,
    0x42CC, 1, 0x632E, 5, 0x3A09, 1, 0x6000, 1,
    0x42CC, 2, 0x18E4, 1, 0x10A3, 1, 0x6000, 1,
    0x8986, 2, 0x5000, 6, 0x2800, 2, 0x6000, 7,
    0x6800, 3, 0x6000, 1, 0x9000, 1, 0x8986, 1,
    0xA269, 2, 0xA145, 1, 0x9083, 1, 0x18C5, 86,
    0x5000, 1, 0x42CC, 1, 0x632E, 1, 0x63B0, 3,
    0x632E, 1, 0x3A09, 1, 0x6000, 1, 0x63B0, 2,
    0x632E, 1, 0x3A09, 1, 0x5000, 1, 0x3A09, 2,
    0x42CC, 1, 0x18C3, 1, 0x5000, 1, 0x8986, 2,
    0x6925, 1, 0x5000, 7, 0x6000, 4, 0xA269, 4,
    0x2147, 2, 0x18E4, 1, 0x6925, 1, 0xA145, 1,
    0x18C5, 85, 0x2924, 1, 0x632E, 1, 0x63B0, 4,
    0x52CC, 1, 0x3A09, 1, 0x6000, 1, 0x63B0, 2,
    0x632E, 1, 0x3A09, 1, 0x5000, 1, 0x3A09, 1,
    0x42CC, 1, 0x632E, 2, 0x6000, 1, 0x3A09, 1,
    0x42CC, 3, 0x18C3, 1, 0x8986, 2, 0x5000, 5,
    0xA269, 2, 0x63B0, 1, 0x2147, 4, 0x94D3, 2,
    0x6CB4, 1, 0x2147, 1, 0x3985, 1, 0xA145, 1,
    0x18C5, 83, 0x2104, 1, 0x52CC, 1, 0x632E, 1,
    0x63B0, 2, 0x632E, 1, 0x42CC, 1, 0x3A09, 1,
    0x5000, 1, 0x632E, 1, 0x52CC, 1, 0x3A09, 1,
    0x6000, 1, 0x3A09, 1, 0x42CC, 2, 0x632E, 2,
    0x6000, 1, 0x3A09, 1, 0x42CC, 1, 0x52CC, 2,
    0x42CC, 2, 0x3A09, 1, 0x39A8, 1, 0x18E4, 1,
    0x5000, 2, 0x9000, 1, 0x9083, 1, 0x18C3, 2,
    0x2104, 1, 0x94D3, 7, 0x6CB4, 1, 0x42CC, 1,
    0x3985, 1, 0x7800, 1, 0x42CC, 1, 0xB50B, 1,
    0x5ACA, 1, 0xB50B, 2, 0x18C5, 54, 0x5000, 1,
    0x2800, 2, 0x18C5, 19, 0x10A3, 1, 0x42CC, 1,
    0x63B0, 3, 0x632E, 1, 0x42CC, 1, 0x3A09, 1,
    0x5000, 1, 0x632E, 1, 0x42CC, 1, 0x3A09, 1,
    0x5000, 1, 0x3A09, 1, 0x42CC, 1, 0x52CC, 2,
    0x6000, 1, 0x3A09, 1, 0x42CC, 1, 0x52CC, 5,
    0x42CC, 1, 0x3A09, 1, 0x10A3, 1, 0x5000, 1,
    0x9000, 4, 0x7800, 1, 0x2104, 1, 0x94D3, 6,
    0x6CB4, 1, 0x94D3, 1, 0x6CB4, 2, 0x42CC, 1,
    0x632E, 3, 0x8BCA, 1, 0x5ACA, 1, 0xB50B, 1,
    0x8BCA, 1, 0x6925, 1, 0xB50B, 1, 0x6925, 1,
    0xB50B, 1, 0x52CC, 1, 0x18C5, 47, 0xA145, 1,
    0xA269, 5, 0x2800, 2, 0x18C5, 7, 0x52CC, 2,
    0x632E, 2, 0x63B0, 3, 0x4841, 1, 0x42CC, 1,
    0x63B0, 3, 0x632E, 1, 0x42CC, 1, 0x3A09, 1,
    0x632E, 2, 0x42CC, 1, 0x3A09, 1, 0x5000, 1,
    0x3A09, 1, 0x42CC, 1, 0x52CC, 2, 0x5000, 1,
    0x39A8, 1, 0x42CC, 3, 0x52CC, 3, 0x42CC, 1,
    0x39A8, 1, 0x4000, 1, 0x5000, 1, 0x9000, 1,
    0x94D3, 3, 0x6000, 1, 0x9000, 1, 0x39A8, 1,
    0x6CB4, 1, 0x94D3, 4, 0x6CB4, 6, 0x42CC, 1,
    0x632E, 1, 0x63B0, 1, 0xB50B, 1, 0x63B0, 3,
    0xB50B, 3, 0x63B0, 1, 0x3985, 1, 0x2800, 1,
    0xA269, 2, 0x5000, 2, 0x6862, 2, 0x6925, 1,
    0x18C5, 39, 0x9083, 3, 0xA269, 6, 0x2800, 1,
    0x18C5, 1, 0x5ACA, 1, 0x52CC, 4, 0x632E, 3,
    0x63B0, 2, 0x5000, 1, 0x3A09, 1, 0x632E, 1,
    0x63B0, 1, 0x632E, 3, 0x3A09, 1, 0x632E, 3,
    0x3A09, 1, 0x5000, 1, 0x3A09, 1, 0x42CC, 1,
    0x52CC, 2, 0x5000, 1, 0x39A8, 1, 0x42CC, 2,
    0x52CC, 2, 0x42CC, 2, 0x18E4, 2, 0x5000, 1,
    0x9000, 2, 0x39A8, 1, 0x18E4, 1, 0x2147, 1,
    0x632E, 1, 0x6CB4, 1, 0x9000, 2, 0x63B0, 1,
    0x6CB4, 1, 0x94D3, 3, 0x6CB4, 7, 0x42CC, 1,
    0xA269, 1, 0x63B0, 1, 0x632E, 2, 0x63B0, 1,
    0x9000, 1, 0x2800, 2, 0x8986, 1, 0x6000, 1,
    0x5000, 5, 0x3A09, 3, 0x52CC, 1, 0x3A09, 1,
    0x6925, 1, 0x18C5, 36, 0x9000, 5, 0x39A8, 1,
    0x63B0, 1, 0xA145, 1, 0xA269, 3, 0x2800, 2,
    0x52CC, 1, 0x632E, 5, 0x6925, 1, 0x6862, 1,
    0x2104, 1, 0x52CC, 1, 0x632E, 4, 0x3A09, 1,
    0x632E, 3, 0x42CC, 1, 0x5000, 1, 0x3A09, 1,
    0x52CC, 1, 0x632E, 2, 0x6000, 1, 0x39A8, 1,
    0x42CC, 1, 0x632E, 1, 0x52CC, 3, 0x3A09, 1,
    0x10A3, 1, 0x5000, 1, 0x9000, 2, 0x94D3, 2,
    0x42CC, 1, 0x632E, 1, 0x94D3, 2, 0x63B0, 1,
    0x2147, 1, 0x8000, 1, 0x3A09, 1, 0x6CB4, 10,
    0x63B0, 1, 0x42CC, 1, 0xA269, 1, 0x6862, 1,
    0x6925, 1, 0x7800, 1, 0x10A3, 1, 0x8986, 2,
    0x6000, 1, 0x5000, 4, 0x3A09, 3, 0x52CC, 4,
    0x8BCA, 1, 0x632E, 1, 0x6925, 1, 0x6000, 1,
    0x18C5, 34, 0x9000, 6, 0x39A8, 1, 0x9000, 1,
    0xA145, 3, 0xA269, 1, 0x63B0, 1, 0xA269, 1,
    0x63B0, 1, 0xA269, 1, 0x63B0, 1, 0x2800, 2,
    0x7800, 1, 0x2800, 1, 0x42CC, 1, 0x632E, 4,
    0x5000, 1, 0x632E, 3, 0x42CC, 1, 0x5000, 1,
    0x42CC, 1, 0x52CC, 1, 0x632E, 2, 0x5000, 1,
    0x39A8, 1, 0x42CC, 1, 0x632E, 2, 0x52CC, 2,
    0x3A09, 1, 0x10A3, 1, 0x5000, 1, 0x9000, 2,
    0x94D3, 1, 0x2104, 1, 0x63B0, 1, 0x6CB4, 1,
    0x94D3, 2, 0x6CB4, 1, 0x63B0, 1, 0x39A8, 1,
    0x8000, 2, 0x2147, 1, 0x6CB4, 6, 0x63B0, 5,
    0x2147, 1, 0x8000, 1, 0x2800, 1, 0x8986, 1,
    0x6000, 2, 0x5000, 4, 0x39A8, 1, 0x3A09, 2,
    0x42CC, 1, 0x52CC, 2, 0x632E, 2, 0x63B0, 2,
    0x8BCA, 2, 0x3A09, 1, 0x6862, 1, 0x18C5, 33,
    0x9000, 1, 0x7800, 1, 0x6800, 1, 0x7800, 2,
    0x9000, 1, 0x63B0, 1, 0x9000, 5, 0x39A8, 1,
    0xA269, 4, 0x63B0, 1, 0xA269, 1, 0x63B0, 1,
    0x6800, 1, 0x63B0, 1, 0x2800, 3, 0x5000, 1,
    0x632E, 3, 0x42CC, 1, 0x5000, 1, 0x3A09, 1,
    0x52CC, 1, 0x632E, 2, 0x5000, 1, 0x3A09, 1,
    0x42CC, 1, 0x632E, 2, 0x52CC, 2, 0x3A09, 1,
    0x4000, 1, 0x9000, 3, 0x94D3, 1, 0x39A8, 1,
    0x63B0, 1, 0x6CB4, 1, 0x94D3, 2, 0x632E, 4,
    0x39A8, 1, 0x9000, 2, 0x42CC, 1, 0x63B0, 5,
    0x42CC, 3, 0x2800, 1, 0x1082, 1, 0x2800, 1,
    0xA269, 1, 0x6000, 1, 0x5000, 1, 0x4104, 1,
    0x5000, 1, 0x4841, 1, 0x5000, 1, 0x3A09, 3,
    0x63B0, 1, 0x632E, 3, 0x52CC, 2, 0x2924, 3,
    0x6862, 1, 0x2924, 1, 0x6862, 1, 0x6000, 2,
    0x18C5, 32, 0x6000, 1, 0x4000, 4, 0x9000, 1,
    0x6CB4, 1, 0x6800, 1, 0x7800, 1, 0x9000, 3,
    0x6CB4, 1, 0x9000, 3, 0xA145, 3, 0x63B0, 1,
    0x9000, 1, 0xA269, 5, 0x39A8, 1, 0x5000, 1,
    0xA269, 8, 0x9083, 1, 0x4000, 1, 0x632E, 2,
    0x42CC, 1, 0x39A8, 1, 0x4000, 1, 0x9000, 4,
    0x2104, 1, 0x63B0, 1, 0x6CB4, 1, 0x632E, 3,
    0x2104, 1, 0x4841, 1, 0x5000, 1, 0x2104, 1,
    0x2147, 1, 0x3985, 1, 0x9000, 2, 0x632E, 1,
    0x63B0, 1, 0x1082, 1, 0x632E, 2, 0x2800, 3,
    0x94D3, 1, 0x632E, 1, 0x8986, 2, 0x52CC, 4,
    0x42CC, 1, 0x632E, 1, 0x52CC, 2, 0x632E, 4,
    0x8986, 1, 0x42CC, 1, 0x632E, 1, 0x39A8, 2,
    0x8000, 1, 0x6925, 1, 0x1082, 1, 0x18C5, 1,
    0x5000, 2, 0x18C5, 32, 0x4000, 2, 0x9000, 1,
    0x6800, 2, 0x4000, 1, 0x63B0, 1, 0x6000, 2,
    0x6800, 2, 0x9000, 1, 0x6CB4, 1, 0x9000, 6,
    0x63B0, 1, 0x9000, 1, 0xA145, 4, 0xA269, 1,
    0x63B0, 1, 0x39A8, 1, 0xA269, 3, 0xA145, 1,
    0x9000, 1, 0x6800, 1, 0xA269, 4, 0x4000, 1,
    0x42CC, 1, 0x10A3, 1, 0x5000, 1, 0x9000, 1,
    0x9083, 2, 0x8986, 1, 0x94D3, 1, 0x39A8, 1,
    0x3985, 2, 0x63B0, 3, 0x94D3, 1, 0x63B0, 4,
    0x94D3, 1, 0x632E, 1, 0xA269, 3, 0x632E, 1,
    0xA269, 1, 0x52CC, 1, 0x3A09, 4, 0x52CC, 9,
    0x5ACA, 1, 0x52CC, 2, 0x94D3, 2, 0x63B0, 1,
    0x632E, 1, 0x39A8, 1, 0x6862, 3, 0x2924, 1,
    0x6925, 1, 0x3985, 1, 0x18C5, 35, 0x4000, 1,
    0x9000, 1, 0x4000, 1, 0x2800, 1, 0x4000, 1,
    0x2800, 1, 0xA488, 1, 0x4000, 2, 0x5000, 1,
    0x4000, 2, 0x94D3, 1, 0x9000, 1, 0x6800, 2,
    0x7800, 1, 0x8000, 1, 0x9000, 1, 0x39A8, 1,
    0x9000, 6, 0x39A8, 1, 0x9000, 3, 0x9083, 2,
    0x9000, 1, 0x94D3, 1, 0x9083, 4, 0xA145, 1,
    0x4000, 1, 0x8000, 1, 0x9000, 1, 0x8986, 1,
    0x632E, 1, 0x52CC, 1, 0x632E, 2, 0x63B0, 2,
    0x94D3, 1, 0x63B0, 2, 0x632E, 1, 0x20E3, 1,
    0x4A27, 1, 0x39A8, 1, 0x20E3, 1, 0x39A8, 3,
    0x3A09, 7, 0x52CC, 2, 0x42CC, 6, 0x52CC, 2,
    0x94D3, 5, 0x39A8, 1, 0x63B0, 1, 0x632E, 1,
    0x63B0, 1, 0x632E, 1, 0x6862, 1, 0x8000, 1,
    0x2924, 1, 0x10A3, 1, 0x3985, 1, 0xA145, 1,
    0x18C5, 35, 0x6800, 1, 0x4000, 1, 0x2800, 1,
    0x4062, 1, 0x10A3, 1, 0x0862, 1, 0x2800, 3,
    0x4000, 3, 0x39A8, 1, 0x9000, 1, 0x8986, 1,
    0x2800, 1, 0x4000, 2, 0x6000, 1, 0x39A8, 1,
    0x9000, 1, 0x7800, 2, 0x8000, 2, 0x9000, 1,
    0x39A8, 1, 0x9000, 6, 0x94D3, 1, 0x9000, 5,
    0x6000, 1, 0x9083, 1, 0x632E, 2, 0x63B0, 3,
    0x632E, 2, 0x4104, 3, 0x3A09, 1, 0x18C3, 3,
    0x10A3, 1, 0x5ACA, 2, 0x39A8, 1, 0x4A27, 1,
    0x18C3, 1, 0x4104, 1, 0x18C3, 1, 0x4104, 1,
    0x3A09, 2, 0x6925, 1, 0x52CC, 2, 0x3A09, 1,
    0x52CC, 1, 0x94D3, 7, 0xA269, 2, 0x63B0, 2,
    0x9000, 1, 0x39A8, 1, 0x632E, 2, 0x2924, 1,
    0x2104, 1, 0x7B47, 1, 0x3985, 1, 0x2924, 1,
    0x1082, 1, 0x3985, 1, 0x18C5, 34, 0x9000, 1,
    0x8000, 1, 0x2800, 1, 0x10A3, 1, 0x7B47, 1,
    0x10A3, 1, 0x0862, 1, 0x9083, 1, 0x4104, 1,
    0x0862, 1, 0x2800, 3, 0xDE0C, 1, 0x39A8, 1,
    0x4000, 5, 0x39A8, 2, 0x4000, 1, 0x6000, 1,
    0x4000, 2, 0x6800, 1, 0x39A8, 2, 0x6800, 1,
    0x9000, 4, 0x94D3, 1, 0x7800, 2, 0x9000, 4,
    0x9083, 3, 0x4841, 1, 0x18C3, 1, 0x39A8, 2,
    0x18C3, 1, 0x2800, 2, 0x4062, 1, 0x4000, 1,
    0x2104, 2, 0x10A3, 2, 0x2104, 1, 0x10A3, 1,
    0x7B47, 3, 0x8BCA, 3, 0x52CC, 1, 0x632E, 1,
    0x63B0, 2, 0x94D3, 1, 0xFECD, 2, 0x94D3, 7,
    0xA269, 1, 0x94D3, 1, 0xA145, 2, 0x94D3, 1,
    0x2147, 3, 0x18C3, 1, 0x3985, 1, 0x1082, 1,
    0x10A3, 1, 0x4104, 1, 0x2924, 1, 0x3985, 1,
    0x18C5, 3, 0x5000, 1, 0x18C5, 30, 0x9000, 1,
    0x6800, 1, 0x2800, 1, 0x0862, 1, 0x7B47, 2,
    0x1082, 1, 0xA801, 1, 0x9083, 1, 0x4104, 1,
    0x4841, 1, 0x0862, 1, 0x2800, 1, 0x4000, 1,
    0x4062, 1, 0x2800, 1, 0x4000, 2, 0x2800, 1,
    0x4000, 1, 0x2147, 1, 0x18C3, 1, 0x4000, 4,
    0x8986, 1, 0x39A8, 2, 0x4000, 3, 0x6800, 1,
    0x4000, 1, 0x94D3, 1, 0x6800, 4, 0x8000, 1,
    0x9000, 1, 0x6000, 1, 0x4841, 2, 0x4000, 2,
    0x10A3, 1, 0x18C3, 2, 0x2924, 1, 0x20E3, 1,
    0x18A2, 2, 0x20E3, 1, 0x4A27, 1, 0x7B47, 2,
    0xA488, 1, 0x7B47, 2, 0xB50B, 3, 0xDE0C, 2,
    0x63B0, 2, 0x8986, 1, 0x63B0, 1, 0x94D3, 1,
    0xFECD, 3, 0x94D3, 3, 0xA269, 3, 0x94D3, 5,
    0x7B47, 2, 0x18C3, 1, 0x2147, 1, 0x10A3, 1,
    0x18A2, 2, 0x1082, 1, 0x2924, 3, 0x18C5, 2,
    0x5000, 1, 0x18C5, 30, 0x9000, 1, 0x6800, 1,
    0x2800, 1, 0x3985, 1, 0xB50B, 1, 0x7B47, 1,
    0x1082, 1, 0x4104, 1, 0x6862, 1, 0x4104, 1,
    0x4841, 1, 0x0862, 1, 0x1082, 1, 0x2800, 2,
    0xA488, 1, 0x4000, 1, 0x3985, 2, 0x2800, 1,
    0x4062, 1, 0x7B47, 1, 0x4000, 3, 0x2800, 1,
    0x4000, 1, 0x9000, 1, 0x18C3, 1, 0x4000, 5,
    0x39A8, 1, 0x4000, 1, 0x9000, 1, 0x5000, 1,
    0x4000, 2, 0x6000, 1, 0x9000, 1, 0x4000, 2,
    0x20E3, 1, 0x18A2, 1, 0x20E3, 1, 0x18A2, 1,
    0x2924, 1, 0x4A27, 1, 0xA488, 3, 0x7B47, 1,
    0xA488, 8, 0xB50B, 1, 0xDE0C, 3, 0x63B0, 2,
    0x632E, 1, 0xFECD, 5, 0x39A8, 1, 0xA269, 1,
    0xA145, 3, 0x94D3, 4, 0x63B0, 1, 0x4A27, 1,
    0x7B47, 1, 0x2147, 2, 0x18A2, 1, 0x1082, 1,
    0x0862, 1, 0x18A2, 1, 0x7B47, 1, 0x2924, 2,
    0x18C5, 2, 0x5000, 1, 0x18C5, 30, 0x9000, 1,
    0x5000, 1, 0x2800, 1, 0x3985, 1, 0xDE0C, 1,
    0xA488, 1, 0x0862, 1, 0x4841, 1, 0x6862, 1,
    0x4841, 1, 0x4104, 1, 0x1082, 1, 0x18C3, 1,
    0x1082, 1, 0x2800, 1, 0xDE0C, 1, 0xA488, 1,
    0x3985, 1, 0xA488, 2, 0xDE0C, 2, 0x3985, 3,
    0x4000, 1, 0x2800, 1, 0x4062, 1, 0xA488, 1,
    0x4000, 4, 0x2800, 1, 0xA488, 1, 0x2800, 2,
    0x4000, 1, 0x9000, 1, 0x5000, 1, 0x4000, 1,
    0x6000, 1, 0x2800, 1, 0x20E3, 1, 0x7B47, 4,
    0xA488, 5, 0x7B47, 1, 0xA488, 7, 0xB50B, 2,
    0xDE0C, 2, 0x63B0, 1, 0xDE0C, 2, 0x8BCA, 1,
    0xFECD, 2, 0x6CB4, 1, 0xFECD, 2, 0xA488, 1,
    0x39A8, 1, 0x2924, 1, 0x9000, 2, 0x2924, 1,
    0x632E, 2, 0x63B0, 1, 0x2147, 1, 0x39A8, 1,
    0x2147, 1, 0x39A8, 1, 0x10A3, 1, 0x0862, 1,
    0x10A3, 1, 0x1082, 1, 0x18A2, 1, 0x3985, 1,
    0x2924, 2, 0x18C5, 33, 0x9000, 1, 0x5000, 1,
    0x4841, 1, 0x2104, 1, 0xA488, 1, 0x7B47, 1,
    0x0862, 1, 0x4104, 1, 0x8000, 1, 0x4104, 1,
    0x0862, 1, 0x4062, 1, 0x18C3, 1, 0x2104, 1,
    0x2800, 1, 0x4A27, 2, 0x3985, 1, 0x4A27, 1,
    0x4000, 1, 0xDE0C, 3, 0x4A27, 1, 0xA488, 1,
    0x4A27, 1, 0xB50B, 1, 0x4000, 3, 0x2800, 1,
    0x0862, 1, 0x2800, 1, 0x0862, 1, 0x10A3, 1,
    0x4062, 1, 0x2800, 3, 0x7800, 2, 0x4000, 1,
    0x6000, 1, 0x3985, 1, 0x7B47, 3, 0xA488, 7,
    0x7B47, 1, 0xA488, 1, 0x7B47, 1, 0xA488, 4,
    0xB50B, 4, 0x8BCA, 1, 0xDE0C, 2, 0xB50B, 1,
    0xFECD, 1, 0x94D3, 1, 0x39A8, 1, 0x63B0, 1,
    0xFECD, 1, 0xDE0C, 2, 0xB50B, 1, 0x2104, 1,
    0xA801, 1, 0x7800, 1, 0x39A8, 4, 0x632E, 3,
    0x18A2, 1, 0x1082, 1, 0x18A2, 3, 0xA488, 1,
    0x20E3, 1, 0x2924, 1, 0x18C5, 33, 0xA145, 2,
    0x6862, 4, 0x2104, 3, 0x18C3, 1, 0x4062, 1,
    0x4104, 1, 0x18E4, 1, 0x2147, 1, 0x2800, 1,
    0x4000, 1, 0xB50B, 1, 0xA488, 1, 0x4841, 1,
    0xA488, 1, 0x4104, 1, 0xDE0C, 1, 0x7B47, 1,
    0x4000, 1, 0x4A27, 1, 0x3985, 1, 0xA488, 1,
    0xFECD, 1, 0x4000, 1, 0x1082, 2, 0x4062, 1,
    0x4841, 2, 0x4104, 1, 0x4841, 1, 0x0862, 1,
    0x7B47, 1, 0x4062, 1, 0x4000, 1, 0x7800, 2,
    0x6000, 1, 0x5000, 1, 0x3985, 1, 0x7B47, 1,
    0x732B, 1, 0xB50B, 1, 0x8BCA, 1, 0xA488, 5,
    0x7B47, 4, 0xDE0C, 2, 0xA488, 3, 0xB50B, 3,
    0xDE0C, 2, 0x8BCA, 1, 0xFECD, 2, 0x39A8, 1,
    0x63B0, 1, 0xDE0C, 1, 0xB50B, 1, 0xFECD, 2,
    0x7B47, 1, 0x9083, 1, 0x6000, 1, 0x63B0, 1,
    0x39A8, 1, 0x2147, 1, 0x4841, 1, 0x39A8, 2,
    0x632E, 1, 0x18A2, 2, 0x1082, 1, 0x6000, 1,
    0x18A2, 1, 0x3985, 1, 0x2924, 2, 0x18C5, 33,
    0x6925, 1, 0x6862, 1, 0x6800, 1, 0x6862, 2,
    0xA145, 2, 0x2924, 4, 0x2104, 2, 0x18E4, 1,
    0x4841, 1, 0x4000, 1, 0x4A27, 1, 0x8986, 1,
    0x2104, 1, 0xDE0C, 1, 0x7B47, 1, 0xDE0C, 1,
    0x7B47, 1, 0xA488, 1, 0x4841, 1, 0xA488, 1,
    0x7B47, 2, 0x2800, 1, 0x1082, 1, 0x18C3, 1,
    0x0862, 1, 0x4841, 1, 0x4104, 1, 0x6862, 1,
    0xA801, 1, 0x0862, 1, 0x7B47, 2, 0x2800, 1,
    0x4000, 1, 0x9000, 1, 0x7800, 2, 0x2147, 1,
    0x8BCA, 1, 0x5ACA, 1, 0x6862, 1, 0x5ACA, 1,
    0xB50B, 1, 0x8BCA, 1, 0xA488, 1, 0xB50B, 1,
    0xA488, 2, 0xB50B, 2, 0xA488, 2, 0x0000, 3,
    0xA488, 2, 0xB50B, 1, 0xDE0C, 1, 0x632E, 1,
    0x18C3, 1, 0xDE0C, 1, 0xFECD, 1, 0xDE0C, 1,
    0x6CB4, 1, 0x94D3, 1, 0xDE0C, 1, 0xB50B, 1,
    0xFECD, 3, 0x4062, 1, 0x6000, 1, 0x39A8, 1,
    0x2147, 1, 0x39A8, 1, 0x2147, 1, 0x39A8, 1,
    0x2147, 1, 0x2924, 1, 0x6000, 1, 0x18A2, 1,
    0x0862, 1, 0x18A2, 2, 0x7B47, 1, 0x2924, 1,
    0x18C5, 34, 0x6862, 1, 0x6800, 2, 0x6862, 2,
    0x6925, 3, 0x6862, 3, 0xA145, 2, 0x2924, 1,
    0x6862, 2, 0xDE0C, 5, 0x3985, 2, 0x7B47, 1,
    0x2924, 1, 0xA488, 1, 0xB50B, 1, 0x4841, 1,
    0x2800, 1, 0x1082, 1, 0x18E4, 1, 0x1082, 1,
    0x0862, 1, 0x4062, 1, 0x6862, 2, 0x1082, 1,
    0x10A3, 1, 0x7B47, 1, 0x4A27, 1, 0x2800, 1,
    0x8000, 1, 0x9000, 1, 0x6000, 1, 0xB50B, 1,
    0xA269, 1, 0x8986, 1, 0x9083, 1, 0x8986, 1,
    0xB50B, 2, 0xA488, 1, 0xB50B, 1, 0xA488, 2,
    0xB50B, 3, 0x10A3, 2, 0x2104, 1, 0x0000, 3,
    0xB50B, 1, 0xDE0C, 1, 0x0000, 1, 0xA488, 1,
    0x8BCA, 1, 0xFECD, 1, 0xB50B, 1, 0xDE0C, 3,
    0xA488, 1, 0xFECD, 3, 0x3985, 1, 0x4062, 1,
    0x2147, 1, 0x632E, 1, 0x39A8, 1, 0x2147, 2,
    0x39A8, 1, 0x6925, 1, 0x18A2, 3, 0x1082, 1,
    0x18A2, 1, 0x2924, 1, 0x3985, 1, 0x18C5, 34,
    0xA269, 1, 0x6862, 2, 0x6800, 1, 0x6862, 3,
    0x6925, 4, 0x8986, 2, 0x5ACA, 1, 0x6862, 3,
    0xA145, 2, 0xDE0C, 4, 0xFECD, 1, 0xDE0C, 3,
    0x3985, 1, 0x4000, 1, 0x18E4, 2, 0x1082, 1,
    0x0862, 1, 0x4062, 1, 0x8000, 2, 0x0862, 1,
    0x10A3, 1, 0xDE0C, 1, 0xA488, 1, 0x2800, 1,
    0x4000, 1, 0x9000, 1, 0xDE0C, 1, 0xB50B, 1,
    0x9083, 1, 0xA269, 2, 0xFECD, 1, 0x7B47, 1,
    0xB50B, 1, 0xA488, 4, 0xB50B, 2, 0x1082, 2,
    0x63B0, 1, 0xA145, 2, 0x6925, 1, 0x2924, 1,
    0x0000, 1, 0xDE0C, 2, 0x8BCA, 1, 0xB50B, 1,
    0xDE0C, 1, 0xA488, 1, 0xDE0C, 2, 0x2147, 1,
    0xDE0C, 1, 0xFECD, 3, 0x7B47, 1, 0x3985, 1,
    0x4841, 1, 0x2147, 2, 0x4841, 1, 0x2147, 1,
    0x2104, 1, 0x2924, 1, 0x18A2, 1, 0x1082, 1,
    0x10A3, 1, 0x0862, 1, 0x1082, 1, 0x2924, 1,
    0x3985, 1, 0x18C5, 34, 0x9000, 1, 0x2924, 1,
    0x3985, 3, 0xA145, 2, 0x6862, 2, 0x6925, 2,
    0x8986, 1, 0x5ACA, 1, 0x52CC, 4, 0x632E, 3,
    0x6862, 3, 0xA145, 2, 0xDE0C, 2, 0x5ACA, 1,
    0x6862, 1, 0x2104, 1, 0x18E4, 1, 0x2104, 2,
    0x4062, 1, 0x4104, 1, 0x6862, 1, 0x0862, 1,
    0x10A3, 1, 0xDE0C, 2, 0x2800, 2, 0x9000, 1,
    0x2147, 1, 0xA488, 1, 0xB50B, 4, 0x7B47, 1,
    0xB50B, 1, 0xA488, 5, 0x0862, 3, 0xA145, 1,
    0x6925, 1, 0x3985, 2, 0x6925, 1, 0x1082, 1,
    0xDE0C, 1, 0x8BCA, 1, 0xB50B, 2, 0xDE0C, 1,
    0xA488, 1, 0x39A8, 2, 0xA488, 1, 0xFECD, 4,
    0xDE0C, 1, 0x7B47, 1, 0x4000, 1, 0x4841, 1,
    0x6000, 1, 0x2147, 1, 0x39A8, 1, 0x6000, 1,
    0x2924, 1, 0x1082, 1, 0x0862, 1, 0x1082, 1,
    0x18A2, 1, 0x4104, 1, 0x1082, 1, 0xA145, 1,
    0x18C5, 35, 0x6925, 1, 0x2800, 1, 0x4841, 3,
    0xDE0C, 1, 0x6862, 3, 0xA145, 1, 0xA801, 1,
    0xA145, 1, 0x6862, 2, 0x52CC, 3, 0x632E, 1,
    0x52CC, 3, 0x632E, 4, 0x6862, 3, 0xA145, 2,
    0x2924, 4, 0x2104, 3, 0x3A09, 1, 0xA488, 1,
    0x2800, 1, 0x4000, 1, 0x9000, 1, 0x2147, 1,
    0xA488, 1, 0x7B47, 1, 0xB50B, 5, 0x7B47, 1,
    0xA488, 3, 0x1082, 1, 0x0862, 1, 0x1082, 1,
    0xA145, 1, 0x20E3, 3, 0x2924, 1, 0x6925, 1,
    0x3985, 1, 0xDE0C, 2, 0xB50B, 1, 0xA488, 1,
    0xDE0C, 1, 0xA801, 1, 0x20E3, 2, 0xFECD, 2,
    0xDE0C, 3, 0xA488, 2, 0x4062, 1, 0x4841, 2,
    0x10A3, 1, 0x2104, 1, 0x3985, 1, 0x2924, 1,
    0x10A3, 1, 0x18A2, 2, 0x10A3, 1, 0x2924, 1,
    0x20E3, 1, 0x3985, 1, 0x18C5, 35, 0x7800, 1,
    0x2800, 4, 0x7B47, 1, 0xDE0C, 6, 0x6862, 1,
    0x3985, 1, 0x6862, 1, 0xA145, 3, 0x6862, 2,
    0x52CC, 2, 0x632E, 1, 0x52CC, 6, 0x8986, 2,
    0x6862, 2, 0xA145, 2, 0x6862, 4, 0x4841, 2,
    0x9000, 2, 0xB50B, 1, 0xA488, 1, 0xB50B, 2,
    0x8986, 1, 0xB50B, 1, 0x7B47, 1, 0xA488, 3,
    0x1082, 1, 0x10A3, 2, 0x6925, 2, 0x1082, 1,
    0x20E3, 1, 0x2924, 1, 0x10A3, 1, 0x3985, 1,
    0xA145, 1, 0xDE0C, 1, 0x7B47, 1, 0x2147, 1,
    0xDE0C, 1, 0x63B0, 1, 0xA801, 1, 0xDE0C, 1,
    0xA488, 2, 0xDE0C, 1, 0xA488, 4, 0x7B47, 1,
    0x4062, 1, 0x4841, 2, 0x39A8, 1, 0x4841, 1,
    0x3985, 1, 0x20E3, 1, 0x3985, 1, 0x10A3, 1,
    0x1082, 1, 0x3985, 1, 0x10A3, 1, 0x6925, 1,
    0x20E3, 1, 0x18C5, 36, 0x7800, 1, 0x2800, 4,
    0xA488, 1, 0xDE0C, 10, 0x6800, 1, 0x6862, 1,
    0x6800, 2, 0xA145, 2, 0x6862, 2, 0x52CC, 3,
    0x5ACA, 1, 0x8986, 1, 0x6925, 6, 0x6862, 3,
    0xA145, 2, 0xA801, 2, 0xDE0C, 1, 0xA269, 1,
    0x9083, 1, 0xA269, 2, 0x7B47, 1, 0xA488, 4,
    0x0862, 3, 0xA145, 1, 0x1082, 1, 0x2924, 1,
    0x4A27, 1, 0x2924, 2, 0x1082, 1, 0x6925, 1,
    0xA488, 1, 0x7B47, 1, 0x20E3, 1, 0xA488, 1,
    0xA801, 1, 0xA269, 1, 0x39A8, 1, 0x3985, 2,
    0xA488, 1, 0x3985, 1, 0x7B47, 1, 0xA488, 1,
    0x7B47, 2, 0x4A27, 1, 0x4841, 3, 0x18E4, 1,
    0x3985, 1, 0x20E3, 1, 0x2924, 1, 0x3985, 1,
    0x7B47, 1, 0x2924, 2, 0x6925, 1, 0x18C5, 37,
    0x9000, 1, 0x6862, 1, 0x8000, 3, 0x2800, 2,
    0xB50B, 3, 0xA488, 1, 0xDE0C, 11, 0x6862, 3,
    0x3985, 1, 0xA145, 1, 0xA801, 1, 0x6862, 2,
    0x6925, 3, 0x6862, 5, 0x6800, 1, 0x6862, 1,
    0x6925, 1, 0x6862, 1, 0x39A8, 1, 0x94D3, 1,
    0x8986, 2, 0xB50B, 1, 0xA488, 4, 0x18C3, 1,
    0x18E4, 2, 0x3985, 1, 0x6925, 1, 0x2924, 1,
    0x7B47, 1, 0x1082, 2, 0x7B47, 1, 0x2924, 1,
    0x3985, 1, 0x20E3, 1, 0x9000, 1, 0xDE0C, 1,
    0xA488, 1, 0xA269, 1, 0x9083, 1, 0x3A09, 1,
    0x6925, 1, 0x2147, 1, 0x7B47, 1, 0x4062, 1,
    0x4A27, 1, 0x3985, 1, 0x7B47, 2, 0x4A27, 1,
    0x4000, 1, 0x4841, 2, 0x2104, 1, 0x18E4, 1,
    0x3985, 1, 0x20E3, 1, 0x18A2, 1, 0x20E3, 2,
    0x3985, 1, 0x18C5, 39, 0x9000, 1, 0x8000, 5,
    0x7800, 3, 0x2800, 3, 0xDE0C, 1, 0xB50B, 1,
    0xDE0C, 13, 0x6862, 1, 0x8986, 1, 0x6862, 2,
    0xA145, 2, 0x6862, 2, 0x6800, 3, 0x6862, 2,
    0x7800, 1, 0x8000, 1, 0x2147, 1, 0xB50B, 1,
    0x7B47, 1, 0xA488, 5, 0x18E4, 1, 0x18C3, 1,
    0x10A3, 1, 0x6925, 1, 0x1082, 1, 0x2924, 1,
    0x4000, 3, 0x1082, 1, 0x2924, 3, 0x6862, 1,
    0xA488, 1, 0x7B47, 1, 0x3985, 1, 0x9083, 1,
    0x6925, 1, 0x2147, 2, 0x4A27, 1, 0x4841, 1,
    0x4062, 1, 0x3985, 1, 0x4A27, 1, 0x3985, 2,
    0x4000, 1, 0x2147, 1, 0x2104, 2, 0x18E4, 1,
    0xA145, 1, 0x3985, 1, 0x20E3, 1, 0x2924, 1,
    0x6925, 2, 0x18C5, 41, 0x8000, 1, 0x7800, 1,
    0x8000, 3, 0x6800, 1, 0x6000, 5, 0x6800, 2,
    0x2800, 3, 0xA488, 1, 0xDE0C, 1, 0xB50B, 1,
    0xDE0C, 12, 0x3985, 3, 0xA145, 3, 0x5000, 1,
    0x6000, 1, 0x8000, 1, 0x18C3, 1, 0x4A27, 1,
    0xA488, 5, 0x10A3, 1, 0x18C3, 1, 0x18E4, 2,
    0x6925, 1, 0x2924, 1, 0x7B47, 1, 0x18A2, 1,
    0x0862, 1, 0x18A2, 1, 0x4000, 1, 0x7B47, 1,
    0x2924, 2, 0x6862, 2, 0x4A27, 1, 0x2147, 2,
    0x1082, 2, 0x7B47, 1, 0x3985, 1, 0x4841, 1,
    0x4000, 2, 0x4062, 1, 0x1082, 1, 0x3985, 1,
    0x10A3, 1, 0x2147, 1, 0x18C3, 1, 0x2104, 2,
    0xA145, 1, 0x6925, 1, 0x3985, 2, 0x6925, 1,
    0x18C5, 42, 0x10A3, 1, 0x8000, 1, 0x6800, 1,
    0x7800, 2, 0x6800, 4, 0x6000, 1, 0x6800, 1,
    0x6000, 3, 0x6800, 2, 0x7800, 3, 0x2800, 2,
    0xB50B, 1, 0xDE0C, 1, 0xB50B, 2, 0xDE0C, 5,
    0x7B47, 1, 0x2800, 2, 0x4841, 2, 0x3985, 1,
    0xA801, 1, 0x6000, 2, 0x8000, 1, 0x5000, 1,
    0x7B47, 1, 0xA488, 5, 0x10A3, 4, 0x20E3, 1,
    0x2924, 1, 0x4000, 1, 0x18A2, 1, 0x10A3, 1,
    0x1082, 1, 0x18A2, 1, 0x4A27, 1, 0x2924, 2,
    0x6862, 1, 0x1082, 1, 0x18C3, 1, 0x1082, 1,
    0x4062, 1, 0x3985, 2, 0x4A27, 1, 0x4062, 1,
    0x4000, 3, 0x4062, 1, 0x4000, 1, 0x4062, 1,
    0x2147, 1, 0x18C5, 2, 0x18C3, 1, 0x18E4, 2,
    0x18C3, 1, 0x6925, 1, 0x39A8, 1, 0x18C5, 43,
    0x2104, 1, 0x18E4, 4, 0x6800, 3, 0x6000, 9,
    0x6800, 5, 0x7800, 3, 0x2800, 2, 0xB50B, 2,
    0xA488, 1, 0x2800, 5, 0x6925, 1, 0xA801, 1,
    0x6000, 3, 0x5000, 1, 0x4A27, 1, 0x7B47, 1,
    0xA488, 3, 0x18E4, 2, 0x10A3, 2, 0x2147, 1,
    0x20E3, 1, 0x2924, 1, 0x18A2, 1, 0x10A3, 1,
    0x18A2, 3, 0x3985, 1, 0x20E3, 1, 0x2924, 1,
    0x10A3, 1, 0x4062, 3, 0x3985, 4, 0x4062, 3,
    0x10A3, 1, 0x1082, 1, 0x10A3, 1, 0x2147, 1,
    0x18C3, 1, 0x18C5, 51, 0x2104, 9, 0x18E4, 1,
    0x39A8, 1, 0x6000, 9, 0x6800, 4, 0x6000, 1,
    0x7800, 1, 0x6800, 1, 0x8000, 3, 0x2800, 5,
    0x4841, 1, 0x9000, 1, 0x6000, 1, 0x5000, 2,
    0x1082, 1, 0x4A27, 1, 0x7B47, 2, 0xA488, 1,
    0x7B47, 1, 0x10A3, 4, 0x39A8, 1, 0x20E3, 1,
    0x7B47, 1, 0x18A2, 1, 0x10A3, 2, 0x18A2, 1,
    0x10A3, 1, 0xA488, 1, 0x2924, 2, 0x4062, 1,
    0x4000, 2, 0x4062, 3, 0x1082, 1, 0x0862, 1,
    0x4062, 1, 0x4000, 1, 0x4062, 1, 0x10A3, 3,
    0x18C5, 53, 0x2104, 1, 0x18E4, 1, 0x2104, 3,
    0x18E4, 1, 0x2104, 1, 0x18E4, 1, 0x2104, 2,
    0x2147, 1, 0x20E3, 1, 0x7B47, 1, 0x18A2, 4,
    0x6000, 5, 0x6800, 12, 0x7800, 2, 0x9000, 1,
    0x6000, 2, 0x5000, 1, 0x2800, 1, 0x4A27, 2,
    0x7B47, 1, 0xA488, 1, 0x18E4, 1, 0x18C3, 1,
    0x18E4, 3, 0x39A8, 1, 0x2924, 1, 0x3985, 1,
    0x10A3, 1, 0x18A2, 1, 0x1082, 1, 0x18A2, 2,
    0x3985, 1, 0x2924, 2, 0x4062, 10, 0x10A3, 1,
    0x18C5, 56, 0x18E4, 4, 0x2104, 1, 0x18E4, 4,
    0x2104, 2, 0x2924, 2, 0x1082, 1, 0x18A2, 2,
    0x3985, 1, 0x2924, 1, 0x20E3, 1, 0x3985, 1,
    0x18C5, 2, 0x6000, 4, 0x6800, 2, 0x6000, 1,
    0x6800, 8, 0x6000, 1, 0x5000, 1, 0x4000, 1,
    0x3985, 1, 0x4A27, 2, 0x7B47, 1, 0x4A27, 1,
    0x18E4, 2, 0x18C3, 1, 0x18E4, 2, 0x39A8, 1,
    0x2924, 1, 0x4104, 1, 0x1082, 1, 0x6000, 1,
    0x10A3, 1, 0x18A2, 2, 0x7B47, 1, 0x2924, 1,
    0x20E3, 1, 0x4062, 6, 0x18C5, 62, 0x18E4, 6,
    0x2104, 1, 0x18E4, 3, 0x3985, 1, 0x2924, 1,
    0x7B47, 1, 0x3985, 1, 0x1082, 1, 0x2924, 1,
    0x20E3, 1, 0x2924, 1, 0x3985, 1, 0x18C5, 8,
    0x6000, 4, 0x6800, 7, 0x4062, 1, 0x3985, 1,
    0x4A27, 3, 0x10A3, 6, 0x63B0, 1, 0x3985, 1,
    0x7B47, 1, 0x10A3, 2, 0x18A2, 1, 0x1082, 1,
    0x18A2, 1, 0x2924, 1, 0x3985, 1, 0x3A09, 2,
    0x4062, 1, 0x18C5, 66, 0x2104, 3, 0x18E4, 3,
    0x2104, 2, 0x18E4, 1, 0x2104, 1, 0x6925, 1,
    0x1082, 1, 0x2924, 5, 0x6925, 1, 0x18C5, 15,
    0x6000, 1, 0x6800, 2, 0x6000, 1, 0x6800, 2,
    0x3985, 3, 0x2104, 1, 0x18E4, 5, 0x10A3, 1,
    0x39A8, 1, 0x2924, 1, 0x3985, 1, 0x18A2, 1,
    0x10A3, 1, 0x18A2, 1, 0x10A3, 1, 0x1082, 1,
    0x2924, 1, 0x3985, 1, 0x0000, 1, 0x3A09, 1,
    0x18C5, 67, 0x2104, 4, 0x18E4, 3, 0x2104, 3,
    0xA145, 1, 0x2924, 1, 0x1082, 1, 0x18A2, 1,
    0x20E3, 2, 0x3985, 1, 0x6925, 1, 0x18C5, 21,
    0x6000, 1, 0x4062, 1, 0x2104, 8, 0x39A8, 1,
    0x2924, 1, 0x7B47, 1, 0x18A2, 2, 0x0862, 1,
    0x18A2, 1, 0x4104, 1, 0x1082, 1, 0x6925, 1,
    0x18E4, 1, 0x0000, 1, 0x18C5, 67, 0x2104, 5,
    0x18E4, 1, 0x2104, 4, 0x2924, 1, 0x6925, 1,
    0x2924, 3, 0x6925, 2, 0x18C5, 22, 0x2104, 2,
    0x18E4, 2, 0x2104, 6, 0x39A8, 1, 0x20E3, 1,
    0x7B47, 1, 0x4000, 1, 0x18A2, 2, 0x1082, 1,
    0x7B47, 1, 0x20E3, 1, 0xA145, 1, 0x0000, 1,
    0x18C5, 71, 0x18C3, 2, 0x18E4, 3, 0x2104, 2,
    0x1082, 1, 0x6925, 2, 0x3985, 1, 0x2924, 1,
    0x6925, 1, 0x18C5, 23, 0x18E4, 2, 0x2104, 1,
    0x18E4, 2, 0x2104, 2, 0x18E4, 2, 0x2104, 1,
    0x39A8, 1, 0x20E3, 1, 0x2924, 1, 0x1082, 1,
    0x4000, 2, 0x4A27, 1, 0x10A3, 1, 0x3985, 1,
    0x20E3, 1, 0x18C5, 1, 0x0000, 1, 0x18C5, 73,
    0x18E4, 2, 0x18C3, 2, 0x18E4, 2, 0x6925, 2,
    0x39A8, 1, 0x18C5, 24, 0x18E4, 6, 0x2104, 1,
    0x18E4, 3, 0x2147, 1, 0x20E3, 1, 0x2924, 1,
    0x7B47, 1, 0x4104, 1, 0x4A27, 1, 0x2924, 1,
    0x20E3, 1, 0x6925, 1, 0x1082, 1, 0x18C5, 109,
    0x2104, 1, 0x18E4, 1, 0x2104, 1, 0x18E4, 4,
    0x2104, 1, 0x18E4, 2, 0x3985, 1, 0x1082, 1,
    0x2924, 1, 0x7B47, 1, 0x2924, 3, 0x6925, 1,
    0x18C5, 110, 0x2104, 4, 0x18E4, 2, 0x2104, 4,
    0x6925, 1, 0x2924, 1, 0x1082, 2, 0x20E3, 1,
    0x3985, 2, 0x18C5, 111, 0x18C3, 1, 0x2104, 4,
    0x18E4, 1, 0x2104, 4, 0x3985, 1, 0xA145, 1,
    0x2924, 1, 0x20E3, 2, 0xA145, 1, 0x3985, 1,
    0x18C5, 114, 0x18C3, 3, 0x2104, 1, 0x18E4, 1,
    0x18C3, 1, 0x2104, 1, 0x3985, 1, 0x6925, 1,
    0xA145, 1, 0x6925, 1, 0xA145, 2, 0x18C5, 119,
    0x18E4, 1, 0x18C3, 1, 0x18E4, 2, 0x18C3, 1,
    0x6925, 1, 0xA145, 1, 0x94D3, 1, 0x18C5, 4278,
    0x18C5, 5297, 0x9000, 4, 0x9083, 1, 0x632E, 3,
    0xB50B, 7, 0x632E, 1, 0x94D3, 1, 0x63B0, 1,
    0x18C5, 107, 0x7800, 1, 0x8000, 5, 0x2104, 1,
    0xB50B, 5, 0x632E, 1, 0xB50B, 2, 0x3A09, 1,
    0xB50B, 2, 0x63B0, 2, 0x632E, 1, 0x52CC, 1,
    0x632E, 2, 0x63B0, 1, 0x18C5, 99, 0x5000, 1,
    0x6000, 1, 0x5000, 4, 0x6000, 3, 0xB50B, 1,
    0x2924, 1, 0x18C3, 1, 0x52CC, 2, 0xB50B, 1,
    0x63B0, 2, 0x2924, 2, 0x8986, 2, 0x63B0, 1,
    0x632E, 1, 0x63B0, 1, 0x2147, 1, 0x63B0, 1,
    0x3A09, 4, 0x18C3, 1, 0x63B0, 2, 0x18C5, 94,
    0x6800, 10, 0x4000, 3, 0x5000, 1, 0x6000, 1,
    0x5000, 1, 0x4A27, 1, 0x732B, 5, 0x10A3, 2,
    0x6800, 2, 0x6862, 2, 0x6925, 5, 0x5ACA, 1,
    0x632E, 2, 0x18C5, 90, 0xA269, 1, 0x2147, 1,
    0x2104, 4, 0x8986, 3, 0x6800, 3, 0x5000, 1,
    0x6000, 3, 0x4000, 1, 0x5000, 2, 0x6000, 7,
    0x6800, 8, 0x7800, 3, 0x8986, 1, 0x632E, 1,
    0x7800, 1, 0x63B0, 1, 0xA488, 2, 0x632E, 1,
    0x2800, 1, 0x18C5, 81, 0x6800, 1, 0x42CC, 1,
    0x63B0, 3, 0x632E, 2, 0x42CC, 1, 0x6000, 1,
    0x52CC, 1, 0x42CC, 1, 0x2147, 1, 0x6800, 1,
    0x10A3, 1, 0x8986, 2, 0x6000, 5, 0x5000, 1,
    0x2800, 2, 0x6000, 7, 0x6800, 2, 0x6000, 1,
    0x9000, 2, 0xA269, 5, 0xA145, 1, 0x9083, 1,
    0x4A27, 1, 0x8BCA, 1, 0xA488, 1, 0xB50B, 1,
    0xA488, 1, 0xB50B, 1, 0xA488, 1, 0x8000, 1,
    0x18C5, 76, 0x5000, 1, 0x632E, 1, 0x63B0, 3,
    0x632E, 1, 0x42CC, 1, 0x6800, 1, 0x63B0, 2,
    0x42CC, 1, 0x6800, 1, 0x3A09, 1, 0x42CC, 1,
    0x632E, 1, 0x42CC, 2, 0x6000, 1, 0x18C3, 1,
    0x8986, 1, 0x6000, 1, 0x5000, 7, 0x6000, 3,
    0x9000, 1, 0xA269, 2, 0x94D3, 1, 0xA269, 1,
    0x39A8, 3, 0x2147, 1, 0x2104, 1, 0x2147, 1,
    0xA269, 1, 0xA145, 1, 0x9000, 1, 0x52CC, 1,
    0x8BCA, 1, 0xB50B, 3, 0x632E, 1, 0xB50B, 1,
    0x6862, 1, 0x8BCA, 1, 0x7B47, 1, 0xB50B, 1,
    0x18C5, 70, 0x6000, 1, 0x2147, 1, 0x63B0, 4,
    0x42CC, 1, 0x6800, 1, 0x63B0, 2, 0x632E, 1,
    0x42CC, 1, 0x6000, 1, 0x3A09, 1, 0x52CC, 1,
    0x632E, 2, 0x6000, 1, 0x3A09, 1, 0x42CC, 3,
    0x18E4, 1, 0x8986, 2, 0x5000, 4, 0x94D3, 1,
    0xA269, 2, 0x94D3, 2, 0x39A8, 4, 0x94D3, 5,
    0x63B0, 1, 0x39A8, 2, 0xA145, 1, 0x632E, 6,
    0xB50B, 3, 0x42CC, 2, 0x2924, 1, 0xB50B, 2,
    0x5000, 1, 0x6925, 1, 0x18C5, 64, 0x2147, 1,
    0x632E, 1, 0x63B0, 3, 0x632E, 1, 0x3A09, 1,
    0x63B0, 2, 0x52CC, 1, 0x42CC, 1, 0x6000, 1,
    0x3A09, 1, 0x52CC, 1, 0x632E, 2, 0x6000, 1,
    0x3A09, 1, 0x42CC, 1, 0x632E, 3, 0x42CC, 2,
    0x3A09, 1, 0x2104, 1, 0x8986, 1, 0x5000, 1,
    0x9000, 3, 0x18C3, 1, 0x18E4, 1, 0x2104, 1,
    0x2147, 1, 0x94D3, 10, 0x63B0, 1, 0x632E, 1,
    0x39A8, 1, 0xA269, 1, 0x632E, 2, 0xB50B, 1,
    0x632E, 3, 0x52CC, 1, 0xB50B, 3, 0x8BCA, 1,
    0x2924, 1, 0x8BCA, 2, 0x4A27, 1, 0xB50B, 1,
    0x8BCA, 1, 0x5000, 1, 0x6925, 1, 0xB50B, 1,
    0x18C5, 31, 0x8986, 1, 0x2800, 2, 0x18C5, 24,
    0x10A3, 1, 0x63B0, 4, 0x3A09, 1, 0x6000, 1,
    0x63B0, 2, 0x52CC, 1, 0x6000, 1, 0x3A09, 1,
    0x42CC, 1, 0x632E, 2, 0x6000, 1, 0x3A09, 1,
    0x42CC, 1, 0x632E, 5, 0x42CC, 1, 0x3A09, 1,
    0x10A3, 1, 0x5000, 1, 0x9000, 5, 0x7800, 1,
    0x2147, 1, 0x94D3, 8, 0x6CB4, 1, 0x94D3, 1,
    0x6CB4, 2, 0x94D3, 1, 0x63B0, 1, 0x632E, 2,
    0xA269, 1, 0x63B0, 1, 0xB50B, 2, 0x632E, 1,
    0x63B0, 1, 0x52CC, 2, 0x632E, 2, 0xB50B, 2,
    0x732B, 1, 0xB50B, 2, 0x5ACA, 1, 0xB50B, 1,
    0x63B0, 2, 0x2924, 1, 0x2800, 2, 0x63B0, 1,
    0x42CC, 1, 0x18C5, 27, 0x9083, 1, 0x8986, 3,
    0x2800, 2, 0x18C5, 13, 0x52CC, 1, 0x632E, 5,
    0x6000, 1, 0x52CC, 1, 0x63B0, 3, 0x632E, 1,
    0x3A09, 1, 0x6800, 1, 0x63B0, 1, 0x632E, 1,
    0x3A09, 1, 0x6000, 1, 0x3A09, 1, 0x42CC, 1,
    0x632E, 2, 0x6000, 1, 0x42CC, 1, 0x52CC, 3,
    0x632E, 2, 0x42CC, 1, 0x3A09, 1, 0x4000, 1,
    0x5000, 1, 0x9000, 1, 0x94D3, 3, 0x632E, 1,
    0x2147, 1, 0x9000, 2, 0x39A8, 1, 0x94D3, 9,
    0x6CB4, 5, 0x63B0, 1, 0x632E, 1, 0x39A8, 1,
    0xA145, 1, 0x63B0, 1, 0x632E, 3, 0x63B0, 2,
    0x632E, 5, 0x94D3, 1, 0x8986, 1, 0x2800, 2,
    0xA269, 1, 0x5000, 3, 0x4841, 2, 0x6862, 1,
    0x6925, 5, 0x6000, 1, 0x18C5, 21, 0x6862, 3,
    0x5000, 1, 0x8986, 2, 0x2800, 2, 0x18C5, 6,
    0x5ACA, 4, 0x52CC, 1, 0x632E, 3, 0x63B0, 1,
    0x632E, 1, 0x6000, 1, 0x42CC, 1, 0x63B0, 3,
    0x632E, 1, 0x3A09, 1, 0x63B0, 2, 0x632E, 1,
    0x3A09, 1, 0x6000, 1, 0x3A09, 1, 0x632E, 2,
    0x6000, 1, 0x3A09, 1, 0x42CC, 1, 0x52CC, 1,
    0x632E, 2, 0x52CC, 1, 0x42CC, 1, 0x18E4, 1,
    0x5000, 1, 0x9000, 3, 0x94D3, 1, 0x39A8, 2,
    0x632E, 1, 0x94D3, 1, 0x6CB4, 1, 0x2104, 1,
    0x9000, 2, 0x63B0, 1, 0x6CB4, 1, 0x94D3, 6,
    0x6CB4, 8, 0x632E, 1, 0x2147, 1, 0x2924, 2,
    0x5ACA, 3, 0x52CC, 1, 0x632E, 1, 0x8000, 1,
    0x2800, 2, 0x8986, 1, 0x6000, 1, 0x5000, 6,
    0x3A09, 4, 0x42CC, 1, 0x52CC, 2, 0x3A09, 3,
    0x6000, 1, 0x4841, 1, 0x18C5, 19, 0x8000, 4,
    0x632E, 1, 0x9083, 1, 0x8986, 3, 0x4000, 2,
    0x52CC, 9, 0x632E, 2, 0x6862, 1, 0x2147, 1,
    0x632E, 1, 0x63B0, 2, 0x632E, 1, 0x3A09, 1,
    0x6000, 1, 0x63B0, 2, 0x42CC, 1, 0x6000, 1,
    0x42CC, 1, 0x632E, 3, 0x6000, 1, 0x3A09, 1,
    0x42CC, 1, 0x632E, 4, 0x3A09, 1, 0x18C3, 1,
    0x5000, 1, 0x9000, 1, 0x94D3, 2, 0x2147, 1,
    0x52CC, 1, 0x632E, 1, 0x94D3, 3, 0x6CB4, 1,
    0x2147, 1, 0x9083, 2, 0x3A09, 1, 0x632E, 1,
    0x6CB4, 2, 0x94D3, 5, 0x6CB4, 5, 0x63B0, 3,
    0x39A8, 1, 0x6862, 1, 0x8986, 1, 0x18C3, 2,
    0x7800, 1, 0x18C3, 2, 0x8986, 1, 0x6000, 1,
    0x5000, 5, 0x3A09, 4, 0x42CC, 4, 0x7B47, 2,
    0x8BCA, 1, 0x52CC, 1, 0x3A09, 2, 0x6925, 2,
    0x7B47, 1, 0x18C5, 18, 0x8000, 4, 0x6CB4, 1,
    0x8000, 1, 0x9083, 3, 0x632E, 1, 0x8986, 2,
    0x632E, 1, 0x4000, 2, 0x52CC, 1, 0x6925, 3,
    0x6862, 2, 0x6800, 1, 0x2800, 1, 0x3A09, 1,
    0x63B0, 2, 0x632E, 1, 0x3A09, 1, 0x6000, 1,
    0x63B0, 2, 0x42CC, 1, 0x6000, 1, 0x42CC, 1,
    0x632E, 3, 0x3A09, 1, 0x632E, 5, 0x3A09, 1,
    0x10A3, 1, 0x5000, 1, 0x9000, 2, 0x94D3, 2,
    0x2104, 1, 0x63B0, 1, 0x6CB4, 1, 0x94D3, 2,
    0x6CB4, 3, 0x63B0, 1, 0x39A8, 1, 0x9083, 2,
    0x2147, 1, 0x63B0, 1, 0x94D3, 2, 0x6CB4, 4,
    0x94D3, 1, 0x63B0, 7, 0x39A8, 1, 0x5000, 1,
    0x9000, 1, 0x8986, 3, 0x6000, 1, 0x4841, 1,
    0x5000, 5, 0x39A8, 1, 0x3A09, 4, 0x632E, 4,
    0x63B0, 3, 0x2924, 1, 0x63B0, 2, 0x2104, 1,
    0x4841, 2, 0x4062, 1, 0x7B47, 1, 0x18C5, 17,
    0x6000, 4, 0x2147, 1, 0x6000, 1, 0x8000, 3,
    0x7800, 2, 0x8986, 4, 0x42CC, 1, 0x8986, 1,
    0x632E, 1, 0x4000, 2, 0x6800, 1, 0x2924, 1,
    0x3A09, 1, 0x42CC, 1, 0x632E, 1, 0x42CC, 1,
    0x6000, 1, 0x63B0, 2, 0x632E, 1, 0x42CC, 1,
    0x6000, 1, 0x632E, 3, 0x6000, 1, 0x3A09, 1,
    0x632E, 5, 0x3A09, 1, 0x4000, 1, 0x9000, 3,
    0x94D3, 1, 0x39A8, 1, 0x63B0, 1, 0x6CB4, 1,
    0x94D3, 3, 0x63B0, 2, 0x632E, 1, 0x63B0, 2,
    0x39A8, 1, 0x2104, 1, 0x9000, 2, 0x632E, 1,
    0x63B0, 1, 0x6CB4, 1, 0x63B0, 5, 0x632E, 4,
    0x2800, 1, 0x4841, 1, 0x10A3, 1, 0x2800, 1,
    0x94D3, 1, 0xA269, 1, 0x9083, 1, 0x4104, 3,
    0x4841, 2, 0x3A09, 3, 0x63B0, 4, 0x632E, 3,
    0x3985, 2, 0x2924, 3, 0x39A8, 1, 0x9083, 1,
    0x6925, 1, 0x6000, 1, 0x6862, 1, 0x6800, 2,
    0x6000, 1, 0x6800, 1, 0x10A3, 1, 0x18C5, 16,
    0x5000, 1, 0x2800, 2, 0x4000, 1, 0x7800, 2,
    0x6000, 1, 0x8000, 2, 0x7800, 2, 0x8000, 2,
    0x9083, 2, 0x2147, 1, 0x8986, 5, 0x2147, 1,
    0x4000, 1, 0x8986, 5, 0x4000, 2, 0x3A09, 1,
    0x42CC, 1, 0x632E, 2, 0x6000, 1, 0x3A09, 1,
    0x632E, 3, 0x42CC, 1, 0x3A09, 2, 0x9000, 5,
    0x2104, 1, 0x632E, 1, 0x63B0, 1, 0x3985, 1,
    0x632E, 1, 0x63B0, 2, 0x2104, 1, 0x4841, 1,
    0x2104, 1, 0x5000, 1, 0x2104, 1, 0x2147, 1,
    0x39A8, 1, 0x9000, 3, 0x632E, 1, 0x63B0, 1,
    0x10A3, 2, 0x632E, 2, 0x10A3, 2, 0x2800, 3,
    0x632E, 2, 0x5ACA, 4, 0x3A09, 3, 0x52CC, 3,
    0x5ACA, 2, 0x632E, 5, 0x5ACA, 1, 0x42CC, 1,
    0x63B0, 1, 0x39A8, 1, 0x63B0, 1, 0x39A8, 1,
    0x9083, 2, 0x4A27, 1, 0x3985, 1, 0x4A27, 1,
    0x8986, 1, 0x6925, 1, 0x10A3, 1, 0x6000, 2,
    0x6800, 2, 0x18C5, 17, 0x7800, 1, 0x5000, 1,
    0x6000, 1, 0x7800, 1, 0x2147, 1, 0x6000, 1,
    0x5000, 1, 0x6000, 1, 0x7800, 1, 0x2147, 1,
    0x8000, 4, 0x2147, 1, 0x7800, 1, 0x9083, 3,
    0x8986, 1, 0x632E, 1, 0x9083, 1, 0x8986, 3,
    0x6800, 1, 0x8986, 4, 0x4000, 1, 0x6000, 1,
    0x3A09, 1, 0x42CC, 1, 0x632E, 2, 0x42CC, 2,
    0x18C3, 1, 0x5000, 1, 0x9000, 1, 0x9083, 2,
    0x63B0, 1, 0xA269, 1, 0x94D3, 1, 0x39A8, 1,
    0x3985, 2, 0x94D3, 3, 0x63B0, 6, 0x632E, 3,
    0xA269, 2, 0x632E, 3, 0x6925, 1, 0x3A09, 2,
    0x39A8, 3, 0x3A09, 2, 0x632E, 3, 0x52CC, 9,
    0x632E, 1, 0x5ACA, 1, 0x632E, 1, 0x94D3, 2,
    0x63B0, 1, 0x6CB4, 1, 0x63B0, 3, 0x39A8, 1,
    0x9083, 2, 0x9000, 1, 0x2924, 1, 0x10A3, 1,
    0x20E3, 2, 0x3985, 1, 0x6925, 1, 0x4A27, 1,
    0x18C5, 2, 0x6800, 2, 0x18C5, 17, 0x7800, 1,
    0x2800, 3, 0x7B47, 1, 0x2800, 1, 0x4000, 1,
    0x5000, 1, 0x2800, 1, 0x632E, 1, 0x2800, 1,
    0x6000, 2, 0x7800, 2, 0x2147, 1, 0x8000, 4,
    0x2147, 1, 0x8000, 2, 0x9083, 2, 0x632E, 1,
    0x2147, 1, 0x9083, 4, 0x10A3, 1, 0x18C3, 1,
    0x3A09, 3, 0x2104, 1, 0x4000, 1, 0x9000, 2,
    0x8986, 1, 0xA269, 1, 0x52CC, 1, 0x632E, 2,
    0x63B0, 2, 0x94D3, 1, 0x63B0, 2, 0x3A09, 1,
    0x18E4, 1, 0x4A27, 1, 0x3A09, 1, 0x18E4, 1,
    0x39A8, 4, 0x3A09, 3, 0x6925, 1, 0x3A09, 2,
    0x42CC, 1, 0x52CC, 16, 0x94D3, 6, 0x63B0, 9,
    0x7800, 1, 0x9000, 1, 0x10A3, 1, 0x2924, 3,
    0x10A3, 1, 0x20E3, 1, 0x3985, 1, 0x6925, 1,
    0x18C5, 2, 0x6800, 2, 0x18C5, 16, 0x7800, 1,
    0x4000, 1, 0x0862, 1, 0x3985, 1, 0x0862, 1,
    0x2800, 5, 0x42CC, 1, 0x8986, 2, 0x2800, 1,
    0x4000, 1, 0x5000, 1, 0x2147, 1, 0x6000, 2,
    0x7800, 1, 0x8000, 1, 0x2147, 1, 0x7800, 1,
    0x8000, 3, 0x7800, 1, 0x2147, 1, 0x8000, 4,
    0x6000, 1, 0x6800, 3, 0x5000, 1, 0x8000, 1,
    0x9083, 1, 0x632E, 2, 0x63B0, 2, 0x632E, 2,
    0x6925, 4, 0x18C3, 2, 0x2104, 1, 0x6862, 1,
    0x18C3, 2, 0x7B47, 2, 0x4A27, 1, 0x39A8, 1,
    0x4A27, 1, 0x18E4, 1, 0x39A8, 1, 0x6925, 1,
    0x18E4, 1, 0x6925, 2, 0x3A09, 1, 0x5ACA, 2,
    0x8986, 1, 0x5ACA, 1, 0x52CC, 2, 0x42CC, 1,
    0x52CC, 1, 0x94D3, 11, 0xA269, 2, 0x63B0, 1,
    0xA145, 3, 0x39A8, 1, 0x63B0, 2, 0x2147, 4,
    0x10A3, 1, 0x7B47, 2, 0x3985, 1, 0x4A27, 1,
    0x7B47, 1, 0x20E3, 2, 0x3985, 1, 0x2924, 1,
    0x18C5, 2, 0x6800, 1, 0x5000, 1, 0x18C5, 15,
    0x6000, 1, 0x2800, 1, 0x10A3, 1, 0x4A27, 1,
    0x10A3, 1, 0x4062, 2, 0x0862, 1, 0x2800, 2,
    0xA488, 1, 0x2800, 5, 0x6CB4, 1, 0x2800, 1,
    0x5000, 1, 0x4000, 2, 0x7800, 1, 0x2147, 1,
    0x8000, 4, 0x2147, 1, 0x6000, 1, 0x8000, 6,
    0x9083, 4, 0x18C3, 2, 0x39A8, 2, 0x18C3, 1,
    0x4841, 1, 0x4000, 1, 0x4062, 2, 0x4000, 1,
    0x10A3, 1, 0x18C3, 1, 0x10A3, 4, 0x2924, 1,
    0x7B47, 2, 0x8BCA, 1, 0x7B47, 1, 0xDE0C, 2,
    0x8BCA, 1, 0xB50B, 1, 0x8BCA, 1, 0x39A8, 2,
    0x63B0, 4, 0x94D3, 3, 0xFECD, 1, 0x94D3, 10,
    0xA145, 1, 0xA269, 1, 0x94D3, 1, 0xA269, 1,
    0x94D3, 3, 0x39A8, 1, 0x2147, 2, 0x18C3, 3,
    0x10A3, 1, 0x2924, 1, 0x4A27, 1, 0x20E3, 1,
    0x4000, 2, 0x3985, 1, 0x7B47, 1, 0x20E3, 1,
    0x3985, 2, 0x18C5, 2, 0x6000, 1, 0x5000, 1,
    0x18C5, 15, 0x7800, 1, 0x2800, 1, 0x10A3, 1,
    0x4A27, 1, 0x10A3, 1, 0x2924, 1, 0x7800, 1,
    0x2924, 1, 0x4062, 1, 0x2800, 7, 0x18E4, 1,
    0x2800, 3, 0x8986, 2, 0x2147, 1, 0x2800, 2,
    0x6000, 1, 0x5000, 1, 0x94D3, 1, 0x6000, 3,
    0x7800, 1, 0x8000, 1, 0x6000, 1, 0x5000, 1,
    0x4841, 3, 0x4000, 2, 0x10A3, 1, 0x18C3, 4,
    0x2924, 1, 0x20E3, 1, 0x18A2, 1, 0x20E3, 2,
    0x3985, 2, 0x7B47, 1, 0xA488, 2, 0x7B47, 1,
    0x5ACA, 1, 0xA488, 1, 0xB50B, 5, 0xDE0C, 2,
    0xB50B, 2, 0x63B0, 1, 0x632E, 1, 0xA269, 2,
    0x94D3, 1, 0xFECD, 6, 0x94D3, 3, 0xA269, 4,
    0xA145, 1, 0x94D3, 6, 0x39A8, 1, 0x7B47, 2,
    0x2147, 2, 0x2924, 2, 0x7B47, 1, 0x20E3, 2,
    0x0862, 1, 0x20E3, 1, 0x4000, 1, 0x4A27, 1,
    0x2924, 2, 0x3985, 1, 0x18C5, 2, 0x6000, 1,
    0x5000, 1, 0x18C5, 15, 0x7800, 1, 0x2800, 1,
    0x3985, 1, 0xA488, 1, 0x10A3, 1, 0x0862, 1,
    0x6862, 1, 0x4062, 2, 0x0862, 2, 0x2800, 1,
    0x7B47, 1, 0x2800, 1, 0x4104, 1, 0x2800, 1,
    0x3985, 1, 0x2800, 5, 0x2104, 1, 0x2800, 1,
    0x4000, 3, 0x2147, 1, 0x4000, 1, 0x7800, 1,
    0x5000, 1, 0x4000, 1, 0x5000, 1, 0x8000, 1,
    0x4000, 4, 0x20E3, 3, 0x18A2, 2, 0x2924, 1,
    0x4A27, 1, 0xA488, 3, 0x7B47, 2, 0xA488, 8,
    0xB50B, 3, 0xDE0C, 6, 0x63B0, 4, 0x94D3, 1,
    0xFECD, 7, 0x3A09, 1, 0xA269, 2, 0xA145, 3,
    0xA801, 1, 0x94D3, 4, 0x63B0, 2, 0x4841, 1,
    0x2147, 1, 0x7B47, 1, 0x39A8, 2, 0x20E3, 1,
    0x2924, 1, 0x4000, 1, 0x20E3, 1, 0x10A3, 2,
    0x0862, 1, 0x20E3, 1, 0x3985, 1, 0x2924, 2,
    0x4A27, 1, 0x20E3, 1, 0x18C5, 1, 0x6000, 2,
    0x18C5, 15, 0x7800, 1, 0x5000, 1, 0x2800, 1,
    0xA488, 1, 0x7B47, 1, 0x0862, 1, 0x6862, 1,
    0x4062, 1, 0x0862, 2, 0x10A3, 1, 0x2800, 1,
    0xA488, 1, 0x7B47, 1, 0xA488, 1, 0x7B47, 1,
    0xA488, 2, 0x2800, 1, 0x4104, 1, 0x2800, 2,
    0x7B47, 1, 0x2800, 2, 0x4000, 1, 0x2800, 1,
    0x10A3, 1, 0xA488, 1, 0x2800, 1, 0x6000, 1,
    0x5000, 1, 0x2800, 1, 0x5000, 1, 0x6000, 1,
    0x2800, 1, 0x18A2, 1, 0x20E3, 1, 0x7B47, 4,
    0xA488, 17, 0xB50B, 1, 0xDE0C, 5, 0xB50B, 1,
    0x63B0, 1, 0xDE0C, 2, 0xFECD, 1, 0xB50B, 1,
    0x63B0, 1, 0xFECD, 2, 0x94D3, 2, 0xFECD, 3,
    0xB50B, 1, 0x3A09, 1, 0xB50B, 1, 0x2147, 1,
    0xA801, 3, 0x2147, 1, 0x6CB4, 1, 0x63B0, 1,
    0x94D3, 1, 0x39A8, 1, 0x2147, 4, 0x632E, 1,
    0x39A8, 1, 0x2924, 1, 0x7B47, 1, 0x20E3, 1,
    0x0862, 1, 0x20E3, 2, 0x10A3, 1, 0x20E3, 2,
    0x2924, 1, 0x20E3, 1, 0x3985, 1, 0x20E3, 1,
    0x18C5, 2, 0x6000, 1, 0x18C5, 15, 0x8000, 1,
    0x5000, 1, 0x4062, 1, 0x4A27, 2, 0x0862, 1,
    0x6862, 1, 0x4062, 1, 0x0862, 1, 0x2800, 1,
    0x10A3, 1, 0x0862, 1, 0x2800, 1, 0x4A27, 1,
    0x4104, 1, 0xA488, 1, 0xB50B, 3, 0x4A27, 1,
    0x8BCA, 1, 0xA488, 1, 0x2800, 1, 0x4000, 1,
    0x2800, 1, 0x0862, 1, 0x2800, 1, 0x0862, 1,
    0x2800, 4, 0x8000, 1, 0x2800, 1, 0x6000, 1,
    0x4000, 1, 0x3985, 1, 0x7B47, 2, 0xA488, 1,
    0x7B47, 1, 0xA488, 17, 0xB50B, 1, 0xDE0C, 6,
    0x8BCA, 1, 0xFECD, 1, 0xDE0C, 1, 0xFECD, 3,
    0x94D3, 1, 0xFECD, 2, 0x94D3, 1, 0x3A09, 1,
    0x6CB4, 1, 0xFECD, 2, 0xDE0C, 2, 0xFECD, 1,
    0x7B47, 1, 0x2147, 1, 0x9000, 1, 0xA801, 1,
    0x7800, 1, 0x6CB4, 1, 0x39A8, 2, 0x2147, 1,
    0x39A8, 1, 0x2147, 1, 0x632E, 1, 0x63B0, 1,
    0x39A8, 2, 0x2924, 1, 0x10A3, 1, 0x20E3, 1,
    0x10A3, 3, 0x20E3, 2, 0x7800, 1, 0xA488, 1,
    0x2924, 1, 0x4A27, 1, 0x20E3, 1, 0x18C5, 2,
    0x6000, 1, 0x18C5, 15, 0x6862, 1, 0xA145, 2,
    0x6862, 3, 0x18E4, 2, 0x10A3, 1, 0x2924, 1,
    0x18C3, 2, 0x2800, 1, 0xA488, 1, 0x7B47, 2,
    0x2924, 1, 0xA488, 1, 0x4A27, 1, 0xA488, 1,
    0x4104, 1, 0x7B47, 1, 0x4000, 1, 0x2800, 1,
    0x0862, 1, 0x2800, 1, 0x4062, 1, 0x2800, 1,
    0x7800, 1, 0x0862, 1, 0x3985, 1, 0x2800, 2,
    0x8000, 1, 0x2800, 1, 0x8000, 1, 0x5000, 1,
    0x3985, 1, 0x7B47, 2, 0x732B, 1, 0xB50B, 1,
    0xA488, 13, 0xDE0C, 2, 0x0000, 1, 0xB50B, 3,
    0xDE0C, 5, 0xFECD, 2, 0x94D3, 1, 0xFECD, 2,
    0xB50B, 1, 0xFECD, 2, 0x94D3, 1, 0x3A09, 1,
    0x63B0, 1, 0xDE0C, 2, 0xB50B, 1, 0xFECD, 3,
    0x7B47, 1, 0x4841, 1, 0x4062, 1, 0x6000, 1,
    0x39A8, 1, 0x63B0, 1, 0x2147, 2, 0x4841, 2,
    0x39A8, 3, 0x3985, 1, 0x2924, 1, 0x10A3, 2,
    0x18C3, 1, 0x10A3, 2, 0x6000, 1, 0x10A3, 1,
    0x20E3, 1, 0x4A27, 1, 0x20E3, 1, 0x3985, 1,
    0x18C5, 3, 0x6000, 1, 0x18C5, 15, 0x6862, 1,
    0x6000, 2, 0x6862, 3, 0xA145, 1, 0x2104, 3,
    0x18E4, 2, 0x4062, 1, 0x4104, 1, 0x6925, 1,
    0x20E3, 1, 0xA488, 2, 0x4A27, 1, 0x8BCA, 1,
    0x4062, 1, 0xA488, 1, 0x3985, 1, 0x2800, 1,
    0x10A3, 1, 0x0862, 1, 0x4062, 2, 0x6862, 1,
    0x4062, 1, 0x10A3, 1, 0x7B47, 1, 0x2800, 1,
    0x6000, 1, 0x8000, 2, 0x4841, 1, 0x2147, 1,
    0x8BCA, 1, 0x5ACA, 1, 0x732B, 1, 0x6925, 1,
    0x5ACA, 1, 0xB50B, 1, 0x8BCA, 1, 0x7B47, 1,
    0xA488, 1, 0xB50B, 1, 0xA488, 2, 0xB50B, 3,
    0xA488, 1, 0xB50B, 1, 0x18C5, 2, 0x18C3, 2,
    0x0000, 2, 0xDE0C, 1, 0xB50B, 1, 0xDE0C, 3,
    0x2147, 1, 0x63B0, 1, 0x1082, 1, 0xFECD, 2,
    0x8BCA, 1, 0xFECD, 1, 0xDE0C, 1, 0xFECD, 1,
    0x6CB4, 1, 0x94D3, 1, 0xB50B, 1, 0xDE0C, 1,
    0xB50B, 1, 0xFECD, 4, 0x7B47, 1, 0x3985, 1,
    0x6000, 1, 0x2147, 1, 0x39A8, 1, 0x632E, 1,
    0x39A8, 2, 0x2147, 1, 0x39A8, 1, 0x2147, 2,
    0x3985, 1, 0x2924, 1, 0x7B47, 1, 0x6000, 1,
    0x20E3, 1, 0x10A3, 3, 0x20E3, 1, 0x4000, 1,
    0x7B47, 1, 0x20E3, 1, 0x4A27, 1, 0x18C5, 3,
    0x6000, 1, 0x18C5, 14, 0x6862, 2, 0x6000, 2,
    0x6862, 4, 0x6925, 1, 0x6862, 2, 0xA145, 2,
    0x6862, 1, 0x5ACA, 1, 0xA488, 3, 0xB50B, 1,
    0x4104, 1, 0x4A27, 1, 0x2104, 1, 0x7B47, 1,
    0x4062, 1, 0x2800, 1, 0x0862, 1, 0x10A3, 1,
    0x0862, 1, 0x2800, 1, 0x4062, 1, 0x2924, 1,
    0x10A3, 1, 0x7B47, 1, 0x0862, 1, 0x2800, 1,
    0x6800, 1, 0x8000, 1, 0x6000, 1, 0xB50B, 1,
    0xA269, 1, 0x8986, 1, 0x9083, 1, 0x8986, 1,
    0x7B47, 1, 0xB50B, 2, 0x7B47, 1, 0xA488, 1,
    0xB50B, 1, 0xA488, 4, 0xB50B, 2, 0x10A3, 3,
    0x2147, 1, 0x2104, 1, 0x18E4, 1, 0x18C3, 1,
    0x0000, 3, 0xDE0C, 1, 0xFECD, 1, 0x20E3, 1,
    0x0000, 1, 0xFECD, 1, 0xDE0C, 1, 0xFECD, 1,
    0xA488, 1, 0xFECD, 1, 0xB50B, 1, 0xDE0C, 5,
    0xA488, 1, 0xFECD, 5, 0x7B47, 1, 0x4062, 1,
    0x18C3, 1, 0x2147, 6, 0x39A8, 1, 0x2104, 1,
    0x2924, 1, 0x3985, 2, 0x20E3, 2, 0x10A3, 1,
    0x20E3, 1, 0x10A3, 1, 0x20E3, 1, 0x10A3, 1,
    0x2924, 2, 0x3985, 1, 0x18C5, 2, 0x5000, 1,
    0x18C5, 16, 0x9083, 2, 0x4841, 1, 0x6862, 5,
    0x6925, 1, 0x4A27, 2, 0x3A09, 1, 0x6862, 3,
    0xA145, 1, 0xA488, 3, 0xDE0C, 1, 0xA488, 2,
    0x3985, 1, 0x4000, 1, 0x18C3, 2, 0x2800, 2,
    0x6862, 1, 0x4062, 1, 0x0862, 1, 0x7B47, 2,
    0x2800, 1, 0x6000, 1, 0x2147, 1, 0xDE0C, 1,
    0xB50B, 1, 0x9083, 1, 0xA269, 2, 0x8986, 1,
    0xB50B, 1, 0x7B47, 1, 0xB50B, 1, 0x7B47, 1,
    0xA488, 5, 0xB50B, 2, 0x10A3, 3, 0x63B0, 1,
    0x3A09, 1, 0x6925, 1, 0xA145, 1, 0x6925, 2,
    0x3985, 1, 0x0000, 1, 0xFECD, 4, 0xB50B, 1,
    0xFECD, 1, 0xA488, 2, 0xDE0C, 1, 0xA488, 2,
    0xDE0C, 2, 0x39A8, 1, 0x2147, 1, 0xDE0C, 1,
    0xFECD, 5, 0xDE0C, 1, 0x7B47, 1, 0x3985, 1,
    0x4841, 1, 0x4062, 1, 0x18C3, 1, 0x2147, 4,
    0x3A09, 1, 0x3985, 1, 0x2924, 1, 0x4A27, 1,
    0x20E3, 1, 0x10A3, 1, 0x20E3, 1, 0x10A3, 1,
    0x20E3, 2, 0x7B47, 1, 0x2924, 1, 0x3985, 2,
    0x18C5, 2, 0x4000, 1, 0x18C5, 16, 0x8000, 1,
    0x4841, 1, 0x2924, 3, 0x9083, 1, 0x4841, 2,
    0x6925, 1, 0x4A27, 1, 0x3A09, 4, 0x42CC, 3,
    0x6862, 1, 0x6000, 1, 0xA145, 2, 0xA488, 2,
    0x6862, 1, 0x18E4, 3, 0x2800, 1, 0x4062, 1,
    0x6862, 1, 0x0862, 1, 0x7B47, 1, 0xA488, 1,
    0x2800, 1, 0x6000, 1, 0x7800, 1, 0xDE0C, 1,
    0xA488, 1, 0xB50B, 1, 0xFECD, 1, 0xB50B, 2,
    0x732B, 1, 0x7B47, 1, 0xB50B, 1, 0x7B47, 1,
    0xA488, 6, 0x1082, 3, 0x3985, 1, 0xA145, 1,
    0x3985, 1, 0x4A27, 1, 0xA145, 1, 0x4A27, 1,
    0x8986, 1, 0x6925, 1, 0x3985, 1, 0x0000, 1,
    0xFECD, 1, 0xDE0C, 1, 0xA488, 1, 0xDE0C, 1,
    0xA488, 1, 0xDE0C, 1, 0xA488, 1, 0xDE0C, 1,
    0x7B47, 1, 0xA488, 1, 0x39A8, 2, 0x20E3, 1,
    0xA488, 1, 0xFECD, 2, 0xDE0C, 1, 0xFECD, 3,
    0xDE0C, 1, 0xA488, 1, 0x7B47, 1, 0x4000, 1,
    0x4841, 2, 0x6000, 1, 0x2147, 1, 0x39A8, 1,
    0x4841, 1, 0x39A8, 1, 0x3985, 1, 0x2924, 1,
    0x7B47, 1, 0x10A3, 1, 0x20E3, 2, 0x10A3, 1,
    0x20E3, 1, 0x10A3, 1, 0x2924, 1, 0x10A3, 1,
    0xA145, 1, 0x3985, 1, 0x18C5, 2, 0x2800, 1,
    0x18C5, 17, 0x6925, 1, 0x2800, 1, 0x4841, 2,
    0xA488, 1, 0x6862, 2, 0x6925, 1, 0x9000, 1,
    0x9083, 1, 0x4841, 2, 0x3A09, 2, 0x42CC, 1,
    0x3A09, 3, 0x42CC, 3, 0x6862, 2, 0xA145, 1,
    0x2104, 4, 0x18E4, 2, 0x4A27, 1, 0xA488, 1,
    0x2800, 2, 0x7800, 1, 0xDE0C, 1, 0xA488, 1,
    0x7B47, 1, 0xB50B, 1, 0x732B, 1, 0xB50B, 4,
    0x7B47, 2, 0xA488, 3, 0x10A3, 1, 0x1082, 1,
    0x10A3, 1, 0x1082, 1, 0xA145, 1, 0x6925, 1,
    0x8986, 1, 0x2924, 2, 0x20E3, 1, 0x2924, 2,
    0x6925, 1, 0x3985, 1, 0x2924, 1, 0xFECD, 1,
    0x39A8, 1, 0xDE0C, 1, 0xA488, 1, 0xDE0C, 1,
    0x39A8, 1, 0xA488, 1, 0xDE0C, 1, 0xA801, 2,
    0x20E3, 2, 0xFECD, 4, 0xDE0C, 4, 0xA488, 3,
    0x4062, 2, 0x4841, 2, 0x10A3, 1, 0x2104, 1,
    0x4841, 1, 0x2104, 1, 0x3985, 1, 0x20E3, 1,
    0x2924, 1, 0x10A3, 1, 0x4000, 1, 0x20E3, 2,
    0x4000, 1, 0x4A27, 1, 0x20E3, 1, 0x4A27, 1,
    0x3985, 1, 0x1082, 1, 0x18C5, 1, 0x2800, 1,
    0x18C5, 18, 0x8000, 1, 0x2800, 4, 0xB50B, 5,
    0x6862, 3, 0x9083, 1, 0x4841, 2, 0x3A09, 2,
    0x42CC, 1, 0x3A09, 5, 0x4A27, 1, 0x6862, 3,
    0xA145, 1, 0x6862, 3, 0x18E4, 1, 0x4062, 1,
    0x8000, 1, 0xDE0C, 1, 0xB50B, 1, 0xA488, 1,
    0xB50B, 3, 0x8986, 1, 0xB50B, 1, 0x7B47, 1,
    0xA488, 4, 0x10A3, 4, 0x20E3, 1, 0x6925, 2,
    0x10A3, 1, 0x20E3, 1, 0x2924, 2, 0x10A3, 1,
    0x1082, 1, 0x4A27, 1, 0xA145, 1, 0x3985, 1,
    0xFECD, 1, 0x3A09, 1, 0xA488, 1, 0x63B0, 1,
    0x39A8, 1, 0x20E3, 1, 0xFECD, 1, 0x94D3, 1,
    0x9083, 1, 0xA801, 1, 0xDE0C, 1, 0xFECD, 1,
    0xA488, 3, 0xDE0C, 1, 0xA488, 6, 0x7B47, 2,
    0x3985, 1, 0x4841, 2, 0x39A8, 1, 0x4841, 1,
    0x18C3, 1, 0x18E4, 1, 0x4A27, 1, 0x2924, 3,
    0x3985, 2, 0x10A3, 1, 0x7B47, 1, 0x2924, 1,
    0x20E3, 1, 0x6925, 1, 0x3985, 1, 0x18C5, 22,
    0x8000, 1, 0x2800, 4, 0xB50B, 8, 0x6000, 1,
    0x6862, 1, 0x6000, 1, 0x9083, 2, 0x4841, 2,
    0x3A09, 3, 0x4A27, 1, 0x6925, 3, 0x6862, 4,
    0xA145, 2, 0x8000, 1, 0x2147, 1, 0xDE0C, 1,
    0xA269, 1, 0x9083, 1, 0xA269, 2, 0x8986, 1,
    0x7B47, 1, 0xA488, 5, 0x1082, 3, 0x2924, 1,
    0xA145, 1, 0x3985, 1, 0x10A3, 1, 0x2924, 2,
    0x4A27, 1, 0x2924, 1, 0x7B47, 1, 0x20E3, 1,
    0x10A3, 1, 0x8986, 1, 0x3985, 1, 0xDE0C, 1,
    0x3A09, 1, 0x7B47, 1, 0x3A09, 1, 0x20E3, 1,
    0xFECD, 2, 0x39A8, 1, 0xA801, 1, 0x9083, 1,
    0x39A8, 1, 0x3A09, 1, 0x3985, 2, 0x2147, 1,
    0xA488, 1, 0x3985, 1, 0x4A27, 1, 0xA488, 1,
    0x7B47, 5, 0x3985, 1, 0x4841, 3, 0x6000, 1,
    0x18E4, 1, 0x18C3, 1, 0x2147, 1, 0x3985, 1,
    0x10A3, 1, 0x2924, 2, 0x7B47, 1, 0x2924, 2,
    0x20E3, 1, 0x3985, 1, 0xA145, 1, 0x20E3, 1,
    0x18C5, 24, 0x6862, 1, 0x7800, 2, 0x2800, 2,
    0xA488, 1, 0x7B47, 1, 0xA488, 1, 0xB50B, 5,
    0xA488, 1, 0xB50B, 2, 0x6862, 2, 0x2924, 1,
    0x9083, 1, 0x9000, 1, 0x4841, 1, 0x6925, 1,
    0x6862, 6, 0x6000, 2, 0x6862, 1, 0x6000, 1,
    0x39A8, 1, 0x94D3, 1, 0xA269, 1, 0x8986, 2,
    0xB50B, 1, 0xA488, 5, 0x10A3, 4, 0x4A27, 1,
    0x8986, 1, 0x2924, 3, 0x10A3, 3, 0x4A27, 1,
    0x2924, 2, 0x3985, 2, 0x2924, 1, 0xA488, 1,
    0xA801, 1, 0x3A09, 1, 0xFECD, 1, 0xA488, 2,
    0x2147, 1, 0xA269, 1, 0x9083, 1, 0x8986, 1,
    0x6925, 2, 0x9083, 1, 0x2147, 1, 0x4A27, 1,
    0x4062, 2, 0x4A27, 1, 0x3985, 1, 0x4A27, 1,
    0x7B47, 1, 0x4A27, 3, 0x4000, 2, 0x4841, 2,
    0x18E4, 3, 0xA145, 1, 0x2924, 2, 0x10A3, 2,
    0x20E3, 1, 0x2924, 1, 0x3985, 1, 0x6925, 1,
    0x18C5, 27, 0x7800, 2, 0x6800, 1, 0x7800, 1,
    0x6000, 1, 0x6800, 1, 0x2800, 2, 0xA488, 3,
    0xB50B, 9, 0x6862, 2, 0x9083, 2, 0x4841, 2,
    0x6000, 3, 0x6862, 2, 0x7800, 1, 0x8000, 1,
    0x2147, 1, 0x39A8, 1, 0xB50B, 2, 0xA488, 6,
    0x10A3, 4, 0x8986, 1, 0x2924, 3, 0x10A3, 1,
    0x20E3, 1, 0x4000, 1, 0x20E3, 1, 0x10A3, 1,
    0x4A27, 1, 0x2924, 2, 0x3985, 2, 0xA488, 1,
    0xA801, 1, 0x8986, 1, 0xA488, 1, 0x3985, 1,
    0x7B47, 1, 0x18C3, 1, 0x3985, 1, 0x9083, 2,
    0x2147, 3, 0x7B47, 1, 0x4A27, 1, 0x4062, 2,
    0x4000, 1, 0x4062, 1, 0x3985, 2, 0x4062, 1,
    0x3985, 2, 0x0862, 1, 0x10A3, 1, 0x2147, 1,
    0x18E4, 2, 0x2104, 1, 0x18E4, 1, 0x2924, 1,
    0xA145, 1, 0x3985, 1, 0x6925, 1, 0x2924, 1,
    0x3985, 1, 0x4A27, 1, 0xA145, 1, 0x18C5, 30,
    0x7800, 1, 0x6800, 1, 0x7800, 1, 0x6000, 6,
    0x2800, 2, 0x7B47, 1, 0xA488, 2, 0xB50B, 8,
    0x2924, 3, 0x9083, 1, 0x8986, 1, 0x6862, 1,
    0x6000, 2, 0x8000, 1, 0x9000, 1, 0x18C3, 1,
    0x4A27, 1, 0xA488, 6, 0x7B47, 1, 0x10A3, 3,
    0xA145, 1, 0x8986, 1, 0x2924, 2, 0x7B47, 1,
    0x20E3, 2, 0x0862, 1, 0x20E3, 2, 0x10A3, 1,
    0x2924, 3, 0x3985, 1, 0x20E3, 1, 0x3A09, 1,
    0x9083, 1, 0x3A09, 1, 0x9083, 1, 0x2147, 1,
    0x4A27, 1, 0x2147, 2, 0x1082, 2, 0x10A3, 1,
    0x1082, 1, 0x7B47, 1, 0x4A27, 1, 0x4062, 1,
    0x4000, 6, 0x1082, 1, 0x4062, 2, 0x10A3, 1,
    0x2147, 1, 0x18C5, 1, 0x18C3, 3, 0x18E4, 1,
    0x6925, 1, 0x4A27, 1, 0x6925, 1, 0x8986, 1,
    0x4A27, 1, 0x6925, 1, 0x18C5, 32, 0x18C3, 1,
    0x7800, 1, 0x6000, 9, 0x6800, 2, 0x2800, 2,
    0xA488, 2, 0xB50B, 4, 0x7B47, 1, 0x2800, 1,
    0x4841, 2, 0x4104, 1, 0xA801, 1, 0x6000, 3,
    0x8000, 1, 0x5000, 1, 0xA488, 7, 0x10A3, 4,
    0x6925, 1, 0x3985, 1, 0x20E3, 1, 0x2924, 1,
    0x4000, 1, 0x20E3, 2, 0x10A3, 1, 0x0862, 1,
    0x10A3, 1, 0x20E3, 1, 0x10A3, 1, 0x2924, 2,
    0x4A27, 1, 0x20E3, 1, 0x2104, 1, 0x6925, 1,
    0x2147, 2, 0x1082, 1, 0x18C3, 1, 0x1082, 1,
    0x4062, 2, 0x3985, 2, 0x4A27, 2, 0x3985, 1,
    0x4062, 1, 0x4000, 4, 0x10A3, 1, 0x4062, 1,
    0x4000, 1, 0x1082, 1, 0x10A3, 1, 0x2147, 1,
    0x2104, 1, 0x18C5, 8, 0x18E4, 1, 0x3A09, 1,
    0x18C5, 33, 0x2104, 2, 0x18E4, 1, 0x18C3, 2,
    0x6000, 11, 0x6800, 1, 0x2800, 2, 0xA488, 1,
    0x7B47, 1, 0x3985, 1, 0x2800, 4, 0x9000, 1,
    0x5000, 1, 0x6000, 3, 0x3985, 1, 0x4A27, 1,
    0x7B47, 1, 0xA488, 4, 0x7B47, 1, 0x10A3, 4,
    0x3985, 1, 0x2924, 2, 0x3985, 1, 0x20E3, 1,
    0x0862, 1, 0x20E3, 2, 0x10A3, 1, 0x20E3, 2,
    0x10A3, 1, 0x2924, 1, 0x20E3, 1, 0x3985, 1,
    0x20E3, 1, 0x2147, 1, 0x1082, 3, 0x4062, 1,
    0x3985, 1, 0x4062, 3, 0x3985, 1, 0x4062, 2,
    0x3985, 2, 0x1082, 1, 0x4062, 3, 0x10A3, 2,
    0x1082, 1, 0x10A3, 2, 0x2147, 1, 0x18C3, 1,
    0x18C5, 45, 0x2104, 5, 0x18E4, 3, 0x39A8, 1,
    0x6000, 8, 0x6800, 1, 0x6000, 1, 0x7800, 2,
    0x2800, 4, 0x6800, 1, 0x6000, 1, 0x5000, 1,
    0x6000, 1, 0x5000, 1, 0x4062, 1, 0x4A27, 1,
    0xA269, 1, 0x7B47, 1, 0xA488, 3, 0x10A3, 5,
    0x3A09, 1, 0x2924, 2, 0x10A3, 1, 0x20E3, 1,
    0x10A3, 4, 0x20E3, 1, 0x10A3, 1, 0x20E3, 1,
    0x9083, 1, 0x2924, 1, 0x39A8, 1, 0x20E3, 1,
    0x4062, 1, 0x1082, 1, 0x4062, 1, 0x4000, 5,
    0x4062, 3, 0x1082, 2, 0x4062, 5, 0x10A3, 3,
    0x2147, 1, 0x18C5, 48, 0x18E4, 1, 0x18C3, 4,
    0x18E4, 1, 0x18C3, 2, 0x2147, 1, 0x3985, 1,
    0x20E3, 1, 0x7B47, 2, 0x4000, 1, 0x6000, 14,
    0x5000, 2, 0x2800, 1, 0x3985, 1, 0x4A27, 1,
    0x7B47, 2, 0xA488, 1, 0x7B47, 1, 0x10A3, 5,
    0x3A09, 1, 0x2924, 1, 0x7B47, 1, 0x10A3, 2,
    0x20E3, 1, 0x1082, 1, 0x10A3, 2, 0x18C3, 1,
    0x20E3, 1, 0x10A3, 1, 0x2924, 2, 0x3985, 1,
    0x20E3, 1, 0x3985, 1, 0x4062, 15, 0x4000, 1,
    0x18C5, 53, 0x18C3, 3, 0x18E4, 1, 0x18C3, 3,
    0x18E4, 1, 0x18C3, 1, 0x4A27, 1, 0x20E3, 1,
    0x2924, 2, 0x10A3, 2, 0x20E3, 1, 0x10A3, 1,
    0x4A27, 1, 0x6000, 10, 0x5000, 1, 0x4000, 1,
    0x3985, 1, 0x4A27, 3, 0x7B47, 2, 0x10A3, 5,
    0x2104, 1, 0x3A09, 1, 0x20E3, 1, 0x2924, 1,
    0x20E3, 1, 0x10A3, 1, 0x20E3, 1, 0x6000, 1,
    0x0862, 1, 0x10A3, 1, 0x20E3, 2, 0x10A3, 1,
    0x2924, 2, 0x3985, 3, 0x4062, 7, 0x4000, 1,
    0x4062, 2, 0x18C5, 60, 0x18E4, 2, 0x18C3, 1,
    0x18E4, 1, 0x18C3, 1, 0x18E4, 1, 0x18C3, 2,
    0x3985, 2, 0x20E3, 1, 0x2924, 2, 0x4A27, 1,
    0x10A3, 1, 0x4A27, 1, 0x2924, 1, 0x10A3, 1,
    0x20E3, 1, 0x3985, 1, 0x6925, 1, 0x10A3, 1,
    0x6000, 6, 0x2800, 1, 0x4062, 1, 0x3985, 1,
    0x4A27, 4, 0x10A3, 5, 0x2147, 1, 0x63B0, 1,
    0x20E3, 1, 0x8986, 1, 0x6000, 1, 0x10A3, 3,
    0x20E3, 1, 0x10A3, 2, 0x20E3, 1, 0x4A27, 1,
    0x2924, 1, 0x3985, 2, 0x42CC, 1, 0x4A27, 1,
    0x3A09, 1, 0x42CC, 1, 0x4000, 2, 0x4062, 1,
    0x18C5, 65, 0x18C3, 1, 0x18E4, 3, 0x18C3, 2,
    0x18E4, 2, 0x2147, 1, 0xA145, 1, 0x2924, 7,
    0x20E3, 1, 0x3985, 1, 0xA145, 1, 0x2924, 1,
    0x18C5, 5, 0x6000, 4, 0x4A27, 1, 0x3985, 3,
    0x18E4, 1, 0x18C3, 5, 0x2147, 1, 0x3A09, 1,
    0x20E3, 1, 0x2924, 1, 0x10A3, 1, 0x20E3, 2,
    0x10A3, 2, 0x20E3, 1, 0x10A3, 2, 0x7B47, 1,
    0x20E3, 1, 0x3985, 2, 0x18C5, 1, 0x0000, 1,
    0x3A09, 1, 0x18E4, 1, 0x18C5, 69, 0x18E4, 1,
    0x2104, 1, 0x18E4, 1, 0x18C3, 1, 0x18E4, 4,
    0xA145, 1, 0x4A27, 1, 0x3985, 1, 0x10A3, 1,
    0x20E3, 3, 0x2924, 1, 0x3985, 1, 0x6925, 1,
    0x8986, 1, 0x18C5, 11, 0x6000, 1, 0x4062, 1,
    0x18E4, 2, 0x2104, 2, 0x18E4, 2, 0x2104, 1,
    0x2147, 1, 0x3A09, 1, 0x20E3, 1, 0x7B47, 2,
    0x20E3, 1, 0x10A3, 1, 0x20E3, 1, 0x10A3, 1,
    0x20E3, 2, 0x3985, 1, 0x2924, 1, 0x10A3, 1,
    0x8986, 1, 0x3985, 1, 0x18C5, 2, 0x18E4, 1,
    0x18C5, 1, 0x2147, 1, 0x18C5, 69, 0x18C3, 1,
    0x18E4, 6, 0x2924, 1, 0xA145, 1, 0x8986, 1,
    0x2924, 3, 0x3985, 1, 0x4A27, 1, 0xA145, 1,
    0x18C5, 15, 0x18E4, 1, 0x18C3, 3, 0x18E4, 3,
    0x2104, 1, 0x3A09, 1, 0x2924, 1, 0x20E3, 1,
    0x7B47, 1, 0x10A3, 1, 0x20E3, 4, 0x10A3, 1,
    0x7B47, 1, 0x20E3, 2, 0xA145, 1, 0x2924, 1,
    0x18C5, 1, 0x0000, 1, 0x2104, 1, 0x18C5, 1,
    0x2104, 1, 0x18C5, 73, 0x18C3, 2, 0x18E4, 2,
    0x6925, 2, 0xA145, 1, 0x4A27, 1, 0x8986, 1,
    0x4A27, 1, 0x6925, 1, 0x18C5, 16, 0x18C3, 4,
    0x18E4, 1, 0x18C3, 1, 0x18E4, 1, 0x18C3, 1,
    0x3A09, 1, 0x4A27, 1, 0x20E3, 1, 0x2924, 1,
    0x4A27, 1, 0x4000, 2, 0x20E3, 1, 0x3985, 1,
    0x4A27, 1, 0x7B47, 1, 0x10A3, 1, 0x4A27, 1,
    0x3985, 1, 0x18C5, 1, 0x18E4, 1, 0x18C5, 2,
    0x1082, 1, 0x18C5, 79, 0x18C3, 2, 0x3985, 1,
    0x63B0, 1, 0x3A09, 1, 0x18C5, 17, 0x18C3, 2,
    0x18E4, 1, 0x18C3, 2, 0x2104, 1, 0x18C3, 3,
    0x3985, 1, 0x2924, 3, 0x7B47, 1, 0x3985, 1,
    0x10A3, 1, 0x7B47, 1, 0x2924, 1, 0x1082, 1,
    0x2924, 1, 0x6925, 1, 0x3985, 1, 0x18C5, 107,
    0x18E4, 1, 0x18C3, 1, 0x18E4, 1, 0x18C3, 2,
    0x18E4, 2, 0x18C3, 1, 0x6925, 1, 0x3985, 1,
    0x10A3, 1, 0x2924, 2, 0x7B47, 1, 0x2924, 4,
    0x6925, 2, 0x18C5, 108, 0x18E4, 3, 0x18C3, 2,
    0x18E4, 3, 0xA145, 1, 0x8986, 1, 0x2924, 2,
    0x10A3, 1, 0x2924, 1, 0x20E3, 2, 0x2924, 1,
    0x4A27, 1, 0x6925, 1, 0x18C5, 110, 0x18E4, 1,
    0x2104, 1, 0x18E4, 2, 0x18C3, 1, 0x18E4, 1,
    0x2104, 1, 0x18E4, 1, 0x4A27, 1, 0x8986, 1,
    0x3985, 1, 0x20E3, 1, 0x2924, 2, 0x6925, 2,
    0xA145, 1, 0x18C5, 115, 0x18E4, 1, 0x18C3, 2,
    0x2104, 1, 0x4A27, 1, 0x6925, 2, 0xA145, 1,
    0x4A27, 1, 0x39A8, 1, 0xA145, 1, 0x6925, 1,
    0x18C5, 121, 0x18C3, 2, 0x6925, 1, 0x8986, 1,
    0x39A8, 1, 0x94D3, 1, 0x18C5, 4671, 0x18C5, 4913,
    0x9000, 4, 0x8986, 2, 0x632E, 1, 0x52CC, 1,
    0x632E, 1, 0xB50B, 2, 0x63B0, 3, 0xB50B, 2,
    0x632E, 2, 0x63B0, 2, 0x18C5, 104, 0x7800, 1,
    0x6800, 2, 0x7800, 1, 0x8000, 2, 0x2104, 1,
    0xB50B, 5, 0x632E, 1, 0xB50B, 1, 0x3A09, 2,
    0xB50B, 2, 0x63B0, 2, 0x632E, 1, 0x52CC, 1,
    0x632E, 3, 0x63B0, 1, 0xA269, 1, 0x18C5, 97,
    0x7800, 4, 0x5000, 2, 0x4000, 1, 0x6000, 2,
    0x2924, 1, 0x18C3, 1, 0x6862, 1, 0x52CC, 1,
    0xB50B, 1, 0x63B0, 1, 0x632E, 1, 0x2924, 1,
    0x3A09, 1, 0x8986, 2, 0x63B0, 1, 0x632E, 1,
    0x2924, 2, 0x63B0, 8, 0x8986, 1, 0x18C5, 93,
    0x7800, 1, 0xA269, 1, 0x7800, 2, 0x6800, 6,
    0x4000, 2, 0x5000, 1, 0x6000, 1, 0x4A27, 2,
    0x732B, 5, 0x10A3, 2, 0x18C3, 1, 0x6800, 1,
    0x6862, 1, 0x6925, 6, 0x5ACA, 2, 0x8986, 1,
    0x632E, 1, 0x18C5, 4, 0x6000, 1, 0x8986, 2,
    0x10A3, 1, 0x0862, 1, 0x7800, 5, 0x2800, 2,
    0x8986, 1, 0x18C5, 73, 0x2924, 1, 0x42CC, 1,
    0x632E, 3, 0x18E4, 1, 0x10A3, 1, 0xA269, 2,
    0x6800, 1, 0x6000, 4, 0x4000, 1, 0x5000, 2,
    0x6000, 3, 0x2800, 2, 0x6000, 2, 0x6800, 4,
    0x6925, 1, 0x6800, 1, 0x6862, 2, 0x6925, 4,
    0x8986, 1, 0x632E, 1, 0x8986, 1, 0x2800, 1,
    0x0862, 1, 0x7800, 3, 0x632E, 2, 0xB50B, 1,
    0x42CC, 1, 0x2104, 1, 0xB50B, 2, 0xA488, 2,
    0xB50B, 2, 0xA488, 1, 0xB50B, 2, 0x8986, 1,
    0x8000, 1, 0x18C5, 66, 0x18E4, 1, 0x63B0, 4,
    0x632E, 1, 0x6800, 1, 0x632E, 2, 0x2147, 1,
    0x6800, 1, 0x10A3, 1, 0x8986, 2, 0x6000, 5,
    0x4000, 1, 0x2800, 1, 0x6000, 6, 0x6800, 7,
    0xA801, 1, 0x9083, 1, 0xA269, 3, 0xA145, 3,
    0x6925, 3, 0x6862, 1, 0x3A09, 1, 0xB50B, 2,
    0xA488, 1, 0x3A09, 1, 0x6000, 1, 0x4841, 1,
    0x6000, 1, 0xB50B, 1, 0xA488, 1, 0x4000, 1,
    0x2800, 1, 0xA488, 2, 0x632E, 1, 0xB50B, 2,
    0x42CC, 1, 0x8000, 1, 0x18C5, 61, 0x6800, 1,
    0x63B0, 4, 0x42CC, 1, 0x6800, 1, 0x63B0, 2,
    0x42CC, 1, 0x6800, 1, 0x3A09, 1, 0x52CC, 1,
    0x42CC, 2, 0x6000, 1, 0x8986, 2, 0x6000, 5,
    0x5000, 2, 0x6000, 5, 0x9083, 1, 0xA801, 1,
    0x94D3, 1, 0xA269, 4, 0x39A8, 2, 0x2104, 1,
    0x2924, 1, 0xA269, 1, 0xA145, 3, 0x632E, 1,
    0x52CC, 1, 0x632E, 2, 0x52CC, 1, 0xB50B, 2,
    0x52CC, 3, 0x632E, 2, 0xB50B, 6, 0x6862, 1,
    0xB50B, 1, 0xA488, 1, 0x6862, 1, 0x4000, 1,
    0x8BCA, 1, 0xB50B, 1, 0x18C5, 56, 0x6800, 1,
    0x63B0, 4, 0x42CC, 1, 0x6800, 1, 0x63B0, 1,
    0x632E, 1, 0x42CC, 1, 0x6000, 1, 0x3A09, 1,
    0x632E, 1, 0x63B0, 2, 0x6800, 1, 0x3A09, 2,
    0x42CC, 1, 0x18E4, 1, 0x8986, 2, 0x6000, 6,
    0xA269, 2, 0x94D3, 3, 0xA269, 1, 0x39A8, 5,
    0x94D3, 4, 0x2147, 1, 0xA269, 1, 0x39A8, 1,
    0xA145, 1, 0x63B0, 3, 0x632E, 1, 0xB50B, 2,
    0x63B0, 1, 0xB50B, 3, 0x632E, 4, 0xB50B, 4,
    0x42CC, 1, 0x2924, 2, 0xB50B, 1, 0x5ACA, 1,
    0xB50B, 1, 0x4000, 1, 0x5000, 1, 0x6862, 1,
    0xB50B, 1, 0x18C5, 52, 0x2104, 1, 0x6CB4, 2,
    0x63B0, 1, 0x632E, 1, 0x6800, 1, 0x63B0, 1,
    0x632E, 1, 0x42CC, 1, 0x6000, 1, 0x42CC, 1,
    0x632E, 1, 0x63B0, 2, 0x6800, 1, 0x632E, 4,
    0x52CC, 1, 0x42CC, 1, 0x3A09, 1, 0x2104, 1,
    0x6000, 3, 0x9083, 1, 0x94D3, 1, 0xA269, 1,
    0x18E4, 1, 0x2104, 1, 0x2147, 1, 0x39A8, 2,
    0x94D3, 10, 0x6CB4, 2, 0x632E, 1, 0x39A8, 1,
    0x9083, 1, 0x63B0, 2, 0x632E, 2, 0xB50B, 2,
    0x632E, 3, 0xB50B, 1, 0x632E, 3, 0x52CC, 1,
    0x632E, 1, 0xB50B, 2, 0x8BCA, 1, 0x42CC, 1,
    0xB50B, 1, 0x8BCA, 1, 0x6862, 1, 0xB50B, 1,
    0x8BCA, 1, 0xA488, 1, 0x5000, 2, 0x6925, 1,
    0x4A27, 1, 0x8BCA, 1, 0x18C5, 19, 0x6925, 1,
    0x4000, 1, 0x18C5, 22, 0x52CC, 3, 0x632E, 1,
    0x18C3, 1, 0x6CB4, 3, 0x632E, 1, 0x42CC, 1,
    0x63B0, 2, 0x42CC, 1, 0x6800, 1, 0x3A09, 1,
    0x52CC, 1, 0x63B0, 1, 0x6800, 1, 0x3A09, 1,
    0x632E, 6, 0x52CC, 1, 0x3A09, 1, 0x18E4, 1,
    0x6000, 1, 0x9000, 3, 0xA801, 1, 0x9000, 1,
    0x18C3, 1, 0x2147, 1, 0x94D3, 16, 0x6CB4, 1,
    0x63B0, 2, 0xA269, 1, 0x18E4, 1, 0x52CC, 1,
    0x63B0, 4, 0xB50B, 3, 0x632E, 2, 0x52CC, 1,
    0x632E, 3, 0xB50B, 1, 0x8986, 1, 0xB50B, 2,
    0x7800, 1, 0xB50B, 6, 0x52CC, 1, 0x63B0, 1,
    0x52CC, 1, 0xB50B, 2, 0x18C5, 17, 0x6925, 3,
    0x2800, 1, 0x18C5, 14, 0x52CC, 6, 0x632E, 4,
    0x6CB4, 1, 0x63B0, 1, 0x632E, 1, 0x42CC, 1,
    0x6800, 1, 0x63B0, 2, 0x6800, 1, 0x3A09, 1,
    0x52CC, 1, 0x63B0, 2, 0x6000, 1, 0x632E, 5,
    0x52CC, 2, 0x3A09, 1, 0x4000, 1, 0x9000, 2,
    0x94D3, 3, 0x18C3, 1, 0x9000, 3, 0x39A8, 1,
    0x94D3, 15, 0x6CB4, 2, 0x63B0, 1, 0x632E, 1,
    0x63B0, 2, 0x8986, 1, 0x18E4, 1, 0x632E, 1,
    0x63B0, 2, 0x632E, 2, 0x63B0, 1, 0x632E, 1,
    0x63B0, 1, 0x52CC, 1, 0x632E, 1, 0x63B0, 1,
    0x632E, 1, 0x63B0, 1, 0xB50B, 3, 0x63B0, 1,
    0x3985, 1, 0x2800, 1, 0xA269, 2, 0x5000, 2,
    0x4841, 2, 0x4104, 1, 0x7800, 1, 0xA269, 1,
    0x2800, 1, 0x8000, 2, 0x18C5, 14, 0x6800, 1,
    0x6862, 1, 0x6000, 1, 0x6925, 1, 0x2800, 1,
    0x18C5, 9, 0x5ACA, 2, 0x52CC, 5, 0x632E, 4,
    0x42CC, 1, 0x63B0, 4, 0x6862, 1, 0x63B0, 2,
    0x42CC, 1, 0x6000, 1, 0x3A09, 1, 0x63B0, 2,
    0x6000, 1, 0x3A09, 1, 0x52CC, 1, 0x63B0, 2,
    0x632E, 1, 0x52CC, 1, 0x2104, 1, 0x5000, 1,
    0x6000, 1, 0x9000, 2, 0x94D3, 2, 0x39A8, 1,
    0x632E, 2, 0x2147, 1, 0x6800, 1, 0x9000, 2,
    0x2147, 1, 0x6CB4, 1, 0x94D3, 9, 0x6CB4, 8,
    0x63B0, 2, 0x2147, 1, 0xA269, 1, 0x8986, 1,
    0x18C3, 1, 0x2104, 1, 0x632E, 1, 0x63B0, 1,
    0xA269, 1, 0x63B0, 1, 0x632E, 3, 0x63B0, 1,
    0x9000, 1, 0x9083, 1, 0x2800, 1, 0xA269, 2,
    0x7800, 1, 0x5000, 6, 0x4841, 1, 0x3A09, 3,
    0x4104, 1, 0x3A09, 1, 0x39A8, 3, 0x4104, 1,
    0x5000, 2, 0x18C5, 11, 0x6800, 2, 0x2104, 1,
    0x6862, 1, 0x6925, 1, 0x4000, 3, 0x18C5, 2,
    0x6925, 1, 0x3A09, 1, 0x5ACA, 6, 0x52CC, 2,
    0x6862, 3, 0x6800, 1, 0x63B0, 4, 0x42CC, 1,
    0x63B0, 2, 0x42CC, 1, 0x6800, 1, 0x42CC, 1,
    0x63B0, 2, 0x6862, 1, 0x3A09, 1, 0x52CC, 1,
    0x63B0, 4, 0x42CC, 1, 0x2104, 1, 0x9000, 2,
    0x94D3, 4, 0x632E, 1, 0x94D3, 4, 0x6CB4, 1,
    0x2147, 1, 0x9083, 2, 0x3A09, 1, 0x63B0, 1,
    0x94D3, 8, 0x6CB4, 2, 0x94D3, 1, 0x6CB4, 6,
    0x63B0, 1, 0x39A8, 1, 0xA269, 1, 0x42CC, 1,
    0x8986, 2, 0x18C3, 1, 0x8986, 1, 0x6862, 1,
    0x8986, 1, 0x8000, 1, 0x2800, 2, 0x8986, 1,
    0x6800, 1, 0x5000, 6, 0x3A09, 1, 0x39A8, 2,
    0x3A09, 2, 0x42CC, 5, 0x3A09, 1, 0x42CC, 1,
    0x39A8, 2, 0x4104, 2, 0x4841, 1, 0x5000, 1,
    0x4104, 1, 0x18C5, 9, 0x5000, 2, 0x2924, 1,
    0x6800, 2, 0x6862, 1, 0x2104, 1, 0x6925, 1,
    0x5ACA, 1, 0x4000, 2, 0x6925, 1, 0x6862, 2,
    0x6925, 1, 0x6862, 2, 0x6925, 1, 0x6000, 4,
    0x5000, 1, 0x632E, 1, 0x63B0, 2, 0x42CC, 1,
    0x6800, 1, 0x63B0, 2, 0x6800, 1, 0x42CC, 1,
    0x63B0, 3, 0x3A09, 1, 0x632E, 1, 0x63B0, 4,
    0x42CC, 1, 0x10A3, 1, 0x9000, 3, 0x94D3, 1,
    0x2104, 2, 0x2147, 1, 0x94D3, 5, 0x6CB4, 1,
    0x63B0, 1, 0x39A8, 1, 0x9083, 3, 0x632E, 1,
    0x6CB4, 1, 0x94D3, 5, 0x6CB4, 2, 0x94D3, 4,
    0x6CB4, 4, 0x63B0, 2, 0x39A8, 1, 0x2147, 1,
    0xA801, 1, 0x8986, 1, 0x2800, 4, 0x8986, 1,
    0x6800, 2, 0x5000, 5, 0x3A09, 3, 0x42CC, 1,
    0x3A09, 1, 0x42CC, 4, 0x7B47, 1, 0xDE0C, 2,
    0xB50B, 3, 0x3A09, 2, 0x3985, 1, 0x18C3, 1,
    0x4104, 2, 0x5000, 2, 0x7B47, 2, 0x18C5, 7,
    0x4000, 1, 0x2800, 1, 0x5000, 2, 0x6800, 2,
    0x3A09, 1, 0x6862, 1, 0x6925, 2, 0x3A09, 1,
    0x5ACA, 1, 0x4000, 2, 0x6000, 6, 0x6800, 1,
    0x2147, 1, 0x42CC, 2, 0x18E4, 1, 0x6800, 1,
    0x63B0, 2, 0x42CC, 1, 0x6000, 1, 0x42CC, 1,
    0x63B0, 2, 0x6000, 1, 0x3A09, 1, 0x632E, 1,
    0x63B0, 3, 0x42CC, 1, 0x4841, 1, 0x9000, 3,
    0x94D3, 2, 0x63B0, 3, 0x94D3, 3, 0x6CB4, 3,
    0x63B0, 2, 0x39A8, 1, 0x2924, 1, 0x9000, 1,
    0x9083, 1, 0x2147, 1, 0x632E, 1, 0x63B0, 1,
    0x6CB4, 4, 0x63B0, 10, 0x10A3, 2, 0x2800, 2,
    0x5000, 1, 0xA269, 1, 0x6800, 3, 0x5000, 6,
    0x39A8, 3, 0x3A09, 2, 0x63B0, 1, 0x632E, 6,
    0x5ACA, 1, 0x2147, 3, 0x2924, 4, 0x4841, 3,
    0x6000, 1, 0x6862, 1, 0x5000, 2, 0x7B47, 2,
    0x18C5, 7, 0x5000, 2, 0x2924, 1, 0x2800, 1,
    0x6000, 1, 0x2104, 1, 0x6800, 3, 0x2104, 1,
    0x6925, 3, 0x2104, 1, 0x4000, 1, 0x5000, 1,
    0x6925, 1, 0x4000, 2, 0x6800, 3, 0x10A3, 1,
    0x2147, 1, 0x632E, 1, 0x42CC, 1, 0x6800, 1,
    0x3A09, 1, 0x632E, 1, 0x63B0, 1, 0x6000, 1,
    0x3A09, 1, 0x632E, 1, 0x63B0, 3, 0x3A09, 1,
    0x5000, 1, 0x9000, 4, 0x94D3, 1, 0x2104, 1,
    0x632E, 1, 0x63B0, 1, 0x6CB4, 1, 0x632E, 2,
    0x63B0, 4, 0x2104, 1, 0x5000, 1, 0x2924, 1,
    0x2147, 2, 0x18C3, 1, 0x9000, 2, 0xA801, 1,
    0x63B0, 10, 0x2800, 5, 0x94D3, 2, 0x632E, 2,
    0x8986, 1, 0x6925, 1, 0x5ACA, 1, 0x3A09, 2,
    0x39A8, 1, 0x3A09, 3, 0x63B0, 2, 0x632E, 3,
    0x63B0, 1, 0x632E, 4, 0x3985, 1, 0x8986, 1,
    0x2147, 1, 0x2924, 1, 0x39A8, 3, 0x9083, 1,
    0x6925, 1, 0xA145, 1, 0x6925, 1, 0x6862, 2,
    0x6000, 1, 0x6800, 1, 0x6000, 1, 0x6800, 1,
    0x8000, 2, 0x8986, 1, 0x632E, 1, 0x18C5, 7,
    0x2800, 2, 0x3985, 1, 0x2800, 1, 0x5000, 1,
    0x6000, 1, 0x5000, 1, 0x6000, 3, 0x7800, 1,
    0x6862, 2, 0x42CC, 1, 0x6925, 5, 0x8986, 1,
    0x4000, 1, 0x6800, 1, 0x18C3, 2, 0x6800, 1,
    0x18E4, 1, 0x2924, 1, 0x52CC, 1, 0x42CC, 1,
    0x3A09, 1, 0x42CC, 1, 0x63B0, 3, 0x52CC, 1,
    0x2104, 1, 0x9000, 2, 0x9083, 2, 0x9000, 1,
    0xA269, 1, 0x94D3, 1, 0x2104, 1, 0x3985, 4,
    0x39A8, 1, 0x2924, 1, 0x2104, 2, 0x4841, 1,
    0x94D3, 2, 0x2104, 2, 0x39A8, 2, 0xA801, 2,
    0xA269, 1, 0x18C3, 3, 0x10A3, 1, 0x94D3, 1,
    0x18C3, 1, 0x10A3, 1, 0x1082, 2, 0x42CC, 3,
    0x39A8, 1, 0x4104, 1, 0x39A8, 3, 0x42CC, 2,
    0x632E, 5, 0x5ACA, 2, 0x52CC, 1, 0x632E, 5,
    0x52CC, 2, 0x632E, 1, 0x63B0, 5, 0x9083, 4,
    0x4A27, 1, 0x2924, 2, 0x3985, 2, 0x8986, 1,
    0x6925, 1, 0x3985, 1, 0x4841, 1, 0x6000, 1,
    0x6800, 1, 0x7800, 1, 0x8000, 2, 0x18E4, 1,
    0x18C5, 6, 0x6000, 1, 0x2800, 1, 0x20E3, 1,
    0x2800, 3, 0x7800, 1, 0x6000, 1, 0x2800, 2,
    0x5000, 1, 0x6000, 1, 0x6800, 3, 0x6000, 1,
    0x6800, 1, 0x6862, 1, 0x42CC, 1, 0x6862, 3,
    0x7800, 2, 0x6800, 2, 0x10A3, 1, 0x18C3, 1,
    0x6000, 1, 0x10A3, 1, 0x2104, 1, 0x3A09, 2,
    0x2104, 1, 0x2800, 1, 0x9000, 3, 0xA269, 1,
    0x632E, 2, 0x63B0, 1, 0x632E, 1, 0x63B0, 4,
    0x632E, 3, 0x3A09, 1, 0x52CC, 1, 0x3A09, 2,
    0x5ACA, 1, 0x52CC, 3, 0x5ACA, 2, 0x52CC, 6,
    0x632E, 1, 0x52CC, 6, 0x632E, 2, 0x52CC, 13,
    0x632E, 2, 0x94D3, 6, 0x63B0, 5, 0x39A8, 2,
    0x7800, 1, 0x9000, 2, 0x2924, 1, 0x20E3, 2,
    0x2924, 2, 0x20E3, 2, 0x4A27, 1, 0x3985, 2,
    0x18C5, 1, 0x7800, 2, 0x8000, 2, 0xA269, 1,
    0x6800, 1, 0x18C5, 5, 0x6000, 1, 0x2800, 1,
    0x20E3, 1, 0x0862, 3, 0x2800, 1, 0x18C3, 1,
    0x2800, 1, 0x8986, 1, 0x2800, 1, 0x63B0, 1,
    0x5000, 2, 0x6000, 1, 0x2104, 1, 0x6800, 2,
    0x6000, 1, 0x6800, 2, 0x6862, 1, 0x6000, 1,
    0x8000, 2, 0x7800, 3, 0x6800, 3, 0x6000, 2,
    0x8000, 1, 0x7800, 1, 0x8986, 1, 0x63B0, 6,
    0x6925, 1, 0x3A09, 3, 0x6862, 1, 0x18E4, 1,
    0x4A27, 1, 0x732B, 1, 0x4A27, 1, 0x2104, 1,
    0x4A27, 1, 0x3A09, 1, 0x2104, 1, 0x3A09, 3,
    0x6925, 3, 0x52CC, 1, 0x5ACA, 2, 0x8986, 1,
    0x5ACA, 1, 0x52CC, 1, 0x632E, 5, 0x52CC, 4,
    0x5ACA, 2, 0x52CC, 1, 0x5ACA, 1, 0x52CC, 1,
    0x94D3, 9, 0xA269, 1, 0x63B0, 4, 0x3A09, 1,
    0x63B0, 6, 0x9083, 1, 0x4841, 1, 0x3985, 1,
    0x20E3, 2, 0x2924, 1, 0x4A27, 1, 0x7B47, 1,
    0x2924, 2, 0x20E3, 2, 0x8986, 1, 0x6925, 1,
    0x2924, 1, 0x18C5, 1, 0x6800, 1, 0x7800, 1,
    0x6000, 3, 0x18C5, 5, 0x6000, 1, 0x2800, 1,
    0x2924, 1, 0x0862, 1, 0x6800, 1, 0x0862, 2,
    0x7B47, 1, 0x2800, 3, 0x2104, 1, 0x9083, 1,
    0x2800, 2, 0x42CC, 1, 0x5000, 1, 0x6000, 1,
    0x6800, 1, 0x6000, 1, 0x6800, 3, 0x6000, 1,
    0x7800, 4, 0x8000, 2, 0x9083, 1, 0x8986, 4,
    0x39A8, 1, 0x18C3, 1, 0x4841, 2, 0x4104, 2,
    0x4000, 1, 0x18C3, 1, 0x10A3, 1, 0x18C3, 2,
    0x2104, 1, 0x18C3, 1, 0x10A3, 1, 0x18C3, 1,
    0x4A27, 1, 0x732B, 1, 0x8BCA, 3, 0x4A27, 1,
    0x2104, 1, 0x732B, 1, 0x4A27, 1, 0x2104, 2,
    0x3A09, 2, 0x6925, 1, 0x5ACA, 2, 0x52CC, 4,
    0x632E, 1, 0x94D3, 17, 0xA269, 1, 0x94D3, 2,
    0xA269, 1, 0xA145, 3, 0x9000, 1, 0x39A8, 1,
    0x2147, 6, 0x8986, 1, 0x2924, 3, 0x10A3, 2,
    0x3985, 1, 0x10A3, 1, 0x7B47, 2, 0x2924, 1,
    0x3985, 2, 0x2924, 1, 0x18C5, 1, 0x6800, 2,
    0x6000, 3, 0x18C5, 6, 0x4000, 1, 0x20E3, 1,
    0x4A27, 1, 0x20E3, 1, 0x2800, 1, 0x4062, 1,
    0x0862, 1, 0x2800, 3, 0x18E4, 1, 0x2800, 3,
    0x6000, 1, 0x2800, 2, 0x5000, 1, 0x52CC, 1,
    0x5000, 2, 0x6000, 2, 0x9083, 1, 0x9000, 1,
    0x9083, 1, 0x4841, 6, 0x18C3, 4, 0x10A3, 1,
    0x2800, 1, 0x4000, 1, 0x4062, 1, 0x20E3, 2,
    0x2924, 1, 0x2104, 2, 0x10A3, 1, 0x4A27, 2,
    0x10A3, 1, 0x39A8, 1, 0x2147, 1, 0xA488, 1,
    0xDE0C, 6, 0xB50B, 1, 0xDE0C, 1, 0xB50B, 1,
    0xDE0C, 1, 0x94D3, 1, 0x632E, 1, 0x94D3, 1,
    0x632E, 1, 0xA269, 1, 0x94D3, 5, 0xFECD, 4,
    0x94D3, 8, 0xA269, 2, 0xA145, 1, 0xA269, 1,
    0x94D3, 6, 0x39A8, 1, 0x2147, 1, 0x7B47, 2,
    0x18C3, 3, 0x8986, 1, 0x10A3, 1, 0x2924, 2,
    0x10A3, 1, 0x20E3, 3, 0x4000, 1, 0x20E3, 1,
    0x4A27, 1, 0x2924, 2, 0x3985, 2, 0x2924, 1,
    0x6800, 2, 0x6000, 3, 0x18C5, 6, 0x4000, 1,
    0x2800, 1, 0xA488, 1, 0x0862, 1, 0x4841, 1,
    0x20E3, 1, 0x0862, 2, 0x7B47, 2, 0x2800, 1,
    0x7B47, 1, 0x2800, 3, 0x6000, 1, 0x6800, 1,
    0x4000, 1, 0x2924, 1, 0x6800, 1, 0x5000, 3,
    0x6000, 1, 0x5000, 1, 0x4000, 8, 0x20E3, 1,
    0x2924, 4, 0x20E3, 2, 0x4A27, 1, 0xA488, 9,
    0x5ACA, 1, 0xA488, 1, 0xDE0C, 5, 0xFECD, 6,
    0xDE0C, 1, 0x3A09, 1, 0x94D3, 2, 0x63B0, 1,
    0x94D3, 2, 0xFECD, 7, 0x94D3, 2, 0xA269, 5,
    0xA145, 3, 0x94D3, 7, 0x39A8, 1, 0x7B47, 1,
    0x2147, 4, 0x18C3, 1, 0x3985, 1, 0x2924, 2,
    0x10A3, 1, 0x20E3, 2, 0x10A3, 1, 0x20E3, 1,
    0x10A3, 1, 0x20E3, 1, 0x10A3, 1, 0x3985, 1,
    0x2924, 2, 0x3985, 1, 0x2924, 1, 0x18C5, 1,
    0x6800, 2, 0x6000, 2, 0x18C5, 6, 0x6000, 1,
    0x2800, 1, 0x7B47, 1, 0x20E3, 1, 0x6000, 1,
    0x2800, 1, 0x0862, 2, 0x2800, 1, 0x2924, 2,
    0xA488, 1, 0x2800, 1, 0x2924, 1, 0x2800, 1,
    0x7B47, 1, 0x2800, 3, 0x3985, 1, 0x5000, 2,
    0x2800, 1, 0x5000, 2, 0x2800, 1, 0x18A2, 1,
    0x20E3, 6, 0xA488, 19, 0xDE0C, 3, 0xFECD, 7,
    0x94D3, 4, 0xFECD, 2, 0x6CB4, 1, 0xFECD, 5,
    0x94D3, 1, 0xFECD, 4, 0xB50B, 1, 0x3A09, 1,
    0x39A8, 1, 0xA145, 3, 0xA801, 2, 0x94D3, 3,
    0x63B0, 1, 0x94D3, 1, 0x63B0, 1, 0x632E, 1,
    0x4841, 1, 0x4A27, 1, 0x2147, 2, 0x39A8, 2,
    0x3985, 1, 0x2924, 2, 0x7B47, 1, 0x4000, 1,
    0x20E3, 2, 0x10A3, 1, 0x20E3, 1, 0x1082, 1,
    0x10A3, 1, 0x4000, 1, 0x10A3, 1, 0x2924, 2,
    0x3985, 1, 0x2924, 1, 0x20E3, 1, 0x6800, 2,
    0x6000, 2, 0x18C5, 6, 0x9083, 1, 0x4841, 2,
    0x10A3, 2, 0x2800, 1, 0x20E3, 1, 0x10A3, 1,
    0x2800, 1, 0x7B47, 1, 0xA488, 1, 0x4A27, 1,
    0xA488, 1, 0x2924, 2, 0x2800, 3, 0x0862, 1,
    0x2800, 2, 0x4000, 1, 0x5000, 1, 0x2800, 1,
    0x6000, 1, 0x8000, 1, 0x4000, 1, 0x3985, 1,
    0x7B47, 6, 0xA488, 19, 0xDE0C, 1, 0xFECD, 7,
    0xDE0C, 1, 0xFECD, 6, 0xB50B, 1, 0xFECD, 4,
    0x94D3, 1, 0x3A09, 1, 0x6CB4, 1, 0xFECD, 3,
    0xDE0C, 2, 0xB50B, 1, 0x2147, 2, 0xA801, 1,
    0x9000, 1, 0xA801, 1, 0x2147, 1, 0x6CB4, 1,
    0x63B0, 1, 0x39A8, 3, 0x2147, 2, 0x39A8, 1,
    0x632E, 4, 0x4A27, 1, 0x20E3, 1, 0x7B47, 1,
    0x3985, 1, 0x20E3, 1, 0x10A3, 2, 0x20E3, 2,
    0x10A3, 2, 0x20E3, 2, 0x9083, 1, 0x2924, 2,
    0x3985, 1, 0x18C5, 1, 0x6800, 2, 0x6000, 2,
    0x18C5, 6, 0x6862, 1, 0x6800, 1, 0x6862, 1,
    0x9083, 1, 0x18C3, 2, 0x10A3, 2, 0x2800, 1,
    0x7B47, 1, 0x4A27, 1, 0x7B47, 1, 0x4A27, 1,
    0xA488, 1, 0x2924, 1, 0xA488, 1, 0x0862, 2,
    0x2800, 1, 0x4062, 1, 0x2800, 1, 0x20E3, 1,
    0x5000, 1, 0x8000, 1, 0x2800, 1, 0x8000, 1,
    0x5000, 1, 0x3985, 1, 0x7B47, 2, 0xA488, 1,
    0x7B47, 1, 0xA488, 19, 0xDE0C, 2, 0xFECD, 1,
    0xDE0C, 1, 0xFECD, 1, 0xDE0C, 1, 0xFECD, 4,
    0xA488, 1, 0xFECD, 6, 0xDE0C, 1, 0xB50B, 1,
    0xFECD, 2, 0x94D3, 1, 0x3A09, 1, 0x39A8, 1,
    0x6CB4, 1, 0xFECD, 3, 0xDE0C, 1, 0xFECD, 2,
    0xB50B, 1, 0x7B47, 1, 0x2147, 1, 0x4841, 1,
    0x9083, 1, 0xA801, 1, 0x6CB4, 1, 0x39A8, 3,
    0x2147, 1, 0x39A8, 1, 0x2147, 1, 0x632E, 1,
    0x39A8, 3, 0x632E, 1, 0x3985, 1, 0x2924, 2,
    0x10A3, 1, 0x20E3, 3, 0x0862, 1, 0x10A3, 1,
    0x6000, 1, 0x20E3, 1, 0x10A3, 2, 0x2924, 2,
    0x3985, 1, 0x2924, 1, 0x18C5, 2, 0x6800, 2,
    0x18C5, 6, 0x6925, 1, 0x6800, 1, 0x6862, 2,
    0x6925, 2, 0x6862, 1, 0x9083, 1, 0x18C3, 2,
    0x7B47, 1, 0xA488, 1, 0x4A27, 1, 0xA488, 2,
    0x2800, 1, 0x4A27, 1, 0x2800, 1, 0x10A3, 1,
    0x4062, 1, 0x2800, 1, 0x4062, 1, 0x0862, 2,
    0x6000, 1, 0x8000, 2, 0x5000, 1, 0x3985, 1,
    0x8BCA, 1, 0x5ACA, 1, 0x732B, 2, 0xB50B, 1,
    0x8BCA, 1, 0xA488, 2, 0x7B47, 2, 0xA488, 6,
    0xB50B, 4, 0xDE0C, 1, 0x18C5, 3, 0xDE0C, 4,
    0xFECD, 5, 0x7B47, 1, 0xFECD, 1, 0x63B0, 1,
    0x6CB4, 1, 0x94D3, 1, 0xFECD, 2, 0xB50B, 2,
    0xFECD, 2, 0x94D3, 1, 0x3A09, 2, 0x94D3, 1,
    0xDE0C, 2, 0xFECD, 1, 0xB50B, 1, 0xFECD, 4,
    0x7B47, 2, 0x4062, 1, 0x8000, 1, 0x39A8, 1,
    0x63B0, 1, 0x2147, 4, 0x4841, 1, 0x632E, 1,
    0x39A8, 1, 0x2147, 1, 0x39A8, 1, 0x2147, 1,
    0x3985, 1, 0x20E3, 1, 0x2924, 1, 0x20E3, 2,
    0x10A3, 1, 0x6000, 1, 0x10A3, 2, 0x20E3, 1,
    0x18C3, 1, 0x20E3, 1, 0x10A3, 1, 0x4A27, 1,
    0x20E3, 1, 0x3985, 2, 0x18C5, 2, 0x6800, 2,
    0x18C5, 6, 0x8986, 1, 0x6862, 1, 0x6800, 1,
    0x6862, 2, 0x6925, 3, 0x6862, 2, 0x9083, 1,
    0xA488, 3, 0x2924, 1, 0x4A27, 1, 0x7B47, 1,
    0x2800, 1, 0x10A3, 1, 0x0862, 1, 0x2800, 1,
    0x4841, 1, 0x0862, 1, 0x4A27, 1, 0x2800, 1,
    0x6000, 1, 0x8000, 2, 0x4841, 1, 0x2147, 1,
    0x6925, 2, 0x6862, 1, 0x6925, 1, 0x732B, 1,
    0xDE0C, 1, 0xB50B, 1, 0x7B47, 1, 0xA488, 1,
    0xB50B, 2, 0xA488, 2, 0xB50B, 3, 0xA488, 2,
    0xB50B, 1, 0x10A3, 3, 0x18C5, 5, 0xDE0C, 1,
    0xFECD, 4, 0xA488, 1, 0x2147, 1, 0x0000, 1,
    0x10A3, 1, 0x18E4, 1, 0xDE0C, 1, 0xFECD, 1,
    0xB50B, 2, 0x94D3, 1, 0xFECD, 2, 0x6CB4, 1,
    0xDE0C, 2, 0xB50B, 1, 0xDE0C, 1, 0xFECD, 1,
    0xA488, 1, 0xFECD, 6, 0x7B47, 1, 0x3985, 1,
    0x2147, 3, 0x632E, 1, 0x39A8, 2, 0x2147, 1,
    0x39A8, 1, 0x2147, 1, 0x39A8, 1, 0x2147, 1,
    0x3A09, 1, 0x3985, 1, 0x20E3, 1, 0x8986, 1,
    0x6000, 2, 0x10A3, 1, 0x20E3, 1, 0x10A3, 1,
    0x20E3, 1, 0x10A3, 2, 0x18C3, 1, 0x3985, 1,
    0x2924, 1, 0x20E3, 1, 0x3985, 1, 0x2924, 1,
    0x18C5, 2, 0x6000, 2, 0x18C5, 7, 0x18C3, 1,
    0x2924, 1, 0x6862, 2, 0x6925, 2, 0x8986, 1,
    0x5ACA, 1, 0x52CC, 2, 0x6862, 2, 0x9083, 1,
    0xA488, 3, 0x2924, 1, 0x10A3, 2, 0x0862, 1,
    0x4841, 1, 0x0862, 1, 0x4A27, 1, 0x0862, 1,
    0x5000, 1, 0xA801, 1, 0x6000, 1, 0xB50B, 1,
    0xA269, 4, 0x8986, 1, 0x7B47, 1, 0xB50B, 2,
    0x7B47, 1, 0xA488, 2, 0xB50B, 1, 0xA488, 3,
    0xB50B, 3, 0x10A3, 4, 0x2147, 1, 0x94D3, 1,
    0x2147, 1, 0x39A8, 1, 0x18E4, 1, 0x18C5, 2,
    0x0000, 2, 0xFECD, 3, 0x20E3, 1, 0xFECD, 2,
    0xA488, 1, 0xFECD, 1, 0xDE0C, 1, 0xB50B, 1,
    0xA488, 1, 0x6CB4, 1, 0xDE0C, 7, 0x6CB4, 1,
    0xDE0C, 1, 0xFECD, 7, 0x7B47, 1, 0x18C3, 1,
    0x6000, 1, 0x4841, 1, 0x2147, 2, 0x39A8, 1,
    0x2147, 4, 0x2104, 1, 0x3A09, 2, 0x20E3, 1,
    0x2924, 1, 0x3985, 1, 0x20E3, 1, 0x18C3, 1,
    0x10A3, 1, 0x20E3, 3, 0x10A3, 1, 0x4000, 1,
    0x4A27, 1, 0x2924, 1, 0x3985, 2, 0x2924, 1,
    0x18C5, 2, 0x4000, 2, 0x18C5, 7, 0x7800, 1,
    0x2800, 2, 0x2924, 1, 0x4841, 1, 0x6862, 1,
    0x6000, 1, 0x52CC, 6, 0x6862, 2, 0x9083, 1,
    0xA488, 1, 0x2800, 1, 0x10A3, 1, 0x2800, 2,
    0x4062, 1, 0x7B47, 1, 0x20E3, 1, 0x2800, 1,
    0x2147, 1, 0xDE0C, 1, 0xB50B, 1, 0x9083, 1,
    0xFECD, 1, 0xB50B, 2, 0xFECD, 1, 0xB50B, 1,
    0x7B47, 1, 0xB50B, 1, 0x7B47, 1, 0xA488, 6,
    0xB50B, 1, 0xA488, 1, 0x10A3, 4, 0x63B0, 1,
    0x6925, 1, 0xA145, 1, 0x6925, 1, 0xA145, 2,
    0x6925, 1, 0xA145, 1, 0x2924, 1, 0x20E3, 1,
    0x0000, 1, 0xFECD, 3, 0xB50B, 5, 0xDE0C, 1,
    0xA488, 1, 0x39A8, 1, 0xDE0C, 1, 0xA488, 1,
    0xB50B, 1, 0x39A8, 3, 0x2147, 1, 0x0000, 1,
    0xFECD, 8, 0xDE0C, 1, 0x3985, 1, 0x4062, 1,
    0x4000, 1, 0x4062, 1, 0x18C3, 1, 0x2147, 1,
    0x4841, 1, 0x2147, 1, 0x39A8, 1, 0x4841, 1,
    0x18C3, 1, 0x3A09, 2, 0x20E3, 1, 0x7B47, 2,
    0x20E3, 1, 0x10A3, 1, 0x0862, 1, 0x20E3, 1,
    0x0862, 1, 0x20E3, 2, 0x3985, 1, 0x7B47, 1,
    0x10A3, 1, 0x8986, 1, 0x6925, 1, 0x18C5, 2,
    0x2800, 3, 0x18C5, 8, 0x5000, 1, 0x2800, 2,
    0xA488, 2, 0x6862, 1, 0x4841, 1, 0x6862, 2,
    0x52CC, 2, 0x5ACA, 1, 0x52CC, 3, 0x6862, 1,
    0x9083, 1, 0x18C3, 2, 0x10A3, 2, 0x20E3, 1,
    0x7B47, 1, 0x2800, 1, 0x6000, 1, 0xDE0C, 1,
    0xA488, 1, 0xB50B, 2, 0x732B, 1, 0xB50B, 2,
    0x732B, 1, 0x7B47, 1, 0xB50B, 1, 0x7B47, 2,
    0xA488, 5, 0x10A3, 5, 0x3985, 1, 0x8986, 1,
    0x4A27, 1, 0x6925, 1, 0x2924, 1, 0x3985, 1,
    0x4A27, 1, 0x6925, 1, 0x8986, 1, 0x6925, 1,
    0x3985, 1, 0x10A3, 1, 0xFECD, 2, 0xDE0C, 7,
    0xA488, 1, 0x7B47, 1, 0xDE0C, 1, 0xA488, 1,
    0x6CB4, 1, 0x20E3, 4, 0xA488, 1, 0xFECD, 3,
    0xDE0C, 1, 0xFECD, 1, 0xDE0C, 4, 0xA488, 1,
    0x4A27, 1, 0x4062, 1, 0x4841, 3, 0x6000, 1,
    0x10A3, 1, 0x2104, 1, 0x18C3, 3, 0x3A09, 1,
    0x2924, 1, 0x20E3, 1, 0x7B47, 1, 0x10A3, 1,
    0x4000, 1, 0x20E3, 4, 0x10A3, 1, 0x4A27, 1,
    0x18C3, 1, 0x20E3, 1, 0x3985, 1, 0x4A27, 1,
    0x18C5, 2, 0x2800, 2, 0x18C5, 10, 0x5000, 1,
    0x2800, 1, 0x20E3, 1, 0xA488, 4, 0x4841, 1,
    0x6862, 3, 0x52CC, 5, 0x8986, 1, 0x6862, 1,
    0x9083, 1, 0x18C3, 1, 0x4841, 1, 0x2924, 1,
    0x2800, 1, 0x6000, 1, 0xDE0C, 1, 0xA488, 1,
    0x7B47, 1, 0xB50B, 4, 0xA488, 1, 0xB50B, 2,
    0x7B47, 1, 0xA488, 5, 0x10A3, 5, 0xA145, 1,
    0x6925, 1, 0x2924, 2, 0x20E3, 1, 0x10A3, 1,
    0x20E3, 1, 0x10A3, 1, 0x20E3, 1, 0x3985, 1,
    0x4A27, 1, 0x3985, 1, 0x4A27, 1, 0xDE0C, 1,
    0xFECD, 1, 0x39A8, 1, 0xA488, 2, 0xDE0C, 1,
    0x39A8, 2, 0x2147, 1, 0xFECD, 1, 0x7B47, 1,
    0x94D3, 1, 0xA801, 1, 0x39A8, 1, 0xDE0C, 1,
    0xFECD, 4, 0xA488, 1, 0xDE0C, 4, 0xA488, 5,
    0x7B47, 1, 0x4A27, 1, 0x4062, 1, 0x4841, 3,
    0x2147, 1, 0x39A8, 1, 0x4841, 1, 0x18C3, 1,
    0x10A3, 1, 0x3A09, 1, 0x2924, 1, 0x20E3, 1,
    0x2924, 1, 0x4A27, 1, 0x10A3, 2, 0x20E3, 2,
    0x3985, 1, 0x4A27, 1, 0x2924, 1, 0x10A3, 1,
    0x4A27, 1, 0xA145, 1, 0x20E3, 1, 0x18C5, 2,
    0x2800, 1, 0x18C5, 13, 0x6800, 1, 0x2800, 1,
    0x7B47, 1, 0xA488, 5, 0x5000, 1, 0x6862, 2,
    0x52CC, 2, 0x5ACA, 1, 0x8986, 1, 0x6925, 3,
    0x6862, 1, 0x9083, 1, 0x4841, 2, 0xDE0C, 1,
    0xB50B, 1, 0xA488, 1, 0x9083, 1, 0xA269, 2,
    0x8986, 1, 0x7B47, 1, 0xB50B, 1, 0x7B47, 1,
    0xA488, 5, 0x10A3, 4, 0x6925, 3, 0x20E3, 3,
    0x2924, 4, 0x10A3, 1, 0x20E3, 2, 0xA145, 1,
    0x6925, 1, 0x20E3, 1, 0xFECD, 1, 0x3A09, 1,
    0x7B47, 1, 0xA488, 1, 0x6CB4, 1, 0x20E3, 3,
    0xFECD, 1, 0xA488, 1, 0x3A09, 1, 0x9083, 1,
    0x3A09, 1, 0x39A8, 1, 0xA488, 4, 0x2147, 1,
    0xA488, 4, 0x7B47, 1, 0xA488, 3, 0x7B47, 3,
    0x3985, 1, 0x4062, 1, 0x4841, 4, 0x7800, 1,
    0x10A3, 3, 0x3985, 2, 0x2924, 3, 0x4A27, 1,
    0x7B47, 3, 0x2924, 1, 0x10A3, 1, 0x2924, 1,
    0x8986, 1, 0x6925, 1, 0x20E3, 1, 0x18C5, 18,
    0x6800, 1, 0x2800, 1, 0xA488, 7, 0x4841, 1,
    0x6862, 2, 0x6925, 4, 0x6862, 4, 0x9083, 1,
    0x2147, 1, 0xDE0C, 1, 0x94D3, 1, 0xA269, 1,
    0x8986, 1, 0xA269, 1, 0xB50B, 1, 0x7B47, 1,
    0xA488, 6, 0x0862, 1, 0x1082, 2, 0x4A27, 1,
    0xA145, 1, 0x8986, 1, 0x2924, 1, 0x10A3, 1,
    0x20E3, 1, 0x4A27, 1, 0x7B47, 2, 0x4A27, 1,
    0x7B47, 1, 0x2924, 1, 0x20E3, 1, 0x10A3, 1,
    0x3985, 2, 0x2924, 1, 0xDE0C, 1, 0xA488, 1,
    0xA801, 2, 0x3A09, 1, 0xFECD, 3, 0xA488, 2,
    0x39A8, 1, 0xA801, 1, 0xA269, 1, 0x8986, 1,
    0x3A09, 1, 0x3985, 3, 0x2147, 1, 0xA488, 1,
    0x7B47, 1, 0x3985, 1, 0x4062, 1, 0x3985, 1,
    0x4A27, 1, 0x7B47, 5, 0x4A27, 2, 0x4000, 2,
    0x4841, 2, 0x10A3, 2, 0x18C3, 1, 0x10A3, 1,
    0xA145, 1, 0x8986, 1, 0x10A3, 2, 0x2924, 1,
    0x20E3, 1, 0x2924, 2, 0x10A3, 1, 0x20E3, 1,
    0x2924, 1, 0x8986, 1, 0xA145, 1, 0x18C5, 22,
    0x6000, 1, 0x5000, 1, 0x2800, 1, 0xA488, 1,
    0x7B47, 1, 0xA488, 4, 0x4841, 1, 0x6862, 5,
    0x6800, 2, 0x6925, 1, 0x8000, 1, 0x7800, 1,
    0x39A8, 1, 0x2147, 1, 0xB50B, 3, 0x7B47, 1,
    0xA488, 6, 0x0862, 2, 0x1082, 2, 0x4A27, 1,
    0xA145, 1, 0x10A3, 1, 0x20E3, 1, 0x2924, 1,
    0x4A27, 1, 0x10A3, 2, 0x4000, 1, 0x10A3, 1,
    0x4A27, 1, 0x3985, 1, 0x7B47, 1, 0x2924, 1,
    0x20E3, 1, 0x3985, 2, 0x20E3, 1, 0xA488, 1,
    0xA801, 1, 0x9083, 1, 0x3A09, 1, 0xA488, 3,
    0x3985, 1, 0x7B47, 1, 0x2147, 1, 0xA269, 1,
    0x9083, 2, 0x6925, 3, 0x2147, 2, 0x7B47, 1,
    0x4A27, 1, 0x4062, 1, 0x4841, 1, 0x4062, 1,
    0x3985, 4, 0x4A27, 3, 0x3985, 1, 0x4062, 1,
    0x4000, 1, 0x4841, 2, 0x10A3, 4, 0x18C3, 1,
    0x8986, 1, 0xA145, 1, 0x3985, 1, 0x2924, 1,
    0x20E3, 1, 0x10A3, 1, 0x2924, 3, 0xA145, 1,
    0x6925, 1, 0x18C5, 25, 0x6800, 1, 0x6000, 2,
    0x2800, 1, 0xA488, 6, 0x4841, 1, 0x2924, 1,
    0x6862, 2, 0x6925, 1, 0x6000, 2, 0x7800, 1,
    0x9000, 1, 0x18C3, 1, 0x4A27, 1, 0x7B47, 1,
    0xA488, 8, 0x0862, 1, 0x1082, 2, 0x0862, 1,
    0xA145, 1, 0x2924, 1, 0x10A3, 1, 0x2924, 1,
    0x7B47, 1, 0x10A3, 1, 0x4000, 1, 0x20E3, 4,
    0x10A3, 1, 0x4A27, 1, 0x2924, 2, 0x3985, 2,
    0x2924, 1, 0xA488, 1, 0x8986, 1, 0x9083, 1,
    0xA269, 1, 0x3A09, 1, 0x3985, 2, 0x8986, 1,
    0x2147, 1, 0x18C3, 1, 0x9083, 1, 0x2147, 4,
    0x10A3, 1, 0x1082, 2, 0x7B47, 1, 0x4A27, 1,
    0x3985, 1, 0x4841, 1, 0x4000, 1, 0x4062, 2,
    0x4000, 1, 0x4062, 3, 0x1082, 1, 0x4062, 1,
    0x3985, 1, 0x10A3, 2, 0x2147, 1, 0x18C5, 3,
    0x10A3, 1, 0x18C3, 1, 0x4A27, 1, 0xA145, 1,
    0x6925, 1, 0x8986, 1, 0x6925, 1, 0x8986, 1,
    0x3985, 1, 0xA145, 1, 0x6925, 1, 0x8986, 1,
    0x18C5, 27, 0x18C3, 1, 0x10A3, 1, 0x6000, 1,
    0x5000, 1, 0x6000, 1, 0x2800, 1, 0xA488, 4,
    0x4A27, 1, 0x2800, 1, 0x2924, 1, 0x9000, 1,
    0x6000, 2, 0x8000, 2, 0x5000, 1, 0x4A27, 1,
    0xA488, 8, 0x0862, 2, 0x1082, 1, 0x0862, 1,
    0xA145, 1, 0x8986, 1, 0x20E3, 1, 0x2924, 1,
    0x4A27, 1, 0x10A3, 1, 0x20E3, 2, 0x10A3, 1,
    0x0862, 2, 0x10A3, 1, 0x4000, 2, 0x7B47, 1,
    0x2924, 2, 0x3985, 1, 0x2924, 1, 0x20E3, 1,
    0x3A09, 1, 0x9083, 2, 0x6925, 2, 0x2147, 1,
    0x3A09, 1, 0x4A27, 1, 0x10A3, 1, 0x1082, 3,
    0x10A3, 1, 0x1082, 1, 0x3985, 3, 0x7B47, 1,
    0x3985, 1, 0x4062, 1, 0x4000, 7, 0x4062, 2,
    0x1082, 1, 0x4062, 1, 0x1082, 1, 0x2147, 1,
    0x2104, 1, 0x18C5, 8, 0xA145, 1, 0x3985, 1,
    0xA145, 1, 0x39A8, 1, 0x94D3, 1, 0x18C5, 29,
    0x18C3, 2, 0x10A3, 2, 0x18C3, 1, 0x5000, 1,
    0x6000, 2, 0x2800, 1, 0x7B47, 2, 0x2800, 2,
    0x2924, 1, 0x6000, 4, 0x5000, 1, 0x3985, 1,
    0x7B47, 1, 0xA488, 7, 0x0862, 1, 0x1082, 1,
    0x0862, 2, 0x6925, 1, 0x3985, 1, 0x20E3, 1,
    0x2924, 1, 0x10A3, 1, 0x4000, 1, 0x0862, 1,
    0x20E3, 1, 0x10A3, 1, 0x20E3, 1, 0x1082, 1,
    0x10A3, 1, 0x20E3, 1, 0x4000, 1, 0x4A27, 1,
    0x2924, 2, 0x3985, 2, 0x20E3, 1, 0x2147, 1,
    0x8986, 1, 0x2147, 2, 0x1082, 3, 0x4A27, 1,
    0x3985, 1, 0x4062, 4, 0x3985, 3, 0x4A27, 2,
    0x3985, 1, 0x4062, 1, 0x4000, 2, 0x4062, 4,
    0x10A3, 1, 0x1082, 1, 0x10A3, 2, 0x1082, 1,
    0x10A3, 1, 0x18C3, 1, 0x2147, 1, 0x18C5, 43,
    0x10A3, 2, 0x18C3, 2, 0x10A3, 2, 0x3A09, 1,
    0x5000, 1, 0x6000, 1, 0x6800, 1, 0x2800, 3,
    0x6800, 1, 0x6000, 1, 0x5000, 1, 0x6000, 1,
    0x5000, 1, 0x4062, 1, 0x4A27, 1, 0x7B47, 1,
    0xA488, 1, 0x7B47, 1, 0xA488, 3, 0x0862, 4,
    0x1082, 1, 0x39A8, 1, 0x2924, 1, 0x20E3, 1,
    0x7B47, 1, 0x3985, 1, 0x20E3, 1, 0x10A3, 2,
    0x20E3, 2, 0x10A3, 1, 0x20E3, 1, 0x10A3, 1,
    0x20E3, 2, 0x9083, 1, 0x2924, 2, 0x4A27, 1,
    0x20E3, 1, 0x1082, 1, 0x2800, 1, 0x1082, 4,
    0x4000, 3, 0x4062, 2, 0x4000, 1, 0x4062, 4,
    0x1082, 4, 0x4062, 2, 0x4000, 1, 0x4062, 2,
    0x10A3, 5, 0x4062, 1, 0x2104, 1, 0x2147, 1,
    0x18C5, 44, 0x10A3, 2, 0x18C3, 1, 0x10A3, 3,
    0x2147, 1, 0x3985, 1, 0x2924, 2, 0x6000, 2,
    0x2800, 1, 0x6800, 1, 0x6000, 2, 0x5000, 2,
    0x1082, 1, 0x4A27, 1, 0xA269, 1, 0x7B47, 3,
    0xA488, 2, 0x1082, 2, 0x0862, 2, 0x1082, 1,
    0x3A09, 1, 0x2924, 2, 0x7B47, 1, 0x1082, 1,
    0x20E3, 2, 0x10A3, 4, 0x20E3, 2, 0x7800, 1,
    0x20E3, 1, 0x2924, 2, 0x3985, 2, 0x20E3, 1,
    0x3985, 1, 0x4062, 1, 0x1082, 1, 0x4062, 1,
    0x1082, 1, 0x4062, 4, 0x4000, 1, 0x4062, 2,
    0x4000, 1, 0x4062, 11, 0x10A3, 3, 0x18C5, 51,
    0x10A3, 2, 0x18C3, 2, 0x10A3, 2, 0x4A27, 1,
    0x3985, 1, 0x20E3, 1, 0x2924, 2, 0x7B47, 1,
    0x5000, 1, 0x6000, 3, 0x5000, 1, 0x2800, 1,
    0x3985, 1, 0x4A27, 3, 0x7B47, 2, 0x1082, 1,
    0x0862, 1, 0x1082, 4, 0x3A09, 1, 0x20E3, 1,
    0x2924, 1, 0x4A27, 1, 0x20E3, 1, 0x10A3, 2,
    0x6000, 1, 0x10A3, 3, 0x20E3, 1, 0x10A3, 1,
    0x20E3, 1, 0x10A3, 1, 0x2924, 1, 0x20E3, 1,
    0x3985, 7, 0x1082, 1, 0x4062, 14, 0x4000, 1,
    0x18C5, 58, 0x10A3, 6, 0x6925, 1, 0x8986, 1,
    0x20E3, 1, 0x10A3, 1, 0x2924, 3, 0x7B47, 1,
    0x5000, 1, 0x6000, 1, 0x4000, 1, 0x4062, 1,
    0x3985, 2, 0x4A27, 3, 0x7B47, 1, 0x0862, 3,
    0x1082, 2, 0x2104, 1, 0x63B0, 1, 0x3985, 1,
    0x2924, 1, 0x8986, 1, 0x6000, 2, 0x10A3, 1,
    0x20E3, 1, 0x10A3, 1, 0x0862, 1, 0x10A3, 2,
    0x20E3, 2, 0x3985, 1, 0x7B47, 1, 0x20E3, 1,
    0x3985, 2, 0x4062, 1, 0x3985, 4, 0x3A09, 1,
    0x4062, 3, 0x4000, 1, 0x4062, 1, 0x4000, 1,
    0x4062, 2, 0x18C5, 66, 0x18C3, 1, 0x10A3, 5,
    0xA145, 1, 0x4A27, 1, 0x2924, 1, 0x20E3, 1,
    0x10A3, 1, 0x20E3, 1, 0x2924, 1, 0x20E3, 2,
    0x10A3, 1, 0x5000, 1, 0x3985, 1, 0x4A27, 5,
    0x10A3, 2, 0x0862, 3, 0x2147, 1, 0x3A09, 1,
    0x2924, 1, 0x3985, 1, 0x2924, 1, 0x20E3, 3,
    0x10A3, 3, 0x20E3, 1, 0x10A3, 1, 0x20E3, 1,
    0x4000, 1, 0x4A27, 1, 0x2924, 2, 0x3985, 1,
    0x2924, 1, 0x42CC, 1, 0x2147, 2, 0x18C5, 1,
    0x42CC, 1, 0x2147, 1, 0x18C3, 1, 0x18C5, 74,
    0x18C3, 1, 0x10A3, 2, 0x18C3, 1, 0x10A3, 1,
    0x2924, 1, 0x4A27, 1, 0x8986, 2, 0x2924, 1,
    0x20E3, 1, 0x2924, 3, 0x39A8, 1, 0xA145, 2,
    0x18C5, 1, 0x5000, 1, 0x3985, 2, 0x10A3, 2,
    0x18C3, 2, 0x10A3, 2, 0x2147, 1, 0x63B0, 1,
    0x3985, 1, 0x2924, 1, 0x7B47, 1, 0x10A3, 1,
    0x20E3, 1, 0x10A3, 2, 0x20E3, 1, 0x10A3, 1,
    0x20E3, 1, 0x0862, 1, 0x20E3, 1, 0x10A3, 1,
    0x7B47, 1, 0x2924, 1, 0x3985, 1, 0x6925, 1,
    0x20E3, 1, 0x2104, 1, 0x18C5, 2, 0x10A3, 1,
    0x42CC, 1, 0x18C5, 1, 0x0000, 1, 0x18C5, 78,
    0x10A3, 2, 0x4A27, 1, 0xA145, 1, 0x6925, 1,
    0x8986, 1, 0x6925, 1, 0x8986, 1, 0x4A27, 1,
    0xA145, 1, 0x6925, 1, 0xA145, 1, 0x18C5, 6,
    0x10A3, 3, 0x18C3, 3, 0x39A8, 1, 0x3985, 1,
    0x2924, 2, 0x7B47, 1, 0x10A3, 1, 0x20E3, 1,
    0x0862, 1, 0x20E3, 1, 0x10A3, 1, 0x0862, 1,
    0x20E3, 1, 0x4000, 1, 0x3985, 1, 0x2924, 1,
    0x10A3, 1, 0x2924, 1, 0xA145, 1, 0x3985, 1,
    0x0000, 1, 0x18C5, 2, 0x2147, 1, 0x18C5, 2,
    0x18E4, 1, 0x18C5, 83, 0xA145, 1, 0x3985, 1,
    0xA145, 1, 0x6925, 1, 0x94D3, 1, 0x3A09, 1,
    0x18C5, 7, 0x10A3, 5, 0x18C3, 1, 0x2147, 1,
    0x3985, 1, 0x2924, 3, 0x10A3, 1, 0x4000, 1,
    0x20E3, 3, 0x4000, 1, 0x10A3, 2, 0x2924, 1,
    0x20E3, 2, 0x6925, 1, 0x4A27, 1, 0x18C5, 1,
    0x2147, 1, 0x18C5, 1, 0x0000, 1, 0x18C5, 1,
    0x0000, 2, 0x2924, 1, 0x18C5, 97, 0x10A3, 1,
    0x18C3, 1, 0x10A3, 3, 0x18C3, 1, 0x4A27, 1,
    0x2924, 1, 0x20E3, 1, 0x2924, 1, 0x4A27, 1,
    0x7B47, 1, 0x10A3, 1, 0x4000, 1, 0x10A3, 2,
    0x4A27, 1, 0x2924, 1, 0x10A3, 2, 0x6925, 1,
    0xA145, 1, 0x20E3, 1, 0x18C5, 2, 0x2147, 1,
    0x18C5, 3, 0x2104, 1, 0x18C5, 98, 0x10A3, 3,
    0x18C3, 1, 0x10A3, 2, 0x2147, 1, 0x3985, 2,
    0x2924, 3, 0x7B47, 1, 0x3985, 1, 0x4A27, 2,
    0x2924, 2, 0x10A3, 1, 0x6925, 1, 0x8986, 1,
    0x6925, 1, 0x20E3, 1, 0x18C5, 106, 0x10A3, 3,
    0x18C3, 2, 0x10A3, 1, 0xA145, 1, 0x8986, 1,
    0x10A3, 2, 0x2924, 5, 0x10A3, 1, 0x20E3, 1,
    0x2924, 1, 0x8986, 1, 0xA145, 1, 0x18C5, 108,
    0x10A3, 5, 0x18C3, 1, 0xA145, 1, 0x8986, 2,
    0x3985, 1, 0x10A3, 1, 0x20E3, 1, 0x10A3, 1,
    0x20E3, 1, 0x2924, 2, 0x3985, 1, 0xA145, 1,
    0x6925, 1, 0x18C5, 113, 0x10A3, 3, 0x4A27, 1,
    0xA145, 1, 0x8986, 1, 0x6925, 2, 0x2924, 1,
    0x4A27, 1, 0x3985, 1, 0x4A27, 1, 0xA145, 1,
    0x8986, 1, 0x18C5, 118, 0x6925, 1, 0x4A27, 1,
    0xA145, 1, 0x6925, 1, 0x8986, 1, 0x6925, 1,
    0x4A27, 1, 0x3A09, 1, 0x2147, 1, 0x18C5, 124,
    0x39A8, 1, 0x2147, 1, 0x18C5, 4937, 0x18C5, 4406,
    0x9000, 8, 0xA145, 3, 0x18C5, 111, 0x8000, 3,
    0x9000, 2, 0x8000, 1, 0x9083, 1, 0x632E, 2,
    0x52CC, 1, 0xB50B, 7, 0x63B0, 1, 0x632E, 1,
    0x63B0, 2, 0x18C5, 102, 0x8000, 1, 0x6000, 1,
    0x5000, 1, 0x6000, 2, 0x6800, 2, 0x18C3, 1,
    0xB50B, 6, 0x632E, 1, 0x52CC, 2, 0xB50B, 7,
    0x52CC, 2, 0x63B0, 1, 0x632E, 1, 0x18C5, 98,
    0x8000, 4, 0x7800, 1, 0x4000, 2, 0x6000, 2,
    0x18C3, 1, 0x6862, 1, 0x52CC, 1, 0xB50B, 2,
    0x632E, 1, 0x63B0, 1, 0x3A09, 1, 0x8986, 3,
    0x63B0, 4, 0x52CC, 1, 0x632E, 1, 0x52CC, 2,
    0x5ACA, 1, 0x63B0, 1, 0x8986, 1, 0x18C5, 94,
    0x8000, 1, 0x42CC, 1, 0x2147, 2, 0xA269, 1,
    0x6800, 1, 0x7800, 3, 0x4000, 2, 0x5000, 1,
    0x6000, 1, 0x4A27, 2, 0x732B, 1, 0x632E, 2,
    0x732B, 5, 0x18C3, 1, 0x6925, 1, 0x2924, 2,
    0x3A09, 5, 0x18C3, 1, 0x63B0, 1, 0x8986, 1,
    0x18C5, 19, 0x8986, 3, 0x18C5, 69, 0x42CC, 1,
    0x6CB4, 2, 0x63B0, 2, 0x6800, 1, 0x2924, 1,
    0xA269, 2, 0x6000, 4, 0x5000, 2, 0x6000, 1,
    0x3A09, 1, 0x2800, 1, 0x42CC, 1, 0x10A3, 3,
    0x6800, 3, 0x6862, 2, 0x6925, 6, 0x5ACA, 2,
    0x8986, 1, 0x632E, 1, 0x2147, 1, 0x18C5, 9,
    0x8986, 3, 0x0862, 1, 0x2800, 3, 0xA488, 2,
    0x3A09, 1, 0x52CC, 1, 0x6925, 1, 0x3A09, 2,
    0x6800, 1, 0x7800, 1, 0x2800, 2, 0x8986, 1,
    0x18C5, 59, 0x7800, 1, 0x63B0, 1, 0x6CB4, 2,
    0x63B0, 1, 0x42CC, 1, 0x6CB4, 2, 0x63B0, 1,
    0x7800, 1, 0x2147, 1, 0x18E4, 1, 0x8986, 1,
    0x6000, 4, 0x4000, 2, 0x6000, 6, 0x6800, 6,
    0x6862, 2, 0x6925, 4, 0x8986, 1, 0x632E, 2,
    0x18E4, 1, 0x39A8, 1, 0x18C5, 3, 0x8986, 1,
    0x2800, 2, 0x7800, 1, 0x6800, 2, 0x8986, 1,
    0x52CC, 3, 0x632E, 1, 0xB50B, 2, 0xA488, 10,
    0xB50B, 2, 0x52CC, 1, 0x6862, 1, 0x4000, 1,
    0x2800, 1, 0x18C5, 52, 0x2147, 1, 0x6CB4, 3,
    0x42CC, 1, 0x7800, 1, 0x6CB4, 1, 0x63B0, 1,
    0x42CC, 1, 0x6000, 1, 0x42CC, 1, 0x632E, 1,
    0x52CC, 2, 0x6800, 1, 0x8986, 1, 0x6000, 4,
    0x4000, 2, 0x6000, 6, 0x6800, 5, 0x6000, 7,
    0x6862, 1, 0x8986, 1, 0x6000, 1, 0x39A8, 2,
    0x8000, 1, 0x8986, 3, 0x52CC, 1, 0x6925, 4,
    0x52CC, 4, 0xB50B, 1, 0xA488, 1, 0x3A09, 1,
    0x6862, 2, 0x4841, 1, 0xA488, 2, 0x4000, 1,
    0x2800, 1, 0xA488, 2, 0x6925, 1, 0x52CC, 1,
    0xA488, 1, 0x18E4, 1, 0x18C3, 1, 0x7800, 2,
    0x6800, 1, 0x18C5, 48, 0x18E4, 1, 0x6CB4, 2,
    0x63B0, 1, 0x42CC, 1, 0x6CB4, 2, 0x42CC, 1,
    0x7800, 1, 0x42CC, 1, 0x632E, 1, 0x63B0, 2,
    0x6800, 1, 0x42CC, 3, 0x2104, 1, 0x8986, 1,
    0x6000, 4, 0x5000, 1, 0x6000, 5, 0xA801, 1,
    0x9083, 1, 0xA269, 1, 0x94D3, 1, 0xA269, 1,
    0xB50B, 1, 0xA269, 3, 0x39A8, 1, 0x2147, 1,
    0x2104, 1, 0x2924, 1, 0xA269, 1, 0xA145, 2,
    0x39A8, 2, 0x2147, 1, 0x52CC, 1, 0x3A09, 1,
    0x632E, 5, 0x52CC, 1, 0x632E, 3, 0xB50B, 2,
    0x52CC, 4, 0x632E, 1, 0xB50B, 5, 0x8BCA, 1,
    0x7B47, 1, 0x6925, 1, 0xA488, 1, 0x7B47, 1,
    0x5000, 1, 0xA488, 2, 0x10A3, 1, 0x6862, 1,
    0x6800, 1, 0x18C5, 37, 0x52CC, 7, 0x6862, 1,
    0x6CB4, 2, 0x63B0, 1, 0x42CC, 1, 0x6CB4, 2,
    0x42CC, 1, 0x6800, 1, 0x632E, 1, 0x63B0, 2,
    0x6800, 1, 0x42CC, 1, 0x632E, 4, 0x42CC, 2,
    0x18E4, 1, 0x8986, 1, 0x6000, 3, 0x94D3, 1,
    0xA269, 3, 0x94D3, 3, 0x39A8, 8, 0x94D3, 3,
    0x2147, 1, 0x8986, 1, 0xA269, 3, 0x39A8, 2,
    0x10A3, 2, 0x2924, 1, 0x632E, 1, 0x63B0, 6,
    0xB50B, 1, 0x63B0, 2, 0xB50B, 1, 0x632E, 4,
    0xB50B, 1, 0x63B0, 1, 0x52CC, 3, 0x8BCA, 1,
    0x42CC, 1, 0x2924, 1, 0x5ACA, 1, 0x8BCA, 1,
    0x7B47, 1, 0x5000, 2, 0x4841, 1, 0x8BCA, 1,
    0xB50B, 1, 0x7800, 1, 0x2800, 1, 0x18C5, 15,
    0x2800, 1, 0x18C5, 13, 0x52CC, 7, 0x632E, 2,
    0x52CC, 1, 0x632E, 1, 0x6800, 1, 0x6CB4, 2,
    0x63B0, 1, 0x42CC, 1, 0x6CB4, 2, 0x42CC, 1,
    0x6800, 1, 0x632E, 1, 0x63B0, 2, 0x42CC, 1,
    0x632E, 6, 0x52CC, 1, 0x3A09, 1, 0x18E4, 1,
    0x8986, 1, 0x6000, 1, 0x9000, 3, 0x18C3, 2,
    0x18E4, 1, 0x2104, 1, 0x2147, 1, 0x39A8, 1,
    0x94D3, 12, 0x6CB4, 1, 0x39A8, 4, 0xA145, 1,
    0x39A8, 1, 0x42CC, 1, 0x7800, 1, 0x8986, 1,
    0x18E4, 1, 0x52CC, 1, 0x63B0, 3, 0x632E, 1,
    0xB50B, 2, 0x632E, 2, 0xB50B, 2, 0x632E, 2,
    0xB50B, 2, 0x42CC, 1, 0x632E, 2, 0xB50B, 2,
    0x8BCA, 1, 0x6862, 1, 0x5ACA, 1, 0xB50B, 2,
    0xA488, 1, 0x5000, 1, 0x4000, 1, 0x5000, 1,
    0x4841, 1, 0x4104, 1, 0x2800, 1, 0x6800, 1,
    0x6925, 1, 0x18C5, 13, 0x4841, 1, 0x4000, 1,
    0x18C5, 7, 0x6925, 1, 0x3A09, 1, 0x52CC, 12,
    0x7800, 1, 0x6CB4, 2, 0x63B0, 1, 0x42CC, 1,
    0x6CB4, 2, 0x42CC, 1, 0x6800, 1, 0x63B0, 3,
    0x42CC, 1, 0x632E, 6, 0x42CC, 1, 0x3A09, 1,
    0x10A3, 1, 0x9000, 4, 0x10A3, 1, 0x9000, 2,
    0x8000, 1, 0x2147, 1, 0x94D3, 17, 0x6CB4, 1,
    0x63B0, 3, 0xA269, 1, 0x39A8, 1, 0x2147, 1,
    0x632E, 1, 0x6800, 1, 0x8986, 1, 0x18E4, 2,
    0x52CC, 1, 0x63B0, 3, 0xB50B, 2, 0x632E, 1,
    0xB50B, 2, 0x632E, 3, 0xB50B, 4, 0x8BCA, 1,
    0x2924, 1, 0x8BCA, 1, 0x5ACA, 1, 0x4A27, 1,
    0xA488, 1, 0x8BCA, 2, 0x6925, 1, 0x5000, 2,
    0x4104, 1, 0x4A27, 1, 0x5000, 1, 0xB50B, 1,
    0x7800, 1, 0x5000, 1, 0x6800, 1, 0x18C5, 11,
    0x5000, 1, 0x39A8, 1, 0x3A09, 1, 0x4000, 1,
    0x6000, 1, 0x6862, 5, 0x6925, 1, 0x6862, 1,
    0x6925, 1, 0x3A09, 2, 0x6925, 4, 0x6862, 2,
    0x4062, 1, 0x63B0, 1, 0x6CB4, 1, 0x63B0, 1,
    0x42CC, 1, 0x6CB4, 2, 0x632E, 1, 0x6800, 1,
    0x63B0, 3, 0x42CC, 1, 0x632E, 2, 0x63B0, 2,
    0x632E, 2, 0x2924, 1, 0x6000, 1, 0x9000, 2,
    0x94D3, 4, 0x52CC, 1, 0x2147, 1, 0x6800, 1,
    0x9000, 3, 0x39A8, 1, 0x94D3, 17, 0x6CB4, 2,
    0x63B0, 2, 0xA269, 1, 0x2147, 1, 0x63B0, 2,
    0x6800, 1, 0x8986, 2, 0x18E4, 1, 0x52CC, 1,
    0x63B0, 2, 0x632E, 2, 0x63B0, 1, 0xB50B, 3,
    0x52CC, 1, 0x42CC, 1, 0x632E, 1, 0xB50B, 4,
    0x7800, 1, 0xB50B, 1, 0x6925, 1, 0xB50B, 1,
    0x6800, 1, 0x5ACA, 1, 0x8BCA, 1, 0x6800, 1,
    0x6000, 1, 0x6925, 1, 0x4841, 1, 0x6862, 1,
    0xB50B, 3, 0x6000, 1, 0x7800, 1, 0x1082, 1,
    0x6800, 1, 0x18C5, 9, 0x6000, 1, 0x5000, 1,
    0x4841, 1, 0x4000, 2, 0x6000, 8, 0x6862, 1,
    0x6000, 5, 0x7800, 1, 0x2147, 1, 0x632E, 1,
    0x63B0, 1, 0x42CC, 1, 0x6CB4, 2, 0x632E, 1,
    0x6800, 1, 0x63B0, 3, 0x42CC, 1, 0x632E, 1,
    0x63B0, 4, 0x42CC, 1, 0x2924, 1, 0x9000, 2,
    0x94D3, 3, 0x39A8, 2, 0x18E4, 1, 0x94D3, 3,
    0x6CB4, 1, 0x2104, 1, 0x9000, 2, 0x2147, 1,
    0x6CB4, 1, 0x94D3, 14, 0x6CB4, 4, 0x63B0, 1,
    0x39A8, 1, 0x63B0, 1, 0xA145, 1, 0x63B0, 3,
    0x8986, 2, 0x18C3, 1, 0x3A09, 1, 0x632E, 3,
    0x63B0, 1, 0xA269, 2, 0x632E, 3, 0x52CC, 1,
    0x63B0, 1, 0xB50B, 3, 0x63B0, 2, 0x6862, 1,
    0x2800, 2, 0xA269, 1, 0x8986, 1, 0x2800, 2,
    0x8000, 1, 0x632E, 3, 0x9083, 1, 0x8986, 1,
    0x9083, 2, 0x6800, 1, 0x6862, 1, 0x5000, 1,
    0x6800, 1, 0x18C5, 8, 0x18C3, 1, 0x5000, 2,
    0x4841, 1, 0x4104, 1, 0x4000, 1, 0x6000, 9,
    0x6800, 4, 0x6862, 1, 0x2147, 1, 0x2104, 1,
    0x63B0, 2, 0x632E, 1, 0x6800, 1, 0x63B0, 3,
    0x42CC, 1, 0x63B0, 5, 0x42CC, 1, 0x6000, 1,
    0x9000, 3, 0x94D3, 1, 0x2104, 1, 0x18E4, 1,
    0x2147, 1, 0x52CC, 1, 0x94D3, 4, 0x6CB4, 2,
    0x2147, 1, 0x9083, 2, 0x3A09, 1, 0x63B0, 1,
    0x6CB4, 1, 0x94D3, 12, 0x6CB4, 7, 0x63B0, 1,
    0x2147, 1, 0xA269, 1, 0x63B0, 2, 0x6800, 2,
    0x2800, 1, 0x2924, 1, 0x8986, 1, 0x5ACA, 3,
    0x632E, 2, 0x9000, 2, 0x2800, 3, 0xA269, 1,
    0x7800, 1, 0x5000, 5, 0x4841, 3, 0x4062, 1,
    0x4841, 1, 0x4104, 5, 0x8986, 2, 0x4000, 1,
    0x2800, 1, 0x6862, 1, 0x7800, 1, 0x5000, 1,
    0x6800, 2, 0x18C5, 6, 0x0000, 1, 0x5000, 1,
    0x18C3, 1, 0x5000, 2, 0x4104, 1, 0x4000, 3,
    0x6800, 10, 0x5000, 1, 0x2147, 2, 0x42CC, 1,
    0x6800, 1, 0x632E, 1, 0x63B0, 2, 0x42CC, 1,
    0x63B0, 4, 0x42CC, 1, 0x5000, 1, 0x8000, 1,
    0x9000, 3, 0x94D3, 2, 0x63B0, 3, 0x6CB4, 1,
    0x94D3, 2, 0x6CB4, 4, 0x63B0, 1, 0x39A8, 1,
    0x9083, 3, 0x632E, 1, 0x6CB4, 1, 0x94D3, 13,
    0x6CB4, 6, 0x63B0, 1, 0x39A8, 1, 0x6862, 1,
    0x63B0, 2, 0x6800, 1, 0x8986, 2, 0x18C3, 1,
    0x6862, 1, 0x7800, 1, 0x18C3, 2, 0x8986, 2,
    0x6800, 1, 0x5000, 8, 0x3A09, 6, 0x39A8, 1,
    0x3A09, 2, 0x39A8, 2, 0x3985, 3, 0x4062, 1,
    0x5000, 2, 0x6862, 3, 0x632E, 1, 0x6862, 1,
    0x6800, 1, 0x18C5, 5, 0x2800, 1, 0x0000, 1,
    0x4000, 1, 0x7800, 1, 0x39A8, 1, 0x5000, 1,
    0x42CC, 1, 0x4104, 1, 0x6925, 1, 0x4000, 1,
    0x7800, 4, 0x8000, 3, 0x7800, 1, 0x6800, 2,
    0x10A3, 1, 0x6800, 1, 0x2147, 1, 0x632E, 1,
    0x63B0, 1, 0x42CC, 1, 0x63B0, 3, 0x632E, 1,
    0x42CC, 1, 0x6000, 1, 0x8000, 1, 0x9000, 4,
    0x94D3, 1, 0x18E4, 1, 0x63B0, 1, 0x6CB4, 2,
    0x94D3, 1, 0x632E, 1, 0x63B0, 3, 0x632E, 2,
    0x63B0, 2, 0x39A8, 1, 0x2104, 1, 0x9000, 1,
    0x9083, 1, 0x6862, 1, 0x632E, 1, 0x6CB4, 4,
    0x94D3, 2, 0x6CB4, 8, 0x63B0, 1, 0x6CB4, 4,
    0x39A8, 1, 0x2800, 1, 0x6000, 1, 0x9000, 1,
    0x63B0, 1, 0x8986, 1, 0x2800, 2, 0x8986, 2,
    0x6800, 1, 0x5000, 7, 0x3A09, 6, 0x42CC, 6,
    0x7B47, 2, 0x3A09, 2, 0x42CC, 1, 0x39A8, 2,
    0x4104, 3, 0x4841, 1, 0x6000, 1, 0x6925, 2,
    0x2104, 1, 0x6862, 2, 0x5000, 1, 0x18C5, 4,
    0x2800, 1, 0x0000, 2, 0x8986, 2, 0x4000, 2,
    0x5000, 1, 0x4000, 1, 0x4104, 1, 0x9083, 1,
    0x8000, 5, 0x7800, 3, 0x6800, 2, 0x18C3, 1,
    0x18E4, 1, 0x10A3, 1, 0x2147, 1, 0x63B0, 1,
    0x52CC, 1, 0x42CC, 1, 0x18E4, 1, 0x6000, 1,
    0x8000, 1, 0x9083, 3, 0x9000, 1, 0x8986, 1,
    0x94D3, 1, 0x18E4, 1, 0x2147, 3, 0x632E, 1,
    0x39A8, 1, 0x2924, 1, 0x2104, 2, 0x4841, 1,
    0x2104, 1, 0x5000, 2, 0x2104, 1, 0x2147, 2,
    0x18C3, 1, 0xA801, 3, 0x632E, 1, 0x63B0, 1,
    0x6CB4, 4, 0x63B0, 7, 0x2800, 3, 0x4841, 1,
    0x10A3, 2, 0x2800, 1, 0x94D3, 1, 0xA269, 2,
    0xA145, 1, 0x6800, 1, 0x4104, 2, 0x5000, 6,
    0x39A8, 4, 0x3A09, 3, 0x42CC, 1, 0x632E, 5,
    0xDE0C, 1, 0x94D3, 2, 0xB50B, 4, 0x632E, 1,
    0x7B47, 1, 0x39A8, 1, 0x18C3, 1, 0x4104, 2,
    0x18C3, 1, 0x6000, 1, 0x6800, 1, 0x8BCA, 3,
    0x7B47, 1, 0x632E, 1, 0x4000, 1, 0x18C5, 3,
    0x4000, 1, 0x3985, 1, 0x2800, 1, 0x4000, 1,
    0x2800, 1, 0x8986, 1, 0x2800, 1, 0x5000, 1,
    0x4000, 1, 0x5000, 1, 0x6000, 1, 0x8000, 9,
    0x7800, 1, 0x6800, 3, 0x4841, 1, 0x2924, 1,
    0x5000, 1, 0x8000, 3, 0x8986, 2, 0x632E, 4,
    0x63B0, 4, 0x94D3, 1, 0x63B0, 2, 0x632E, 2,
    0x63B0, 9, 0x8986, 3, 0x1082, 1, 0x18C3, 2,
    0x10A3, 2, 0x94D3, 1, 0x18C3, 2, 0x10A3, 2,
    0x2800, 3, 0x52CC, 2, 0x632E, 2, 0x52CC, 1,
    0x6925, 3, 0x52CC, 7, 0x3A09, 3, 0x63B0, 2,
    0x632E, 3, 0x63B0, 2, 0x632E, 5, 0x3985, 1,
    0x2147, 4, 0x6862, 3, 0x2924, 4, 0x6862, 1,
    0x6000, 3, 0x6862, 1, 0x6000, 1, 0x6800, 2,
    0x8BCA, 4, 0x6CB4, 1, 0x18C5, 4, 0x18A2, 1,
    0x4062, 1, 0x1082, 1, 0x2800, 1, 0x10A3, 1,
    0x632E, 1, 0x2800, 1, 0x5000, 3, 0x6000, 1,
    0x9083, 2, 0x8000, 4, 0x7800, 3, 0x6800, 2,
    0x8000, 2, 0x9083, 1, 0x632E, 2, 0x63B0, 4,
    0x632E, 1, 0x63B0, 2, 0x52CC, 2, 0x3A09, 1,
    0x2104, 1, 0x4A27, 1, 0x732B, 1, 0x4A27, 1,
    0x2104, 1, 0x3A09, 2, 0x5ACA, 2, 0x52CC, 1,
    0x5ACA, 4, 0x52CC, 3, 0x632E, 6, 0x42CC, 2,
    0x52CC, 1, 0x42CC, 1, 0x3A09, 2, 0x39A8, 2,
    0x3A09, 1, 0x632E, 2, 0x63B0, 1, 0x632E, 7,
    0x52CC, 7, 0x632E, 5, 0x5ACA, 1, 0x632E, 1,
    0x5ACA, 2, 0x52CC, 1, 0x42CC, 1, 0x39A8, 1,
    0x63B0, 1, 0x39A8, 4, 0x9000, 1, 0x7800, 1,
    0x3985, 1, 0x4A27, 1, 0x6925, 1, 0x4A27, 1,
    0x6862, 1, 0x7800, 1, 0x6800, 2, 0x7800, 1,
    0x6800, 1, 0x8000, 1, 0x9000, 4, 0xA269, 1,
    0x63B0, 2, 0x6CB4, 1, 0x18C5, 4, 0x2800, 1,
    0x0000, 1, 0x1082, 1, 0x4A27, 1, 0x4000, 1,
    0x2800, 1, 0x39A8, 1, 0x8986, 1, 0x4000, 2,
    0x6000, 1, 0x7800, 3, 0x6800, 1, 0x8000, 3,
    0x9083, 3, 0x8986, 1, 0x18C3, 1, 0x39A8, 2,
    0x18C3, 2, 0x4841, 2, 0x4104, 2, 0x6925, 1,
    0x18C3, 1, 0x10A3, 1, 0x18C3, 2, 0x2104, 1,
    0x6862, 1, 0x18E4, 1, 0x18C3, 1, 0x7B47, 1,
    0x732B, 1, 0x8BCA, 1, 0x7B47, 1, 0x3A09, 1,
    0x2924, 1, 0x3A09, 1, 0x2924, 1, 0x2104, 1,
    0x3A09, 1, 0x6925, 2, 0x5ACA, 1, 0x52CC, 3,
    0x8986, 1, 0x52CC, 3, 0x632E, 7, 0x52CC, 7,
    0x632E, 1, 0x52CC, 4, 0x632E, 6, 0x94D3, 6,
    0x63B0, 1, 0x6CB4, 1, 0x63B0, 4, 0x39A8, 1,
    0x9083, 5, 0x2924, 4, 0x20E3, 2, 0x3985, 1,
    0x2924, 1, 0x6925, 1, 0xA145, 1, 0x6800, 2,
    0x7800, 1, 0x8000, 1, 0x9000, 3, 0x94D3, 1,
    0x2104, 1, 0x63B0, 1, 0x10A3, 1, 0x18C5, 4,
    0x4062, 1, 0x2924, 1, 0x2800, 1, 0x0862, 1,
    0x4A27, 1, 0x20E3, 1, 0x2800, 2, 0x4000, 1,
    0x5000, 1, 0x4000, 1, 0x6000, 1, 0x5000, 4,
    0x4841, 5, 0x4000, 1, 0x10A3, 1, 0x18C3, 3,
    0x10A3, 1, 0x2800, 1, 0x4000, 1, 0x4062, 2,
    0x20E3, 1, 0x2924, 1, 0x2104, 2, 0x10A3, 4,
    0x2924, 1, 0x18C3, 1, 0x732B, 1, 0xA488, 1,
    0x8BCA, 2, 0x732B, 1, 0x8BCA, 2, 0x732B, 1,
    0x7B47, 1, 0x2104, 2, 0x3A09, 1, 0x2924, 1,
    0x52CC, 1, 0x8986, 1, 0x632E, 9, 0x52CC, 3,
    0x632E, 1, 0x94D3, 16, 0xA269, 1, 0x63B0, 4,
    0x3A09, 1, 0x63B0, 4, 0x39A8, 1, 0x63B0, 2,
    0x9083, 1, 0x7800, 1, 0x9000, 1, 0x6925, 1,
    0x2924, 1, 0x20E3, 1, 0x10A3, 1, 0x2924, 4,
    0x10A3, 2, 0x4A27, 1, 0x3985, 1, 0xA145, 1,
    0x3985, 1, 0x8000, 3, 0xA801, 3, 0x94D3, 2,
    0x6800, 1, 0x7800, 1, 0x18C5, 3, 0x9083, 1,
    0x4062, 1, 0x1082, 1, 0x0862, 1, 0x20E3, 1,
    0x7B47, 1, 0x20E3, 1, 0x2800, 3, 0x5000, 1,
    0x6000, 1, 0x5000, 3, 0x4000, 6, 0x20E3, 1,
    0x18A2, 1, 0x2924, 4, 0x20E3, 4, 0x4A27, 3,
    0xA488, 4, 0x2924, 1, 0xA488, 1, 0x5ACA, 1,
    0xA488, 1, 0xB50B, 1, 0xDE0C, 7, 0xB50B, 1,
    0xDE0C, 1, 0xB50B, 1, 0xDE0C, 1, 0x94D3, 1,
    0x3A09, 1, 0x63B0, 1, 0x94D3, 1, 0x63B0, 1,
    0xA269, 1, 0x94D3, 6, 0xFECD, 2, 0x94D3, 2,
    0xFECD, 1, 0x94D3, 12, 0xA269, 1, 0x94D3, 2,
    0xA269, 1, 0xA145, 3, 0x9000, 1, 0x39A8, 1,
    0x63B0, 3, 0x2147, 4, 0xA145, 1, 0x8986, 1,
    0x2924, 1, 0x10A3, 1, 0x20E3, 1, 0x7B47, 2,
    0x4A27, 3, 0x2924, 1, 0x20E3, 2, 0x2924, 1,
    0x6925, 1, 0x3985, 1, 0x8000, 1, 0x7800, 1,
    0x8000, 1, 0x7800, 2, 0x6800, 3, 0x7800, 2,
    0x18C5, 2, 0x8986, 1, 0x8000, 1, 0x9083, 1,
    0x6862, 1, 0x1082, 2, 0x4A27, 1, 0x20E3, 1,
    0x2800, 1, 0x0000, 1, 0x3985, 1, 0x2800, 1,
    0x5000, 1, 0x6000, 1, 0x5000, 1, 0x2800, 1,
    0x18A2, 1, 0x20E3, 5, 0x7B47, 2, 0xA488, 20,
    0xDE0C, 2, 0xB50B, 1, 0xDE0C, 2, 0xFECD, 7,
    0xDE0C, 1, 0x94D3, 1, 0x3A09, 1, 0x63B0, 1,
    0x94D3, 1, 0x6CB4, 1, 0xA269, 1, 0x94D3, 2,
    0xFECD, 8, 0x94D3, 6, 0xA269, 4, 0xA145, 1,
    0xA269, 1, 0x94D3, 6, 0x39A8, 1, 0x2147, 4,
    0x18C3, 3, 0x2924, 1, 0x4A27, 1, 0x2924, 1,
    0x20E3, 1, 0x2924, 1, 0x4A27, 1, 0x3985, 1,
    0x10A3, 1, 0x4000, 2, 0x10A3, 2, 0x7B47, 1,
    0x2924, 1, 0x20E3, 1, 0x2924, 1, 0x3985, 1,
    0x2924, 1, 0x7800, 1, 0x8000, 1, 0x7800, 2,
    0x6800, 4, 0x7800, 1, 0x18C5, 2, 0x8000, 2,
    0x8986, 2, 0x9083, 1, 0x10A3, 1, 0x4104, 1,
    0x2924, 1, 0x7B47, 1, 0x0862, 3, 0x7800, 1,
    0x2800, 1, 0x7800, 1, 0x4000, 1, 0x3985, 2,
    0x7B47, 5, 0xA488, 22, 0xDE0C, 1, 0xFECD, 9,
    0x94D3, 5, 0xFECD, 2, 0x6CB4, 1, 0x63B0, 1,
    0xFECD, 10, 0x3A09, 1, 0xA269, 4, 0xA145, 5,
    0x94D3, 8, 0x7B47, 4, 0x2147, 2, 0x10A3, 1,
    0xA145, 1, 0x2924, 1, 0x10A3, 1, 0x2924, 1,
    0x7B47, 1, 0x3985, 1, 0x20E3, 6, 0x4A27, 2,
    0x2924, 1, 0x20E3, 1, 0x3985, 2, 0x7800, 2,
    0x8000, 1, 0x7800, 1, 0x6800, 4, 0x7800, 1,
    0x18C5, 2, 0x18C3, 1, 0x9083, 2, 0x8986, 2,
    0x9083, 1, 0x2924, 1, 0x2104, 1, 0x3985, 1,
    0x2800, 4, 0x7800, 1, 0x6000, 1, 0x7800, 1,
    0x5000, 1, 0x3985, 1, 0x7B47, 4, 0xA488, 22,
    0xFECD, 1, 0xDE0C, 1, 0xFECD, 8, 0x94D3, 1,
    0xFECD, 7, 0xB50B, 1, 0x6CB4, 1, 0xFECD, 4,
    0x94D3, 2, 0xFECD, 4, 0xB50B, 1, 0x3A09, 1,
    0x39A8, 1, 0xA269, 1, 0xA145, 1, 0x2147, 1,
    0xA801, 4, 0x94D3, 2, 0x63B0, 2, 0x94D3, 1,
    0x63B0, 1, 0x632E, 1, 0x63B0, 1, 0x4841, 1,
    0x2147, 1, 0x7B47, 1, 0x2147, 1, 0x39A8, 1,
    0x2147, 2, 0x8986, 1, 0x2924, 3, 0x10A3, 1,
    0x20E3, 2, 0x10A3, 2, 0x20E3, 1, 0x10A3, 1,
    0x18C3, 1, 0x20E3, 1, 0x3985, 1, 0x7B47, 1,
    0x20E3, 1, 0x2924, 1, 0x3985, 1, 0x2924, 1,
    0x7800, 2, 0x6800, 6, 0x18C5, 3, 0x18C3, 1,
    0x6862, 1, 0x8986, 1, 0xA269, 1, 0x632E, 1,
    0x9083, 1, 0x7B47, 2, 0x4A27, 1, 0x0862, 1,
    0x2800, 1, 0x3985, 1, 0x7800, 3, 0x4841, 1,
    0x2147, 1, 0x8BCA, 1, 0x5ACA, 1, 0x732B, 1,
    0xB50B, 1, 0x8BCA, 1, 0x7B47, 1, 0xA488, 17,
    0xDE0C, 4, 0xFECD, 1, 0xDE0C, 1, 0xFECD, 1,
    0xDE0C, 1, 0xFECD, 5, 0xB50B, 1, 0xFECD, 7,
    0xDE0C, 1, 0x94D3, 1, 0xFECD, 3, 0x94D3, 1,
    0x3A09, 2, 0x6CB4, 1, 0xFECD, 3, 0xDE0C, 2,
    0xB50B, 2, 0x2147, 1, 0x7B47, 1, 0x2147, 1,
    0x9000, 1, 0xA801, 2, 0x2147, 1, 0x6CB4, 1,
    0x63B0, 1, 0x39A8, 3, 0x2147, 2, 0x39A8, 1,
    0x2147, 2, 0x632E, 2, 0x39A8, 1, 0x2147, 1,
    0x2924, 1, 0x20E3, 1, 0x2924, 1, 0x3985, 1,
    0x20E3, 1, 0x10A3, 1, 0x0862, 1, 0x20E3, 1,
    0x10A3, 1, 0x20E3, 1, 0x10A3, 1, 0x20E3, 2,
    0x10A3, 1, 0x4A27, 1, 0x2924, 2, 0x3985, 1,
    0x2924, 1, 0x7800, 3, 0x6800, 4, 0x6000, 1,
    0x18C5, 3, 0x5000, 1, 0x7B47, 1, 0x7800, 1,
    0x632E, 2, 0x63B0, 2, 0x6000, 1, 0x7B47, 1,
    0x0862, 1, 0x1082, 1, 0x0862, 1, 0x2800, 1,
    0x8000, 1, 0x5000, 1, 0x8BCA, 1, 0x6925, 2,
    0x8986, 1, 0x9083, 1, 0x8986, 1, 0x732B, 1,
    0xDE0C, 2, 0xB50B, 1, 0x7B47, 1, 0xA488, 1,
    0xB50B, 2, 0xA488, 2, 0xB50B, 5, 0xA488, 1,
    0xB50B, 1, 0x10A3, 5, 0xDE0C, 3, 0xFECD, 7,
    0x7B47, 1, 0xFECD, 1, 0x63B0, 1, 0x6CB4, 1,
    0x94D3, 1, 0xFECD, 3, 0xB50B, 2, 0xFECD, 3,
    0x94D3, 1, 0x3A09, 1, 0x39A8, 1, 0x6CB4, 1,
    0xFECD, 1, 0xDE0C, 1, 0xFECD, 1, 0xB50B, 2,
    0xFECD, 2, 0xB50B, 1, 0xFECD, 1, 0x7B47, 1,
    0x4841, 1, 0x9083, 1, 0xA801, 1, 0x7800, 1,
    0x6CB4, 1, 0x63B0, 1, 0x39A8, 2, 0x2147, 1,
    0x39A8, 2, 0x632E, 2, 0x63B0, 1, 0x39A8, 1,
    0x632E, 1, 0x1082, 1, 0x3A09, 1, 0x2924, 1,
    0x20E3, 1, 0x2924, 1, 0x10A3, 1, 0x18C3, 1,
    0x20E3, 1, 0x10A3, 2, 0x20E3, 1, 0x10A3, 1,
    0x20E3, 1, 0x10A3, 2, 0x20E3, 1, 0xA488, 1,
    0x9083, 1, 0x20E3, 1, 0x3985, 2, 0x7800, 3,
    0x6800, 3, 0x7800, 1, 0x6800, 1, 0x18C5, 4,
    0x2800, 1, 0x7B47, 1, 0x6862, 1, 0x632E, 1,
    0x63B0, 1, 0x632E, 1, 0x63B0, 1, 0x9083, 1,
    0x4062, 1, 0x1082, 1, 0x2800, 1, 0x0862, 1,
    0xA801, 1, 0x6000, 1, 0xB50B, 1, 0x9083, 1,
    0xA269, 3, 0x8986, 2, 0x7B47, 1, 0xB50B, 2,
    0x7B47, 1, 0xA488, 2, 0xB50B, 1, 0xA488, 3,
    0xB50B, 1, 0xA488, 1, 0xB50B, 1, 0xA488, 1,
    0xB50B, 1, 0x10A3, 2, 0x18C3, 3, 0x10A3, 3,
    0x18C3, 1, 0x10A3, 1, 0xDE0C, 1, 0xFECD, 5,
    0xA488, 1, 0x2147, 1, 0x0000, 1, 0x10A3, 2,
    0xFECD, 3, 0xB50B, 2, 0xFECD, 2, 0xDE0C, 1,
    0xFECD, 1, 0x6CB4, 1, 0x3A09, 1, 0x94D3, 1,
    0xDE0C, 2, 0xFECD, 2, 0xB50B, 1, 0xFECD, 5,
    0x7B47, 1, 0x4062, 1, 0x8000, 1, 0x6000, 1,
    0x39A8, 2, 0x2147, 4, 0x4841, 1, 0x632E, 1,
    0x39A8, 2, 0x2147, 1, 0x632E, 1, 0x10A3, 1,
    0x3A09, 1, 0x3985, 1, 0x2924, 1, 0x7B47, 1,
    0x10A3, 1, 0x20E3, 1, 0x10A3, 1, 0x20E3, 1,
    0x10A3, 3, 0x6000, 1, 0x20E3, 3, 0x4A27, 1,
    0x2924, 2, 0x3985, 1, 0x2924, 1, 0x18C5, 1,
    0x7800, 3, 0x6800, 2, 0x5000, 1, 0x18C5, 6,
    0x2800, 1, 0x7B47, 1, 0x4062, 1, 0x6862, 1,
    0x632E, 1, 0x63B0, 1, 0x632E, 1, 0x9083, 1,
    0x10A3, 1, 0x1082, 1, 0x7B47, 1, 0x4000, 1,
    0xDE0C, 1, 0xA488, 1, 0xB50B, 1, 0xFECD, 2,
    0xB50B, 2, 0xFECD, 1, 0xB50B, 1, 0x7B47, 1,
    0xB50B, 1, 0x7B47, 1, 0xA488, 6, 0xB50B, 3,
    0x10A3, 3, 0x18C3, 1, 0x10A3, 1, 0x3A09, 1,
    0x94D3, 1, 0x3A09, 1, 0xA145, 1, 0x8986, 1,
    0x3985, 1, 0x10A3, 1, 0x18C3, 1, 0x10A3, 1,
    0x0000, 1, 0xFECD, 4, 0x20E3, 1, 0xFECD, 3,
    0xA488, 1, 0xDE0C, 1, 0xFECD, 1, 0xB50B, 1,
    0xA488, 1, 0x94D3, 1, 0xDE0C, 1, 0xB50B, 1,
    0xDE0C, 4, 0xB50B, 1, 0xDE0C, 2, 0x6CB4, 1,
    0xA488, 1, 0xFECD, 6, 0x7B47, 1, 0x3985, 1,
    0x6000, 1, 0x2147, 3, 0x632E, 1, 0x39A8, 7,
    0x2147, 1, 0x2104, 1, 0x63B0, 1, 0x3985, 1,
    0x2924, 1, 0x8986, 1, 0x6000, 2, 0x10A3, 1,
    0x20E3, 2, 0x0862, 1, 0x10A3, 1, 0x20E3, 3,
    0x4000, 1, 0x7B47, 1, 0x2924, 2, 0x3985, 1,
    0x20E3, 1, 0x18C5, 1, 0x6800, 3, 0x6000, 2,
    0x5000, 1, 0x18C5, 7, 0x2800, 1, 0x7B47, 1,
    0x4000, 1, 0x6862, 1, 0x632E, 3, 0x9083, 1,
    0x6862, 1, 0x1082, 1, 0x2800, 1, 0xDE0C, 1,
    0xA488, 2, 0x7B47, 1, 0xB50B, 1, 0x732B, 1,
    0xB50B, 2, 0x732B, 1, 0x7B47, 1, 0xB50B, 1,
    0x7B47, 1, 0xA488, 7, 0x10A3, 2, 0x18C3, 1,
    0x10A3, 2, 0x8986, 1, 0xA145, 1, 0x6925, 1,
    0xA145, 1, 0x4A27, 1, 0x6925, 1, 0xA145, 1,
    0x6925, 1, 0x8986, 1, 0x6925, 1, 0x2924, 1,
    0x3985, 1, 0x0000, 1, 0xFECD, 4, 0xB50B, 6,
    0xDE0C, 1, 0xA488, 1, 0x6CB4, 1, 0xDE0C, 1,
    0xA488, 2, 0xB50B, 1, 0xDE0C, 3, 0x39A8, 1,
    0x2147, 1, 0x0000, 1, 0xDE0C, 1, 0xFECD, 7,
    0x7B47, 1, 0x4062, 1, 0x18C3, 1, 0x6000, 1,
    0x4841, 1, 0x2147, 2, 0x39A8, 1, 0x2147, 5,
    0x1082, 1, 0x2147, 1, 0x3A09, 1, 0x2924, 1,
    0x20E3, 1, 0x2924, 1, 0x3985, 1, 0x20E3, 1,
    0x10A3, 3, 0x20E3, 2, 0x10A3, 2, 0x20E3, 1,
    0x10A3, 1, 0x4A27, 1, 0x2924, 2, 0x3985, 1,
    0x2924, 1, 0x18C5, 1, 0x6000, 5, 0x4000, 1,
    0x18C5, 9, 0x7B47, 1, 0x4A27, 1, 0x6862, 1,
    0x632E, 1, 0xA269, 1, 0x8986, 2, 0x9083, 1,
    0x4062, 1, 0x2147, 1, 0xDE0C, 1, 0xB50B, 1,
    0xA488, 1, 0xB50B, 4, 0xA488, 1, 0xB50B, 2,
    0x7B47, 2, 0xA488, 4, 0x18C3, 3, 0x10A3, 2,
    0x18C3, 1, 0xA145, 1, 0x4A27, 1, 0x8986, 1,
    0x4A27, 1, 0x2924, 3, 0x3985, 2, 0x6925, 1,
    0x8986, 1, 0xA145, 1, 0x3985, 1, 0x20E3, 1,
    0xFECD, 3, 0xDE0C, 8, 0xA488, 1, 0x39A8, 1,
    0xDE0C, 1, 0x7B47, 1, 0xA488, 1, 0x63B0, 1,
    0x39A8, 2, 0x20E3, 3, 0xA488, 1, 0xFECD, 3,
    0xDE0C, 1, 0xFECD, 4, 0xDE0C, 1, 0x7B47, 2,
    0x4062, 1, 0x4000, 1, 0x4062, 2, 0x2147, 2,
    0x4841, 1, 0x2147, 1, 0x39A8, 1, 0x4841, 1,
    0x10A3, 1, 0x2147, 1, 0x3A09, 1, 0x3985, 1,
    0x20E3, 1, 0x7B47, 1, 0x4A27, 1, 0x20E3, 2,
    0x10A3, 4, 0x20E3, 3, 0x4A27, 1, 0x7B47, 1,
    0x20E3, 1, 0x3985, 2, 0x20E3, 1, 0x18C5, 1,
    0x4000, 2, 0x5000, 3, 0x2800, 1, 0x18C5, 10,
    0x7B47, 2, 0x6862, 1, 0x8986, 3, 0x9083, 2,
    0x5000, 1, 0x2147, 1, 0xDE0C, 1, 0xA269, 1,
    0x9083, 1, 0xA269, 2, 0x8986, 1, 0x7B47, 1,
    0xB50B, 1, 0x7B47, 1, 0xA488, 5, 0x1082, 1,
    0x10A3, 3, 0x18C3, 1, 0x4A27, 1, 0x6925, 1,
    0x8986, 1, 0x6925, 1, 0x2924, 1, 0x20E3, 2,
    0x10A3, 1, 0x2924, 2, 0x20E3, 1, 0x2924, 1,
    0x20E3, 1, 0x6925, 1, 0x3985, 1, 0x4A27, 1,
    0x0000, 1, 0xFECD, 2, 0x39A8, 1, 0xA488, 2,
    0xB50B, 1, 0xDE0C, 1, 0x39A8, 2, 0x2147, 1,
    0xA488, 1, 0x7B47, 1, 0x94D3, 1, 0xA801, 2,
    0x39A8, 1, 0x20E3, 2, 0xFECD, 7, 0xDE0C, 6,
    0xA488, 2, 0x4A27, 1, 0x4062, 2, 0x4841, 2,
    0x6000, 2, 0x39A8, 1, 0x2104, 1, 0x18C3, 1,
    0x1082, 1, 0x10A3, 1, 0x2147, 1, 0x3985, 1,
    0x2924, 2, 0x7B47, 1, 0x3985, 1, 0x20E3, 3,
    0x10A3, 1, 0x0862, 1, 0x20E3, 1, 0x4000, 1,
    0x10A3, 1, 0x2924, 1, 0x20E3, 1, 0x2924, 1,
    0x8986, 1, 0xA145, 1, 0x18C5, 2, 0x2800, 5,
    0x18C5, 12, 0x2800, 1, 0x7B47, 1, 0x4062, 1,
    0x6862, 1, 0x9083, 2, 0x8000, 1, 0x9083, 1,
    0x7800, 1, 0x39A8, 1, 0x94D3, 1, 0xA269, 1,
    0x8986, 2, 0xA269, 1, 0xB50B, 1, 0x7B47, 1,
    0xA488, 6, 0x1082, 2, 0x10A3, 2, 0x6925, 1,
    0xA145, 1, 0x3985, 1, 0x2924, 1, 0x20E3, 1,
    0x2924, 3, 0x7B47, 1, 0x2924, 3, 0x20E3, 3,
    0xA145, 1, 0x6925, 1, 0x3985, 1, 0xFECD, 1,
    0xDE0C, 1, 0x3A09, 1, 0x7B47, 1, 0xA488, 1,
    0x6CB4, 1, 0x39A8, 1, 0x20E3, 3, 0xFECD, 1,
    0xA488, 1, 0x3A09, 1, 0x9083, 1, 0xA801, 1,
    0x3A09, 1, 0xDE0C, 2, 0xA488, 5, 0xDE0C, 2,
    0xA488, 8, 0x7B47, 1, 0x4A27, 2, 0x4062, 1,
    0x4841, 3, 0x39A8, 2, 0x7800, 1, 0x10A3, 2,
    0x2147, 1, 0x3A09, 1, 0x2924, 1, 0x20E3, 1,
    0x2924, 1, 0x7B47, 1, 0x10A3, 1, 0x4000, 1,
    0x20E3, 2, 0x4000, 2, 0x10A3, 1, 0x7B47, 1,
    0x2924, 1, 0x20E3, 1, 0x4A27, 1, 0x3985, 1,
    0x4A27, 1, 0x18C5, 2, 0x2800, 3, 0x18C5, 16,
    0x7B47, 2, 0x6862, 1, 0x8000, 1, 0x8986, 1,
    0x6000, 1, 0x7800, 1, 0x8000, 1, 0x2147, 1,
    0x39A8, 1, 0xB50B, 3, 0x7B47, 1, 0xA488, 6,
    0x10A3, 1, 0x1082, 2, 0x10A3, 1, 0x4A27, 1,
    0xA145, 1, 0x8986, 1, 0x3985, 1, 0x2924, 3,
    0x4A27, 1, 0x10A3, 2, 0x4A27, 3, 0x2924, 1,
    0x20E3, 1, 0x10A3, 1, 0x3985, 3, 0x20E3, 1,
    0xA488, 1, 0x3985, 1, 0xA801, 2, 0x3A09, 1,
    0x20E3, 1, 0xFECD, 4, 0xA488, 1, 0x39A8, 1,
    0xA801, 1, 0x9083, 1, 0xA269, 2, 0x39A8, 1,
    0x3A09, 1, 0x3985, 3, 0x2147, 1, 0xA488, 2,
    0x3985, 1, 0x4A27, 1, 0x7B47, 1, 0xA488, 3,
    0x7B47, 5, 0x3985, 1, 0x4062, 1, 0x4841, 4,
    0x7800, 1, 0x1082, 3, 0x2147, 1, 0x3985, 1,
    0x2924, 3, 0x7B47, 1, 0x3985, 2, 0x10A3, 2,
    0x3985, 1, 0x2924, 2, 0x10A3, 1, 0x3985, 1,
    0x6925, 1, 0x3985, 1, 0x20E3, 1, 0x18C5, 2,
    0x2800, 1, 0x18C5, 19, 0x7B47, 2, 0x6925, 1,
    0x5000, 1, 0x6000, 2, 0x8000, 1, 0x9000, 1,
    0x18C3, 1, 0x4A27, 1, 0x7B47, 1, 0xA488, 8,
    0x10A3, 1, 0x1082, 1, 0x10A3, 1, 0x1082, 1,
    0xA145, 1, 0x4A27, 1, 0x2924, 3, 0x7B47, 1,
    0x4A27, 1, 0x20E3, 2, 0x4000, 1, 0x10A3, 1,
    0x4000, 1, 0x10A3, 1, 0x3985, 1, 0x2924, 2,
    0x20E3, 1, 0x3985, 3, 0xA488, 1, 0x39A8, 1,
    0xA801, 1, 0x9083, 1, 0x3A09, 1, 0xA488, 5,
    0x7B47, 1, 0x2147, 1, 0xA269, 1, 0x9083, 3,
    0x8986, 1, 0x6925, 3, 0x9083, 1, 0x2147, 1,
    0xA488, 1, 0x4A27, 1, 0x4062, 2, 0x3985, 1,
    0x4A27, 1, 0x7B47, 1, 0x3985, 1, 0x4A27, 1,
    0x7B47, 3, 0x4A27, 2, 0x3985, 1, 0x4000, 1,
    0x4841, 3, 0x18C5, 2, 0x10A3, 1, 0x1082, 2,
    0x8986, 2, 0x1082, 1, 0x2924, 4, 0x4A27, 1,
    0x2924, 3, 0x10A3, 1, 0x3985, 1, 0x8986, 1,
    0x6925, 1, 0x20E3, 1, 0x18C5, 24, 0x7B47, 1,
    0x2800, 1, 0x6000, 4, 0x8000, 1, 0x5000, 1,
    0x4A27, 1, 0xA488, 8, 0x1082, 4, 0xA145, 2,
    0x2924, 4, 0x3985, 1, 0x20E3, 7, 0x10A3, 1,
    0x4A27, 1, 0x2924, 2, 0x3985, 3, 0x20E3, 1,
    0x2147, 1, 0x8986, 1, 0x9083, 1, 0xA269, 1,
    0x39A8, 1, 0x3A09, 1, 0x3985, 3, 0x2147, 1,
    0x18C3, 1, 0x3985, 1, 0x9083, 3, 0x2147, 6,
    0x7B47, 1, 0x4A27, 1, 0x4062, 1, 0x4841, 1,
    0x4062, 2, 0x3985, 1, 0x4062, 1, 0x3985, 2,
    0x4A27, 4, 0x3985, 1, 0x4062, 1, 0x4000, 1,
    0x4841, 2, 0x18C5, 3, 0x1082, 2, 0x6925, 1,
    0x8986, 1, 0x4A27, 1, 0x3985, 1, 0x2924, 1,
    0x10A3, 1, 0x20E3, 3, 0x10A3, 1, 0x2924, 1,
    0x3985, 1, 0x4A27, 1, 0x8986, 1, 0x3985, 1,
    0x18C5, 26, 0x2800, 2, 0x5000, 1, 0x6000, 3,
    0x5000, 1, 0x3985, 1, 0x7B47, 1, 0xA488, 7,
    0x1082, 2, 0x10A3, 1, 0x1082, 1, 0x6925, 1,
    0x8986, 1, 0x2924, 3, 0x4A27, 1, 0x20E3, 3,
    0x10A3, 2, 0x20E3, 1, 0x10A3, 1, 0x20E3, 2,
    0x4000, 1, 0x7B47, 1, 0x2924, 1, 0x20E3, 1,
    0x3985, 3, 0x4A27, 1, 0x3A09, 1, 0x9083, 2,
    0x8986, 1, 0x6925, 2, 0x9083, 1, 0x3A09, 1,
    0x2147, 1, 0x4A27, 1, 0x10A3, 1, 0x2147, 2,
    0x1082, 2, 0x10A3, 1, 0x1082, 1, 0x10A3, 1,
    0x1082, 1, 0x3985, 1, 0x7B47, 1, 0x4A27, 1,
    0x3985, 1, 0x4062, 1, 0x4841, 1, 0x4000, 4,
    0x4062, 3, 0x1082, 1, 0x4062, 2, 0x3985, 1,
    0x10A3, 2, 0x2147, 1, 0x18C5, 5, 0x10A3, 1,
    0x4A27, 1, 0xA145, 1, 0x8986, 1, 0x3985, 1,
    0x6925, 1, 0x2924, 3, 0x6925, 2, 0xA145, 1,
    0x3985, 1, 0x18C5, 30, 0x6000, 2, 0x5000, 1,
    0x6000, 1, 0x5000, 1, 0x4062, 1, 0x4A27, 1,
    0x7B47, 3, 0xA488, 3, 0x7B47, 1, 0x1082, 4,
    0x3985, 1, 0x2924, 1, 0x20E3, 1, 0x2924, 1,
    0x7B47, 1, 0x10A3, 1, 0x20E3, 1, 0x0862, 1,
    0x20E3, 4, 0x10A3, 1, 0x20E3, 2, 0x4000, 1,
    0x4A27, 1, 0x2924, 2, 0x3985, 2, 0x2924, 1,
    0x20E3, 1, 0x2147, 1, 0x8986, 1, 0x6925, 1,
    0x2147, 3, 0x1082, 3, 0x4A27, 1, 0x18C3, 1,
    0x4062, 5, 0x3985, 3, 0x4A27, 3, 0x3985, 1,
    0x4062, 1, 0x4000, 7, 0x4062, 2, 0x4000, 1,
    0x1082, 1, 0x10A3, 1, 0x1082, 1, 0x10A3, 1,
    0x2104, 1, 0x18C5, 7, 0x6925, 2, 0xA145, 2,
    0x39A8, 1, 0xA145, 1, 0x4A27, 1, 0xA145, 1,
    0x6925, 1, 0x18C5, 33, 0x6000, 2, 0x5000, 2,
    0x1082, 1, 0x4A27, 1, 0xA269, 1, 0x4A27, 1,
    0x7B47, 2, 0xA488, 2, 0x1082, 1, 0x10A3, 2,
    0x1082, 1, 0x10A3, 1, 0x3A09, 1, 0x2924, 1,
    0x20E3, 1, 0x2924, 1, 0x10A3, 1, 0x20E3, 2,
    0x10A3, 3, 0x20E3, 1, 0x1082, 1, 0x20E3, 3,
    0x7800, 1, 0x20E3, 1, 0x9083, 1, 0x2924, 1,
    0x20E3, 1, 0x3985, 2, 0x20E3, 1, 0x1082, 1,
    0x2800, 1, 0x1082, 7, 0x4000, 2, 0x4062, 4,
    0x3985, 2, 0x4062, 3, 0x3985, 3, 0x4062, 7,
    0x10A3, 2, 0x1082, 1, 0x10A3, 2, 0x1082, 1,
    0x10A3, 1, 0x18C3, 2, 0x18C5, 12, 0x63B0, 1,
    0x3A09, 1, 0x2147, 1, 0x18C5, 35, 0x10A3, 1,
    0x5000, 2, 0x4000, 1, 0x3985, 1, 0x4A27, 3,
    0x7B47, 3, 0x1082, 1, 0x10A3, 1, 0x1082, 1,
    0x10A3, 1, 0x2147, 1, 0x3A09, 1, 0x2924, 2,
    0x7B47, 1, 0x4A27, 1, 0x20E3, 2, 0x10A3, 1,
    0x20E3, 1, 0x10A3, 3, 0x6000, 1, 0x20E3, 1,
    0x10A3, 1, 0x7800, 1, 0x10A3, 1, 0x2924, 3,
    0x3985, 1, 0x2924, 1, 0x0000, 1, 0x3985, 2,
    0x4062, 1, 0x1082, 1, 0x3985, 1, 0x4062, 6,
    0x4000, 3, 0x4062, 1, 0x4000, 1, 0x4062, 3,
    0x4000, 1, 0x1082, 2, 0x4062, 4, 0x4000, 1,
    0x4062, 2, 0x10A3, 6, 0x4062, 1, 0x2104, 2,
    0x18C5, 52, 0x1082, 2, 0x2800, 1, 0x4062, 1,
    0x3985, 1, 0x4A27, 3, 0x7B47, 1, 0x10A3, 1,
    0x1082, 2, 0x10A3, 2, 0x39A8, 1, 0x3A09, 1,
    0x3985, 1, 0x2924, 2, 0x3985, 1, 0x6000, 1,
    0x10A3, 2, 0x6000, 1, 0x10A3, 3, 0x20E3, 2,
    0x10A3, 1, 0x4000, 1, 0x10A3, 1, 0x4A27, 1,
    0x20E3, 1, 0x2924, 1, 0x3985, 1, 0x2924, 1,
    0x0000, 1, 0x3985, 5, 0x1082, 1, 0x4062, 23,
    0x18C5, 63, 0x1082, 1, 0x4A27, 1, 0xA145, 1,
    0x4A27, 4, 0x2924, 1, 0x1082, 4, 0x3A09, 1,
    0x63B0, 1, 0x2924, 1, 0x3985, 1, 0x8986, 1,
    0x7B47, 1, 0x6000, 1, 0x10A3, 2, 0x20E3, 1,
    0x10A3, 1, 0x18C3, 1, 0x20E3, 1, 0x10A3, 1,
    0x20E3, 1, 0x10A3, 1, 0x4000, 1, 0x3985, 1,
    0x2924, 1, 0x20E3, 1, 0x3985, 1, 0x4A27, 1,
    0x20E3, 1, 0x18C5, 1, 0x3985, 5, 0x4062, 1,
    0x42CC, 1, 0x4062, 4, 0x4000, 1, 0x4062, 1,
    0x4000, 1, 0x4062, 2, 0x4000, 1, 0x4062, 1,
    0x4000, 1, 0x18C5, 76, 0x6925, 1, 0x4A27, 1,
    0x4062, 2, 0x4A27, 1, 0x6925, 1, 0x1082, 1,
    0x10A3, 1, 0x1082, 1, 0x2147, 1, 0x3A09, 1,
    0x3985, 1, 0x20E3, 1, 0x2924, 1, 0x3985, 1,
    0x10A3, 1, 0x20E3, 2, 0x10A3, 1, 0x20E3, 1,
    0x10A3, 1, 0x20E3, 1, 0x10A3, 2, 0x20E3, 1,
    0x4000, 1, 0x7B47, 1, 0x2924, 1, 0x20E3, 1,
    0x3985, 2, 0x2924, 1, 0x18C5, 1, 0x2147, 1,
    0x18E4, 1, 0x3A09, 1, 0x18C3, 1, 0x18C5, 1,
    0x2147, 1, 0x3A09, 1, 0x2924, 1, 0x18C5, 92,
    0x63B0, 1, 0x3A09, 1, 0x10A3, 2, 0x2147, 1,
    0x3A09, 1, 0x3985, 1, 0x20E3, 1, 0x7B47, 2,
    0x1082, 1, 0x18C3, 1, 0x1082, 1, 0x0862, 1,
    0x20E3, 1, 0x10A3, 2, 0x20E3, 3, 0x3985, 1,
    0x2924, 2, 0x20E3, 1, 0x6925, 1, 0x3985, 1,
    0x18C5, 1, 0x2147, 1, 0x18C5, 2, 0x18E4, 1,
    0x18C3, 1, 0x632E, 1, 0x18C5, 1, 0x0000, 1,
    0x18E4, 1, 0x18C5, 94, 0x10A3, 1, 0x1082, 1,
    0x10A3, 1, 0x2147, 1, 0x3985, 1, 0x2924, 1,
    0x20E3, 1, 0x7B47, 1, 0x3985, 1, 0x10A3, 1,
    0x20E3, 3, 0x10A3, 1, 0x20E3, 2, 0x4000, 1,
    0x4A27, 1, 0x7B47, 1, 0x2924, 1, 0x10A3, 1,
    0x3985, 1, 0xA145, 1, 0x3985, 1, 0x18C5, 1,
    0x2104, 1, 0x18C5, 2, 0x18E4, 1, 0x18C5, 4,
    0x2147, 1, 0x18C5, 95, 0x1082, 2, 0x2147, 1,
    0x3985, 1, 0x2924, 1, 0x20E3, 1, 0x2924, 1,
    0x7B47, 1, 0x4A27, 1, 0x10A3, 1, 0x20E3, 1,
    0x4000, 1, 0x20E3, 1, 0x4000, 2, 0x4A27, 1,
    0x7B47, 1, 0x2924, 1, 0x20E3, 1, 0x4A27, 1,
    0x6925, 1, 0x3985, 1, 0x2924, 1, 0x18C5, 2,
    0x0000, 1, 0x18C5, 1, 0x2147, 1, 0x18C5, 1,
    0x0000, 3, 0x18C5, 96, 0x1082, 3, 0x2147, 1,
    0x3985, 1, 0x2924, 1, 0x20E3, 1, 0x2924, 2,
    0x7B47, 1, 0x4A27, 1, 0x3985, 1, 0x10A3, 2,
    0x7B47, 1, 0x2924, 2, 0x10A3, 1, 0x2924, 1,
    0x3985, 1, 0xA145, 1, 0x3985, 1, 0x10A3, 1,
    0x18C5, 3, 0x2147, 1, 0x18C5, 3, 0x10A3, 1,
    0x18C5, 98, 0x10A3, 2, 0x2147, 1, 0x8986, 1,
    0x3985, 1, 0x2924, 5, 0x7B47, 1, 0x4A27, 1,
    0x2924, 4, 0x3985, 1, 0x6925, 3, 0x20E3, 1,
    0x18C5, 107, 0x1082, 2, 0x10A3, 1, 0xA145, 1,
    0x8986, 1, 0x4A27, 1, 0x2924, 2, 0x10A3, 2,
    0x2924, 1, 0x20E3, 2, 0x1082, 1, 0x20E3, 1,
    0x3985, 1, 0x4A27, 1, 0x8986, 1, 0xA145, 1,
    0x18C5, 111, 0x1082, 1, 0x10A3, 1, 0x4A27, 1,
    0xA145, 2, 0x3985, 1, 0x2924, 1, 0x20E3, 1,
    0x2924, 4, 0x6925, 1, 0xA145, 2, 0x6925, 1,
    0x18C5, 114, 0x10A3, 1, 0x6925, 3, 0x8986, 1,
    0x6925, 1, 0x4A27, 2, 0x3985, 1, 0xA145, 1,
    0x6925, 1, 0xA145, 1, 0x18C5, 120, 0x6925, 1,
    0x3985, 1, 0x6925, 2, 0x3A09, 1, 0x94D3, 1,
    0x3A09, 1, 0x18C5, 5329, 0x18C5, 4027, 0x8000, 1,
    0x18C5, 116, 0x5000, 1, 0x6000, 1, 0x7800, 3,
    0x8000, 1, 0x9000, 4, 0x632E, 3, 0x8986, 6,
    0xA269, 1, 0x63B0, 1, 0x8000, 1, 0x18C5, 58,
    0x6925, 1, 0x18C5, 43, 0x8000, 3, 0x5000, 2,
    0x6000, 1, 0x18E4, 1, 0x18C3, 2, 0xB50B, 4,
    0x52CC, 2, 0x632E, 1, 0xB50B, 3, 0x63B0, 1,
    0xB50B, 3, 0x5ACA, 2, 0x8986, 2, 0x18C5, 57,
    0x4000, 1, 0x18C5, 40, 0x2147, 2, 0xA269, 1,
    0x8000, 1, 0x7800, 2, 0x4000, 2, 0x6000, 2,
    0x18C3, 1, 0x52CC, 3, 0xB50B, 4, 0x3A09, 1,
    0xA488, 2, 0xB50B, 6, 0x52CC, 2, 0x63B0, 1,
    0x632E, 1, 0x18C5, 56, 0x2800, 1, 0x4841, 1,
    0x18C5, 35, 0x6000, 1, 0x63B0, 1, 0x6CB4, 2,
    0x63B0, 1, 0x2147, 1, 0x7800, 1, 0xA269, 1,
    0x7800, 1, 0x6800, 1, 0x4000, 1, 0x5000, 1,
    0x6000, 2, 0x5ACA, 1, 0x732B, 1, 0x52CC, 2,
    0x2924, 1, 0x3A09, 1, 0x8986, 3, 0x632E, 4,
    0x5ACA, 2, 0x52CC, 4, 0x632E, 2, 0x39A8, 1,
    0x18C5, 55, 0x2800, 1, 0x6925, 1, 0x18C5, 32,
    0x2147, 1, 0x6CB4, 3, 0x63B0, 1, 0x42CC, 1,
    0x6CB4, 2, 0x42CC, 1, 0x7800, 1, 0xA269, 1,
    0x6800, 2, 0x4000, 1, 0x5000, 3, 0x3A09, 1,
    0x732B, 7, 0x18C3, 1, 0x6925, 1, 0x2924, 1,
    0x632E, 9, 0x8986, 1, 0x39A8, 1, 0x2147, 1,
    0x18C5, 55, 0x6925, 1, 0x6000, 1, 0x18C5, 29,
    0x63B0, 1, 0x94D3, 1, 0x6CB4, 1, 0x42CC, 1,
    0x7800, 1, 0x6CB4, 1, 0x63B0, 1, 0x42CC, 1,
    0x6800, 1, 0x42CC, 2, 0x2104, 1, 0xA269, 1,
    0x6800, 3, 0x5000, 1, 0x4000, 1, 0x6000, 2,
    0x2800, 2, 0x6000, 1, 0x6800, 4, 0x6862, 1,
    0x6925, 6, 0x52CC, 2, 0x39A8, 1, 0x10A3, 1,
    0x63B0, 1, 0x8986, 1, 0x39A8, 2, 0x42CC, 1,
    0x18C5, 54, 0x4000, 1, 0x6000, 1, 0x18C5, 13,
    0x3A09, 4, 0x5ACA, 6, 0x52CC, 3, 0x6862, 1,
    0x94D3, 2, 0x63B0, 1, 0x7800, 1, 0x6CB4, 1,
    0x63B0, 1, 0x7800, 1, 0x6800, 1, 0x42CC, 1,
    0x632E, 1, 0x63B0, 2, 0x6800, 1, 0x10A3, 1,
    0xA269, 1, 0x6800, 1, 0x6000, 2, 0x2800, 1,
    0x4000, 1, 0x6000, 5, 0x6800, 4, 0x6925, 8,
    0x52CC, 2, 0x8986, 1, 0x52CC, 1, 0x39A8, 1,
    0x3A09, 1, 0x39A8, 2, 0x2147, 1, 0x18C5, 15,
    0x6000, 2, 0x8986, 9, 0x18C5, 27, 0x4000, 1,
    0x6000, 1, 0x2800, 1, 0x18C5, 4, 0x6862, 4,
    0x6925, 3, 0x3A09, 6, 0x5ACA, 1, 0x52CC, 5,
    0x632E, 1, 0x94D3, 2, 0x42CC, 1, 0x6CB4, 1,
    0x63B0, 1, 0x42CC, 2, 0x63B0, 3, 0x6800, 1,
    0x42CC, 1, 0x63B0, 1, 0x632E, 1, 0x52CC, 1,
    0x2104, 1, 0x8986, 1, 0x6000, 3, 0x5000, 2,
    0x6000, 5, 0x6800, 5, 0x6000, 5, 0x6925, 4,
    0x52CC, 1, 0x6925, 1, 0x39A8, 1, 0x3A09, 1,
    0x39A8, 1, 0x2147, 1, 0x42CC, 1, 0x0862, 1,
    0x18C5, 5, 0x8986, 2, 0x2800, 3, 0x7800, 1,
    0x6000, 2, 0x6800, 5, 0x18C3, 1, 0x42CC, 1,
    0x8BCA, 1, 0x42CC, 1, 0x5ACA, 1, 0x6925, 1,
    0x3A09, 1, 0x6000, 1, 0x6800, 1, 0x2800, 2,
    0x8986, 1, 0x18C5, 22, 0x4000, 1, 0x6862, 1,
    0x4000, 1, 0x6000, 5, 0x4841, 1, 0x6000, 3,
    0x6862, 2, 0x6925, 1, 0x3A09, 1, 0x6862, 1,
    0x6925, 4, 0x6862, 2, 0x2147, 1, 0x94D3, 2,
    0x6CB4, 1, 0x9083, 1, 0x94D3, 1, 0x42CC, 1,
    0x7800, 1, 0x42CC, 1, 0x63B0, 2, 0x6800, 1,
    0x42CC, 1, 0x632E, 1, 0x63B0, 3, 0x632E, 1,
    0x42CC, 1, 0x2104, 1, 0x8986, 1, 0x6000, 3,
    0x2800, 1, 0x5000, 1, 0x6000, 2, 0x9000, 3,
    0x9083, 1, 0xA269, 1, 0x94D3, 1, 0xA269, 8,
    0x6000, 1, 0x6862, 2, 0x6925, 1, 0x18C5, 1,
    0x39A8, 1, 0x3A09, 2, 0x39A8, 1, 0x2147, 1,
    0x42CC, 1, 0x2147, 1, 0x2800, 2, 0x4000, 1,
    0x8000, 1, 0x8986, 3, 0x5ACA, 1, 0x6925, 6,
    0x6862, 1, 0x3A09, 1, 0x8BCA, 1, 0xA488, 1,
    0x8BCA, 1, 0xA488, 2, 0x8BCA, 1, 0xA488, 1,
    0x8BCA, 2, 0x7B47, 3, 0x52CC, 2, 0x4841, 1,
    0x2800, 2, 0x8986, 1, 0x18C5, 17, 0x4000, 1,
    0x6925, 1, 0x5000, 3, 0x6000, 16, 0x42CC, 1,
    0x94D3, 2, 0x42CC, 1, 0x94D3, 1, 0x6CB4, 1,
    0x632E, 1, 0x42CC, 1, 0x63B0, 2, 0x7800, 1,
    0x42CC, 1, 0x632E, 1, 0x63B0, 4, 0x632E, 2,
    0x42CC, 1, 0x2104, 1, 0xA269, 1, 0x6000, 1,
    0x8000, 2, 0x9083, 1, 0x94D3, 1, 0xA269, 3,
    0x94D3, 2, 0x39A8, 10, 0x2147, 1, 0x2104, 1,
    0x2924, 1, 0xA269, 1, 0xA145, 2, 0x18C5, 1,
    0x3A09, 1, 0x42CC, 1, 0x3A09, 1, 0x5ACA, 1,
    0x42CC, 1, 0x18E4, 1, 0x42CC, 1, 0x2147, 1,
    0x8986, 2, 0x18C3, 1, 0x3A09, 1, 0x632E, 3,
    0x52CC, 3, 0x5ACA, 2, 0x52CC, 2, 0x632E, 1,
    0x8BCA, 1, 0xA488, 2, 0x6862, 1, 0x4841, 1,
    0x5000, 1, 0x8BCA, 1, 0x732B, 1, 0x8BCA, 2,
    0x4104, 1, 0x4A27, 1, 0x8BCA, 1, 0x7B47, 1,
    0x3A09, 1, 0x52CC, 1, 0x6925, 1, 0x6862, 1,
    0x6800, 1, 0x2800, 1, 0x18C5, 15, 0x4000, 1,
    0x6925, 1, 0x6000, 1, 0x5000, 12, 0x6000, 4,
    0x42CC, 1, 0x6CB4, 1, 0x632E, 1, 0x7800, 1,
    0x94D3, 1, 0x632E, 1, 0x6800, 1, 0x632E, 1,
    0x6CB4, 2, 0x42CC, 1, 0x63B0, 5, 0x632E, 1,
    0x42CC, 1, 0x5000, 1, 0x10A3, 1, 0x6000, 1,
    0x8000, 5, 0x9000, 2, 0x10A3, 1, 0x18C3, 1,
    0x18E4, 1, 0x2104, 1, 0x2147, 1, 0x94D3, 13,
    0x2147, 1, 0x8986, 1, 0xA269, 1, 0xA145, 2,
    0x52CC, 3, 0x3A09, 2, 0x0862, 1, 0x2147, 1,
    0x42CC, 1, 0x6800, 1, 0x8986, 1, 0x1082, 1,
    0x2924, 1, 0x632E, 1, 0x63B0, 1, 0x632E, 1,
    0x63B0, 3, 0x632E, 2, 0xB50B, 3, 0x52CC, 2,
    0xB50B, 1, 0x52CC, 1, 0x8BCA, 4, 0xB50B, 1,
    0x4A27, 2, 0x8BCA, 1, 0x7B47, 1, 0x52CC, 1,
    0x8BCA, 1, 0x18E4, 2, 0x6800, 2, 0x6862, 1,
    0x6000, 1, 0x6862, 1, 0x18C5, 13, 0x5000, 1,
    0x6925, 1, 0x6000, 1, 0x2800, 1, 0x6800, 12,
    0x6000, 2, 0x2147, 1, 0x18C3, 1, 0x632E, 1,
    0x63B0, 1, 0x632E, 2, 0x6CB4, 2, 0x7800, 1,
    0x42CC, 1, 0x6CB4, 1, 0x63B0, 3, 0x52CC, 1,
    0x2147, 1, 0x6000, 1, 0x8000, 4, 0x94D3, 5,
    0x10A3, 1, 0x9000, 2, 0x7800, 1, 0x2147, 1,
    0x94D3, 16, 0x6CB4, 1, 0x39A8, 3, 0xA145, 1,
    0xA801, 1, 0x52CC, 3, 0x42CC, 1, 0x6CB4, 1,
    0x18E4, 1, 0x42CC, 1, 0x2147, 1, 0x6800, 1,
    0x8986, 1, 0x18E4, 1, 0x2924, 1, 0x63B0, 5,
    0xB50B, 2, 0x632E, 1, 0xB50B, 2, 0x632E, 2,
    0x52CC, 1, 0x63B0, 1, 0xB50B, 4, 0x2924, 1,
    0x8BCA, 1, 0xB50B, 1, 0x4841, 1, 0x6925, 1,
    0xA488, 2, 0x7B47, 1, 0x4000, 1, 0x8BCA, 1,
    0x3A09, 1, 0x6000, 1, 0x6925, 2, 0x2800, 1,
    0x3A09, 1, 0x18C5, 11, 0x2800, 1, 0x6862, 1,
    0x6000, 1, 0x2800, 1, 0x8986, 1, 0x6862, 3,
    0x7800, 7, 0x6800, 3, 0x18E4, 1, 0x2104, 1,
    0x6800, 1, 0x42CC, 1, 0x6CB4, 2, 0x42CC, 1,
    0x63B0, 1, 0x6CB4, 2, 0x63B0, 2, 0x52CC, 1,
    0x6800, 1, 0x8000, 3, 0x94D3, 4, 0x39A8, 1,
    0x18E4, 1, 0x6CB4, 1, 0x94D3, 2, 0x6CB4, 1,
    0x2104, 1, 0x9000, 1, 0x8000, 1, 0x39A8, 1,
    0x6CB4, 1, 0x94D3, 16, 0x6CB4, 1, 0x632E, 1,
    0x63B0, 1, 0x39A8, 1, 0xA269, 1, 0x42CC, 1,
    0x632E, 1, 0x2147, 1, 0x6CB4, 2, 0x63B0, 1,
    0x42CC, 1, 0x2147, 1, 0x6800, 1, 0x8986, 1,
    0x18E4, 1, 0x52CC, 1, 0x63B0, 3, 0x632E, 1,
    0xB50B, 2, 0x632E, 2, 0xB50B, 1, 0x632E, 3,
    0x63B0, 1, 0xB50B, 5, 0xA488, 2, 0x2104, 1,
    0x5ACA, 1, 0x8BCA, 3, 0xA488, 1, 0x4841, 1,
    0x4104, 1, 0x7B47, 1, 0x8BCA, 1, 0x2924, 1,
    0x6000, 1, 0x6862, 1, 0x6000, 2, 0x18C5, 11,
    0x6925, 1, 0x6000, 1, 0x2800, 1, 0x8986, 2,
    0x6862, 2, 0x7800, 7, 0x6800, 2, 0x7800, 1,
    0x10A3, 1, 0x2147, 1, 0x632E, 1, 0x7800, 1,
    0x42CC, 1, 0x6CB4, 3, 0x63B0, 1, 0x52CC, 1,
    0x4841, 1, 0x8000, 3, 0x63B0, 3, 0x18E4, 2,
    0x2104, 1, 0x94D3, 5, 0x6CB4, 1, 0x63B0, 1,
    0x2147, 1, 0x8000, 2, 0x3A09, 1, 0x632E, 1,
    0x94D3, 17, 0x6CB4, 2, 0x632E, 1, 0x63B0, 1,
    0xA269, 1, 0x42CC, 2, 0x6CB4, 3, 0x63B0, 1,
    0x2147, 1, 0x6000, 1, 0x8986, 1, 0x18C3, 1,
    0x3A09, 2, 0x632E, 1, 0x63B0, 2, 0xB50B, 2,
    0x632E, 1, 0xB50B, 1, 0x63B0, 1, 0x52CC, 5,
    0x3A09, 2, 0xB50B, 1, 0xA488, 1, 0x8BCA, 1,
    0x6862, 1, 0x3A09, 1, 0xA488, 1, 0x5ACA, 2,
    0xA488, 1, 0x4104, 1, 0x4000, 1, 0x5000, 2,
    0x18E4, 1, 0xA488, 1, 0x18C3, 1, 0x6000, 2,
    0x0862, 1, 0x6862, 1, 0x632E, 1, 0x18C5, 9,
    0x6000, 2, 0x4000, 1, 0x6862, 4, 0x7800, 8,
    0x6800, 2, 0x2104, 1, 0x10A3, 1, 0x2147, 1,
    0x63B0, 1, 0x6CB4, 1, 0x63B0, 1, 0x2147, 1,
    0x6800, 1, 0x8000, 5, 0x63B0, 1, 0x18E4, 1,
    0x2147, 1, 0x632E, 1, 0x6CB4, 2, 0x94D3, 3,
    0x6CB4, 3, 0x63B0, 2, 0x39A8, 1, 0x8000, 3,
    0x632E, 1, 0x6CB4, 1, 0x94D3, 8, 0x6CB4, 5,
    0x94D3, 4, 0x6CB4, 1, 0x63B0, 1, 0x39A8, 1,
    0x63B0, 1, 0x2147, 1, 0x6CB4, 5, 0x2147, 1,
    0x8986, 1, 0x2800, 1, 0x2924, 2, 0x52CC, 1,
    0x63B0, 2, 0x632E, 1, 0x52CC, 1, 0x63B0, 1,
    0xB50B, 1, 0x63B0, 1, 0x52CC, 4, 0x632E, 1,
    0xB50B, 2, 0x8BCA, 1, 0x6925, 1, 0x8BCA, 1,
    0x4A27, 1, 0x4841, 1, 0x8BCA, 4, 0x4A27, 1,
    0x5000, 1, 0x4000, 2, 0x4104, 1, 0x4841, 1,
    0x52CC, 1, 0x8BCA, 1, 0x2800, 1, 0x6000, 2,
    0x0862, 1, 0x6862, 2, 0x18C5, 8, 0x6000, 2,
    0x4000, 1, 0x8986, 3, 0x6862, 3, 0x8000, 5,
    0x7800, 2, 0x6800, 2, 0x6862, 1, 0x42CC, 1,
    0x2147, 1, 0x2800, 1, 0x8000, 3, 0x9083, 2,
    0x8000, 1, 0x8986, 1, 0x63B0, 1, 0x18E4, 1,
    0x42CC, 1, 0x632E, 1, 0x2924, 1, 0x632E, 1,
    0x42CC, 1, 0x632E, 8, 0x39A8, 1, 0x2104, 1,
    0x9000, 1, 0x8000, 1, 0x2147, 1, 0x6CB4, 1,
    0x94D3, 8, 0x6CB4, 2, 0x94D3, 1, 0x6CB4, 2,
    0x94D3, 5, 0x6CB4, 1, 0x63B0, 1, 0x2147, 1,
    0xA269, 1, 0x6CB4, 4, 0x42CC, 1, 0x39A8, 1,
    0x8986, 1, 0x10A3, 2, 0x3A09, 1, 0x632E, 6,
    0x52CC, 1, 0x63B0, 1, 0xB50B, 1, 0x63B0, 2,
    0x632E, 1, 0xB50B, 1, 0x5ACA, 1, 0x6000, 1,
    0x6800, 1, 0x8BCA, 1, 0xB50B, 1, 0x8986, 1,
    0x8BCA, 2, 0x4A27, 1, 0x8BCA, 2, 0x4000, 2,
    0x5000, 1, 0x6925, 1, 0x4A27, 1, 0x4104, 1,
    0x4000, 1, 0x8BCA, 1, 0x18E4, 1, 0x6000, 3,
    0x0862, 1, 0x6000, 2, 0x18C5, 8, 0x6000, 1,
    0x2800, 1, 0x6862, 2, 0x9083, 2, 0x8000, 1,
    0x7800, 7, 0x6800, 5, 0x7800, 1, 0x6925, 3,
    0x8986, 1, 0x52CC, 2, 0x632E, 3, 0x2147, 1,
    0x2924, 1, 0x94D3, 2, 0x2924, 1, 0x3985, 1,
    0x2924, 1, 0x2104, 2, 0x4841, 1, 0x2104, 1,
    0x5000, 1, 0x2104, 1, 0x2147, 2, 0x18C3, 1,
    0x9000, 2, 0x6862, 1, 0x632E, 1, 0x63B0, 1,
    0x6CB4, 7, 0x94D3, 6, 0x6CB4, 5, 0x63B0, 1,
    0x39A8, 1, 0xA269, 1, 0x9000, 1, 0x6CB4, 2,
    0x42CC, 1, 0x39A8, 1, 0x8986, 2, 0x2800, 1,
    0x6862, 1, 0x8986, 1, 0x5ACA, 1, 0x632E, 8,
    0x52CC, 1, 0x63B0, 1, 0xB50B, 3, 0x632E, 2,
    0x63B0, 1, 0xB50B, 6, 0x42CC, 1, 0xB50B, 1,
    0x632E, 1, 0x42CC, 1, 0x6925, 1, 0x8BCA, 3,
    0x39A8, 1, 0x18C3, 1, 0x5000, 1, 0x6000, 2,
    0x0862, 1, 0x6925, 1, 0x6000, 1, 0x18C5, 8,
    0x6000, 1, 0x4000, 1, 0x9000, 1, 0x8000, 2,
    0x9000, 2, 0x9083, 5, 0x8986, 3, 0x632E, 2,
    0x63B0, 2, 0x632E, 4, 0x63B0, 9, 0x52CC, 1,
    0x632E, 1, 0x63B0, 1, 0x632E, 4, 0x63B0, 2,
    0x18C3, 1, 0x2104, 1, 0x3985, 2, 0x9000, 3,
    0x632E, 1, 0x63B0, 11, 0x6CB4, 1, 0x63B0, 3,
    0x6CB4, 4, 0x39A8, 1, 0x2147, 1, 0x6862, 1,
    0xA801, 1, 0x6CB4, 2, 0x42CC, 1, 0x8986, 1,
    0x2800, 2, 0x18C3, 1, 0x7800, 2, 0x8000, 1,
    0x2800, 1, 0x1082, 1, 0x2800, 1, 0x8986, 4,
    0x6800, 1, 0x7800, 3, 0x5000, 6, 0x4841, 2,
    0x8986, 1, 0x2800, 2, 0x6000, 1, 0x632E, 3,
    0x6925, 1, 0x2104, 1, 0x6862, 2, 0x6000, 3,
    0x6862, 2, 0x4000, 1, 0x6925, 1, 0x6000, 2,
    0x18C5, 8, 0x6000, 1, 0x5000, 5, 0x4841, 5,
    0x18C3, 2, 0x39A8, 1, 0x2147, 1, 0x18C3, 1,
    0x4841, 2, 0x4104, 3, 0x6925, 1, 0x10A3, 1,
    0x18C3, 2, 0x2104, 1, 0x6862, 1, 0x18E4, 1,
    0x4A27, 1, 0x732B, 1, 0x4A27, 1, 0x2104, 1,
    0x3A09, 2, 0x52CC, 1, 0x5ACA, 1, 0x52CC, 3,
    0x632E, 3, 0x52CC, 1, 0xA269, 1, 0x8986, 2,
    0xA269, 2, 0x1082, 1, 0x18C3, 1, 0x10A3, 3,
    0x63B0, 6, 0x2800, 5, 0x4841, 1, 0x10A3, 2,
    0x2800, 2, 0x6000, 1, 0x9000, 2, 0x63B0, 1,
    0x6800, 1, 0x8986, 4, 0x6800, 2, 0x5000, 16,
    0x3A09, 3, 0x39A8, 1, 0x4104, 5, 0x8986, 2,
    0x2800, 1, 0x6800, 1, 0x7800, 1, 0x6800, 1,
    0x52CC, 2, 0x6925, 1, 0x6000, 2, 0x5000, 1,
    0x6925, 1, 0x6000, 2, 0x5000, 1, 0x18C5, 6,
    0x9083, 1, 0x6000, 1, 0x4000, 3, 0x2800, 7,
    0x10A3, 1, 0x18C3, 3, 0x10A3, 1, 0x2800, 2,
    0x4062, 2, 0x4000, 1, 0x2924, 1, 0x2104, 2,
    0x10A3, 1, 0x18C3, 2, 0x10A3, 1, 0x18C3, 1,
    0x7B47, 1, 0x732B, 1, 0x8BCA, 1, 0x7B47, 1,
    0x3A09, 1, 0x2924, 1, 0x3A09, 2, 0x52CC, 2,
    0x5ACA, 2, 0x52CC, 1, 0x5ACA, 3, 0x632E, 4,
    0x52CC, 8, 0x3A09, 3, 0x52CC, 10, 0x6925, 1,
    0x3A09, 1, 0x6925, 1, 0x4104, 3, 0x5000, 1,
    0x4841, 1, 0x5000, 6, 0x39A8, 1, 0x3A09, 9,
    0x42CC, 6, 0x3A09, 2, 0x39A8, 5, 0x4104, 1,
    0x5000, 3, 0x6862, 1, 0x6925, 1, 0x2800, 1,
    0x6000, 1, 0x0862, 1, 0x6925, 2, 0x6000, 2,
    0x5000, 2, 0x18C5, 6, 0x4000, 1, 0x6000, 1,
    0x4000, 1, 0x2800, 1, 0x18A2, 1, 0x20E3, 1,
    0x18A2, 3, 0x20E3, 1, 0x18A2, 2, 0x2924, 4,
    0x20E3, 1, 0x18A2, 1, 0x20E3, 3, 0x4A27, 6,
    0x10A3, 1, 0x2104, 1, 0x10A3, 1, 0x732B, 1,
    0xA488, 1, 0x8BCA, 3, 0x5ACA, 1, 0x2924, 2,
    0x3A09, 1, 0x6925, 1, 0x2924, 1, 0x3A09, 1,
    0x6925, 2, 0x5ACA, 2, 0x8986, 1, 0x5ACA, 1,
    0x632E, 6, 0x63B0, 2, 0x632E, 6, 0x63B0, 1,
    0x632E, 1, 0x63B0, 1, 0x3A09, 8, 0x52CC, 2,
    0x3A09, 2, 0x39A8, 3, 0x3A09, 8, 0x42CC, 4,
    0x3A09, 2, 0x7B47, 5, 0x3A09, 1, 0x42CC, 2,
    0x52CC, 1, 0x3A09, 2, 0x39A8, 2, 0x6925, 1,
    0x6862, 1, 0x6000, 1, 0x8000, 1, 0x8986, 2,
    0x4104, 1, 0x4841, 1, 0x5000, 1, 0x4841, 2,
    0x6000, 2, 0x5000, 2, 0x18C5, 6, 0x6800, 1,
    0x6000, 1, 0x6800, 1, 0x4000, 1, 0x3985, 1,
    0x7B47, 13, 0xA488, 11, 0x5ACA, 1, 0xA488, 1,
    0xB50B, 1, 0xDE0C, 5, 0xB50B, 1, 0xDE0C, 1,
    0xB50B, 2, 0x8BCA, 1, 0x3A09, 1, 0x52CC, 1,
    0x8986, 1, 0x632E, 5, 0xA269, 2, 0x632E, 4,
    0x52CC, 20, 0x5ACA, 4, 0x632E, 14, 0x63B0, 3,
    0xB50B, 4, 0x63B0, 1, 0x3A09, 1, 0x39A8, 1,
    0x3A09, 1, 0x18E4, 1, 0x6925, 2, 0x6862, 1,
    0x7800, 1, 0x8000, 2, 0xB50B, 2, 0x2147, 1,
    0x18C3, 2, 0x4841, 2, 0x6862, 1, 0x6000, 1,
    0x5000, 1, 0x18C5, 6, 0x63B0, 1, 0x6800, 1,
    0x6000, 1, 0x4000, 1, 0x2924, 1, 0x4A27, 1,
    0x7B47, 2, 0x4A27, 1, 0x7B47, 5, 0xA488, 18,
    0xDE0C, 2, 0xB50B, 1, 0xDE0C, 3, 0xFECD, 5,
    0xDE0C, 1, 0x94D3, 1, 0x3A09, 1, 0x63B0, 1,
    0x94D3, 2, 0xA269, 1, 0x94D3, 18, 0x52CC, 2,
    0x632E, 12, 0x5ACA, 1, 0x63B0, 1, 0x52CC, 2,
    0x42CC, 2, 0x52CC, 1, 0x2924, 1, 0x52CC, 1,
    0x2924, 1, 0x39A8, 4, 0x9083, 2, 0x6862, 1,
    0x3985, 1, 0x2924, 3, 0x6862, 3, 0x4062, 2,
    0x18E4, 1, 0x7800, 1, 0x8000, 2, 0xB50B, 2,
    0xA488, 3, 0x42CC, 1, 0x52CC, 1, 0x63B0, 1,
    0x6000, 1, 0x5000, 1, 0x18C5, 6, 0x94D3, 1,
    0x6800, 2, 0x4062, 1, 0x2924, 1, 0x8BCA, 1,
    0x5ACA, 2, 0xB50B, 1, 0x7B47, 3, 0xA488, 21,
    0xDE0C, 2, 0xFECD, 10, 0xDE0C, 1, 0x94D3, 1,
    0x3A09, 1, 0x63B0, 1, 0xA269, 1, 0x6CB4, 1,
    0xA269, 1, 0x94D3, 5, 0xFECD, 2, 0x94D3, 19,
    0x63B0, 3, 0x3A09, 1, 0x63B0, 6, 0x39A8, 2,
    0x9083, 5, 0x6925, 1, 0x8986, 1, 0x4A27, 1,
    0x6925, 1, 0x4A27, 1, 0x2924, 1, 0x6862, 2,
    0x8000, 5, 0x9000, 1, 0xA801, 3, 0x7800, 1,
    0x8986, 1, 0x2147, 1, 0x5ACA, 1, 0xA488, 1,
    0xFECD, 1, 0x94D3, 1, 0x42CC, 1, 0x10A3, 1,
    0x8000, 1, 0x18C5, 6, 0x94D3, 1, 0x9000, 1,
    0x6000, 1, 0xB50B, 1, 0x8986, 3, 0x6862, 1,
    0x6925, 2, 0x5ACA, 1, 0xB50B, 1, 0x8BCA, 1,
    0x7B47, 2, 0xA488, 16, 0xDE0C, 1, 0xFECD, 1,
    0xDE0C, 1, 0xFECD, 8, 0xDE0C, 1, 0x94D3, 7,
    0xFECD, 1, 0x6CB4, 1, 0x63B0, 1, 0x94D3, 1,
    0xFECD, 7, 0x94D3, 1, 0xFECD, 1, 0x94D3, 11,
    0xA269, 1, 0x94D3, 1, 0xA269, 1, 0x63B0, 1,
    0xA145, 4, 0x39A8, 1, 0x63B0, 6, 0x9083, 1,
    0x7800, 1, 0x8000, 2, 0x6925, 1, 0x8986, 1,
    0x6925, 1, 0x2924, 2, 0x20E3, 1, 0x10A3, 1,
    0x20E3, 1, 0x2924, 1, 0x3985, 1, 0x2924, 1,
    0x4841, 1, 0x6800, 2, 0x7800, 1, 0x9000, 1,
    0xA801, 4, 0xA269, 2, 0x2104, 1, 0xDE0C, 2,
    0x6CB4, 1, 0x18E4, 1, 0x10A3, 1, 0x6000, 1,
    0x6862, 1, 0x18C5, 5, 0x94D3, 2, 0xDE0C, 1,
    0xB50B, 2, 0x9083, 1, 0x8986, 4, 0x7B47, 1,
    0xB50B, 1, 0xA488, 1, 0x7B47, 1, 0xA488, 5,
    0xB50B, 7, 0xDE0C, 2, 0x18E4, 1, 0xDE0C, 4,
    0xFECD, 1, 0xDE0C, 1, 0xFECD, 1, 0xDE0C, 1,
    0xFECD, 5, 0xB50B, 1, 0xFECD, 8, 0xB50B, 1,
    0x6CB4, 1, 0xFECD, 11, 0x3A09, 1, 0xA269, 8,
    0xA145, 1, 0xA269, 1, 0x94D3, 2, 0xA269, 1,
    0x94D3, 4, 0x39A8, 1, 0x2147, 6, 0x2104, 1,
    0x4841, 1, 0xA145, 2, 0x8986, 1, 0x2924, 1,
    0x10A3, 1, 0x2924, 6, 0x10A3, 2, 0x4A27, 1,
    0x6925, 1, 0x3985, 1, 0x8000, 3, 0xA801, 4,
    0x94D3, 1, 0x2104, 1, 0x39A8, 1, 0x2104, 1,
    0x18E4, 1, 0x8000, 1, 0x6800, 1, 0x6000, 1,
    0x6800, 1, 0x18C5, 5, 0x9083, 1, 0x63B0, 1,
    0x2924, 1, 0xDE0C, 1, 0xA488, 1, 0xB50B, 1,
    0xFECD, 1, 0xB50B, 2, 0xFECD, 1, 0xB50B, 1,
    0x7B47, 1, 0xB50B, 1, 0x7B47, 1, 0xA488, 2,
    0xB50B, 1, 0xA488, 3, 0xB50B, 1, 0xA488, 1,
    0xB50B, 1, 0xA488, 2, 0xB50B, 1, 0x18E4, 1,
    0x10A3, 1, 0x18C3, 1, 0x10A3, 3, 0xDE0C, 3,
    0xFECD, 7, 0x7B47, 1, 0xFECD, 8, 0xDE0C, 1,
    0x94D3, 1, 0xFECD, 4, 0x94D3, 2, 0xFECD, 5,
    0xB50B, 1, 0x3A09, 1, 0x39A8, 1, 0xA269, 1,
    0xA145, 6, 0x94D3, 8, 0x39A8, 1, 0x7B47, 3,
    0x18C3, 4, 0x2924, 1, 0x4A27, 1, 0x8986, 1,
    0x10A3, 1, 0x2924, 3, 0x4A27, 1, 0x10A3, 1,
    0x3985, 1, 0x4A27, 2, 0x2924, 1, 0x20E3, 2,
    0x2924, 1, 0x8986, 1, 0x8000, 4, 0xA801, 3,
    0xB50B, 1, 0x94D3, 2, 0x6800, 1, 0x8000, 2,
    0x7800, 1, 0x4000, 1, 0x0000, 1, 0x18C5, 5,
    0x9083, 1, 0xA269, 1, 0x2924, 1, 0xDE0C, 1,
    0xA488, 1, 0x7B47, 1, 0xB50B, 1, 0x732B, 1,
    0xB50B, 2, 0x732B, 1, 0x7B47, 1, 0xB50B, 1,
    0x7B47, 1, 0xA488, 6, 0xB50B, 3, 0x18C3, 1,
    0x10A3, 3, 0x18C3, 1, 0x18E4, 1, 0x2147, 1,
    0x10A3, 5, 0xDE0C, 2, 0xFECD, 5, 0xA488, 1,
    0x2147, 1, 0x63B0, 1, 0x6CB4, 2, 0x94D3, 1,
    0xFECD, 3, 0xB50B, 2, 0xFECD, 3, 0x94D3, 1,
    0x3A09, 2, 0x6CB4, 2, 0xFECD, 3, 0xDE0C, 2,
    0xB50B, 1, 0x2147, 2, 0xA801, 5, 0x94D3, 5,
    0x63B0, 1, 0x632E, 1, 0x63B0, 1, 0x4841, 1,
    0x4A27, 1, 0x7B47, 1, 0x2147, 3, 0x18C3, 2,
    0xA145, 1, 0x8986, 1, 0x10A3, 1, 0x2924, 2,
    0x7B47, 1, 0x10A3, 1, 0x20E3, 2, 0x4000, 1,
    0x10A3, 1, 0x1082, 1, 0x3985, 1, 0x7B47, 1,
    0x2924, 1, 0x20E3, 1, 0x3985, 1, 0x7800, 2,
    0x8000, 4, 0x7800, 4, 0x6800, 1, 0x8000, 1,
    0x9000, 2, 0x10A3, 1, 0x0000, 1, 0x18C5, 5,
    0x9083, 1, 0xA145, 2, 0xDE0C, 1, 0xA488, 2,
    0xB50B, 4, 0xA488, 1, 0xB50B, 2, 0x7B47, 2,
    0xA488, 6, 0x18C3, 1, 0x10A3, 2, 0x18C3, 1,
    0x10A3, 1, 0x18C3, 1, 0x63B0, 1, 0x39A8, 1,
    0x94D3, 1, 0x3A09, 1, 0x6925, 1, 0xA145, 1,
    0x3985, 1, 0x10A3, 4, 0xFECD, 5, 0x20E3, 1,
    0x0000, 1, 0x10A3, 2, 0x18E4, 1, 0xFECD, 3,
    0xB50B, 2, 0xFECD, 3, 0x94D3, 1, 0x3A09, 1,
    0x39A8, 2, 0x6CB4, 1, 0xFECD, 3, 0xB50B, 1,
    0xFECD, 2, 0xB50B, 1, 0x7B47, 2, 0x2147, 1,
    0x9000, 1, 0xA801, 2, 0x2147, 1, 0x6CB4, 1,
    0x63B0, 2, 0x94D3, 1, 0x39A8, 1, 0x2147, 3,
    0x39A8, 1, 0x2147, 2, 0x39A8, 2, 0x10A3, 2,
    0x8986, 1, 0x3985, 1, 0x20E3, 1, 0x2924, 1,
    0x4A27, 1, 0x4000, 1, 0x20E3, 3, 0x0862, 1,
    0x20E3, 3, 0x4A27, 1, 0x7B47, 1, 0x2924, 1,
    0x20E3, 1, 0x3985, 1, 0x7800, 1, 0x8000, 1,
    0x7800, 1, 0x8000, 2, 0x7800, 4, 0x8000, 2,
    0x9000, 2, 0xA145, 1, 0x3985, 1, 0x18C5, 6,
    0xA145, 1, 0xA801, 1, 0x2924, 1, 0xDE0C, 1,
    0x8986, 1, 0x9083, 1, 0x8986, 3, 0x7B47, 1,
    0xB50B, 1, 0x7B47, 1, 0xA488, 6, 0x2924, 1,
    0x10A3, 1, 0x18C3, 1, 0x18E4, 1, 0x10A3, 2,
    0x6925, 1, 0x8986, 1, 0xA145, 1, 0x6925, 1,
    0x3985, 1, 0x4A27, 1, 0x6925, 1, 0xA145, 2,
    0x6925, 1, 0xA145, 1, 0x6925, 1, 0x10A3, 2,
    0xFECD, 8, 0xA488, 1, 0xDE0C, 1, 0xFECD, 2,
    0xB50B, 1, 0xA488, 1, 0x94D3, 1, 0xFECD, 1,
    0xDE0C, 1, 0xFECD, 1, 0x6CB4, 2, 0x3A09, 1,
    0x94D3, 1, 0xDE0C, 2, 0xFECD, 1, 0xB50B, 1,
    0xFECD, 5, 0x7B47, 1, 0x4841, 1, 0x9083, 1,
    0xA801, 1, 0x7800, 1, 0x6CB4, 1, 0x39A8, 6,
    0x2147, 1, 0x632E, 1, 0x63B0, 1, 0x632E, 2,
    0x39A8, 1, 0x10A3, 1, 0x2147, 1, 0x3985, 1,
    0x20E3, 1, 0x2924, 1, 0x7B47, 1, 0x10A3, 1,
    0x20E3, 1, 0x0862, 1, 0x20E3, 1, 0x10A3, 2,
    0x20E3, 1, 0x10A3, 2, 0x4000, 1, 0x3985, 1,
    0x7B47, 1, 0x20E3, 1, 0x2924, 1, 0x7800, 4,
    0x8000, 1, 0x7800, 5, 0x8000, 2, 0x9000, 1,
    0xA801, 1, 0x18C5, 7, 0xA801, 1, 0xA145, 1,
    0x7800, 1, 0x39A8, 1, 0x94D3, 1, 0xA269, 1,
    0x8986, 2, 0xA269, 1, 0xB50B, 1, 0x7B47, 1,
    0xA488, 6, 0x3985, 1, 0x10A3, 2, 0x18E4, 3,
    0xA145, 2, 0x39A8, 1, 0x2924, 5, 0x3985, 1,
    0x2924, 1, 0x6925, 1, 0x8986, 1, 0x6925, 2,
    0x10A3, 1, 0x0862, 1, 0xFECD, 3, 0xDE0C, 1,
    0xB50B, 4, 0xFECD, 1, 0xDE0C, 1, 0xB50B, 1,
    0xDE0C, 1, 0xA488, 1, 0x6CB4, 1, 0xDE0C, 1,
    0xB50B, 1, 0xDE0C, 7, 0x6CB4, 1, 0xA488, 1,
    0xFECD, 6, 0x7B47, 1, 0x4062, 1, 0x8000, 1,
    0x6000, 1, 0x39A8, 1, 0x63B0, 1, 0x39A8, 1,
    0x2147, 3, 0x4841, 2, 0x39A8, 5, 0x18C3, 1,
    0x3A09, 1, 0x3985, 1, 0x20E3, 1, 0x2924, 1,
    0x3985, 1, 0x20E3, 2, 0x10A3, 3, 0x20E3, 1,
    0x10A3, 1, 0x20E3, 2, 0x4000, 1, 0x10A3, 1,
    0x4A27, 1, 0x2924, 2, 0x3985, 1, 0x7800, 9,
    0x8000, 1, 0x6000, 1, 0x8000, 1, 0xA801, 1,
    0x18C5, 7, 0xA145, 1, 0x6000, 1, 0x7800, 1,
    0x8000, 1, 0x2147, 1, 0x39A8, 1, 0xB50B, 3,
    0x7B47, 1, 0xA488, 7, 0x20E3, 1, 0x10A3, 3,
    0x6925, 3, 0x2924, 1, 0x20E3, 1, 0x10A3, 1,
    0x20E3, 3, 0x2924, 2, 0x10A3, 1, 0x20E3, 1,
    0x3985, 1, 0x6925, 1, 0xA145, 1, 0x3985, 1,
    0x2924, 1, 0xFECD, 3, 0x39A8, 1, 0xDE0C, 4,
    0xB50B, 2, 0xDE0C, 2, 0xA488, 1, 0x39A8, 1,
    0xDE0C, 1, 0xA488, 3, 0xB50B, 1, 0xDE0C, 2,
    0x39A8, 1, 0x2147, 1, 0x0000, 1, 0xDE0C, 1,
    0xFECD, 7, 0x7B47, 1, 0x3985, 1, 0x6000, 1,
    0x2147, 1, 0x39A8, 1, 0x2104, 1, 0x2147, 1,
    0x632E, 1, 0x39A8, 2, 0x2147, 1, 0x39A8, 2,
    0x2147, 1, 0x39A8, 1, 0x10A3, 1, 0x18C3, 1,
    0x3A09, 1, 0x3985, 1, 0x2924, 1, 0x7B47, 1,
    0x4A27, 1, 0x20E3, 2, 0x10A3, 1, 0x20E3, 1,
    0x10A3, 3, 0x20E3, 1, 0x10A3, 2, 0x20E3, 1,
    0xA488, 1, 0x2924, 1, 0x20E3, 1, 0x2924, 1,
    0x7800, 9, 0x9000, 1, 0x6000, 1, 0x7800, 1,
    0x6800, 1, 0x18C5, 7, 0x5000, 1, 0x6000, 2,
    0x8000, 1, 0x9000, 1, 0x18C3, 1, 0x4A27, 1,
    0x7B47, 1, 0xA488, 8, 0x3985, 1, 0x2924, 1,
    0x10A3, 1, 0x18C3, 1, 0x4A27, 1, 0xA145, 1,
    0x3985, 1, 0x2924, 1, 0x10A3, 2, 0x2924, 2,
    0x7B47, 1, 0x4A27, 1, 0x2924, 3, 0x10A3, 1,
    0x20E3, 2, 0x3985, 1, 0xA145, 1, 0x3985, 1,
    0x0862, 1, 0xFECD, 1, 0xDE0C, 1, 0x3A09, 1,
    0xA488, 2, 0xB50B, 1, 0xDE0C, 3, 0x39A8, 1,
    0x2147, 1, 0xA488, 1, 0x7B47, 1, 0xDE0C, 1,
    0x7B47, 2, 0xA488, 1, 0x6CB4, 1, 0x39A8, 1,
    0x20E3, 3, 0xA488, 1, 0xFECD, 9, 0x7B47, 1,
    0x4062, 1, 0x18C3, 1, 0x6000, 2, 0x4841, 1,
    0x2147, 1, 0x39A8, 1, 0x2147, 4, 0x39A8, 1,
    0x2147, 1, 0x10A3, 1, 0x2104, 1, 0x63B0, 1,
    0x3985, 1, 0x20E3, 1, 0x2924, 1, 0x3985, 1,
    0x20E3, 1, 0x10A3, 2, 0x6000, 1, 0x10A3, 1,
    0x1082, 1, 0x10A3, 1, 0x6000, 1, 0x20E3, 1,
    0x18C3, 1, 0x10A3, 1, 0x4A27, 1, 0x2924, 2,
    0x3985, 1, 0x2924, 1, 0x7800, 8, 0x8000, 1,
    0x7800, 1, 0x8000, 1, 0x6800, 1, 0x18C5, 8,
    0x6000, 3, 0x8000, 1, 0x5000, 1, 0x4A27, 1,
    0xA488, 9, 0x3985, 1, 0x2924, 1, 0x10A3, 1,
    0x2924, 1, 0x8986, 1, 0x4A27, 1, 0x2924, 1,
    0x20E3, 1, 0x2924, 2, 0x4A27, 1, 0x10A3, 3,
    0x3985, 1, 0x4A27, 1, 0x7B47, 2, 0x2924, 1,
    0x10A3, 1, 0x2924, 1, 0x8986, 1, 0x6925, 1,
    0x2924, 1, 0xFECD, 1, 0xA488, 1, 0x3A09, 1,
    0x7B47, 1, 0xA488, 1, 0x6CB4, 1, 0x39A8, 2,
    0x20E3, 3, 0xFECD, 1, 0x7B47, 1, 0x94D3, 1,
    0xA801, 3, 0x39A8, 1, 0xDE0C, 1, 0xFECD, 8,
    0xDE0C, 1, 0xFECD, 4, 0xDE0C, 1, 0x7B47, 2,
    0x4062, 2, 0x4000, 1, 0x4062, 1, 0x18C3, 1,
    0x2147, 1, 0x4841, 1, 0x2147, 3, 0x18C5, 2,
    0x2147, 1, 0x3A09, 1, 0x2924, 1, 0x20E3, 1,
    0x8986, 1, 0x7B47, 1, 0x20E3, 1, 0x10A3, 2,
    0x20E3, 1, 0x10A3, 1, 0x0862, 1, 0x10A3, 2,
    0x20E3, 2, 0x4000, 1, 0x4A27, 1, 0x2924, 2,
    0x3985, 2, 0x6800, 3, 0x7800, 5, 0x6000, 1,
    0x7800, 1, 0x8000, 1, 0x2800, 1, 0x18C5, 8,
    0x5000, 1, 0x6000, 3, 0x5000, 1, 0x3985, 1,
    0x7B47, 1, 0xA488, 7, 0x39A8, 1, 0x4A27, 1,
    0x10A3, 1, 0x18C3, 1, 0xA145, 1, 0x8986, 1,
    0x2924, 1, 0x10A3, 1, 0x2924, 2, 0x3985, 1,
    0x10A3, 1, 0x20E3, 2, 0x4000, 3, 0x10A3, 1,
    0x3985, 1, 0x7B47, 1, 0x2924, 1, 0x20E3, 1,
    0x2924, 1, 0x3985, 1, 0x2924, 1, 0x1082, 1,
    0xA488, 1, 0x3985, 1, 0xA801, 2, 0x3A09, 1,
    0x20E3, 2, 0xFECD, 4, 0xA488, 1, 0x3A09, 2,
    0x9083, 1, 0xA801, 1, 0x3A09, 1, 0x39A8, 1,
    0xA488, 5, 0xDE0C, 9, 0xA488, 3, 0x4A27, 1,
    0x4062, 1, 0x4841, 2, 0x6000, 2, 0x2147, 1,
    0x39A8, 1, 0x4841, 1, 0x18C5, 2, 0x2147, 1,
    0x3A09, 1, 0x3985, 1, 0x20E3, 1, 0x7B47, 1,
    0x4A27, 1, 0x10A3, 1, 0x20E3, 2, 0x10A3, 1,
    0x20E3, 1, 0x10A3, 1, 0x20E3, 1, 0x10A3, 2,
    0x20E3, 1, 0x10A3, 1, 0x2924, 2, 0x20E3, 1,
    0x4A27, 1, 0x2924, 1, 0x6000, 2, 0x6800, 5,
    0x7800, 1, 0x6000, 1, 0x7800, 1, 0x5000, 1,
    0x18C5, 10, 0x6000, 3, 0x5000, 1, 0x4062, 1,
    0x4A27, 1, 0x7B47, 1, 0xA488, 6, 0x18C5, 1,
    0x3985, 1, 0x10A3, 2, 0x6925, 1, 0x3985, 1,
    0x20E3, 1, 0x2924, 2, 0x10A3, 1, 0x4000, 1,
    0x20E3, 3, 0x0862, 1, 0x20E3, 3, 0x10A3, 1,
    0x4A27, 2, 0x2924, 1, 0x20E3, 1, 0x3985, 1,
    0x4A27, 1, 0x20E3, 1, 0xA488, 1, 0x39A8, 1,
    0xA801, 1, 0x9083, 1, 0x3A09, 1, 0xA488, 1,
    0xFECD, 1, 0xA488, 5, 0x39A8, 2, 0xA801, 1,
    0x9083, 2, 0x8986, 1, 0x3A09, 1, 0x3985, 3,
    0x2147, 2, 0xA488, 11, 0x7B47, 1, 0x4A27, 1,
    0x4062, 1, 0x4841, 2, 0x18C3, 1, 0x10A3, 1,
    0x2104, 1, 0x18C3, 1, 0x18C5, 3, 0x2147, 1,
    0x3985, 1, 0x2924, 2, 0x7B47, 1, 0x10A3, 1,
    0x20E3, 1, 0x10A3, 1, 0x0862, 1, 0x20E3, 1,
    0x10A3, 1, 0x20E3, 3, 0x10A3, 1, 0x4A27, 1,
    0x2924, 1, 0x20E3, 1, 0x3985, 2, 0x2924, 1,
    0x5000, 3, 0x6000, 4, 0x6800, 1, 0x4000, 1,
    0x2800, 1, 0x4000, 1, 0x18C5, 11, 0x6000, 2,
    0x5000, 1, 0x0862, 1, 0x4A27, 1, 0xA269, 1,
    0x7B47, 2, 0xA488, 3, 0x7B47, 1, 0x18C5, 1,
    0x6925, 1, 0x10A3, 1, 0x2147, 1, 0x3985, 2,
    0x2924, 2, 0x7B47, 1, 0x10A3, 1, 0x20E3, 2,
    0x18C3, 1, 0x20E3, 1, 0x10A3, 1, 0x20E3, 1,
    0x0862, 1, 0x18C3, 1, 0x4000, 2, 0x3985, 1,
    0x2924, 1, 0x20E3, 1, 0x2924, 1, 0x3985, 1,
    0x2924, 1, 0x20E3, 1, 0x2147, 1, 0x8986, 1,
    0x9083, 1, 0xA269, 1, 0x39A8, 1, 0xA488, 1,
    0x3985, 4, 0x7B47, 2, 0x2147, 1, 0xA269, 1,
    0x9083, 3, 0x6925, 3, 0x9083, 1, 0x2147, 2,
    0xA488, 1, 0x7B47, 1, 0x3985, 1, 0x4A27, 1,
    0x7B47, 1, 0xA488, 1, 0x7B47, 7, 0x3985, 1,
    0x4062, 1, 0x4841, 2, 0x2147, 1, 0x39A8, 1,
    0x4841, 1, 0x18C5, 3, 0x2147, 1, 0x3A09, 1,
    0x2924, 1, 0x20E3, 1, 0x2924, 1, 0x7B47, 1,
    0x10A3, 1, 0x20E3, 2, 0x10A3, 1, 0x20E3, 3,
    0x4000, 1, 0x3985, 1, 0x2924, 1, 0x20E3, 1,
    0x2924, 1, 0x8986, 1, 0x3985, 1, 0x18C5, 2,
    0x4000, 4, 0x5000, 1, 0x4000, 1, 0x6000, 1,
    0x2800, 1, 0x18C5, 15, 0x5000, 1, 0x4000, 1,
    0x3985, 2, 0x4A27, 1, 0x7B47, 2, 0xA488, 2,
    0x18C5, 2, 0x10A3, 2, 0x39A8, 1, 0x3985, 1,
    0x2924, 2, 0x7B47, 1, 0x3985, 1, 0x10A3, 4,
    0x20E3, 3, 0x10A3, 1, 0x20E3, 2, 0x4000, 1,
    0x10A3, 1, 0x4A27, 1, 0x20E3, 1, 0x2924, 1,
    0x3985, 1, 0x4A27, 1, 0x20E3, 1, 0x4A27, 1,
    0x18C3, 1, 0x3A09, 1, 0x9083, 2, 0x6925, 3,
    0x9083, 2, 0x8986, 1, 0x2147, 1, 0x4A27, 1,
    0x10A3, 1, 0x2147, 9, 0x7B47, 1, 0x4A27, 1,
    0x4062, 4, 0x3985, 2, 0x4A27, 2, 0x7B47, 3,
    0x4A27, 1, 0x3985, 1, 0x4062, 1, 0x4841, 3,
    0x6000, 1, 0x18C5, 4, 0x2147, 1, 0x3985, 1,
    0x2924, 3, 0x4A27, 1, 0x3985, 1, 0x10A3, 1,
    0x20E3, 2, 0x4000, 1, 0x10A3, 1, 0x4A27, 1,
    0x7B47, 1, 0x20E3, 2, 0x3985, 1, 0xA145, 1,
    0x4A27, 1, 0x18C5, 2, 0x2800, 6, 0x18C5, 19,
    0x4062, 1, 0x4104, 1, 0x4A27, 3, 0x7B47, 1,
    0x4A27, 1, 0x18C5, 2, 0x10A3, 1, 0x18C3, 1,
    0x3A09, 1, 0x3985, 1, 0x2924, 2, 0x7B47, 1,
    0x10A3, 1, 0x20E3, 2, 0x10A3, 3, 0x20E3, 1,
    0x10A3, 1, 0x18C3, 1, 0x20E3, 1, 0x10A3, 1,
    0x20E3, 1, 0x10A3, 1, 0xA488, 1, 0x2924, 1,
    0x20E3, 1, 0x2924, 1, 0x3985, 1, 0x20E3, 2,
    0x4A27, 1, 0x2147, 1, 0x8986, 1, 0x2147, 5,
    0x1082, 3, 0x4A27, 1, 0x18C3, 1, 0x1082, 3,
    0x10A3, 1, 0x1082, 1, 0x10A3, 1, 0x1082, 3,
    0x7B47, 1, 0x4A27, 1, 0x3985, 1, 0x4062, 1,
    0x4841, 1, 0x4000, 1, 0x4062, 2, 0x3985, 3,
    0x4A27, 4, 0x3985, 1, 0x4000, 1, 0x4841, 2,
    0x6000, 1, 0x18C5, 5, 0x8986, 1, 0x3985, 1,
    0x20E3, 1, 0x2924, 2, 0x7B47, 1, 0x4A27, 1,
    0x3985, 1, 0x10A3, 1, 0x4A27, 1, 0x2924, 3,
    0x10A3, 1, 0x3985, 1, 0xA145, 1, 0x3985, 1,
    0x20E3, 1, 0x18C5, 2, 0x2800, 3, 0x18C5, 24,
    0x3985, 3, 0x4A27, 1, 0x18C5, 3, 0x10A3, 1,
    0x2104, 1, 0x3A09, 1, 0x3985, 1, 0x20E3, 1,
    0x2924, 1, 0x3985, 1, 0x20E3, 1, 0x18C3, 1,
    0x10A3, 1, 0x20E3, 2, 0x10A3, 3, 0x6000, 1,
    0x20E3, 2, 0x7800, 1, 0x20E3, 1, 0xA488, 1,
    0x2924, 2, 0x3985, 1, 0x4A27, 1, 0x3985, 1,
    0x18C5, 1, 0x3985, 2, 0x2800, 1, 0x1082, 8,
    0x4062, 1, 0x3985, 1, 0x4062, 4, 0x3985, 5,
    0x4A27, 2, 0x3985, 1, 0x4062, 1, 0x4000, 6,
    0x4062, 3, 0x3985, 1, 0x4A27, 1, 0x4062, 1,
    0x1082, 1, 0x10A3, 1, 0x2147, 2, 0x18C5, 5,
    0x6925, 1, 0x8986, 1, 0x4A27, 1, 0x10A3, 1,
    0x20E3, 1, 0x2924, 1, 0x20E3, 1, 0x2924, 6,
    0x6925, 1, 0x8986, 1, 0x6925, 1, 0x3985, 1,
    0x18C5, 32, 0x4104, 2, 0x18C5, 4, 0x2147, 1,
    0x3A09, 1, 0x2924, 1, 0x20E3, 1, 0x3985, 1,
    0x8986, 1, 0x6000, 2, 0x10A3, 2, 0x6000, 1,
    0x10A3, 1, 0x0862, 1, 0x10A3, 1, 0x20E3, 2,
    0x10A3, 1, 0x18C3, 1, 0x10A3, 1, 0x4A27, 1,
    0x2924, 2, 0x3985, 2, 0x2924, 1, 0x18C5, 1,
    0x3985, 3, 0x4062, 1, 0x3985, 2, 0x4062, 1,
    0x1082, 1, 0x4062, 2, 0x4000, 3, 0x4062, 9,
    0x3985, 3, 0x4062, 1, 0x4000, 9, 0x4062, 1,
    0x4000, 1, 0x1082, 1, 0x4062, 1, 0x1082, 1,
    0x10A3, 1, 0x2147, 1, 0x18C5, 6, 0x4A27, 1,
    0xA145, 1, 0x3985, 2, 0x2924, 1, 0x20E3, 1,
    0x10A3, 1, 0x20E3, 1, 0x2924, 2, 0x3985, 1,
    0x4A27, 2, 0xA145, 1, 0x3985, 1, 0x18C5, 39,
    0x2147, 1, 0x3A09, 1, 0x2924, 1, 0x20E3, 1,
    0x2924, 2, 0x20E3, 2, 0x10A3, 4, 0x20E3, 2,
    0x10A3, 1, 0x20E3, 1, 0x10A3, 1, 0x20E3, 1,
    0x3985, 1, 0x7B47, 1, 0x2924, 1, 0x20E3, 1,
    0x3985, 2, 0x20E3, 1, 0x18C5, 1, 0x3985, 7,
    0x0862, 1, 0x4062, 9, 0x4000, 1, 0x4062, 3,
    0x4000, 1, 0x1082, 3, 0x0862, 1, 0x4062, 7,
    0x10A3, 2, 0x1082, 1, 0x10A3, 2, 0x1082, 1,
    0x10A3, 1, 0x2147, 1, 0x2104, 1, 0x18C5, 6,
    0x2924, 1, 0x6925, 3, 0x8986, 1, 0x2924, 1,
    0x8986, 1, 0x4A27, 1, 0x6925, 1, 0x4A27, 1,
    0xA145, 2, 0x3985, 1, 0x18C5, 42, 0x39A8, 1,
    0x3A09, 1, 0x20E3, 1, 0x2924, 1, 0x7B47, 1,
    0x4A27, 1, 0x20E3, 2, 0x1082, 1, 0x10A3, 1,
    0x20E3, 1, 0x10A3, 1, 0x20E3, 2, 0x10A3, 1,
    0x20E3, 1, 0x4000, 1, 0x10A3, 1, 0x2924, 3,
    0x3985, 1, 0x2924, 1, 0x18C5, 4, 0x52CC, 1,
    0x3985, 4, 0x632E, 1, 0x0862, 1, 0x4062, 19,
    0x4000, 1, 0x4062, 3, 0x10A3, 6, 0x4062, 1,
    0x2147, 1, 0x18C3, 2, 0x18C5, 10, 0x6925, 1,
    0x3985, 1, 0xA145, 1, 0x6925, 1, 0xA145, 1,
    0x3A09, 1, 0x2147, 1, 0x18C5, 44, 0x2147, 1,
    0x3A09, 1, 0x2924, 3, 0x7B47, 1, 0x10A3, 1,
    0x20E3, 1, 0x10A3, 1, 0x0862, 1, 0x20E3, 1,
    0x10A3, 1, 0x0862, 1, 0x20E3, 3, 0x10A3, 1,
    0x4A27, 1, 0x2924, 1, 0x20E3, 1, 0x3985, 2,
    0x2924, 1, 0x18C5, 4, 0x42CC, 2, 0x18E4, 1,
    0x18C5, 1, 0x632E, 1, 0x42CC, 2, 0x2147, 1,
    0x4062, 1, 0x4000, 3, 0x4062, 1, 0x4000, 1,
    0x4062, 3, 0x4000, 1, 0x4062, 1, 0x4000, 3,
    0x18C5, 32, 0x2147, 1, 0x18C5, 47, 0x3A09, 1,
    0x3985, 1, 0x20E3, 1, 0x2924, 2, 0x7B47, 1,
    0x4000, 1, 0x20E3, 7, 0x10A3, 1, 0x7B47, 1,
    0x2924, 1, 0x20E3, 1, 0x2924, 1, 0x6925, 2,
    0x3985, 1, 0x18C5, 2, 0x0000, 1, 0x18C5, 2,
    0x18E4, 1, 0x18C5, 1, 0x0000, 2, 0x2147, 2,
    0x18C3, 1, 0x18C5, 94, 0x2147, 1, 0x3985, 1,
    0x2924, 1, 0x20E3, 1, 0x2924, 2, 0x10A3, 1,
    0x3985, 1, 0x10A3, 1, 0x4000, 1, 0x20E3, 1,
    0x4000, 2, 0x4A27, 1, 0x7B47, 1, 0x2924, 1,
    0x20E3, 2, 0x3985, 1, 0xA145, 1, 0x4A27, 1,
    0x18C5, 2, 0x2104, 1, 0x18C5, 3, 0x2147, 1,
    0x18E4, 1, 0x18C5, 3, 0x2147, 1, 0x18C5, 96,
    0x6925, 1, 0x8986, 1, 0x20E3, 1, 0x2924, 3,
    0x7B47, 1, 0x4A27, 1, 0x3985, 1, 0x10A3, 2,
    0x7B47, 1, 0x2924, 2, 0x10A3, 2, 0x20E3, 1,
    0x6925, 1, 0x3985, 1, 0x20E3, 1, 0x18C5, 3,
    0x2147, 1, 0x18E4, 1, 0x2147, 1, 0x18C5, 1,
    0x10A3, 1, 0x0000, 1, 0x18C5, 1, 0x0000, 1,
    0x18C5, 97, 0xA145, 2, 0x4A27, 1, 0x2924, 1,
    0x1082, 1, 0x20E3, 1, 0x2924, 2, 0x7B47, 1,
    0x2924, 5, 0x20E3, 1, 0x6925, 1, 0x8986, 1,
    0x6925, 1, 0x3985, 1, 0x10A3, 1, 0x18C5, 4,
    0x2147, 1, 0x18C5, 3, 0x10A3, 2, 0x18C5, 99,
    0x2924, 1, 0x4A27, 1, 0x8986, 1, 0x3985, 1,
    0x2924, 1, 0x10A3, 1, 0x20E3, 1, 0x10A3, 1,
    0x20E3, 2, 0x10A3, 1, 0x20E3, 1, 0x3985, 1,
    0x4A27, 1, 0x8986, 1, 0xA145, 1, 0x6925, 1,
    0x18C5, 111, 0x10A3, 1, 0x4A27, 1, 0xA145, 1,
    0x8986, 1, 0x6925, 1, 0x8986, 1, 0x2924, 4,
    0x4A27, 1, 0x6925, 1, 0xA145, 2, 0x6925, 1,
    0x18C5, 116, 0x4A27, 1, 0xA145, 2, 0x6925, 1,
    0x8986, 1, 0x6925, 1, 0x39A8, 1, 0xA145, 1,
    0x6925, 1, 0xA145, 1, 0x18C5, 122, 0x63B0, 1,
    0x39A8, 1, 0x3A09, 1, 0x94D3, 1, 0x2147, 1,
    0x18C5, 5722, 0x18C5, 3208, 0x8986, 1, 0x18C5, 126,
    0x5000, 1, 0x8986, 1, 0x9083, 1, 0x18C5, 125,
    0x8986, 2, 0x6862, 1, 0x18C5, 124, 0x4000, 1,
    0x8986, 1, 0x6862, 1, 0x7800, 2, 0x18C5, 123,
    0x4000, 1, 0x8986, 1, 0x7800, 3, 0x18C5, 122,
    0x5000, 1, 0x8986, 1, 0x6862, 1, 0x7800, 2,
    0x6000, 1, 0x6800, 1, 0x18C5, 35, 0x8000, 1,
    0xA269, 1, 0x8000, 2, 0x5000, 2, 0x6000, 1,
    0x6800, 1, 0x7800, 2, 0x8000, 4, 0x9000, 1,
    0x9083, 1, 0x8000, 1, 0x7800, 4, 0x18C5, 65,
    0x8986, 2, 0x7800, 2, 0x6000, 1, 0x5000, 1,
    0x4000, 1, 0x18C5, 29, 0x8000, 1, 0x632E, 1,
    0x63B0, 1, 0x6CB4, 1, 0x63B0, 1, 0x2147, 1,
    0xA269, 1, 0x8000, 2, 0x4000, 2, 0x6000, 1,
    0x2924, 1, 0xB50B, 2, 0xA488, 1, 0xB50B, 2,
    0x52CC, 3, 0xA488, 2, 0x52CC, 2, 0x632E, 1,
    0x8986, 5, 0x9083, 1, 0x7800, 1, 0x18C5, 58,
    0x8986, 1, 0x632E, 1, 0x9083, 1, 0x7800, 2,
    0x5000, 1, 0x6000, 5, 0x6862, 4, 0x6925, 2,
    0x3A09, 5, 0x5ACA, 1, 0x52CC, 10, 0x8000, 1,
    0x6CB4, 3, 0x63B0, 1, 0x42CC, 1, 0x7800, 1,
    0x63B0, 1, 0x2147, 1, 0x8000, 2, 0x6000, 1,
    0x4000, 2, 0x6000, 1, 0x632E, 1, 0xB50B, 7,
    0x52CC, 1, 0x8BCA, 2, 0xA488, 1, 0x5ACA, 1,
    0x632E, 2, 0xA488, 2, 0x52CC, 2, 0x632E, 1,
    0x63B0, 1, 0xA269, 1, 0x18E4, 1, 0x18C5, 56,
    0x632E, 1, 0x9083, 1, 0x8986, 1, 0x7800, 2,
    0x6800, 1, 0x4000, 1, 0x5000, 2, 0x6000, 7,
    0x6862, 2, 0x6925, 1, 0x3A09, 5, 0x52CC, 7,
    0x63B0, 1, 0x94D3, 1, 0x6CB4, 1, 0x42CC, 1,
    0x6CB4, 3, 0x63B0, 1, 0x42CC, 1, 0x6800, 1,
    0x18C3, 1, 0xA269, 1, 0x6800, 2, 0x4000, 1,
    0x5000, 2, 0x2924, 1, 0x732B, 2, 0x52CC, 1,
    0x2924, 1, 0x3A09, 2, 0x6925, 1, 0x5ACA, 1,
    0x632E, 2, 0x8BCA, 1, 0x632E, 1, 0x8BCA, 2,
    0x52CC, 1, 0x8BCA, 3, 0x5ACA, 1, 0x632E, 3,
    0x2147, 2, 0x18C5, 54, 0x632E, 1, 0x8986, 2,
    0x9083, 1, 0x7800, 1, 0x6800, 1, 0x5000, 1,
    0x2800, 1, 0x5000, 4, 0x6000, 7, 0x4841, 1,
    0x6862, 2, 0x6925, 4, 0x6862, 2, 0x52CC, 1,
    0x6CB4, 1, 0x94D3, 1, 0x63B0, 1, 0x8000, 1,
    0x6CB4, 1, 0x632E, 1, 0x8000, 1, 0x42CC, 2,
    0x63B0, 1, 0x6CB4, 1, 0x632E, 1, 0x2104, 1,
    0xA269, 1, 0x6800, 2, 0x2800, 1, 0x5000, 1,
    0x6000, 1, 0x2800, 2, 0x42CC, 1, 0x732B, 5,
    0x63B0, 1, 0x632E, 1, 0x42CC, 1, 0x632E, 3,
    0x52CC, 2, 0x3A09, 1, 0x52CC, 2, 0x3A09, 1,
    0x632E, 3, 0x39A8, 2, 0x18E4, 1, 0x18C5, 52,
    0x8986, 4, 0x9083, 1, 0x8000, 1, 0x7800, 1,
    0x5000, 1, 0x2800, 2, 0x5000, 10, 0x6000, 7,
    0x4841, 1, 0x94D3, 2, 0x632E, 1, 0x94D3, 1,
    0x6CB4, 1, 0x8000, 1, 0x42CC, 1, 0x63B0, 1,
    0x6CB4, 3, 0x7800, 1, 0x42CC, 3, 0xA269, 1,
    0x6800, 3, 0x2800, 1, 0x6000, 3, 0x6800, 5,
    0x7800, 1, 0x6800, 1, 0x6862, 1, 0x6925, 1,
    0x18C3, 1, 0x2104, 1, 0x632E, 5, 0x52CC, 3,
    0x632E, 1, 0x8986, 1, 0x39A8, 1, 0x3A09, 3,
    0x42CC, 1, 0x18C5, 51, 0x8986, 2, 0x9083, 1,
    0x6862, 1, 0x7800, 3, 0x4000, 1, 0x2800, 1,
    0x6862, 4, 0x7800, 1, 0x6800, 7, 0x6000, 3,
    0x8000, 1, 0x63B0, 1, 0x6CB4, 1, 0x8000, 1,
    0x94D3, 1, 0x6CB4, 1, 0x8000, 1, 0x42CC, 1,
    0x6CB4, 2, 0x7800, 1, 0x42CC, 1, 0x63B0, 5,
    0x632E, 1, 0x2104, 1, 0xA269, 1, 0x6800, 2,
    0x2800, 1, 0x5000, 1, 0x6000, 2, 0x6800, 2,
    0x6000, 1, 0x6800, 4, 0x6925, 7, 0x3A09, 1,
    0x2147, 1, 0x39A8, 1, 0x632E, 3, 0x8986, 1,
    0x39A8, 3, 0x3A09, 1, 0x42CC, 1, 0x63B0, 1,
    0x42CC, 1, 0x18C5, 50, 0x6862, 2, 0x7800, 4,
    0x6000, 1, 0x2800, 1, 0x6925, 3, 0x6862, 3,
    0x7800, 5, 0x6800, 2, 0x6000, 2, 0x18C3, 1,
    0x6CB4, 1, 0x94D3, 1, 0x63B0, 2, 0x6CB4, 1,
    0x94D3, 2, 0x42CC, 1, 0x63B0, 7, 0x632E, 1,
    0x42CC, 1, 0x2147, 1, 0xA269, 1, 0x6800, 3,
    0x6000, 7, 0x6800, 4, 0x6000, 1, 0x6862, 2,
    0x6925, 5, 0x3A09, 2, 0x8986, 1, 0x52CC, 2,
    0x39A8, 2, 0x3A09, 2, 0x39A8, 1, 0x42CC, 1,
    0x63B0, 1, 0x42CC, 2, 0x18C5, 49, 0x7800, 4,
    0x6800, 1, 0x6000, 1, 0x4000, 1, 0x8986, 1,
    0x6925, 1, 0x6862, 3, 0x7800, 7, 0x6800, 2,
    0x2924, 1, 0x2147, 1, 0x8000, 1, 0x632E, 1,
    0x6CB4, 1, 0x94D3, 1, 0x7800, 1, 0x42CC, 1,
    0x6CB4, 3, 0x63B0, 3, 0x42CC, 2, 0x18C3, 2,
    0x6800, 2, 0x7800, 3, 0x6862, 1, 0x63B0, 1,
    0xA269, 3, 0x63B0, 2, 0xA269, 1, 0x9000, 2,
    0x9083, 1, 0x9000, 2, 0x6000, 5, 0x6925, 3,
    0x3A09, 1, 0x52CC, 3, 0x3A09, 1, 0x42CC, 1,
    0x3A09, 3, 0x5ACA, 1, 0x2147, 1, 0x63B0, 1,
    0x2147, 1, 0x18E4, 1, 0x18C5, 49, 0x7800, 3,
    0x6800, 1, 0x5000, 1, 0x2800, 1, 0x8986, 1,
    0x6925, 2, 0x6862, 2, 0x7800, 6, 0x6800, 3,
    0x7800, 1, 0x2147, 1, 0x63B0, 1, 0x6CB4, 1,
    0x42CC, 1, 0x6CB4, 5, 0x632E, 1, 0x2104, 1,
    0x6800, 2, 0x7800, 3, 0x63B0, 4, 0x7800, 2,
    0x8000, 2, 0x10A3, 2, 0x18E4, 1, 0x2104, 1,
    0x2147, 4, 0x63B0, 1, 0xA269, 4, 0x8986, 2,
    0xA269, 2, 0x6000, 2, 0x6925, 2, 0x52CC, 1,
    0x6925, 1, 0x42CC, 2, 0x52CC, 2, 0x42CC, 1,
    0x5ACA, 1, 0x2147, 1, 0x42CC, 1, 0x63B0, 1,
    0x2147, 1, 0x18C5, 1, 0x42CC, 1, 0x18C5, 48,
    0x7800, 1, 0x6000, 1, 0x5000, 2, 0x2800, 2,
    0x8986, 1, 0x6925, 1, 0x6862, 3, 0x7800, 7,
    0x6800, 1, 0x7800, 2, 0x2104, 1, 0x632E, 1,
    0x6CB4, 2, 0x63B0, 1, 0x42CC, 1, 0x5000, 1,
    0x6800, 5, 0x632E, 1, 0x63B0, 3, 0x3985, 1,
    0x18C3, 1, 0x2147, 1, 0x42CC, 2, 0x2104, 1,
    0x8000, 2, 0x2104, 1, 0x6CB4, 1, 0x94D3, 7,
    0x2147, 3, 0x39A8, 3, 0x2147, 1, 0x2104, 1,
    0x2924, 1, 0xA269, 1, 0xA145, 2, 0x18C5, 1,
    0x42CC, 2, 0x52CC, 3, 0x5ACA, 2, 0x2147, 1,
    0x6CB4, 2, 0x63B0, 1, 0x2147, 1, 0x3A09, 1,
    0x42CC, 1, 0x8986, 2, 0x2800, 5, 0x10A3, 1,
    0x2800, 6, 0x8986, 5, 0x6000, 1, 0x18C5, 27,
    0x7800, 1, 0x5000, 1, 0x2800, 3, 0x6800, 1,
    0x7800, 1, 0x6800, 9, 0x7800, 2, 0x6800, 1,
    0x7800, 1, 0x42CC, 3, 0x2104, 1, 0x6800, 6,
    0x632E, 3, 0x18C3, 2, 0x18E4, 1, 0x42CC, 2,
    0x63B0, 1, 0x6CB4, 3, 0x63B0, 1, 0x8000, 1,
    0x7800, 1, 0x2147, 1, 0x6CB4, 1, 0x94D3, 15,
    0x2147, 1, 0x6925, 1, 0x8986, 1, 0xA145, 2,
    0x632E, 1, 0x52CC, 2, 0x632E, 3, 0x2147, 4,
    0x63B0, 1, 0x6CB4, 1, 0x42CC, 2, 0x6800, 2,
    0x8986, 1, 0x4000, 1, 0x6862, 1, 0x632E, 1,
    0x8986, 2, 0x6925, 4, 0x8986, 2, 0x52CC, 2,
    0x6800, 2, 0x18C3, 1, 0x42CC, 1, 0x8BCA, 1,
    0x0862, 1, 0x2800, 2, 0x0862, 1, 0x6925, 1,
    0x18C5, 21, 0x7800, 1, 0x4000, 1, 0x5000, 3,
    0x8000, 1, 0x6862, 2, 0x8000, 8, 0x7800, 1,
    0x6800, 2, 0x7800, 1, 0x6000, 2, 0x6800, 3,
    0x6862, 2, 0x6800, 2, 0x632E, 1, 0x10A3, 1,
    0x42CC, 1, 0x632E, 1, 0x63B0, 4, 0x94D3, 2,
    0x6CB4, 2, 0x63B0, 1, 0x2924, 1, 0x7800, 1,
    0x8000, 1, 0x2924, 1, 0x63B0, 1, 0x94D3, 15,
    0x63B0, 1, 0x39A8, 3, 0xA145, 1, 0x632E, 5,
    0x3A09, 1, 0x42CC, 1, 0x2147, 1, 0x18C5, 1,
    0x18E4, 1, 0x6CB4, 1, 0x63B0, 2, 0x3A09, 1,
    0x39A8, 1, 0x7800, 1, 0x8986, 1, 0x2800, 1,
    0x2924, 1, 0x52CC, 4, 0x8986, 2, 0x5ACA, 2,
    0x6925, 1, 0x6862, 1, 0x3A09, 1, 0x8BCA, 4,
    0x42CC, 1, 0x18E4, 1, 0x42CC, 2, 0x39A8, 1,
    0x6000, 2, 0x2800, 1, 0x6925, 1, 0x18C5, 18,
    0x5000, 1, 0x2800, 1, 0x4000, 3, 0x5000, 2,
    0x4062, 4, 0x18C3, 2, 0x8986, 2, 0x632E, 4,
    0x63B0, 1, 0x632E, 6, 0x5ACA, 1, 0x52CC, 2,
    0x2924, 1, 0x2104, 3, 0x52CC, 1, 0x42CC, 3,
    0x6CB4, 1, 0x63B0, 3, 0x632E, 1, 0x2147, 1,
    0x7800, 2, 0x39A8, 1, 0x52CC, 1, 0x6CB4, 1,
    0x94D3, 6, 0x6CB4, 2, 0x94D3, 1, 0x6CB4, 1,
    0x94D3, 5, 0x63B0, 1, 0x632E, 2, 0x39A8, 1,
    0x9083, 1, 0x632E, 3, 0x2147, 1, 0x6CB4, 3,
    0x2147, 1, 0x0862, 1, 0x42CC, 1, 0x6CB4, 1,
    0x63B0, 1, 0x39A8, 1, 0x6800, 1, 0x8986, 1,
    0x1082, 1, 0x2924, 1, 0x5ACA, 1, 0x63B0, 2,
    0x632E, 1, 0x52CC, 6, 0x63B0, 1, 0x52CC, 1,
    0x8BCA, 2, 0x3A09, 1, 0x5000, 1, 0x8BCA, 1,
    0xA488, 2, 0x7B47, 1, 0x8BCA, 2, 0x7B47, 1,
    0x3A09, 2, 0x6000, 1, 0x2800, 2, 0x18C5, 15,
    0x6000, 1, 0x2800, 1, 0x4000, 1, 0x2800, 1,
    0x1082, 1, 0x2800, 6, 0x10A3, 2, 0x39A8, 1,
    0x2147, 1, 0x18C3, 1, 0x4841, 2, 0x4104, 1,
    0x6925, 3, 0x632E, 3, 0x63B0, 8, 0x2104, 1,
    0x2147, 1, 0x2104, 1, 0x18E4, 2, 0x42CC, 4,
    0x2147, 1, 0x18E4, 1, 0x8000, 1, 0x7800, 1,
    0x42CC, 1, 0x6CB4, 15, 0x94D3, 1, 0x6CB4, 1,
    0x63B0, 1, 0x632E, 2, 0xA269, 1, 0x632E, 2,
    0x39A8, 1, 0x6CB4, 5, 0x42CC, 1, 0x6CB4, 1,
    0x63B0, 1, 0x3A09, 1, 0x2147, 1, 0x6800, 1,
    0x8986, 1, 0x18C3, 1, 0x2924, 1, 0x63B0, 4,
    0x632E, 1, 0x63B0, 1, 0xB50B, 5, 0x52CC, 2,
    0x8BCA, 5, 0xA488, 1, 0x7B47, 2, 0x4104, 1,
    0x7B47, 1, 0x4A27, 1, 0x7B47, 1, 0x8BCA, 2,
    0x52CC, 1, 0x6000, 1, 0x2800, 2, 0x18C5, 13,
    0x6000, 2, 0x2800, 1, 0x1082, 1, 0x18A2, 4,
    0x20E3, 1, 0x18A2, 2, 0x2924, 1, 0x18C3, 2,
    0x10A3, 1, 0x2800, 1, 0x4062, 3, 0x4000, 1,
    0x18C3, 3, 0x18E4, 1, 0x6862, 1, 0x18E4, 1,
    0x4A27, 1, 0x39A8, 1, 0x3A09, 1, 0x52CC, 1,
    0x632E, 4, 0x63B0, 3, 0x18E4, 1, 0x5000, 1,
    0x18E4, 1, 0x2924, 1, 0x2104, 1, 0x10A3, 1,
    0x8000, 1, 0x7800, 1, 0x2147, 1, 0x63B0, 1,
    0x6CB4, 17, 0x63B0, 1, 0x632E, 1, 0x63B0, 1,
    0x632E, 1, 0x39A8, 1, 0x42CC, 1, 0x6CB4, 1,
    0x94D3, 1, 0x6CB4, 4, 0x42CC, 2, 0x39A8, 1,
    0x6000, 1, 0x8986, 1, 0x18C3, 1, 0x52CC, 2,
    0x63B0, 2, 0x52CC, 1, 0xB50B, 2, 0x63B0, 2,
    0x632E, 1, 0xB50B, 2, 0x632E, 2, 0x52CC, 1,
    0x63B0, 2, 0xB50B, 3, 0x8BCA, 1, 0x4A27, 1,
    0x3985, 2, 0x7B47, 1, 0x4104, 1, 0x52CC, 1,
    0x8BCA, 1, 0x10A3, 3, 0x6925, 1, 0x6000, 1,
    0x2800, 1, 0x6862, 1, 0x18C5, 11, 0x6000, 2,
    0x2800, 1, 0x2924, 1, 0x4A27, 2, 0x7B47, 5,
    0x4A27, 1, 0x2924, 2, 0x20E3, 1, 0x18A2, 2,
    0x20E3, 2, 0x2924, 1, 0x2104, 2, 0x10A3, 1,
    0x18C3, 3, 0x3A09, 1, 0x7B47, 1, 0x3A09, 1,
    0x18E4, 1, 0x3A09, 2, 0x52CC, 1, 0x5ACA, 1,
    0x52CC, 3, 0x632E, 3, 0x10A3, 1, 0x2147, 2,
    0x8000, 2, 0x6862, 1, 0x52CC, 1, 0x63B0, 4,
    0x6CB4, 12, 0x63B0, 1, 0x632E, 1, 0x39A8, 1,
    0x63B0, 1, 0xA145, 1, 0x6CB4, 8, 0x3A09, 1,
    0x2147, 1, 0x6000, 1, 0x8986, 1, 0x18C3, 2,
    0x3A09, 1, 0x632E, 1, 0x63B0, 1, 0x632E, 1,
    0xB50B, 3, 0x632E, 2, 0xB50B, 1, 0x632E, 2,
    0x52CC, 1, 0x632E, 1, 0xB50B, 2, 0x63B0, 1,
    0xB50B, 2, 0x8BCA, 4, 0x7B47, 1, 0x4104, 1,
    0xA488, 1, 0x6000, 1, 0x4841, 1, 0x8BCA, 2,
    0x10A3, 1, 0x6000, 2, 0x6862, 1, 0x5000, 1,
    0x6925, 1, 0x4841, 1, 0x18C5, 9, 0x6000, 2,
    0x4000, 1, 0x2924, 1, 0x4A27, 1, 0x7B47, 14,
    0x4A27, 6, 0x10A3, 1, 0x18C3, 1, 0x4A27, 1,
    0x7B47, 1, 0x8BCA, 1, 0x7B47, 1, 0x3A09, 1,
    0x2924, 1, 0x3A09, 2, 0x52CC, 1, 0x5ACA, 3,
    0x52CC, 2, 0x8986, 3, 0xA269, 1, 0x8986, 1,
    0x52CC, 1, 0x632E, 1, 0x63B0, 10, 0x6CB4, 6,
    0x63B0, 1, 0x632E, 1, 0x2147, 1, 0xA269, 1,
    0x6CB4, 6, 0x42CC, 2, 0x2147, 1, 0x8986, 1,
    0x2800, 2, 0x2104, 1, 0x52CC, 1, 0x63B0, 2,
    0x632E, 1, 0x63B0, 2, 0xA488, 2, 0xB50B, 1,
    0x632E, 1, 0x52CC, 2, 0x632E, 1, 0xB50B, 2,
    0x3A09, 1, 0xB50B, 3, 0x732B, 1, 0x8BCA, 1,
    0x3A09, 1, 0x4A27, 3, 0xA488, 2, 0x7B47, 1,
    0xA488, 1, 0x4A27, 1, 0x8BCA, 1, 0x3A09, 2,
    0x6000, 1, 0x4104, 1, 0x39A8, 1, 0x5000, 1,
    0x4841, 1, 0x39A8, 1, 0x18C5, 8, 0x6800, 2,
    0x2800, 1, 0x2924, 1, 0x7B47, 1, 0x5ACA, 1,
    0x8BCA, 1, 0x7B47, 8, 0xA488, 8, 0x8BCA, 2,
    0x2924, 1, 0x39A8, 1, 0x2924, 1, 0x732B, 1,
    0x8BCA, 3, 0x732B, 1, 0x7B47, 1, 0x2104, 2,
    0x3A09, 1, 0x6925, 3, 0x52CC, 1, 0x632E, 2,
    0x52CC, 3, 0x8986, 1, 0x632E, 1, 0x1082, 1,
    0x10A3, 2, 0x632E, 9, 0x63B0, 5, 0x632E, 1,
    0x39A8, 1, 0xA269, 1, 0x9000, 1, 0x6CB4, 4,
    0x42CC, 2, 0x6800, 1, 0x8986, 2, 0x18E4, 1,
    0x42CC, 1, 0x632E, 7, 0xA488, 1, 0x632E, 1,
    0x52CC, 4, 0xB50B, 4, 0xA488, 2, 0x8BCA, 1,
    0x732B, 1, 0x18C3, 1, 0x3A09, 1, 0x8BCA, 1,
    0x4A27, 1, 0x8BCA, 2, 0x7B47, 2, 0x4000, 2,
    0x4062, 1, 0x7B47, 1, 0x8BCA, 1, 0x10A3, 1,
    0x5000, 1, 0x4104, 1, 0x39A8, 1, 0x5000, 1,
    0x6925, 1, 0x18C3, 1, 0x18C5, 7, 0x8000, 1,
    0x5000, 1, 0x8BCA, 1, 0x6925, 1, 0x4104, 1,
    0x4841, 1, 0x4104, 1, 0x7B47, 8, 0xA488, 10,
    0x7B47, 1, 0x5ACA, 1, 0xA488, 1, 0xB50B, 4,
    0xDE0C, 2, 0x732B, 1, 0x7B47, 1, 0x2104, 3,
    0x3A09, 1, 0x6925, 1, 0x5ACA, 2, 0x632E, 5,
    0x52CC, 4, 0x1082, 1, 0x10A3, 2, 0x2800, 6,
    0x63B0, 4, 0x39A8, 1, 0x2147, 1, 0x6862, 1,
    0x9000, 1, 0x6CB4, 3, 0x63B0, 1, 0x3A09, 1,
    0x6800, 1, 0x8986, 1, 0x18C3, 1, 0x6862, 1,
    0x8986, 1, 0x5ACA, 1, 0x632E, 1, 0xA269, 1,
    0x632E, 5, 0x52CC, 1, 0xB50B, 2, 0x632E, 1,
    0x5ACA, 1, 0xB50B, 1, 0x6925, 1, 0x5ACA, 1,
    0x2104, 1, 0x6925, 1, 0x8BCA, 2, 0x732B, 1,
    0x4A27, 1, 0x732B, 1, 0x8BCA, 1, 0x4A27, 1,
    0x8BCA, 1, 0x732B, 1, 0x8BCA, 1, 0x4062, 1,
    0x4000, 3, 0x4841, 1, 0x18C3, 1, 0x8BCA, 1,
    0x7B47, 1, 0x4000, 1, 0x5000, 1, 0x4104, 1,
    0x5000, 1, 0x2800, 1, 0x4841, 1, 0x3A09, 1,
    0x18C5, 6, 0x2104, 1, 0xB50B, 1, 0xA488, 1,
    0x8986, 3, 0x6925, 1, 0x5ACA, 1, 0xB50B, 1,
    0x8BCA, 1, 0x4A27, 1, 0x7B47, 4, 0xA488, 13,
    0xB50B, 7, 0xDE0C, 1, 0xB50B, 3, 0x2147, 1,
    0x52CC, 1, 0x8986, 1, 0x632E, 1, 0x8986, 2,
    0x5ACA, 1, 0x632E, 7, 0x52CC, 1, 0x39A8, 3,
    0x3A09, 1, 0x52CC, 2, 0x94D3, 3, 0x10A3, 2,
    0x2800, 2, 0x5000, 1, 0x9000, 1, 0x6CB4, 2,
    0x3A09, 1, 0x8986, 1, 0x2800, 2, 0x6800, 1,
    0x7800, 2, 0x8000, 3, 0x7800, 1, 0x8000, 1,
    0x632E, 2, 0x63B0, 1, 0x632E, 1, 0x52CC, 1,
    0xB50B, 3, 0xA488, 3, 0xB50B, 2, 0x6925, 1,
    0x8BCA, 1, 0x4A27, 1, 0x732B, 1, 0x4A27, 1,
    0x7B47, 1, 0x8BCA, 1, 0x732B, 1, 0x4104, 2,
    0x4000, 4, 0x4062, 1, 0x4A27, 1, 0x4062, 1,
    0x7B47, 1, 0x39A8, 1, 0x4000, 1, 0x5000, 3,
    0x0862, 1, 0x4841, 2, 0x42CC, 1, 0x18C5, 5,
    0x2104, 1, 0xB50B, 1, 0x7B47, 1, 0xDE0C, 1,
    0xA488, 2, 0x6925, 1, 0x7B47, 1, 0xA488, 1,
    0x8BCA, 1, 0x7B47, 2, 0xA488, 17, 0xB50B, 3,
    0xDE0C, 1, 0xFECD, 6, 0xDE0C, 1, 0x94D3, 1,
    0x3A09, 1, 0x632E, 1, 0x94D3, 2, 0x632E, 3,
    0xA269, 1, 0x632E, 4, 0x52CC, 2, 0x632E, 4,
    0x3A09, 1, 0x39A8, 3, 0x3A09, 1, 0x6925, 5,
    0x9083, 1, 0x6800, 7, 0x6000, 4, 0x6800, 5,
    0x8986, 3, 0x2800, 3, 0x6862, 2, 0x2924, 1,
    0xB50B, 1, 0x8BCA, 2, 0xA488, 1, 0x8BCA, 1,
    0x5ACA, 1, 0x8BCA, 1, 0x4841, 1, 0x3985, 1,
    0x4000, 4, 0x4104, 1, 0x3985, 1, 0x4000, 2,
    0x2924, 1, 0x7B47, 1, 0x0862, 1, 0x5000, 4,
    0x2800, 1, 0x6925, 1, 0x4841, 2, 0x42CC, 1,
    0x18C5, 4, 0x2104, 1, 0xB50B, 1, 0x7B47, 1,
    0xA488, 1, 0x5ACA, 1, 0xA488, 1, 0xDE0C, 1,
    0xA488, 1, 0x7B47, 1, 0xA488, 1, 0x7B47, 3,
    0xA488, 9, 0xDE0C, 1, 0xA488, 3, 0xDE0C, 8,
    0xFECD, 7, 0xDE0C, 1, 0x94D3, 1, 0x3A09, 1,
    0x632E, 1, 0xA269, 1, 0x94D3, 5, 0x63B0, 1,
    0x52CC, 13, 0x632E, 1, 0x3A09, 2, 0x52CC, 1,
    0x3A09, 2, 0x39A8, 1, 0x4104, 1, 0x4841, 2,
    0x5000, 17, 0x4841, 2, 0x5000, 1, 0x6000, 1,
    0x8986, 1, 0x2800, 1, 0x5000, 2, 0x52CC, 1,
    0x42CC, 1, 0x3A09, 1, 0x8BCA, 3, 0x3A09, 1,
    0x4841, 1, 0x8BCA, 1, 0x3A09, 1, 0x8BCA, 1,
    0x7B47, 2, 0x2147, 1, 0x5000, 4, 0x4000, 1,
    0x0862, 1, 0x6925, 1, 0x5000, 2, 0x6862, 1,
    0x18C5, 5, 0xB50B, 1, 0xA488, 5, 0x5ACA, 1,
    0x7B47, 1, 0xA488, 1, 0x7B47, 1, 0xA488, 11,
    0x18C5, 1, 0x2147, 1, 0x18C3, 1, 0x18E4, 1,
    0xDE0C, 10, 0xFECD, 2, 0xDE0C, 1, 0x94D3, 7,
    0x63B0, 1, 0xA269, 1, 0x94D3, 6, 0xFECD, 2,
    0x94D3, 2, 0x52CC, 7, 0x5ACA, 5, 0x632E, 3,
    0x3A09, 6, 0x39A8, 2, 0x3A09, 6, 0x39A8, 2,
    0x3A09, 6, 0x4841, 1, 0x6862, 1, 0x6925, 2,
    0x8986, 2, 0x2800, 1, 0x6000, 1, 0x52CC, 2,
    0x6862, 1, 0x18E4, 1, 0x18C3, 3, 0x5000, 1,
    0x10A3, 1, 0x4000, 1, 0x5000, 2, 0x4841, 1,
    0x5000, 2, 0x4000, 1, 0x0862, 1, 0x6925, 1,
    0x5000, 2, 0x6800, 1, 0x10A3, 1, 0x18C5, 4,
    0x2104, 1, 0xB50B, 1, 0x6862, 1, 0x8986, 2,
    0xA488, 3, 0x8BCA, 1, 0x7B47, 2, 0xA488, 8,
    0x18C5, 2, 0x18C3, 3, 0x18E4, 1, 0x10A3, 1,
    0x1082, 1, 0xDE0C, 8, 0xFECD, 2, 0xA488, 1,
    0xFECD, 8, 0x6CB4, 1, 0x63B0, 1, 0x94D3, 1,
    0xFECD, 7, 0x94D3, 9, 0x52CC, 4, 0x5ACA, 7,
    0x632E, 6, 0x42CC, 11, 0x52CC, 2, 0x42CC, 1,
    0x6925, 6, 0x8986, 1, 0x2800, 1, 0x6000, 2,
    0x6925, 1, 0x52CC, 1, 0x3A09, 1, 0x4104, 1,
    0x4841, 1, 0x5000, 2, 0x4841, 3, 0x4000, 1,
    0x0862, 1, 0x6925, 1, 0x5000, 2, 0x6000, 2,
    0x4841, 1, 0x18C5, 3, 0x7800, 1, 0x6800, 1,
    0x39A8, 1, 0x8986, 1, 0x6925, 3, 0x7B47, 1,
    0xA488, 1, 0x7B47, 1, 0xA488, 5, 0x7B47, 1,
    0xA488, 1, 0x18C5, 3, 0x18C3, 2, 0x18E4, 2,
    0x39A8, 1, 0x3A09, 2, 0x1082, 1, 0x10A3, 1,
    0x1082, 2, 0xDE0C, 5, 0xFECD, 2, 0x7B47, 1,
    0xFECD, 8, 0xB50B, 1, 0x6CB4, 1, 0xFECD, 9,
    0x94D3, 16, 0x632E, 1, 0x52CC, 1, 0x5ACA, 8,
    0x52CC, 3, 0x632E, 2, 0xB50B, 3, 0x7B47, 2,
    0x3A09, 2, 0x42CC, 2, 0x52CC, 1, 0x39A8, 5,
    0x6925, 1, 0x6000, 1, 0x8986, 2, 0x2800, 1,
    0x5000, 2, 0x39A8, 1, 0x4841, 1, 0x5000, 3,
    0x4000, 1, 0x0862, 1, 0x6925, 1, 0x5000, 3,
    0x6000, 2, 0x5000, 1, 0x18C5, 2, 0x4000, 1,
    0x6000, 1, 0x6800, 1, 0x7800, 1, 0x2924, 1,
    0xA488, 2, 0x8BCA, 1, 0xA488, 1, 0x7B47, 1,
    0xA488, 6, 0x0000, 2, 0x18C5, 2, 0x18E4, 1,
    0x18C3, 2, 0x8986, 1, 0xA145, 1, 0x6925, 1,
    0x4A27, 1, 0x6925, 2, 0xA145, 1, 0x3985, 1,
    0x1082, 3, 0xDE0C, 2, 0xFECD, 3, 0xA488, 1,
    0x2147, 1, 0x63B0, 1, 0x6CB4, 2, 0x94D3, 1,
    0xFECD, 3, 0xDE0C, 1, 0x94D3, 1, 0xFECD, 5,
    0x94D3, 2, 0xFECD, 3, 0x94D3, 11, 0xA269, 1,
    0x94D3, 1, 0xA269, 1, 0x63B0, 6, 0x94D3, 1,
    0x63B0, 1, 0x632E, 2, 0x3A09, 1, 0x2924, 1,
    0x6925, 1, 0x2924, 6, 0xB50B, 4, 0x42CC, 3,
    0x3A09, 2, 0x6925, 2, 0x6862, 1, 0x6000, 3,
    0x8986, 1, 0x9083, 1, 0x6862, 2, 0x3A09, 1,
    0x2800, 2, 0x6925, 2, 0x1082, 1, 0x6925, 1,
    0x5000, 3, 0x6800, 1, 0x6000, 3, 0x18C5, 3,
    0x6000, 2, 0x7800, 1, 0x8000, 1, 0x3985, 1,
    0x7B47, 1, 0xA488, 8, 0x0000, 3, 0x18C5, 1,
    0x18C3, 1, 0x18E4, 1, 0xA145, 2, 0x6925, 1,
    0x8986, 1, 0x39A8, 1, 0x3985, 1, 0x4A27, 1,
    0x6925, 1, 0xA145, 2, 0x6925, 2, 0x10A3, 2,
    0x1082, 1, 0xFECD, 4, 0x20E3, 1, 0x0000, 1,
    0x10A3, 2, 0x18E4, 1, 0xFECD, 3, 0xB50B, 2,
    0xFECD, 4, 0x94D3, 1, 0x39A8, 2, 0xFECD, 4,
    0x3A09, 1, 0xA269, 8, 0xA145, 1, 0xA269, 1,
    0x94D3, 2, 0xA269, 1, 0xA145, 1, 0x8986, 1,
    0x63B0, 1, 0x39A8, 1, 0x63B0, 2, 0x632E, 2,
    0x63B0, 1, 0x39A8, 2, 0x6862, 2, 0x3985, 4,
    0x6862, 1, 0xA145, 1, 0x6862, 1, 0x2924, 2,
    0xB50B, 2, 0x39A8, 1, 0x3A09, 1, 0x2104, 1,
    0x6925, 3, 0x6862, 1, 0x8000, 1, 0x9000, 1,
    0x8986, 1, 0x9083, 1, 0xA269, 1, 0x6862, 2,
    0x4841, 1, 0x6862, 1, 0x5000, 1, 0x6862, 1,
    0x4841, 1, 0x5000, 3, 0x6800, 3, 0x6000, 1,
    0x8000, 1, 0x18C5, 3, 0x4000, 1, 0x5000, 1,
    0x6000, 1, 0x7800, 1, 0x4000, 1, 0xA488, 9,
    0x0000, 2, 0x18C5, 1, 0x2924, 1, 0x6925, 3,
    0x8986, 1, 0x6925, 1, 0x2924, 1, 0x20E3, 5,
    0x2924, 1, 0x6925, 1, 0x8986, 1, 0x6925, 2,
    0x10A3, 1, 0xFECD, 8, 0xA488, 1, 0xDE0C, 1,
    0xFECD, 2, 0xB50B, 2, 0xFECD, 4, 0x94D3, 1,
    0x3A09, 1, 0x39A8, 1, 0x6CB4, 1, 0xFECD, 3,
    0xB50B, 1, 0x3A09, 1, 0x39A8, 1, 0xA269, 1,
    0xA145, 6, 0x94D3, 5, 0x6CB4, 1, 0x8986, 1,
    0x8000, 1, 0x39A8, 1, 0x63B0, 1, 0x632E, 2,
    0x39A8, 1, 0x632E, 1, 0x6862, 1, 0x6800, 1,
    0x6862, 4, 0xA145, 1, 0x4A27, 1, 0x8986, 1,
    0x4A27, 1, 0x6925, 1, 0x8000, 1, 0x6862, 2,
    0x8000, 1, 0x6862, 2, 0x4062, 2, 0x2104, 1,
    0x8000, 1, 0x9000, 3, 0xB50B, 4, 0x18E4, 2,
    0x4104, 1, 0x4841, 2, 0x5000, 1, 0x8000, 1,
    0x7800, 1, 0x6800, 3, 0x8000, 1, 0xA801, 1,
    0x18C5, 4, 0x5000, 1, 0x4000, 1, 0x6000, 1,
    0x4000, 1, 0x4104, 1, 0xA488, 8, 0x0000, 2,
    0x18C5, 1, 0x4A27, 1, 0xA145, 1, 0x8986, 1,
    0x2924, 1, 0x10A3, 2, 0x2924, 6, 0x10A3, 1,
    0x2924, 1, 0x3985, 1, 0x6925, 1, 0xA145, 1,
    0x20E3, 1, 0x10A3, 1, 0xFECD, 3, 0xDE0C, 1,
    0xB50B, 4, 0xFECD, 1, 0xDE0C, 1, 0xFECD, 1,
    0xB50B, 1, 0xA488, 1, 0x94D3, 1, 0xFECD, 1,
    0xDE0C, 2, 0xFECD, 1, 0x6CB4, 1, 0x3A09, 1,
    0x63B0, 1, 0xFECD, 3, 0xDE0C, 2, 0x8BCA, 1,
    0x2924, 1, 0x2147, 1, 0xA801, 5, 0x94D3, 6,
    0x6CB4, 1, 0x39A8, 1, 0x2924, 6, 0x2104, 1,
    0x4841, 1, 0x8000, 1, 0x6925, 3, 0x2924, 1,
    0x20E3, 1, 0x10A3, 1, 0x20E3, 2, 0x10A3, 1,
    0x20E3, 1, 0x7800, 1, 0x6800, 2, 0x7800, 1,
    0x8000, 2, 0xA801, 2, 0x8000, 1, 0x9000, 2,
    0x9083, 1, 0xB50B, 5, 0x42CC, 2, 0x18E4, 1,
    0x6862, 1, 0x8000, 1, 0x7800, 1, 0x6800, 2,
    0x8000, 1, 0x9000, 1, 0x6800, 1, 0x18C5, 5,
    0x5000, 1, 0x4000, 2, 0x4062, 1, 0x7B47, 1,
    0xA488, 6, 0x0000, 2, 0x18C5, 1, 0x6925, 1,
    0x8986, 1, 0x4A27, 1, 0x2924, 1, 0x20E3, 1,
    0x2924, 3, 0x4A27, 1, 0x7B47, 1, 0x4A27, 1,
    0x2924, 3, 0x10A3, 1, 0x20E3, 1, 0x39A8, 1,
    0x6925, 1, 0x4A27, 1, 0x2924, 1, 0xDE0C, 1,
    0xFECD, 2, 0x39A8, 1, 0xDE0C, 4, 0xB50B, 3,
    0xDE0C, 1, 0xA488, 1, 0x6CB4, 1, 0xDE0C, 2,
    0xB50B, 1, 0xDE0C, 6, 0xFECD, 1, 0xB50B, 1,
    0xFECD, 2, 0xB50B, 1, 0x7B47, 1, 0x2147, 1,
    0x9000, 2, 0xA801, 2, 0x2147, 1, 0x6CB4, 1,
    0x632E, 1, 0x63B0, 1, 0x94D3, 3, 0x2147, 1,
    0x7B47, 3, 0x10A3, 3, 0x18C5, 2, 0x2924, 1,
    0xA145, 1, 0x8986, 1, 0x2924, 1, 0x10A3, 2,
    0x2924, 5, 0x1082, 1, 0x20E3, 1, 0x4841, 1,
    0x6800, 2, 0x7800, 1, 0x9000, 1, 0xA801, 5,
    0x8986, 1, 0x2147, 1, 0x732B, 1, 0xB50B, 2,
    0x6CB4, 1, 0x94D3, 1, 0x63B0, 2, 0x6862, 1,
    0x7800, 1, 0x6800, 1, 0x9000, 2, 0xA145, 1,
    0x2800, 1, 0x18C5, 6, 0x5000, 1, 0x4000, 1,
    0x0862, 1, 0x3985, 1, 0x8986, 1, 0x7B47, 1,
    0xA488, 4, 0x0000, 2, 0x18C5, 1, 0xA145, 1,
    0x8986, 1, 0x2924, 1, 0x10A3, 1, 0x2924, 2,
    0x7B47, 1, 0x4A27, 1, 0x10A3, 3, 0x3985, 1,
    0x4A27, 2, 0x7B47, 1, 0x20E3, 1, 0x10A3, 1,
    0x2924, 1, 0x8986, 1, 0x3985, 1, 0x10A3, 1,
    0xFECD, 1, 0xDE0C, 1, 0x3A09, 1, 0xA488, 2,
    0xB50B, 1, 0xDE0C, 5, 0xA488, 1, 0x39A8, 2,
    0xDE0C, 1, 0xA488, 2, 0xB50B, 1, 0xDE0C, 4,
    0xFECD, 1, 0xB50B, 1, 0xFECD, 4, 0x7B47, 1,
    0x4841, 2, 0x9083, 1, 0xA801, 1, 0x7800, 1,
    0x6CB4, 1, 0x39A8, 3, 0x3985, 1, 0x632E, 1,
    0x4841, 1, 0x3985, 1, 0x2924, 2, 0x2104, 1,
    0x2924, 1, 0x10A3, 1, 0x18C5, 2, 0xA145, 1,
    0x4A27, 1, 0x2924, 1, 0x10A3, 1, 0x2924, 2,
    0x7B47, 1, 0x4A27, 2, 0x7B47, 1, 0x4A27, 1,
    0x7B47, 1, 0x2924, 1, 0x20E3, 2, 0x8000, 3,
    0xA801, 5, 0xA269, 1, 0x2147, 1, 0x2104, 1,
    0x94D3, 4, 0x6CB4, 1, 0x632E, 1, 0x10A3, 1,
    0x9000, 2, 0x8000, 1, 0xA801, 1, 0xA145, 1,
    0x2800, 1, 0x18C5, 7, 0x4000, 1, 0x2800, 1,
    0x4104, 1, 0x4A27, 2, 0x7B47, 1, 0xA488, 2,
    0x7B47, 1, 0x0000, 2, 0x2147, 1, 0x3985, 1,
    0x2924, 1, 0x20E3, 1, 0x2924, 2, 0x10A3, 1,
    0x4000, 1, 0x20E3, 5, 0x4000, 1, 0x10A3, 1,
    0x3985, 1, 0x2924, 2, 0x20E3, 1, 0x3985, 2,
    0x2924, 1, 0xDE0C, 1, 0xA488, 1, 0x3A09, 1,
    0x7B47, 1, 0xA488, 1, 0x6CB4, 1, 0x39A8, 4,
    0x2147, 1, 0xA488, 1, 0x7B47, 2, 0xDE0C, 1,
    0x7B47, 1, 0xA488, 1, 0x6CB4, 1, 0x39A8, 3,
    0x2147, 1, 0x6CB4, 1, 0xA488, 1, 0xFECD, 6,
    0x7B47, 1, 0x4062, 1, 0x8000, 1, 0x6000, 1,
    0x39A8, 1, 0x63B0, 1, 0x39A8, 2, 0x2924, 1,
    0x2147, 2, 0x39A8, 1, 0x2147, 1, 0x2924, 1,
    0x2147, 2, 0x18C5, 2, 0x6925, 1, 0x8986, 1,
    0x20E3, 1, 0x2924, 2, 0x7B47, 1, 0x3985, 1,
    0x4000, 1, 0x20E3, 1, 0x4000, 2, 0x10A3, 1,
    0x4A27, 1, 0x7B47, 1, 0x20E3, 1, 0x10A3, 1,
    0x2924, 1, 0x8000, 3, 0xA801, 4, 0x94D3, 1,
    0xB50B, 1, 0x2147, 1, 0x3A09, 1, 0x2104, 2,
    0x2147, 1, 0x2104, 1, 0x9000, 1, 0x8000, 2,
    0x6800, 2, 0x7800, 1, 0x9083, 1, 0x0862, 1,
    0x18C5, 9, 0x2800, 1, 0x3985, 1, 0x4A27, 2,
    0x7B47, 2, 0x0000, 3, 0x39A8, 2, 0x2924, 3,
    0x7B47, 1, 0x4000, 1, 0x20E3, 3, 0x10A3, 1,
    0x0862, 1, 0x20E3, 1, 0x18C3, 1, 0x20E3, 1,
    0x10A3, 1, 0x4A27, 1, 0x2924, 1, 0x20E3, 1,
    0x2924, 1, 0x3985, 1, 0x2924, 1, 0x10A3, 1,
    0xA488, 1, 0x3985, 1, 0xA801, 2, 0x3A09, 1,
    0x20E3, 5, 0xFECD, 2, 0x7B47, 1, 0x94D3, 1,
    0xA801, 2, 0x39A8, 1, 0x20E3, 4, 0xA488, 1,
    0xDE0C, 1, 0xFECD, 7, 0x7B47, 1, 0x3985, 1,
    0x6000, 1, 0x2147, 1, 0x39A8, 1, 0x2147, 2,
    0x2104, 1, 0x2147, 2, 0x632E, 1, 0x63B0, 1,
    0x632E, 2, 0x2147, 1, 0x18C5, 2, 0x3985, 2,
    0x2924, 3, 0x10A3, 1, 0x4000, 1, 0x20E3, 5,
    0x10A3, 1, 0x3985, 1, 0x2924, 2, 0x20E3, 1,
    0x7800, 2, 0x8000, 4, 0x7800, 3, 0x94D3, 3,
    0x8000, 1, 0x9000, 4, 0x6000, 1, 0x4000, 1,
    0x8000, 1, 0x2800, 1, 0x0000, 1, 0x632E, 1,
    0x18C5, 11, 0x3985, 1, 0x4A27, 3, 0x0000, 2,
    0x18C5, 1, 0x3A09, 1, 0x3985, 1, 0x2924, 2,
    0x7B47, 1, 0x3985, 1, 0x20E3, 1, 0x10A3, 1,
    0x0862, 1, 0x20E3, 1, 0x10A3, 2, 0x20E3, 1,
    0x10A3, 1, 0x20E3, 1, 0x4000, 1, 0x10A3, 1,
    0x2924, 2, 0x20E3, 1, 0x3985, 2, 0x2924, 1,
    0xA488, 1, 0x39A8, 1, 0xA801, 1, 0x9083, 1,
    0x3A09, 1, 0xA488, 1, 0xFECD, 6, 0xA488, 1,
    0x3A09, 1, 0x9083, 1, 0xA801, 1, 0x3A09, 1,
    0xDE0C, 1, 0xFECD, 13, 0x7B47, 1, 0x4062, 1,
    0x18C3, 1, 0x2147, 2, 0x632E, 1, 0x2147, 2,
    0x4841, 1, 0x632E, 1, 0x2147, 4, 0x18C5, 2,
    0x3A09, 1, 0x2924, 1, 0x20E3, 1, 0x7B47, 1,
    0x3985, 1, 0x20E3, 1, 0x10A3, 1, 0x0862, 1,
    0x20E3, 1, 0x10A3, 1, 0x20E3, 1, 0x0862, 1,
    0x20E3, 1, 0x4000, 1, 0x10A3, 1, 0x2924, 2,
    0x7800, 2, 0x8000, 1, 0x7800, 1, 0x8000, 2,
    0x7800, 6, 0x8000, 1, 0x9000, 4, 0x6000, 1,
    0x0000, 2, 0x2800, 1, 0x94D3, 1, 0x7800, 1,
    0x18C5, 12, 0x4104, 1, 0x3985, 2, 0x0000, 1,
    0x18C5, 1, 0x2104, 1, 0x3A09, 1, 0x3985, 1,
    0x20E3, 1, 0x7B47, 1, 0x4A27, 1, 0x10A3, 1,
    0x20E3, 2, 0x10A3, 2, 0x20E3, 2, 0x10A3, 2,
    0x18C3, 1, 0x20E3, 1, 0x4000, 1, 0x4A27, 1,
    0x2924, 1, 0x20E3, 1, 0x2924, 1, 0x3985, 1,
    0x2924, 1, 0x10A3, 1, 0x2147, 1, 0x8986, 1,
    0x9083, 1, 0xA269, 1, 0x39A8, 1, 0xA488, 7,
    0x39A8, 1, 0xA801, 1, 0x9083, 1, 0xA269, 1,
    0x39A8, 1, 0xA488, 5, 0xFECD, 3, 0xDE0C, 1,
    0xFECD, 4, 0xDE0C, 1, 0x7B47, 1, 0x3985, 1,
    0x6000, 1, 0x4841, 1, 0x2147, 1, 0x2924, 1,
    0x2147, 1, 0x2104, 1, 0x2147, 2, 0x2104, 1,
    0x2147, 1, 0x18C5, 2, 0x2147, 1, 0x3A09, 1,
    0x2924, 2, 0x7B47, 1, 0x10A3, 1, 0x20E3, 1,
    0x10A3, 2, 0x20E3, 1, 0x10A3, 1, 0x20E3, 1,
    0x10A3, 2, 0x20E3, 1, 0x4000, 1, 0x7B47, 1,
    0x2924, 2, 0x7800, 3, 0x8000, 2, 0x7800, 5,
    0x8000, 3, 0x9000, 2, 0xA801, 1, 0x6000, 1,
    0xA801, 1, 0x39A8, 1, 0x63B0, 1, 0x94D3, 1,
    0x18C5, 15, 0x4104, 1, 0x0000, 1, 0x18C5, 1,
    0x2147, 1, 0x63B0, 1, 0x3985, 1, 0x20E3, 1,
    0x2924, 1, 0x3985, 1, 0x20E3, 2, 0x10A3, 1,
    0x20E3, 2, 0x0862, 1, 0x10A3, 2, 0x20E3, 1,
    0x10A3, 1, 0x20E3, 2, 0x4A27, 1, 0x2924, 3,
    0x4A27, 1, 0x3985, 1, 0x20E3, 1, 0x18C3, 1,
    0x3A09, 1, 0x9083, 2, 0x8986, 1, 0x3A09, 1,
    0x3985, 5, 0x7B47, 1, 0x2147, 1, 0xA269, 1,
    0x9083, 2, 0x8986, 1, 0x3A09, 1, 0x3985, 3,
    0x2147, 1, 0xA488, 1, 0xDE0C, 8, 0xA488, 1,
    0x7B47, 1, 0x4062, 1, 0x4000, 1, 0x4062, 1,
    0x10A3, 1, 0x2924, 1, 0x4841, 1, 0x2924, 1,
    0x2104, 1, 0x2147, 1, 0x2104, 1, 0x18C5, 2,
    0x3A09, 1, 0x63B0, 1, 0x20E3, 1, 0x2924, 1,
    0x3985, 1, 0x18C3, 2, 0x10A3, 1, 0x20E3, 1,
    0x10A3, 1, 0x0862, 1, 0x10A3, 1, 0x20E3, 4,
    0x4A27, 1, 0x2924, 2, 0x7800, 4, 0x8000, 1,
    0x7800, 5, 0x8000, 2, 0x7800, 1, 0x9000, 2,
    0xA801, 3, 0x39A8, 1, 0x94D3, 2, 0x18C5, 18,
    0x2147, 1, 0x3A09, 1, 0x2924, 1, 0x20E3, 1,
    0x3985, 1, 0x7B47, 1, 0x6000, 2, 0x10A3, 1,
    0x20E3, 1, 0x6000, 1, 0x10A3, 3, 0x6000, 1,
    0x20E3, 1, 0x10A3, 1, 0x7800, 1, 0x20E3, 1,
    0x9083, 1, 0x2924, 1, 0x20E3, 1, 0x3985, 1,
    0x2924, 1, 0x20E3, 1, 0x4A27, 1, 0x2147, 1,
    0x8986, 1, 0x6925, 5, 0x9083, 2, 0x8986, 1,
    0x2147, 1, 0x18C3, 1, 0x3985, 1, 0x9083, 3,
    0x6925, 3, 0x9083, 1, 0x2147, 1, 0xA488, 11,
    0x4A27, 1, 0x4062, 1, 0x4841, 3, 0x5000, 1,
    0x2104, 3, 0x18C5, 2, 0x18E4, 1, 0x3A09, 2,
    0x20E3, 1, 0x3985, 1, 0x8986, 1, 0x6000, 2,
    0x10A3, 1, 0x20E3, 1, 0x10A3, 2, 0x1082, 1,
    0x6000, 1, 0x18C3, 1, 0x10A3, 1, 0x7800, 1,
    0xA488, 1, 0x9083, 1, 0x2924, 2, 0x7800, 10,
    0x9000, 1, 0x7800, 1, 0x8000, 1, 0x9000, 2,
    0xA801, 2, 0xA145, 1, 0x94D3, 1, 0x2800, 1,
    0x18C5, 18, 0x2147, 1, 0x63B0, 1, 0x3985, 1,
    0x20E3, 1, 0x2924, 1, 0x3985, 1, 0x20E3, 2,
    0x10A3, 1, 0x20E3, 2, 0x10A3, 3, 0x20E3, 1,
    0x10A3, 1, 0x20E3, 2, 0x10A3, 1, 0x2924, 3,
    0x3985, 2, 0x20E3, 1, 0x4A27, 1, 0x1082, 1,
    0x2147, 2, 0x1082, 3, 0x10A3, 1, 0x0862, 1,
    0x1082, 3, 0x4A27, 1, 0x10A3, 1, 0x2147, 9,
    0x7B47, 1, 0x4A27, 1, 0x4062, 2, 0x7B47, 1,
    0xA488, 5, 0x7B47, 1, 0x4A27, 1, 0x4062, 1,
    0x4841, 2, 0x18C3, 1, 0x10A3, 1, 0x2147, 1,
    0x4841, 1, 0x18C5, 3, 0x3A09, 1, 0x63B0, 1,
    0x20E3, 1, 0x2924, 2, 0x20E3, 2, 0x10A3, 1,
    0x20E3, 1, 0x10A3, 1, 0x0862, 1, 0x10A3, 1,
    0x20E3, 4, 0x4A27, 1, 0x2924, 2, 0x3985, 1,
    0x7800, 10, 0x9000, 1, 0x6000, 2, 0x7800, 1,
    0xA801, 2, 0x8000, 2, 0x4000, 1, 0x2800, 1,
    0x18C5, 19, 0x39A8, 1, 0x3985, 1, 0x20E3, 1,
    0x2924, 1, 0x4A27, 1, 0x10A3, 1, 0x20E3, 2,
    0x10A3, 2, 0x20E3, 3, 0x10A3, 2, 0x20E3, 1,
    0x4000, 1, 0x3985, 1, 0x2924, 1, 0x20E3, 1,
    0x2924, 1, 0x3985, 1, 0x2924, 1, 0x18E4, 2,
    0x3985, 3, 0x4062, 1, 0x1082, 7, 0x4062, 1,
    0x3985, 1, 0x4062, 1, 0x1082, 2, 0x10A3, 1,
    0x1082, 1, 0x10A3, 2, 0x1082, 2, 0x7B47, 1,
    0x4A27, 1, 0x4062, 1, 0x4841, 1, 0x4062, 2,
    0x7B47, 6, 0x3985, 1, 0x4062, 1, 0x4841, 2,
    0x2104, 1, 0x2147, 1, 0x18C3, 1, 0x18C5, 3,
    0x2147, 1, 0x3A09, 1, 0x3985, 1, 0x2924, 2,
    0x10A3, 1, 0x20E3, 1, 0x1082, 1, 0x10A3, 3,
    0x20E3, 1, 0x10A3, 2, 0x20E3, 1, 0x4000, 1,
    0x3985, 1, 0x2924, 1, 0x20E3, 1, 0x3985, 1,
    0x6800, 1, 0x7800, 9, 0x9000, 1, 0x6000, 1,
    0x7800, 2, 0x8000, 3, 0x5000, 1, 0x2800, 1,
    0x18C5, 20, 0x2147, 1, 0x3985, 1, 0x2924, 1,
    0x20E3, 1, 0x2924, 1, 0x3985, 1, 0x1082, 1,
    0x20E3, 1, 0x0862, 1, 0x20E3, 2, 0x10A3, 1,
    0x20E3, 1, 0x0862, 1, 0x10A3, 1, 0x4000, 1,
    0x10A3, 1, 0x4A27, 1, 0x2924, 1, 0x20E3, 1,
    0x3985, 1, 0x4A27, 1, 0x20E3, 1, 0x18E4, 1,
    0x18C5, 1, 0x3985, 6, 0x4062, 1, 0x1082, 1,
    0x4062, 2, 0x4000, 3, 0x4062, 5, 0x3985, 4,
    0x7B47, 1, 0x4A27, 1, 0x3985, 1, 0x4062, 1,
    0x4841, 1, 0x4000, 1, 0x4062, 2, 0x3985, 1,
    0x7B47, 4, 0x4A27, 1, 0x4062, 1, 0x4841, 3,
    0x6000, 1, 0x18C5, 4, 0x3A09, 1, 0x3985, 1,
    0x20E3, 1, 0x2924, 1, 0x3985, 1, 0x1082, 1,
    0x10A3, 1, 0x0862, 1, 0x20E3, 1, 0x10A3, 2,
    0x0862, 1, 0x10A3, 1, 0x4000, 1, 0x10A3, 1,
    0x4A27, 1, 0x2924, 1, 0x20E3, 1, 0x4A27, 1,
    0x3985, 1, 0x6800, 2, 0x7800, 7, 0x8000, 1,
    0x6000, 1, 0x7800, 2, 0x8000, 1, 0x5000, 2,
    0x2800, 1, 0x18C5, 22, 0x4A27, 1, 0x2924, 1,
    0x20E3, 1, 0x2924, 1, 0x7B47, 1, 0x10A3, 1,
    0x4000, 1, 0x20E3, 2, 0x10A3, 2, 0x20E3, 2,
    0x18C3, 1, 0x10A3, 1, 0x4A27, 1, 0x7B47, 1,
    0x2924, 2, 0x3985, 2, 0x20E3, 1, 0x18E4, 1,
    0x18C5, 3, 0x3985, 5, 0x1082, 1, 0x4062, 5,
    0x4000, 4, 0x4062, 2, 0x3985, 2, 0x4A27, 3,
    0x3985, 1, 0x4062, 1, 0x4000, 5, 0x4062, 3,
    0x4A27, 2, 0x3985, 1, 0x4000, 1, 0x4841, 2,
    0x6000, 1, 0x18C5, 4, 0x39A8, 1, 0x4A27, 1,
    0x20E3, 1, 0x2924, 1, 0x7B47, 1, 0x10A3, 2,
    0x20E3, 5, 0x4000, 1, 0x10A3, 1, 0x7B47, 1,
    0x2924, 1, 0x20E3, 1, 0x3985, 2, 0x2924, 1,
    0x6000, 1, 0x6800, 1, 0x6000, 1, 0x6800, 3,
    0x6000, 1, 0x6800, 1, 0x7800, 2, 0x6000, 1,
    0x7800, 1, 0x6000, 1, 0x5000, 1, 0x4000, 1,
    0x18C5, 24, 0x2147, 1, 0x3985, 1, 0x2924, 1,
    0x20E3, 1, 0x2924, 1, 0x4A27, 1, 0x10A3, 1,
    0x4000, 1, 0x18C3, 1, 0x20E3, 4, 0x4000, 1,
    0x10A3, 1, 0x7B47, 1, 0x2924, 2, 0x3985, 1,
    0x6925, 1, 0x3985, 1, 0x18E4, 1, 0x18C5, 2,
    0x2147, 1, 0x18E4, 1, 0x42CC, 3, 0x2104, 1,
    0x3985, 1, 0x63B0, 2, 0x4062, 9, 0x4000, 1,
    0x4062, 2, 0x4000, 1, 0x3985, 3, 0x4062, 1,
    0x4000, 9, 0x1082, 1, 0x4A27, 1, 0x4062, 2,
    0x4841, 2, 0x18C5, 5, 0x6925, 1, 0x3985, 1,
    0x20E3, 1, 0x2924, 2, 0x7B47, 1, 0x10A3, 1,
    0x4000, 1, 0x20E3, 1, 0x4000, 2, 0x10A3, 1,
    0x4A27, 1, 0x2924, 1, 0x20E3, 1, 0x2924, 1,
    0x8986, 1, 0x6925, 1, 0x20E3, 1, 0x4000, 3,
    0x6000, 5, 0x6800, 1, 0x4000, 2, 0x5000, 1,
    0x4000, 2, 0x18C5, 26, 0xA145, 1, 0x8986, 1,
    0x2924, 4, 0x7B47, 1, 0x3985, 1, 0x10A3, 2,
    0x3985, 1, 0x4A27, 2, 0x7B47, 1, 0x20E3, 3,
    0xA145, 2, 0x3985, 1, 0x18C3, 1, 0x18C5, 1,
    0x10A3, 1, 0x0000, 1, 0x18C5, 1, 0x0000, 1,
    0x2104, 2, 0x2147, 1, 0x63B0, 1, 0x632E, 3,
    0x2104, 1, 0x4062, 1, 0x4000, 3, 0x4062, 10,
    0x1082, 1, 0x4062, 7, 0x10A3, 1, 0x4062, 2,
    0x4000, 1, 0x10A3, 1, 0x1082, 1, 0x10A3, 1,
    0x2104, 1, 0x18C5, 5, 0xA145, 1, 0x8986, 1,
    0x2924, 1, 0x10A3, 1, 0x2924, 2, 0x4A27, 1,
    0x3985, 1, 0x10A3, 2, 0x3985, 1, 0x4A27, 1,
    0x7B47, 1, 0x18C3, 1, 0x20E3, 1, 0x6925, 1,
    0x3985, 1, 0x4A27, 1, 0x18E4, 1, 0x2800, 3,
    0x4000, 2, 0x2800, 2, 0x4000, 1, 0x5000, 1,
    0x2800, 2, 0x18C5, 29, 0xA145, 1, 0x8986, 1,
    0x4A27, 1, 0x2924, 1, 0x20E3, 1, 0x2924, 2,
    0x7B47, 1, 0x4A27, 1, 0x7B47, 1, 0x4A27, 1,
    0x2924, 3, 0x10A3, 1, 0x20E3, 1, 0x4A27, 1,
    0x6925, 1, 0x4A27, 1, 0x2924, 1, 0x18C5, 2,
    0x10A3, 1, 0x18C5, 3, 0x2147, 1, 0x0000, 1,
    0x18C5, 2, 0x0000, 1, 0x2147, 1, 0x18E4, 1,
    0x18C5, 8, 0x4062, 1, 0x4000, 1, 0x4062, 9,
    0x4000, 1, 0x4062, 2, 0x10A3, 3, 0x1082, 1,
    0x10A3, 1, 0x1082, 2, 0x2147, 1, 0x2104, 1,
    0x2147, 1, 0x18C5, 5, 0x2924, 1, 0xA145, 1,
    0x8986, 1, 0x2924, 1, 0x10A3, 1, 0x20E3, 1,
    0x2924, 5, 0x10A3, 1, 0x2924, 1, 0x3985, 1,
    0x6925, 1, 0x3985, 1, 0x20E3, 1, 0x18C5, 1,
    0x2800, 8, 0x18C5, 32, 0x2924, 1, 0x4A27, 1,
    0xA145, 1, 0x8986, 1, 0x2924, 1, 0x10A3, 2,
    0x2924, 6, 0x10A3, 1, 0x2924, 1, 0x3985, 1,
    0x6925, 1, 0xA145, 1, 0x20E3, 1, 0x18E4, 1,
    0x18C5, 3, 0x0000, 1, 0x18C5, 1, 0x2147, 2,
    0x18C5, 3, 0x18E4, 1, 0x2147, 1, 0x18C5, 20,
    0x4000, 1, 0x4062, 2, 0x10A3, 6, 0x4062, 1,
    0x2147, 1, 0x18C3, 1, 0x10A3, 1, 0x18C5, 5,
    0x10A3, 1, 0xA145, 2, 0x3985, 1, 0x2924, 1,
    0x20E3, 1, 0x10A3, 1, 0x20E3, 2, 0x10A3, 1,
    0x20E3, 1, 0x2924, 1, 0x6925, 3, 0x3985, 1,
    0x18C5, 2, 0x2800, 1, 0x18C5, 40, 0x4A27, 1,
    0xA145, 2, 0x3985, 1, 0x2924, 1, 0x6925, 1,
    0x2924, 5, 0x3985, 1, 0x4A27, 2, 0xA145, 1,
    0x6925, 1, 0x2924, 1, 0x18C5, 6, 0x2147, 1,
    0x18C5, 2, 0x2147, 1, 0x0000, 2, 0x2147, 1,
    0x18C5, 33, 0x2147, 1, 0x18C5, 7, 0x20E3, 1,
    0xA145, 2, 0x6925, 1, 0x8986, 1, 0x39A8, 1,
    0x6925, 1, 0x4A27, 1, 0xA145, 2, 0x6925, 1,
    0x8986, 1, 0x18C5, 48, 0xA145, 2, 0x6925, 1,
    0x4A27, 1, 0x39A8, 1, 0x3985, 1, 0x6925, 2,
    0xA145, 2, 0x6925, 1, 0x8986, 1, 0x18C5, 12,
    0x2104, 1, 0x2147, 1, 0x18C5, 45, 0x3985, 1,
    0xA145, 1, 0x6925, 1, 0xA145, 1, 0x6925, 1,
    0xA145, 1, 0x6925, 1, 0x18C5, 52, 0x3985, 1,
    0x8986, 1, 0x6925, 1, 0x4A27, 1, 0xA145, 1,
    0x6925, 1, 0xA145, 1, 0x8986, 1, 0x18C5, 64,
    0x2147, 1, 0x18C5, 58, 0x3A09, 1, 0x2147, 1,
    0x18C5, 6243, 0x18C5, 2324, 0x5000, 1, 0xA269, 1,
    0x18C5, 125, 0xA269, 3, 0x18C5, 124, 0xA269, 3,
    0x9083, 2, 0x18C5, 122, 0xA269, 2, 0x9083, 2,
    0x9000, 3, 0x18C5, 120, 0xA269, 2, 0x9083, 1,
    0x9000, 5, 0x18C5, 118, 0x63B0, 1, 0xA269, 2,
    0x9083, 2, 0x9000, 3, 0x6800, 1, 0x9000, 1,
    0x8000, 1, 0x18C5, 115, 0xA269, 4, 0x9083, 1,
    0x9000, 3, 0x6800, 2, 0x6000, 1, 0x4000, 1,
    0x6800, 1, 0x18C5, 113, 0x63B0, 1, 0x9083, 1,
    0xA269, 3, 0x9083, 1, 0x9000, 4, 0x6000, 1,
    0x4000, 4, 0x18C5, 111, 0x63B0, 1, 0xA269, 1,
    0x63B0, 1, 0xA269, 2, 0x9083, 1, 0x9000, 4,
    0x8000, 1, 0x6000, 1, 0x4000, 1, 0x6000, 5,
    0x6862, 4, 0x6925, 2, 0x18C5, 98, 0xA269, 8,
    0x9083, 2, 0x9000, 4, 0x8000, 1, 0x6000, 2,
    0x4000, 1, 0x6000, 8, 0x6862, 2, 0x6925, 2,
    0x3A09, 6, 0x52CC, 1, 0x18C5, 89, 0x4000, 1,
    0xA269, 6, 0x9083, 3, 0x9000, 4, 0x8000, 1,
    0x6800, 1, 0x6000, 1, 0x4000, 2, 0x5000, 2,
    0x6000, 9, 0x6862, 1, 0x6925, 1, 0x3A09, 4,
    0x52CC, 8, 0x18C5, 5, 0x8000, 1, 0x6000, 1,
    0x18E4, 1, 0x632E, 1, 0x2147, 1, 0xA269, 1,
    0x8000, 2, 0x4000, 2, 0x5000, 2, 0x6800, 2,
    0x18C5, 65, 0x9083, 2, 0xA269, 1, 0x9083, 3,
    0x9000, 7, 0x6800, 2, 0x4000, 1, 0x2800, 2,
    0x6862, 1, 0x7800, 2, 0x6800, 2, 0x6000, 1,
    0x5000, 1, 0x6000, 6, 0x6862, 2, 0x6925, 4,
    0x52CC, 5, 0x2104, 1, 0x94D3, 1, 0x6CB4, 2,
    0x63B0, 2, 0x42CC, 1, 0x2147, 1, 0x18C3, 1,
    0x8000, 2, 0x4000, 3, 0x6000, 1, 0x18C3, 2,
    0x7800, 4, 0x8000, 6, 0x18C5, 59, 0x4000, 1,
    0x9083, 2, 0x9000, 6, 0x8000, 2, 0x6800, 2,
    0x5000, 1, 0x4000, 1, 0x2800, 1, 0x6925, 3,
    0x6862, 2, 0x7800, 2, 0x6800, 5, 0x6000, 9,
    0x94D3, 2, 0x6CB4, 1, 0x8000, 1, 0x94D3, 1,
    0x63B0, 3, 0x632E, 1, 0x42CC, 1, 0x8000, 1,
    0xA269, 1, 0x6000, 2, 0x4000, 2, 0x6000, 2,
    0x6862, 1, 0x52CC, 1, 0x2924, 2, 0xA488, 1,
    0xB50B, 3, 0x8986, 1, 0x632E, 2, 0x5ACA, 1,
    0x6862, 1, 0x7800, 1, 0x6800, 3, 0x18C5, 56,
    0x4000, 1, 0x9000, 6, 0x8000, 2, 0x6000, 2,
    0x4000, 1, 0x2800, 1, 0x4000, 1, 0x6862, 2,
    0x6925, 1, 0x6862, 4, 0x7800, 2, 0x6800, 6,
    0x6000, 3, 0x632E, 1, 0x94D3, 1, 0x632E, 1,
    0x94D3, 1, 0x6CB4, 1, 0x8000, 1, 0x632E, 1,
    0x63B0, 4, 0x6CB4, 2, 0x632E, 1, 0xA269, 1,
    0x7800, 2, 0x4000, 1, 0x5000, 3, 0x4A27, 1,
    0x732B, 2, 0x63B0, 1, 0x52CC, 1, 0xB50B, 3,
    0x632E, 1, 0x52CC, 1, 0x42CC, 1, 0x8BCA, 3,
    0x42CC, 2, 0x5ACA, 1, 0x6925, 4, 0x6800, 1,
    0x18C5, 53, 0x4000, 1, 0x9000, 2, 0x6800, 2,
    0x6000, 1, 0x8000, 1, 0x6000, 2, 0x4000, 1,
    0x2800, 2, 0x8986, 1, 0x6925, 2, 0x6862, 1,
    0x7800, 10, 0x6800, 1, 0x6000, 2, 0x8000, 1,
    0x6CB4, 1, 0x94D3, 1, 0x8000, 1, 0x63B0, 1,
    0x6CB4, 3, 0x8000, 1, 0x42CC, 3, 0x63B0, 2,
    0x42CC, 1, 0x2104, 1, 0x6800, 3, 0x4000, 1,
    0x5000, 1, 0x6000, 1, 0x2800, 2, 0x732B, 3,
    0x6925, 4, 0x5ACA, 1, 0x39A8, 1, 0x8BCA, 4,
    0x52CC, 1, 0x632E, 2, 0x8BCA, 1, 0x3A09, 1,
    0x52CC, 1, 0x5ACA, 2, 0x6925, 1, 0x5ACA, 1,
    0x632E, 1, 0x9083, 1, 0x18C5, 51, 0x9000, 1,
    0x8000, 1, 0x6000, 2, 0x4000, 1, 0x5000, 1,
    0x4000, 1, 0x2800, 1, 0x6862, 7, 0x7800, 7,
    0x6800, 1, 0x6000, 2, 0x18E4, 1, 0x8000, 1,
    0x42CC, 1, 0x94D3, 2, 0x8000, 1, 0x42CC, 1,
    0x63B0, 1, 0x6CB4, 1, 0x94D3, 1, 0x63B0, 6,
    0x2104, 1, 0xA269, 1, 0x6800, 2, 0x20E3, 1,
    0x4000, 1, 0x6000, 3, 0x6800, 2, 0x10A3, 3,
    0x732B, 2, 0x63B0, 1, 0x52CC, 1, 0x42CC, 1,
    0x52CC, 2, 0x8BCA, 1, 0x632E, 2, 0x8BCA, 1,
    0x52CC, 1, 0x8BCA, 3, 0x632E, 1, 0x52CC, 2,
    0x632E, 2, 0x8986, 1, 0x2147, 2, 0x18C5, 50,
    0x8000, 1, 0x6000, 1, 0x4000, 1, 0x5000, 2,
    0x7800, 3, 0x8000, 1, 0x6000, 1, 0x6800, 5,
    0x7800, 6, 0x6800, 1, 0x6000, 1, 0x18E4, 1,
    0x2147, 1, 0x8000, 1, 0x632E, 1, 0x6CB4, 1,
    0x94D3, 4, 0x6CB4, 1, 0x63B0, 2, 0x42CC, 5,
    0x2147, 1, 0xA269, 1, 0x6800, 2, 0x5000, 2,
    0x6000, 3, 0x6800, 7, 0x6862, 1, 0x6925, 2,
    0x52CC, 4, 0x42CC, 1, 0x52CC, 1, 0x3A09, 1,
    0x52CC, 1, 0x42CC, 1, 0x8BCA, 1, 0x3A09, 2,
    0x632E, 3, 0x39A8, 5, 0x18C5, 49, 0x4000, 3,
    0x5000, 4, 0x4841, 1, 0x6862, 2, 0x8000, 1,
    0x7800, 4, 0x6800, 7, 0x2147, 1, 0x63B0, 3,
    0x6CB4, 1, 0x632E, 1, 0x6862, 1, 0x18E4, 1,
    0x5000, 3, 0x6000, 9, 0x52CC, 1, 0xA269, 1,
    0x6800, 1, 0x6000, 5, 0x6800, 4, 0x6925, 6,
    0x2147, 1, 0x39A8, 1, 0x52CC, 9, 0x5ACA, 1,
    0x39A8, 1, 0x42CC, 1, 0x52CC, 1, 0x3A09, 1,
    0x39A8, 1, 0x2147, 2, 0x39A8, 1, 0x18C5, 48,
    0x5000, 1, 0x4000, 1, 0x5000, 2, 0x4000, 4,
    0x4841, 3, 0x8986, 6, 0x7800, 2, 0x6800, 2,
    0x7800, 1, 0x5000, 8, 0x52CC, 3, 0x632E, 1,
    0x52CC, 1, 0x632E, 2, 0x52CC, 3, 0x6800, 2,
    0x1082, 1, 0x10A3, 1, 0xA269, 2, 0x632E, 2,
    0xA269, 1, 0x7800, 1, 0x6000, 2, 0x6800, 2,
    0x6000, 1, 0x6862, 2, 0x6925, 4, 0x3A09, 2,
    0x2147, 1, 0x39A8, 1, 0x52CC, 4, 0x6925, 1,
    0x39A8, 1, 0x3A09, 1, 0x52CC, 3, 0x3A09, 1,
    0x42CC, 2, 0x6CB4, 1, 0x42CC, 1, 0x18C5, 49,
    0x4000, 1, 0x5000, 1, 0x2800, 1, 0x18A2, 1,
    0x20E3, 2, 0x4000, 3, 0x10A3, 1, 0x18C3, 1,
    0x3A09, 1, 0x39A8, 1, 0x20E3, 1, 0x8986, 1,
    0x632E, 5, 0x6925, 2, 0x4104, 2, 0x5000, 4,
    0x52CC, 1, 0x18C3, 1, 0x3A09, 1, 0x42CC, 1,
    0x10A3, 1, 0x39A8, 1, 0x3A09, 1, 0x632E, 1,
    0x18E4, 1, 0x3A09, 1, 0x18E4, 1, 0x4000, 1,
    0x6800, 1, 0x5000, 1, 0x18E4, 1, 0x10A3, 1,
    0x18E4, 1, 0x2147, 3, 0xA269, 1, 0x632E, 1,
    0xA269, 2, 0x8000, 1, 0x5000, 4, 0x4104, 4,
    0x3A09, 1, 0x6925, 2, 0x52CC, 2, 0x6925, 1,
    0x39A8, 1, 0x3A09, 1, 0x52CC, 4, 0x3A09, 1,
    0x2147, 1, 0x6CB4, 3, 0x63B0, 1, 0x42CC, 1,
    0x18C5, 47, 0x5000, 2, 0x2800, 1, 0x20E3, 1,
    0x4A27, 3, 0x20E3, 3, 0x3985, 1, 0x18E4, 2,
    0x10A3, 1, 0x6862, 1, 0x4841, 1, 0x4104, 3,
    0x632E, 3, 0x63B0, 2, 0x632E, 2, 0x3A09, 1,
    0x4104, 1, 0x1082, 1, 0x39A8, 1, 0x3A09, 1,
    0x42CC, 1, 0x632E, 3, 0x6CB4, 2, 0x63B0, 2,
    0x632E, 1, 0x10A3, 1, 0x6800, 1, 0x2924, 1,
    0x63B0, 2, 0x6CB4, 4, 0x2147, 4, 0x8986, 4,
    0x5000, 3, 0x6925, 2, 0x52CC, 3, 0x42CC, 3,
    0x52CC, 6, 0x39A8, 1, 0x6CB4, 4, 0x63B0, 1,
    0x42CC, 2, 0x18C5, 46, 0x5000, 2, 0x2800, 1,
    0x20E3, 1, 0x3985, 1, 0x4A27, 5, 0x3985, 3,
    0x20E3, 1, 0x4000, 1, 0x4062, 2, 0x4000, 1,
    0x18C3, 1, 0x3A09, 3, 0x632E, 3, 0x63B0, 4,
    0x2924, 1, 0x18C3, 1, 0x39A8, 1, 0x3A09, 2,
    0x6CB4, 1, 0x632E, 2, 0x63B0, 1, 0x632E, 1,
    0x52CC, 1, 0x18E4, 1, 0x6800, 1, 0x18E4, 1,
    0x632E, 1, 0x6CB4, 9, 0x94D3, 1, 0x2147, 2,
    0x2104, 1, 0x18C3, 1, 0xA269, 1, 0x6862, 2,
    0x52CC, 2, 0x2147, 1, 0x52CC, 3, 0x632E, 1,
    0x52CC, 4, 0x632E, 1, 0x42CC, 1, 0x3A09, 1,
    0x6CB4, 2, 0x2147, 2, 0x6CB4, 1, 0x63B0, 1,
    0x42CC, 1, 0x18C5, 46, 0x5000, 2, 0x2800, 1,
    0x4A27, 1, 0x3985, 1, 0x4A27, 1, 0x3985, 1,
    0x4A27, 7, 0x18A2, 1, 0x20E3, 3, 0x2924, 1,
    0x1082, 1, 0x18C3, 3, 0x4841, 1, 0x4A27, 1,
    0x2147, 1, 0x42CC, 1, 0x632E, 5, 0x2104, 1,
    0x10A3, 1, 0x3A09, 4, 0x52CC, 1, 0x2924, 1,
    0x6000, 2, 0x3985, 1, 0x42CC, 1, 0x63B0, 1,
    0x6CB4, 7, 0x94D3, 3, 0x6CB4, 2, 0x2104, 1,
    0xA269, 1, 0xA145, 2, 0x18C5, 1, 0x39A8, 1,
    0x52CC, 1, 0x632E, 7, 0x42CC, 1, 0x39A8, 1,
    0x42CC, 1, 0x6CB4, 3, 0x2147, 1, 0x18C5, 1,
    0x2147, 1, 0x63B0, 2, 0x42CC, 1, 0x18C5, 45,
    0x6800, 1, 0x4000, 1, 0x6925, 1, 0x4062, 1,
    0x3985, 1, 0x4A27, 5, 0x7B47, 7, 0x3985, 2,
    0x18C3, 1, 0x10A3, 4, 0x3985, 1, 0x5ACA, 1,
    0x3985, 1, 0x18C3, 1, 0x39A8, 1, 0x52CC, 4,
    0x632E, 1, 0x10A3, 1, 0x2800, 1, 0x10A3, 2,
    0x3A09, 1, 0x2924, 1, 0x10A3, 1, 0x6000, 1,
    0x6800, 1, 0x63B0, 2, 0x6CB4, 9, 0x94D3, 2,
    0x6CB4, 1, 0x63B0, 1, 0x6925, 1, 0x8986, 1,
    0xA145, 2, 0x632E, 8, 0x39A8, 1, 0x42CC, 2,
    0x6CB4, 4, 0x2147, 1, 0x0862, 2, 0x2147, 1,
    0x63B0, 1, 0x42CC, 2, 0x18C5, 44, 0x18C3, 1,
    0x7B47, 1, 0x4841, 1, 0x6925, 1, 0x4841, 1,
    0x4104, 1, 0x4A27, 1, 0x732B, 1, 0x4A27, 1,
    0x7B47, 6, 0xA488, 3, 0x7B47, 3, 0x4A27, 1,
    0x10A3, 1, 0x2104, 1, 0x4A27, 1, 0x5ACA, 1,
    0x732B, 1, 0x4A27, 1, 0x39A8, 1, 0x3A09, 2,
    0x52CC, 4, 0x632E, 2, 0x10A3, 1, 0x18E4, 2,
    0x10A3, 1, 0x6000, 1, 0x2104, 1, 0x632E, 1,
    0x63B0, 8, 0x6CB4, 6, 0x63B0, 1, 0x3985, 2,
    0xA145, 1, 0x632E, 1, 0x63B0, 1, 0x632E, 4,
    0x3A09, 2, 0x6CB4, 1, 0x2147, 1, 0x42CC, 1,
    0x2147, 1, 0x6CB4, 4, 0x42CC, 2, 0x6CB4, 1,
    0x42CC, 1, 0x2147, 1, 0x39A8, 1, 0x8986, 4,
    0x6800, 1, 0x18C5, 39, 0x18C3, 1, 0x7B47, 2,
    0xA488, 1, 0x6925, 1, 0x4104, 1, 0x4A27, 1,
    0x7B47, 1, 0x4A27, 2, 0x7B47, 5, 0xA488, 7,
    0x7B47, 1, 0x3985, 1, 0x4A27, 1, 0x732B, 1,
    0x7B47, 1, 0x8BCA, 1, 0x39A8, 1, 0x2104, 1,
    0x39A8, 2, 0x3A09, 2, 0x52CC, 3, 0x632E, 1,
    0x2104, 2, 0x6800, 2, 0x4841, 1, 0x42CC, 1,
    0x632E, 1, 0x63B0, 9, 0x6CB4, 4, 0x63B0, 1,
    0x632E, 1, 0x3985, 1, 0x9083, 1, 0x632E, 1,
    0x63B0, 3, 0x632E, 2, 0x42CC, 1, 0x6CB4, 2,
    0x2147, 1, 0x18C5, 1, 0x0000, 1, 0x42CC, 1,
    0x6CB4, 4, 0x42CC, 1, 0x6CB4, 1, 0x39A8, 2,
    0x6800, 1, 0x8986, 2, 0x4000, 1, 0x8000, 1,
    0x9083, 1, 0x8000, 2, 0x2800, 2, 0x8986, 2,
    0x6800, 1, 0x18C5, 32, 0x18C3, 1, 0x7B47, 1,
    0x4A27, 1, 0x7B47, 2, 0xA488, 1, 0x7B47, 2,
    0x4A27, 1, 0x7B47, 7, 0xA488, 6, 0x7B47, 1,
    0x4A27, 1, 0x7B47, 1, 0xA488, 2, 0x7B47, 1,
    0x732B, 1, 0x4A27, 1, 0x2104, 2, 0x39A8, 1,
    0x3A09, 2, 0x52CC, 3, 0x8986, 1, 0x6925, 2,
    0x6800, 1, 0x8000, 1, 0x42CC, 1, 0x632E, 3,
    0x63B0, 6, 0x6CB4, 1, 0x63B0, 5, 0x42CC, 1,
    0x632E, 1, 0x8986, 1, 0x632E, 1, 0x63B0, 2,
    0x42CC, 2, 0x6CB4, 2, 0x94D3, 1, 0x6CB4, 1,
    0x2147, 1, 0x0862, 2, 0x2147, 1, 0x42CC, 1,
    0x6CB4, 3, 0x42CC, 3, 0x7800, 1, 0x8986, 1,
    0x2800, 1, 0x10A3, 1, 0x3A09, 1, 0x52CC, 2,
    0x8986, 1, 0x52CC, 1, 0x6925, 2, 0x52CC, 2,
    0x6000, 1, 0x0862, 3, 0x8986, 2, 0x18C5, 27,
    0x8BCA, 1, 0x7B47, 5, 0x4A27, 1, 0x7B47, 1,
    0x4A27, 1, 0x7B47, 4, 0xA488, 2, 0x7B47, 3,
    0xA488, 11, 0xB50B, 1, 0x8BCA, 1, 0x732B, 1,
    0x4A27, 1, 0x2104, 1, 0x6925, 2, 0x3A09, 1,
    0x5ACA, 1, 0x632E, 1, 0x52CC, 1, 0x5ACA, 1,
    0x8986, 2, 0x10A3, 2, 0x632E, 5, 0x63B0, 1,
    0x6CB4, 3, 0x63B0, 5, 0x632E, 1, 0x42CC, 1,
    0x632E, 3, 0x2147, 1, 0x42CC, 1, 0x6CB4, 1,
    0x94D3, 4, 0x6CB4, 1, 0x42CC, 2, 0x6CB4, 1,
    0x42CC, 1, 0x6CB4, 1, 0x42CC, 3, 0x6000, 1,
    0x8986, 1, 0x1082, 2, 0x2104, 1, 0x52CC, 6,
    0x8986, 1, 0x52CC, 1, 0x6925, 4, 0x5ACA, 2,
    0x6800, 1, 0x18C3, 1, 0x0000, 1, 0x1082, 1,
    0x8986, 2, 0x18C5, 24, 0x8BCA, 1, 0x6925, 2,
    0x7B47, 4, 0x4A27, 1, 0x7B47, 5, 0xA488, 4,
    0x7B47, 1, 0xA488, 12, 0xB50B, 1, 0x8BCA, 1,
    0x732B, 1, 0x39A8, 1, 0x6925, 2, 0x5ACA, 1,
    0x52CC, 3, 0x632E, 1, 0x52CC, 1, 0x6925, 1,
    0x8986, 1, 0x632E, 1, 0x1082, 2, 0x42CC, 2,
    0x632E, 4, 0x63B0, 6, 0x42CC, 1, 0x632E, 1,
    0xA145, 1, 0x2147, 1, 0x6CB4, 1, 0x94D3, 6,
    0x6CB4, 4, 0x42CC, 1, 0x3A09, 1, 0x42CC, 1,
    0x39A8, 1, 0x6800, 1, 0x8986, 2, 0x18C3, 1,
    0x3A09, 2, 0x63B0, 1, 0x632E, 3, 0x52CC, 1,
    0x5ACA, 1, 0x52CC, 1, 0x5ACA, 2, 0x52CC, 1,
    0x5ACA, 1, 0x52CC, 1, 0x8BCA, 5, 0x3A09, 1,
    0x6800, 2, 0x0862, 1, 0x2800, 1, 0x6925, 1,
    0x52CC, 1, 0x18C5, 19, 0x5000, 1, 0x2924, 1,
    0x5ACA, 1, 0x6925, 3, 0x8BCA, 1, 0x7B47, 1,
    0x4A27, 2, 0x7B47, 4, 0xA488, 6, 0x18C5, 1,
    0xA488, 3, 0xDE0C, 1, 0xA488, 1, 0xDE0C, 8,
    0x8BCA, 1, 0x39A8, 1, 0x632E, 1, 0x8986, 1,
    0x5ACA, 1, 0x8986, 1, 0x5ACA, 1, 0x52CC, 1,
    0x632E, 3, 0x42CC, 1, 0x52CC, 2, 0x10A3, 1,
    0x1082, 1, 0x42CC, 5, 0x63B0, 3, 0x632E, 2,
    0x42CC, 1, 0x2924, 1, 0xA269, 1, 0x6CB4, 3,
    0x94D3, 6, 0x6CB4, 1, 0x42CC, 3, 0x39A8, 1,
    0x6000, 1, 0x8986, 2, 0x18C3, 1, 0x52CC, 1,
    0x63B0, 1, 0x632E, 1, 0x63B0, 1, 0x632E, 3,
    0xA488, 1, 0x632E, 1, 0x63B0, 1, 0xA488, 1,
    0xB50B, 1, 0x8BCA, 5, 0x3A09, 1, 0x8BCA, 5,
    0x3A09, 1, 0x39A8, 1, 0x5000, 2, 0x2800, 1,
    0x6925, 1, 0x52CC, 1, 0x18C5, 16, 0x2800, 1,
    0x4000, 1, 0x6000, 1, 0x18E4, 1, 0x8BCA, 1,
    0x6925, 2, 0x4A27, 2, 0x7B47, 6, 0xA488, 3,
    0x0000, 3, 0x18C5, 3, 0xA488, 3, 0xDE0C, 9,
    0xB50B, 1, 0x63B0, 1, 0x39A8, 1, 0x632E, 1,
    0x63B0, 1, 0x5ACA, 2, 0x8986, 1, 0x632E, 4,
    0x52CC, 1, 0x3A09, 3, 0x2800, 4, 0x42CC, 1,
    0x632E, 4, 0x42CC, 1, 0x2147, 1, 0xA269, 1,
    0x6CB4, 4, 0x94D3, 3, 0x632E, 1, 0x63B0, 1,
    0x42CC, 1, 0x39A8, 1, 0x6000, 1, 0x8986, 3,
    0x18C3, 1, 0x3A09, 1, 0x632E, 5, 0xA488, 3,
    0x63B0, 1, 0x52CC, 2, 0x632E, 1, 0xB50B, 1,
    0x52CC, 2, 0x5ACA, 1, 0xB50B, 1, 0x8BCA, 3,
    0x5000, 2, 0x4841, 1, 0x7B47, 4, 0x39A8, 2,
    0x5000, 1, 0x2800, 1, 0x6925, 1, 0x52CC, 1,
    0x18C5, 15, 0x4000, 1, 0x6000, 1, 0x6800, 1,
    0x2924, 1, 0x8BCA, 2, 0x7B47, 6, 0xA488, 1,
    0x0000, 6, 0x18C5, 1, 0x18C3, 1, 0x18E4, 1,
    0x1082, 2, 0xA488, 1, 0xDE0C, 1, 0xA488, 1,
    0xDE0C, 1, 0xA488, 1, 0xDE0C, 7, 0xB50B, 1,
    0x63B0, 1, 0x39A8, 1, 0x632E, 1, 0xA269, 1,
    0x63B0, 2, 0x5ACA, 1, 0x632E, 4, 0x52CC, 2,
    0x3A09, 2, 0x39A8, 1, 0x3A09, 1, 0x52CC, 1,
    0x2800, 2, 0x4062, 1, 0x1082, 2, 0x2147, 1,
    0x2924, 1, 0x6862, 1, 0x6CB4, 6, 0x42CC, 2,
    0x18C5, 1, 0x6000, 1, 0x8986, 1, 0x10A3, 2,
    0x2924, 1, 0x52CC, 1, 0x632E, 3, 0x52CC, 2,
    0x8BCA, 3, 0x52CC, 2, 0xB50B, 2, 0x632E, 1,
    0x52CC, 4, 0x632E, 2, 0xB50B, 1, 0xA488, 1,
    0x8BCA, 1, 0x4A27, 1, 0x4062, 1, 0x2800, 1,
    0x3985, 1, 0x7B47, 1, 0x4104, 1, 0x4A27, 1,
    0x7B47, 1, 0x732B, 2, 0x3A09, 1, 0x4062, 1,
    0x2800, 1, 0x6925, 1, 0x52CC, 1, 0x18C5, 13,
    0x2800, 1, 0x4000, 1, 0x6000, 1, 0x4000, 1,
    0x4A27, 1, 0x7B47, 7, 0x0000, 5, 0x18E4, 1,
    0x18C3, 1, 0x632E, 1, 0x2147, 1, 0x39A8, 2,
    0x0862, 1, 0x1082, 2, 0xA488, 1, 0xDE0C, 6,
    0xB50B, 1, 0x63B0, 11, 0x94D3, 1, 0x632E, 1,
    0x52CC, 3, 0x42CC, 2, 0x52CC, 2, 0x39A8, 2,
    0x3A09, 1, 0x52CC, 2, 0x94D3, 1, 0x63B0, 1,
    0x4000, 1, 0x8000, 1, 0x6CB4, 4, 0x42CC, 1,
    0x6000, 1, 0x8986, 2, 0x18C3, 1, 0x6862, 1,
    0x5ACA, 2, 0x632E, 3, 0x5ACA, 3, 0x52CC, 1,
    0x63B0, 1, 0x8BCA, 2, 0x52CC, 2, 0x632E, 1,
    0x52CC, 2, 0x8BCA, 2, 0x632E, 1, 0xB50B, 1,
    0x632E, 2, 0xB50B, 2, 0x52CC, 1, 0x2104, 1,
    0x8BCA, 1, 0x4A27, 1, 0x8BCA, 1, 0x4000, 1,
    0x3985, 1, 0x7B47, 1, 0x4104, 1, 0x52CC, 1,
    0x7B47, 1, 0x3A09, 1, 0x7B47, 1, 0x3A09, 2,
    0x5000, 1, 0x2800, 1, 0x6925, 2, 0x18C5, 12,
    0x4000, 3, 0x4A27, 1, 0x7B47, 7, 0x0000, 3,
    0x18C3, 1, 0x3985, 1, 0xA145, 1, 0x6862, 1,
    0x6925, 1, 0x6862, 1, 0x3985, 1, 0x6862, 2,
    0x6925, 1, 0x0862, 2, 0xA488, 1, 0xDE0C, 5,
    0x8BCA, 1, 0xDE0C, 6, 0x63B0, 2, 0xA269, 1,
    0x94D3, 5, 0x63B0, 1, 0x3A09, 1, 0x52CC, 4,
    0x42CC, 1, 0x52CC, 2, 0x3A09, 1, 0x39A8, 1,
    0x3A09, 1, 0x6925, 2, 0x8986, 1, 0x9083, 1,
    0x39A8, 1, 0x6000, 1, 0x8986, 1, 0x2800, 2,
    0x6800, 1, 0x7800, 2, 0x6925, 2, 0x5ACA, 1,
    0x52CC, 2, 0x632E, 6, 0x8BCA, 1, 0x42CC, 2,
    0x52CC, 1, 0x42CC, 2, 0x52CC, 1, 0x8BCA, 1,
    0x3A09, 2, 0x52CC, 1, 0x8BCA, 4, 0x39A8, 1,
    0x8BCA, 1, 0x4A27, 2, 0x4841, 1, 0x4A27, 1,
    0x4104, 1, 0x7B47, 1, 0x5000, 2, 0x7B47, 2,
    0x5000, 2, 0x4104, 2, 0x5000, 1, 0x2800, 1,
    0x6862, 1, 0x5000, 1, 0x18C5, 12, 0x4000, 2,
    0x3985, 1, 0x7B47, 6, 0x0000, 2, 0x1082, 1,
    0xA145, 1, 0x8986, 1, 0x6862, 1, 0x6925, 1,
    0x6862, 1, 0x20E3, 3, 0x3985, 1, 0x6862, 1,
    0x8986, 1, 0x6862, 2, 0x0862, 1, 0x1082, 1,
    0xDE0C, 4, 0x7B47, 1, 0xFECD, 8, 0x63B0, 1,
    0x632E, 1, 0x94D3, 1, 0xFECD, 1, 0xDE0C, 4,
    0x94D3, 1, 0x63B0, 2, 0x52CC, 7, 0x3A09, 4,
    0x6925, 1, 0x4104, 1, 0x6000, 1, 0x5000, 2,
    0x6000, 2, 0x8986, 2, 0x1082, 1, 0x2800, 2,
    0x7800, 1, 0x632E, 3, 0x52CC, 1, 0x5ACA, 1,
    0x52CC, 2, 0xB50B, 1, 0x732B, 1, 0x5ACA, 1,
    0x8BCA, 2, 0x2924, 1, 0x8BCA, 2, 0x3A09, 1,
    0x5ACA, 1, 0xA488, 1, 0x7B47, 1, 0x18C3, 2,
    0x39A8, 1, 0x3A09, 3, 0x732B, 1, 0x7B47, 2,
    0x4A27, 1, 0x7B47, 1, 0x4A27, 1, 0x4000, 1,
    0x7B47, 1, 0x39A8, 1, 0x5000, 2, 0x4841, 2,
    0x6000, 1, 0x6925, 1, 0x6862, 1, 0x5000, 1,
    0x18C5, 12, 0x2800, 1, 0x4104, 1, 0x7B47, 6,
    0x0000, 2, 0x20E3, 1, 0x8986, 1, 0x6925, 1,
    0x2924, 1, 0x20E3, 1, 0x18C3, 1, 0x1082, 1,
    0x18C3, 2, 0x1082, 1, 0x18C3, 1, 0x3985, 2,
    0x6925, 2, 0x1082, 2, 0xFECD, 1, 0xDE0C, 2,
    0xA488, 1, 0x2147, 1, 0x63B0, 3, 0x94D3, 1,
    0xFECD, 3, 0xB50B, 1, 0x63B0, 1, 0xFECD, 1,
    0xDE0C, 7, 0x94D3, 1, 0x63B0, 3, 0x94D3, 1,
    0x52CC, 7, 0x42CC, 2, 0x6862, 2, 0x6000, 3,
    0x5000, 5, 0x6000, 2, 0x8986, 1, 0x2800, 1,
    0x8986, 1, 0x632E, 1, 0x63B0, 1, 0xB50B, 1,
    0x8BCA, 1, 0xA488, 2, 0x8BCA, 1, 0x6000, 1,
    0x8BCA, 1, 0x6862, 1, 0xA488, 2, 0x3A09, 1,
    0x7B47, 1, 0x3A09, 4, 0x7B47, 1, 0x3A09, 1,
    0x8BCA, 1, 0x7B47, 2, 0x4A27, 1, 0x7B47, 1,
    0x4062, 1, 0x4A27, 1, 0x2800, 2, 0x7B47, 1,
    0x10A3, 1, 0x5000, 1, 0x6925, 1, 0x3A09, 1,
    0x6862, 1, 0x2800, 1, 0x6862, 1, 0x6925, 1,
    0x18C5, 13, 0x2800, 1, 0x3985, 1, 0x7B47, 5,
    0x0000, 2, 0x8986, 1, 0x3985, 1, 0x20E3, 1,
    0x1082, 1, 0x20E3, 7, 0x1082, 1, 0x18C3, 1,
    0x6925, 1, 0x6862, 1, 0x6925, 1, 0x1082, 1,
    0xFECD, 4, 0x20E3, 1, 0x0000, 1, 0x1082, 2,
    0x18E4, 1, 0xFECD, 3, 0xDE0C, 1, 0x94D3, 1,
    0xFECD, 1, 0xDE0C, 8, 0x63B0, 2, 0x94D3, 2,
    0x63B0, 3, 0x52CC, 5, 0x3A09, 1, 0x52CC, 1,
    0x42CC, 1, 0x3A09, 4, 0x6000, 1, 0x5000, 8,
    0x6800, 1, 0x8986, 1, 0x2800, 2, 0x6862, 1,
    0x52CC, 1, 0x63B0, 2, 0xB50B, 1, 0x732B, 1,
    0x5000, 1, 0x6925, 1, 0x7B47, 7, 0x3985, 1,
    0x7B47, 1, 0x4000, 1, 0x4062, 1, 0x2800, 1,
    0x4000, 2, 0x4062, 2, 0x7B47, 1, 0x8BCA, 1,
    0x18E4, 1, 0x6000, 1, 0x6862, 1, 0x6925, 1,
    0x3A09, 1, 0x6000, 1, 0x5000, 1, 0x6862, 1,
    0x3A09, 1, 0x18C5, 13, 0x20E3, 1, 0x3985, 1,
    0x7B47, 3, 0x0000, 2, 0x6862, 1, 0x6925, 1,
    0x18C3, 1, 0x1082, 1, 0x20E3, 2, 0x7B47, 1,
    0x4104, 1, 0x1082, 1, 0x7B47, 2, 0x20E3, 2,
    0x10A3, 1, 0x1082, 1, 0x3985, 1, 0x8986, 1,
    0x18C3, 1, 0x18E4, 1, 0xFECD, 7, 0xA488, 1,
    0xDE0C, 2, 0xFECD, 1, 0xB50B, 2, 0xFECD, 1,
    0xDE0C, 3, 0x63B0, 2, 0xDE0C, 3, 0x63B0, 6,
    0x94D3, 2, 0x63B0, 2, 0x94D3, 1, 0x52CC, 2,
    0x3A09, 3, 0x5ACA, 1, 0x52CC, 1, 0x42CC, 1,
    0x52CC, 1, 0x3A09, 7, 0x5000, 4, 0x4841, 1,
    0x5000, 2, 0x6925, 1, 0x2800, 1, 0x8BCA, 2,
    0x7B47, 2, 0x4A27, 1, 0x732B, 1, 0x8BCA, 1,
    0x3985, 1, 0x7B47, 1, 0x4000, 7, 0x4062, 4,
    0x8BCA, 1, 0x7B47, 1, 0x1082, 1, 0x4000, 1,
    0x6000, 1, 0x6925, 1, 0x6862, 1, 0x6000, 1,
    0x6925, 1, 0x6862, 2, 0x7B47, 1, 0x18C5, 13,
    0x20E3, 1, 0x3985, 1, 0x7B47, 2, 0x0000, 2,
    0x2924, 2, 0x18C3, 1, 0x20E3, 2, 0x7B47, 1,
    0x4104, 1, 0x4000, 1, 0x18A2, 2, 0x4000, 1,
    0x3985, 1, 0x7B47, 1, 0x20E3, 1, 0x18A2, 1,
    0x18C3, 1, 0x2924, 1, 0x3985, 1, 0x20E3, 1,
    0xDE0C, 1, 0xFECD, 2, 0xDE0C, 1, 0xA488, 1,
    0xB50B, 3, 0xFECD, 3, 0xB50B, 1, 0xA488, 1,
    0xDE0C, 3, 0x2147, 2, 0x63B0, 1, 0xDE0C, 3,
    0x3985, 1, 0x8986, 4, 0x63B0, 4, 0xA145, 1,
    0x63B0, 4, 0x42CC, 1, 0x3A09, 3, 0x5ACA, 1,
    0x52CC, 2, 0x5ACA, 1, 0x52CC, 5, 0x3A09, 4,
    0x4841, 1, 0x6862, 1, 0x4841, 1, 0x6862, 1,
    0x5000, 1, 0x6925, 1, 0x2800, 1, 0x6000, 1,
    0x52CC, 1, 0x3A09, 1, 0x42CC, 1, 0x3A09, 1,
    0x5000, 1, 0x4000, 1, 0x4104, 2, 0x3985, 1,
    0x4A27, 1, 0x4104, 1, 0x3985, 2, 0x2800, 1,
    0x4062, 1, 0x3A09, 1, 0x8BCA, 1, 0x7B47, 1,
    0x2800, 1, 0x4000, 1, 0x5000, 2, 0x6000, 2,
    0x0862, 1, 0x52CC, 1, 0x6862, 1, 0x4104, 1,
    0x42CC, 1, 0x18C5, 14, 0x2924, 1, 0x3985, 2,
    0x0000, 1, 0x2104, 1, 0x2924, 1, 0x20E3, 3,
    0x7B47, 1, 0x4000, 1, 0x18A2, 6, 0x10A3, 1,
    0x7B47, 1, 0x20E3, 1, 0x1082, 1, 0x20E3, 1,
    0x6925, 1, 0x2924, 1, 0xA488, 1, 0xFECD, 2,
    0x39A8, 1, 0xDE0C, 4, 0xA488, 2, 0xFECD, 1,
    0xB50B, 1, 0xA488, 1, 0x63B0, 1, 0xDE0C, 2,
    0x39A8, 1, 0x2147, 1, 0x632E, 1, 0xDE0C, 3,
    0x8BCA, 1, 0x3985, 1, 0x2147, 1, 0x8986, 1,
    0x9083, 1, 0x8986, 3, 0x9083, 1, 0x8986, 1,
    0x63B0, 1, 0xA145, 1, 0x632E, 5, 0x63B0, 1,
    0x3A09, 4, 0x5ACA, 4, 0x3A09, 1, 0x52CC, 4,
    0x3A09, 3, 0x6925, 5, 0x2800, 1, 0x6000, 1,
    0x5ACA, 1, 0x3A09, 1, 0x18C3, 1, 0x3A09, 1,
    0x8BCA, 4, 0x39A8, 1, 0x8BCA, 1, 0x4062, 1,
    0x8BCA, 1, 0x5ACA, 1, 0x7B47, 1, 0x18E4, 1,
    0x1082, 1, 0x5000, 6, 0x0862, 1, 0x6862, 3,
    0x18E4, 1, 0x52CC, 1, 0x18C5, 14, 0x20E3, 1,
    0x2924, 1, 0x0000, 1, 0x2147, 1, 0x2924, 1,
    0x20E3, 2, 0x7B47, 1, 0x4104, 1, 0x18A2, 1,
    0x10A3, 1, 0x18A2, 2, 0x1082, 1, 0x18A2, 3,
    0x1082, 1, 0x3985, 1, 0x20E3, 1, 0x18C3, 1,
    0x2924, 2, 0x18C3, 1, 0xFECD, 1, 0xDE0C, 1,
    0x3A09, 1, 0xA488, 3, 0xDE0C, 3, 0xB50B, 1,
    0xDE0C, 1, 0xA488, 1, 0x63B0, 1, 0xB50B, 2,
    0x63B0, 1, 0x39A8, 1, 0x63B0, 1, 0xDE0C, 3,
    0xB50B, 2, 0x8BCA, 1, 0x2104, 1, 0x2924, 1,
    0x9083, 4, 0x63B0, 3, 0x8986, 1, 0x9083, 1,
    0x6925, 1, 0x632E, 3, 0x52CC, 4, 0x2104, 1,
    0x6925, 1, 0x2924, 1, 0x5ACA, 1, 0x632E, 1,
    0x63B0, 1, 0x8BCA, 1, 0x7B47, 1, 0x8BCA, 2,
    0x52CC, 1, 0x42CC, 1, 0x3A09, 3, 0x6925, 4,
    0x2800, 1, 0x5000, 1, 0x6862, 1, 0x3A09, 1,
    0x6925, 1, 0x6862, 1, 0x10A3, 2, 0x3A09, 1,
    0x39A8, 1, 0x7B47, 1, 0x39A8, 1, 0x10A3, 1,
    0x39A8, 1, 0x4000, 1, 0x5000, 5, 0x4000, 2,
    0x0862, 1, 0x6862, 4, 0x52CC, 1, 0x18C5, 15,
    0x2800, 1, 0x0000, 1, 0x2147, 1, 0x2924, 1,
    0x18C3, 1, 0x20E3, 1, 0x3985, 1, 0x1082, 1,
    0x18A2, 1, 0x1082, 1, 0x10A3, 1, 0x18A2, 1,
    0x10A3, 1, 0x18A2, 1, 0x0862, 1, 0x18A2, 1,
    0x4000, 1, 0x10A3, 1, 0x20E3, 2, 0x2924, 2,
    0x18C3, 1, 0xDE0C, 1, 0xA488, 1, 0x3A09, 1,
    0x7B47, 1, 0xA488, 1, 0x63B0, 1, 0x39A8, 3,
    0xDE0C, 2, 0xA488, 1, 0x3985, 1, 0xB50B, 1,
    0x7B47, 1, 0xA488, 1, 0xB50B, 2, 0xA488, 1,
    0xB50B, 1, 0xDE0C, 1, 0x8BCA, 1, 0xDE0C, 2,
    0xA488, 1, 0x4A27, 1, 0x8000, 1, 0x9000, 1,
    0x8000, 2, 0x6CB4, 1, 0x94D3, 1, 0x6CB4, 2,
    0x63B0, 2, 0x6925, 1, 0x2924, 1, 0x632E, 1,
    0x52CC, 3, 0x2924, 5, 0x18C3, 1, 0x2104, 3,
    0xB50B, 2, 0x52CC, 4, 0x3A09, 5, 0x6925, 2,
    0x2800, 2, 0x6000, 1, 0x6925, 1, 0x3A09, 1,
    0x4104, 1, 0x4841, 2, 0x5000, 1, 0x6000, 4,
    0x6862, 1, 0x6000, 2, 0x4000, 2, 0x0862, 2,
    0x6925, 1, 0x5000, 1, 0x6000, 1, 0x5000, 1,
    0x6862, 1, 0x63B0, 1, 0x18C5, 16, 0x2104, 1,
    0x39A8, 1, 0x2924, 1, 0x18C3, 1, 0x20E3, 1,
    0x4104, 1, 0x18A2, 1, 0x10A3, 1, 0x18A2, 1,
    0x10A3, 1, 0x1082, 1, 0x18A2, 1, 0x10A3, 2,
    0x18A2, 2, 0x4000, 1, 0x7B47, 1, 0x20E3, 2,
    0x2924, 1, 0x18C3, 1, 0xA488, 2, 0x3985, 1,
    0xA801, 2, 0x3A09, 1, 0x20E3, 4, 0x2147, 1,
    0xA488, 1, 0x7B47, 1, 0xB50B, 1, 0x7B47, 1,
    0x63B0, 1, 0xB50B, 3, 0xDE0C, 1, 0x63B0, 1,
    0x8BCA, 1, 0xDE0C, 4, 0x2104, 1, 0x8000, 3,
    0x2924, 1, 0x6CB4, 3, 0x63B0, 3, 0x2104, 2,
    0x52CC, 4, 0x5000, 1, 0x6862, 4, 0x6000, 1,
    0x2924, 1, 0x6862, 1, 0x2924, 1, 0x63B0, 1,
    0xB50B, 1, 0x42CC, 2, 0x3A09, 2, 0x6925, 2,
    0x3A09, 1, 0x6862, 1, 0x6000, 3, 0x5000, 1,
    0x6925, 1, 0x5000, 2, 0x4841, 1, 0x3A09, 2,
    0x4104, 1, 0x5000, 1, 0x6862, 4, 0x4000, 2,
    0x0862, 2, 0x6925, 1, 0x5000, 4, 0x8000, 1,
    0x6862, 1, 0x63B0, 1, 0x18C5, 16, 0x2104, 1,
    0x39A8, 1, 0x20E3, 1, 0x18C3, 1, 0x2924, 1,
    0x7B47, 1, 0x5000, 1, 0x1082, 2, 0x5000, 1,
    0x1082, 1, 0x0862, 1, 0x1082, 1, 0x18A2, 1,
    0x10A3, 1, 0x18A2, 2, 0x4A27, 1, 0x20E3, 2,
    0x2924, 1, 0x20E3, 1, 0x18E4, 1, 0xA488, 1,
    0x39A8, 1, 0xA801, 1, 0x9083, 1, 0x3A09, 1,
    0xA488, 1, 0xFECD, 3, 0x20E3, 1, 0xFECD, 1,
    0x7B47, 1, 0x732B, 1, 0x9000, 1, 0x2147, 4,
    0x2104, 1, 0x0000, 1, 0xA488, 1, 0xDE0C, 4,
    0x7B47, 1, 0x4841, 1, 0x7800, 1, 0x8000, 1,
    0x6000, 1, 0x63B0, 1, 0x52CC, 3, 0x42CC, 1,
    0x2924, 1, 0x4A27, 2, 0x2104, 3, 0x18E4, 1,
    0x4062, 1, 0x6000, 2, 0x6862, 2, 0x6925, 1,
    0x6862, 1, 0x3985, 2, 0x6800, 1, 0x2147, 1,
    0x2924, 1, 0x6862, 1, 0x3A09, 1, 0x2104, 2,
    0x6925, 2, 0x6862, 2, 0x6000, 1, 0x9083, 3,
    0x6862, 2, 0x5ACA, 1, 0x2800, 1, 0x5000, 2,
    0x0862, 1, 0x5000, 1, 0x6000, 1, 0x4000, 2,
    0x0862, 2, 0x6925, 1, 0x5000, 4, 0x7800, 3,
    0x6800, 1, 0x18C3, 1, 0x18C5, 17, 0x2147, 1,
    0x2924, 1, 0x18C3, 1, 0x20E3, 1, 0x4104, 1,
    0x18A2, 1, 0x10A3, 2, 0x18A2, 1, 0x10A3, 1,
    0x1082, 1, 0x10A3, 1, 0x5000, 1, 0x18C3, 1,
    0x10A3, 1, 0x6000, 1, 0xA488, 1, 0x20E3, 2,
    0x2924, 2, 0x18C3, 1, 0x7B47, 1, 0x2924, 1,
    0x8986, 1, 0x9083, 1, 0xA269, 1, 0x39A8, 1,
    0xA488, 4, 0xFECD, 1, 0xA488, 1, 0x39A8, 1,
    0x6862, 1, 0x39A8, 1, 0x20E3, 4, 0xA488, 2,
    0xDE0C, 5, 0x7B47, 1, 0x4062, 1, 0x6800, 1,
    0x5000, 1, 0x63B0, 1, 0x39A8, 2, 0x3985, 1,
    0x2104, 1, 0x4062, 1, 0x3985, 1, 0x4A27, 2,
    0x10A3, 2, 0x18C5, 3, 0x3985, 1, 0xA145, 1,
    0x6925, 1, 0x2924, 1, 0x18C3, 3, 0x20E3, 1,
    0x6000, 1, 0x6862, 1, 0x6800, 2, 0x6862, 1,
    0x4062, 2, 0x2104, 2, 0x9000, 3, 0x9083, 1,
    0x8986, 2, 0x6925, 2, 0x6862, 1, 0x6800, 1,
    0x10A3, 1, 0x5ACA, 1, 0x6925, 5, 0x5000, 4,
    0x7800, 5, 0x6000, 1, 0x8000, 1, 0x18C5, 17,
    0x2147, 1, 0x2924, 1, 0x20E3, 2, 0x3985, 1,
    0x1082, 1, 0x18A2, 2, 0x10A3, 1, 0x1082, 1,
    0x18A2, 1, 0x1082, 1, 0x18A2, 1, 0x10A3, 1,
    0x18A2, 2, 0x3985, 1, 0x6862, 1, 0x18C3, 1,
    0x20E3, 2, 0x18C3, 1, 0x18E4, 1, 0x18C3, 1,
    0x3A09, 1, 0x9083, 2, 0x8986, 1, 0x3A09, 1,
    0x3985, 3, 0xA488, 2, 0x2147, 1, 0x9083, 1,
    0x8986, 1, 0x3985, 1, 0xDE0C, 11, 0x7B47, 1,
    0x4104, 1, 0x5000, 1, 0x2147, 1, 0x632E, 1,
    0x2147, 1, 0x2924, 1, 0x2147, 1, 0x2104, 1,
    0x2147, 1, 0x18E4, 4, 0x18C5, 3, 0x6925, 1,
    0x3985, 1, 0x1082, 1, 0x18C3, 1, 0x10A3, 1,
    0x18A2, 1, 0x20E3, 3, 0x18C3, 1, 0x6000, 2,
    0x6800, 2, 0x9083, 1, 0x9000, 5, 0xDE0C, 3,
    0x3985, 2, 0x2924, 1, 0x6862, 5, 0x5000, 5,
    0x8000, 3, 0x7800, 4, 0x8000, 2, 0x18C5, 17,
    0x2104, 1, 0x2924, 1, 0x20E3, 2, 0x7B47, 1,
    0x4104, 1, 0x18A2, 1, 0x1082, 1, 0x10A3, 1,
    0x18A2, 1, 0x10A3, 1, 0x18A2, 1, 0x10A3, 1,
    0x18A2, 2, 0x4000, 1, 0x4A27, 1, 0x20E3, 2,
    0x2924, 2, 0x18C3, 1, 0x2147, 1, 0x4A27, 1,
    0x1082, 1, 0x8986, 1, 0x6925, 4, 0x9083, 2,
    0x8986, 1, 0x7B47, 1, 0x2104, 1, 0x8986, 1,
    0x6862, 1, 0x6925, 1, 0xA488, 5, 0xDE0C, 2,
    0xA488, 1, 0xDE0C, 4, 0x7B47, 1, 0x4062, 1,
    0x18C3, 1, 0x2147, 1, 0x2924, 1, 0x2104, 1,
    0x18C3, 1, 0x2104, 1, 0x42CC, 3, 0x2147, 1,
    0x18C5, 3, 0x6862, 1, 0x2924, 1, 0x20E3, 2,
    0x2924, 1, 0x7B47, 1, 0x3985, 1, 0x4A27, 2,
    0x7B47, 1, 0x20E3, 2, 0x6000, 3, 0x9000, 1,
    0xA801, 3, 0x9000, 2, 0x9083, 1, 0xDE0C, 1,
    0xB50B, 3, 0xDE0C, 1, 0x63B0, 1, 0x42CC, 1,
    0x2924, 1, 0x6862, 3, 0x6800, 1, 0xA801, 1,
    0x8000, 6, 0x7800, 1, 0x9000, 1, 0xA801, 1,
    0x8000, 1, 0x5000, 1, 0x18C5, 18, 0x2924, 1,
    0x20E3, 3, 0x7B47, 1, 0x4000, 1, 0x18A2, 3,
    0x1082, 1, 0x18A2, 1, 0x0862, 1, 0x18A2, 2,
    0x4000, 1, 0x7B47, 1, 0x20E3, 2, 0x2924, 1,
    0x20E3, 1, 0x2147, 2, 0x3985, 2, 0x2800, 1,
    0x1082, 2, 0x2147, 4, 0x3A09, 1, 0x2104, 1,
    0x10A3, 1, 0x3985, 1, 0x6862, 2, 0x3A09, 1,
    0x3985, 3, 0x2104, 1, 0xA488, 5, 0xDE0C, 2,
    0xA488, 1, 0x7B47, 1, 0x4104, 1, 0x2104, 2,
    0x42CC, 1, 0x2924, 1, 0x4062, 1, 0x2147, 3,
    0x42CC, 1, 0x18C5, 3, 0x2924, 1, 0x20E3, 1,
    0x18C3, 1, 0x20E3, 2, 0x4104, 1, 0x10A3, 1,
    0x18A2, 1, 0x4000, 2, 0x4A27, 1, 0x7B47, 1,
    0x18A2, 1, 0x8000, 4, 0xA801, 5, 0x8986, 1,
    0x2147, 1, 0xB50B, 1, 0xDE0C, 1, 0xB50B, 1,
    0x6CB4, 1, 0x632E, 3, 0x94D3, 1, 0x9083, 1,
    0xA801, 1, 0x8000, 6, 0x9000, 2, 0xA801, 2,
    0x6000, 1, 0x5000, 1, 0x18C5, 18, 0x6862, 1,
    0x6925, 1, 0x18C3, 1, 0x20E3, 2, 0x1082, 1,
    0x4000, 1, 0x18A2, 2, 0x1082, 1, 0x18A2, 3,
    0x1082, 1, 0x3985, 1, 0x20E3, 2, 0x2924, 1,
    0x3985, 1, 0x18C3, 1, 0x18E4, 2, 0x3985, 3,
    0x4062, 1, 0x1082, 6, 0x0862, 1, 0x3985, 1,
    0x10A3, 1, 0x2104, 1, 0x2924, 2, 0x4104, 2,
    0x6862, 1, 0x2924, 1, 0xA488, 9, 0x7B47, 1,
    0x5000, 1, 0x4841, 1, 0x2104, 1, 0x2924, 1,
    0x18C3, 1, 0x2147, 3, 0x42CC, 1, 0x18C5, 2,
    0x2104, 1, 0x2924, 1, 0x18C3, 1, 0x20E3, 1,
    0x7B47, 1, 0x10A3, 1, 0x18A2, 5, 0x4000, 1,
    0x10A3, 1, 0x20E3, 1, 0x18A2, 1, 0x8000, 3,
    0xA801, 5, 0xA269, 1, 0x2147, 2, 0x94D3, 1,
    0xFECD, 2, 0x94D3, 2, 0x6CB4, 3, 0x9083, 1,
    0x8000, 4, 0xA801, 3, 0xA145, 1, 0xA801, 1,
    0x8000, 1, 0x2800, 1, 0xA145, 1, 0x18C5, 18,
    0x8986, 2, 0x20E3, 1, 0x1082, 1, 0x20E3, 1,
    0x7B47, 1, 0x4104, 1, 0x4000, 1, 0x18A2, 2,
    0x4000, 1, 0x18A2, 1, 0x10A3, 1, 0x4104, 1,
    0x7B47, 1, 0x20E3, 1, 0x18C3, 1, 0x2924, 2,
    0x18C3, 1, 0x18E4, 1, 0x2147, 1, 0x4062, 1,
    0x3985, 5, 0x4062, 1, 0x1082, 1, 0x4062, 1,
    0x1082, 2, 0x4062, 1, 0x4104, 1, 0x0862, 3,
    0x2924, 4, 0x7B47, 2, 0x4104, 1, 0x3985, 1,
    0x7B47, 1, 0xA488, 5, 0x4062, 1, 0x4000, 1,
    0x4062, 1, 0x20E3, 1, 0x18C3, 2, 0x18E4, 2,
    0x18C5, 3, 0x2147, 1, 0x2924, 1, 0x20E3, 2,
    0x1082, 2, 0x10A3, 1, 0x0862, 1, 0x18A2, 1,
    0x10A3, 1, 0x18A2, 3, 0x3985, 1, 0x7B47, 1,
    0x7800, 2, 0x8000, 3, 0xA801, 3, 0x94D3, 1,
    0x2147, 2, 0x3A09, 1, 0x94D3, 2, 0x6CB4, 1,
    0x94D3, 1, 0x2104, 1, 0x63B0, 1, 0x18C3, 1,
    0xA269, 1, 0x8000, 1, 0xA801, 4, 0xA145, 3,
    0x8000, 1, 0x2800, 1, 0x0000, 1, 0xA801, 1,
    0x18C5, 19, 0x8986, 1, 0x3985, 1, 0x20E3, 1,
    0x1082, 1, 0x20E3, 1, 0x7B47, 1, 0x4104, 1,
    0x1082, 2, 0x4104, 1, 0x3985, 2, 0x7B47, 1,
    0x20E3, 1, 0x1082, 1, 0x20E3, 1, 0x6925, 1,
    0x2924, 1, 0x18E4, 1, 0x2147, 1, 0x18E4, 1,
    0x2104, 2, 0x63B0, 1, 0x3985, 4, 0x1082, 1,
    0x4062, 3, 0x4000, 2, 0x4062, 4, 0x0862, 1,
    0x10A3, 1, 0x0862, 1, 0x7B47, 1, 0x3985, 1,
    0x4062, 2, 0x4104, 1, 0x3985, 1, 0xA488, 4,
    0x7B47, 1, 0x4062, 1, 0x4841, 1, 0x4062, 1,
    0x4000, 1, 0x18C3, 1, 0x18E4, 1, 0x10A3, 1,
    0x18C5, 3, 0x39A8, 1, 0x2924, 1, 0x18C3, 1,
    0x7B47, 1, 0x1082, 1, 0x18A2, 2, 0x1082, 1,
    0x18A2, 1, 0x10A3, 1, 0x18A2, 1, 0x1082, 2,
    0x10A3, 1, 0x3985, 1, 0x7800, 2, 0x8000, 1,
    0x7800, 1, 0x8000, 3, 0x7800, 2, 0xA801, 1,
    0x94D3, 2, 0x2147, 1, 0x2104, 1, 0x94D3, 1,
    0x2147, 1, 0x94D3, 1, 0x9000, 1, 0x8000, 1,
    0x9000, 1, 0x8000, 1, 0xA801, 1, 0x7800, 1,
    0xA801, 3, 0xA145, 1, 0x9083, 1, 0x8000, 1,
    0x0000, 1, 0x9083, 1, 0x9000, 1, 0x18C5, 19,
    0x1082, 1, 0x8986, 1, 0x6925, 1, 0x2924, 1,
    0x1082, 1, 0x10A3, 1, 0x20E3, 1, 0x4A27, 1,
    0x7B47, 2, 0x20E3, 2, 0x10A3, 1, 0x18A2, 1,
    0x18C3, 1, 0x2924, 1, 0x8986, 1, 0x2924, 1,
    0x2147, 1, 0x2104, 2, 0x0000, 1, 0x18C5, 1,
    0x632E, 1, 0x52CC, 2, 0x2147, 1, 0x4A27, 1,
    0x3985, 1, 0x63B0, 1, 0x1082, 1, 0x4062, 3,
    0x4000, 2, 0x4062, 2, 0x4104, 4, 0x7B47, 1,
    0x4062, 1, 0x4841, 1, 0x4062, 2, 0x4104, 1,
    0x7B47, 4, 0x3985, 1, 0x4062, 2, 0x10A3, 1,
    0x2924, 1, 0x4062, 1, 0x18C5, 3, 0x2104, 1,
    0x39A8, 1, 0x20E3, 1, 0x18C3, 1, 0x6925, 1,
    0x18A2, 2, 0x10A3, 1, 0x18A2, 1, 0x1082, 1,
    0x0862, 1, 0x10A3, 1, 0x18A2, 2, 0x4000, 1,
    0x1082, 1, 0x20E3, 1, 0x7800, 3, 0x8000, 2,
    0x7800, 7, 0x8000, 1, 0x9000, 6, 0x6000, 1,
    0x7800, 1, 0x4000, 1, 0x8000, 1, 0x9000, 1,
    0xA801, 1, 0xA145, 1, 0x2800, 1, 0x1082, 1,
    0x0000, 1, 0xA801, 1, 0x6800, 1, 0x18C5, 20,
    0x6862, 1, 0x8986, 1, 0x6925, 1, 0x20E3, 1,
    0x18C3, 1, 0x1082, 1, 0x18C3, 2, 0x20E3, 2,
    0x1082, 1, 0x18C3, 1, 0x20E3, 1, 0x6862, 2,
    0x3985, 1, 0x20E3, 1, 0x2147, 1, 0x2104, 1,
    0x18E4, 1, 0x0000, 1, 0x18C5, 1, 0x0000, 1,
    0x2924, 2, 0x2147, 1, 0x63B0, 4, 0x4062, 9,
    0x4104, 1, 0x3985, 3, 0x4062, 1, 0x4841, 1,
    0x4000, 1, 0x4062, 2, 0x3985, 1, 0x7B47, 3,
    0x4104, 1, 0x4841, 1, 0x4062, 1, 0x1082, 1,
    0x10A3, 1, 0x18C5, 4, 0x39A8, 1, 0x2924, 1,
    0x18C3, 1, 0x20E3, 1, 0x18A2, 1, 0x5000, 1,
    0x1082, 1, 0x18A2, 1, 0x10A3, 1, 0x1082, 1,
    0x10A3, 1, 0x18A2, 1, 0x10A3, 1, 0x18A2, 1,
    0x1082, 1, 0x20E3, 1, 0x7800, 4, 0x8000, 1,
    0x7800, 6, 0x8000, 2, 0x9000, 5, 0x6000, 2,
    0x4000, 4, 0x0862, 1, 0x10A3, 1, 0x1082, 1,
    0x94D3, 1, 0xA269, 1, 0x7800, 1, 0x18C5, 23,
    0x3985, 1, 0x6925, 1, 0x6862, 1, 0x20E3, 6,
    0x2924, 1, 0x6925, 1, 0x6862, 1, 0x6925, 1,
    0x1082, 1, 0x2147, 1, 0x18C5, 3, 0x0000, 1,
    0x18C5, 1, 0x0000, 1, 0x2147, 1, 0x0000, 1,
    0x18C5, 1, 0x0000, 1, 0x632E, 1, 0x39A8, 1,
    0x2147, 2, 0x4062, 1, 0x4000, 2, 0x4062, 3,
    0x2800, 1, 0x4062, 3, 0x4104, 3, 0x4062, 1,
    0x4000, 3, 0x4104, 2, 0x3985, 3, 0x4104, 1,
    0x4062, 2, 0x2147, 1, 0x18C5, 4, 0x2147, 1,
    0x2924, 1, 0x18C3, 1, 0x7B47, 1, 0x1082, 1,
    0x18A2, 3, 0x1082, 1, 0x0862, 1, 0x1082, 1,
    0x18A2, 1, 0x10A3, 1, 0x6000, 1, 0x18A2, 1,
    0x6862, 1, 0x7800, 11, 0x8000, 2, 0x9000, 4,
    0xA801, 1, 0x6000, 1, 0x10A3, 1, 0xA801, 1,
    0x0000, 3, 0x10A3, 1, 0x94D3, 3, 0x8000, 1,
    0x7800, 1, 0x18C5, 25, 0x2924, 1, 0x6925, 1,
    0x3985, 1, 0x2924, 1, 0x3985, 1, 0x6862, 1,
    0x8986, 1, 0x6862, 1, 0x6925, 2, 0x20E3, 1,
    0x18C5, 6, 0x2104, 1, 0x63B0, 1, 0x2104, 1,
    0x18C5, 3, 0x18E4, 1, 0x2104, 1, 0x2147, 1,
    0xA488, 1, 0x18C5, 4, 0x4062, 1, 0x4000, 1,
    0x4062, 5, 0x0862, 3, 0x4000, 4, 0x4062, 3,
    0x4104, 1, 0x3985, 1, 0x4000, 1, 0x4062, 2,
    0x6000, 1, 0x18C5, 3, 0x2104, 1, 0x2924, 1,
    0x18C3, 1, 0x20E3, 1, 0x1082, 1, 0x18A2, 1,
    0x1082, 2, 0x18A2, 2, 0x10A3, 1, 0x18A2, 2,
    0x4000, 1, 0x1082, 1, 0x20E3, 2, 0x7800, 10,
    0x8000, 1, 0x9000, 1, 0x7800, 1, 0x9000, 3,
    0xA801, 1, 0xA145, 2, 0xA801, 1, 0xA145, 1,
    0x0000, 1, 0x63B0, 1, 0x94D3, 2, 0xFECD, 1,
    0xB50B, 1, 0x7800, 1, 0x2800, 1, 0x18C5, 26,
    0x632E, 1, 0x2147, 1, 0x3985, 1, 0x6862, 2,
    0x6925, 1, 0x2924, 1, 0x18C5, 12, 0x0000, 3,
    0x2104, 1, 0x6CB4, 1, 0x18C5, 10, 0x4000, 1,
    0x4062, 10, 0x4000, 1, 0x2800, 1, 0x0862, 1,
    0x4062, 4, 0x5000, 1, 0x18C5, 4, 0x3985, 1,
    0x18C3, 1, 0x20E3, 1, 0x7B47, 1, 0x10A3, 2,
    0x0862, 1, 0x18A2, 1, 0x1082, 1, 0x18A2, 1,
    0x10A3, 1, 0x1082, 1, 0x4000, 1, 0x4104, 1,
    0x20E3, 1, 0x18C3, 1, 0x6800, 1, 0x7800, 10,
    0x9000, 1, 0x7800, 1, 0x8000, 2, 0x9000, 1,
    0xA801, 5, 0xA145, 1, 0xB50B, 1, 0x94D3, 2,
    0x9000, 1, 0x5000, 1, 0x2800, 1, 0x18C5, 29,
    0x2104, 1, 0x18E4, 1, 0x18C5, 16, 0x18E4, 1,
    0x6CB4, 1, 0x18C5, 16, 0x4000, 1, 0x4062, 3,
    0x2800, 1, 0x4062, 2, 0x10A3, 1, 0x4062, 2,
    0x2800, 1, 0x0862, 2, 0x1082, 1, 0x18E4, 1,
    0x18C5, 4, 0x6862, 1, 0x2924, 1, 0x18C3, 1,
    0x20E3, 1, 0x3985, 1, 0x4000, 1, 0x18A2, 2,
    0x0862, 1, 0x18A2, 3, 0x3985, 2, 0x20E3, 1,
    0x18C3, 1, 0x6000, 1, 0x6800, 2, 0x7800, 8,
    0x9000, 1, 0x6000, 2, 0x7800, 2, 0xA801, 3,
    0x9000, 4, 0xA801, 1, 0x2800, 1, 0x4000, 2,
    0x18C5, 70, 0x4000, 1, 0x4062, 2, 0x10A3, 5,
    0x0862, 2, 0x18E4, 1, 0x18C5, 4, 0x8986, 1,
    0x6925, 1, 0x20E3, 3, 0x4104, 1, 0x10A3, 1,
    0x18A2, 1, 0x4000, 3, 0x10A3, 1, 0x7B47, 1,
    0x20E3, 1, 0x18C3, 1, 0x2924, 2, 0x6000, 1,
    0x6800, 2, 0x7800, 7, 0x8000, 1, 0x6000, 2,
    0x7800, 2, 0x8000, 3, 0x9000, 1, 0x8000, 1,
    0x9000, 1, 0x5000, 1, 0x4000, 1, 0x2800, 1,
    0x18C5, 76, 0x10A3, 4, 0x4062, 1, 0x10A3, 1,
    0x2104, 1, 0x18C5, 5, 0x6925, 1, 0x3985, 1,
    0x1082, 1, 0x18C3, 1, 0x20E3, 2, 0x1082, 2,
    0x4104, 1, 0x4A27, 1, 0x7B47, 1, 0x18A2, 2,
    0x20E3, 1, 0x6925, 1, 0x2924, 1, 0x5000, 1,
    0x6000, 2, 0x6800, 4, 0x7800, 4, 0x6000, 2,
    0x7800, 1, 0x8000, 4, 0x6000, 2, 0x4000, 1,
    0x2800, 1, 0x18C5, 83, 0x18C3, 1, 0x10A3, 2,
    0x18C5, 4, 0x3985, 1, 0xA145, 1, 0x6925, 1,
    0x20E3, 1, 0x10A3, 1, 0x18A2, 1, 0x20E3, 2,
    0x7B47, 1, 0x20E3, 2, 0x1082, 1, 0x18C3, 1,
    0x6862, 1, 0x8986, 1, 0x2924, 1, 0x4000, 3,
    0x6000, 6, 0x6800, 1, 0x6000, 2, 0x7800, 1,
    0x5000, 1, 0x6000, 3, 0x4000, 3, 0x18C5, 93,
    0x6862, 2, 0x6925, 1, 0x6862, 1, 0x18C3, 3,
    0x1082, 1, 0x18C3, 1, 0x20E3, 2, 0x2924, 1,
    0x8986, 1, 0x2924, 1, 0x2147, 1, 0x2800, 3,
    0x4000, 2, 0x5000, 1, 0x2800, 2, 0x4000, 1,
    0x5000, 1, 0x4000, 2, 0x2800, 2, 0x4000, 2,
    0x2800, 1, 0x18C5, 98, 0xA145, 1, 0x6862, 1,
    0x3985, 2, 0x6862, 1, 0x20E3, 1, 0x2924, 1,
    0x3985, 1, 0x6925, 1, 0x8986, 1, 0x6925, 1,
    0x2924, 1, 0x18C5, 2, 0x2800, 10, 0x18C5, 106,
    0x6925, 1, 0x6862, 1, 0x8986, 1, 0x6862, 1,
    0x8986, 2, 0x6862, 1, 0x18C5, 123, 0x6CB4, 1,
    0x39A8, 1, 0x18C5, 5929, 0x18C5, 1954, 0x5000, 1,
    0xA269, 3, 0x18C5, 122, 0xA269, 5, 0xA145, 2,
    0x18C5, 120, 0xA269, 4, 0xA145, 3, 0xA801, 1,
    0x18C5, 117, 0x94D3, 1, 0xA269, 4, 0xA145, 1,
    0xA801, 6, 0x18C5, 112, 0x94D3, 2, 0xA269, 3,
    0xA145, 4, 0xA801, 7, 0x18C5, 107, 0xA269, 1,
    0x94D3, 2, 0xA269, 1, 0xA145, 1, 0xA269, 4,
    0xA145, 1, 0xA801, 6, 0x7800, 5, 0x9000, 1,
    0x18C5, 94, 0x4000, 1, 0xA269, 16, 0xA145, 3,
    0xA801, 7, 0x6800, 3, 0x5000, 2, 0x6000, 1,
    0x7800, 1, 0x18C5, 94, 0xA145, 1, 0xA269, 4,
    0xA145, 2, 0xA269, 2, 0xA145, 2, 0xA269, 1,
    0xA145, 4, 0xA801, 7, 0x9000, 3, 0x6000, 1,
    0x4000, 2, 0x6000, 3, 0x4000, 2, 0x18C5, 94,
    0xA145, 4, 0xA801, 2, 0xA145, 2, 0xA801, 11,
    0x9000, 3, 0x6800, 3, 0x4000, 2, 0x6000, 6,
    0x6862, 3, 0x18C5, 92, 0xA801, 14, 0x9000, 1,
    0xA801, 2, 0x7800, 3, 0x5000, 1, 0x4000, 3,
    0x2800, 2, 0x6000, 8, 0x6862, 3, 0x6925, 1,
    0x3A09, 2, 0x18C5, 88, 0xA801, 6, 0x9000, 1,
    0xA801, 2, 0x9000, 3, 0x6800, 1, 0x7800, 3,
    0x6000, 3, 0x4000, 1, 0x2800, 2, 0x6925, 1,
    0x6862, 2, 0x6800, 2, 0x6000, 8, 0x6862, 2,
    0x3A09, 7, 0x18C5, 84, 0xA801, 1, 0x9000, 1,
    0x7800, 3, 0x6800, 2, 0x7800, 1, 0x6800, 3,
    0x4000, 3, 0x5000, 1, 0x4000, 2, 0x6862, 1,
    0x6925, 4, 0x6862, 4, 0x6800, 4, 0x6000, 5,
    0x6862, 3, 0x3A09, 3, 0x52CC, 5, 0x18C5, 82,
    0x9000, 1, 0x7800, 1, 0x6800, 1, 0x5000, 1,
    0x4000, 2, 0x5000, 1, 0x4000, 3, 0x2800, 3,
    0x5ACA, 1, 0x6925, 1, 0x8986, 1, 0x6925, 2,
    0x6862, 2, 0x6800, 13, 0x6000, 5, 0x6925, 3,
    0x52CC, 8, 0x18C5, 79, 0x7800, 1, 0x6000, 1,
    0x4000, 1, 0x6000, 3, 0x6800, 2, 0x7800, 2,
    0x6000, 1, 0x6800, 1, 0x7800, 1, 0x6862, 6,
    0x6800, 13, 0x6000, 5, 0x5000, 1, 0x6CB4, 1,
    0x94D3, 1, 0x632E, 1, 0x94D3, 1, 0x6CB4, 1,
    0x8000, 3, 0x42CC, 2, 0x52CC, 1, 0x2104, 1,
    0xA269, 1, 0x8000, 6, 0x4000, 1, 0x5000, 1,
    0x18C5, 69, 0x6000, 1, 0x4000, 2, 0x6000, 4,
    0x6862, 3, 0x7800, 1, 0x6800, 1, 0x7800, 1,
    0x6800, 13, 0x6000, 1, 0x6800, 1, 0x6000, 2,
    0x8000, 1, 0x94D3, 2, 0x8000, 1, 0x632E, 1,
    0x6CB4, 4, 0x63B0, 3, 0x42CC, 1, 0x2147, 1,
    0xA269, 1, 0x7800, 2, 0x6000, 1, 0x4000, 3,
    0x5000, 1, 0x6000, 1, 0x5000, 1, 0xB50B, 1,
    0x18C3, 1, 0x6000, 2, 0x6800, 5, 0x18C5, 65,
    0x4000, 2, 0x6000, 1, 0x2800, 1, 0x4000, 3,
    0x6862, 6, 0x6800, 2, 0x6000, 1, 0x6800, 8,
    0x6000, 1, 0x8000, 1, 0x63B0, 1, 0x94D3, 1,
    0x8000, 2, 0x52CC, 1, 0x6CB4, 5, 0x63B0, 3,
    0x42CC, 1, 0x18C3, 1, 0xA269, 1, 0x7800, 2,
    0x4000, 1, 0x5000, 4, 0x5ACA, 2, 0xB50B, 1,
    0x52CC, 2, 0x2924, 1, 0xA488, 1, 0xB50B, 2,
    0x2924, 1, 0x9083, 1, 0x8000, 1, 0x7800, 5,
    0x18C5, 62, 0x4000, 1, 0x5000, 1, 0x2800, 1,
    0x4A27, 1, 0x20E3, 2, 0x4000, 3, 0x2104, 1,
    0x3A09, 1, 0x6925, 3, 0x52CC, 1, 0x6925, 1,
    0x6800, 2, 0x6000, 4, 0x2147, 1, 0x63B0, 1,
    0x94D3, 2, 0x6CB4, 1, 0x94D3, 2, 0x63B0, 5,
    0x6CB4, 2, 0x632E, 1, 0x2104, 1, 0xA269, 1,
    0x6800, 2, 0x20E3, 1, 0x2800, 1, 0x4000, 1,
    0x6000, 2, 0x2800, 1, 0x3A09, 1, 0x732B, 1,
    0x632E, 2, 0x2924, 1, 0x52CC, 2, 0xB50B, 2,
    0x632E, 1, 0x52CC, 2, 0x63B0, 1, 0x52CC, 1,
    0x3A09, 1, 0x5ACA, 1, 0x6862, 1, 0x6800, 1,
    0x6000, 3, 0x18C5, 60, 0x5000, 1, 0x2800, 1,
    0x20E3, 1, 0x4A27, 2, 0x20E3, 1, 0x2924, 1,
    0x20E3, 1, 0x2104, 2, 0x3A09, 1, 0x2104, 1,
    0x6862, 1, 0x5ACA, 1, 0x632E, 3, 0x52CC, 1,
    0x6862, 2, 0x5000, 5, 0x6000, 4, 0x5000, 4,
    0x6800, 6, 0x5000, 2, 0x6000, 4, 0x6800, 1,
    0x10A3, 2, 0x732B, 4, 0x6925, 2, 0x5ACA, 1,
    0x3A09, 1, 0x8BCA, 7, 0x42CC, 1, 0x5ACA, 1,
    0x6925, 3, 0x6862, 1, 0x6000, 1, 0x18C5, 57,
    0x5000, 1, 0x4000, 1, 0x18C3, 1, 0x3985, 1,
    0x4A27, 1, 0x3985, 2, 0x4A27, 1, 0x3985, 3,
    0x18E4, 1, 0x4000, 1, 0x4841, 1, 0x4104, 2,
    0x52CC, 2, 0x632E, 2, 0x52CC, 2, 0x6925, 2,
    0x5000, 1, 0x6000, 3, 0x52CC, 1, 0x10A3, 1,
    0x52CC, 5, 0x5000, 2, 0x4841, 1, 0x6925, 1,
    0x6000, 7, 0x6800, 4, 0x7800, 1, 0x10A3, 2,
    0x52CC, 1, 0x3A09, 1, 0x52CC, 2, 0x8BCA, 4,
    0x42CC, 1, 0x3A09, 1, 0x52CC, 1, 0x8BCA, 1,
    0x42CC, 2, 0x5ACA, 1, 0x6925, 4, 0x6000, 1,
    0x18C5, 55, 0x5000, 1, 0x4A27, 1, 0x18C3, 1,
    0x3985, 1, 0x39A8, 1, 0x4A27, 5, 0x2924, 1,
    0x20E3, 2, 0x4062, 1, 0x4000, 2, 0x4104, 1,
    0x3A09, 1, 0x52CC, 1, 0x632E, 3, 0x63B0, 1,
    0x632E, 1, 0x5ACA, 1, 0x6925, 1, 0x52CC, 1,
    0x3A09, 3, 0x10A3, 1, 0x2147, 1, 0x42CC, 1,
    0x18C3, 1, 0x2147, 1, 0x0862, 1, 0x5000, 1,
    0x0862, 2, 0x6925, 1, 0x52CC, 1, 0x6000, 3,
    0x6800, 5, 0x6862, 1, 0x4841, 1, 0x4104, 2,
    0x18C3, 1, 0x52CC, 4, 0x42CC, 1, 0x3A09, 1,
    0x52CC, 1, 0x8BCA, 5, 0x52CC, 1, 0x3A09, 2,
    0x5ACA, 1, 0x6925, 1, 0x5ACA, 1, 0x6925, 2,
    0x6000, 1, 0x18C5, 53, 0x10A3, 1, 0x4A27, 1,
    0x4062, 2, 0x5ACA, 1, 0x4A27, 5, 0x3985, 1,
    0x4A27, 1, 0x20E3, 2, 0x2924, 1, 0x2104, 1,
    0x18C3, 3, 0x39A8, 1, 0x52CC, 1, 0x632E, 2,
    0x63B0, 2, 0x632E, 1, 0x18E4, 1, 0x18C3, 1,
    0x42CC, 2, 0x52CC, 3, 0x42CC, 2, 0x2800, 1,
    0x5000, 1, 0x4000, 1, 0x52CC, 1, 0x10A3, 2,
    0x52CC, 1, 0x6925, 2, 0x6000, 2, 0x6800, 2,
    0x4841, 2, 0x4104, 5, 0x2147, 1, 0x52CC, 4,
    0x3A09, 1, 0x42CC, 2, 0x8BCA, 1, 0x3A09, 4,
    0x52CC, 1, 0x6925, 1, 0x632E, 2, 0x8986, 1,
    0x39A8, 1, 0x2147, 1, 0x0862, 1, 0x18C5, 52,
    0x7B47, 1, 0x4A27, 1, 0x4104, 2, 0x3985, 1,
    0x4A27, 6, 0x7B47, 1, 0x4A27, 3, 0x2104, 1,
    0x10A3, 2, 0x4841, 1, 0x18C3, 1, 0x39A8, 2,
    0x52CC, 1, 0x632E, 2, 0x63B0, 3, 0x18C3, 1,
    0x39A8, 2, 0x42CC, 3, 0x3A09, 1, 0x10A3, 1,
    0x4000, 1, 0x18E4, 1, 0x52CC, 1, 0x63B0, 2,
    0x18E4, 3, 0x6925, 2, 0x6800, 1, 0x5000, 3,
    0x4104, 5, 0x3A09, 1, 0x2147, 2, 0x52CC, 2,
    0x3A09, 3, 0x52CC, 6, 0x42CC, 1, 0x52CC, 1,
    0x3A09, 2, 0x39A8, 1, 0x3A09, 1, 0x39A8, 1,
    0x2147, 1, 0x18C5, 51, 0x5ACA, 1, 0x3985, 1,
    0x7B47, 1, 0x4A27, 1, 0x3985, 1, 0x4A27, 1,
    0x2924, 1, 0x4A27, 4, 0x7B47, 3, 0x4A27, 4,
    0x10A3, 2, 0x4A27, 1, 0x39A8, 1, 0x20E3, 1,
    0x39A8, 1, 0x52CC, 4, 0x632E, 1, 0x10A3, 1,
    0x39A8, 2, 0x42CC, 1, 0x3A09, 2, 0x4841, 1,
    0x5000, 1, 0x42CC, 1, 0x632E, 1, 0x63B0, 5,
    0x18E4, 2, 0x8986, 1, 0x6925, 2, 0x5000, 2,
    0x4104, 4, 0x3A09, 2, 0x6925, 1, 0x10A3, 1,
    0x52CC, 3, 0x6925, 1, 0x8986, 1, 0x39A8, 2,
    0x52CC, 2, 0x632E, 3, 0x52CC, 1, 0x39A8, 4,
    0x3A09, 1, 0x18C5, 51, 0x5ACA, 1, 0x4A27, 1,
    0x3985, 1, 0x4A27, 8, 0x7B47, 6, 0x18C3, 1,
    0x2104, 1, 0x10A3, 1, 0x5ACA, 2, 0x4A27, 1,
    0x39A8, 2, 0x3A09, 1, 0x42CC, 1, 0x52CC, 2,
    0x632E, 1, 0x1082, 2, 0x2147, 1, 0x39A8, 1,
    0x18C3, 1, 0x4841, 1, 0x2104, 1, 0x3A09, 1,
    0x52CC, 1, 0x63B0, 7, 0x2104, 2, 0x18C3, 1,
    0x8986, 1, 0x5000, 2, 0x6925, 3, 0x52CC, 1,
    0x6925, 1, 0x52CC, 2, 0x4104, 1, 0x3A09, 1,
    0x42CC, 3, 0x632E, 6, 0x52CC, 1, 0x39A8, 1,
    0x2147, 1, 0x6CB4, 1, 0x42CC, 1, 0x2147, 1,
    0x39A8, 2, 0x18C5, 50, 0x10A3, 1, 0x4104, 1,
    0x4A27, 2, 0x3985, 1, 0x4A27, 4, 0x7B47, 1,
    0x4A27, 3, 0x7B47, 5, 0x3985, 1, 0x7B47, 4,
    0x18C3, 1, 0x39A8, 2, 0x3A09, 1, 0x42CC, 2,
    0x52CC, 1, 0x632E, 2, 0x10A3, 3, 0x5000, 1,
    0x39A8, 1, 0x42CC, 1, 0x52CC, 1, 0x632E, 2,
    0x63B0, 1, 0x632E, 2, 0x63B0, 5, 0x18C3, 1,
    0x8986, 1, 0x6862, 1, 0x6925, 1, 0x52CC, 1,
    0x5000, 1, 0x2147, 1, 0x3A09, 1, 0x632E, 1,
    0x42CC, 2, 0x632E, 9, 0x52CC, 1, 0x2147, 1,
    0x6CB4, 6, 0x42CC, 1, 0x18C5, 49, 0x2800, 1,
    0x4000, 1, 0x4A27, 1, 0x4104, 1, 0x4A27, 2,
    0x3985, 1, 0x4A27, 1, 0x7B47, 1, 0x4A27, 1,
    0x7B47, 3, 0x4A27, 2, 0x7B47, 6, 0x8BCA, 2,
    0x7B47, 1, 0x4A27, 1, 0x18C3, 2, 0x39A8, 1,
    0x3A09, 2, 0x52CC, 1, 0x42CC, 1, 0x632E, 1,
    0x10A3, 1, 0x18C3, 1, 0x0862, 1, 0x5000, 1,
    0x18C3, 1, 0x42CC, 1, 0x52CC, 3, 0x632E, 1,
    0x52CC, 1, 0x632E, 3, 0x63B0, 3, 0x18C3, 1,
    0x6862, 3, 0x2147, 1, 0x42CC, 1, 0x632E, 13,
    0x52CC, 1, 0x6CB4, 10, 0x18C5, 48, 0x2800, 1,
    0x4000, 1, 0x10A3, 1, 0x4062, 2, 0x4A27, 1,
    0x3985, 2, 0x4A27, 2, 0x7B47, 13, 0x8BCA, 2,
    0x5ACA, 1, 0x18C3, 1, 0x39A8, 1, 0x4104, 1,
    0x3A09, 2, 0x52CC, 1, 0x42CC, 1, 0x6925, 1,
    0x52CC, 1, 0x5000, 2, 0x39A8, 1, 0x3A09, 1,
    0x52CC, 6, 0x632E, 2, 0x63B0, 3, 0x2104, 1,
    0x2924, 1, 0x6925, 1, 0x9083, 1, 0x63B0, 1,
    0x632E, 9, 0x63B0, 2, 0x3A09, 2, 0x42CC, 1,
    0x6CB4, 4, 0x3A09, 1, 0x2147, 1, 0x42CC, 1,
    0x6CB4, 4, 0x42CC, 1, 0x18C5, 48, 0x2800, 1,
    0x5000, 1, 0x4A27, 1, 0x4104, 1, 0x3985, 1,
    0x4A27, 4, 0x7B47, 5, 0xA488, 1, 0x7B47, 6,
    0x8BCA, 4, 0x4A27, 1, 0x18C3, 2, 0x4104, 1,
    0x3A09, 2, 0x52CC, 2, 0x6925, 3, 0x39A8, 1,
    0x3A09, 1, 0x42CC, 2, 0x52CC, 4, 0x632E, 5,
    0x42CC, 1, 0x3A09, 1, 0x6925, 1, 0x6800, 1,
    0x63B0, 7, 0x632E, 3, 0x42CC, 3, 0x94D3, 4,
    0x6CB4, 2, 0x2147, 1, 0x0862, 1, 0x2147, 1,
    0x6CB4, 5, 0x18C5, 48, 0x2800, 1, 0x4000, 1,
    0x20E3, 1, 0x4A27, 5, 0x7B47, 2, 0x0000, 7,
    0xA488, 8, 0x8BCA, 2, 0x4A27, 1, 0x6925, 2,
    0x3A09, 1, 0x52CC, 1, 0x42CC, 1, 0x3A09, 2,
    0x8986, 1, 0x0862, 2, 0x3A09, 3, 0x52CC, 2,
    0x632E, 5, 0x63B0, 1, 0x42CC, 1, 0x3A09, 1,
    0x2924, 1, 0x6862, 1, 0x63B0, 6, 0x42CC, 2,
    0x3A09, 1, 0x6CB4, 1, 0x42CC, 2, 0x2147, 1,
    0x42CC, 1, 0x94D3, 4, 0x2147, 1, 0x18E4, 1,
    0x0862, 1, 0x18E4, 1, 0x2147, 1, 0x6CB4, 5,
    0x18C5, 48, 0x2800, 1, 0x20E3, 1, 0x4A27, 5,
    0x0000, 10, 0xA488, 7, 0xB50B, 2, 0x8BCA, 1,
    0x52CC, 1, 0x6925, 1, 0x5ACA, 1, 0x6925, 2,
    0x52CC, 2, 0x3A09, 1, 0x6925, 1, 0x52CC, 1,
    0x0862, 2, 0x3A09, 3, 0x632E, 7, 0x42CC, 1,
    0x6925, 1, 0x6000, 1, 0x63B0, 4, 0x632E, 1,
    0x42CC, 2, 0x6CB4, 3, 0x2147, 4, 0x42CC, 1,
    0x94D3, 1, 0x6CB4, 3, 0x42CC, 1, 0x2147, 1,
    0x42CC, 2, 0x6CB4, 5, 0x42CC, 1, 0x18C5, 47,
    0x2800, 2, 0x4A27, 5, 0x0000, 5, 0x6862, 1,
    0x42CC, 1, 0x2147, 1, 0x10A3, 1, 0x1082, 1,
    0x0862, 1, 0xA488, 7, 0xB50B, 2, 0x632E, 1,
    0x2147, 1, 0x52CC, 1, 0x5ACA, 2, 0x52CC, 4,
    0x3A09, 1, 0x52CC, 1, 0x0862, 2, 0x3A09, 2,
    0x42CC, 3, 0x632E, 3, 0x42CC, 1, 0x3A09, 1,
    0x52CC, 1, 0x8986, 1, 0x63B0, 1, 0x42CC, 2,
    0x6CB4, 3, 0x94D3, 4, 0x2147, 1, 0x0862, 2,
    0x2147, 1, 0x42CC, 1, 0x6CB4, 1, 0x94D3, 1,
    0x6CB4, 2, 0x42CC, 1, 0x6CB4, 5, 0x3A09, 1,
    0x42CC, 1, 0x39A8, 1, 0x6800, 2, 0x52CC, 1,
    0x18C5, 46, 0x2800, 1, 0x4A27, 4, 0x7B47, 1,
    0x0000, 1, 0x18C3, 1, 0x4062, 2, 0x6925, 1,
    0x2924, 1, 0x6925, 1, 0x2924, 1, 0x4062, 1,
    0x18C3, 1, 0x0862, 1, 0x1082, 1, 0xA488, 5,
    0xB50B, 1, 0x8BCA, 1, 0xB50B, 2, 0x8BCA, 1,
    0x632E, 3, 0x5ACA, 1, 0x8986, 1, 0x5ACA, 1,
    0x52CC, 3, 0x3A09, 1, 0x52CC, 1, 0x0862, 1,
    0x2800, 1, 0x3A09, 3, 0x42CC, 2, 0x632E, 2,
    0x42CC, 1, 0x2104, 1, 0x9083, 1, 0x2147, 1,
    0x6CB4, 3, 0x94D3, 6, 0x6CB4, 1, 0x42CC, 4,
    0x6CB4, 1, 0x94D3, 2, 0x6CB4, 3, 0x63B0, 2,
    0x3A09, 1, 0x42CC, 2, 0x6800, 1, 0x8986, 1,
    0x2800, 2, 0x6000, 1, 0x2800, 1, 0x8986, 1,
    0x18C5, 45, 0x4104, 1, 0x4A27, 4, 0x0000, 1,
    0x2924, 1, 0x6925, 1, 0x6862, 2, 0x18C3, 1,
    0x18A2, 1, 0x20E3, 1, 0x2924, 1, 0x6925, 1,
    0x6862, 1, 0x0862, 2, 0xA488, 4, 0xB50B, 1,
    0x7B47, 1, 0x632E, 4, 0x52CC, 1, 0x8986, 1,
    0x632E, 2, 0x5ACA, 1, 0x52CC, 4, 0x3A09, 2,
    0x52CC, 1, 0x2800, 3, 0x3A09, 1, 0x42CC, 3,
    0x3A09, 1, 0x18E4, 1, 0x8986, 1, 0x6CB4, 1,
    0x94D3, 10, 0x42CC, 1, 0x6CB4, 5, 0x632E, 2,
    0x42CC, 3, 0x39A8, 1, 0x6000, 1, 0x6925, 1,
    0x8986, 1, 0x2800, 1, 0x18C3, 1, 0x6862, 1,
    0x632E, 1, 0x8986, 3, 0x7800, 1, 0x2800, 1,
    0x8986, 1, 0x6800, 1, 0x18C5, 41, 0x2800, 1,
    0x2924, 1, 0x4A27, 2, 0x0000, 1, 0x4062, 1,
    0x6862, 2, 0x20E3, 1, 0x0862, 1, 0x10A3, 3,
    0x18C3, 1, 0x2924, 2, 0x4062, 1, 0x1082, 2,
    0xA488, 3, 0x4A27, 1, 0xB50B, 5, 0x632E, 2,
    0x52CC, 1, 0x632E, 2, 0x63B0, 1, 0x52CC, 1,
    0x39A8, 1, 0x3A09, 5, 0x52CC, 1, 0x632E, 1,
    0x2800, 2, 0x42CC, 2, 0x2104, 2, 0x6000, 1,
    0x6CB4, 2, 0x94D3, 8, 0x6CB4, 5, 0x42CC, 3,
    0x39A8, 1, 0x6000, 3, 0x8986, 1, 0x1082, 2,
    0x2104, 1, 0x18E4, 1, 0x52CC, 5, 0x6925, 2,
    0x5ACA, 2, 0x6000, 1, 0x2800, 1, 0x6925, 1,
    0x8986, 1, 0x18C5, 39, 0x20E3, 1, 0x4A27, 2,
    0x0000, 1, 0x6925, 1, 0x6862, 1, 0x0862, 1,
    0x10A3, 1, 0x18C3, 5, 0x10A3, 1, 0x18A2, 1,
    0x4062, 2, 0x1082, 1, 0xB50B, 3, 0x7B47, 1,
    0x2104, 1, 0xB50B, 2, 0xDE0C, 4, 0x632E, 1,
    0x52CC, 1, 0x63B0, 2, 0x632E, 1, 0x52CC, 1,
    0x39A8, 1, 0x3A09, 4, 0x52CC, 1, 0x4104, 1,
    0x3A09, 1, 0x52CC, 1, 0x0862, 1, 0x2800, 2,
    0x4841, 1, 0x6800, 1, 0x6CB4, 3, 0x94D3, 4,
    0x63B0, 3, 0x42CC, 5, 0x6000, 2, 0x8986, 3,
    0x18C3, 2, 0x3A09, 1, 0x2104, 1, 0x632E, 4,
    0x52CC, 4, 0x6925, 1, 0x5ACA, 1, 0x6925, 3,
    0x5ACA, 1, 0x6800, 1, 0x0862, 2, 0x8986, 1,
    0x632E, 1, 0x18C5, 37, 0x4A27, 2, 0x2104, 1,
    0x2924, 2, 0x18C3, 3, 0x2924, 1, 0x0862, 1,
    0x4A27, 2, 0x18C3, 1, 0x0862, 1, 0x18C3, 1,
    0x4062, 1, 0x2924, 1, 0x18E4, 1, 0xB50B, 2,
    0xA488, 1, 0x20E3, 1, 0x632E, 3, 0xDE0C, 3,
    0x8BCA, 1, 0x632E, 1, 0x6CB4, 1, 0xDE0C, 1,
    0xB50B, 3, 0x63B0, 1, 0x3A09, 5, 0x52CC, 1,
    0x3A09, 1, 0x6925, 1, 0x52CC, 1, 0x5ACA, 1,
    0x4000, 1, 0x6000, 1, 0x6CB4, 5, 0x42CC, 4,
    0x18C5, 1, 0x6000, 1, 0x8986, 2, 0x2800, 2,
    0x18C3, 3, 0x3A09, 2, 0x632E, 10, 0x52CC, 3,
    0x5ACA, 3, 0x6862, 1, 0x3A09, 3, 0x18C3, 2,
    0x0000, 1, 0x8986, 1, 0x6000, 1, 0x63B0, 1,
    0x18C5, 35, 0x3985, 1, 0x2104, 1, 0x18C3, 1,
    0x10A3, 1, 0x18C3, 1, 0x2924, 1, 0x0862, 2,
    0x10A3, 1, 0x2800, 1, 0x2924, 1, 0x3985, 1,
    0x0862, 2, 0x2924, 2, 0x10A3, 1, 0xB50B, 4,
    0x0000, 1, 0x0862, 1, 0x10A3, 1, 0xDE0C, 3,
    0xB50B, 1, 0x632E, 1, 0xDE0C, 1, 0xB50B, 5,
    0x52CC, 1, 0x632E, 1, 0x3A09, 5, 0x52CC, 1,
    0x3A09, 1, 0x6925, 1, 0x3A09, 1, 0x6862, 1,
    0x6CB4, 1, 0x18E4, 1, 0x8986, 2, 0x2800, 2,
    0x8986, 1, 0x10A3, 2, 0x2924, 1, 0x42CC, 2,
    0x3A09, 1, 0x52CC, 3, 0x632E, 6, 0x8BCA, 12,
    0x63B0, 2, 0x8BCA, 6, 0x3A09, 2, 0x2800, 2,
    0x6925, 1, 0x63B0, 1, 0x18C5, 33, 0x18A2, 1,
    0x2147, 1, 0x18C3, 1, 0x10A3, 1, 0x4A27, 1,
    0x0862, 1, 0x10A3, 4, 0x2800, 1, 0x0862, 1,
    0x4A27, 1, 0x10A3, 2, 0x6925, 1, 0x2924, 1,
    0xB50B, 3, 0xA488, 1, 0xB50B, 2, 0x7B47, 1,
    0xDE0C, 1, 0xB50B, 1, 0xDE0C, 1, 0x8BCA, 1,
    0x63B0, 1, 0xDE0C, 1, 0xB50B, 5, 0x63B0, 1,
    0x52CC, 1, 0x632E, 2, 0x39A8, 1, 0x3A09, 1,
    0x39A8, 2, 0x3A09, 1, 0x42CC, 1, 0x3A09, 2,
    0x6925, 2, 0x6000, 1, 0x8986, 1, 0x2800, 1,
    0x10A3, 1, 0x7800, 1, 0x6925, 2, 0x5ACA, 1,
    0x52CC, 2, 0x632E, 1, 0x52CC, 1, 0x632E, 1,
    0x5ACA, 3, 0x52CC, 1, 0x632E, 1, 0x8BCA, 2,
    0x52CC, 5, 0x8BCA, 1, 0x632E, 1, 0x8BCA, 3,
    0x52CC, 1, 0x42CC, 2, 0x8BCA, 3, 0x5000, 1,
    0x8BCA, 3, 0x3A09, 1, 0x42CC, 1, 0x4104, 1,
    0x5000, 1, 0x2800, 1, 0x6925, 2, 0x3A09, 1,
    0x8BCA, 1, 0x18C5, 30, 0x2104, 1, 0x2147, 1,
    0x10A3, 1, 0x18C3, 1, 0x4A27, 1, 0x10A3, 1,
    0x0862, 4, 0x10A3, 1, 0x2800, 1, 0x2924, 1,
    0x4A27, 1, 0x0862, 1, 0x6862, 1, 0x20E3, 1,
    0x18E4, 1, 0xB50B, 2, 0x2147, 1, 0x8BCA, 3,
    0xDE0C, 1, 0xB50B, 1, 0xDE0C, 1, 0x8BCA, 1,
    0xDE0C, 1, 0xA488, 1, 0xB50B, 2, 0x632E, 1,
    0xB50B, 3, 0x632E, 5, 0x39A8, 1, 0x3A09, 2,
    0x39A8, 1, 0x3A09, 1, 0x52CC, 2, 0x6862, 1,
    0x6000, 4, 0x8986, 2, 0x1082, 1, 0x7800, 1,
    0x6800, 1, 0x52CC, 1, 0x5ACA, 3, 0x8986, 1,
    0x632E, 3, 0x8BCA, 2, 0x52CC, 3, 0x632E, 1,
    0x52CC, 4, 0x42CC, 1, 0x52CC, 2, 0x42CC, 2,
    0x5ACA, 1, 0x42CC, 1, 0xA488, 1, 0x8BCA, 2,
    0x5000, 1, 0x4841, 1, 0x4062, 1, 0x7B47, 3,
    0x39A8, 1, 0x5000, 1, 0x2800, 1, 0x6925, 1,
    0x4841, 1, 0x52CC, 2, 0x18C5, 29, 0x2147, 1,
    0x42CC, 1, 0x10A3, 1, 0x18C3, 1, 0x2924, 1,
    0x10A3, 1, 0x0862, 2, 0x10A3, 1, 0x0862, 4,
    0x4A27, 1, 0x18C3, 1, 0x20E3, 2, 0x18E4, 1,
    0xB50B, 1, 0xA488, 1, 0x7B47, 1, 0xA488, 5,
    0xB50B, 1, 0x7B47, 1, 0xDE0C, 1, 0xA488, 2,
    0x52CC, 1, 0x2924, 1, 0x42CC, 1, 0xB50B, 1,
    0xA488, 1, 0xB50B, 1, 0x632E, 2, 0x5ACA, 1,
    0x632E, 3, 0x3A09, 1, 0x39A8, 3, 0x3A09, 1,
    0x52CC, 2, 0x6000, 7, 0x8986, 1, 0x2800, 1,
    0x6862, 1, 0x632E, 1, 0x52CC, 4, 0x632E, 1,
    0x8BCA, 2, 0x42CC, 1, 0x52CC, 2, 0x42CC, 1,
    0x52CC, 1, 0x42CC, 1, 0x8BCA, 4, 0x3A09, 1,
    0x632E, 1, 0x8BCA, 4, 0xA488, 1, 0x7B47, 1,
    0x4062, 1, 0x2800, 1, 0x3985, 1, 0x7B47, 5,
    0x39A8, 1, 0x5000, 1, 0x2800, 1, 0x4841, 1,
    0x3A09, 1, 0x52CC, 1, 0x18C5, 28, 0x2147, 2,
    0x10A3, 1, 0x6925, 1, 0x2924, 1, 0x10A3, 1,
    0x0862, 3, 0x10A3, 1, 0x0862, 2, 0x10A3, 1,
    0x2924, 1, 0x18C3, 1, 0x10A3, 1, 0x2924, 1,
    0x18C3, 1, 0xA488, 2, 0x7B47, 2, 0xA488, 4,
    0xB50B, 1, 0xA488, 1, 0x63B0, 1, 0xA488, 2,
    0x2924, 2, 0x42CC, 1, 0xB50B, 1, 0xA488, 1,
    0x7B47, 1, 0x6925, 3, 0x5ACA, 1, 0x52CC, 1,
    0x632E, 1, 0x52CC, 1, 0x732B, 1, 0x3A09, 2,
    0x39A8, 2, 0x3A09, 1, 0x52CC, 4, 0x6000, 3,
    0x5000, 2, 0x8986, 1, 0x2800, 1, 0x6925, 1,
    0x52CC, 1, 0xB50B, 4, 0xA488, 1, 0x8BCA, 7,
    0x3A09, 1, 0x8BCA, 4, 0x5ACA, 1, 0x732B, 1,
    0x5ACA, 2, 0x7B47, 1, 0x4A27, 1, 0x7B47, 1,
    0x4000, 1, 0x3985, 1, 0x7B47, 1, 0x4000, 2,
    0x732B, 1, 0x7B47, 1, 0x732B, 1, 0x3A09, 1,
    0x4062, 1, 0x2800, 1, 0x6925, 2, 0x3A09, 1,
    0x18C5, 27, 0x2104, 1, 0x20E3, 1, 0x10A3, 1,
    0x18C3, 1, 0x4000, 2, 0x0862, 1, 0x4000, 1,
    0x0862, 2, 0x10A3, 3, 0x0862, 1, 0x4A27, 1,
    0x10A3, 1, 0x2924, 1, 0x10A3, 1, 0x7B47, 1,
    0x2924, 1, 0x9000, 1, 0x7B47, 1, 0x632E, 1,
    0x2147, 2, 0xB50B, 2, 0xA488, 1, 0x3985, 1,
    0xA488, 1, 0x7B47, 1, 0x42CC, 1, 0x2147, 1,
    0x632E, 1, 0xB50B, 2, 0x8BCA, 1, 0x2924, 2,
    0x6862, 1, 0x6925, 2, 0x52CC, 2, 0x732B, 2,
    0x632E, 1, 0x39A8, 5, 0x52CC, 4, 0x3A09, 1,
    0x5000, 4, 0x6000, 1, 0x8986, 1, 0x2800, 1,
    0x2924, 1, 0x52CC, 1, 0xB50B, 1, 0x8BCA, 2,
    0x6000, 1, 0x8BCA, 3, 0x6925, 1, 0x8BCA, 1,
    0x4A27, 1, 0x7B47, 1, 0x5ACA, 1, 0x4062, 1,
    0x18C3, 1, 0x5ACA, 1, 0x39A8, 1, 0x18C3, 1,
    0x4A27, 2, 0x4062, 2, 0x4A27, 1, 0x4104, 1,
    0x7B47, 2, 0x3A09, 1, 0x7B47, 2, 0x39A8, 1,
    0x7B47, 1, 0x3A09, 1, 0x5000, 1, 0x2800, 1,
    0x6925, 1, 0x6862, 1, 0x6925, 1, 0x3A09, 1,
    0x18C5, 25, 0x2104, 1, 0x2924, 1, 0x10A3, 1,
    0x4A27, 1, 0x0862, 1, 0x10A3, 1, 0x0862, 1,
    0x10A3, 1, 0x0862, 2, 0x4000, 1, 0x10A3, 2,
    0x0862, 1, 0x18C3, 1, 0x10A3, 1, 0x2924, 1,
    0x18C3, 1, 0x2104, 1, 0x2147, 1, 0x9000, 2,
    0x3985, 1, 0x20E3, 2, 0x2147, 1, 0x2104, 1,
    0xA488, 1, 0x7B47, 1, 0xA488, 1, 0x7B47, 1,
    0xA488, 4, 0xB50B, 1, 0x7B47, 1, 0x8BCA, 1,
    0x18C3, 1, 0x6862, 3, 0x6925, 2, 0x52CC, 1,
    0x8986, 1, 0x52CC, 1, 0x3A09, 1, 0x42CC, 1,
    0x39A8, 5, 0x632E, 1, 0x52CC, 2, 0x3A09, 3,
    0x5000, 4, 0x8986, 1, 0x2800, 1, 0x3A09, 1,
    0xB50B, 3, 0x5ACA, 1, 0x5000, 1, 0x6925, 1,
    0x3985, 3, 0x4062, 1, 0x5ACA, 1, 0x39A8, 2,
    0x7B47, 2, 0x39A8, 1, 0x7B47, 1, 0x5ACA, 2,
    0x7B47, 2, 0x4A27, 1, 0x7B47, 2, 0x4062, 1,
    0x7B47, 1, 0x10A3, 1, 0x5000, 3, 0x4104, 1,
    0x4841, 1, 0x2800, 2, 0x6925, 2, 0x2104, 1,
    0x18C5, 25, 0x2924, 1, 0x18C3, 2, 0x0862, 1,
    0x10A3, 2, 0x0862, 1, 0x10A3, 1, 0x0862, 1,
    0x10A3, 2, 0x0862, 1, 0x10A3, 1, 0x6862, 1,
    0x18C3, 1, 0x2924, 1, 0x20E3, 1, 0x2104, 1,
    0x18E4, 1, 0x6925, 1, 0x6862, 1, 0x39A8, 1,
    0xA488, 1, 0xDE0C, 1, 0x20E3, 2, 0xDE0C, 1,
    0x7B47, 1, 0x8BCA, 1, 0x4A27, 1, 0x7B47, 1,
    0xA488, 3, 0xB50B, 1, 0x7B47, 1, 0xA488, 1,
    0x7B47, 1, 0x18C3, 1, 0x6800, 1, 0x7800, 1,
    0x6862, 1, 0x52CC, 1, 0x632E, 1, 0x5ACA, 1,
    0x6862, 1, 0x3A09, 3, 0x42CC, 1, 0x2147, 1,
    0x39A8, 3, 0x3A09, 1, 0x52CC, 5, 0x42CC, 1,
    0x6862, 2, 0x4841, 2, 0x6925, 1, 0x2800, 1,
    0x18C3, 1, 0x52CC, 1, 0x8BCA, 1, 0x5ACA, 1,
    0x8BCA, 1, 0x7B47, 1, 0x5ACA, 1, 0x39A8, 1,
    0x7B47, 1, 0x5ACA, 3, 0x7B47, 5, 0x4A27, 2,
    0x7B47, 2, 0x4A27, 1, 0x3985, 1, 0x4000, 1,
    0x7B47, 2, 0x2147, 1, 0x5000, 3, 0x4841, 1,
    0x5000, 1, 0x4000, 1, 0x6862, 2, 0x6000, 2,
    0x18C5, 24, 0x2924, 1, 0x10A3, 1, 0x18C3, 1,
    0x2924, 1, 0x10A3, 1, 0x0862, 3, 0x10A3, 1,
    0x0862, 1, 0x10A3, 2, 0x0862, 1, 0x18C3, 4,
    0x10A3, 2, 0x3A09, 1, 0x6862, 1, 0x8986, 1,
    0x3985, 1, 0xA488, 1, 0xDE0C, 3, 0xA488, 1,
    0x5ACA, 1, 0x8000, 1, 0x2104, 3, 0xA488, 1,
    0x42CC, 1, 0x7B47, 1, 0xA488, 2, 0x4A27, 1,
    0x10A3, 1, 0x6800, 2, 0x632E, 4, 0x4841, 2,
    0x3A09, 4, 0x10A3, 1, 0x4104, 1, 0x18C3, 1,
    0x39A8, 1, 0x3A09, 1, 0x8BCA, 1, 0x52CC, 3,
    0x3A09, 3, 0x4841, 1, 0x4104, 1, 0x6925, 1,
    0x2800, 1, 0x5000, 1, 0x3A09, 1, 0x42CC, 1,
    0x8BCA, 2, 0x7B47, 1, 0x5000, 1, 0x3985, 2,
    0x2800, 1, 0x4000, 1, 0x4104, 1, 0x4000, 4,
    0x2800, 2, 0x4000, 3, 0x4062, 1, 0x4A27, 1,
    0x732B, 1, 0x7B47, 1, 0x1082, 1, 0x5000, 2,
    0x52CC, 1, 0x5ACA, 1, 0x6000, 1, 0x2800, 1,
    0x6862, 2, 0x6800, 2, 0x18C5, 24, 0x4062, 1,
    0x18A2, 1, 0x10A3, 1, 0x4A27, 1, 0x2800, 1,
    0x10A3, 2, 0x0862, 4, 0x2800, 1, 0x0862, 1,
    0x18C3, 2, 0x2924, 1, 0x20E3, 1, 0x10A3, 1,
    0x3985, 1, 0x2104, 1, 0x6862, 2, 0x6925, 1,
    0x3A09, 1, 0xA488, 4, 0x2147, 1, 0x6862, 1,
    0x2147, 1, 0x18A2, 2, 0x18C3, 1, 0x0000, 1,
    0xA488, 4, 0x4A27, 1, 0x6000, 1, 0x7800, 1,
    0x18C3, 1, 0x3A09, 1, 0x632E, 2, 0x52CC, 1,
    0x18E4, 1, 0x3A09, 4, 0x18E4, 1, 0x3A09, 1,
    0x18E4, 1, 0x18C3, 2, 0x42CC, 1, 0x7B47, 3,
    0x52CC, 1, 0x42CC, 2, 0x4104, 3, 0x4000, 1,
    0x6925, 1, 0x2800, 1, 0x4000, 1, 0x3A09, 1,
    0x39A8, 1, 0x8BCA, 2, 0x4000, 1, 0x4062, 1,
    0x4104, 1, 0x4000, 7, 0x4062, 2, 0x4000, 1,
    0x4062, 1, 0x3985, 1, 0x5ACA, 1, 0x732B, 1,
    0x18C3, 1, 0x10A3, 1, 0x6000, 1, 0x6925, 3,
    0x6000, 1, 0x2800, 1, 0x6862, 1, 0x6925, 1,
    0x8BCA, 1, 0x6800, 1, 0x18C5, 24, 0x6925, 1,
    0x2924, 1, 0x10A3, 1, 0x18C3, 1, 0x0862, 1,
    0x10A3, 2, 0x0862, 1, 0x10A3, 3, 0x0862, 1,
    0x2924, 1, 0x18C3, 2, 0x2924, 1, 0x18C3, 1,
    0x2147, 1, 0x3985, 1, 0x0862, 1, 0x2104, 1,
    0x4104, 3, 0x3985, 3, 0x7B47, 1, 0x2104, 1,
    0x6800, 1, 0x6925, 1, 0xA488, 2, 0x18A2, 1,
    0x7B47, 1, 0xA488, 5, 0x2800, 1, 0x6800, 1,
    0x5000, 1, 0x2924, 1, 0x3A09, 1, 0x632E, 1,
    0x52CC, 1, 0x18C3, 3, 0x18E4, 1, 0x3A09, 1,
    0x4841, 3, 0x18E4, 2, 0x4062, 1, 0x2924, 1,
    0x8BCA, 2, 0x52CC, 2, 0x42CC, 1, 0x3A09, 1,
    0x39A8, 2, 0x4104, 2, 0x6925, 1, 0x2800, 1,
    0x4000, 1, 0x3A09, 2, 0x4841, 1, 0x2147, 1,
    0x8BCA, 1, 0x39A8, 1, 0x4062, 2, 0x4A27, 1,
    0x3985, 3, 0x4000, 1, 0x2800, 1, 0x4062, 1,
    0x3A09, 1, 0x732B, 1, 0x8BCA, 1, 0x3A09, 1,
    0x18C3, 1, 0x10A3, 1, 0x6000, 2, 0x6925, 2,
    0x6800, 1, 0x6000, 1, 0x8986, 1, 0x6862, 1,
    0x6925, 1, 0x2104, 1, 0x8BCA, 1, 0x18C5, 24,
    0x4062, 1, 0x6862, 1, 0x0862, 1, 0x18C3, 2,
    0x0862, 1, 0x2800, 1, 0x10A3, 3, 0x0862, 1,
    0x2924, 1, 0x4A27, 1, 0x18C3, 1, 0x20E3, 1,
    0x2924, 1, 0x18C3, 1, 0x2147, 1, 0x18E4, 1,
    0x4104, 1, 0x2800, 1, 0x0862, 2, 0x2924, 3,
    0x6925, 1, 0x2924, 1, 0x18C3, 1, 0x6925, 1,
    0x6862, 1, 0x2924, 1, 0x7B47, 1, 0xA488, 7,
    0x4A27, 1, 0x6000, 1, 0x4000, 1, 0x42CC, 1,
    0x2924, 2, 0x39A8, 1, 0x2800, 1, 0x3985, 2,
    0x18C3, 2, 0x10A3, 1, 0x5000, 2, 0x4841, 1,
    0x18C5, 1, 0x6925, 1, 0x4841, 1, 0x2104, 1,
    0x63B0, 1, 0x52CC, 1, 0x3A09, 5, 0x39A8, 3,
    0x6925, 1, 0x2800, 1, 0x5000, 2, 0x3A09, 1,
    0x4104, 1, 0x4841, 1, 0x10A3, 1, 0x3A09, 1,
    0x8BCA, 1, 0x7B47, 2, 0x732B, 1, 0x7B47, 1,
    0x8BCA, 1, 0x732B, 1, 0x8BCA, 3, 0x10A3, 1,
    0x2800, 1, 0x5000, 1, 0x6000, 3, 0x6925, 1,
    0x6000, 2, 0x2800, 1, 0x8986, 1, 0x6800, 1,
    0x6862, 1, 0x2924, 1, 0x8BCA, 1, 0x18C5, 25,
    0x2924, 1, 0x6862, 1, 0x0862, 1, 0x18C3, 2,
    0x2924, 1, 0x0862, 1, 0x2800, 1, 0x0862, 1,
    0x2924, 1, 0x4A27, 1, 0x18C3, 1, 0x10A3, 1,
    0x2924, 1, 0x18C3, 1, 0x2147, 1, 0x18E4, 1,
    0x2104, 1, 0x4104, 2, 0x4062, 1, 0x0862, 2,
    0x10A3, 1, 0x0862, 2, 0x3A09, 1, 0x2924, 2,
    0x6862, 1, 0x6925, 1, 0x3985, 1, 0x7B47, 3,
    0xA488, 5, 0x20E3, 1, 0x4000, 1, 0x2104, 3,
    0x18C3, 2, 0x10A3, 2, 0x0862, 1, 0x18C5, 4,
    0x2924, 1, 0x6925, 1, 0x4062, 2, 0x5000, 1,
    0x2924, 1, 0x2104, 1, 0x8BCA, 1, 0x39A8, 1,
    0x3A09, 1, 0x6925, 2, 0x3A09, 2, 0x6862, 1,
    0x5000, 2, 0x6925, 1, 0x2800, 2, 0x4104, 1,
    0x3A09, 1, 0x4104, 1, 0x6925, 1, 0x6862, 1,
    0x6000, 1, 0x3A09, 1, 0x18C3, 1, 0x3A09, 1,
    0x18C3, 2, 0x3A09, 1, 0x5000, 1, 0x6000, 9,
    0x0862, 1, 0x8986, 1, 0x632E, 1, 0x6862, 1,
    0x2924, 1, 0x42CC, 1, 0x7B47, 1, 0x10A3, 1,
    0x18C5, 24, 0x2924, 1, 0x6925, 1, 0x6862, 1,
    0x0862, 1, 0x10A3, 1, 0x3985, 1, 0x4A27, 2,
    0x3985, 1, 0x4A27, 1, 0x10A3, 1, 0x0862, 1,
    0x18C3, 1, 0x4062, 1, 0x18C3, 1, 0x18E4, 4,
    0x4104, 4, 0x4062, 1, 0x0862, 4, 0x1082, 1,
    0x20E3, 1, 0x6862, 1, 0x4062, 2, 0x2924, 1,
    0x18C3, 1, 0xA488, 5, 0x4A27, 1, 0x2800, 1,
    0x18C3, 1, 0x18E4, 1, 0x18C3, 1, 0x18E4, 1,
    0x39A8, 1, 0x10A3, 1, 0x18E4, 1, 0x10A3, 1,
    0x18C5, 3, 0x4062, 1, 0x2924, 1, 0x6862, 1,
    0x18A2, 1, 0x10A3, 1, 0x0862, 1, 0x5000, 1,
    0x4841, 1, 0x6000, 1, 0x4841, 2, 0x6925, 3,
    0x6862, 2, 0x6000, 2, 0x8986, 1, 0x6862, 1,
    0x6925, 1, 0x2800, 1, 0x6000, 1, 0x6862, 1,
    0x6925, 3, 0x6800, 1, 0x6000, 4, 0x6862, 1,
    0x6800, 1, 0x6000, 7, 0x4000, 2, 0x8986, 1,
    0x6925, 1, 0x6862, 2, 0x2924, 1, 0x632E, 2,
    0xB50B, 1, 0x18C5, 25, 0x4062, 2, 0x18C3, 1,
    0x10A3, 2, 0x18C3, 4, 0x0862, 1, 0x2924, 2,
    0x6925, 1, 0x18E4, 1, 0x2147, 2, 0x2104, 1,
    0x18C3, 1, 0x63B0, 2, 0x4104, 3, 0x0862, 1,
    0x4062, 2, 0x0862, 1, 0x2924, 1, 0x0862, 2,
    0x20E3, 2, 0x6862, 1, 0x20E3, 1, 0x7B47, 3,
    0xA488, 3, 0x4A27, 1, 0x4000, 1, 0x18C3, 1,
    0x3A09, 1, 0x2800, 1, 0x39A8, 1, 0x3A09, 1,
    0x39A8, 1, 0x18C3, 1, 0x18C5, 3, 0x6925, 1,
    0x6862, 1, 0x18C3, 1, 0x10A3, 1, 0x18C3, 3,
    0x5000, 2, 0x6000, 2, 0x4062, 2, 0x2104, 1,
    0x5000, 1, 0x9000, 3, 0x8986, 1, 0x9083, 1,
    0x6862, 2, 0x6925, 1, 0x2800, 1, 0x6000, 1,
    0x6800, 1, 0x6925, 2, 0x6000, 1, 0x6862, 1,
    0x6800, 1, 0x6862, 4, 0x6800, 1, 0x5000, 3,
    0x0862, 3, 0x6925, 1, 0x6800, 1, 0x6000, 1,
    0x6862, 3, 0x632E, 1, 0x94D3, 1, 0xB50B, 1,
    0x18C5, 26, 0x6925, 2, 0x18C3, 3, 0x0862, 1,
    0x10A3, 1, 0x18A2, 1, 0x18C3, 1, 0x4062, 1,
    0x2924, 2, 0x18E4, 1, 0x2147, 1, 0x2104, 1,
    0x0862, 1, 0x2104, 1, 0x0000, 1, 0x52CC, 3,
    0x4104, 2, 0x0862, 1, 0x4062, 2, 0x2800, 3,
    0x1082, 1, 0x0862, 1, 0x20E3, 2, 0x4A27, 1,
    0x2924, 2, 0x7B47, 4, 0x2800, 1, 0x4000, 1,
    0x18C3, 2, 0x18E4, 3, 0x18C5, 4, 0x2924, 2,
    0x18C3, 2, 0x4A27, 1, 0x2924, 1, 0x4A27, 2,
    0x4000, 1, 0x5000, 3, 0xA801, 1, 0x9000, 5,
    0x9083, 1, 0xA269, 1, 0x8986, 1, 0x6925, 1,
    0x6862, 2, 0x8986, 1, 0x2800, 3, 0x6000, 2,
    0x6800, 1, 0x6000, 1, 0x5000, 3, 0x0862, 3,
    0x6925, 3, 0x6000, 4, 0x6800, 1, 0x9083, 1,
    0x39A8, 1, 0x6CB4, 1, 0x63B0, 1, 0x18E4, 1,
    0x18C5, 27, 0x4062, 1, 0x6862, 1, 0x2924, 1,
    0x4062, 1, 0x2924, 3, 0x4062, 2, 0x2924, 1,
    0x10A3, 1, 0x2147, 1, 0x2104, 2, 0x0862, 1,
    0x18C5, 2, 0x2147, 2, 0x63B0, 4, 0x0862, 1,
    0x4062, 1, 0x2800, 4, 0x2924, 2, 0x0862, 1,
    0x4A27, 1, 0x2800, 2, 0x4A27, 1, 0x7B47, 3,
    0x2924, 1, 0x2800, 2, 0x10A3, 2, 0x18E4, 2,
    0x18C5, 3, 0x2147, 1, 0x18C3, 3, 0x2924, 1,
    0x2800, 2, 0x10A3, 1, 0x2924, 1, 0x3985, 1,
    0x5000, 1, 0x6800, 1, 0x8000, 2, 0xA801, 2,
    0x9000, 3, 0xDE0C, 3, 0x3985, 1, 0x2924, 2,
    0x6862, 3, 0x5ACA, 1, 0x6862, 1, 0x8986, 2,
    0x10A3, 1, 0x0862, 1, 0x6925, 3, 0x6000, 7,
    0x8000, 3, 0x9000, 1, 0x94D3, 1, 0x63B0, 1,
    0x2147, 1, 0x7800, 1, 0x18C5, 29, 0x2104, 1,
    0x6925, 1, 0x4062, 1, 0x6925, 1, 0x4062, 3,
    0x2104, 1, 0x18E4, 1, 0x18C5, 5, 0x0000, 1,
    0x39A8, 1, 0x0000, 1, 0x18C3, 1, 0x63B0, 4,
    0x4062, 1, 0x2800, 5, 0x2924, 2, 0x4A27, 1,
    0x2924, 1, 0x4000, 1, 0x2800, 1, 0x4A27, 2,
    0x7B47, 1, 0x4A27, 1, 0x2800, 1, 0x4000, 1,
    0x10A3, 2, 0x18E4, 1, 0x10A3, 1, 0x18C5, 3,
    0x2147, 1, 0x18A2, 1, 0x18C3, 1, 0x2924, 1,
    0x0862, 1, 0x10A3, 4, 0x0862, 1, 0x4A27, 1,
    0x7800, 1, 0x6800, 2, 0xA801, 4, 0x9083, 1,
    0x8986, 1, 0xB50B, 5, 0x2924, 2, 0x6925, 1,
    0x6862, 4, 0x6000, 8, 0x8000, 8, 0x18E4, 1,
    0x18C3, 1, 0x7800, 1, 0x6800, 1, 0x18C5, 30,
    0x18C3, 1, 0x2147, 1, 0x2104, 1, 0x18C5, 9,
    0x18C3, 1, 0x6CB4, 1, 0x18E4, 1, 0x18C5, 2,
    0x18C3, 1, 0x2147, 3, 0x2104, 1, 0x2800, 7,
    0x2924, 2, 0x2800, 1, 0x4000, 1, 0x2800, 1,
    0x2924, 1, 0x4A27, 3, 0x2800, 2, 0x10A3, 2,
    0x18C5, 3, 0x18C3, 1, 0x2147, 1, 0x10A3, 1,
    0x4A27, 1, 0x0862, 1, 0x10A3, 1, 0x0862, 1,
    0x10A3, 1, 0x0862, 1, 0x10A3, 2, 0x2924, 1,
    0x7800, 2, 0x6800, 1, 0xA801, 5, 0xA269, 1,
    0x2147, 1, 0xB50B, 1, 0xDE0C, 1, 0xB50B, 2,
    0x63B0, 3, 0x2924, 1, 0x6862, 3, 0x7800, 1,
    0x6000, 2, 0x9000, 6, 0x8000, 5, 0x7800, 2,
    0x9000, 2, 0x7800, 1, 0x6800, 1, 0x18C5, 45,
    0x0000, 1, 0x18C5, 1, 0x10A3, 1, 0x18E4, 1,
    0x3A09, 1, 0x6CB4, 1, 0x18C5, 4, 0x2800, 5,
    0x2924, 2, 0x2800, 3, 0x2924, 1, 0x4A27, 2,
    0x2924, 1, 0x2800, 1, 0x0862, 1, 0x2800, 1,
    0x18C5, 3, 0x18C3, 1, 0x2147, 1, 0x10A3, 1,
    0x18C3, 1, 0x10A3, 2, 0x0862, 3, 0x10A3, 1,
    0x0862, 1, 0x2800, 1, 0x6800, 2, 0x7800, 1,
    0x8000, 1, 0xA801, 4, 0xA269, 1, 0x2104, 2,
    0x94D3, 1, 0xFECD, 2, 0x94D3, 1, 0x6CB4, 1,
    0x63B0, 1, 0x6CB4, 1, 0x94D3, 1, 0xA145, 2,
    0xA801, 1, 0x9000, 8, 0x8000, 4, 0xA801, 1,
    0x9000, 1, 0x7800, 1, 0x9000, 2, 0x8000, 1,
    0x6000, 1, 0x18C5, 45, 0x0862, 2, 0x6CB4, 1,
    0x18C5, 9, 0x2800, 3, 0x0862, 2, 0x2800, 4,
    0x2924, 3, 0x2800, 3, 0x18C5, 3, 0x18C3, 1,
    0x42CC, 1, 0x10A3, 1, 0x6925, 1, 0x4000, 1,
    0x0862, 1, 0x10A3, 3, 0x0862, 1, 0x10A3, 2,
    0x6800, 3, 0x8000, 4, 0xA801, 1, 0x94D3, 1,
    0x2104, 2, 0x3A09, 1, 0x94D3, 1, 0xFECD, 1,
    0x6CB4, 1, 0x94D3, 1, 0x6CB4, 3, 0x94D3, 1,
    0x9083, 1, 0x9000, 2, 0x8000, 1, 0x9000, 6,
    0xA801, 5, 0x9000, 1, 0x7800, 1, 0x8000, 1,
    0x9000, 1, 0x7800, 1, 0x6000, 1, 0x18C5, 59,
    0x2800, 3, 0x0862, 1, 0x2800, 5, 0x2924, 2,
    0x2800, 2, 0x18C5, 3, 0x10A3, 1, 0x2147, 1,
    0x10A3, 1, 0x18C3, 1, 0x10A3, 1, 0x0862, 1,
    0x10A3, 1, 0x0862, 3, 0x10A3, 2, 0x0862, 1,
    0x6800, 2, 0x7800, 1, 0x8000, 3, 0x7800, 3,
    0x94D3, 2, 0x2147, 1, 0x2104, 2, 0x94D3, 1,
    0x2104, 1, 0x2147, 1, 0x18E4, 1, 0x18C3, 1,
    0x2104, 1, 0x9083, 1, 0x8000, 2, 0x9000, 1,
    0xA801, 10, 0x4000, 2, 0x6000, 1, 0xA801, 1,
    0x6000, 1, 0x18C5, 62, 0x2800, 8, 0x2924, 1,
    0x2800, 2, 0x18C5, 4, 0x2147, 1, 0x18A2, 1,
    0x18C3, 1, 0x0862, 1, 0x10A3, 1, 0x0862, 4,
    0x10A3, 1, 0x0862, 1, 0x10A3, 1, 0x6800, 3,
    0x8000, 1, 0x7800, 8, 0x8000, 1, 0x9000, 5,
    0x8000, 1, 0x9000, 1, 0x8000, 1, 0x7800, 1,
    0xA801, 5, 0xA145, 4, 0x9000, 2, 0x8000, 1,
    0x4000, 1, 0x2800, 1, 0xA145, 1, 0xA801, 1,
    0x5000, 1, 0x18C5, 64, 0x2800, 4, 0x1082, 1,
    0x2800, 2, 0x2924, 1, 0x1082, 1, 0x2800, 1,
    0x18C5, 3, 0x2924, 1, 0x18C3, 2, 0x2924, 1,
    0x10A3, 1, 0x0862, 1, 0x10A3, 2, 0x0862, 1,
    0x10A3, 2, 0x0862, 1, 0x6800, 3, 0x7800, 9,
    0x8000, 1, 0x9000, 6, 0x8000, 1, 0x6000, 1,
    0x7800, 2, 0x8000, 1, 0xA801, 1, 0x9000, 2,
    0xA801, 1, 0xA145, 3, 0x9000, 1, 0x2800, 1,
    0x0000, 2, 0xA801, 2, 0x6800, 2, 0x18C5, 67,
    0x2800, 1, 0x1082, 2, 0x0862, 1, 0x1082, 1,
    0x0862, 1, 0x10A3, 1, 0x18C5, 3, 0x4062, 1,
    0x18A2, 1, 0x10A3, 1, 0x4A27, 1, 0x2800, 1,
    0x10A3, 2, 0x0862, 3, 0x10A3, 1, 0x0862, 1,
    0x6800, 3, 0x7800, 8, 0x8000, 2, 0x9000, 5,
    0xA801, 1, 0x6000, 2, 0x4000, 2, 0x8000, 2,
    0x2800, 1, 0x9000, 1, 0xA801, 1, 0xA145, 1,
    0x2800, 1, 0x0862, 1, 0x4000, 1, 0x0000, 2,
    0xA145, 1, 0xA801, 2, 0x6800, 1, 0x18C5, 70,
    0x1082, 3, 0x0862, 1, 0x18C3, 1, 0x18C5, 3,
    0x6925, 1, 0x6862, 1, 0x18C3, 2, 0x0862, 1,
    0x10A3, 2, 0x0862, 1, 0x10A3, 2, 0x0862, 1,
    0x2924, 1, 0x6000, 1, 0x6800, 3, 0x7800, 7,
    0x9000, 2, 0x7800, 2, 0x9000, 3, 0xA801, 1,
    0x6000, 1, 0x10A3, 1, 0x2800, 1, 0x0000, 1,
    0x4000, 1, 0x0000, 2, 0x4000, 1, 0x0862, 1,
    0x2800, 1, 0x10A3, 3, 0x63B0, 1, 0xA269, 1,
    0xA801, 2, 0x8000, 1, 0x5000, 1, 0x18C5, 72,
    0x18C3, 1, 0x2800, 1, 0x10A3, 1, 0x18C5, 4,
    0x6862, 1, 0x18C3, 1, 0x20E3, 1, 0x18C3, 1,
    0x0862, 1, 0x10A3, 1, 0x2800, 1, 0x10A3, 1,
    0x0862, 1, 0x2924, 1, 0x18C3, 1, 0x10A3, 1,
    0x6800, 1, 0x6000, 1, 0x6800, 1, 0x7800, 7,
    0x8000, 1, 0x9000, 1, 0x7800, 1, 0x8000, 2,
    0x9000, 1, 0xA801, 2, 0xA145, 2, 0xA801, 1,
    0x0000, 1, 0x3A09, 1, 0x0000, 2, 0x10A3, 2,
    0x94D3, 4, 0xA269, 1, 0xA145, 1, 0x9000, 1,
    0x8000, 2, 0x2800, 1, 0x18C5, 75, 0x10A3, 1,
    0x18C5, 3, 0x2924, 1, 0x6862, 1, 0x18A2, 1,
    0x18C3, 2, 0x0862, 2, 0x2924, 2, 0x18C3, 2,
    0x20E3, 1, 0x6000, 1, 0x6800, 2, 0x7800, 7,
    0x8000, 1, 0x9000, 1, 0x6000, 2, 0x8000, 1,
    0x9000, 1, 0xA801, 6, 0x3A09, 1, 0xA269, 1,
    0x63B0, 1, 0x94D3, 5, 0xB50B, 1, 0x9000, 1,
    0x8000, 2, 0x6000, 1, 0x2800, 1, 0x18C5, 80,
    0x18C3, 1, 0x6925, 1, 0x2924, 1, 0x10A3, 1,
    0x18C3, 2, 0x3985, 1, 0x18C3, 2, 0x10A3, 2,
    0x6862, 1, 0x5000, 2, 0x6000, 2, 0x6800, 2,
    0x7800, 4, 0x8000, 1, 0x9000, 1, 0x6000, 2,
    0x7800, 2, 0xA801, 4, 0x9000, 1, 0xA801, 1,
    0xA145, 1, 0xA269, 1, 0xB50B, 1, 0x94D3, 1,
    0xFECD, 1, 0x94D3, 1, 0xFECD, 1, 0x9000, 2,
    0x8000, 1, 0x6000, 2, 0x4000, 1, 0x18C5, 83,
    0x4062, 2, 0x18A2, 1, 0x10A3, 2, 0x18C3, 1,
    0x0862, 1, 0x18C3, 1, 0x2924, 3, 0x4000, 2,
    0x6000, 5, 0x6800, 1, 0x7800, 1, 0x8000, 2,
    0x6000, 2, 0x7800, 2, 0x8000, 4, 0x9000, 6,
    0xA801, 2, 0x4000, 1, 0x5000, 1, 0x6000, 1,
    0x4000, 2, 0x18C5, 86, 0x4062, 1, 0x6862, 1,
    0x20E3, 1, 0x18C3, 2, 0x18A2, 1, 0x4062, 2,
    0x2924, 1, 0x0862, 1, 0x2800, 2, 0x4000, 3,
    0x5000, 1, 0x6000, 2, 0x6800, 1, 0x6000, 4,
    0x7800, 2, 0x8000, 7, 0x6000, 1, 0x5000, 1,
    0x4000, 1, 0x2800, 3, 0x4000, 1, 0x18C5, 90,
    0x6925, 1, 0x2924, 1, 0x4062, 1, 0x6925, 2,
    0x6862, 1, 0x4062, 1, 0x10A3, 1, 0x2104, 1,
    0x2800, 7, 0x4000, 1, 0x5000, 1, 0x4000, 4,
    0x5000, 1, 0x6000, 6, 0x4000, 4, 0x2800, 1,
    0x18C5, 95, 0x2147, 2, 0x2104, 1, 0x18E4, 1,
    0x18C5, 7, 0x2800, 11, 0x4000, 4, 0x2800, 1,
    0x18C5, 5661, 0x18C5, 1972, 0xA269, 3, 0x18C5, 121,
    0xA269, 8, 0x18C5, 91, 0xA145, 1, 0x18C5, 26,
    0xA269, 7, 0xA145, 4, 0x18C5, 89, 0xA269, 9,
    0x18C5, 5, 0xA269, 1, 0x94D3, 2, 0xA269, 2,
    0xA145, 1, 0xA269, 1, 0x94D3, 1, 0xA269, 9,
    0xA145, 1, 0xA801, 7, 0x18C5, 89, 0xA145, 2,
    0xA269, 4, 0xA145, 2, 0xA269, 8, 0x94D3, 1,
    0xA269, 9, 0xA145, 2, 0xA801, 11, 0x18C5, 88,
    0x2800, 1, 0xA145, 2, 0xA801, 4, 0xA145, 6,
    0xA269, 2, 0xA145, 10, 0xA801, 11, 0x8000, 3,
    0xA801, 2, 0x18C5, 87, 0x2800, 1, 0xA801, 31,
    0x8000, 1, 0x7800, 6, 0x8000, 1, 0xA801, 1,
    0x18C5, 87, 0xA801, 7, 0x8000, 1, 0xA801, 15,
    0x9000, 2, 0xA801, 4, 0x7800, 3, 0x6000, 1,
    0x5000, 1, 0x4000, 2, 0x6000, 1, 0x5000, 2,
    0x4000, 1, 0x6000, 1, 0x18C5, 87, 0xA801, 2,
    0x9000, 1, 0x7800, 5, 0x8000, 1, 0xA801, 5,
    0x7800, 2, 0x8000, 9, 0x4000, 8, 0x6000, 6,
    0x4000, 2, 0x18C5, 87, 0x8000, 1, 0x6000, 1,
    0x5000, 3, 0x4000, 2, 0x5000, 1, 0x6000, 1,
    0x7800, 1, 0x4000, 6, 0x5000, 2, 0x6000, 3,
    0x4000, 3, 0x2800, 5, 0x6800, 1, 0x6000, 8,
    0x6862, 4, 0x18C5, 86, 0x6000, 1, 0x4000, 2,
    0x6000, 1, 0x6800, 2, 0x6000, 2, 0x6800, 2,
    0x2800, 5, 0x6925, 1, 0x5ACA, 1, 0x8986, 1,
    0x6925, 3, 0x6862, 2, 0x6925, 4, 0x6862, 3,
    0x6800, 2, 0x6000, 6, 0x6800, 2, 0x6925, 2,
    0x3A09, 2, 0x18C5, 84, 0x5000, 1, 0x4000, 1,
    0x6000, 2, 0x5000, 1, 0x6800, 1, 0x6862, 4,
    0x6000, 1, 0x6800, 1, 0x6000, 1, 0x6800, 1,
    0x6862, 7, 0x6800, 5, 0x6862, 3, 0x6800, 2,
    0x6000, 7, 0x6800, 1, 0x6862, 1, 0x6925, 2,
    0x5ACA, 4, 0x18C5, 82, 0x4000, 1, 0x6000, 1,
    0x20E3, 1, 0x2924, 1, 0x5000, 2, 0x6862, 5,
    0x6800, 2, 0x6000, 1, 0x6800, 2, 0x6000, 1,
    0x6800, 14, 0x6000, 2, 0x6800, 2, 0x6000, 4,
    0x6862, 2, 0x3A09, 2, 0x5ACA, 2, 0x52CC, 3,
    0x18C5, 80, 0x6000, 1, 0x2924, 1, 0x7B47, 1,
    0x2924, 2, 0x5000, 1, 0x2104, 1, 0x2924, 1,
    0x6925, 5, 0x6862, 1, 0x6800, 1, 0x6000, 1,
    0x6800, 1, 0x6000, 2, 0x6800, 6, 0x6000, 3,
    0x6800, 3, 0x6000, 1, 0x6800, 2, 0x6000, 7,
    0x6925, 2, 0x52CC, 7, 0x2924, 1, 0x18C5, 76,
    0x6000, 1, 0x20E3, 1, 0x4A27, 3, 0x2924, 1,
    0x4A27, 1, 0x2924, 1, 0x3A09, 1, 0x2924, 1,
    0x6925, 2, 0x52CC, 3, 0x6925, 1, 0x6800, 1,
    0x6000, 2, 0x6800, 3, 0x6000, 5, 0x39A8, 1,
    0x94D3, 3, 0x8000, 1, 0x7800, 2, 0x6CB4, 2,
    0x63B0, 1, 0x42CC, 2, 0x7800, 1, 0x42CC, 1,
    0x63B0, 1, 0x6CB4, 1, 0x63B0, 1, 0x7800, 1,
    0x42CC, 1, 0x63B0, 4, 0x18E4, 1, 0x52CC, 1,
    0x2924, 1, 0x18C5, 75, 0x7B47, 6, 0x4A27, 1,
    0x2104, 1, 0x4000, 1, 0x6862, 1, 0x6925, 1,
    0x5ACA, 2, 0x52CC, 3, 0x5ACA, 1, 0x6862, 1,
    0x6000, 2, 0x4841, 1, 0x8000, 1, 0x6800, 1,
    0x6862, 1, 0x2104, 1, 0x39A8, 1, 0x2147, 1,
    0x63B0, 1, 0x6CB4, 4, 0x63B0, 1, 0x632E, 1,
    0x2147, 1, 0xA269, 1, 0x7800, 4, 0x4000, 1,
    0x5000, 2, 0x4000, 3, 0x5000, 1, 0x4000, 9,
    0x18C5, 72, 0x4104, 2, 0x8BCA, 1, 0x7B47, 3,
    0x3985, 1, 0x20E3, 2, 0x4841, 1, 0x5000, 1,
    0x6925, 1, 0x5ACA, 2, 0x52CC, 4, 0x6925, 2,
    0x7800, 4, 0x632E, 1, 0x6800, 2, 0x7800, 1,
    0x2147, 1, 0xA269, 2, 0x7800, 3, 0x20E3, 1,
    0x2800, 2, 0x6000, 3, 0x3A09, 1, 0x2924, 1,
    0x4A27, 2, 0x732B, 1, 0xA488, 1, 0x52CC, 2,
    0x2924, 1, 0xB50B, 1, 0xA488, 1, 0x18C3, 1,
    0x6800, 4, 0x6000, 2, 0x18C5, 69, 0x10A3, 1,
    0x4841, 1, 0x4062, 1, 0x7B47, 4, 0x4A27, 2,
    0x2924, 1, 0x3985, 1, 0x18C3, 2, 0x5ACA, 2,
    0x52CC, 2, 0x632E, 4, 0x5ACA, 1, 0x8986, 1,
    0x18C3, 1, 0x63B0, 1, 0x18E4, 1, 0x2924, 1,
    0x632E, 1, 0x6800, 2, 0x632E, 1, 0x6000, 7,
    0x6800, 2, 0x10A3, 1, 0x732B, 3, 0x6925, 1,
    0x2924, 2, 0x52CC, 1, 0xB50B, 1, 0xA488, 4,
    0xB50B, 1, 0x3A09, 1, 0x6862, 1, 0x7800, 5,
    0x18C5, 67, 0x732B, 1, 0x7B47, 1, 0x4062, 1,
    0x7B47, 3, 0x4A27, 4, 0x2924, 2, 0x18C3, 1,
    0x2104, 1, 0x6862, 1, 0x2104, 1, 0x2924, 1,
    0x52CC, 1, 0x632E, 4, 0x2147, 1, 0x63B0, 1,
    0x52CC, 1, 0x63B0, 2, 0x3A09, 1, 0x0862, 1,
    0x6000, 1, 0x0862, 1, 0x6925, 1, 0x6000, 3,
    0x6800, 4, 0x7800, 2, 0x10A3, 2, 0x732B, 1,
    0x632E, 2, 0x6925, 1, 0x5ACA, 1, 0x3A09, 5,
    0x52CC, 1, 0x8BCA, 1, 0x3A09, 3, 0x6862, 1,
    0x7800, 4, 0x18C5, 65, 0x7B47, 1, 0x4A27, 1,
    0x7B47, 1, 0x3985, 1, 0x7B47, 2, 0x4A27, 1,
    0x7B47, 3, 0x4A27, 1, 0x7B47, 1, 0x18C3, 2,
    0x4A27, 1, 0x732B, 1, 0x3A09, 2, 0x632E, 2,
    0x63B0, 3, 0x52CC, 1, 0x63B0, 2, 0x632E, 2,
    0x4000, 1, 0x5000, 1, 0x1082, 1, 0x10A3, 1,
    0x5ACA, 1, 0x6925, 1, 0x6800, 6, 0x6862, 3,
    0x6925, 1, 0x2104, 2, 0x3A09, 1, 0x42CC, 1,
    0x8BCA, 7, 0x7B47, 2, 0x3A09, 2, 0x6925, 1,
    0x6862, 1, 0x6000, 3, 0x18C5, 64, 0x732B, 1,
    0x7B47, 1, 0x3985, 2, 0x7B47, 1, 0x4A27, 2,
    0x7B47, 4, 0x4A27, 1, 0x18C3, 1, 0x2924, 1,
    0x7B47, 1, 0x732B, 1, 0x20E3, 1, 0x39A8, 1,
    0x52CC, 1, 0x42CC, 2, 0x52CC, 1, 0x18C3, 2,
    0x3A09, 1, 0x52CC, 1, 0x632E, 1, 0x42CC, 1,
    0x6000, 1, 0x18E4, 1, 0x52CC, 1, 0x632E, 1,
    0x18E4, 1, 0x6925, 1, 0x5ACA, 1, 0x6000, 1,
    0x6800, 1, 0x6000, 1, 0x6862, 2, 0x6925, 4,
    0x18C3, 1, 0x52CC, 4, 0x42CC, 1, 0x52CC, 2,
    0x8BCA, 1, 0x3A09, 1, 0x39A8, 1, 0x52CC, 1,
    0x7B47, 2, 0x3A09, 2, 0x6925, 3, 0x6862, 1,
    0x6000, 1, 0x18C5, 63, 0x3A09, 1, 0x4104, 1,
    0x7B47, 1, 0x4A27, 5, 0x7B47, 4, 0x3985, 1,
    0x732B, 1, 0x7B47, 1, 0x4A27, 1, 0x39A8, 1,
    0x3A09, 3, 0x52CC, 3, 0x10A3, 1, 0x2800, 1,
    0x3A09, 1, 0x42CC, 1, 0x18C3, 1, 0x6000, 1,
    0x3A09, 1, 0x632E, 3, 0x18E4, 2, 0x6925, 2,
    0x6000, 2, 0x6862, 1, 0x6925, 5, 0x2147, 1,
    0x52CC, 3, 0x3A09, 2, 0x42CC, 2, 0x8BCA, 3,
    0x7B47, 1, 0x8BCA, 2, 0x3A09, 3, 0x6925, 3,
    0x6000, 1, 0x18C5, 62, 0x4000, 1, 0x4062, 1,
    0x4A27, 3, 0x3985, 1, 0x4A27, 2, 0x7B47, 4,
    0x4A27, 2, 0x7B47, 2, 0x5ACA, 1, 0x39A8, 2,
    0x3A09, 1, 0x42CC, 1, 0x52CC, 3, 0x10A3, 2,
    0x2104, 1, 0x5000, 1, 0x2924, 1, 0x42CC, 1,
    0x632E, 5, 0x10A3, 1, 0x4104, 1, 0x6925, 1,
    0x6000, 2, 0x6925, 5, 0x3A09, 1, 0x2147, 1,
    0x52CC, 3, 0x3A09, 12, 0x6925, 1, 0x52CC, 2,
    0x6925, 2, 0x18C5, 61, 0x4000, 1, 0x4104, 1,
    0x3985, 1, 0x4A27, 5, 0x7B47, 3, 0x4A27, 2,
    0x7B47, 3, 0x4A27, 1, 0x20E3, 1, 0x3A09, 3,
    0x42CC, 1, 0x52CC, 2, 0x10A3, 1, 0x18C3, 1,
    0x10A3, 1, 0x5000, 1, 0x39A8, 1, 0x42CC, 1,
    0x52CC, 1, 0x632E, 1, 0x52CC, 1, 0x632E, 2,
    0x52CC, 1, 0x10A3, 2, 0x4A27, 1, 0x6000, 2,
    0x6925, 2, 0x3A09, 2, 0x6925, 2, 0x10A3, 1,
    0x42CC, 1, 0x52CC, 12, 0x6925, 1, 0x3A09, 1,
    0x39A8, 4, 0x2147, 1, 0x18C5, 60, 0x2800, 1,
    0x3985, 2, 0x4A27, 1, 0x3985, 1, 0x4A27, 4,
    0x7B47, 1, 0x4A27, 4, 0x7B47, 2, 0x4A27, 2,
    0x4104, 2, 0x3A09, 2, 0x42CC, 1, 0x3A09, 1,
    0x52CC, 1, 0x18E4, 1, 0x6000, 1, 0x4062, 1,
    0x3A09, 1, 0x42CC, 2, 0x52CC, 1, 0x42CC, 1,
    0x52CC, 3, 0x42CC, 2, 0x6925, 1, 0x6862, 1,
    0x6925, 1, 0x52CC, 6, 0x6925, 1, 0x3A09, 4,
    0x42CC, 2, 0x52CC, 3, 0x632E, 5, 0x52CC, 1,
    0x3A09, 2, 0x42CC, 2, 0x3A09, 1, 0x42CC, 1,
    0x18C5, 60, 0x4A27, 1, 0x3985, 2, 0x0000, 6,
    0x7B47, 7, 0x4A27, 1, 0x20E3, 1, 0x39A8, 1,
    0x3A09, 2, 0x52CC, 1, 0x3A09, 1, 0x6925, 2,
    0x6000, 1, 0x39A8, 1, 0x3A09, 1, 0x42CC, 8,
    0x10A3, 1, 0x4062, 1, 0x6862, 1, 0x18C5, 2,
    0x10A3, 1, 0x632E, 2, 0x52CC, 1, 0x42CC, 2,
    0x632E, 14, 0x52CC, 1, 0x42CC, 1, 0x3A09, 1,
    0x39A8, 3, 0x42CC, 1, 0x18C5, 60, 0x3985, 3,
    0x0000, 7, 0x7B47, 7, 0x4A27, 1, 0x4104, 2,
    0x39A8, 1, 0x3A09, 3, 0x8986, 1, 0x6925, 1,
    0x39A8, 1, 0x3A09, 2, 0x42CC, 3, 0x3A09, 1,
    0x42CC, 3, 0x10A3, 1, 0x18C3, 1, 0x6862, 1,
    0x42CC, 1, 0x632E, 19, 0x39A8, 1, 0x42CC, 2,
    0x6CB4, 3, 0x42CC, 1, 0x2147, 1, 0x42CC, 2,
    0x18C5, 59, 0x2800, 1, 0x3985, 2, 0x0000, 3,
    0x18A2, 1, 0x18C3, 1, 0x42CC, 1, 0x1082, 1,
    0x7B47, 6, 0x8BCA, 1, 0x732B, 1, 0x39A8, 1,
    0x4104, 1, 0x39A8, 1, 0x6925, 1, 0x3A09, 3,
    0x8986, 1, 0x0862, 2, 0x3A09, 1, 0x42CC, 3,
    0x3A09, 2, 0x42CC, 2, 0x2147, 1, 0x39A8, 1,
    0x6862, 1, 0x63B0, 5, 0x632E, 4, 0x63B0, 2,
    0x632E, 3, 0x63B0, 2, 0x632E, 2, 0x42CC, 2,
    0x6CB4, 9, 0x42CC, 2, 0x18C5, 59, 0x3985, 2,
    0x20E3, 1, 0x4062, 2, 0x20E3, 1, 0x4062, 2,
    0x18C3, 1, 0x1082, 1, 0x7B47, 6, 0x8BCA, 1,
    0x42CC, 1, 0x39A8, 1, 0x3A09, 6, 0x52CC, 1,
    0x0862, 2, 0x3A09, 2, 0x42CC, 1, 0x3A09, 5,
    0x39A8, 1, 0x4841, 1, 0x63B0, 7, 0x632E, 1,
    0x63B0, 3, 0x632E, 1, 0x42CC, 5, 0x6CB4, 3,
    0x94D3, 1, 0x6CB4, 10, 0x18C5, 59, 0x3985, 2,
    0x20E3, 1, 0x4062, 1, 0x10A3, 3, 0x4062, 2,
    0x0862, 1, 0x7B47, 5, 0x732B, 1, 0x42CC, 1,
    0x732B, 1, 0x42CC, 1, 0x52CC, 1, 0x3A09, 1,
    0x6925, 1, 0x3A09, 4, 0x52CC, 1, 0x0862, 1,
    0x39A8, 3, 0x42CC, 1, 0x3A09, 3, 0x39A8, 1,
    0x4104, 1, 0x632E, 1, 0x63B0, 6, 0x632E, 1,
    0x42CC, 7, 0x6CB4, 1, 0x94D3, 2, 0x6CB4, 2,
    0x94D3, 1, 0x6CB4, 1, 0x2147, 1, 0x42CC, 1,
    0x2147, 1, 0x42CC, 1, 0x6CB4, 6, 0x42CC, 1,
    0x18C5, 58, 0x20E3, 1, 0x4062, 2, 0x0862, 4,
    0x10A3, 1, 0x18A2, 1, 0x4062, 1, 0x1082, 1,
    0x7B47, 4, 0x8BCA, 1, 0x42CC, 3, 0x39A8, 1,
    0x6925, 1, 0x52CC, 1, 0x3A09, 2, 0x42CC, 1,
    0x3A09, 1, 0x39A8, 1, 0x3A09, 1, 0x0862, 1,
    0x2147, 2, 0x3A09, 4, 0x2147, 1, 0x39A8, 1,
    0x632E, 2, 0x2147, 1, 0x42CC, 5, 0x6CB4, 4,
    0x2147, 1, 0x42CC, 1, 0x2147, 1, 0x42CC, 1,
    0x6CB4, 1, 0x94D3, 3, 0x6CB4, 2, 0x2147, 2,
    0x18C5, 1, 0x2147, 1, 0x42CC, 1, 0x6CB4, 6,
    0x18C5, 59, 0x4062, 1, 0x18A2, 1, 0x10A3, 5,
    0x0862, 1, 0x4062, 2, 0x1082, 1, 0x7B47, 2,
    0x3985, 1, 0x8BCA, 3, 0x42CC, 2, 0x3A09, 1,
    0x52CC, 2, 0x3A09, 3, 0x52CC, 3, 0x2800, 2,
    0x2147, 1, 0x3A09, 3, 0x2147, 1, 0x39A8, 1,
    0x2147, 2, 0x42CC, 1, 0x6CB4, 2, 0x94D3, 6,
    0x2147, 1, 0x42CC, 1, 0x2104, 1, 0x0000, 1,
    0x2147, 1, 0x42CC, 1, 0x6CB4, 1, 0x94D3, 1,
    0x6CB4, 3, 0x42CC, 1, 0x0862, 1, 0x10A3, 1,
    0x2147, 1, 0x42CC, 1, 0x6CB4, 7, 0x18C5, 58,
    0x20E3, 1, 0x0862, 1, 0x10A3, 1, 0x3985, 1,
    0x18A2, 1, 0x3985, 2, 0x10A3, 2, 0x4062, 1,
    0x0862, 1, 0xA488, 2, 0x7B47, 1, 0x3A09, 1,
    0xA488, 2, 0x8BCA, 3, 0x5ACA, 2, 0x632E, 1,
    0x3A09, 1, 0x52CC, 1, 0x42CC, 1, 0x52CC, 3,
    0x2800, 2, 0x39A8, 3, 0x10A3, 1, 0x6925, 1,
    0x6CB4, 1, 0x94D3, 10, 0x6CB4, 1, 0x42CC, 1,
    0x10A3, 2, 0x42CC, 2, 0x6CB4, 1, 0x94D3, 1,
    0x6CB4, 3, 0x42CC, 1, 0x6CB4, 1, 0x42CC, 1,
    0x6CB4, 1, 0x42CC, 1, 0x6CB4, 7, 0x18C5, 57,
    0x10A3, 3, 0x3985, 1, 0x2800, 2, 0x0862, 1,
    0x18A2, 1, 0x10A3, 1, 0x0862, 1, 0x4062, 1,
    0x0862, 1, 0xA488, 2, 0x18A2, 1, 0x0000, 1,
    0x42CC, 1, 0x52CC, 1, 0xA488, 2, 0x42CC, 1,
    0x3A09, 1, 0x632E, 1, 0x3A09, 1, 0x52CC, 1,
    0x3A09, 1, 0x42CC, 2, 0x52CC, 2, 0x6925, 1,
    0x632E, 1, 0x2800, 1, 0x0862, 1, 0x10A3, 2,
    0x5000, 1, 0x6CB4, 2, 0x94D3, 10, 0x42CC, 1,
    0x6CB4, 1, 0x42CC, 3, 0x94D3, 3, 0x6CB4, 14,
    0x42CC, 1, 0x52CC, 1, 0x18C5, 55, 0x18E4, 1,
    0x1082, 1, 0x10A3, 1, 0x18A2, 1, 0x0862, 4,
    0x20E3, 1, 0x0862, 1, 0x4062, 1, 0x20E3, 1,
    0xA488, 4, 0x0862, 1, 0x10A3, 1, 0xA488, 1,
    0x8BCA, 1, 0x7B47, 1, 0x42CC, 1, 0x8BCA, 1,
    0x732B, 2, 0x7B47, 1, 0x3A09, 1, 0x52CC, 1,
    0x42CC, 2, 0x52CC, 3, 0x3A09, 1, 0x0000, 1,
    0x2800, 1, 0x6CB4, 3, 0x94D3, 11, 0x6CB4, 3,
    0x94D3, 3, 0x6CB4, 1, 0x63B0, 1, 0x42CC, 3,
    0x63B0, 2, 0x42CC, 1, 0x39A8, 1, 0x42CC, 5,
    0x6800, 3, 0x52CC, 1, 0x18C5, 53, 0x10A3, 1,
    0x39A8, 1, 0x0862, 1, 0x3985, 1, 0x0862, 6,
    0x10A3, 2, 0x4062, 1, 0x7B47, 1, 0xA488, 1,
    0x7B47, 1, 0xA488, 2, 0x7B47, 1, 0xA488, 2,
    0x8BCA, 2, 0x7B47, 1, 0x732B, 3, 0x3A09, 2,
    0x52CC, 1, 0x42CC, 2, 0x52CC, 2, 0x6925, 1,
    0x3A09, 1, 0x5000, 1, 0x6CB4, 4, 0x94D3, 2,
    0x6CB4, 1, 0x63B0, 1, 0x632E, 1, 0x63B0, 4,
    0x42CC, 14, 0x18C5, 1, 0x6800, 3, 0x8986, 2,
    0x2800, 1, 0x4000, 1, 0x6000, 1, 0x2800, 1,
    0x8986, 2, 0x18C5, 52, 0x10A3, 1, 0x18E4, 1,
    0x0862, 1, 0x18A2, 1, 0x0862, 6, 0x3985, 1,
    0x0862, 1, 0x4062, 1, 0x18E4, 1, 0xA488, 1,
    0x2104, 1, 0x7B47, 3, 0xA488, 2, 0x7B47, 1,
    0x8BCA, 1, 0x7B47, 2, 0x732B, 2, 0x52CC, 1,
    0x3A09, 2, 0x42CC, 1, 0x3A09, 1, 0x42CC, 1,
    0x52CC, 2, 0x6925, 1, 0x6862, 1, 0x6CB4, 1,
    0x39A8, 1, 0x42CC, 11, 0x6000, 8, 0x8986, 5,
    0x1082, 2, 0x2104, 1, 0x18E4, 2, 0x2924, 1,
    0x52CC, 2, 0x8986, 1, 0x6925, 2, 0x7800, 1,
    0x1082, 1, 0x8986, 2, 0x18C5, 50, 0x1082, 1,
    0x39A8, 1, 0x18A2, 1, 0x3985, 1, 0x2800, 1,
    0x0862, 4, 0x2800, 1, 0x20E3, 1, 0x0862, 1,
    0x18A2, 1, 0x18E4, 1, 0x7B47, 1, 0x2924, 1,
    0x7B47, 4, 0xA488, 1, 0x7B47, 1, 0x732B, 2,
    0x3A09, 2, 0x732B, 2, 0x3A09, 3, 0x52CC, 1,
    0x42CC, 1, 0x3A09, 1, 0x52CC, 2, 0x3A09, 1,
    0x6925, 1, 0x6000, 1, 0x8986, 1, 0x2800, 2,
    0x6800, 1, 0x18C3, 1, 0x4000, 1, 0x6862, 1,
    0x2924, 2, 0x18C3, 1, 0x10A3, 2, 0x2924, 1,
    0x2104, 1, 0x18C3, 3, 0x3A09, 6, 0x632E, 7,
    0x52CC, 3, 0x6925, 3, 0x5ACA, 1, 0x6800, 1,
    0x2800, 1, 0x8986, 1, 0x632E, 1, 0x18C5, 49,
    0x10A3, 2, 0x18A2, 1, 0x2800, 1, 0x0862, 5,
    0x18A2, 1, 0x10A3, 1, 0x20E3, 1, 0x2104, 1,
    0x7B47, 1, 0x2924, 1, 0x4A27, 1, 0x7B47, 3,
    0x8BCA, 1, 0x7B47, 1, 0x3A09, 1, 0x7B47, 1,
    0x18C3, 2, 0x732B, 1, 0x7B47, 1, 0x3A09, 4,
    0x52CC, 1, 0x42CC, 1, 0x3A09, 1, 0x52CC, 1,
    0x632E, 1, 0x6862, 1, 0x6800, 2, 0x6000, 1,
    0x8986, 1, 0x18C3, 1, 0x8000, 2, 0x52CC, 1,
    0x5ACA, 1, 0x52CC, 2, 0x5ACA, 1, 0x632E, 11,
    0x52CC, 3, 0x632E, 2, 0x52CC, 6, 0x5ACA, 2,
    0x6925, 2, 0x8986, 1, 0x6000, 1, 0x0862, 1,
    0x8986, 2, 0x63B0, 1, 0x18C5, 47, 0x18A2, 1,
    0x10A3, 1, 0x20E3, 1, 0x0862, 8, 0x18A2, 1,
    0x0862, 1, 0x7B47, 1, 0x2104, 1, 0x4A27, 1,
    0x42CC, 1, 0x2104, 1, 0x7B47, 1, 0x8BCA, 1,
    0x7B47, 1, 0x3A09, 1, 0x7B47, 1, 0x3A09, 1,
    0x39A8, 1, 0x7B47, 1, 0x732B, 1, 0x4104, 2,
    0x39A8, 1, 0x3A09, 2, 0x52CC, 1, 0x3A09, 2,
    0x52CC, 1, 0x5ACA, 1, 0x7800, 2, 0x6800, 2,
    0x6000, 1, 0x8986, 1, 0x2800, 1, 0x8000, 1,
    0x52CC, 5, 0x8986, 1, 0x5ACA, 2, 0x52CC, 3,
    0x632E, 1, 0x8BCA, 10, 0x632E, 1, 0x52CC, 4,
    0x5ACA, 2, 0x6862, 1, 0x6925, 1, 0x5ACA, 1,
    0x6800, 2, 0x2800, 1, 0x8986, 1, 0x52CC, 1,
    0x63B0, 1, 0x18C5, 45, 0x20E3, 1, 0x0862, 8,
    0x4A27, 1, 0x10A3, 1, 0x18A2, 1, 0x0862, 1,
    0x7B47, 1, 0x6800, 2, 0x18A2, 2, 0x2104, 1,
    0x18C3, 1, 0x7B47, 1, 0x18C3, 1, 0x4A27, 1,
    0x7B47, 1, 0x3A09, 1, 0x7B47, 1, 0x5ACA, 1,
    0x18C3, 1, 0x4104, 2, 0x3A09, 4, 0x52CC, 1,
    0x3A09, 1, 0x52CC, 1, 0x5ACA, 2, 0x7800, 1,
    0x6800, 3, 0x6000, 1, 0x8986, 1, 0x2800, 1,
    0x6862, 1, 0x52CC, 4, 0x5ACA, 1, 0x3A09, 1,
    0x52CC, 1, 0x8BCA, 2, 0x52CC, 2, 0x8BCA, 2,
    0x52CC, 1, 0x8BCA, 4, 0x632E, 1, 0x8BCA, 1,
    0x632E, 1, 0x52CC, 1, 0x42CC, 1, 0x8BCA, 2,
    0x63B0, 1, 0x8BCA, 5, 0x632E, 1, 0x42CC, 1,
    0x0000, 1, 0x8986, 1, 0x6862, 1, 0x63B0, 1,
    0x18C5, 44, 0x18A2, 1, 0x10A3, 1, 0x3985, 1,
    0x0862, 6, 0x4A27, 1, 0x10A3, 2, 0x0862, 1,
    0x4A27, 1, 0x4104, 1, 0x6862, 1, 0x7B47, 1,
    0xA488, 1, 0x18A2, 2, 0x7B47, 1, 0x5ACA, 1,
    0x4A27, 2, 0x7B47, 2, 0x4A27, 2, 0x4104, 1,
    0x4841, 1, 0x4104, 1, 0x4841, 1, 0x3A09, 1,
    0x39A8, 1, 0x3A09, 1, 0x5ACA, 1, 0x3A09, 1,
    0x52CC, 1, 0x632E, 4, 0x6000, 3, 0x8986, 1,
    0x2800, 1, 0x6925, 1, 0x52CC, 1, 0x632E, 1,
    0x8BCA, 1, 0x3A09, 1, 0x632E, 1, 0x8BCA, 2,
    0x3A09, 2, 0x52CC, 7, 0x42CC, 1, 0x52CC, 6,
    0x42CC, 1, 0x8BCA, 2, 0x3A09, 1, 0x5000, 1,
    0x8BCA, 2, 0x18E4, 1, 0x42CC, 1, 0x6800, 1,
    0x2800, 2, 0x8986, 1, 0x4062, 1, 0x63B0, 1,
    0x18C5, 42, 0x4062, 1, 0x0862, 1, 0x10A3, 1,
    0x2800, 1, 0x0862, 4, 0x2800, 1, 0x2924, 1,
    0x10A3, 2, 0x0862, 2, 0x3985, 1, 0x6862, 1,
    0x2924, 1, 0x7B47, 1, 0xA488, 3, 0x3A09, 1,
    0x4A27, 1, 0x3A09, 1, 0x7B47, 2, 0x4A27, 1,
    0x7B47, 1, 0x10A3, 1, 0x5000, 1, 0x4841, 1,
    0x3A09, 2, 0x39A8, 2, 0x3A09, 3, 0x52CC, 1,
    0x63B0, 1, 0x632E, 1, 0x52CC, 2, 0x6000, 4,
    0x2800, 1, 0x2924, 1, 0x632E, 1, 0x8BCA, 3,
    0x5ACA, 1, 0x8BCA, 7, 0x52CC, 1, 0x3A09, 1,
    0x8BCA, 2, 0x52CC, 1, 0x8BCA, 9, 0x5000, 1,
    0x4A27, 1, 0xA488, 1, 0x8BCA, 1, 0x3A09, 1,
    0x39A8, 1, 0x5000, 2, 0x2800, 1, 0x6925, 1,
    0x4104, 1, 0x3A09, 1, 0x63B0, 1, 0x18C5, 40,
    0x4062, 1, 0x10A3, 2, 0x18A2, 1, 0x0862, 5,
    0x3985, 1, 0x10A3, 1, 0x18A2, 1, 0x0862, 1,
    0x18E4, 1, 0x18C3, 1, 0x6862, 1, 0x6925, 1,
    0x3985, 1, 0x7B47, 2, 0xA488, 1, 0x18E4, 1,
    0x6000, 1, 0x10A3, 2, 0x7B47, 1, 0x4A27, 1,
    0x7B47, 1, 0x3985, 1, 0x4000, 1, 0x5000, 1,
    0x3A09, 2, 0x4104, 1, 0x4062, 1, 0x39A8, 1,
    0x3A09, 4, 0x632E, 3, 0x52CC, 2, 0x6000, 3,
    0x8986, 1, 0x2800, 1, 0x6862, 1, 0x42CC, 1,
    0x632E, 1, 0x4A27, 1, 0x8BCA, 1, 0x6000, 1,
    0x8BCA, 2, 0x2104, 1, 0x8BCA, 1, 0x3A09, 1,
    0x8BCA, 3, 0x3A09, 1, 0x8BCA, 2, 0x3A09, 1,
    0x8BCA, 2, 0x52CC, 1, 0x8BCA, 2, 0x7B47, 1,
    0x4062, 1, 0x2800, 1, 0x7B47, 5, 0x39A8, 1,
    0x5000, 1, 0x2800, 1, 0x6925, 1, 0x4841, 1,
    0x39A8, 1, 0x42CC, 1, 0x7B47, 1, 0x18C5, 39,
    0x10A3, 1, 0x20E3, 1, 0x10A3, 1, 0x3985, 1,
    0x2800, 2, 0x0862, 2, 0x20E3, 1, 0x10A3, 2,
    0x18A2, 1, 0x2147, 2, 0x0862, 1, 0x18C3, 1,
    0x4062, 2, 0x2924, 2, 0x7B47, 1, 0x10A3, 1,
    0x6000, 1, 0x7B47, 1, 0x1082, 1, 0x10A3, 1,
    0x7B47, 3, 0x2800, 1, 0x5000, 1, 0x3A09, 3,
    0x4062, 1, 0x39A8, 3, 0x2104, 1, 0x3A09, 2,
    0x5ACA, 1, 0x632E, 2, 0x52CC, 2, 0x6862, 1,
    0x4841, 1, 0x5000, 1, 0x6925, 1, 0x2800, 1,
    0x2147, 1, 0x7B47, 1, 0x732B, 1, 0x7B47, 1,
    0x5ACA, 1, 0x4000, 1, 0x6925, 1, 0x4A27, 1,
    0x3985, 2, 0x5ACA, 1, 0x7B47, 2, 0x4062, 1,
    0x18C3, 1, 0x5ACA, 1, 0x7B47, 1, 0x39A8, 1,
    0x7B47, 1, 0x5ACA, 2, 0x7B47, 1, 0x39A8, 1,
    0x7B47, 1, 0x3985, 2, 0x7B47, 1, 0x4104, 1,
    0x7B47, 3, 0x39A8, 1, 0x5000, 1, 0x2800, 1,
    0x6925, 1, 0x4104, 1, 0x39A8, 1, 0x42CC, 1,
    0x7B47, 1, 0x18C5, 38, 0x0862, 1, 0x4062, 1,
    0x1082, 1, 0x10A3, 1, 0x18A2, 1, 0x0862, 2,
    0x20E3, 1, 0x10A3, 1, 0x0862, 1, 0x18A2, 1,
    0x10A3, 1, 0x2147, 1, 0x18E4, 1, 0x2924, 1,
    0x2800, 1, 0x0862, 1, 0x20E3, 2, 0x6862, 1,
    0x2924, 1, 0x10A3, 1, 0x4062, 1, 0x18C3, 1,
    0x7B47, 1, 0x1082, 1, 0x7B47, 3, 0x3985, 1,
    0x5000, 1, 0x3A09, 1, 0x2147, 1, 0x3A09, 1,
    0x42CC, 1, 0x39A8, 2, 0x18C3, 1, 0x39A8, 1,
    0x18C3, 1, 0x2104, 1, 0x52CC, 1, 0x8BCA, 1,
    0x632E, 2, 0x3A09, 1, 0x39A8, 2, 0x4841, 2,
    0x6925, 1, 0x2800, 1, 0x18C3, 1, 0x52CC, 1,
    0x732B, 1, 0x7B47, 1, 0x5ACA, 4, 0x3985, 1,
    0x7B47, 1, 0x5ACA, 1, 0x3985, 3, 0x2147, 1,
    0x7B47, 1, 0x3985, 2, 0x39A8, 2, 0x4062, 2,
    0x4A27, 1, 0x4104, 2, 0x7B47, 1, 0x4104, 1,
    0x3A09, 1, 0x7B47, 3, 0x3A09, 1, 0x4062, 1,
    0x2800, 1, 0x6925, 1, 0x4104, 1, 0x39A8, 1,
    0x3A09, 1, 0x18C5, 39, 0x4062, 1, 0x18A2, 1,
    0x0862, 1, 0x10A3, 1, 0x2924, 1, 0x20E3, 1,
    0x10A3, 1, 0x0862, 1, 0x10A3, 1, 0x18A2, 1,
    0x18E4, 3, 0x2924, 2, 0x2800, 1, 0x0862, 1,
    0x1082, 1, 0x18E4, 1, 0x39A8, 1, 0x0862, 1,
    0x4062, 2, 0x4A27, 1, 0x7B47, 5, 0x4000, 1,
    0x3A09, 1, 0x18C3, 1, 0x39A8, 1, 0x10A3, 3,
    0x39A8, 1, 0x4062, 2, 0x18C3, 1, 0x2104, 1,
    0x8BCA, 1, 0x7B47, 1, 0x3A09, 4, 0x4104, 3,
    0x6925, 1, 0x2800, 1, 0x5000, 1, 0x3A09, 1,
    0x42CC, 1, 0x7B47, 2, 0x5ACA, 1, 0x7B47, 3,
    0x5ACA, 1, 0x7B47, 1, 0x5ACA, 1, 0x7B47, 2,
    0x3985, 1, 0x7B47, 2, 0x5ACA, 2, 0x4A27, 1,
    0x7B47, 1, 0x4A27, 1, 0x7B47, 2, 0x5000, 1,
    0x3A09, 2, 0x7B47, 1, 0x1082, 1, 0x39A8, 1,
    0x7B47, 1, 0x3A09, 1, 0x4062, 1, 0x2800, 1,
    0x5000, 1, 0x4104, 2, 0x39A8, 1, 0x18C5, 39,
    0x4062, 1, 0x10A3, 1, 0x0862, 1, 0x10A3, 2,
    0x0862, 2, 0x18A2, 1, 0x10A3, 1, 0x18E4, 4,
    0x2924, 3, 0x0862, 4, 0x4841, 2, 0x18C3, 1,
    0x4A27, 2, 0x7B47, 3, 0x18A2, 1, 0x10A3, 2,
    0x18C3, 1, 0x2800, 1, 0x3985, 1, 0x10A3, 1,
    0x1082, 1, 0x4000, 1, 0x4062, 1, 0x4000, 1,
    0x4062, 1, 0x52CC, 1, 0x7B47, 2, 0x3A09, 2,
    0x39A8, 3, 0x4104, 2, 0x6925, 1, 0x2800, 1,
    0x5000, 1, 0x3A09, 2, 0x7B47, 1, 0x732B, 1,
    0x4000, 3, 0x2800, 1, 0x4000, 1, 0x4104, 1,
    0x2924, 1, 0x4000, 1, 0x2800, 2, 0x4062, 1,
    0x2924, 1, 0x4A27, 2, 0x7B47, 2, 0x4A27, 1,
    0x7B47, 1, 0x4A27, 1, 0x7B47, 2, 0x10A3, 1,
    0x5000, 3, 0x4104, 1, 0x4841, 1, 0x4000, 1,
    0x2800, 1, 0x5000, 1, 0x4104, 2, 0x39A8, 1,
    0x18C5, 38, 0x6862, 1, 0x20E3, 1, 0x10A3, 1,
    0x1082, 1, 0x0862, 2, 0x10A3, 1, 0x18A2, 2,
    0x2147, 3, 0x10A3, 1, 0x63B0, 2, 0x2924, 2,
    0x2800, 2, 0x0862, 2, 0x10A3, 1, 0x4062, 1,
    0x18C3, 1, 0x10A3, 1, 0x7B47, 3, 0x3985, 1,
    0x10A3, 3, 0x18C3, 1, 0x10A3, 1, 0x0862, 1,
    0x18C5, 4, 0x4062, 1, 0x18C3, 2, 0x7B47, 1,
    0x3A09, 2, 0x39A8, 5, 0x6925, 1, 0x2800, 1,
    0x4000, 1, 0x39A8, 1, 0x3A09, 1, 0x10A3, 1,
    0x7B47, 2, 0x3A09, 1, 0x4062, 1, 0x4104, 1,
    0x3985, 1, 0x4000, 1, 0x2800, 10, 0x4062, 1,
    0x2800, 2, 0x7B47, 2, 0x1082, 1, 0x5000, 3,
    0x4104, 1, 0x5000, 1, 0x2800, 1, 0x6925, 2,
    0x4104, 3, 0x18C3, 1, 0x18C5, 38, 0x4062, 1,
    0x20E3, 2, 0x18A2, 1, 0x20E3, 1, 0x4062, 1,
    0x18A2, 1, 0x2147, 3, 0x1082, 1, 0x2104, 1,
    0x42CC, 3, 0x2924, 2, 0x2800, 3, 0x0862, 1,
    0x10A3, 3, 0x4A27, 1, 0x7B47, 3, 0x0862, 1,
    0x10A3, 2, 0x2147, 1, 0x10A3, 1, 0x1082, 1,
    0x18C5, 3, 0x10A3, 1, 0x6862, 1, 0x18A2, 1,
    0x4841, 1, 0x18C3, 1, 0x39A8, 3, 0x4104, 1,
    0x39A8, 3, 0x4104, 1, 0x6925, 1, 0x1082, 1,
    0x5000, 2, 0x3A09, 1, 0x4104, 1, 0x10A3, 1,
    0x39A8, 1, 0x7B47, 2, 0x4062, 2, 0x4A27, 1,
    0x3985, 3, 0x4062, 4, 0x2800, 1, 0x4062, 1,
    0x2924, 1, 0x5ACA, 1, 0x732B, 1, 0x7B47, 1,
    0x39A8, 1, 0x1082, 1, 0x4000, 1, 0x5000, 1,
    0x52CC, 1, 0x5ACA, 1, 0x6800, 1, 0x6000, 1,
    0x8986, 1, 0x6862, 2, 0x8000, 1, 0x7800, 2,
    0x18C5, 39, 0x18E4, 1, 0x4062, 4, 0x0862, 1,
    0x2147, 1, 0x2104, 1, 0x18E4, 2, 0x2104, 1,
    0x0862, 1, 0x2104, 1, 0x63B0, 3, 0x2800, 5,
    0x0862, 1, 0x10A3, 1, 0x3985, 1, 0x4A27, 2,
    0x7B47, 1, 0x18A2, 1, 0x2800, 1, 0x18C3, 1,
    0x10A3, 1, 0x2147, 1, 0x18C5, 4, 0x4062, 1,
    0x10A3, 1, 0x1082, 1, 0x4000, 1, 0x5000, 1,
    0x4000, 1, 0x4062, 1, 0x18C3, 1, 0x4104, 3,
    0x5000, 3, 0x6925, 1, 0x2800, 2, 0x5000, 1,
    0x4104, 1, 0x3A09, 1, 0x4104, 1, 0x4841, 1,
    0x10A3, 1, 0x39A8, 1, 0x7B47, 2, 0x732B, 1,
    0x4062, 2, 0x2800, 1, 0x2924, 1, 0x10A3, 1,
    0x3A09, 1, 0x732B, 1, 0x8BCA, 5, 0x5000, 1,
    0x6800, 1, 0x6862, 1, 0x6925, 1, 0x8986, 1,
    0x52CC, 1, 0x6800, 1, 0x2800, 1, 0x6862, 2,
    0x8986, 1, 0x8000, 2, 0x7800, 1, 0x18C5, 39,
    0x10A3, 1, 0x18E4, 1, 0x2104, 1, 0x18E4, 5,
    0x18C5, 3, 0x0862, 1, 0x0000, 1, 0x10A3, 1,
    0x63B0, 4, 0x2800, 3, 0x18A2, 1, 0x0862, 1,
    0x20E3, 1, 0x2800, 1, 0x4A27, 2, 0x3985, 1,
    0x2800, 1, 0x10A3, 3, 0x18C5, 4, 0x4062, 1,
    0x0862, 1, 0x10A3, 2, 0x4000, 2, 0x5000, 1,
    0x4062, 2, 0x4841, 2, 0x5000, 1, 0x9000, 1,
    0x9083, 1, 0x8986, 1, 0x6862, 1, 0x6925, 1,
    0x6000, 1, 0x6800, 1, 0x5ACA, 1, 0x52CC, 1,
    0x6925, 1, 0x6862, 1, 0x6800, 2, 0x18E4, 1,
    0x3A09, 1, 0x8BCA, 6, 0x1082, 1, 0x10A3, 1,
    0x2800, 1, 0x5000, 1, 0x6000, 1, 0x6800, 4,
    0x6925, 2, 0x6800, 2, 0x52CC, 1, 0x6862, 2,
    0x6925, 1, 0xB50B, 1, 0x8000, 1, 0x7800, 1,
    0x18C5, 49, 0x10A3, 1, 0x6CB4, 1, 0x39A8, 1,
    0x18C5, 1, 0x18C3, 1, 0x39A8, 1, 0x2147, 1,
    0x39A8, 1, 0x2147, 1, 0x2800, 3, 0x18A2, 1,
    0x20E3, 1, 0x2800, 1, 0x20E3, 1, 0x4A27, 2,
    0x2800, 1, 0x0862, 1, 0x1082, 1, 0x10A3, 1,
    0x18C5, 3, 0x18C3, 1, 0x1082, 1, 0x10A3, 1,
    0x3985, 1, 0x20E3, 1, 0x0862, 1, 0x4000, 2,
    0x6862, 1, 0x8000, 3, 0x9000, 3, 0x8986, 2,
    0x6862, 2, 0x8986, 1, 0x6800, 2, 0x5ACA, 1,
    0x52CC, 1, 0x6925, 1, 0x6800, 3, 0x6000, 1,
    0x6800, 2, 0x6000, 1, 0x5000, 1, 0x6000, 3,
    0x6800, 10, 0x8986, 1, 0x7800, 1, 0x6862, 1,
    0x2147, 2, 0xA488, 1, 0xB50B, 1, 0x8000, 2,
    0x18C5, 50, 0x0000, 1, 0x18C5, 1, 0x10A3, 1,
    0x2104, 1, 0x2147, 2, 0x39A8, 1, 0x2800, 4,
    0x20E3, 2, 0x2800, 1, 0x3985, 2, 0x20E3, 1,
    0x2800, 1, 0x1082, 1, 0x18C5, 4, 0x18E4, 1,
    0x0862, 1, 0x3985, 1, 0x0862, 3, 0x4000, 1,
    0x5000, 1, 0x6000, 1, 0x9000, 6, 0xB50B, 1,
    0x7B47, 1, 0x8986, 2, 0x6862, 2, 0x8986, 1,
    0x6000, 1, 0x6800, 4, 0x6862, 2, 0x6800, 2,
    0x6862, 2, 0x6800, 1, 0x6000, 4, 0x6800, 4,
    0x6000, 2, 0x8986, 1, 0x52CC, 1, 0x632E, 1,
    0x6862, 2, 0x2924, 1, 0xB50B, 2, 0x2147, 1,
    0x8000, 1, 0x6000, 1, 0x18C5, 50, 0x0862, 1,
    0x0000, 1, 0x63B0, 1, 0x6CB4, 2, 0x18C5, 4,
    0x2800, 3, 0x20E3, 1, 0x2800, 2, 0x20E3, 1,
    0x3985, 1, 0x2800, 1, 0x18C3, 1, 0x18C5, 3,
    0x1082, 1, 0x10A3, 2, 0x18A2, 1, 0x0862, 3,
    0x6000, 3, 0x9000, 5, 0xB50B, 3, 0x2147, 1,
    0x52CC, 1, 0x2147, 1, 0x6862, 1, 0x7800, 1,
    0x8986, 1, 0x10A3, 1, 0x2800, 1, 0x1082, 1,
    0x6000, 1, 0x6800, 4, 0x6862, 3, 0x6800, 1,
    0x5000, 3, 0x4000, 5, 0x8986, 1, 0x6925, 1,
    0x6862, 3, 0x6925, 1, 0x632E, 1, 0x6CB4, 1,
    0xA488, 1, 0x5ACA, 1, 0x9000, 1, 0x6000, 1,
    0x18C5, 60, 0x2800, 2, 0x0862, 1, 0x2800, 2,
    0x20E3, 1, 0x3985, 1, 0x20E3, 1, 0x1082, 1,
    0x18C5, 3, 0x10A3, 2, 0x3985, 1, 0x0862, 4,
    0x6000, 3, 0x9000, 5, 0x8986, 1, 0xB50B, 4,
    0x42CC, 1, 0x2924, 1, 0x6862, 5, 0x8986, 2,
    0x5000, 1, 0x1082, 7, 0x0862, 2, 0x8986, 5,
    0x6800, 2, 0x6862, 3, 0x63B0, 6, 0x6000, 1,
    0x18C5, 61, 0x2800, 2, 0x0862, 1, 0x2800, 3,
    0x20E3, 1, 0x2800, 1, 0x18C5, 3, 0x18E4, 1,
    0x10A3, 1, 0x4062, 1, 0x0862, 5, 0x5000, 1,
    0x6000, 1, 0x6800, 1, 0xA801, 1, 0x9000, 3,
    0xA269, 1, 0x39A8, 1, 0x5ACA, 1, 0xB50B, 3,
    0x6CB4, 1, 0x2147, 1, 0x6925, 1, 0x6862, 4,
    0x6925, 1, 0x6800, 1, 0x8986, 3, 0x6000, 12,
    0x7800, 1, 0x6862, 2, 0x2147, 1, 0x94D3, 3,
    0x63B0, 2, 0x6800, 1, 0x6000, 1, 0x18C5, 63,
    0x2800, 4, 0x20E3, 1, 0x2800, 1, 0x18C5, 3,
    0x18C3, 1, 0x0862, 1, 0x10A3, 1, 0x2800, 1,
    0x0862, 4, 0x5000, 2, 0x6800, 3, 0xA801, 2,
    0x94D3, 1, 0x2104, 1, 0x94D3, 1, 0xDE0C, 1,
    0xFECD, 1, 0x6CB4, 2, 0x63B0, 2, 0x2147, 1,
    0x6862, 3, 0x7800, 1, 0x6800, 1, 0x6000, 11,
    0x9000, 5, 0xA801, 1, 0xA145, 1, 0x63B0, 1,
    0x6CB4, 3, 0x18E4, 1, 0x94D3, 1, 0x6000, 2,
    0x18C5, 64, 0x2800, 4, 0x18A2, 1, 0x2800, 1,
    0x18C5, 2, 0x10A3, 1, 0x1082, 1, 0x3985, 1,
    0x0862, 5, 0x5000, 2, 0x6800, 5, 0xA269, 1,
    0x2104, 1, 0x39A8, 1, 0x94D3, 1, 0xDE0C, 1,
    0x94D3, 4, 0x6CB4, 1, 0x94D3, 1, 0x63B0, 1,
    0xA145, 1, 0xA801, 2, 0x9000, 17, 0x9083, 1,
    0x2104, 1, 0x18E4, 1, 0x2924, 1, 0x18E4, 1,
    0x9000, 1, 0x7800, 1, 0x6000, 2, 0x18C5, 65,
    0x2800, 1, 0x0862, 1, 0x2800, 2, 0x0862, 1,
    0x18C5, 2, 0x18C3, 1, 0x10A3, 1, 0x3985, 1,
    0x0862, 5, 0x5000, 1, 0x6000, 1, 0x6800, 7,
    0x94D3, 1, 0x2104, 1, 0x94D3, 1, 0x2104, 1,
    0x94D3, 1, 0x6CB4, 4, 0x94D3, 1, 0x9083, 1,
    0x9000, 17, 0x8000, 2, 0x9083, 1, 0x9000, 1,
    0x8000, 1, 0x9000, 3, 0x8000, 1, 0x7800, 1,
    0x6000, 1, 0x18C5, 66, 0x2800, 1, 0x0862, 2,
    0x2800, 1, 0x18C5, 3, 0x18A2, 1, 0x10A3, 1,
    0x0862, 5, 0x5000, 1, 0x6000, 2, 0x6800, 6,
    0x7800, 2, 0x8000, 1, 0x9000, 1, 0x2147, 1,
    0x2104, 1, 0x2147, 2, 0x18C3, 2, 0x2104, 1,
    0x8000, 3, 0x9000, 10, 0xA801, 5, 0x7800, 1,
    0x8000, 1, 0x9000, 5, 0x7800, 1, 0x6800, 1,
    0x6000, 1, 0x18C5, 68, 0x0862, 2, 0x1082, 1,
    0x18C5, 2, 0x18A2, 1, 0x10A3, 1, 0x0862, 5,
    0x5000, 1, 0x6000, 2, 0x6800, 5, 0x7800, 3,
    0x8000, 1, 0x9000, 8, 0xA801, 17, 0x7800, 2,
    0x6000, 1, 0x9000, 3, 0x8000, 1, 0x9000, 1,
    0x6800, 2, 0x18C5, 70, 0x0862, 1, 0x10A3, 1,
    0x18C5, 2, 0x4062, 1, 0x0862, 1, 0x3985, 1,
    0x0862, 4, 0x5000, 1, 0x6000, 2, 0x6800, 3,
    0x7800, 4, 0x8000, 2, 0x9000, 7, 0x8000, 1,
    0x6000, 1, 0x7800, 3, 0xA801, 4, 0xA145, 5,
    0xA801, 3, 0x8000, 1, 0x4000, 2, 0x6000, 1,
    0xA801, 2, 0x9000, 1, 0x7800, 1, 0x8000, 1,
    0x6800, 2, 0x18C5, 71, 0x1082, 1, 0x18C5, 2,
    0x20E3, 1, 0x0862, 1, 0x10A3, 1, 0x18A2, 1,
    0x0862, 3, 0x5000, 2, 0x6000, 1, 0x6800, 1,
    0x7800, 6, 0x8000, 2, 0x9000, 1, 0x8000, 1,
    0x9000, 4, 0xA801, 1, 0x6000, 2, 0x4000, 2,
    0x8000, 2, 0x9000, 3, 0xA145, 4, 0xA801, 1,
    0x9000, 2, 0x4000, 2, 0x0000, 1, 0x2800, 1,
    0x6000, 1, 0xA801, 1, 0x9000, 1, 0x8000, 1,
    0x6000, 1, 0x8000, 1, 0x6800, 1, 0x18C5, 75,
    0x20E3, 1, 0x10A3, 1, 0x0862, 1, 0x3985, 1,
    0x0862, 1, 0x20E3, 1, 0x3985, 1, 0x10A3, 1,
    0x5000, 1, 0x6000, 1, 0x7800, 7, 0x8000, 2,
    0x9000, 1, 0x7800, 1, 0x9000, 3, 0xA801, 2,
    0x6000, 1, 0x10A3, 1, 0x2800, 1, 0x4000, 3,
    0x2800, 1, 0x4000, 1, 0x9000, 1, 0xA145, 2,
    0x9000, 1, 0xA145, 1, 0xA801, 1, 0x9000, 1,
    0x0000, 4, 0xA801, 1, 0xA145, 1, 0xA801, 1,
    0x9000, 1, 0x6000, 1, 0x9000, 1, 0x6800, 1,
    0x6000, 1, 0x18C5, 76, 0x4062, 1, 0x0862, 1,
    0x10A3, 4, 0x0862, 1, 0x4000, 1, 0x5000, 1,
    0x6800, 1, 0x7800, 6, 0x8000, 1, 0x9000, 1,
    0x6000, 2, 0x8000, 2, 0x9000, 1, 0xA801, 2,
    0xA145, 2, 0x0000, 5, 0x4000, 1, 0x0862, 2,
    0x2800, 2, 0x0862, 1, 0x10A3, 2, 0x0000, 2,
    0x39A8, 1, 0x9083, 1, 0xA801, 3, 0x7800, 1,
    0x6000, 1, 0x8000, 1, 0x6800, 1, 0x2800, 1,
    0x18C5, 76, 0x6862, 1, 0x4062, 1, 0x10A3, 1,
    0x0862, 1, 0x10A3, 1, 0x0862, 1, 0x20E3, 1,
    0x2800, 1, 0x4000, 1, 0x5000, 1, 0x6800, 4,
    0x7800, 3, 0x9000, 1, 0x6000, 2, 0x7800, 1,
    0x8000, 1, 0x9000, 1, 0xA801, 4, 0x9083, 1,
    0xA145, 1, 0x3A09, 1, 0x0000, 3, 0x10A3, 4,
    0x94D3, 2, 0x63B0, 2, 0xA269, 1, 0xA801, 4,
    0x8000, 1, 0x7800, 1, 0x6000, 1, 0x6800, 1,
    0x2800, 1, 0x18C5, 78, 0x18A2, 1, 0x20E3, 1,
    0x4062, 1, 0x18A2, 1, 0x4062, 2, 0x0862, 1,
    0x2800, 2, 0x6000, 5, 0x7800, 2, 0x8000, 1,
    0x6000, 2, 0x7800, 2, 0x8000, 1, 0xA801, 6,
    0x3A09, 1, 0xA269, 1, 0x63B0, 1, 0x94D3, 7,
    0xB50B, 1, 0xA269, 1, 0xA145, 1, 0xA801, 1,
    0x9000, 1, 0x8000, 3, 0x7800, 1, 0x4000, 1,
    0x2800, 1, 0x18C5, 80, 0x18C3, 1, 0x4062, 4,
    0x0862, 1, 0x2800, 2, 0x4000, 2, 0x5000, 2,
    0x6000, 2, 0x7800, 2, 0x6000, 2, 0x7800, 2,
    0x8000, 5, 0x9000, 4, 0xB50B, 1, 0x94D3, 2,
    0xFECD, 1, 0x94D3, 1, 0xFECD, 1, 0x94D3, 2,
    0xB50B, 1, 0x9000, 1, 0x8000, 5, 0x6000, 1,
    0x4000, 1, 0x2800, 1, 0x18C5, 82, 0x18E4, 1,
    0x2104, 1, 0x18E4, 4, 0x2800, 6, 0x4000, 1,
    0x5000, 1, 0x4000, 1, 0x6000, 2, 0x7800, 2,
    0x8000, 8, 0x9000, 4, 0xA801, 1, 0x9000, 1,
    0xA801, 1, 0x9000, 2, 0x5000, 1, 0x6000, 1,
    0x5000, 3, 0x6000, 1, 0x4000, 1, 0x2800, 1,
    0x18C5, 94, 0x2800, 7, 0x4000, 1, 0x5000, 1,
    0x6000, 4, 0x5000, 1, 0x6000, 5, 0x5000, 1,
    0x4000, 1, 0x2800, 2, 0x4000, 1, 0x2800, 1,
    0x4000, 5, 0x2800, 1, 0x18C5, 105, 0x4000, 11,
    0x2800, 3, 0x18C5, 5284, 0x18C5, 2336, 0xA269, 7,
    0x18C5, 120, 0xA145, 3, 0xA269, 8, 0x18C5, 23,
    0xA269, 8, 0x18C5, 86, 0xA145, 9, 0xA269, 9,
    0x94D3, 1, 0xA269, 2, 0xA145, 1, 0xA269, 1,
    0x94D3, 2, 0xA269, 2, 0x94D3, 3, 0xA269, 10,
    0xA145, 3, 0x18C5, 84, 0xA801, 8, 0xA145, 7,
    0xA269, 15, 0xA145, 1, 0xA269, 4, 0xA145, 9,
    0x18C5, 84, 0xA801, 15, 0xA145, 15, 0xA801, 14,
    0x18C5, 84, 0xA801, 2, 0x8000, 6, 0x9000, 1,
    0xA801, 35, 0x18C5, 83, 0x4000, 1, 0x8000, 1,
    0x6000, 1, 0x5000, 2, 0x7800, 5, 0x8000, 1,
    0x9000, 10, 0xA801, 5, 0x9000, 8, 0xA801, 3,
    0x9000, 1, 0x8000, 5, 0x9000, 1, 0xA801, 2,
    0x18C5, 82, 0x6000, 2, 0x4000, 3, 0x8000, 1,
    0x6000, 2, 0x4000, 7, 0x7800, 3, 0x8000, 10,
    0x7800, 8, 0x6000, 1, 0x4000, 3, 0x5000, 4,
    0x6000, 1, 0x9000, 1, 0x18C5, 82, 0x5000, 1,
    0x4000, 2, 0x7800, 1, 0x5000, 1, 0x8000, 1,
    0x6862, 1, 0x6000, 5, 0x2800, 8, 0x4000, 5,
    0x6000, 1, 0x5000, 2, 0x4000, 9, 0x6800, 2,
    0x6000, 3, 0x4000, 3, 0x6000, 1, 0x18C5, 82,
    0x4000, 1, 0x8000, 1, 0x2924, 1, 0x5000, 2,
    0x6862, 4, 0x6000, 4, 0x6800, 2, 0x6862, 3,
    0x6925, 4, 0x6862, 3, 0x6925, 2, 0x8986, 1,
    0x6925, 1, 0x8986, 1, 0x6862, 2, 0x6800, 2,
    0x6000, 1, 0x6800, 3, 0x6000, 2, 0x6800, 2,
    0x6862, 2, 0x4000, 1, 0x5000, 1, 0x18C5, 82,
    0x8000, 1, 0x7B47, 1, 0x2924, 1, 0x5000, 2,
    0x2147, 1, 0x6925, 3, 0x6862, 2, 0x6000, 3,
    0x6800, 5, 0x6862, 2, 0x6800, 5, 0x6862, 6,
    0x6800, 3, 0x6000, 5, 0x6800, 1, 0x6862, 2,
    0x6925, 2, 0x2924, 1, 0x18C5, 81, 0x7800, 1,
    0x7B47, 2, 0x2924, 1, 0x2147, 3, 0x6925, 2,
    0x52CC, 2, 0x6925, 1, 0x6862, 2, 0x6000, 2,
    0x6800, 1, 0x6000, 2, 0x6800, 18, 0x6000, 1,
    0x6800, 4, 0x6862, 1, 0x6925, 2, 0x5ACA, 2,
    0x6925, 1, 0x18C5, 80, 0x8BCA, 1, 0xA488, 2,
    0x4A27, 1, 0x4000, 1, 0x5000, 1, 0x6925, 1,
    0x3A09, 2, 0x52CC, 3, 0x3A09, 2, 0x6000, 3,
    0x6800, 3, 0x6000, 2, 0x6800, 2, 0x6000, 4,
    0x6800, 9, 0x6000, 2, 0x6800, 2, 0x6862, 2,
    0x52CC, 2, 0x5ACA, 4, 0x20E3, 1, 0x18C5, 78,
    0xB50B, 1, 0xA488, 1, 0x7B47, 1, 0x20E3, 2,
    0x4841, 1, 0x6925, 2, 0x5ACA, 2, 0x52CC, 3,
    0x3A09, 1, 0x6925, 1, 0x6862, 1, 0x6000, 1,
    0x8000, 1, 0x6862, 1, 0x39A8, 1, 0x63B0, 2,
    0x6CB4, 4, 0x63B0, 1, 0x42CC, 1, 0x7800, 1,
    0x6CB4, 2, 0x63B0, 1, 0x52CC, 1, 0x7800, 1,
    0x63B0, 1, 0x6CB4, 2, 0x42CC, 1, 0x63B0, 1,
    0x6800, 3, 0x6925, 2, 0x52CC, 6, 0x2104, 1,
    0x18C5, 77, 0x7B47, 4, 0x2924, 1, 0x2104, 1,
    0x18C3, 1, 0x52CC, 1, 0x5ACA, 1, 0x52CC, 6,
    0x6925, 1, 0x9000, 1, 0x94D3, 1, 0x9000, 2,
    0xA269, 1, 0x7800, 5, 0x2924, 1, 0x2800, 1,
    0x5000, 7, 0x4000, 2, 0x5000, 1, 0x4000, 2,
    0x7800, 2, 0xA269, 1, 0x632E, 1, 0x63B0, 1,
    0x5000, 1, 0x52CC, 5, 0x18C3, 1, 0x2924, 1,
    0x18C5, 74, 0xA488, 1, 0x7B47, 4, 0x2924, 1,
    0x2104, 1, 0x2924, 1, 0x6862, 1, 0x2147, 1,
    0x52CC, 2, 0x632E, 3, 0x52CC, 2, 0x94D3, 1,
    0x2104, 1, 0x94D3, 1, 0x9000, 1, 0x6800, 9,
    0x2800, 1, 0x42CC, 1, 0x732B, 5, 0xA488, 1,
    0x52CC, 1, 0x10A3, 1, 0x2924, 2, 0xA488, 1,
    0x5000, 3, 0x4000, 2, 0x7800, 2, 0x52CC, 2,
    0x3A09, 1, 0x2104, 1, 0x18C3, 1, 0x18C5, 73,
    0x8BCA, 1, 0x7B47, 5, 0x2104, 1, 0x18C3, 1,
    0x5ACA, 1, 0x8BCA, 1, 0x3A09, 1, 0x52CC, 2,
    0x632E, 3, 0x2924, 1, 0x6CB4, 2, 0x2104, 1,
    0x10A3, 1, 0xA269, 1, 0x6800, 6, 0x7800, 2,
    0x10A3, 1, 0x732B, 3, 0x6925, 1, 0x2924, 1,
    0x52CC, 2, 0xB50B, 2, 0x632E, 1, 0xB50B, 1,
    0xA488, 2, 0x18C3, 1, 0x6800, 1, 0x6000, 4,
    0x5000, 1, 0x52CC, 3, 0x3985, 1, 0x18C5, 73,
    0x4A27, 1, 0x7B47, 4, 0x2104, 1, 0x2924, 1,
    0x7B47, 1, 0x8BCA, 1, 0x3A09, 1, 0x52CC, 1,
    0x42CC, 1, 0x52CC, 2, 0x632E, 1, 0x2104, 1,
    0x42CC, 1, 0x6CB4, 2, 0x7800, 1, 0x63B0, 1,
    0x2147, 1, 0xA269, 1, 0x7800, 5, 0x8000, 2,
    0x6862, 1, 0x18C3, 1, 0x63B0, 1, 0x632E, 2,
    0x6925, 1, 0x5ACA, 1, 0x3A09, 1, 0x52CC, 4,
    0x632E, 1, 0x6925, 1, 0x5ACA, 2, 0x6925, 1,
    0x6800, 5, 0x52CC, 2, 0x6925, 1, 0x3985, 1,
    0x18C5, 72, 0x7B47, 5, 0x4A27, 1, 0x8BCA, 2,
    0x7B47, 1, 0x3A09, 1, 0x52CC, 1, 0x3A09, 1,
    0x52CC, 1, 0x42CC, 1, 0x52CC, 2, 0x18C3, 1,
    0x63B0, 1, 0x2104, 1, 0x63B0, 1, 0x6CB4, 1,
    0x2147, 1, 0x632E, 1, 0x7800, 1, 0x6000, 2,
    0x6862, 1, 0x6925, 4, 0x18E4, 1, 0x18C3, 1,
    0x52CC, 3, 0x8BCA, 6, 0x7B47, 2, 0x8BCA, 1,
    0x3A09, 2, 0x6862, 2, 0x6800, 4, 0x52CC, 1,
    0x42CC, 1, 0x3A09, 1, 0x732B, 1, 0x18C5, 71,
    0x7B47, 6, 0xA488, 1, 0x8BCA, 2, 0x3A09, 1,
    0x52CC, 1, 0x3A09, 1, 0x52CC, 4, 0x18C3, 1,
    0x632E, 1, 0x3985, 1, 0x6CB4, 3, 0x2924, 1,
    0x8986, 1, 0x6000, 2, 0x6862, 2, 0x6925, 4,
    0x2147, 1, 0x52CC, 4, 0x42CC, 1, 0x52CC, 1,
    0x8BCA, 2, 0x3A09, 2, 0x42CC, 1, 0x7B47, 1,
    0x3A09, 3, 0x6925, 1, 0x6862, 1, 0x6000, 4,
    0x52CC, 1, 0x39A8, 1, 0x732B, 1, 0x18C5, 71,
    0x4A27, 1, 0x7B47, 4, 0xA488, 2, 0x8BCA, 1,
    0x2924, 2, 0x5ACA, 1, 0x52CC, 1, 0x3A09, 1,
    0x52CC, 3, 0x20E3, 1, 0x7800, 1, 0x63B0, 1,
    0x6CB4, 3, 0x2104, 1, 0x6925, 1, 0x6000, 3,
    0x6925, 4, 0x3A09, 1, 0x39A8, 1, 0x2147, 1,
    0x52CC, 3, 0x3A09, 2, 0x52CC, 1, 0x8BCA, 4,
    0x7B47, 1, 0x8BCA, 1, 0x3A09, 2, 0x6925, 4,
    0x6862, 1, 0x6000, 1, 0x52CC, 2, 0x3A09, 1,
    0x732B, 1, 0x18C5, 70, 0x4A27, 1, 0x0000, 2,
    0x7B47, 2, 0xA488, 2, 0x8BCA, 1, 0x7B47, 1,
    0x6925, 2, 0x52CC, 2, 0x3A09, 1, 0x52CC, 1,
    0x10A3, 1, 0x2104, 2, 0x63B0, 3, 0x6CB4, 1,
    0x63B0, 1, 0x18C3, 1, 0x8986, 1, 0x6000, 2,
    0x6925, 1, 0x3A09, 5, 0x10A3, 1, 0x52CC, 3,
    0x3A09, 6, 0x8BCA, 2, 0x42CC, 1, 0x3A09, 4,
    0x6925, 4, 0x6000, 1, 0x52CC, 2, 0x732B, 1,
    0x18C5, 70, 0x0000, 3, 0x7B47, 4, 0x8BCA, 1,
    0x2924, 1, 0x3A09, 1, 0x5ACA, 1, 0x52CC, 2,
    0x3A09, 1, 0x6925, 1, 0x52CC, 1, 0x8000, 1,
    0x42CC, 1, 0x63B0, 5, 0x632E, 1, 0x6925, 2,
    0x52CC, 7, 0x632E, 1, 0x52CC, 13, 0x6925, 1,
    0x52CC, 1, 0x6925, 1, 0x52CC, 2, 0x3A09, 1,
    0x6925, 2, 0x5000, 1, 0x52CC, 1, 0x3A09, 1,
    0x732B, 1, 0x18C5, 69, 0x0000, 2, 0x10A3, 1,
    0x7B47, 4, 0x8BCA, 1, 0x4A27, 1, 0x6925, 2,
    0x3A09, 1, 0x52CC, 1, 0x3A09, 1, 0x8986, 1,
    0x6925, 1, 0x3A09, 1, 0x52CC, 1, 0x63B0, 5,
    0x6862, 1, 0x6925, 1, 0x2147, 1, 0x39A8, 1,
    0x52CC, 4, 0x42CC, 9, 0x52CC, 3, 0x632E, 3,
    0x42CC, 1, 0x3A09, 1, 0x39A8, 1, 0x3A09, 1,
    0x39A8, 3, 0x6000, 2, 0x6862, 1, 0x52CC, 2,
    0x3A09, 1, 0x18C5, 69, 0x20E3, 1, 0x4062, 1,
    0x42CC, 1, 0x0862, 1, 0x7B47, 4, 0x5ACA, 1,
    0x4104, 1, 0x3A09, 1, 0x6925, 1, 0x52CC, 2,
    0x3A09, 1, 0x8986, 1, 0x1082, 1, 0x42CC, 1,
    0x63B0, 2, 0x632E, 1, 0x63B0, 1, 0x632E, 1,
    0x2924, 1, 0x6862, 1, 0x632E, 4, 0x52CC, 2,
    0x632E, 18, 0x42CC, 4, 0x3A09, 2, 0x39A8, 1,
    0x2147, 1, 0x52CC, 2, 0x3A09, 1, 0x18C5, 67,
    0x20E3, 1, 0x18A2, 1, 0x4062, 2, 0x0862, 1,
    0x7B47, 5, 0x20E3, 1, 0x3A09, 2, 0x42CC, 1,
    0x52CC, 1, 0x42CC, 1, 0x52CC, 1, 0x0862, 1,
    0x42CC, 1, 0x63B0, 1, 0x632E, 4, 0x3A09, 1,
    0x632E, 23, 0x3A09, 1, 0x39A8, 1, 0x2147, 1,
    0x42CC, 1, 0x3A09, 1, 0x39A8, 3, 0x42CC, 2,
    0x52CC, 2, 0x3A09, 1, 0x18C5, 67, 0x4062, 1,
    0x1082, 1, 0x0862, 1, 0x20E3, 1, 0x18A2, 1,
    0x7B47, 3, 0x5ACA, 1, 0x3A09, 4, 0x42CC, 1,
    0x52CC, 4, 0x42CC, 2, 0x63B0, 1, 0x632E, 2,
    0x3A09, 1, 0x6925, 1, 0x632E, 9, 0x63B0, 1,
    0x632E, 2, 0x63B0, 2, 0x632E, 6, 0x39A8, 1,
    0x42CC, 1, 0x39A8, 1, 0x42CC, 2, 0x6CB4, 4,
    0x42CC, 4, 0x52CC, 3, 0x18C5, 67, 0x10A3, 3,
    0x0862, 1, 0x4062, 1, 0x7B47, 3, 0x732B, 1,
    0x3A09, 2, 0x4104, 1, 0x3A09, 2, 0x42CC, 1,
    0x52CC, 1, 0x3A09, 1, 0x52CC, 1, 0x0862, 1,
    0x3A09, 1, 0x42CC, 1, 0x632E, 2, 0x3A09, 1,
    0x6000, 1, 0x632E, 7, 0x42CC, 1, 0x3A09, 1,
    0x42CC, 11, 0x6CB4, 12, 0x39A8, 1, 0x42CC, 1,
    0x3A09, 1, 0x52CC, 1, 0x18C5, 66, 0x10A3, 1,
    0x0862, 1, 0x10A3, 1, 0x2924, 1, 0x10A3, 1,
    0x4062, 1, 0x1082, 1, 0x7B47, 1, 0x2924, 1,
    0x7B47, 2, 0x3A09, 1, 0x39A8, 1, 0x3A09, 4,
    0x42CC, 1, 0x5ACA, 1, 0x2800, 1, 0x3A09, 2,
    0x42CC, 1, 0x632E, 1, 0x2104, 1, 0x632E, 2,
    0x2147, 1, 0x3A09, 5, 0x42CC, 4, 0x6CB4, 1,
    0x2147, 1, 0x42CC, 2, 0x6CB4, 1, 0x94D3, 2,
    0x6CB4, 2, 0x94D3, 1, 0x6CB4, 3, 0x42CC, 2,
    0x6CB4, 7, 0x42CC, 1, 0x3A09, 1, 0x52CC, 2,
    0x18C5, 65, 0x18A2, 1, 0x10A3, 1, 0x18A2, 1,
    0x0862, 1, 0x10A3, 2, 0x0862, 1, 0x7B47, 1,
    0x10A3, 1, 0x2147, 1, 0x7B47, 3, 0x39A8, 1,
    0x3A09, 1, 0x52CC, 1, 0x632E, 2, 0x52CC, 1,
    0x632E, 1, 0x2800, 1, 0x3A09, 1, 0x42CC, 2,
    0x8986, 1, 0x6CB4, 5, 0x94D3, 7, 0x2147, 2,
    0x10A3, 1, 0x2147, 2, 0x6CB4, 1, 0x94D3, 3,
    0x6CB4, 2, 0x42CC, 1, 0x2147, 1, 0x42CC, 1,
    0x2147, 1, 0x42CC, 1, 0x6CB4, 7, 0x42CC, 1,
    0x52CC, 2, 0x18C5, 65, 0x18A2, 1, 0x3985, 1,
    0x2800, 1, 0x0862, 1, 0x2924, 1, 0x0862, 2,
    0x7B47, 1, 0x1082, 1, 0x0862, 1, 0x3A09, 1,
    0x7B47, 1, 0x4A27, 1, 0x3A09, 2, 0x52CC, 2,
    0x632E, 2, 0x6925, 1, 0x632E, 1, 0x2800, 1,
    0x42CC, 1, 0x2104, 1, 0x6CB4, 4, 0x94D3, 8,
    0x6CB4, 1, 0x42CC, 1, 0x0862, 1, 0x0000, 2,
    0x42CC, 2, 0x94D3, 3, 0x6CB4, 2, 0x42CC, 1,
    0x2147, 1, 0x1082, 2, 0x42CC, 2, 0x6CB4, 7,
    0x3A09, 1, 0x52CC, 1, 0x18C5, 65, 0x0862, 4,
    0x20E3, 1, 0x0862, 1, 0x10A3, 1, 0x7B47, 2,
    0x0862, 2, 0x7B47, 1, 0x4A27, 1, 0x7B47, 1,
    0x8BCA, 2, 0x632E, 1, 0x52CC, 1, 0x632E, 1,
    0x5ACA, 2, 0x632E, 1, 0x2800, 1, 0x4841, 1,
    0x6CB4, 4, 0x94D3, 8, 0x6CB4, 1, 0x42CC, 1,
    0x2147, 1, 0x10A3, 2, 0x42CC, 2, 0x94D3, 2,
    0x6CB4, 3, 0x42CC, 1, 0x2147, 2, 0x10A3, 1,
    0x42CC, 2, 0x6CB4, 8, 0x42CC, 1, 0x18C5, 64,
    0x10A3, 1, 0x0862, 6, 0x18A2, 1, 0x7B47, 1,
    0x4A27, 1, 0x7B47, 1, 0x4A27, 1, 0x7B47, 1,
    0x3A09, 1, 0x7B47, 1, 0x8BCA, 2, 0x52CC, 1,
    0x632E, 3, 0x8986, 2, 0x52CC, 1, 0x6000, 1,
    0x6CB4, 4, 0x94D3, 9, 0x42CC, 1, 0x6CB4, 5,
    0x94D3, 2, 0x6CB4, 2, 0x94D3, 1, 0x42CC, 1,
    0x6CB4, 2, 0x42CC, 2, 0x6CB4, 9, 0x52CC, 2,
    0x18C5, 63, 0x18E4, 1, 0x18A2, 1, 0x0862, 3,
    0x2800, 1, 0x0862, 1, 0x10A3, 1, 0x4A27, 1,
    0x7B47, 1, 0x4A27, 1, 0x7B47, 2, 0x4A27, 1,
    0x8BCA, 1, 0x52CC, 1, 0x8BCA, 1, 0x52CC, 3,
    0x632E, 1, 0x5ACA, 1, 0x8986, 1, 0x6925, 1,
    0x6CB4, 3, 0x63B0, 5, 0x632E, 4, 0x63B0, 2,
    0x42CC, 1, 0x6CB4, 6, 0x94D3, 1, 0x6CB4, 17,
    0x6925, 1, 0x52CC, 2, 0x18C5, 62, 0x18C3, 1,
    0x10A3, 1, 0x2800, 1, 0x0862, 3, 0x10A3, 2,
    0x4A27, 1, 0x3985, 1, 0x4A27, 2, 0x7B47, 1,
    0x4A27, 1, 0x8BCA, 1, 0x52CC, 1, 0x8BCA, 1,
    0x52CC, 3, 0x5ACA, 1, 0x632E, 1, 0x5ACA, 1,
    0x6925, 1, 0x6800, 1, 0x8986, 4, 0x6800, 1,
    0x18C5, 1, 0x42CC, 23, 0x3A09, 1, 0x42CC, 9,
    0x52CC, 2, 0x18C5, 62, 0x18E4, 1, 0x3985, 1,
    0x0862, 3, 0x2800, 1, 0x0862, 2, 0x3985, 2,
    0x4A27, 3, 0x3A09, 1, 0x52CC, 1, 0x42CC, 1,
    0x8BCA, 1, 0x52CC, 2, 0x632E, 3, 0x52CC, 1,
    0x8986, 1, 0x8000, 1, 0x6800, 1, 0x8986, 1,
    0x18C3, 1, 0x7800, 1, 0x6862, 1, 0x8986, 1,
    0x6862, 1, 0x2924, 2, 0x18E4, 1, 0x18C3, 1,
    0x8986, 4, 0x6000, 11, 0x8986, 1, 0x6000, 3,
    0x6800, 1, 0x6000, 1, 0x8986, 1, 0x6000, 1,
    0x8986, 1, 0x2800, 2, 0x8986, 2, 0x6800, 1,
    0x52CC, 2, 0x18C5, 61, 0x18E4, 1, 0x10A3, 1,
    0x0862, 2, 0x2800, 1, 0x0862, 2, 0x10A3, 1,
    0x3985, 1, 0x5000, 1, 0x10A3, 2, 0x7B47, 1,
    0x3A09, 1, 0x8BCA, 1, 0x3A09, 1, 0x8BCA, 1,
    0x6925, 1, 0x5ACA, 1, 0x52CC, 1, 0x5ACA, 1,
    0x52CC, 1, 0x632E, 1, 0x8000, 3, 0x6000, 1,
    0x8986, 1, 0x2800, 1, 0x8000, 1, 0x5ACA, 2,
    0x52CC, 8, 0x3A09, 8, 0x18C3, 1, 0x10A3, 1,
    0x18C3, 2, 0x18E4, 3, 0x2104, 1, 0x2924, 1,
    0x3A09, 1, 0x5ACA, 2, 0x6925, 1, 0x7800, 1,
    0x6800, 1, 0x2800, 1, 0x8986, 2, 0x632E, 1,
    0x52CC, 1, 0x18C5, 60, 0x18A2, 1, 0x3985, 1,
    0x0862, 4, 0x10A3, 1, 0x0862, 1, 0x1082, 1,
    0x4062, 1, 0x1082, 2, 0x10A3, 1, 0x18C3, 1,
    0x7B47, 2, 0x8BCA, 1, 0x6925, 2, 0x5ACA, 1,
    0x632E, 2, 0x63B0, 1, 0x632E, 1, 0x8000, 3,
    0x6800, 1, 0x8986, 1, 0x2800, 1, 0x6800, 1,
    0x52CC, 5, 0x8986, 1, 0x5ACA, 2, 0x632E, 18,
    0x52CC, 3, 0x5ACA, 1, 0x6925, 1, 0x5ACA, 1,
    0x7800, 1, 0x2800, 1, 0x8986, 1, 0x6925, 1,
    0x632E, 1, 0x18C5, 60, 0x4062, 1, 0x10A3, 1,
    0x0862, 6, 0x1082, 1, 0x4841, 1, 0x4A27, 1,
    0x7B47, 1, 0x1082, 1, 0x3985, 1, 0x4A27, 1,
    0x7B47, 1, 0x8BCA, 1, 0x6862, 1, 0x6925, 1,
    0x5ACA, 1, 0x63B0, 1, 0x632E, 4, 0x8000, 2,
    0x6800, 1, 0x6000, 1, 0x8986, 1, 0x2800, 1,
    0x6925, 1, 0x52CC, 7, 0x632E, 3, 0x8BCA, 8,
    0x632E, 1, 0x52CC, 8, 0x8986, 1, 0x6925, 3,
    0x5ACA, 1, 0x6000, 1, 0x2800, 1, 0x8986, 1,
    0x6925, 1, 0x632E, 1, 0x18C5, 59, 0x4062, 1,
    0x10A3, 1, 0x0862, 3, 0x2924, 1, 0x18A2, 1,
    0x0862, 2, 0x4841, 1, 0x18C3, 1, 0x4A27, 1,
    0x7B47, 1, 0x3985, 1, 0x4A27, 1, 0x7B47, 2,
    0x6000, 1, 0x6862, 1, 0x5ACA, 1, 0x52CC, 2,
    0x632E, 1, 0x63B0, 2, 0x632E, 1, 0x6800, 3,
    0x8986, 1, 0x2800, 1, 0x2924, 1, 0x52CC, 1,
    0x632E, 1, 0x8BCA, 1, 0x3A09, 2, 0x632E, 1,
    0x63B0, 1, 0x8BCA, 2, 0x632E, 1, 0x52CC, 2,
    0x8BCA, 2, 0x52CC, 7, 0x632E, 1, 0x8BCA, 1,
    0x632E, 1, 0x52CC, 3, 0x5ACA, 2, 0x6925, 2,
    0x5ACA, 1, 0x6800, 1, 0x0862, 2, 0x8986, 1,
    0x52CC, 1, 0x632E, 1, 0x18C5, 58, 0x4062, 1,
    0x10A3, 1, 0x0862, 3, 0x10A3, 1, 0x18A2, 1,
    0x2147, 2, 0x4062, 2, 0x18C3, 1, 0x4A27, 2,
    0x18C3, 2, 0x7B47, 1, 0x10A3, 1, 0x6000, 1,
    0x632E, 1, 0x2147, 1, 0x52CC, 1, 0x632E, 2,
    0x63B0, 1, 0x632E, 1, 0x52CC, 1, 0x6800, 3,
    0x8986, 1, 0x2800, 1, 0x2924, 1, 0x52CC, 1,
    0x8BCA, 2, 0x7B47, 1, 0x5ACA, 1, 0x8BCA, 1,
    0x5ACA, 1, 0x52CC, 3, 0x42CC, 1, 0x52CC, 8,
    0x8BCA, 2, 0x52CC, 1, 0x3A09, 1, 0x8BCA, 2,
    0x63B0, 1, 0x52CC, 3, 0x8BCA, 1, 0x52CC, 1,
    0x42CC, 1, 0x6800, 1, 0x2800, 1, 0x8986, 1,
    0x6925, 1, 0x3A09, 1, 0x632E, 1, 0x18C5, 57,
    0x20E3, 1, 0x0862, 1, 0x18A2, 1, 0x2800, 1,
    0x18A2, 1, 0x0862, 1, 0x10A3, 1, 0x2147, 2,
    0x20E3, 1, 0x10A3, 1, 0x4062, 1, 0x18C3, 1,
    0x4A27, 1, 0x2104, 1, 0x1082, 1, 0x7B47, 1,
    0x2800, 1, 0x18C3, 1, 0x632E, 1, 0x52CC, 1,
    0x3A09, 1, 0x8986, 1, 0x632E, 1, 0x63B0, 2,
    0x632E, 1, 0x52CC, 1, 0x6862, 2, 0x6000, 1,
    0x8986, 1, 0x2800, 1, 0x2104, 1, 0x52CC, 1,
    0x8BCA, 1, 0x4A27, 1, 0x8BCA, 1, 0x5000, 1,
    0x8BCA, 1, 0x4A27, 1, 0x2924, 1, 0x8BCA, 4,
    0x3A09, 2, 0x8BCA, 2, 0x52CC, 3, 0x3A09, 4,
    0x8BCA, 3, 0x3A09, 1, 0x8BCA, 4, 0xA488, 2,
    0x10A3, 1, 0x8986, 1, 0x3A09, 1, 0x632E, 2,
    0x18C5, 56, 0x20E3, 1, 0x1082, 1, 0x3985, 1,
    0x18A2, 1, 0x3985, 1, 0x0862, 1, 0x10A3, 1,
    0x2147, 1, 0x18E4, 1, 0x20E3, 1, 0x0862, 1,
    0x10A3, 1, 0x4841, 1, 0x3985, 1, 0x4104, 1,
    0x7B47, 2, 0x3985, 1, 0x3A09, 1, 0x632E, 1,
    0x42CC, 1, 0x2924, 2, 0x63B0, 1, 0xB50B, 1,
    0x63B0, 2, 0x3A09, 2, 0x4841, 2, 0x6925, 1,
    0x2800, 1, 0x2147, 1, 0x7B47, 1, 0x732B, 1,
    0x7B47, 1, 0x5ACA, 1, 0x6862, 1, 0x8BCA, 1,
    0x6862, 1, 0x8BCA, 1, 0x6925, 1, 0x2104, 1,
    0x3A09, 1, 0x8BCA, 5, 0x3A09, 1, 0x8BCA, 9,
    0x4841, 1, 0x4A27, 1, 0xA488, 1, 0x8BCA, 1,
    0x42CC, 1, 0x52CC, 1, 0x7800, 1, 0x0862, 2,
    0x6925, 1, 0x4062, 1, 0x632E, 2, 0x18C5, 56,
    0x10A3, 3, 0x0862, 1, 0x4062, 1, 0x18E4, 3,
    0x2800, 1, 0x20E3, 1, 0x0862, 2, 0x2924, 1,
    0x4841, 1, 0x4A27, 1, 0x7B47, 2, 0x3A09, 1,
    0x42CC, 1, 0x18E4, 1, 0x4841, 1, 0x2924, 2,
    0x8BCA, 1, 0x3A09, 1, 0x42CC, 2, 0x4104, 3,
    0x6925, 1, 0x2800, 2, 0x4000, 1, 0x7B47, 2,
    0x5ACA, 1, 0x7B47, 1, 0x5ACA, 4, 0x3985, 1,
    0x4062, 1, 0x39A8, 2, 0x4062, 1, 0x18C3, 1,
    0x5ACA, 1, 0x7B47, 1, 0x39A8, 1, 0x732B, 1,
    0x5ACA, 1, 0x18C3, 1, 0x7B47, 1, 0x5ACA, 1,
    0x7B47, 1, 0x4062, 1, 0x2800, 1, 0x7B47, 5,
    0x3A09, 1, 0x39A8, 1, 0x5000, 1, 0x2800, 1,
    0x6925, 1, 0x4104, 2, 0x52CC, 1, 0x632E, 1,
    0x18C5, 55, 0x6862, 1, 0x10A3, 2, 0x0862, 1,
    0x4062, 1, 0x18E4, 1, 0x2104, 3, 0x20E3, 2,
    0x0862, 2, 0x4062, 1, 0x18C3, 1, 0x7B47, 2,
    0x18C3, 2, 0x18E4, 1, 0x6000, 1, 0x5000, 1,
    0x52CC, 1, 0x8BCA, 1, 0x7B47, 1, 0x3A09, 3,
    0x39A8, 1, 0x4104, 2, 0x6925, 1, 0x2800, 1,
    0x5000, 1, 0x3A09, 2, 0x7B47, 1, 0x732B, 1,
    0x7B47, 2, 0x5ACA, 1, 0x39A8, 1, 0x7B47, 2,
    0x5ACA, 1, 0x39A8, 3, 0x2147, 1, 0x3985, 1,
    0x18C3, 1, 0x3985, 3, 0x7B47, 1, 0x5ACA, 2,
    0x7B47, 1, 0x3985, 2, 0x7B47, 1, 0x4104, 1,
    0x7B47, 3, 0x39A8, 1, 0x5000, 1, 0x2800, 1,
    0x6925, 1, 0x4841, 1, 0x39A8, 2, 0x52CC, 1,
    0x7B47, 1, 0x18C5, 54, 0x18A2, 1, 0x10A3, 1,
    0x18A2, 1, 0x10A3, 1, 0x20E3, 1, 0x18E4, 1,
    0x2104, 2, 0x1082, 1, 0x632E, 1, 0x20E3, 2,
    0x2800, 1, 0x20E3, 1, 0x4062, 1, 0x7B47, 2,
    0x10A3, 1, 0x2104, 1, 0x18C5, 3, 0x18C3, 1,
    0x8BCA, 1, 0x3A09, 2, 0x42CC, 1, 0x39A8, 3,
    0x4104, 1, 0x6925, 1, 0x2800, 1, 0x5000, 1,
    0x3A09, 1, 0x39A8, 1, 0x2147, 1, 0x7B47, 1,
    0x39A8, 1, 0x4000, 1, 0x4062, 1, 0x3985, 1,
    0x5ACA, 2, 0x7B47, 1, 0x5ACA, 2, 0x7B47, 2,
    0x3985, 1, 0x7B47, 2, 0x5ACA, 2, 0x7B47, 1,
    0x4062, 1, 0x4A27, 1, 0x4104, 2, 0x7B47, 2,
    0x4000, 1, 0x732B, 1, 0x7B47, 1, 0x732B, 1,
    0x3A09, 2, 0x5000, 1, 0x2800, 1, 0x5000, 1,
    0x4104, 1, 0x3A09, 2, 0x52CC, 1, 0x8BCA, 1,
    0x18C5, 54, 0x20E3, 1, 0x4062, 2, 0x0862, 1,
    0x2147, 2, 0x2104, 2, 0x42CC, 2, 0x20E3, 1,
    0x0862, 1, 0x2800, 1, 0x10A3, 1, 0x4A27, 1,
    0x7B47, 1, 0x0862, 1, 0x18C3, 1, 0x18C5, 3,
    0x4000, 1, 0x18C3, 1, 0x39A8, 8, 0x6925, 1,
    0x2800, 1, 0x5000, 1, 0x4841, 1, 0x39A8, 1,
    0x10A3, 1, 0x7B47, 2, 0x3A09, 1, 0x4062, 1,
    0x4104, 1, 0x4000, 3, 0x2800, 1, 0x4000, 1,
    0x2800, 2, 0x4062, 1, 0x7B47, 2, 0x5ACA, 1,
    0x4A27, 1, 0x7B47, 1, 0x4A27, 1, 0x7B47, 2,
    0x5000, 1, 0x3A09, 2, 0x7B47, 2, 0x732B, 2,
    0x3A09, 1, 0x4062, 1, 0x2800, 1, 0x6925, 1,
    0x4841, 1, 0x39A8, 1, 0x3A09, 2, 0x8BCA, 1,
    0x18C5, 54, 0x42CC, 1, 0x4062, 1, 0x10A3, 1,
    0x2104, 5, 0x10A3, 1, 0x63B0, 2, 0x20E3, 1,
    0x2800, 2, 0x3985, 1, 0x4A27, 1, 0x20E3, 1,
    0x3A09, 1, 0x18C5, 4, 0x4000, 1, 0x4062, 1,
    0x18C3, 1, 0x4104, 3, 0x4841, 2, 0x5000, 1,
    0x6925, 1, 0x1082, 1, 0x5000, 2, 0x39A8, 1,
    0x4104, 1, 0x10A3, 1, 0x39A8, 1, 0x7B47, 1,
    0x39A8, 1, 0x4062, 1, 0x3985, 1, 0x4000, 1,
    0x2800, 11, 0x4062, 1, 0x3985, 2, 0x4000, 1,
    0x7B47, 2, 0x10A3, 1, 0x5000, 1, 0x10A3, 1,
    0x3A09, 2, 0x5000, 1, 0x2800, 1, 0x6925, 1,
    0x4841, 1, 0x4104, 1, 0x3A09, 2, 0x7B47, 1,
    0x18C5, 58, 0x18E4, 2, 0x18C3, 1, 0x10A3, 1,
    0x3A09, 1, 0x632E, 3, 0x63B0, 1, 0x2800, 1,
    0x0862, 1, 0x4A27, 1, 0x3985, 1, 0x2104, 1,
    0x18C5, 3, 0x4062, 1, 0x4000, 2, 0x4062, 2,
    0x4841, 3, 0x5000, 2, 0x4000, 1, 0x6925, 1,
    0x2800, 1, 0x5000, 1, 0x4104, 1, 0x39A8, 1,
    0x4841, 1, 0x10A3, 1, 0x39A8, 1, 0x7B47, 3,
    0x2147, 1, 0x4000, 1, 0x3985, 3, 0x4062, 4,
    0x2800, 1, 0x4062, 3, 0x2800, 2, 0x7B47, 2,
    0x39A8, 1, 0x10A3, 1, 0x5000, 2, 0x4104, 2,
    0x4841, 1, 0x5000, 1, 0x2800, 1, 0x5000, 1,
    0x4104, 3, 0x3A09, 1, 0x4841, 1, 0x18C5, 60,
    0x6CB4, 2, 0x1082, 1, 0x2147, 2, 0x42CC, 1,
    0x2800, 1, 0x18A2, 2, 0x4A27, 1, 0x10A3, 1,
    0x18C5, 3, 0x20E3, 1, 0x4000, 2, 0x6862, 1,
    0x7800, 5, 0x6925, 1, 0x6862, 2, 0x8986, 1,
    0x2800, 1, 0x6800, 1, 0x5ACA, 1, 0x52CC, 1,
    0x6925, 1, 0x6862, 1, 0x6800, 1, 0x10A3, 1,
    0x2147, 1, 0x7B47, 3, 0x732B, 1, 0x5ACA, 1,
    0x2800, 1, 0x4062, 1, 0x3985, 1, 0x4062, 2,
    0x10A3, 1, 0x2924, 1, 0x5ACA, 1, 0x732B, 1,
    0x7B47, 2, 0x39A8, 1, 0x1082, 1, 0x5000, 3,
    0x4841, 2, 0x5000, 1, 0x2800, 1, 0x6925, 1,
    0x5000, 1, 0x4104, 4, 0x2104, 1, 0x18C5, 61,
    0x0000, 1, 0x0862, 1, 0x18C3, 2, 0x2147, 2,
    0x2800, 2, 0x3985, 1, 0x10A3, 1, 0x18C5, 3,
    0x10A3, 1, 0x4000, 2, 0x5000, 1, 0x8000, 1,
    0x7800, 4, 0x6862, 1, 0x6925, 1, 0x6862, 3,
    0x2800, 1, 0x6800, 1, 0x6925, 1, 0x5ACA, 1,
    0x52CC, 1, 0x6862, 1, 0x6800, 2, 0x18E4, 1,
    0x3A09, 1, 0x8BCA, 9, 0x3A09, 2, 0x18E4, 1,
    0x10A3, 1, 0x5000, 1, 0x6800, 1, 0x6862, 1,
    0x6925, 2, 0x52CC, 1, 0x6862, 1, 0x6800, 1,
    0x2800, 1, 0x8986, 1, 0x6862, 1, 0x9083, 1,
    0x8986, 1, 0x8000, 3, 0x4104, 1, 0x18C5, 61,
    0x0862, 1, 0x63B0, 1, 0x6CB4, 2, 0x2147, 1,
    0x18C5, 1, 0x2800, 1, 0x18A2, 2, 0x2800, 1,
    0x18C5, 3, 0x1082, 1, 0x0862, 1, 0x5000, 2,
    0x8000, 2, 0x7800, 2, 0xA488, 2, 0x8986, 1,
    0x6925, 3, 0x6862, 1, 0x8986, 1, 0x6800, 2,
    0x6925, 1, 0x6862, 1, 0x6925, 1, 0x6800, 5,
    0x6000, 2, 0x5000, 1, 0x6000, 3, 0x6800, 3,
    0x6000, 1, 0x6800, 3, 0x6925, 2, 0x52CC, 1,
    0x6925, 1, 0x6800, 2, 0x6862, 3, 0x8986, 1,
    0x9083, 1, 0x9000, 2, 0x8000, 1, 0xA801, 1,
    0x0862, 1, 0x18C5, 67, 0x2800, 2, 0x20E3, 1,
    0x18C5, 2, 0x10A3, 2, 0x0862, 1, 0x4000, 1,
    0x5000, 1, 0x8000, 3, 0x6862, 1, 0xA488, 4,
    0x2924, 2, 0x6862, 1, 0x6800, 1, 0x8986, 1,
    0x10A3, 1, 0x2800, 1, 0x1082, 1, 0x6800, 4,
    0x6862, 5, 0x6000, 4, 0x6800, 10, 0x2800, 1,
    0x8986, 1, 0x6862, 1, 0x6925, 1, 0x52CC, 1,
    0x8986, 1, 0xB50B, 2, 0x9000, 1, 0xA801, 2,
    0x6000, 1, 0x18C5, 68, 0x2800, 1, 0x20E3, 1,
    0x18C5, 2, 0x18E4, 1, 0x4062, 1, 0x0862, 1,
    0x4000, 2, 0x8000, 4, 0xA269, 1, 0x2924, 1,
    0xA488, 2, 0xB50B, 1, 0x42CC, 1, 0x2924, 1,
    0x6862, 2, 0x632E, 1, 0x52CC, 1, 0x8986, 1,
    0x1082, 2, 0x6800, 4, 0x6862, 3, 0x6800, 1,
    0x6000, 4, 0x6800, 4, 0x6000, 2, 0x1082, 1,
    0x2800, 2, 0x6862, 1, 0x7800, 1, 0x6862, 1,
    0x2147, 2, 0xB50B, 3, 0x9083, 1, 0xA801, 2,
    0x18E4, 1, 0x18C5, 68, 0x2800, 2, 0x18C5, 2,
    0x18E4, 1, 0x10A3, 1, 0x0862, 1, 0x4000, 1,
    0x5000, 1, 0x6000, 1, 0x8000, 3, 0x63B0, 1,
    0x18E4, 1, 0x5ACA, 1, 0xA488, 2, 0x63B0, 1,
    0x52CC, 1, 0x2924, 2, 0x6862, 5, 0x8986, 1,
    0x10A3, 1, 0x1082, 1, 0x0862, 7, 0x1082, 2,
    0x0862, 3, 0x4000, 2, 0x8986, 2, 0x6862, 3,
    0x6925, 1, 0x6862, 1, 0x2924, 1, 0xB50B, 3,
    0x2147, 1, 0xA269, 1, 0xA801, 1, 0x9000, 1,
    0x2104, 1, 0x18C5, 69, 0x2800, 2, 0x18C5, 1,
    0x18E4, 1, 0x20E3, 1, 0x0862, 1, 0x4000, 1,
    0x5000, 1, 0x6000, 2, 0x5000, 1, 0x63B0, 1,
    0xA269, 1, 0x18E4, 1, 0x63B0, 1, 0xB50B, 2,
    0x63B0, 4, 0x2924, 1, 0x6862, 3, 0x6800, 2,
    0x6000, 9, 0x8986, 7, 0x6862, 1, 0x6925, 1,
    0x6862, 3, 0x2147, 1, 0x63B0, 2, 0x6CB4, 1,
    0xB50B, 2, 0x2104, 1, 0xA269, 1, 0xA801, 1,
    0x6800, 1, 0x18E4, 1, 0x18C5, 69, 0x2800, 2,
    0x18C5, 1, 0x18A2, 1, 0x3985, 1, 0x0862, 1,
    0x4000, 1, 0x5000, 1, 0x6000, 1, 0x5000, 3,
    0x63B0, 2, 0x2147, 1, 0x18E4, 1, 0x94D3, 1,
    0x6CB4, 1, 0x94D3, 2, 0x6CB4, 1, 0x94D3, 1,
    0x39A8, 1, 0x9083, 2, 0x7800, 1, 0x6800, 1,
    0x6000, 16, 0x6800, 1, 0x7800, 1, 0x6862, 3,
    0x2147, 1, 0x63B0, 2, 0x6CB4, 1, 0xFECD, 2,
    0x2104, 1, 0x94D3, 1, 0x8000, 1, 0x7800, 1,
    0x18E4, 1, 0x18C5, 70, 0x0862, 1, 0x18C5, 1,
    0x18A2, 1, 0x3985, 1, 0x0862, 1, 0x5000, 2,
    0x6000, 1, 0x5000, 5, 0x8000, 1, 0x94D3, 1,
    0x18E4, 1, 0x94D3, 1, 0x6CB4, 4, 0x94D3, 1,
    0xA145, 1, 0xA801, 1, 0x9000, 18, 0xA801, 3,
    0x63B0, 1, 0x94D3, 1, 0x6CB4, 1, 0x94D3, 4,
    0x2104, 1, 0x94D3, 1, 0x7800, 2, 0x6800, 1,
    0x2104, 1, 0x18C5, 70, 0x0862, 1, 0x18C5, 1,
    0x4062, 1, 0x10A3, 1, 0x0862, 1, 0x5000, 7,
    0x6800, 2, 0x8000, 3, 0x94D3, 1, 0x2924, 2,
    0x18C3, 2, 0x2104, 1, 0x9000, 22, 0x94D3, 2,
    0x6CB4, 1, 0x2147, 1, 0x2104, 1, 0x94D3, 1,
    0x2104, 1, 0x94D3, 1, 0x9000, 1, 0x7800, 2,
    0x6800, 1, 0x2104, 1, 0x18C5, 71, 0x0862, 1,
    0x4062, 1, 0x10A3, 1, 0x0862, 1, 0x5000, 5,
    0x6800, 3, 0x8000, 2, 0x9000, 1, 0x8000, 3,
    0x9000, 1, 0x8000, 1, 0x9000, 2, 0xA801, 3,
    0x8000, 1, 0x9000, 18, 0xA269, 1, 0x94D3, 1,
    0x18C3, 1, 0x2147, 1, 0x9000, 2, 0x8000, 1,
    0x7800, 1, 0x8000, 1, 0x7800, 1, 0x6800, 1,
    0x6000, 1, 0x2147, 1, 0x18C5, 72, 0x20E3, 1,
    0x10A3, 1, 0x0862, 1, 0x4000, 1, 0x5000, 2,
    0x6800, 5, 0x8000, 4, 0x9000, 1, 0x8000, 1,
    0x9000, 4, 0x8000, 1, 0x7800, 1, 0xA801, 18,
    0x7800, 1, 0x8000, 1, 0x9000, 6, 0x8000, 1,
    0x9000, 1, 0x8000, 1, 0x7800, 1, 0x6800, 1,
    0x6000, 1, 0x18E4, 1, 0x18C5, 72, 0x20E3, 1,
    0x0862, 2, 0x4000, 1, 0x5000, 1, 0x6800, 7,
    0x8000, 3, 0x9000, 4, 0xA801, 1, 0x8000, 1,
    0x6000, 1, 0x7800, 3, 0x8000, 1, 0xA801, 3,
    0xA145, 6, 0xA801, 4, 0x7800, 3, 0x6000, 1,
    0x8000, 1, 0x9000, 5, 0x8000, 2, 0x7800, 2,
    0x6800, 1, 0x6000, 1, 0x18E4, 1, 0x18C5, 73,
    0x10A3, 3, 0x4000, 1, 0x6000, 1, 0x6800, 6,
    0x8000, 2, 0x7800, 1, 0x8000, 2, 0x9000, 1,
    0xA801, 2, 0x6000, 2, 0x4000, 3, 0x8000, 1,
    0x9000, 3, 0xA801, 1, 0xA145, 4, 0xA801, 1,
    0x9000, 3, 0x8000, 1, 0x4000, 3, 0x6000, 2,
    0x9000, 6, 0x8000, 1, 0x7800, 3, 0x6800, 1,
    0x18C5, 74, 0x4062, 1, 0x0862, 2, 0x2800, 1,
    0x4000, 1, 0x6000, 2, 0x6800, 4, 0x8000, 1,
    0x9000, 1, 0x6000, 2, 0x8000, 1, 0x9000, 1,
    0xA801, 2, 0xA145, 2, 0x2800, 1, 0x4000, 3,
    0x2800, 1, 0x4000, 1, 0x9000, 1, 0xA801, 1,
    0xA145, 4, 0xA801, 1, 0x9000, 1, 0x4000, 1,
    0x2800, 1, 0x4000, 2, 0x0000, 1, 0x2800, 1,
    0x10A3, 1, 0xA801, 2, 0x9000, 1, 0x8000, 1,
    0x7800, 1, 0x9000, 1, 0x8000, 1, 0x7800, 4,
    0x2147, 1, 0x18C5, 74, 0x4062, 1, 0x1082, 2,
    0x2800, 2, 0x5000, 2, 0x6000, 1, 0x6800, 3,
    0x8000, 1, 0x6000, 3, 0x8000, 1, 0x9000, 1,
    0xA801, 4, 0x9083, 1, 0x0000, 4, 0x4000, 2,
    0x0862, 2, 0x2800, 2, 0x0862, 2, 0x4000, 2,
    0x0000, 4, 0xA801, 1, 0xA145, 1, 0xA801, 2,
    0x9000, 1, 0x8000, 1, 0x6000, 1, 0x9000, 1,
    0x7800, 3, 0x6800, 1, 0x18E4, 2, 0x18C5, 75,
    0x4062, 1, 0x20E3, 1, 0x4062, 1, 0x2800, 2,
    0x4000, 2, 0x6000, 2, 0x6800, 1, 0x7800, 1,
    0x6000, 2, 0x7800, 2, 0xA801, 7, 0x3A09, 1,
    0x0000, 3, 0x10A3, 8, 0x0000, 2, 0x3A09, 1,
    0xA145, 1, 0x9083, 1, 0xA801, 4, 0x7800, 1,
    0x6000, 2, 0x9000, 1, 0x7800, 3, 0x5000, 1,
    0x2104, 1, 0x18E4, 1, 0x18C5, 75, 0x18E4, 1,
    0x18C3, 2, 0x2800, 4, 0x5000, 1, 0x6000, 5,
    0x7800, 2, 0x8000, 2, 0xA801, 3, 0x9000, 1,
    0xA801, 1, 0xA145, 2, 0xA269, 1, 0xB50B, 1,
    0x94D3, 3, 0x0000, 1, 0x94D3, 3, 0x63B0, 2,
    0xA269, 1, 0x3A09, 1, 0xA801, 4, 0x8000, 2,
    0x7800, 1, 0x6000, 2, 0x7800, 1, 0x6800, 1,
    0x6000, 1, 0x4000, 1, 0x2104, 1, 0x2147, 1,
    0x18C5, 81, 0x2800, 3, 0x4000, 5, 0x7800, 2,
    0x8000, 5, 0x9000, 5, 0xB50B, 1, 0x94D3, 1,
    0xFECD, 2, 0x94D3, 1, 0xFECD, 2, 0x94D3, 1,
    0xB50B, 1, 0xA269, 1, 0xA145, 1, 0x9000, 2,
    0x8000, 5, 0x7800, 1, 0x6000, 3, 0x5000, 1,
    0x2800, 2, 0x2104, 1, 0x2147, 1, 0x18C5, 85,
    0x2800, 4, 0x4000, 1, 0x5000, 2, 0x6000, 3,
    0x8000, 5, 0x9000, 3, 0xA801, 2, 0x9000, 1,
    0xA801, 1, 0x9000, 4, 0x8000, 7, 0x7800, 1,
    0x4000, 3, 0x2800, 2, 0x4000, 1, 0x18C3, 1,
    0x2104, 1, 0x18C5, 91, 0x2800, 1, 0x4000, 6,
    0x5000, 1, 0x6000, 3, 0x5000, 1, 0x4000, 2,
    0x2800, 2, 0x4000, 2, 0x5000, 1, 0x6000, 9,
    0x2800, 4, 0x18C5, 105, 0x2800, 1, 0x4000, 2,
    0x2800, 6, 0x4000, 8, 0x2800, 1, 0x18C5, 5031,
    0x18C5, 2734, 0xA269, 6, 0x18C5, 121, 0xA145, 3,
    0xA269, 7, 0x18C5, 118, 0x9083, 6, 0xA145, 3,
    0xA269, 5, 0x94D3, 1, 0x18C5, 113, 0xA801, 8,
    0x9083, 1, 0xA145, 3, 0xA269, 7, 0x94D3, 1,
    0xA269, 2, 0xA145, 1, 0xA269, 1, 0x94D3, 3,
    0xA269, 1, 0x18C5, 6, 0xA269, 10, 0x18C5, 83,
    0xA801, 11, 0x9083, 1, 0xA801, 3, 0x9083, 1,
    0xA269, 10, 0x94D3, 1, 0xA269, 9, 0xA145, 1,
    0xA269, 5, 0xA145, 3, 0x18C5, 83, 0xA801, 2,
    0x9000, 1, 0x7800, 6, 0xA801, 11, 0xA145, 10,
    0xA269, 1, 0xA145, 3, 0x9083, 1, 0xA145, 1,
    0x9083, 2, 0xA801, 2, 0x9083, 6, 0x18C5, 82,
    0x7800, 1, 0x6000, 1, 0x5000, 2, 0x6800, 5,
    0x7800, 1, 0x9000, 4, 0xA801, 21, 0x9083, 1,
    0xA801, 10, 0x18C5, 81, 0x6000, 2, 0x4000, 3,
    0x8000, 1, 0x6000, 2, 0x4000, 2, 0x6000, 1,
    0x6800, 7, 0x9000, 3, 0xA801, 6, 0x9000, 1,
    0xA801, 19, 0x18C5, 81, 0x4000, 2, 0x8000, 1,
    0x6000, 1, 0x4841, 2, 0x6000, 5, 0x2800, 1,
    0x4000, 7, 0x5000, 2, 0x6000, 1, 0x7800, 7,
    0x6800, 2, 0x9000, 6, 0x7800, 1, 0x6800, 4,
    0x7800, 3, 0xA801, 2, 0x18C5, 81, 0x4000, 1,
    0x4104, 1, 0x6000, 1, 0x9083, 1, 0x6862, 3,
    0x6000, 6, 0x6800, 2, 0x6862, 1, 0x6925, 2,
    0x2800, 4, 0x4000, 3, 0x6000, 2, 0x5000, 2,
    0x4000, 6, 0x6800, 2, 0x6000, 1, 0x4000, 4,
    0x5000, 3, 0x7800, 1, 0x9000, 1, 0x18C5, 81,
    0x3985, 1, 0x2147, 1, 0x632E, 1, 0x6925, 4,
    0x6862, 2, 0x6000, 4, 0x6800, 3, 0x6862, 5,
    0x6925, 1, 0x6862, 3, 0x6925, 2, 0x8986, 1,
    0x6925, 3, 0x2800, 5, 0x6800, 1, 0x7800, 2,
    0x6800, 4, 0x4000, 3, 0x6000, 2, 0x18C5, 79,
    0x4A27, 1, 0x2147, 1, 0x9083, 1, 0x3A09, 1,
    0x6925, 1, 0x52CC, 3, 0x6925, 1, 0x6862, 2,
    0x6000, 2, 0x6800, 14, 0x6862, 7, 0x6800, 2,
    0x7800, 2, 0x6800, 3, 0x6862, 3, 0x4841, 1,
    0x4000, 3, 0x18C5, 79, 0x3985, 1, 0x6862, 1,
    0x8986, 1, 0x6925, 1, 0x52CC, 1, 0x3A09, 1,
    0x52CC, 3, 0x3A09, 3, 0x6000, 3, 0x6800, 22,
    0x6000, 1, 0x7800, 5, 0x6862, 1, 0x6925, 2,
    0x6862, 1, 0x4841, 1, 0x4000, 1, 0x18C5, 78,
    0x7B47, 1, 0x3985, 1, 0x2924, 1, 0x632E, 1,
    0x52CC, 8, 0x8000, 1, 0x18E4, 1, 0x632E, 1,
    0x6CB4, 1, 0x63B0, 3, 0x632E, 1, 0x42CC, 1,
    0x8000, 1, 0x6CB4, 2, 0x63B0, 1, 0x632E, 1,
    0x7800, 1, 0x42CC, 1, 0x63B0, 1, 0x6800, 8,
    0x6000, 1, 0x6800, 1, 0x7800, 2, 0x6862, 1,
    0x6925, 2, 0x52CC, 4, 0x6862, 1, 0x20E3, 1,
    0x18C5, 77, 0xA488, 1, 0x7B47, 1, 0x3985, 1,
    0x2924, 1, 0x632E, 1, 0x3A09, 1, 0x52CC, 2,
    0x632E, 3, 0x52CC, 1, 0x6000, 4, 0x4000, 1,
    0x6800, 2, 0x6000, 4, 0x5000, 4, 0x4000, 4,
    0x7800, 1, 0xA269, 1, 0x2147, 1, 0x63B0, 3,
    0x6000, 2, 0x6800, 1, 0x7800, 1, 0x6800, 1,
    0x6925, 2, 0x5ACA, 1, 0x52CC, 4, 0x6925, 1,
    0x18C3, 1, 0x20E3, 1, 0x18C5, 75, 0xA488, 2,
    0x7B47, 1, 0x2924, 1, 0x732B, 1, 0x52CC, 1,
    0x3A09, 1, 0x52CC, 2, 0x632E, 3, 0x18C3, 1,
    0x6800, 2, 0x7800, 5, 0x10A3, 1, 0x632E, 4,
    0x52CC, 1, 0x732B, 2, 0xA488, 1, 0x52CC, 1,
    0x2924, 1, 0x10A3, 1, 0x2924, 1, 0x5000, 3,
    0x4000, 2, 0x6800, 1, 0xA269, 1, 0x42CC, 1,
    0x18C3, 1, 0x6800, 1, 0x6925, 2, 0x632E, 4,
    0x5ACA, 1, 0x4104, 2, 0x18C3, 1, 0x2924, 1,
    0x18C5, 74, 0xA488, 2, 0x3985, 1, 0xB50B, 1,
    0x2147, 1, 0x52CC, 2, 0x632E, 2, 0x63B0, 3,
    0xA269, 1, 0x8000, 7, 0x2104, 1, 0x632E, 1,
    0x732B, 1, 0x63B0, 1, 0x8986, 2, 0x63B0, 2,
    0xB50B, 1, 0xA488, 1, 0x63B0, 2, 0xB50B, 1,
    0xA488, 1, 0x18C3, 2, 0x6800, 1, 0x6000, 2,
    0x5000, 3, 0x4000, 1, 0x6862, 2, 0x632E, 3,
    0x52CC, 3, 0x3A09, 1, 0x18C3, 1, 0x10A3, 1,
    0x18C5, 73, 0xA488, 2, 0x5ACA, 1, 0xA488, 1,
    0x42CC, 1, 0x52CC, 6, 0x18C3, 1, 0x94D3, 1,
    0x6000, 2, 0x6862, 2, 0x6925, 5, 0x2104, 2,
    0x42CC, 1, 0x52CC, 1, 0x632E, 1, 0x8BCA, 3,
    0x3A09, 1, 0x42CC, 1, 0x52CC, 1, 0x63B0, 1,
    0x6925, 1, 0x5ACA, 2, 0x6862, 1, 0x6800, 2,
    0x6000, 5, 0x8986, 1, 0x632E, 6, 0x3A09, 1,
    0x18C3, 1, 0x10A3, 1, 0x7B47, 1, 0x18C5, 72,
    0xA488, 2, 0xB50B, 1, 0x8BCA, 1, 0x52CC, 1,
    0x632E, 1, 0x52CC, 2, 0x5ACA, 1, 0x52CC, 2,
    0x63B0, 1, 0x2147, 1, 0x6000, 2, 0x6862, 2,
    0x6925, 4, 0x39A8, 1, 0x52CC, 3, 0x632E, 1,
    0x42CC, 1, 0x632E, 1, 0x8BCA, 7, 0x3A09, 3,
    0x6862, 1, 0x6800, 5, 0x5000, 1, 0x6925, 1,
    0x632E, 6, 0x4104, 1, 0x3985, 2, 0x7B47, 1,
    0x18C5, 72, 0xA488, 2, 0xB50B, 1, 0x2147, 1,
    0x632E, 2, 0x52CC, 5, 0x94D3, 1, 0x2147, 1,
    0x6000, 2, 0x6925, 4, 0x52CC, 2, 0x39A8, 1,
    0x52CC, 3, 0x42CC, 1, 0x52CC, 3, 0x8BCA, 1,
    0x42CC, 1, 0x39A8, 1, 0x52CC, 2, 0x8BCA, 1,
    0x42CC, 1, 0x3A09, 2, 0x6925, 1, 0x6862, 1,
    0x6000, 3, 0x6800, 2, 0x52CC, 1, 0x632E, 6,
    0x3A09, 1, 0x4104, 1, 0x18C3, 1, 0x732B, 1,
    0x7B47, 1, 0x18C5, 71, 0xA488, 1, 0xB50B, 1,
    0x8BCA, 1, 0x8986, 2, 0x52CC, 4, 0x10A3, 1,
    0x6CB4, 1, 0x94D3, 1, 0x18E4, 1, 0x6862, 1,
    0x6925, 1, 0x8986, 2, 0x52CC, 4, 0x39A8, 1,
    0x52CC, 5, 0x42CC, 1, 0x8BCA, 7, 0x3A09, 3,
    0x6925, 4, 0x6000, 1, 0x5000, 2, 0x10A3, 1,
    0x5ACA, 1, 0x632E, 4, 0x3A09, 2, 0x5ACA, 1,
    0x3985, 1, 0x732B, 1, 0x7B47, 2, 0x18C5, 70,
    0xA488, 2, 0x8BCA, 1, 0x52CC, 1, 0x5ACA, 1,
    0x52CC, 2, 0x8986, 1, 0x52CC, 2, 0x6CB4, 1,
    0x94D3, 1, 0xA145, 1, 0x8986, 1, 0x632E, 1,
    0x8986, 2, 0x632E, 6, 0x52CC, 6, 0x3A09, 10,
    0x6925, 1, 0x4104, 3, 0x5000, 2, 0x10A3, 1,
    0x632E, 5, 0x52CC, 1, 0x39A8, 1, 0x3A09, 1,
    0x5ACA, 1, 0x2924, 1, 0x7B47, 2, 0x18C5, 69,
    0x18C3, 1, 0xA488, 2, 0x2147, 1, 0x5ACA, 1,
    0x632E, 1, 0x52CC, 2, 0x8986, 1, 0x6925, 1,
    0x6CB4, 2, 0x2147, 1, 0x0862, 1, 0x39A8, 1,
    0x3A09, 1, 0x42CC, 2, 0x3A09, 4, 0x42CC, 4,
    0x39A8, 5, 0x5ACA, 1, 0x52CC, 1, 0x5ACA, 1,
    0x52CC, 2, 0x6925, 1, 0x52CC, 1, 0x6925, 2,
    0x52CC, 1, 0x3A09, 2, 0x6925, 1, 0x5000, 2,
    0x63B0, 2, 0x5ACA, 2, 0x52CC, 3, 0x3A09, 2,
    0x732B, 1, 0x8BCA, 1, 0x7B47, 2, 0x18C5, 69,
    0x1082, 1, 0xA488, 2, 0x2147, 1, 0x8986, 1,
    0x632E, 1, 0x52CC, 2, 0x8986, 1, 0x10A3, 1,
    0x6CB4, 2, 0xA145, 1, 0x42CC, 2, 0x52CC, 6,
    0x632E, 2, 0x52CC, 7, 0x632E, 1, 0x52CC, 3,
    0x632E, 2, 0x52CC, 2, 0x3A09, 1, 0x39A8, 2,
    0x4104, 1, 0x5000, 1, 0x52CC, 1, 0x6862, 1,
    0x5000, 1, 0x632E, 1, 0x63B0, 1, 0x52CC, 1,
    0x8986, 1, 0x632E, 1, 0x52CC, 2, 0x3A09, 1,
    0x39A8, 1, 0x732B, 1, 0x8BCA, 2, 0x7B47, 1,
    0x18C5, 69, 0x0862, 1, 0xA488, 1, 0xB50B, 1,
    0x3A09, 1, 0x5ACA, 1, 0x632E, 2, 0x5ACA, 1,
    0x52CC, 1, 0x63B0, 1, 0x6CB4, 1, 0x63B0, 1,
    0x42CC, 1, 0x52CC, 8, 0x632E, 15, 0x52CC, 1,
    0x42CC, 5, 0x3A09, 3, 0x18C5, 1, 0x10A3, 1,
    0x63B0, 1, 0x632E, 1, 0x3A09, 1, 0x42CC, 1,
    0x52CC, 2, 0x42CC, 1, 0x39A8, 1, 0x732B, 1,
    0x8BCA, 2, 0xA488, 1, 0x18C5, 69, 0xA488, 2,
    0x52CC, 1, 0x3A09, 1, 0x5ACA, 1, 0x632E, 3,
    0x0862, 1, 0x632E, 1, 0x63B0, 1, 0x8986, 1,
    0x42CC, 1, 0x52CC, 3, 0x632E, 3, 0x52CC, 2,
    0x632E, 12, 0x52CC, 1, 0x632E, 1, 0x52CC, 1,
    0x39A8, 1, 0x2147, 3, 0x39A8, 4, 0x42CC, 2,
    0x8986, 1, 0x63B0, 1, 0x632E, 1, 0x18E4, 1,
    0x3A09, 1, 0x632E, 3, 0x52CC, 1, 0x3A09, 1,
    0x8BCA, 1, 0xB50B, 1, 0xA488, 1, 0x18C5, 68,
    0x4062, 1, 0xA488, 1, 0x4A27, 1, 0xA488, 1,
    0x6925, 1, 0x5ACA, 1, 0x632E, 2, 0x5ACA, 1,
    0x1082, 1, 0x63B0, 2, 0x42CC, 1, 0x52CC, 1,
    0x632E, 2, 0x52CC, 2, 0x632E, 1, 0x52CC, 1,
    0x2147, 2, 0x3A09, 2, 0x632E, 1, 0x52CC, 1,
    0x42CC, 2, 0x3A09, 1, 0x42CC, 3, 0x52CC, 1,
    0x2147, 1, 0x42CC, 1, 0x6CB4, 7, 0x42CC, 5,
    0x8000, 1, 0x63B0, 1, 0x632E, 3, 0x52CC, 2,
    0x632E, 1, 0x52CC, 2, 0xB50B, 1, 0xA488, 2,
    0x18C5, 68, 0x2924, 1, 0x7B47, 1, 0x8BCA, 2,
    0x6925, 1, 0x632E, 2, 0x63B0, 1, 0x52CC, 1,
    0x2800, 1, 0x63B0, 1, 0x632E, 1, 0x2147, 1,
    0x3A09, 1, 0x42CC, 3, 0x6CB4, 1, 0x2147, 2,
    0x42CC, 3, 0x6CB4, 1, 0x42CC, 1, 0x2147, 1,
    0x3A09, 1, 0x42CC, 1, 0x6CB4, 6, 0x94D3, 1,
    0x6CB4, 10, 0x42CC, 1, 0x39A8, 1, 0x42CC, 2,
    0x632E, 3, 0x52CC, 2, 0x632E, 1, 0x52CC, 1,
    0x632E, 1, 0xB50B, 1, 0xA488, 2, 0x18C5, 68,
    0x18C3, 1, 0x7B47, 1, 0x3A09, 1, 0x8BCA, 1,
    0x3A09, 1, 0x632E, 1, 0x63B0, 3, 0x2800, 1,
    0x632E, 1, 0x6CB4, 10, 0x94D3, 2, 0x42CC, 1,
    0x2147, 1, 0x18E4, 1, 0x2147, 2, 0x6CB4, 2,
    0x94D3, 2, 0x6CB4, 4, 0x42CC, 2, 0x6CB4, 9,
    0x39A8, 1, 0x2924, 1, 0x632E, 2, 0x52CC, 1,
    0x5ACA, 1, 0x632E, 1, 0x52CC, 2, 0x63B0, 1,
    0xB50B, 1, 0xA488, 2, 0x18C5, 68, 0x2800, 1,
    0x7B47, 1, 0x0862, 1, 0x8BCA, 1, 0x3A09, 1,
    0x63B0, 2, 0x632E, 1, 0x6925, 1, 0x4062, 1,
    0xA269, 1, 0x6CB4, 10, 0x94D3, 1, 0x6CB4, 1,
    0x42CC, 1, 0x18E4, 1, 0x0000, 2, 0x2147, 1,
    0x42CC, 1, 0x6CB4, 2, 0x94D3, 1, 0x6CB4, 2,
    0x42CC, 1, 0x2147, 2, 0x0862, 1, 0x42CC, 2,
    0x6CB4, 8, 0x8986, 1, 0x632E, 1, 0x63B0, 1,
    0x18E4, 1, 0x42CC, 1, 0x632E, 1, 0x52CC, 2,
    0xB50B, 2, 0xA488, 1, 0x18C5, 69, 0x1082, 1,
    0x7B47, 2, 0xA488, 1, 0x8BCA, 1, 0x632E, 1,
    0x63B0, 1, 0x632E, 1, 0x8986, 1, 0x2800, 1,
    0x6CB4, 11, 0x94D3, 1, 0x6CB4, 1, 0x42CC, 1,
    0x2147, 1, 0x0862, 2, 0x42CC, 2, 0x94D3, 2,
    0x6CB4, 2, 0x94D3, 1, 0x42CC, 2, 0x0862, 1,
    0x18C5, 1, 0x2147, 1, 0x42CC, 1, 0x6CB4, 8,
    0x42CC, 3, 0x52CC, 2, 0x632E, 3, 0x63B0, 1,
    0xB50B, 1, 0xA488, 1, 0x18C5, 69, 0x0862, 1,
    0x7B47, 2, 0x8BCA, 1, 0xB50B, 1, 0x632E, 1,
    0x63B0, 1, 0x5ACA, 1, 0x8986, 2, 0x6CB4, 11,
    0x94D3, 1, 0x6CB4, 1, 0x42CC, 1, 0x6CB4, 2,
    0x42CC, 2, 0x6CB4, 5, 0x94D3, 1, 0x42CC, 2,
    0x2147, 2, 0x42CC, 2, 0x6CB4, 9, 0x2924, 1,
    0x42CC, 1, 0x52CC, 1, 0x3A09, 3, 0x63B0, 1,
    0x94D3, 1, 0xB50B, 1, 0xDE0C, 1, 0x18C5, 69,
    0x1082, 1, 0x7B47, 3, 0xB50B, 1, 0x632E, 1,
    0x63B0, 1, 0x5ACA, 1, 0x6925, 1, 0x6800, 1,
    0x18E4, 1, 0x2147, 1, 0x39A8, 1, 0x632E, 3,
    0x42CC, 8, 0x6CB4, 6, 0x94D3, 1, 0x6CB4, 8,
    0x42CC, 1, 0x6CB4, 9, 0x6862, 1, 0x3A09, 1,
    0x52CC, 1, 0x3A09, 3, 0x63B0, 1, 0xDE0C, 1,
    0x63B0, 1, 0xDE0C, 1, 0x18C5, 69, 0x1082, 1,
    0x7B47, 3, 0x632E, 1, 0x63B0, 1, 0x632E, 1,
    0x8986, 1, 0x9000, 1, 0x6800, 1, 0x8986, 1,
    0x2800, 3, 0x8986, 3, 0x6800, 1, 0x0000, 1,
    0x39A8, 2, 0x42CC, 10, 0x632E, 1, 0x42CC, 4,
    0x63B0, 1, 0x6CB4, 13, 0x2924, 1, 0x52CC, 1,
    0x3A09, 1, 0x52CC, 1, 0x3A09, 1, 0xDE0C, 4,
    0x18C5, 69, 0x2800, 1, 0x4A27, 1, 0x7B47, 2,
    0x63B0, 1, 0x632E, 2, 0x9000, 1, 0x8000, 1,
    0x6000, 1, 0x8986, 1, 0x18C3, 1, 0x8000, 1,
    0x8986, 1, 0x632E, 3, 0x3A09, 2, 0x18C3, 1,
    0x10A3, 2, 0x2800, 2, 0x6000, 6, 0x39A8, 4,
    0x42CC, 12, 0x6CB4, 4, 0x3A09, 1, 0x52CC, 1,
    0x3A09, 1, 0x52CC, 1, 0x3A09, 1, 0xDE0C, 1,
    0x632E, 1, 0xDE0C, 2, 0x18C5, 68, 0x2147, 1,
    0x2924, 1, 0x18E4, 2, 0x7B47, 1, 0x63B0, 2,
    0x632E, 1, 0x9000, 1, 0x8000, 1, 0x6800, 1,
    0x8986, 1, 0x2800, 1, 0x6800, 1, 0x52CC, 3,
    0x8986, 1, 0x52CC, 3, 0x632E, 1, 0x52CC, 3,
    0x42CC, 1, 0x3A09, 3, 0x18C3, 5, 0x8986, 3,
    0x1082, 1, 0x8986, 4, 0x6000, 1, 0x8986, 1,
    0x6000, 2, 0x8986, 3, 0x6000, 2, 0x2104, 1,
    0x8986, 1, 0x42CC, 1, 0x52CC, 1, 0x3A09, 1,
    0xDE0C, 1, 0x2104, 1, 0xDE0C, 2, 0x18C5, 68,
    0x18C3, 1, 0x10A3, 2, 0x1082, 1, 0x10A3, 1,
    0x63B0, 3, 0x8000, 2, 0x6000, 1, 0x8986, 1,
    0x2800, 1, 0x6862, 1, 0x52CC, 5, 0x8986, 1,
    0x52CC, 1, 0x5ACA, 3, 0x632E, 1, 0x52CC, 2,
    0x632E, 9, 0x3A09, 1, 0x6925, 1, 0x5ACA, 2,
    0x52CC, 2, 0x632E, 1, 0x52CC, 1, 0x5ACA, 2,
    0x8000, 1, 0x7800, 1, 0x6000, 1, 0x2800, 1,
    0x8986, 1, 0x6000, 1, 0x6925, 1, 0x52CC, 2,
    0x7B47, 1, 0xB50B, 1, 0xDE0C, 1, 0xB50B, 1,
    0xA488, 1, 0x18C5, 68, 0x18C3, 1, 0x20E3, 1,
    0x0862, 1, 0x4A27, 1, 0xA488, 1, 0x94D3, 1,
    0x63B0, 1, 0x632E, 1, 0x8000, 2, 0x6000, 1,
    0x8986, 1, 0x2800, 1, 0x6925, 1, 0x52CC, 1,
    0x3A09, 2, 0x5ACA, 1, 0x52CC, 2, 0x3A09, 1,
    0x42CC, 1, 0x632E, 1, 0x8BCA, 1, 0x63B0, 1,
    0x8BCA, 8, 0x632E, 10, 0x52CC, 1, 0x5ACA, 1,
    0x6925, 2, 0x5ACA, 1, 0x7800, 1, 0x2800, 1,
    0x8986, 1, 0x6925, 2, 0x632E, 1, 0x52CC, 1,
    0x42CC, 1, 0x7B47, 1, 0xA488, 1, 0x632E, 1,
    0x18C5, 69, 0x2924, 1, 0x18E4, 1, 0x18A2, 1,
    0x18C3, 1, 0x632E, 1, 0x63B0, 2, 0x632E, 1,
    0x8000, 2, 0x6000, 1, 0x8986, 1, 0x2800, 1,
    0x2924, 1, 0x632E, 1, 0x8BCA, 5, 0x632E, 1,
    0x3A09, 1, 0xA488, 1, 0x52CC, 4, 0x632E, 1,
    0xA488, 1, 0x52CC, 4, 0x632E, 1, 0x8BCA, 3,
    0x632E, 1, 0x52CC, 2, 0x632E, 1, 0x52CC, 2,
    0x5ACA, 1, 0x6925, 2, 0x5ACA, 2, 0x6800, 1,
    0x2800, 1, 0x8986, 1, 0x6862, 1, 0x3A09, 1,
    0x52CC, 1, 0x42CC, 2, 0xA488, 2, 0x7B47, 1,
    0x18C5, 69, 0x20E3, 1, 0x2147, 2, 0x4062, 1,
    0x63B0, 2, 0x632E, 2, 0x9083, 1, 0x6862, 1,
    0x6925, 1, 0x8986, 1, 0x2800, 1, 0x2104, 1,
    0x3A09, 1, 0x632E, 1, 0x8BCA, 1, 0x7B47, 1,
    0x8BCA, 1, 0x4A27, 1, 0x8BCA, 2, 0x52CC, 3,
    0x8BCA, 1, 0x52CC, 7, 0x8BCA, 3, 0x632E, 1,
    0x52CC, 1, 0x8BCA, 2, 0xB50B, 1, 0x52CC, 1,
    0x632E, 1, 0x5ACA, 1, 0x6862, 1, 0x6925, 1,
    0x5ACA, 1, 0x6800, 2, 0x0862, 1, 0x8986, 1,
    0x6862, 1, 0x52CC, 1, 0x632E, 1, 0x52CC, 1,
    0x42CC, 1, 0xA488, 1, 0x39A8, 1, 0xDE0C, 1,
    0x18C5, 69, 0x0862, 1, 0x2147, 2, 0x39A8, 1,
    0xB50B, 1, 0x52CC, 2, 0x3A09, 2, 0x6862, 1,
    0x6925, 1, 0x2800, 2, 0x2147, 1, 0x7B47, 1,
    0x732B, 1, 0x7B47, 1, 0x8BCA, 3, 0x6862, 1,
    0xA488, 1, 0x2104, 1, 0x8BCA, 4, 0x3A09, 2,
    0x8BCA, 2, 0x52CC, 3, 0x42CC, 2, 0x52CC, 3,
    0x42CC, 1, 0xB50B, 5, 0x632E, 1, 0x52CC, 1,
    0x7800, 1, 0x2800, 2, 0x8986, 1, 0x4841, 1,
    0x3A09, 1, 0x52CC, 1, 0x632E, 1, 0x52CC, 1,
    0x7B47, 1, 0x20E3, 1, 0xA488, 1, 0x18C5, 69,
    0x0862, 1, 0x2147, 1, 0x18E4, 1, 0xB50B, 1,
    0x42CC, 1, 0x52CC, 2, 0x42CC, 1, 0x6925, 3,
    0x2800, 1, 0x4000, 2, 0x42CC, 1, 0x732B, 1,
    0x7B47, 1, 0x5ACA, 1, 0x7B47, 1, 0x4104, 1,
    0x3985, 2, 0x3A09, 1, 0x5ACA, 1, 0x7B47, 1,
    0xA488, 2, 0x8BCA, 1, 0x3A09, 1, 0x8BCA, 2,
    0x3A09, 1, 0x8BCA, 8, 0xA488, 1, 0x6862, 1,
    0x5000, 1, 0xB50B, 1, 0xA488, 1, 0x42CC, 1,
    0xB50B, 2, 0x0862, 1, 0x8986, 2, 0x3A09, 2,
    0x52CC, 2, 0x3A09, 1, 0xA488, 1, 0xDE0C, 1,
    0x7B47, 1, 0x18C5, 69, 0x18C3, 1, 0x18E4, 2,
    0x63B0, 1, 0x42CC, 1, 0x52CC, 2, 0x3A09, 2,
    0x6925, 2, 0x2800, 1, 0x4000, 1, 0x3A09, 2,
    0x42CC, 1, 0x7B47, 1, 0x732B, 1, 0x39A8, 1,
    0x7B47, 1, 0x5ACA, 1, 0x3A09, 1, 0x7B47, 2,
    0x3A09, 1, 0x39A8, 1, 0x4062, 2, 0x18C3, 1,
    0x5ACA, 1, 0x7B47, 1, 0x39A8, 1, 0x7B47, 1,
    0x5ACA, 1, 0x18C3, 1, 0x7B47, 1, 0x5ACA, 1,
    0x7B47, 1, 0x8BCA, 1, 0x4A27, 1, 0xA488, 1,
    0x8BCA, 1, 0x4841, 1, 0xA488, 1, 0x7B47, 1,
    0x3A09, 1, 0x6925, 1, 0x6000, 1, 0x0862, 1,
    0x6925, 1, 0x5000, 1, 0x4062, 2, 0x52CC, 3,
    0xA801, 1, 0xA488, 2, 0x18C5, 69, 0x10A3, 1,
    0x18E4, 1, 0x2147, 1, 0x2924, 1, 0x39A8, 1,
    0x3A09, 4, 0x6925, 2, 0x2800, 1, 0x5000, 1,
    0x3A09, 3, 0x2147, 1, 0x7B47, 1, 0x39A8, 1,
    0x4000, 1, 0x4062, 1, 0x7B47, 2, 0x5ACA, 2,
    0x7B47, 1, 0x3A09, 1, 0x7B47, 3, 0x39A8, 5,
    0x7B47, 1, 0x5ACA, 1, 0x7B47, 1, 0x3985, 2,
    0x2800, 1, 0x3985, 1, 0x7B47, 4, 0x39A8, 1,
    0x6000, 1, 0x2800, 1, 0x6925, 1, 0x4104, 2,
    0x42CC, 1, 0x52CC, 1, 0x632E, 1, 0x52CC, 1,
    0x4104, 1, 0x6862, 1, 0x18C5, 70, 0x20E3, 1,
    0x18E4, 1, 0x5000, 1, 0x4841, 1, 0x3A09, 1,
    0x6925, 2, 0x3A09, 2, 0x6925, 2, 0x2800, 1,
    0x5000, 1, 0x4841, 1, 0x3A09, 1, 0x4841, 1,
    0x18C3, 1, 0x7B47, 2, 0x3A09, 1, 0x4000, 2,
    0x2800, 1, 0x4000, 1, 0x4104, 1, 0x3985, 2,
    0x5ACA, 1, 0x7B47, 1, 0x39A8, 1, 0x7B47, 2,
    0x5ACA, 2, 0x7B47, 2, 0x4A27, 1, 0x4104, 2,
    0x7B47, 3, 0x4000, 1, 0x4A27, 1, 0x7B47, 2,
    0x39A8, 1, 0x5000, 1, 0x2800, 1, 0x6925, 1,
    0x4841, 1, 0x4104, 1, 0x3A09, 1, 0x52CC, 2,
    0x7B47, 1, 0x42CC, 1, 0x0862, 1, 0x18C5, 70,
    0x2924, 1, 0x2147, 1, 0x5000, 1, 0x6000, 1,
    0x4062, 1, 0x6925, 2, 0x6862, 1, 0x6000, 2,
    0x6925, 1, 0x2800, 2, 0x5000, 1, 0x3A09, 1,
    0x4104, 1, 0x18C3, 2, 0x39A8, 1, 0x7B47, 1,
    0x39A8, 1, 0x4062, 1, 0x3985, 1, 0x4000, 6,
    0x4062, 2, 0x3985, 1, 0x4A27, 3, 0x7B47, 1,
    0x4A27, 1, 0x7B47, 2, 0x6000, 1, 0x3A09, 2,
    0x8BCA, 1, 0x7B47, 1, 0x8BCA, 1, 0x732B, 1,
    0x3A09, 1, 0x5000, 1, 0x2800, 1, 0x6925, 1,
    0x6862, 1, 0x4104, 1, 0x3A09, 2, 0x52CC, 2,
    0xA488, 1, 0x18C5, 71, 0x2104, 1, 0x18C3, 1,
    0x2800, 1, 0x6000, 1, 0x2104, 2, 0x6000, 3,
    0x6862, 2, 0x6925, 1, 0x2800, 1, 0x5000, 1,
    0x4104, 1, 0x3A09, 1, 0x4104, 1, 0x10A3, 2,
    0x3A09, 1, 0x7B47, 2, 0x39A8, 1, 0x4000, 1,
    0x4104, 1, 0x4062, 1, 0x4000, 6, 0x2800, 1,
    0x4000, 2, 0x4062, 1, 0x4A27, 1, 0x3985, 1,
    0x4A27, 1, 0x4841, 1, 0x8BCA, 1, 0x7B47, 2,
    0x1082, 1, 0x39A8, 1, 0x7B47, 1, 0x42CC, 1,
    0x4062, 1, 0x2800, 1, 0x6925, 1, 0x5000, 1,
    0x4104, 1, 0x3A09, 1, 0x42CC, 1, 0x52CC, 1,
    0x8BCA, 1, 0xA488, 1, 0x18C5, 73, 0x5000, 1,
    0x4000, 1, 0x6000, 5, 0x6862, 3, 0x6925, 1,
    0x6000, 2, 0x6862, 1, 0x52CC, 1, 0x6925, 1,
    0x6862, 1, 0x6000, 1, 0x18C3, 1, 0x7B47, 2,
    0x732B, 1, 0x4062, 2, 0x4000, 1, 0x2800, 1,
    0x4062, 1, 0x3985, 1, 0x4062, 1, 0x4000, 2,
    0x4062, 3, 0x4A27, 1, 0x2800, 1, 0x7B47, 1,
    0x8BCA, 1, 0x3A09, 1, 0x10A3, 1, 0x5000, 3,
    0x4104, 1, 0x4841, 1, 0x5000, 1, 0x2800, 1,
    0x4841, 3, 0x6925, 1, 0x3A09, 2, 0x8BCA, 1,
    0x2924, 1, 0x1082, 1, 0x18C5, 72, 0x4000, 2,
    0x6000, 4, 0x8BCA, 1, 0x4A27, 1, 0x6862, 1,
    0x6925, 1, 0x6862, 1, 0x5ACA, 1, 0x6000, 2,
    0x6925, 1, 0x52CC, 1, 0x6925, 1, 0x6862, 1,
    0x6000, 2, 0x18C3, 1, 0x39A8, 1, 0x7B47, 1,
    0x8BCA, 2, 0x3985, 1, 0x18C3, 1, 0x42CC, 1,
    0x8BCA, 2, 0x7B47, 3, 0x5ACA, 1, 0x732B, 1,
    0x7B47, 1, 0x3A09, 1, 0x1082, 1, 0x5000, 3,
    0x4841, 3, 0x5000, 1, 0x2800, 2, 0x5000, 1,
    0x6925, 4, 0x3A09, 2, 0x6862, 1, 0x0862, 1,
    0x18C5, 72, 0x4000, 1, 0x6000, 4, 0x6862, 1,
    0x8BCA, 2, 0x2104, 1, 0x3A09, 1, 0x6925, 1,
    0x6862, 1, 0x6925, 1, 0x2800, 1, 0x6000, 1,
    0x6925, 1, 0x6862, 1, 0x6925, 1, 0x6000, 1,
    0x6862, 1, 0x6000, 3, 0x18C3, 1, 0x3A09, 2,
    0x18E4, 1, 0x10A3, 1, 0x1082, 1, 0x10A3, 1,
    0x2800, 1, 0x3A09, 2, 0x18C3, 1, 0x10A3, 1,
    0x5000, 1, 0x6000, 1, 0x6862, 1, 0x6925, 3,
    0x3A09, 1, 0x6000, 2, 0x2800, 1, 0x6925, 1,
    0x6862, 1, 0x8986, 1, 0x9083, 1, 0x6925, 3,
    0x2104, 2, 0x2924, 1, 0x0862, 1, 0x18C5, 72,
    0x2800, 1, 0x6000, 4, 0x7B47, 4, 0x2924, 2,
    0x6862, 1, 0x6800, 1, 0x8986, 1, 0x10A3, 1,
    0x2800, 1, 0x0862, 1, 0x6000, 4, 0x6862, 1,
    0x6000, 2, 0x6862, 1, 0x6000, 12, 0x6925, 2,
    0x52CC, 1, 0x6925, 1, 0x6000, 2, 0x2800, 1,
    0x6862, 3, 0x9083, 1, 0x9000, 5, 0x6925, 1,
    0x6000, 1, 0x1082, 1, 0x18C5, 72, 0x2800, 1,
    0x5000, 1, 0x6000, 3, 0x2104, 1, 0x4A27, 1,
    0x8BCA, 1, 0x7B47, 2, 0x42CC, 1, 0x2924, 1,
    0x6925, 1, 0x6862, 3, 0x6925, 1, 0x0862, 2,
    0x6000, 4, 0x6862, 3, 0x6000, 15, 0x2800, 1,
    0x6925, 1, 0x6862, 2, 0x6925, 1, 0x8986, 1,
    0xA269, 1, 0x9000, 4, 0xA801, 1, 0x8000, 1,
    0x5000, 1, 0x1082, 1, 0x18C5, 72, 0x2800, 1,
    0x5000, 3, 0x5ACA, 1, 0x10A3, 1, 0x632E, 1,
    0xA488, 1, 0x8BCA, 1, 0x52CC, 1, 0x632E, 2,
    0x2924, 1, 0x6862, 5, 0x6000, 1, 0x10A3, 1,
    0x0862, 4, 0x4000, 2, 0x4841, 1, 0x5000, 3,
    0x4000, 2, 0x6000, 6, 0x0862, 1, 0x2800, 1,
    0x10A3, 1, 0x8986, 1, 0x6862, 2, 0x2924, 1,
    0x52CC, 1, 0x3985, 1, 0xDE0C, 2, 0x9000, 2,
    0xA801, 2, 0x8000, 1, 0x6800, 1, 0x2104, 1,
    0x18C5, 72, 0x2800, 1, 0x5000, 1, 0x4000, 3,
    0x632E, 1, 0x2147, 1, 0x632E, 1, 0xA488, 1,
    0x63B0, 1, 0x94D3, 1, 0x63B0, 1, 0x632E, 1,
    0x2104, 1, 0x6862, 3, 0x6800, 1, 0x6000, 4,
    0x6925, 8, 0x0862, 6, 0x6925, 2, 0x6862, 5,
    0x2924, 1, 0x42CC, 1, 0xDE0C, 1, 0xB50B, 3,
    0x8986, 1, 0xA801, 3, 0x8000, 1, 0x7800, 1,
    0x18E4, 1, 0x18C5, 72, 0x4000, 6, 0x632E, 1,
    0x18C3, 1, 0x94D3, 1, 0x6CB4, 1, 0x63B0, 3,
    0x6CB4, 1, 0x63B0, 1, 0x9083, 1, 0x9000, 2,
    0x6800, 1, 0x6000, 18, 0x6862, 4, 0x2924, 1,
    0x63B0, 1, 0x42CC, 1, 0x63B0, 1, 0xB50B, 1,
    0xDE0C, 1, 0x732B, 1, 0x2147, 1, 0xA269, 1,
    0xA801, 3, 0x7800, 1, 0x6800, 1, 0x2104, 1,
    0x18C5, 72, 0x4000, 6, 0x6000, 1, 0x6800, 1,
    0x94D3, 1, 0x18E4, 1, 0x18C3, 1, 0x2147, 1,
    0x63B0, 2, 0x94D3, 1, 0x9083, 1, 0x8000, 11,
    0x9000, 3, 0x6000, 6, 0x6800, 1, 0x6862, 4,
    0x63B0, 3, 0x6CB4, 2, 0xFECD, 1, 0x94D3, 1,
    0x2147, 1, 0x94D3, 1, 0xA801, 2, 0x7800, 2,
    0x18E4, 1, 0x18C5, 73, 0x4000, 4, 0x6000, 3,
    0x6800, 1, 0x8000, 1, 0x7800, 3, 0x18E4, 1,
    0x10A3, 1, 0x18E4, 1, 0x6862, 1, 0x8000, 2,
    0x7800, 1, 0x8000, 11, 0x9000, 7, 0xA801, 1,
    0xA145, 1, 0x63B0, 1, 0x6CB4, 2, 0x94D3, 3,
    0xFECD, 1, 0x94D3, 1, 0x3A09, 1, 0x2147, 1,
    0xB50B, 1, 0x8000, 3, 0x7800, 1, 0x18E4, 1,
    0x18C5, 73, 0x4000, 3, 0x6000, 4, 0x6800, 1,
    0x7800, 4, 0x8000, 1, 0x9000, 6, 0x8000, 13,
    0x9000, 6, 0x9083, 1, 0x94D3, 1, 0x6CB4, 2,
    0x2147, 1, 0x6CB4, 1, 0x94D3, 1, 0x2104, 1,
    0x2147, 1, 0x94D3, 1, 0x9000, 2, 0x8000, 2,
    0x7800, 2, 0x2104, 1, 0x18C5, 73, 0x4000, 1,
    0x6000, 6, 0x6800, 1, 0x7800, 1, 0x6800, 1,
    0x8000, 1, 0x7800, 1, 0x9000, 2, 0x8000, 1,
    0x6000, 1, 0x7800, 1, 0x9000, 2, 0xA801, 12,
    0x8000, 3, 0x9000, 1, 0x8000, 3, 0xA269, 1,
    0x94D3, 1, 0x18C3, 1, 0x2924, 1, 0x2147, 1,
    0x94D3, 1, 0x9000, 2, 0x8000, 1, 0x9000, 1,
    0x8000, 3, 0x7800, 2, 0x8000, 1, 0x2104, 1,
    0x18C5, 74, 0x4000, 1, 0x6000, 5, 0x6800, 1,
    0x7800, 1, 0x6000, 1, 0x7800, 1, 0x8000, 1,
    0x9000, 1, 0xA801, 1, 0x6000, 2, 0x6800, 3,
    0x8000, 1, 0xA801, 16, 0x7800, 1, 0x8000, 1,
    0x9000, 8, 0x7800, 1, 0x8000, 3, 0x7800, 2,
    0x6800, 2, 0x2104, 1, 0x18C5, 74, 0x2800, 1,
    0x5000, 1, 0x6000, 4, 0x6800, 1, 0x7800, 1,
    0x6000, 1, 0x6800, 2, 0x9000, 1, 0xA801, 1,
    0x6000, 1, 0x10A3, 1, 0x2800, 1, 0x4000, 2,
    0x8000, 2, 0x9000, 3, 0xA145, 6, 0xA801, 3,
    0x8000, 1, 0x7800, 3, 0x6000, 1, 0x8000, 1,
    0x9000, 6, 0x8000, 5, 0x7800, 2, 0x6800, 2,
    0x18E4, 1, 0x18C5, 74, 0x2800, 1, 0x4000, 1,
    0x5000, 2, 0x6000, 2, 0x6800, 1, 0x7800, 1,
    0x5000, 2, 0x6800, 1, 0xA801, 2, 0xA145, 2,
    0xA801, 1, 0x0000, 1, 0x4000, 3, 0x2800, 1,
    0x4000, 1, 0xA801, 1, 0xA145, 5, 0xA801, 1,
    0x9000, 2, 0x8000, 2, 0x4000, 3, 0x6000, 2,
    0xA801, 1, 0x9000, 3, 0x8000, 1, 0x9000, 2,
    0x8000, 2, 0x7800, 4, 0x6800, 2, 0x18E4, 1,
    0x18C5, 75, 0x2800, 2, 0x5000, 2, 0x6000, 1,
    0x6800, 2, 0x5000, 1, 0x6000, 2, 0x8000, 1,
    0xA801, 4, 0x9083, 1, 0x0000, 4, 0x4000, 1,
    0x0862, 2, 0x2800, 3, 0xA145, 1, 0x9000, 1,
    0x4000, 1, 0x2800, 1, 0x4000, 3, 0x0000, 1,
    0x2800, 1, 0x10A3, 1, 0x6000, 1, 0xA801, 2,
    0x9000, 2, 0x7800, 1, 0x9000, 1, 0x8000, 1,
    0x7800, 7, 0x2147, 2, 0x18C5, 75, 0x0000, 1,
    0x2800, 1, 0x4000, 2, 0x5000, 1, 0x6000, 2,
    0x5000, 1, 0x6000, 2, 0x6800, 1, 0x8000, 1,
    0xA801, 5, 0x3A09, 1, 0x0000, 2, 0x10A3, 4,
    0x0000, 1, 0x10A3, 3, 0x4000, 1, 0x0000, 5,
    0xA801, 1, 0xA145, 2, 0xA801, 2, 0x8000, 1,
    0x6000, 2, 0x9000, 1, 0x8000, 1, 0x7800, 6,
    0x5000, 1, 0x18E4, 1, 0x2104, 1, 0x18C5, 75,
    0x18C3, 1, 0x2800, 4, 0x5000, 3, 0x6000, 2,
    0x6800, 1, 0x8000, 2, 0xA801, 1, 0x9000, 2,
    0xA801, 1, 0xA145, 2, 0x63B0, 1, 0x94D3, 4,
    0x0000, 1, 0x94D3, 3, 0x63B0, 2, 0x0000, 1,
    0x3A09, 1, 0xA145, 1, 0x9083, 1, 0xA801, 4,
    0x9000, 1, 0x7800, 1, 0x6000, 2, 0x9000, 1,
    0x8000, 1, 0x7800, 4, 0x6800, 1, 0x6000, 1,
    0x18E4, 2, 0x18C5, 79, 0x0000, 1, 0x2800, 1,
    0x4000, 4, 0x6000, 1, 0x6800, 1, 0x8000, 4,
    0x9000, 4, 0xB50B, 1, 0x94D3, 8, 0xB50B, 1,
    0xA269, 1, 0xA145, 2, 0xA801, 1, 0x9000, 1,
    0xA801, 3, 0x8000, 1, 0x7800, 2, 0x6000, 2,
    0x8000, 1, 0x7800, 3, 0x6000, 2, 0x5000, 1,
    0x2147, 2, 0x2104, 1, 0x18C5, 83, 0x2800, 3,
    0x5000, 3, 0x6000, 1, 0x5000, 1, 0x8000, 3,
    0x9000, 4, 0xA801, 1, 0xFECD, 3, 0x94D3, 2,
    0xB50B, 1, 0x9000, 5, 0x8000, 4, 0x7800, 2,
    0x6000, 2, 0x7800, 1, 0x6800, 2, 0x5000, 1,
    0x4000, 1, 0x2800, 2, 0x2147, 1, 0x2104, 1,
    0x2147, 1, 0x18C5, 87, 0x4000, 5, 0x6000, 4,
    0x5000, 1, 0x4000, 2, 0x2800, 2, 0xA801, 1,
    0x9000, 4, 0x8000, 8, 0x7800, 2, 0x6000, 1,
    0x4000, 2, 0x6000, 1, 0x2800, 4, 0x2104, 1,
    0x2147, 3, 0x18C5, 93, 0x2800, 1, 0x4000, 3,
    0x2800, 6, 0x4000, 1, 0x6000, 10, 0x5000, 1,
    0x2800, 4, 0x4000, 2, 0x18C3, 6, 0x2104, 1,
    0x18C5, 106, 0x2800, 4, 0x4000, 3, 0x2800, 1,
    0x18C5, 4788, 0x18C5, 3261, 0xA269, 5, 0x18C5, 122,
    0x9083, 3, 0xA269, 6, 0x18C5, 119, 0x9083, 6,
    0xA269, 6, 0x18C5, 115, 0x9000, 8, 0x9083, 2,
    0xA269, 8, 0x63B0, 2, 0xA269, 2, 0x9083, 1,
    0x18C5, 13, 0xA269, 6, 0x18C5, 86, 0x9000, 10,
    0x9083, 1, 0x9000, 2, 0x9083, 2, 0xA269, 7,
    0x9083, 1, 0xA269, 1, 0x63B0, 2, 0xA269, 2,
    0x63B0, 3, 0xA269, 12, 0x18C5, 85, 0x9000, 1,
    0x8000, 1, 0x6800, 5, 0x9000, 8, 0x9083, 8,
    0xA269, 7, 0x9083, 1, 0xA269, 4, 0x9083, 4,
    0xA269, 2, 0x9083, 3, 0x18C5, 83, 0x6800, 2,
    0x4000, 2, 0x6000, 6, 0x8000, 1, 0x9000, 16,
    0x9083, 4, 0x9000, 3, 0x9083, 3, 0x9000, 6,
    0x9083, 2, 0x18C5, 83, 0x5000, 1, 0x4000, 3,
    0x9000, 1, 0x6000, 2, 0x4000, 2, 0x5000, 1,
    0x6000, 4, 0x8000, 6, 0x9000, 25, 0x18C5, 83,
    0x4000, 2, 0x4841, 3, 0x6000, 5, 0x4000, 7,
    0x6000, 1, 0x6800, 7, 0x9000, 1, 0x8000, 7,
    0x9000, 3, 0x8000, 1, 0x6800, 4, 0x9000, 4,
    0x18C5, 83, 0x6862, 5, 0x6000, 7, 0x6800, 1,
    0x7800, 1, 0x2800, 6, 0x5000, 5, 0x4000, 2,
    0x6800, 1, 0x6000, 7, 0x8000, 1, 0x6000, 7,
    0x8000, 1, 0x9000, 1, 0x18C5, 80, 0x4A27, 1,
    0x6925, 6, 0x6862, 2, 0x6000, 5, 0x6800, 2,
    0x6862, 3, 0x6925, 6, 0x6862, 1, 0x8986, 1,
    0x4000, 1, 0x2800, 5, 0x4000, 5, 0x2800, 3,
    0x7800, 2, 0x4000, 3, 0x5000, 1, 0x6800, 1,
    0x4000, 1, 0x18C5, 77, 0x7B47, 1, 0x8986, 1,
    0x3A09, 2, 0x52CC, 5, 0x6862, 3, 0x6000, 3,
    0x6800, 3, 0x7800, 4, 0x6862, 1, 0x7800, 5,
    0x6862, 4, 0x6925, 1, 0x6862, 3, 0x7800, 1,
    0x6800, 1, 0x7800, 1, 0x8000, 2, 0x7800, 3,
    0x9083, 1, 0x5000, 2, 0x4000, 2, 0x5000, 2,
    0x18C5, 75, 0x3985, 1, 0x6862, 1, 0xA269, 1,
    0x5ACA, 2, 0x52CC, 5, 0x3A09, 2, 0x6000, 5,
    0x6800, 3, 0x7800, 16, 0x6800, 3, 0x7800, 4,
    0x8000, 1, 0x9083, 3, 0x6862, 1, 0x4062, 1,
    0x4000, 1, 0x20E3, 1, 0x4000, 1, 0x5000, 1,
    0x18C5, 74, 0x7B47, 1, 0x39A8, 1, 0x63B0, 1,
    0x5ACA, 1, 0x7800, 1, 0x6800, 1, 0x6000, 2,
    0x4000, 2, 0x4062, 1, 0x4000, 1, 0x5000, 6,
    0x4000, 2, 0x7800, 1, 0xA269, 1, 0x42CC, 1,
    0x6CB4, 3, 0x7800, 1, 0x6800, 3, 0x7800, 5,
    0x6800, 5, 0x8000, 3, 0x9083, 1, 0x8986, 2,
    0x52CC, 1, 0x5ACA, 1, 0x6862, 1, 0x4062, 2,
    0x20E3, 1, 0x4000, 1, 0x18C5, 74, 0x7B47, 1,
    0x2924, 1, 0x4A27, 2, 0x7800, 2, 0x8000, 5,
    0x10A3, 1, 0x732B, 6, 0xB50B, 1, 0x632E, 1,
    0x6862, 1, 0x18C3, 1, 0x6000, 2, 0x4000, 3,
    0x6800, 1, 0x7800, 1, 0x2924, 1, 0x63B0, 4,
    0x6800, 6, 0x8000, 2, 0x9083, 2, 0x52CC, 1,
    0x5ACA, 3, 0x3A09, 1, 0x6925, 1, 0x18C3, 1,
    0x4062, 1, 0x20E3, 1, 0x4A27, 1, 0x18C5, 73,
    0xA488, 2, 0x632E, 1, 0x52CC, 1, 0x8000, 6,
    0x2104, 2, 0x732B, 1, 0x63B0, 1, 0x8986, 2,
    0x52CC, 1, 0x63B0, 1, 0xB50B, 3, 0x63B0, 1,
    0x2924, 1, 0xA488, 1, 0xB50B, 1, 0xA488, 1,
    0x18C3, 1, 0x6000, 2, 0x5000, 2, 0x4000, 2,
    0x6800, 2, 0x2104, 1, 0x6800, 1, 0x5000, 3,
    0x6800, 1, 0x7800, 1, 0x8986, 2, 0x632E, 5,
    0x4104, 1, 0x6925, 1, 0x18C3, 1, 0x2924, 1,
    0x20E3, 1, 0x4A27, 2, 0x18C5, 72, 0x8BCA, 1,
    0x632E, 1, 0x52CC, 1, 0x6800, 2, 0x6862, 1,
    0x6925, 5, 0x2924, 1, 0x42CC, 1, 0x632E, 3,
    0x8BCA, 2, 0x3A09, 2, 0x632E, 1, 0x63B0, 1,
    0x52CC, 1, 0x6925, 1, 0x3A09, 2, 0x6800, 4,
    0x6000, 4, 0x5000, 1, 0x6800, 1, 0x6000, 1,
    0x52CC, 2, 0x5000, 1, 0x7800, 1, 0x9083, 2,
    0x632E, 5, 0x39A8, 1, 0x4104, 1, 0x10A3, 1,
    0x4062, 1, 0x2924, 2, 0x4A27, 2, 0x18C5, 71,
    0xB50B, 1, 0x63B0, 1, 0x52CC, 1, 0x6800, 2,
    0x6925, 5, 0x39A8, 1, 0x632E, 4, 0x52CC, 1,
    0x632E, 2, 0x8BCA, 6, 0x3A09, 3, 0x6862, 2,
    0x6800, 5, 0x6000, 1, 0x6800, 1, 0x632E, 1,
    0x6000, 1, 0x39A8, 1, 0x3A09, 1, 0x52CC, 1,
    0x9083, 2, 0x63B0, 4, 0x632E, 2, 0x39A8, 1,
    0x18C3, 2, 0x10A3, 2, 0x7B47, 1, 0x4A27, 2,
    0x18C5, 70, 0x8BCA, 1, 0x63B0, 1, 0x52CC, 1,
    0x6800, 2, 0x6925, 4, 0x52CC, 1, 0x3A09, 1,
    0x39A8, 1, 0x632E, 2, 0x52CC, 1, 0x3A09, 1,
    0x5ACA, 1, 0x632E, 1, 0x8BCA, 1, 0x52CC, 2,
    0x3A09, 1, 0x52CC, 1, 0x8BCA, 2, 0x42CC, 1,
    0x3A09, 2, 0x6925, 1, 0x6000, 3, 0x6800, 4,
    0x8986, 1, 0x10A3, 2, 0x3A09, 1, 0x63B0, 1,
    0x42CC, 1, 0x6925, 1, 0x63B0, 4, 0x632E, 2,
    0x3A09, 1, 0x2147, 1, 0x18C3, 1, 0x2924, 2,
    0x7B47, 4, 0x18C5, 69, 0xB50B, 1, 0x8986, 1,
    0x52CC, 1, 0x9083, 1, 0x8986, 3, 0x632E, 1,
    0xA269, 3, 0x10A3, 1, 0x632E, 2, 0x5ACA, 3,
    0x52CC, 1, 0x8BCA, 7, 0x3A09, 1, 0x5ACA, 1,
    0x3A09, 1, 0x6925, 4, 0x6000, 3, 0x5000, 1,
    0x8986, 1, 0x10A3, 1, 0x63B0, 2, 0x10A3, 1,
    0x63B0, 2, 0x632E, 4, 0x63B0, 1, 0x632E, 1,
    0x3A09, 2, 0x4104, 1, 0x18C3, 1, 0x2924, 1,
    0x4A27, 1, 0x8BCA, 1, 0x7B47, 3, 0x4A27, 1,
    0x18C5, 68, 0x632E, 1, 0x52CC, 2, 0x8986, 1,
    0x0862, 1, 0x18E4, 1, 0x2147, 2, 0x39A8, 1,
    0x6925, 1, 0x8986, 2, 0x632E, 8, 0x3A09, 2,
    0x5ACA, 4, 0x3A09, 3, 0x6925, 4, 0x6000, 2,
    0x2147, 1, 0x8986, 1, 0x10A3, 1, 0x63B0, 1,
    0x6CB4, 1, 0x42CC, 1, 0x632E, 1, 0x10A3, 1,
    0x5ACA, 1, 0x632E, 4, 0x3A09, 3, 0x18C3, 1,
    0x2147, 1, 0x3985, 1, 0x8BCA, 1, 0x7B47, 5,
    0x18C5, 67, 0x8986, 1, 0x63B0, 1, 0x5ACA, 1,
    0x3A09, 7, 0x39A8, 1, 0x3A09, 5, 0x39A8, 5,
    0x52CC, 1, 0x5ACA, 1, 0x52CC, 1, 0x632E, 1,
    0x8986, 1, 0x52CC, 2, 0x6925, 1, 0x52CC, 1,
    0x6925, 1, 0x3A09, 1, 0x6925, 2, 0x6000, 1,
    0x8986, 1, 0x10A3, 1, 0x18C3, 1, 0x63B0, 1,
    0x6CB4, 2, 0x63B0, 1, 0x2104, 1, 0x42CC, 1,
    0x632E, 5, 0x3A09, 2, 0x8BCA, 2, 0x39A8, 1,
    0x2924, 1, 0x8BCA, 1, 0x7B47, 1, 0xA488, 1,
    0x7B47, 1, 0xA488, 1, 0x7B47, 1, 0x18C5, 67,
    0xA269, 1, 0x63B0, 1, 0x3A09, 8, 0x52CC, 5,
    0x42CC, 3, 0x52CC, 9, 0x39A8, 3, 0x6925, 1,
    0x6000, 1, 0x52CC, 1, 0x6862, 1, 0x5000, 1,
    0x8986, 1, 0x2924, 1, 0x6CB4, 4, 0x63B0, 1,
    0x2147, 1, 0x10A3, 1, 0x5ACA, 2, 0x632E, 3,
    0x52CC, 1, 0x42CC, 1, 0x3A09, 1, 0x8BCA, 1,
    0xB50B, 1, 0x5ACA, 1, 0x8BCA, 1, 0xA488, 4,
    0x7B47, 1, 0x18C5, 67, 0x63B0, 1, 0x632E, 1,
    0x3A09, 8, 0x52CC, 10, 0x632E, 1, 0x52CC, 4,
    0x3A09, 1, 0x42CC, 1, 0x3A09, 4, 0x39A8, 2,
    0x0862, 1, 0x18C5, 1, 0xA269, 1, 0x20E3, 1,
    0x6CB4, 1, 0x63B0, 1, 0x6CB4, 2, 0x63B0, 2,
    0x10A3, 1, 0x8986, 1, 0x632E, 1, 0x52CC, 1,
    0x632E, 1, 0x52CC, 2, 0x3A09, 2, 0x8BCA, 1,
    0xB50B, 1, 0x8BCA, 1, 0xA488, 4, 0x7B47, 1,
    0x8BCA, 1, 0x18C5, 66, 0xA269, 1, 0x63B0, 1,
    0x3A09, 4, 0x5ACA, 1, 0x3A09, 1, 0x5ACA, 3,
    0x632E, 5, 0x5ACA, 1, 0x632E, 1, 0x52CC, 2,
    0x632E, 2, 0x42CC, 1, 0x39A8, 1, 0x2147, 1,
    0x39A8, 1, 0x2147, 3, 0x39A8, 4, 0x3A09, 1,
    0x42CC, 2, 0xA269, 1, 0x2147, 1, 0x6CB4, 2,
    0x63B0, 4, 0x6862, 1, 0x5ACA, 1, 0x52CC, 1,
    0x632E, 2, 0x52CC, 1, 0x3A09, 2, 0x8BCA, 1,
    0xB50B, 3, 0xA488, 5, 0x18C5, 67, 0x63B0, 1,
    0x632E, 1, 0x3A09, 1, 0x2147, 4, 0x5ACA, 1,
    0x3A09, 1, 0x2147, 4, 0x3A09, 1, 0x2147, 1,
    0x3A09, 1, 0x2147, 2, 0x3A09, 1, 0x42CC, 3,
    0x6CB4, 1, 0x42CC, 1, 0x6CB4, 6, 0x42CC, 2,
    0x3A09, 2, 0x42CC, 2, 0xA269, 1, 0x2147, 1,
    0x63B0, 5, 0x632E, 1, 0x52CC, 2, 0x632E, 4,
    0x52CC, 1, 0x3A09, 1, 0xB50B, 1, 0xDE0C, 3,
    0xA488, 2, 0x18C5, 2, 0x4A27, 1, 0x18C5, 66,
    0x63B0, 2, 0x2147, 1, 0x42CC, 1, 0x6CB4, 1,
    0x3A09, 1, 0x42CC, 3, 0x63B0, 1, 0x6CB4, 3,
    0x2147, 3, 0x42CC, 1, 0x6CB4, 18, 0x42CC, 2,
    0xA145, 1, 0x2147, 1, 0x63B0, 6, 0x3A09, 1,
    0x632E, 1, 0x52CC, 1, 0x632E, 2, 0x52CC, 2,
    0x63B0, 1, 0xDE0C, 4, 0xA488, 2, 0x18C5, 69,
    0x94D3, 1, 0x63B0, 1, 0x6CB4, 10, 0x2147, 2,
    0x18E4, 1, 0x0862, 1, 0x2147, 2, 0x6CB4, 6,
    0x2147, 3, 0x42CC, 1, 0x6CB4, 7, 0x42CC, 2,
    0x39A8, 1, 0x52CC, 1, 0x63B0, 5, 0x42CC, 1,
    0x632E, 1, 0x5ACA, 1, 0x63B0, 1, 0x632E, 3,
    0x63B0, 1, 0xDE0C, 6, 0x18C5, 3, 0x6000, 1,
    0x18C5, 65, 0x94D3, 1, 0x632E, 1, 0x63B0, 1,
    0x6CB4, 10, 0x2147, 1, 0x0862, 1, 0x0000, 2,
    0x18E4, 1, 0x2147, 1, 0x6CB4, 5, 0x2147, 2,
    0x18E4, 1, 0x0862, 1, 0x2147, 2, 0x6CB4, 8,
    0x42CC, 1, 0x632E, 2, 0x63B0, 3, 0x632E, 1,
    0x52CC, 1, 0x5ACA, 1, 0x632E, 4, 0x63B0, 2,
    0xDE0C, 5, 0xA488, 1, 0x6862, 1, 0x18C5, 2,
    0x7B47, 1, 0x18C5, 64, 0x94D3, 1, 0xA269, 1,
    0x42CC, 1, 0x6CB4, 11, 0x42CC, 3, 0x0862, 1,
    0x42CC, 2, 0x6CB4, 5, 0x2147, 1, 0x0862, 2,
    0x0000, 1, 0x18E4, 1, 0x42CC, 1, 0x6CB4, 9,
    0xA269, 1, 0x42CC, 1, 0x63B0, 3, 0x2147, 1,
    0x52CC, 2, 0x63B0, 2, 0x632E, 1, 0x94D3, 1,
    0x63B0, 1, 0xDE0C, 6, 0x6925, 1, 0xA145, 1,
    0x18C5, 66, 0x63B0, 1, 0x632E, 2, 0x42CC, 4,
    0x6CB4, 2, 0x63B0, 4, 0x6CB4, 6, 0x42CC, 1,
    0x6CB4, 6, 0x42CC, 1, 0x6CB4, 1, 0x42CC, 1,
    0x0862, 1, 0x2147, 1, 0x42CC, 1, 0x6CB4, 9,
    0x8986, 1, 0x2147, 1, 0x63B0, 2, 0x2924, 1,
    0x52CC, 1, 0x3A09, 1, 0x52CC, 2, 0x632E, 2,
    0x94D3, 1, 0x632E, 1, 0x94D3, 1, 0xDE0C, 4,
    0xA488, 1, 0x6862, 1, 0x20E3, 1, 0x18A2, 1,
    0x18C5, 64, 0x63B0, 1, 0x52CC, 1, 0x8986, 1,
    0x6800, 1, 0x8986, 4, 0x2147, 1, 0x39A8, 4,
    0x3A09, 2, 0x42CC, 2, 0x63B0, 2, 0x42CC, 1,
    0x6CB4, 7, 0x42CC, 1, 0x6CB4, 3, 0x42CC, 1,
    0x6CB4, 11, 0x18C3, 1, 0x632E, 1, 0x42CC, 1,
    0x52CC, 1, 0x6925, 1, 0x52CC, 4, 0x94D3, 2,
    0xFECD, 2, 0x94D3, 1, 0xFECD, 1, 0xDE0C, 2,
    0xFECD, 1, 0x18A2, 1, 0x20E3, 1, 0x6925, 1,
    0x18C5, 63, 0x63B0, 1, 0x9083, 1, 0x9000, 1,
    0x8986, 1, 0x18C3, 2, 0x8000, 1, 0x9083, 1,
    0x8986, 1, 0x9083, 1, 0x2924, 1, 0x8986, 4,
    0x6000, 1, 0x18E4, 1, 0x39A8, 2, 0x42CC, 8,
    0x3A09, 1, 0x42CC, 4, 0x3A09, 1, 0x6CB4, 11,
    0x18C3, 1, 0x2147, 1, 0x6925, 1, 0x52CC, 1,
    0x3A09, 1, 0x632E, 1, 0x52CC, 1, 0x3A09, 1,
    0x63B0, 1, 0x94D3, 1, 0xFECD, 5, 0xDE0C, 1,
    0xFECD, 1, 0x2924, 1, 0x20E3, 1, 0x2924, 1,
    0x6862, 1, 0x18C5, 62, 0x63B0, 1, 0x9000, 1,
    0x6800, 1, 0x8986, 1, 0x2800, 1, 0x8000, 1,
    0x632E, 1, 0x52CC, 1, 0x5ACA, 1, 0x52CC, 5,
    0x3A09, 2, 0x2924, 1, 0x2104, 1, 0x18C3, 1,
    0x8986, 5, 0x6000, 1, 0x6800, 2, 0x6000, 1,
    0x39A8, 3, 0x42CC, 10, 0x6CB4, 4, 0x3985, 1,
    0x6925, 1, 0x52CC, 1, 0x3A09, 1, 0x632E, 1,
    0x52CC, 2, 0x94D3, 1, 0x63B0, 2, 0xFECD, 2,
    0x63B0, 1, 0xFECD, 4, 0x18A2, 1, 0x0862, 1,
    0x20E3, 1, 0x2147, 1, 0x18C5, 61, 0x94D3, 1,
    0x9000, 1, 0x6000, 1, 0x8986, 1, 0x2800, 1,
    0x6862, 2, 0x52CC, 2, 0x5ACA, 2, 0x52CC, 2,
    0x8986, 1, 0x52CC, 1, 0x632E, 3, 0x63B0, 1,
    0x632E, 4, 0x52CC, 1, 0x42CC, 2, 0x3A09, 1,
    0x10A3, 1, 0x18C3, 2, 0x8986, 1, 0x1082, 3,
    0x8986, 3, 0x6800, 1, 0x8986, 1, 0x6800, 1,
    0x8986, 3, 0x6800, 1, 0x18C5, 2, 0x2104, 1,
    0x8986, 1, 0x42CC, 1, 0x52CC, 1, 0x632E, 1,
    0x52CC, 1, 0x94D3, 1, 0xDE0C, 2, 0x63B0, 1,
    0xFECD, 2, 0x2924, 1, 0xFECD, 4, 0x4A27, 1,
    0x10A3, 1, 0x20E3, 1, 0x39A8, 1, 0x18C5, 59,
    0x94D3, 1, 0x63B0, 1, 0x9000, 1, 0x6000, 1,
    0x8986, 1, 0x2800, 2, 0x6925, 1, 0x632E, 1,
    0x42CC, 1, 0x52CC, 2, 0x5ACA, 2, 0x52CC, 1,
    0x632E, 3, 0x52CC, 1, 0x632E, 2, 0x63B0, 1,
    0xB50B, 2, 0x632E, 2, 0x52CC, 2, 0x63B0, 2,
    0x632E, 4, 0x5ACA, 1, 0x632E, 5, 0x8986, 2,
    0x6862, 1, 0x6800, 1, 0x2800, 2, 0x8986, 1,
    0x6000, 1, 0x6925, 1, 0x42CC, 1, 0x52CC, 1,
    0x632E, 2, 0x52CC, 1, 0x94D3, 1, 0xDE0C, 2,
    0x632E, 1, 0xFECD, 1, 0x63B0, 1, 0xFECD, 5,
    0x3985, 1, 0x10A3, 1, 0x4104, 1, 0x39A8, 1,
    0x18C5, 58, 0x94D3, 1, 0x63B0, 1, 0x9000, 2,
    0x8986, 1, 0x2800, 2, 0x2924, 1, 0x632E, 1,
    0x8BCA, 3, 0x632E, 2, 0x8BCA, 2, 0xB50B, 1,
    0x52CC, 1, 0xB50B, 1, 0x63B0, 1, 0x52CC, 1,
    0x632E, 1, 0xB50B, 1, 0x632E, 3, 0x52CC, 1,
    0x8BCA, 4, 0x632E, 8, 0x52CC, 1, 0x6925, 2,
    0x8986, 1, 0x7800, 1, 0x2800, 1, 0x8986, 2,
    0x6925, 2, 0x3A09, 1, 0x52CC, 1, 0x632E, 2,
    0x52CC, 1, 0x94D3, 1, 0x63B0, 1, 0xDE0C, 2,
    0x8BCA, 1, 0xB50B, 3, 0xFECD, 1, 0xDE0C, 1,
    0xFECD, 2, 0x1082, 1, 0x10A3, 1, 0x4A27, 1,
    0x39A8, 1, 0x18C5, 57, 0x94D3, 1, 0x63B0, 1,
    0x9083, 1, 0x6862, 1, 0x6925, 1, 0x2800, 2,
    0x2104, 1, 0x52CC, 1, 0x632E, 1, 0x8BCA, 3,
    0x4A27, 2, 0x8BCA, 1, 0xB50B, 2, 0x52CC, 5,
    0x632E, 1, 0x52CC, 2, 0x632E, 1, 0xA488, 2,
    0x632E, 1, 0x52CC, 1, 0x63B0, 1, 0xA488, 1,
    0x63B0, 1, 0x52CC, 2, 0x632E, 2, 0x52CC, 1,
    0x5ACA, 1, 0x6925, 2, 0x8986, 1, 0x6800, 1,
    0x2800, 1, 0x8986, 1, 0x6800, 1, 0x6925, 1,
    0x3A09, 3, 0x52CC, 2, 0x8BCA, 1, 0x94D3, 2,
    0x63B0, 1, 0x94D3, 1, 0xDE0C, 3, 0xFECD, 1,
    0xDE0C, 1, 0xA488, 1, 0x63B0, 1, 0xFECD, 1,
    0x18A2, 1, 0x1082, 2, 0x4104, 1, 0x39A8, 1,
    0x18C5, 56, 0x632E, 2, 0x52CC, 1, 0x6862, 1,
    0x5000, 1, 0x6925, 1, 0x2800, 1, 0x18C3, 1,
    0x7B47, 1, 0x8BCA, 1, 0x7B47, 1, 0x8BCA, 5,
    0xB50B, 2, 0x2924, 1, 0xB50B, 3, 0x3A09, 2,
    0xB50B, 1, 0x63B0, 1, 0x52CC, 9, 0xA488, 1,
    0xB50B, 1, 0x63B0, 1, 0x632E, 2, 0x42CC, 2,
    0x632E, 1, 0x7800, 1, 0x0862, 1, 0x8986, 1,
    0x6800, 1, 0x4841, 1, 0x3A09, 2, 0x52CC, 2,
    0x632E, 2, 0x52CC, 1, 0x94D3, 1, 0x63B0, 2,
    0x632E, 1, 0x2147, 1, 0xDE0C, 5, 0x0000, 1,
    0xFECD, 1, 0x20E3, 1, 0x0862, 1, 0x10A3, 1,
    0x7B47, 1, 0x2104, 1, 0x18C5, 54, 0x94D3, 1,
    0x632E, 2, 0x52CC, 1, 0x6925, 3, 0x2800, 2,
    0x4000, 1, 0x42CC, 1, 0x7B47, 2, 0x5ACA, 1,
    0x7B47, 1, 0x6925, 1, 0x3985, 3, 0x4A27, 1,
    0x8BCA, 1, 0x5ACA, 1, 0xA488, 1, 0xB50B, 1,
    0x3A09, 1, 0xB50B, 3, 0x3A09, 1, 0x632E, 1,
    0xB50B, 2, 0x632E, 1, 0x52CC, 2, 0x3A09, 1,
    0xB50B, 3, 0x42CC, 1, 0xB50B, 4, 0x632E, 1,
    0x2800, 1, 0x8986, 1, 0x4841, 1, 0x4104, 1,
    0x39A8, 2, 0x52CC, 5, 0x94D3, 2, 0x63B0, 2,
    0xDE0C, 1, 0x63B0, 1, 0xB50B, 1, 0xDE0C, 1,
    0xA488, 1, 0x3A09, 1, 0x39A8, 1, 0xA488, 1,
    0xDE0C, 1, 0x20E3, 1, 0x10A3, 2, 0x20E3, 1,
    0x18C5, 55, 0xB50B, 1, 0x52CC, 1, 0x632E, 1,
    0x52CC, 2, 0x6925, 2, 0x2800, 1, 0x5000, 1,
    0x52CC, 1, 0x3A09, 1, 0x7B47, 1, 0x8BCA, 2,
    0x3A09, 1, 0x7B47, 1, 0x5ACA, 1, 0x4A27, 1,
    0x7B47, 1, 0x4841, 1, 0x4A27, 1, 0x39A8, 1,
    0x4062, 2, 0x18C3, 1, 0x732B, 1, 0x7B47, 1,
    0x732B, 1, 0x8BCA, 1, 0x732B, 1, 0x2104, 1,
    0xA488, 3, 0x8BCA, 1, 0xA488, 1, 0xB50B, 1,
    0x6000, 1, 0x4A27, 1, 0xA488, 1, 0xB50B, 1,
    0x42CC, 1, 0x632E, 1, 0x8000, 1, 0x2800, 1,
    0x8986, 1, 0x4841, 2, 0x39A8, 1, 0x52CC, 5,
    0x632E, 1, 0x63B0, 1, 0x94D3, 2, 0x63B0, 1,
    0xDE0C, 1, 0x8BCA, 1, 0xA488, 1, 0xDE0C, 2,
    0xA488, 1, 0x20E3, 2, 0xFECD, 1, 0xDE0C, 1,
    0x3985, 1, 0x5000, 1, 0x10A3, 1, 0x4A27, 1,
    0x18C5, 55, 0x3A09, 1, 0x52CC, 4, 0x6925, 1,
    0x2800, 1, 0x5000, 2, 0x52CC, 1, 0x3A09, 1,
    0x39A8, 1, 0x7B47, 1, 0x39A8, 1, 0x5000, 1,
    0x4062, 1, 0x3985, 1, 0x7B47, 1, 0x8BCA, 1,
    0x732B, 2, 0x8BCA, 1, 0x4A27, 1, 0x8BCA, 2,
    0x4A27, 1, 0x18C3, 1, 0x3A09, 4, 0x7B47, 1,
    0x3A09, 1, 0x7B47, 1, 0x3985, 1, 0x2800, 1,
    0x8BCA, 4, 0x42CC, 2, 0x3A09, 1, 0x6000, 1,
    0x2800, 1, 0x6925, 1, 0x4104, 2, 0x4062, 1,
    0x52CC, 6, 0x63B0, 1, 0x94D3, 1, 0x63B0, 1,
    0x8986, 1, 0xDE0C, 2, 0xA488, 2, 0xA801, 1,
    0x3A09, 1, 0xFECD, 1, 0xA488, 4, 0x10A3, 1,
    0x1082, 1, 0x18A2, 1, 0x18C5, 54, 0x6862, 1,
    0x2924, 1, 0x6925, 1, 0x52CC, 1, 0x6925, 3,
    0x2800, 1, 0x5000, 1, 0x6862, 1, 0x3A09, 1,
    0x6862, 1, 0x39A8, 1, 0x7B47, 2, 0x3A09, 1,
    0x4062, 1, 0x4000, 1, 0x2800, 1, 0x4000, 1,
    0x4104, 1, 0x3985, 2, 0x732B, 1, 0x7B47, 1,
    0x4A27, 1, 0x8BCA, 1, 0x7B47, 1, 0x732B, 2,
    0x4841, 2, 0x4A27, 1, 0x4104, 2, 0x4000, 1,
    0x4A27, 1, 0x8BCA, 1, 0x4104, 1, 0x7B47, 1,
    0x8BCA, 1, 0x7B47, 1, 0x3A09, 1, 0x6000, 1,
    0x2800, 1, 0x6925, 1, 0x4841, 1, 0x4104, 1,
    0x3A09, 2, 0x52CC, 4, 0x2104, 1, 0x3985, 1,
    0x632E, 1, 0x63B0, 2, 0x2147, 1, 0xDE0C, 1,
    0xA488, 1, 0x2147, 1, 0xDE0C, 1, 0xA801, 1,
    0x732B, 1, 0xA488, 1, 0x3985, 2, 0x20E3, 1,
    0x0862, 1, 0x1082, 2, 0x18A2, 1, 0x18C5, 54,
    0x6862, 1, 0x6925, 1, 0x6862, 2, 0x6800, 1,
    0x5000, 1, 0x2800, 3, 0x6000, 1, 0x6925, 2,
    0x18C3, 1, 0x3A09, 1, 0x7B47, 2, 0x4841, 1,
    0x3985, 2, 0x4000, 6, 0x4062, 1, 0x3985, 1,
    0x4A27, 4, 0x7B47, 1, 0x4A27, 1, 0x7B47, 3,
    0x4104, 1, 0x632E, 1, 0x8BCA, 3, 0x42CC, 1,
    0x5000, 2, 0x2800, 1, 0x5000, 1, 0x4104, 2,
    0x3A09, 1, 0x52CC, 2, 0x7B47, 1, 0xB50B, 1,
    0x632E, 1, 0x4841, 1, 0x6862, 1, 0x2924, 1,
    0x8986, 1, 0x632E, 1, 0x8BCA, 1, 0xDE0C, 1,
    0x7B47, 1, 0x20E3, 1, 0xDE0C, 1, 0xA801, 1,
    0x9083, 1, 0x3985, 1, 0x9083, 1, 0x2147, 1,
    0x3985, 1, 0x0862, 1, 0x10A3, 2, 0x20E3, 1,
    0x18C5, 53, 0x6000, 1, 0x5000, 4, 0x4104, 1,
    0x6862, 1, 0x6925, 1, 0x2800, 1, 0x5000, 1,
    0x6000, 1, 0x3A09, 1, 0x6925, 1, 0x6862, 2,
    0x10A3, 1, 0x7B47, 1, 0x8BCA, 1, 0x39A8, 1,
    0x4000, 1, 0x3985, 1, 0x4062, 1, 0x4000, 6,
    0x2800, 1, 0x4000, 2, 0x4841, 1, 0x4A27, 1,
    0x7B47, 1, 0x4A27, 1, 0x4841, 2, 0x8BCA, 1,
    0x7B47, 1, 0x10A3, 1, 0x3A09, 1, 0x8BCA, 1,
    0x52CC, 1, 0x4841, 1, 0x2800, 1, 0x6925, 1,
    0x4841, 1, 0x4104, 1, 0x3A09, 2, 0x52CC, 2,
    0x8BCA, 1, 0xB50B, 1, 0x2924, 1, 0x6862, 1,
    0x6000, 1, 0x18C3, 1, 0x52CC, 1, 0x632E, 1,
    0xDE0C, 2, 0x9000, 1, 0xDE0C, 1, 0x7B47, 1,
    0xA269, 1, 0x9083, 1, 0x2147, 2, 0x4A27, 1,
    0x2924, 1, 0x3985, 1, 0x10A3, 1, 0x0862, 1,
    0x6925, 1, 0x18C5, 53, 0x5000, 5, 0x4104, 1,
    0x6862, 2, 0x6925, 1, 0x2800, 1, 0x5000, 1,
    0x3A09, 1, 0x6925, 1, 0x4104, 1, 0x5000, 2,
    0x39A8, 1, 0x7B47, 1, 0x8BCA, 1, 0x4841, 2,
    0x4062, 1, 0x4000, 1, 0x2800, 1, 0x4841, 1,
    0x3985, 1, 0x4841, 1, 0x4000, 1, 0x4841, 2,
    0x4062, 2, 0x2800, 2, 0x8BCA, 2, 0x3A09, 1,
    0x10A3, 1, 0x6000, 2, 0x6925, 1, 0x42CC, 1,
    0x5000, 1, 0x2800, 1, 0x6925, 1, 0x4841, 2,
    0x4104, 1, 0x3A09, 2, 0x52CC, 2, 0x63B0, 1,
    0xB50B, 1, 0x2924, 1, 0x18C5, 2, 0x5000, 1,
    0x39A8, 1, 0x2147, 1, 0xDE0C, 2, 0x6862, 1,
    0x3985, 1, 0x10A3, 1, 0x2147, 1, 0x1082, 1,
    0x10A3, 1, 0x3985, 1, 0x2147, 1, 0x3985, 2,
    0x10A3, 1, 0x20E3, 1, 0x6925, 1, 0x18C5, 53,
    0x5000, 4, 0x7B47, 1, 0x4104, 1, 0x6925, 1,
    0x6862, 2, 0x52CC, 1, 0x5000, 2, 0x3A09, 1,
    0x4104, 2, 0x6000, 1, 0x5000, 1, 0x10A3, 1,
    0x39A8, 1, 0x7B47, 5, 0x3A09, 2, 0x732B, 1,
    0x7B47, 1, 0x8BCA, 2, 0x732B, 1, 0x8BCA, 2,
    0x3A09, 1, 0x10A3, 1, 0x5000, 1, 0x6000, 4,
    0x6925, 1, 0x6000, 1, 0x2800, 2, 0x5000, 2,
    0x6925, 3, 0x3A09, 2, 0x42CC, 2, 0x6862, 1,
    0x1082, 1, 0x0862, 1, 0x6925, 1, 0x6000, 1,
    0x632E, 1, 0x4841, 1, 0xDE0C, 1, 0xA488, 1,
    0x6862, 2, 0x1082, 2, 0x3985, 1, 0x4A27, 2,
    0x2147, 1, 0x2924, 1, 0x4A27, 1, 0x0862, 1,
    0x20E3, 1, 0x18C5, 54, 0x5000, 3, 0x7B47, 3,
    0x18E4, 2, 0x6862, 1, 0x6000, 1, 0x2800, 1,
    0x5000, 3, 0x4104, 1, 0x5000, 1, 0x4841, 1,
    0x5000, 5, 0x39A8, 1, 0x18C3, 1, 0x10A3, 1,
    0x0862, 1, 0x1082, 1, 0x2800, 1, 0x39A8, 2,
    0x10A3, 1, 0x1082, 1, 0x4000, 1, 0x5000, 2,
    0x4841, 1, 0x4104, 1, 0x3A09, 2, 0x6000, 1,
    0x5000, 1, 0x2800, 1, 0x6925, 1, 0x4841, 1,
    0x8986, 1, 0x6925, 5, 0x3A09, 1, 0x52CC, 1,
    0x2924, 1, 0x6925, 1, 0x0862, 1, 0x6925, 1,
    0x3985, 3, 0xDE0C, 2, 0xA488, 1, 0x6862, 1,
    0x0862, 1, 0x4062, 1, 0x4A27, 2, 0x63B0, 2,
    0x18E4, 1, 0x2924, 1, 0x10A3, 1, 0x4A27, 1,
    0x2924, 1, 0x18C5, 54, 0x4000, 1, 0x5000, 1,
    0x4104, 1, 0x18C3, 1, 0x7B47, 2, 0x8BCA, 1,
    0x18E4, 1, 0x6862, 3, 0x52CC, 1, 0x6925, 1,
    0x0862, 1, 0x5000, 2, 0x6000, 1, 0x4841, 3,
    0x6000, 1, 0x4841, 1, 0x5000, 11, 0x6000, 1,
    0x4104, 1, 0x3A09, 2, 0x4104, 1, 0x5000, 1,
    0x2800, 1, 0x6925, 1, 0x6862, 2, 0x9083, 1,
    0x8986, 1, 0x9000, 4, 0x6925, 2, 0x3985, 1,
    0x6800, 1, 0x0862, 1, 0x1082, 1, 0x6862, 1,
    0x18A2, 1, 0x6925, 1, 0x10A3, 1, 0xDE0C, 1,
    0xA488, 1, 0x7B47, 1, 0x3A09, 1, 0x4062, 1,
    0x4A27, 2, 0x632E, 2, 0x18C3, 1, 0x18E4, 1,
    0x6925, 1, 0x1082, 1, 0x18A2, 1, 0x6862, 1,
    0x18C5, 54, 0x4000, 1, 0x4841, 1, 0x3A09, 1,
    0x1082, 1, 0x7B47, 2, 0x632E, 1, 0x3A09, 1,
    0x18E4, 1, 0x4104, 1, 0x5000, 1, 0x6862, 1,
    0x4841, 1, 0x6925, 2, 0x4000, 4, 0x4841, 3,
    0x5000, 15, 0x2800, 1, 0x6925, 1, 0x5ACA, 1,
    0x6862, 1, 0x6925, 1, 0x8986, 1, 0xA269, 1,
    0x9083, 1, 0x9000, 5, 0xA801, 1, 0x7800, 1,
    0x6000, 1, 0x1082, 2, 0x18A2, 1, 0x1082, 1,
    0x6925, 1, 0x7B47, 1, 0xA488, 1, 0x7B47, 2,
    0x4000, 1, 0x3985, 1, 0x4A27, 1, 0x2147, 3,
    0x2104, 1, 0x18E4, 1, 0x3985, 1, 0x2924, 1,
    0x20E3, 1, 0x18C5, 54, 0x5000, 1, 0x4000, 1,
    0x2800, 1, 0x4A27, 1, 0x3A09, 1, 0x7B47, 1,
    0x52CC, 4, 0x18E4, 1, 0x6862, 2, 0x5000, 1,
    0x6862, 1, 0x4841, 1, 0x6925, 2, 0x0862, 6,
    0x4000, 6, 0x5000, 5, 0x0862, 1, 0x2800, 1,
    0x1082, 1, 0x8986, 1, 0x6862, 2, 0x6925, 1,
    0x3A09, 1, 0x3985, 1, 0xDE0C, 1, 0xB50B, 2,
    0x9000, 2, 0xA801, 3, 0x9000, 1, 0x8000, 1,
    0x0862, 1, 0x6862, 1, 0x20E3, 1, 0x4A27, 1,
    0x2924, 1, 0xA488, 2, 0x7B47, 1, 0x4104, 1,
    0x4062, 1, 0x63B0, 4, 0x18E4, 1, 0x2104, 1,
    0x2147, 1, 0x0862, 1, 0x3985, 2, 0x18C5, 54,
    0x5000, 1, 0x4000, 1, 0x2800, 2, 0x10A3, 2,
    0x52CC, 1, 0x63B0, 3, 0x6CB4, 1, 0x4841, 1,
    0x5000, 2, 0x6000, 1, 0x5000, 8, 0x6925, 6,
    0x0862, 3, 0x6925, 2, 0x6862, 1, 0x4841, 1,
    0x6862, 4, 0x2924, 1, 0x42CC, 1, 0x3985, 1,
    0xB50B, 3, 0x8986, 1, 0x9000, 1, 0xA801, 3,
    0x9000, 1, 0x7800, 1, 0x18E4, 2, 0x6862, 1,
    0x4104, 1, 0x0862, 1, 0x20E3, 1, 0xA488, 1,
    0x4062, 1, 0x7B47, 1, 0x4000, 1, 0x39A8, 1,
    0x632E, 3, 0x0000, 1, 0x18E4, 1, 0x18C3, 1,
    0x2104, 1, 0x18E4, 1, 0x6925, 1, 0x2147, 1,
    0x18C5, 54, 0x4000, 2, 0x2800, 2, 0x4000, 1,
    0x632E, 1, 0x10A3, 1, 0x632E, 3, 0x63B0, 1,
    0x632E, 1, 0x6862, 1, 0x8000, 2, 0x6800, 1,
    0x7800, 2, 0x5000, 16, 0x6862, 4, 0x2104, 2,
    0x63B0, 1, 0xB50B, 2, 0xDE0C, 1, 0xB50B, 1,
    0x2147, 1, 0xA269, 1, 0xA801, 4, 0x8000, 2,
    0x18E4, 1, 0x18C3, 1, 0x18A2, 1, 0x10A3, 1,
    0x4000, 1, 0x2924, 1, 0x3985, 1, 0x4104, 1,
    0x4062, 1, 0x39A8, 1, 0x2147, 1, 0x2104, 1,
    0x2147, 2, 0x18C5, 1, 0x0000, 1, 0x6CB4, 1,
    0x18E4, 2, 0x18C3, 1, 0x18C5, 55, 0x4000, 1,
    0x2800, 3, 0x4000, 1, 0x5000, 1, 0x6000, 1,
    0x10A3, 1, 0x18C3, 1, 0x18E4, 1, 0x18C3, 2,
    0x6862, 1, 0x6800, 2, 0x6000, 1, 0x7800, 7,
    0x8000, 6, 0x5000, 3, 0x6000, 2, 0x6862, 3,
    0x2104, 1, 0x632E, 3, 0x6CB4, 1, 0xDE0C, 1,
    0xFECD, 1, 0x94D3, 1, 0x2147, 1, 0x94D3, 1,
    0xA801, 3, 0x7800, 1, 0x8000, 2, 0x18E4, 1,
    0x18C3, 1, 0x20E3, 1, 0x0862, 1, 0x10A3, 1,
    0x2924, 1, 0x4062, 1, 0x4104, 1, 0x4000, 1,
    0x18C5, 2, 0x6CB4, 1, 0x63B0, 2, 0x0000, 2,
    0x18C5, 59, 0x4000, 1, 0x2800, 2, 0x4000, 2,
    0x5000, 1, 0x6000, 3, 0x7800, 1, 0x6800, 1,
    0x8000, 1, 0x6000, 3, 0x7800, 8, 0x8000, 10,
    0xA801, 1, 0x9083, 1, 0x63B0, 1, 0x94D3, 1,
    0x6CB4, 2, 0x94D3, 3, 0xFECD, 1, 0x94D3, 1,
    0x3A09, 1, 0x2147, 1, 0xB50B, 1, 0xA801, 1,
    0x9000, 1, 0x8000, 3, 0x7800, 1, 0x18C3, 2,
    0x4A27, 1, 0x10A3, 2, 0x39A8, 1, 0x4000, 2,
    0x18C5, 6, 0x6CB4, 1, 0x18C5, 60, 0x4000, 1,
    0x2800, 1, 0x4000, 3, 0x5000, 1, 0x6000, 3,
    0x7800, 1, 0x8000, 2, 0x6800, 1, 0x6000, 1,
    0x8000, 1, 0x9000, 1, 0xA801, 3, 0x7800, 4,
    0x8000, 11, 0x9083, 1, 0x94D3, 1, 0x63B0, 2,
    0x2147, 1, 0x6CB4, 1, 0x94D3, 1, 0x2104, 1,
    0x94D3, 1, 0x2147, 1, 0x94D3, 2, 0x9000, 1,
    0x8000, 2, 0x7800, 2, 0x8000, 1, 0x7800, 1,
    0x18C3, 1, 0x20E3, 1, 0x4000, 1, 0x10A3, 1,
    0x5000, 1, 0x632E, 1, 0x4000, 1, 0x18C5, 69,
    0x5000, 1, 0x4000, 3, 0x6000, 4, 0x8000, 2,
    0x6800, 1, 0x5000, 1, 0x6000, 2, 0x8000, 1,
    0xA801, 6, 0x9000, 5, 0xA801, 2, 0x9000, 1,
    0x8000, 4, 0xA269, 1, 0x94D3, 1, 0x18C3, 1,
    0x2104, 1, 0x2147, 1, 0x94D3, 1, 0x2147, 1,
    0x9000, 1, 0x8000, 1, 0x7800, 1, 0x9000, 1,
    0x8000, 4, 0x7800, 2, 0x8000, 1, 0x7800, 1,
    0x18E4, 1, 0x2924, 1, 0x4000, 1, 0x0862, 1,
    0x10A3, 1, 0x2147, 1, 0x18C5, 70, 0x4000, 1,
    0x5000, 2, 0x4000, 1, 0x5000, 1, 0x6000, 4,
    0x8000, 1, 0x5000, 2, 0x4000, 1, 0x2800, 1,
    0x6800, 1, 0xA801, 4, 0xA145, 3, 0xA801, 6,
    0x9000, 1, 0xA801, 2, 0x7800, 1, 0x8000, 1,
    0x9000, 8, 0x8000, 1, 0x7800, 1, 0x8000, 5,
    0x7800, 4, 0x2104, 1, 0x2924, 1, 0x1082, 1,
    0x0862, 2, 0x2104, 1, 0x18C5, 71, 0x4000, 1,
    0x5000, 2, 0x6000, 2, 0x4000, 1, 0x6000, 2,
    0x9000, 1, 0x5000, 1, 0x10A3, 1, 0x0000, 2,
    0x2800, 1, 0x7800, 1, 0x8000, 3, 0xA801, 1,
    0x9083, 1, 0xA145, 4, 0xA801, 3, 0x8000, 1,
    0x7800, 3, 0x6000, 1, 0x8000, 1, 0x9000, 7,
    0x8000, 6, 0x7800, 5, 0x18C3, 1, 0x20E3, 1,
    0x10A3, 1, 0x0862, 1, 0x4A27, 1, 0x18C5, 72,
    0x4000, 2, 0x5000, 2, 0x6000, 1, 0x4000, 1,
    0x6000, 2, 0x8000, 1, 0xA801, 1, 0xA145, 1,
    0x9000, 1, 0x0000, 3, 0x2800, 1, 0x4000, 1,
    0x8000, 1, 0xA801, 1, 0x9083, 1, 0x8000, 1,
    0xA145, 2, 0xA801, 1, 0x8000, 4, 0x4000, 3,
    0x6000, 2, 0xA801, 1, 0x9000, 4, 0x8000, 1,
    0x9000, 1, 0x8000, 3, 0x7800, 7, 0x18E4, 2,
    0x20E3, 1, 0x10A3, 2, 0x20E3, 1, 0x18C5, 72,
    0x0000, 1, 0x2800, 1, 0x4000, 1, 0x5000, 1,
    0x6000, 1, 0x4000, 1, 0x5000, 2, 0x9000, 2,
    0xA801, 1, 0x9000, 1, 0x6862, 1, 0x3985, 1,
    0x0000, 2, 0x4000, 2, 0x0862, 1, 0x2800, 3,
    0x0862, 2, 0x4000, 1, 0x0000, 1, 0x4000, 3,
    0x0000, 1, 0x2800, 1, 0x10A3, 1, 0x6000, 1,
    0xA801, 2, 0x9000, 3, 0x7800, 1, 0x9000, 1,
    0x8000, 1, 0x7800, 9, 0x2147, 2, 0x20E3, 1,
    0x10A3, 2, 0x20E3, 1, 0x18C5, 73, 0x2800, 2,
    0x4000, 3, 0x5000, 2, 0x6800, 1, 0x9000, 2,
    0xA801, 2, 0x39A8, 1, 0xA269, 1, 0x63B0, 2,
    0x10A3, 3, 0x0000, 1, 0x10A3, 3, 0x0000, 6,
    0xA801, 1, 0xA145, 2, 0xA801, 2, 0x9000, 1,
    0x8000, 2, 0x6000, 1, 0x9000, 1, 0x8000, 1,
    0x7800, 7, 0x6800, 1, 0x2147, 3, 0x2924, 1,
    0x10A3, 1, 0x4000, 1, 0x3985, 1, 0x18C5, 73,
    0x2800, 1, 0x0000, 1, 0x2800, 2, 0x4000, 1,
    0x5000, 2, 0x6800, 4, 0x8000, 1, 0xA145, 2,
    0xA269, 1, 0xB50B, 1, 0x94D3, 3, 0x0000, 1,
    0x94D3, 3, 0x63B0, 2, 0xA269, 1, 0x3A09, 1,
    0xA801, 7, 0x7800, 2, 0x6000, 2, 0x9000, 1,
    0x8000, 1, 0x7800, 5, 0x6800, 1, 0x6000, 2,
    0x18E4, 2, 0x2147, 1, 0x20E3, 1, 0x0862, 1,
    0x4A27, 1, 0x6925, 1, 0x18C5, 76, 0x2800, 3,
    0x4000, 2, 0x6800, 2, 0x7800, 2, 0x8000, 3,
    0xB50B, 1, 0x94D3, 2, 0xFECD, 1, 0x94D3, 5,
    0xA269, 1, 0xA145, 2, 0xA801, 1, 0x9000, 1,
    0xA801, 3, 0x8000, 2, 0x7800, 2, 0x6000, 2,
    0x8000, 2, 0x7800, 4, 0x6000, 1, 0x5000, 1,
    0x4000, 1, 0x18E4, 4, 0x6925, 1, 0x20E3, 1,
    0x10A3, 1, 0x20E3, 1, 0x18C5, 78, 0x0000, 1,
    0x2800, 3, 0x5000, 4, 0x7800, 1, 0x8000, 1,
    0x9000, 3, 0xA801, 1, 0x9000, 1, 0xA801, 1,
    0xFECD, 1, 0x94D3, 2, 0x9000, 5, 0x8000, 5,
    0x7800, 2, 0x6000, 2, 0x7800, 1, 0x6800, 3,
    0x6000, 1, 0x4000, 1, 0x2800, 3, 0x2147, 1,
    0x2104, 1, 0x2147, 1, 0x18E4, 1, 0x2924, 1,
    0x20E3, 2, 0x18C5, 83, 0x2800, 5, 0x4000, 1,
    0x5000, 2, 0x4000, 2, 0x2800, 2, 0x4000, 2,
    0x9000, 2, 0x8000, 9, 0x7800, 2, 0x6000, 5,
    0x5000, 1, 0x2800, 4, 0x2104, 2, 0x2147, 1,
    0x2104, 1, 0x18E4, 1, 0x6925, 1, 0x20E3, 1,
    0x6862, 1, 0x18C5, 90, 0x4000, 1, 0x2800, 6,
    0x4000, 3, 0x6000, 8, 0x5000, 1, 0x4000, 1,
    0x2800, 5, 0x4000, 1, 0x2800, 1, 0x4000, 1,
    0x18C3, 1, 0x2104, 1, 0x18E4, 1, 0x18C3, 1,
    0x2147, 1, 0x2104, 1, 0x2147, 1, 0x6862, 2,
    0x18C5, 104, 0x2800, 2, 0x4000, 3, 0x18C5, 12,
    0x18E4, 1, 0x18C3, 1, 0x18E4, 2, 0x18C3, 2,
    0x39A8, 1, 0x18C5, 4527,
};

#endif // MCQUEEN_DONE_FRAMES_H
