#ifndef SPIDEY_FLIP_FRAMES_H
#define SPIDEY_FLIP_FRAMES_H

/* Auto-gerado por scripts/spidey_export.py. 6 frames, 101x112. */

#include <stdint.h>

#define SPIDEY_FLIP_WIDTH  101
#define SPIDEY_FLIP_HEIGHT 112
#define SPIDEY_FLIP_FRAME_COUNT 6
#define SPIDEY_FLIP_TRANSPARENT_KEY 0x18C5

static const uint32_t spidey_flip_frame_offsets[7] = {
    0, 4024, 7302, 10604, 14482, 18114, 23362
};

static const uint16_t spidey_flip_rle_data[] = {
    0x18C5, 0x0614, 0x1800, 0x0002, 0x18C5, 0x0062, 0x3000, 0x0001, 0xB000, 0x0001, 0xA800, 0x0001,
    0x2800, 0x0001, 0x18C5, 0x0060, 0x0000, 0x0001, 0x8000, 0x0001, 0xB800, 0x0002, 0x9000, 0x0001,
    0x18C5, 0x0060, 0x3000, 0x0001, 0xA000, 0x0001, 0xB000, 0x0001, 0xA800, 0x0001, 0xB000, 0x0001,
    0x9800, 0x0001, 0x18C5, 0x005F, 0x3000, 0x0001, 0xB000, 0x0002, 0xA800, 0x0001, 0xB000, 0x0001,
    0xA000, 0x0001, 0x18C5, 0x005F, 0x6000, 0x0001, 0xA000, 0x0001, 0xA800, 0x0001, 0xB000, 0x0001,
    0xA800, 0x0001, 0x9000, 0x0001, 0x18C5, 0x005F, 0xB000, 0x0001, 0x8800, 0x0001, 0xA000, 0x0001,
    0xB800, 0x0001, 0xA800, 0x0001, 0x18C5, 0x005F, 0x8800, 0x0001, 0xB000, 0x0001, 0x8800, 0x0001,
    0xA800, 0x0001, 0xB000, 0x0001, 0x8000, 0x0001, 0x18C5, 0x005F, 0x9800, 0x0001, 0x9000, 0x0001,
    0x9800, 0x0001, 0xB800, 0x0001, 0x7800, 0x0001, 0x18C5, 0x0060, 0x8800, 0x0002, 0xA800, 0x0001,
    0xB000, 0x0001, 0x9000, 0x0001, 0x18C5, 0x0060, 0xA000, 0x0001, 0x6800, 0x0001, 0x6000, 0x0001,
    0xB800, 0x0002, 0x7800, 0x0001, 0x18C5, 0x005F, 0x8000, 0x0001, 0x8800, 0x0001, 0x8000, 0x0001,
    0xA000, 0x0001, 0xA800, 0x0001, 0x7800, 0x0001, 0x18C5, 0x005F, 0x3800, 0x0001, 0x7800, 0x0001,
    0xE800, 0x0001, 0x9000, 0x0001, 0x9800, 0x0001, 0x7800, 0x0001, 0x18C5, 0x005F, 0x7000, 0x0001,
    0xD000, 0x0001, 0x9000, 0x0001, 0xB800, 0x0001, 0xB000, 0x0001, 0x18C5, 0x005F, 0x0800, 0x0001,
    0xE800, 0x0001, 0xA800, 0x0001, 0xA000, 0x0001, 0x8000, 0x0001, 0x18C5, 0x0060, 0x7000, 0x0001,
    0xC000, 0x0002, 0xC800, 0x0001, 0x18C5, 0x0061, 0x8800, 0x0001, 0xB000, 0x0002, 0x9000, 0x0001,
    0x18C5, 0x0061, 0x8800, 0x0001, 0xC800, 0x0001, 0xC000, 0x0001, 0xA000, 0x0001, 0x18C5, 0x0061,
    0x9800, 0x0001, 0xB800, 0x0002, 0x9000, 0x0001, 0x18C5, 0x0014, 0x8000, 0x0001, 0x18C5, 0x004B,
    0x7800, 0x0001, 0xC800, 0x0001, 0xB800, 0x0003, 0x18C5, 0x0013, 0xB880, 0x0001, 0xF140, 0x0001,
    0x8820, 0x0001, 0x18C5, 0x004A, 0x7800, 0x0001, 0xD000, 0x0001, 0xC800, 0x0001, 0xB800, 0x0001,
    0xD800, 0x0001, 0x8800, 0x0001, 0x18C5, 0x0012, 0xE8E0, 0x0001, 0xF9C0, 0x0001, 0xE940, 0x0001,
    0x7800, 0x0001, 0x18C5, 0x0049, 0x8800, 0x0001, 0xD000, 0x0001, 0xC000, 0x0001, 0xB000, 0x0001,
    0xC800, 0x0001, 0x9000, 0x0001, 0x18C5, 0x0011, 0xB060, 0x0001, 0xF9A0, 0x0001, 0xE960, 0x0001,
    0xF960, 0x0001, 0xC060, 0x0001, 0x18C5, 0x0049, 0xC800, 0x0001, 0x9800, 0x0001, 0x9000, 0x0001,
    0xB800, 0x0001, 0xC000, 0x0001, 0xC800, 0x0001, 0x18C5, 0x0010, 0x9020, 0x0001, 0xE100, 0x0001,
    0xF180, 0x0001, 0xE960, 0x0001, 0xF9A0, 0x0001, 0xE120, 0x0001, 0x6000, 0x0001, 0x18C5, 0x0047,
    0xA000, 0x0001, 0xA800, 0x0001, 0xB800, 0x0001, 0xA800, 0x0001, 0x9800, 0x0001, 0xD000, 0x0001,
    0xA000, 0x0001, 0x7800, 0x0001, 0x18C5, 0x000F, 0x8820, 0x0001, 0xF9A0, 0x0001, 0xE980, 0x0001,
    0xE960, 0x0001, 0xF1A0, 0x0001, 0xE900, 0x0001, 0x9800, 0x0001, 0x18C5, 0x0047, 0x8000, 0x0001,
    0xC000, 0x0001, 0xD000, 0x0001, 0xD800, 0x0001, 0xA000, 0x0001, 0x8000, 0x0001, 0xC000, 0x0001,
    0xC800, 0x0001, 0x8000, 0x0001, 0x18C5, 0x000E, 0xB020, 0x0001, 0xF980, 0x0001, 0xE960, 0x0001,
    0xF180, 0x0001, 0xE960, 0x0001, 0xF9A0, 0x0001, 0xC0A0, 0x0001, 0x18C5, 0x0047, 0xC000, 0x0001,
    0xD800, 0x0001, 0xC800, 0x0001, 0xD800, 0x0001, 0xA000, 0x0001, 0xB000, 0x0001, 0xD800, 0x0002,
    0xC000, 0x0001, 0x7800, 0x0001, 0x18C5, 0x000D, 0xB020, 0x0001, 0xF140, 0x0001, 0xF1A0, 0x0001,
    0xE960, 0x0002, 0xF9A0, 0x0001, 0xC0C0, 0x0001, 0x18C5, 0x0046, 0xA000, 0x0001, 0xC800, 0x0001,
    0xB800, 0x0001, 0xC800, 0x0001, 0xD800, 0x0001, 0xA000, 0x0001, 0xB000, 0x0001, 0xD800, 0x0001,
    0xB800, 0x0001, 0xC000, 0x0001, 0xB800, 0x0001, 0x18C5, 0x000E, 0xB020, 0x0001, 0xF140, 0x0001,
    0xF1A0, 0x0001, 0xE960, 0x0001, 0xF9A0, 0x0001, 0xD0C0, 0x0001, 0x18C5, 0x0046, 0xA800, 0x0001,
    0xD000, 0x0001, 0xC000, 0x0001, 0xB800, 0x0002, 0xA800, 0x0002, 0xB800, 0x0001, 0xC000, 0x0001,
    0xC800, 0x0001, 0xD000, 0x0001, 0x9000, 0x0001, 0x18C5, 0x000E, 0xB820, 0x0001, 0xF140, 0x0001,
    0xF180, 0x0001, 0xF1A0, 0x0001, 0xE0C0, 0x0001, 0x18C5, 0x0046, 0x9001, 0x0001, 0xD800, 0x0001,
    0xC800, 0x0003, 0xB800, 0x0001, 0xC000, 0x0001, 0xC800, 0x0001, 0xD000, 0x0001, 0xC800, 0x0001,
    0xD800, 0x0001, 0x7801, 0x0001, 0x18C5, 0x000E, 0x9800, 0x0001, 0xE900, 0x0001, 0xF180, 0x0001,
    0xF1A0, 0x0001, 0xE0C0, 0x0001, 0x18C5, 0x0046, 0x1833, 0x0001, 0xB002, 0x0001, 0xE000, 0x0001,
    0xD000, 0x0002, 0xB800, 0x0001, 0xC000, 0x0001, 0xC800, 0x0001, 0xD000, 0x0001, 0xE000, 0x0001,
    0x9805, 0x0001, 0x0814, 0x0001, 0x18C5, 0x000F, 0xE900, 0x0001, 0xF180, 0x0001, 0xF1A0, 0x0001,
    0xF0C0, 0x0001, 0x18C5, 0x0046, 0x00DB, 0x0001, 0x1A78, 0x0001, 0x60EF, 0x0001, 0xC000, 0x0001,
    0xE800, 0x0001, 0xC800, 0x0001, 0xD000, 0x0001, 0xE800, 0x0001, 0xB001, 0x0001, 0x6130, 0x0001,
    0x0A7B, 0x0001, 0x0077, 0x0001, 0x18C5, 0x000E, 0xB880, 0x0001, 0xF160, 0x0001, 0xF180, 0x0001,
    0xF140, 0x0001, 0xC880, 0x0001, 0x18C5, 0x0047, 0x02FF, 0x0001, 0x031F, 0x0001, 0x2257, 0x0001,
    0x3236, 0x0001, 0x2A56, 0x0001, 0x3256, 0x0001, 0x3236, 0x0001, 0x1A79, 0x0001, 0x033F, 0x0001,
    0x029F, 0x0001, 0x18C5, 0x000F, 0xC8C0, 0x0001, 0xF9C0, 0x0001, 0xF1A0, 0x0001, 0xE8E0, 0x0001,
    0x18C5, 0x0048, 0x017C, 0x0001, 0x033E, 0x0001, 0x033F, 0x0001, 0x035F, 0x0003, 0x033F, 0x0001,
    0x01FC, 0x0001, 0x029D, 0x0001, 0x0057, 0x0001, 0x18C5, 0x000D, 0x7800, 0x0001, 0xA000, 0x0001,
    0x9800, 0x0001, 0xC8C0, 0x0001, 0xE900, 0x0001, 0xB880, 0x0001, 0x8860, 0x0001, 0x18C5, 0x0047,
    0x0098, 0x0001, 0x015C, 0x0001, 0x027C, 0x0001, 0x029C, 0x0001, 0x027C, 0x0001, 0x02BD, 0x0001,
    0x01FC, 0x0001, 0x00BA, 0x0002, 0x18C5, 0x000D, 0x98C0, 0x0001, 0xD120, 0x0001, 0xFA60, 0x0001,
    0xE900, 0x0001, 0xC0A0, 0x0001, 0xC160, 0x0001, 0xFBA0, 0x0001, 0xD160, 0x0001, 0x18C5, 0x0047,
    0x0011, 0x0001, 0x013C, 0x0001, 0x019C, 0x0001, 0x017C, 0x0001, 0x019C, 0x0001, 0x00D9, 0x0001,
    0x0008, 0x0001, 0x008C, 0x0001, 0x18C5, 0x000D, 0xA120, 0x0001, 0xFA60, 0x0001, 0xF2E0, 0x0001,
    0xE220, 0x0001, 0xF280, 0x0001, 0xFAE0, 0x0001, 0xE1E0, 0x0001, 0xE0E0, 0x0001, 0xD800, 0x0001,
    0x18C5, 0x0048, 0x0077, 0x0001, 0x013B, 0x0001, 0x00D8, 0x0001, 0x0139, 0x0001, 0x0013, 0x0001,
    0x00F3, 0x0001, 0x0008, 0x0001, 0x0000, 0x0001, 0x18C5, 0x000C, 0xE9C0, 0x0001, 0xFB20, 0x0001,
    0xE980, 0x0001, 0xD880, 0x0001, 0xE120, 0x0001, 0xE0E0, 0x0001, 0xE0C0, 0x0001, 0xE220, 0x0001,
    0xE9A0, 0x0001, 0xC040, 0x0001, 0x18C5, 0x0047, 0x0000, 0x0001, 0x0025, 0x0001, 0x0076, 0x0001,
    0x019C, 0x0001, 0x013A, 0x0001, 0x019E, 0x0001, 0x011A, 0x0001, 0x0034, 0x0001, 0x0005, 0x0001,
    0x18C5, 0x000A, 0xC860, 0x0001, 0xF240, 0x0001, 0xEAC0, 0x0001, 0xF2E0, 0x0001, 0xF340, 0x0001,
    0xD900, 0x0001, 0xE1A0, 0x0001, 0xF320, 0x0001, 0xF260, 0x0001, 0xF2C0, 0x0001, 0xD900, 0x0001,
    0x18C5, 0x0047, 0x0004, 0x0001, 0x0159, 0x0001, 0x0036, 0x0001, 0x01DD, 0x0001, 0x021C, 0x0001,
    0x01FC, 0x0001, 0x021D, 0x0001, 0x0099, 0x0001, 0x006C, 0x0001, 0x18C5, 0x000A, 0xD940, 0x0001,
    0xF2E0, 0x0001, 0xE9A0, 0x0001, 0xEA40, 0x0001, 0xF2C0, 0x0001, 0xE120, 0x0001, 0xE9A0, 0x0001,
    0xF200, 0x0001, 0xEA40, 0x0001, 0xFAC0, 0x0001, 0xA0C7, 0x0001, 0x18C5, 0x0047, 0x009A, 0x0001,
    0x00B8, 0x0001, 0x0119, 0x0001, 0x02DE, 0x0001, 0x033E, 0x0002, 0x031E, 0x0001, 0x017A, 0x0001,
    0x009A, 0x0001, 0x0022, 0x0001, 0x18C5, 0x0009, 0xD0A0, 0x0001, 0xFA80, 0x0001, 0xEB40, 0x0001,
    0xEA20, 0x0001, 0xE9C0, 0x0001, 0xF1E0, 0x0001, 0xF240, 0x0001, 0xEB00, 0x0001, 0xFB00, 0x0001,
    0xC1A7, 0x0001, 0x119D, 0x0001, 0x18C5, 0x0046, 0x0012, 0x0001, 0x021D, 0x0001, 0x0055, 0x0001,
    0x01FD, 0x0001, 0x033E, 0x0001, 0x02FE, 0x0002, 0x031D, 0x0001, 0x033E, 0x0001, 0x019B, 0x0001,
    0x000F, 0x0001, 0x0000, 0x0001, 0x18C5, 0x0009, 0xA0A7, 0x0001, 0xFAE0, 0x0001, 0xF340, 0x0001,
    0xFA60, 0x0001, 0xF200, 0x0001, 0xF360, 0x0001, 0xFAA0, 0x0001, 0xCA45, 0x0001, 0x133E, 0x0001,
    0x18C5, 0x0047, 0x0012, 0x0001, 0x025D, 0x0001, 0x00F7, 0x0001, 0x02DD, 0x0001, 0x031E, 0x0003,
    0x02FE, 0x0001, 0x02FD, 0x0001, 0x033E, 0x0001, 0x01BC, 0x0001, 0x0001, 0x0001, 0x18C5, 0x0009,
    0x029E, 0x0001, 0x131B, 0x0001, 0xC225, 0x0001, 0xDA83, 0x0001, 0xD283, 0x0001, 0xDA23, 0x0001,
    0x2B99, 0x0001, 0x0BBE, 0x0001, 0x02FF, 0x0001, 0x18C5, 0x0047, 0x0012, 0x0001, 0x023D, 0x0001,
    0x021D, 0x0001, 0x031D, 0x0001, 0x031E, 0x0006, 0x02FE, 0x0001, 0x0057, 0x0001, 0x18C5, 0x0008,
    0x01DA, 0x0001, 0x03DF, 0x0001, 0x041E, 0x0001, 0x033F, 0x0001, 0x03FF, 0x0001, 0x03BF, 0x0001,
    0x037F, 0x0001, 0x029F, 0x0001, 0x015C, 0x0001, 0x18C5, 0x0048, 0x0012, 0x0001, 0x023D, 0x0001,
    0x021D, 0x0001, 0x02FD, 0x0001, 0x031E, 0x0005, 0x02FD, 0x0001, 0x033E, 0x0001, 0x01FE, 0x0001,
    0x0012, 0x0001, 0x18C5, 0x0006, 0x0139, 0x0001, 0x045F, 0x0001, 0x03BD, 0x0001, 0x03FD, 0x0001,
    0x039D, 0x0001, 0x03DD, 0x0001, 0x035D, 0x0001, 0x041E, 0x0001, 0x01BB, 0x0001, 0x18C5, 0x0049,
    0x0012, 0x0001, 0x023D, 0x0001, 0x021D, 0x0001, 0x02FD, 0x0001, 0x031E, 0x0002, 0x02FE, 0x0002,
    0x031E, 0x0001, 0x02FD, 0x0001, 0x035E, 0x0001, 0x027D, 0x0001, 0x0012, 0x0001, 0x18C5, 0x0005,
    0x0013, 0x0001, 0x035E, 0x0001, 0x039E, 0x0001, 0x041E, 0x0001, 0x049E, 0x0001, 0x04FE, 0x0001,
    0x049E, 0x0001, 0x041D, 0x0001, 0x043E, 0x0001, 0x01BC, 0x0001, 0x18C5, 0x0049, 0x0012, 0x0001,
    0x023D, 0x0001, 0x021D, 0x0001, 0x02FD, 0x0001, 0x031E, 0x0002, 0x033E, 0x0001, 0x031E, 0x0001,
    0x02FE, 0x0001, 0x031E, 0x0002, 0x02DE, 0x0001, 0x00FA, 0x0001, 0x18C5, 0x0005, 0x015A, 0x0001,
    0x035F, 0x0001, 0x03BD, 0x0001, 0x047E, 0x0001, 0x053E, 0x0001, 0x051E, 0x0002, 0x047D, 0x0001,
    0x041E, 0x0001, 0x031D, 0x0001, 0x18C5, 0x0049, 0x0012, 0x0001, 0x023D, 0x0001, 0x021D, 0x0001,
    0x02FD, 0x0001, 0x031E, 0x0001, 0x02FE, 0x0001, 0x03FE, 0x0002, 0x031E, 0x0001, 0x02FE, 0x0001,
    0x02FD, 0x0001, 0x035F, 0x0001, 0x01DC, 0x0001, 0x18C5, 0x0004, 0x0054, 0x0001, 0x02DE, 0x0001,
    0x043E, 0x0001, 0x039D, 0x0001, 0x04DE, 0x0001, 0x051E, 0x0001, 0x04FE, 0x0001, 0x053E, 0x0001,
    0x045E, 0x0001, 0x04DD, 0x0001, 0x047F, 0x0001, 0x01DD, 0x0001, 0x18C5, 0x0048, 0x0012, 0x0001,
    0x023D, 0x0001, 0x021D, 0x0001, 0x02FD, 0x0001, 0x02FE, 0x0001, 0x035E, 0x0001, 0x03FE, 0x0001,
    0x041E, 0x0001, 0x03FE, 0x0001, 0x033E, 0x0001, 0x02FD, 0x0001, 0x033E, 0x0001, 0x021C, 0x0001,
    0x0036, 0x0001, 0x18C5, 0x0003, 0x015C, 0x0001, 0x041F, 0x0001, 0x039D, 0x0001, 0x047E, 0x0001,
    0x053E, 0x0001, 0x04FE, 0x0001, 0x051E, 0x0002, 0x04DE, 0x0001, 0x047D, 0x0001, 0x051E, 0x0001,
    0x037F, 0x0001, 0x7949, 0x0001, 0xD9E0, 0x0001, 0x18C5, 0x0002, 0xA0C0, 0x0001, 0xA0E0, 0x0001,
    0x18C5, 0x0042, 0x0012, 0x0001, 0x023D, 0x0001, 0x01FD, 0x0001, 0x031D, 0x0001, 0x02FE, 0x0001,
    0x03DE, 0x0001, 0x041E, 0x0001, 0x03FE, 0x0001, 0x043E, 0x0001, 0x037E, 0x0001, 0x02FE, 0x0001,
    0x02FD, 0x0001, 0x033F, 0x0001, 0x00FA, 0x0001, 0x18C5, 0x0002, 0x00D7, 0x0001, 0x037F, 0x0001,
    0x041D, 0x0001, 0x03DE, 0x0001, 0x04DE, 0x0001, 0x051E, 0x0003, 0x04FE, 0x0001, 0x053E, 0x0001,
    0x043E, 0x0001, 0x051D, 0x0001, 0x03BF, 0x0001, 0x7A4F, 0x0001, 0xF200, 0x0001, 0xC0A0, 0x0001,
    0x88A0, 0x0001, 0xFB40, 0x0001, 0xB120, 0x0001, 0x7800, 0x0001, 0xC9C0, 0x0001, 0x18C5, 0x0041,
    0x025D, 0x0001, 0x02FE, 0x0001, 0x01FC, 0x0001, 0x031E, 0x0001, 0x03BE, 0x0001, 0x041E, 0x0003,
    0x03FE, 0x0001, 0x033E, 0x0001, 0x02FD, 0x0001, 0x035F, 0x0001, 0x0159, 0x0001, 0x18C5, 0x0002,
    0x019A, 0x0001, 0x04BF, 0x0001, 0x033D, 0x0001, 0x041E, 0x0001, 0x053E, 0x0001, 0x051E, 0x0003,
    0x04FE, 0x0001, 0x051E, 0x0001, 0x043E, 0x0001, 0x051D, 0x0001, 0x047F, 0x0001, 0x72CF, 0x0001,
    0xD8C0, 0x0001, 0xD0E0, 0x0001, 0xA900, 0x0001, 0xE200, 0x0001, 0x8020, 0x0001, 0xDAA0, 0x0001,
    0xFA60, 0x0001, 0x9800, 0x0001, 0x18C5, 0x0040, 0x0119, 0x0001, 0x02BF, 0x0001, 0x01DC, 0x0001,
    0x03BE, 0x0001, 0x041E, 0x0001, 0x03FE, 0x0001, 0x041E, 0x0003, 0x03FE, 0x0001, 0x02FE, 0x0001,
    0x033D, 0x0001, 0x021E, 0x0001, 0x0004, 0x0001, 0x18C5, 0x0001, 0x02FF, 0x0001, 0x045D, 0x0001,
    0x033E, 0x0001, 0x045E, 0x0001, 0x051E, 0x0004, 0x04FE, 0x0001, 0x053E, 0x0001, 0x043E, 0x0001,
    0x04FD, 0x0001, 0x04DF, 0x0001, 0x512F, 0x0001, 0xE860, 0x0001, 0xF1C0, 0x0001, 0xD900, 0x0001,
    0xD8E0, 0x0001, 0xA840, 0x0001, 0xD160, 0x0001, 0xB880, 0x0001, 0x18C5, 0x0001, 0xB140, 0x0001,
    0x9820, 0x0001, 0x18C5, 0x003E, 0x0013, 0x0001, 0x027D, 0x0001, 0x01DC, 0x0001, 0x03BE, 0x0001,
    0x041E, 0x0001, 0x03FE, 0x0001, 0x041E, 0x0004, 0x035E, 0x0001, 0x02FD, 0x0001, 0x02BF, 0x0001,
    0x0023, 0x0001, 0x0075, 0x0001, 0x039F, 0x0001, 0x043D, 0x0001, 0x033E, 0x0001, 0x04FE, 0x0001,
    0x051E, 0x0005, 0x04DE, 0x0001, 0x047E, 0x0001, 0x051D, 0x0001, 0x04BF, 0x0001, 0x69CF, 0x0001,
    0xF0A0, 0x0001, 0xD8A0, 0x0001, 0xF1A0, 0x0002, 0xD960, 0x0001, 0xC960, 0x0001, 0xEB20, 0x0001,
    0xD9A0, 0x0001, 0xFA00, 0x0001, 0xB880, 0x0001, 0x18C5, 0x003E, 0x0013, 0x0001, 0x02DE, 0x0001,
    0x025D, 0x0001, 0x02FD, 0x0001, 0x043E, 0x0001, 0x03FE, 0x0001, 0x041E, 0x0005, 0x035D, 0x0001,
    0x035F, 0x0001, 0x0070, 0x0001, 0x0074, 0x0001, 0x041E, 0x0001, 0x041D, 0x0001, 0x033E, 0x0001,
    0x04DE, 0x0001, 0x051E, 0x0003, 0x04FE, 0x0001, 0x053E, 0x0001, 0x045E, 0x0001, 0x04BE, 0x0001,
    0x053D, 0x0001, 0x049F, 0x0001, 0x722F, 0x0001, 0xF980, 0x0001, 0xD8E0, 0x0001, 0xD8A0, 0x0001,
    0xF140, 0x0001, 0xF2A0, 0x0001, 0xFB60, 0x0001, 0xE900, 0x0001, 0xC8C0, 0x0001, 0x18C5, 0x003B,
    0x8840, 0x0001, 0x18C5, 0x0005, 0x01DB, 0x0001, 0x027E, 0x0001, 0x027C, 0x0001, 0x045E, 0x0001,
    0x03FE, 0x0001, 0x041E, 0x0003, 0x03FE, 0x0001, 0x041E, 0x0001, 0x039E, 0x0001, 0x031E, 0x0001,
    0x015B, 0x0001, 0x00B6, 0x0001, 0x045E, 0x0001, 0x03FD, 0x0001, 0x035E, 0x0001, 0x04FE, 0x0001,
    0x051E, 0x0003, 0x04FE, 0x0001, 0x053E, 0x0001, 0x047E, 0x0001, 0x049E, 0x0001, 0x053D, 0x0001,
    0x037F, 0x0001, 0x824D, 0x0001, 0xFA20, 0x0001, 0xE940, 0x0001, 0xD840, 0x0001, 0xFA80, 0x0001,
    0xFB00, 0x0001, 0xB8A0, 0x0001, 0x18C5, 0x0039, 0xA0E0, 0x0001, 0xA8E0, 0x0001, 0x18C5, 0x0002,
    0xE1E0, 0x0001, 0xA8C0, 0x0001, 0x18C5, 0x0001, 0x8820, 0x0001, 0x98A0, 0x0001, 0x18C5, 0x0001,
    0x0054, 0x0001, 0x02DE, 0x0001, 0x01FC, 0x0001, 0x039D, 0x0001, 0x041E, 0x0005, 0x041D, 0x0001,
    0x043D, 0x0001, 0x039E, 0x0001, 0x0057, 0x0001, 0x021C, 0x0001, 0x045E, 0x0001, 0x035D, 0x0001,
    0x03BE, 0x0001, 0x04DE, 0x0001, 0x051E, 0x0004, 0x04FE, 0x0001, 0x047E, 0x0001, 0x04DD, 0x0001,
    0x04BF, 0x0001, 0x4257, 0x0001, 0xFAA0, 0x0001, 0xEB40, 0x0001, 0xF1E0, 0x0001, 0xE9C0, 0x0001,
    0xDA60, 0x0001, 0xC0E0, 0x0001, 0x18C5, 0x003A, 0xC120, 0x0001, 0xFB60, 0x0001, 0xB1E0, 0x0001,
    0xA000, 0x0001, 0xEA00, 0x0001, 0xE240, 0x0001, 0x9800, 0x0001, 0xDA80, 0x0001, 0xE9E0, 0x0001,
    0x18C5, 0x0002, 0x02DE, 0x0001, 0x029D, 0x0001, 0x037D, 0x0001, 0x043E, 0x0001, 0x03FE, 0x0001,
    0x041E, 0x0003, 0x03BE, 0x0002, 0x017C, 0x0001, 0x000D, 0x0001, 0x035C, 0x0001, 0x045E, 0x0001,
    0x035E, 0x0001, 0x03FE, 0x0001, 0x047E, 0x0001, 0x051E, 0x0004, 0x049E, 0x0001, 0x047E, 0x0001,
    0x055E, 0x0001, 0x03BE, 0x0001, 0x2053, 0x0001, 0xC0A0, 0x0001, 0xFAE0, 0x0001, 0xF340, 0x0001,
    0xEAC0, 0x0001, 0xB880, 0x0001, 0x18C5, 0x003C, 0xC080, 0x0001, 0xFC20, 0x0001, 0xEA80, 0x0001,
    0xEB40, 0x0001, 0xF3A0, 0x0001, 0xEA40, 0x0001, 0xFAA0, 0x0001, 0xD080, 0x0001, 0x18C5, 0x0002,
    0x0119, 0x0001, 0x037F, 0x0001, 0x033D, 0x0001, 0x03FE, 0x0001, 0x041E, 0x0001, 0x03FE, 0x0001,
    0x041E, 0x0001, 0x037E, 0x0001, 0x019B, 0x0001, 0x0077, 0x0001, 0x000A, 0x0001, 0x0000, 0x0001,
    0x031D, 0x0001, 0x019A, 0x0001, 0x0159, 0x0001, 0x023D, 0x0001, 0x027C, 0x0001, 0x04DE, 0x0001,
    0x051E, 0x0001, 0x04FE, 0x0001, 0x053E, 0x0001, 0x045E, 0x0001, 0x041D, 0x0001, 0x04FF, 0x0001,
    0x021C, 0x0001, 0x18C5, 0x0002, 0xD880, 0x0001, 0xFAC0, 0x0001, 0xFB80, 0x0001, 0xE9E0, 0x0001,
    0x18C5, 0x003A, 0x9080, 0x0001, 0x80A0, 0x0001, 0xD220, 0x0001, 0xF340, 0x0001, 0xF3E0, 0x0001,
    0xF300, 0x0001, 0xEAE0, 0x0001, 0xFB80, 0x0001, 0xE9E0, 0x0001, 0x18C5, 0x0004, 0x027F, 0x0001,
    0x031E, 0x0001, 0x03DE, 0x0001, 0x041E, 0x0003, 0x01FC, 0x0001, 0x01BB, 0x0001, 0x02DC, 0x0001,
    0x0219, 0x0001, 0x0054, 0x0001, 0x0119, 0x0001, 0x0056, 0x0001, 0x025D, 0x0001, 0x02FD, 0x0001,
    0x027D, 0x0001, 0x025C, 0x0001, 0x04BE, 0x0001, 0x051E, 0x0002, 0x03BE, 0x0002, 0x029D, 0x0001,
    0x18C5, 0x0003, 0xA800, 0x0001, 0xF240, 0x0001, 0xFB60, 0x0001, 0xE1A0, 0x0001, 0x18C5, 0x0039,
    0x9080, 0x0001, 0xFA40, 0x0001, 0xF2A0, 0x0001, 0xF400, 0x0001, 0xF300, 0x0001, 0xEAE0, 0x0001,
    0xF2E0, 0x0001, 0xEAE0, 0x0001, 0xF320, 0x0001, 0xEA00, 0x0001, 0x18C5, 0x0004, 0x017B, 0x0001,
    0x033F, 0x0001, 0x031D, 0x0001, 0x03DE, 0x0001, 0x03DD, 0x0001, 0x021C, 0x0001, 0x02FD, 0x0001,
    0x043E, 0x0002, 0x045F, 0x0001, 0x027D, 0x0001, 0x0036, 0x0001, 0x023D, 0x0001, 0x03FE, 0x0001,
    0x043E, 0x0002, 0x029D, 0x0002, 0x051E, 0x0001, 0x049E, 0x0001, 0x03FD, 0x0001, 0x03DF, 0x0001,
    0x18C5, 0x0005, 0xC020, 0x0001, 0xFB40, 0x0001, 0xE1A0, 0x0001, 0x18C5, 0x003C, 0xD920, 0x0001,
    0xF300, 0x0001, 0xEB00, 0x0001, 0xF300, 0x0001, 0xEAE0, 0x0001, 0xF340, 0x0001, 0xF240, 0x0001,
    0x18C5, 0x0005, 0x029F, 0x0001, 0x029D, 0x0001, 0x037E, 0x0001, 0x033D, 0x0001, 0x02DD, 0x0001,
    0x043E, 0x0001, 0x03FE, 0x0001, 0x041E, 0x0001, 0x03FD, 0x0001, 0x045E, 0x0001, 0x027D, 0x0001,
    0x027C, 0x0001, 0x045E, 0x0001, 0x03FE, 0x0001, 0x041E, 0x0002, 0x02FE, 0x0001, 0x043E, 0x0001,
    0x041D, 0x0001, 0x037F, 0x0001, 0x023E, 0x0001, 0x18C5, 0x0005, 0xB800, 0x0001, 0xF340, 0x0001,
    0xE980, 0x0001, 0x18C5, 0x003A, 0x9000, 0x0001, 0x18C5, 0x0001, 0xD000, 0x0001, 0xFAA0, 0x0001,
    0xF300, 0x0001, 0xF320, 0x0002, 0xF2C0, 0x0001, 0xD880, 0x0001, 0x18C5, 0x0005, 0x00B6, 0x0001,
    0x01BD, 0x0001, 0x02DD, 0x0001, 0x027D, 0x0001, 0x03FE, 0x0001, 0x041E, 0x0001, 0x03FE, 0x0001,
    0x041E, 0x0001, 0x03FE, 0x0001, 0x043E, 0x0001, 0x039D, 0x0001, 0x023C, 0x0001, 0x045E, 0x0001,
    0x03FE, 0x0002, 0x041E, 0x0001, 0x03FE, 0x0001, 0x035D, 0x0001, 0x043F, 0x0001, 0x033E, 0x0001,
    0x18C5, 0x0006, 0xE9E0, 0x0001, 0xF340, 0x0001, 0xF220, 0x0001, 0xC840, 0x0001, 0x18C5, 0x0039,
    0xC940, 0x0001, 0xC9A0, 0x0001, 0xDA60, 0x0001, 0xF440, 0x0001, 0xFBC0, 0x0001, 0xD120, 0x0001,
    0xE200, 0x0001, 0xF320, 0x0001, 0xF2C0, 0x0001, 0xD960, 0x0001, 0x18C5, 0x0005, 0x0075, 0x0001,
    0x02DE, 0x0001, 0x031D, 0x0001, 0x041E, 0x0001, 0x03FE, 0x0001, 0x041E, 0x0004, 0x03BD, 0x0001,
    0x033D, 0x0001, 0x043E, 0x0001, 0x03FE, 0x0001, 0x041E, 0x0001, 0x03FE, 0x0001, 0x041E, 0x0002,
    0x03DF, 0x0001, 0x017B, 0x0001, 0x18C5, 0x0005, 0xC800, 0x0001, 0xF9C0, 0x0001, 0xE9C0, 0x0001,
    0xF1E0, 0x0001, 0xD080, 0x0001, 0x18C5, 0x0039, 0xC8E0, 0x0001, 0xFAE0, 0x0001, 0xFB00, 0x0002,
    0xD160, 0x0001, 0x8000, 0x0001, 0x9800, 0x0001, 0xEA20, 0x0001, 0xF300, 0x0001, 0xFB60, 0x0001,
    0xD180, 0x0001, 0x18C5, 0x0005, 0x019B, 0x0001, 0x03DE, 0x0001, 0x041D, 0x0001, 0x03FE, 0x0001,
    0x041E, 0x0004, 0x03BE, 0x0001, 0x039E, 0x0001, 0x041E, 0x0001, 0x03FE, 0x0001, 0x041E, 0x0002,
    0x03FD, 0x0001, 0x043F, 0x0001, 0x02DD, 0x0001, 0x18C5, 0x0005, 0xD840, 0x0001, 0xF920, 0x0001,
    0xF2E0, 0x0001, 0xEAE0, 0x0001, 0xF340, 0x0001, 0xD0E0, 0x0001, 0x18C5, 0x003A, 0xC800, 0x0001,
    0xD000, 0x0002, 0x18C5, 0x0003, 0xA800, 0x0001, 0xF940, 0x0001, 0xEA80, 0x0001, 0xFA60, 0x0001,
    0xD0A0, 0x0001, 0x18C5, 0x0004, 0x00F5, 0x0001, 0x047E, 0x0001, 0x03FD, 0x0001, 0x041D, 0x0004,
    0x03FD, 0x0001, 0x031D, 0x0001, 0x043D, 0x0001, 0x03FD, 0x0001, 0x041D, 0x0002, 0x03FD, 0x0001,
    0x041D, 0x0001, 0x03BF, 0x0001, 0x019B, 0x0001, 0x18C5, 0x0004, 0xC0A0, 0x0001, 0xFA80, 0x0001,
    0xF2A0, 0x0001, 0xF220, 0x0001, 0xF2E0, 0x0001, 0xF320, 0x0001, 0xE980, 0x0001, 0xB800, 0x0001,
    0x18C5, 0x0040, 0xD000, 0x0001, 0xF0C0, 0x0001, 0xEA20, 0x0001, 0xF2A0, 0x0001, 0xF240, 0x0001,
    0xB920, 0x0001, 0x8000, 0x0001, 0x18C5, 0x0001, 0x00F8, 0x0001, 0x047F, 0x0001, 0x041E, 0x0004,
    0x043E, 0x0001, 0x041E, 0x0001, 0x03FE, 0x0001, 0x041E, 0x0001, 0x043E, 0x0001, 0x041E, 0x0003,
    0x043E, 0x0001, 0x035F, 0x0001, 0x18C5, 0x0005, 0xE060, 0x0001, 0xF2C0, 0x0001, 0xEB20, 0x0001,
    0xF1A0, 0x0001, 0xF2E0, 0x0001, 0xEB20, 0x0001, 0xF240, 0x0001, 0xB820, 0x0001, 0x18C5, 0x0041,
    0xE180, 0x0001, 0xFA40, 0x0001, 0xEAA0, 0x0001, 0xF340, 0x0001, 0xF220, 0x0001, 0xE960, 0x0001,
    0xC840, 0x0001, 0x9862, 0x0001, 0x39EE, 0x0001, 0x0BFD, 0x0001, 0x139B, 0x0001, 0x0BBB, 0x0002,
    0x0B9B, 0x0002, 0x0BBB, 0x0002, 0x0B9B, 0x0002, 0x0BBB, 0x0002, 0x039E, 0x0001, 0x01FD, 0x0001,
    0x18C5, 0x0004, 0xB040, 0x0001, 0xF2E0, 0x0001, 0xEA20, 0x0001, 0xF1C0, 0x0001, 0xF180, 0x0001,
    0xF1C0, 0x0001, 0xE9A0, 0x0001, 0xF180, 0x0001, 0xD020, 0x0001, 0x18C5, 0x0041, 0xE120, 0x0001,
    0xF9C0, 0x0001, 0xF1C0, 0x0001, 0xE940, 0x0001, 0xF280, 0x0001, 0xF340, 0x0001, 0xF1E0, 0x0001,
    0xFAE0, 0x0001, 0xCA60, 0x0001, 0xA840, 0x0001, 0xD860, 0x0001, 0xD060, 0x0001, 0xD020, 0x0001,
    0xD880, 0x0002, 0xD060, 0x0001, 0xD020, 0x0001, 0xD880, 0x0001, 0xD080, 0x0001, 0xC821, 0x0001,
    0xB860, 0x0001, 0x40CF, 0x0001, 0x18C5, 0x0005, 0xC020, 0x0001, 0xFA80, 0x0001, 0xEB20, 0x0001,
    0xF2A0, 0x0001, 0xE9E0, 0x0001, 0xF320, 0x0001, 0xD960, 0x0001, 0xE8C0, 0x0001, 0xD060, 0x0001,
    0x18C5, 0x0041, 0xC000, 0x0001, 0xFA40, 0x0001, 0xF340, 0x0001, 0xEA20, 0x0001, 0xEAA0, 0x0001,
    0xEB00, 0x0001, 0xF300, 0x0001, 0xE960, 0x0001, 0xE9E0, 0x0001, 0x9060, 0x0001, 0xD880, 0x0001,
    0xF860, 0x0001, 0xE800, 0x0001, 0xF8C0, 0x0001, 0xF8A0, 0x0001, 0xF060, 0x0001, 0xE800, 0x0001,
    0xF8C0, 0x0001, 0xF080, 0x0001, 0xE800, 0x0001, 0xF860, 0x0001, 0x18C5, 0x0006, 0x580A, 0x0001,
    0x98C8, 0x0001, 0xFB00, 0x0001, 0xE9E0, 0x0001, 0xEAC0, 0x0001, 0xF3A0, 0x0001, 0xD9A0, 0x0001,
    0xE060, 0x0001, 0xB860, 0x0001, 0x18C5, 0x0041, 0xC800, 0x0001, 0xFA20, 0x0001, 0xF360, 0x0001,
    0xFA60, 0x0001, 0xF9E0, 0x0001, 0xF340, 0x0001, 0xF220, 0x0001, 0xE0C0, 0x0001, 0xD0A0, 0x0001,
    0xB8A0, 0x0001, 0x4171, 0x0001, 0x41F4, 0x0002, 0x39D4, 0x0001, 0x39F5, 0x0001, 0x41B3, 0x0001,
    0x4153, 0x0001, 0x41F4, 0x0001, 0x41D3, 0x0001, 0x4214, 0x0001, 0x39B5, 0x0001, 0x18C5, 0x0006,
    0x0016, 0x0001, 0x021F, 0x0001, 0xAA49, 0x0001, 0xF980, 0x0001, 0xE9C0, 0x0001, 0xE9A0, 0x0001,
    0xE100, 0x0001, 0xD060, 0x0001, 0x18C5, 0x0042, 0xA800, 0x0001, 0xF200, 0x0001, 0xD223, 0x0001,
    0x231B, 0x0001, 0x7A4E, 0x0001, 0xF1A1, 0x0001, 0xEAA0, 0x0001, 0xEA40, 0x0001, 0xE120, 0x0001,
    0xD860, 0x0001, 0x1279, 0x0001, 0x037F, 0x0001, 0x033F, 0x0001, 0x035F, 0x0002, 0x02FF, 0x0001,
    0x023F, 0x0001, 0x039F, 0x0001, 0x033F, 0x0001, 0x037F, 0x0001, 0x02DF, 0x0001, 0x18C5, 0x0007,
    0x0095, 0x0001, 0x025E, 0x0001, 0xB1A7, 0x0001, 0xFAE0, 0x0001, 0xE1E0, 0x0001, 0xE120, 0x0001,
    0xD140, 0x0001, 0x18C5, 0x0043, 0xE000, 0x0001, 0x12FB, 0x0001, 0x043F, 0x0001, 0x03BF, 0x0001,
    0xB2A7, 0x0001, 0xFAA0, 0x0001, 0xD100, 0x0001, 0xEA20, 0x0001, 0xFAA0, 0x0001, 0xA960, 0x0001,
    0x1A56, 0x0001, 0x033F, 0x0001, 0xA9C8, 0x0001, 0xF900, 0x0001, 0x3A76, 0x0001, 0x3195, 0x0001,
    0x3A96, 0x0001, 0x4AD6, 0x0001, 0x2ABA, 0x0001, 0x52B4, 0x0001, 0x98C7, 0x0001, 0x18C5, 0x0006,
    0x0007, 0x0001, 0x011D, 0x0001, 0xA209, 0x0001, 0xF220, 0x0001, 0xD980, 0x0001, 0xE000, 0x0001,
    0x18C5, 0x0044, 0x50AE, 0x0001, 0x13FE, 0x0001, 0x039D, 0x0001, 0x031E, 0x0001, 0x5AD3, 0x0001,
    0xEB01, 0x0001, 0xEAA0, 0x0001, 0xD8C0, 0x0001, 0xD8E0, 0x0001, 0xE900, 0x0001, 0x8064, 0x0001,
    0x037F, 0x0001, 0x4315, 0x0001, 0x7AAF, 0x0001, 0xF940, 0x0001, 0xF8E0, 0x0001, 0xE840, 0x0001,
    0xF880, 0x0001, 0xE1A1, 0x0001, 0x89EC, 0x0001, 0xF940, 0x0001, 0x4153, 0x0001, 0x18C5, 0x0004,
    0x0009, 0x0001, 0x00FA, 0x0001, 0x02DF, 0x0001, 0xAB29, 0x0001, 0xE960, 0x0001, 0xE100, 0x0001,
    0xD000, 0x0001, 0x18C5, 0x0045, 0x0119, 0x0001, 0x025D, 0x0001, 0x033D, 0x0001, 0x043F, 0x0001,
    0xDA42, 0x0001, 0xF160, 0x0001, 0xD940, 0x0001, 0xE240, 0x0001, 0xE9E0, 0x0001, 0xA0C6, 0x0001,
    0x045F, 0x0001, 0x5B12, 0x0001, 0x8A6C, 0x0001, 0x5B32, 0x0001, 0xF2A0, 0x0001, 0xE241, 0x0001,
    0xD9C0, 0x0001, 0xD8C0, 0x0001, 0xFA80, 0x0001, 0x92CC, 0x0001, 0x0BFE, 0x0001, 0x814B, 0x0001,
    0x00DD, 0x0001, 0x18C5, 0x0002, 0x00FA, 0x0001, 0x02FE, 0x0001, 0x031F, 0x0001, 0xA309, 0x0001,
    0xFB60, 0x0001, 0xE0E0, 0x0001, 0x18C5, 0x0047, 0x00D7, 0x0001, 0x03DE, 0x0001, 0x043D, 0x0001,
    0x22B9, 0x0001, 0xD800, 0x0001, 0xEAE0, 0x0001, 0xF480, 0x0001, 0xFB00, 0x0001, 0xA8C5, 0x0001,
    0x045E, 0x0001, 0xA32A, 0x0001, 0xF980, 0x0001, 0xD1E3, 0x0001, 0xFA40, 0x0001, 0xFB20, 0x0001,
    0xF340, 0x0001, 0xEA40, 0x0001, 0xEA41, 0x0001, 0xDB43, 0x0001, 0x33B7, 0x0001, 0xF1C0, 0x0001,
    0xA30C, 0x0001, 0x015C, 0x0001, 0x0802, 0x0001, 0x02DA, 0x0001, 0x033E, 0x0001, 0x031F, 0x0001,
    0xAA28, 0x0001, 0xF940, 0x0001, 0xD060, 0x0001, 0xD8C0, 0x0001, 0x18C5, 0x0046, 0x00F8, 0x0001,
    0x03BE, 0x0001, 0x043E, 0x0001, 0x32B7, 0x0001, 0xF240, 0x0001, 0xF3C0, 0x0001, 0xEC60, 0x0001,
    0xEB20, 0x0001, 0xE000, 0x0001, 0x69AB, 0x0001, 0x047F, 0x0001, 0x9B0A, 0x0001, 0xCAC6, 0x0001,
    0x9B6A, 0x0001, 0xD343, 0x0001, 0xF300, 0x0001, 0xF340, 0x0001, 0xEA20, 0x0001, 0xFA40, 0x0001,
    0xF240, 0x0001, 0xF1C0, 0x0001, 0x83AD, 0x0001, 0x045F, 0x0001, 0x019A, 0x0001, 0x021A, 0x0001,
    0x02FD, 0x0001, 0x033F, 0x0001, 0xA32A, 0x0001, 0xE880, 0x0001, 0xF2A0, 0x0001, 0xE900, 0x0001,
    0x18C5, 0x0046, 0x023D, 0x0001, 0x039D, 0x0001, 0x03FF, 0x0001, 0xE261, 0x0001, 0xFB00, 0x0001,
    0xEA80, 0x0001, 0xF320, 0x0001, 0xEA60, 0x0001, 0xF9C0, 0x0001, 0x796C, 0x0001, 0x037F, 0x0001,
    0x035F, 0x0001, 0x035D, 0x0001, 0x61F2, 0x0001, 0xA248, 0x0001, 0xFA40, 0x0001, 0xEB00, 0x0001,
    0xF2A0, 0x0001, 0xEA20, 0x0001, 0xFAE0, 0x0001, 0xC365, 0x0001, 0x041F, 0x0001, 0x6A70, 0x0001,
    0x6251, 0x0001, 0x08D6, 0x0001, 0x037E, 0x0001, 0x2A18, 0x0001, 0xCA85, 0x0001, 0xD820, 0x0001,
    0xEA00, 0x0001, 0xF1E0, 0x0001, 0x18C5, 0x0046, 0x027D, 0x0001, 0x03BD, 0x0001, 0x039F, 0x0001,
    0xCBE4, 0x0001, 0xFB00, 0x0001, 0xEBC0, 0x0001, 0xF300, 0x0001, 0xEAA0, 0x0001, 0xFB20, 0x0001,
    0x78AB, 0x0001, 0x03BF, 0x0001, 0x0C1C, 0x0001, 0x1C1C, 0x0001, 0xB288, 0x0001, 0xF860, 0x0001,
    0xF1C0, 0x0001, 0xFAE0, 0x0001, 0xF340, 0x0001, 0xEA00, 0x0001, 0xF260, 0x0001, 0xE322, 0x0001,
    0xB965, 0x0001, 0xF8A0, 0x0001, 0xFA40, 0x0001, 0x2259, 0x0001, 0x01DC, 0x0001, 0x79CE, 0x0001,
    0xFA20, 0x0001, 0xE220, 0x0001, 0xF200, 0x0001, 0xF9C0, 0x0001, 0x18C5, 0x0046, 0x025D, 0x0001,
    0x03DE, 0x0001, 0x02DE, 0x0001, 0xD383, 0x0001, 0xF320, 0x0001, 0xEC40, 0x0001, 0xF460, 0x0001,
    0xFB80, 0x0001, 0xD1C4, 0x0001, 0x135D, 0x0001, 0x041D, 0x0001, 0x03FD, 0x0001, 0x041F, 0x0001,
    0x045E, 0x0001, 0x23B9, 0x0001, 0x133C, 0x0001, 0x33F7, 0x0001, 0xE302, 0x0001, 0xF2E0, 0x0001,
    0xF1E0, 0x0001, 0xEB21, 0x0001, 0xE981, 0x0001, 0x69EE, 0x0001, 0x24BB, 0x0001, 0x0B3A, 0x0001,
    0x00B9, 0x0001, 0x7351, 0x0001, 0xFAA0, 0x0001, 0xEA00, 0x0001, 0xF2E0, 0x0001, 0xE9A0, 0x0001,
    0x18C5, 0x0047, 0x0A1C, 0x0001, 0xA927, 0x0001, 0xF960, 0x0001, 0xEA20, 0x0001, 0xF380, 0x0001,
    0xEA60, 0x0001, 0xEA80, 0x0001, 0x708B, 0x0001, 0x035F, 0x0001, 0x045D, 0x0001, 0x03FE, 0x0001,
    0x03FD, 0x0001, 0x03FE, 0x0001, 0x043F, 0x0001, 0x22FA, 0x0001, 0x2B7A, 0x0001, 0x7A6E, 0x0001,
    0xE263, 0x0001, 0xE9E0, 0x0001, 0xF2C0, 0x0001, 0x1B7B, 0x0001, 0x03BF, 0x0001, 0x045F, 0x0001,
    0x03BD, 0x0001, 0x01FF, 0x0001, 0x722E, 0x0001, 0xF9C0, 0x0001, 0xE980, 0x0001, 0xF9A0, 0x0001,
    0xC000, 0x0001, 0x18C5, 0x0047, 0xA025, 0x0001, 0xFAA0, 0x0001, 0xEBA0, 0x0001, 0xEB40, 0x0001,
    0xF200, 0x0001, 0xE160, 0x0001, 0xD040, 0x0001, 0x3030, 0x0001, 0x023F, 0x0001, 0x025D, 0x0001,
    0x041D, 0x0001, 0x041E, 0x0001, 0x03FD, 0x0001, 0x043F, 0x0001, 0xE261, 0x0001, 0xF9A0, 0x0001,
    0xF1E0, 0x0001, 0x239A, 0x0001, 0x52D3, 0x0001, 0xA2CA, 0x0001, 0xD164, 0x0001, 0x6A92, 0x0001,
    0x23B9, 0x0001, 0x045E, 0x0001, 0x01DC, 0x0001, 0x7109, 0x0001, 0xFB20, 0x0001, 0xF220, 0x0001,
    0xE180, 0x0001, 0x18C5, 0x0047, 0xE080, 0x0001, 0xFB20, 0x0001, 0xEB60, 0x0001, 0xF3C0, 0x0001,
    0xF440, 0x0001, 0xF420, 0x0001, 0xF380, 0x0001, 0xFAA0, 0x0001, 0xE2C1, 0x0001, 0xA2CB, 0x0001,
    0x32B6, 0x0001, 0x029F, 0x0001, 0x041E, 0x0002, 0x043F, 0x0001, 0x2B78, 0x0001, 0x4BD5, 0x0001,
    0x1C1A, 0x0001, 0x045F, 0x0001, 0x037F, 0x0001, 0x03FE, 0x0001, 0xFA60, 0x0001, 0xFA00, 0x0001,
    0x4B94, 0x0001, 0x045F, 0x0001, 0x01DC, 0x0001, 0x7189, 0x0001, 0xF180, 0x0001, 0xF260, 0x0001,
    0xB000, 0x0001, 0x18C5, 0x0047, 0xF9C0, 0x0001, 0xEB60, 0x0001, 0xF300, 0x0002, 0xF320, 0x0002,
    0xF380, 0x0001, 0xEBE0, 0x0001, 0xF380, 0x0001, 0xFBC0, 0x0001, 0xEBC2, 0x0001, 0x2B38, 0x0001,
    0x0A3B, 0x0001, 0x0B3E, 0x0001, 0x7B0E, 0x0001, 0xCAE6, 0x0001, 0xB207, 0x0001, 0xC3A5, 0x0001,
    0xB984, 0x0001, 0xCA04, 0x0001, 0xBA66, 0x0001, 0x33B9, 0x0001, 0x2B78, 0x0001, 0x13DB, 0x0001,
    0x041F, 0x0001, 0x021D, 0x0001, 0x6829, 0x0001, 0xE840, 0x0001, 0xB040, 0x0001, 0x18C5, 0x0048,
    0xFA40, 0x0001, 0xEC00, 0x0001, 0xF400, 0x0001, 0xF360, 0x0001, 0xF3C0, 0x0001, 0xF400, 0x0002,
    0xF420, 0x0001, 0xEB80, 0x0001, 0xEB20, 0x0001, 0xF380, 0x0001, 0xF320, 0x0001, 0xE9E0, 0x0001,
    0xEA60, 0x0001, 0xF260, 0x0001, 0xFB60, 0x0001, 0xF9A0, 0x0001, 0xFA80, 0x0001, 0xD8C0, 0x0001,
    0xEA20, 0x0001, 0xF9C0, 0x0001, 0xE321, 0x0001, 0xE221, 0x0001, 0xE0E0, 0x0001, 0x28D4, 0x0001,
    0x500C, 0x0001, 0xF0E0, 0x0001, 0xF2E0, 0x0001, 0xD060, 0x0001, 0x18C5, 0x0048, 0xF1A0, 0x0001,
    0xF320, 0x0001, 0xEBA0, 0x0001, 0xF360, 0x0001, 0xF300, 0x0001, 0xF3C0, 0x0001, 0xF380, 0x0001,
    0xF360, 0x0002, 0xF400, 0x0001, 0xEBE0, 0x0001, 0xF240, 0x0001, 0xF180, 0x0001, 0xF200, 0x0001,
    0xE140, 0x0001, 0xD9A0, 0x0001, 0xE0C0, 0x0001, 0xD020, 0x0001, 0xB800, 0x0001, 0xD960, 0x0001,
    0xEA60, 0x0001, 0xF2E0, 0x0001, 0xF260, 0x0001, 0xEA00, 0x0001, 0xE920, 0x0001, 0xF080, 0x0001,
    0xF260, 0x0001, 0xFB00, 0x0001, 0xC820, 0x0001, 0x18C5, 0x0049, 0xF9A0, 0x0001, 0xF3C0, 0x0001,
    0xEB80, 0x0002, 0xF220, 0x0001, 0xF2E0, 0x0001, 0xF3E0, 0x0001, 0xF420, 0x0001, 0xF440, 0x0001,
    0xF300, 0x0001, 0xF240, 0x0001, 0xEA20, 0x0001, 0xF1A0, 0x0001, 0xE240, 0x0001, 0xE0E0, 0x0001,
    0xE160, 0x0001, 0xD0E0, 0x0001, 0xEAA0, 0x0001, 0xE900, 0x0001, 0xE9E0, 0x0001, 0xF1E0, 0x0001,
    0xE120, 0x0001, 0xD880, 0x0001, 0xEA20, 0x0001, 0xEAA0, 0x0001, 0xF260, 0x0001, 0xE0E0, 0x0001,
    0x18C5, 0x004A, 0xD040, 0x0001, 0xFA40, 0x0001, 0xF400, 0x0001, 0xF420, 0x0001, 0xF360, 0x0001,
    0xF260, 0x0001, 0xD940, 0x0001, 0xE9A0, 0x0001, 0xE9E0, 0x0001, 0xEA40, 0x0001, 0xEAE0, 0x0001,
    0xF240, 0x0001, 0xF320, 0x0001, 0xF240, 0x0001, 0xEAA0, 0x0002, 0xE9E0, 0x0001, 0xF260, 0x0001,
    0xF2A0, 0x0001, 0xF2C0, 0x0001, 0xE8C0, 0x0001, 0xE140, 0x0001, 0xFB20, 0x0001, 0xF1C0, 0x0001,
    0xFAC0, 0x0001, 0xE0E0, 0x0001, 0x18C5, 0x004C, 0xA800, 0x0001, 0xD800, 0x0001, 0xF140, 0x0001,
    0xF120, 0x0001, 0xF9E0, 0x0001, 0xF200, 0x0001, 0xD8E0, 0x0001, 0xF360, 0x0001, 0xF300, 0x0001,
    0xF220, 0x0001, 0xE220, 0x0001, 0xDA00, 0x0001, 0xD880, 0x0001, 0xC020, 0x0001, 0xB880, 0x0001,
    0xF240, 0x0001, 0xF2A0, 0x0001, 0xFAC0, 0x0001, 0xF140, 0x0001, 0xB800, 0x0001, 0xC940, 0x0001,
    0xF2C0, 0x0001, 0xE920, 0x0001, 0xD000, 0x0001, 0x18C5, 0x004F, 0xA000, 0x0001, 0xB000, 0x0001,
    0xC800, 0x0002, 0xF920, 0x0001, 0xE9E0, 0x0001, 0xD100, 0x0001, 0xD960, 0x0001, 0xE060, 0x0001,
    0xC020, 0x0001, 0xD0E0, 0x0001, 0xA820, 0x0001, 0x9000, 0x0001, 0xC860, 0x0001, 0xEA20, 0x0001,
    0xC840, 0x0001, 0xA000, 0x0001, 0x7000, 0x0002, 0x9800, 0x0001, 0xA800, 0x0001, 0x18C5, 0x0055,
    0x9800, 0x0001, 0xB000, 0x0001, 0xE080, 0x0001, 0xA080, 0x0001, 0xA820, 0x0001, 0xD0A0, 0x0001,
    0xC0E0, 0x0001, 0xB8A0, 0x0001, 0x8800, 0x0001, 0x9000, 0x0001, 0x18C5, 0x005C, 0x9020, 0x0001,
    0xB8A0, 0x0001, 0xD140, 0x0001, 0xD1C0, 0x0001, 0xEAA0, 0x0001, 0xFAC0, 0x0001, 0xF2C0, 0x0001,
    0xE220, 0x0001, 0xB8A0, 0x0001, 0x18C5, 0x005B, 0xA000, 0x0001, 0xD9C0, 0x0001, 0xEA80, 0x0001,
    0xF2A0, 0x0001, 0xF1E0, 0x0001, 0xF280, 0x0001, 0xEB60, 0x0001, 0xEB20, 0x0001, 0xF340, 0x0001,
    0xFA20, 0x0001, 0xA8A0, 0x0001, 0x18C5, 0x0059, 0xA800, 0x0001, 0xEA40, 0x0001, 0xF340, 0x0001,
    0xEA20, 0x0001, 0xEA80, 0x0001, 0xEA20, 0x0001, 0xF2C0, 0x0001, 0xF420, 0x0002, 0xEC20, 0x0001,
    0xEA20, 0x0001, 0xFA80, 0x0001, 0x9840, 0x0001, 0x18C5, 0x0057, 0xA860, 0x0001, 0xF220, 0x0001,
    0xD900, 0x0001, 0xE380, 0x0001, 0xF480, 0x0001, 0xF440, 0x0001, 0xF3C0, 0x0001, 0xF340, 0x0001,
    0xF360, 0x0001, 0xF320, 0x0001, 0xF3A0, 0x0001, 0xEA20, 0x0001, 0xF2E0, 0x0001, 0xB080, 0x0001,
    0x18C5, 0x0057, 0xD020, 0x0001, 0xD1E0, 0x0001, 0x1000, 0x0001, 0x8800, 0x0001, 0xFB60, 0x0001,
    0xEC20, 0x0001, 0xF360, 0x0001, 0xF380, 0x0001, 0xF3E0, 0x0001, 0xF3C0, 0x0001, 0xF360, 0x0001,
    0xEB20, 0x0001, 0xF360, 0x0001, 0xC820, 0x0001, 0x18C5, 0x0057, 0xA800, 0x0001, 0x5208, 0x0001,
    0xB679, 0x0001, 0x4883, 0x0001, 0xE340, 0x0001, 0xF400, 0x0001, 0xEB20, 0x0001, 0xF400, 0x0002,
    0xF420, 0x0001, 0xF360, 0x0001, 0xEB80, 0x0001, 0xFC60, 0x0001, 0xD040, 0x0001, 0x18C5, 0x0058,
    0x2124, 0x0001, 0xA514, 0x0001, 0x39A7, 0x0001, 0xBAE0, 0x0001, 0xFBA0, 0x0001, 0xEB80, 0x0001,
    0xF400, 0x0002, 0xF360, 0x0001, 0xEB80, 0x0001, 0xF4A0, 0x0001, 0xFAE0, 0x0001, 0xC840, 0x0001,
    0x18C5, 0x005A, 0x9000, 0x0001, 0xFAE0, 0x0001, 0xF400, 0x0001, 0xF440, 0x0001, 0xF3A0, 0x0001,
    0xF340, 0x0001, 0xF3E0, 0x0001, 0xF3C0, 0x0001, 0xF9E0, 0x0001, 0xC800, 0x0001, 0x18C5, 0x005C,
    0xD860, 0x0001, 0xE100, 0x0001, 0xF200, 0x0001, 0xF1C0, 0x0001, 0xE9A0, 0x0001, 0xE0E0, 0x0001,
    0xD8C0, 0x0001, 0x18C5, 0x002D, 0x18C5, 0x061B, 0xC000, 0x0001, 0xB0C0, 0x0001, 0x18C5, 0x0062,
    0xB0E0, 0x0001, 0xF260, 0x0001, 0xFC20, 0x0001, 0xB180, 0x0001, 0x18C5, 0x0061, 0xE140, 0x0001,
    0xF400, 0x0001, 0xEB60, 0x0001, 0xFC60, 0x0001, 0xB1C0, 0x0001, 0x18C5, 0x005F, 0xB860, 0x0001,
    0xF3A0, 0x0001, 0xEB40, 0x0001, 0xEB80, 0x0001, 0xF440, 0x0001, 0xF320, 0x0001, 0x9800, 0x0001,
    0x18C5, 0x005E, 0xB860, 0x0001, 0xF460, 0x0001, 0xEB80, 0x0001, 0xF3C0, 0x0001, 0xEC20, 0x0001,
    0xFC40, 0x0001, 0xC200, 0x0001, 0x18C5, 0x005E, 0xD0A0, 0x0001, 0xF400, 0x0001, 0xEA40, 0x0001,
    0xF2A0, 0x0001, 0xEAE0, 0x0001, 0xFCA0, 0x0001, 0xD200, 0x0001, 0x18C5, 0x005E, 0xD040, 0x0001,
    0xF2A0, 0x0001, 0xEA80, 0x0001, 0xF220, 0x0001, 0xF260, 0x0001, 0xF340, 0x0001, 0xEA40, 0x0001,
    0x18C5, 0x005F, 0xFA40, 0x0001, 0xEC00, 0x0001, 0xF300, 0x0001, 0xEC20, 0x0001, 0xFB00, 0x0001,
    0xE980, 0x0001, 0x18C5, 0x005F, 0xE160, 0x0001, 0xF3C0, 0x0001, 0xEAA0, 0x0001, 0xF440, 0x0001,
    0xFB40, 0x0001, 0xC000, 0x0001, 0x18C5, 0x005F, 0xE100, 0x0001, 0xF3E0, 0x0001, 0xEAE0, 0x0001,
    0xF400, 0x0001, 0xE200, 0x0001, 0x18C5, 0x0060, 0xE0C0, 0x0001, 0xF3C0, 0x0001, 0xF3E0, 0x0001,
    0xFB00, 0x0001, 0xB000, 0x0001, 0x18C5, 0x0060, 0xE0C0, 0x0001, 0xF3C0, 0x0001, 0xEC20, 0x0001,
    0xF2C0, 0x0001, 0xB800, 0x0001, 0x18C5, 0x0060, 0xD8C0, 0x0001, 0xF3C0, 0x0001, 0xEC00, 0x0001,
    0xD880, 0x0001, 0xE900, 0x0001, 0x7800, 0x0001, 0x18C5, 0x005F, 0xC8A0, 0x0001, 0xFB60, 0x0001,
    0xEBE0, 0x0001, 0xE100, 0x0001, 0xD8A0, 0x0001, 0x18C5, 0x0060, 0xC000, 0x0001, 0xE960, 0x0001,
    0xFA40, 0x0001, 0xE0C0, 0x0001, 0x18C5, 0x0061, 0xB800, 0x0001, 0xD000, 0x0001, 0xD820, 0x0001,
    0xB000, 0x0001, 0x18C5, 0x0061, 0xD840, 0x0001, 0xE0C0, 0x0001, 0xF9A0, 0x0001, 0xB020, 0x0001,
    0x18C5, 0x0060, 0xB020, 0x0001, 0xE080, 0x0001, 0xD040, 0x0001, 0xE900, 0x0001, 0xB000, 0x0001,
    0x18C5, 0x0060, 0xC020, 0x0001, 0xD860, 0x0001, 0xD040, 0x0001, 0xE0C0, 0x0001, 0xB800, 0x0001,
    0x18C5, 0x0002, 0x5000, 0x0001, 0x8800, 0x0001, 0x18C5, 0x005C, 0xD860, 0x0001, 0xE920, 0x0001,
    0xD8C0, 0x0001, 0xFA00, 0x0001, 0xE920, 0x0001, 0x4800, 0x0001, 0x2800, 0x0001, 0x8800, 0x0001,
    0xA800, 0x0001, 0x8000, 0x0001, 0x18C5, 0x005A, 0xA800, 0x0001, 0xE920, 0x0001, 0xE0C0, 0x0001,
    0xD860, 0x0001, 0xE940, 0x0001, 0xF100, 0x0001, 0x6800, 0x0001, 0x4800, 0x0001, 0xA800, 0x0001,
    0xA000, 0x0001, 0xB000, 0x0001, 0x8000, 0x0001, 0x18C5, 0x0059, 0xB000, 0x0001, 0xE040, 0x0001,
    0xD000, 0x0001, 0xD880, 0x0001, 0xD060, 0x0001, 0xE060, 0x0001, 0xB040, 0x0001, 0x5000, 0x0001,
    0x8000, 0x0001, 0xA800, 0x0001, 0xB800, 0x0001, 0xA800, 0x0001, 0x18C5, 0x0059, 0xE8C0, 0x0001,
    0xF140, 0x0001, 0xD860, 0x0001, 0xF1C0, 0x0001, 0xF180, 0x0001, 0xE9C0, 0x0001, 0xF9C0, 0x0001,
    0x5000, 0x0001, 0x3800, 0x0001, 0xA800, 0x0001, 0xB000, 0x0001, 0xA800, 0x0001, 0x8800, 0x0001,
    0x18C5, 0x0057, 0xA000, 0x0001, 0xF940, 0x0001, 0xE940, 0x0001, 0xD040, 0x0001, 0xF180, 0x0001,
    0xE940, 0x0001, 0xF2C0, 0x0001, 0xE220, 0x0001, 0xD080, 0x0001, 0x4880, 0x0001, 0x6800, 0x0001,
    0xB000, 0x0002, 0xA000, 0x0001, 0x18C5, 0x0057, 0xC800, 0x0001, 0xE020, 0x0001, 0xD020, 0x0002,
    0xD040, 0x0002, 0xF200, 0x0001, 0xD980, 0x0001, 0xF920, 0x0001, 0x3900, 0x0001, 0x6000, 0x0001,
    0xB800, 0x0002, 0x9000, 0x0001, 0x18C5, 0x0057, 0xD840, 0x0001, 0xE960, 0x0001, 0xD060, 0x0001,
    0xE9A0, 0x0001, 0xE980, 0x0002, 0xEB20, 0x0001, 0xE180, 0x0001, 0xF140, 0x0001, 0x80E0, 0x0001,
    0x5000, 0x0001, 0xB800, 0x0001, 0x9800, 0x0001, 0x18C5, 0x0058, 0xE0E0, 0x0001, 0xF980, 0x0001,
    0xE000, 0x0001, 0xF940, 0x0003, 0xF9E0, 0x0001, 0xF980, 0x0001, 0xE1E0, 0x0001, 0xFB00, 0x0001,
    0x2020, 0x0001, 0xA800, 0x0001, 0x18C5, 0x0059, 0xE820, 0x0001, 0x62B1, 0x0001, 0x3358, 0x0001,
    0x3B76, 0x0001, 0x3AF6, 0x0001, 0x3B16, 0x0001, 0x3C38, 0x0001, 0x5A30, 0x0001, 0xE840, 0x0001,
    0xF300, 0x0001, 0x2860, 0x0001, 0xB800, 0x0001, 0x7000, 0x0001, 0x18C5, 0x0058, 0x5A11, 0x0001,
    0x049F, 0x0001, 0x043F, 0x0001, 0x045F, 0x0001, 0x039F, 0x0001, 0x03DF, 0x0001, 0x053F, 0x0001,
    0x051E, 0x0001, 0x149D, 0x0001, 0x818B, 0x0001, 0xA000, 0x0001, 0xC800, 0x0001, 0x7800, 0x0001,
    0x18C5, 0x0058, 0x033F, 0x0001, 0x03FE, 0x0001, 0x03DD, 0x0001, 0x03FD, 0x0001, 0x041D, 0x0002,
    0x04FD, 0x0001, 0x051E, 0x0001, 0x055E, 0x0001, 0x03DF, 0x0001, 0x40AD, 0x0001, 0xD000, 0x0001,
    0xC800, 0x0001, 0x18C5, 0x0058, 0x031F, 0x0001, 0x03DE, 0x0001, 0x03FE, 0x0001, 0x041E, 0x0002,
    0x039E, 0x0001, 0x04DE, 0x0001, 0x051E, 0x0001, 0x053D, 0x0001, 0x03DE, 0x0001, 0x58F0, 0x0001,
    0xB000, 0x0001, 0xC800, 0x0001, 0x18C5, 0x0058, 0x037F, 0x0001, 0x04BE, 0x0001, 0x035E, 0x0001,
    0x03FE, 0x0001, 0x041E, 0x0001, 0x033E, 0x0001, 0x04DE, 0x0001, 0x051D, 0x0001, 0x04FE, 0x0001,
    0x02BE, 0x0001, 0xB000, 0x0001, 0xB800, 0x0001, 0xD000, 0x0001, 0x18C5, 0x0057, 0x5806, 0x0001,
    0x02DB, 0x0001, 0x055E, 0x0001, 0x033D, 0x0001, 0x041E, 0x0002, 0x033E, 0x0001, 0x049D, 0x0001,
    0x04FE, 0x0001, 0x0ABE, 0x0001, 0x9048, 0x0001, 0xD000, 0x0001, 0xD800, 0x0001, 0xB000, 0x0001,
    0x18C5, 0x0055, 0x9000, 0x0001, 0xB800, 0x0001, 0x7003, 0x0001, 0x02FB, 0x0001, 0x05DE, 0x0001,
    0x03FD, 0x0001, 0x03BE, 0x0001, 0x041E, 0x0001, 0x037D, 0x0001, 0x033E, 0x0001, 0x02FF, 0x0001,
    0x704A, 0x0001, 0xD800, 0x0001, 0xC000, 0x0001, 0xB000, 0x0001, 0x18C5, 0x0054, 0x9800, 0x0001,
    0xC000, 0x0001, 0x688B, 0x0001, 0x50F0, 0x0001, 0x208F, 0x0001, 0x0179, 0x0001, 0x03DE, 0x0001,
    0x03DD, 0x0001, 0x039E, 0x0001, 0x041D, 0x0001, 0x043E, 0x0001, 0x027E, 0x0001, 0x18C5, 0x0058,
    0x8800, 0x0001, 0x6867, 0x0001, 0x3157, 0x0001, 0x017B, 0x0001, 0x01FF, 0x0001, 0x00BA, 0x0001,
    0x01D7, 0x0001, 0x049F, 0x0001, 0x049D, 0x0001, 0x043E, 0x0001, 0x041D, 0x0001, 0x043F, 0x0001,
    0x019B, 0x0001, 0x18C5, 0x0058, 0x1054, 0x0001, 0x019B, 0x0001, 0x015C, 0x0001, 0x01DC, 0x0001,
    0x0139, 0x0001, 0x0036, 0x0001, 0x03DD, 0x0001, 0x059E, 0x0001, 0x053E, 0x0001, 0x045E, 0x0001,
    0x03DD, 0x0001, 0x043E, 0x0001, 0x031D, 0x0001, 0x18C5, 0x0058, 0x002E, 0x0001, 0x00D8, 0x0001,
    0x0199, 0x0001, 0x027D, 0x0001, 0x0055, 0x0001, 0x023D, 0x0001, 0x043E, 0x0001, 0x055E, 0x0001,
    0x043E, 0x0001, 0x031E, 0x0001, 0x033E, 0x0001, 0x03BE, 0x0001, 0x03DE, 0x0001, 0x0055, 0x0001,
    0x18C5, 0x0057, 0x00AD, 0x0001, 0x023B, 0x0001, 0x02FE, 0x0001, 0x01FC, 0x0001, 0x00D6, 0x0001,
    0x035E, 0x0001, 0x043D, 0x0001, 0x047E, 0x0001, 0x035E, 0x0001, 0x04BE, 0x0002, 0x03BD, 0x0001,
    0x037F, 0x0001, 0x027D, 0x0001, 0x18C5, 0x0056, 0x000B, 0x0001, 0x02BF, 0x0001, 0x039F, 0x0001,
    0x01FC, 0x0001, 0x027D, 0x0001, 0x0116, 0x0001, 0x045E, 0x0001, 0x031D, 0x0001, 0x03BE, 0x0001,
    0x04DE, 0x0001, 0x051E, 0x0002, 0x04FD, 0x0001, 0x037F, 0x0001, 0x02FD, 0x0001, 0x18C5, 0x0055,
    0x0031, 0x0001, 0x015C, 0x0001, 0x037E, 0x0001, 0x021B, 0x0001, 0x01FC, 0x0001, 0x02FE, 0x0001,
    0x0116, 0x0001, 0x051E, 0x0001, 0x033D, 0x0001, 0x03BE, 0x0001, 0x051E, 0x0001, 0x04FE, 0x0002,
    0x051E, 0x0001, 0x043E, 0x0001, 0x02DF, 0x0001, 0x0159, 0x0001, 0x18C5, 0x0054, 0x009B, 0x0001,
    0x035F, 0x0001, 0x01B9, 0x0001, 0x0075, 0x0001, 0x019A, 0x0001, 0x025D, 0x0001, 0x021C, 0x0001,
    0x055E, 0x0001, 0x043E, 0x0001, 0x03BE, 0x0001, 0x04FE, 0x0001, 0x051E, 0x0003, 0x04BD, 0x0001,
    0x041F, 0x0001, 0x027C, 0x0001, 0x18C5, 0x0053, 0x00F6, 0x0001, 0x01DD, 0x0001, 0x0138, 0x0001,
    0x0158, 0x0001, 0x02DE, 0x0001, 0x037E, 0x0001, 0x023D, 0x0001, 0x01FC, 0x0001, 0x057E, 0x0001,
    0x041E, 0x0001, 0x03BE, 0x0001, 0x051E, 0x0004, 0x04FE, 0x0001, 0x03DD, 0x0001, 0x037F, 0x0001,
    0x0118, 0x0001, 0x18C5, 0x0052, 0x019B, 0x0001, 0x01DA, 0x0001, 0x0158, 0x0001, 0x037F, 0x0001,
    0x031D, 0x0001, 0x02FD, 0x0001, 0x031E, 0x0001, 0x023C, 0x0001, 0x04FE, 0x0001, 0x045E, 0x0001,
    0x041E, 0x0001, 0x04FE, 0x0001, 0x051E, 0x0002, 0x04FE, 0x0001, 0x053E, 0x0001, 0x03FE, 0x0001,
    0x03BE, 0x0001, 0x023D, 0x0001, 0x18C5, 0x0052, 0x025E, 0x0001, 0x01FB, 0x0001, 0x02BD, 0x0001,
    0x031E, 0x0001, 0x02FD, 0x0001, 0x031E, 0x0001, 0x02DD, 0x0001, 0x025C, 0x0001, 0x045E, 0x0001,
    0x041E, 0x0001, 0x047E, 0x0001, 0x04DE, 0x0001, 0x051E, 0x0002, 0x04FE, 0x0001, 0x053E, 0x0001,
    0x047E, 0x0001, 0x037D, 0x0001, 0x043F, 0x0001, 0x0076, 0x0001, 0x18C5, 0x0051, 0x021D, 0x0001,
    0x025D, 0x0001, 0x02BD, 0x0001, 0x031E, 0x0003, 0x02DD, 0x0001, 0x025D, 0x0001, 0x04BE, 0x0001,
    0x049E, 0x0002, 0x04BE, 0x0001, 0x051E, 0x0004, 0x04BE, 0x0001, 0x03BD, 0x0001, 0x041E, 0x0001,
    0x027C, 0x0001, 0x18C5, 0x0051, 0x015A, 0x0001, 0x01DA, 0x0001, 0x019A, 0x0001, 0x031E, 0x0003,
    0x02DD, 0x0001, 0x01B9, 0x0001, 0x049E, 0x0001, 0x041E, 0x0001, 0x053E, 0x0001, 0x043E, 0x0001,
    0x051E, 0x0005, 0x039E, 0x0001, 0x03BE, 0x0001, 0x03FE, 0x0001, 0x0013, 0x0001, 0x18C5, 0x0050,
    0x015C, 0x0001, 0x025D, 0x0001, 0x017B, 0x0001, 0x02FE, 0x0001, 0x031E, 0x0002, 0x02DD, 0x0001,
    0x00D5, 0x0001, 0x03FE, 0x0001, 0x03DD, 0x0001, 0x053E, 0x0001, 0x043E, 0x0001, 0x051E, 0x0003,
    0x04FE, 0x0001, 0x055E, 0x0001, 0x041E, 0x0001, 0x039E, 0x0001, 0x03FF, 0x0001, 0x00F9, 0x0001,
    0x18C5, 0x0051, 0x021D, 0x0001, 0x025D, 0x0001, 0x02BD, 0x0001, 0x031E, 0x0003, 0x029C, 0x0001,
    0x01DC, 0x0001, 0x045E, 0x0001, 0x053E, 0x0001, 0x04BE, 0x0001, 0x045E, 0x0001, 0x053E, 0x0001,
    0x04FE, 0x0002, 0x053E, 0x0001, 0x03FE, 0x0001, 0x039D, 0x0001, 0x045E, 0x0001, 0x025D, 0x0001,
    0x18C5, 0x0050, 0x5806, 0x0001, 0x01FC, 0x0001, 0x033E, 0x0001, 0x01BC, 0x0001, 0x033E, 0x0001,
    0x02FD, 0x0001, 0x033E, 0x0001, 0x029C, 0x0001, 0x0076, 0x0001, 0x043E, 0x0001, 0x053D, 0x0001,
    0x04DE, 0x0001, 0x045E, 0x0001, 0x04FE, 0x0001, 0x051E, 0x0001, 0x04FE, 0x0001, 0x053E, 0x0001,
    0x03FE, 0x0001, 0x037D, 0x0001, 0x047E, 0x0001, 0x02FC, 0x0001, 0x0010, 0x0001, 0x18C5, 0x004F,
    0x4807, 0x0001, 0x013C, 0x0001, 0x031D, 0x0001, 0x023C, 0x0001, 0x029D, 0x0001, 0x031E, 0x0001,
    0x033E, 0x0001, 0x029B, 0x0001, 0x0015, 0x0001, 0x039E, 0x0001, 0x055D, 0x0001, 0x051E, 0x0001,
    0x049E, 0x0001, 0x045E, 0x0001, 0x053E, 0x0001, 0x04FE, 0x0001, 0x053E, 0x0001, 0x03FE, 0x0001,
    0x037D, 0x0001, 0x047E, 0x0001, 0x039F, 0x0001, 0x18C5, 0x0050, 0xA0E2, 0x0001, 0x49D3, 0x0001,
    0x02BF, 0x0001, 0x02DD, 0x0001, 0x01DC, 0x0001, 0x033E, 0x0001, 0x02FE, 0x0001, 0x033E, 0x0001,
    0x0118, 0x0001, 0x02DA, 0x0001, 0x057E, 0x0001, 0x04FD, 0x0001, 0x04FE, 0x0001, 0x047E, 0x0001,
    0x04DE, 0x0001, 0x051E, 0x0001, 0x053E, 0x0001, 0x03FE, 0x0001, 0x03BF, 0x0001, 0x041D, 0x0001,
    0x50E9, 0x0001, 0x7045, 0x0001, 0x18C5, 0x004F, 0xE980, 0x0001, 0x718A, 0x0001, 0x023E, 0x0001,
    0x035E, 0x0001, 0x023C, 0x0001, 0x025D, 0x0001, 0x031E, 0x0001, 0x035F, 0x0001, 0x01B8, 0x0001,
    0x01D7, 0x0001, 0x055F, 0x0001, 0x04FD, 0x0001, 0x051E, 0x0002, 0x043E, 0x0001, 0x04FD, 0x0001,
    0x053E, 0x0001, 0x045C, 0x0001, 0x037C, 0x0001, 0x60E5, 0x0001, 0xFA40, 0x0001, 0xB040, 0x0001,
    0x7840, 0x0001, 0x98A0, 0x0001, 0x8800, 0x0001, 0x18C5, 0x004C, 0xE960, 0x0001, 0x510C, 0x0001,
    0x019D, 0x0001, 0x035E, 0x0001, 0x029D, 0x0001, 0x027D, 0x0001, 0x031D, 0x0001, 0x035F, 0x0001,
    0x01F3, 0x0001, 0x01AC, 0x0001, 0x051F, 0x0001, 0x051D, 0x0001, 0x04FE, 0x0001, 0x051E, 0x0001,
    0x047E, 0x0001, 0x049D, 0x0001, 0x059F, 0x0001, 0x428F, 0x0001, 0xA060, 0x0001, 0xA8C0, 0x0001,
    0xD9C0, 0x0001, 0xA900, 0x0001, 0xC180, 0x0001, 0xEA00, 0x0001, 0xF140, 0x0001, 0x7020, 0x0001,
    0x18C5, 0x004B, 0xE140, 0x0001, 0xB265, 0x0001, 0x1959, 0x0001, 0x02FE, 0x0001, 0x031E, 0x0003,
    0x033D, 0x0001, 0x00C5, 0x0001, 0x00CE, 0x0001, 0x04BF, 0x0001, 0x053D, 0x0001, 0x04FE, 0x0001,
    0x051E, 0x0002, 0x041D, 0x0001, 0x059F, 0x0001, 0x5A0D, 0x0001, 0xF9E0, 0x0001, 0xD981, 0x0001,
    0xD1A0, 0x0001, 0xFBA0, 0x0001, 0xD9C0, 0x0001, 0xC940, 0x0001, 0xA840, 0x0001, 0x7000, 0x0001,
    0x18C5, 0x004B, 0xD100, 0x0001, 0xFB20, 0x0001, 0x2932, 0x0001, 0x02DF, 0x0001, 0x031D, 0x0001,
    0x031E, 0x0002, 0x00D5, 0x0001, 0x0114, 0x0001, 0x004B, 0x0001, 0x0357, 0x0001, 0x053F, 0x0001,
    0x04FD, 0x0001, 0x051E, 0x0001, 0x04FE, 0x0001, 0x043D, 0x0001, 0x053E, 0x0001, 0x143B, 0x0001,
    0x9905, 0x0001, 0xA000, 0x0001, 0xF220, 0x0001, 0xEA40, 0x0001, 0xF360, 0x0001, 0xC980, 0x0001,
    0xC2A0, 0x0001, 0xE320, 0x0001, 0xA120, 0x0001, 0x18C5, 0x004B, 0xF920, 0x0001, 0x386E, 0x0001,
    0x01BC, 0x0001, 0x033E, 0x0002, 0x00F7, 0x0001, 0x025B, 0x0001, 0x037F, 0x0001, 0x0116, 0x0001,
    0x01D8, 0x0001, 0x051F, 0x0001, 0x051D, 0x0001, 0x051E, 0x0002, 0x04DE, 0x0001, 0x045D, 0x0001,
    0x04DF, 0x0001, 0x03BD, 0x0001, 0x8885, 0x0001, 0xD840, 0x0001, 0xF180, 0x0001, 0xF2A0, 0x0001,
    0xE280, 0x0001, 0xC8E0, 0x0001, 0xF300, 0x0001, 0xD9E0, 0x0001, 0x18C5, 0x004B, 0xF9E0, 0x0001,
    0xF240, 0x0001, 0x0036, 0x0001, 0x033F, 0x0001, 0x01FC, 0x0001, 0x019C, 0x0001, 0x041E, 0x0001,
    0x03FD, 0x0001, 0x02BE, 0x0001, 0x0035, 0x0001, 0x039C, 0x0001, 0x053E, 0x0001, 0x04FE, 0x0001,
    0x051E, 0x0001, 0x04FE, 0x0001, 0x041E, 0x0001, 0x03DD, 0x0001, 0x041F, 0x0001, 0x03DC, 0x0001,
    0xC860, 0x0001, 0xF9A0, 0x0001, 0xEA00, 0x0001, 0xF300, 0x0001, 0xEAE0, 0x0001, 0xF360, 0x0001,
    0xD140, 0x0001, 0x18C5, 0x004B, 0xE9A0, 0x0001, 0xFB20, 0x0001, 0x608B, 0x0001, 0x019B, 0x0001,
    0x02DD, 0x0001, 0x033D, 0x0001, 0x041E, 0x0001, 0x041D, 0x0001, 0x041E, 0x0001, 0x0139, 0x0001,
    0x025C, 0x0001, 0x055E, 0x0001, 0x04FE, 0x0001, 0x051E, 0x0001, 0x04FE, 0x0001, 0x041E, 0x0001,
    0x037E, 0x0001, 0x03BE, 0x0001, 0x0B9B, 0x0001, 0x9800, 0x0001, 0xD100, 0x0001, 0xF980, 0x0001,
    0xF2C0, 0x0001, 0xF3C0, 0x0001, 0xFA00, 0x0001, 0x18C5, 0x004C, 0xD040, 0x0001, 0xFA80, 0x0001,
    0xD960, 0x0001, 0x0077, 0x0001, 0x02DE, 0x0001, 0x03DD, 0x0001, 0x041E, 0x0001, 0x03FE, 0x0001,
    0x043E, 0x0001, 0x02FE, 0x0001, 0x01BC, 0x0001, 0x04BE, 0x0001, 0x051E, 0x0002, 0x04DE, 0x0001,
    0x045E, 0x0001, 0x02DD, 0x0001, 0x037E, 0x0001, 0x021B, 0x0001, 0x90C0, 0x0001, 0xB1E0, 0x0001,
    0xA860, 0x0001, 0xD8C0, 0x0001, 0xF3E0, 0x0001, 0xF3C0, 0x0001, 0xC920, 0x0001, 0x18C5, 0x004B,
    0xC800, 0x0001, 0xF980, 0x0001, 0xC143, 0x0001, 0x0036, 0x0001, 0x031E, 0x0001, 0x047F, 0x0001,
    0x03FD, 0x0002, 0x041E, 0x0002, 0x02FD, 0x0001, 0x039E, 0x0001, 0x053E, 0x0001, 0x051E, 0x0001,
    0x04FE, 0x0001, 0x03DE, 0x0001, 0x01FC, 0x0001, 0x02BE, 0x0001, 0x0054, 0x0001, 0xC0E0, 0x0001,
    0xFBE0, 0x0001, 0xE360, 0x0001, 0xEBA0, 0x0001, 0xEB60, 0x0001, 0xF460, 0x0001, 0xF180, 0x0001,
    0x18C5, 0x004B, 0xC000, 0x0001, 0xFA60, 0x0001, 0xC122, 0x0001, 0x005B, 0x0001, 0x12DA, 0x0001,
    0x32F6, 0x0001, 0x03FF, 0x0001, 0x047F, 0x0001, 0x03FD, 0x0002, 0x03FE, 0x0001, 0x033E, 0x0001,
    0x043E, 0x0001, 0x04FE, 0x0001, 0x03BE, 0x0001, 0x027D, 0x0001, 0x02BD, 0x0001, 0x01DD, 0x0001,
    0x18C5, 0x0002, 0xC800, 0x0001, 0xE240, 0x0001, 0xF320, 0x0001, 0xD8C0, 0x0001, 0xF320, 0x0001,
    0xFAE0, 0x0001, 0x18C5, 0x004B, 0xA000, 0x0001, 0xFA80, 0x0001, 0xE1E1, 0x0001, 0x61AF, 0x0001,
    0x9965, 0x0001, 0xF8A0, 0x0001, 0x79CF, 0x0001, 0x3275, 0x0001, 0x043F, 0x0001, 0x047F, 0x0001,
    0x043E, 0x0001, 0x03DD, 0x0001, 0x039D, 0x0001, 0x041D, 0x0001, 0x035D, 0x0001, 0x03DD, 0x0001,
    0x03BF, 0x0001, 0x0098, 0x0001, 0x18C5, 0x0004, 0xB800, 0x0001, 0xF300, 0x0001, 0xEC60, 0x0001,
    0xF360, 0x0001, 0xC020, 0x0001, 0x18C5, 0x004B, 0xC8C0, 0x0001, 0xF0C0, 0x0001, 0xD860, 0x0001,
    0xD9C0, 0x0001, 0xF260, 0x0001, 0xFA00, 0x0001, 0xD9A1, 0x0001, 0xA22A, 0x0001, 0x9169, 0x0001,
    0x033D, 0x0001, 0x043F, 0x0001, 0x043E, 0x0001, 0x041E, 0x0001, 0x043E, 0x0001, 0x045F, 0x0001,
    0x01DD, 0x0001, 0x18C5, 0x0006, 0xD8C0, 0x0001, 0xF3C0, 0x0001, 0xF3E0, 0x0001, 0xF220, 0x0001,
    0xC800, 0x0001, 0x18C5, 0x004A, 0x1010, 0x0001, 0x197B, 0x0001, 0x4151, 0x0001, 0xE180, 0x0001,
    0xF220, 0x0001, 0xEAE0, 0x0001, 0xF340, 0x0001, 0xF9C0, 0x0001, 0xF9E0, 0x0001, 0xD203, 0x0001,
    0xD943, 0x0001, 0x6190, 0x0001, 0x13BD, 0x0001, 0x13BB, 0x0001, 0x0A3B, 0x0001, 0x0033, 0x0001,
    0x18C5, 0x0006, 0xD8E0, 0x0001, 0xF3C0, 0x0001, 0xEB00, 0x0001, 0xF380, 0x0001, 0xFAC0, 0x0001,
    0xC800, 0x0001, 0x18C5, 0x004A, 0x0099, 0x0001, 0x30B3, 0x0001, 0xE9A0, 0x0001, 0xF220, 0x0001,
    0xF2A0, 0x0001, 0xEB60, 0x0001, 0xEA41, 0x0001, 0xEAC1, 0x0001, 0xF360, 0x0001, 0xF2A0, 0x0001,
    0xF1A0, 0x0001, 0xEA20, 0x0001, 0xD8E0, 0x0001, 0xA800, 0x0001, 0x18C5, 0x0007, 0xF240, 0x0001,
    0xF440, 0x0001, 0xF3E0, 0x0001, 0xEBC0, 0x0001, 0xF3A0, 0x0001, 0xFB00, 0x0001, 0xC8E0, 0x0001,
    0x18C5, 0x004A, 0x6807, 0x0001, 0xF1C0, 0x0001, 0xEA20, 0x0001, 0xEAA0, 0x0001, 0xFA60, 0x0001,
    0xF900, 0x0001, 0xF980, 0x0001, 0xFA40, 0x0001, 0xF940, 0x0001, 0xF920, 0x0001, 0xFA60, 0x0001,
    0xFA00, 0x0001, 0xD000, 0x0001, 0x18C5, 0x0006, 0xC040, 0x0001, 0xF380, 0x0001, 0xEB60, 0x0001,
    0xF3E0, 0x0001, 0xF400, 0x0001, 0xEB20, 0x0001, 0xF480, 0x0001, 0xE100, 0x0001, 0x18C5, 0x004A,
    0xB800, 0x0001, 0xE1C0, 0x0001, 0xEA20, 0x0001, 0xFA60, 0x0001, 0xB9E6, 0x0001, 0x42F5, 0x0001,
    0x4AD3, 0x0001, 0x53B4, 0x0001, 0x4BB4, 0x0001, 0x4314, 0x0001, 0x4B14, 0x0001, 0x5255, 0x0001,
    0x40F2, 0x0001, 0x18C5, 0x0006, 0xC821, 0x0001, 0xFBC0, 0x0001, 0xEB20, 0x0001, 0xEB60, 0x0001,
    0xF320, 0x0001, 0xF300, 0x0001, 0xEB60, 0x0001, 0xF340, 0x0001, 0xC0A0, 0x0001, 0x18C5, 0x0049,
    0xC000, 0x0001, 0xE100, 0x0001, 0xE9E0, 0x0001, 0xF900, 0x0001, 0x91C9, 0x0001, 0x053F, 0x0001,
    0x04BF, 0x0001, 0x055F, 0x0001, 0x057F, 0x0001, 0x04DF, 0x0001, 0x043F, 0x0001, 0x03FF, 0x0001,
    0x019D, 0x0001, 0x18C5, 0x0005, 0x013B, 0x0001, 0x229B, 0x0001, 0xEA21, 0x0001, 0xFB40, 0x0001,
    0xF400, 0x0001, 0xEBC0, 0x0001, 0xEB80, 0x0001, 0xEB60, 0x0001, 0xFC40, 0x0001, 0xB8A0, 0x0001,
    0x18C5, 0x0049, 0xD820, 0x0001, 0xE1C0, 0x0001, 0xF220, 0x0001, 0xF2A1, 0x0001, 0x7B4E, 0x0001,
    0x049E, 0x0001, 0x0C9D, 0x0001, 0x051D, 0x0001, 0x04BD, 0x0001, 0x03FD, 0x0001, 0x041D, 0x0001,
    0x043E, 0x0001, 0x027D, 0x0001, 0x18C5, 0x0005, 0x017B, 0x0001, 0x031F, 0x0001, 0x2B79, 0x0001,
    0xC267, 0x0001, 0xE381, 0x0001, 0xFC00, 0x0001, 0xFBA0, 0x0001, 0xFB20, 0x0001, 0xC9A3, 0x0001,
    0x195B, 0x0001, 0x18C5, 0x0048, 0xC880, 0x0001, 0xE8C0, 0x0001, 0xD9A0, 0x0001, 0xF9E0, 0x0001,
    0xB9E4, 0x0001, 0x055F, 0x0001, 0x045D, 0x0001, 0x04FE, 0x0001, 0x053E, 0x0001, 0x047E, 0x0001,
    0x039E, 0x0001, 0x037E, 0x0001, 0x041D, 0x0001, 0x03FF, 0x0001, 0x011B, 0x0001, 0x18C5, 0x0005,
    0x0076, 0x0001, 0x029E, 0x0001, 0x045F, 0x0001, 0x4C14, 0x0001, 0x8C4D, 0x0001, 0x7C8E, 0x0001,
    0x8B4D, 0x0001, 0x2279, 0x0001, 0x01FF, 0x0001, 0x18C5, 0x0047, 0xA800, 0x0001, 0xD000, 0x0001,
    0xD880, 0x0001, 0xE980, 0x0001, 0xFA40, 0x0001, 0xC184, 0x0001, 0x04BF, 0x0001, 0x047D, 0x0001,
    0x053E, 0x0001, 0x03BE, 0x0001, 0x043E, 0x0001, 0x049E, 0x0001, 0x03BE, 0x0002, 0x039E, 0x0001,
    0x033E, 0x0001, 0x0075, 0x0001, 0x0012, 0x0001, 0x18C5, 0x0003, 0x01BA, 0x0001, 0x025D, 0x0001,
    0x01BB, 0x0001, 0x03DF, 0x0001, 0x055F, 0x0001, 0x051F, 0x0001, 0x047F, 0x0001, 0x025F, 0x0001,
    0x18C5, 0x0048, 0xD040, 0x0001, 0xE8C0, 0x0001, 0xD100, 0x0001, 0xF240, 0x0001, 0xFAA0, 0x0001,
    0xD203, 0x0001, 0x0C3E, 0x0001, 0x037D, 0x0001, 0x03FE, 0x0001, 0x04BE, 0x0001, 0x04FE, 0x0001,
    0x053E, 0x0001, 0x051E, 0x0001, 0x04DE, 0x0001, 0x039E, 0x0001, 0x03DE, 0x0001, 0x033E, 0x0001,
    0x017D, 0x0001, 0x0014, 0x0001, 0x18C5, 0x0001, 0x01DB, 0x0001, 0x043F, 0x0001, 0x041D, 0x0001,
    0x033D, 0x0001, 0x01FC, 0x0001, 0x031C, 0x0001, 0x037D, 0x0001, 0x027E, 0x0001, 0x18C5, 0x0048,
    0x7800, 0x0001, 0xD8E0, 0x0001, 0xF120, 0x0001, 0xD940, 0x0001, 0xEA40, 0x0001, 0xD9A0, 0x0001,
    0xE8A0, 0x0001, 0x99EA, 0x0001, 0x03DF, 0x0001, 0x049C, 0x0001, 0x051E, 0x0001, 0x04FE, 0x0002,
    0x051E, 0x0001, 0x053E, 0x0001, 0x04BE, 0x0001, 0x03DD, 0x0001, 0x043E, 0x0001, 0x043F, 0x0001,
    0x015A, 0x0001, 0x0137, 0x0001, 0x043F, 0x0001, 0x03FD, 0x0001, 0x03FE, 0x0001, 0x049E, 0x0001,
    0x035D, 0x0001, 0x03BE, 0x0001, 0x03DF, 0x0001, 0x18C5, 0x0049, 0xC8C0, 0x0002, 0xC020, 0x0001,
    0xC880, 0x0001, 0xE0E0, 0x0001, 0xD8E0, 0x0001, 0xF360, 0x0001, 0xCA85, 0x0001, 0x33B9, 0x0001,
    0x055E, 0x0001, 0x057D, 0x0001, 0x055E, 0x0001, 0x051E, 0x0001, 0x04FE, 0x0001, 0x051E, 0x0001,
    0x04FE, 0x0001, 0x043E, 0x0001, 0x03FE, 0x0001, 0x041D, 0x0001, 0x0138, 0x0001, 0x021A, 0x0001,
    0x045E, 0x0001, 0x043D, 0x0001, 0x049E, 0x0001, 0x053E, 0x0001, 0x03BD, 0x0001, 0x045F, 0x0001,
    0x03BD, 0x0001, 0x18C5, 0x0049, 0xFA20, 0x0001, 0xFA60, 0x0001, 0xD180, 0x0001, 0xD120, 0x0001,
    0xEA20, 0x0001, 0xFBC0, 0x0001, 0xEC80, 0x0001, 0xFB40, 0x0001, 0x70CB, 0x0001, 0x027E, 0x0001,
    0x029C, 0x0001, 0x02FC, 0x0001, 0x04FE, 0x0001, 0x053E, 0x0001, 0x051E, 0x0001, 0x053E, 0x0001,
    0x049E, 0x0001, 0x041E, 0x0001, 0x031C, 0x0001, 0x0035, 0x0001, 0x037F, 0x0001, 0x047D, 0x0001,
    0x051E, 0x0001, 0x055E, 0x0001, 0x041E, 0x0001, 0x03FD, 0x0001, 0x055F, 0x0001, 0x02FE, 0x0001,
    0x18C5, 0x0049, 0xE980, 0x0001, 0xE9E0, 0x0001, 0xF2C0, 0x0001, 0xFAA0, 0x0001, 0xFBC0, 0x0001,
    0xE360, 0x0001, 0xD100, 0x0001, 0xEA80, 0x0001, 0xE1A1, 0x0001, 0x3B15, 0x0001, 0x0BFD, 0x0001,
    0x039F, 0x0001, 0x02DD, 0x0001, 0x01FB, 0x0001, 0x03DD, 0x0001, 0x04FD, 0x0001, 0x04BE, 0x0001,
    0x043E, 0x0001, 0x01BB, 0x0001, 0x01FB, 0x0001, 0x049E, 0x0001, 0x04FE, 0x0001, 0x051D, 0x0001,
    0x04DD, 0x0001, 0x043D, 0x0001, 0x053E, 0x0001, 0x049F, 0x0001, 0x02FD, 0x0001, 0x18C5, 0x0048,
    0x8820, 0x0001, 0xB880, 0x0001, 0xD080, 0x0001, 0xE980, 0x0001, 0xE220, 0x0001, 0xB980, 0x0001,
    0x2800, 0x0001, 0xEC00, 0x0001, 0xF400, 0x0001, 0xF3C0, 0x0001, 0xF200, 0x0001, 0xC1A3, 0x0001,
    0x3C78, 0x0001, 0x149B, 0x0001, 0x04DF, 0x0001, 0x031D, 0x0001, 0x025C, 0x0001, 0x037D, 0x0001,
    0x03DE, 0x0001, 0x00B5, 0x0001, 0x031D, 0x0001, 0x04DD, 0x0001, 0x057D, 0x0001, 0x057F, 0x0001,
    0x04BF, 0x0001, 0x04FF, 0x0001, 0x1CDB, 0x0001, 0x3297, 0x0001, 0x18C5, 0x0049, 0xC860, 0x0001,
    0xFAE0, 0x0001, 0xF1E0, 0x0001, 0xD0E0, 0x0001, 0x3000, 0x0001, 0x0000, 0x0002, 0x7220, 0x0001,
    0xFC40, 0x0001, 0xEC20, 0x0001, 0xF3C0, 0x0002, 0xFAC0, 0x0001, 0xB327, 0x0001, 0x6BD2, 0x0001,
    0x053E, 0x0001, 0x051F, 0x0001, 0x035E, 0x0001, 0x021C, 0x0001, 0x0097, 0x0001, 0x033E, 0x0001,
    0x035F, 0x0001, 0x037F, 0x0001, 0x5333, 0x0001, 0x73B0, 0x0001, 0x6412, 0x0001, 0xD284, 0x0001,
    0xF800, 0x0001, 0x18C5, 0x0048, 0x8000, 0x0001, 0xC840, 0x0001, 0xF280, 0x0001, 0xEAA0, 0x0001,
    0xEA20, 0x0001, 0x60A0, 0x0001, 0x0000, 0x0001, 0x89A0, 0x0001, 0xA1E0, 0x0001, 0xF340, 0x0001,
    0xEB40, 0x0001, 0xF340, 0x0001, 0xF2E0, 0x0001, 0xEC40, 0x0001, 0xFC00, 0x0001, 0xFA60, 0x0001,
    0xA269, 0x0001, 0x91CA, 0x0001, 0x3B54, 0x0001, 0x037F, 0x0001, 0x002B, 0x0001, 0x10D4, 0x0001,
    0x9869, 0x0001, 0x99CA, 0x0001, 0xFAE0, 0x0001, 0xFB20, 0x0001, 0xF9C0, 0x0001, 0xF9A0, 0x0001,
    0x18C5, 0x0049, 0xB000, 0x0001, 0xD920, 0x0001, 0xF240, 0x0001, 0xF1C0, 0x0001, 0xD940, 0x0001,
    0x3040, 0x0001, 0x0020, 0x0001, 0x2060, 0x0001, 0x61A0, 0x0001, 0xFBC0, 0x0001, 0xF360, 0x0001,
    0xEBE0, 0x0001, 0xEBA0, 0x0001, 0xF2E0, 0x0001, 0xEB80, 0x0001, 0xEC20, 0x0001, 0xFB00, 0x0001,
    0xF8E0, 0x0001, 0xD8A1, 0x0001, 0x98C5, 0x0001, 0xA820, 0x0001, 0xD961, 0x0001, 0xFB00, 0x0001,
    0xFC00, 0x0001, 0xEC60, 0x0001, 0xEBC0, 0x0001, 0xF300, 0x0001, 0x18C5, 0x004A, 0xC8E0, 0x0001,
    0xE1E0, 0x0001, 0xD8C0, 0x0001, 0xF2A0, 0x0001, 0xE2C0, 0x0001, 0xF220, 0x0001, 0x7900, 0x0001,
    0x2880, 0x0001, 0xCAE0, 0x0001, 0xE2E0, 0x0001, 0xE2A0, 0x0001, 0xF420, 0x0001, 0xFC00, 0x0001,
    0xF3A0, 0x0001, 0xEB80, 0x0001, 0xF2E0, 0x0001, 0xEA20, 0x0001, 0xEB60, 0x0001, 0xF340, 0x0001,
    0xF300, 0x0001, 0xFB20, 0x0001, 0xF420, 0x0001, 0xEBA0, 0x0001, 0xEB80, 0x0001, 0xEBA0, 0x0002,
    0xFA60, 0x0001, 0x18C5, 0x004A, 0xB8C0, 0x0001, 0xD1A0, 0x0001, 0xD140, 0x0001, 0xF220, 0x0001,
    0xEA60, 0x0001, 0xFB40, 0x0001, 0xD080, 0x0001, 0xD160, 0x0001, 0xC860, 0x0001, 0xB800, 0x0001,
    0xC800, 0x0001, 0xD180, 0x0001, 0xC9C0, 0x0001, 0xEAE0, 0x0001, 0xF460, 0x0001, 0xEB80, 0x0001,
    0xF360, 0x0001, 0xF380, 0x0001, 0xEB80, 0x0001, 0xEC00, 0x0001, 0xEC40, 0x0001, 0xEC00, 0x0001,
    0xF400, 0x0001, 0xF380, 0x0001, 0xF340, 0x0002, 0xFA80, 0x0001, 0x18C5, 0x004B, 0xD8C0, 0x0001,
    0xF240, 0x0001, 0xD120, 0x0001, 0xF260, 0x0001, 0xD9A0, 0x0001, 0xC9C0, 0x0001, 0xB060, 0x0001,
    0xE920, 0x0001, 0xE080, 0x0001, 0xF9A0, 0x0001, 0xC000, 0x0001, 0xD0A0, 0x0001, 0xD0E0, 0x0001,
    0xC940, 0x0001, 0xF2C0, 0x0001, 0xF440, 0x0001, 0xF380, 0x0002, 0xEB60, 0x0001, 0xF340, 0x0001,
    0xF380, 0x0001, 0xEC00, 0x0001, 0xEC20, 0x0001, 0xEBA0, 0x0001, 0xFBC0, 0x0001, 0xF1A0, 0x0001,
    0x18C5, 0x004C, 0xE920, 0x0001, 0xF240, 0x0001, 0xD8E0, 0x0001, 0xC800, 0x0001, 0xE9E0, 0x0001,
    0xA900, 0x0001, 0xB020, 0x0001, 0xE900, 0x0001, 0xC060, 0x0001, 0xD900, 0x0001, 0xE0A0, 0x0001,
    0xF180, 0x0001, 0xA840, 0x0001, 0xA040, 0x0001, 0xD920, 0x0001, 0xEBE0, 0x0001, 0xF3E0, 0x0002,
    0xF380, 0x0001, 0xF240, 0x0001, 0xF360, 0x0001, 0xFB20, 0x0001, 0xFB80, 0x0001, 0xF1E0, 0x0001,
    0x18C5, 0x004E, 0xD820, 0x0001, 0xF160, 0x0001, 0xD9A0, 0x0001, 0xA800, 0x0002, 0x9040, 0x0001,
    0xE0C0, 0x0001, 0xE0A0, 0x0001, 0xC080, 0x0001, 0xD8E0, 0x0001, 0xE8C0, 0x0001, 0xB0C0, 0x0001,
    0xC200, 0x0001, 0xFAA0, 0x0001, 0xC0A0, 0x0001, 0xE100, 0x0001, 0xF140, 0x0001, 0xF960, 0x0001,
    0xFA40, 0x0001, 0xEA80, 0x0001, 0xF200, 0x0001, 0xE960, 0x0001, 0x18C5, 0x0050, 0xA800, 0x0001,
    0x9800, 0x0001, 0x7000, 0x0001, 0x7800, 0x0001, 0x9040, 0x0001, 0xF160, 0x0001, 0xE0C0, 0x0001,
    0xD0E0, 0x0001, 0xC8A0, 0x0001, 0xD840, 0x0001, 0xA040, 0x0001, 0xD1C0, 0x0001, 0xD900, 0x0001,
    0xF160, 0x0001, 0xC120, 0x0001, 0x9800, 0x0001, 0xC800, 0x0001, 0xE000, 0x0001, 0x18C5, 0x0057,
    0x8800, 0x0001, 0xE080, 0x0001, 0xD020, 0x0001, 0xD840, 0x0001, 0xB020, 0x0001, 0xE8A0, 0x0001,
    0x9800, 0x0001, 0x9840, 0x0001, 0x18C5, 0x005C, 0x7800, 0x0001, 0x9000, 0x0001, 0xF160, 0x0001,
    0xD040, 0x0001, 0xE0C0, 0x0001, 0xE140, 0x0001, 0xC840, 0x0001, 0xA000, 0x0001, 0x9000, 0x0002,
    0x18C5, 0x005A, 0x7000, 0x0001, 0xB000, 0x0001, 0xA080, 0x0001, 0xE980, 0x0001, 0xE0E0, 0x0002,
    0xE160, 0x0001, 0xB800, 0x0001, 0xA000, 0x0001, 0xCA20, 0x0001, 0xC080, 0x0001, 0x7000, 0x0001,
    0x18C5, 0x0059, 0x8800, 0x0001, 0xD020, 0x0001, 0xF2A0, 0x0001, 0xC040, 0x0001, 0xE980, 0x0001,
    0xD860, 0x0001, 0xE120, 0x0001, 0xC860, 0x0001, 0xC020, 0x0001, 0xEA80, 0x0001, 0xC880, 0x0001,
    0x8800, 0x0001, 0x18C5, 0x0059, 0xA800, 0x0001, 0xD000, 0x0001, 0xFA40, 0x0001, 0xD160, 0x0001,
    0xC880, 0x0001, 0xE080, 0x0001, 0xF180, 0x0001, 0xD8E0, 0x0001, 0xC900, 0x0001, 0xFAA0, 0x0001,
    0xD800, 0x0001, 0xB000, 0x0001, 0x18C5, 0x0059, 0xC000, 0x0001, 0xF260, 0x0001, 0xD8C0, 0x0001,
    0xF340, 0x0001, 0xC920, 0x0001, 0xC000, 0x0001, 0xE0E0, 0x0001, 0xC0C0, 0x0001, 0xF360, 0x0001,
    0xD8E0, 0x0001, 0xF260, 0x0001, 0xC800, 0x0001, 0x18C5, 0x005A, 0xE940, 0x0001, 0xE100, 0x0001,
    0xEA60, 0x0001, 0xFBA0, 0x0001, 0xC0E0, 0x0001, 0xB880, 0x0001, 0xF380, 0x0001, 0xF2C0, 0x0001,
    0xD900, 0x0001, 0xE120, 0x0001, 0x18C5, 0x005C, 0xFB00, 0x0001, 0xD960, 0x0001, 0xD980, 0x0001,
    0xF1A0, 0x0001, 0xF320, 0x0001, 0xE1A0, 0x0001, 0xD940, 0x0001, 0xFB00, 0x0001, 0xD0A0, 0x0001,
    0x18C5, 0x005D, 0xFAE0, 0x0001, 0xDAA0, 0x0001, 0xD8E0, 0x0001, 0xD900, 0x0001, 0xDA80, 0x0001,
    0xFAE0, 0x0001, 0xF9E0, 0x0001, 0x18C5, 0x005F, 0xFA00, 0x0001, 0xE960, 0x0001, 0xE900, 0x0001,
    0xFA20, 0x0001, 0xD8E0, 0x0001, 0x18C5, 0x0034, 0x18C5, 0x0626, 0x8000, 0x0001, 0x9800, 0x0001,
    0x18C5, 0x0062, 0x8800, 0x0001, 0xB800, 0x0001, 0xC800, 0x0001, 0x7800, 0x0001, 0x18C5, 0x0060,
    0x8000, 0x0001, 0xC800, 0x0001, 0xD800, 0x0001, 0xB000, 0x0001, 0xA800, 0x0001, 0x18C5, 0x0060,
    0xB000, 0x0001, 0xD800, 0x0001, 0xD000, 0x0001, 0xB800, 0x0001, 0xD000, 0x0001, 0x7800, 0x0001,
    0x18C5, 0x005E, 0x8000, 0x0001, 0xD000, 0x0001, 0xC800, 0x0001, 0xD000, 0x0001, 0xB800, 0x0001,
    0xC800, 0x0001, 0x7800, 0x0001, 0x18C5, 0x005E, 0x8000, 0x0001, 0xD000, 0x0003, 0xB800, 0x0001,
    0x9800, 0x0001, 0x18C5, 0x005F, 0x8000, 0x0001, 0xD000, 0x0001, 0xC800, 0x0001, 0xD000, 0x0001,
    0xB800, 0x0001, 0x7800, 0x0001, 0x18C5, 0x0060, 0xB800, 0x0001, 0xD000, 0x0001, 0xC000, 0x0001,
    0xB000, 0x0001, 0x8000, 0x0001, 0x18C5, 0x0060, 0xB800, 0x0001, 0xD000, 0x0001, 0xB800, 0x0001,
    0xB000, 0x0001, 0x8000, 0x0001, 0x18C5, 0x005F, 0xA000, 0x0001, 0xD800, 0x0001, 0xB800, 0x0001,
    0xC000, 0x0001, 0xB800, 0x0001, 0x8000, 0x0001, 0x18C5, 0x005E, 0xA000, 0x0001, 0xC800, 0x0002,
    0xB800, 0x0001, 0xC800, 0x0002, 0x8000, 0x0001, 0x18C5, 0x005E, 0xC800, 0x0001, 0xB800, 0x0001,
    0xB000, 0x0001, 0xC800, 0x0001, 0xD000, 0x0002, 0xA800, 0x0001, 0x18C5, 0x005E, 0xC000, 0x0001,
    0xD800, 0x0001, 0x8000, 0x0001, 0xA000, 0x0001, 0xC800, 0x0001, 0xD000, 0x0001, 0xB800, 0x0001,
    0x7800, 0x0001, 0x18C5, 0x005D, 0xA800, 0x0001, 0xC000, 0x0001, 0x9800, 0x0001, 0xA800, 0x0001,
    0xA000, 0x0001, 0xC800, 0x0001, 0xD000, 0x0001, 0x7000, 0x0001, 0x18C5, 0x005F, 0x9000, 0x0002,
    0x9800, 0x0001, 0xC000, 0x0001, 0xD800, 0x0001, 0x9000, 0x0001, 0x18C5, 0x0061, 0xB000, 0x0001,
    0xC800, 0x0001, 0xD000, 0x0001, 0xB000, 0x0001, 0x18C5, 0x0061, 0xA800, 0x0001, 0xB000, 0x0001,
    0xB800, 0x0001, 0xB000, 0x0001, 0x18C5, 0x0061, 0x7000, 0x0001, 0xB000, 0x0001, 0xD000, 0x0001,
    0xC000, 0x0001, 0x6800, 0x0001, 0x18C5, 0x0060, 0x6800, 0x0001, 0xC800, 0x0001, 0xB800, 0x0001,
    0xD000, 0x0001, 0x18C5, 0x0049, 0x8000, 0x0001, 0x7820, 0x0001, 0x18C5, 0x0016, 0xA000, 0x0001,
    0xC000, 0x0001, 0xB000, 0x0001, 0xB800, 0x0001, 0xA000, 0x0001, 0x18C5, 0x0047, 0x8860, 0x0001,
    0xF200, 0x0001, 0xE9C0, 0x0001, 0x18C5, 0x0016, 0xB800, 0x0001, 0xD800, 0x0001, 0xB000, 0x0001,
    0xD000, 0x0002, 0x18C5, 0x0046, 0x90C0, 0x0001, 0xF3C0, 0x0001, 0xFC00, 0x0001, 0xF940, 0x0001,
    0xC120, 0x0001, 0x18C5, 0x0015, 0xB800, 0x0001, 0xC800, 0x0001, 0xB800, 0x0001, 0xC000, 0x0001,
    0xC800, 0x0001, 0xA800, 0x0001, 0x18C5, 0x0044, 0x9900, 0x0001, 0xF3A0, 0x0001, 0xF440, 0x0001,
    0xEB60, 0x0001, 0xFB60, 0x0001, 0xDA60, 0x0001, 0x18C5, 0x0014, 0x9800, 0x0001, 0xC000, 0x0001,
    0xB000, 0x0001, 0x9000, 0x0001, 0xC000, 0x0001, 0xB800, 0x0001, 0xC800, 0x0001, 0x8800, 0x0001,
    0x18C5, 0x0043, 0xB980, 0x0001, 0xFCA0, 0x0001, 0xEBE0, 0x0001, 0xEBA0, 0x0001, 0xF3A0, 0x0001,
    0xF200, 0x0001, 0x18C5, 0x0014, 0xA800, 0x0001, 0xD800, 0x0001, 0xB800, 0x0001, 0xA800, 0x0001,
    0xA000, 0x0001, 0xD800, 0x0001, 0xD000, 0x0001, 0xA800, 0x0001, 0x18C5, 0x0043, 0xC960, 0x0001,
    0xF460, 0x0001, 0xEB80, 0x0001, 0xF1E0, 0x0001, 0xF9C0, 0x0001, 0xE940, 0x0001, 0x18C5, 0x0014,
    0xC800, 0x0002, 0xB000, 0x0002, 0x8800, 0x0001, 0xB000, 0x0002, 0xB800, 0x0001, 0x8000, 0x0001,
    0x18C5, 0x0042, 0xD180, 0x0001, 0xF4A0, 0x0001, 0xEA80, 0x0001, 0xF300, 0x0001, 0xFA20, 0x0001,
    0x18C5, 0x0014, 0x8800, 0x0001, 0xC000, 0x0001, 0xB800, 0x0001, 0xA800, 0x0001, 0xD000, 0x0001,
    0xA800, 0x0001, 0x9800, 0x0001, 0xD800, 0x0001, 0xB000, 0x0001, 0xB800, 0x0001, 0x18C5, 0x0042,
    0xD8C0, 0x0001, 0xF3C0, 0x0001, 0xEBC0, 0x0001, 0xF3A0, 0x0001, 0xF9E0, 0x0001, 0xC000, 0x0001,
    0x18C5, 0x0013, 0x8800, 0x0001, 0xC800, 0x0001, 0xD800, 0x0001, 0xC000, 0x0001, 0xD800, 0x0002,
    0xA800, 0x0001, 0xD000, 0x0001, 0xC800, 0x0002, 0x7000, 0x0001, 0x18C5, 0x0041, 0xC800, 0x0001,
    0xF260, 0x0001, 0xF380, 0x0001, 0xEC00, 0x0001, 0xFB20, 0x0001, 0x18C5, 0x0014, 0x9000, 0x0001,
    0xD800, 0x0001, 0xC800, 0x0001, 0x48D0, 0x0001, 0x3237, 0x0001, 0x3A97, 0x0001, 0x20F2, 0x0001,
    0x2174, 0x0001, 0x3975, 0x0001, 0xB800, 0x0001, 0x7800, 0x0001, 0x18C5, 0x0042, 0xE8E0, 0x0001,
    0xF280, 0x0001, 0xF420, 0x0001, 0xFC00, 0x0001, 0xC960, 0x0001, 0x18C5, 0x0013, 0x9000, 0x0001,
    0x68AC, 0x0001, 0x0A7D, 0x0001, 0x031E, 0x0001, 0x031F, 0x0001, 0x035F, 0x0001, 0x023E, 0x0001,
    0x029E, 0x0001, 0x033F, 0x0001, 0x28F4, 0x0001, 0x7801, 0x0001, 0x18C5, 0x0042, 0xE0A0, 0x0001,
    0xC820, 0x0001, 0xD280, 0x0001, 0xFC60, 0x0001, 0xE140, 0x0001, 0x8800, 0x0001, 0x18C5, 0x0012,
    0x5825, 0x0001, 0x01FD, 0x0001, 0x035E, 0x0001, 0x02FD, 0x0002, 0x031D, 0x0002, 0x033E, 0x0001,
    0x031E, 0x0001, 0x01BD, 0x0001, 0x0076, 0x0001, 0x18C5, 0x0041, 0xA000, 0x0001, 0xC800, 0x0001,
    0xB800, 0x0001, 0xC880, 0x0001, 0xD260, 0x0001, 0xF240, 0x0001, 0xC800, 0x0001, 0x9800, 0x0001,
    0x18C5, 0x0012, 0x00B9, 0x0001, 0x031E, 0x0001, 0x031D, 0x0001, 0x02FD, 0x0001, 0x027D, 0x0001,
    0x033E, 0x0001, 0x025D, 0x0001, 0x02FD, 0x0001, 0x033F, 0x0001, 0x015C, 0x0001, 0x18C5, 0x0041,
    0xB880, 0x0001, 0xD0A0, 0x0001, 0xB000, 0x0001, 0xD040, 0x0001, 0xD060, 0x0001, 0xE940, 0x0001,
    0xE8C0, 0x0001, 0xE920, 0x0001, 0xA800, 0x0001, 0x18C5, 0x0011, 0x0015, 0x0001, 0x011B, 0x0001,
    0x031F, 0x0001, 0x01DC, 0x0002, 0x035E, 0x0001, 0x01DC, 0x0001, 0x027C, 0x0001, 0x00FA, 0x0001,
    0x019C, 0x0001, 0x18C5, 0x0041, 0xC880, 0x0001, 0xF980, 0x0001, 0xE980, 0x0001, 0xB840, 0x0001,
    0xC000, 0x0001, 0xD800, 0x0001, 0xE0E0, 0x0001, 0xE940, 0x0001, 0xE080, 0x0001, 0xE100, 0x0001,
    0xB800, 0x0001, 0x9020, 0x0001, 0x8000, 0x0001, 0x18C5, 0x000E, 0x0013, 0x0001, 0x0118, 0x0001,
    0x0075, 0x0001, 0x02FE, 0x0001, 0x033E, 0x0001, 0x021D, 0x0001, 0x033E, 0x0001, 0x031C, 0x0001,
    0x0055, 0x0001, 0x18C5, 0x0042, 0xD880, 0x0001, 0xF920, 0x0001, 0xC8E0, 0x0001, 0x8000, 0x0001,
    0xB000, 0x0001, 0xB800, 0x0001, 0xE000, 0x0001, 0xF140, 0x0001, 0xF180, 0x0001, 0xE080, 0x0001,
    0xF140, 0x0001, 0xE080, 0x0001, 0xB800, 0x0001, 0xC020, 0x0001, 0xA880, 0x0001, 0xB000, 0x0001,
    0xA800, 0x0001, 0x18C5, 0x000A, 0x0004, 0x0001, 0x0096, 0x0001, 0x035E, 0x0001, 0x02FE, 0x0001,
    0x0119, 0x0001, 0x01B9, 0x0001, 0x049F, 0x0001, 0x031D, 0x0001, 0x00D5, 0x0001, 0x18C5, 0x0047,
    0xD000, 0x0001, 0xD020, 0x0001, 0xD040, 0x0001, 0xE0E0, 0x0001, 0xF1C0, 0x0001, 0xE0C0, 0x0001,
    0xE0E0, 0x0001, 0xF920, 0x0001, 0xF960, 0x0001, 0x718E, 0x0001, 0x5A10, 0x0001, 0x516F, 0x0001,
    0x4990, 0x0001, 0x0A3A, 0x0001, 0x00FB, 0x0002, 0x011D, 0x0001, 0x18C5, 0x0004, 0x00BA, 0x0001,
    0x029F, 0x0001, 0x02FD, 0x0001, 0x021D, 0x0001, 0x01DA, 0x0001, 0x0117, 0x0001, 0x01B9, 0x0001,
    0x04FF, 0x0001, 0x0179, 0x0001, 0x18C5, 0x0049, 0xD880, 0x0001, 0xE0A0, 0x0001, 0xD040, 0x0001,
    0xE100, 0x0001, 0xF9A0, 0x0001, 0x8A0C, 0x0001, 0x3B37, 0x0001, 0x041F, 0x0001, 0x045F, 0x0001,
    0x041F, 0x0001, 0x04BF, 0x0001, 0x04DF, 0x0001, 0x043F, 0x0001, 0x045F, 0x0001, 0x03FF, 0x0001,
    0x01DC, 0x0001, 0x18C5, 0x0003, 0x025D, 0x0001, 0x031E, 0x0001, 0x01FC, 0x0001, 0x02DD, 0x0001,
    0x035F, 0x0001, 0x033E, 0x0001, 0x021B, 0x0001, 0x03FE, 0x0001, 0x025C, 0x0001, 0x18C5, 0x0049,
    0xC020, 0x0001, 0xFA00, 0x0001, 0xE9C0, 0x0001, 0xE860, 0x0001, 0x99AA, 0x0001, 0x03BF, 0x0001,
    0x043F, 0x0001, 0x03FD, 0x0001, 0x041D, 0x0001, 0x039D, 0x0001, 0x03DD, 0x0001, 0x041D, 0x0001,
    0x04BE, 0x0001, 0x057E, 0x0001, 0x055E, 0x0001, 0x035E, 0x0001, 0x18C5, 0x0002, 0x0013, 0x0001,
    0x027D, 0x0001, 0x02FE, 0x0001, 0x01BC, 0x0001, 0x03DE, 0x0001, 0x03FD, 0x0001, 0x03FE, 0x0001,
    0x02BE, 0x0001, 0x02BC, 0x0001, 0x02DF, 0x0001, 0x18C5, 0x004A, 0xE180, 0x0001, 0xF200, 0x0001,
    0xFA40, 0x0001, 0x820B, 0x0001, 0x04DF, 0x0001, 0x0BFC, 0x0001, 0x03FE, 0x0001, 0x041E, 0x0003,
    0x035E, 0x0001, 0x03BE, 0x0001, 0x04FE, 0x0001, 0x051D, 0x0001, 0x047F, 0x0001, 0x017C, 0x0001,
    0x18C5, 0x0001, 0x0031, 0x0001, 0x027E, 0x0001, 0x029D, 0x0001, 0x027C, 0x0001, 0x043E, 0x0001,
    0x03FE, 0x0001, 0x041E, 0x0001, 0x03DD, 0x0001, 0x037E, 0x0001, 0x01BB, 0x0001, 0x18C5, 0x004A,
    0xB000, 0x0001, 0xF940, 0x0001, 0xFB00, 0x0001, 0x9BEA, 0x0001, 0x055F, 0x0001, 0x04BD, 0x0001,
    0x041E, 0x0001, 0x03FE, 0x0001, 0x041E, 0x0003, 0x039E, 0x0001, 0x043E, 0x0001, 0x04FD, 0x0001,
    0x053F, 0x0001, 0x02DF, 0x0001, 0x18C5, 0x0001, 0x0171, 0x0001, 0x031F, 0x0001, 0x01BB, 0x0001,
    0x03DE, 0x0001, 0x041E, 0x0002, 0x03FE, 0x0001, 0x043E, 0x0001, 0x037D, 0x0001, 0x019B, 0x0001,
    0x18C5, 0x004B, 0xB860, 0x0001, 0xFAE0, 0x0001, 0x938B, 0x0001, 0x04DF, 0x0001, 0x051D, 0x0001,
    0x037E, 0x0001, 0x041E, 0x0004, 0x043E, 0x0001, 0x03FE, 0x0001, 0x041D, 0x0001, 0x04FE, 0x0001,
    0x033F, 0x0001, 0x004C, 0x0001, 0x01AE, 0x0001, 0x035F, 0x0001, 0x01DB, 0x0001, 0x041E, 0x0003,
    0x03FE, 0x0001, 0x045E, 0x0001, 0x029C, 0x0001, 0x031E, 0x0001, 0x0156, 0x0001, 0x18C5, 0x004B,
    0xB8E0, 0x0001, 0xFA00, 0x0001, 0x5B52, 0x0001, 0x059F, 0x0001, 0x049D, 0x0001, 0x033D, 0x0001,
    0x043E, 0x0001, 0x041E, 0x0001, 0x03DE, 0x0001, 0x033E, 0x0001, 0x031E, 0x0001, 0x039E, 0x0001,
    0x049D, 0x0001, 0x037E, 0x0001, 0x031C, 0x0001, 0x021B, 0x0001, 0x033E, 0x0001, 0x021C, 0x0001,
    0x041E, 0x0003, 0x03FE, 0x0001, 0x043E, 0x0001, 0x035D, 0x0001, 0x03BE, 0x0001, 0x00D6, 0x0001,
    0x18C5, 0x004C, 0xC800, 0x0001, 0x39F3, 0x0001, 0x04DF, 0x0001, 0x043F, 0x0001, 0x01DC, 0x0001,
    0x043E, 0x0001, 0x03DE, 0x0001, 0x035E, 0x0001, 0x03FE, 0x0001, 0x047E, 0x0001, 0x039E, 0x0001,
    0x03BE, 0x0001, 0x035D, 0x0001, 0x057E, 0x0001, 0x025D, 0x0001, 0x035D, 0x0001, 0x037E, 0x0001,
    0x041E, 0x0004, 0x03BD, 0x0001, 0x029D, 0x0001, 0x03FE, 0x0001, 0x0137, 0x0001, 0x18C5, 0x004F,
    0x02DE, 0x0001, 0x025F, 0x0001, 0x033D, 0x0001, 0x037E, 0x0001, 0x03DD, 0x0001, 0x04BD, 0x0001,
    0x053D, 0x0001, 0x04DE, 0x0001, 0x03FE, 0x0001, 0x03BE, 0x0001, 0x059E, 0x0001, 0x035D, 0x0001,
    0x025D, 0x0001, 0x039D, 0x0001, 0x03BE, 0x0001, 0x041E, 0x0001, 0x03FE, 0x0001, 0x043E, 0x0001,
    0x033D, 0x0001, 0x01BC, 0x0001, 0x041E, 0x0001, 0x021C, 0x0001, 0x18C5, 0x0051, 0x027E, 0x0001,
    0x033D, 0x0001, 0x03FE, 0x0001, 0x051E, 0x0003, 0x04DD, 0x0001, 0x041E, 0x0001, 0x049E, 0x0001,
    0x051E, 0x0001, 0x021C, 0x0001, 0x039D, 0x0001, 0x035E, 0x0001, 0x043E, 0x0001, 0x03FE, 0x0001,
    0x041E, 0x0001, 0x03BD, 0x0001, 0x029D, 0x0001, 0x03FE, 0x0001, 0x021C, 0x0001, 0x18C5, 0x0051,
    0x021B, 0x0001, 0x041F, 0x0001, 0x68C6, 0x0001, 0x9902, 0x0001, 0x4A4D, 0x0001, 0x055F, 0x0001,
    0x051E, 0x0001, 0x043D, 0x0001, 0x049E, 0x0001, 0x04FE, 0x0001, 0x029C, 0x0001, 0x033D, 0x0001,
    0x037E, 0x0001, 0x041E, 0x0002, 0x03BD, 0x0001, 0x025C, 0x0001, 0x03BE, 0x0002, 0x021C, 0x0001,
    0x18C5, 0x0051, 0x023B, 0x0001, 0x13DA, 0x0001, 0x8801, 0x0001, 0xDA00, 0x0001, 0xD940, 0x0001,
    0x4A4D, 0x0001, 0x04BD, 0x0001, 0x047E, 0x0001, 0x053D, 0x0001, 0x043E, 0x0001, 0x035E, 0x0001,
    0x021C, 0x0001, 0x03BE, 0x0001, 0x037E, 0x0001, 0x043E, 0x0001, 0x03DD, 0x0001, 0x025C, 0x0001,
    0x045E, 0x0001, 0x037F, 0x0001, 0x18C5, 0x0051, 0x00DB, 0x0001, 0x041F, 0x0001, 0x7884, 0x0001,
    0xC980, 0x0001, 0x90E0, 0x0001, 0xC160, 0x0001, 0xD920, 0x0001, 0x12D8, 0x0001, 0x055F, 0x0001,
    0x051D, 0x0001, 0x047E, 0x0001, 0x037E, 0x0001, 0x021C, 0x0001, 0x03BE, 0x0001, 0x035E, 0x0001,
    0x043E, 0x0001, 0x039E, 0x0001, 0x03BE, 0x0001, 0x041D, 0x0001, 0x03BF, 0x0001, 0x18C5, 0x0051,
    0x6028, 0x0001, 0x2AB4, 0x0001, 0x23DA, 0x0001, 0xC102, 0x0001, 0xE980, 0x0001, 0xB240, 0x0001,
    0xB040, 0x0001, 0x2358, 0x0001, 0x053F, 0x0001, 0x04FD, 0x0001, 0x055E, 0x0001, 0x03FE, 0x0001,
    0x01DC, 0x0001, 0x03FE, 0x0001, 0x03DE, 0x0001, 0x041E, 0x0001, 0x031E, 0x0001, 0x03FE, 0x0001,
    0x043E, 0x0001, 0x02DF, 0x0001, 0x18C5, 0x0050, 0x1010, 0x0001, 0xE0E0, 0x0001, 0xC980, 0x0001,
    0x12B6, 0x0001, 0x1298, 0x0001, 0xD160, 0x0001, 0xBAA0, 0x0001, 0x8842, 0x0001, 0x2399, 0x0001,
    0x053F, 0x0001, 0x051D, 0x0001, 0x051E, 0x0001, 0x045E, 0x0001, 0x031D, 0x0001, 0x041E, 0x0001,
    0x043E, 0x0001, 0x035E, 0x0001, 0x03DE, 0x0001, 0x03FD, 0x0001, 0x045E, 0x0001, 0x027E, 0x0001,
    0x18C5, 0x0050, 0x0875, 0x0001, 0x91A8, 0x0001, 0xB900, 0x0001, 0x9840, 0x0001, 0xC140, 0x0001,
    0xF4C0, 0x0001, 0xD9C0, 0x0001, 0x2A72, 0x0001, 0x04FF, 0x0001, 0x04FD, 0x0001, 0x051E, 0x0003,
    0x035E, 0x0001, 0x041E, 0x0001, 0x03DE, 0x0001, 0x035E, 0x0001, 0x03FE, 0x0001, 0x041D, 0x0001,
    0x045F, 0x0001, 0x18C5, 0x0051, 0x023D, 0x0001, 0x51AD, 0x0001, 0xB160, 0x0001, 0xE300, 0x0001,
    0xFC80, 0x0001, 0xF380, 0x0001, 0xB1E6, 0x0001, 0x1B79, 0x0001, 0x051E, 0x0001, 0x051D, 0x0001,
    0x051E, 0x0003, 0x035E, 0x0001, 0x041E, 0x0001, 0x03BE, 0x0001, 0x03DE, 0x0001, 0x041E, 0x0001,
    0x043D, 0x0001, 0x039F, 0x0001, 0x18C5, 0x0050, 0x0014, 0x0001, 0x0A3A, 0x0001, 0xB0A0, 0x0001,
    0xFB80, 0x0001, 0xEBA0, 0x0001, 0xEC60, 0x0001, 0xFA60, 0x0001, 0x59CD, 0x0001, 0x053F, 0x0001,
    0x049D, 0x0001, 0x051E, 0x0001, 0x04FE, 0x0001, 0x051E, 0x0001, 0x047E, 0x0001, 0x025C, 0x0001,
    0x041E, 0x0003, 0x03FD, 0x0001, 0x047F, 0x0001, 0x039E, 0x0001, 0x18C5, 0x0050, 0x019C, 0x0001,
    0x0A7B, 0x0001, 0xC0C1, 0x0001, 0xF380, 0x0001, 0xEC00, 0x0001, 0xFBA0, 0x0001, 0xB246, 0x0001,
    0x0D1D, 0x0001, 0x039D, 0x0001, 0x049E, 0x0001, 0x053E, 0x0001, 0x04FE, 0x0001, 0x053E, 0x0001,
    0x039E, 0x0001, 0x01DC, 0x0001, 0x041E, 0x0002, 0x041D, 0x0001, 0x041E, 0x0001, 0x03FF, 0x0001,
    0x18C5, 0x0051, 0x01BD, 0x0001, 0x125B, 0x0001, 0xD860, 0x0001, 0xF400, 0x0001, 0xEC20, 0x0001,
    0xFB80, 0x0001, 0xA8C5, 0x0001, 0x055F, 0x0001, 0x033D, 0x0001, 0x04BE, 0x0001, 0x051E, 0x0001,
    0x04FE, 0x0001, 0x053E, 0x0001, 0x033D, 0x0001, 0x035E, 0x0001, 0x041D, 0x0001, 0x03FE, 0x0001,
    0x041E, 0x0001, 0x03DF, 0x0001, 0x015B, 0x0001, 0x18C5, 0x0041, 0x9000, 0x0001, 0x18C5, 0x000F,
    0x017C, 0x0001, 0x031E, 0x0001, 0x79CC, 0x0001, 0xF280, 0x0001, 0xF440, 0x0001, 0xEAC1, 0x0001,
    0x5332, 0x0001, 0x049E, 0x0001, 0x03BD, 0x0001, 0x04FE, 0x0001, 0x051E, 0x0001, 0x04FE, 0x0001,
    0x051E, 0x0001, 0x021C, 0x0001, 0x0179, 0x0001, 0x041F, 0x0001, 0x041D, 0x0001, 0x043E, 0x0001,
    0x025C, 0x0001, 0x18C5, 0x0052, 0x019C, 0x0001, 0x031E, 0x0001, 0x90E8, 0x0001, 0xF240, 0x0001,
    0xF460, 0x0001, 0xC8C1, 0x0001, 0x059F, 0x0001, 0x03FD, 0x0001, 0x035E, 0x0001, 0x04FE, 0x0002,
    0x053E, 0x0001, 0x043E, 0x0001, 0x01DC, 0x0001, 0x0179, 0x0001, 0x0158, 0x0001, 0x041E, 0x0001,
    0x03BF, 0x0001, 0x18C5, 0x0054, 0x2156, 0x0001, 0xF040, 0x0001, 0xF300, 0x0001, 0xF420, 0x0001,
    0xB0E4, 0x0001, 0x04FD, 0x0001, 0x049E, 0x0001, 0x03DE, 0x0001, 0x04FE, 0x0002, 0x055E, 0x0001,
    0x02FC, 0x0001, 0x027D, 0x0001, 0x043E, 0x0001, 0x021B, 0x0001, 0x023C, 0x0001, 0x0A5C, 0x0001,
    0x8001, 0x0001, 0x18C5, 0x0053, 0xB820, 0x0001, 0xE9A0, 0x0001, 0xEA80, 0x0001, 0xF1E0, 0x0001,
    0x1BBB, 0x0001, 0x051F, 0x0001, 0x03FD, 0x0001, 0x03FE, 0x0001, 0x04DE, 0x0001, 0x051E, 0x0001,
    0x04FE, 0x0001, 0x021C, 0x0001, 0x033D, 0x0001, 0x047E, 0x0001, 0x03BE, 0x0001, 0x00DB, 0x0001,
    0xB0C5, 0x0001, 0xC840, 0x0001, 0x18C5, 0x0053, 0xE120, 0x0001, 0xE0E0, 0x0001, 0xF3A0, 0x0001,
    0xD8A0, 0x0001, 0x135A, 0x0001, 0x04BF, 0x0001, 0x03FD, 0x0001, 0x045E, 0x0001, 0x04FE, 0x0001,
    0x053E, 0x0001, 0x03BD, 0x0001, 0x021C, 0x0001, 0x03DD, 0x0001, 0x041E, 0x0001, 0x03DD, 0x0001,
    0x029F, 0x0001, 0x586D, 0x0001, 0x18C5, 0x0053, 0xD980, 0x0001, 0xFAE0, 0x0001, 0xF240, 0x0001,
    0xECC0, 0x0001, 0xF1C0, 0x0001, 0x139B, 0x0001, 0x043F, 0x0001, 0x03FD, 0x0001, 0x04BE, 0x0001,
    0x053E, 0x0001, 0x04DE, 0x0001, 0x029D, 0x0001, 0x037D, 0x0001, 0x043E, 0x0001, 0x041D, 0x0001,
    0x041F, 0x0001, 0x029F, 0x0001, 0x18C5, 0x0044, 0x8040, 0x0001, 0x18C5, 0x000E, 0xE140, 0x0001,
    0xFBA0, 0x0001, 0xEB80, 0x0001, 0xEB20, 0x0001, 0xEC20, 0x0001, 0xFA60, 0x0001, 0x98A5, 0x0001,
    0x041D, 0x0001, 0x03FE, 0x0001, 0x04BE, 0x0001, 0x053E, 0x0001, 0x03DE, 0x0001, 0x035E, 0x0001,
    0x041E, 0x0001, 0x03FE, 0x0001, 0x043D, 0x0001, 0x037F, 0x0001, 0x40AE, 0x0001, 0xA040, 0x0001,
    0x18C5, 0x0043, 0xFA40, 0x0001, 0xB000, 0x0001, 0x18C5, 0x000C, 0xC8A0, 0x0001, 0xFA60, 0x0001,
    0xF360, 0x0001, 0xEAE0, 0x0001, 0xF400, 0x0001, 0xEA60, 0x0001, 0xF2C0, 0x0001, 0xC901, 0x0001,
    0x041F, 0x0001, 0x049D, 0x0001, 0x051E, 0x0001, 0x03BE, 0x0001, 0x035E, 0x0001, 0x041E, 0x0002,
    0x03FD, 0x0001, 0x0C1C, 0x0001, 0x035F, 0x0001, 0x790D, 0x0001, 0xF940, 0x0001, 0x9820, 0x0001,
    0x18C5, 0x0042, 0xF900, 0x0001, 0x18C5, 0x000D, 0xE8C0, 0x0001, 0xF280, 0x0001, 0xE9E0, 0x0001,
    0xF360, 0x0001, 0xEB00, 0x0001, 0xE9E0, 0x0001, 0xF320, 0x0001, 0xEA61, 0x0001, 0x3A73, 0x0001,
    0x047E, 0x0001, 0x043D, 0x0001, 0x037D, 0x0001, 0x041D, 0x0003, 0x045F, 0x0001, 0x047F, 0x0001,
    0x035F, 0x0001, 0x28B3, 0x0001, 0xB800, 0x0001, 0xA801, 0x0001, 0x18C5, 0x004F, 0xB820, 0x0001,
    0xF160, 0x0001, 0xEAC0, 0x0001, 0xEB20, 0x0001, 0xF440, 0x0001, 0xF320, 0x0001, 0xF1C0, 0x0001,
    0xEC40, 0x0001, 0xF340, 0x0001, 0x9084, 0x0001, 0x047F, 0x0001, 0x03FE, 0x0001, 0x043E, 0x0001,
    0x041F, 0x0001, 0x041E, 0x0001, 0x03FF, 0x0001, 0x698E, 0x0001, 0x9909, 0x0001, 0x90CA, 0x0001,
    0x18C5, 0x0052, 0xC080, 0x0001, 0xF320, 0x0001, 0xEBE0, 0x0001, 0xFB40, 0x0001, 0xE3C1, 0x0001,
    0xDAA2, 0x0001, 0xDA22, 0x0001, 0xF3E0, 0x0001, 0xFB80, 0x0001, 0x80C7, 0x0001, 0x0BFD, 0x0001,
    0x133B, 0x0001, 0x12DB, 0x0001, 0xB8E4, 0x0001, 0xD203, 0x0001, 0xD1A4, 0x0001, 0xF220, 0x0001,
    0xFA40, 0x0001, 0xF8A0, 0x0001, 0xB000, 0x0001, 0x18C5, 0x0051, 0xD060, 0x0001, 0xF2A0, 0x0001,
    0xFB60, 0x0001, 0xCB44, 0x0001, 0x0C3D, 0x0001, 0x051E, 0x0001, 0x053F, 0x0001, 0x83EE, 0x0001,
    0xBB67, 0x0001, 0xA840, 0x0001, 0xE180, 0x0001, 0xEA00, 0x0001, 0xE9C0, 0x0001, 0xF300, 0x0001,
    0xF340, 0x0001, 0xF220, 0x0001, 0xEAE0, 0x0001, 0xF340, 0x0001, 0xF940, 0x0001, 0x18C5, 0x0052,
    0xD000, 0x0001, 0xF2A0, 0x0001, 0xBB47, 0x0001, 0x0C3D, 0x0001, 0x051F, 0x0001, 0x051D, 0x0001,
    0x04FD, 0x0001, 0x043F, 0x0001, 0x01FD, 0x0001, 0xD800, 0x0001, 0xF9E0, 0x0001, 0xFA40, 0x0001,
    0xF8A0, 0x0001, 0xF9C0, 0x0001, 0xFA20, 0x0001, 0xF900, 0x0001, 0xF960, 0x0001, 0xF360, 0x0001,
    0xFA60, 0x0001, 0xD040, 0x0001, 0x18C5, 0x0051, 0xE160, 0x0001, 0xFC20, 0x0001, 0x5C72, 0x0001,
    0x053F, 0x0001, 0x051D, 0x0001, 0x049E, 0x0001, 0x043F, 0x0001, 0x021D, 0x0001, 0x0ADB, 0x0001,
    0x42B4, 0x0001, 0x4294, 0x0001, 0x5314, 0x0001, 0x4334, 0x0001, 0x4BB4, 0x0001, 0x4BF4, 0x0001,
    0x42F4, 0x0001, 0x4B54, 0x0001, 0xEA20, 0x0001, 0xF340, 0x0001, 0xF940, 0x0001, 0x18C5, 0x0050,
    0xE980, 0x0001, 0xF320, 0x0001, 0xFBC0, 0x0001, 0x6491, 0x0001, 0x047F, 0x0001, 0x023D, 0x0001,
    0x0174, 0x0001, 0x0048, 0x0001, 0x02DC, 0x0001, 0x047E, 0x0001, 0x045F, 0x0002, 0x043F, 0x0001,
    0x053F, 0x0001, 0x055F, 0x0002, 0x053F, 0x0001, 0x055F, 0x0001, 0x33F7, 0x0001, 0xF9C0, 0x0001,
    0xFA60, 0x0001, 0x18C5, 0x0050, 0xE980, 0x0001, 0xF2C0, 0x0001, 0xFB40, 0x0001, 0x8B8D, 0x0001,
    0x133D, 0x0001, 0x033D, 0x0001, 0x033F, 0x0001, 0x00EF, 0x0001, 0x0232, 0x0001, 0x045F, 0x0001,
    0x03FD, 0x0004, 0x04FD, 0x0001, 0x053D, 0x0001, 0x051D, 0x0001, 0x047E, 0x0001, 0x0CBC, 0x0001,
    0xB905, 0x0001, 0xF200, 0x0001, 0xE0C0, 0x0001, 0x18C5, 0x0050, 0xE920, 0x0001, 0xDA40, 0x0001,
    0xFBE0, 0x0001, 0x2AF8, 0x0001, 0x03FF, 0x0001, 0x03DD, 0x0001, 0x047F, 0x0001, 0x0119, 0x0001,
    0x01F8, 0x0001, 0x043E, 0x0001, 0x03FE, 0x0001, 0x041E, 0x0001, 0x03FE, 0x0001, 0x037E, 0x0001,
    0x041E, 0x0001, 0x04FE, 0x0001, 0x051D, 0x0001, 0x051F, 0x0001, 0x3BB5, 0x0001, 0xF980, 0x0001,
    0xF260, 0x0001, 0x18C5, 0x0050, 0xD8A0, 0x0001, 0xEB00, 0x0001, 0xF440, 0x0001, 0xB347, 0x0001,
    0x0BBC, 0x0001, 0x031E, 0x0001, 0x045D, 0x0001, 0x031E, 0x0001, 0x0034, 0x0001, 0x041E, 0x0001,
    0x043E, 0x0001, 0x037E, 0x0001, 0x045E, 0x0003, 0x047E, 0x0001, 0x04DD, 0x0001, 0x045E, 0x0001,
    0x145B, 0x0001, 0x99EA, 0x0001, 0xFA60, 0x0001, 0xE120, 0x0001, 0x18C5, 0x004F, 0xE960, 0x0001,
    0xF3C0, 0x0001, 0xEBE0, 0x0001, 0xFB20, 0x0001, 0x03FD, 0x0001, 0x03BE, 0x0001, 0x039E, 0x0001,
    0x043E, 0x0001, 0x017A, 0x0001, 0x0176, 0x0001, 0x03DE, 0x0001, 0x03FD, 0x0001, 0x053E, 0x0003,
    0x051E, 0x0001, 0x03BE, 0x0001, 0x045D, 0x0001, 0x049F, 0x0001, 0x6ACF, 0x0001, 0xF9A0, 0x0001,
    0xF1A0, 0x0001, 0xD000, 0x0001, 0x18C5, 0x004E, 0xF240, 0x0001, 0xF300, 0x0001, 0xF340, 0x0001,
    0xF320, 0x0001, 0x3BF6, 0x0001, 0x039E, 0x0001, 0x031D, 0x0001, 0x045E, 0x0001, 0x02FD, 0x0001,
    0x00D7, 0x0001, 0x045E, 0x0001, 0x049D, 0x0001, 0x051E, 0x0001, 0x04FE, 0x0004, 0x035C, 0x0001,
    0x035F, 0x0001, 0x61AF, 0x0001, 0xF900, 0x0001, 0xF200, 0x0001, 0xF940, 0x0001, 0xA800, 0x0001,
    0x18C5, 0x004C, 0xE980, 0x0001, 0xFBA0, 0x0001, 0xEB60, 0x0001, 0xEBE0, 0x0001, 0xFC40, 0x0001,
    0xE382, 0x0001, 0x02FF, 0x0001, 0x02BC, 0x0001, 0x049E, 0x0001, 0x039B, 0x0001, 0x00CF, 0x0001,
    0x04FF, 0x0001, 0x043D, 0x0001, 0x04DE, 0x0001, 0x051E, 0x0001, 0x04FE, 0x0001, 0x055E, 0x0001,
    0x057E, 0x0001, 0x05BF, 0x0001, 0x22DB, 0x0001, 0xB1E7, 0x0001, 0xE980, 0x0001, 0xD8C0, 0x0001,
    0xFAE0, 0x0001, 0xE080, 0x0001, 0x18C5, 0x004C, 0xE980, 0x0001, 0xFBC0, 0x0001, 0xEB80, 0x0001,
    0xF380, 0x0001, 0xF2C0, 0x0001, 0xE9C1, 0x0001, 0x58AE, 0x0001, 0x015B, 0x0001, 0x035E, 0x0001,
    0x0399, 0x0001, 0x00E5, 0x0001, 0x04FF, 0x0001, 0x04DD, 0x0001, 0x047E, 0x0001, 0x053E, 0x0001,
    0x051E, 0x0001, 0x035C, 0x0001, 0x029C, 0x0001, 0x01B9, 0x0001, 0x4130, 0x0001, 0xFAE0, 0x0001,
    0xEC80, 0x0001, 0xE200, 0x0001, 0xD0A0, 0x0001, 0xD040, 0x0001, 0x18C5, 0x004C, 0xE980, 0x0001,
    0xFB60, 0x0001, 0xEC20, 0x0001, 0xF2A0, 0x0001, 0xEA60, 0x0001, 0xF2C0, 0x0001, 0xF060, 0x0001,
    0x618F, 0x0001, 0x02DF, 0x0001, 0x0178, 0x0001, 0x0066, 0x0001, 0x03BF, 0x0001, 0x04FD, 0x0001,
    0x04BD, 0x0001, 0x037C, 0x0001, 0x01FC, 0x0001, 0x029E, 0x0001, 0x031D, 0x0001, 0x2317, 0x0001,
    0xC001, 0x0001, 0xD0A0, 0x0001, 0xEAE0, 0x0001, 0xF340, 0x0001, 0xEB60, 0x0001, 0xD940, 0x0001,
    0x18C5, 0x004D, 0xF1C0, 0x0001, 0xF320, 0x0001, 0xF1C0, 0x0001, 0xF420, 0x0001, 0xEB80, 0x0001,
    0xEA00, 0x0001, 0xFAC0, 0x0001, 0x7350, 0x0001, 0x043F, 0x0001, 0x0137, 0x0001, 0x00F7, 0x0001,
    0x035C, 0x0001, 0x029E, 0x0001, 0x02BF, 0x0001, 0x0B9C, 0x0001, 0x3C98, 0x0001, 0xAA05, 0x0001,
    0xFA20, 0x0001, 0xF340, 0x0001, 0xEC20, 0x0001, 0xEA40, 0x0001, 0xD0C0, 0x0001, 0xFBA0, 0x0001,
    0xE1C0, 0x0001, 0x8800, 0x0001, 0x18C5, 0x004C, 0xD060, 0x0001, 0xF220, 0x0001, 0xF2C0, 0x0001,
    0xF3E0, 0x0002, 0xF2A0, 0x0001, 0xEB00, 0x0001, 0xFA00, 0x0001, 0x842E, 0x0001, 0x4B96, 0x0001,
    0x02FF, 0x0001, 0x009A, 0x0001, 0x49B2, 0x0001, 0x6BF2, 0x0001, 0x9B8A, 0x0001, 0xFAA0, 0x0001,
    0xF3C0, 0x0001, 0xF3A0, 0x0002, 0xEC40, 0x0001, 0xFBA0, 0x0001, 0xFC00, 0x0001, 0x8840, 0x0001,
    0xE9C0, 0x0001, 0xB080, 0x0001, 0x18C5, 0x004D, 0xE100, 0x0001, 0xF380, 0x0001, 0xEB00, 0x0001,
    0xF380, 0x0001, 0xF300, 0x0001, 0xF2A0, 0x0001, 0xEC00, 0x0001, 0xFB20, 0x0001, 0xF220, 0x0001,
    0x920B, 0x0001, 0x7048, 0x0001, 0xE060, 0x0001, 0xFA20, 0x0001, 0xFBC0, 0x0001, 0xEC40, 0x0001,
    0xEBA0, 0x0001, 0xF2E0, 0x0001, 0xEB40, 0x0001, 0xFBA0, 0x0001, 0x81A0, 0x0001, 0x4120, 0x0001,
    0x0000, 0x0001, 0x9180, 0x0001, 0xE980, 0x0001, 0x18C5, 0x004D, 0xFA20, 0x0001, 0xF420, 0x0001,
    0xF320, 0x0001, 0xF3A0, 0x0001, 0xF3E0, 0x0001, 0xF420, 0x0002, 0xEBC0, 0x0001, 0xF380, 0x0001,
    0xFA80, 0x0001, 0xF1C0, 0x0001, 0xF2E0, 0x0001, 0xEC60, 0x0001, 0xEBE0, 0x0002, 0xEB40, 0x0001,
    0xEBA0, 0x0001, 0xF3C0, 0x0001, 0xE300, 0x0001, 0xC240, 0x0001, 0x1020, 0x0001, 0x0000, 0x0001,
    0x69C0, 0x0001, 0xE940, 0x0001, 0x18C5, 0x004D, 0xFAA0, 0x0001, 0xEC00, 0x0001, 0xF380, 0x0001,
    0xF320, 0x0001, 0xF3C0, 0x0001, 0xF3A0, 0x0002, 0xF380, 0x0001, 0xEBA0, 0x0001, 0xEC40, 0x0001,
    0xF300, 0x0001, 0xE280, 0x0001, 0xE300, 0x0001, 0xFC60, 0x0001, 0xF3A0, 0x0001, 0xF400, 0x0001,
    0xF460, 0x0001, 0xFC20, 0x0001, 0xAA80, 0x0001, 0x1040, 0x0001, 0x0000, 0x0001, 0x6180, 0x0001,
    0xFA60, 0x0001, 0xC040, 0x0001, 0x18C5, 0x004D, 0xF9C0, 0x0001, 0xFB40, 0x0001, 0xEBC0, 0x0001,
    0xEB20, 0x0001, 0xF2E0, 0x0001, 0xF360, 0x0001, 0xF340, 0x0001, 0xF2E0, 0x0001, 0xF360, 0x0001,
    0xE9A0, 0x0001, 0xE900, 0x0001, 0xE1E0, 0x0001, 0xD9E0, 0x0001, 0xD220, 0x0001, 0xC9C0, 0x0001,
    0xD260, 0x0001, 0xD220, 0x0001, 0xD9A0, 0x0001, 0xA260, 0x0001, 0x61C0, 0x0001, 0x7180, 0x0001,
    0xF9C0, 0x0001, 0xD040, 0x0001, 0x18C5, 0x004F, 0xE160, 0x0001, 0xFA60, 0x0001, 0xF420, 0x0001,
    0xF3A0, 0x0001, 0xEBC0, 0x0001, 0xF460, 0x0001, 0xEA40, 0x0001, 0xD820, 0x0001, 0xD900, 0x0001,
    0xF3E0, 0x0001, 0xE260, 0x0001, 0xC160, 0x0001, 0xC000, 0x0001, 0xD8E0, 0x0001, 0xB000, 0x0002,
    0xB820, 0x0001, 0xA200, 0x0001, 0xD160, 0x0001, 0xE960, 0x0001, 0x18C5, 0x0053, 0xD0A0, 0x0001,
    0xE0E0, 0x0001, 0xF2A0, 0x0001, 0xEAE0, 0x0001, 0xEB60, 0x0001, 0xE340, 0x0001, 0xE240, 0x0001,
    0xC100, 0x0001, 0xD8C0, 0x0001, 0xD020, 0x0001, 0xF9A0, 0x0001, 0xD0E0, 0x0001, 0xC020, 0x0001,
    0xC880, 0x0001, 0xE200, 0x0001, 0xE900, 0x0001, 0x18C5, 0x0056, 0xC0A0, 0x0001, 0xFA00, 0x0001,
    0xE0C0, 0x0001, 0xD8A0, 0x0001, 0xE120, 0x0001, 0xE960, 0x0001, 0xE920, 0x0001, 0xD020, 0x0001,
    0xE920, 0x0001, 0xD0C0, 0x0001, 0xC000, 0x0002, 0x9000, 0x0001, 0xB020, 0x0001, 0x18C5, 0x0058,
    0xC800, 0x0001, 0xD160, 0x0001, 0xE960, 0x0001, 0xC140, 0x0001, 0xB040, 0x0001, 0xE8C0, 0x0001,
    0xD8A0, 0x0001, 0xC860, 0x0001, 0xA800, 0x0001, 0xF920, 0x0001, 0x9880, 0x0001, 0x18C5, 0x005C,
    0x8800, 0x0001, 0x8000, 0x0001, 0x8800, 0x0001, 0xE0E0, 0x0001, 0xF9E0, 0x0001, 0xF1A0, 0x0001,
    0xD0A0, 0x0001, 0xC840, 0x0001, 0x8800, 0x0001, 0x7000, 0x0001, 0x18C5, 0x005A, 0x7820, 0x0001,
    0xC020, 0x0001, 0xD940, 0x0001, 0xE160, 0x0001, 0xC8C0, 0x0001, 0xC840, 0x0001, 0xD860, 0x0001,
    0xC880, 0x0001, 0xC8C0, 0x0001, 0xE180, 0x0001, 0xB040, 0x0001, 0x8000, 0x0001, 0x18C5, 0x0059,
    0xE0C0, 0x0001, 0xFB00, 0x0001, 0xF300, 0x0001, 0xF340, 0x0001, 0xEAC0, 0x0001, 0xE940, 0x0001,
    0xEAC0, 0x0001, 0xEA40, 0x0001, 0xF260, 0x0002, 0xF240, 0x0001, 0xE100, 0x0001, 0xB040, 0x0001,
    0x18C5, 0x0057, 0xB0C0, 0x0001, 0xF1C0, 0x0001, 0xF280, 0x0001, 0xEB20, 0x0001, 0xEA00, 0x0001,
    0xF240, 0x0001, 0xF2C0, 0x0001, 0xF2A0, 0x0001, 0xF2C0, 0x0003, 0xEAA0, 0x0001, 0xE9A0, 0x0001,
    0xF9E0, 0x0001, 0xD1C0, 0x0001, 0x18C5, 0x0056, 0xE1E0, 0x0001, 0xFC60, 0x0001, 0xEA60, 0x0001,
    0xF340, 0x0001, 0xEAA0, 0x0001, 0xF420, 0x0001, 0xDA40, 0x0001, 0xC880, 0x0001, 0xD9C0, 0x0001,
    0xE9A0, 0x0001, 0xE1A0, 0x0001, 0xFAE0, 0x0001, 0xF3E0, 0x0001, 0xEA60, 0x0001, 0xFA40, 0x0001,
    0xA840, 0x0001, 0x18C5, 0x0055, 0xF220, 0x0001, 0xF3E0, 0x0001, 0xEB80, 0x0001, 0xEB20, 0x0001,
    0xFC80, 0x0001, 0xD9E0, 0x0001, 0x2000, 0x0001, 0x1800, 0x0001, 0x2001, 0x0001, 0x2801, 0x0001,
    0x2800, 0x0001, 0x3800, 0x0001, 0xD9A0, 0x0001, 0xFBA0, 0x0001, 0xFB00, 0x0001, 0xD080, 0x0001,
    0x18C5, 0x0055, 0xE0C0, 0x0001, 0xFB40, 0x0001, 0xEC20, 0x0001, 0xF400, 0x0001, 0xD980, 0x0001,
    0x2000, 0x0001, 0x29C6, 0x0001, 0xE73C, 0x0001, 0xE75D, 0x0001, 0xDF5D, 0x0001, 0xD6DA, 0x0001,
    0x9D75, 0x0001, 0x40E4, 0x0001, 0xD200, 0x0001, 0xE1A0, 0x0001, 0x18C5, 0x0057, 0xE920, 0x0001,
    0xF3C0, 0x0001, 0xFC80, 0x0001, 0xAB40, 0x0001, 0x5040, 0x0001, 0x6B6E, 0x0001, 0x9D75, 0x0001,
    0xFFFF, 0x0003, 0xE77D, 0x0001, 0x528A, 0x0001, 0x5800, 0x0001, 0x18C5, 0x0059, 0xE0E0, 0x0001,
    0xFAC0, 0x0001, 0xFBE0, 0x0001, 0xFB20, 0x0001, 0x8960, 0x0001, 0x6000, 0x0001, 0x7ACB, 0x0001,
    0xA555, 0x0001, 0x8C30, 0x0001, 0x69A6, 0x0001, 0x18C5, 0x005D, 0xD860, 0x0001, 0xE1A0, 0x0001,
    0xFA60, 0x0001, 0xF900, 0x0001, 0x9000, 0x0001, 0x18C5, 0x002A, 0x18C5, 0x1202, 0xF300, 0x0001,
    0xEAE0, 0x0001, 0x18C5, 0x0065, 0xFB40, 0x0001, 0xFB00, 0x0001, 0xF300, 0x0001, 0x18C5, 0x0064,
    0xFB00, 0x0001, 0xFBC0, 0x0001, 0xEB00, 0x0001, 0xFB00, 0x0001, 0x18C5, 0x005F, 0xFB80, 0x0001,
    0x18C5, 0x0003, 0xF300, 0x0001, 0xFBA0, 0x0001, 0xFB00, 0x0001, 0xEB00, 0x0001, 0x18C5, 0x005E,
    0xF300, 0x0002, 0x18C5, 0x0002, 0xEB00, 0x0001, 0xFB20, 0x0003, 0x18C5, 0x005A, 0xF300, 0x0002,
    0x18C5, 0x0002, 0xF300, 0x0001, 0xFBC0, 0x0001, 0xEAE0, 0x0001, 0x18C5, 0x0002, 0xF300, 0x0001,
    0xFB60, 0x0001, 0xFB00, 0x0001, 0xF300, 0x0001, 0x18C5, 0x005A, 0xFB40, 0x0002, 0x18C5, 0x0001,
    0xFB00, 0x0001, 0xFB60, 0x0001, 0xFB40, 0x0002, 0x18C5, 0x0001, 0xFB20, 0x0002, 0xEB00, 0x0001,
    0xFB60, 0x0001, 0xFB20, 0x0001, 0x18C5, 0x0059, 0xF320, 0x0001, 0xFB60, 0x0001, 0x18C5, 0x0001,
    0xFB20, 0x0001, 0xFB40, 0x0002, 0xEAE0, 0x0002, 0xF320, 0x0001, 0xEAE0, 0x0002, 0xFB20, 0x0001,
    0xF300, 0x0001, 0xF2E0, 0x0001, 0x18C5, 0x0058, 0xF300, 0x0001, 0xFB60, 0x0001, 0x18C5, 0x0001,
    0xF300, 0x0001, 0xFB20, 0x0001, 0xEB00, 0x0001, 0xFB20, 0x0001, 0xEAE0, 0x0001, 0xF300, 0x0002,
    0xEAE0, 0x0001, 0xF300, 0x0001, 0xFB40, 0x0001, 0xF300, 0x0001, 0x18C5, 0x0057, 0xF2E0, 0x0001,
    0xF300, 0x0004, 0xEB00, 0x0001, 0xEAE0, 0x0001, 0xF300, 0x0004, 0xEAE0, 0x0002, 0xFB20, 0x0001,
    0xF320, 0x0001, 0x18C5, 0x0057, 0xF300, 0x0001, 0xEB00, 0x0001, 0xF300, 0x000A, 0xEAE0, 0x0001,
    0xFB20, 0x0002, 0x18C5, 0x0055, 0xEAE0, 0x0001, 0xF300, 0x0001, 0xEB00, 0x0001, 0xF300, 0x0007,
    0xF2E0, 0x0001, 0xF300, 0x0002, 0xF2E0, 0x0001, 0xEAE0, 0x0001, 0xFB20, 0x0001, 0xF300, 0x0001,
    0x18C5, 0x0054, 0xF300, 0x0002, 0xEB00, 0x0001, 0xF300, 0x0004, 0xF2E0, 0x0001, 0xF2C0, 0x0001,
    0xF300, 0x0002, 0xEAA0, 0x0001, 0xF300, 0x0001, 0xF320, 0x0001, 0xFB00, 0x0001, 0xF300, 0x0001,
    0xFB00, 0x0001, 0xD880, 0x0001, 0x18C5, 0x0052, 0xF320, 0x0001, 0xFB20, 0x0001, 0xEAE0, 0x0001,
    0xF300, 0x0003, 0xF2C0, 0x0001, 0xF2A0, 0x0001, 0xF340, 0x0001, 0xF200, 0x0001, 0xEA40, 0x0001,
    0xF320, 0x0001, 0xE1A0, 0x0001, 0xD960, 0x0001, 0xF2A0, 0x0001, 0xF340, 0x0001, 0xF300, 0x0001,
    0xFB60, 0x0001, 0xF280, 0x0001, 0xD000, 0x0001, 0x18C5, 0x0050, 0xFB20, 0x0002, 0xEAE0, 0x0001,
    0xF300, 0x0002, 0xF2E0, 0x0001, 0xF300, 0x0001, 0xEAC0, 0x0001, 0xEA00, 0x0001, 0xEA20, 0x0001,
    0xEB20, 0x0001, 0xF1E0, 0x0001, 0xE960, 0x0001, 0xF340, 0x0001, 0xD980, 0x0001, 0xE820, 0x0001,
    0xE940, 0x0001, 0x18C5, 0x0001, 0xFB80, 0x0001, 0xF2E0, 0x0001, 0xE900, 0x0001, 0xD800, 0x0001,
    0x18C5, 0x004E, 0xFB00, 0x0001, 0xFB20, 0x0001, 0xEAE0, 0x0001, 0xF300, 0x0003, 0xF2E0, 0x0001,
    0xF300, 0x0001, 0xF320, 0x0001, 0xFB20, 0x0001, 0xF9A0, 0x0001, 0xF1E0, 0x0001, 0xEB40, 0x0001,
    0xF200, 0x0001, 0xF980, 0x0001, 0xF340, 0x0001, 0x18C5, 0x0001, 0xE800, 0x0001, 0xD800, 0x0001,
    0x18C5, 0x0002, 0xF260, 0x0001, 0xE800, 0x0001, 0x18C5, 0x004D, 0xFAE0, 0x0001, 0xFB40, 0x0001,
    0xEAE0, 0x0001, 0xF300, 0x0003, 0xF2E0, 0x0001, 0xF320, 0x0001, 0xFAA0, 0x0001, 0xD060, 0x0001,
    0x18C5, 0x0002, 0xE940, 0x0001, 0xFA40, 0x0001, 0xEB60, 0x0001, 0xF100, 0x0001, 0xF9E0, 0x0001,
    0xF360, 0x0001, 0x18C5, 0x0001, 0xF000, 0x0001, 0xD000, 0x0001, 0x18C5, 0x0002, 0xF1A0, 0x0001,
    0xD020, 0x0001, 0x18C5, 0x0011, 0xEAE0, 0x0001, 0x18C5, 0x0039, 0xAA28, 0x0001, 0xD325, 0x0001,
    0xFA80, 0x0001, 0xF320, 0x0001, 0xEB00, 0x0001, 0xF2E0, 0x0002, 0xEB20, 0x0001, 0xFAA0, 0x0001,
    0xD040, 0x0001, 0x18C5, 0x0004, 0xF980, 0x0001, 0xF180, 0x0001, 0x18C5, 0x0001, 0xF160, 0x0001,
    0xF980, 0x0001, 0x18C5, 0x0002, 0xF000, 0x0001, 0xD000, 0x0001, 0x18C5, 0x0002, 0xF0E0, 0x0001,
    0xC800, 0x0001, 0x18C5, 0x0010, 0xF2E0, 0x0001, 0x18C5, 0x0038, 0x035F, 0x0001, 0x045F, 0x0001,
    0x03DD, 0x0001, 0x92CD, 0x0001, 0xCAC4, 0x0001, 0xFA80, 0x0001, 0xEB20, 0x0001, 0xEB40, 0x0001,
    0xFAA0, 0x0001, 0xD880, 0x0001, 0x18C5, 0x0006, 0xF9A0, 0x0001, 0x18C5, 0x0002, 0xF980, 0x0001,
    0xF180, 0x0001, 0x18C5, 0x0002, 0xE000, 0x0001, 0x18C5, 0x0003, 0xD800, 0x0001, 0x18C5, 0x0011,
    0xEB00, 0x0001, 0x18C5, 0x0036, 0x035F, 0x0001, 0x043F, 0x0001, 0x03FD, 0x0001, 0x041D, 0x0001,
    0x047F, 0x0001, 0x2379, 0x0001, 0x5B53, 0x0001, 0xF220, 0x0001, 0xF9E0, 0x0001, 0xD880, 0x0001,
    0x18C5, 0x0008, 0xE960, 0x0001, 0x18C5, 0x0003, 0xF160, 0x0001, 0x18C5, 0x0002, 0xE800, 0x0001,
    0x18C5, 0x0003, 0xD000, 0x0001, 0x18C5, 0x0010, 0xFB60, 0x0001, 0x18C5, 0x0002, 0xF300, 0x0001,
    0x18C5, 0x0032, 0x033E, 0x0001, 0x043F, 0x0001, 0x03FD, 0x0001, 0x041E, 0x0002, 0x03FD, 0x0001,
    0x041E, 0x0001, 0x045F, 0x0001, 0x237B, 0x0001, 0x3915, 0x0001, 0x18C5, 0x0011, 0xD000, 0x0001,
    0x18C5, 0x0014, 0xFBC0, 0x0001, 0x18C5, 0x0002, 0xF320, 0x0001, 0x18C5, 0x0030, 0x035E, 0x0001,
    0x041F, 0x0001, 0x041E, 0x0004, 0x03FE, 0x0001, 0x043D, 0x0001, 0x03FF, 0x0001, 0x01FD, 0x0001,
    0x18C5, 0x0027, 0xFB60, 0x0001, 0xFB40, 0x0001, 0x18C5, 0x0001, 0xFB60, 0x0001, 0xFB40, 0x0001,
    0x18C5, 0x0001, 0xF300, 0x0001, 0x18C5, 0x0007, 0xC0E0, 0x0001, 0xF940, 0x0001, 0xB927, 0x0001,
    0x12DE, 0x0001, 0x03BF, 0x0002, 0x2AF9, 0x0001, 0xA1CC, 0x0001, 0xE901, 0x0001, 0xF940, 0x0001,
    0xFAA0, 0x0001, 0xFAC0, 0x0001, 0xFA80, 0x0004, 0xFAA0, 0x0001, 0xE9C0, 0x0001, 0xE8C0, 0x0001,
    0xF180, 0x0001, 0xFB00, 0x0001, 0xFAC0, 0x0001, 0xFB00, 0x0001, 0xFAE0, 0x0001, 0xFA80, 0x0004,
    0xFA60, 0x0001, 0xF140, 0x0001, 0xE900, 0x0001, 0xE880, 0x0001, 0xF0E0, 0x0001, 0xF140, 0x0001,
    0xE940, 0x0001, 0xE100, 0x0001, 0xD800, 0x0001, 0x710C, 0x0001, 0x03FF, 0x0001, 0x047F, 0x0001,
    0x03FD, 0x0002, 0x041E, 0x0001, 0x03FE, 0x0001, 0x043D, 0x0001, 0x03FF, 0x0001, 0x01BC, 0x0001,
    0x18C5, 0x0028, 0xEAC0, 0x0001, 0xFBA0, 0x0001, 0x18C5, 0x0002, 0xFBA0, 0x0001, 0xEAE0, 0x0001,
    0x18C5, 0x0001, 0xFB40, 0x0001, 0x18C5, 0x0002, 0xF340, 0x0001, 0xE240, 0x0001, 0xB860, 0x0001,
    0xFA60, 0x0001, 0xF380, 0x0001, 0xEC20, 0x0001, 0xFB20, 0x0001, 0xB8A4, 0x0001, 0x1B9B, 0x0001,
    0x045E, 0x0001, 0x043E, 0x0001, 0x045F, 0x0001, 0x2AB6, 0x0001, 0x6A10, 0x0001, 0xF140, 0x0001,
    0xFB40, 0x0001, 0xEC40, 0x0005, 0xF480, 0x0001, 0xEB60, 0x0001, 0xE1C0, 0x0001, 0xF2C0, 0x0002,
    0xD980, 0x0001, 0xE260, 0x0001, 0xF480, 0x0001, 0xEC20, 0x0001, 0xEC40, 0x0002, 0xEC00, 0x0001,
    0xF3C0, 0x0001, 0xF3E0, 0x0001, 0xEA40, 0x0001, 0xD9C0, 0x0001, 0xD940, 0x0001, 0xF320, 0x0001,
    0xF340, 0x0001, 0xEA40, 0x0001, 0xE900, 0x0001, 0x90A8, 0x0001, 0x51D0, 0x0001, 0x03FF, 0x0001,
    0x043E, 0x0001, 0x03FD, 0x0001, 0x043D, 0x0001, 0x03FF, 0x0001, 0x01DD, 0x0001, 0x18C5, 0x002A,
    0xF300, 0x0002, 0x18C5, 0x0001, 0xF300, 0x0001, 0xFB60, 0x0001, 0xF300, 0x0001, 0x18C5, 0x0001,
    0xFB80, 0x0001, 0x18C5, 0x0001, 0xB8A0, 0x0001, 0xFAE0, 0x0001, 0xF2E0, 0x0001, 0xF480, 0x0001,
    0xEC00, 0x0001, 0xF3E0, 0x0001, 0xEC61, 0x0001, 0xFA20, 0x0001, 0x3A55, 0x0001, 0x043F, 0x0001,
    0x03FD, 0x0001, 0x03FC, 0x0001, 0x045F, 0x0001, 0x03DF, 0x0001, 0x2AF9, 0x0001, 0x792C, 0x0001,
    0xF200, 0x0001, 0xEC00, 0x0001, 0xEBE0, 0x0001, 0xF3E0, 0x0002, 0xEBC0, 0x0001, 0xF420, 0x0001,
    0xF380, 0x0001, 0xF180, 0x0001, 0xD840, 0x0001, 0xE280, 0x0001, 0xEB20, 0x0001, 0xF400, 0x0001,
    0xF3E0, 0x0003, 0xF400, 0x0001, 0xEC00, 0x0001, 0xEBE0, 0x0001, 0xF3E0, 0x0001, 0xF3C0, 0x0001,
    0xEA60, 0x0001, 0xD8C0, 0x0001, 0xEAC0, 0x0001, 0xF340, 0x0001, 0xF300, 0x0001, 0xFA40, 0x0001,
    0xD9A0, 0x0001, 0x98C8, 0x0001, 0x2AF5, 0x0001, 0x049F, 0x0001, 0x041F, 0x0001, 0x01FE, 0x0001,
    0x18C5, 0x002B, 0xEAE0, 0x0001, 0xFC00, 0x0001, 0xF320, 0x0001, 0x18C5, 0x0001, 0xF300, 0x0001,
    0xFC20, 0x0001, 0xEB20, 0x0001, 0x18C5, 0x0001, 0xF300, 0x0001, 0xEAA0, 0x0001, 0xF240, 0x0001,
    0xF3C0, 0x0001, 0xEB40, 0x0001, 0xF400, 0x0001, 0xF3E0, 0x0001, 0xEBE0, 0x0001, 0xF3C0, 0x0001,
    0xB0A1, 0x0001, 0x0B9C, 0x0001, 0x049F, 0x0001, 0x047F, 0x0001, 0x045E, 0x0001, 0x047E, 0x0001,
    0x04BF, 0x0001, 0x045F, 0x0001, 0x90E8, 0x0001, 0xFA60, 0x0001, 0xEC20, 0x0003, 0xF420, 0x0001,
    0xF2C0, 0x0001, 0xD880, 0x0001, 0xE280, 0x0001, 0xF3E0, 0x0001, 0xF440, 0x0002, 0xF400, 0x0001,
    0xF3E0, 0x0003, 0xF400, 0x0001, 0xF3E0, 0x0002, 0xF400, 0x0001, 0xEBE0, 0x0001, 0xF420, 0x0001,
    0xEAE0, 0x0001, 0xD8C0, 0x0001, 0xEAC0, 0x0001, 0xF320, 0x0001, 0xF300, 0x0001, 0xA144, 0x0001,
    0x32F8, 0x0001, 0x3336, 0x0001, 0x2B17, 0x0002, 0x1AF8, 0x0001, 0x035E, 0x0001, 0x033F, 0x0001,
    0x031F, 0x0001, 0x01FD, 0x0001, 0x021F, 0x0001, 0x18C5, 0x0027, 0xEB20, 0x0001, 0xFC40, 0x0001,
    0xFB40, 0x0001, 0x18C5, 0x0001, 0xFB40, 0x0001, 0xFC40, 0x0001, 0xD9E0, 0x0001, 0xDA00, 0x0001,
    0xFB40, 0x0001, 0xEAE0, 0x0001, 0xF360, 0x0001, 0xF3A0, 0x0001, 0xF360, 0x0001, 0xF400, 0x0001,
    0xEC20, 0x0001, 0xFB80, 0x0001, 0xD060, 0x0001, 0x0A5B, 0x0001, 0x029A, 0x0001, 0x0259, 0x0001,
    0x0239, 0x0002, 0x0218, 0x0001, 0x029A, 0x0001, 0x486C, 0x0001, 0xE040, 0x0001, 0xFAC0, 0x0001,
    0xF340, 0x0001, 0xF360, 0x0001, 0xE1E0, 0x0001, 0xD060, 0x0001, 0xE1C0, 0x0001, 0xF340, 0x0001,
    0xF2E0, 0x0001, 0xF380, 0x0002, 0xF3E0, 0x0001, 0xF420, 0x0001, 0xF400, 0x0002, 0xF3E0, 0x0001,
    0xF400, 0x0001, 0xF3E0, 0x0001, 0xEBE0, 0x0003, 0xF420, 0x0001, 0xEA80, 0x0001, 0xD100, 0x0001,
    0xEAE0, 0x0001, 0xF320, 0x0001, 0xFA60, 0x0001, 0xF820, 0x0001, 0xB003, 0x0001, 0x8129, 0x0001,
    0x8108, 0x0001, 0x520F, 0x0001, 0x045F, 0x0001, 0x031D, 0x0001, 0x033E, 0x0001, 0x037D, 0x0001,
    0x035E, 0x0001, 0x031E, 0x0001, 0x02FD, 0x0001, 0x033E, 0x0001, 0x025D, 0x0001, 0x015C, 0x0001,
    0x019C, 0x0001, 0x18C5, 0x0022, 0xFBE0, 0x0001, 0xFC40, 0x0001, 0xF300, 0x0001, 0x18C5, 0x0001,
    0xFBE0, 0x0001, 0xF420, 0x0001, 0xF320, 0x0001, 0xEAE0, 0x0001, 0xF2E0, 0x0001, 0xF300, 0x0001,
    0xF400, 0x0001, 0xF380, 0x0001, 0xEB60, 0x0001, 0xF3E0, 0x0001, 0xE120, 0x0001, 0x6007, 0x0001,
    0x0036, 0x0001, 0x0097, 0x0001, 0x01B8, 0x0001, 0x01F8, 0x0001, 0x01D8, 0x0003, 0x023B, 0x0001,
    0x4191, 0x0001, 0xC860, 0x0001, 0xC040, 0x0001, 0xD040, 0x0001, 0xD900, 0x0001, 0xD1E0, 0x0001,
    0xF340, 0x0001, 0xEAE0, 0x0001, 0xF300, 0x0001, 0xF2E0, 0x0001, 0xF2C0, 0x0001, 0xF320, 0x0001,
    0xF380, 0x0001, 0xF360, 0x0001, 0xF3A0, 0x0001, 0xF420, 0x0001, 0xF400, 0x0001, 0xF420, 0x0001,
    0xF440, 0x0002, 0xF460, 0x0001, 0xEBE0, 0x0001, 0xFBC0, 0x0001, 0xC980, 0x0001, 0xC060, 0x0001,
    0xFAE0, 0x0001, 0xB8C3, 0x0001, 0x5A12, 0x0001, 0x137A, 0x0001, 0x04BF, 0x0002, 0x049F, 0x0001,
    0x041E, 0x0001, 0x033E, 0x0001, 0x015B, 0x0001, 0x015E, 0x0001, 0x18C5, 0x002A, 0xFBE0, 0x0001,
    0xFC40, 0x0001, 0xE2A0, 0x0001, 0xC900, 0x0001, 0xF3C0, 0x0001, 0xEBE0, 0x0001, 0xF300, 0x0001,
    0xF2E0, 0x0002, 0xF300, 0x0001, 0xEBE0, 0x0001, 0xF3E0, 0x0001, 0xD9C0, 0x0001, 0x40ED, 0x0001,
    0x029D, 0x0001, 0x02FB, 0x0001, 0x03DE, 0x0001, 0x045F, 0x0001, 0x047F, 0x0004, 0x049F, 0x0001,
    0x03BD, 0x0001, 0xD020, 0x0001, 0xD920, 0x0001, 0xD9C0, 0x0001, 0xF340, 0x0002, 0xEAE0, 0x0001,
    0xF2E0, 0x0001, 0xF300, 0x0003, 0xF2E0, 0x0003, 0xF300, 0x0001, 0xF340, 0x0002, 0xEA20, 0x0001,
    0xD8E0, 0x0001, 0xC8E0, 0x0001, 0xB8C0, 0x0001, 0xEBA0, 0x0001, 0xF400, 0x0001, 0xF300, 0x0001,
    0xC0C0, 0x0001, 0xE120, 0x0001, 0x7085, 0x0001, 0x027F, 0x0001, 0x025D, 0x0001, 0x021C, 0x0002,
    0x021B, 0x0001, 0x025E, 0x0001, 0x029C, 0x0001, 0x18C5, 0x0026, 0x019C, 0x0001, 0x015C, 0x0001,
    0x025C, 0x0001, 0x033E, 0x0001, 0x02FD, 0x0001, 0x02BF, 0x0001, 0x72F3, 0x0001, 0xFBA0, 0x0001,
    0xFC40, 0x0001, 0xEA60, 0x0001, 0xF220, 0x0001, 0xF3C0, 0x0001, 0xF400, 0x0001, 0xF300, 0x0002,
    0xF2E0, 0x0001, 0xF300, 0x0001, 0xEC00, 0x0001, 0xF380, 0x0001, 0x72CF, 0x0001, 0x03DF, 0x0001,
    0x0C5D, 0x0001, 0x041D, 0x0001, 0x03FD, 0x0004, 0x03DD, 0x0001, 0x041D, 0x0002, 0xB0A4, 0x0001,
    0xF180, 0x0001, 0xF1C0, 0x0001, 0xF2A0, 0x0001, 0xF300, 0x0001, 0xF340, 0x0001, 0xF320, 0x0001,
    0xEAE0, 0x0004, 0xF320, 0x0001, 0xF2E0, 0x0001, 0xF300, 0x0001, 0xF2E0, 0x0002, 0xF2C0, 0x0001,
    0xEAA0, 0x0001, 0xEA20, 0x0001, 0xD880, 0x0001, 0xB860, 0x0001, 0xDB80, 0x0001, 0xEB40, 0x0001,
    0xC0C0, 0x0001, 0x8800, 0x0001, 0x18C5, 0x0033, 0x01BC, 0x0001, 0x011F, 0x0001, 0x826D, 0x0001,
    0xFBC0, 0x0001, 0xEC00, 0x0001, 0xF300, 0x0001, 0xF2E0, 0x0001, 0xF3A0, 0x0001, 0xF3E0, 0x0001,
    0xF2C0, 0x0001, 0xF300, 0x0001, 0xF2E0, 0x0001, 0xF300, 0x0001, 0xEC00, 0x0001, 0xFBC0, 0x0001,
    0x72CF, 0x0001, 0x03BF, 0x0001, 0x043F, 0x0001, 0x041D, 0x0001, 0x03FD, 0x0002, 0x043E, 0x0001,
    0x047F, 0x0001, 0x03FF, 0x0001, 0x32D7, 0x0001, 0x6251, 0x0001, 0xE880, 0x0001, 0xE120, 0x0001,
    0xE8E0, 0x0001, 0xE920, 0x0001, 0xF220, 0x0001, 0xF260, 0x0001, 0xF340, 0x0001, 0xF360, 0x0001,
    0xF340, 0x0002, 0xE220, 0x0001, 0xF180, 0x0001, 0xF2C0, 0x0001, 0xF320, 0x0001, 0xF300, 0x0001,
    0xEAE0, 0x0001, 0xF320, 0x0001, 0xFB20, 0x0001, 0xE260, 0x0001, 0xB800, 0x0001, 0x9800, 0x0001,
    0xC060, 0x0001, 0xC0E0, 0x0002, 0xC8E0, 0x0003, 0xD0E0, 0x0001, 0xC8E0, 0x0001, 0x18C5, 0x0030,
    0x039F, 0x0001, 0x6B11, 0x0001, 0xFBA0, 0x0001, 0xEC00, 0x0001, 0xF300, 0x0001, 0xF2E0, 0x0001,
    0xF380, 0x0001, 0xF360, 0x0001, 0xF2E0, 0x0001, 0xF300, 0x0001, 0xF2E0, 0x0001, 0xF300, 0x0001,
    0xEB80, 0x0001, 0xFB80, 0x0001, 0x8B0D, 0x0001, 0x4B74, 0x0001, 0x03FF, 0x0001, 0x047F, 0x0001,
    0x045F, 0x0001, 0x0B1B, 0x0001, 0x822E, 0x0001, 0x82AF, 0x0001, 0xE8A0, 0x0001, 0xF8A0, 0x0001,
    0xD060, 0x0001, 0xD000, 0x0001, 0xA800, 0x0001, 0x18C5, 0x0002, 0xC820, 0x0001, 0xE940, 0x0001,
    0xD980, 0x0001, 0xE160, 0x0001, 0xFA00, 0x0001, 0xE120, 0x0001, 0xE0A0, 0x0001, 0xF1C0, 0x0001,
    0xEA20, 0x0001, 0xEAC0, 0x0001, 0xF340, 0x0001, 0xEAE0, 0x0001, 0xC8E0, 0x0001, 0xD020, 0x0001,
    0xC960, 0x0001, 0xE9C0, 0x0001, 0xF2C0, 0x0001, 0xF340, 0x0006, 0xF320, 0x0001, 0xFA00, 0x0001,
    0xF180, 0x0001, 0xE980, 0x0001, 0xD980, 0x0001, 0xE0A0, 0x0001, 0xC800, 0x0001, 0xB000, 0x0001,
    0x18C5, 0x0020, 0x01BE, 0x0001, 0x019B, 0x0001, 0x02FD, 0x0001, 0x031D, 0x0002, 0x02FD, 0x0001,
    0x02FE, 0x0001, 0x02FD, 0x0001, 0x03FF, 0x0001, 0x043E, 0x0001, 0x03DF, 0x0001, 0x6AD0, 0x0001,
    0xFBA0, 0x0001, 0xEC00, 0x0001, 0xEB00, 0x0001, 0xF300, 0x0001, 0xF340, 0x0001, 0xF2E0, 0x0001,
    0xF300, 0x0003, 0xF2C0, 0x0001, 0xEB40, 0x0001, 0xFB00, 0x0001, 0xEB20, 0x0001, 0xA1E8, 0x0001,
    0x9107, 0x0001, 0xAA08, 0x0001, 0xC185, 0x0001, 0xF860, 0x0001, 0xD840, 0x0001, 0xC0A0, 0x0001,
    0x18C5, 0x000A, 0xC000, 0x0001, 0xD080, 0x0001, 0xB800, 0x0001, 0xE8C0, 0x0001, 0xF960, 0x0001,
    0xF1C0, 0x0001, 0xE9C0, 0x0001, 0xC0A0, 0x0001, 0xD960, 0x0001, 0xF2A0, 0x0001, 0xF320, 0x0001,
    0xEB40, 0x0001, 0xF320, 0x0001, 0xFB00, 0x0001, 0xFB20, 0x0004, 0xFB00, 0x0001, 0xF320, 0x0001,
    0xFB60, 0x0003, 0xFB40, 0x0001, 0xFA80, 0x0001, 0xFA20, 0x0001, 0xF220, 0x0001, 0xEA20, 0x0001,
    0xE900, 0x0001, 0xB800, 0x0001, 0xB000, 0x0001, 0x18C5, 0x0022, 0x01BC, 0x0001, 0x023D, 0x0001,
    0x035E, 0x0001, 0x037E, 0x0001, 0x041F, 0x0001, 0x03DF, 0x0001, 0x7310, 0x0001, 0xFBA0, 0x0001,
    0xEC00, 0x0001, 0xEB00, 0x0001, 0xF2C0, 0x0001, 0xF320, 0x0001, 0xF200, 0x0001, 0xF2A0, 0x0001,
    0xEB00, 0x0001, 0xEB20, 0x0001, 0xF2E0, 0x0001, 0xD0E0, 0x0001, 0xF2C0, 0x0001, 0xFAA0, 0x0001,
    0xFAC0, 0x0001, 0xE860, 0x0001, 0xE040, 0x0001, 0xA801, 0x0001, 0x18C5, 0x0010, 0xD8A0, 0x0001,
    0xF120, 0x0001, 0xC080, 0x0001, 0xEAA0, 0x0001, 0xF320, 0x0001, 0xEB00, 0x0001, 0xF320, 0x0001,
    0xFB00, 0x0001, 0xDA40, 0x0001, 0xCA40, 0x0001, 0xCA20, 0x0004, 0xCA40, 0x0002, 0xD280, 0x0001,
    0xD2A0, 0x0001, 0xC280, 0x0001, 0xEAE0, 0x0001, 0xEB20, 0x0001, 0xF340, 0x0002, 0xF320, 0x0001,
    0xFAE0, 0x0001, 0xF2A0, 0x0001, 0xF2C0, 0x0001, 0xF200, 0x0001, 0xD020, 0x0001, 0xD000, 0x0001,
    0xC800, 0x0003, 0xA800, 0x0001, 0xB800, 0x0001, 0x18C5, 0x001D, 0x015B, 0x0001, 0x017D, 0x0001,
    0x033D, 0x0001, 0x039F, 0x0001, 0x7311, 0x0001, 0xFBA0, 0x0001, 0xEC01, 0x0001, 0xEB00, 0x0001,
    0xF2E0, 0x0001, 0xF300, 0x0001, 0xE9A0, 0x0001, 0xF9C0, 0x0001, 0xFAA0, 0x0001, 0xEB00, 0x0001,
    0xF300, 0x0001, 0xC840, 0x0001, 0xD980, 0x0001, 0xF360, 0x0001, 0xFB40, 0x0001, 0xFAC0, 0x0001,
    0xD060, 0x0001, 0xC800, 0x0001, 0xD000, 0x0001, 0xC800, 0x0001, 0xA800, 0x0001, 0xB000, 0x0001,
    0xA800, 0x0001, 0x18C5, 0x000A, 0xC0C0, 0x0001, 0xD8C0, 0x0001, 0xF2C0, 0x0001, 0xF320, 0x0001,
    0xEAE0, 0x0001, 0xF320, 0x0001, 0xDA60, 0x0001, 0xA180, 0x0001, 0x5966, 0x0001, 0x31E7, 0x0001,
    0x39E8, 0x0005, 0x31C7, 0x0001, 0x0062, 0x0001, 0x0800, 0x0001, 0x3860, 0x0001, 0xEA80, 0x0001,
    0xFB40, 0x0001, 0xEAE0, 0x0001, 0xF2E0, 0x0001, 0xEAE0, 0x0001, 0xEB00, 0x0001, 0xF300, 0x0001,
    0xF320, 0x0001, 0xE220, 0x0001, 0xE120, 0x0001, 0xD000, 0x0001, 0xB800, 0x0001, 0xA800, 0x0001,
    0x18C5, 0x0023, 0x021E, 0x0001, 0x027F, 0x0001, 0x6AF2, 0x0001, 0xFB60, 0x0001, 0xFBA0, 0x0001,
    0xEB20, 0x0001, 0xEAE0, 0x0001, 0xFB00, 0x0001, 0xB1C7, 0x0001, 0xB106, 0x0001, 0xFA00, 0x0001,
    0xF280, 0x0001, 0xFBA0, 0x0001, 0x18C5, 0x0003, 0xFB80, 0x0001, 0x18C5, 0x000B, 0xB000, 0x0001,
    0xA800, 0x0001, 0xC000, 0x0001, 0xD000, 0x0001, 0xE8E0, 0x0001, 0xF9E0, 0x0001, 0xFB20, 0x0001,
    0xF380, 0x0001, 0xEB00, 0x0001, 0xEAE0, 0x0001, 0xF320, 0x0001, 0xE220, 0x0001, 0x4000, 0x0001,
    0x532D, 0x0001, 0xEF7D, 0x0001, 0xFFFF, 0x0006, 0xFFDF, 0x0001, 0xADB7, 0x0001, 0xBC4E, 0x0001,
    0xFE0F, 0x0001, 0xBC0B, 0x0001, 0x81A0, 0x0001, 0xFB20, 0x0001, 0xEAE0, 0x0001, 0xEB00, 0x0001,
    0xEAE0, 0x0002, 0xF320, 0x0001, 0xD1C0, 0x0001, 0x18C5, 0x0029, 0x031F, 0x0001, 0x4B96, 0x0001,
    0x930B, 0x0001, 0xFB20, 0x0001, 0xEB00, 0x0001, 0xF320, 0x0001, 0xCAE5, 0x0001, 0x5292, 0x0001,
    0x4996, 0x0001, 0xE920, 0x0001, 0xFA60, 0x0001, 0xFB60, 0x0001, 0x18C5, 0x0013, 0xC940, 0x0001,
    0xD0E0, 0x0001, 0xF180, 0x0001, 0xF300, 0x0001, 0xEB00, 0x0001, 0xF360, 0x0001, 0xC080, 0x0001,
    0x0800, 0x0001, 0xCEBA, 0x0001, 0xFFFF, 0x0001, 0xF79E, 0x0007, 0xFFFF, 0x0001, 0xF7FF, 0x0001,
    0x4B2F, 0x0001, 0xB368, 0x0001, 0xAA20, 0x0001, 0xF320, 0x0001, 0xEB00, 0x0001, 0xF300, 0x0002,
    0xF320, 0x0001, 0xFA60, 0x0001, 0xE940, 0x0001, 0xF880, 0x0001, 0xF000, 0x0001, 0xB800, 0x0001,
    0xB000, 0x0001, 0xA800, 0x0001, 0x18C5, 0x0024, 0x01DB, 0x0001, 0x043F, 0x0001, 0x037F, 0x0001,
    0x9B0B, 0x0001, 0xD902, 0x0001, 0xEA60, 0x0001, 0xF300, 0x0001, 0xEB62, 0x0001, 0x22F9, 0x0001,
    0x31B5, 0x0001, 0xE163, 0x0001, 0xF980, 0x0001, 0xFA80, 0x0001, 0xEB00, 0x0001, 0x18C5, 0x0014,
    0xB860, 0x0001, 0xF9E0, 0x0001, 0xF2E0, 0x0001, 0xF300, 0x0001, 0x88C0, 0x0001, 0x20A2, 0x0001,
    0x52CA, 0x0001, 0xBE79, 0x0001, 0xD6FB, 0x0001, 0xD73C, 0x0003, 0xDF3C, 0x0001, 0xD6FB, 0x0001,
    0xCE79, 0x0001, 0x5ACA, 0x0001, 0x9120, 0x0001, 0xFAC0, 0x0001, 0xFB00, 0x0001, 0xF2C0, 0x0001,
    0xF2E0, 0x0001, 0xE9A0, 0x0001, 0xC860, 0x0001, 0xC060, 0x0001, 0x18C5, 0x002C, 0x031D, 0x0001,
    0x043E, 0x0002, 0x03BE, 0x0001, 0xA0C6, 0x0001, 0xE8A0, 0x0001, 0xF280, 0x0001, 0xF300, 0x0001,
    0xE363, 0x0001, 0x1A9B, 0x0001, 0x41B4, 0x0001, 0xC186, 0x0001, 0xF9A0, 0x0001, 0xFA80, 0x0001,
    0x18C5, 0x0014, 0xB000, 0x0001, 0xD860, 0x0001, 0xFA20, 0x0001, 0xF240, 0x0001, 0xD800, 0x0001,
    0x8000, 0x0001, 0x3000, 0x0001, 0x3800, 0x0001, 0x3000, 0x0003, 0x3800, 0x0001, 0x3000, 0x0001,
    0x7040, 0x0001, 0xF900, 0x0001, 0xE960, 0x0001, 0xD020, 0x0001, 0xC000, 0x0001, 0xA800, 0x0001,
    0xB800, 0x0001, 0x18C5, 0x002F, 0x039E, 0x0001, 0x03DD, 0x0001, 0x037D, 0x0001, 0x031E, 0x0001,
    0x0A1B, 0x0001, 0x786D, 0x0001, 0xA803, 0x0001, 0xF900, 0x0001, 0xEA00, 0x0001, 0xD364, 0x0001,
    0x6B53, 0x0001, 0x027E, 0x0001, 0x6212, 0x0001, 0xB127, 0x0001, 0xFA00, 0x0002, 0x18C5, 0x0014,
    0xB800, 0x0001, 0xA000, 0x0001, 0xA800, 0x0001, 0xB800, 0x0001, 0xC800, 0x0007, 0xB800, 0x0001,
    0xB000, 0x0001, 0x18C5, 0x0032, 0x029F, 0x0001, 0x035E, 0x0001, 0x045F, 0x0001, 0x03FE, 0x0001,
    0x039E, 0x0001, 0x031D, 0x0001, 0x02FC, 0x0001, 0x037F, 0x0001, 0x22B9, 0x0001, 0x48D2, 0x0001,
    0xC800, 0x0001, 0xE0E0, 0x0001, 0xFA00, 0x0001, 0xCB86, 0x0001, 0x7330, 0x0001, 0x029F, 0x0001,
    0x4A75, 0x0001, 0x59D4, 0x0001, 0xF160, 0x0001, 0xF980, 0x0001, 0x18C5, 0x004D, 0x019C, 0x0001,
    0x019D, 0x0001, 0x01DC, 0x0001, 0x02FD, 0x0001, 0x02FE, 0x0001, 0x039E, 0x0001, 0x031D, 0x0001,
    0x039D, 0x0001, 0x043E, 0x0003, 0x043D, 0x0001, 0x041F, 0x0001, 0x03DF, 0x0001, 0x1B7B, 0x0001,
    0x5192, 0x0001, 0xD042, 0x0001, 0xE060, 0x0001, 0xFA60, 0x0001, 0xDAE4, 0x0001, 0x5352, 0x0001,
    0x033F, 0x0001, 0x1AFB, 0x0001, 0x329C, 0x0001, 0x716D, 0x0001, 0xF181, 0x0001, 0x2198, 0x0001,
    0x019D, 0x0001, 0x019B, 0x0001, 0x019C, 0x0004, 0x019E, 0x0001, 0x18C5, 0x004A, 0x02DE, 0x0001,
    0x03DF, 0x0001, 0x043D, 0x0001, 0x041D, 0x0001, 0x041E, 0x0001, 0x045D, 0x0002, 0x045F, 0x0001,
    0x045E, 0x0001, 0x039F, 0x0001, 0x712C, 0x0001, 0xA8C7, 0x0001, 0xB842, 0x0001, 0xF8C0, 0x0001,
    0xFA60, 0x0001, 0x3A96, 0x0001, 0x0B7D, 0x0001, 0x035F, 0x0001, 0x0B1E, 0x0001, 0x02FE, 0x0001,
    0x031F, 0x0005, 0x033F, 0x0001, 0x027E, 0x0001, 0x01BC, 0x0001, 0x01DC, 0x001B, 0x01BC, 0x0001,
    0x01DC, 0x0001, 0x01FC, 0x0002, 0x01BC, 0x0001, 0x019C, 0x0001, 0x0096, 0x0001, 0x0077, 0x0001,
    0x0097, 0x0001, 0x18C5, 0x0022, 0x019E, 0x0001, 0x019C, 0x0001, 0x02FE, 0x0001, 0x031E, 0x0001,
    0x025D, 0x0001, 0x031F, 0x0001, 0x03FF, 0x0001, 0x045D, 0x0001, 0x04BE, 0x0001, 0x051E, 0x0001,
    0x053D, 0x0001, 0x04DE, 0x0001, 0x047E, 0x0001, 0x04BF, 0x0002, 0x12FB, 0x0001, 0x896B, 0x0001,
    0x710D, 0x0001, 0xE800, 0x0001, 0xE980, 0x0001, 0x61D1, 0x0001, 0x0ADC, 0x0001, 0x037F, 0x0001,
    0x02FD, 0x0002, 0x031E, 0x0005, 0x033E, 0x0018, 0x031E, 0x0003, 0x035E, 0x0002, 0x02DD, 0x0001,
    0x027D, 0x0001, 0x02BD, 0x0001, 0x021C, 0x0001, 0x017C, 0x0001, 0x01DD, 0x0001, 0x0119, 0x0001,
    0x011B, 0x0001, 0x011D, 0x0001, 0x0058, 0x0001, 0x0013, 0x0001, 0x0014, 0x0001, 0x0013, 0x0001,
    0x0014, 0x0001, 0x18C5, 0x0023, 0x03DF, 0x0001, 0x03FD, 0x0001, 0x045D, 0x0001, 0x047E, 0x0001,
    0x051E, 0x0002, 0x051D, 0x0001, 0x04FD, 0x0001, 0x04BE, 0x0001, 0x053F, 0x0001, 0x045F, 0x0001,
    0x4294, 0x0001, 0x5153, 0x0001, 0xA805, 0x0001, 0xC064, 0x0001, 0x812B, 0x0001, 0x031F, 0x0001,
    0x033F, 0x0001, 0x02FD, 0x0001, 0x031E, 0x0004, 0x02FE, 0x0014, 0x02FD, 0x0001, 0x02FE, 0x0001,
    0x02FD, 0x0001, 0x02FE, 0x0001, 0x031E, 0x0002, 0x031D, 0x0001, 0x021C, 0x0001, 0x023D, 0x0001,
    0x019C, 0x0001, 0x015B, 0x0002, 0x019D, 0x0001, 0x0119, 0x0001, 0x0098, 0x0001, 0x0013, 0x0001,
    0x18C5, 0x0028, 0x01BB, 0x0001, 0x031F, 0x0001, 0x031E, 0x0001, 0x03BE, 0x0001, 0x041F, 0x0001,
    0x03FE, 0x0001, 0x047E, 0x0001, 0x051E, 0x0001, 0x04FE, 0x0002, 0x051D, 0x0002, 0x04DD, 0x0001,
    0x051F, 0x0001, 0x041F, 0x0001, 0x01FC, 0x0001, 0x31B6, 0x0001, 0x3A35, 0x0001, 0xA8A6, 0x0001,
    0x698F, 0x0001, 0x033F, 0x0001, 0x02FD, 0x0002, 0x02FE, 0x0013, 0x031E, 0x0006, 0x031D, 0x0001,
    0x027C, 0x0001, 0x01DD, 0x0002, 0x015C, 0x0001, 0x015B, 0x0001, 0x017B, 0x0001, 0x019B, 0x0001,
    0x015A, 0x0001, 0x0054, 0x0001, 0x0015, 0x0001, 0x18C5, 0x002E, 0x02DF, 0x0001, 0x03DE, 0x0001,
    0x041E, 0x0001, 0x047E, 0x0001, 0x051E, 0x0002, 0x04FE, 0x0002, 0x051E, 0x0001, 0x051D, 0x0001,
    0x04DD, 0x0001, 0x03FE, 0x0001, 0x027E, 0x0001, 0x01DE, 0x0001, 0x125B, 0x0001, 0x0ABC, 0x0001,
    0x033E, 0x0001, 0x035E, 0x0002, 0x031D, 0x0002, 0x031E, 0x0001, 0x033E, 0x0010, 0x02DD, 0x0001,
    0x02BD, 0x0002, 0x02FD, 0x0001, 0x01FC, 0x0001, 0x0139, 0x0001, 0x01DC, 0x0001, 0x017D, 0x0001,
    0x0938, 0x0001, 0x1937, 0x0001, 0x400D, 0x0001, 0xB801, 0x0001, 0xA801, 0x0002, 0xA800, 0x0003,
    0xB800, 0x0001, 0x18C5, 0x002E, 0x017B, 0x0001, 0x03DF, 0x0001, 0x041D, 0x0001, 0x047E, 0x0001,
    0x04BE, 0x0001, 0x053E, 0x0001, 0x051E, 0x0001, 0x04FE, 0x0002, 0x051E, 0x0001, 0x053D, 0x0001,
    0x04DD, 0x0001, 0x03DD, 0x0001, 0x023D, 0x0001, 0x01FD, 0x0001, 0x027D, 0x0001, 0x01D9, 0x0001,
    0x01FA, 0x0001, 0x02BF, 0x0001, 0x029F, 0x0001, 0x02BD, 0x0001, 0x027C, 0x0002, 0x027D, 0x000D,
    0x029D, 0x0001, 0x01BB, 0x0001, 0x015B, 0x0001, 0x01BE, 0x0001, 0x011B, 0x0001, 0x015A, 0x0001,
    0x00DA, 0x0001, 0x0118, 0x0001, 0x4870, 0x0001, 0x9802, 0x0001, 0xD000, 0x0001, 0xD800, 0x0001,
    0xD000, 0x0005, 0xE000, 0x0001, 0xD800, 0x0003, 0xB000, 0x0001, 0x18C5, 0x002C, 0x015C, 0x0001,
    0x039F, 0x0001, 0x041E, 0x0001, 0x03FE, 0x0001, 0x047E, 0x0001, 0x04BE, 0x0001, 0x053E, 0x0001,
    0x051E, 0x0002, 0x04FE, 0x0001, 0x051E, 0x0001, 0x053E, 0x0001, 0x04FE, 0x0001, 0x03BD, 0x0001,
    0x023D, 0x0001, 0x017A, 0x0001, 0x0075, 0x0001, 0x0049, 0x0001, 0x0072, 0x0001, 0x0099, 0x0001,
    0x017D, 0x0001, 0x019D, 0x0001, 0x017C, 0x0002, 0x015B, 0x000B, 0x017C, 0x0001, 0x01BE, 0x0001,
    0x019E, 0x0001, 0x00D2, 0x0001, 0x00D1, 0x0001, 0x00BB, 0x0001, 0x58CD, 0x0001, 0x9004, 0x0001,
    0xE000, 0x0001, 0xD000, 0x0001, 0xC800, 0x0002, 0xD000, 0x0001, 0xC800, 0x0002, 0xD000, 0x0002,
    0xC000, 0x0001, 0x18C5, 0x0004, 0xA800, 0x0001, 0xB000, 0x0001, 0xC000, 0x0001, 0x18C5, 0x0027,
    0x017B, 0x0001, 0x01DD, 0x0001, 0x02FD, 0x0001, 0x02DF, 0x0001, 0x03FF, 0x0001, 0x043E, 0x0001,
    0x03FD, 0x0001, 0x041E, 0x0001, 0x043E, 0x0001, 0x045E, 0x0001, 0x051E, 0x0004, 0x051D, 0x0001,
    0x051E, 0x0001, 0x04FE, 0x0001, 0x043F, 0x0001, 0x02FD, 0x0001, 0x01F6, 0x0001, 0x0075, 0x0001,
    0x0005, 0x0001, 0x0045, 0x0001, 0x006A, 0x0001, 0x0077, 0x0001, 0x013A, 0x0001, 0x01BC, 0x0001,
    0x019C, 0x0008, 0x019B, 0x0001, 0x01BC, 0x0001, 0x00F9, 0x0001, 0x0068, 0x0001, 0x0046, 0x0001,
    0x0007, 0x0001, 0x404B, 0x0001, 0xA005, 0x0001, 0xD000, 0x0001, 0xD800, 0x0001, 0xC800, 0x0002,
    0xD000, 0x0007, 0xC000, 0x0001, 0x18C5, 0x0032, 0x02BF, 0x0001, 0x03DF, 0x0001, 0x043E, 0x0002,
    0x03FD, 0x0001, 0x03FE, 0x0001, 0x041E, 0x0001, 0x03FE, 0x0001, 0x049E, 0x0001, 0x04FE, 0x0001,
    0x04DE, 0x0001, 0x051E, 0x0001, 0x053E, 0x0001, 0x04FD, 0x0001, 0x04FE, 0x0001, 0x04DF, 0x0001,
    0x03DF, 0x0001, 0x021B, 0x0001, 0x18C5, 0x0003, 0x0000, 0x0001, 0x0022, 0x0003, 0x0002, 0x0001,
    0x0001, 0x0006, 0x0002, 0x0001, 0x0001, 0x0001, 0x0002, 0x0001, 0x0012, 0x0001, 0x400C, 0x0001,
    0xC800, 0x0001, 0xE000, 0x0001, 0xD000, 0x0001, 0xC800, 0x0002, 0xD000, 0x0007, 0xC800, 0x0001,
    0xD800, 0x0001, 0xB800, 0x0001, 0x18C5, 0x0032, 0x017C, 0x0001, 0x029E, 0x0001, 0x039D, 0x0001,
    0x043E, 0x0001, 0x041E, 0x0001, 0x03FE, 0x0004, 0x041E, 0x0001, 0x04DE, 0x0001, 0x04BE, 0x0001,
    0x051E, 0x0001, 0x053E, 0x0001, 0x051D, 0x0001, 0x055E, 0x0001, 0x04DE, 0x0001, 0x03DF, 0x0001,
    0x025D, 0x0001, 0x18C5, 0x000E, 0x0017, 0x0001, 0x1013, 0x0001, 0x8800, 0x0002, 0xC000, 0x0001,
    0xD000, 0x0001, 0xD800, 0x0001, 0xD000, 0x0001, 0xC800, 0x0002, 0xD000, 0x0007, 0xD800, 0x0001,
    0xB800, 0x0001, 0x18C5, 0x0032, 0x01FD, 0x0001, 0x017C, 0x0001, 0x027C, 0x0001, 0x039E, 0x0001,
    0x045E, 0x0001, 0x043E, 0x0001, 0x041E, 0x0003, 0x03FE, 0x0002, 0x045E, 0x0001, 0x049E, 0x0001,
    0x047E, 0x0002, 0x049E, 0x0001, 0x049D, 0x0001, 0x043E, 0x0001, 0x035F, 0x0001, 0x02BF, 0x0001,
    0x02DD, 0x0001, 0x017B, 0x0001, 0x019E, 0x0001, 0x18C5, 0x000E, 0xA000, 0x0001, 0xB000, 0x0001,
    0xB800, 0x0001, 0xD000, 0x0002, 0xC800, 0x0002, 0xD000, 0x0005, 0xC800, 0x0002, 0xE000, 0x0001,
    0xB800, 0x0001, 0xB000, 0x0002, 0x18C5, 0x002C, 0x015C, 0x0001, 0x02DF, 0x0001, 0x031E, 0x0001,
    0x029D, 0x0001, 0x027D, 0x0001, 0x01FC, 0x0001, 0x021C, 0x0001, 0x029D, 0x0001, 0x03DE, 0x0001,
    0x041E, 0x0004, 0x03FE, 0x0006, 0x041F, 0x0001, 0x035E, 0x0001, 0x18C5, 0x0015, 0x9000, 0x0001,
    0xC000, 0x0001, 0xD000, 0x0002, 0xC800, 0x0001, 0xD000, 0x0006, 0xB800, 0x0001, 0x18C5, 0x002E,
    0x01BE, 0x0001, 0x02BF, 0x0001, 0x033E, 0x0001, 0x02FD, 0x0001, 0x033E, 0x0002, 0x02DD, 0x0002,
    0x025D, 0x0001, 0x01DC, 0x0001, 0x01FC, 0x0001, 0x021C, 0x0001, 0x037E, 0x0001, 0x03FE, 0x0006,
    0x03FD, 0x0001, 0x03FE, 0x0001, 0x035D, 0x0001, 0x02DD, 0x0001, 0x035E, 0x0001, 0x031E, 0x0001,
    0x01DC, 0x0001, 0x01BC, 0x0001, 0x019C, 0x0001, 0x18C5, 0x0011, 0x8800, 0x0001, 0xB800, 0x0001,
    0xD000, 0x0001, 0xC800, 0x0001, 0xD000, 0x0005, 0xC800, 0x0001, 0xC000, 0x0001, 0xA800, 0x0002,
    0xB000, 0x0001, 0xC000, 0x0001, 0x18C5, 0x0028, 0xA006, 0x0001, 0x0A1D, 0x0001, 0x033E, 0x0001,
    0x02FD, 0x0001, 0x02FE, 0x0003, 0x031E, 0x0006, 0x02FE, 0x0005, 0x02FD, 0x0004, 0x035E, 0x0001,
    0x037F, 0x0001, 0x02DF, 0x0001, 0x023E, 0x0001, 0x027C, 0x0001, 0x021C, 0x0001, 0x017B, 0x0001,
    0x019B, 0x0001, 0x01BC, 0x0001, 0x0096, 0x0001, 0x0014, 0x0002, 0x18C5, 0x000E, 0xA800, 0x0001,
    0xD800, 0x0001, 0xD000, 0x0002, 0xC800, 0x0003, 0xD000, 0x0002, 0xC000, 0x0001, 0x18C5, 0x002A,
    0xD0A0, 0x0001, 0xF0C0, 0x0001, 0xB045, 0x0001, 0x09DC, 0x0001, 0x033E, 0x0001, 0x02FD, 0x0001,
    0x031E, 0x0008, 0x031D, 0x0002, 0x02FD, 0x0001, 0x031D, 0x0001, 0x033E, 0x0002, 0x035E, 0x0002,
    0x033F, 0x0001, 0x01FD, 0x0001, 0x019B, 0x0001, 0x013A, 0x0001, 0x0014, 0x0001, 0x18C5, 0x0017,
    0xA000, 0x0001, 0xD000, 0x0001, 0xC800, 0x0001, 0xD880, 0x0001, 0xE0E0, 0x0001, 0xD8A0, 0x0002,
    0xD8C0, 0x0001, 0xE0A0, 0x0001, 0xF0C0, 0x0001, 0xC880, 0x0001, 0x18C5, 0x0021, 0xD000, 0x0001,
    0xA800, 0x0003, 0xD060, 0x0001, 0xF120, 0x0001, 0xF100, 0x0001, 0xF180, 0x0001, 0xE9A0, 0x0001,
    0xF960, 0x0001, 0xB044, 0x0001, 0x01FC, 0x0001, 0x033F, 0x0001, 0x031E, 0x0001, 0x02FD, 0x0001,
    0x02FE, 0x0002, 0x031E, 0x0001, 0x031D, 0x0001, 0x031E, 0x0004, 0x033F, 0x0001, 0x02FE, 0x0001,
    0x021D, 0x0001, 0x017A, 0x0001, 0x00F7, 0x0001, 0x00F8, 0x0001, 0x00F7, 0x0001, 0x18C5, 0x001A,
    0xB000, 0x0001, 0xB800, 0x0001, 0xD000, 0x0002, 0xD840, 0x0001, 0xE0A0, 0x0001, 0xF1A0, 0x0004,
    0xF1C0, 0x0001, 0xF160, 0x0001, 0xF920, 0x0001, 0xD060, 0x0001, 0xB800, 0x0001, 0xA800, 0x0001,
    0x18C5, 0x001F, 0xB020, 0x0001, 0xF940, 0x0001, 0xF160, 0x0001, 0xF1A0, 0x0002, 0xE960, 0x0001,
    0xF160, 0x0001, 0xE980, 0x0001, 0xF960, 0x0001, 0xA844, 0x0001, 0x09DB, 0x0001, 0x02FD, 0x0001,
    0x031F, 0x0001, 0x031D, 0x0003, 0x031F, 0x0001, 0x02DE, 0x0001, 0x019C, 0x0001, 0x01DC, 0x0001,
    0x00F8, 0x0001, 0x0074, 0x0001, 0x0056, 0x0001, 0x0035, 0x0001, 0x18C5, 0x001B, 0x8000, 0x0001,
    0xB000, 0x0001, 0xC000, 0x0001, 0xD800, 0x0002, 0xE920, 0x0003, 0xE900, 0x0001, 0xE940, 0x0005,
    0xE960, 0x0001, 0xE980, 0x0001, 0xF140, 0x0002, 0xE0E0, 0x0001, 0xB000, 0x0001, 0xA800, 0x0002,
    0x18C5, 0x001A, 0xB820, 0x0001, 0xD860, 0x0001, 0xE940, 0x0001, 0xF180, 0x0001, 0xE980, 0x0001,
    0xE960, 0x0005, 0xF1A0, 0x0001, 0xF980, 0x0001, 0xE860, 0x0001, 0x80A9, 0x0001, 0x2A18, 0x0001,
    0x02DE, 0x0001, 0x031F, 0x0001, 0x021E, 0x0001, 0x013A, 0x0001, 0x0056, 0x0001, 0x0013, 0x0001,
    0x18C5, 0x001E, 0x8800, 0x0001, 0x8000, 0x0004, 0x7800, 0x000F, 0x8000, 0x0004, 0x7800, 0x0004,
    0x18C5, 0x0010, 0xB000, 0x0001, 0xC000, 0x0001, 0xD8C0, 0x0001, 0xE8A0, 0x0001, 0xF0A0, 0x0001,
    0xE8A0, 0x0001, 0xF100, 0x0001, 0xF1A0, 0x0001, 0xF180, 0x0001, 0xE960, 0x0003, 0xF180, 0x0001,
    0xF1A0, 0x0002, 0xF9A0, 0x0001, 0xF900, 0x0001, 0xE0C0, 0x0001, 0xE900, 0x0001, 0xE860, 0x0001,
    0xD800, 0x0001, 0x508C, 0x0001, 0x48CF, 0x0001, 0x2870, 0x0001, 0x18C5, 0x004D, 0xD800, 0x0001,
    0xE140, 0x0001, 0xF9C0, 0x0001, 0xF1A0, 0x0003, 0xF180, 0x0001, 0xE960, 0x0001, 0xF180, 0x0003,
    0xF9A0, 0x0001, 0xE8C0, 0x0001, 0xE080, 0x0001, 0xC880, 0x0001, 0xB0C0, 0x0001, 0x18C5, 0x0053,
    0xC800, 0x0001, 0xE0A0, 0x0001, 0xF920, 0x0001, 0xF160, 0x0001, 0xE940, 0x0004, 0xE980, 0x0001,
    0xF180, 0x0001, 0xF960, 0x0001, 0xE920, 0x0001, 0xC820, 0x0001, 0xA840, 0x0001, 0x18C5, 0x004D,
    0xB000, 0x0001, 0xA800, 0x0001, 0xC000, 0x0001, 0xD000, 0x0001, 0xC800, 0x0001, 0xD800, 0x0001,
    0xD840, 0x0001, 0xD880, 0x0001, 0xD0A0, 0x0001, 0xD900, 0x0001, 0xFA20, 0x0001, 0xF240, 0x0001,
    0xF220, 0x0001, 0xEA00, 0x0001, 0xF200, 0x0003, 0xF1E0, 0x0001, 0xF980, 0x0001, 0xD080, 0x0001,
    0xB000, 0x0001, 0x8000, 0x0001, 0x18C5, 0x0054, 0xB800, 0x0001, 0xD080, 0x0001, 0xF900, 0x0001,
    0xFAA0, 0x0001, 0xF2C0, 0x0001, 0xF2E0, 0x0001, 0xEB00, 0x0001, 0xEB80, 0x0001, 0xEBC0, 0x0001,
    0xEC20, 0x0001, 0xEBC0, 0x0001, 0xF260, 0x0001, 0xF200, 0x0001, 0xC860, 0x0001, 0x18C5, 0x005A,
    0xC040, 0x0001, 0xD860, 0x0001, 0xF0A0, 0x0001, 0xF200, 0x0001, 0xF300, 0x0001, 0xF3C0, 0x0001,
    0xF440, 0x0001, 0xF3E0, 0x0001, 0xF320, 0x0001, 0xFA20, 0x0001, 0xD080, 0x0001, 0xC000, 0x0001,
    0x8800, 0x0001, 0x18C5, 0x005A, 0x9820, 0x0001, 0x98A0, 0x0001, 0x90A0, 0x0001, 0x90C0, 0x0001,
    0x90A0, 0x0001, 0x90C0, 0x0001, 0x90E0, 0x0001, 0x90A0, 0x0001, 0xA020, 0x0001, 0x9800, 0x0001,
    0x8800, 0x0001, 0x7800, 0x0001, 0x8000, 0x0003, 0x7800, 0x0001, 0x18C5, 0x0049, 0x18C5, 0x1598,
    0xD880, 0x0001, 0xD040, 0x0001, 0x18C5, 0x0062, 0xD940, 0x0001, 0xF9E0, 0x0001, 0xA100, 0x0001,
    0x18C5, 0x0061, 0xE1C0, 0x0001, 0xFB40, 0x0001, 0xC0C0, 0x0001, 0x18C5, 0x0001, 0xA800, 0x0001,
    0xD060, 0x0001, 0xFA60, 0x0001, 0xF0A0, 0x0001, 0x18C5, 0x005A, 0xD100, 0x0001, 0xB9A0, 0x0001,
    0x9000, 0x0001, 0xFAC0, 0x0001, 0xB860, 0x0001, 0x18C5, 0x0001, 0xD820, 0x0001, 0xEA40, 0x0001,
    0xDA00, 0x0001, 0x98C0, 0x0001, 0x18C5, 0x005A, 0xB040, 0x0001, 0xFB00, 0x0001, 0xA940, 0x0001,
    0x9800, 0x0001, 0xE260, 0x0001, 0xB000, 0x0001, 0xE1A0, 0x0001, 0xF300, 0x0001, 0x9040, 0x0001,
    0x9020, 0x0001, 0xC080, 0x0001, 0xC0A0, 0x0001, 0xE8A0, 0x0001, 0xC800, 0x0001, 0x18C5, 0x0057,
    0xB860, 0x0001, 0xF2C0, 0x0001, 0x9840, 0x0001, 0xB800, 0x0001, 0xF2A0, 0x0001, 0xE0A0, 0x0001,
    0xFA60, 0x0001, 0x90A0, 0x0001, 0xB0E0, 0x0001, 0xE180, 0x0001, 0xC260, 0x0001, 0xDA20, 0x0001,
    0xDA00, 0x0001, 0xA800, 0x0001, 0x18C5, 0x0058, 0xF220, 0x0001, 0xEA40, 0x0001, 0xB800, 0x0001,
    0xC900, 0x0001, 0xF1C0, 0x0001, 0xF160, 0x0001, 0xC8E0, 0x0001, 0xEA20, 0x0001, 0xC900, 0x0001,
    0x8800, 0x0001, 0x7000, 0x0001, 0x18C5, 0x005A, 0xC8A0, 0x0001, 0xFB40, 0x0001, 0xE260, 0x0001,
    0xD0C0, 0x0001, 0xC880, 0x0001, 0xF180, 0x0001, 0xF1A0, 0x0001, 0xE940, 0x0001, 0xE0C0, 0x0001,
    0xF200, 0x0001, 0xD940, 0x0001, 0x18C5, 0x005B, 0xF160, 0x0001, 0xFBA0, 0x0001, 0xF2E0, 0x0001,
    0xC040, 0x0001, 0xF1A0, 0x0001, 0xE940, 0x0001, 0xF180, 0x0001, 0xA840, 0x0001, 0x9040, 0x0001,
    0xE1E0, 0x0001, 0xB080, 0x0001, 0x18C5, 0x005A, 0xC000, 0x0001, 0xD920, 0x0001, 0xD1E0, 0x0001,
    0xD060, 0x0001, 0xF9A0, 0x0001, 0xFA20, 0x0001, 0xD920, 0x0001, 0x7000, 0x0001, 0x18C5, 0x0002,
    0x8000, 0x0001, 0x18C5, 0x0045, 0xA800, 0x0001, 0xB800, 0x0001, 0xC800, 0x0001, 0xB000, 0x0001,
    0x18C5, 0x0012, 0xD100, 0x0001, 0xB800, 0x0002, 0xD8A0, 0x0001, 0xD140, 0x0001, 0x7040, 0x0001,
    0x18C5, 0x0042, 0xF8A0, 0x0001, 0x1B1A, 0x0001, 0x02FF, 0x0001, 0x033F, 0x0001, 0x690B, 0x0001,
    0xB800, 0x0001, 0xC820, 0x0001, 0xF120, 0x0001, 0xF100, 0x0001, 0xFA00, 0x0001, 0xFA40, 0x0001,
    0xD8A0, 0x0001, 0xC000, 0x0001, 0x18C5, 0x000F, 0xD080, 0x0001, 0xF9E0, 0x0001, 0xFA80, 0x0001,
    0xD9A0, 0x0001, 0x7800, 0x0001, 0x18C5, 0x0034, 0xD080, 0x0001, 0xF9A0, 0x0001, 0xE9C0, 0x0001,
    0xE0C0, 0x0001, 0x18C5, 0x0007, 0xE840, 0x0001, 0xF900, 0x0001, 0xD9C2, 0x0001, 0xD303, 0x0001,
    0xDB03, 0x0001, 0x5BD5, 0x0001, 0x1C9E, 0x0001, 0x4B57, 0x0001, 0xE264, 0x0001, 0xEB42, 0x0001,
    0xFAE0, 0x0001, 0xF160, 0x0001, 0xE160, 0x0001, 0xF2E0, 0x0001, 0xF220, 0x0001, 0xF1A0, 0x0001,
    0xF2E0, 0x0001, 0xFA60, 0x0001, 0xC040, 0x0001, 0x18C5, 0x000C, 0xB800, 0x0001, 0xD880, 0x0001,
    0xFA60, 0x0001, 0xE120, 0x0001, 0xE140, 0x0001, 0x8880, 0x0001, 0x18C5, 0x0030, 0xC860, 0x0001,
    0xD900, 0x0001, 0x18C5, 0x0001, 0xC820, 0x0001, 0xF9E0, 0x0001, 0xF380, 0x0001, 0xF360, 0x0001,
    0xF260, 0x0001, 0xBBA6, 0x0001, 0xE241, 0x0001, 0x18C5, 0x0003, 0x720F, 0x0001, 0xAAEA, 0x0001,
    0xF360, 0x0001, 0xD324, 0x0001, 0xBB68, 0x0001, 0x1C7B, 0x0001, 0x043F, 0x0001, 0x0BDC, 0x0001,
    0x4377, 0x0001, 0xDA82, 0x0001, 0xFB40, 0x0001, 0xF360, 0x0001, 0xF3C0, 0x0001, 0xF420, 0x0001,
    0xF3A0, 0x0001, 0xF2A0, 0x0001, 0xE0A0, 0x0001, 0xD980, 0x0001, 0xD940, 0x0001, 0xF220, 0x0001,
    0xEA40, 0x0001, 0xFA40, 0x0001, 0xC0C0, 0x0001, 0x18C5, 0x0008, 0xB060, 0x0001, 0xD100, 0x0001,
    0xD060, 0x0001, 0xF200, 0x0001, 0xF340, 0x0001, 0xF220, 0x0001, 0xEA40, 0x0001, 0x8840, 0x0001,
    0x18C5, 0x0031, 0xC880, 0x0001, 0xFBE0, 0x0001, 0xC040, 0x0001, 0xFA40, 0x0001, 0xEC00, 0x0001,
    0xEB00, 0x0001, 0xEBA0, 0x0001, 0xE9E0, 0x0001, 0x910A, 0x0001, 0x4B54, 0x0001, 0xFB20, 0x0001,
    0xF980, 0x0001, 0xA168, 0x0001, 0x4212, 0x0001, 0x6B50, 0x0001, 0xFB20, 0x0001, 0x838D, 0x0001,
    0x057F, 0x0001, 0x04BE, 0x0001, 0x7B6F, 0x0001, 0xB2E7, 0x0001, 0xFA40, 0x0001, 0xEAA0, 0x0001,
    0xEBC0, 0x0001, 0xEC20, 0x0001, 0xF2E0, 0x0001, 0xF340, 0x0001, 0xF360, 0x0001, 0xF3A0, 0x0001,
    0xF2E0, 0x0001, 0xE080, 0x0001, 0xE1E0, 0x0001, 0xF320, 0x0001, 0xE0E0, 0x0001, 0xD920, 0x0001,
    0xF2A0, 0x0001, 0x5889, 0x0001, 0x035F, 0x0001, 0x027F, 0x0001, 0x00FA, 0x0001, 0x0010, 0x0001,
    0x00D8, 0x0001, 0x025E, 0x0001, 0x11DC, 0x0001, 0xF0C0, 0x0001, 0xF340, 0x0001, 0xF220, 0x0001,
    0xEA20, 0x0001, 0xD960, 0x0001, 0xFAA0, 0x0001, 0xB880, 0x0001, 0x18C5, 0x002D, 0xD800, 0x0001,
    0xC800, 0x0002, 0x18C5, 0x0003, 0xD900, 0x0001, 0xE260, 0x0001, 0xD1E0, 0x0001, 0xF360, 0x0001,
    0xEB60, 0x0001, 0xF340, 0x0001, 0xEC00, 0x0001, 0xFBC0, 0x0001, 0x98C7, 0x0001, 0x4B54, 0x0001,
    0xFC00, 0x0001, 0xFAE0, 0x0001, 0xF9E0, 0x0001, 0xD100, 0x0001, 0x43B6, 0x0001, 0x243B, 0x0001,
    0x73EF, 0x0001, 0xBB27, 0x0001, 0xFBC0, 0x0001, 0xFC20, 0x0001, 0xEC60, 0x0001, 0xF340, 0x0001,
    0xF280, 0x0002, 0xF3C0, 0x0001, 0xF380, 0x0002, 0xF420, 0x0001, 0xF400, 0x0001, 0xEAA0, 0x0001,
    0xC040, 0x0001, 0xF2C0, 0x0001, 0xF260, 0x0001, 0xEA20, 0x0001, 0xB0C2, 0x0001, 0x12FA, 0x0001,
    0x049E, 0x0001, 0x041E, 0x0001, 0x035F, 0x0001, 0x01FC, 0x0001, 0x0059, 0x0001, 0x031C, 0x0001,
    0x03FE, 0x0001, 0x71CE, 0x0001, 0xFA00, 0x0001, 0xEB20, 0x0001, 0xEA00, 0x0001, 0xE9A0, 0x0001,
    0xEA00, 0x0001, 0x9800, 0x0001, 0x18C5, 0x002C, 0xD0A0, 0x0001, 0xFB60, 0x0001, 0xFB20, 0x0001,
    0xFB60, 0x0001, 0xF1E0, 0x0001, 0xB020, 0x0001, 0x18C5, 0x0001, 0xB000, 0x0001, 0xF320, 0x0001,
    0xD100, 0x0001, 0xF3A0, 0x0001, 0xF380, 0x0001, 0xEC00, 0x0001, 0xF360, 0x0001, 0xEBC0, 0x0001,
    0xFB20, 0x0001, 0x8088, 0x0001, 0x5373, 0x0001, 0xFBA0, 0x0001, 0xEBC1, 0x0001, 0xDB61, 0x0001,
    0x9065, 0x0001, 0xB0A4, 0x0001, 0xD060, 0x0001, 0xFAE0, 0x0001, 0xEB00, 0x0001, 0xEB40, 0x0001,
    0xF380, 0x0001, 0xF360, 0x0001, 0xF3E0, 0x0001, 0xF340, 0x0001, 0xF360, 0x0001, 0xF440, 0x0001,
    0xEB80, 0x0001, 0xF340, 0x0001, 0xF380, 0x0001, 0xF320, 0x0001, 0xE120, 0x0001, 0xD920, 0x0001,
    0xFB60, 0x0001, 0xF9A0, 0x0001, 0x6886, 0x0001, 0x043F, 0x0001, 0x03FD, 0x0001, 0x041E, 0x0001,
    0x043E, 0x0001, 0x043F, 0x0001, 0x035D, 0x0001, 0x021B, 0x0001, 0x045F, 0x0001, 0x2AD7, 0x0001,
    0xF100, 0x0001, 0xF320, 0x0001, 0xEA40, 0x0001, 0xFAE0, 0x0001, 0xB880, 0x0001, 0x18C5, 0x002E,
    0xB000, 0x0001, 0xC020, 0x0001, 0xF180, 0x0001, 0xE380, 0x0001, 0xF360, 0x0001, 0xC8C0, 0x0001,
    0xE1E0, 0x0001, 0xF420, 0x0001, 0xE300, 0x0001, 0xC100, 0x0001, 0xF360, 0x0001, 0xF3C0, 0x0001,
    0xEC00, 0x0001, 0xEAE0, 0x0001, 0xF3C0, 0x0001, 0xB8E3, 0x0001, 0x2359, 0x0001, 0xDB64, 0x0001,
    0xEBE0, 0x0001, 0xEB00, 0x0001, 0xE8A0, 0x0001, 0xFA60, 0x0001, 0xF360, 0x0001, 0xEA20, 0x0001,
    0xD8E0, 0x0001, 0xEBA0, 0x0001, 0xF380, 0x0001, 0xEB00, 0x0001, 0xF3C0, 0x0001, 0xF420, 0x0001,
    0xF240, 0x0001, 0xF2E0, 0x0001, 0xF400, 0x0001, 0xEB00, 0x0001, 0xF380, 0x0001, 0xF400, 0x0001,
    0xE220, 0x0001, 0xC0C0, 0x0001, 0xE9E0, 0x0001, 0x60E8, 0x0001, 0x03DF, 0x0001, 0x047F, 0x0001,
    0x03FD, 0x0002, 0x03FE, 0x0001, 0x03FD, 0x0001, 0x045E, 0x0001, 0x02BD, 0x0001, 0x037D, 0x0001,
    0x03DF, 0x0001, 0x4A13, 0x0001, 0xE080, 0x0001, 0xFA60, 0x0001, 0xC1A0, 0x0001, 0x18C5, 0x0032,
    0xB800, 0x0001, 0xF360, 0x0001, 0xF400, 0x0001, 0xF3A0, 0x0001, 0xEBE0, 0x0001, 0xF480, 0x0001,
    0xDAA0, 0x0001, 0xC140, 0x0001, 0xF3C0, 0x0003, 0xF3A0, 0x0001, 0xB8A2, 0x0001, 0x035F, 0x0001,
    0x726F, 0x0001, 0xF9E0, 0x0001, 0xE280, 0x0001, 0xF360, 0x0001, 0xEBE0, 0x0001, 0xF400, 0x0002,
    0xEAC0, 0x0001, 0xD820, 0x0001, 0xEB60, 0x0001, 0xF420, 0x0001, 0xF360, 0x0002, 0xF3A0, 0x0001,
    0xEA00, 0x0001, 0xE1E0, 0x0001, 0xF4A0, 0x0001, 0xEB00, 0x0001, 0xFC20, 0x0001, 0xE340, 0x0001,
    0x9800, 0x0001, 0xB000, 0x0001, 0x592E, 0x0001, 0x51F1, 0x0001, 0x2A75, 0x0001, 0x045F, 0x0001,
    0x043E, 0x0001, 0x041D, 0x0001, 0x043E, 0x0001, 0x029D, 0x0001, 0x023C, 0x0001, 0x035E, 0x0001,
    0x039D, 0x0001, 0x049F, 0x0001, 0x3A74, 0x0001, 0xA801, 0x0001, 0x18C5, 0x0031, 0xE1A0, 0x0001,
    0xFB20, 0x0001, 0xEAE0, 0x0001, 0xEB40, 0x0001, 0xEC20, 0x0001, 0xEB20, 0x0001, 0xF340, 0x0001,
    0xEB40, 0x0001, 0xF360, 0x0001, 0xDA20, 0x0001, 0xC120, 0x0001, 0xC0E0, 0x0001, 0xB960, 0x0001,
    0xF280, 0x0001, 0xA8A1, 0x0001, 0x041E, 0x0001, 0x2B3A, 0x0001, 0xB906, 0x0001, 0xF300, 0x0001,
    0xEB00, 0x0001, 0xF3A0, 0x0001, 0xF400, 0x0001, 0xEB00, 0x0001, 0xF460, 0x0001, 0xD940, 0x0001,
    0xDA00, 0x0001, 0xF480, 0x0001, 0xEBC0, 0x0001, 0xF2E0, 0x0001, 0xF3E0, 0x0002, 0xD8A0, 0x0001,
    0xD240, 0x0001, 0xFC60, 0x0001, 0xA980, 0x0001, 0xB940, 0x0001, 0xCB00, 0x0001, 0xE240, 0x0001,
    0xFA40, 0x0001, 0xF1C0, 0x0001, 0xC941, 0x0001, 0x810A, 0x0001, 0x12FA, 0x0001, 0x039F, 0x0001,
    0x021D, 0x0001, 0x029D, 0x0001, 0x045E, 0x0002, 0x043E, 0x0001, 0x03FE, 0x0001, 0x01DC, 0x0001,
    0x18C5, 0x0031, 0xD9E0, 0x0001, 0xEA20, 0x0001, 0xB900, 0x0001, 0xD0C0, 0x0001, 0xF2E0, 0x0001,
    0xF3A0, 0x0001, 0xEAE0, 0x0001, 0xE9C0, 0x0001, 0xEAC0, 0x0001, 0xF360, 0x0001, 0xE1A0, 0x0001,
    0xE280, 0x0001, 0xE340, 0x0001, 0xE9A0, 0x0001, 0xA041, 0x0001, 0x1A98, 0x0001, 0x043D, 0x0001,
    0x03BF, 0x0001, 0xA9C8, 0x0001, 0xFB40, 0x0001, 0xEB40, 0x0001, 0xF380, 0x0001, 0xF320, 0x0001,
    0xF300, 0x0001, 0xF400, 0x0001, 0xEAA0, 0x0001, 0xEA60, 0x0001, 0xF3E0, 0x0001, 0xF340, 0x0001,
    0xF400, 0x0001, 0xEB40, 0x0001, 0xFC00, 0x0001, 0xD200, 0x0001, 0xB080, 0x0001, 0xB140, 0x0001,
    0xC0E0, 0x0001, 0xEA80, 0x0001, 0xFB80, 0x0001, 0xF3A0, 0x0001, 0xEC00, 0x0001, 0xF480, 0x0001,
    0xFBC0, 0x0001, 0xFB00, 0x0001, 0xB142, 0x0001, 0x0833, 0x0001, 0x0016, 0x0001, 0x0094, 0x0001,
    0x017A, 0x0001, 0x02FF, 0x0001, 0x02BD, 0x0001, 0x011A, 0x0001, 0x18C5, 0x0031, 0xB0C0, 0x0001,
    0xDA20, 0x0001, 0x18C5, 0x0002, 0xF2A0, 0x0001, 0xFB00, 0x0001, 0xE980, 0x0001, 0xF360, 0x0001,
    0xF2E0, 0x0001, 0xE0E0, 0x0001, 0xEA20, 0x0001, 0xE1E0, 0x0001, 0x90A5, 0x0001, 0x7825, 0x0001,
    0x6968, 0x0001, 0x1A97, 0x0001, 0x03FF, 0x0001, 0x043D, 0x0001, 0x02DF, 0x0001, 0x81AD, 0x0001,
    0xF3A0, 0x0001, 0xEB40, 0x0001, 0xF400, 0x0001, 0xF3C0, 0x0001, 0xF340, 0x0001, 0xF2E0, 0x0001,
    0xEA20, 0x0001, 0xEB40, 0x0001, 0xF300, 0x0001, 0xF340, 0x0001, 0xF380, 0x0001, 0xF440, 0x0001,
    0xE280, 0x0001, 0xE0C0, 0x0001, 0xB8C0, 0x0001, 0x9800, 0x0001, 0xF360, 0x0001, 0xF380, 0x0001,
    0xEBE0, 0x0001, 0xEBA0, 0x0001, 0xFB80, 0x0001, 0xDB20, 0x0001, 0xAB00, 0x0001, 0xE300, 0x0001,
    0xFBA0, 0x0001, 0xC100, 0x0001, 0x18C5, 0x0002, 0x0013, 0x0001, 0x0016, 0x0001, 0x0013, 0x0001,
    0x18C5, 0x0032, 0x7800, 0x0001, 0x18C5, 0x0002, 0xE1A0, 0x0001, 0xF280, 0x0001, 0x9923, 0x0001,
    0x8005, 0x0001, 0xD0E0, 0x0001, 0xD160, 0x0001, 0xA8A2, 0x0001, 0x496E, 0x0001, 0x418C, 0x0001,
    0x035E, 0x0001, 0x019A, 0x0001, 0x023D, 0x0001, 0x03FF, 0x0001, 0x045E, 0x0001, 0x04BF, 0x0001,
    0x021A, 0x0001, 0x031E, 0x0001, 0xD2C4, 0x0001, 0xFB20, 0x0001, 0xEC40, 0x0001, 0xF320, 0x0001,
    0xEBE0, 0x0001, 0xF480, 0x0001, 0xD900, 0x0001, 0xD9C0, 0x0001, 0xF420, 0x0001, 0xEB80, 0x0001,
    0xF3A0, 0x0001, 0xE280, 0x0001, 0xD8A0, 0x0001, 0xF2C0, 0x0001, 0xC800, 0x0001, 0xD940, 0x0001,
    0xF360, 0x0001, 0xEB00, 0x0001, 0xEC60, 0x0001, 0xFB40, 0x0001, 0x89C0, 0x0001, 0x2800, 0x0001,
    0x6860, 0x0001, 0xDB40, 0x0001, 0xF3A0, 0x0001, 0xFB20, 0x0001, 0xB800, 0x0001, 0x18C5, 0x0038,
    0xF200, 0x0001, 0xE240, 0x0001, 0x18C5, 0x0001, 0x0999, 0x0001, 0x0B3A, 0x0001, 0x2A53, 0x0001,
    0x2253, 0x0001, 0x1297, 0x0001, 0x041F, 0x0001, 0x049F, 0x0001, 0x045E, 0x0001, 0x03DC, 0x0001,
    0x021A, 0x0001, 0x0118, 0x0001, 0x0136, 0x0001, 0x0157, 0x0001, 0x0033, 0x0001, 0x025B, 0x0001,
    0xD204, 0x0001, 0xF2E0, 0x0001, 0xEBC0, 0x0001, 0xF360, 0x0002, 0xE9A0, 0x0001, 0xD920, 0x0001,
    0xEAE0, 0x0001, 0xF260, 0x0001, 0xF2A0, 0x0001, 0xF280, 0x0001, 0xE1E0, 0x0001, 0xEA60, 0x0001,
    0xF260, 0x0001, 0xE160, 0x0001, 0xE1A0, 0x0001, 0xF3C0, 0x0001, 0xEBC0, 0x0001, 0xFAE0, 0x0001,
    0x7800, 0x0001, 0x5AED, 0x0001, 0x5B4C, 0x0001, 0x8080, 0x0001, 0xFB80, 0x0001, 0xEAC0, 0x0001,
    0xFAC0, 0x0001, 0xD000, 0x0001, 0x18C5, 0x0038, 0xA8A0, 0x0001, 0x18C5, 0x0001, 0x00B9, 0x0001,
    0x043F, 0x0001, 0x045E, 0x0001, 0x045F, 0x0001, 0x047F, 0x0001, 0x043F, 0x0001, 0x037D, 0x0001,
    0x02FD, 0x0001, 0x03BD, 0x0001, 0x041E, 0x0001, 0x049F, 0x0001, 0x03BD, 0x0001, 0x035C, 0x0001,
    0x023B, 0x0001, 0x0076, 0x0001, 0x00F9, 0x0001, 0xD983, 0x0001, 0xFA00, 0x0001, 0xF340, 0x0001,
    0xF240, 0x0001, 0xE140, 0x0001, 0xC8A0, 0x0001, 0xE0E0, 0x0001, 0xE1A0, 0x0001, 0xF2A0, 0x0001,
    0xE300, 0x0001, 0xC840, 0x0001, 0xF9E0, 0x0001, 0xD900, 0x0001, 0xF280, 0x0001, 0xC8A0, 0x0001,
    0xD160, 0x0001, 0xF460, 0x0001, 0xF380, 0x0001, 0x7820, 0x0001, 0x6BCF, 0x0001, 0xFFFF, 0x0001,
    0xEF9E, 0x0001, 0x6A4A, 0x0001, 0xB8E0, 0x0001, 0xFA60, 0x0001, 0xFB20, 0x0001, 0xC800, 0x0001,
    0x18C5, 0x003A, 0x025B, 0x0001, 0x043D, 0x0001, 0x03FD, 0x0004, 0x041E, 0x0001, 0x039E, 0x0001,
    0x021C, 0x0001, 0x017B, 0x0001, 0x027A, 0x0001, 0x031B, 0x0001, 0x033B, 0x0001, 0x043F, 0x0001,
    0x035F, 0x0001, 0x00B9, 0x0001, 0x9805, 0x0001, 0xF120, 0x0001, 0xE100, 0x0001, 0xC800, 0x0001,
    0xB800, 0x0001, 0xE280, 0x0001, 0xF2E0, 0x0001, 0xD8C0, 0x0001, 0xD8E0, 0x0001, 0xFAA0, 0x0001,
    0xB960, 0x0001, 0xA000, 0x0001, 0xF0E0, 0x0001, 0xF940, 0x0001, 0xA020, 0x0001, 0xB920, 0x0001,
    0xFB40, 0x0001, 0x8000, 0x0001, 0x3A29, 0x0001, 0xFFDF, 0x0001, 0xEF5D, 0x0001, 0xF7BE, 0x0001,
    0x9534, 0x0001, 0x8922, 0x0001, 0xFAC0, 0x0001, 0xE920, 0x0001, 0xA800, 0x0001, 0x18C5, 0x0039,
    0x480C, 0x0001, 0x03BF, 0x0001, 0x045F, 0x0001, 0x041D, 0x0001, 0x03FD, 0x0001, 0x041E, 0x0001,
    0x03FE, 0x0001, 0x043E, 0x0001, 0x035D, 0x0001, 0x025D, 0x0001, 0x01DB, 0x0001, 0x0176, 0x0001,
    0x0137, 0x0001, 0x0077, 0x0001, 0x00FA, 0x0001, 0x01FC, 0x0001, 0x015C, 0x0001, 0x0016, 0x0001,
    0xC800, 0x0001, 0xE100, 0x0001, 0xC980, 0x0001, 0xF220, 0x0001, 0xE0C0, 0x0001, 0xE200, 0x0001,
    0xE940, 0x0001, 0xE9A0, 0x0001, 0xA800, 0x0001, 0x9000, 0x0001, 0x6800, 0x0001, 0x9000, 0x0001,
    0xC820, 0x0001, 0xC860, 0x0001, 0xB920, 0x0001, 0xF220, 0x0001, 0x8800, 0x0001, 0x3A49, 0x0001,
    0xFFDF, 0x0001, 0xEF9E, 0x0001, 0xFFFF, 0x0001, 0xADD9, 0x0001, 0xA306, 0x0001, 0xF960, 0x0001,
    0xA000, 0x0001, 0x18C5, 0x003A, 0xE800, 0x0001, 0xAAAA, 0x0001, 0x5AB2, 0x0001, 0x03FF, 0x0001,
    0x045F, 0x0001, 0x041E, 0x0002, 0x03DE, 0x0001, 0x025D, 0x0001, 0x02DC, 0x0001, 0x041E, 0x0001,
    0x047F, 0x0001, 0x02FF, 0x0001, 0x00D8, 0x0001, 0x18C5, 0x0004, 0x8840, 0x0001, 0xC120, 0x0001,
    0xC980, 0x0001, 0xD940, 0x0001, 0xD080, 0x0001, 0xC000, 0x0001, 0xB000, 0x0001, 0x18C5, 0x0006,
    0xB800, 0x0001, 0xB000, 0x0001, 0xF2A0, 0x0001, 0xB8E0, 0x0001, 0x0882, 0x0001, 0x9CF3, 0x0001,
    0xDEFB, 0x0001, 0x4ACB, 0x0001, 0x31A3, 0x0001, 0xC240, 0x0001, 0xD860, 0x0001, 0x18C5, 0x003B,
    0x9868, 0x0001, 0xF980, 0x0001, 0xF280, 0x0001, 0xD264, 0x0001, 0xB105, 0x0001, 0x0B3C, 0x0001,
    0x03BE, 0x0001, 0x033D, 0x0001, 0x03FF, 0x0001, 0x045F, 0x0001, 0x041F, 0x0001, 0x5991, 0x0001,
    0x18C5, 0x000C, 0x180E, 0x0001, 0x0016, 0x0001, 0x0035, 0x0001, 0x0013, 0x0001, 0x0033, 0x0002,
    0x0036, 0x0001, 0x0015, 0x0001, 0x5007, 0x0001, 0xE960, 0x0001, 0xEA80, 0x0001, 0x3800, 0x0001,
    0x0841, 0x0001, 0x2124, 0x0001, 0x9020, 0x0001, 0xEAE0, 0x0001, 0xE900, 0x0001, 0x18C5, 0x003B,
    0x00FA, 0x0001, 0x039F, 0x0001, 0x1ADA, 0x0001, 0xB925, 0x0001, 0xD204, 0x0001, 0xF1E0, 0x0001,
    0xFA80, 0x0001, 0xF200, 0x0001, 0xE101, 0x0001, 0x5272, 0x0001, 0x22DA, 0x0001, 0x59D2, 0x0001,
    0xE000, 0x0001, 0x2031, 0x0001, 0x18C5, 0x0007, 0x0098, 0x0001, 0x00B6, 0x0001, 0x00B7, 0x0001,
    0x0096, 0x0001, 0x015B, 0x0001, 0x01FD, 0x0001, 0x02FE, 0x0002, 0x02BE, 0x0001, 0x029E, 0x0001,
    0x027D, 0x0001, 0x01BC, 0x0001, 0x01DD, 0x0001, 0x58A9, 0x0001, 0xEA40, 0x0001, 0xF341, 0x0001,
    0xE220, 0x0001, 0xE9C0, 0x0001, 0xF120, 0x0001, 0xB0E6, 0x0001, 0x38D1, 0x0001, 0x01FF, 0x0001,
    0x01DC, 0x0001, 0x18C5, 0x0039, 0x0011, 0x0001, 0x031D, 0x0001, 0x047F, 0x0002, 0x031F, 0x0001,
    0x5910, 0x0001, 0x99EB, 0x0001, 0xB1A6, 0x0001, 0xF960, 0x0001, 0xFB20, 0x0001, 0xF9E0, 0x0001,
    0xE8A0, 0x0001, 0xE0C0, 0x0001, 0x50ED, 0x0001, 0x0077, 0x0001, 0x18C5, 0x0003, 0x0076, 0x0001,
    0x0139, 0x0001, 0x019A, 0x0001, 0x02FE, 0x0001, 0x035E, 0x0001, 0x033E, 0x0003, 0x031E, 0x0002,
    0x033E, 0x0001, 0x025D, 0x0001, 0x01FC, 0x0001, 0x023D, 0x0001, 0x033E, 0x0002, 0x031F, 0x0001,
    0x5929, 0x0001, 0xE920, 0x0001, 0xF940, 0x0001, 0x9928, 0x0001, 0x514F, 0x0001, 0x037F, 0x0001,
    0x029E, 0x0001, 0x027D, 0x0001, 0x033E, 0x0001, 0x02FF, 0x0001, 0x021E, 0x0001, 0x025F, 0x0001,
    0x021C, 0x0001, 0x18C5, 0x0035, 0x0012, 0x0001, 0x035D, 0x0001, 0x043E, 0x0001, 0x027C, 0x0001,
    0x02DC, 0x0001, 0x03BF, 0x0002, 0x09DB, 0x0001, 0x61D1, 0x0001, 0x5B13, 0x0001, 0x6A4F, 0x0001,
    0xD020, 0x0001, 0xF8C0, 0x0001, 0xC860, 0x0001, 0x023D, 0x0001, 0x0097, 0x0001, 0x0035, 0x0001,
    0x01BD, 0x0001, 0x029D, 0x0001, 0x035F, 0x0001, 0x033E, 0x0001, 0x02FD, 0x0005, 0x02FE, 0x0001,
    0x031E, 0x0002, 0x033E, 0x0003, 0x02FE, 0x0001, 0x02FD, 0x0001, 0x031E, 0x0001, 0x02FE, 0x0001,
    0x3991, 0x0001, 0x5191, 0x0001, 0x02FD, 0x0001, 0x037F, 0x0001, 0x02DD, 0x0001, 0x037E, 0x0001,
    0x0138, 0x0001, 0x02BD, 0x0001, 0x033E, 0x0002, 0x037E, 0x0001, 0x023E, 0x0001, 0x0013, 0x0001,
    0x18C5, 0x0034, 0x0012, 0x0001, 0x027E, 0x0001, 0x025D, 0x0001, 0x02DD, 0x0001, 0x043E, 0x0001,
    0x041D, 0x0001, 0x03FD, 0x0001, 0x041E, 0x0001, 0x03BF, 0x0001, 0x021F, 0x0001, 0x025E, 0x0001,
    0x2257, 0x0001, 0x3239, 0x0001, 0xA066, 0x0001, 0x88C6, 0x0001, 0x02FF, 0x0001, 0x01FC, 0x0001,
    0x01DD, 0x0001, 0x02FD, 0x0001, 0x031E, 0x0002, 0x033E, 0x0001, 0x031E, 0x0001, 0x02FD, 0x0004,
    0x01DC, 0x0002, 0x01BC, 0x0001, 0x02BD, 0x0001, 0x02FE, 0x0001, 0x02FD, 0x0001, 0x02FE, 0x0001,
    0x033E, 0x0002, 0x037F, 0x0001, 0x035F, 0x0001, 0x031D, 0x0001, 0x02FC, 0x0001, 0x033E, 0x0001,
    0x027D, 0x0001, 0x0035, 0x0001, 0x02DD, 0x0001, 0x031E, 0x0001, 0x031D, 0x0001, 0x021C, 0x0001,
    0x0035, 0x0001, 0x0015, 0x0001, 0x18C5, 0x0035, 0x0014, 0x0001, 0x019B, 0x0001, 0x045E, 0x0001,
    0x03FD, 0x0001, 0x03FE, 0x0002, 0x041D, 0x0001, 0x043D, 0x0001, 0x041D, 0x0001, 0x033D, 0x0001,
    0x01FD, 0x0001, 0x023E, 0x0001, 0x029D, 0x0001, 0x12DB, 0x0001, 0x033E, 0x0002, 0x01FC, 0x0001,
    0x0076, 0x0001, 0x029C, 0x0001, 0x027C, 0x0001, 0x025B, 0x0001, 0x02DD, 0x0001, 0x035F, 0x0003,
    0x033E, 0x0001, 0x02FD, 0x0001, 0x02DD, 0x0001, 0x02FD, 0x0001, 0x01FC, 0x0001, 0x01BC, 0x0001,
    0x01DC, 0x0001, 0x019C, 0x0001, 0x023B, 0x0001, 0x029B, 0x0001, 0x02BD, 0x0001, 0x02FF, 0x0001,
    0x02DF, 0x0001, 0x02FF, 0x0001, 0x023B, 0x0001, 0x0076, 0x0001, 0x0119, 0x0001, 0x02DE, 0x0001,
    0x029D, 0x0001, 0x00D8, 0x0001, 0x0055, 0x0001, 0x015A, 0x0001, 0x019C, 0x0001, 0x00D8, 0x0001,
    0x0055, 0x0001, 0x18C5, 0x0034, 0x0095, 0x0001, 0x041E, 0x0001, 0x03FD, 0x0001, 0x041E, 0x0001,
    0x03FE, 0x0001, 0x043E, 0x0001, 0x051E, 0x0001, 0x053E, 0x0001, 0x049E, 0x0001, 0x043E, 0x0001,
    0x02BD, 0x0001, 0x01FC, 0x0001, 0x023D, 0x0001, 0x029D, 0x0001, 0x033E, 0x0001, 0x031E, 0x0001,
    0x021C, 0x0001, 0x0015, 0x0001, 0x0054, 0x0001, 0x0117, 0x0001, 0x013A, 0x0001, 0x01B9, 0x0003,
    0x023C, 0x0001, 0x029D, 0x0001, 0x031E, 0x0003, 0x033E, 0x0001, 0x035E, 0x0001, 0x02BD, 0x0001,
    0x00B7, 0x0001, 0x0035, 0x0001, 0x0011, 0x0001, 0x00CF, 0x0001, 0x00EF, 0x0001, 0x00D2, 0x0001,
    0x0016, 0x0001, 0x015D, 0x0001, 0x01DE, 0x0001, 0x017B, 0x0002, 0x019C, 0x0005, 0x01BD, 0x0001,
    0x0097, 0x0001, 0x18C5, 0x0034, 0x02FE, 0x0001, 0x043D, 0x0001, 0x03FE, 0x0001, 0x041E, 0x0001,
    0x03FE, 0x0001, 0x041E, 0x0001, 0x04FE, 0x0001, 0x053E, 0x0001, 0x04FE, 0x0001, 0x04DE, 0x0001,
    0x041E, 0x0001, 0x02BD, 0x0001, 0x01FC, 0x0001, 0x029D, 0x0001, 0x033E, 0x0001, 0x035F, 0x0001,
    0x019A, 0x0001, 0x0178, 0x0001, 0x03FF, 0x0001, 0x025C, 0x0001, 0x0178, 0x0003, 0x023C, 0x0001,
    0x029D, 0x0001, 0x033E, 0x0002, 0x031E, 0x0001, 0x023C, 0x0002, 0x025D, 0x0001, 0x01DC, 0x0001,
    0x019D, 0x0001, 0x00F5, 0x0001, 0x00EF, 0x0001, 0x000B, 0x0001, 0x0000, 0x0001, 0x004A, 0x0001,
    0x00AA, 0x0001, 0x0073, 0x0001, 0x017C, 0x0001, 0x019C, 0x0002, 0x017B, 0x0001, 0x019C, 0x0002,
    0x019B, 0x0001, 0x019C, 0x0001, 0x117B, 0x0001, 0x5809, 0x0001, 0x18C5, 0x0033, 0x019A, 0x0001,
    0x047E, 0x0001, 0x03FD, 0x0001, 0x041E, 0x0002, 0x03FE, 0x0001, 0x041E, 0x0001, 0x04FE, 0x0001,
    0x051E, 0x0002, 0x04FD, 0x0001, 0x04FE, 0x0001, 0x03FE, 0x0001, 0x029C, 0x0001, 0x01BC, 0x0001,
    0x02FE, 0x0002, 0x0097, 0x0001, 0x023B, 0x0001, 0x035E, 0x0002, 0x035F, 0x0001, 0x039F, 0x0001,
    0x025D, 0x0001, 0x01FC, 0x0001, 0x01DC, 0x0001, 0x01FC, 0x0001, 0x01DC, 0x0001, 0x015B, 0x0002,
    0x017B, 0x0001, 0x019C, 0x0001, 0x015C, 0x0001, 0x0091, 0x0001, 0x008A, 0x0001, 0x0028, 0x0001,
    0x18C5, 0x0002, 0x0092, 0x0001, 0x0138, 0x0001, 0x017C, 0x0001, 0x019B, 0x0001, 0x019C, 0x0002,
    0x019B, 0x0001, 0x017B, 0x0001, 0x019C, 0x0001, 0x019D, 0x0001, 0x1159, 0x0001, 0xD000, 0x0001,
    0x18C5, 0x0033, 0x00F8, 0x0001, 0x03FF, 0x0001, 0x041D, 0x0001, 0x03FE, 0x0001, 0x043E, 0x0001,
    0x051E, 0x0001, 0x045E, 0x0001, 0x043E, 0x0001, 0x04FE, 0x0001, 0x051E, 0x0003, 0x04DE, 0x0001,
    0x03FE, 0x0001, 0x03DD, 0x0001, 0x021C, 0x0001, 0x02DE, 0x0001, 0x0178, 0x0001, 0x00B7, 0x0001,
    0x01FD, 0x0001, 0x01BC, 0x0001, 0x019B, 0x0001, 0x013A, 0x0001, 0x017B, 0x0001, 0x015B, 0x0001,
    0x017B, 0x0002, 0x019B, 0x0001, 0x01BD, 0x0001, 0x01BE, 0x0001, 0x019E, 0x0001, 0x0053, 0x0001,
    0x0002, 0x0001, 0x0000, 0x0001, 0x18C5, 0x0004, 0x00DC, 0x0001, 0x01BD, 0x0001, 0x019B, 0x0001,
    0x0139, 0x0001, 0x0012, 0x0001, 0x00F7, 0x0001, 0x01BC, 0x0001, 0x01BE, 0x0001, 0x017B, 0x0001,
    0x1959, 0x0001, 0x9824, 0x0001, 0xD800, 0x0001, 0xB000, 0x0001, 0x18C5, 0x0033, 0x02FF, 0x0001,
    0x047E, 0x0001, 0x03FE, 0x0002, 0x049E, 0x0001, 0x053E, 0x0001, 0x04FE, 0x0001, 0x045E, 0x0001,
    0x04BE, 0x0001, 0x051E, 0x0003, 0x04DE, 0x0001, 0x041E, 0x0001, 0x043D, 0x0001, 0x00F7, 0x0001,
    0x0097, 0x0001, 0x015B, 0x0001, 0x0139, 0x0001, 0x00F8, 0x0001, 0x00B7, 0x0001, 0x0075, 0x0001,
    0x015A, 0x0001, 0x01BD, 0x0001, 0x01BF, 0x0002, 0x013C, 0x0001, 0x0119, 0x0001, 0x0133, 0x0001,
    0x0073, 0x0001, 0x0001, 0x0001, 0x18C5, 0x0006, 0x0011, 0x0001, 0x013E, 0x0001, 0x01DF, 0x0002,
    0x011B, 0x0001, 0x0098, 0x0001, 0x00F9, 0x0001, 0x3135, 0x0001, 0x7868, 0x0001, 0xD000, 0x0001,
    0xC800, 0x0001, 0xB000, 0x0001, 0xD000, 0x0001, 0x18C5, 0x0033, 0x01DB, 0x0001, 0x041F, 0x0001,
    0x041D, 0x0001, 0x041E, 0x0001, 0x045E, 0x0001, 0x04FE, 0x0001, 0x051E, 0x0001, 0x04FE, 0x0001,
    0x041E, 0x0001, 0x043E, 0x0001, 0x051E, 0x0003, 0x04BD, 0x0001, 0x04BE, 0x0001, 0x045D, 0x0001,
    0x00F7, 0x0001, 0x00D7, 0x0001, 0x0015, 0x0001, 0x00D9, 0x0001, 0x013C, 0x0001, 0x01FF, 0x0001,
    0x019E, 0x0001, 0x00B6, 0x0001, 0x00AD, 0x0001, 0x00CD, 0x0001, 0x000A, 0x0001, 0x18C5, 0x000B,
    0x408D, 0x0001, 0x60CD, 0x0001, 0x58AD, 0x0001, 0x58CD, 0x0001, 0x58EE, 0x0001, 0x6807, 0x0001,
    0xD800, 0x0001, 0xD000, 0x0002, 0xB800, 0x0001, 0xA800, 0x0001, 0xB800, 0x0002, 0x18C5, 0x0032,
    0x0014, 0x0001, 0x033E, 0x0001, 0x047E, 0x0001, 0x03BD, 0x0001, 0x037E, 0x0001, 0x04DE, 0x0001,
    0x051E, 0x0002, 0x04FE, 0x0001, 0x04BE, 0x0001, 0x043E, 0x0001, 0x047E, 0x0001, 0x051E, 0x0002,
    0x041D, 0x0001, 0x053E, 0x0001, 0x045D, 0x0001, 0x00B5, 0x0001, 0x0006, 0x0001, 0x00A8, 0x0001,
    0x0067, 0x0001, 0x0047, 0x0001, 0x0067, 0x0001, 0x0003, 0x0001, 0x18C5, 0x000F, 0xA000, 0x0001,
    0xE000, 0x0001, 0xD800, 0x0002, 0xD000, 0x0001, 0xB000, 0x0003, 0xC000, 0x0001, 0xB800, 0x0001,
    0xC000, 0x0001, 0xD000, 0x0001, 0x18C5, 0x0033, 0x017A, 0x0001, 0x041F, 0x0001, 0x03FD, 0x0001,
    0x03DE, 0x0001, 0x041E, 0x0001, 0x04FE, 0x0001, 0x051E, 0x0002, 0x053E, 0x0001, 0x04DE, 0x0001,
    0x041E, 0x0001, 0x047E, 0x0001, 0x051E, 0x0001, 0x04DE, 0x0001, 0x043D, 0x0001, 0x055E, 0x0001,
    0x045E, 0x0001, 0x01D8, 0x0001, 0x18C5, 0x0015, 0x9800, 0x0001, 0xA800, 0x0001, 0xB800, 0x0001,
    0xD000, 0x0001, 0xC800, 0x0001, 0xB800, 0x0001, 0xC800, 0x0001, 0xD000, 0x0001, 0xC800, 0x0001,
    0xB800, 0x0001, 0xB000, 0x0002, 0x18C5, 0x0032, 0x0013, 0x0001, 0x023D, 0x0001, 0x049E, 0x0001,
    0x039D, 0x0001, 0x037E, 0x0001, 0x04DE, 0x0001, 0x051E, 0x0001, 0x04FE, 0x0001, 0x051E, 0x0002,
    0x053E, 0x0001, 0x049E, 0x0001, 0x047E, 0x0001, 0x051E, 0x0001, 0x045E, 0x0001, 0x04FD, 0x0001,
    0x04BE, 0x0001, 0x033F, 0x0001, 0x18C5, 0x0017, 0xA800, 0x0002, 0xB000, 0x0001, 0xC800, 0x0001,
    0xD000, 0x0001, 0xC800, 0x0001, 0xB800, 0x0001, 0xB000, 0x0001, 0xC000, 0x0001, 0xB800, 0x0001,
    0x18C5, 0x0033, 0x0013, 0x0001, 0x02DD, 0x0001, 0x049E, 0x0001, 0x037D, 0x0001, 0x037E, 0x0001,
    0x04DE, 0x0001, 0x051E, 0x0001, 0x04FE, 0x0001, 0x051E, 0x0001, 0x04FE, 0x0001, 0x053E, 0x0001,
    0x049E, 0x0002, 0x04DE, 0x0001, 0x045E, 0x0001, 0x057D, 0x0001, 0x03BF, 0x0001, 0x015B, 0x0001,
    0x18C5, 0x0019, 0xA000, 0x0001, 0x18C5, 0x0001, 0x9800, 0x0001, 0xD800, 0x0002, 0xB000, 0x0002,
    0xC800, 0x0001, 0x18C5, 0x0033, 0x500A, 0x0001, 0x02DD, 0x0001, 0x049E, 0x0001, 0x039D, 0x0001,
    0x037E, 0x0001, 0x04DE, 0x0001, 0x051E, 0x0003, 0x04FE, 0x0001, 0x051E, 0x0001, 0x04BE, 0x0001,
    0x043E, 0x0001, 0x041E, 0x0001, 0x04FE, 0x0001, 0x043F, 0x0001, 0x017C, 0x0001, 0x18C5, 0x001D,
    0xB000, 0x0001, 0xC800, 0x0001, 0xC000, 0x0001, 0xC800, 0x0001, 0xB800, 0x0001, 0xB000, 0x0001,
    0x18C5, 0x002F, 0xB020, 0x0001, 0xB800, 0x0001, 0xF0C0, 0x0001, 0x70AA, 0x0001, 0x01FB, 0x0001,
    0x03FD, 0x0001, 0x03DE, 0x0001, 0x033E, 0x0001, 0x03BE, 0x0001, 0x04FE, 0x0001, 0x051E, 0x0003,
    0x04DE, 0x0001, 0x03BE, 0x0001, 0x041E, 0x0001, 0x045E, 0x0001, 0x041E, 0x0001, 0x0034, 0x0001,
    0x18C5, 0x001E, 0xB000, 0x0001, 0xB800, 0x0001, 0xC000, 0x0001, 0xA800, 0x0001, 0xE0E0, 0x0001,
    0xE060, 0x0001, 0xB840, 0x0001, 0x18C5, 0x0026, 0xD8A0, 0x0001, 0xD920, 0x0001, 0xE940, 0x0001,
    0x18C5, 0x0003, 0xA800, 0x0001, 0xF940, 0x0001, 0xD860, 0x0001, 0xE920, 0x0001, 0xF080, 0x0001,
    0x38CF, 0x0001, 0x01DD, 0x0001, 0x029D, 0x0001, 0x03FD, 0x0001, 0x03BE, 0x0001, 0x027D, 0x0001,
    0x043E, 0x0001, 0x053E, 0x0001, 0x051E, 0x0001, 0x039E, 0x0002, 0x04FE, 0x0001, 0x03FE, 0x0001,
    0x03DE, 0x0001, 0x0013, 0x0001, 0x18C5, 0x001E, 0x6800, 0x0001, 0xA000, 0x0001, 0xB020, 0x0001,
    0xB8E0, 0x0001, 0xD0C0, 0x0001, 0xD8E0, 0x0002, 0xE0A0, 0x0001, 0xC860, 0x0001, 0x18C5, 0x0023,
    0xC800, 0x0001, 0xFBE0, 0x0001, 0xEBE0, 0x0001, 0xE200, 0x0001, 0xD060, 0x0001, 0xD880, 0x0001,
    0xD060, 0x0001, 0xD880, 0x0002, 0xC800, 0x0001, 0xB800, 0x0001, 0xF8E0, 0x0001, 0x33B9, 0x0001,
    0x03BF, 0x0001, 0x023C, 0x0001, 0x021C, 0x0001, 0x037D, 0x0001, 0x02DD, 0x0001, 0x02BD, 0x0001,
    0x027C, 0x0002, 0x037D, 0x0001, 0x04BE, 0x0001, 0x055D, 0x0001, 0x039E, 0x0001, 0x02BE, 0x0001,
    0x18C5, 0x001F, 0xA800, 0x0001, 0xA000, 0x0001, 0x8840, 0x0001, 0x9860, 0x0001, 0xA880, 0x0001,
    0xD0C0, 0x0001, 0xD0A0, 0x0001, 0xD8E0, 0x0001, 0xD020, 0x0001, 0xE8C0, 0x0001, 0xD0C0, 0x0001,
    0x18C5, 0x0021, 0xD020, 0x0001, 0xF340, 0x0001, 0xD940, 0x0001, 0xC8C0, 0x0001, 0xB800, 0x0001,
    0xD860, 0x0001, 0xC840, 0x0002, 0xD8C0, 0x0001, 0xE0E0, 0x0001, 0xC860, 0x0001, 0xF9C0, 0x0001,
    0xA0C6, 0x0001, 0x03DD, 0x0001, 0x047E, 0x0001, 0x037D, 0x0001, 0x02DD, 0x0001, 0x039E, 0x0001,
    0x039D, 0x0001, 0x02FD, 0x0001, 0x031D, 0x0001, 0x037D, 0x0001, 0x04BE, 0x0001, 0x055D, 0x0001,
    0x047F, 0x0001, 0x00B7, 0x0001, 0x18C5, 0x001E, 0x7000, 0x0001, 0xD000, 0x0001, 0xB800, 0x0001,
    0xB000, 0x0001, 0x8800, 0x0001, 0xA000, 0x0001, 0xE080, 0x0001, 0xE0C0, 0x0001, 0xD8E0, 0x0001,
    0xD900, 0x0001, 0xE0A0, 0x0001, 0xC060, 0x0001, 0xD000, 0x0001, 0xE8A0, 0x0001, 0xF120, 0x0001,
    0xD8C0, 0x0001, 0xB800, 0x0001, 0xB000, 0x0001, 0x18C5, 0x001B, 0xD020, 0x0001, 0xFB00, 0x0001,
    0xE9E0, 0x0001, 0xB840, 0x0001, 0xE100, 0x0001, 0xE0E0, 0x0001, 0xC040, 0x0001, 0xF140, 0x0001,
    0xC880, 0x0001, 0xF160, 0x0001, 0xE0C0, 0x0001, 0xD0C0, 0x0001, 0xF960, 0x0001, 0x1ADA, 0x0001,
    0x041F, 0x0001, 0x047E, 0x0001, 0x043E, 0x0001, 0x03DE, 0x0001, 0x03BE, 0x0001, 0x04BF, 0x0001,
    0x03DE, 0x0001, 0x02FE, 0x0001, 0x021D, 0x0001, 0x023D, 0x0001, 0x01FE, 0x0001, 0x0034, 0x0001,
    0x18C5, 0x001F, 0xC000, 0x0001, 0xE000, 0x0001, 0xD800, 0x0002, 0xA000, 0x0001, 0xC000, 0x0001,
    0xD800, 0x0001, 0xD860, 0x0001, 0xE920, 0x0002, 0xE140, 0x0001, 0xF180, 0x0001, 0xE8C0, 0x0001,
    0xC880, 0x0001, 0xE0A0, 0x0001, 0xF140, 0x0001, 0xF940, 0x0001, 0xB840, 0x0001, 0x18C5, 0x0019,
    0xD8C0, 0x0001, 0xFB80, 0x0001, 0xF420, 0x0001, 0xF3E0, 0x0001, 0xE1A0, 0x0001, 0xB800, 0x0001,
    0xA800, 0x0001, 0xB000, 0x0002, 0xA800, 0x0002, 0xB800, 0x0001, 0xA800, 0x0001, 0xE0E0, 0x0001,
    0xD022, 0x0001, 0x2978, 0x0001, 0x025E, 0x0001, 0x025D, 0x0002, 0x023D, 0x0001, 0x027D, 0x0001,
    0x017C, 0x0001, 0x021D, 0x0001, 0x027E, 0x0001, 0x01DB, 0x0001, 0x0037, 0x0001, 0x18C5, 0x0020,
    0x7800, 0x0001, 0xC000, 0x0002, 0xD000, 0x0001, 0x9000, 0x0001, 0xA000, 0x0001, 0xB000, 0x0001,
    0xC800, 0x0001, 0xD000, 0x0001, 0xD820, 0x0001, 0xF120, 0x0003, 0xE920, 0x0001, 0xE8E0, 0x0001,
    0xD000, 0x0001, 0xB800, 0x0001, 0x18C5, 0x001A, 0xFA60, 0x0001, 0xF460, 0x0001, 0xEBE0, 0x0001,
    0xEB00, 0x0001, 0xF9C0, 0x0001, 0x9800, 0x0001, 0x18C5, 0x0007, 0xA000, 0x0001, 0xC000, 0x0001,
    0x8802, 0x0001, 0x0014, 0x0001, 0x0012, 0x0006, 0x0014, 0x0001, 0x18C5, 0x0024, 0x7000, 0x0001,
    0x8000, 0x0001, 0x18C5, 0x0003, 0x7800, 0x0001, 0x9800, 0x0001, 0xA800, 0x0001, 0xA000, 0x0004,
    0xA800, 0x0001, 0xA000, 0x0001, 0x18C5, 0x001A, 0xE980, 0x0001, 0xF3C0, 0x0001, 0xEB40, 0x0001,
    0xEAE0, 0x0001, 0xF280, 0x0001, 0xD940, 0x0001, 0x18C5, 0x005F, 0xF180, 0x0001, 0xF480, 0x0001,
    0xF3A0, 0x0001, 0xEAC0, 0x0001, 0xFC00, 0x0001, 0xD1A0, 0x0001, 0x18C5, 0x005F, 0xFAE0, 0x0001,
    0xEC20, 0x0001, 0xF400, 0x0001, 0xEAC0, 0x0001, 0xF220, 0x0001, 0xE160, 0x0001, 0x18C5, 0x005E,
    0xD0C0, 0x0001, 0xF460, 0x0001, 0xEBE0, 0x0001, 0xF3E0, 0x0001, 0xF360, 0x0001, 0xEBE0, 0x0001,
    0xF460, 0x0001, 0xE240, 0x0001, 0x18C5, 0x005D, 0xB880, 0x0001, 0xF3E0, 0x0001, 0xF420, 0x0001,
    0xF440, 0x0001, 0xF3C0, 0x0001, 0xF2A0, 0x0001, 0xF460, 0x0001, 0xFBE0, 0x0001, 0x9820, 0x0001,
    0x18C5, 0x005D, 0xC880, 0x0001, 0xD8C0, 0x0001, 0xD0C0, 0x0001, 0xD880, 0x0001, 0xC840, 0x0001,
    0xB8C0, 0x0001, 0x9860, 0x0001, 0x18C5, 0x0052, 0x18C5, 0x0014, 0xD6BA, 0x0001, 0xDEFB, 0x0001,
    0xD6BA, 0x0003, 0xEF7D, 0x0001, 0xF79E, 0x0008, 0xEF5D, 0x0001, 0xD69A, 0x0001, 0xD6BA, 0x0002,
    0xE73C, 0x0001, 0xD6BA, 0x0001, 0x18C5, 0x004A, 0xE71C, 0x0001, 0xF79E, 0x0001, 0xE73C, 0x0001,
    0xEF5D, 0x0001, 0xFFFF, 0x0003, 0xF7BE, 0x0001, 0xF79E, 0x0012, 0xF7BE, 0x0001, 0xFFFF, 0x0003,
    0xF7BE, 0x0001, 0xE71C, 0x0001, 0xDEDB, 0x0001, 0x18C5, 0x003B, 0xC800, 0x0004, 0xCE9A, 0x0001,
    0xDF9E, 0x0001, 0xFFFF, 0x0004, 0xF7BE, 0x0003, 0xEF9E, 0x0001, 0xEF9D, 0x0001, 0xEF7D, 0x0002,
    0xF77D, 0x0001, 0xEF7D, 0x0002, 0xF79E, 0x000F, 0xEF7D, 0x0004, 0xF79E, 0x0002, 0xFFFF, 0x0003,
    0xF7BE, 0x0001, 0xEF7D, 0x0001, 0xE73C, 0x0001, 0xCE79, 0x0001, 0xBDD7, 0x0001, 0xAD75, 0x0001,
    0x18C5, 0x0032, 0xE000, 0x0001, 0xF240, 0x0001, 0xFB40, 0x0001, 0xFAC0, 0x0001, 0xF960, 0x0001,
    0xE1C6, 0x0001, 0xD9E7, 0x0001, 0xD985, 0x0001, 0xD965, 0x0001, 0xD186, 0x0001, 0xC5F8, 0x0001,
    0xD67A, 0x0001, 0xE6FC, 0x0001, 0xEF5D, 0x0002, 0xEF9E, 0x0001, 0xF7DF, 0x0003, 0xF7BE, 0x0001,
    0xF77D, 0x0002, 0xEF7D, 0x0002, 0xF79E, 0x0011, 0xEF7D, 0x0003, 0xF79E, 0x0002, 0xF7BE, 0x0001,
    0xFFFF, 0x0002, 0xF7BE, 0x0001, 0xF79E, 0x0001, 0xEF7D, 0x0001, 0xEF5D, 0x0001, 0xD69A, 0x0001,
    0x18C5, 0x002E, 0xE1C0, 0x0001, 0xFAE0, 0x0001, 0xD8E0, 0x0001, 0xFC80, 0x0001, 0xEC20, 0x0001,
    0xF400, 0x0001, 0xEB60, 0x0002, 0xEB20, 0x0001, 0xE9A0, 0x0001, 0xE940, 0x0001, 0xD0C0, 0x0001,
    0xD0C1, 0x0003, 0xD881, 0x0001, 0xC1E8, 0x0001, 0xC576, 0x0001, 0xD536, 0x0001, 0xE619, 0x0001,
    0xE6DB, 0x0001, 0xEFFF, 0x0001, 0xF7FF, 0x0002, 0xF77D, 0x0001, 0xEF5D, 0x0001, 0xF77D, 0x0001,
    0xF79E, 0x0013, 0xEF7D, 0x0002, 0xF79E, 0x0004, 0xFFDF, 0x0001, 0xFFFF, 0x0001, 0xFFDF, 0x0001,
    0xF79E, 0x0001, 0xDEFB, 0x0001, 0xBDD7, 0x0001, 0x18C5, 0x002A, 0xD000, 0x0001, 0xD2C0, 0x0001,
    0xD980, 0x0001, 0x9000, 0x0001, 0xD260, 0x0001, 0xFC00, 0x0001, 0xEC00, 0x0001, 0xF420, 0x0001,
    0xEC20, 0x0001, 0xF460, 0x0001, 0xF320, 0x0001, 0xFC00, 0x0001, 0xFC20, 0x0001, 0xF440, 0x0001,
    0xF480, 0x0001, 0xF3A0, 0x0001, 0xF380, 0x0001, 0xE9A0, 0x0001, 0xD8E0, 0x0001, 0xD920, 0x0001,
    0xD860, 0x0001, 0xC8E3, 0x0001, 0xBBF0, 0x0001, 0xE452, 0x0001, 0xDD14, 0x0001, 0xE7DF, 0x0001,
    0xF7FF, 0x0001, 0xF79E, 0x0001, 0xEF7D, 0x0001, 0xF79E, 0x0017, 0xEF7D, 0x0004, 0xF79E, 0x0001,
    0xF7BE, 0x0001, 0xFFDF, 0x0001, 0xF7BE, 0x0001, 0xE71C, 0x0001, 0x18C5, 0x0028, 0xC000, 0x0001,
    0xD220, 0x0001, 0xE300, 0x0001, 0xC280, 0x0001, 0xB160, 0x0001, 0xD1A0, 0x0001, 0xFAA0, 0x0001,
    0xF3A0, 0x0001, 0xFB80, 0x0001, 0xE1E0, 0x0001, 0xD0A0, 0x0001, 0xD920, 0x0001, 0xE120, 0x0001,
    0xE960, 0x0001, 0xF260, 0x0001, 0xF2C0, 0x0001, 0xEA80, 0x0001, 0xF300, 0x0001, 0xF380, 0x0001,
    0xF460, 0x0001, 0xF400, 0x0001, 0xEA40, 0x0001, 0xE140, 0x0001, 0xE1A0, 0x0001, 0xD020, 0x0001,
    0xC26B, 0x0001, 0xDB2D, 0x0001, 0xEEDB, 0x0001, 0xF7FF, 0x0001, 0xF77D, 0x0002, 0xF79E, 0x001B,
    0xEF7D, 0x0001, 0xF79E, 0x0001, 0xF7BE, 0x0003, 0xC618, 0x0001, 0xCE59, 0x0001, 0x18C5, 0x0024,
    0xD880, 0x0001, 0xB8E0, 0x0001, 0x9120, 0x0001, 0xA960, 0x0001, 0x9080, 0x0001, 0x9800, 0x0001,
    0xC840, 0x0001, 0xC0A0, 0x0001, 0xC880, 0x0001, 0xA800, 0x0001, 0x18C5, 0x0004, 0xB800, 0x0001,
    0xE060, 0x0001, 0xF1E0, 0x0001, 0xF220, 0x0001, 0xEBE0, 0x0001, 0xF320, 0x0001, 0xEB40, 0x0001,
    0xF340, 0x0001, 0xF3E0, 0x0001, 0xF4A1, 0x0001, 0xFBA0, 0x0001, 0xE260, 0x0001, 0xE100, 0x0001,
    0xD924, 0x0001, 0xC5D7, 0x0001, 0xF7DF, 0x0001, 0xF7BE, 0x0001, 0xEF7D, 0x0001, 0xEF9E, 0x0001,
    0xEF7D, 0x0006, 0xF79E, 0x0015, 0xEF7D, 0x0001, 0xF79E, 0x0001, 0xEF7D, 0x0001, 0xF79E, 0x0001,
    0xEF7D, 0x0001, 0xCE59, 0x0001, 0xD6BA, 0x0001, 0xAD75, 0x0001, 0x18C5, 0x0022, 0x8000, 0x0001,
    0xD1E0, 0x0001, 0xEAC0, 0x0001, 0xB880, 0x0001, 0xA000, 0x0001, 0xE0E0, 0x0001, 0xE100, 0x0001,
    0xB800, 0x0001, 0x18C5, 0x0007, 0xB840, 0x0001, 0xD920, 0x0001, 0xFB60, 0x0001, 0xEB60, 0x0001,
    0xF300, 0x0001, 0xF400, 0x0001, 0xEBA0, 0x0001, 0xFAA0, 0x0001, 0xDB22, 0x0001, 0xFBE0, 0x0001,
    0xFC40, 0x0001, 0xE320, 0x0001, 0xE160, 0x0001, 0xDA28, 0x0001, 0xEF9E, 0x0001, 0xFFFF, 0x0004,
    0xF7BE, 0x0003, 0xF79E, 0x0002, 0xEF7D, 0x0006, 0xF79E, 0x000F, 0xEF7D, 0x0001, 0xF79E, 0x0003,
    0xF7BE, 0x0001, 0xE71C, 0x0001, 0xCE79, 0x0001, 0xDEFB, 0x0001, 0x18C5, 0x0022, 0xC8C0, 0x0001,
    0xA800, 0x0001, 0x7800, 0x0003, 0x8000, 0x0001, 0x18C5, 0x000A, 0xE940, 0x0001, 0xF9C0, 0x0001,
    0xEAE0, 0x0001, 0xEBE0, 0x0001, 0xFB60, 0x0001, 0xB247, 0x0001, 0x13DB, 0x0001, 0xAAAA, 0x0001,
    0xD303, 0x0001, 0xFB80, 0x0001, 0xEC80, 0x0001, 0xE240, 0x0001, 0xE269, 0x0001, 0xEF9E, 0x0001,
    0xEF5C, 0x0001, 0xEF7D, 0x0002, 0xDEFB, 0x0001, 0xF79E, 0x0001, 0xEF7D, 0x0001, 0xFFDF, 0x0001,
    0xFFFF, 0x0004, 0xF79E, 0x0003, 0xEF7D, 0x0004, 0xF79E, 0x0011, 0xEF5D, 0x0001, 0xDEFB, 0x0002,
    0xCE79, 0x0001, 0x18C5, 0x0031, 0xE080, 0x0001, 0xF340, 0x0001, 0xF280, 0x0001, 0xAA29, 0x0001,
    0x0C5D, 0x0001, 0x053E, 0x0001, 0x055F, 0x0001, 0x33B7, 0x0001, 0x7B30, 0x0001, 0xF260, 0x0001,
    0xFC00, 0x0001, 0xF360, 0x0001, 0xD000, 0x0001, 0x18C5, 0x000A, 0xDEDB, 0x0001, 0xF7BE, 0x0001,
    0xF79E, 0x0002, 0xFFFF, 0x0002, 0xF79E, 0x0002, 0xEF7D, 0x0005, 0xF79E, 0x000D, 0xF7BE, 0x0001,
    0xE73C, 0x0001, 0xDEFB, 0x0001, 0xEF5D, 0x0001, 0xCE79, 0x0001, 0xDEDB, 0x0001, 0x18C5, 0x002F,
    0xD940, 0x0001, 0xFA40, 0x0001, 0x5AF2, 0x0001, 0x053F, 0x0001, 0x04FD, 0x0002, 0x055F, 0x0001,
    0x051F, 0x0001, 0x3C18, 0x0001, 0x72EF, 0x0001, 0xFAC0, 0x0001, 0xFB80, 0x0001, 0xD880, 0x0001,
    0x18C5, 0x000E, 0xC638, 0x0001, 0xE71C, 0x0001, 0xDEFB, 0x0001, 0xF7BE, 0x0005, 0xF79E, 0x0001,
    0xEF7D, 0x0002, 0xF79E, 0x000A, 0xEF7D, 0x0001, 0xF79E, 0x0002, 0xEF5D, 0x0001, 0xE71C, 0x0002,
    0xD6BA, 0x0001, 0xAD75, 0x0001, 0x18C5, 0x002E, 0xD840, 0x0001, 0x5191, 0x0001, 0x041F, 0x0001,
    0x051D, 0x0002, 0x047D, 0x0001, 0x04DD, 0x0001, 0x055F, 0x0001, 0x04FE, 0x0001, 0x145C, 0x0001,
    0x9AEA, 0x0001, 0xE9A3, 0x0001, 0xA8A5, 0x0001, 0x18C5, 0x0012, 0xDEDB, 0x0002, 0xEF7D, 0x0001,
    0xFFDF, 0x0001, 0xFFFF, 0x0001, 0xF7BE, 0x0001, 0xF79E, 0x0001, 0xEF7D, 0x0003, 0xF79E, 0x0004,
    0xEF7D, 0x0001, 0xF79E, 0x0001, 0xE71C, 0x0001, 0xD69A, 0x0002, 0xEF7D, 0x0003, 0xE71C, 0x0002,
    0xD69A, 0x0001, 0x18C5, 0x002F, 0x019A, 0x0001, 0x037F, 0x0001, 0x045F, 0x0001, 0x059E, 0x0001,
    0x03DE, 0x0001, 0x04BD, 0x0001, 0x053E, 0x0001, 0x051E, 0x0002, 0x055F, 0x0001, 0x051F, 0x0001,
    0x037D, 0x0001, 0x18C5, 0x0014, 0xC638, 0x0001, 0xEF5D, 0x0001, 0xE73C, 0x0001, 0xFFFF, 0x0002,
    0xF79E, 0x0002, 0xEF7D, 0x0001, 0xF79E, 0x0007, 0xDEDB, 0x0001, 0xD6BA, 0x0001, 0xCE59, 0x0001,
    0xE71C, 0x0001, 0xEF5D, 0x0001, 0xCE79, 0x0001, 0xD6BA, 0x0001, 0xD69A, 0x0001, 0x18C5, 0x002F,
    0x011C, 0x0001, 0x025B, 0x0001, 0x021C, 0x0001, 0x00D9, 0x0001, 0x02BD, 0x0001, 0x04FE, 0x0001,
    0x051D, 0x0001, 0x04FD, 0x0002, 0x051D, 0x0001, 0x053E, 0x0001, 0x041F, 0x0001, 0x03BF, 0x0001,
    0x18C5, 0x0001, 0xF840, 0x0001, 0x18C5, 0x0013, 0xDEDB, 0x0002, 0xF7BE, 0x0001, 0xF79E, 0x0003,
    0xEF7D, 0x0001, 0xF79E, 0x0005, 0xF7BE, 0x0001, 0xEF7D, 0x0001, 0xE71C, 0x0001, 0xD69A, 0x0001,
    0xCE79, 0x0001, 0xD69A, 0x0001, 0xCE79, 0x0001, 0xD69A, 0x0001, 0xE71C, 0x0001, 0xCE59, 0x0001,
    0x18C5, 0x0031, 0x0056, 0x0001, 0x02DD, 0x0001, 0x04FE, 0x0001, 0x051E, 0x0002, 0x04BE, 0x0001,
    0x049D, 0x0001, 0x051D, 0x0001, 0x047F, 0x0001, 0x13DF, 0x0001, 0xAA8C, 0x0001, 0xF9E0, 0x0001,
    0xD000, 0x0001, 0x18C5, 0x0015, 0xDEDB, 0x0001, 0xEF5D, 0x0001, 0xFFDF, 0x0001, 0xF79E, 0x0005,
    0xEF7D, 0x0001, 0xF79E, 0x0001, 0xF7BE, 0x0001, 0xEF7D, 0x0001, 0xD69A, 0x0001, 0xCE79, 0x0002,
    0xD69A, 0x0001, 0xCE79, 0x0001, 0xDEDB, 0x0001, 0xD69A, 0x0001, 0xCE59, 0x0001, 0x18C5, 0x0030,
    0x0078, 0x0001, 0x031D, 0x0001, 0x049D, 0x0001, 0x045E, 0x0001, 0x051E, 0x0001, 0x049E, 0x0001,
    0x03BE, 0x0001, 0x033D, 0x0001, 0x03FE, 0x0001, 0x035F, 0x0001, 0x9B2B, 0x0001, 0xF2C2, 0x0001,
    0xE020, 0x0001, 0x18C5, 0x0016, 0xE71C, 0x0001, 0xE73C, 0x0001, 0xFFFF, 0x0001, 0xF7BE, 0x0001,
    0xF79E, 0x0002, 0xEF7D, 0x0001, 0xDEDB, 0x0001, 0xEF7D, 0x0001, 0xF79E, 0x0002, 0xE73C, 0x0001,
    0xD69A, 0x0002, 0xCE79, 0x0002, 0xD69A, 0x0001, 0xDEFB, 0x0001, 0xD69A, 0x0001, 0x18C5, 0x002F,
    0x0136, 0x0001, 0x02DE, 0x0001, 0x02DD, 0x0001, 0x031E, 0x0001, 0x04FE, 0x0001, 0x051E, 0x0001,
    0x04FE, 0x0001, 0x047E, 0x0001, 0x033D, 0x0001, 0x025C, 0x0001, 0x025D, 0x0001, 0x039E, 0x0001,
    0xBAE9, 0x0001, 0xB044, 0x0001, 0x18C5, 0x0016, 0xAD75, 0x0001, 0xD6BA, 0x0001, 0xDEDB, 0x0001,
    0xFFFF, 0x0001, 0xEF5D, 0x0001, 0xF79E, 0x0001, 0xEF7D, 0x0001, 0xCE79, 0x0001, 0xDEDB, 0x0001,
    0xEF5D, 0x0001, 0xF7BE, 0x0002, 0xE71C, 0x0001, 0xD6BA, 0x0001, 0xCE79, 0x0001, 0xD69A, 0x0002,
    0xDEDB, 0x0001, 0xD69A, 0x0001, 0x18C5, 0x002F, 0x0158, 0x0001, 0x043F, 0x0001, 0x039E, 0x0001,
    0x039D, 0x0001, 0x04FE, 0x0001, 0x051E, 0x0002, 0x053E, 0x0001, 0x055E, 0x0002, 0x053D, 0x0001,
    0x04DF, 0x0001, 0x2B5B, 0x0001, 0xC045, 0x0001, 0x18C5, 0x0018, 0xE71C, 0x0001, 0xBDF7, 0x0001,
    0xF7BE, 0x0001, 0xEF5D, 0x0001, 0xEF7D, 0x0001, 0xDEDB, 0x0001, 0xCE79, 0x0001, 0xDEFB, 0x0001,
    0xEF5D, 0x0001, 0xF7BE, 0x0001, 0xF79E, 0x0001, 0xDEDB, 0x0001, 0xCE79, 0x0001, 0xD69A, 0x0001,
    0xCE79, 0x0001, 0xD69A, 0x0001, 0xE73C, 0x0001, 0xCE79, 0x0001, 0x18C5, 0x002E, 0x1892, 0x0001,
    0x043F, 0x0001, 0x039E, 0x0001, 0x039D, 0x0001, 0x04FE, 0x0001, 0x051E, 0x0001, 0x04FE, 0x0004,
    0x051C, 0x0001, 0x053F, 0x0001, 0x2B99, 0x0001, 0x22BA, 0x0001, 0x18C5, 0x001A, 0xCE59, 0x0001,
    0xE71C, 0x0001, 0xF79E, 0x0001, 0xEF5D, 0x0001, 0xCE59, 0x0001, 0xD69A, 0x0001, 0xDEDB, 0x0001,
    0xEF7D, 0x0001, 0xF7BE, 0x0001, 0xDEFB, 0x0001, 0xCE79, 0x0001, 0xD69A, 0x0002, 0xCE79, 0x0001,
    0xE71C, 0x0001, 0xD69A, 0x0001, 0x18C5, 0x002C, 0xD060, 0x0001, 0xD900, 0x0001, 0x28F3, 0x0001,
    0x03DE, 0x0001, 0x03BE, 0x0001, 0x039D, 0x0001, 0x04FE, 0x0001, 0x051E, 0x0001, 0x04FE, 0x0001,
    0x051E, 0x0002, 0x04FE, 0x0001, 0x04FD, 0x0001, 0x055F, 0x0001, 0x03DF, 0x0001, 0xB864, 0x0001,
    0xB040, 0x0001, 0x18C5, 0x0019, 0xAD75, 0x0001, 0xD6BA, 0x0001, 0xDEFB, 0x0001, 0xEF7D, 0x0001,
    0xCE79, 0x0002, 0xD69A, 0x0001, 0xDEDB, 0x0001, 0xF79E, 0x0001, 0xDEFB, 0x0001, 0xCE79, 0x0001,
    0xD69A, 0x0002, 0xCE79, 0x0001, 0xE71C, 0x0001, 0xD69A, 0x0001, 0x18C5, 0x002A, 0xD020, 0x0001,
    0xE980, 0x0001, 0xFAC0, 0x0001, 0x9800, 0x0001, 0x1936, 0x0001, 0x031D, 0x0001, 0x03DE, 0x0002,
    0x051E, 0x0001, 0x051D, 0x0001, 0x04FE, 0x0001, 0x051E, 0x0003, 0x04FD, 0x0001, 0x04FE, 0x0001,
    0x2B59, 0x0001, 0xFA80, 0x0001, 0xD0E0, 0x0001, 0x18C5, 0x001A, 0xAD75, 0x0001, 0xD69A, 0x0001,
    0xE71C, 0x0001, 0xD6BA, 0x0001, 0xCE79, 0x0003, 0xE71C, 0x0001, 0xDEFB, 0x0001, 0xCE79, 0x0001,
    0xD69A, 0x0002, 0xCE79, 0x0001, 0xDEFB, 0x0001, 0xDEDB, 0x0001, 0x18C5, 0x0029, 0x8820, 0x0001,
    0xD900, 0x0001, 0xE0A0, 0x0001, 0x5A89, 0x0001, 0xD67A, 0x0001, 0x2136, 0x0001, 0x029C, 0x0001,
    0x027D, 0x0001, 0x02FD, 0x0001, 0x04FE, 0x0001, 0x053D, 0x0001, 0x04FE, 0x0002, 0x051E, 0x0001,
    0x051D, 0x0001, 0x051E, 0x0001, 0x12DC, 0x0001, 0xAAC9, 0x0001, 0xFC40, 0x0001, 0xE160, 0x0001,
    0x18C5, 0x001B, 0xCE79, 0x0001, 0xC638, 0x0001, 0xEF5D, 0x0001, 0xD6BA, 0x0001, 0xCE79, 0x0002,
    0xDEFB, 0x0001, 0xD69A, 0x0001, 0xCE79, 0x0001, 0xD69A, 0x0002, 0xCE79, 0x0001, 0xE71C, 0x0001,
    0xDEFB, 0x0001, 0x18C5, 0x0028, 0x2000, 0x0001, 0xFA80, 0x0001, 0x58C0, 0x0001, 0xCE5B, 0x0001,
    0xFFFF, 0x0001, 0xD67A, 0x0001, 0x20B5, 0x0001, 0x021D, 0x0001, 0x01FB, 0x0001, 0x01D9, 0x0001,
    0x047E, 0x0001, 0x051D, 0x0001, 0x051E, 0x0003, 0x04FD, 0x0001, 0x041F, 0x0001, 0x3BB6, 0x0001,
    0xFA60, 0x0001, 0xF260, 0x0001, 0xC000, 0x0001, 0x18C5, 0x001D, 0xC638, 0x0001, 0xDEFB, 0x0001,
    0xD69A, 0x0001, 0xCE79, 0x0002, 0xD69A, 0x0004, 0xCE79, 0x0001, 0xE71C, 0x0001, 0xD6BA, 0x0001,
    0x18C5, 0x0028, 0x7820, 0x0001, 0xD8E0, 0x0001, 0x41C5, 0x0001, 0xCEBB, 0x0001, 0xFFFF, 0x0001,
    0xDEDB, 0x0001, 0x1196, 0x0001, 0x01FA, 0x0001, 0x0177, 0x0001, 0x02FE, 0x0001, 0x02BD, 0x0001,
    0x045E, 0x0001, 0x051E, 0x0003, 0x04FD, 0x0001, 0x151D, 0x0001, 0x8AEC, 0x0001, 0xF160, 0x0001,
    0xEA40, 0x0001, 0xB000, 0x0001, 0x18C5, 0x001E, 0xD6BA, 0x0001, 0xD69A, 0x0002, 0xCE79, 0x0001,
    0xD69A, 0x0004, 0xCE79, 0x0001, 0xE71C, 0x0001, 0xB5B6, 0x0001, 0x18C5, 0x0027, 0x4800, 0x0001,
    0xFA60, 0x0001, 0xC8C0, 0x0001, 0x30A3, 0x0001, 0x8D14, 0x0001, 0x9D33, 0x0001, 0x18A4, 0x0001,
    0x0013, 0x0001, 0x01B8, 0x0001, 0x049F, 0x0001, 0x01FC, 0x0001, 0x015B, 0x0001, 0x035E, 0x0001,
    0x039E, 0x0001, 0x047E, 0x0001, 0x04FD, 0x0001, 0x053D, 0x0001, 0x04FF, 0x0001, 0xBA06, 0x0001,
    0xFB40, 0x0001, 0xC000, 0x0001, 0x18C5, 0x001F, 0xB596, 0x0001, 0xDEDB, 0x0001, 0xD69A, 0x0001,
    0xCE79, 0x0001, 0xD69A, 0x0005, 0xDEFB, 0x0001, 0xB5B6, 0x0001, 0x18C5, 0x0027, 0xD140, 0x0001,
    0xF180, 0x0001, 0xC0E0, 0x0001, 0x5000, 0x0001, 0x2800, 0x0001, 0x9800, 0x0001, 0x097A, 0x0001,
    0x00B7, 0x0001, 0x03BF, 0x0001, 0x03BD, 0x0001, 0x0095, 0x0001, 0x03BE, 0x0001, 0x03BD, 0x0001,
    0x043E, 0x0001, 0x041E, 0x0001, 0x047D, 0x0001, 0x055F, 0x0001, 0x6B51, 0x0001, 0xF301, 0x0001,
    0xD000, 0x0001, 0x18C5, 0x0020, 0xAD75, 0x0001, 0xE71C, 0x0001, 0xD6BA, 0x0001, 0xCE79, 0x0001,
    0xD69A, 0x0003, 0xCE79, 0x0001, 0xDEDB, 0x0001, 0xD6BA, 0x0001, 0x18C5, 0x0027, 0x9000, 0x0001,
    0xF220, 0x0001, 0xFBA0, 0x0001, 0xE180, 0x0001, 0xB800, 0x0001, 0x61D0, 0x0001, 0x031C, 0x0001,
    0x0013, 0x0001, 0x015A, 0x0001, 0x025C, 0x0001, 0x0095, 0x0001, 0x04DE, 0x0001, 0x055D, 0x0001,
    0x051E, 0x0001, 0x04BE, 0x0001, 0x045E, 0x0001, 0x039D, 0x0001, 0x04DF, 0x0001, 0xEA01, 0x0001,
    0xD800, 0x0001, 0x18C5, 0x0022, 0xD69A, 0x0001, 0xE71C, 0x0001, 0xCE79, 0x0001, 0xD69A, 0x0003,
    0xCE79, 0x0001, 0xDEDB, 0x0001, 0xC638, 0x0001, 0x18C5, 0x0027, 0xA040, 0x0001, 0xD160, 0x0001,
    0xA100, 0x0001, 0xE060, 0x0001, 0x0B9C, 0x0001, 0x035C, 0x0001, 0x00B5, 0x0001, 0x02FD, 0x0001,
    0x025D, 0x0001, 0x01BB, 0x0001, 0x041E, 0x0001, 0x049E, 0x0001, 0x051E, 0x0003, 0x04BD, 0x0001,
    0x03DE, 0x0001, 0x42F6, 0x0001, 0xD000, 0x0001, 0x18C5, 0x0023, 0xD6BA, 0x0001, 0xDEFB, 0x0001,
    0xD69A, 0x0003, 0xCE79, 0x0001, 0xD69A, 0x0001, 0xDEDB, 0x0001, 0x18C5, 0x0028, 0xB860, 0x0001,
    0xF940, 0x0001, 0x5212, 0x0001, 0x043F, 0x0001, 0x02FB, 0x0001, 0x0138, 0x0001, 0x043F, 0x0001,
    0x043D, 0x0001, 0x031E, 0x0001, 0x035E, 0x0001, 0x049E, 0x0001, 0x04FE, 0x0002, 0x051E, 0x0001,
    0x053E, 0x0001, 0x051D, 0x0001, 0x039F, 0x0001, 0x013A, 0x0001, 0x18C5, 0x0024, 0xD69A, 0x0001,
    0xE71C, 0x0001, 0xCE79, 0x0001, 0xD69A, 0x0002, 0xCE79, 0x0001, 0xD69A, 0x0001, 0xCE59, 0x0001,
    0x18C5, 0x0027, 0xD040, 0x0001, 0xF040, 0x0001, 0x4A53, 0x0001, 0x043F, 0x0001, 0x029D, 0x0001,
    0x027C, 0x0001, 0x043E, 0x0001, 0x04DE, 0x0001, 0x045E, 0x0001, 0x035E, 0x0001, 0x03DE, 0x0001,
    0x04FE, 0x0001, 0x051E, 0x0002, 0x04FE, 0x0001, 0x051D, 0x0001, 0x04FF, 0x0001, 0x01FC, 0x0001,
    0x18C5, 0x0025, 0xD6BA, 0x0001, 0xE71C, 0x0001, 0xCE79, 0x0001, 0xD69A, 0x0002, 0xCE79, 0x0001,
    0xDEFB, 0x0001, 0x18C5, 0x0026, 0xD0A0, 0x0001, 0xD060, 0x0001, 0xF980, 0x0001, 0x5353, 0x0001,
    0x043F, 0x0001, 0x021C, 0x0001, 0x02FD, 0x0001, 0x041E, 0x0001, 0x04DE, 0x0001, 0x053E, 0x0001,
    0x045E, 0x0001, 0x033E, 0x0001, 0x043E, 0x0001, 0x051E, 0x0003, 0x051D, 0x0001, 0x04FE, 0x0001,
    0x02DF, 0x0001, 0x18C5, 0x0026, 0xDEFB, 0x0002, 0xCE79, 0x0001, 0xD69A, 0x0002, 0xD6BA, 0x0001,
    0xC638, 0x0001, 0x18C5, 0x0024, 0x7000, 0x0001, 0xD040, 0x0001, 0xE9E0, 0x0001, 0xFA60, 0x0001,
    0x5313, 0x0001, 0x035F, 0x0001, 0x01DB, 0x0001, 0x043E, 0x0001, 0x03FE, 0x0001, 0x04DE, 0x0001,
    0x051E, 0x0002, 0x04BE, 0x0001, 0x03FE, 0x0001, 0x045E, 0x0001, 0x051E, 0x0003, 0x053E, 0x0001,
    0x035F, 0x0001, 0x011B, 0x0001, 0x18C5, 0x0026, 0xD6BA, 0x0001, 0xDEDB, 0x0001, 0xCE79, 0x0001,
    0xD69A, 0x0002, 0xDEDB, 0x0001, 0xAD75, 0x0001, 0x18C5, 0x0023, 0x2000, 0x0001, 0xC020, 0x0001,
    0xEB40, 0x0001, 0xFA00, 0x0001, 0x5A12, 0x0001, 0x023E, 0x0001, 0x03DD, 0x0001, 0x041E, 0x0002,
    0x04FE, 0x0001, 0x051E, 0x0001, 0x04FE, 0x0001, 0x051E, 0x0002, 0x04DE, 0x0001, 0x045E, 0x0001,
    0x04FE, 0x0001, 0x04FD, 0x0001, 0x053E, 0x0001, 0x02FD, 0x0001, 0x0012, 0x0001, 0x18C5, 0x0026,
    0xAD75, 0x0001, 0xE71C, 0x0001, 0xD69A, 0x0003, 0xDEDB, 0x0001, 0xB596, 0x0001, 0x18C5, 0x0023,
    0x2800, 0x0001, 0xC840, 0x0001, 0xFA60, 0x0001, 0xE040, 0x0001, 0x200D, 0x0001, 0x037D, 0x0001,
    0x043E, 0x0001, 0x041D, 0x0001, 0x04DE, 0x0001, 0x051E, 0x0001, 0x04FE, 0x0001, 0x051E, 0x0001,
    0x04FE, 0x0001, 0x051E, 0x0002, 0x04DE, 0x0001, 0x047E, 0x0001, 0x051D, 0x0001, 0x055E, 0x0001,
    0x031D, 0x0001, 0x0011, 0x0001, 0x18C5, 0x0027, 0xCE79, 0x0001, 0xDEDB, 0x0001, 0xCE79, 0x0001,
    0xD69A, 0x0001, 0xDEDB, 0x0001, 0xD6BA, 0x0001, 0x18C5, 0x0022, 0x0000, 0x0001, 0x4800, 0x0001,
    0xB800, 0x0001, 0xB820, 0x0001, 0xA040, 0x0001, 0x9005, 0x0001, 0x039D, 0x0001, 0x041E, 0x0001,
    0x047D, 0x0001, 0x053E, 0x0001, 0x04FE, 0x0001, 0x051E, 0x0004, 0x04FE, 0x0001, 0x055E, 0x0001,
    0x03FE, 0x0001, 0x041E, 0x0001, 0x053E, 0x0001, 0x01FD, 0x0001, 0x0014, 0x0001, 0x18C5, 0x0028,
    0xD69A, 0x0004, 0xDEFB, 0x0001, 0xAD55, 0x0001, 0x18C5, 0x000A, 0x031D, 0x0001, 0x031E, 0x0001,
    0x02FD, 0x0001, 0x02FE, 0x0001, 0x03FE, 0x0001, 0x041F, 0x0001, 0x18C5, 0x0012, 0xB000, 0x0001,
    0xF220, 0x0001, 0xD1E0, 0x0001, 0xD9C0, 0x0001, 0xFAA0, 0x0001, 0xA126, 0x0001, 0x03FE, 0x0001,
    0x047E, 0x0001, 0x051E, 0x0001, 0x04FE, 0x0003, 0x051E, 0x0001, 0x047E, 0x0001, 0x04FE, 0x0001,
    0x051E, 0x0001, 0x04DE, 0x0001, 0x039E, 0x0001, 0x03DE, 0x0001, 0x3011, 0x0001, 0x9804, 0x0001,
    0x18C5, 0x0029, 0xE71C, 0x0001, 0xCE79, 0x0001, 0xD69A, 0x0001, 0xDEFB, 0x0001, 0xCE59, 0x0001,
    0x18C5, 0x0008, 0x031E, 0x0001, 0x047F, 0x0001, 0x03BE, 0x0001, 0x03FF, 0x0001, 0x04BF, 0x0002,
    0x053F, 0x0002, 0x049E, 0x0001, 0x037E, 0x0001, 0x033D, 0x0001, 0x18C5, 0x000F, 0x7800, 0x0001,
    0xD0C0, 0x0001, 0xF200, 0x0001, 0xE120, 0x0001, 0xF360, 0x0001, 0xF1A0, 0x0001, 0x1B9A, 0x0001,
    0x041E, 0x0001, 0x049E, 0x0001, 0x051D, 0x0001, 0x051E, 0x0001, 0x053E, 0x0001, 0x051E, 0x0001,
    0x043E, 0x0001, 0x04FE, 0x0002, 0x053E, 0x0001, 0x047E, 0x0001, 0x025C, 0x0001, 0x08D7, 0x0001,
    0x71CE, 0x0001, 0x18C5, 0x0029, 0xCE79, 0x0001, 0xD69A, 0x0001, 0xCE79, 0x0001, 0xD6BA, 0x0002,
    0x18C5, 0x0007, 0x031E, 0x0001, 0x04DF, 0x0001, 0x04BE, 0x0001, 0x03DD, 0x0001, 0x04BD, 0x0001,
    0x047D, 0x0001, 0x053D, 0x0001, 0x04FD, 0x0001, 0x051D, 0x0001, 0x051E, 0x0001, 0x053E, 0x0002,
    0x045E, 0x0001, 0x03FF, 0x0001, 0x03BD, 0x0001, 0x18C5, 0x000D, 0x7000, 0x0001, 0xB840, 0x0001,
    0xC860, 0x0001, 0xC020, 0x0001, 0xE8C0, 0x0001, 0x9825, 0x0001, 0x035F, 0x0001, 0x041D, 0x0001,
    0x04FE, 0x0002, 0x045E, 0x0001, 0x043E, 0x0001, 0x04FE, 0x0001, 0x051E, 0x0001, 0x04FE, 0x0001,
    0x051E, 0x0001, 0x047E, 0x0001, 0x00F8, 0x0001, 0x01FA, 0x0001, 0x42D6, 0x0001, 0xD860, 0x0001,
    0x18C5, 0x0029, 0xE71C, 0x0001, 0xD69A, 0x0002, 0xDEDB, 0x0001, 0x18C5, 0x0007, 0x047F, 0x0001,
    0x057D, 0x0001, 0x03BE, 0x0001, 0x04FE, 0x0002, 0x045E, 0x0001, 0x04FE, 0x0001, 0x053E, 0x0001,
    0x051E, 0x0001, 0x04FE, 0x0001, 0x04FD, 0x0002, 0x051D, 0x0001, 0x053D, 0x0001, 0x051F, 0x0001,
    0x03FF, 0x0001, 0x035D, 0x0001, 0x025D, 0x0001, 0x013E, 0x0001, 0x18C5, 0x000B, 0xB020, 0x0001,
    0xD980, 0x0002, 0xC082, 0x0001, 0x38F4, 0x0001, 0x027E, 0x0001, 0x025C, 0x0001, 0x029D, 0x0001,
    0x033E, 0x0001, 0x045E, 0x0001, 0x053E, 0x0001, 0x04FE, 0x0002, 0x053D, 0x0001, 0x043E, 0x0001,
    0x0054, 0x0001, 0x03FE, 0x0001, 0x043F, 0x0001, 0x4AD6, 0x0001, 0xF8A0, 0x0001, 0xC000, 0x0001,
    0x18C5, 0x0027, 0xC638, 0x0001, 0xD6BA, 0x0001, 0xD69A, 0x0001, 0xEF5D, 0x0001, 0x18C5, 0x0007,
    0x043F, 0x0001, 0x04BE, 0x0001, 0x049E, 0x0001, 0x051E, 0x0002, 0x04FE, 0x0001, 0x03DE, 0x0001,
    0x041E, 0x0001, 0x049E, 0x0001, 0x053E, 0x0001, 0x051E, 0x0001, 0x051D, 0x0001, 0x051E, 0x0001,
    0x04FE, 0x0001, 0x051D, 0x0001, 0x04FD, 0x0001, 0x04DE, 0x0001, 0x037F, 0x0001, 0x033F, 0x0001,
    0x021D, 0x0001, 0x013B, 0x0001, 0x18C5, 0x0009, 0x9040, 0x0001, 0xE9A0, 0x0001, 0xF380, 0x0001,
    0xFA40, 0x0001, 0x916A, 0x0001, 0x033F, 0x0001, 0x031C, 0x0001, 0x033D, 0x0001, 0x049E, 0x0002,
    0x04DE, 0x0001, 0x051E, 0x0001, 0x04FD, 0x0001, 0x051E, 0x0001, 0x0178, 0x0001, 0x023A, 0x0001,
    0x039D, 0x0001, 0x027C, 0x0001, 0x03FF, 0x0001, 0x32D7, 0x0001, 0xF160, 0x0001, 0xD160, 0x0001,
    0x18C5, 0x0026, 0xA534, 0x0001, 0xDEFB, 0x0001, 0xD69A, 0x0001, 0xD6BA, 0x0001, 0xC638, 0x0001,
    0x18C5, 0x0007, 0x03DF, 0x0001, 0x04DD, 0x0001, 0x051E, 0x0001, 0x04FE, 0x0001, 0x053E, 0x0001,
    0x045E, 0x0001, 0x021C, 0x0001, 0x025C, 0x0001, 0x03DD, 0x0001, 0x03FE, 0x0001, 0x045E, 0x0001,
    0x041D, 0x0001, 0x043E, 0x0003, 0x043D, 0x0001, 0x041D, 0x0001, 0x03BE, 0x0001, 0x031F, 0x0001,
    0x035E, 0x0001, 0x01DE, 0x0001, 0x18C5, 0x0009, 0xA800, 0x0001, 0xF140, 0x0001, 0xEB00, 0x0001,
    0xF241, 0x0001, 0x6251, 0x0001, 0x043E, 0x0001, 0x043D, 0x0001, 0x047E, 0x0002, 0x04BE, 0x0001,
    0x051E, 0x0001, 0x053D, 0x0001, 0x043E, 0x0001, 0x0095, 0x0001, 0x019A, 0x0001, 0x023C, 0x0001,
    0x037D, 0x0001, 0x045F, 0x0001, 0x0A7B, 0x0001, 0xF260, 0x0001, 0xF9E0, 0x0001, 0x18C5, 0x0027,
    0xB5B6, 0x0001, 0xD6BA, 0x0001, 0xD69A, 0x0001, 0xCE79, 0x0001, 0x18C5, 0x0007, 0x03BF, 0x0001,
    0x051D, 0x0001, 0x04FE, 0x0001, 0x03DD, 0x0001, 0x04DD, 0x0001, 0x053D, 0x0001, 0x051D, 0x0001,
    0x03DC, 0x0001, 0x01FB, 0x0001, 0x023C, 0x0001, 0x021B, 0x0001, 0x03FE, 0x0001, 0x039D, 0x0001,
    0x039E, 0x0002, 0x03BE, 0x0001, 0x043E, 0x0001, 0x041E, 0x0001, 0x043E, 0x0001, 0x037E, 0x0001,
    0x045F, 0x0001, 0x031E, 0x0001, 0x023E, 0x0001, 0x18C5, 0x0007, 0xA800, 0x0001, 0xD800, 0x0001,
    0xF1A0, 0x0001, 0xF1C0, 0x0001, 0xF880, 0x0001, 0x1B1A, 0x0001, 0x049F, 0x0001, 0x049D, 0x0001,
    0x047E, 0x0001, 0x051E, 0x0001, 0x04FD, 0x0001, 0x04FF, 0x0001, 0x0118, 0x0001, 0x023D, 0x0001,
    0x03BF, 0x0001, 0x041F, 0x0001, 0x03BF, 0x0001, 0x2279, 0x0001, 0xD101, 0x0001, 0xFB40, 0x0001,
    0xF1C0, 0x0001, 0xC8C0, 0x0001, 0x18C5, 0x0026, 0xB596, 0x0001, 0xDEDB, 0x0001, 0xD6BA, 0x0001,
    0xC638, 0x0001, 0x18C5, 0x0007, 0x02BF, 0x0001, 0x04FE, 0x0001, 0x051D, 0x0001, 0x043E, 0x0001,
    0x03BF, 0x0001, 0x04DF, 0x0001, 0x055F, 0x0001, 0x059F, 0x0002, 0x03BF, 0x0001, 0x0118, 0x0001,
    0x01B9, 0x0001, 0x03FF, 0x0001, 0x035D, 0x0001, 0x037E, 0x0005, 0x043E, 0x0001, 0x041D, 0x0001,
    0x043D, 0x0001, 0x047E, 0x0001, 0x02DE, 0x0001, 0x18C5, 0x0006, 0xB000, 0x0001, 0xD820, 0x0001,
    0xF280, 0x0001, 0xEA00, 0x0001, 0xFB00, 0x0001, 0x796C, 0x0001, 0x043E, 0x0001, 0x04BE, 0x0001,
    0x047D, 0x0001, 0x051D, 0x0001, 0x057E, 0x0001, 0x039F, 0x0001, 0x0016, 0x0001, 0x394F, 0x0001,
    0x59B0, 0x0001, 0x69AF, 0x0001, 0x7A30, 0x0001, 0xC002, 0x0001, 0xFA20, 0x0001, 0xD960, 0x0001,
    0xF300, 0x0001, 0xE120, 0x0001, 0x18C5, 0x0027, 0xC638, 0x0001, 0xD6BA, 0x0001, 0xC638, 0x0001,
    0x18C5, 0x0008, 0x045F, 0x0001, 0x055F, 0x0001, 0x2BF8, 0x0001, 0xB1C9, 0x0001, 0x9149, 0x0001,
    0xA249, 0x0001, 0xAA69, 0x0001, 0xA269, 0x0001, 0xB269, 0x0001, 0x13FD, 0x0001, 0x023A, 0x0001,
    0x0219, 0x0001, 0x043E, 0x0001, 0x045E, 0x0001, 0x041E, 0x0001, 0x039E, 0x0003, 0x035E, 0x0002,
    0x033E, 0x0001, 0x03DD, 0x0001, 0x047E, 0x0001, 0x02DE, 0x0001, 0x18C5, 0x0005, 0xF0C0, 0x0001,
    0xD860, 0x0001, 0xEAE0, 0x0001, 0xF220, 0x0001, 0xF2C0, 0x0001, 0xF140, 0x0001, 0x043D, 0x0001,
    0x04DF, 0x0001, 0x049E, 0x0001, 0x055E, 0x0001, 0x043F, 0x0001, 0x00F7, 0x0001, 0x18C5, 0x0002,
    0xA000, 0x0001, 0xD800, 0x0001, 0xF880, 0x0001, 0xD820, 0x0001, 0xD000, 0x0001, 0xE140, 0x0001,
    0xF380, 0x0001, 0xF1A0, 0x0001, 0xB800, 0x0001, 0x18C5, 0x0026, 0xB5B6, 0x0001, 0xD6BA, 0x0001,
    0xC638, 0x0001, 0x18C5, 0x0007, 0x017C, 0x0001, 0x0B7E, 0x0001, 0xCA05, 0x0001, 0xE1C2, 0x0001,
    0xFB40, 0x0001, 0xE040, 0x0001, 0xFA00, 0x0001, 0xFBE0, 0x0001, 0xFA80, 0x0001, 0xFA00, 0x0001,
    0xE222, 0x0001, 0xAA69, 0x0001, 0x015A, 0x0001, 0x0095, 0x0001, 0x025B, 0x0001, 0x043E, 0x0002,
    0x041E, 0x0002, 0x03DE, 0x0002, 0x03BE, 0x0001, 0x03DE, 0x0001, 0x041D, 0x0001, 0x045E, 0x0001,
    0x02DF, 0x0001, 0x18C5, 0x0003, 0xD800, 0x0001, 0xE900, 0x0001, 0xD860, 0x0001, 0xEAE0, 0x0001,
    0xF220, 0x0001, 0xF200, 0x0001, 0xF2A0, 0x0001, 0xA127, 0x0001, 0x139D, 0x0001, 0x13FB, 0x0001,
    0x147C, 0x0001, 0x093A, 0x0001, 0x0810, 0x0001, 0x18C5, 0x0003, 0x8800, 0x0001, 0xB000, 0x0001,
    0xE0C0, 0x0001, 0xE920, 0x0001, 0xD860, 0x0001, 0xE0C0, 0x0001, 0xF2A0, 0x0001, 0xF9A0, 0x0001,
    0xB000, 0x0001, 0x18C5, 0x0025, 0xAD75, 0x0001, 0xC638, 0x0001, 0xBDF7, 0x0001, 0xAD75, 0x0001,
    0x18C5, 0x0007, 0xA847, 0x0001, 0xFA80, 0x0001, 0xF260, 0x0001, 0xEC80, 0x0001, 0xD9E0, 0x0001,
    0xD8E0, 0x0001, 0xEC00, 0x0001, 0xEBE0, 0x0001, 0xEA00, 0x0001, 0xF240, 0x0001, 0xFA20, 0x0001,
    0x98C8, 0x0001, 0x119B, 0x0001, 0x00F7, 0x0001, 0x027C, 0x0001, 0x03BD, 0x0001, 0x043E, 0x0001,
    0x03FE, 0x0001, 0x041E, 0x0001, 0x043E, 0x0001, 0x03BE, 0x0001, 0x033E, 0x0001, 0x039E, 0x0001,
    0x03BD, 0x0001, 0x047E, 0x0001, 0x02DD, 0x0001, 0x18C5, 0x0001, 0x306F, 0x0001, 0xF8C0, 0x0001,
    0xD080, 0x0001, 0xE960, 0x0001, 0xF1C0, 0x0001, 0xE9A0, 0x0001, 0xEA20, 0x0001, 0xEA00, 0x0001,
    0xF2A0, 0x0001, 0xEAC0, 0x0002, 0xF220, 0x0001, 0xD8C0, 0x0001, 0x7800, 0x0001, 0x18C5, 0x0005,
    0x8800, 0x0001, 0xA800, 0x0001, 0xC840, 0x0001, 0xE0C0, 0x0001, 0xD980, 0x0001, 0xF320, 0x0001,
    0xC800, 0x0001, 0xA060, 0x0001, 0xE180, 0x0001, 0xF9E0, 0x0001, 0xB000, 0x0001, 0x18C5, 0x0022,
    0xCE79, 0x0001, 0xBDF7, 0x0001, 0xB596, 0x0001, 0x18C5, 0x0007, 0xC000, 0x0001, 0xF3E0, 0x0001,
    0xF400, 0x0001, 0xF2E0, 0x0001, 0xF3E0, 0x0001, 0xE1C0, 0x0001, 0xEA40, 0x0001, 0xF380, 0x0001,
    0xF2E0, 0x0001, 0xE960, 0x0001, 0xEA80, 0x0001, 0xF900, 0x0001, 0x51B1, 0x0001, 0x039F, 0x0001,
    0x021C, 0x0002, 0x03BD, 0x0001, 0x043E, 0x0001, 0x03FE, 0x0001, 0x041E, 0x0002, 0x043E, 0x0001,
    0x037E, 0x0002, 0x037D, 0x0001, 0x043D, 0x0001, 0x023F, 0x0001, 0x1A9B, 0x0001, 0xA866, 0x0001,
    0xE0A0, 0x0001, 0xEAE0, 0x0001, 0xEB00, 0x0001, 0xF9C0, 0x0001, 0xFA40, 0x0001, 0xFA00, 0x0001,
    0xFAE0, 0x0001, 0xFAC0, 0x0001, 0xFAE0, 0x0001, 0xFA00, 0x0001, 0xF120, 0x0001, 0x8000, 0x0001,
    0x18C5, 0x0007, 0x6000, 0x0001, 0x9080, 0x0001, 0xC000, 0x0001, 0xC900, 0x0001, 0xE100, 0x0001,
    0xFAC0, 0x0001, 0xF340, 0x0001, 0xEB00, 0x0001, 0xD020, 0x0001, 0xE080, 0x0001, 0x8800, 0x0001,
    0x18C5, 0x0020, 0xCE79, 0x0001, 0xC618, 0x0001, 0xAD75, 0x0001, 0x18C5, 0x0007, 0xA800, 0x0001,
    0xFAE0, 0x0001, 0xF2E0, 0x0001, 0xF340, 0x0001, 0xF320, 0x0001, 0xF440, 0x0001, 0xF300, 0x0001,
    0xF3C0, 0x0001, 0xF460, 0x0001, 0xEAC0, 0x0001, 0xEA60, 0x0001, 0xF120, 0x0001, 0x49B2, 0x0001,
    0x033F, 0x0001, 0x033D, 0x0001, 0x02FE, 0x0001, 0x021C, 0x0001, 0x03BD, 0x0001, 0x041E, 0x0001,
    0x03FE, 0x0001, 0x041E, 0x0001, 0x03FE, 0x0001, 0x043E, 0x0001, 0x03FE, 0x0001, 0x039E, 0x0001,
    0x037E, 0x0001, 0x027C, 0x0001, 0x027F, 0x0001, 0x4952, 0x0001, 0xF8A0, 0x0001, 0xF220, 0x0001,
    0xF940, 0x0001, 0xA8E7, 0x0001, 0x4AF5, 0x0001, 0x5393, 0x0001, 0x4BD4, 0x0001, 0x4C14, 0x0002,
    0x5394, 0x0001, 0x4255, 0x0001, 0x28B2, 0x0001, 0x18C5, 0x0008, 0xA860, 0x0001, 0xE920, 0x0001,
    0xC800, 0x0001, 0xF1E0, 0x0001, 0xEB40, 0x0001, 0xEAE0, 0x0001, 0xF300, 0x0001, 0xE900, 0x0001,
    0xB880, 0x0001, 0x18C5, 0x0021, 0xCE59, 0x0001, 0xB5B6, 0x0001, 0xAD75, 0x0001, 0x18C5, 0x0008,
    0xD840, 0x0001, 0xFA00, 0x0001, 0xEC60, 0x0001, 0xEB20, 0x0001, 0xEBA0, 0x0001, 0xF360, 0x0001,
    0xF2E0, 0x0001, 0xF320, 0x0001, 0xE9E0, 0x0002, 0xF9A0, 0x0001, 0x4972, 0x0001, 0x037F, 0x0001,
    0x02DD, 0x0001, 0x031E, 0x0001, 0x02DD, 0x0001, 0x02FD, 0x0001, 0x03FE, 0x0001, 0x041E, 0x0002,
    0x03FE, 0x0002, 0x041E, 0x0001, 0x043E, 0x0001, 0x03FE, 0x0001, 0x02DD, 0x0001, 0x021F, 0x0001,
    0x61AF, 0x0001, 0xF860, 0x0001, 0x3AD7, 0x0001, 0x237A, 0x0001, 0x0B9C, 0x0001, 0x04BF, 0x0001,
    0x055F, 0x0002, 0x053F, 0x0001, 0x055F, 0x0001, 0x051F, 0x0001, 0x03DF, 0x0001, 0x035F, 0x0001,
    0x18C5, 0x0008, 0xB040, 0x0001, 0xE920, 0x0001, 0xE140, 0x0001, 0xB840, 0x0001, 0xF240, 0x0001,
    0xF300, 0x0001, 0xEAE0, 0x0001, 0xEA80, 0x0001, 0xC800, 0x0001, 0x18C5, 0x0022, 0xBDF7, 0x0001,
    0xB596, 0x0001, 0x18C5, 0x0009, 0xD8A0, 0x0001, 0xFBA0, 0x0001, 0xF260, 0x0001, 0xEAC0, 0x0001,
    0xEB80, 0x0001, 0xF420, 0x0002, 0xF340, 0x0001, 0xF920, 0x0001, 0xD800, 0x0001, 0x18C5, 0x0001,
    0x01FC, 0x0001, 0x037F, 0x0001, 0x02FD, 0x0001, 0x031E, 0x0001, 0x02FE, 0x0001, 0x031E, 0x0001,
    0x03DE, 0x0001, 0x03FE, 0x0001, 0x045E, 0x0001, 0x03FE, 0x0001, 0x041E, 0x0001, 0x03FE, 0x0001,
    0x043E, 0x0001, 0x02FD, 0x0001, 0x029F, 0x0001, 0x5291, 0x0001, 0x4A13, 0x0001, 0x043F, 0x0001,
    0x043E, 0x0001, 0x041E, 0x0001, 0x04BD, 0x0001, 0x053D, 0x0001, 0x049D, 0x0001, 0x047D, 0x0001,
    0x051D, 0x0001, 0x04FD, 0x0001, 0x039D, 0x0001, 0x033F, 0x0001, 0x18C5, 0x0008, 0xB140, 0x0001,
    0xD9A0, 0x0001, 0x9840, 0x0001, 0x7800, 0x0001, 0xC060, 0x0001, 0xE160, 0x0001, 0xC020, 0x0001,
    0xFB00, 0x0001, 0xF1E0, 0x0001, 0x9000, 0x0001, 0x18C5, 0x0021, 0xC618, 0x0001, 0xAD75, 0x0001,
    0x18C5, 0x000A, 0xD8E0, 0x0001, 0xF940, 0x0001, 0xF340, 0x0001, 0xF240, 0x0001, 0xEB40, 0x0001,
    0xEB20, 0x0001, 0xF240, 0x0001, 0xF120, 0x0001, 0xA800, 0x0001, 0x18C5, 0x0002, 0x01FC, 0x0001,
    0x037F, 0x0001, 0x031D, 0x0001, 0x02FD, 0x0001, 0x031E, 0x0001, 0x02DE, 0x0001, 0x035E, 0x0001,
    0x031D, 0x0001, 0x041E, 0x0002, 0x03FE, 0x0001, 0x041E, 0x0001, 0x029D, 0x0001, 0x039D, 0x0001,
    0x043F, 0x0002, 0x041D, 0x0001, 0x03FD, 0x0001, 0x041D, 0x0001, 0x041E, 0x0001, 0x047E, 0x0001,
    0x049E, 0x0001, 0x051E, 0x0002, 0x051D, 0x0001, 0x04BF, 0x0001, 0x01BC, 0x0001, 0x18C5, 0x0009,
    0xB960, 0x0001, 0xC860, 0x0001, 0x7800, 0x0001, 0x7000, 0x0002, 0xB000, 0x0001, 0xD0C0, 0x0001,
    0xB080, 0x0001, 0x18C5, 0x0022, 0xC618, 0x0001, 0xAD75, 0x0001, 0x18C5, 0x000C, 0xC0E0, 0x0001,
    0xF1A0, 0x0001, 0xF220, 0x0001, 0xEA80, 0x0001, 0xF280, 0x0001, 0xF920, 0x0001, 0xD000, 0x0001,
    0x18C5, 0x0003, 0x017B, 0x0001, 0x02DE, 0x0001, 0x033E, 0x0001, 0x031E, 0x0003, 0x025D, 0x0001,
    0x027C, 0x0001, 0x043E, 0x0001, 0x041E, 0x0001, 0x041D, 0x0001, 0x01FC, 0x0001, 0x041E, 0x0001,
    0x03FD, 0x0002, 0x03FE, 0x0001, 0x043E, 0x0001, 0x03DE, 0x0001, 0x033E, 0x0001, 0x045E, 0x0001,
    0x053E, 0x0001, 0x04FE, 0x0001, 0x051E, 0x0003, 0x033E, 0x0001, 0x18C5, 0x0033, 0xC618, 0x0001,
    0xAD75, 0x0001, 0x18C5, 0x000E, 0xD900, 0x0001, 0xF9E0, 0x0001, 0xF3C0, 0x0001, 0xF920, 0x0001,
    0xC820, 0x0001, 0x18C5, 0x0004, 0x0076, 0x0001, 0x017A, 0x0001, 0x02FE, 0x0001, 0x031E, 0x0001,
    0x033E, 0x0002, 0x027D, 0x0001, 0x021C, 0x0001, 0x039D, 0x0001, 0x045F, 0x0001, 0x0117, 0x0001,
    0x03FD, 0x0001, 0x041E, 0x0001, 0x03FD, 0x0001, 0x043E, 0x0001, 0x037D, 0x0001, 0x029C, 0x0001,
    0x04BE, 0x0001, 0x053E, 0x0001, 0x04FE, 0x0001, 0x051E, 0x0002, 0x04FE, 0x0001, 0x051D, 0x0001,
    0x04BF, 0x0001, 0x18C5, 0x0033, 0xC618, 0x0001, 0xAD75, 0x0001, 0x18C5, 0x000F, 0xC8C0, 0x0001,
    0xFAA0, 0x0001, 0xF200, 0x0001, 0xE880, 0x0001, 0x18C5, 0x0005, 0x0013, 0x0001, 0x0036, 0x0001,
    0x01BC, 0x0001, 0x02BD, 0x0001, 0x033E, 0x0001, 0x039F, 0x0001, 0x025C, 0x0001, 0x0077, 0x0001,
    0x0236, 0x0001, 0x0076, 0x0001, 0x031E, 0x0001, 0x03FD, 0x0001, 0x043E, 0x0001, 0x02DD, 0x0001,
    0x021C, 0x0001, 0x047E, 0x0001, 0x053E, 0x0001, 0x04FE, 0x0001, 0x051E, 0x0005, 0x04FE, 0x0001,
    0x03BF, 0x0001, 0x18C5, 0x0032, 0xC618, 0x0001, 0xAD75, 0x0001, 0x18C5, 0x000F, 0x6800, 0x0001,
    0xD0C0, 0x0001, 0xFC20, 0x0001, 0xF9E0, 0x0001, 0xD800, 0x0001, 0x18C5, 0x0006, 0x0013, 0x0001,
    0x0056, 0x0001, 0x01BD, 0x0001, 0x01FB, 0x0001, 0x01BB, 0x0001, 0x00BA, 0x0001, 0x00AE, 0x0001,
    0x0009, 0x0001, 0x0119, 0x0001, 0x02BF, 0x0001, 0x01DB, 0x0001, 0x01BB, 0x0001, 0x035E, 0x0001,
    0x04DE, 0x0001, 0x051E, 0x0001, 0x04FE, 0x0001, 0x051E, 0x0004, 0x04FE, 0x0001, 0x055E, 0x0001,
    0x045F, 0x0001, 0x18C5, 0x0032, 0xC618, 0x0001, 0xAD75, 0x0001, 0x18C5, 0x0009, 0xD000, 0x0001,
    0xF060, 0x0001, 0xF900, 0x0001, 0xF8E0, 0x0001, 0xF0E0, 0x0001, 0xE900, 0x0001, 0xC040, 0x0001,
    0x8800, 0x0001, 0xC940, 0x0001, 0xE240, 0x0001, 0xF9A0, 0x0001, 0xD000, 0x0001, 0x18C5, 0x000A,
    0x0077, 0x0001, 0x00F3, 0x0001, 0x0111, 0x0001, 0x00D7, 0x0001, 0x008B, 0x0001, 0x0113, 0x0001,
    0x037E, 0x0001, 0x039D, 0x0001, 0x053E, 0x0001, 0x04FE, 0x0001, 0x051E, 0x0005, 0x04FE, 0x0001,
    0x053E, 0x0001, 0x043F, 0x0001, 0x18C5, 0x0032, 0xC618, 0x0001, 0xAD75, 0x0001, 0x18C5, 0x0009,
    0x9800, 0x0001, 0xE8C0, 0x0001, 0xF1C0, 0x0001, 0xF1A0, 0x0003, 0xF160, 0x0001, 0xC020, 0x0001,
    0xC000, 0x0001, 0xE960, 0x0001, 0xF1C0, 0x0001, 0xF1E0, 0x0001, 0xE060, 0x0001, 0xD020, 0x0001,
    0x18C5, 0x000A, 0x0067, 0x0001, 0x0064, 0x0001, 0x0003, 0x0001, 0x023A, 0x0001, 0x041E, 0x0001,
    0x037D, 0x0001, 0x053E, 0x0001, 0x04FE, 0x0001, 0x051E, 0x0001, 0x045E, 0x0001, 0x051E, 0x0003,
    0x04FE, 0x0001, 0x051D, 0x0001, 0x049E, 0x0001, 0x033E, 0x0001, 0x18C5, 0x0031, 0xC618, 0x0001,
    0xAD75, 0x0001, 0x18C5, 0x000A, 0xB8A0, 0x0001, 0xF980, 0x0001, 0xE960, 0x0003, 0xF1A0, 0x0001,
    0xE060, 0x0001, 0xC820, 0x0001, 0xC100, 0x0001, 0xF320, 0x0001, 0xD940, 0x0001, 0xE9C0, 0x0001,
    0xF080, 0x0001, 0x18C5, 0x000C, 0x0014, 0x0001, 0x029D, 0x0001, 0x051E, 0x0001, 0x041D, 0x0001,
    0x051E, 0x0002, 0x04DE, 0x0001, 0x045E, 0x0001, 0x051E, 0x0003, 0x04FE, 0x0001, 0x051E, 0x0001,
    0x049D, 0x0001, 0x037F, 0x0001, 0x18C5, 0x0031, 0xCE59, 0x0001, 0x18C5, 0x000C, 0xB8A0, 0x0001,
    0xF9A0, 0x0001, 0xF1A0, 0x0002, 0xF180, 0x0001, 0xE960, 0x0001, 0xD000, 0x0001, 0xC000, 0x0001,
    0xC120, 0x0001, 0xF2A0, 0x0001, 0xE160, 0x0001, 0xE8E0, 0x0001, 0xD000, 0x0001, 0x18C5, 0x000B,
    0x00DA, 0x0001, 0x039E, 0x0001, 0x04FD, 0x0001, 0x049E, 0x0001, 0x051E, 0x0001, 0x04DE, 0x0001,
    0x047E, 0x0001, 0x051E, 0x0004, 0x04FE, 0x0001, 0x051E, 0x0001, 0x049E, 0x0001, 0x02DE, 0x0001,
    0x18C5, 0x0031, 0xCE59, 0x0001, 0x18C5, 0x000D, 0xA880, 0x0001, 0xE0A0, 0x0002, 0xF140, 0x0001,
    0xF180, 0x0001, 0xC800, 0x0001, 0xD000, 0x0001, 0xC000, 0x0001, 0xC020, 0x0001, 0xD180, 0x0001,
    0xFAE0, 0x0001, 0xF1A0, 0x0001, 0xF9A0, 0x0001, 0xC820, 0x0001, 0x18C5, 0x0009, 0x015A, 0x0001,
    0x041F, 0x0001, 0x04DD, 0x0001, 0x051E, 0x0001, 0x053E, 0x0001, 0x043E, 0x0001, 0x04DE, 0x0001,
    0x051E, 0x0004, 0x04FE, 0x0001, 0x051E, 0x0001, 0x04BE, 0x0001, 0x021D, 0x0001, 0x18C5, 0x0031,
    0xCE59, 0x0001, 0x18C5, 0x000F, 0x9800, 0x0001, 0x9020, 0x0001, 0xB840, 0x0001, 0xD000, 0x0002,
    0xD800, 0x0001, 0xD8E0, 0x0001, 0xD8C0, 0x0001, 0xD060, 0x0001, 0xD080, 0x0001, 0xD8C0, 0x0001,
    0xF100, 0x0001, 0xA800, 0x0001, 0x18C5, 0x0008, 0x013A, 0x0001, 0x03FF, 0x0001, 0x04DD, 0x0001,
    0x053E, 0x0001, 0x04BE, 0x0001, 0x047E, 0x0001, 0x051E, 0x0001, 0x04DE, 0x0001, 0x047E, 0x0001,
    0x051E, 0x0001, 0x04FE, 0x0002, 0x051E, 0x0001, 0x04BE, 0x0001, 0x023D, 0x0001, 0x18C5, 0x0031,
    0xCE59, 0x0001, 0x18C5, 0x0012, 0x8000, 0x0002, 0x9800, 0x0001, 0xC820, 0x0001, 0xF140, 0x0002,
    0xF160, 0x0001, 0xF960, 0x0001, 0xC020, 0x0001, 0x7800, 0x0001, 0x18C5, 0x0008, 0x01DA, 0x0001,
    0x047F, 0x0001, 0x04DD, 0x0001, 0x04BE, 0x0001, 0x03DE, 0x0001, 0x04BE, 0x0001, 0x053E, 0x0001,
    0x04DE, 0x0001, 0x043E, 0x0001, 0x053E, 0x0001, 0x04FE, 0x0001, 0x051E, 0x0001, 0x04FE, 0x0001,
    0x039F, 0x0001, 0x18C5, 0x0032, 0xCE59, 0x0001, 0x18C5, 0x0015, 0x7000, 0x0001, 0xA800, 0x0001,
    0xC840, 0x0001, 0xD920, 0x0001, 0xD900, 0x0001, 0xB800, 0x0001, 0x18C5, 0x0009, 0x01DA, 0x0001,
    0x047F, 0x0001, 0x049D, 0x0001, 0x03BE, 0x0001, 0x039E, 0x0001, 0x055E, 0x0001, 0x04FE, 0x0001,
    0x04DE, 0x0001, 0x045E, 0x0001, 0x053E, 0x0001, 0x04FE, 0x0002, 0x04DE, 0x0001, 0x02BF, 0x0001,
    0x18C5, 0x0032, 0xD6BA, 0x0001, 0x18C5, 0x0024, 0x01DA, 0x0001, 0x049F, 0x0001, 0x03DD, 0x0001,
    0x037E, 0x0001, 0x049E, 0x0001, 0x051E, 0x0002, 0x04DE, 0x0001, 0x03FE, 0x0001, 0x04DE, 0x0001,
    0x051E, 0x0001, 0x04DE, 0x0001, 0x043E, 0x0001, 0x031F, 0x0001, 0x18C5, 0x0032, 0xC618, 0x0001,
    0x18C5, 0x0024, 0x017A, 0x0001, 0x045F, 0x0001, 0x035D, 0x0001, 0x03FE, 0x0001, 0x053E, 0x0001,
    0x04FE, 0x0001, 0x051E, 0x0002, 0x045E, 0x0001, 0x047E, 0x0001, 0x053E, 0x0001, 0x047D, 0x0001,
    0x049F, 0x0001, 0x02DE, 0x0001, 0x18C5, 0x0031, 0xB596, 0x0001, 0x18C5, 0x0026, 0x027F, 0x0001,
    0x035E, 0x0001, 0x04FE, 0x0002, 0x051E, 0x0001, 0x04FE, 0x0001, 0x051E, 0x0001, 0x049E, 0x0002,
    0x04FE, 0x0001, 0x047D, 0x0001, 0x04BF, 0x0001, 0x18C5, 0x0032, 0xB596, 0x0001, 0x18C5, 0x0002,
    0xE160, 0x0001, 0x18C5, 0x0023, 0x011B, 0x0001, 0x03FE, 0x0001, 0x051E, 0x0003, 0x04FE, 0x0001,
    0x051E, 0x0001, 0x049E, 0x0001, 0x045E, 0x0001, 0x047E, 0x0001, 0x053E, 0x0001, 0x03FF, 0x0001,
    0x00DB, 0x0001, 0x18C5, 0x0032, 0xAD75, 0x0001, 0x18C5, 0x0001, 0xD9A0, 0x0001, 0xC1C7, 0x0001,
    0x18C5, 0x0022, 0x023C, 0x0001, 0x04DF, 0x0001, 0x04FD, 0x0001, 0x051E, 0x0002, 0x04FE, 0x0001,
    0x053E, 0x0001, 0x04BE, 0x0001, 0x041E, 0x0001, 0x051D, 0x0001, 0x053F, 0x0001, 0x033F, 0x0001,
    0x18C5, 0x0032, 0xB596, 0x0001, 0x18C5, 0x0002, 0xD180, 0x0001, 0xD30C, 0x0001, 0x18C5, 0x0021,
    0x0118, 0x0001, 0x039E, 0x0001, 0x051E, 0x0005, 0x04FE, 0x0001, 0x047E, 0x0001, 0x051E, 0x0001,
    0x053D, 0x0001, 0x03BF, 0x0001, 0x01BC, 0x0001, 0x18C5, 0x0032, 0xB596, 0x0001, 0x18C5, 0x0002,
    0xE220, 0x0001, 0xCB0D, 0x0001, 0x18C5, 0x0021, 0x01DB, 0x0001, 0x047F, 0x0001, 0x04BD, 0x0001,
    0x051E, 0x0002, 0x04FE, 0x0001, 0x053E, 0x0001, 0x047E, 0x0001, 0x039E, 0x0001, 0x055D, 0x0001,
    0x045E, 0x0001, 0x01BC, 0x0001, 0x18C5, 0x0033, 0xB596, 0x0001, 0x18C5, 0x0002, 0xA021, 0x0001,
    0xD73C, 0x0001, 0x18C5, 0x0021, 0x01BB, 0x0001, 0x045E, 0x0001, 0x04DD, 0x0001, 0x051E, 0x0002,
    0x053E, 0x0001, 0x04DE, 0x0001, 0x03DE, 0x0001, 0x037E, 0x0001, 0x041D, 0x0001, 0x02FF, 0x0001,
    0x18C5, 0x0033, 0xB596, 0x0001, 0x18C5, 0x0003, 0xCC10, 0x0001, 0xE75D, 0x0001, 0x18C5, 0x0021,
    0x013A, 0x0001, 0x03BF, 0x0001, 0x049D, 0x0001, 0x053E, 0x0001, 0x04FE, 0x0001, 0x047E, 0x0002,
    0x043E, 0x0001, 0x037D, 0x0001, 0x023F, 0x0001, 0x01BC, 0x0001, 0x18C5, 0x0033, 0xB596, 0x0001,
    0x18C5, 0x0003, 0xEFFF, 0x0001, 0xE73C, 0x0001, 0x18C5, 0x0022, 0x025D, 0x0001, 0x043E, 0x0001,
    0x045D, 0x0001, 0x041E, 0x0001, 0x045E, 0x0001, 0x051E, 0x0001, 0x045E, 0x0001, 0x033E, 0x0001,
    0x00FC, 0x0001, 0x18C5, 0x0033, 0xB596, 0x0001, 0x18C5, 0x0004, 0xEF5D, 0x0001, 0xD6BA, 0x0001,
    0x18C5, 0x0022, 0x011B, 0x0001, 0x02FE, 0x0001, 0x03DE, 0x0001, 0x045E, 0x0001, 0x051E, 0x0001,
    0x04FE, 0x0001, 0x043E, 0x0001, 0x035F, 0x0001, 0x18C5, 0x0034, 0xB596, 0x0001, 0x18C5, 0x0004,
    0xFFDF, 0x0001, 0xD69A, 0x0001, 0x18C5, 0x0022, 0x02DC, 0x0001, 0x02BD, 0x0001, 0x035D, 0x0001,
    0x055E, 0x0001, 0x051E, 0x0001, 0x04FE, 0x0001, 0x037E, 0x0001, 0x035F, 0x0001, 0x18C5, 0x0034,
    0xB596, 0x0001, 0x18C5, 0x0004, 0xFFFF, 0x0001, 0xBDF7, 0x0001, 0x18C5, 0x0022, 0x025D, 0x0001,
    0x045F, 0x0001, 0x035D, 0x0001, 0x04BE, 0x0001, 0x049E, 0x0001, 0x047E, 0x0001, 0x037E, 0x0001,
    0x033F, 0x0001, 0x18C5, 0x0039, 0xDEFB, 0x0001, 0x18C5, 0x0023, 0x027D, 0x0001, 0x03FF, 0x0001,
    0x033D, 0x0001, 0x03FE, 0x0002, 0x041E, 0x0001, 0x02FF, 0x0001, 0x01DD, 0x0001, 0x18C5, 0x0039,
    0xB596, 0x0001, 0x18C5, 0x0023, 0x01BB, 0x0001, 0x03BF, 0x0001, 0x037E, 0x0001, 0x041E, 0x0002,
    0x037E, 0x0001, 0x02FF, 0x0001, 0x013B, 0x0001, 0x18C5, 0x005D, 0x0014, 0x0001, 0x02BE, 0x0001,
    0x03DE, 0x0001, 0x033D, 0x0001, 0x041E, 0x0001, 0x033E, 0x0001, 0x039F, 0x0001, 0x019C, 0x0001,
    0x18C5, 0x005D, 0x019E, 0x0001, 0x031E, 0x0001, 0x03DE, 0x0001, 0x03BE, 0x0001, 0x049E, 0x0001,
    0x03BE, 0x0001, 0x047D, 0x0001, 0x033F, 0x0001, 0x18C5, 0x005C, 0x013A, 0x0001, 0x03BF, 0x0001,
    0x03BD, 0x0001, 0x041E, 0x0001, 0x04FE, 0x0001, 0x053E, 0x0001, 0x043E, 0x0001, 0x049D, 0x0001,
    0x049E, 0x0001, 0x037F, 0x0001, 0x18C5, 0x005B, 0x01DB, 0x0001, 0x047E, 0x0001, 0x03FD, 0x0001,
    0x043E, 0x0001, 0x051E, 0x0001, 0x04FE, 0x0001, 0x04DE, 0x0001, 0x041E, 0x0001, 0x055D, 0x0001,
    0x043F, 0x0001, 0x18C5, 0x005A, 0x6027, 0x0001, 0x02DF, 0x0001, 0x0C1C, 0x0001, 0x03BE, 0x0001,
    0x043E, 0x0001, 0x051E, 0x0002, 0x04FE, 0x0001, 0x043E, 0x0001, 0x051E, 0x0001, 0x04BD, 0x0001,
    0x031F, 0x0001, 0x18C5, 0x0059, 0xA004, 0x0001, 0x1A99, 0x0001, 0x04DF, 0x0001, 0x031D, 0x0001,
    0x041D, 0x0001, 0x051D, 0x0001, 0x051E, 0x0002, 0x043E, 0x0001, 0x04FD, 0x0001, 0x057F, 0x0001,
    0x29D5, 0x0001, 0x18C5, 0x0059, 0xC000, 0x0001, 0xA883, 0x0001, 0x71AD, 0x0001, 0x02FC, 0x0001,
    0x049F, 0x0001, 0x055F, 0x0001, 0x051E, 0x0001, 0x049E, 0x0001, 0x043D, 0x0001, 0x055F, 0x0001,
    0x3AF5, 0x0001, 0xC820, 0x0001, 0x18C5, 0x0059, 0xB800, 0x0001, 0xE060, 0x0001, 0xF900, 0x0001,
    0x98A5, 0x0001, 0xB0E6, 0x0001, 0x622F, 0x0001, 0x051F, 0x0001, 0x0BFC, 0x0001, 0x03FE, 0x0001,
    0x43B6, 0x0001, 0xF061, 0x0001, 0x18C5, 0x005A, 0x9000, 0x0001, 0xE0A0, 0x0001, 0xF1E0, 0x0001,
    0xC000, 0x0001, 0xF940, 0x0001, 0xE0C0, 0x0001, 0xC041, 0x0001, 0xC861, 0x0002, 0xFA60, 0x0001,
    0xD920, 0x0001, 0x18C5, 0x005B, 0xE8C0, 0x0001, 0xE940, 0x0001, 0xD880, 0x0001, 0xE980, 0x0001,
    0xD8A0, 0x0001, 0xE900, 0x0001, 0xF9A0, 0x0001, 0xFA60, 0x0001, 0xD140, 0x0001, 0x18C5, 0x005C,
    0xD060, 0x0001, 0xD020, 0x0001, 0xE980, 0x0001, 0xE920, 0x0001, 0xD860, 0x0001, 0xF9E0, 0x0001,
    0xE8E0, 0x0001, 0xC900, 0x0001, 0x18C5, 0x005D, 0xB000, 0x0001, 0xD000, 0x0001, 0xD040, 0x0002,
    0xD020, 0x0001, 0xD860, 0x0001, 0xB800, 0x0001, 0x18C5, 0x005E, 0xB020, 0x0001, 0xE8E0, 0x0001,
    0xD860, 0x0001, 0xE960, 0x0001, 0xE0A0, 0x0001, 0xC000, 0x0001, 0x18C5, 0x005E, 0x9800, 0x0001,
    0xD080, 0x0001, 0xD040, 0x0001, 0xD8C0, 0x0001, 0xE8E0, 0x0001, 0xC000, 0x0001, 0x18C5, 0x005F,
    0xC040, 0x0001, 0xD840, 0x0001, 0xD060, 0x0001, 0xD800, 0x0001, 0xC000, 0x0001, 0x18C5, 0x005F,
    0xA800, 0x0001, 0xD880, 0x0001, 0xE0E0, 0x0002, 0xC860, 0x0001, 0x18C5, 0x0060, 0xB000, 0x0001,
    0xD820, 0x0001, 0xD000, 0x0001, 0xE020, 0x0001, 0x18C5, 0x0061, 0xD000, 0x0001, 0xE8E0, 0x0001,
    0xE0E0, 0x0001, 0xE880, 0x0001, 0x18C5, 0x0060, 0xC860, 0x0001, 0xE0C0, 0x0001, 0xD020, 0x0001,
    0xE040, 0x0001, 0xC000, 0x0001, 0x18C5, 0x005F, 0xB800, 0x0001, 0xFA00, 0x0001, 0xD8A0, 0x0001,
    0xD080, 0x0001, 0xE940, 0x0001, 0x18C5, 0x0060, 0xE0A0, 0x0001, 0xFAC0, 0x0001, 0xE160, 0x0001,
    0xE140, 0x0001, 0xE200, 0x0001, 0x18C5, 0x0060, 0xF180, 0x0001, 0xF200, 0x0001, 0xF3A0, 0x0001,
    0xF1C0, 0x0001, 0xA000, 0x0001, 0x18C5, 0x005F, 0xC000, 0x0001, 0xF220, 0x0001, 0xF2E0, 0x0001,
    0xF360, 0x0001, 0xC000, 0x0001, 0x18C5, 0x0060, 0xE080, 0x0001, 0xF320, 0x0001, 0xF3C0, 0x0001,
    0xF320, 0x0001, 0xA800, 0x0001, 0x18C5, 0x005F, 0xB020, 0x0001, 0xF3E0, 0x0001, 0xEB80, 0x0001,
    0xF340, 0x0001, 0xFB80, 0x0001, 0xC800, 0x0001, 0x18C5, 0x005F, 0xD920, 0x0001, 0xF380, 0x0001,
    0xEAA0, 0x0001, 0xF360, 0x0001, 0xFB80, 0x0001, 0xC800, 0x0001, 0x18C5, 0x005E, 0xD0E0, 0x0001,
    0xF420, 0x0001, 0xF2E0, 0x0001, 0xF220, 0x0002, 0xF1E0, 0x0001, 0xA800, 0x0001, 0x18C5, 0x005D,
    0xC800, 0x0001, 0xFAE0, 0x0001, 0xF460, 0x0001, 0xF3A0, 0x0002, 0xF440, 0x0001, 0xF240, 0x0001,
    0xB000, 0x0001, 0x18C5, 0x005D, 0xC800, 0x0001, 0xFB00, 0x0001, 0xF420, 0x0001, 0xF320, 0x0001,
    0xF3E0, 0x0001, 0xF420, 0x0001, 0xFB00, 0x0001, 0xA800, 0x0001, 0x18C5, 0x005D, 0x9000, 0x0001,
    0xF300, 0x0001, 0xF420, 0x0001, 0xEB20, 0x0001, 0xEC00, 0x0001, 0xFC20, 0x0001, 0xE160, 0x0001,
    0x18C5, 0x005F, 0xD160, 0x0001, 0xF3C0, 0x0001, 0xEB80, 0x0001, 0xF480, 0x0001, 0xF240, 0x0001,
    0xA800, 0x0001, 0x18C5, 0x005F, 0x8000, 0x0001, 0xF300, 0x0001, 0xF200, 0x0001, 0xE960, 0x0001,
    0xB000, 0x0001, 0x18C5, 0x0061, 0x9860, 0x0001, 0xB800, 0x0001, 0x18C5, 0x0046,
};

#endif
