#ifndef MCQUEEN_WORKING_FRAMES_H
#define MCQUEEN_WORKING_FRAMES_H

/**
 * Auto-gerado por scripts/mcqueen_export.py (RLE, contrato rle_sprite.h)
 * 16 frame(s), 128x128 pixels
 * Raw: 524,288 bytes, RLE: 212,000 bytes
 * Transparent key: 0x18C5
 */

#include <stdint.h>

#define MCQUEEN_WORKING_WIDTH  128
#define MCQUEEN_WORKING_HEIGHT 128
#define MCQUEEN_WORKING_FRAME_COUNT 16

static const uint32_t mcqueen_working_frame_offsets[17] = {
    0, 6878, 13610, 19872, 25852, 31608, 37590, 43862,
    50624, 57502, 64498, 71382, 78378, 85240, 92198, 99036,
    106000,
};

static const uint16_t mcqueen_working_rle_data[] = {
    0x18C5, 2510, 0x91A7, 5, 0x18C5, 122, 0x7062, 1,
    0x91A7, 8, 0x7062, 1, 0x18C5, 118, 0x7062, 3,
    0x91A7, 9, 0x18C5, 115, 0x8000, 1, 0x7062, 10,
    0x91A7, 5, 0x18C5, 112, 0x8000, 9, 0x7062, 2,
    0x91A7, 10, 0x636E, 2, 0x91A7, 2, 0x7062, 1,
    0x18C5, 16, 0x91A7, 7, 0x18C5, 79, 0x8000, 11,
    0x7062, 6, 0x91A7, 5, 0x636E, 1, 0x91A7, 2,
    0x7062, 1, 0x91A7, 2, 0x636E, 3, 0x91A7, 1,
    0x636E, 4, 0x18C5, 1, 0x91A7, 13, 0x18C5, 77,
    0x8000, 2, 0x7000, 1, 0x8000, 14, 0x7062, 5,
    0x91A7, 26, 0x7062, 4, 0x18C5, 76, 0x7000, 1,
    0x6000, 1, 0x5000, 2, 0x6000, 6, 0x7000, 1,
    0x8000, 12, 0x7062, 9, 0x91A7, 3, 0x7062, 17,
    0x18C5, 75, 0x6000, 2, 0x4800, 1, 0x3800, 2,
    0x5000, 6, 0x6000, 1, 0x7800, 3, 0x8000, 19,
    0x7062, 2, 0x8000, 17, 0x18C5, 75, 0x4800, 2,
    0x3000, 3, 0x6000, 3, 0x3000, 3, 0x4800, 1,
    0x5000, 3, 0x7800, 6, 0x7000, 3, 0x8000, 29,
    0x18C5, 75, 0x3800, 1, 0x3000, 1, 0x6000, 1,
    0x50A3, 1, 0x6000, 7, 0x2000, 1, 0x3000, 4,
    0x5000, 5, 0x6000, 4, 0x8000, 5, 0x7000, 3,
    0x7800, 2, 0x8000, 8, 0x7000, 1, 0x8000, 9,
    0x18C5, 74, 0x50A3, 6, 0x6000, 1, 0x50A3, 1,
    0x6000, 6, 0x2000, 3, 0x3000, 8, 0x4800, 2,
    0x6000, 6, 0x5000, 3, 0x7800, 7, 0x6000, 1,
    0x5000, 2, 0x6000, 5, 0x7000, 1, 0x8000, 2,
    0x18C5, 72, 0x7145, 2, 0x7062, 4, 0x6000, 10,
    0x7000, 2, 0x7800, 1, 0x7062, 1, 0x7145, 2,
    0x2000, 5, 0x3000, 2, 0x4800, 4, 0x3000, 6,
    0x5000, 6, 0x4800, 1, 0x3000, 2, 0x5000, 6,
    0x6000, 1, 0x7800, 1, 0x5000, 1, 0x18C5, 68,
    0x7145, 9, 0x7062, 1, 0x6000, 7, 0x7000, 3,
    0x7800, 1, 0x7062, 4, 0x7145, 6, 0x7062, 2,
    0x91A7, 1, 0x5AEC, 1, 0x2000, 7, 0x3000, 6,
    0x2000, 2, 0x8800, 1, 0x8000, 2, 0x4800, 1,
    0x3000, 3, 0x4800, 1, 0x6000, 1, 0x5000, 1,
    0x18C5, 65, 0x5248, 3, 0x7145, 1, 0x5AEC, 1,
    0x5248, 4, 0x7145, 2, 0x7062, 2, 0x50A3, 1,
    0x6000, 4, 0x7000, 5, 0x7800, 2, 0x7062, 6,
    0x7800, 2, 0x7062, 5, 0x7145, 3, 0x7062, 1,
    0x91A7, 1, 0x7062, 2, 0x7800, 3, 0x8000, 1,
    0x8800, 2, 0x8000, 2, 0x8800, 2, 0x4800, 3,
    0x3000, 3, 0x4800, 2, 0x18C5, 63, 0x7145, 1,
    0x5248, 3, 0x5AEC, 6, 0x5248, 3, 0x7145, 1,
    0x6000, 4, 0x7000, 6, 0x7800, 14, 0x7062, 6,
    0x8000, 1, 0x7800, 3, 0x8000, 5, 0x7062, 1,
    0x98C3, 2, 0x4841, 2, 0x4800, 1, 0x3000, 2,
    0x2000, 1, 0x3000, 2, 0x6000, 1, 0x18C5, 60,
    0x8000, 1, 0x8C0C, 1, 0x8000, 8, 0x91A7, 2,
    0x2925, 2, 0x432E, 1, 0x3187, 1, 0x8000, 1,
    0x7800, 3, 0x432E, 3, 0x7000, 5, 0x7800, 14,
    0x8000, 3, 0x7800, 5, 0x8000, 3, 0x8800, 2,
    0x7062, 1, 0x91A7, 2, 0x4841, 3, 0x3800, 2,
    0x20E4, 2, 0x2000, 1, 0x3000, 1, 0x18C5, 56,
    0x7800, 8, 0x3000, 2, 0x7000, 1, 0x6000, 7,
    0x4800, 5, 0x7800, 2, 0x91A7, 1, 0x7800, 2,
    0x432E, 2, 0x636E, 3, 0x5C32, 2, 0x7000, 6,
    0x7800, 4, 0x8000, 2, 0x7800, 5, 0x7000, 1,
    0x7800, 1, 0x8000, 1, 0x8800, 1, 0x91A7, 2,
    0x5AEC, 4, 0x50A3, 2, 0x4841, 1, 0x3800, 2,
    0x20E4, 2, 0x5248, 1, 0x4947, 1, 0x3000, 1,
    0x18C5, 53, 0x7800, 1, 0x8000, 7, 0x1882, 1,
    0x7B8D, 3, 0x636E, 2, 0x5AEC, 1, 0x636E, 2,
    0xB50D, 1, 0xA489, 1, 0x5AEC, 2, 0x20E4, 2,
    0x2925, 1, 0x6000, 1, 0x5000, 2, 0x4800, 1,
    0x3800, 3, 0x7000, 3, 0x2925, 1, 0x5AEC, 1,
    0x636E, 1, 0x5C32, 2, 0x636E, 3, 0x5C32, 1,
    0x8CB2, 2, 0x7000, 5, 0x7800, 2, 0x7000, 2,
    0x7800, 1, 0x8000, 1, 0x7062, 2, 0x5AEC, 6,
    0x50A3, 3, 0x3800, 2, 0x1882, 2, 0x2925, 1,
    0x5248, 2, 0x4947, 1, 0x3000, 1, 0x18C5, 50,
    0x8000, 1, 0x8800, 6, 0x1926, 1, 0x20E4, 1,
    0x7B8D, 3, 0x91A7, 2, 0x5248, 1, 0x636E, 2,
    0xB50D, 4, 0x636E, 2, 0xA489, 4, 0x20E4, 1,
    0x1882, 1, 0x6000, 2, 0x5000, 2, 0x4800, 1,
    0x3800, 3, 0x7000, 4, 0x7B0A, 1, 0x7000, 2,
    0x6000, 8, 0x7800, 1, 0x7000, 1, 0x8000, 3,
    0x91A7, 2, 0x5AEC, 2, 0x636E, 3, 0x41C9, 1,
    0x50A3, 2, 0x20E4, 4, 0x1882, 1, 0x20E4, 1,
    0x5248, 2, 0x7B0A, 1, 0x5248, 1, 0x4947, 1,
    0x18C5, 48, 0x7800, 2, 0x7062, 1, 0x7145, 6,
    0x2925, 2, 0x5AEC, 1, 0x636E, 3, 0xA489, 1,
    0x41C9, 1, 0x5248, 1, 0x5AEC, 6, 0x7145, 1,
    0xB50D, 1, 0x3A4A, 2, 0x7000, 5, 0x6000, 5,
    0x4800, 2, 0x3800, 2, 0x7000, 4, 0x636E, 1,
    0x6000, 1, 0x636E, 1, 0x6000, 1, 0x636E, 1,
    0x6000, 4, 0x7000, 1, 0x8000, 2, 0x7062, 1,
    0x636E, 6, 0x50A3, 3, 0x4841, 2, 0x20E4, 3,
    0x5248, 3, 0x7B0A, 3, 0x5248, 1, 0x18C5, 47,
    0x8000, 1, 0x7800, 1, 0x7062, 1, 0x7145, 5,
    0x3A4A, 1, 0x636E, 5, 0xB50D, 1, 0xA489, 2,
    0x8C0C, 3, 0xA489, 4, 0x8C0C, 1, 0x5AEC, 3,
    0x7145, 1, 0x7800, 2, 0x7000, 7, 0x6000, 3,
    0x8000, 1, 0x7B8D, 1, 0x7800, 3, 0x636E, 4,
    0x2925, 1, 0x636E, 2, 0x6000, 3, 0x7800, 1,
    0x7062, 2, 0x636E, 6, 0x41C9, 2, 0x20E4, 2,
    0x1882, 1, 0x4841, 1, 0x1882, 1, 0x20E4, 1,
    0x7B0A, 1, 0x5248, 2, 0x7B0A, 4, 0xA489, 1,
    0x18C5, 45, 0x8000, 3, 0x7145, 5, 0x3A4A, 2,
    0x636E, 3, 0x5AEC, 3, 0x636E, 2, 0x8C0C, 1,
    0x5AEC, 3, 0x8C0C, 2, 0xA489, 2, 0x5AEC, 2,
    0x5248, 2, 0x50A3, 2, 0x6000, 1, 0x7000, 8,
    0x7800, 1, 0x91A7, 1, 0x7B0A, 1, 0x20E4, 1,
    0x3800, 1, 0x7800, 1, 0x636E, 1, 0x3A4A, 2,
    0x636E, 1, 0x432E, 1, 0x636E, 1, 0x432E, 1,
    0x3A4A, 1, 0x5AEC, 1, 0x6000, 1, 0x91A7, 2,
    0x636E, 2, 0x8CB2, 2, 0x636E, 2, 0x41C9, 2,
    0x20E4, 4, 0x1882, 3, 0x7B0A, 7, 0x5248, 1,
    0xA489, 1, 0x18C5, 44, 0x8000, 3, 0x7145, 4,
    0x5AEC, 1, 0x3A4A, 2, 0x636E, 3, 0x5AEC, 1,
    0x5248, 2, 0x636E, 1, 0xA489, 1, 0x8C0C, 1,
    0x5AEC, 2, 0x41C9, 1, 0x5AEC, 2, 0xA489, 2,
    0x5AEC, 2, 0x5248, 2, 0x50A3, 3, 0x6000, 4,
    0x7000, 3, 0x8000, 1, 0x91A7, 3, 0x20E4, 2,
    0x5C32, 1, 0x18E4, 1, 0x4841, 1, 0x3A4A, 1,
    0x5C32, 2, 0x8CB2, 1, 0x636E, 2, 0x432E, 1,
    0x20E4, 1, 0x7145, 1, 0x7B8D, 2, 0x636E, 5,
    0x41C9, 2, 0x3187, 2, 0x20E4, 1, 0x2925, 3,
    0x5248, 1, 0x7B0A, 1, 0xA489, 1, 0x7B0A, 5,
    0x5248, 1, 0x7B0A, 1, 0x5248, 1, 0x18C5, 43,
    0x98C3, 1, 0x91A7, 3, 0x5AEC, 1, 0x7B0A, 3,
    0x1882, 1, 0x636E, 4, 0x5AEC, 4, 0xA489, 1,
    0x8C0C, 5, 0xA489, 1, 0x8C0C, 2, 0x5248, 1,
    0x5AEC, 1, 0x5248, 1, 0x50A3, 5, 0x6000, 5,
    0x8800, 2, 0x91A7, 2, 0x20E4, 2, 0x8CB2, 2,
    0x5C32, 1, 0x2925, 1, 0x20E4, 1, 0x432E, 1,
    0x5C32, 4, 0x20E4, 2, 0x636E, 2, 0x7B8D, 2,
    0x636E, 3, 0x3A4A, 2, 0x3187, 1, 0x50A3, 2,
    0x20E4, 1, 0x2925, 2, 0x5248, 1, 0x8C0C, 2,
    0x7B0A, 1, 0xA489, 1, 0x7B0A, 5, 0xA489, 1,
    0x8C0C, 1, 0xB50D, 1, 0x18C5, 42, 0x8000, 2,
    0x91A7, 2, 0x636E, 14, 0x5248, 4, 0x5AEC, 1,
    0x8C0C, 1, 0x5AEC, 4, 0x5248, 3, 0x50A3, 6,
    0x6000, 2, 0x98C3, 1, 0x3187, 2, 0x18E4, 2,
    0x20E4, 1, 0x8CB2, 4, 0x5C32, 1, 0x432E, 1,
    0x2925, 1, 0x432E, 1, 0x636E, 1, 0x5C32, 1,
    0x20E4, 2, 0x636E, 6, 0x5AEC, 1, 0x3A4A, 1,
    0x5248, 1, 0x62EA, 1, 0x3A4A, 1, 0x3187, 1,
    0x20E4, 2, 0x5248, 2, 0x8C0C, 2, 0xA489, 3,
    0x7B0A, 4, 0xA489, 2, 0x7145, 1, 0xB50D, 1,
    0x18C5, 41, 0x0862, 1, 0x1926, 1, 0x3187, 4,
    0x1926, 2, 0x2189, 7, 0x5AEC, 5, 0x636E, 5,
    0x91A7, 1, 0x5AEC, 1, 0x5248, 2, 0x7145, 1,
    0x5248, 1, 0x50A3, 6, 0x6000, 2, 0x91A7, 1,
    0x3187, 2, 0x18E4, 2, 0x8CB2, 7, 0x5AEC, 1,
    0x2925, 1, 0x432E, 1, 0x636E, 1, 0x20E4, 2,
    0x5AEC, 2, 0x636E, 4, 0x5AEC, 1, 0x3A4A, 2,
    0x5248, 1, 0x8C0C, 1, 0x7B0A, 2, 0x20E4, 2,
    0x62EA, 1, 0x8C0C, 1, 0xA489, 5, 0x7B0A, 3,
    0xA489, 2, 0x8C0C, 1, 0x7145, 2, 0x18C5, 40,
    0x2189, 1, 0x3187, 8, 0x41C9, 5, 0x2189, 3,
    0x3187, 1, 0x41C9, 4, 0x2189, 4, 0x91A7, 1,
    0x50A3, 1, 0x5AEC, 7, 0x7145, 3, 0x6000, 1,
    0x8C0C, 1, 0x91A7, 1, 0x18E4, 2, 0x8CB2, 8,
    0x5C32, 1, 0x636E, 1, 0x2925, 2, 0x3A4A, 1,
    0x432E, 1, 0x2925, 1, 0x636E, 6, 0x3A4A, 2,
    0x5248, 2, 0x8C0C, 2, 0x7B0A, 1, 0x41C9, 1,
    0x3187, 1, 0x8C0C, 1, 0xA489, 6, 0x7B0A, 2,
    0xA489, 3, 0x8C0C, 1, 0x7062, 1, 0xA489, 1,
    0x18C5, 40, 0x3187, 2, 0x41C9, 4, 0x3187, 2,
    0x41C9, 22, 0x2189, 1, 0x41C9, 3, 0x6000, 1,
    0x5AEC, 1, 0x7062, 2, 0x91A7, 3, 0x2925, 1,
    0x8CB2, 9, 0x5C32, 2, 0x432E, 1, 0x20E4, 1,
    0x18E4, 1, 0x20E4, 1, 0x636E, 6, 0x5AEC, 1,
    0x3A4A, 3, 0x5248, 1, 0x8C0C, 2, 0xB50D, 2,
    0x62EA, 1, 0xB50D, 1, 0xA489, 6, 0x7B0A, 1,
    0xA489, 3, 0x7B0A, 1, 0x636E, 1, 0xA489, 2,
    0x18C5, 39, 0x3187, 3, 0x41C9, 18, 0x3A4A, 1,
    0x41C9, 1, 0x3A4A, 1, 0x41C9, 10, 0x2189, 3,
    0x0862, 1, 0x0000, 1, 0x91A7, 2, 0x3187, 1,
    0x5C32, 1, 0x8CB2, 5, 0x5C32, 1, 0x8CB2, 2,
    0x5C32, 3, 0x432E, 1, 0x4841, 1, 0x18E4, 1,
    0x91A7, 2, 0x636E, 2, 0x5AEC, 1, 0x636E, 1,
    0x5AEC, 1, 0x5248, 1, 0x3A4A, 2, 0x5248, 1,
    0x8C0C, 2, 0xB50D, 4, 0xA489, 15, 0x18C5, 39,
    0x3187, 3, 0x41C9, 9, 0x62EA, 2, 0x41C9, 8,
    0x3A4A, 1, 0x41C9, 2, 0x2189, 4, 0x41C9, 8,
    0x3A4A, 1, 0x2189, 1, 0x91A7, 1, 0x8C0C, 1,
    0x3187, 1, 0x432E, 1, 0x8CB2, 4, 0x5C32, 7,
    0x636E, 1, 0x5AEC, 1, 0x7062, 1, 0x62EA, 1,
    0x5AEC, 1, 0x636E, 3, 0x5AEC, 3, 0x3A4A, 2,
    0x5248, 1, 0x8C0C, 1, 0xB50D, 6, 0xA489, 3,
    0x7B0A, 1, 0xA489, 5, 0x7B0A, 2, 0xA489, 1,
    0x7B0A, 1, 0xA489, 1, 0x18C5, 38, 0x3187, 1,
    0x41C9, 3, 0x3187, 1, 0x41C9, 1, 0x3187, 1,
    0x41C9, 2, 0x62EA, 1, 0x41C9, 1, 0x62EA, 1,
    0x41C9, 2, 0x2189, 3, 0x41C9, 4, 0x2189, 6,
    0x432E, 2, 0x54F5, 2, 0x2189, 3, 0x41C9, 3,
    0x3A4A, 3, 0x91A7, 2, 0x3187, 1, 0x636E, 1,
    0x8CB2, 4, 0x5C32, 8, 0x2925, 1, 0x7062, 1,
    0x91A7, 1, 0x636E, 5, 0x5AEC, 1, 0x3A4A, 1,
    0x5248, 2, 0x8C0C, 1, 0xB50D, 5, 0xA489, 3,
    0xD5ED, 2, 0x18C5, 1, 0xA489, 4, 0x62EA, 1,
    0x5248, 1, 0x7B0A, 1, 0xA489, 2, 0x91A7, 1,
    0x18C5, 37, 0x3187, 2, 0x1926, 4, 0x2189, 5,
    0x432E, 1, 0x2189, 6, 0x432E, 1, 0x5C32, 1,
    0x3A4A, 1, 0x2189, 2, 0x432E, 2, 0x54F5, 8,
    0x432E, 3, 0x2189, 2, 0x3A4A, 3, 0xA001, 1,
    0x8C0C, 1, 0x3187, 1, 0x636E, 1, 0x8CB2, 3,
    0x5C32, 9, 0x5AEC, 1, 0x41C9, 1, 0x636E, 2,
    0x5AEC, 1, 0x636E, 3, 0x5AEC, 3, 0xB50D, 1,
    0xF6CE, 4, 0xD5ED, 6, 0x18C5, 6, 0x62EA, 1,
    0x2925, 1, 0xA489, 2, 0x91A7, 1, 0x7800, 1,
    0x18C5, 37, 0x2189, 1, 0x432E, 2, 0x2189, 3,
    0x432E, 4, 0x5C32, 2, 0x2189, 4, 0x5C32, 3,
    0x54F5, 18, 0x432E, 1, 0x2189, 2, 0x432E, 1,
    0x91A7, 1, 0x8C0C, 1, 0x3187, 1, 0x636E, 1,
    0x5C32, 10, 0x432E, 2, 0x636E, 2, 0x5248, 1,
    0x5AEC, 1, 0x636E, 3, 0x5AEC, 3, 0x8CB2, 1,
    0xF6CE, 5, 0xD5ED, 6, 0x18C5, 7, 0x7000, 1,
    0x62EA, 2, 0x7145, 1, 0x8C0C, 1, 0x18C5, 36,
    0x2189, 1, 0x432E, 9, 0x5C32, 2, 0x2189, 2,
    0x18E4, 1, 0x0862, 1, 0x2189, 2, 0x5C32, 2,
    0x54F5, 7, 0x2189, 3, 0x432E, 1, 0x54F5, 9,
    0x432E, 1, 0x2189, 1, 0x98C3, 1, 0x8C0C, 1,
    0x5AEC, 1, 0x5C32, 10, 0x432E, 2, 0x636E, 1,
    0x5AEC, 2, 0x636E, 4, 0x5AEC, 1, 0x636E, 1,
    0x5AEC, 1, 0x8CB2, 1, 0xF6CE, 4, 0xD5ED, 7,
    0x18C5, 9, 0x3187, 1, 0x8C0C, 1, 0x62EA, 1,
    0x4947, 1, 0x18C5, 36, 0x432E, 10, 0x5C32, 1,
    0x2189, 2, 0x18E4, 2, 0x0000, 1, 0x1926, 1,
    0x2189, 1, 0x5C32, 2, 0x54F5, 5, 0x2189, 2,
    0x18E4, 1, 0x432E, 1, 0x2189, 1, 0x432E, 1,
    0x54F5, 10, 0x432E, 1, 0x2189, 1, 0x636E, 1,
    0x3187, 1, 0x636E, 1, 0x5C32, 5, 0x8CB2, 2,
    0x636E, 2, 0x432E, 1, 0x636E, 1, 0x62EA, 1,
    0x5248, 1, 0x636E, 6, 0x8CB2, 2, 0xF6CE, 6,
    0xD5ED, 5, 0x0862, 2, 0x18C5, 8, 0x5248, 1,
    0x7B0A, 1, 0x62EA, 1, 0x4947, 1, 0x18C5, 35,
    0x432E, 10, 0x5C32, 2, 0x2189, 2, 0x0862, 2,
    0x0000, 1, 0x18E4, 1, 0x2189, 1, 0x5C32, 1,
    0x54F5, 5, 0x2189, 2, 0x18E4, 1, 0x0000, 1,
    0x5248, 1, 0x2189, 2, 0x432E, 1, 0x54F5, 10,
    0x432E, 1, 0x91A7, 1, 0x5AEC, 1, 0x3187, 1,
    0x5C32, 4, 0x8CB2, 1, 0x5C32, 3, 0x3187, 1,
    0x62EA, 1, 0x5248, 1, 0x5AEC, 1, 0x636E, 6,
    0x8CB2, 2, 0xF6CE, 6, 0xD5ED, 5, 0x0862, 2,
    0x3187, 2, 0x7145, 1, 0x50A3, 1, 0x18C5, 5,
    0x2925, 1, 0x7B0A, 1, 0x7145, 1, 0x18C5, 35,
    0x636E, 1, 0x432E, 10, 0x5C32, 2, 0x2189, 1,
    0x432E, 1, 0x2189, 5, 0x5C32, 1, 0x54F5, 4,
    0x5C32, 1, 0x2189, 2, 0x0862, 2, 0x0000, 1,
    0x18E4, 1, 0x2189, 2, 0x54F5, 11, 0x91A7, 1,
    0x3187, 1, 0x432E, 1, 0x5C32, 6, 0x2925, 1,
    0x3187, 1, 0x5AEC, 1, 0x5248, 1, 0x5AEC, 1,
    0x636E, 5, 0x8CB2, 4, 0xF6CE, 5, 0xD5ED, 6,
    0x0862, 2, 0x50A3, 1, 0x3187, 2, 0x91A7, 1,
    0x50A3, 2, 0x18C5, 3, 0x3000, 1, 0x7B0A, 1,
    0x4947, 1, 0x18C5, 33, 0x8CB2, 1, 0x91A7, 1,
    0x3A4A, 2, 0x432E, 9, 0x5C32, 2, 0x2189, 1,
    0x432E, 1, 0x5C32, 1, 0x432E, 3, 0x5C32, 2,
    0x54F5, 5, 0x2189, 1, 0x432E, 2, 0x18E4, 1,
    0x0862, 1, 0x2189, 2, 0x54F5, 12, 0x91A7, 2,
    0x3187, 1, 0x5C32, 4, 0x2925, 2, 0x18E4, 1,
    0x5248, 1, 0x41C9, 1, 0x5AEC, 2, 0x636E, 4,
    0x8CB2, 2, 0x636E, 1, 0x8CB2, 3, 0xF6CE, 5,
    0xD5ED, 4, 0x0862, 2, 0x91A7, 1, 0x3187, 1,
    0x2925, 2, 0x7145, 2, 0x91A7, 1, 0x18C5, 3,
    0x3800, 1, 0x4947, 1, 0x18C5, 33, 0x636E, 1,
    0x91A7, 1, 0x7000, 3, 0x1926, 4, 0x2189, 4,
    0x3A4A, 2, 0x2189, 1, 0x3A4A, 1, 0x432E, 1,
    0x5C32, 1, 0x432E, 2, 0x5C32, 4, 0x54F5, 4,
    0x2189, 1, 0x54F5, 3, 0x432E, 3, 0x54F5, 12,
    0x7145, 1, 0x2925, 1, 0x3187, 1, 0x636E, 1,
    0x5C32, 1, 0x432E, 1, 0x3187, 1, 0x2925, 1,
    0x5AEC, 1, 0x7145, 1, 0x41C9, 1, 0x636E, 1,
    0x5AEC, 4, 0x8CB2, 5, 0xF6CE, 1, 0x8CB2, 1,
    0xF6CE, 1, 0x8CB2, 1, 0xD5ED, 1, 0xF6CE, 1,
    0xD5ED, 5, 0x0862, 2, 0x50A3, 1, 0x91A7, 1,
    0x2925, 2, 0x20E4, 1, 0x2925, 2, 0x91A7, 1,
    0x50A3, 1, 0x18C5, 2, 0x3000, 1, 0x4947, 1,
    0x18C5, 31, 0x636E, 1, 0x7000, 2, 0x91A7, 1,
    0x2000, 1, 0x3000, 3, 0x91A7, 2, 0x7000, 2,
    0x18C5, 1, 0x1926, 2, 0x2189, 4, 0x3A4A, 2,
    0x432E, 1, 0x2189, 4, 0x3A4A, 3, 0x5C32, 2,
    0x432E, 2, 0x54F5, 1, 0x432E, 2, 0x5C32, 1,
    0x54F5, 13, 0x7145, 1, 0x20E4, 1, 0x18E4, 1,
    0x3187, 1, 0x432E, 2, 0x7145, 1, 0x62EA, 1,
    0x4947, 1, 0x41C9, 1, 0x636E, 1, 0x5AEC, 4,
    0x8CB2, 5, 0xF6CE, 12, 0x0862, 1, 0x7145, 1,
    0x3187, 2, 0x1882, 1, 0x20E4, 1, 0x1882, 3,
    0x3187, 1, 0x91A7, 1, 0x18C5, 2, 0x5000, 1,
    0x18C5, 30, 0x8CB2, 1, 0x7000, 1, 0x91A7, 2,
    0x20E4, 1, 0x8800, 1, 0x91A7, 4, 0x636E, 2,
    0x20E4, 3, 0x7145, 1, 0x91A7, 4, 0x7000, 2,
    0x2189, 12, 0x432E, 3, 0x3A4A, 2, 0x2189, 2,
    0x54F5, 12, 0x2925, 1, 0x18E4, 1, 0x3187, 1,
    0x7145, 2, 0x5248, 1, 0x41C9, 1, 0x636E, 2,
    0x5AEC, 3, 0x3A4A, 1, 0x8CB2, 4, 0xF6CE, 14,
    0x0862, 1, 0x91A7, 1, 0x2925, 1, 0x20E4, 1,
    0x2925, 6, 0x50A3, 1, 0x18C5, 2, 0x3800, 1,
    0x18C5, 28, 0xA001, 1, 0x7000, 1, 0x91A7, 1,
    0x2000, 2, 0x8000, 1, 0x5AEC, 2, 0x62EA, 2,
    0x5AEC, 6, 0x636E, 1, 0x5248, 1, 0x2925, 3,
    0x20E4, 2, 0x91A7, 6, 0x7000, 4, 0x6000, 1,
    0x2189, 6, 0x432E, 5, 0x3A4A, 5, 0x2189, 1,
    0x54F5, 3, 0x432E, 1, 0x3187, 1, 0x5AEC, 1,
    0x50A3, 1, 0x62EA, 2, 0x41C9, 1, 0x636E, 2,
    0x5AEC, 3, 0x8CB2, 3, 0xF6CE, 1, 0x8CB2, 2,
    0xF6CE, 4, 0x5C32, 1, 0xF6CE, 4, 0xB50D, 1,
    0xF6CE, 4, 0x3187, 1, 0x7145, 1, 0x20E4, 1,
    0x2925, 1, 0x62EA, 2, 0x4947, 1, 0x2925, 2,
    0x20E4, 1, 0x3187, 1, 0x18C5, 2, 0x3800, 1,
    0x18C5, 26, 0xA001, 1, 0x6000, 1, 0x7145, 1,
    0x2000, 2, 0x7062, 1, 0x5AEC, 3, 0x62EA, 3,
    0x5AEC, 2, 0x7B0A, 1, 0x5AEC, 2, 0x636E, 8,
    0x5248, 2, 0x5AEC, 3, 0x20E4, 3, 0x1882, 1,
    0x20E4, 1, 0x91A7, 2, 0x1882, 2, 0x91A7, 5,
    0x7000, 2, 0x91A7, 1, 0x7000, 2, 0x91A7, 2,
    0x18C5, 2, 0x3A4A, 1, 0x2189, 3, 0x20E4, 1,
    0x7145, 1, 0x5248, 3, 0x636E, 2, 0x5AEC, 3,
    0x8CB2, 2, 0xF6CE, 3, 0x636E, 1, 0x8CB2, 1,
    0xF6CE, 3, 0x5C32, 2, 0x41C9, 1, 0xF6CE, 3,
    0xB50D, 1, 0xF6CE, 3, 0x18E4, 1, 0x3187, 1,
    0x2925, 1, 0x1882, 1, 0x2925, 2, 0x1882, 2,
    0x62EA, 1, 0x2925, 1, 0x20E4, 1, 0x3187, 1,
    0x18C5, 26, 0x8CB2, 1, 0xA001, 1, 0x6000, 1,
    0x7145, 2, 0x2000, 1, 0x7145, 2, 0x636E, 2,
    0x5AEC, 1, 0x62EA, 3, 0x5AEC, 4, 0x636E, 6,
    0x5AEC, 2, 0x636E, 12, 0x7145, 2, 0x5AEC, 2,
    0x2925, 3, 0x5248, 2, 0x5AEC, 1, 0x7062, 2,
    0x8000, 1, 0x4800, 2, 0x6000, 1, 0x3000, 1,
    0x2000, 1, 0x91A7, 2, 0x5000, 1, 0x7145, 2,
    0x5248, 2, 0x636E, 3, 0x5AEC, 2, 0x8CB2, 3,
    0xF6CE, 4, 0x636E, 2, 0xF6CE, 3, 0x5C32, 1,
    0x2925, 1, 0x41C9, 1, 0xF6CE, 3, 0xB50D, 1,
    0xF6CE, 3, 0x1882, 1, 0x3187, 1, 0x20E4, 1,
    0x2925, 1, 0x5248, 1, 0x3800, 1, 0x1882, 3,
    0x62EA, 1, 0x2925, 1, 0x3187, 1, 0x2925, 1,
    0x18C5, 23, 0x8CB2, 2, 0x6000, 1, 0x7145, 2,
    0x2000, 2, 0x2925, 1, 0x636E, 1, 0x5AEC, 1,
    0x636E, 2, 0x5248, 1, 0x41C9, 2, 0x5AEC, 1,
    0x5248, 1, 0x3A4A, 2, 0x636E, 2, 0xB50D, 13,
    0x636E, 14, 0x91A7, 1, 0x7145, 4, 0x7800, 1,
    0x1882, 1, 0x2000, 1, 0x91A7, 2, 0x7145, 3,
    0x41C9, 1, 0x5248, 1, 0x5AEC, 1, 0x636E, 4,
    0x8C0C, 1, 0x8CB2, 2, 0xF6CE, 7, 0x636E, 1,
    0xF6CE, 3, 0xB50D, 1, 0xF6CE, 1, 0x3187, 1,
    0xF6CE, 1, 0xD5ED, 1, 0xF6CE, 1, 0xB50D, 1,
    0xF6CE, 3, 0x2925, 1, 0x91A7, 1, 0x20E4, 1,
    0x62EA, 1, 0x1882, 4, 0x3800, 1, 0x2925, 2,
    0x3187, 1, 0x2925, 1, 0x18C5, 21, 0x8CB2, 2,
    0x98C3, 1, 0x6000, 1, 0x7145, 1, 0x2000, 2,
    0x50A3, 2, 0x5AEC, 1, 0x8C0C, 3, 0xA489, 1,
    0x8C0C, 3, 0xA489, 1, 0x636E, 2, 0xB50D, 1,
    0x5AEC, 5, 0x636E, 1, 0xB50D, 2, 0x636E, 2,
    0x5AEC, 2, 0x636E, 3, 0xB50D, 3, 0x636E, 8,
    0x91A7, 2, 0x7145, 2, 0x5AEC, 1, 0x7800, 2,
    0x2000, 2, 0x91A7, 1, 0x7000, 1, 0x50A3, 3,
    0x41C9, 2, 0x5AEC, 2, 0x636E, 2, 0x8C0C, 1,
    0x5AEC, 2, 0x8CB2, 4, 0xF6CE, 2, 0x8CB2, 1,
    0xF6CE, 3, 0x8C0C, 1, 0xF6CE, 3, 0xB50D, 3,
    0xF6CE, 1, 0xA489, 1, 0xF6CE, 1, 0x7B0A, 1,
    0xF6CE, 3, 0x3187, 1, 0x7145, 1, 0x1882, 1,
    0x2925, 1, 0x3800, 1, 0x1882, 2, 0x0862, 1,
    0x1882, 2, 0x2925, 2, 0x3187, 1, 0x18C5, 19,
    0x8CB2, 1, 0x636E, 1, 0x7062, 1, 0x8000, 1,
    0x7145, 2, 0x2000, 1, 0x3A4A, 1, 0x20E4, 1,
    0x5AEC, 1, 0x636E, 2, 0x8C0C, 1, 0xA489, 2,
    0x8C0C, 1, 0x41C9, 1, 0x5248, 1, 0xA489, 1,
    0x8C0C, 1, 0xB50D, 2, 0x5AEC, 6, 0x636E, 2,
    0x5AEC, 2, 0x636E, 2, 0xB50D, 1, 0x636E, 2,
    0xB50D, 1, 0x636E, 2, 0xB50D, 2, 0x636E, 1,
    0x5AEC, 1, 0x636E, 3, 0x5AEC, 2, 0x7145, 3,
    0x91A7, 1, 0x7800, 1, 0x2000, 1, 0x91A7, 2,
    0x4841, 1, 0x50A3, 2, 0x41C9, 4, 0x5AEC, 2,
    0x636E, 3, 0x5AEC, 1, 0xF6CE, 1, 0x8CB2, 8,
    0x636E, 1, 0xF6CE, 2, 0x8C0C, 1, 0xA489, 1,
    0xF6CE, 3, 0xB50D, 1, 0xD5ED, 1, 0xA489, 2,
    0x5C32, 1, 0x7B0A, 1, 0xF6CE, 2, 0xD5ED, 1,
    0x2925, 3, 0x1882, 7, 0x62EA, 1, 0x2925, 1,
    0x3187, 1, 0x18C5, 17, 0xD5ED, 1, 0x636E, 1,
    0x5AEC, 2, 0x7062, 1, 0x7145, 2, 0x2000, 1,
    0x3187, 2, 0x8C0C, 3, 0xA489, 1, 0x8C0C, 2,
    0xA489, 1, 0x6000, 2, 0x8C0C, 1, 0x62EA, 2,
    0x2925, 1, 0xB50D, 4, 0x5AEC, 2, 0xB50D, 2,
    0x636E, 2, 0x5AEC, 10, 0xB50D, 3, 0x636E, 2,
    0x5AEC, 2, 0x7062, 1, 0x91A7, 1, 0x5AEC, 1,
    0x8000, 2, 0x0862, 1, 0x91A7, 1, 0x50A3, 2,
    0x41C9, 4, 0x5AEC, 3, 0x636E, 5, 0x8CB2, 8,
    0x636E, 3, 0x8CB2, 1, 0xF6CE, 1, 0xB50D, 1,
    0x8CB2, 1, 0xF6CE, 1, 0xD5ED, 2, 0xF6CE, 1,
    0xD5ED, 2, 0xF6CE, 1, 0x5C32, 1, 0xA489, 1,
    0xF6CE, 1, 0xD5ED, 1, 0x1882, 1, 0x2925, 1,
    0x20E4, 1, 0x62EA, 1, 0x3800, 1, 0x1882, 6,
    0x2925, 2, 0x3187, 1, 0x18C5, 16, 0x636E, 3,
    0x91A7, 2, 0x7145, 2, 0x2000, 1, 0x4800, 1,
    0x20E4, 1, 0x636E, 1, 0x8C0C, 1, 0x7B0A, 3,
    0x4800, 2, 0x50A3, 1, 0x8C0C, 2, 0xB50D, 1,
    0x8C0C, 2, 0x2925, 1, 0x3A4A, 1, 0xB50D, 7,
    0x3A4A, 2, 0xB50D, 3, 0x5AEC, 7, 0x8C0C, 1,
    0xB50D, 6, 0x636E, 2, 0x20E4, 1, 0x2000, 1,
    0x91A7, 1, 0x50A3, 1, 0x4841, 1, 0x41C9, 3,
    0x5248, 1, 0x5AEC, 4, 0x636E, 1, 0x5AEC, 1,
    0x636E, 3, 0x8CB2, 7, 0xD5ED, 1, 0x8CB2, 1,
    0x636E, 1, 0xF6CE, 1, 0x3187, 1, 0xF6CE, 1,
    0xD5ED, 1, 0xB50D, 1, 0x5C32, 1, 0xF6CE, 1,
    0xA489, 2, 0xD5ED, 2, 0x3187, 1, 0x1926, 1,
    0x0000, 1, 0xA489, 1, 0xD5ED, 2, 0x18E4, 1,
    0x3187, 1, 0x20E4, 1, 0x4947, 1, 0x1882, 6,
    0x6000, 1, 0x7145, 1, 0x2925, 1, 0x3187, 1,
    0x18C5, 15, 0xB50D, 1, 0x636E, 2, 0x5AEC, 1,
    0x91A7, 1, 0x7145, 2, 0x2000, 1, 0x6000, 2,
    0x3A4A, 1, 0x8C0C, 1, 0x7B0A, 3, 0x5248, 1,
    0x8C0C, 1, 0x7B0A, 4, 0x5248, 1, 0x7B0A, 2,
    0x8C0C, 2, 0x7B0A, 1, 0x20E4, 2, 0x7B0A, 1,
    0xA489, 1, 0x3A4A, 2, 0xB50D, 7, 0x8C0C, 2,
    0xA489, 1, 0xB50D, 2, 0x7062, 1, 0x6000, 1,
    0xB50D, 1, 0xA489, 1, 0x5AEC, 2, 0xB50D, 2,
    0x1882, 1, 0x91A7, 1, 0x7000, 1, 0x50A3, 1,
    0x3187, 2, 0x41C9, 1, 0x5248, 5, 0x5AEC, 1,
    0x636E, 4, 0x8CB2, 10, 0xF6CE, 2, 0x8CB2, 1,
    0x5C32, 1, 0xF6CE, 1, 0xD5ED, 2, 0x3187, 1,
    0xF6CE, 1, 0xA489, 1, 0xD5ED, 1, 0x5C32, 1,
    0x41C9, 1, 0x3187, 1, 0x20E4, 1, 0xA489, 1,
    0xF6CE, 1, 0xD5ED, 2, 0x20E4, 1, 0x3187, 1,
    0x20E4, 1, 0x2925, 1, 0x1882, 3, 0x0862, 1,
    0x1882, 3, 0x2925, 2, 0x3187, 1, 0x18C5, 15,
    0x636E, 1, 0x5AEC, 2, 0x91A7, 1, 0x5000, 1,
    0x7145, 1, 0x2000, 1, 0x5000, 2, 0x5AEC, 1,
    0x41C9, 1, 0x3A4A, 1, 0x8C0C, 2, 0x7B0A, 5,
    0x5248, 1, 0xA489, 1, 0x8C0C, 2, 0x7B0A, 1,
    0x5248, 2, 0x20E4, 2, 0x7B0A, 1, 0x8C0C, 1,
    0x41C9, 2, 0x8C0C, 1, 0x7B0A, 2, 0x2925, 1,
    0x8C0C, 1, 0x7B0A, 1, 0x8C0C, 2, 0x5248, 2,
    0xA489, 1, 0x8C0C, 1, 0x50A3, 1, 0xA489, 2,
    0xB50D, 1, 0x5AEC, 1, 0x91A7, 1, 0x8800, 1,
    0x0862, 2, 0x91A7, 1, 0x4841, 1, 0x3000, 2,
    0x3800, 1, 0x5AEC, 7, 0x636E, 4, 0x8CB2, 10,
    0xF6CE, 2, 0xB50D, 1, 0x8CB2, 1, 0xD5ED, 3,
    0xF6CE, 1, 0x3187, 1, 0xD5ED, 1, 0x7B0A, 1,
    0xD5ED, 1, 0x41C9, 1, 0x20E4, 3, 0xF6CE, 1,
    0xD5ED, 3, 0x2925, 1, 0x3187, 1, 0x20E4, 1,
    0x1882, 8, 0x62EA, 1, 0x3187, 1, 0x2925, 1,
    0x18C5, 14, 0x5AEC, 4, 0x5000, 1, 0x7145, 1,
    0x2000, 1, 0x5000, 2, 0x5AEC, 1, 0x5248, 1,
    0x3187, 2, 0x8C0C, 1, 0x41C9, 2, 0x4800, 1,
    0x4841, 2, 0x7B0A, 1, 0x8C0C, 1, 0x7B0A, 3,
    0x8C0C, 1, 0x5248, 1, 0x8C0C, 3, 0x5248, 1,
    0x20E4, 2, 0x5248, 4, 0x8C0C, 1, 0x5248, 2,
    0x8C0C, 1, 0x3187, 1, 0x3000, 2, 0x41C9, 1,
    0xA489, 4, 0x5AEC, 1, 0x41C9, 1, 0x7000, 1,
    0x2000, 1, 0x7145, 2, 0x50A3, 3, 0x3000, 1,
    0x5AEC, 8, 0x636E, 1, 0x5AEC, 2, 0x8CB2, 1,
    0x636E, 1, 0x8CB2, 6, 0x91A7, 1, 0x636E, 2,
    0xF6CE, 3, 0xD5ED, 4, 0x2925, 1, 0x3187, 1,
    0x8C0C, 1, 0xA001, 1, 0xA489, 1, 0x41C9, 1,
    0xF6CE, 4, 0xA489, 3, 0x2925, 1, 0x3187, 1,
    0x2925, 1, 0x1882, 4, 0x0862, 1, 0x1882, 3,
    0x2925, 1, 0x3187, 1, 0x2925, 1, 0x18C5, 13,
    0x2925, 1, 0x91A7, 1, 0x5AEC, 2, 0x91A7, 1,
    0x7145, 1, 0x2000, 1, 0x6000, 2, 0x50A3, 1,
    0x5248, 2, 0x20E4, 1, 0x7B0A, 1, 0x8C0C, 2,
    0x4800, 4, 0x3800, 1, 0x4800, 2, 0x4947, 1,
    0x3187, 1, 0xA489, 1, 0x8C0C, 2, 0x5248, 1,
    0x8C0C, 3, 0x7B0A, 1, 0x5248, 2, 0x4841, 2,
    0x7B0A, 2, 0xA489, 1, 0x4800, 1, 0x41C9, 2,
    0xA489, 1, 0x4947, 1, 0xA489, 4, 0x5248, 1,
    0x6000, 1, 0x2000, 2, 0x7145, 1, 0x50A3, 2,
    0x41C9, 2, 0x3A4A, 2, 0x5AEC, 3, 0x7B0A, 1,
    0x636E, 1, 0x62EA, 1, 0x7145, 2, 0x3187, 1,
    0x636E, 1, 0x5AEC, 1, 0x636E, 1, 0x8C0C, 1,
    0x8CB2, 5, 0x91A7, 1, 0x3187, 1, 0xD5ED, 1,
    0xF6CE, 2, 0xA489, 2, 0xD5ED, 1, 0x3187, 2,
    0x20E4, 1, 0xA489, 1, 0x41C9, 1, 0xA001, 2,
    0x41C9, 1, 0x3187, 1, 0xA489, 3, 0x2925, 1,
    0xA489, 1, 0x18E4, 1, 0x2925, 1, 0x3187, 1,
    0x2925, 1, 0x1882, 7, 0x2925, 2, 0x3187, 1,
    0x18C5, 13, 0x7062, 1, 0x91A7, 2, 0x8000, 2,
    0x7145, 1, 0x3000, 2, 0x6000, 2, 0x5248, 2,
    0x7145, 1, 0x20E4, 1, 0x8C0C, 3, 0x41C9, 1,
    0x50A3, 1, 0x4947, 1, 0x4800, 8, 0xA489, 5,
    0x7B0A, 2, 0xA489, 1, 0x7B0A, 1, 0x4947, 3,
    0xA489, 4, 0x4800, 1, 0x5248, 1, 0xA489, 3,
    0x3A4A, 1, 0x6000, 1, 0x2000, 2, 0x7145, 1,
    0x4841, 1, 0x50A3, 2, 0x41C9, 2, 0x5AEC, 3,
    0x7B0A, 1, 0x8C0C, 1, 0x636E, 2, 0x50A3, 1,
    0x4841, 1, 0x7145, 1, 0x3187, 1, 0x5AEC, 2,
    0x8C0C, 2, 0x636E, 1, 0x91A7, 1, 0x636E, 1,
    0x8CB2, 1, 0x636E, 1, 0x3187, 1, 0xF6CE, 4,
    0xA489, 2, 0x3187, 1, 0x20E4, 3, 0xA489, 1,
    0x41C9, 1, 0xA001, 1, 0x7062, 1, 0x7B8D, 1,
    0x3187, 4, 0x2925, 1, 0x7B0A, 1, 0x1882, 1,
    0x2925, 3, 0x1882, 5, 0x0862, 1, 0x1882, 1,
    0x62EA, 1, 0x2925, 1, 0x3187, 1, 0x18C5, 12,
    0x7062, 1, 0x2925, 1, 0x8000, 3, 0x5000, 1,
    0x7145, 2, 0x2000, 1, 0x6000, 1, 0x7145, 2,
    0x5248, 1, 0x50A3, 1, 0x1882, 2, 0x8C0C, 3,
    0x50A3, 1, 0x4841, 1, 0x7B0A, 2, 0x4800, 6,
    0x3000, 2, 0x3187, 1, 0x7B0A, 3, 0xA489, 2,
    0x7B0A, 2, 0xA489, 2, 0x7000, 2, 0x5AEC, 1,
    0xA489, 2, 0x8C0C, 3, 0x5AEC, 1, 0x4841, 1,
    0x2000, 2, 0x7145, 1, 0x50A3, 3, 0x41C9, 3,
    0x3A4A, 1, 0x5AEC, 1, 0x7B0A, 1, 0xB50D, 2,
    0x20E4, 1, 0x2925, 1, 0x7062, 4, 0x2925, 3,
    0x3187, 2, 0x91A7, 1, 0x636E, 1, 0x8CB2, 1,
    0x3187, 1, 0x2925, 1, 0xF6CE, 4, 0xA489, 1,
    0xA001, 1, 0x20E4, 2, 0xF6CE, 2, 0xA489, 1,
    0x41C9, 1, 0xA001, 1, 0x7062, 2, 0x91A7, 1,
    0x3187, 1, 0x7062, 2, 0x2925, 1, 0x7B0A, 1,
    0x18E4, 1, 0x2925, 1, 0x3187, 1, 0x20E4, 1,
    0x1882, 6, 0x3800, 1, 0x2925, 1, 0x20E4, 1,
    0x50A3, 1, 0x18C5, 12, 0x6000, 3, 0x7145, 1,
    0x7062, 1, 0x4841, 2, 0x2000, 1, 0x4800, 1,
    0x5000, 1, 0x41C9, 1, 0x5248, 1, 0x7145, 1,
    0x50A3, 2, 0x1882, 1, 0x3A4A, 1, 0x8C0C, 2,
    0x41C9, 1, 0x4800, 2, 0x4947, 3, 0x4800, 10,
    0x4841, 1, 0x5248, 2, 0x4947, 1, 0x5248, 1,
    0x4841, 2, 0xA489, 2, 0x1882, 1, 0x3A4A, 2,
    0x8C0C, 1, 0x5AEC, 1, 0x4841, 1, 0x2000, 2,
    0x7145, 1, 0x5000, 1, 0x4841, 1, 0x50A3, 1,
    0x41C9, 2, 0x3A4A, 1, 0x5248, 1, 0x5AEC, 1,
    0x7B0A, 2, 0xB50D, 2, 0x4841, 1, 0x18C5, 1,
    0x6000, 1, 0x7800, 1, 0x7062, 1, 0x7800, 1,
    0x2925, 1, 0x20E4, 1, 0x2925, 1, 0x3187, 2,
    0x636E, 1, 0x8CB2, 1, 0x636E, 1, 0x3187, 1,
    0xA489, 1, 0xF6CE, 4, 0xA001, 2, 0xA489, 1,
    0xF6CE, 1, 0xA489, 2, 0x7B0A, 1, 0x2925, 1,
    0x91A7, 1, 0x7062, 4, 0x2925, 2, 0x0862, 1,
    0x4947, 1, 0x2925, 2, 0x3187, 1, 0x20E4, 1,
    0x2925, 1, 0x3800, 1, 0x1882, 5, 0x2925, 1,
    0x20E4, 1, 0x91A7, 1, 0x18C5, 11, 0x7000, 1,
    0x6000, 1, 0x7000, 2, 0x7062, 2, 0x4841, 2,
    0x50A3, 1, 0x4800, 2, 0x4841, 1, 0x41C9, 1,
    0x50A3, 2, 0x4841, 2, 0x4800, 1, 0x3A4A, 1,
    0x7B0A, 1, 0x8C0C, 2, 0x4841, 1, 0x50A3, 1,
    0x4800, 2, 0x3000, 1, 0x4841, 1, 0x4947, 1,
    0x50A3, 1, 0x4841, 1, 0x4800, 1, 0x4841, 3,
    0x50A3, 1, 0x3000, 3, 0x8C0C, 1, 0xA489, 2,
    0x3A4A, 1, 0x20E4, 1, 0x6000, 3, 0x5AEC, 2,
    0x6000, 1, 0x2000, 2, 0x7145, 1, 0x4841, 2,
    0x50A3, 2, 0x41C9, 2, 0x5248, 2, 0x5AEC, 2,
    0xB50D, 2, 0x3187, 1, 0x0862, 1, 0x18C5, 4,
    0x6000, 2, 0x2925, 2, 0x5C32, 1, 0x3187, 2,
    0x636E, 2, 0x2925, 1, 0xF6CE, 5, 0xA001, 1,
    0x7062, 1, 0x3187, 1, 0xA489, 2, 0x3187, 1,
    0x7B0A, 1, 0x20E4, 1, 0x3187, 1, 0x5248, 1,
    0x2925, 2, 0x1882, 3, 0x4947, 1, 0x2925, 3,
    0x3187, 1, 0x20E4, 1, 0x4947, 1, 0x1882, 5,
    0x62EA, 1, 0x2925, 2, 0x50A3, 1, 0x18C5, 11,
    0x7000, 3, 0x8C0C, 1, 0x4947, 1, 0x50A3, 2,
    0x4841, 2, 0x2000, 1, 0x4800, 1, 0x50A3, 1,
    0x41C9, 2, 0x50A3, 1, 0x4841, 3, 0x1882, 2,
    0x3187, 1, 0x5248, 1, 0x62EA, 1, 0x5248, 2,
    0x2925, 1, 0x1882, 1, 0x5AEC, 2, 0x8C0C, 2,
    0x20E4, 2, 0x3187, 1, 0x7B0A, 1, 0x8C0C, 4,
    0x3A4A, 2, 0x1882, 1, 0x6000, 4, 0x7145, 1,
    0x6000, 1, 0x3000, 2, 0x2000, 1, 0x5000, 2,
    0x4841, 1, 0x50A3, 3, 0x41C9, 4, 0x7B0A, 1,
    0xB50D, 1, 0x2925, 1, 0x3187, 1, 0x7800, 1,
    0x0862, 3, 0x3187, 2, 0x18C5, 2, 0x7000, 1,
    0x5AEC, 1, 0x5C32, 1, 0x3187, 1, 0x636E, 1,
    0x8CB2, 1, 0x4841, 1, 0xA489, 1, 0xF6CE, 4,
    0xD5ED, 1, 0xA001, 1, 0x7062, 1, 0x3187, 3,
    0x7062, 1, 0x7B0A, 1, 0x20E4, 1, 0x2925, 1,
    0x0862, 2, 0x1882, 1, 0x4947, 1, 0x3800, 1,
    0x4947, 2, 0x18E4, 1, 0x1926, 1, 0x20E4, 1,
    0x3187, 1, 0x20E4, 1, 0x62EA, 1, 0x2925, 1,
    0x3800, 2, 0x1882, 1, 0x4947, 1, 0x2925, 1,
    0x1882, 1, 0x3187, 1, 0x20E4, 1, 0x18C5, 11,
    0x7000, 1, 0x6000, 1, 0x7062, 1, 0x8C0C, 2,
    0x3187, 1, 0x50A3, 1, 0x4841, 2, 0x4947, 1,
    0x2000, 1, 0x4800, 1, 0x5000, 1, 0x50A3, 1,
    0x4841, 1, 0x50A3, 1, 0x4841, 3, 0x4800, 1,
    0x1882, 3, 0x3187, 2, 0x62EA, 1, 0x7B0A, 1,
    0x62EA, 2, 0x5248, 2, 0x3187, 2, 0x62EA, 2,
    0x5248, 1, 0x1882, 1, 0x0862, 1, 0x6000, 6,
    0x7062, 2, 0x6000, 1, 0x2000, 2, 0x7145, 1,
    0x5000, 1, 0x6000, 1, 0x50A3, 6, 0x41C9, 3,
    0x5AEC, 2, 0x7145, 1, 0x7062, 1, 0x0862, 3,
    0x3187, 3, 0x91A7, 1, 0x50A3, 1, 0x7000, 1,
    0x5AEC, 1, 0x3187, 1, 0x636E, 2, 0x3187, 1,
    0x4841, 1, 0xF6CE, 5, 0xD5ED, 1, 0xA001, 1,
    0x7062, 1, 0x91A7, 1, 0x7062, 2, 0x5248, 1,
    0x4947, 1, 0x0862, 2, 0x4947, 6, 0x18E4, 3,
    0x1926, 1, 0x3187, 1, 0x2925, 2, 0x62EA, 1,
    0x1882, 1, 0x2925, 1, 0x1882, 1, 0x2925, 3,
    0x91A7, 1, 0x18C5, 12, 0x7000, 2, 0xA489, 3,
    0x20E4, 2, 0x4841, 2, 0x4947, 1, 0x0862, 1,
    0x2000, 1, 0x4800, 3, 0x4841, 6, 0x4800, 3,
    0x3800, 1, 0x4800, 3, 0x0862, 2, 0x2000, 1,
    0x3800, 2, 0x4800, 2, 0x3800, 2, 0x4841, 2,
    0x50A3, 3, 0x41C9, 1, 0x4841, 1, 0x4800, 2,
    0x2000, 1, 0x50A3, 1, 0x4841, 1, 0x50A3, 1,
    0x91A7, 1, 0x7062, 1, 0x8800, 1, 0x50A3, 6,
    0x20E4, 1, 0x2925, 1, 0x3187, 2, 0x6000, 1,
    0x0862, 3, 0x7145, 1, 0x3187, 1, 0x2925, 2,
    0x7145, 1, 0x91A7, 1, 0x3187, 1, 0x5AEC, 1,
    0x3187, 3, 0x1882, 1, 0xA489, 1, 0xF6CE, 5,
    0xD5ED, 1, 0x3187, 1, 0x91A7, 1, 0x7062, 1,
    0x5248, 2, 0x0862, 1, 0x4800, 2, 0x4947, 6,
    0x18E4, 5, 0x2925, 1, 0x7145, 1, 0x1882, 1,
    0x2925, 1, 0x5248, 1, 0x62EA, 2, 0x1882, 2,
    0x7145, 1, 0x91A7, 1, 0x18C5, 12, 0x7000, 1,
    0x7145, 1, 0x2925, 1, 0x8C0C, 1, 0xA489, 1,
    0x3187, 1, 0x20E4, 1, 0x4841, 3, 0x41C9, 2,
    0x4947, 1, 0x0862, 1, 0x4800, 2, 0x5000, 2,
    0x4841, 5, 0x5000, 3, 0x4800, 10, 0x4841, 1,
    0x5000, 1, 0x50A3, 2, 0x41C9, 1, 0x50A3, 1,
    0x4800, 2, 0x2000, 1, 0x50A3, 1, 0x4841, 3,
    0x7062, 1, 0x91A7, 2, 0x8800, 2, 0x8000, 3,
    0x50A3, 2, 0x2925, 1, 0x3187, 1, 0x7800, 1,
    0x7062, 1, 0x6000, 1, 0x0862, 2, 0x50A3, 1,
    0x91A7, 1, 0x2925, 2, 0x20E4, 1, 0x2925, 1,
    0x7145, 1, 0x3187, 1, 0x5AEC, 1, 0x3187, 1,
    0x2925, 1, 0x20E4, 1, 0x3800, 1, 0xF6CE, 3,
    0xD5ED, 3, 0x7B0A, 1, 0x2925, 1, 0x5248, 2,
    0x0862, 3, 0x3800, 1, 0x4947, 5, 0x636E, 3,
    0x0000, 1, 0x20E4, 1, 0x18E4, 2, 0x2925, 1,
    0x91A7, 1, 0x20E4, 1, 0x1882, 1, 0x2925, 3,
    0x20E4, 1, 0x2925, 1, 0x50A3, 1, 0x18C5, 13,
    0x6000, 1, 0x91A7, 1, 0x5248, 1, 0xA489, 1,
    0x7B0A, 1, 0x3A4A, 1, 0x3187, 1, 0x20E4, 1,
    0x4841, 4, 0x50A3, 1, 0x0862, 2, 0x3800, 2,
    0x4841, 2, 0x5000, 1, 0x4841, 4, 0x5000, 1,
    0x4841, 1, 0x4800, 9, 0x4841, 2, 0x4800, 2,
    0x50A3, 1, 0x5000, 1, 0x4800, 1, 0x2000, 1,
    0x41C9, 1, 0x4841, 2, 0x50A3, 2, 0x7145, 1,
    0x91A7, 1, 0x7062, 1, 0x8800, 4, 0x8000, 3,
    0xA001, 1, 0x91A7, 1, 0x8000, 1, 0x7062, 1,
    0x6000, 1, 0x0862, 3, 0x7145, 1, 0x3187, 1,
    0x1882, 1, 0x20E4, 1, 0x1882, 1, 0x2925, 2,
    0x7145, 1, 0x20E4, 1, 0x3187, 1, 0x2925, 1,
    0x6000, 1, 0x3800, 1, 0xF6CE, 2, 0xD5ED, 1,
    0xA489, 1, 0xD5ED, 1, 0xA489, 1, 0x7B0A, 1,
    0x0862, 1, 0x5248, 1, 0x0862, 1, 0x1882, 1,
    0x0862, 1, 0x4800, 1, 0x3800, 1, 0x4947, 4,
    0x432E, 3, 0x0000, 1, 0x1926, 1, 0x20E4, 1,
    0x1926, 2, 0x3187, 2, 0x20E4, 2, 0x2925, 1,
    0x1882, 1, 0x20E4, 1, 0x2925, 1, 0x7145, 1,
    0x3187, 1, 0x18C5, 13, 0x4800, 1, 0x5AEC, 1,
    0x3A4A, 1, 0x8C0C, 1, 0x636E, 1, 0x3A4A, 2,
    0x20E4, 1, 0x4841, 6, 0x4947, 1, 0x0862, 4,
    0x3800, 8, 0x4800, 10, 0x0862, 1, 0x2000, 2,
    0x0862, 1, 0x7145, 1, 0x6000, 1, 0x4841, 2,
    0x50A3, 1, 0x41C9, 1, 0x3187, 1, 0xB50D, 4,
    0x8800, 4, 0xA001, 3, 0x8800, 1, 0x7800, 1,
    0x6000, 1, 0x0862, 3, 0x7062, 2, 0x20E4, 1,
    0x2925, 1, 0x62EA, 1, 0x2925, 2, 0x1882, 1,
    0x3187, 1, 0x2925, 1, 0x20E4, 1, 0x2925, 1,
    0x3800, 1, 0x7B0A, 1, 0xD5ED, 3, 0x7B0A, 2,
    0xA489, 2, 0x7B0A, 1, 0x0862, 1, 0x3800, 1,
    0x4800, 3, 0x4947, 1, 0x5C32, 5, 0x3187, 2,
    0x18E4, 1, 0x20E4, 3, 0x18E4, 1, 0x2925, 1,
    0x3187, 1, 0x2925, 2, 0x20E4, 1, 0x2925, 2,
    0x3187, 1, 0x91A7, 1, 0x18C5, 14, 0x4800, 1,
    0x1882, 1, 0x3A4A, 1, 0x7B0A, 1, 0x3A4A, 3,
    0x1882, 1, 0x4841, 4, 0x4800, 2, 0x50A3, 3,
    0x7145, 5, 0x0862, 3, 0x0000, 1, 0x0862, 3,
    0x3000, 5, 0x0862, 3, 0x4947, 1, 0x41C9, 2,
    0x4841, 2, 0x50A3, 2, 0x20E4, 2, 0xB50D, 6,
    0x7062, 1, 0x8800, 1, 0xA001, 5, 0x8800, 1,
    0x7800, 1, 0x8000, 1, 0x18E4, 2, 0x1882, 1,
    0x50A3, 1, 0x2925, 2, 0x62EA, 1, 0x1882, 1,
    0x4947, 1, 0x62EA, 1, 0x2925, 1, 0x20E4, 1,
    0x2925, 1, 0x4841, 1, 0x20E4, 1, 0x3800, 1,
    0xA489, 1, 0xD5ED, 1, 0xA489, 2, 0x3800, 1,
    0x4947, 1, 0x7B0A, 1, 0xA489, 1, 0x4947, 1,
    0x3800, 2, 0x4800, 2, 0x4947, 1, 0x5C32, 5,
    0x18E4, 3, 0x20E4, 2, 0x1926, 1, 0x2925, 1,
    0x1926, 1, 0x20E4, 1, 0x3187, 1, 0x7145, 1,
    0x3187, 3, 0x2925, 1, 0x7145, 1, 0x18C5, 15,
    0x4800, 1, 0x5AEC, 1, 0x0862, 1, 0x3A4A, 1,
    0x432E, 1, 0x5AEC, 1, 0x432E, 1, 0x636E, 1,
    0x2925, 1, 0x7062, 1, 0x4841, 2, 0x4800, 13,
    0x50A3, 7, 0x0000, 1, 0x5000, 1, 0x4841, 1,
    0x7145, 1, 0x50A3, 1, 0x4841, 4, 0x50A3, 2,
    0x20E4, 1, 0x3A4A, 1, 0xB50D, 5, 0xA489, 1,
    0x91A7, 2, 0xA001, 5, 0x8800, 2, 0x8000, 2,
    0x18E4, 2, 0x20E4, 1, 0x3187, 1, 0x1882, 1,
    0x62EA, 1, 0x2925, 1, 0x1882, 3, 0x2925, 1,
    0x20E4, 1, 0x3187, 1, 0x4841, 1, 0x2925, 1,
    0x7B0A, 1, 0xA489, 2, 0x7B0A, 1, 0x4947, 1,
    0x4841, 1, 0x4947, 1, 0x7B0A, 2, 0x4947, 1,
    0x4800, 3, 0x3800, 1, 0x432E, 1, 0x5AEC, 5,
    0x5C32, 2, 0x18E4, 1, 0x0000, 1, 0x18E4, 1,
    0x20E4, 1, 0x18E4, 2, 0x2925, 1, 0x20E4, 1,
    0x91A7, 1, 0x50A3, 1, 0x91A7, 1, 0x50A3, 1,
    0x3187, 2, 0x18C5, 14, 0x5000, 1, 0x4800, 2,
    0x5248, 1, 0x0862, 1, 0x3A4A, 1, 0x432E, 3,
    0x8CB2, 1, 0x3A4A, 1, 0x7000, 3, 0x6000, 3,
    0x4800, 19, 0x4841, 3, 0x50A3, 2, 0x20E4, 1,
    0x5AEC, 1, 0x3A4A, 1, 0x432E, 1, 0xA489, 2,
    0xB50D, 4, 0x41C9, 1, 0xB50D, 1, 0xA001, 6,
    0x8000, 4, 0x18E4, 1, 0x1882, 1, 0x3187, 1,
    0x20E4, 1, 0x1882, 1, 0x4947, 1, 0x3800, 1,
    0x1882, 2, 0x3800, 1, 0x62EA, 1, 0x20E4, 1,
    0x3187, 1, 0x5000, 1, 0x4841, 1, 0xA489, 3,
    0x3800, 2, 0x4947, 1, 0x7B0A, 1, 0x4947, 2,
    0x4800, 4, 0x18E4, 2, 0x2925, 1, 0x1926, 3,
    0x18E4, 1, 0x18C5, 2, 0x0862, 1, 0x8CB2, 1,
    0x2925, 1, 0x18E4, 6, 0x3187, 1, 0x91A7, 1,
    0x3187, 2, 0x18C5, 15, 0x5000, 1, 0x4800, 1,
    0x3000, 1, 0x3800, 1, 0x4800, 1, 0x1882, 2,
    0x432E, 1, 0x5AEC, 1, 0x636E, 1, 0x4841, 1,
    0x5000, 3, 0x6000, 9, 0x7000, 4, 0x4800, 7,
    0x6000, 2, 0x4841, 2, 0x50A3, 2, 0x18E4, 1,
    0x5AEC, 3, 0x8CB2, 2, 0xB50D, 2, 0xF6CE, 1,
    0x8C0C, 1, 0x2925, 2, 0xB50D, 1, 0xA001, 5,
    0x7800, 1, 0x8000, 3, 0x18E4, 3, 0x91A7, 1,
    0x1882, 1, 0x2925, 1, 0x1882, 3, 0x0862, 1,
    0x1882, 1, 0x62EA, 1, 0x2925, 1, 0x3187, 1,
    0x5000, 1, 0x4947, 1, 0xA489, 1, 0x7B0A, 1,
    0x4947, 1, 0x4800, 1, 0x4841, 1, 0x4947, 2,
    0x3800, 1, 0x4800, 3, 0x4841, 1, 0xA489, 1,
    0x1926, 1, 0x41C9, 2, 0x3187, 2, 0x2925, 1,
    0x18E4, 1, 0x18C5, 1, 0x0000, 1, 0x18C5, 10,
    0x18E4, 2, 0x18C5, 16, 0x4800, 2, 0x3000, 1,
    0x3800, 1, 0x4800, 3, 0x1882, 1, 0x0862, 1,
    0x1882, 1, 0x4841, 1, 0x5000, 3, 0x6000, 9,
    0x7000, 10, 0x8000, 1, 0x8800, 2, 0x7062, 2,
    0x3187, 1, 0x8CB2, 1, 0x5C32, 2, 0x8CB2, 4,
    0xF6CE, 1, 0x8CB2, 1, 0xF6CE, 1, 0x8CB2, 1,
    0x2925, 2, 0x8CB2, 1, 0xA001, 3, 0x8000, 2,
    0x7800, 1, 0x8000, 2, 0x7800, 1, 0x1882, 3,
    0x7062, 1, 0x2925, 1, 0x4947, 1, 0x1882, 5,
    0x4947, 1, 0x2925, 1, 0x636E, 1, 0x2925, 1,
    0x7B0A, 2, 0x3800, 2, 0x4800, 2, 0x4947, 2,
    0x4800, 4, 0x18C5, 5, 0x5C32, 3, 0x2925, 1,
    0x0000, 1, 0x0862, 1, 0x18C5, 28, 0x4800, 1,
    0x3000, 2, 0x4800, 4, 0x6000, 3, 0x7000, 2,
    0x4800, 2, 0x6000, 9, 0x7000, 9, 0x8000, 4,
    0x7062, 1, 0x5AEC, 1, 0x8CB2, 1, 0x5C32, 1,
    0x636E, 3, 0x8CB2, 6, 0x41C9, 1, 0x8CB2, 1,
    0x2925, 1, 0xB50D, 1, 0x8800, 1, 0x8000, 7,
    0x7800, 1, 0x1882, 3, 0x3187, 1, 0x2925, 1,
    0x1882, 6, 0x2925, 1, 0x3187, 2, 0x2925, 1,
    0x4947, 2, 0x3800, 2, 0x4800, 1, 0x3800, 2,
    0x4800, 2, 0x4841, 1, 0x18C5, 11, 0x8CB2, 1,
    0x20E4, 1, 0x18C5, 28, 0x4800, 1, 0x3000, 2,
    0x4800, 3, 0x5000, 1, 0x6000, 4, 0x7000, 3,
    0x8000, 5, 0x6000, 3, 0x7000, 10, 0x8000, 4,
    0x7062, 1, 0x20E4, 1, 0x5C32, 1, 0x636E, 2,
    0x2925, 1, 0x20E4, 1, 0x8CB2, 2, 0x20E4, 1,
    0x1926, 3, 0x8CB2, 1, 0xA001, 1, 0x8800, 2,
    0x8000, 4, 0x7800, 2, 0x8000, 2, 0x7800, 1,
    0x1882, 1, 0x18E4, 1, 0x2925, 3, 0x3800, 1,
    0x1882, 5, 0x7B0A, 1, 0x3187, 1, 0x636E, 1,
    0x4947, 2, 0x0862, 2, 0x3800, 1, 0x4800, 1,
    0x3800, 1, 0x4800, 3, 0x18C5, 42, 0x3000, 4,
    0x4800, 1, 0x5000, 1, 0x4800, 2, 0x6000, 2,
    0x7000, 1, 0x6000, 1, 0x7000, 2, 0x8000, 8,
    0x8800, 8, 0x7000, 6, 0x91A7, 2, 0x1882, 2,
    0x20E4, 1, 0x2925, 1, 0x8CB2, 1, 0x2925, 2,
    0x8CB2, 2, 0x8000, 1, 0x7800, 1, 0x8800, 1,
    0x8000, 7, 0x7800, 2, 0x8000, 1, 0x7800, 1,
    0x8000, 1, 0x1882, 1, 0x18E4, 1, 0x2925, 2,
    0x62EA, 1, 0x3800, 1, 0x1882, 5, 0x2925, 2,
    0x3187, 1, 0x4947, 1, 0x3800, 1, 0x0862, 2,
    0x3800, 1, 0x4800, 2, 0x4841, 1, 0x18C5, 45,
    0x3800, 1, 0x3000, 2, 0x4800, 4, 0x6000, 1,
    0x7000, 5, 0x8000, 1, 0x8800, 4, 0x8000, 3,
    0x8800, 9, 0xA001, 3, 0x8800, 12, 0x8000, 2,
    0x7800, 1, 0x8800, 1, 0x8000, 5, 0x7800, 6,
    0x8000, 1, 0x18E4, 2, 0x3187, 1, 0x2925, 1,
    0x5248, 1, 0x1882, 1, 0x20E4, 1, 0x1882, 4,
    0x4947, 1, 0x2925, 1, 0x3187, 1, 0x1882, 1,
    0x0862, 1, 0x1882, 3, 0x4800, 1, 0x4841, 1,
    0x18C5, 46, 0x3000, 1, 0x3800, 1, 0x3000, 1,
    0x4800, 4, 0x6000, 1, 0x7000, 5, 0x8000, 1,
    0x8800, 1, 0xA001, 2, 0x8800, 2, 0xA001, 1,
    0x8800, 1, 0xA001, 8, 0x8800, 1, 0xA001, 3,
    0x8800, 12, 0x8000, 8, 0x7800, 8, 0x18E4, 2,
    0x3187, 1, 0x2925, 1, 0xA489, 1, 0x7000, 1,
    0x20E4, 1, 0x1882, 1, 0x0862, 1, 0x1882, 2,
    0x62EA, 1, 0x20E4, 1, 0x3187, 1, 0x1882, 4,
    0x4800, 1, 0x18C5, 49, 0x3000, 1, 0x3800, 1,
    0x4800, 4, 0x7000, 2, 0x6000, 2, 0x5000, 2,
    0x6000, 1, 0x7000, 2, 0xA001, 2, 0x98C3, 7,
    0xA001, 4, 0x8800, 1, 0xA001, 3, 0x8800, 6,
    0x8000, 1, 0x8800, 5, 0x8000, 8, 0x7800, 7,
    0x1882, 3, 0x2925, 1, 0x20E4, 1, 0xA489, 1,
    0x1882, 6, 0x62EA, 1, 0x20E4, 1, 0x3187, 1,
    0x1882, 2, 0x4800, 1, 0x4841, 1, 0x18C5, 50,
    0x2000, 1, 0x3800, 2, 0x5000, 2, 0x4800, 1,
    0x7000, 1, 0x8000, 1, 0x6000, 1, 0x4800, 1,
    0x3000, 1, 0x2000, 2, 0x3000, 1, 0x7000, 3,
    0x8800, 1, 0x98C3, 2, 0x8000, 1, 0x98C3, 2,
    0xA001, 1, 0x8000, 1, 0xA001, 3, 0x8800, 1,
    0xA001, 5, 0x8800, 4, 0x8000, 1, 0x8800, 6,
    0x8000, 3, 0x7800, 11, 0x18E4, 2, 0x20E4, 1,
    0x2925, 2, 0x4947, 1, 0x3800, 1, 0x1882, 3,
    0x0862, 1, 0x3800, 1, 0x2925, 1, 0x20E4, 1,
    0x2925, 1, 0x4800, 1, 0x4841, 1, 0x18C5, 52,
    0x2000, 1, 0x3000, 1, 0x3800, 1, 0x4800, 1,
    0x5000, 2, 0x7000, 1, 0xA001, 1, 0x4800, 1,
    0x0862, 1, 0x0000, 3, 0x3000, 1, 0x2000, 1,
    0x3000, 2, 0x0862, 2, 0x2000, 3, 0x0862, 1,
    0xA001, 1, 0x8000, 3, 0x7000, 2, 0x7800, 4,
    0x8000, 1, 0x8800, 3, 0x8000, 1, 0x8800, 2,
    0x8000, 2, 0x8800, 4, 0x8000, 1, 0x7800, 12,
    0x2925, 2, 0x18E4, 1, 0x3187, 1, 0x2925, 1,
    0x62EA, 1, 0x3800, 1, 0x1882, 5, 0x2925, 1,
    0x3187, 1, 0x3800, 1, 0x18C5, 55, 0x2000, 1,
    0x3000, 1, 0x4800, 2, 0x5000, 1, 0x7000, 1,
    0xA001, 1, 0x98C3, 2, 0x8000, 1, 0x50A3, 1,
    0x0000, 4, 0x0862, 4, 0x0000, 1, 0x2000, 1,
    0x0862, 2, 0x3000, 8, 0x4800, 1, 0x6000, 1,
    0x8000, 1, 0x8800, 10, 0x8000, 1, 0x7800, 12,
    0x6000, 1, 0x2925, 3, 0x3187, 1, 0x2925, 2,
    0x1882, 5, 0x62EA, 1, 0x1882, 1, 0x7145, 1,
    0x18C5, 56, 0x0000, 1, 0x2000, 1, 0x3000, 2,
    0x4800, 1, 0x5000, 1, 0xA001, 4, 0x8800, 1,
    0x7062, 1, 0x91A7, 1, 0x636E, 2, 0x8CB2, 4,
    0x0000, 1, 0x0862, 4, 0x0000, 7, 0x2000, 1,
    0x1882, 1, 0x6000, 1, 0xA001, 2, 0x8800, 8,
    0x8000, 1, 0x7800, 10, 0x7000, 1, 0x6000, 1,
    0x18E4, 1, 0x1926, 1, 0x2925, 1, 0x1926, 1,
    0x2925, 3, 0x4947, 1, 0x1882, 3, 0x4947, 1,
    0x2925, 2, 0x7145, 1, 0x18C5, 57, 0x0000, 1,
    0x2000, 2, 0x4800, 2, 0x7800, 1, 0x8000, 2,
    0x7800, 1, 0x7000, 1, 0xA001, 1, 0x98C3, 2,
    0x91A7, 1, 0x8CB2, 2, 0xF6CE, 1, 0x8CB2, 6,
    0x636E, 1, 0x7B8D, 1, 0x91A7, 1, 0x3187, 1,
    0x41C9, 1, 0x98C3, 1, 0x7062, 1, 0xA001, 1,
    0x98C3, 3, 0xA001, 2, 0x8800, 7, 0x8000, 1,
    0x7800, 6, 0x7000, 2, 0x6000, 4, 0x1926, 1,
    0x18E4, 2, 0x1926, 1, 0x2925, 1, 0x3187, 1,
    0x2925, 1, 0x62EA, 1, 0x4947, 1, 0x2925, 1,
    0x1882, 1, 0x2925, 2, 0x7145, 1, 0x3187, 1,
    0x18C5, 58, 0x0000, 1, 0x2000, 2, 0x3000, 1,
    0x4800, 1, 0x6000, 4, 0x7000, 2, 0x7800, 2,
    0x8000, 3, 0xF6CE, 1, 0x8CB2, 1, 0xF6CE, 2,
    0x8CB2, 2, 0xB50D, 1, 0x91A7, 1, 0x98C3, 3,
    0xA001, 8, 0x8800, 4, 0x8000, 4, 0x7800, 6,
    0x7000, 1, 0x6000, 1, 0x4800, 3, 0x18E4, 5,
    0x2925, 1, 0x3187, 1, 0x1882, 2, 0x62EA, 3,
    0x1882, 2, 0x91A7, 1, 0x3187, 1, 0x18C5, 60,
    0x2000, 2, 0x3000, 1, 0x4800, 3, 0x6000, 3,
    0x7000, 3, 0x6000, 1, 0x5000, 1, 0xA001, 4,
    0x8800, 4, 0x8000, 2, 0x8800, 3, 0xA001, 6,
    0x8800, 2, 0x8000, 3, 0x7800, 3, 0x7000, 4,
    0x6000, 4, 0x3000, 1, 0x2000, 2, 0x18E4, 2,
    0x1926, 2, 0x20E4, 1, 0x18E4, 1, 0x91A7, 1,
    0x20E4, 1, 0x1882, 1, 0x2925, 3, 0x20E4, 1,
    0x2925, 1, 0x50A3, 1, 0x18C5, 63, 0x2000, 1,
    0x3000, 3, 0x4800, 7, 0x5000, 2, 0x4800, 1,
    0x5000, 2, 0x6000, 3, 0x7000, 1, 0x7800, 2,
    0x8000, 3, 0xA001, 7, 0x7800, 2, 0x6000, 4,
    0x7000, 1, 0x6000, 2, 0x4800, 3, 0x3800, 1,
    0x3000, 2, 0x2000, 3, 0x18E4, 1, 0x20E4, 2,
    0x1926, 3, 0x3187, 2, 0x2925, 1, 0x1882, 2,
    0x20E4, 1, 0x2925, 1, 0x91A7, 1, 0x18C5, 68,
    0x3000, 7, 0x3800, 1, 0x3000, 5, 0x3800, 1,
    0x4800, 1, 0x5000, 4, 0x8000, 9, 0x7800, 2,
    0x4800, 4, 0x6000, 2, 0x3000, 1, 0x2000, 7,
    0x3800, 1, 0x20E4, 1, 0x18E4, 1, 0x20E4, 2,
    0x2925, 1, 0x1926, 1, 0x18E4, 1, 0x20E4, 1,
    0x50A3, 1, 0x7062, 1, 0x20E4, 1, 0x2925, 2,
    0x3187, 1, 0x50A3, 1, 0x18C5, 74, 0x3000, 2,
    0x2000, 5, 0x3000, 4, 0x5000, 1, 0x6000, 10,
    0x4800, 3, 0x2000, 3, 0x3000, 3, 0x2000, 1,
    0x3800, 1, 0x3000, 2, 0x3800, 1, 0x18E4, 3,
    0x20E4, 1, 0x18E4, 2, 0x20E4, 1, 0x1926, 1,
    0x20E4, 1, 0x2925, 1, 0x1882, 1, 0x50A3, 1,
    0x7145, 1, 0x91A7, 1, 0x3187, 2, 0x7145, 1,
    0x18C5, 85, 0x3000, 2, 0x3800, 10, 0x3000, 1,
    0x2000, 4, 0x18C5, 13, 0x18E4, 8, 0x50A3, 1,
    0x7145, 1, 0x50A3, 1, 0x3187, 1, 0x18C5, 124,
    0x18E4, 2, 0x3187, 1, 0x18C5, 2870, 0x18C5, 2641,
    0x91A7, 3, 0x18C5, 123, 0x7062, 1, 0x7145, 7,
    0x91A7, 1, 0x3800, 1, 0x18C5, 118, 0x7062, 3,
    0x7145, 4, 0x91A7, 4, 0x3800, 1, 0x18C5, 115,
    0x7062, 9, 0x91A7, 5, 0x7145, 1, 0x18C5, 113,
    0x7800, 9, 0x7062, 2, 0x91A7, 2, 0x7145, 8,
    0x5AEC, 2, 0x7145, 2, 0x7062, 1, 0x18C5, 14,
    0x7145, 4, 0x91A7, 5, 0x18C5, 79, 0x7800, 10,
    0x7062, 6, 0x7145, 5, 0x5AEC, 2, 0x7145, 2,
    0x7062, 1, 0x7145, 2, 0x5AEC, 1, 0x7145, 3,
    0x5AEC, 3, 0x7145, 14, 0x7062, 1, 0x18C5, 77,
    0x7800, 12, 0x7062, 1, 0x7800, 4, 0x7062, 5,
    0x7145, 19, 0x7062, 2, 0x7145, 5, 0x7062, 3,
    0x18C5, 77, 0x7000, 1, 0x6000, 1, 0x7000, 1,
    0x6000, 7, 0x7800, 13, 0x7062, 10, 0x7145, 2,
    0x7062, 8, 0x7800, 1, 0x7062, 7, 0x18C5, 77,
    0x6000, 1, 0x4800, 1, 0x3000, 1, 0x5000, 7,
    0x6000, 1, 0x7000, 2, 0x7800, 12, 0x8000, 1,
    0x7800, 7, 0x7062, 2, 0x7800, 4, 0x7062, 1,
    0x7800, 11, 0x18C5, 76, 0x4800, 2, 0x3000, 4,
    0x6000, 2, 0x3000, 3, 0x4800, 1, 0x5000, 2,
    0x7000, 10, 0x7800, 28, 0x18C5, 76, 0x3000, 2,
    0x50A3, 1, 0x6000, 7, 0x2000, 2, 0x3000, 3,
    0x5000, 6, 0x6000, 4, 0x7800, 5, 0x7000, 5,
    0x7800, 7, 0x7000, 1, 0x6000, 3, 0x7800, 6,
    0x18C5, 75, 0x50A3, 6, 0x6000, 1, 0x50A3, 1,
    0x6000, 6, 0x2000, 2, 0x3000, 8, 0x4800, 3,
    0x6000, 6, 0x5000, 4, 0x7000, 5, 0x6000, 1,
    0x5000, 4, 0x6000, 4, 0x7800, 2, 0x18C5, 72,
    0x7145, 3, 0x7062, 4, 0x7000, 2, 0x6000, 8,
    0x7800, 2, 0x8000, 1, 0x7062, 1, 0x7145, 2,
    0x2000, 5, 0x3000, 2, 0x4800, 3, 0x3000, 8,
    0x5000, 4, 0x4800, 1, 0x3000, 5, 0x5000, 3,
    0x6000, 1, 0x7000, 1, 0x18C5, 68, 0x7145, 4,
    0x5AEC, 1, 0x7145, 6, 0x6000, 8, 0x7800, 3,
    0x8000, 1, 0x7062, 4, 0x7145, 6, 0x7062, 1,
    0x7145, 2, 0x5AEC, 1, 0x2000, 8, 0x3000, 4,
    0x2000, 2, 0x8000, 3, 0x5000, 1, 0x3000, 3,
    0x4800, 1, 0x6000, 1, 0x18C5, 66, 0x5248, 3,
    0x5AEC, 8, 0x7062, 3, 0x6000, 4, 0x7000, 2,
    0x7800, 6, 0x8000, 1, 0x7062, 2, 0x8000, 2,
    0x7062, 1, 0x8000, 3, 0x7062, 5, 0x7145, 1,
    0x7062, 4, 0x8000, 1, 0x7800, 2, 0x8000, 1,
    0x8800, 1, 0x8000, 2, 0x8800, 1, 0x98C3, 1,
    0x4841, 1, 0x5000, 3, 0x3000, 3, 0x4800, 1,
    0x18C5, 58, 0x8000, 1, 0x6000, 2, 0x4800, 1,
    0x3800, 2, 0x4800, 1, 0x5000, 8, 0x4800, 2,
    0x7800, 2, 0x18E4, 1, 0x3187, 1, 0x432E, 3,
    0x5C32, 2, 0x7000, 2, 0x7800, 5, 0x8000, 13,
    0x7062, 1, 0x8000, 3, 0x7800, 4, 0x8800, 1,
    0x8000, 2, 0x8800, 2, 0x98C3, 2, 0x4841, 3,
    0x3800, 1, 0x3000, 2, 0x20E4, 1, 0x3000, 2,
    0x18C5, 54, 0x8000, 7, 0x2000, 1, 0x5AEC, 2,
    0x7B8D, 6, 0x636E, 2, 0x7062, 2, 0x6000, 3,
    0x4800, 4, 0x7800, 2, 0x91A7, 1, 0x2925, 1,
    0x636E, 1, 0x5C32, 5, 0x8000, 1, 0x7800, 2,
    0x8000, 1, 0x7800, 1, 0x8000, 10, 0x7800, 4,
    0x8000, 3, 0x98C3, 2, 0x91A7, 2, 0x5AEC, 1,
    0x41C9, 1, 0x4841, 2, 0x3800, 3, 0x20E4, 2,
    0x4947, 1, 0x3000, 1, 0x18C5, 52, 0x8800, 6,
    0x18E4, 2, 0x7B8D, 3, 0x91A7, 2, 0x5AEC, 1,
    0x636E, 2, 0xB50D, 3, 0x5AEC, 1, 0x2925, 1,
    0xA489, 1, 0xB50D, 1, 0xA489, 2, 0xB50D, 1,
    0x18E4, 1, 0x1882, 1, 0x5000, 2, 0x3800, 3,
    0x7000, 3, 0x91A7, 1, 0x432E, 1, 0x636E, 2,
    0x432E, 1, 0x5AEC, 2, 0x3187, 1, 0x7800, 11,
    0x7000, 1, 0x8000, 2, 0x98C3, 2, 0x5AEC, 1,
    0x636E, 4, 0x50A3, 3, 0x3800, 3, 0x20E4, 2,
    0x5248, 1, 0x4947, 1, 0x3000, 1, 0x18C5, 49,
    0x8800, 3, 0x7145, 1, 0x7062, 1, 0x7145, 4,
    0x2925, 1, 0x5AEC, 2, 0x7145, 1, 0x5AEC, 6,
    0x636E, 1, 0x5AEC, 2, 0xB50D, 4, 0x2925, 2,
    0x7000, 3, 0x6000, 4, 0x4800, 5, 0x7000, 3,
    0x6000, 6, 0x5000, 1, 0x6000, 3, 0x7000, 4,
    0x8000, 3, 0x91A7, 1, 0x636E, 5, 0x41C9, 1,
    0x50A3, 3, 0x20E4, 2, 0x1882, 3, 0x5248, 4,
    0x18C5, 47, 0x8000, 2, 0x7062, 2, 0x7145, 4,
    0x2925, 1, 0x636E, 5, 0xB50D, 1, 0xA489, 2,
    0x8C0C, 3, 0xA489, 4, 0x3A4A, 1, 0x62EA, 1,
    0x5AEC, 2, 0x7145, 2, 0x7000, 7, 0x6000, 4,
    0x8000, 1, 0x636E, 1, 0x7800, 2, 0x7000, 2,
    0x636E, 1, 0x7000, 1, 0x636E, 3, 0x6000, 5,
    0x8000, 3, 0x98C3, 2, 0x636E, 5, 0x50A3, 3,
    0x4841, 1, 0x20E4, 2, 0x2925, 2, 0x20E4, 1,
    0x5248, 2, 0x7B0A, 3, 0x18C5, 46, 0x8000, 2,
    0x91A7, 1, 0x7145, 4, 0x3A4A, 2, 0x636E, 3,
    0x5AEC, 1, 0x636E, 4, 0x8C0C, 1, 0x5AEC, 2,
    0x62EA, 1, 0x8C0C, 2, 0xA489, 2, 0x5AEC, 2,
    0x5248, 2, 0x50A3, 2, 0x7000, 9, 0x8000, 1,
    0x91A7, 1, 0x7B0A, 1, 0x636E, 1, 0x3800, 1,
    0x7800, 1, 0x636E, 1, 0x7B8D, 1, 0x3A4A, 1,
    0x20E4, 1, 0x432E, 1, 0x2925, 1, 0x636E, 1,
    0x20E4, 1, 0x6000, 3, 0x8000, 2, 0x7062, 1,
    0x98C3, 1, 0x636E, 1, 0x8CB2, 2, 0x636E, 2,
    0x41C9, 3, 0x20E4, 1, 0x1882, 2, 0x4841, 1,
    0x20E4, 1, 0x2925, 2, 0x5248, 2, 0x7B0A, 4,
    0x18C5, 45, 0x8000, 2, 0x91A7, 2, 0x7145, 2,
    0x5AEC, 1, 0x3A4A, 2, 0x636E, 3, 0x5AEC, 3,
    0x636E, 1, 0xA489, 1, 0x8C0C, 1, 0x5AEC, 2,
    0x41C9, 1, 0x636E, 2, 0xA489, 2, 0x5AEC, 1,
    0x62EA, 1, 0x5248, 1, 0x7145, 2, 0x50A3, 2,
    0x6000, 4, 0x7000, 3, 0x8000, 2, 0x91A7, 2,
    0x20E4, 2, 0x18E4, 2, 0x8000, 1, 0x3A4A, 2,
    0x5C32, 1, 0x636E, 3, 0x432E, 1, 0x18E4, 1,
    0x6000, 1, 0x8000, 1, 0x91A7, 2, 0x7B8D, 1,
    0x8CB2, 2, 0x636E, 3, 0x41C9, 2, 0x20E4, 3,
    0x2925, 1, 0x1882, 3, 0x7B0A, 2, 0x5248, 1,
    0x7B0A, 5, 0x18C5, 43, 0x98C3, 1, 0x91A7, 3,
    0x5AEC, 1, 0x7B0A, 3, 0x1882, 1, 0x636E, 3,
    0x5AEC, 3, 0x636E, 2, 0x8C0C, 5, 0xA489, 2,
    0x8C0C, 1, 0x3A4A, 2, 0x5248, 2, 0x7145, 5,
    0x6000, 5, 0x8800, 2, 0x91A7, 2, 0x20E4, 3,
    0x5C32, 2, 0x2925, 1, 0x20E4, 2, 0x5C32, 4,
    0x636E, 2, 0x18E4, 1, 0x20E4, 1, 0x7B8D, 2,
    0x636E, 5, 0x41C9, 2, 0x3187, 3, 0x20E4, 1,
    0x2925, 3, 0x7B0A, 10, 0x18C5, 42, 0x91A7, 1,
    0x8000, 1, 0x91A7, 2, 0x7B8D, 4, 0x636E, 10,
    0x3A4A, 4, 0x62EA, 2, 0x636E, 1, 0x62EA, 2,
    0x5248, 4, 0x7145, 5, 0x50A3, 1, 0x6000, 2,
    0x98C3, 1, 0x3187, 1, 0x91A7, 1, 0x18E4, 1,
    0x20E4, 2, 0x5C32, 3, 0x8CB2, 1, 0x5C32, 1,
    0x432E, 1, 0x20E4, 1, 0x5C32, 4, 0x20E4, 2,
    0x5AEC, 1, 0x7B8D, 3, 0x636E, 3, 0x3A4A, 1,
    0x41C9, 2, 0x3187, 1, 0x50A3, 1, 0x20E4, 2,
    0x2925, 1, 0x20E4, 1, 0x5248, 1, 0x8C0C, 1,
    0x7B0A, 1, 0xA489, 2, 0x7B0A, 5, 0xA489, 1,
    0x8C0C, 1, 0x18C5, 41, 0x0862, 1, 0x1926, 1,
    0x3187, 3, 0x1926, 3, 0x2189, 5, 0x1926, 4,
    0x5AEC, 3, 0x636E, 5, 0x91A7, 1, 0x636E, 1,
    0x5248, 1, 0x7145, 4, 0x5248, 2, 0x7145, 2,
    0x6000, 3, 0x91A7, 1, 0x3187, 1, 0x18E4, 3,
    0x8CB2, 2, 0x5C32, 1, 0x8CB2, 4, 0x432E, 1,
    0x2925, 1, 0x432E, 1, 0x636E, 1, 0x5C32, 1,
    0x20E4, 2, 0x636E, 6, 0x5AEC, 1, 0x41C9, 1,
    0x5248, 3, 0x20E4, 1, 0x3187, 1, 0x20E4, 2,
    0x5248, 1, 0x8C0C, 2, 0xA489, 4, 0x7B0A, 4,
    0xA489, 2, 0x8C0C, 1, 0x18C5, 40, 0x1926, 1,
    0x3187, 2, 0x2189, 1, 0x3187, 5, 0x41C9, 7,
    0x3187, 2, 0x41C9, 6, 0x2189, 4, 0x5AEC, 2,
    0x7145, 2, 0x5AEC, 3, 0x7145, 3, 0x6000, 1,
    0x91A7, 1, 0x2925, 1, 0x18E4, 2, 0x8CB2, 8,
    0x5C32, 1, 0x636E, 1, 0x3A4A, 1, 0x2925, 1,
    0x636E, 1, 0x432E, 1, 0x2925, 1, 0x5AEC, 1,
    0x636E, 6, 0x41C9, 3, 0x8C0C, 2, 0x7B0A, 1,
    0x20E4, 2, 0x3187, 1, 0x8C0C, 1, 0xA489, 5,
    0x7B0A, 4, 0xA489, 3, 0x7145, 1, 0x18C5, 40,
    0x3187, 8, 0x41C9, 23, 0x2189, 4, 0x6000, 1,
    0x7062, 1, 0x6000, 1, 0x91A7, 3, 0x5C32, 1,
    0x8CB2, 10, 0x5C32, 1, 0x2925, 1, 0x20E4, 1,
    0x3A4A, 1, 0x20E4, 1, 0x5248, 1, 0x5AEC, 2,
    0x636E, 4, 0x5AEC, 1, 0x41C9, 1, 0x5248, 3,
    0x8C0C, 1, 0x7B0A, 1, 0x41C9, 1, 0x3187, 1,
    0x8C0C, 1, 0xA489, 6, 0x7B0A, 3, 0xA489, 3,
    0x8C0C, 1, 0x7145, 1, 0x18C5, 39, 0x3187, 9,
    0x41C9, 20, 0x2189, 3, 0x41C9, 1, 0x2189, 5,
    0x98C3, 1, 0x91A7, 1, 0x8C0C, 1, 0x20E4, 1,
    0x5C32, 1, 0x8CB2, 5, 0x5C32, 1, 0x8CB2, 2,
    0x5C32, 3, 0x432E, 1, 0x3187, 1, 0x18E4, 2,
    0x7B0A, 2, 0x636E, 4, 0x5AEC, 1, 0x41C9, 2,
    0x3A4A, 1, 0x8C0C, 3, 0xB50D, 2, 0x62EA, 2,
    0xA489, 5, 0x7B0A, 1, 0xA489, 6, 0x7B8D, 1,
    0x7062, 1, 0x18C5, 39, 0x3187, 8, 0x41C9, 4,
    0x5248, 2, 0x41C9, 9, 0x2189, 1, 0x41C9, 1,
    0x2189, 11, 0x3A4A, 1, 0x2189, 1, 0x91A7, 2,
    0x8C0C, 1, 0x3187, 1, 0x432E, 1, 0x8CB2, 3,
    0x5C32, 8, 0x636E, 1, 0x50A3, 1, 0x20E4, 1,
    0x91A7, 2, 0x636E, 4, 0x5AEC, 2, 0x5248, 4,
    0x8C0C, 1, 0xB50D, 5, 0xA489, 4, 0x7B0A, 1,
    0xA489, 6, 0x7B0A, 2, 0xA489, 1, 0x18C5, 38,
    0x3187, 1, 0x41C9, 3, 0x3187, 1, 0x1926, 4,
    0x2189, 1, 0x41C9, 1, 0x2189, 11, 0x432E, 1,
    0x3A4A, 2, 0x432E, 1, 0x5C32, 1, 0x432E, 5,
    0x2189, 2, 0x41C9, 1, 0x2189, 2, 0x3A4A, 3,
    0x8C0C, 1, 0x91A7, 1, 0x636E, 1, 0x8CB2, 5,
    0x5C32, 7, 0x636E, 1, 0x2925, 1, 0x7062, 1,
    0x636E, 1, 0x5AEC, 1, 0x636E, 3, 0x5AEC, 2,
    0x5248, 1, 0x41C9, 1, 0x3A4A, 1, 0x8C0C, 2,
    0xB50D, 5, 0xA489, 5, 0x7B0A, 1, 0xA489, 5,
    0x7B0A, 3, 0xA489, 1, 0x18C5, 38, 0x3187, 1,
    0x1926, 4, 0x2189, 3, 0x432E, 1, 0x2189, 6,
    0x5C32, 2, 0x432E, 1, 0x5C32, 1, 0x432E, 2,
    0x54F5, 1, 0x432E, 1, 0x5C32, 1, 0x54F5, 1,
    0x5C32, 3, 0x54F5, 6, 0x2189, 3, 0x3A4A, 2,
    0x2189, 1, 0x8C0C, 1, 0x2925, 1, 0x3187, 1,
    0x5C32, 1, 0x8CB2, 2, 0x5C32, 8, 0x636E, 2,
    0x432E, 1, 0x5AEC, 1, 0x636E, 5, 0x5AEC, 3,
    0x5248, 2, 0x636E, 1, 0xB50D, 4, 0xA489, 1,
    0xD5ED, 5, 0x18C5, 2, 0xA489, 5, 0x7B0A, 2,
    0xA489, 2, 0x18C5, 37, 0x2189, 1, 0x3A4A, 1,
    0x432E, 2, 0x2189, 3, 0x432E, 2, 0x2189, 1,
    0x1926, 1, 0x2189, 2, 0x1926, 1, 0x5C32, 10,
    0x2189, 1, 0x5C32, 4, 0x54F5, 7, 0x432E, 1,
    0x2189, 3, 0x3A4A, 1, 0x91A7, 1, 0x5AEC, 1,
    0x3187, 1, 0x5C32, 12, 0x432E, 1, 0x2925, 1,
    0x636E, 1, 0x5AEC, 2, 0x636E, 3, 0x5AEC, 3,
    0x636E, 1, 0xF6CE, 6, 0xD5ED, 6, 0x18C5, 5,
    0x62EA, 2, 0x4947, 1, 0xA489, 1, 0x7B0A, 1,
    0x91A7, 1, 0x18C5, 36, 0x2189, 1, 0x432E, 8,
    0x1926, 1, 0x2189, 1, 0x18C5, 1, 0x0862, 1,
    0x1926, 1, 0x2189, 1, 0x432E, 1, 0x5C32, 7,
    0x2189, 4, 0x1926, 1, 0x5C32, 1, 0x432E, 1,
    0x54F5, 9, 0x432E, 1, 0x2189, 2, 0x8C0C, 1,
    0x5AEC, 1, 0x432E, 1, 0x5C32, 10, 0x432E, 2,
    0x636E, 1, 0x5AEC, 1, 0x5248, 1, 0x5AEC, 1,
    0x636E, 2, 0x5AEC, 2, 0x636E, 1, 0x5AEC, 1,
    0x8CB2, 2, 0xF6CE, 4, 0xD5ED, 7, 0x18C5, 8,
    0x3000, 1, 0x62EA, 2, 0x91A7, 1, 0x18C5, 36,
    0x432E, 9, 0x2189, 1, 0x0000, 3, 0x0862, 1,
    0x2189, 2, 0x5C32, 6, 0x2189, 2, 0x18E4, 1,
    0x0862, 1, 0x1926, 1, 0x2189, 1, 0x5C32, 1,
    0x54F5, 12, 0x2189, 1, 0x91A7, 1, 0x636E, 1,
    0x3187, 1, 0x636E, 1, 0x5C32, 4, 0x8CB2, 2,
    0x5C32, 1, 0x636E, 2, 0x432E, 1, 0x636E, 1,
    0x5248, 1, 0x5AEC, 1, 0x636E, 3, 0x5AEC, 1,
    0x636E, 3, 0x8CB2, 1, 0xF6CE, 6, 0xD5ED, 6,
    0x18C5, 9, 0x3000, 1, 0x62EA, 1, 0x8C0C, 1,
    0x7145, 1, 0x18C5, 35, 0x432E, 10, 0x2189, 1,
    0x1926, 1, 0x0862, 2, 0x2189, 2, 0x5C32, 7,
    0x2189, 1, 0x0862, 2, 0x2925, 1, 0x1926, 1,
    0x2189, 2, 0x54F5, 13, 0x98C3, 1, 0x5AEC, 1,
    0x3187, 1, 0x5C32, 4, 0x8CB2, 2, 0x5C32, 2,
    0x636E, 1, 0x5AEC, 1, 0x5248, 2, 0x5AEC, 1,
    0x636E, 6, 0x8CB2, 3, 0xF6CE, 5, 0xD5ED, 6,
    0x0862, 2, 0x2925, 1, 0x18C5, 7, 0x3000, 1,
    0x5248, 1, 0x7B0A, 1, 0x62EA, 1, 0x18C5, 34,
    0x8CB2, 1, 0x432E, 10, 0x5C32, 2, 0x2189, 2,
    0x5C32, 1, 0x432E, 2, 0x5C32, 5, 0x2189, 2,
    0x1926, 1, 0x18E4, 1, 0x0862, 1, 0x2189, 2,
    0x54F5, 14, 0x98C3, 1, 0x91A7, 1, 0x3187, 1,
    0x432E, 1, 0x5C32, 6, 0x2925, 1, 0x18E4, 1,
    0x5AEC, 1, 0x3A4A, 1, 0x636E, 6, 0x8CB2, 4,
    0xF6CE, 7, 0xD5ED, 5, 0x0862, 2, 0x8CB2, 1,
    0x3187, 2, 0x18C5, 5, 0x7000, 1, 0x2925, 1,
    0x8C0C, 1, 0x62EA, 1, 0x18C5, 33, 0x636E, 1,
    0x3A4A, 2, 0x2189, 1, 0x432E, 7, 0x5C32, 3,
    0x432E, 5, 0x5C32, 2, 0x54F5, 1, 0x5C32, 2,
    0x2189, 2, 0x432E, 1, 0x2189, 3, 0x54F5, 1,
    0x432E, 1, 0x54F5, 14, 0x91A7, 1, 0x3187, 1,
    0x5C32, 4, 0x3187, 1, 0x2925, 1, 0x3187, 1,
    0x5248, 1, 0x41C9, 1, 0x5248, 1, 0x5AEC, 2,
    0x636E, 4, 0x8CB2, 2, 0x636E, 1, 0x8CB2, 3,
    0xF6CE, 5, 0xD5ED, 5, 0x0862, 2, 0x50A3, 1,
    0x91A7, 1, 0x50A3, 2, 0x91A7, 1, 0x50A3, 1,
    0x18C5, 3, 0x7800, 1, 0x2925, 1, 0x7B0A, 1,
    0x7145, 1, 0x18C5, 31, 0x636E, 1, 0x91A7, 1,
    0x7800, 3, 0x1926, 7, 0x2189, 1, 0x3A4A, 2,
    0x2189, 1, 0x432E, 4, 0x5C32, 9, 0x2189, 1,
    0x54F5, 3, 0x432E, 1, 0x54F5, 14, 0x91A7, 1,
    0x18E4, 1, 0x3187, 1, 0x636E, 1, 0x432E, 1,
    0x3187, 2, 0x5AEC, 1, 0x5248, 1, 0x7145, 1,
    0x3A4A, 1, 0x5AEC, 5, 0x8CB2, 4, 0xF6CE, 1,
    0x8CB2, 4, 0xD5ED, 1, 0xF6CE, 2, 0xD5ED, 5,
    0x0862, 2, 0x7145, 1, 0x50A3, 2, 0x3187, 1,
    0x50A3, 1, 0x7062, 1, 0x91A7, 1, 0x3187, 1,
    0x18C5, 2, 0x7800, 1, 0x3800, 1, 0x7B0A, 1,
    0x5248, 1, 0x18C5, 29, 0x636E, 1, 0x7800, 1,
    0x91A7, 1, 0x3800, 2, 0x8000, 1, 0x20E4, 1,
    0x4800, 1, 0x91A7, 3, 0x7800, 2, 0x18C5, 1,
    0x2189, 11, 0x3A4A, 3, 0x2189, 4, 0x3A4A, 2,
    0x432E, 2, 0x5C32, 1, 0x54F5, 13, 0x7145, 1,
    0x18E4, 1, 0x3187, 2, 0x432E, 1, 0x7145, 1,
    0x91A7, 1, 0x4947, 1, 0x41C9, 1, 0x636E, 1,
    0x5AEC, 5, 0x8CB2, 6, 0xF6CE, 3, 0x8CB2, 2,
    0xF6CE, 6, 0x0862, 2, 0x50A3, 1, 0x91A7, 1,
    0x2925, 1, 0x20E4, 1, 0x2925, 1, 0x20E4, 1,
    0x3187, 1, 0x7145, 1, 0x3187, 1, 0x18C5, 2,
    0x7800, 1, 0x3800, 1, 0x4947, 1, 0x18C5, 28,
    0x7000, 1, 0x91A7, 1, 0x3800, 2, 0x8800, 1,
    0x636E, 1, 0x91A7, 1, 0x636E, 2, 0x7B0A, 2,
    0x5248, 3, 0x1882, 1, 0x20E4, 2, 0x3000, 1,
    0x91A7, 2, 0x7000, 5, 0x2189, 16, 0x3A4A, 2,
    0x54F5, 9, 0x3187, 1, 0x2925, 1, 0x18E4, 1,
    0x91A7, 1, 0x7145, 1, 0x5AEC, 1, 0x41C9, 1,
    0x5248, 1, 0x636E, 1, 0x5AEC, 4, 0x8CB2, 5,
    0xF6CE, 14, 0x0862, 2, 0x7145, 1, 0x3187, 1,
    0x20E4, 3, 0x1882, 1, 0x20E4, 1, 0x2925, 1,
    0x7145, 1, 0x91A7, 1, 0x18C5, 1, 0x7800, 1,
    0x3000, 1, 0x4947, 1, 0x18C5, 25, 0x7800, 1,
    0x91A7, 2, 0x2000, 1, 0x7800, 2, 0x5AEC, 5,
    0x7B0A, 1, 0x5AEC, 2, 0x636E, 5, 0x5AEC, 3,
    0x3A4A, 1, 0x20E4, 5, 0x91A7, 5, 0x7000, 3,
    0x91A7, 1, 0x7000, 2, 0x1882, 1, 0x2189, 3,
    0x3A4A, 8, 0x2189, 3, 0x432E, 1, 0x3187, 1,
    0x5AEC, 1, 0x41C9, 1, 0x5AEC, 1, 0x5248, 1,
    0x41C9, 1, 0x636E, 2, 0x5AEC, 4, 0x8CB2, 3,
    0xF6CE, 1, 0x8CB2, 2, 0xF6CE, 9, 0xB50D, 1,
    0xF6CE, 4, 0x0862, 1, 0x7062, 2, 0x20E4, 1,
    0x2925, 4, 0x20E4, 1, 0x1882, 1, 0x7145, 1,
    0x50A3, 1, 0x18C5, 1, 0x7000, 1, 0x3000, 1,
    0x18C5, 24, 0x6000, 1, 0x91A7, 2, 0x2000, 2,
    0x7145, 1, 0x636E, 2, 0x5AEC, 6, 0x7B0A, 2,
    0x5AEC, 1, 0x636E, 4, 0x7B8D, 1, 0x636E, 9,
    0x5248, 3, 0x2925, 1, 0x20E4, 2, 0x2925, 3,
    0x1882, 2, 0x3800, 1, 0x20E4, 2, 0x3000, 2,
    0x3800, 1, 0x91A7, 2, 0x2000, 3, 0x91A7, 2,
    0x7000, 2, 0x2925, 1, 0x91A7, 1, 0x5248, 3,
    0x636E, 2, 0x5AEC, 3, 0x8CB2, 3, 0xF6CE, 3,
    0x636E, 1, 0xF6CE, 4, 0x5C32, 2, 0xF6CE, 4,
    0xB50D, 1, 0xF6CE, 4, 0x3187, 1, 0x50A3, 1,
    0x2925, 1, 0x1882, 1, 0x2925, 1, 0x5248, 2,
    0x62EA, 1, 0x2925, 2, 0x3187, 2, 0x18C5, 2,
    0x3800, 1, 0x18C5, 21, 0x8CB2, 1, 0x6000, 1,
    0x91A7, 2, 0x2000, 2, 0x7145, 1, 0x5AEC, 10,
    0x636E, 4, 0x8CB2, 1, 0xB50D, 1, 0x636E, 1,
    0x8CB2, 1, 0xB50D, 5, 0x636E, 1, 0x5AEC, 2,
    0x636E, 9, 0x7B8D, 1, 0x636E, 4, 0x91A7, 2,
    0x7145, 1, 0x7062, 2, 0x8000, 1, 0x7800, 1,
    0x2000, 1, 0x91A7, 2, 0x5000, 1, 0x7145, 2,
    0x5248, 2, 0x5AEC, 1, 0x636E, 3, 0x8C0C, 1,
    0x5AEC, 1, 0x8CB2, 3, 0xF6CE, 5, 0x636E, 2,
    0xF6CE, 3, 0x2925, 2, 0x41C9, 1, 0xF6CE, 3,
    0xB50D, 1, 0xF6CE, 3, 0x18E4, 1, 0x3187, 1,
    0x50A3, 1, 0x1882, 1, 0x2925, 1, 0x4947, 1,
    0x1882, 2, 0x2925, 3, 0x20E4, 1, 0x3187, 1,
    0x18C5, 22, 0x8CB2, 1, 0xA001, 1, 0x91A7, 2,
    0x2000, 2, 0x2925, 1, 0x5AEC, 1, 0x636E, 1,
    0xB50D, 4, 0x636E, 4, 0xB50D, 4, 0x636E, 4,
    0xB50D, 1, 0x636E, 5, 0x5AEC, 1, 0xB50D, 4,
    0x636E, 8, 0x7B8D, 1, 0x636E, 2, 0x91A7, 4,
    0x8000, 2, 0x2000, 1, 0x91A7, 2, 0x50A3, 4,
    0x7145, 1, 0x5248, 1, 0x5AEC, 2, 0x636E, 3,
    0x5AEC, 2, 0x8CB2, 3, 0xF6CE, 6, 0x636E, 2,
    0xF6CE, 3, 0x5C32, 1, 0xF6CE, 1, 0x3187, 1,
    0xF6CE, 3, 0xB50D, 1, 0xF6CE, 3, 0x18E4, 1,
    0x3187, 2, 0x1882, 1, 0x62EA, 1, 0x1882, 1,
    0x3800, 1, 0x1882, 1, 0x3800, 1, 0x4947, 1,
    0x2925, 1, 0x20E4, 1, 0x3187, 1, 0x18C5, 20,
    0x8CB2, 1, 0x7062, 1, 0x5000, 1, 0x7145, 1,
    0x2000, 2, 0x2925, 1, 0x5AEC, 2, 0x636E, 1,
    0xB50D, 2, 0xA489, 2, 0x5248, 1, 0x62EA, 1,
    0xA489, 1, 0x8C0C, 1, 0x7B8D, 1, 0x5AEC, 3,
    0x636E, 1, 0x5AEC, 1, 0x636E, 6, 0xB50D, 4,
    0x5AEC, 3, 0x636E, 1, 0xB50D, 2, 0x636E, 1,
    0x5AEC, 1, 0x636E, 1, 0x7B8D, 1, 0x636E, 2,
    0x5AEC, 2, 0x91A7, 2, 0x5AEC, 1, 0x7800, 1,
    0x2000, 2, 0x91A7, 1, 0x7000, 1, 0x50A3, 3,
    0x41C9, 3, 0x5AEC, 2, 0x636E, 3, 0x8C0C, 2,
    0x8CB2, 5, 0xF6CE, 2, 0x8CB2, 2, 0xF6CE, 2,
    0x8C0C, 2, 0xF6CE, 3, 0xB50D, 1, 0xF6CE, 1,
    0xD5ED, 1, 0xF6CE, 1, 0xD5ED, 1, 0xF6CE, 1,
    0x7B0A, 1, 0xF6CE, 3, 0x3187, 1, 0x91A7, 1,
    0x20E4, 1, 0x2925, 1, 0x4947, 1, 0x1882, 5,
    0x62EA, 1, 0x20E4, 1, 0x3187, 1, 0x2925, 1,
    0x18C5, 16, 0xD5ED, 1, 0x8CB2, 1, 0x5AEC, 1,
    0x7062, 1, 0x6000, 1, 0x7145, 1, 0x2000, 1,
    0x3187, 2, 0x8C0C, 2, 0xB50D, 3, 0x8C0C, 1,
    0xA489, 2, 0x6000, 1, 0xA489, 1, 0xB50D, 1,
    0x62EA, 1, 0x2925, 2, 0xB50D, 4, 0x636E, 1,
    0xB50D, 3, 0x5AEC, 7, 0xB50D, 2, 0x5AEC, 2,
    0xB50D, 3, 0x636E, 4, 0x7062, 1, 0x91A7, 1,
    0x636E, 1, 0x8000, 2, 0x0862, 1, 0x91A7, 1,
    0x50A3, 2, 0x3A4A, 5, 0x5AEC, 3, 0x636E, 1,
    0x5AEC, 1, 0x636E, 2, 0x5AEC, 1, 0x8CB2, 9,
    0x636E, 1, 0xF6CE, 3, 0x8C0C, 1, 0xF6CE, 4,
    0xB50D, 1, 0xD5ED, 1, 0xA489, 2, 0xF6CE, 1,
    0x7B0A, 1, 0xF6CE, 3, 0x2925, 1, 0x7145, 1,
    0x1882, 1, 0x62EA, 1, 0x1882, 2, 0x0862, 1,
    0x1882, 3, 0x62EA, 1, 0x2925, 2, 0x3187, 1,
    0x18C5, 15, 0x636E, 1, 0x8CB2, 1, 0x91A7, 2,
    0x6000, 1, 0x7145, 1, 0x2000, 1, 0x4800, 1,
    0x20E4, 1, 0x636E, 1, 0x8C0C, 3, 0x7B0A, 2,
    0x5000, 1, 0x7145, 1, 0x8C0C, 2, 0xB50D, 1,
    0x7145, 2, 0x2925, 1, 0x5AEC, 1, 0xB50D, 3,
    0x636E, 1, 0xB50D, 3, 0x3A4A, 1, 0x5AEC, 1,
    0xB50D, 3, 0x5AEC, 7, 0x8C0C, 1, 0xB50D, 6,
    0x5C32, 2, 0x20E4, 1, 0x2000, 1, 0x91A7, 1,
    0x50A3, 1, 0x4841, 1, 0x41C9, 3, 0x5AEC, 5,
    0x636E, 1, 0x5AEC, 2, 0x636E, 1, 0x5AEC, 1,
    0x8CB2, 9, 0x636E, 3, 0x3187, 1, 0xD5ED, 1,
    0xF6CE, 1, 0xB50D, 1, 0x8CB2, 1, 0xF6CE, 1,
    0xD5ED, 2, 0xF6CE, 1, 0xD5ED, 2, 0xF6CE, 1,
    0x5C32, 1, 0x7B0A, 1, 0xF6CE, 1, 0xD5ED, 2,
    0x2925, 3, 0x4947, 1, 0x1882, 1, 0x0862, 1,
    0x1882, 4, 0x4947, 1, 0x2925, 2, 0x3187, 1,
    0x18C5, 14, 0x636E, 2, 0x5AEC, 1, 0x91A7, 1,
    0x6000, 1, 0x7145, 1, 0x2000, 1, 0x6000, 2,
    0x5248, 1, 0x8C0C, 3, 0x7B0A, 1, 0x5248, 1,
    0x8C0C, 1, 0x7B0A, 2, 0x8C0C, 2, 0x5248, 1,
    0x8C0C, 2, 0xA489, 2, 0x8C0C, 1, 0x2925, 2,
    0x8C0C, 1, 0xA489, 1, 0x3A4A, 2, 0xB50D, 7,
    0x8C0C, 2, 0xA489, 1, 0xB50D, 1, 0x7062, 2,
    0x6000, 1, 0xB50D, 1, 0xA489, 1, 0x5AEC, 1,
    0xB50D, 3, 0x0862, 1, 0x91A7, 1, 0x4841, 1,
    0x50A3, 1, 0x41C9, 3, 0x5AEC, 3, 0x5248, 1,
    0x5AEC, 2, 0x636E, 4, 0x5AEC, 1, 0x8CB2, 9,
    0xD5ED, 1, 0x8CB2, 1, 0xF6CE, 1, 0x8C0C, 1,
    0x3187, 1, 0xD5ED, 2, 0xB50D, 1, 0x5C32, 1,
    0xF6CE, 1, 0xD5ED, 1, 0xA489, 1, 0xD5ED, 3,
    0x1926, 1, 0x0000, 1, 0xA489, 1, 0xF6CE, 1,
    0xD5ED, 1, 0x1882, 1, 0x3187, 1, 0x20E4, 1,
    0x2925, 1, 0x1882, 7, 0x2925, 3, 0x3187, 1,
    0x18C5, 13, 0x636E, 1, 0x8CB2, 1, 0x5AEC, 2,
    0x6000, 1, 0x7145, 1, 0x2000, 1, 0x6000, 2,
    0x5AEC, 1, 0x41C9, 1, 0x3A4A, 2, 0x8C0C, 1,
    0x7B0A, 4, 0x8C0C, 1, 0x5248, 1, 0xA489, 2,
    0x8C0C, 2, 0x5248, 2, 0x3A4A, 1, 0x20E4, 1,
    0x7B0A, 1, 0x8C0C, 1, 0x41C9, 2, 0x8C0C, 1,
    0x7B0A, 1, 0x2925, 2, 0x8C0C, 1, 0x7B0A, 1,
    0x8C0C, 2, 0x5248, 1, 0xA489, 2, 0x8C0C, 1,
    0x50A3, 1, 0xA489, 1, 0xB50D, 1, 0x636E, 1,
    0x7145, 2, 0x7800, 1, 0x0000, 1, 0x91A7, 1,
    0x5000, 1, 0x4841, 1, 0x3800, 3, 0x5AEC, 6,
    0x636E, 1, 0x5AEC, 1, 0x636E, 2, 0x5AEC, 1,
    0x8CB2, 11, 0xF6CE, 3, 0x8CB2, 1, 0x5C32, 1,
    0xD5ED, 3, 0x3187, 1, 0xF6CE, 1, 0xA489, 2,
    0x5C32, 1, 0x41C9, 1, 0x3187, 1, 0x1926, 1,
    0xA489, 1, 0xF6CE, 1, 0xD5ED, 2, 0x18E4, 1,
    0x3187, 1, 0x20E4, 1, 0x2925, 1, 0x3800, 1,
    0x1882, 6, 0x7B0A, 1, 0x3187, 1, 0x2925, 1,
    0x3187, 1, 0x18C5, 12, 0x5AEC, 4, 0x6000, 1,
    0x7145, 1, 0x2000, 1, 0x6000, 2, 0x5248, 1,
    0x5AEC, 1, 0x3A4A, 2, 0x8C0C, 2, 0x41C9, 1,
    0x5000, 1, 0x4841, 2, 0x41C9, 1, 0xA489, 1,
    0x8C0C, 3, 0xA489, 1, 0x5248, 1, 0x8C0C, 3,
    0x5248, 7, 0x8C0C, 1, 0x5248, 1, 0x8C0C, 2,
    0x3187, 1, 0x3000, 1, 0x5248, 1, 0xA489, 5,
    0x3A4A, 1, 0x7000, 2, 0x2000, 1, 0x7145, 1,
    0x50A3, 4, 0x5AEC, 6, 0x636E, 2, 0x5AEC, 1,
    0x636E, 1, 0x5AEC, 2, 0x8CB2, 2, 0x636E, 1,
    0x8CB2, 6, 0x636E, 2, 0x8CB2, 1, 0xF6CE, 1,
    0xD5ED, 1, 0xB50D, 1, 0xD5ED, 4, 0xA489, 1,
    0x3187, 1, 0xD5ED, 1, 0x7B0A, 1, 0xD5ED, 1,
    0x5C32, 1, 0x20E4, 3, 0xA489, 1, 0xD5ED, 3,
    0x1882, 1, 0x3187, 1, 0x20E4, 1, 0x62EA, 1,
    0x3800, 1, 0x1882, 5, 0x6000, 1, 0x7B0A, 1,
    0x2925, 2, 0x3187, 1, 0x18C5, 11, 0x5AEC, 1,
    0x91A7, 1, 0x5AEC, 1, 0x7145, 1, 0x91A7, 1,
    0x7145, 1, 0x2000, 1, 0x6000, 2, 0x7062, 1,
    0x5AEC, 1, 0x7062, 2, 0x7B0A, 1, 0x8C0C, 2,
    0x5248, 1, 0x4800, 3, 0x3800, 1, 0x4800, 1,
    0x4947, 2, 0x3187, 2, 0x8C0C, 1, 0x5248, 2,
    0x8C0C, 2, 0x7B0A, 3, 0x4841, 3, 0x7B0A, 1,
    0x4947, 2, 0x4800, 1, 0x5248, 1, 0xA489, 1,
    0x4947, 2, 0xA489, 3, 0x5AEC, 1, 0x7000, 2,
    0x2000, 1, 0x7145, 1, 0x4841, 1, 0x50A3, 1,
    0x41C9, 3, 0x5248, 2, 0x5AEC, 3, 0xB50D, 1,
    0x5AEC, 2, 0x7145, 2, 0x3187, 1, 0x636E, 1,
    0x5AEC, 1, 0x636E, 1, 0x5AEC, 1, 0x8CB2, 5,
    0x91A7, 1, 0x636E, 1, 0xB50D, 1, 0xF6CE, 2,
    0xB50D, 1, 0xF6CE, 1, 0xD5ED, 4, 0xA489, 1,
    0x3187, 1, 0x8C0C, 1, 0xA001, 1, 0xA489, 1,
    0x41C9, 1, 0x20E4, 1, 0xF6CE, 3, 0xD5ED, 1,
    0xA489, 2, 0x2925, 1, 0x3187, 1, 0x20E4, 1,
    0x5248, 1, 0x1882, 2, 0x6000, 1, 0x1882, 4,
    0x2925, 4, 0x18C5, 10, 0x7062, 1, 0x91A7, 2,
    0x8000, 2, 0x7145, 1, 0x3000, 3, 0x7000, 1,
    0x5AEC, 1, 0x7145, 2, 0x20E4, 1, 0x3A4A, 1,
    0x8C0C, 2, 0x41C9, 1, 0x4841, 2, 0x41C9, 1,
    0x4800, 8, 0x50A3, 1, 0xA489, 3, 0x7B0A, 2,
    0xA489, 2, 0x4947, 3, 0xA489, 2, 0x4947, 1,
    0x636E, 1, 0xB50D, 2, 0xA489, 1, 0x8C0C, 1,
    0x5AEC, 1, 0x6000, 2, 0x2000, 1, 0x7145, 1,
    0x4841, 1, 0x50A3, 3, 0x5248, 4, 0x7B0A, 2,
    0x8C0C, 1, 0x636E, 1, 0x50A3, 1, 0x2925, 1,
    0x7145, 2, 0x7062, 1, 0x5AEC, 2, 0x8C0C, 2,
    0x636E, 1, 0x8CB2, 1, 0x636E, 1, 0x8CB2, 2,
    0x3187, 2, 0xD5ED, 1, 0xF6CE, 2, 0xB50D, 1,
    0xA489, 1, 0xD5ED, 1, 0x3187, 1, 0x41C9, 1,
    0x3187, 1, 0xF6CE, 1, 0xA489, 1, 0x8C0C, 1,
    0xA001, 2, 0x41C9, 1, 0xF6CE, 2, 0xA489, 4,
    0x20E4, 1, 0x2925, 1, 0x3187, 1, 0x2925, 1,
    0x4947, 1, 0x7000, 1, 0x20E4, 1, 0x6000, 1,
    0x1882, 4, 0x4947, 1, 0x2925, 1, 0x3187, 1,
    0x18C5, 10, 0x7062, 1, 0x3187, 1, 0x8000, 2,
    0x7145, 1, 0x4841, 1, 0x7145, 1, 0x2000, 2,
    0x6000, 1, 0x7145, 1, 0x5248, 2, 0x7062, 1,
    0x20E4, 1, 0x3A4A, 2, 0x8C0C, 1, 0x50A3, 2,
    0x4841, 1, 0x7B0A, 1, 0x4947, 1, 0x50A3, 2,
    0x4800, 4, 0x3000, 4, 0x7B0A, 1, 0xA489, 3,
    0x7B0A, 1, 0xA489, 1, 0x7B0A, 1, 0xA489, 1,
    0x7000, 1, 0x5AEC, 1, 0xB50D, 1, 0xA489, 2,
    0x8C0C, 2, 0x5AEC, 1, 0x4841, 2, 0x2000, 1,
    0x7145, 1, 0x4841, 1, 0x50A3, 2, 0x41C9, 3,
    0x3A4A, 1, 0x5AEC, 2, 0x7B0A, 1, 0xB50D, 2,
    0x20E4, 1, 0x4800, 1, 0x7062, 4, 0x2925, 2,
    0x8C0C, 1, 0x3187, 2, 0x91A7, 1, 0x636E, 3,
    0x3187, 1, 0xA489, 1, 0xF6CE, 3, 0xB50D, 1,
    0xA489, 1, 0x5C32, 1, 0x3187, 1, 0x20E4, 2,
    0xF6CE, 1, 0xA489, 1, 0x41C9, 1, 0xA001, 1,
    0x7062, 1, 0x7B8D, 1, 0x3187, 1, 0xA489, 2,
    0x3187, 1, 0x2925, 1, 0xA489, 1, 0x1882, 1,
    0x2925, 3, 0xA489, 1, 0x7000, 1, 0x1882, 6,
    0x62EA, 1, 0x20E4, 1, 0x3187, 1, 0x18C5, 10,
    0x7000, 3, 0x7145, 1, 0x7062, 1, 0x4841, 1,
    0x50A3, 1, 0x2000, 1, 0x5000, 2, 0x41C9, 2,
    0x7145, 1, 0x7062, 1, 0x20E4, 2, 0x3A4A, 1,
    0x8C0C, 3, 0x4800, 1, 0x4947, 4, 0x50A3, 3,
    0x4800, 6, 0x50A3, 2, 0x5248, 1, 0x4947, 1,
    0x4800, 2, 0xB50D, 2, 0x20E4, 1, 0x7000, 1,
    0x20E4, 2, 0x5AEC, 2, 0x6000, 1, 0x2000, 2,
    0x7145, 1, 0x5000, 1, 0x50A3, 3, 0x41C9, 1,
    0x3A4A, 1, 0x5248, 2, 0x7B0A, 2, 0xB50D, 2,
    0x2925, 1, 0x91A7, 1, 0x18C5, 1, 0x6000, 1,
    0x7800, 3, 0x2925, 1, 0x20E4, 1, 0x2925, 1,
    0x3187, 2, 0x636E, 2, 0x8CB2, 1, 0x3187, 1,
    0x2925, 1, 0xF6CE, 4, 0xB50D, 1, 0xA489, 1,
    0x41C9, 1, 0x20E4, 2, 0xF6CE, 2, 0xA489, 1,
    0x41C9, 1, 0xA001, 1, 0x7062, 2, 0x91A7, 1,
    0x3187, 2, 0x7062, 1, 0x2925, 1, 0x7B0A, 1,
    0x1882, 1, 0x2925, 3, 0x4947, 1, 0x1882, 7,
    0x62EA, 1, 0x20E4, 1, 0x3187, 1, 0x18C5, 10,
    0x7000, 3, 0x7062, 2, 0x4841, 2, 0x50A3, 1,
    0x2000, 1, 0x5000, 1, 0x41C9, 1, 0x50A3, 3,
    0x5000, 2, 0x3187, 1, 0x7B0A, 3, 0x8C0C, 3,
    0x4800, 1, 0x3800, 1, 0x4841, 2, 0x4947, 1,
    0x50A3, 3, 0x4841, 2, 0x50A3, 2, 0x7B0A, 1,
    0x8C0C, 2, 0xA489, 1, 0xB50D, 1, 0x3A4A, 1,
    0x20E4, 1, 0x7000, 3, 0x7145, 1, 0x7062, 1,
    0x6000, 1, 0x2000, 2, 0x4841, 4, 0x50A3, 2,
    0x41C9, 2, 0x5248, 2, 0x5AEC, 1, 0xB50D, 1,
    0x2925, 1, 0x7145, 1, 0x3187, 1, 0x0862, 2,
    0x18C5, 3, 0x6000, 1, 0x5000, 1, 0x2925, 2,
    0x3187, 2, 0x636E, 3, 0x2925, 1, 0xA489, 1,
    0xF6CE, 4, 0x41C9, 1, 0xA001, 1, 0x636E, 1,
    0xA489, 1, 0xF6CE, 1, 0xA489, 3, 0x2925, 1,
    0x91A7, 1, 0x7062, 5, 0x2925, 2, 0x7B0A, 1,
    0x18E4, 1, 0x2925, 1, 0x3187, 1, 0x20E4, 1,
    0x5248, 1, 0x3800, 1, 0x1882, 6, 0x2925, 1,
    0x20E4, 1, 0x3187, 1, 0x18C5, 9, 0x7000, 3,
    0x8C0C, 1, 0x5248, 1, 0x50A3, 1, 0x4841, 2,
    0x5248, 1, 0x2000, 1, 0x5000, 1, 0x50A3, 1,
    0x41C9, 2, 0x50A3, 1, 0x5000, 3, 0x1882, 1,
    0x3187, 1, 0x7B0A, 6, 0x1882, 1, 0x41C9, 1,
    0x7B0A, 3, 0x8C0C, 6, 0x3A4A, 1, 0x1882, 2,
    0x6000, 1, 0x7000, 2, 0x7062, 2, 0x7145, 1,
    0x7000, 1, 0x3800, 3, 0x5000, 2, 0x50A3, 5,
    0x41C9, 2, 0x3A4A, 2, 0xB50D, 1, 0x2925, 1,
    0x3187, 1, 0x7062, 1, 0x0862, 3, 0x8CB2, 1,
    0x3187, 2, 0x18C5, 2, 0x7000, 1, 0x5AEC, 1,
    0x5C32, 1, 0x3187, 1, 0x41C9, 1, 0x8CB2, 1,
    0x636E, 1, 0x2925, 1, 0xF6CE, 5, 0x3187, 1,
    0x7062, 1, 0x636E, 1, 0x3187, 1, 0xA489, 2,
    0x41C9, 1, 0x7B0A, 1, 0x20E4, 1, 0x7062, 3,
    0x2925, 3, 0x1882, 1, 0x0862, 1, 0x2925, 3,
    0x3187, 1, 0x20E4, 1, 0x62EA, 1, 0x3800, 1,
    0x1882, 1, 0x0862, 2, 0x1882, 1, 0x3800, 1,
    0x4947, 1, 0x2925, 1, 0x3187, 1, 0x50A3, 1,
    0x18C5, 9, 0x7000, 2, 0x8C0C, 2, 0x2925, 1,
    0x3187, 1, 0x50A3, 1, 0x4841, 2, 0x2000, 1,
    0x4800, 1, 0x5000, 1, 0x50A3, 1, 0x4841, 1,
    0x50A3, 2, 0x4841, 1, 0x5000, 4, 0x1882, 1,
    0x3187, 3, 0x20E4, 1, 0x0862, 3, 0x7B0A, 1,
    0x3187, 2, 0x1882, 2, 0x0862, 1, 0x3800, 1,
    0x5000, 3, 0x4841, 1, 0x50A3, 2, 0x41C9, 2,
    0x5000, 1, 0x4800, 1, 0x3000, 1, 0x50A3, 1,
    0x4841, 1, 0x91A7, 1, 0x5000, 1, 0x50A3, 6,
    0x41C9, 3, 0x5AEC, 1, 0x3187, 1, 0x7062, 1,
    0x7145, 1, 0x0862, 3, 0x2925, 1, 0x91A7, 1,
    0x50A3, 2, 0x91A7, 1, 0x50A3, 1, 0x7000, 1,
    0x5AEC, 1, 0x3187, 1, 0x2925, 1, 0x636E, 1,
    0x8CB2, 1, 0x4841, 1, 0xA489, 1, 0xF6CE, 4,
    0xD5ED, 1, 0x3187, 1, 0x7062, 1, 0x91A7, 2,
    0x3187, 2, 0x7145, 1, 0x7B0A, 1, 0x20E4, 1,
    0x2925, 1, 0x5248, 1, 0x0862, 1, 0x1882, 3,
    0x4947, 2, 0x1926, 2, 0x2925, 1, 0x3187, 1,
    0x20E4, 1, 0x2925, 1, 0x1882, 5, 0x2925, 3,
    0x7145, 1, 0x91A7, 1, 0x18C5, 9, 0x7000, 1,
    0x7145, 1, 0xA489, 3, 0x20E4, 1, 0x4841, 2,
    0x5000, 1, 0x7145, 1, 0x0862, 1, 0x2000, 2,
    0x4800, 1, 0x5000, 2, 0x4841, 3, 0x5000, 3,
    0x4841, 1, 0x6000, 1, 0x5000, 8, 0x4800, 1,
    0x5000, 4, 0x50A3, 2, 0x41C9, 2, 0x50A3, 1,
    0x5000, 3, 0x2000, 1, 0x4841, 2, 0x7062, 2,
    0x91A7, 1, 0x8800, 1, 0x8000, 3, 0x50A3, 2,
    0x20E4, 2, 0x2925, 1, 0x3187, 2, 0x6000, 1,
    0x0862, 3, 0x3187, 1, 0x50A3, 2, 0x3187, 1,
    0x50A3, 1, 0x7062, 1, 0x91A7, 1, 0x1882, 1,
    0x5AEC, 1, 0x3187, 1, 0x636E, 1, 0x41C9, 1,
    0x3187, 1, 0x1882, 1, 0xF6CE, 5, 0xD5ED, 1,
    0x2925, 1, 0x7062, 2, 0x91A7, 1, 0x7062, 2,
    0x5248, 1, 0x4947, 1, 0x0862, 3, 0x4947, 2,
    0x3800, 1, 0x4947, 3, 0x18E4, 3, 0x3187, 1,
    0x20E4, 1, 0x2925, 1, 0x4947, 1, 0x1882, 2,
    0x3800, 1, 0x1882, 1, 0x62EA, 1, 0x2925, 1,
    0x1882, 1, 0x7145, 1, 0x18C5, 10, 0x6000, 1,
    0x91A7, 1, 0xA489, 1, 0x8C0C, 2, 0x3187, 1,
    0x20E4, 1, 0x4841, 2, 0x41C9, 1, 0x5248, 1,
    0x4947, 1, 0x50A3, 1, 0x0862, 2, 0x5000, 4,
    0x4841, 4, 0x6000, 2, 0x5000, 11, 0x50A3, 3,
    0x5000, 3, 0x2000, 1, 0x5248, 1, 0x4841, 3,
    0x7062, 1, 0x91A7, 1, 0x7062, 2, 0x8800, 4,
    0x8000, 3, 0x7145, 1, 0x3187, 1, 0x7062, 1,
    0x7800, 1, 0x7062, 1, 0x0862, 3, 0x50A3, 1,
    0x2925, 1, 0x20E4, 4, 0x7145, 1, 0x2925, 1,
    0x5AEC, 1, 0x3187, 3, 0x1882, 2, 0xF6CE, 2,
    0xD5ED, 1, 0xF6CE, 2, 0xD5ED, 1, 0x20E4, 1,
    0x7062, 3, 0x5248, 2, 0x0862, 1, 0x4947, 1,
    0x4800, 1, 0x4947, 7, 0x1926, 1, 0x18E4, 2,
    0x1926, 1, 0x3187, 1, 0x2925, 2, 0x62EA, 1,
    0x4947, 1, 0x1882, 3, 0x2925, 1, 0x20E4, 1,
    0x2925, 1, 0x3187, 1, 0x18C5, 10, 0x7000, 1,
    0x5AEC, 1, 0x8C0C, 1, 0xA489, 1, 0x5AEC, 1,
    0x3A4A, 1, 0x20E4, 1, 0x50A3, 1, 0x4841, 4,
    0x7145, 3, 0x3800, 4, 0x4800, 3, 0x4841, 1,
    0x6000, 1, 0x5000, 16, 0x2000, 1, 0x7145, 1,
    0x4841, 2, 0x50A3, 3, 0x7145, 1, 0x7B0A, 1,
    0xB50D, 2, 0x8800, 4, 0x8000, 1, 0xA001, 2,
    0x8800, 2, 0x6000, 2, 0x0862, 3, 0x91A7, 1,
    0x3187, 1, 0x20E4, 2, 0x2925, 1, 0x1882, 1,
    0x20E4, 1, 0x2925, 1, 0x91A7, 1, 0x20E4, 1,
    0x3187, 1, 0x2925, 1, 0x20E4, 1, 0x3800, 1,
    0xA489, 1, 0xF6CE, 2, 0xD5ED, 1, 0xA489, 1,
    0xD5ED, 2, 0x7B0A, 1, 0x91A7, 1, 0x5248, 2,
    0x0862, 3, 0x4800, 1, 0x4947, 6, 0x636E, 2,
    0x18E4, 4, 0x2925, 1, 0x7145, 1, 0x1882, 1,
    0x2925, 1, 0x62EA, 1, 0x4947, 1, 0x5248, 2,
    0x1882, 1, 0x20E4, 1, 0x7145, 1, 0x3187, 1,
    0x18C5, 10, 0x4800, 1, 0x1882, 1, 0x7B0A, 1,
    0x636E, 1, 0x3A4A, 3, 0x4841, 5, 0x50A3, 1,
    0x4841, 1, 0x7145, 2, 0x0862, 9, 0x3800, 2,
    0x3000, 5, 0x5000, 2, 0x0862, 2, 0x7145, 1,
    0x4947, 1, 0x5248, 2, 0x7145, 1, 0x5000, 1,
    0x50A3, 2, 0x20E4, 1, 0x41C9, 1, 0x3187, 1,
    0xB50D, 4, 0x8800, 3, 0xA001, 4, 0x8800, 2,
    0x7800, 1, 0x0862, 3, 0x2925, 1, 0x7145, 1,
    0x2925, 3, 0x5248, 1, 0x2925, 2, 0x1882, 1,
    0x7145, 1, 0x20E4, 2, 0x2925, 1, 0x6000, 1,
    0x7B0A, 1, 0xD5ED, 1, 0xF6CE, 1, 0xD5ED, 1,
    0xA489, 1, 0x4947, 1, 0xA489, 3, 0x2925, 1,
    0x0862, 4, 0x4800, 1, 0x3800, 1, 0x4947, 5,
    0x432E, 2, 0x2925, 1, 0x0000, 1, 0x18E4, 1,
    0x1926, 1, 0x18E4, 1, 0x2925, 1, 0x91A7, 1,
    0x20E4, 1, 0x1882, 1, 0x2925, 4, 0x20E4, 1,
    0x3187, 1, 0x91A7, 1, 0x2925, 1, 0x18C5, 10,
    0x4800, 1, 0x5AEC, 1, 0x5248, 1, 0x5AEC, 1,
    0x636E, 2, 0x3A4A, 1, 0x20E4, 2, 0x4841, 2,
    0x5000, 3, 0x4800, 1, 0x5000, 4, 0x7145, 4,
    0x50A3, 4, 0x0862, 6, 0x7145, 2, 0x50A3, 1,
    0x4841, 5, 0x50A3, 1, 0x20E4, 1, 0x3A4A, 1,
    0x7B0A, 1, 0xA489, 6, 0x7062, 1, 0xA001, 6,
    0x8800, 1, 0x7800, 2, 0x1882, 1, 0x18E4, 1,
    0x1882, 1, 0x91A7, 1, 0x2925, 1, 0x1882, 1,
    0x2925, 1, 0x5248, 1, 0x1882, 1, 0x62EA, 1,
    0x2925, 2, 0x3187, 1, 0x2925, 1, 0x4841, 1,
    0x2925, 1, 0x3800, 1, 0x7B0A, 1, 0xD5ED, 2,
    0xA489, 1, 0x7B0A, 1, 0x4947, 1, 0xA489, 2,
    0x7B0A, 1, 0x0862, 1, 0x3800, 1, 0x1882, 1,
    0x4800, 3, 0x3800, 1, 0x4947, 3, 0x2925, 4,
    0x0000, 2, 0x20E4, 1, 0x1926, 2, 0x3187, 3,
    0x1882, 2, 0x2925, 1, 0x20E4, 2, 0x50A3, 1,
    0x7062, 1, 0x50A3, 1, 0x18C5, 11, 0x4800, 1,
    0x5AEC, 2, 0x3A4A, 2, 0x432E, 3, 0x3A4A, 1,
    0x50A3, 1, 0x7000, 2, 0x5000, 10, 0x4800, 8,
    0x50A3, 2, 0x5000, 1, 0x4841, 1, 0x50A3, 1,
    0x4841, 3, 0x50A3, 1, 0x4841, 1, 0x50A3, 1,
    0x20E4, 1, 0x3A4A, 1, 0x432E, 1, 0xA489, 2,
    0xB50D, 2, 0xA489, 1, 0x2925, 1, 0x91A7, 2,
    0xA001, 6, 0x8000, 3, 0x1882, 1, 0x18E4, 1,
    0x1882, 1, 0x50A3, 1, 0x20E4, 1, 0x2925, 1,
    0x4947, 1, 0x3800, 1, 0x1882, 1, 0x3800, 1,
    0x4947, 1, 0x2925, 2, 0x3187, 1, 0x4841, 1,
    0x20E4, 1, 0x7B0A, 1, 0xA489, 4, 0x3800, 2,
    0x7B0A, 1, 0xA489, 1, 0x7B0A, 1, 0x4947, 1,
    0x3800, 2, 0x4800, 2, 0x4947, 2, 0x636E, 5,
    0x20E4, 2, 0x18E4, 2, 0x2925, 1, 0x18E4, 1,
    0x1926, 2, 0x3187, 1, 0x50A3, 1, 0x2925, 1,
    0x20E4, 3, 0x2925, 1, 0x50A3, 1, 0x91A7, 1,
    0x18C5, 12, 0x4800, 2, 0x0862, 3, 0x18E4, 1,
    0x432E, 1, 0x636E, 2, 0x50A3, 1, 0x5000, 3,
    0x6000, 8, 0x5000, 1, 0x4800, 10, 0x5000, 2,
    0x4841, 2, 0x50A3, 2, 0x20E4, 2, 0x5AEC, 3,
    0x5C32, 2, 0xA489, 1, 0xB50D, 1, 0x62EA, 1,
    0x1926, 2, 0xB50D, 2, 0xA001, 5, 0x8000, 3,
    0x7800, 1, 0x18E4, 2, 0x2925, 1, 0x3187, 1,
    0x20E4, 1, 0x62EA, 1, 0x1882, 5, 0x62EA, 1,
    0x2925, 1, 0x3187, 1, 0x4841, 1, 0x2925, 1,
    0xA489, 3, 0x7B0A, 1, 0x4947, 1, 0x4841, 1,
    0x3800, 1, 0x7B0A, 2, 0x4947, 1, 0x3800, 1,
    0x4800, 3, 0x3800, 1, 0x4947, 1, 0x432E, 5,
    0x18E4, 1, 0x0000, 1, 0x3187, 1, 0x0000, 1,
    0x18E4, 3, 0x1926, 2, 0x3187, 1, 0x50A3, 1,
    0x7062, 1, 0x3187, 1, 0x2925, 1, 0x50A3, 1,
    0x3187, 2, 0x18C5, 12, 0x4800, 2, 0x3000, 1,
    0x4800, 2, 0x5248, 1, 0x1882, 1, 0x0862, 2,
    0x1882, 1, 0x4841, 1, 0x5000, 2, 0x4800, 1,
    0x6000, 8, 0x7000, 10, 0x8800, 3, 0x7062, 3,
    0x3187, 1, 0x5AEC, 4, 0x5C32, 1, 0x8CB2, 1,
    0xF6CE, 3, 0x8CB2, 1, 0x2925, 2, 0x8CB2, 1,
    0xA001, 4, 0x8000, 1, 0x7800, 1, 0x8000, 3,
    0x7800, 1, 0x1882, 2, 0x2925, 2, 0x1882, 1,
    0x2925, 1, 0x1882, 1, 0x0862, 1, 0x1882, 3,
    0x62EA, 1, 0x20E4, 1, 0x3187, 1, 0x4841, 2,
    0xA489, 3, 0x4947, 1, 0x3800, 2, 0x7B0A, 1,
    0x4947, 2, 0x3800, 1, 0x4800, 4, 0x1926, 2,
    0x3187, 1, 0x2925, 1, 0x3187, 2, 0x0000, 1,
    0x8CB2, 2, 0x1926, 1, 0x2925, 1, 0x18E4, 3,
    0x20E4, 1, 0x18E4, 1, 0x20E4, 1, 0x7062, 1,
    0x7145, 1, 0x91A7, 1, 0x50A3, 1, 0x91A7, 1,
    0x50A3, 1, 0x18C5, 13, 0x4800, 2, 0x3000, 1,
    0x4800, 4, 0x6000, 2, 0x7145, 1, 0x4841, 1,
    0x4800, 2, 0x6000, 9, 0x7000, 10, 0x7800, 2,
    0x8000, 1, 0x7062, 1, 0x5AEC, 1, 0x8CB2, 1,
    0x636E, 2, 0x5C32, 1, 0x8CB2, 4, 0xF6CE, 1,
    0x8CB2, 2, 0x41C9, 1, 0x8CB2, 1, 0x2925, 1,
    0xB50D, 1, 0xA001, 1, 0x8800, 2, 0x8000, 5,
    0x7800, 2, 0x1882, 2, 0x2925, 1, 0x20E4, 1,
    0x62EA, 1, 0x1882, 6, 0x4947, 1, 0x20E4, 1,
    0x636E, 1, 0x6000, 1, 0x4947, 1, 0x7B0A, 2,
    0x4947, 1, 0x3800, 1, 0x4841, 1, 0x3800, 1,
    0x4947, 2, 0x3800, 1, 0x4800, 3, 0x4841, 1,
    0x3800, 1, 0x3187, 3, 0x18E4, 1, 0x20E4, 1,
    0x1926, 1, 0x18C5, 3, 0x2925, 1, 0x8CB2, 1,
    0x18E4, 7, 0x50A3, 1, 0x7145, 1, 0x50A3, 1,
    0x8CB2, 1, 0x3187, 1, 0x18C5, 13, 0x4800, 1,
    0x3000, 2, 0x4800, 4, 0x6000, 3, 0x7000, 3,
    0x8000, 2, 0x6000, 7, 0x7000, 10, 0x7800, 3,
    0x7062, 1, 0x5C32, 2, 0x636E, 2, 0x1926, 1,
    0x8CB2, 3, 0x20E4, 1, 0x8CB2, 1, 0x1926, 2,
    0x8CB2, 3, 0x8800, 1, 0x8000, 8, 0x7800, 1,
    0x1882, 3, 0x3187, 1, 0x20E4, 1, 0x4947, 1,
    0x3800, 1, 0x1882, 5, 0x2925, 1, 0x20E4, 1,
    0x3187, 1, 0x2925, 1, 0x7B0A, 2, 0x3800, 2,
    0x1882, 1, 0x4800, 1, 0x3800, 1, 0x4947, 1,
    0x4800, 5, 0x18C5, 3, 0x636E, 1, 0x8CB2, 1,
    0x5C32, 2, 0x3187, 1, 0x0000, 1, 0x18C5, 1,
    0x0000, 1, 0x18C5, 9, 0x18E4, 3, 0x2925, 1,
    0x18C5, 14, 0x4800, 1, 0x3000, 2, 0x4800, 4,
    0x6000, 3, 0x7000, 3, 0x8000, 9, 0x8800, 3,
    0x7000, 11, 0x20E4, 1, 0x1882, 1, 0x20E4, 2,
    0x2925, 1, 0x20E4, 1, 0x2925, 2, 0x8CB2, 1,
    0x1926, 1, 0x8CB2, 2, 0x8800, 2, 0x8000, 6,
    0x7800, 2, 0x8000, 2, 0x7800, 1, 0x1882, 3,
    0x3187, 1, 0x2925, 2, 0x1882, 5, 0x6000, 1,
    0x7B0A, 1, 0x20E4, 1, 0x636E, 1, 0x4947, 3,
    0x3800, 2, 0x4800, 2, 0x3800, 2, 0x4800, 2,
    0x4841, 1, 0x18C5, 9, 0x8CB2, 2, 0x2925, 1,
    0x20E4, 1, 0x18C5, 27, 0x3000, 3, 0x4800, 4,
    0x6000, 1, 0x7000, 3, 0x6000, 1, 0x7000, 2,
    0x8800, 1, 0x8000, 7, 0x8800, 8, 0xA001, 3,
    0x8800, 12, 0x8000, 2, 0x7800, 1, 0x8800, 1,
    0x8000, 6, 0x7800, 4, 0x8000, 1, 0x7800, 1,
    0x18E4, 2, 0x2925, 1, 0x3187, 1, 0x2925, 1,
    0x1882, 6, 0x6000, 1, 0x2925, 1, 0x20E4, 1,
    0x3187, 1, 0x4947, 1, 0x3800, 1, 0x0862, 2,
    0x1882, 1, 0x4800, 4, 0x4841, 1, 0x18C5, 43,
    0x3000, 3, 0x4800, 3, 0x6000, 1, 0x7000, 6,
    0x8800, 5, 0xA001, 1, 0x8800, 2, 0xA001, 3,
    0x8800, 5, 0xA001, 3, 0x8800, 12, 0x8000, 2,
    0x7800, 1, 0x8000, 7, 0x7800, 6, 0x20E4, 2,
    0x2925, 1, 0x3187, 1, 0x2925, 1, 0x1882, 2,
    0x6000, 1, 0x1882, 4, 0x4947, 1, 0x20E4, 1,
    0x3187, 1, 0x4947, 1, 0x0862, 1, 0x1882, 3,
    0x4800, 4, 0x18C5, 44, 0x3000, 3, 0x4800, 4,
    0x6000, 1, 0x7000, 1, 0x5000, 3, 0x7000, 1,
    0x8000, 1, 0x8800, 1, 0xA001, 2, 0x98C3, 5,
    0xA001, 4, 0x8800, 3, 0xA001, 3, 0x8800, 6,
    0x8000, 1, 0x8800, 6, 0x8000, 7, 0x7800, 8,
    0x20E4, 2, 0x2925, 1, 0x3187, 1, 0x7062, 1,
    0x1882, 7, 0x62EA, 1, 0x20E4, 1, 0x3187, 1,
    0x1882, 5, 0x4800, 2, 0x18C5, 47, 0x3000, 2,
    0x5000, 1, 0x4800, 3, 0x7000, 1, 0x5000, 1,
    0x4800, 1, 0x3000, 1, 0x2000, 1, 0x5000, 1,
    0x6000, 2, 0x7000, 2, 0x8800, 1, 0x7062, 2,
    0x7000, 1, 0x98C3, 3, 0xA001, 4, 0x8800, 1,
    0xA001, 5, 0x8800, 4, 0x8000, 1, 0x8800, 6,
    0x8000, 4, 0x7800, 11, 0x1882, 2, 0x2925, 2,
    0x7062, 1, 0x1882, 7, 0x62EA, 1, 0x2925, 1,
    0x3187, 1, 0x3800, 1, 0x1882, 3, 0x4800, 1,
    0x18C5, 49, 0x2000, 1, 0x3000, 1, 0x4800, 2,
    0x5000, 2, 0x6000, 1, 0x4800, 1, 0x0862, 1,
    0x0000, 1, 0x2000, 2, 0x3000, 2, 0x2000, 1,
    0x3000, 1, 0x0862, 2, 0x7062, 1, 0x7000, 1,
    0x98C3, 2, 0x8800, 1, 0x7800, 3, 0x7000, 2,
    0x8000, 1, 0x7000, 3, 0x8000, 1, 0x8800, 3,
    0x8000, 1, 0x8800, 3, 0x8000, 1, 0x8800, 4,
    0x8000, 3, 0x7800, 10, 0x18E4, 3, 0x2925, 1,
    0x3187, 1, 0x2925, 1, 0x1882, 7, 0x2925, 1,
    0x3187, 1, 0x2925, 1, 0x1882, 1, 0x4800, 2,
    0x18C5, 51, 0x2000, 1, 0x3000, 2, 0x4800, 2,
    0x5000, 1, 0x8000, 1, 0xA001, 1, 0x98C3, 1,
    0x2000, 1, 0x0000, 6, 0x0862, 2, 0x2000, 3,
    0x0862, 2, 0x3000, 2, 0x2000, 1, 0x3000, 5,
    0x4800, 1, 0x6000, 1, 0x8000, 2, 0x8800, 9,
    0x8000, 1, 0x7800, 13, 0x18E4, 1, 0x2925, 3,
    0x3187, 1, 0x2925, 2, 0x3800, 1, 0x0862, 1,
    0x1882, 3, 0x4947, 1, 0x2925, 1, 0x7145, 1,
    0x3800, 1, 0x4800, 2, 0x18C5, 53, 0x2000, 1,
    0x3000, 1, 0x4800, 3, 0x8000, 1, 0xA001, 2,
    0x8000, 1, 0x50A3, 1, 0x7062, 1, 0x3187, 1,
    0x91A7, 1, 0x636E, 2, 0x0862, 3, 0x0000, 1,
    0x0862, 4, 0x0000, 7, 0x2000, 1, 0x1882, 1,
    0x8000, 2, 0x8800, 9, 0x8000, 1, 0x7800, 10,
    0x7000, 1, 0x6000, 2, 0x1926, 2, 0x2925, 2,
    0x3187, 1, 0x2925, 1, 0x4947, 1, 0x1882, 4,
    0x2925, 3, 0x91A7, 1, 0x3800, 1, 0x18C5, 55,
    0x0000, 1, 0x2000, 1, 0x3000, 2, 0x4800, 1,
    0x6000, 1, 0x8000, 2, 0xA001, 1, 0x8800, 1,
    0xA001, 1, 0x98C3, 2, 0x91A7, 1, 0x636E, 1,
    0x8CB2, 8, 0x636E, 1, 0x7B8D, 1, 0x91A7, 1,
    0x0000, 4, 0x2000, 1, 0x1882, 1, 0x6000, 2,
    0xA001, 1, 0x8800, 8, 0x8000, 1, 0x7800, 10,
    0x6000, 2, 0x18E4, 1, 0x1926, 1, 0x18E4, 2,
    0x20E4, 1, 0x3187, 1, 0x20E4, 1, 0x62EA, 1,
    0x2925, 1, 0x1882, 1, 0x3800, 1, 0x1882, 1,
    0x62EA, 1, 0x2925, 2, 0x91A7, 1, 0x18C5, 57,
    0x0000, 1, 0x2000, 2, 0x4800, 2, 0x6000, 1,
    0x8000, 2, 0x7000, 3, 0x7800, 1, 0x91A7, 1,
    0x8C0C, 1, 0x8CB2, 2, 0xD5ED, 1, 0x8CB2, 1,
    0xF6CE, 2, 0x8CB2, 3, 0xB50D, 1, 0x7B8D, 1,
    0x91A7, 1, 0x41C9, 1, 0x98C3, 1, 0x7062, 1,
    0xA001, 1, 0x98C3, 3, 0xA001, 2, 0x8800, 6,
    0x8000, 2, 0x7800, 6, 0x7000, 2, 0x6000, 3,
    0x4800, 1, 0x18E4, 4, 0x1926, 1, 0x2925, 1,
    0x20E4, 1, 0x2925, 1, 0x62EA, 1, 0x1882, 3,
    0x2925, 1, 0x20E4, 1, 0x7145, 1, 0x2925, 1,
    0x18C5, 58, 0x0000, 1, 0x2000, 2, 0x3000, 1,
    0x3800, 1, 0x6000, 5, 0x7000, 1, 0x7800, 1,
    0x8000, 3, 0x8800, 3, 0xA001, 2, 0x8800, 2,
    0xB50D, 1, 0x91A7, 1, 0x98C3, 2, 0xA001, 8,
    0x8800, 5, 0x8000, 2, 0x7800, 3, 0x7000, 2,
    0x6000, 4, 0x4800, 3, 0x1926, 1, 0x18E4, 5,
    0x2925, 2, 0x20E4, 1, 0x2925, 1, 0x4947, 1,
    0x5248, 2, 0x1882, 1, 0x20E4, 1, 0x91A7, 1,
    0x1882, 1, 0x18C5, 60, 0x2000, 3, 0x3800, 1,
    0x4800, 4, 0x6000, 1, 0x7000, 1, 0x6000, 2,
    0x5000, 2, 0x4800, 1, 0x6000, 1, 0x5000, 1,
    0x6000, 2, 0x8800, 2, 0x8000, 2, 0x8800, 4,
    0xA001, 6, 0x8800, 1, 0x8000, 3, 0x7800, 3,
    0x7000, 4, 0x4800, 2, 0x3800, 1, 0x3000, 2,
    0x2000, 2, 0x18E4, 1, 0x1926, 2, 0x18E4, 3,
    0x3187, 2, 0x20E4, 1, 0x1882, 1, 0x2925, 3,
    0x20E4, 1, 0x3187, 1, 0x50A3, 1, 0x18C5, 63,
    0x2000, 1, 0x3000, 5, 0x4800, 4, 0x3800, 1,
    0x3000, 1, 0x2000, 2, 0x3000, 2, 0x6000, 2,
    0x7000, 1, 0x7800, 2, 0x8000, 10, 0x7800, 3,
    0x6000, 6, 0x4800, 3, 0x3800, 1, 0x2000, 5,
    0x18E4, 3, 0x1926, 1, 0x18E4, 2, 0x2925, 1,
    0x50A3, 1, 0x2925, 1, 0x20E4, 3, 0x2925, 1,
    0x50A3, 1, 0x91A7, 1, 0x18C5, 70, 0x3000, 5,
    0x2000, 4, 0x3000, 1, 0x3800, 1, 0x4800, 1,
    0x5000, 3, 0x6000, 3, 0x5000, 1, 0x6000, 6,
    0x4800, 7, 0x3000, 2, 0x2000, 5, 0x3800, 3,
    0x18E4, 4, 0x2925, 2, 0x1926, 1, 0x1882, 1,
    0x91A7, 1, 0x7145, 1, 0x2925, 2, 0x20E4, 1,
    0x3187, 1, 0x50A3, 1, 0x18C5, 79, 0x2000, 2,
    0x3000, 5, 0x3800, 10, 0x3000, 2, 0x2000, 4,
    0x4800, 1, 0x3800, 3, 0x18C5, 5, 0x18E4, 4,
    0x20E4, 2, 0x18E4, 2, 0x1926, 1, 0x2925, 1,
    0x7062, 1, 0x91A7, 1, 0x3187, 1, 0x50A3, 3,
    0x3187, 1, 0x18C5, 113, 0x18E4, 10, 0x3187, 1,
    0x50A3, 1, 0x8CB2, 1, 0x3187, 1, 0x18C5, 123,
    0x18E4, 1, 0x20E4, 1, 0x18E4, 1, 0x2925, 1,
    0x18C5, 3127, 0x18C5, 3279, 0x91A7, 2, 0x18C5, 125,
    0x91A7, 2, 0x7145, 6, 0x18C5, 119, 0x7062, 3,
    0x7145, 9, 0x18C5, 116, 0x7062, 8, 0x7145, 7,
    0x5AEC, 3, 0x7145, 1, 0x18C5, 20, 0x7145, 6,
    0x91A7, 4, 0x18C5, 78, 0x7800, 9, 0x7062, 2,
    0x7145, 11, 0x5AEC, 1, 0x7145, 2, 0x7062, 1,
    0x7145, 2, 0x5AEC, 3, 0x7145, 1, 0x5AEC, 4,
    0x7145, 14, 0x7062, 1, 0x18C5, 77, 0x7800, 11,
    0x7062, 6, 0x7145, 12, 0x5AEC, 1, 0x7145, 11,
    0x7062, 10, 0x18C5, 76, 0x7800, 17, 0x7062, 14,
    0x7145, 4, 0x7062, 8, 0x7800, 7, 0x7062, 2,
    0x18C5, 76, 0x7800, 2, 0x6000, 9, 0x7800, 15,
    0x8000, 1, 0x7800, 5, 0x7062, 3, 0x7800, 17,
    0x18C5, 76, 0x7000, 1, 0x6000, 1, 0x5000, 8,
    0x6000, 1, 0x7000, 5, 0x7800, 36, 0x18C5, 75,
    0x6000, 2, 0x4800, 1, 0x3000, 3, 0x7000, 1,
    0x3000, 4, 0x4800, 1, 0x5000, 6, 0x7000, 3,
    0x6000, 3, 0x7800, 6, 0x6000, 3, 0x7000, 3,
    0x7800, 7, 0x6000, 8, 0x7800, 2, 0x18C5, 75,
    0x3000, 1, 0x4800, 1, 0x50A3, 2, 0x7000, 5,
    0x6000, 1, 0x2000, 2, 0x3000, 7, 0x5000, 2,
    0x6000, 11, 0x5000, 5, 0x7000, 5, 0x6000, 1,
    0x5000, 8, 0x6000, 1, 0x7000, 1, 0x4800, 1,
    0x18C5, 72, 0x7062, 5, 0x50A3, 2, 0x7000, 1,
    0x50A3, 2, 0x7000, 1, 0x6000, 4, 0x2000, 7,
    0x3000, 4, 0x4800, 6, 0x3000, 8, 0x5000, 4,
    0x3000, 4, 0x8800, 1, 0x3000, 4, 0x4800, 1,
    0x6000, 1, 0x4800, 1, 0x18C5, 58, 0x7000, 2,
    0x8000, 3, 0x3000, 2, 0x3A4A, 1, 0x3187, 2,
    0x5248, 1, 0x62EA, 1, 0x636E, 2, 0x6000, 3,
    0x5000, 1, 0x4800, 4, 0x8CB2, 1, 0x7000, 3,
    0x6000, 2, 0x7000, 1, 0x8000, 2, 0x7062, 3,
    0x91A7, 6, 0x636E, 1, 0x91A7, 1, 0x3000, 3,
    0x2000, 11, 0x3000, 1, 0x2000, 1, 0x8800, 3,
    0x6000, 4, 0x3000, 3, 0x4800, 2, 0x18C5, 53,
    0x8000, 2, 0x8800, 4, 0x18E4, 1, 0x7B8D, 3,
    0x91A7, 1, 0x5AEC, 2, 0x5C32, 1, 0xB50D, 4,
    0x5C32, 1, 0x2925, 1, 0xA489, 4, 0x20E4, 2,
    0x6000, 4, 0x4800, 2, 0x7800, 2, 0x2925, 1,
    0x5C32, 1, 0x8CB2, 1, 0x8000, 1, 0x7062, 5,
    0x8000, 4, 0x7062, 9, 0x8000, 3, 0x8800, 4,
    0x98C3, 2, 0x6000, 1, 0x50A3, 2, 0x3800, 3,
    0x2000, 1, 0x3000, 2, 0x6000, 1, 0x18C5, 50,
    0x8800, 2, 0x91A7, 1, 0x7062, 1, 0x91A7, 3,
    0x2925, 2, 0x5AEC, 1, 0x636E, 3, 0xB50D, 4,
    0x5AEC, 2, 0x636E, 1, 0x8CB2, 2, 0x91A7, 1,
    0x636E, 2, 0x7062, 2, 0x8000, 2, 0x7800, 3,
    0x7000, 2, 0x6000, 2, 0x5000, 2, 0x4800, 2,
    0x6000, 5, 0x5000, 1, 0x6000, 1, 0x8000, 13,
    0x8800, 2, 0x98C3, 2, 0x636E, 3, 0x50A3, 1,
    0x6000, 2, 0x4841, 3, 0x20E4, 2, 0x2000, 1,
    0x3000, 1, 0x18C5, 48, 0x8000, 2, 0x7062, 2,
    0x91A7, 3, 0x3A4A, 2, 0x636E, 3, 0x7B8D, 1,
    0x636E, 2, 0x7B8D, 1, 0xB50D, 1, 0xA489, 1,
    0xB50D, 5, 0xA489, 1, 0x5AEC, 4, 0x7062, 2,
    0x7800, 7, 0x7000, 3, 0x7800, 1, 0x7B0A, 1,
    0x636E, 1, 0x7000, 2, 0x6000, 2, 0x636E, 1,
    0x6000, 3, 0x5000, 2, 0x8000, 8, 0x8800, 1,
    0x98C3, 1, 0x636E, 5, 0x41C9, 1, 0x50A3, 2,
    0x20E4, 1, 0x4841, 2, 0x20E4, 3, 0x5248, 1,
    0x3187, 1, 0x3000, 1, 0x18C5, 47, 0x8000, 2,
    0x91A7, 5, 0x3A4A, 1, 0x636E, 5, 0x5AEC, 1,
    0x636E, 2, 0xB50D, 1, 0x5AEC, 2, 0x3A4A, 1,
    0x41C9, 1, 0x636E, 1, 0xA489, 2, 0x5AEC, 4,
    0x7145, 2, 0x7062, 1, 0x7000, 4, 0x7800, 5,
    0x91A7, 2, 0x7B0A, 1, 0x18E4, 1, 0x3800, 1,
    0x7000, 1, 0x636E, 2, 0x2925, 1, 0x636E, 3,
    0x5AEC, 1, 0x5000, 1, 0x6000, 1, 0x5000, 2,
    0x7800, 2, 0x8800, 1, 0x8000, 1, 0x91A7, 2,
    0x636E, 4, 0x50A3, 4, 0x20E4, 6, 0x5248, 3,
    0x3187, 1, 0x2000, 1, 0x18C5, 44, 0x8000, 2,
    0x91A7, 3, 0x636E, 3, 0x3A4A, 1, 0x636E, 3,
    0x5AEC, 3, 0x636E, 1, 0xB50D, 5, 0xA489, 2,
    0xB50D, 2, 0x5AEC, 3, 0x7145, 6, 0x7000, 4,
    0x8800, 1, 0x8000, 1, 0x91A7, 3, 0x18E4, 3,
    0x5C32, 1, 0x18E4, 1, 0x4841, 1, 0x3A4A, 2,
    0x636E, 1, 0x3A4A, 1, 0x432E, 1, 0x3A4A, 1,
    0x5AEC, 1, 0x6000, 2, 0x5000, 1, 0x8000, 2,
    0x98C3, 2, 0x8CB2, 3, 0x636E, 1, 0x41C9, 3,
    0x20E4, 3, 0x4841, 1, 0x20E4, 1, 0x2925, 2,
    0x5248, 6, 0x3187, 1, 0x18C5, 43, 0x98C3, 1,
    0x91A7, 1, 0x8CB2, 3, 0x7B0A, 1, 0x8CB2, 1,
    0x7B8D, 3, 0x636E, 8, 0x5AEC, 12, 0x7145, 6,
    0x7000, 2, 0x3187, 3, 0x91A7, 1, 0x18E4, 3,
    0x5C32, 3, 0x2925, 1, 0x20E4, 1, 0x3A4A, 1,
    0x5C32, 3, 0x636E, 1, 0x432E, 1, 0x3A4A, 1,
    0x5AEC, 1, 0x6000, 1, 0x91A7, 2, 0x8CB2, 3,
    0x636E, 3, 0x41C9, 2, 0x20E4, 4, 0x1882, 3,
    0x20E4, 1, 0x7B0A, 1, 0x5248, 7, 0x18C5, 41,
    0x0862, 1, 0x18C5, 1, 0x0862, 2, 0x1926, 4,
    0x2189, 5, 0x1926, 4, 0x2189, 2, 0x18C5, 1,
    0x636E, 5, 0x91A7, 1, 0x636E, 3, 0x91A7, 1,
    0x636E, 2, 0x5248, 2, 0x7145, 2, 0x7000, 2,
    0x6000, 1, 0x91A7, 1, 0x3187, 1, 0x18E4, 2,
    0x20E4, 1, 0x5C32, 3, 0x8CB2, 3, 0x5C32, 1,
    0x3A4A, 1, 0x20E4, 1, 0x636E, 1, 0x5C32, 1,
    0x636E, 1, 0x5C32, 1, 0x20E4, 1, 0x2925, 1,
    0x1882, 1, 0x8CB2, 4, 0x636E, 3, 0x3187, 2,
    0x50A3, 2, 0x3187, 1, 0x20E4, 2, 0x3187, 2,
    0x5248, 1, 0x7B0A, 5, 0x5248, 4, 0xA489, 1,
    0x18C5, 41, 0x0862, 1, 0x1926, 1, 0x2925, 1,
    0x3187, 5, 0x41C9, 8, 0x2189, 1, 0x41C9, 10,
    0x2189, 4, 0x7145, 2, 0x5AEC, 2, 0x7062, 2,
    0x91A7, 1, 0x7B0A, 1, 0x91A7, 1, 0x2925, 1,
    0x18E4, 1, 0x8CB2, 2, 0x5C32, 1, 0x8CB2, 6,
    0x3A4A, 1, 0x20E4, 1, 0x432E, 2, 0x636E, 1,
    0x20E4, 2, 0x636E, 4, 0x8CB2, 2, 0x5AEC, 1,
    0x41C9, 1, 0x3A4A, 1, 0x5248, 1, 0x3187, 2,
    0x20E4, 3, 0x62EA, 2, 0x8C0C, 2, 0x7B0A, 1,
    0xA489, 1, 0x7B0A, 5, 0x5248, 1, 0x7B0A, 2,
    0x18C5, 40, 0x3187, 9, 0x41C9, 17, 0x3187, 1,
    0x41C9, 1, 0x2189, 2, 0x41C9, 2, 0x2189, 3,
    0x18E4, 1, 0x0862, 1, 0x18C5, 1, 0x91A7, 2,
    0x20E4, 1, 0x636E, 1, 0x5C32, 1, 0x8CB2, 9,
    0x636E, 1, 0x1926, 2, 0x432E, 1, 0x20E4, 1,
    0x2925, 1, 0x5AEC, 2, 0x8CB2, 4, 0x636E, 1,
    0x41C9, 2, 0x3A4A, 1, 0x7B0A, 1, 0x62EA, 1,
    0x5248, 1, 0x3187, 3, 0x8C0C, 2, 0xA489, 4,
    0x7B0A, 5, 0xA489, 1, 0x8C0C, 1, 0x5248, 1,
    0x18C5, 40, 0x3187, 8, 0x41C9, 17, 0x2189, 1,
    0x3187, 1, 0x41C9, 2, 0x2189, 3, 0x41C9, 2,
    0x2189, 2, 0x3A4A, 1, 0x2189, 1, 0x91A7, 1,
    0x7B0A, 1, 0x3187, 1, 0x432E, 1, 0x5C32, 1,
    0x8CB2, 2, 0x5C32, 1, 0x8CB2, 5, 0x5C32, 2,
    0x432E, 1, 0x20E4, 1, 0x3A4A, 1, 0x20E4, 1,
    0x5248, 1, 0x636E, 6, 0x5248, 1, 0x41C9, 1,
    0x3A4A, 2, 0x7B0A, 2, 0x62EA, 1, 0x3187, 1,
    0x2925, 1, 0xA489, 7, 0x7B0A, 4, 0xA489, 2,
    0x8C0C, 1, 0xB50D, 1, 0x18C5, 39, 0x3187, 9,
    0x41C9, 3, 0x5248, 2, 0x41C9, 3, 0x2189, 1,
    0x41C9, 5, 0x2189, 4, 0x432E, 2, 0x2189, 7,
    0x41C9, 1, 0x3A4A, 1, 0x2189, 1, 0x91A7, 2,
    0x3187, 1, 0x432E, 1, 0x8CB2, 3, 0x5C32, 8,
    0x432E, 1, 0x4841, 1, 0x18E4, 1, 0x20E4, 1,
    0x7B0A, 2, 0x636E, 4, 0x5248, 1, 0x41C9, 2,
    0x3A4A, 1, 0x7B0A, 3, 0xB50D, 1, 0x8C0C, 1,
    0x62EA, 1, 0x8C0C, 1, 0xA489, 6, 0x7B0A, 2,
    0xA489, 3, 0x7B0A, 1, 0x7145, 2, 0x18C5, 39,
    0x3187, 3, 0x41C9, 1, 0x3187, 2, 0x4947, 2,
    0x5248, 1, 0x41C9, 1, 0x2189, 8, 0x432E, 1,
    0x62EA, 3, 0x432E, 1, 0x41C9, 1, 0x432E, 2,
    0x5C32, 1, 0x54F5, 4, 0x432E, 2, 0x2189, 3,
    0x41C9, 1, 0x3A4A, 2, 0xA001, 1, 0x7B0A, 1,
    0x3187, 1, 0x636E, 1, 0x5C32, 11, 0x636E, 1,
    0x3A4A, 1, 0x7062, 1, 0x5AEC, 1, 0x636E, 4,
    0x5248, 3, 0x3A4A, 1, 0x5248, 3, 0x7B0A, 1,
    0xB50D, 2, 0x8C0C, 2, 0xA489, 4, 0x7B0A, 1,
    0xA489, 1, 0x7B0A, 2, 0xA489, 3, 0x7B0A, 2,
    0x7062, 1, 0x7145, 1, 0x18C5, 38, 0x3187, 1,
    0x41C9, 3, 0x1926, 1, 0x2189, 3, 0x432E, 1,
    0x2189, 4, 0x5C32, 4, 0x432E, 4, 0x5C32, 7,
    0x54F5, 8, 0x432E, 1, 0x2189, 2, 0x3A4A, 1,
    0x91A7, 1, 0x7B0A, 1, 0x3187, 1, 0x636E, 1,
    0x5C32, 11, 0x636E, 1, 0x2925, 1, 0x7062, 1,
    0x7B0A, 1, 0x636E, 5, 0x5248, 1, 0x3A4A, 1,
    0x41C9, 1, 0x5248, 1, 0x7B0A, 1, 0xB50D, 5,
    0x8C0C, 2, 0xA489, 4, 0x7B0A, 1, 0xA489, 6,
    0x62EA, 1, 0xA489, 2, 0x18C5, 37, 0x0862, 1,
    0x18E4, 1, 0x2189, 5, 0x3A4A, 1, 0x432E, 1,
    0x2189, 3, 0x1926, 1, 0x2189, 1, 0x5C32, 9,
    0x2189, 3, 0x5C32, 3, 0x432E, 1, 0x54F5, 9,
    0x432E, 1, 0x2189, 1, 0x3A4A, 1, 0x7B0A, 1,
    0x3187, 1, 0x5C32, 12, 0x636E, 1, 0x3A4A, 1,
    0x636E, 3, 0x5AEC, 7, 0x5248, 1, 0xB50D, 5,
    0xA489, 6, 0xD5ED, 1, 0xA489, 5, 0x7B0A, 1,
    0xA489, 4, 0x18C5, 37, 0x2189, 1, 0x3A4A, 1,
    0x432E, 6, 0x18E4, 1, 0x0862, 2, 0x1926, 1,
    0x2189, 2, 0x5C32, 7, 0x1926, 1, 0x2189, 1,
    0x0862, 2, 0x1926, 1, 0x2189, 1, 0x5C32, 2,
    0x54F5, 11, 0x432E, 1, 0x2189, 1, 0x636E, 1,
    0x3187, 1, 0x432E, 1, 0x5C32, 9, 0x432E, 2,
    0x3A4A, 1, 0x636E, 2, 0x5248, 1, 0x636E, 3,
    0x5AEC, 4, 0x8CB2, 1, 0xF6CE, 1, 0xD5ED, 6,
    0xA489, 4, 0x18C5, 3, 0xA489, 4, 0x7B0A, 2,
    0xA489, 1, 0x7B0A, 1, 0xA489, 1, 0x18C5, 36,
    0x432E, 9, 0x2189, 1, 0x0000, 3, 0x0862, 1,
    0x2189, 1, 0x5C32, 6, 0x2189, 2, 0x0862, 3,
    0x1926, 1, 0x2189, 1, 0x5C32, 2, 0x54F5, 1,
    0x432E, 1, 0x54F5, 10, 0x432E, 1, 0x91A7, 1,
    0x5AEC, 1, 0x636E, 1, 0x5C32, 7, 0x5AEC, 2,
    0x432E, 1, 0x636E, 2, 0x3A4A, 1, 0x5248, 1,
    0x636E, 2, 0x5AEC, 2, 0x636E, 1, 0x5AEC, 1,
    0x8CB2, 2, 0xF6CE, 3, 0xD5ED, 5, 0xA489, 4,
    0x18C5, 5, 0x62EA, 2, 0x5248, 1, 0x7B0A, 1,
    0xA489, 2, 0xD5ED, 1, 0x18C5, 36, 0x432E, 8,
    0x2189, 2, 0x0862, 3, 0x2189, 2, 0x5C32, 3,
    0x432E, 1, 0x5C32, 2, 0x2189, 2, 0x0862, 2,
    0x0000, 1, 0x0862, 1, 0x2189, 1, 0x5C32, 2,
    0x54F5, 12, 0x432E, 1, 0x98C3, 1, 0x3187, 1,
    0x432E, 1, 0x5C32, 6, 0x636E, 2, 0x2925, 1,
    0x41C9, 1, 0x5248, 1, 0x41C9, 1, 0x636E, 4,
    0x5AEC, 3, 0x8CB2, 2, 0xF6CE, 4, 0xD5ED, 5,
    0xA489, 1, 0xD5ED, 1, 0xA489, 1, 0x18C5, 8,
    0x2925, 1, 0x62EA, 1, 0xA489, 1, 0x91A7, 2,
    0x18C5, 35, 0x432E, 10, 0x5C32, 2, 0x432E, 2,
    0x2189, 1, 0x432E, 2, 0x5C32, 5, 0x2189, 1,
    0x5C32, 1, 0x432E, 1, 0x2189, 4, 0x5C32, 2,
    0x54F5, 13, 0x7145, 1, 0x1926, 1, 0x3187, 1,
    0x5C32, 5, 0x3187, 1, 0x1926, 1, 0x18E4, 1,
    0x5248, 1, 0x41C9, 1, 0x5248, 1, 0x636E, 3,
    0x5AEC, 3, 0x8CB2, 3, 0xF6CE, 5, 0xD5ED, 4,
    0xA489, 3, 0x18C5, 9, 0x3000, 1, 0x3187, 1,
    0x62EA, 1, 0x7145, 1, 0x7800, 1, 0x18C5, 34,
    0x432E, 10, 0x5C32, 1, 0x636E, 2, 0x432E, 5,
    0x2189, 1, 0x5C32, 7, 0x2189, 1, 0x432E, 1,
    0x5C32, 2, 0x432E, 3, 0x54F5, 12, 0x7145, 1,
    0x1926, 1, 0x3187, 1, 0x636E, 1, 0x5C32, 2,
    0x3187, 1, 0x1926, 1, 0x18E4, 1, 0x5AEC, 1,
    0x5248, 2, 0x5AEC, 2, 0x636E, 1, 0x5AEC, 1,
    0x636E, 2, 0x8CB2, 2, 0x636E, 1, 0x8CB2, 2,
    0xF6CE, 5, 0xD5ED, 5, 0xA489, 1, 0x1882, 3,
    0x2925, 1, 0x18C5, 7, 0x3187, 1, 0x8C0C, 1,
    0x7145, 1, 0x8C0C, 1, 0x18C5, 33, 0x91A7, 1,
    0x3A4A, 2, 0x2189, 8, 0x3A4A, 2, 0x2189, 2,
    0x3A4A, 1, 0x432E, 2, 0x3A4A, 1, 0x2189, 3,
    0x3A4A, 1, 0x5C32, 1, 0x432E, 8, 0x5C32, 3,
    0x54F5, 12, 0x18E4, 2, 0x3187, 1, 0x432E, 2,
    0x7B0A, 1, 0x5AEC, 1, 0x7145, 1, 0x3A4A, 1,
    0x5AEC, 2, 0x5248, 4, 0x8CB2, 8, 0xF6CE, 1,
    0xB50D, 1, 0xF6CE, 1, 0xD5ED, 4, 0xA489, 1,
    0xD5ED, 2, 0x1882, 2, 0x3187, 2, 0x7145, 1,
    0x18C5, 6, 0x5248, 1, 0x7B0A, 1, 0x62EA, 1,
    0x4947, 1, 0x18C5, 31, 0x636E, 1, 0x91A7, 2,
    0x2000, 1, 0x3000, 2, 0x91A7, 2, 0x8000, 2,
    0x18C5, 1, 0x1926, 2, 0x2189, 18, 0x3A4A, 2,
    0x2189, 5, 0x3A4A, 1, 0x54F5, 9, 0x432E, 1,
    0x3187, 1, 0x18E4, 1, 0x3187, 1, 0x91A7, 1,
    0x7145, 1, 0x5AEC, 1, 0x5248, 1, 0x5AEC, 4,
    0x5248, 3, 0x8CB2, 6, 0xF6CE, 3, 0x8CB2, 1,
    0xB50D, 1, 0xF6CE, 1, 0xD5ED, 6, 0x0862, 2,
    0x91A7, 1, 0x50A3, 1, 0x3187, 2, 0x91A7, 1,
    0x3187, 1, 0x18C5, 4, 0x2925, 1, 0x7B0A, 1,
    0x62EA, 1, 0x18C5, 29, 0x7800, 1, 0x91A7, 1,
    0x3800, 1, 0x8800, 2, 0x636E, 2, 0x5AEC, 2,
    0x7B0A, 1, 0x636E, 1, 0x5AEC, 2, 0x5248, 1,
    0x20E4, 2, 0x3800, 2, 0x91A7, 6, 0x7000, 2,
    0x7800, 4, 0x7000, 2, 0x2189, 6, 0x3A4A, 9,
    0x2189, 4, 0x432E, 1, 0x5AEC, 2, 0x7145, 1,
    0x5AEC, 5, 0x5248, 4, 0x8CB2, 5, 0xF6CE, 14,
    0x0862, 1, 0x1882, 1, 0x3187, 1, 0x91A7, 1,
    0x3187, 1, 0x2925, 2, 0x7145, 1, 0x50A3, 1,
    0x91A7, 1, 0x18C5, 3, 0x3000, 1, 0x7B0A, 1,
    0x7145, 1, 0x18C5, 25, 0x8000, 1, 0x91A7, 2,
    0x2000, 1, 0x7062, 2, 0x5AEC, 9, 0x636E, 2,
    0x8CB2, 6, 0x636E, 3, 0x5AEC, 4, 0x5248, 2,
    0x20E4, 3, 0x2925, 3, 0x1882, 3, 0x3800, 1,
    0x18E4, 1, 0x7062, 1, 0x3000, 1, 0x3800, 2,
    0x91A7, 1, 0x3000, 2, 0x2000, 2, 0x91A7, 3,
    0x6000, 1, 0x5248, 1, 0x91A7, 1, 0x5AEC, 1,
    0x5248, 1, 0x5AEC, 3, 0x5248, 3, 0x8CB2, 4,
    0xD5ED, 1, 0x8CB2, 2, 0xF6CE, 14, 0x1882, 1,
    0x7145, 1, 0x50A3, 1, 0x3187, 1, 0x2925, 2,
    0x20E4, 1, 0x2925, 1, 0x7145, 1, 0x91A7, 1,
    0x18C5, 3, 0x3800, 1, 0x7B0A, 1, 0x4947, 1,
    0x18C5, 23, 0x7000, 1, 0x91A7, 2, 0x2000, 1,
    0x7145, 2, 0x636E, 2, 0x5AEC, 6, 0x636E, 3,
    0x7B8D, 1, 0x636E, 3, 0x5C32, 1, 0x8CB2, 1,
    0xB50D, 2, 0x5C32, 2, 0x636E, 5, 0x8CB2, 3,
    0x636E, 2, 0x8CB2, 4, 0x7B8D, 1, 0x636E, 3,
    0x91A7, 3, 0x8000, 2, 0x1882, 1, 0x3000, 1,
    0x91A7, 1, 0x7800, 1, 0x7145, 4, 0x5AEC, 1,
    0x636E, 1, 0x5AEC, 4, 0x7B0A, 1, 0x5248, 1,
    0x8CB2, 3, 0xF6CE, 1, 0xD5ED, 3, 0x636E, 1,
    0x8CB2, 1, 0xF6CE, 3, 0x636E, 1, 0x5C32, 1,
    0xF6CE, 4, 0xB50D, 1, 0xF6CE, 4, 0x1882, 1,
    0x91A7, 1, 0x3187, 1, 0x20E4, 1, 0x1882, 1,
    0x20E4, 1, 0x1882, 2, 0x2925, 1, 0x3187, 1,
    0x50A3, 1, 0x18C5, 2, 0x3000, 1, 0x4947, 1,
    0x18C5, 21, 0x8CB2, 1, 0x7000, 1, 0x91A7, 1,
    0x2000, 2, 0x2925, 2, 0x636E, 1, 0xB50D, 4,
    0x636E, 1, 0x5AEC, 2, 0x636E, 1, 0x8CB2, 2,
    0xB50D, 2, 0x8CB2, 2, 0x636E, 2, 0xB50D, 1,
    0x636E, 7, 0xB50D, 4, 0x636E, 6, 0x7B8D, 1,
    0x636E, 1, 0x91A7, 3, 0x636E, 2, 0x8000, 1,
    0x2000, 1, 0x91A7, 2, 0x50A3, 4, 0x5248, 3,
    0x5AEC, 7, 0x8CB2, 3, 0xF6CE, 2, 0xD5ED, 2,
    0xF6CE, 2, 0x636E, 2, 0xF6CE, 3, 0x2925, 2,
    0x41C9, 1, 0xF6CE, 3, 0xB50D, 1, 0xF6CE, 3,
    0x0862, 1, 0x3187, 1, 0x7145, 1, 0x2925, 6,
    0x1882, 1, 0x2925, 1, 0x91A7, 1, 0x18C5, 2,
    0x3000, 1, 0x4947, 1, 0x18C5, 19, 0x8800, 1,
    0x7145, 1, 0x91A7, 1, 0x2000, 2, 0x2925, 1,
    0x5AEC, 2, 0xB50D, 3, 0xA489, 2, 0x5248, 1,
    0x636E, 1, 0xB50D, 1, 0x8C0C, 1, 0x7B8D, 1,
    0x636E, 3, 0x5AEC, 2, 0x636E, 6, 0x7B8D, 3,
    0xB50D, 1, 0x7B8D, 1, 0xB50D, 1, 0x7B8D, 1,
    0x636E, 1, 0xB50D, 4, 0x5C32, 1, 0x636E, 3,
    0x91A7, 2, 0x636E, 2, 0x8800, 1, 0x0862, 1,
    0x91A7, 1, 0x50A3, 2, 0x5248, 6, 0x5AEC, 2,
    0x636E, 1, 0x5AEC, 2, 0x8C0C, 1, 0x5AEC, 1,
    0x7B0A, 1, 0x8CB2, 5, 0xD5ED, 4, 0xF6CE, 1,
    0xD5ED, 1, 0x636E, 1, 0xF6CE, 3, 0x5C32, 1,
    0x2925, 1, 0x3187, 1, 0xF6CE, 3, 0xB50D, 1,
    0xF6CE, 3, 0x1882, 1, 0x3187, 1, 0x2925, 1,
    0x20E4, 1, 0x2925, 1, 0x62EA, 2, 0x4947, 1,
    0x2925, 2, 0x20E4, 1, 0x50A3, 1, 0x18C5, 2,
    0x6000, 1, 0x18C5, 17, 0x8CB2, 1, 0x636E, 1,
    0x7062, 1, 0x7145, 2, 0x2000, 1, 0x3187, 2,
    0x8C0C, 3, 0xB50D, 1, 0x8C0C, 2, 0xA489, 1,
    0x7000, 2, 0x8C0C, 1, 0xB50D, 1, 0x62EA, 1,
    0x3187, 1, 0xB50D, 4, 0x5AEC, 2, 0xB50D, 3,
    0x636E, 4, 0x5AEC, 1, 0x636E, 4, 0x5AEC, 3,
    0xB50D, 6, 0x8CB2, 1, 0x2925, 1, 0x2000, 1,
    0x91A7, 1, 0x50A3, 2, 0x41C9, 4, 0x5AEC, 11,
    0x8CB2, 11, 0xD5ED, 1, 0xF6CE, 1, 0x8C0C, 1,
    0xF6CE, 3, 0xB50D, 1, 0xF6CE, 1, 0x3187, 1,
    0xF6CE, 1, 0xD5ED, 1, 0xF6CE, 1, 0xB50D, 1,
    0xF6CE, 3, 0x1882, 1, 0x3187, 1, 0x20E4, 1,
    0x1882, 1, 0x5248, 1, 0x2925, 1, 0x1882, 2,
    0x62EA, 1, 0x2925, 1, 0x20E4, 1, 0x3187, 1,
    0x18C5, 2, 0x3800, 1, 0x18C5, 15, 0xB50D, 1,
    0x8CB2, 1, 0x91A7, 2, 0x7145, 2, 0x2000, 1,
    0x5000, 1, 0x5AEC, 1, 0x636E, 1, 0x8C0C, 1,
    0xA489, 2, 0x7B0A, 1, 0x6000, 1, 0x7145, 2,
    0x41C9, 1, 0x5248, 3, 0x8C0C, 1, 0xB50D, 4,
    0x5AEC, 1, 0xB50D, 3, 0x5AEC, 1, 0xB50D, 7,
    0x8C0C, 2, 0xB50D, 2, 0x7145, 1, 0x50A3, 1,
    0x5248, 1, 0xD5ED, 1, 0xB50D, 1, 0x2925, 1,
    0x636E, 1, 0x8800, 1, 0x3000, 1, 0x91A7, 1,
    0x4841, 2, 0x3800, 1, 0x41C9, 2, 0x5AEC, 9,
    0x636E, 1, 0x5AEC, 2, 0x8CB2, 10, 0x636E, 2,
    0x432E, 1, 0xF6CE, 1, 0xD5ED, 1, 0x8C0C, 1,
    0xA489, 1, 0xF6CE, 3, 0xB50D, 2, 0xF6CE, 1,
    0xA489, 1, 0xF6CE, 1, 0x7B0A, 1, 0xF6CE, 3,
    0x2925, 1, 0x91A7, 1, 0x20E4, 1, 0x2925, 1,
    0x1882, 1, 0x3800, 1, 0x1882, 3, 0x2925, 2,
    0x3187, 1, 0x18C5, 17, 0x636E, 3, 0x91A7, 1,
    0x7145, 2, 0x2000, 1, 0x7000, 1, 0x5AEC, 3,
    0x8C0C, 2, 0x7B0A, 1, 0x5248, 1, 0xA489, 2,
    0x7B0A, 1, 0x8C0C, 1, 0x5248, 2, 0x4841, 1,
    0x5248, 1, 0x3A4A, 1, 0x50A3, 2, 0x2925, 1,
    0x8C0C, 1, 0xA489, 1, 0x3A4A, 2, 0xA489, 1,
    0x8C0C, 1, 0x2925, 2, 0xA489, 1, 0x8C0C, 1,
    0xA489, 2, 0x50A3, 1, 0x4800, 1, 0xA489, 5,
    0x636E, 1, 0x3A4A, 1, 0x7800, 1, 0x2000, 2,
    0x91A7, 1, 0x50A3, 3, 0x4841, 1, 0x5AEC, 9,
    0x636E, 2, 0x5AEC, 1, 0x8CB2, 10, 0xD5ED, 1,
    0x8CB2, 1, 0x636E, 1, 0x8C0C, 1, 0x2925, 1,
    0x8CB2, 1, 0xF6CE, 1, 0xB50D, 1, 0xA489, 1,
    0xF6CE, 2, 0xD5ED, 1, 0xF6CE, 1, 0xD5ED, 1,
    0xA489, 2, 0x5C32, 1, 0x7B0A, 1, 0xF6CE, 3,
    0x3187, 1, 0x7145, 1, 0x1882, 1, 0x62EA, 1,
    0x3800, 1, 0x1882, 3, 0x3800, 1, 0x62EA, 1,
    0x2925, 1, 0x3187, 1, 0x2925, 1, 0x18C5, 15,
    0x636E, 1, 0x8CB2, 1, 0x5AEC, 1, 0x91A7, 1,
    0x7145, 2, 0x2000, 1, 0x7000, 1, 0x5AEC, 3,
    0x3A4A, 1, 0x8C0C, 2, 0x41C9, 1, 0x6000, 1,
    0x7B0A, 1, 0xA489, 3, 0x8C0C, 3, 0xA489, 1,
    0x5248, 1, 0xA489, 3, 0x5248, 7, 0xA489, 1,
    0x8C0C, 1, 0xA489, 2, 0x41C9, 1, 0x3000, 1,
    0x5248, 1, 0xA489, 5, 0x5AEC, 1, 0x7000, 1,
    0x2000, 1, 0x91A7, 1, 0x4841, 1, 0x50A3, 2,
    0x41C9, 4, 0x636E, 3, 0x5AEC, 4, 0x7145, 1,
    0x5AEC, 1, 0x636E, 1, 0x8CB2, 2, 0x636E, 1,
    0x8CB2, 9, 0xD5ED, 3, 0x5C32, 1, 0xF6CE, 1,
    0xD5ED, 1, 0xB50D, 1, 0x5C32, 1, 0xF6CE, 1,
    0xD5ED, 5, 0xF6CE, 1, 0x5C32, 1, 0xA489, 1,
    0xF6CE, 1, 0xD5ED, 1, 0x1882, 1, 0x2925, 4,
    0x1882, 3, 0x0862, 1, 0x1882, 1, 0x2925, 2,
    0x3187, 1, 0x2925, 1, 0x18C5, 14, 0x636E, 2,
    0x5AEC, 2, 0x7145, 1, 0x2000, 2, 0x6000, 1,
    0x5AEC, 3, 0x20E4, 1, 0xA489, 2, 0x8C0C, 1,
    0x5000, 1, 0x4800, 2, 0x5000, 1, 0x3800, 1,
    0x4800, 1, 0x4947, 2, 0x5248, 2, 0x8C0C, 1,
    0xA489, 1, 0x5248, 1, 0xA489, 2, 0x8C0C, 3,
    0xA489, 1, 0x8C0C, 2, 0x7B0A, 1, 0x4947, 3,
    0xA489, 2, 0x4800, 1, 0x7B0A, 1, 0xA489, 2,
    0xB50D, 1, 0x5AEC, 1, 0x7000, 1, 0x2000, 1,
    0x91A7, 1, 0x4800, 1, 0x50A3, 4, 0x3A4A, 2,
    0x5248, 2, 0x62EA, 1, 0x8C0C, 1, 0x636E, 2,
    0x20E4, 2, 0x7145, 1, 0x3187, 1, 0x636E, 1,
    0x5AEC, 1, 0x636E, 2, 0x8CB2, 6, 0x5AEC, 1,
    0x8CB2, 1, 0xF6CE, 1, 0xD5ED, 1, 0xB50D, 1,
    0x8CB2, 1, 0x5C32, 1, 0xD5ED, 3, 0x3187, 1,
    0xF6CE, 1, 0xA489, 2, 0xD5ED, 1, 0x41C9, 1,
    0x3187, 1, 0x1926, 1, 0x0000, 1, 0xA489, 1,
    0xF6CE, 1, 0xD5ED, 1, 0x1882, 1, 0x2925, 1,
    0x20E4, 1, 0x62EA, 1, 0x1882, 7, 0x62EA, 1,
    0x2925, 1, 0x3187, 1, 0x18C5, 13, 0x3187, 1,
    0x91A7, 1, 0x98C3, 1, 0x8800, 1, 0x7145, 1,
    0x2000, 2, 0x6000, 1, 0x7000, 1, 0x5AEC, 2,
    0x7145, 1, 0x20E4, 1, 0x8C0C, 3, 0x41C9, 2,
    0x4947, 1, 0x5000, 1, 0x4800, 8, 0x50A3, 1,
    0x41C9, 1, 0x7B0A, 3, 0xA489, 3, 0x7B0A, 1,
    0xA489, 3, 0x7800, 1, 0x5AEC, 1, 0xB50D, 1,
    0xA489, 1, 0xB50D, 3, 0x5AEC, 1, 0x4841, 1,
    0x2000, 1, 0x91A7, 1, 0x4841, 2, 0x50A3, 1,
    0x3187, 3, 0x41C9, 1, 0x3A4A, 3, 0xB50D, 2,
    0x20E4, 2, 0x7062, 2, 0x7145, 1, 0x7062, 1,
    0x3187, 1, 0x5AEC, 1, 0x8C0C, 2, 0x636E, 1,
    0x8CB2, 4, 0x91A7, 1, 0x5AEC, 1, 0xB50D, 1,
    0xF6CE, 3, 0xD5ED, 4, 0xF6CE, 1, 0x3187, 1,
    0xD5ED, 1, 0x7B0A, 1, 0xD5ED, 1, 0x5C32, 1,
    0x41C9, 1, 0x3187, 1, 0x20E4, 1, 0xA489, 1,
    0xF6CE, 1, 0xD5ED, 2, 0x18E4, 1, 0x3187, 1,
    0x20E4, 1, 0x4947, 1, 0x3800, 1, 0x1882, 6,
    0x2925, 2, 0x3187, 1, 0x18C5, 12, 0x7145, 1,
    0x91A7, 1, 0x98C3, 1, 0x8800, 1, 0x6000, 1,
    0x7145, 2, 0x2000, 1, 0x7000, 1, 0x7145, 2,
    0x5AEC, 1, 0x7062, 1, 0x20E4, 2, 0x3A4A, 1,
    0x8C0C, 1, 0x50A3, 2, 0x4841, 1, 0x7B0A, 1,
    0x4947, 1, 0x50A3, 2, 0x4800, 5, 0x3800, 2,
    0x4800, 3, 0x4841, 1, 0x5248, 3, 0x7B0A, 1,
    0x4841, 1, 0xB50D, 2, 0x20E4, 1, 0x7000, 1,
    0x20E4, 1, 0x5AEC, 3, 0x7000, 1, 0x2000, 1,
    0x91A7, 1, 0x4800, 1, 0x50A3, 4, 0x41C9, 3,
    0x3A4A, 1, 0x7B0A, 1, 0xB50D, 3, 0x4841, 1,
    0x18C5, 1, 0x7062, 1, 0x7000, 1, 0x7062, 2,
    0x2925, 1, 0x20E4, 1, 0x3187, 2, 0x636E, 1,
    0x91A7, 1, 0x636E, 1, 0x8CB2, 1, 0x636E, 1,
    0x3187, 1, 0x41C9, 1, 0xD5ED, 1, 0xF6CE, 3,
    0xA489, 1, 0xD5ED, 3, 0x2925, 1, 0x3187, 1,
    0xD5ED, 1, 0xA001, 1, 0xA489, 1, 0x41C9, 1,
    0x20E4, 3, 0xF6CE, 1, 0xD5ED, 3, 0x20E4, 1,
    0x3187, 1, 0x20E4, 1, 0x2925, 1, 0x1882, 7,
    0x7145, 1, 0x2925, 1, 0x3187, 1, 0x18C5, 11,
    0x3187, 1, 0x7000, 3, 0x7062, 1, 0x4841, 2,
    0x7145, 1, 0x4800, 1, 0x6000, 1, 0x41C9, 1,
    0x5248, 1, 0x50A3, 1, 0x7062, 2, 0x20E4, 1,
    0x3A4A, 1, 0xB50D, 1, 0x8C0C, 3, 0x4841, 1,
    0x50A3, 2, 0x5248, 1, 0x50A3, 4, 0x4841, 1,
    0x4800, 1, 0x4841, 3, 0x50A3, 1, 0x7B0A, 1,
    0x3800, 1, 0x3000, 1, 0xA489, 1, 0xB50D, 1,
    0x432E, 1, 0x3A4A, 1, 0x20E4, 1, 0x7000, 2,
    0x7145, 1, 0x7062, 2, 0x7000, 1, 0x2000, 1,
    0x91A7, 1, 0x4841, 3, 0x50A3, 3, 0x41C9, 4,
    0xB50D, 2, 0x2925, 1, 0x7145, 1, 0x18C5, 4,
    0x6000, 1, 0x7000, 1, 0x7800, 1, 0x20E4, 1,
    0x2925, 1, 0x3187, 2, 0x91A7, 1, 0x636E, 2,
    0x8CB2, 1, 0x2925, 1, 0xF6CE, 4, 0xA489, 2,
    0x3187, 3, 0x20E4, 1, 0xA489, 1, 0x8C0C, 1,
    0xA001, 2, 0x41C9, 1, 0xF6CE, 4, 0xA489, 3,
    0x2925, 1, 0x3187, 1, 0x20E4, 1, 0x1882, 4,
    0x0862, 1, 0x1882, 2, 0x6000, 1, 0x7145, 1,
    0x2925, 1, 0x3187, 1, 0x18C5, 11, 0x7000, 3,
    0x7062, 2, 0x4841, 2, 0x7145, 1, 0x2000, 1,
    0x5000, 1, 0x4841, 1, 0x5248, 1, 0x50A3, 2,
    0x4841, 1, 0x5000, 2, 0x3187, 1, 0x7B0A, 5,
    0x62EA, 1, 0x3187, 1, 0x20E4, 1, 0x5AEC, 2,
    0x8C0C, 1, 0xA489, 2, 0x20E4, 1, 0x41C9, 1,
    0x8C0C, 2, 0xA489, 2, 0x5AEC, 1, 0x1882, 1,
    0x7000, 4, 0x7062, 2, 0x7000, 2, 0x3000, 1,
    0x91A7, 2, 0x4800, 1, 0x50A3, 7, 0x41C9, 2,
    0x5AEC, 1, 0x3A4A, 1, 0x3187, 1, 0x7062, 1,
    0x1882, 3, 0x0862, 1, 0x3187, 1, 0x18C5, 2,
    0x6000, 1, 0x2925, 2, 0x3187, 2, 0x636E, 1,
    0x8CB2, 1, 0x636E, 1, 0x3187, 1, 0x2925, 1,
    0xF6CE, 4, 0xA489, 2, 0x3187, 1, 0x20E4, 3,
    0xA489, 1, 0x41C9, 1, 0xA001, 2, 0x41C9, 1,
    0x3187, 1, 0xA489, 5, 0x18E4, 1, 0x2925, 1,
    0x3187, 1, 0x2925, 1, 0x1882, 8, 0x2925, 2,
    0x3187, 1, 0x18C5, 10, 0x7000, 3, 0xA489, 1,
    0x7145, 1, 0x7062, 1, 0x50A3, 1, 0x4841, 1,
    0x5248, 1, 0x2000, 1, 0x5000, 2, 0x41C9, 1,
    0x5248, 1, 0x50A3, 2, 0x6000, 3, 0x4800, 1,
    0x1882, 3, 0x3187, 2, 0x7B0A, 1, 0x8C0C, 1,
    0x7B0A, 3, 0x41C9, 2, 0x3187, 1, 0x1882, 1,
    0x0862, 2, 0x4800, 1, 0x6000, 3, 0x50A3, 2,
    0x5248, 1, 0x41C9, 1, 0x6000, 2, 0x2000, 1,
    0x7145, 1, 0x4841, 1, 0x50A3, 1, 0x7145, 1,
    0x7062, 1, 0x8000, 1, 0x50A3, 6, 0x20E4, 1,
    0x2925, 3, 0x7062, 1, 0x6000, 1, 0x1882, 1,
    0x0862, 1, 0x1882, 1, 0x3187, 2, 0x7145, 1,
    0x91A7, 1, 0x18C5, 1, 0x6000, 1, 0x432E, 1,
    0x5C32, 1, 0x3187, 2, 0x636E, 2, 0x2925, 1,
    0xA489, 1, 0xF6CE, 4, 0xA001, 2, 0x20E4, 1,
    0xF6CE, 3, 0xA489, 1, 0x41C9, 1, 0xA001, 1,
    0x7062, 1, 0x7B8D, 1, 0x3187, 4, 0x2925, 1,
    0xA489, 1, 0x1882, 1, 0x2925, 1, 0x3187, 1,
    0x2925, 1, 0x1882, 4, 0x0862, 1, 0x1882, 3,
    0x62EA, 1, 0x3187, 1, 0x2925, 1, 0x18C5, 10,
    0x7000, 3, 0xA489, 2, 0x41C9, 1, 0x50A3, 1,
    0x4841, 2, 0x7145, 1, 0x2000, 1, 0x5000, 3,
    0x50A3, 2, 0x5000, 1, 0x6000, 5, 0x4800, 3,
    0x5000, 6, 0x4800, 1, 0x5000, 4, 0x6000, 2,
    0x50A3, 2, 0x5248, 1, 0x50A3, 1, 0x6000, 2,
    0x2000, 1, 0x7145, 1, 0x4841, 3, 0x7062, 1,
    0x7145, 2, 0x8000, 5, 0x50A3, 2, 0x2925, 1,
    0x3187, 1, 0x2925, 1, 0x7062, 1, 0x6000, 1,
    0x0862, 3, 0x7145, 1, 0x3187, 1, 0x2925, 1,
    0x3187, 1, 0x7145, 1, 0x50A3, 1, 0x2925, 1,
    0x432E, 1, 0x2925, 1, 0x3187, 1, 0x636E, 1,
    0x5C32, 1, 0x3187, 1, 0xA489, 1, 0xF6CE, 5,
    0xA001, 1, 0x7062, 1, 0xA489, 1, 0xF6CE, 1,
    0xA489, 3, 0x2925, 1, 0x91A7, 1, 0x7062, 2,
    0x91A7, 1, 0x3187, 1, 0x7062, 2, 0x2925, 1,
    0x7B0A, 1, 0x1882, 1, 0x2925, 3, 0x1882, 8,
    0x2925, 1, 0x3187, 1, 0x2925, 1, 0x18C5, 10,
    0x7000, 2, 0xA489, 3, 0x20E4, 2, 0x50A3, 1,
    0x5000, 1, 0x7145, 1, 0x1882, 1, 0x2000, 2,
    0x0862, 1, 0x5000, 2, 0x6000, 2, 0x4841, 4,
    0x6000, 4, 0x5000, 10, 0x50A3, 2, 0x4841, 1,
    0x50A3, 1, 0x6000, 3, 0x5248, 1, 0x4841, 2,
    0x50A3, 2, 0x7145, 1, 0x91A7, 1, 0x7062, 1,
    0x8000, 7, 0xA001, 1, 0x91A7, 1, 0x7800, 1,
    0x7062, 1, 0x7000, 1, 0x1882, 1, 0x0862, 1,
    0x1882, 1, 0x50A3, 1, 0x91A7, 1, 0x2925, 4,
    0x91A7, 1, 0x3187, 1, 0x432E, 1, 0x2925, 1,
    0x5AEC, 1, 0x3187, 2, 0x4841, 1, 0xA489, 1,
    0xF6CE, 4, 0xD5ED, 1, 0xA001, 1, 0x7062, 1,
    0x3187, 1, 0xA489, 2, 0x3187, 1, 0x7B0A, 1,
    0x2925, 1, 0x91A7, 1, 0x7062, 4, 0x2925, 3,
    0x7B0A, 1, 0x18E4, 1, 0x2925, 1, 0x3187, 1,
    0x2925, 1, 0x1882, 7, 0x2925, 2, 0x3187, 1,
    0x18C5, 11, 0x7000, 1, 0x7145, 1, 0x2925, 1,
    0xA489, 1, 0x8C0C, 1, 0x3A4A, 1, 0x20E4, 1,
    0x50A3, 2, 0x4841, 3, 0x7145, 1, 0x0862, 2,
    0x4800, 1, 0x6000, 9, 0x5000, 12, 0x0862, 1,
    0x2000, 2, 0x1882, 1, 0x7145, 1, 0x4800, 1,
    0x4841, 2, 0x50A3, 1, 0x3187, 1, 0x2925, 1,
    0xB50D, 4, 0x8000, 4, 0xA001, 3, 0x8800, 1,
    0x7800, 1, 0x6000, 1, 0x0862, 1, 0x1882, 2,
    0x7062, 1, 0x7145, 1, 0x3187, 1, 0x1882, 1,
    0x20E4, 1, 0x1882, 2, 0x7145, 2, 0x432E, 1,
    0x2925, 2, 0x3187, 1, 0x1882, 1, 0xA489, 1,
    0xF6CE, 5, 0xD5ED, 1, 0xA001, 1, 0x7062, 1,
    0x91A7, 1, 0x3187, 3, 0x7B0A, 1, 0x20E4, 1,
    0x2925, 1, 0x5248, 1, 0x2925, 2, 0x1882, 3,
    0x0862, 1, 0x2925, 3, 0x3187, 1, 0x20E4, 1,
    0x2925, 1, 0x1882, 4, 0x0862, 1, 0x3800, 1,
    0x62EA, 1, 0x2925, 1, 0x3187, 1, 0x18C5, 11,
    0x7000, 1, 0x91A7, 1, 0x5248, 1, 0xA489, 2,
    0x3A4A, 1, 0x5AEC, 1, 0x20E4, 1, 0x50A3, 2,
    0x4841, 4, 0x7145, 1, 0x1882, 2, 0x0862, 7,
    0x4800, 4, 0x3000, 2, 0x3800, 4, 0x0862, 3,
    0x7145, 1, 0x5248, 2, 0x4841, 4, 0x20E4, 2,
    0xA489, 4, 0xB50D, 2, 0x7062, 1, 0x8000, 1,
    0xA001, 5, 0x8800, 1, 0x7800, 1, 0x8000, 1,
    0x1882, 1, 0x0862, 2, 0x50A3, 1, 0x7062, 1,
    0x1882, 1, 0x2925, 5, 0x7145, 1, 0x20E4, 1,
    0x2925, 2, 0x1882, 2, 0xF6CE, 3, 0xD5ED, 1,
    0xF6CE, 2, 0xD5ED, 1, 0x3187, 1, 0x7062, 1,
    0x91A7, 1, 0x7062, 3, 0x2925, 1, 0x20E4, 1,
    0x2925, 1, 0x0862, 2, 0x1882, 1, 0x4947, 1,
    0x3800, 1, 0x4947, 2, 0x2925, 3, 0x3187, 1,
    0x20E4, 1, 0x4947, 1, 0x3800, 1, 0x1882, 5,
    0x2925, 1, 0x20E4, 1, 0x3187, 1, 0x18C5, 11,
    0x4800, 1, 0x5AEC, 1, 0x5248, 1, 0x7B0A, 1,
    0x636E, 1, 0x5AEC, 3, 0x50A3, 2, 0x4841, 2,
    0x5000, 3, 0x7145, 14, 0x0862, 5, 0x7145, 2,
    0x50A3, 1, 0x4841, 4, 0x50A3, 1, 0x20E4, 2,
    0x3187, 1, 0xB50D, 1, 0xA489, 1, 0xB50D, 2,
    0xA489, 2, 0x7145, 1, 0x91A7, 1, 0xA001, 5,
    0x8800, 2, 0x7800, 1, 0x8000, 1, 0x18E4, 2,
    0x20E4, 1, 0x50A3, 1, 0x2925, 2, 0x62EA, 2,
    0x4947, 1, 0x2925, 1, 0x1882, 1, 0x3187, 1,
    0x2925, 1, 0x18E4, 1, 0x2925, 1, 0x6000, 1,
    0x3800, 1, 0xF6CE, 3, 0xD5ED, 4, 0x2925, 1,
    0x91A7, 1, 0x7062, 1, 0x5248, 3, 0x4947, 1,
    0x0862, 2, 0x4947, 7, 0x18E4, 1, 0x1926, 1,
    0x20E4, 1, 0x3187, 1, 0x20E4, 1, 0x62EA, 1,
    0x1882, 5, 0x62EA, 1, 0x2925, 1, 0x20E4, 1,
    0x50A3, 1, 0x18C5, 11, 0x4800, 1, 0x1882, 1,
    0x5248, 1, 0x5AEC, 1, 0x3A4A, 1, 0x5AEC, 1,
    0x432E, 1, 0x636E, 1, 0x2925, 1, 0x50A3, 1,
    0x4841, 2, 0x5000, 21, 0x6000, 2, 0x4841, 5,
    0x20E4, 1, 0x3A4A, 2, 0x5AEC, 1, 0xA489, 3,
    0xB50D, 1, 0x62EA, 1, 0x18E4, 1, 0x41C9, 1,
    0xA489, 1, 0xA001, 6, 0x8000, 4, 0x18E4, 1,
    0x1882, 1, 0x3187, 2, 0x1882, 1, 0x62EA, 1,
    0x2925, 1, 0x1882, 2, 0x62EA, 1, 0x2925, 1,
    0x20E4, 1, 0x2925, 1, 0x4841, 1, 0x2925, 1,
    0x3800, 1, 0x7B0A, 1, 0xF6CE, 1, 0xD5ED, 2,
    0xA489, 1, 0xD5ED, 1, 0xA489, 1, 0x7B0A, 1,
    0x2925, 1, 0x5248, 3, 0x0862, 2, 0x4800, 1,
    0x3800, 1, 0x4947, 7, 0x18E4, 3, 0x1926, 1,
    0x3187, 1, 0x20E4, 1, 0x2925, 2, 0x3800, 2,
    0x1882, 2, 0x2925, 3, 0x91A7, 1, 0x18C5, 11,
    0x4800, 1, 0x5AEC, 1, 0x1882, 1, 0x3A4A, 4,
    0x432E, 1, 0x5C32, 1, 0x3A4A, 1, 0x7000, 2,
    0x5000, 1, 0x6000, 9, 0x5000, 10, 0x6000, 1,
    0x4800, 1, 0x4841, 5, 0x20E4, 1, 0x3A4A, 3,
    0x5C32, 2, 0xF6CE, 3, 0x8CB2, 1, 0x1926, 2,
    0x8CB2, 1, 0xA001, 5, 0x7800, 1, 0x8000, 3,
    0x18E4, 3, 0x91A7, 1, 0x20E4, 1, 0x2925, 1,
    0x4947, 1, 0x3800, 1, 0x1882, 3, 0x2925, 1,
    0x20E4, 1, 0x3187, 1, 0x4841, 1, 0x20E4, 1,
    0x3800, 1, 0xA489, 1, 0xD5ED, 2, 0xA489, 1,
    0x7B0A, 2, 0xA489, 2, 0x0862, 6, 0x3800, 1,
    0x4947, 6, 0x5AEC, 2, 0x18E4, 4, 0x2925, 2,
    0x1882, 1, 0x62EA, 1, 0x1882, 1, 0x2925, 1,
    0x1882, 1, 0x4947, 1, 0x2925, 1, 0x1882, 1,
    0x3187, 1, 0x50A3, 1, 0x18C5, 11, 0x4800, 2,
    0x5248, 1, 0x0862, 1, 0x1882, 1, 0x18E4, 1,
    0x3A4A, 2, 0x5AEC, 1, 0x4841, 1, 0x4800, 3,
    0x6000, 19, 0x7800, 1, 0x8000, 2, 0x7062, 1,
    0x5AEC, 1, 0x8CB2, 2, 0x636E, 2, 0x8CB2, 4,
    0xF6CE, 1, 0x8CB2, 2, 0x3187, 1, 0x1926, 2,
    0x8CB2, 1, 0xA001, 2, 0x8800, 1, 0x8000, 2,
    0x7800, 1, 0x8000, 2, 0x7800, 1, 0x18E4, 1,
    0x1882, 2, 0x7062, 1, 0x1882, 1, 0x62EA, 1,
    0x1882, 4, 0x3800, 1, 0x62EA, 1, 0x20E4, 1,
    0x3187, 1, 0x6000, 1, 0x2925, 1, 0x7B0A, 1,
    0xA489, 3, 0x4947, 1, 0x3800, 1, 0x4947, 1,
    0x7B0A, 1, 0xA489, 1, 0x7B0A, 1, 0x4947, 1,
    0x3800, 1, 0x4800, 3, 0x3800, 1, 0x4947, 4,
    0x432E, 3, 0x0000, 2, 0x18E4, 3, 0x2925, 1,
    0x7145, 1, 0x20E4, 1, 0x2925, 1, 0x5248, 1,
    0x62EA, 2, 0x2925, 3, 0x91A7, 1, 0x18C5, 11,
    0x5000, 1, 0x4800, 1, 0x3000, 1, 0x3800, 1,
    0x4800, 2, 0x1882, 2, 0x0862, 1, 0x1882, 1,
    0x4841, 1, 0x4800, 3, 0x6000, 18, 0x7000, 4,
    0x7062, 1, 0x5C32, 2, 0x636E, 3, 0x8CB2, 5,
    0x2925, 2, 0x41C9, 1, 0x8CB2, 2, 0xB50D, 1,
    0x8000, 8, 0x7800, 1, 0x1882, 3, 0x3187, 1,
    0x2925, 1, 0x4947, 1, 0x1882, 3, 0x0862, 1,
    0x1882, 1, 0x62EA, 1, 0x2925, 1, 0x3187, 1,
    0x5000, 1, 0x4841, 1, 0xA489, 3, 0x7B0A, 1,
    0x4947, 1, 0x4841, 1, 0x4947, 1, 0xA489, 1,
    0x7B0A, 1, 0x4947, 1, 0x3800, 2, 0x4800, 3,
    0x4947, 1, 0x636E, 5, 0x2925, 2, 0x1926, 1,
    0x0000, 1, 0x18E4, 1, 0x1926, 1, 0x18E4, 1,
    0x3187, 1, 0x91A7, 1, 0x20E4, 1, 0x1882, 1,
    0x2925, 3, 0x1882, 2, 0x7145, 1, 0x91A7, 1,
    0x18C5, 11, 0x4800, 2, 0x3000, 1, 0x3800, 1,
    0x4800, 3, 0x6000, 3, 0x7000, 4, 0x6000, 18,
    0x7000, 4, 0x7062, 1, 0x20E4, 1, 0x1882, 2,
    0x636E, 1, 0x3187, 1, 0x20E4, 1, 0x2925, 1,
    0x8CB2, 1, 0x20E4, 1, 0x1926, 1, 0x8CB2, 3,
    0x8800, 3, 0x8000, 4, 0x7800, 2, 0x8000, 2,
    0x7800, 1, 0x1882, 1, 0x18E4, 1, 0x2925, 1,
    0x3187, 1, 0x2925, 1, 0x1882, 6, 0x4947, 1,
    0x2925, 1, 0x636E, 1, 0x6000, 1, 0x4947, 1,
    0xA489, 2, 0x4947, 1, 0x3800, 2, 0x4947, 1,
    0x7B0A, 2, 0x4947, 2, 0x4800, 4, 0x4947, 1,
    0x432E, 5, 0x18E4, 4, 0x20E4, 1, 0x2925, 1,
    0x20E4, 1, 0x18E4, 1, 0x2925, 1, 0x3187, 1,
    0x2925, 1, 0x20E4, 1, 0x2925, 1, 0x1882, 1,
    0x20E4, 2, 0x2925, 1, 0x50A3, 1, 0x18C5, 12,
    0x4800, 1, 0x3000, 2, 0x4800, 3, 0x5000, 1,
    0x6000, 4, 0x7000, 3, 0x8000, 8, 0x8800, 9,
    0xA001, 3, 0x8800, 3, 0x8000, 4, 0x8800, 5,
    0x8000, 2, 0x7800, 1, 0x8800, 1, 0x8000, 6,
    0x7800, 3, 0x8000, 1, 0x7800, 1, 0x8000, 1,
    0x1882, 1, 0x18E4, 1, 0x2925, 2, 0x62EA, 1,
    0x3800, 1, 0x1882, 5, 0x2925, 2, 0x3187, 1,
    0x2925, 1, 0x7B0A, 3, 0x3800, 1, 0x4800, 1,
    0x4841, 1, 0x4947, 3, 0x3800, 1, 0x4800, 4,
    0x3800, 1, 0x5AEC, 1, 0x432E, 4, 0x1926, 1,
    0x5C32, 1, 0x41C9, 1, 0x3187, 1, 0x0000, 2,
    0x2925, 2, 0x1926, 1, 0x20E4, 1, 0x3187, 1,
    0x7145, 1, 0x2925, 1, 0x20E4, 1, 0x1882, 1,
    0x2925, 2, 0x7145, 1, 0x3187, 1, 0x18C5, 12,
    0x4800, 1, 0x3000, 2, 0x4800, 3, 0x5000, 1,
    0x6000, 3, 0x7000, 1, 0x6000, 1, 0x7000, 2,
    0x8000, 8, 0x8800, 9, 0xA001, 3, 0x8800, 2,
    0x8000, 4, 0x8800, 6, 0x8000, 2, 0x7800, 1,
    0x8000, 6, 0x7800, 6, 0x8000, 1, 0x18E4, 2,
    0x3187, 1, 0x2925, 1, 0x5248, 1, 0x3800, 1,
    0x1882, 2, 0x0862, 1, 0x1882, 2, 0x7B0A, 1,
    0x3187, 1, 0x636E, 1, 0x2925, 1, 0x7B0A, 1,
    0x4947, 1, 0x3800, 2, 0x4800, 2, 0x4947, 2,
    0x3800, 1, 0x4800, 4, 0x3800, 1, 0x1926, 1,
    0x18E4, 1, 0x20E4, 1, 0x2925, 3, 0x18E4, 1,
    0x8CB2, 2, 0x2925, 1, 0x5C32, 1, 0x18E4, 1,
    0x1926, 1, 0x20E4, 1, 0x1926, 1, 0x2925, 1,
    0x3187, 1, 0x91A7, 1, 0x3187, 2, 0x2925, 2,
    0x3187, 1, 0x91A7, 1, 0x18C5, 13, 0x4800, 1,
    0x3000, 3, 0x4800, 4, 0x6000, 1, 0x7000, 5,
    0x8000, 1, 0x8800, 5, 0xA001, 1, 0x8800, 1,
    0xA001, 6, 0x8800, 3, 0xA001, 3, 0x8000, 1,
    0x8800, 2, 0x8000, 4, 0x8800, 5, 0x8000, 8,
    0x7800, 8, 0x18E4, 2, 0x3187, 1, 0x2925, 1,
    0x4947, 1, 0x1882, 1, 0x20E4, 1, 0x1882, 4,
    0x2925, 2, 0x3187, 1, 0x4947, 2, 0x0862, 1,
    0x3800, 2, 0x4800, 1, 0x3800, 1, 0x4947, 1,
    0x3800, 1, 0x4800, 3, 0x4841, 2, 0xA489, 1,
    0x1926, 1, 0x41C9, 3, 0x3187, 1, 0x2925, 1,
    0x18E4, 2, 0x0000, 1, 0x18E4, 5, 0x20E4, 3,
    0x7145, 1, 0x50A3, 1, 0x91A7, 1, 0x3187, 2,
    0x7145, 1, 0x18C5, 15, 0x3000, 3, 0x4800, 4,
    0x6000, 1, 0x7000, 2, 0x6000, 1, 0x7000, 2,
    0x8000, 1, 0x8800, 1, 0xA001, 3, 0x98C3, 7,
    0xA001, 3, 0x8800, 2, 0xA001, 3, 0x8000, 1,
    0x8800, 2, 0x8000, 4, 0x8800, 5, 0x8000, 7,
    0x7800, 8, 0x1882, 3, 0x3187, 1, 0x20E4, 1,
    0xA489, 1, 0x7000, 1, 0x20E4, 1, 0x1882, 1,
    0x0862, 1, 0x1882, 2, 0x4947, 1, 0x2925, 1,
    0x3187, 1, 0x4947, 1, 0x3800, 1, 0x0862, 2,
    0x3800, 1, 0x4800, 1, 0x3800, 2, 0x4800, 2,
    0x4841, 2, 0x18C5, 6, 0x8CB2, 1, 0x5C32, 2,
    0x2925, 1, 0x0000, 1, 0x0862, 1, 0x18E4, 1,
    0x20E4, 1, 0x18E4, 8, 0x91A7, 1, 0x50A3, 1,
    0x3187, 1, 0x18C5, 16, 0x3800, 2, 0x3000, 1,
    0x4800, 4, 0x7000, 2, 0x6000, 2, 0x5000, 2,
    0x6000, 2, 0x7000, 3, 0x8800, 1, 0x7062, 2,
    0x7800, 1, 0x98C3, 3, 0xA001, 4, 0x8800, 1,
    0xA001, 5, 0x8800, 2, 0x8000, 3, 0x8800, 7,
    0x8000, 3, 0x7800, 10, 0x1882, 3, 0x2925, 1,
    0x20E4, 1, 0x4947, 1, 0x1882, 6, 0x62EA, 1,
    0x2925, 1, 0x3187, 1, 0x1882, 1, 0x0862, 2,
    0x1882, 1, 0x3800, 1, 0x4800, 5, 0x18C5, 11,
    0x8CB2, 2, 0x18E4, 1, 0x18C5, 5, 0x18E4, 3,
    0x20E4, 3, 0x18E4, 1, 0x18C5, 17, 0x3000, 1,
    0x3800, 2, 0x4800, 1, 0x5000, 1, 0x4800, 1,
    0x5000, 1, 0x7000, 1, 0x6000, 2, 0x4800, 1,
    0x3000, 1, 0x2000, 2, 0x3000, 1, 0x2000, 1,
    0x3000, 2, 0x0862, 2, 0x7062, 1, 0x7800, 1,
    0x98C3, 2, 0x8800, 1, 0x7800, 3, 0x7000, 6,
    0x8000, 1, 0x8800, 3, 0x8000, 1, 0x8800, 2,
    0x8000, 2, 0x8800, 3, 0x8000, 1, 0x7800, 13,
    0x18E4, 3, 0x3187, 1, 0x2925, 1, 0x5248, 1,
    0x3800, 1, 0x1882, 3, 0x0862, 1, 0x1882, 1,
    0x62EA, 1, 0x20E4, 1, 0x3187, 1, 0x1882, 5,
    0x4800, 1, 0x4841, 2, 0x18C5, 46, 0x3000, 1,
    0x3800, 2, 0x5000, 3, 0x7000, 1, 0x8800, 1,
    0x4800, 1, 0x0862, 1, 0x0000, 6, 0x0862, 3,
    0x2000, 3, 0x0862, 2, 0x3000, 2, 0x2000, 1,
    0x3000, 5, 0x3800, 1, 0x6000, 1, 0x8000, 1,
    0x8800, 10, 0x8000, 1, 0x7800, 12, 0x6000, 1,
    0x2925, 3, 0x3187, 1, 0x2925, 1, 0x62EA, 1,
    0x3800, 1, 0x1882, 4, 0x3800, 1, 0x2925, 1,
    0x20E4, 1, 0x2925, 1, 0x1882, 4, 0x4800, 2,
    0x18C5, 48, 0x3000, 2, 0x3800, 1, 0x4800, 1,
    0x5000, 2, 0x7000, 1, 0xA001, 1, 0x98C3, 2,
    0x8000, 1, 0x50A3, 1, 0x2925, 1, 0x91A7, 1,
    0x636E, 1, 0x0000, 1, 0x0862, 4, 0x0000, 1,
    0x0862, 4, 0x0000, 7, 0x2000, 1, 0x1882, 1,
    0x6000, 1, 0xA001, 2, 0x8800, 8, 0x8000, 1,
    0x7800, 10, 0x7000, 1, 0x6000, 1, 0x20E4, 1,
    0x1926, 1, 0x2925, 1, 0x1926, 1, 0x3187, 1,
    0x2925, 2, 0x1882, 6, 0x2925, 1, 0x3187, 1,
    0x1882, 2, 0x4841, 1, 0x4800, 1, 0x4841, 1,
    0x18C5, 51, 0x2000, 1, 0x3000, 1, 0x4800, 3,
    0x5000, 1, 0xA001, 4, 0x8800, 1, 0xA001, 1,
    0x91A7, 1, 0x636E, 2, 0x8CB2, 9, 0x636E, 1,
    0x7B8D, 1, 0x91A7, 1, 0x3187, 1, 0x41C9, 1,
    0x98C3, 1, 0x7062, 1, 0xA001, 1, 0x98C3, 3,
    0xA001, 2, 0x8800, 7, 0x8000, 1, 0x7800, 6,
    0x7000, 2, 0x6000, 4, 0x1926, 2, 0x18E4, 1,
    0x1926, 1, 0x2925, 1, 0x3187, 1, 0x2925, 1,
    0x4947, 1, 0x1882, 4, 0x62EA, 1, 0x2925, 1,
    0x7145, 1, 0x3800, 1, 0x4800, 1, 0x4841, 1,
    0x18C5, 53, 0x2000, 1, 0x3000, 3, 0x4800, 1,
    0x5000, 1, 0x8000, 3, 0x7800, 1, 0x7000, 1,
    0xA001, 1, 0x98C3, 2, 0x91A7, 1, 0xB50D, 1,
    0x8CB2, 1, 0xD5ED, 1, 0x8CB2, 2, 0xF6CE, 2,
    0x8CB2, 2, 0xB50D, 1, 0x91A7, 1, 0x98C3, 3,
    0xA001, 8, 0x8800, 4, 0x8000, 4, 0x7800, 6,
    0x7000, 1, 0x6000, 1, 0x4800, 3, 0x2925, 1,
    0x18E4, 4, 0x2925, 1, 0x3187, 1, 0x2925, 1,
    0x62EA, 1, 0x4947, 1, 0x3800, 1, 0x1882, 1,
    0x4947, 1, 0x2925, 2, 0x7145, 1, 0x18C5, 56,
    0x0000, 1, 0x2000, 3, 0x3000, 1, 0x4800, 1,
    0x6000, 5, 0x7000, 2, 0x7800, 2, 0x8000, 3,
    0x8800, 2, 0xA001, 2, 0x8800, 4, 0x8000, 2,
    0x8800, 3, 0xA001, 6, 0x8800, 2, 0x8000, 3,
    0x7800, 3, 0x7000, 4, 0x6000, 4, 0x4800, 1,
    0x2000, 2, 0x18E4, 6, 0x7062, 1, 0x1882, 2,
    0x62EA, 1, 0x2925, 1, 0x62EA, 1, 0x2925, 2,
    0x7145, 1, 0x3187, 1, 0x18C5, 57, 0x0000, 2,
    0x2000, 2, 0x3000, 2, 0x4800, 3, 0x6000, 3,
    0x7000, 2, 0x6000, 2, 0x5000, 2, 0x4800, 1,
    0x5000, 1, 0x6000, 4, 0x7000, 1, 0x7800, 1,
    0x8000, 1, 0x8800, 3, 0xA001, 5, 0x8000, 2,
    0x7800, 2, 0x6000, 7, 0x4800, 3, 0x3800, 1,
    0x3000, 2, 0x2000, 3, 0x20E4, 1, 0x1926, 3,
    0x20E4, 1, 0x18E4, 1, 0x91A7, 1, 0x20E4, 1,
    0x1882, 1, 0x2925, 1, 0x62EA, 1, 0x2925, 1,
    0x1882, 2, 0x91A7, 1, 0x3187, 1, 0x18C5, 60,
    0x2000, 3, 0x3000, 2, 0x4800, 8, 0x3800, 1,
    0x3000, 5, 0x3800, 1, 0x6000, 1, 0x7000, 1,
    0x7800, 2, 0x8000, 10, 0x7800, 1, 0x4800, 5,
    0x6000, 2, 0x3000, 1, 0x2000, 8, 0x18E4, 2,
    0x20E4, 2, 0x1926, 2, 0x18E4, 1, 0x3187, 2,
    0x2925, 1, 0x1882, 1, 0x2925, 1, 0x20E4, 2,
    0x2925, 1, 0x50A3, 1, 0x18C5, 65, 0x3000, 10,
    0x2000, 4, 0x3000, 1, 0x3800, 1, 0x4800, 1,
    0x5000, 3, 0x6000, 10, 0x4800, 3, 0x2000, 3,
    0x3000, 3, 0x2000, 1, 0x3800, 1, 0x3000, 2,
    0x3800, 2, 0x20E4, 6, 0x2925, 1, 0x1926, 2,
    0x20E4, 1, 0x50A3, 1, 0x7062, 1, 0x20E4, 1,
    0x2925, 3, 0x91A7, 1, 0x18C5, 77, 0x2000, 4,
    0x3000, 5, 0x3800, 10, 0x3000, 1, 0x2000, 5,
    0x18C5, 7, 0x18E4, 2, 0x20E4, 1, 0x18E4, 2,
    0x20E4, 1, 0x18E4, 3, 0x20E4, 1, 0x2925, 1,
    0x1882, 1, 0x7062, 1, 0x7145, 1, 0x3187, 2,
    0x2925, 1, 0x3187, 1, 0x18C5, 111, 0x18E4, 3,
    0x20E4, 2, 0x18E4, 1, 0x20E4, 2, 0x18E4, 1,
    0x20E4, 1, 0x18E4, 1, 0x20E4, 1, 0x50A3, 1,
    0x91A7, 1, 0x50A3, 1, 0x3187, 1, 0x7145, 1,
    0x18C5, 114, 0x18E4, 4, 0x20E4, 2, 0x18E4, 1,
    0x20E4, 2, 0x18E4, 2, 0x3187, 2, 0x18C5, 3509,
    0x18C5, 3793, 0x7145, 2, 0x18C5, 125, 0x7145, 9,
    0x18C5, 33, 0x7145, 5, 0x18C5, 80, 0x7062, 3,
    0x7145, 9, 0x18C5, 26, 0x7145, 10, 0x7062, 1,
    0x18C5, 79, 0x7062, 10, 0x7145, 6, 0x5AEC, 2,
    0x7145, 2, 0x5AEC, 2, 0x7145, 2, 0x7062, 1,
    0x7145, 2, 0x5AEC, 2, 0x7145, 2, 0x5AEC, 3,
    0x7145, 12, 0x7062, 3, 0x18C5, 78, 0x7000, 9,
    0x7062, 7, 0x7145, 5, 0x5AEC, 2, 0x7145, 2,
    0x7062, 1, 0x7145, 2, 0x5AEC, 1, 0x7145, 11,
    0x7062, 10, 0x18C5, 78, 0x7000, 11, 0x7062, 1,
    0x7000, 4, 0x7062, 9, 0x7145, 9, 0x7062, 7,
    0x7000, 9, 0x18C5, 77, 0x7000, 25, 0x7800, 2,
    0x7000, 3, 0x7062, 5, 0x7000, 4, 0x7062, 1,
    0x7000, 11, 0x18C5, 77, 0x7000, 2, 0x6000, 1,
    0x5000, 7, 0x7000, 41, 0x18C5, 63, 0x5000, 1,
    0x7800, 1, 0x432E, 1, 0x3187, 1, 0x7B8D, 3,
    0xD5ED, 2, 0x7062, 1, 0x20E4, 2, 0x7000, 3,
    0x4800, 9, 0x5000, 1, 0x6000, 12, 0x7000, 6,
    0x6000, 9, 0x7000, 3, 0x6000, 1, 0x5000, 7,
    0x7000, 2, 0x18C5, 55, 0x8800, 2, 0x1926, 1,
    0x8CB2, 2, 0x636E, 1, 0x91A7, 1, 0x636E, 2,
    0x5AEC, 3, 0x636E, 5, 0x91A7, 2, 0x5AEC, 2,
    0x8000, 4, 0x7800, 2, 0x7000, 2, 0x5000, 1,
    0x4800, 12, 0x5000, 11, 0x4800, 9, 0x3800, 1,
    0x3000, 1, 0x4800, 7, 0x5000, 1, 0x6000, 1,
    0x18C5, 50, 0xA001, 1, 0x98C3, 1, 0x91A7, 3,
    0x2925, 1, 0x5C32, 2, 0x8CB2, 2, 0xB50D, 11,
    0x636E, 2, 0x5AEC, 2, 0x7062, 2, 0x8000, 7,
    0x7800, 2, 0x7000, 3, 0x636E, 1, 0x7000, 1,
    0x6000, 3, 0x3000, 5, 0x3800, 6, 0x3000, 12,
    0x2000, 3, 0x8800, 1, 0x6000, 2, 0x3000, 3,
    0x3800, 1, 0x5000, 1, 0x18C5, 47, 0x8800, 2,
    0x91A7, 4, 0x3A4A, 2, 0x8CB2, 2, 0x636E, 2,
    0x5AEC, 1, 0x5C32, 1, 0xB50D, 2, 0x636E, 2,
    0x5248, 1, 0x636E, 2, 0xB50D, 1, 0x636E, 2,
    0x5AEC, 2, 0x7145, 2, 0x7062, 2, 0x7000, 6,
    0x7800, 1, 0x7000, 2, 0x91A7, 2, 0x7B0A, 2,
    0x3000, 1, 0x7000, 2, 0x6000, 1, 0x5AEC, 1,
    0x6000, 2, 0x5000, 1, 0x2000, 2, 0x3000, 4,
    0x2000, 12, 0x8800, 1, 0x98C3, 1, 0x91A7, 1,
    0x7145, 1, 0x7062, 1, 0x50A3, 1, 0x6000, 1,
    0x4800, 2, 0x2000, 1, 0x3000, 1, 0x3800, 1,
    0x18C5, 45, 0x8800, 2, 0x91A7, 3, 0x636E, 1,
    0x3A4A, 2, 0x8CB2, 2, 0x636E, 3, 0x5AEC, 3,
    0xB50D, 5, 0x636E, 2, 0x5AEC, 5, 0x7145, 4,
    0x7062, 2, 0x7000, 2, 0x7062, 1, 0x8000, 1,
    0x91A7, 4, 0x18E4, 3, 0x1882, 2, 0x7800, 1,
    0x636E, 1, 0x3A4A, 1, 0x20E4, 1, 0x5AEC, 1,
    0x636E, 1, 0x6000, 1, 0x5000, 2, 0x98C3, 8,
    0x8800, 1, 0x8000, 2, 0x8800, 1, 0x98C3, 1,
    0x7B8D, 2, 0x5248, 1, 0x7145, 2, 0x50A3, 2,
    0x4841, 3, 0x2925, 1, 0x20E4, 1, 0x2000, 1,
    0x3000, 1, 0x18C5, 43, 0x98C3, 1, 0x91A7, 2,
    0x8CB2, 1, 0x8C0C, 1, 0x8CB2, 5, 0x91A7, 2,
    0x7B0A, 1, 0x636E, 10, 0x91A7, 1, 0x636E, 1,
    0x5AEC, 1, 0x91A7, 2, 0x636E, 1, 0x7145, 1,
    0x5AEC, 2, 0x7145, 2, 0x7000, 3, 0x91A7, 1,
    0x3187, 2, 0x20E4, 1, 0x18E4, 4, 0x5C32, 2,
    0x636E, 1, 0x18E4, 1, 0x4841, 1, 0x18E4, 1,
    0x3A4A, 1, 0x5C32, 1, 0x3A4A, 1, 0x20E4, 1,
    0x5AEC, 2, 0x5000, 1, 0x6000, 1, 0x5000, 1,
    0x8800, 1, 0x8000, 2, 0x8800, 3, 0x98C3, 1,
    0x91A7, 1, 0x636E, 1, 0x8CB2, 1, 0x636E, 1,
    0x50A3, 3, 0x7145, 1, 0x20E4, 3, 0x4841, 1,
    0x20E4, 2, 0x2925, 1, 0x5248, 1, 0x3187, 1,
    0x3000, 1, 0x18C5, 43, 0x0862, 2, 0x1926, 1,
    0x3187, 1, 0x1926, 2, 0x2189, 6, 0x1926, 1,
    0x3187, 5, 0x41C9, 5, 0x3187, 1, 0x2189, 4,
    0x7145, 3, 0x636E, 2, 0x98C3, 1, 0x7145, 1,
    0x91A7, 2, 0x2925, 1, 0x18E4, 1, 0x20E4, 2,
    0x5C32, 4, 0x8CB2, 2, 0x5C32, 2, 0x20E4, 2,
    0x636E, 1, 0x5C32, 2, 0x5AEC, 1, 0x432E, 1,
    0x3A4A, 1, 0x5AEC, 1, 0x6000, 2, 0x5000, 1,
    0x6000, 1, 0x8800, 2, 0x98C3, 1, 0x636E, 1,
    0x8CB2, 2, 0x41C9, 4, 0x20E4, 2, 0x50A3, 2,
    0x2925, 4, 0x5248, 4, 0x3187, 1, 0x18C5, 41,
    0x0862, 1, 0x1926, 1, 0x3187, 14, 0x41C9, 8,
    0x3187, 1, 0x2189, 9, 0x18E4, 1, 0x0862, 1,
    0x98C3, 1, 0x91A7, 3, 0x636E, 1, 0x5C32, 3,
    0x8CB2, 5, 0x5C32, 2, 0x432E, 1, 0x20E4, 1,
    0x432E, 1, 0x5C32, 1, 0x636E, 1, 0x5C32, 1,
    0x636E, 1, 0x20E4, 1, 0x1882, 1, 0x5AEC, 1,
    0x6000, 1, 0x91A7, 1, 0x8CB2, 4, 0x5C32, 1,
    0x41C9, 2, 0x3187, 2, 0x20E4, 3, 0x3187, 1,
    0x20E4, 3, 0x7B0A, 1, 0x5248, 7, 0x18C5, 40,
    0x41C9, 1, 0x3187, 7, 0x41C9, 15, 0x3187, 1,
    0x41C9, 1, 0x3187, 1, 0x41C9, 1, 0x2189, 4,
    0x41C9, 1, 0x2189, 5, 0x91A7, 2, 0x7B0A, 1,
    0x20E4, 1, 0x636E, 1, 0x8CB2, 8, 0x5C32, 2,
    0x5AEC, 1, 0x20E4, 1, 0x2925, 1, 0x5AEC, 1,
    0x636E, 1, 0x20E4, 3, 0x5248, 1, 0x7B8D, 3,
    0x8CB2, 1, 0x5AEC, 2, 0x3A4A, 1, 0x5248, 1,
    0x41C9, 1, 0x3187, 1, 0x50A3, 1, 0x20E4, 2,
    0x3187, 1, 0x20E4, 1, 0x3187, 1, 0x62EA, 1,
    0x7B0A, 5, 0x5248, 5, 0x18C5, 40, 0x3187, 1,
    0x41C9, 1, 0x3187, 1, 0x41C9, 2, 0x3187, 3,
    0x41C9, 13, 0x3187, 1, 0x2189, 3, 0x432E, 3,
    0x2189, 8, 0x3A4A, 1, 0x2189, 1, 0x7B0A, 1,
    0x3187, 1, 0x2925, 1, 0x432E, 1, 0x8CB2, 3,
    0x5C32, 1, 0x8CB2, 1, 0x5C32, 1, 0x8CB2, 3,
    0x5C32, 2, 0x1926, 1, 0x20E4, 1, 0x3A4A, 1,
    0x432E, 1, 0x20E4, 1, 0x5AEC, 1, 0x636E, 1,
    0x8CB2, 4, 0x7B8D, 1, 0x3187, 2, 0x41C9, 2,
    0x7B0A, 1, 0x5248, 1, 0x3187, 1, 0x20E4, 1,
    0x62EA, 2, 0x8C0C, 4, 0x7B0A, 6, 0x5248, 3,
    0x18C5, 39, 0x3187, 1, 0x41C9, 4, 0x3187, 1,
    0x41C9, 4, 0x2189, 7, 0x3187, 1, 0x2189, 3,
    0x41C9, 3, 0x432E, 2, 0x5C32, 1, 0x54F5, 4,
    0x2189, 6, 0x3A4A, 1, 0x2189, 1, 0x7B0A, 1,
    0x2925, 2, 0x5C32, 1, 0x8CB2, 1, 0x5C32, 10,
    0x432E, 1, 0x3187, 1, 0x1882, 2, 0x3A4A, 1,
    0x636E, 2, 0x7B8D, 3, 0x636E, 1, 0x41C9, 1,
    0x3A4A, 1, 0x41C9, 3, 0x7B0A, 1, 0x5248, 1,
    0x3187, 1, 0x20E4, 1, 0x2925, 1, 0x8C0C, 1,
    0xA489, 1, 0x7B0A, 12, 0x18C5, 39, 0x41C9, 5,
    0x1926, 3, 0x2189, 6, 0x432E, 2, 0x2189, 1,
    0x432E, 3, 0x5C32, 7, 0x54F5, 1, 0x5C32, 3,
    0x54F5, 2, 0x5C32, 1, 0x432E, 1, 0x2189, 3,
    0x3A4A, 1, 0x91A7, 1, 0x7B0A, 1, 0x636E, 1,
    0x5C32, 12, 0x5AEC, 1, 0x4841, 1, 0x1882, 1,
    0x91A7, 2, 0x8CB2, 1, 0x636E, 2, 0x7B8D, 1,
    0x41C9, 3, 0x3187, 2, 0x7B0A, 4, 0x8C0C, 1,
    0x62EA, 2, 0xA489, 7, 0x7B0A, 4, 0xA489, 2,
    0x8C0C, 1, 0x18C5, 38, 0x3187, 1, 0x41C9, 1,
    0x1926, 3, 0x2189, 3, 0x5C32, 1, 0x2189, 1,
    0x1926, 1, 0x2189, 2, 0x5C32, 2, 0x432E, 1,
    0x5C32, 7, 0x2189, 2, 0x5C32, 2, 0x432E, 1,
    0x54F5, 3, 0x5C32, 2, 0x54F5, 4, 0x432E, 1,
    0x2189, 2, 0x7B0A, 1, 0x5AEC, 1, 0x432E, 1,
    0x636E, 1, 0x5C32, 11, 0x636E, 1, 0x2925, 1,
    0x7062, 1, 0x7B8D, 1, 0x636E, 2, 0x7B8D, 2,
    0x5248, 1, 0x3A4A, 1, 0x41C9, 1, 0x3187, 1,
    0x41C9, 2, 0x7B0A, 2, 0xB50D, 3, 0x62EA, 1,
    0xA489, 2, 0x7B0A, 1, 0xA489, 3, 0x7B0A, 4,
    0xA489, 4, 0x7145, 1, 0x18C5, 37, 0x0862, 1,
    0x1926, 1, 0x2189, 3, 0x432E, 1, 0x2189, 1,
    0x432E, 1, 0x2189, 1, 0x18E4, 1, 0x1926, 1,
    0x0862, 1, 0x18E4, 1, 0x1926, 1, 0x2189, 1,
    0x5C32, 6, 0x2189, 1, 0x1926, 1, 0x0862, 2,
    0x2189, 2, 0x5C32, 2, 0x54F5, 1, 0x5C32, 4,
    0x54F5, 6, 0x2189, 1, 0x91A7, 1, 0x636E, 1,
    0x2925, 1, 0x5C32, 12, 0x636E, 1, 0x5248, 2,
    0x8CB2, 1, 0x636E, 1, 0x5248, 1, 0x5AEC, 3,
    0x5248, 1, 0x3A4A, 1, 0x41C9, 2, 0x7B0A, 1,
    0xB50D, 5, 0x8C0C, 2, 0xA489, 4, 0x7B0A, 1,
    0xA489, 7, 0x7B0A, 1, 0x7145, 1, 0x18C5, 37,
    0x2189, 1, 0x432E, 7, 0x1926, 1, 0x2189, 1,
    0x18C5, 1, 0x0000, 1, 0x18E4, 1, 0x2189, 2,
    0x5C32, 2, 0x432E, 1, 0x5C32, 3, 0x2189, 1,
    0x0862, 1, 0x0000, 2, 0x1926, 1, 0x2189, 2,
    0x54F5, 2, 0x5C32, 3, 0x54F5, 8, 0x7062, 1,
    0x5AEC, 1, 0x2925, 1, 0x636E, 1, 0x5C32, 9,
    0x432E, 1, 0x3A4A, 2, 0x8CB2, 1, 0x636E, 1,
    0x5248, 1, 0x5AEC, 4, 0x5248, 2, 0x3A4A, 1,
    0x5AEC, 1, 0xF6CE, 1, 0xD5ED, 5, 0xA489, 7,
    0x7B0A, 1, 0xA489, 7, 0x62EA, 1, 0x7062, 1,
    0x18C5, 36, 0x432E, 9, 0x2189, 1, 0x18E4, 1,
    0x0862, 2, 0x2189, 2, 0x5C32, 6, 0x2189, 2,
    0x0000, 3, 0x0862, 1, 0x2189, 1, 0x5C32, 1,
    0x54F5, 2, 0x5C32, 2, 0x54F5, 8, 0x432E, 1,
    0x7145, 1, 0x91A7, 1, 0x2925, 1, 0x636E, 1,
    0x5C32, 6, 0x636E, 1, 0x432E, 3, 0x8CB2, 1,
    0x41C9, 1, 0x3A4A, 1, 0x5AEC, 8, 0x8CB2, 2,
    0xD5ED, 7, 0xA489, 5, 0x18C5, 2, 0xA489, 5,
    0x7B0A, 2, 0x62EA, 1, 0xA489, 1, 0x18C5, 36,
    0x432E, 9, 0x2189, 1, 0x5C32, 1, 0x2189, 2,
    0x5C32, 1, 0x2189, 2, 0x5C32, 1, 0x432E, 1,
    0x5C32, 3, 0x2189, 5, 0x5C32, 2, 0x432E, 1,
    0x54F5, 2, 0x5C32, 1, 0x54F5, 11, 0x91A7, 1,
    0x2925, 1, 0x636E, 2, 0x5C32, 1, 0x636E, 4,
    0x2925, 2, 0x18E4, 1, 0x5248, 1, 0x41C9, 1,
    0x5AEC, 3, 0x636E, 1, 0x5AEC, 4, 0x8CB2, 2,
    0xF6CE, 2, 0xD5ED, 8, 0xA489, 3, 0x18C5, 4,
    0xA489, 4, 0x7B0A, 3, 0xA489, 1, 0x18C5, 35,
    0x432E, 9, 0x5C32, 2, 0x432E, 1, 0x2189, 1,
    0x432E, 5, 0x5C32, 6, 0x432E, 1, 0x2189, 1,
    0x432E, 4, 0x54F5, 14, 0x91A7, 1, 0x18E4, 1,
    0x2925, 1, 0x636E, 3, 0x2925, 3, 0x5AEC, 2,
    0x5248, 1, 0x5AEC, 1, 0x636E, 2, 0x5AEC, 4,
    0x8CB2, 4, 0xD5ED, 10, 0xA489, 1, 0xD5ED, 1,
    0xA489, 1, 0x18C5, 7, 0x62EA, 2, 0x7B0A, 2,
    0xA489, 2, 0x18C5, 34, 0x432E, 7, 0x2189, 7,
    0x3A4A, 2, 0x2189, 5, 0x3A4A, 2, 0x432E, 6,
    0x2189, 1, 0x432E, 2, 0x5C32, 1, 0x54F5, 12,
    0x7062, 1, 0x18E4, 1, 0x2925, 2, 0x432E, 2,
    0x636E, 2, 0x7145, 1, 0x5AEC, 2, 0x5248, 2,
    0x41C9, 1, 0x5248, 1, 0x5AEC, 2, 0x8CB2, 3,
    0x636E, 1, 0x8CB2, 2, 0xF6CE, 1, 0xD5ED, 9,
    0xA489, 2, 0x18C5, 10, 0x4947, 1, 0xA489, 1,
    0x7B0A, 1, 0xA489, 1, 0x18C5, 34, 0x3A4A, 4,
    0x2189, 27, 0x3A4A, 1, 0x2189, 5, 0x3A4A, 2,
    0x5C32, 4, 0x54F5, 1, 0x432E, 1, 0x3187, 1,
    0x20E4, 1, 0x18E4, 1, 0x91A7, 2, 0x636E, 1,
    0x62EA, 1, 0x5248, 1, 0x5AEC, 2, 0x5248, 4,
    0x3A4A, 1, 0x8CB2, 5, 0xD5ED, 1, 0x8CB2, 3,
    0xD5ED, 9, 0xA489, 1, 0x18C5, 11, 0x3000, 1,
    0x62EA, 2, 0x91A7, 1, 0x18C5, 30, 0x8000, 1,
    0x91A7, 1, 0x20E4, 1, 0x8800, 1, 0x91A7, 3,
    0x5AEC, 3, 0x20E4, 4, 0x3800, 2, 0x91A7, 8,
    0x8000, 6, 0x91A7, 2, 0x8000, 4, 0x3187, 2,
    0x7145, 1, 0x2189, 10, 0x3187, 1, 0x41C9, 1,
    0x5AEC, 1, 0x636E, 1, 0x5AEC, 4, 0x5248, 3,
    0x3A4A, 2, 0x8CB2, 8, 0xF6CE, 3, 0x8CB2, 1,
    0xB50D, 1, 0xD5ED, 8, 0x1882, 3, 0x8CB2, 1,
    0x3187, 1, 0x18C5, 6, 0x7000, 1, 0x62EA, 2,
    0x7145, 1, 0x18C5, 24, 0x7000, 1, 0x91A7, 1,
    0x2000, 2, 0x7062, 1, 0x636E, 2, 0x5AEC, 3,
    0x636E, 6, 0x8CB2, 12, 0x636E, 2, 0x8CB2, 4,
    0x91A7, 1, 0x636E, 4, 0x8CB2, 1, 0x636E, 3,
    0x91A7, 3, 0x8800, 1, 0x1882, 1, 0x3000, 1,
    0x91A7, 2, 0x6000, 1, 0x7145, 1, 0x91A7, 3,
    0x5AEC, 5, 0x5248, 2, 0x3A4A, 1, 0x5248, 1,
    0x8CB2, 8, 0xF6CE, 7, 0x8CB2, 1, 0xF6CE, 3,
    0xD5ED, 4, 0x1882, 2, 0x0862, 1, 0x2925, 1,
    0x91A7, 1, 0x50A3, 1, 0x3187, 1, 0x18C5, 5,
    0x7000, 1, 0x5248, 1, 0x8C0C, 1, 0x7145, 1,
    0x18C5, 20, 0x7000, 1, 0x91A7, 2, 0x2000, 2,
    0x91A7, 2, 0x7B8D, 1, 0x5AEC, 2, 0x636E, 2,
    0x5AEC, 3, 0x636E, 1, 0x7B8D, 1, 0x8CB2, 1,
    0x636E, 1, 0x5C32, 1, 0x8CB2, 1, 0xB50D, 12,
    0x5C32, 2, 0x636E, 3, 0x7B8D, 1, 0x636E, 1,
    0x8CB2, 1, 0x636E, 2, 0x91A7, 3, 0x8000, 1,
    0x3000, 1, 0x91A7, 1, 0x50A3, 1, 0x7062, 1,
    0x7145, 1, 0x50A3, 2, 0x5248, 5, 0x636E, 1,
    0x5AEC, 5, 0x7B0A, 1, 0x5248, 1, 0x8CB2, 4,
    0xF6CE, 1, 0xD5ED, 3, 0x8CB2, 1, 0xD5ED, 1,
    0xF6CE, 14, 0x0862, 3, 0x7145, 1, 0x50A3, 2,
    0x3187, 1, 0x50A3, 1, 0x91A7, 1, 0x20E4, 1,
    0x18C5, 3, 0x7000, 1, 0x2925, 1, 0x8C0C, 1,
    0x62EA, 1, 0x18C5, 17, 0x7000, 1, 0x91A7, 2,
    0x2000, 2, 0x7062, 1, 0x636E, 2, 0xB50D, 3,
    0xA489, 2, 0xB50D, 3, 0x636E, 1, 0x8CB2, 1,
    0x5AEC, 1, 0x636E, 9, 0x8CB2, 3, 0xB50D, 3,
    0x8CB2, 1, 0x636E, 2, 0xB50D, 2, 0x5C32, 1,
    0x636E, 3, 0x432E, 1, 0x5AEC, 1, 0x636E, 1,
    0x8800, 1, 0x2000, 1, 0x50A3, 1, 0x7145, 1,
    0x50A3, 1, 0x5248, 3, 0x5AEC, 2, 0x636E, 5,
    0x5AEC, 4, 0x7B0A, 2, 0x5248, 1, 0x8CB2, 4,
    0xF6CE, 2, 0xD5ED, 4, 0x636E, 1, 0x5C32, 1,
    0xF6CE, 3, 0x636E, 1, 0x5C32, 1, 0xF6CE, 4,
    0xB50D, 1, 0xF6CE, 4, 0x1882, 2, 0x50A3, 1,
    0x91A7, 1, 0x50A3, 1, 0x20E4, 1, 0x2925, 1,
    0x50A3, 1, 0x7062, 1, 0x50A3, 1, 0x2925, 1,
    0x18C5, 2, 0x7800, 1, 0x2925, 1, 0x7B0A, 1,
    0x62EA, 1, 0x18C5, 15, 0x7062, 1, 0x6000, 1,
    0x91A7, 1, 0x2000, 1, 0x3A4A, 2, 0xB50D, 4,
    0x8C0C, 2, 0xB50D, 2, 0x7000, 1, 0x8C0C, 1,
    0xD5ED, 2, 0x2925, 1, 0xB50D, 2, 0xD5ED, 1,
    0x5AEC, 1, 0x636E, 2, 0xD5ED, 1, 0xB50D, 1,
    0x5AEC, 2, 0xB50D, 2, 0x8CB2, 3, 0x5AEC, 3,
    0xB50D, 1, 0xD5ED, 2, 0x7000, 1, 0xD5ED, 2,
    0x2925, 1, 0x636E, 1, 0x3000, 1, 0x91A7, 1,
    0x7000, 1, 0x7062, 1, 0x4841, 2, 0x5248, 2,
    0x636E, 4, 0x5AEC, 1, 0x636E, 1, 0x5AEC, 8,
    0x8CB2, 7, 0xF6CE, 1, 0xD5ED, 5, 0x636E, 2,
    0xF6CE, 3, 0x2925, 2, 0x3187, 1, 0xF6CE, 3,
    0xB50D, 1, 0xF6CE, 4, 0x1882, 1, 0x7062, 1,
    0x7145, 1, 0x3187, 1, 0x2925, 1, 0x20E4, 3,
    0x3187, 1, 0x91A7, 1, 0x3187, 1, 0x18C5, 2,
    0x7800, 1, 0x2925, 1, 0x7B0A, 1, 0x7145, 1,
    0x18C5, 12, 0x8CB2, 1, 0x636E, 1, 0x91A7, 3,
    0x2000, 1, 0x6000, 1, 0x636E, 2, 0xB50D, 1,
    0xA489, 2, 0x8C0C, 1, 0xA489, 1, 0x8C0C, 1,
    0x7145, 1, 0x5248, 2, 0x62EA, 1, 0x8C0C, 2,
    0xB50D, 2, 0x8C0C, 1, 0x2925, 1, 0x8C0C, 1,
    0xA489, 2, 0x8C0C, 1, 0xB50D, 1, 0x8C0C, 2,
    0x2925, 1, 0xA489, 1, 0x8C0C, 1, 0xB50D, 2,
    0x5248, 1, 0xD5ED, 1, 0xA489, 3, 0xB50D, 1,
    0x636E, 1, 0x5248, 2, 0x8000, 1, 0x2000, 1,
    0x91A7, 1, 0x50A3, 4, 0x5AEC, 2, 0x636E, 6,
    0x5AEC, 6, 0x5248, 1, 0x8CB2, 9, 0xD5ED, 1,
    0x8CB2, 3, 0xD5ED, 2, 0x8C0C, 2, 0xD5ED, 1,
    0xF6CE, 2, 0x2925, 1, 0xF6CE, 1, 0x3187, 1,
    0xF6CE, 3, 0xB50D, 1, 0xF6CE, 3, 0x0862, 1,
    0x3187, 1, 0x50A3, 1, 0x7062, 1, 0x20E4, 2,
    0x2925, 2, 0x1882, 1, 0x20E4, 1, 0x7145, 1,
    0x3187, 1, 0x18C5, 2, 0x7800, 1, 0x3800, 1,
    0x7B0A, 1, 0x5248, 1, 0x18C5, 11, 0x8CB2, 1,
    0x636E, 1, 0x91A7, 2, 0x2000, 2, 0x6000, 1,
    0x636E, 1, 0x5AEC, 1, 0x636E, 1, 0xB50D, 2,
    0xA489, 3, 0x8C0C, 2, 0x62EA, 1, 0xA489, 1,
    0xB50D, 1, 0x8C0C, 1, 0x62EA, 3, 0x3A4A, 2,
    0x62EA, 1, 0x2925, 2, 0x62EA, 3, 0xB50D, 2,
    0x8C0C, 1, 0xA489, 1, 0x5248, 2, 0x3000, 1,
    0xB50D, 1, 0x7145, 1, 0xA489, 1, 0xB50D, 1,
    0xA489, 1, 0x5AEC, 1, 0x7800, 1, 0x2000, 1,
    0x91A7, 1, 0x4841, 2, 0x50A3, 1, 0x41C9, 3,
    0x5AEC, 3, 0x636E, 1, 0x8C0C, 2, 0x5AEC, 1,
    0x5248, 2, 0x5AEC, 1, 0x5248, 1, 0x5AEC, 1,
    0x8CB2, 14, 0x636E, 2, 0xD5ED, 3, 0x8C0C, 1,
    0xD5ED, 1, 0xF6CE, 2, 0xB50D, 1, 0xF6CE, 1,
    0x3187, 1, 0xF6CE, 1, 0xD5ED, 1, 0xF6CE, 1,
    0xB50D, 1, 0xF6CE, 3, 0x18E4, 1, 0x3187, 1,
    0x50A3, 1, 0x2925, 1, 0x1882, 1, 0x2925, 1,
    0x5248, 2, 0x2925, 1, 0x20E4, 1, 0x2925, 1,
    0x7145, 1, 0x91A7, 1, 0x18C5, 1, 0x7800, 1,
    0x3000, 1, 0x5248, 1, 0x18C5, 10, 0xD5ED, 1,
    0x8CB2, 1, 0x636E, 1, 0x91A7, 2, 0x2000, 1,
    0x6000, 2, 0x5AEC, 2, 0x3A4A, 2, 0xB50D, 2,
    0x6000, 2, 0x4841, 1, 0x5248, 1, 0x8C0C, 3,
    0xA489, 1, 0x8C0C, 1, 0xA489, 3, 0x62EA, 1,
    0xB50D, 1, 0xA489, 1, 0x8C0C, 3, 0xA489, 2,
    0x7145, 4, 0xA489, 1, 0x7145, 1, 0x636E, 1,
    0xB50D, 1, 0xA489, 2, 0xB50D, 1, 0x5AEC, 1,
    0x7000, 1, 0x2000, 1, 0x91A7, 1, 0x50A3, 4,
    0x41C9, 2, 0x3A4A, 2, 0x7B0A, 1, 0x62EA, 1,
    0x8C0C, 1, 0x7B0A, 1, 0x5AEC, 1, 0x41C9, 1,
    0x20E4, 2, 0x7145, 1, 0x3187, 1, 0x636E, 1,
    0x8CB2, 1, 0x636E, 2, 0x8CB2, 7, 0x5C32, 1,
    0x8CB2, 1, 0xD5ED, 1, 0x636E, 2, 0x8C0C, 1,
    0x2925, 1, 0xD5ED, 2, 0xB50D, 1, 0xF6CE, 4,
    0xB50D, 1, 0xD5ED, 1, 0xF6CE, 1, 0xD5ED, 1,
    0xF6CE, 1, 0x7B0A, 1, 0xF6CE, 3, 0x1882, 1,
    0x3187, 2, 0x1882, 1, 0x2925, 2, 0x1882, 2,
    0x62EA, 1, 0x2925, 1, 0x1882, 1, 0x7145, 1,
    0x50A3, 1, 0x18C5, 1, 0x7800, 1, 0x3000, 1,
    0x4947, 1, 0x18C5, 9, 0xD5ED, 1, 0x636E, 2,
    0x91A7, 2, 0x2000, 1, 0x7000, 1, 0x7062, 2,
    0x5AEC, 1, 0x7062, 1, 0x3A4A, 2, 0xB50D, 1,
    0x5AEC, 1, 0x50A3, 2, 0x7145, 1, 0x6000, 1,
    0x5000, 2, 0x4800, 2, 0x5000, 1, 0x4800, 2,
    0x50A3, 2, 0x5248, 1, 0x7B0A, 2, 0xA489, 3,
    0x7B0A, 1, 0xA489, 3, 0x8000, 1, 0xB50D, 1,
    0xA489, 1, 0x20E4, 1, 0x5AEC, 1, 0xB50D, 1,
    0x636E, 2, 0x4841, 1, 0x2000, 1, 0x91A7, 1,
    0x5000, 1, 0x50A3, 3, 0x41C9, 4, 0x3A4A, 1,
    0x62EA, 1, 0x8C0C, 2, 0x2925, 1, 0x20E4, 1,
    0x4800, 1, 0x7062, 1, 0x7145, 2, 0x7062, 1,
    0x5AEC, 2, 0x636E, 1, 0x5AEC, 1, 0x8CB2, 9,
    0xD5ED, 3, 0x8C0C, 1, 0x3187, 1, 0xD5ED, 2,
    0xB50D, 1, 0x8CB2, 1, 0xF6CE, 1, 0xD5ED, 2,
    0xF6CE, 1, 0xD5ED, 1, 0xA489, 2, 0xF6CE, 1,
    0x7B0A, 1, 0xF6CE, 3, 0x18E4, 1, 0x91A7, 1,
    0x20E4, 1, 0x1882, 1, 0x62EA, 1, 0x4947, 1,
    0x3800, 1, 0x1882, 1, 0x2925, 3, 0x3187, 2,
    0x18C5, 2, 0x3800, 1, 0x18C5, 9, 0x636E, 1,
    0x91A7, 1, 0x8800, 1, 0x91A7, 2, 0x3800, 2,
    0x7800, 2, 0x7145, 1, 0x5AEC, 1, 0x7062, 1,
    0x20E4, 2, 0xB50D, 2, 0x50A3, 2, 0x4841, 1,
    0x7B0A, 1, 0x7145, 1, 0x50A3, 1, 0x4800, 10,
    0x50A3, 2, 0x5248, 2, 0x4800, 1, 0xB50D, 2,
    0x20E4, 2, 0x7800, 2, 0x7145, 1, 0x7062, 1,
    0x7000, 1, 0x2000, 2, 0x4841, 4, 0x50A3, 2,
    0x3187, 1, 0x41C9, 3, 0x3A4A, 1, 0x8C0C, 2,
    0x50A3, 1, 0x2925, 2, 0x3187, 1, 0x6000, 1,
    0x7000, 1, 0x7062, 2, 0x2925, 2, 0x8C0C, 2,
    0x636E, 1, 0x8CB2, 4, 0x91A7, 1, 0x5AEC, 1,
    0x636E, 1, 0x8CB2, 1, 0xD5ED, 2, 0xB50D, 1,
    0x8CB2, 1, 0x5C32, 1, 0xD5ED, 3, 0x5C32, 1,
    0xF6CE, 1, 0xD5ED, 5, 0xF6CE, 1, 0x5C32, 1,
    0x7B0A, 1, 0xF6CE, 2, 0xD5ED, 1, 0x3187, 1,
    0x7145, 1, 0x1882, 1, 0x2925, 1, 0x4947, 1,
    0x1882, 3, 0x3800, 1, 0x4947, 1, 0x2925, 1,
    0x20E4, 1, 0x3187, 1, 0x18C5, 2, 0x3800, 1,
    0x18C5, 8, 0x7145, 1, 0x98C3, 1, 0x8000, 1,
    0x7145, 1, 0x50A3, 1, 0x7145, 1, 0x3000, 1,
    0x6000, 2, 0x5248, 1, 0x5AEC, 1, 0x7145, 1,
    0x7062, 1, 0x20E4, 2, 0x3A4A, 1, 0xB50D, 4,
    0x4841, 1, 0x50A3, 1, 0x4800, 3, 0x4841, 1,
    0x5248, 1, 0x50A3, 2, 0x20E4, 2, 0x4841, 1,
    0x50A3, 1, 0x7B0A, 1, 0xB50D, 3, 0x5AEC, 1,
    0x18E4, 1, 0x7800, 3, 0x7062, 2, 0x7000, 1,
    0x3000, 1, 0x91A7, 2, 0x5000, 1, 0x50A3, 7,
    0x3187, 2, 0x41C9, 1, 0x8C0C, 1, 0x2925, 1,
    0x3187, 1, 0x7000, 1, 0x1882, 3, 0x3187, 1,
    0x0000, 1, 0x7000, 2, 0x2925, 1, 0x20E4, 1,
    0x2925, 1, 0x3187, 1, 0x636E, 1, 0x91A7, 1,
    0x636E, 1, 0x8CB2, 2, 0x91A7, 1, 0x3187, 1,
    0xB50D, 1, 0xF6CE, 2, 0xD5ED, 1, 0xF6CE, 1,
    0xD5ED, 4, 0xF6CE, 1, 0x3187, 1, 0xF6CE, 1,
    0xA489, 2, 0xD5ED, 2, 0x3187, 1, 0x1926, 1,
    0x0000, 1, 0xA489, 1, 0xF6CE, 1, 0xD5ED, 1,
    0x1882, 1, 0x2925, 3, 0x62EA, 1, 0x1882, 2,
    0x0862, 1, 0x1882, 3, 0x2925, 1, 0x20E4, 1,
    0x3187, 1, 0x18C5, 10, 0x7800, 2, 0x8000, 1,
    0x7145, 1, 0x7062, 1, 0x50A3, 2, 0x7145, 1,
    0x6000, 2, 0x5248, 1, 0x7145, 1, 0x50A3, 3,
    0x6000, 2, 0x20E4, 1, 0x3A4A, 2, 0x7B0A, 1,
    0x8C0C, 4, 0x20E4, 1, 0x5248, 1, 0x8C0C, 6,
    0x7B0A, 1, 0x18E4, 2, 0x6000, 2, 0x50A3, 1,
    0x7145, 2, 0x5248, 1, 0x6000, 2, 0x3000, 1,
    0x7145, 1, 0x50A3, 1, 0x4841, 1, 0x7145, 1,
    0x7062, 1, 0x7800, 1, 0x50A3, 6, 0x20E4, 2,
    0x5248, 1, 0x2925, 1, 0x7062, 1, 0x7145, 1,
    0x1882, 3, 0x0862, 1, 0x8CB2, 1, 0x3187, 1,
    0x0000, 2, 0x6000, 1, 0x20E4, 1, 0x2925, 1,
    0x3187, 2, 0x91A7, 1, 0x636E, 3, 0x3187, 2,
    0xF6CE, 3, 0xB50D, 1, 0xF6CE, 1, 0xD5ED, 4,
    0xA489, 1, 0x3187, 1, 0xD5ED, 1, 0x7B0A, 1,
    0xD5ED, 1, 0x5C32, 1, 0x41C9, 1, 0x3187, 1,
    0x1926, 1, 0xA489, 1, 0xF6CE, 1, 0xD5ED, 2,
    0x1882, 1, 0x2925, 1, 0x20E4, 1, 0x2925, 1,
    0x4947, 1, 0x1882, 6, 0x62EA, 1, 0x20E4, 1,
    0x3187, 1, 0x2925, 1, 0x18C5, 9, 0x7800, 1,
    0x8000, 2, 0x5248, 1, 0x50A3, 3, 0x5AEC, 1,
    0x2000, 1, 0x6000, 3, 0x5248, 1, 0x50A3, 1,
    0x6000, 4, 0x5000, 1, 0x1882, 1, 0x20E4, 1,
    0x3A4A, 3, 0x20E4, 1, 0x1882, 1, 0x0862, 1,
    0x1882, 2, 0x2000, 1, 0x4800, 1, 0x6000, 5,
    0x7145, 2, 0x5248, 2, 0x7145, 1, 0x6000, 1,
    0x3000, 1, 0x7145, 1, 0x4841, 3, 0x7145, 3,
    0x7800, 2, 0x7000, 4, 0x50A3, 1, 0x4841, 1,
    0x3187, 2, 0x2925, 1, 0x6000, 1, 0x0862, 4,
    0x50A3, 1, 0x91A7, 1, 0x50A3, 1, 0x3187, 1,
    0x0000, 2, 0x2925, 2, 0x5C32, 1, 0x3187, 1,
    0x636E, 1, 0x8CB2, 1, 0x636E, 1, 0x3187, 1,
    0x2925, 1, 0xA489, 1, 0xF6CE, 3, 0xB50D, 1,
    0xA489, 1, 0xD5ED, 1, 0x3187, 3, 0xA489, 1,
    0x3187, 1, 0xD5ED, 1, 0xA001, 1, 0xA489, 1,
    0x41C9, 1, 0x20E4, 3, 0xA489, 1, 0xD5ED, 3,
    0x18E4, 1, 0x3187, 1, 0x20E4, 1, 0x2925, 1,
    0x1882, 2, 0x0862, 1, 0x1882, 4, 0x62EA, 1,
    0x2925, 2, 0x3187, 1, 0x18C5, 8, 0x7000, 1,
    0x7800, 1, 0x8000, 1, 0xA489, 2, 0x41C9, 1,
    0x50A3, 2, 0x6000, 1, 0x2000, 1, 0x6000, 6,
    0x50A3, 3, 0x6000, 3, 0x50A3, 1, 0x7000, 1,
    0x6000, 12, 0x7145, 1, 0x50A3, 1, 0x7145, 1,
    0x6000, 3, 0x3000, 1, 0x41C9, 1, 0x4841, 2,
    0x50A3, 1, 0x7145, 2, 0xA489, 1, 0x7800, 4,
    0x7000, 3, 0xA001, 1, 0x91A7, 1, 0x7800, 1,
    0x7062, 1, 0x7000, 1, 0x6000, 1, 0x0862, 2,
    0x1882, 1, 0x50A3, 3, 0x3187, 1, 0x50A3, 1,
    0x7062, 1, 0x50A3, 1, 0x7000, 1, 0x432E, 1,
    0x5C32, 1, 0x3187, 1, 0x41C9, 1, 0x636E, 2,
    0x2925, 1, 0xA489, 1, 0xF6CE, 4, 0xB50D, 1,
    0xA489, 1, 0x5C32, 1, 0x3187, 2, 0x20E4, 1,
    0xF6CE, 1, 0xA489, 1, 0x8C0C, 1, 0xA001, 2,
    0x41C9, 1, 0xF6CE, 4, 0xD5ED, 2, 0xA489, 1,
    0x1882, 1, 0x3187, 1, 0x20E4, 1, 0x62EA, 1,
    0x3800, 1, 0x1882, 6, 0x4947, 1, 0x2925, 2,
    0x3187, 1, 0x18C5, 8, 0x7000, 1, 0x7800, 1,
    0xA489, 3, 0x20E4, 1, 0x50A3, 4, 0x5AEC, 1,
    0x91A7, 1, 0x0862, 1, 0x6000, 6, 0x50A3, 2,
    0x7062, 2, 0x7000, 1, 0x6000, 13, 0x0862, 1,
    0x3000, 1, 0x1882, 1, 0x7145, 1, 0x4800, 1,
    0x4841, 2, 0x50A3, 1, 0x3187, 1, 0x2925, 1,
    0xA489, 4, 0x7800, 4, 0xA001, 3, 0x8800, 1,
    0x7800, 2, 0x6000, 1, 0x1882, 3, 0x91A7, 1,
    0x3187, 1, 0x2925, 1, 0x20E4, 1, 0x2925, 1,
    0x20E4, 1, 0x3187, 1, 0x91A7, 1, 0x1882, 1,
    0x2925, 2, 0x3187, 1, 0x636E, 1, 0x5C32, 1,
    0x636E, 1, 0x2925, 1, 0xA489, 1, 0xF6CE, 4,
    0xB50D, 1, 0xA001, 1, 0x41C9, 1, 0x20E4, 3,
    0xF6CE, 1, 0xA489, 1, 0x41C9, 1, 0xA001, 2,
    0x41C9, 1, 0x3187, 1, 0xA489, 6, 0x2925, 1,
    0x3187, 1, 0x20E4, 1, 0x5248, 1, 0x3800, 1,
    0x1882, 6, 0x2925, 3, 0x3187, 1, 0x18C5, 8,
    0x7000, 1, 0x7145, 1, 0xA489, 2, 0xB50D, 1,
    0x3A4A, 2, 0x50A3, 1, 0x6000, 2, 0x50A3, 3,
    0x7145, 2, 0x4800, 7, 0x4841, 2, 0x4800, 3,
    0x3800, 7, 0x0862, 2, 0x7145, 1, 0x91A7, 1,
    0x41C9, 1, 0x4841, 3, 0x20E4, 1, 0x3187, 1,
    0x20E4, 1, 0xA489, 6, 0x7062, 1, 0x7000, 1,
    0xA001, 5, 0x8800, 1, 0x7800, 2, 0x0862, 3,
    0x2925, 1, 0x7145, 1, 0x2925, 1, 0x20E4, 3,
    0x1882, 1, 0x20E4, 1, 0x7145, 1, 0x2925, 1,
    0x432E, 1, 0x2925, 1, 0x5AEC, 1, 0x636E, 1,
    0x3187, 1, 0x4841, 1, 0xA489, 1, 0xF6CE, 5,
    0x41C9, 1, 0xA001, 1, 0x636E, 1, 0xA489, 1,
    0xF6CE, 3, 0xA489, 1, 0x41C9, 1, 0xA001, 1,
    0x7062, 1, 0x7B8D, 1, 0x3187, 1, 0xA489, 1,
    0x3187, 2, 0x2925, 1, 0xA489, 1, 0x18E4, 1,
    0x2925, 1, 0x3187, 1, 0x2925, 1, 0x4947, 1,
    0x1882, 6, 0x6000, 1, 0x7B0A, 1, 0x3187, 1,
    0x2925, 1, 0x3187, 1, 0x18C5, 8, 0x7000, 1,
    0x91A7, 1, 0x5248, 1, 0xA489, 1, 0x5AEC, 3,
    0x20E4, 1, 0x50A3, 1, 0x6000, 2, 0x50A3, 3,
    0x7145, 13, 0x0862, 6, 0x50A3, 3, 0x4841, 4,
    0x50A3, 1, 0x20E4, 1, 0x3A4A, 1, 0x5AEC, 1,
    0xA489, 5, 0x2925, 1, 0x91A7, 2, 0xA001, 6,
    0x8800, 1, 0x7800, 1, 0x8000, 1, 0x18E4, 2,
    0x1882, 1, 0x91A7, 1, 0x2925, 1, 0x20E4, 1,
    0x2925, 2, 0x5248, 1, 0x2925, 1, 0x20E4, 1,
    0x2925, 1, 0x91A7, 1, 0x432E, 1, 0x2925, 2,
    0x41C9, 1, 0x3187, 1, 0x1882, 1, 0xF6CE, 5,
    0xD5ED, 1, 0x3187, 1, 0x7062, 1, 0x636E, 1,
    0x3187, 1, 0xA489, 4, 0x2925, 1, 0x91A7, 1,
    0x7062, 2, 0x91A7, 1, 0x3187, 2, 0x7062, 1,
    0x2925, 1, 0x7B0A, 1, 0x1882, 1, 0x2925, 1,
    0x3187, 1, 0x2925, 1, 0xA489, 1, 0x7000, 1,
    0x20E4, 1, 0x6000, 1, 0x1882, 4, 0x2925, 3,
    0x3187, 1, 0x18C5, 8, 0x7000, 1, 0x1882, 1,
    0x7B0A, 1, 0x636E, 1, 0x5AEC, 3, 0x20E4, 1,
    0x50A3, 2, 0x6000, 24, 0x4841, 5, 0x20E4, 1,
    0x3A4A, 3, 0x636E, 1, 0xA489, 3, 0x5248, 1,
    0x2925, 2, 0xA489, 2, 0xA001, 5, 0x8000, 4,
    0x1882, 3, 0x50A3, 1, 0x20E4, 1, 0x1882, 1,
    0x2925, 1, 0x5248, 1, 0x1882, 1, 0x62EA, 1,
    0x2925, 1, 0x1882, 1, 0x91A7, 1, 0x20E4, 1,
    0x2925, 2, 0x3187, 1, 0x1882, 2, 0xF6CE, 5,
    0xD5ED, 1, 0x2925, 1, 0x7062, 1, 0x91A7, 1,
    0x3187, 3, 0x41C9, 1, 0x7B0A, 1, 0x2925, 1,
    0x3187, 1, 0x7062, 5, 0x2925, 2, 0x7B0A, 1,
    0x1882, 1, 0x2925, 3, 0xA489, 1, 0x1882, 7,
    0x4947, 1, 0x2925, 2, 0x3187, 1, 0x18C5, 8,
    0x4800, 1, 0x1882, 1, 0x5248, 1, 0x41C9, 1,
    0x5AEC, 2, 0x3A4A, 1, 0x5AEC, 1, 0x50A3, 2,
    0x6000, 3, 0x5000, 6, 0x6000, 12, 0x4800, 2,
    0x4841, 4, 0x20E4, 1, 0x3A4A, 2, 0x8CB2, 1,
    0x5C32, 1, 0x8CB2, 2, 0xD5ED, 1, 0xF6CE, 1,
    0xD5ED, 1, 0x8CB2, 1, 0x2925, 2, 0x8CB2, 1,
    0xA001, 4, 0x8000, 1, 0x7800, 1, 0x8000, 3,
    0x7800, 1, 0x18E4, 2, 0x3187, 2, 0x20E4, 1,
    0x2925, 1, 0x4947, 1, 0x3800, 1, 0x1882, 1,
    0x2925, 3, 0x3187, 1, 0x20E4, 1, 0x18E4, 1,
    0x2925, 1, 0x6000, 1, 0x3800, 1, 0xA489, 1,
    0xF6CE, 2, 0xD5ED, 1, 0xF6CE, 2, 0xD5ED, 1,
    0x1882, 1, 0x7062, 2, 0x91A7, 1, 0x3187, 1,
    0x7062, 1, 0x7145, 1, 0x7B0A, 1, 0x3187, 1,
    0x7062, 1, 0x5248, 1, 0x2925, 4, 0x1882, 1,
    0x0862, 1, 0x4947, 1, 0x18E4, 1, 0x2925, 1,
    0x3187, 1, 0x2925, 1, 0x4947, 1, 0x3800, 1,
    0x1882, 6, 0x62EA, 1, 0x2925, 1, 0x3187, 1,
    0x2925, 1, 0x18C5, 8, 0x4800, 1, 0x636E, 1,
    0x5AEC, 1, 0x0862, 1, 0x3187, 1, 0x3A4A, 2,
    0x5AEC, 2, 0x50A3, 1, 0x4800, 3, 0x5000, 8,
    0x6000, 10, 0x7000, 2, 0x8000, 1, 0x7062, 1,
    0x5AEC, 1, 0x8CB2, 1, 0x636E, 1, 0x432E, 2,
    0x5C32, 1, 0x8CB2, 3, 0xD5ED, 1, 0x8CB2, 2,
    0x3187, 1, 0x8CB2, 1, 0x2925, 1, 0xB50D, 1,
    0xA001, 2, 0x8800, 2, 0x8000, 4, 0x7800, 2,
    0x1882, 2, 0x2925, 2, 0x1882, 1, 0x62EA, 1,
    0x1882, 3, 0x3800, 1, 0x4947, 1, 0x2925, 2,
    0x3187, 1, 0x4841, 1, 0x2925, 1, 0x3800, 1,
    0x7B0A, 1, 0xD5ED, 1, 0xF6CE, 2, 0xA489, 2,
    0xD5ED, 2, 0x1882, 1, 0x91A7, 1, 0x7062, 4,
    0x5248, 1, 0x4947, 1, 0x20E4, 1, 0x2925, 1,
    0x0862, 2, 0x1882, 3, 0x3800, 1, 0x4947, 1,
    0x2925, 3, 0x3187, 1, 0x20E4, 1, 0x5248, 1,
    0x3800, 1, 0x1882, 6, 0x62EA, 1, 0x20E4, 1,
    0x3187, 1, 0x18C5, 9, 0x4800, 2, 0x0862, 1,
    0x5248, 1, 0x0862, 1, 0x18E4, 1, 0x0862, 3,
    0x4841, 1, 0x4800, 3, 0x5000, 8, 0x6000, 10,
    0x7000, 3, 0x50A3, 1, 0x5C32, 1, 0x636E, 1,
    0x5AEC, 1, 0x432E, 1, 0x20E4, 1, 0x8CB2, 3,
    0x18E4, 1, 0x8CB2, 1, 0x2925, 2, 0x8CB2, 3,
    0x8800, 1, 0x8000, 8, 0x7800, 1, 0x1882, 3,
    0x2925, 1, 0x20E4, 1, 0x2925, 2, 0x1882, 1,
    0x0862, 1, 0x1882, 3, 0x62EA, 1, 0x2925, 1,
    0x3187, 1, 0x4841, 1, 0x20E4, 1, 0x3800, 1,
    0xA489, 1, 0xD5ED, 3, 0xA489, 1, 0x4947, 1,
    0x7B0A, 1, 0xA489, 1, 0x7B0A, 1, 0x91A7, 1,
    0x5248, 4, 0x0862, 1, 0x4947, 1, 0x0862, 2,
    0x4947, 3, 0x3800, 2, 0x4947, 2, 0x2925, 3,
    0x3187, 1, 0x20E4, 1, 0x62EA, 1, 0x3800, 1,
    0x1882, 1, 0x0862, 1, 0x1882, 4, 0x2925, 1,
    0x20E4, 1, 0x3187, 1, 0x18C5, 9, 0x4800, 1,
    0x3000, 1, 0x3800, 1, 0x4800, 3, 0x6000, 2,
    0x4947, 1, 0x4800, 3, 0x5000, 9, 0x6000, 13,
    0x50A3, 1, 0x20E4, 1, 0x1882, 2, 0x20E4, 1,
    0x2925, 1, 0x20E4, 1, 0x2925, 2, 0x8CB2, 1,
    0x20E4, 1, 0x8CB2, 2, 0x8800, 2, 0x8000, 6,
    0x7800, 2, 0x8000, 3, 0x1882, 2, 0x18E4, 1,
    0x3187, 1, 0x20E4, 1, 0x62EA, 1, 0x1882, 1,
    0x0862, 1, 0x1882, 4, 0x62EA, 1, 0x20E4, 1,
    0x3187, 1, 0x4800, 1, 0x2925, 1, 0x7B0A, 1,
    0xA489, 4, 0x7B0A, 1, 0x4947, 1, 0xA489, 3,
    0x2925, 1, 0x5248, 1, 0x0862, 4, 0x4800, 1,
    0x3800, 1, 0x4947, 8, 0x18E4, 3, 0x3187, 1,
    0x20E4, 1, 0x2925, 1, 0x1882, 3, 0x0862, 1,
    0x1882, 2, 0x4947, 1, 0x2925, 1, 0x20E4, 1,
    0x3187, 1, 0x18C5, 9, 0x4800, 1, 0x3000, 1,
    0x3800, 1, 0x4800, 3, 0x6000, 5, 0x7000, 1,
    0x7800, 9, 0x8000, 8, 0x8800, 6, 0x8000, 4,
    0x8800, 5, 0x8000, 2, 0x7800, 1, 0x8800, 1,
    0x8000, 6, 0x7800, 3, 0x8000, 2, 0x7800, 1,
    0x1882, 3, 0x3187, 1, 0x2925, 1, 0x4947, 1,
    0x1882, 6, 0x4947, 1, 0x20E4, 1, 0x3187, 1,
    0x4800, 1, 0x4841, 1, 0xA489, 3, 0x7B0A, 1,
    0x4947, 1, 0x3800, 2, 0xA489, 2, 0x7B0A, 1,
    0x0862, 2, 0x3800, 1, 0x0862, 2, 0x4800, 1,
    0x3800, 1, 0x4947, 7, 0x18E4, 1, 0x1926, 1,
    0x18E4, 2, 0x1926, 1, 0x3187, 1, 0x20E4, 1,
    0x2925, 1, 0x4947, 1, 0x1882, 4, 0x3800, 1,
    0x4947, 1, 0x2925, 1, 0x3187, 1, 0x50A3, 1,
    0x18C5, 8, 0x4800, 1, 0x3000, 2, 0x3800, 1,
    0x4800, 3, 0x6000, 5, 0x7000, 2, 0x7800, 8,
    0x8000, 8, 0x8800, 5, 0x8000, 5, 0x8800, 5,
    0x8000, 10, 0x7800, 6, 0x18E4, 2, 0x2925, 1,
    0x3187, 1, 0x2925, 2, 0x1882, 6, 0x2925, 1,
    0x20E4, 1, 0x636E, 1, 0x6000, 1, 0x4947, 1,
    0xA489, 3, 0x7B0A, 1, 0x3800, 1, 0x4841, 1,
    0x3800, 1, 0x7B0A, 1, 0xA489, 1, 0x7B0A, 1,
    0x4947, 1, 0x3800, 2, 0x4800, 3, 0x3800, 1,
    0x4947, 5, 0x5AEC, 3, 0x0862, 1, 0x18E4, 3,
    0x2925, 3, 0x62EA, 1, 0x4947, 1, 0x1882, 1,
    0x3800, 1, 0x1882, 1, 0x2925, 2, 0x1882, 1,
    0x7145, 1, 0x91A7, 1, 0x18C5, 8, 0x4800, 1,
    0x3000, 2, 0x3800, 1, 0x4800, 3, 0x5000, 1,
    0x6000, 4, 0x7000, 2, 0x8000, 2, 0x8800, 7,
    0xA001, 1, 0x8800, 5, 0x8000, 1, 0x8800, 3,
    0x8000, 1, 0x8800, 2, 0x8000, 4, 0x8800, 6,
    0x8000, 7, 0x7800, 8, 0x18E4, 2, 0x2925, 1,
    0x3187, 1, 0x2925, 1, 0x1882, 6, 0x6000, 1,
    0x7B0A, 1, 0x20E4, 1, 0x3187, 1, 0x2925, 1,
    0x4947, 1, 0x7B0A, 2, 0x4947, 2, 0x3800, 2,
    0x7B0A, 3, 0x4947, 1, 0x3800, 3, 0x4800, 2,
    0x3800, 1, 0x4947, 4, 0x3A4A, 4, 0x0000, 1,
    0x18E4, 4, 0x2925, 1, 0x7145, 1, 0x1882, 1,
    0x2925, 1, 0x62EA, 1, 0x4947, 1, 0x1882, 2,
    0x62EA, 1, 0x2925, 2, 0x7145, 1, 0x18C5, 9,
    0x4800, 1, 0x3000, 2, 0x3800, 1, 0x4800, 3,
    0x5000, 1, 0x6000, 2, 0x7000, 4, 0x7800, 1,
    0xA001, 3, 0x98C3, 7, 0xA001, 3, 0x8800, 1,
    0x8000, 1, 0x8800, 8, 0x8000, 2, 0x8800, 6,
    0x8000, 4, 0x7800, 11, 0x1882, 2, 0x2925, 1,
    0x3187, 1, 0x2925, 1, 0x1882, 2, 0x6000, 1,
    0x1882, 3, 0x6000, 1, 0x2925, 1, 0x20E4, 1,
    0x636E, 1, 0x2925, 1, 0x7B0A, 2, 0x3800, 3,
    0x4841, 1, 0x3800, 1, 0x4947, 3, 0x3800, 1,
    0x4800, 4, 0x3800, 1, 0x4947, 1, 0x636E, 5,
    0x1926, 2, 0x18E4, 2, 0x1926, 1, 0x18E4, 1,
    0x1926, 1, 0x18E4, 1, 0x3187, 1, 0x91A7, 1,
    0x20E4, 1, 0x1882, 1, 0x2925, 2, 0x5248, 2,
    0x2925, 1, 0x20E4, 1, 0x7145, 1, 0x3187, 1,
    0x18C5, 9, 0x3000, 4, 0x4800, 4, 0x5000, 1,
    0x6000, 1, 0x5000, 1, 0x4800, 3, 0x6000, 2,
    0x7000, 2, 0x8000, 1, 0x7062, 2, 0x7000, 1,
    0x98C3, 2, 0x8800, 1, 0x7800, 3, 0x7000, 2,
    0x7800, 1, 0x7000, 3, 0x7800, 1, 0x8800, 3,
    0x7800, 1, 0x8800, 3, 0x8000, 1, 0x8800, 4,
    0x8000, 3, 0x7800, 10, 0x1882, 3, 0x2925, 2,
    0x7062, 1, 0x1882, 7, 0x4947, 1, 0x20E4, 1,
    0x3187, 1, 0x4947, 3, 0x3800, 2, 0x1882, 1,
    0x4800, 1, 0x3800, 1, 0x4947, 2, 0x3800, 2,
    0x4800, 4, 0x3800, 1, 0x432E, 6, 0x41C9, 1,
    0x0000, 1, 0x3187, 1, 0x18E4, 2, 0x1926, 1,
    0x18E4, 1, 0x1926, 2, 0x3187, 2, 0x1882, 1,
    0x2925, 4, 0x1882, 1, 0x20E4, 1, 0x91A7, 1,
    0x3187, 1, 0x18C5, 10, 0x3000, 3, 0x4800, 4,
    0x6000, 1, 0x5000, 1, 0x3800, 1, 0x3000, 1,
    0x2000, 2, 0x3000, 2, 0x2000, 1, 0x3000, 1,
    0x0862, 2, 0x2000, 1, 0x7000, 1, 0x98C3, 2,
    0x8800, 1, 0x7800, 3, 0x7000, 2, 0x7800, 1,
    0x7000, 3, 0x7800, 1, 0x8800, 1, 0x7800, 1,
    0x8800, 9, 0x8000, 1, 0x7800, 13, 0x18E4, 3,
    0x2925, 1, 0x3187, 1, 0x2925, 1, 0x1882, 7,
    0x62EA, 1, 0x20E4, 1, 0x3187, 1, 0x4947, 1,
    0x3800, 1, 0x0862, 1, 0x3800, 1, 0x1882, 1,
    0x4800, 2, 0x3800, 1, 0x4947, 1, 0x4800, 6,
    0x3800, 1, 0x18E4, 3, 0x1926, 3, 0x0000, 1,
    0x5C32, 2, 0x1926, 1, 0x0000, 1, 0x18E4, 2,
    0x2925, 1, 0x1926, 2, 0x3187, 1, 0x50A3, 1,
    0x2925, 1, 0x1882, 1, 0x20E4, 4, 0x3187, 1,
    0x50A3, 1, 0x2925, 1, 0x18C5, 10, 0x3000, 3,
    0x5000, 1, 0x4800, 3, 0x6000, 1, 0x3800, 1,
    0x0862, 1, 0x0000, 4, 0x3000, 1, 0x2000, 1,
    0x3000, 2, 0x0862, 1, 0x2000, 3, 0x0862, 2,
    0x3000, 2, 0x2000, 1, 0x3000, 5, 0x3800, 1,
    0x6000, 1, 0x7800, 2, 0x8800, 9, 0x8000, 1,
    0x7800, 12, 0x6000, 1, 0x2925, 4, 0x3187, 1,
    0x2925, 2, 0x1882, 6, 0x62EA, 1, 0x2925, 1,
    0x3187, 1, 0x1882, 1, 0x0862, 1, 0x1882, 1,
    0x0862, 1, 0x1882, 1, 0x4800, 2, 0x3800, 2,
    0x4800, 3, 0x4841, 1, 0x4800, 1, 0xD5ED, 1,
    0x7B0A, 1, 0x41C9, 1, 0x3187, 3, 0x1926, 2,
    0x2925, 1, 0x18E4, 1, 0x3187, 1, 0x1926, 1,
    0x8CB2, 1, 0x2925, 1, 0x18E4, 2, 0x1926, 1,
    0x2925, 1, 0x3187, 1, 0x50A3, 1, 0x7062, 1,
    0x20E4, 1, 0x2925, 1, 0x20E4, 1, 0x2925, 1,
    0x50A3, 1, 0x7062, 1, 0x20E4, 1, 0x18C5, 11,
    0x3000, 3, 0x4800, 2, 0x5000, 2, 0x8000, 1,
    0xA001, 1, 0x98C3, 1, 0x8000, 1, 0x0000, 6,
    0x0862, 3, 0x0000, 1, 0x0862, 4, 0x0000, 7,
    0x2000, 1, 0x1882, 1, 0x6000, 2, 0xA001, 1,
    0x8800, 8, 0x8000, 1, 0x7800, 10, 0x7000, 1,
    0x6000, 1, 0x18E4, 1, 0x1926, 3, 0x2925, 1,
    0x3187, 1, 0x2925, 1, 0x4947, 1, 0x3800, 1,
    0x0862, 1, 0x1882, 4, 0x2925, 2, 0x3187, 1,
    0x1882, 5, 0x4800, 4, 0x4841, 1, 0x4800, 1,
    0x4841, 1, 0x18C5, 5, 0x2925, 1, 0x8CB2, 1,
    0x5C32, 3, 0x0000, 1, 0x1926, 1, 0x0000, 1,
    0x1926, 8, 0x7062, 1, 0x7145, 1, 0x3187, 1,
    0x50A3, 2, 0x3187, 1, 0x50A3, 1, 0x91A7, 1,
    0x18C5, 13, 0x2000, 1, 0x3000, 2, 0x4800, 2,
    0x5000, 1, 0x8000, 1, 0xA001, 2, 0x8000, 1,
    0x50A3, 1, 0x7062, 1, 0x2925, 1, 0x91A7, 1,
    0x636E, 4, 0x8CB2, 6, 0x636E, 3, 0x91A7, 1,
    0x41C9, 1, 0x98C3, 1, 0x7062, 1, 0xA001, 1,
    0x98C3, 3, 0xA001, 2, 0x8800, 7, 0x8000, 1,
    0x7800, 6, 0x7000, 2, 0x6000, 4, 0x18E4, 1,
    0x1926, 1, 0x18E4, 2, 0x20E4, 1, 0x3187, 1,
    0x20E4, 1, 0x62EA, 1, 0x1882, 2, 0x0862, 1,
    0x1882, 1, 0x3800, 1, 0x4947, 1, 0x2925, 1,
    0x3187, 1, 0x0862, 1, 0x3800, 1, 0x1882, 4,
    0x4800, 4, 0x18C5, 12, 0x8CB2, 2, 0x1926, 1,
    0x18E4, 1, 0x1926, 2, 0x18E4, 1, 0x1926, 3,
    0x18E4, 2, 0x1926, 1, 0x50A3, 1, 0x91A7, 1,
    0x50A3, 1, 0x91A7, 1, 0x50A3, 1, 0x3187, 1,
    0x18C5, 14, 0x2000, 1, 0x3000, 2, 0x4800, 3,
    0x6000, 1, 0xA001, 3, 0x8800, 1, 0xA001, 1,
    0x98C3, 2, 0x91A7, 1, 0x8C0C, 1, 0x8CB2, 2,
    0xD5ED, 1, 0x8CB2, 1, 0xF6CE, 2, 0x8CB2, 3,
    0xB50D, 1, 0x91A7, 1, 0x98C3, 2, 0xA001, 8,
    0x8800, 5, 0x8000, 3, 0x7800, 5, 0x6000, 3,
    0x4800, 3, 0x3000, 1, 0x18E4, 4, 0x1926, 1,
    0x3187, 1, 0x20E4, 1, 0x2925, 2, 0x1882, 3,
    0x2925, 3, 0x7145, 1, 0x1882, 4, 0x4800, 3,
    0x18C5, 17, 0x18E4, 3, 0x1926, 2, 0x18E4, 4,
    0x1926, 2, 0x18E4, 2, 0x2925, 1, 0x8CB2, 1,
    0x3187, 1, 0x18C5, 16, 0x2000, 1, 0x3000, 3,
    0x4800, 1, 0x6000, 1, 0x7800, 1, 0x8000, 1,
    0x7800, 1, 0x7000, 3, 0x7800, 2, 0x8000, 3,
    0x8800, 3, 0xA001, 2, 0x8800, 3, 0x8000, 2,
    0x8800, 3, 0xA001, 7, 0x8800, 1, 0x8000, 3,
    0x7800, 3, 0x7000, 4, 0x6000, 4, 0x4800, 1,
    0x2000, 2, 0x18E4, 6, 0x2925, 2, 0x1882, 1,
    0x62EA, 1, 0x1882, 1, 0x3800, 1, 0x1882, 1,
    0x62EA, 1, 0x2925, 1, 0x1882, 1, 0x91A7, 1,
    0x3800, 1, 0x4800, 3, 0x18C5, 27, 0x18E4, 4,
    0x1926, 3, 0x2925, 1, 0x18C5, 17, 0x0000, 1,
    0x2000, 3, 0x4800, 2, 0x6000, 7, 0x7000, 1,
    0x6000, 2, 0x5000, 2, 0x4800, 1, 0x6000, 1,
    0x4800, 1, 0x6000, 3, 0x7000, 1, 0x7800, 2,
    0x8000, 10, 0x7800, 3, 0x6000, 6, 0x4800, 3,
    0x3800, 1, 0x3000, 3, 0x2000, 2, 0x18E4, 2,
    0x1926, 1, 0x18E4, 3, 0x3187, 2, 0x20E4, 1,
    0x2925, 1, 0x4947, 1, 0x5248, 2, 0x2925, 1,
    0x20E4, 1, 0x2925, 2, 0x3800, 1, 0x18C5, 56,
    0x0000, 1, 0x2000, 3, 0x3000, 1, 0x3800, 2,
    0x4800, 8, 0x3800, 1, 0x3000, 1, 0x2000, 2,
    0x3000, 2, 0x3800, 1, 0x4800, 4, 0x5000, 9,
    0x6000, 1, 0x4800, 7, 0x3000, 2, 0x2000, 9,
    0x18E4, 2, 0x1926, 1, 0x18E4, 1, 0x1926, 2,
    0x2925, 1, 0x50A3, 1, 0x20E4, 1, 0x1882, 1,
    0x2925, 3, 0x1882, 1, 0x20E4, 1, 0x7145, 1,
    0x1882, 1, 0x18C5, 59, 0x2000, 4, 0x3000, 9,
    0x2000, 4, 0x3000, 2, 0x3800, 1, 0x4800, 4,
    0x5000, 8, 0x6000, 1, 0x3800, 1, 0x3000, 2,
    0x2000, 4, 0x3000, 3, 0x3800, 2, 0x3000, 2,
    0x3800, 3, 0x18E4, 5, 0x2925, 2, 0x1926, 1,
    0x1882, 1, 0x91A7, 1, 0x2925, 1, 0x20E4, 5,
    0x3187, 1, 0x50A3, 1, 0x18C5, 63, 0x1926, 1,
    0x18E4, 1, 0x1926, 2, 0x18E4, 2, 0x2000, 1,
    0x3000, 4, 0x2000, 5, 0x3000, 13, 0x3800, 2,
    0x3000, 2, 0x2000, 1, 0x18C5, 9, 0x18E4, 3,
    0x2925, 1, 0x18E4, 5, 0x1926, 1, 0x18E4, 1,
    0x1926, 1, 0x18E4, 1, 0x7062, 1, 0x7145, 1,
    0x2925, 2, 0x20E4, 1, 0x2925, 1, 0x50A3, 1,
    0x7062, 1, 0x18C5, 66, 0x1926, 3, 0x18E4, 6,
    0x1926, 1, 0x18E4, 2, 0x8CB2, 1, 0x18C5, 30,
    0x18E4, 4, 0x1926, 2, 0x18E4, 1, 0x1926, 5,
    0x91A7, 1, 0x50A3, 3, 0x3187, 1, 0x50A3, 1,
    0x18C5, 111, 0x18E4, 7, 0x1926, 1, 0x18E4, 3,
    0x1926, 1, 0x3187, 1, 0x50A3, 1, 0x91A7, 1,
    0x50A3, 1, 0x18C5, 113, 0x18E4, 2, 0x1926, 2,
    0x18E4, 5, 0x1926, 3, 0x2925, 1, 0x8CB2, 1,
    0x3187, 1, 0x18C5, 4022, 0x18C5, 4175, 0x7145, 5,
    0x18C5, 37, 0x7145, 4, 0x18C5, 80, 0x7062, 1,
    0x7145, 10, 0x18C5, 28, 0x7145, 10, 0x3000, 1,
    0x18C5, 78, 0x7062, 3, 0x7145, 12, 0x5AEC, 3,
    0x7145, 2, 0x5AEC, 3, 0x7145, 1, 0x7062, 1,
    0x7145, 2, 0x5AEC, 3, 0x7145, 1, 0x5AEC, 4,
    0x7145, 11, 0x7062, 4, 0x18C5, 78, 0x7062, 10,
    0x7145, 11, 0x5AEC, 1, 0x7145, 2, 0x7062, 1,
    0x7145, 2, 0x5AEC, 2, 0x7145, 11, 0x7062, 10,
    0x18C5, 77, 0x7000, 9, 0x7062, 8, 0x7145, 17,
    0x7062, 8, 0x7000, 9, 0x18C5, 77, 0x7000, 11,
    0x7062, 1, 0x7000, 4, 0x7062, 18, 0x7000, 17,
    0x18C5, 66, 0x6000, 1, 0x7000, 1, 0x62EA, 1,
    0x7B8D, 1, 0xD5ED, 2, 0x636E, 1, 0x7062, 1,
    0x20E4, 2, 0x7000, 2, 0x6000, 1, 0x4800, 3,
    0x7000, 20, 0x7800, 1, 0x7000, 25, 0x18C5, 58,
    0x18E4, 1, 0x8CB2, 1, 0x636E, 1, 0x5C32, 2,
    0x8CB2, 1, 0xB50D, 7, 0x7B8D, 1, 0x5AEC, 2,
    0x636E, 2, 0x91A7, 2, 0x8000, 5, 0x7800, 1,
    0x7000, 2, 0x5000, 1, 0x4800, 1, 0x5000, 1,
    0x7000, 29, 0x6000, 1, 0x5000, 6, 0x6000, 1,
    0x7000, 2, 0x4800, 1, 0x18C5, 51, 0x98C3, 1,
    0x91A7, 3, 0x3A4A, 1, 0x8CB2, 4, 0x636E, 1,
    0x8CB2, 2, 0xB50D, 1, 0x636E, 2, 0x5AEC, 1,
    0x636E, 2, 0xB50D, 1, 0x636E, 2, 0x5AEC, 2,
    0x7145, 1, 0x7062, 1, 0x8000, 2, 0x7800, 2,
    0x8000, 6, 0x7000, 2, 0x7B0A, 1, 0x636E, 1,
    0x7000, 1, 0x6000, 1, 0x5000, 1, 0x4800, 2,
    0x5000, 8, 0x7000, 1, 0x6000, 12, 0x5000, 1,
    0x4800, 8, 0x5000, 1, 0x6000, 1, 0x4800, 1,
    0x18C5, 47, 0x8800, 2, 0x91A7, 4, 0x3A4A, 1,
    0x8CB2, 3, 0x636E, 1, 0x5AEC, 1, 0x5C32, 2,
    0xB50D, 8, 0x5AEC, 3, 0x7145, 6, 0x7800, 4,
    0x8000, 2, 0x7000, 1, 0x91A7, 1, 0x7145, 2,
    0x7B0A, 1, 0x18E4, 1, 0x3000, 1, 0x7000, 1,
    0x6000, 1, 0x5AEC, 2, 0x5000, 2, 0x3000, 1,
    0x3800, 6, 0x3000, 12, 0x2000, 2, 0x8800, 1,
    0xA001, 1, 0x6000, 2, 0x3000, 4, 0x3800, 1,
    0x4800, 1, 0x18C5, 45, 0x8800, 2, 0x91A7, 2,
    0x636E, 1, 0x8C0C, 1, 0x18E4, 1, 0x5C32, 3,
    0x636E, 2, 0x8CB2, 2, 0x7B8D, 2, 0x5AEC, 11,
    0x7145, 6, 0x7800, 2, 0x7000, 1, 0x2925, 3,
    0x91A7, 1, 0x18E4, 5, 0x636E, 1, 0x1882, 1,
    0x636E, 2, 0x20E4, 1, 0x5AEC, 2, 0x4841, 1,
    0x4800, 1, 0x3000, 4, 0x2000, 12, 0xA001, 1,
    0x91A7, 1, 0x5248, 1, 0x7062, 2, 0x50A3, 1,
    0x4800, 3, 0x2000, 1, 0x3000, 2, 0x6000, 1,
    0x18C5, 43, 0x98C3, 1, 0x8CB2, 4, 0x1926, 13,
    0x2189, 5, 0x1926, 1, 0x2189, 2, 0x636E, 1,
    0x91A7, 2, 0x636E, 4, 0x7145, 2, 0x7000, 1,
    0x7B0A, 1, 0x91A7, 1, 0x2925, 1, 0x18E4, 4,
    0x5C32, 4, 0x636E, 1, 0x1926, 1, 0x4841, 1,
    0x3A4A, 1, 0x636E, 1, 0x432E, 1, 0x3A4A, 1,
    0x20E4, 1, 0x5AEC, 1, 0x4841, 1, 0x5000, 1,
    0x98C3, 8, 0x8800, 2, 0x91A7, 1, 0x636E, 1,
    0x7B8D, 1, 0x41C9, 1, 0x7145, 4, 0x4841, 3,
    0x2925, 2, 0x20E4, 1, 0x2000, 1, 0x3000, 1,
    0x18C5, 44, 0x0862, 1, 0x3187, 3, 0x1926, 2,
    0x3187, 9, 0x41C9, 8, 0x3187, 1, 0x41C9, 3,
    0x3187, 2, 0x2189, 2, 0x1926, 1, 0x18E4, 1,
    0x0862, 1, 0x7800, 1, 0x91A7, 3, 0x2925, 1,
    0x5C32, 5, 0x8CB2, 4, 0x5C32, 1, 0x20E4, 1,
    0x3A4A, 1, 0x636E, 2, 0x5C32, 1, 0x5AEC, 1,
    0x3A4A, 1, 0x5AEC, 1, 0x5000, 2, 0x4800, 1,
    0x8800, 3, 0x8000, 1, 0x91A7, 1, 0x7B8D, 1,
    0x8CB2, 1, 0x7B8D, 1, 0x41C9, 3, 0x50A3, 4,
    0x20E4, 2, 0x2925, 1, 0x20E4, 3, 0x4947, 1,
    0x2925, 1, 0x3000, 1, 0x18C5, 42, 0x3187, 8,
    0x41C9, 5, 0x3187, 2, 0x41C9, 9, 0x3187, 4,
    0x2189, 2, 0x41C9, 1, 0x3187, 1, 0x2189, 4,
    0x1926, 1, 0x91A7, 1, 0x7B0A, 1, 0x2925, 1,
    0x636E, 1, 0x5C32, 1, 0x8CB2, 2, 0x5C32, 1,
    0x8CB2, 4, 0x5C32, 2, 0x3A4A, 1, 0x2925, 1,
    0x432E, 1, 0x636E, 3, 0x432E, 1, 0x3A4A, 1,
    0x5248, 1, 0x6000, 1, 0x5000, 1, 0x8800, 1,
    0x98C3, 1, 0x8CB2, 4, 0x41C9, 3, 0x20E4, 7,
    0x2925, 2, 0x5248, 5, 0x2925, 1, 0x18C5, 41,
    0x41C9, 1, 0x3187, 7, 0x41C9, 13, 0x3187, 1,
    0x41C9, 2, 0x1926, 1, 0x2189, 11, 0x3A4A, 1,
    0x2189, 1, 0x91A7, 2, 0x2925, 1, 0x432E, 1,
    0x5C32, 1, 0x8CB2, 2, 0x5C32, 3, 0x8CB2, 1,
    0x5C32, 3, 0x432E, 1, 0x20E4, 1, 0x2925, 1,
    0x432E, 1, 0x20E4, 4, 0x2925, 1, 0x8CB2, 1,
    0x7B8D, 1, 0x8CB2, 2, 0x5AEC, 1, 0x3187, 2,
    0x62EA, 1, 0x41C9, 1, 0x50A3, 2, 0x20E4, 1,
    0x3187, 1, 0x20E4, 1, 0x3187, 2, 0x5248, 1,
    0x7B0A, 3, 0x5248, 6, 0x2925, 1, 0x18C5, 40,
    0x3187, 1, 0x41C9, 4, 0x3187, 2, 0x41C9, 12,
    0x2189, 4, 0x432E, 3, 0x54F5, 2, 0x432E, 3,
    0x2189, 4, 0x41C9, 1, 0x2189, 2, 0xA001, 1,
    0x91A7, 1, 0x2925, 1, 0x432E, 1, 0x8CB2, 3,
    0x5C32, 7, 0x636E, 1, 0x1926, 1, 0x20E4, 1,
    0x3A4A, 1, 0x432E, 1, 0x2925, 1, 0x5AEC, 1,
    0x636E, 1, 0x8CB2, 5, 0x3187, 3, 0x62EA, 1,
    0x5248, 1, 0x20E4, 1, 0x3187, 1, 0x20E4, 1,
    0x7B0A, 2, 0x8C0C, 3, 0x7B0A, 3, 0x5248, 7,
    0x18C5, 39, 0x3187, 1, 0x41C9, 11, 0x3187, 1,
    0x2189, 9, 0x432E, 1, 0x5C32, 4, 0x54F5, 2,
    0x5C32, 3, 0x54F5, 1, 0x5C32, 1, 0x432E, 2,
    0x2189, 2, 0x3A4A, 1, 0x91A7, 1, 0x7B0A, 1,
    0x2925, 1, 0x5C32, 11, 0x636E, 1, 0x432E, 1,
    0x2925, 1, 0x1882, 2, 0x41C9, 1, 0x636E, 2,
    0x8CB2, 3, 0x5248, 1, 0x41C9, 2, 0x3187, 2,
    0x62EA, 1, 0x5248, 2, 0x3187, 1, 0x2925, 1,
    0x5248, 1, 0x8C0C, 1, 0x7B0A, 7, 0x5248, 5,
    0xA489, 1, 0x18C5, 38, 0x3187, 1, 0x41C9, 3,
    0x3187, 1, 0x41C9, 1, 0x3187, 1, 0x1926, 1,
    0x2189, 2, 0x432E, 2, 0x1926, 1, 0x2189, 2,
    0x432E, 1, 0x5C32, 1, 0x636E, 1, 0x5C32, 6,
    0x432E, 1, 0x2189, 3, 0x432E, 1, 0x5C32, 1,
    0x54F5, 1, 0x5C32, 3, 0x54F5, 4, 0x432E, 1,
    0x2189, 2, 0x7B0A, 1, 0x2925, 1, 0x432E, 1,
    0x5C32, 11, 0x636E, 1, 0x3A4A, 1, 0x7062, 1,
    0x91A7, 2, 0x8CB2, 1, 0x7B8D, 1, 0x8CB2, 2,
    0x41C9, 3, 0x3187, 2, 0x62EA, 3, 0xB50D, 1,
    0x8C0C, 1, 0x62EA, 1, 0x8C0C, 1, 0xA489, 2,
    0x7B0A, 1, 0xA489, 3, 0x7B0A, 2, 0x5248, 3,
    0xA489, 1, 0x7B0A, 2, 0x18C5, 38, 0x41C9, 1,
    0x1926, 3, 0x2189, 1, 0x1926, 1, 0x432E, 5,
    0x18E4, 1, 0x2189, 2, 0x18E4, 1, 0x2189, 1,
    0x432E, 2, 0x5C32, 5, 0x432E, 1, 0x1926, 1,
    0x2189, 4, 0x5C32, 1, 0x54F5, 1, 0x5C32, 3,
    0x54F5, 4, 0x432E, 1, 0x2189, 2, 0x636E, 1,
    0x2925, 1, 0x5AEC, 1, 0x5C32, 10, 0x636E, 2,
    0x2925, 1, 0x7062, 1, 0x7B0A, 1, 0x7B8D, 1,
    0x8CB2, 2, 0x5AEC, 1, 0x5248, 1, 0x41C9, 2,
    0x3187, 2, 0x62EA, 2, 0xB50D, 1, 0xA489, 1,
    0xB50D, 1, 0x8C0C, 2, 0xA489, 7, 0x7B0A, 3,
    0xA489, 3, 0x8C0C, 1, 0x5248, 1, 0x18C5, 37,
    0x0862, 1, 0x1926, 1, 0x2189, 2, 0x432E, 5,
    0x5C32, 1, 0x432E, 1, 0x2189, 1, 0x0862, 1,
    0x18C5, 1, 0x0000, 1, 0x18E4, 1, 0x2189, 1,
    0x432E, 2, 0x5C32, 4, 0x432E, 1, 0x2189, 1,
    0x0862, 1, 0x0000, 1, 0x1926, 1, 0x2189, 2,
    0x432E, 1, 0x5C32, 2, 0x54F5, 8, 0x432E, 1,
    0x91A7, 1, 0x5AEC, 1, 0x432E, 1, 0x5C32, 11,
    0x3A4A, 1, 0x2925, 1, 0x8CB2, 1, 0x636E, 1,
    0x5248, 1, 0x5AEC, 3, 0x5248, 2, 0x3A4A, 1,
    0x3187, 2, 0xB50D, 1, 0xA489, 1, 0xB50D, 4,
    0x8C0C, 2, 0xA489, 3, 0x7B0A, 1, 0xA489, 1,
    0x7B0A, 2, 0xA489, 4, 0x7B0A, 1, 0x7145, 1,
    0xB50D, 1, 0x18C5, 37, 0x2189, 1, 0x432E, 8,
    0x5C32, 1, 0x2189, 2, 0x0000, 3, 0x0862, 1,
    0x2189, 1, 0x432E, 1, 0x5C32, 4, 0x432E, 1,
    0x2189, 2, 0x0000, 1, 0x0862, 1, 0x0000, 1,
    0x0862, 1, 0x2189, 2, 0x5C32, 2, 0x54F5, 7,
    0x432E, 2, 0x7145, 1, 0x2925, 1, 0x432E, 1,
    0x636E, 1, 0x5C32, 6, 0x432E, 3, 0x3A4A, 1,
    0x8CB2, 1, 0x636E, 1, 0x3A4A, 1, 0x5AEC, 4,
    0x5248, 3, 0x5AEC, 1, 0x8CB2, 1, 0xD5ED, 7,
    0xA489, 5, 0x7B0A, 1, 0xA489, 6, 0x7B0A, 2,
    0x7145, 2, 0x18C5, 36, 0x432E, 9, 0x5C32, 1,
    0x432E, 1, 0x2189, 2, 0x0862, 3, 0x2189, 2,
    0x432E, 1, 0x5C32, 4, 0x432E, 1, 0x2189, 2,
    0x18E4, 2, 0x0862, 1, 0x2189, 2, 0x5C32, 2,
    0x54F5, 9, 0x432E, 1, 0x7145, 1, 0x2925, 2,
    0x636E, 1, 0x5C32, 2, 0x636E, 5, 0x2925, 1,
    0x636E, 1, 0x5248, 1, 0x41C9, 1, 0x5AEC, 3,
    0x5248, 1, 0x5AEC, 4, 0x5C32, 1, 0xD5ED, 9,
    0xA489, 5, 0x18C5, 1, 0xA489, 7, 0x62EA, 1,
    0x7062, 1, 0xA489, 1, 0x18C5, 36, 0x432E, 9,
    0x5C32, 2, 0x432E, 5, 0x2189, 1, 0x432E, 1,
    0x5C32, 6, 0x2189, 1, 0x432E, 4, 0x2189, 1,
    0x54F5, 13, 0x7062, 1, 0x91A7, 1, 0x2925, 1,
    0x432E, 1, 0x636E, 3, 0x20E4, 1, 0x2925, 2,
    0x20E4, 1, 0x5248, 1, 0x41C9, 1, 0x5248, 1,
    0x5AEC, 7, 0x8CB2, 1, 0x5C32, 1, 0x8CB2, 1,
    0xD5ED, 7, 0xB50D, 1, 0xD5ED, 1, 0xA489, 4,
    0x18C5, 4, 0xA489, 3, 0x7B0A, 2, 0xA489, 3,
    0x18C5, 35, 0x432E, 13, 0x2189, 1, 0x432E, 2,
    0x2189, 1, 0x432E, 2, 0x5C32, 2, 0x636E, 1,
    0x432E, 7, 0x2189, 1, 0x432E, 2, 0x5C32, 2,
    0x54F5, 9, 0x432E, 1, 0x5C32, 1, 0x20E4, 2,
    0x2925, 1, 0x5AEC, 2, 0x2925, 1, 0x20E4, 1,
    0x636E, 1, 0x7145, 1, 0x5AEC, 2, 0x5248, 2,
    0x5AEC, 5, 0x8CB2, 1, 0x636E, 1, 0x8CB2, 2,
    0xD5ED, 10, 0xA489, 1, 0xD5ED, 1, 0xA489, 1,
    0x18C5, 6, 0x62EA, 2, 0x5248, 1, 0x7B0A, 1,
    0xA489, 3, 0x18C5, 34, 0x432E, 4, 0x3A4A, 2,
    0x2189, 32, 0x5C32, 5, 0x54F5, 1, 0x432E, 2,
    0x3187, 1, 0x20E4, 1, 0x2925, 1, 0x91A7, 2,
    0x636E, 1, 0x5AEC, 2, 0x5248, 2, 0x41C9, 5,
    0x8CB2, 4, 0x636E, 1, 0x8CB2, 3, 0xD5ED, 9,
    0xA489, 2, 0x18C5, 9, 0x2925, 1, 0x7B0A, 1,
    0xA489, 3, 0x18C5, 33, 0x7B8D, 1, 0x3A4A, 1,
    0x1926, 3, 0x2189, 2, 0x18C5, 4, 0x7800, 11,
    0x8000, 1, 0x7800, 2, 0x2189, 2, 0x0862, 1,
    0x1882, 2, 0x1926, 1, 0x8CB2, 1, 0x3187, 1,
    0x2189, 2, 0x3A4A, 2, 0x2189, 10, 0x5AEC, 1,
    0x3A4A, 1, 0x636E, 2, 0x5AEC, 1, 0x636E, 1,
    0x5248, 3, 0x41C9, 2, 0x5248, 1, 0x41C9, 1,
    0x8CB2, 7, 0xD5ED, 1, 0x8CB2, 2, 0xD5ED, 1,
    0xB50D, 1, 0xD5ED, 8, 0x18C5, 10, 0x7000, 1,
    0x62EA, 1, 0xA489, 2, 0x91A7, 1, 0x18C5, 27,
    0x8000, 1, 0x91A7, 1, 0x8800, 1, 0x8000, 1,
    0x636E, 4, 0x7B0A, 1, 0x636E, 3, 0x7B8D, 1,
    0x636E, 4, 0x8CB2, 13, 0x5AEC, 1, 0x91A7, 2,
    0x636E, 4, 0x8CB2, 1, 0x636E, 2, 0x91A7, 2,
    0x8800, 2, 0x3000, 2, 0x91A7, 2, 0x7145, 3,
    0x91A7, 2, 0x7B0A, 1, 0x5AEC, 1, 0x636E, 1,
    0x5248, 2, 0x5AEC, 1, 0x5248, 1, 0x41C9, 1,
    0x5248, 1, 0x41C9, 1, 0x8CB2, 4, 0x636E, 1,
    0x8CB2, 2, 0xF6CE, 6, 0x8CB2, 1, 0xD5ED, 8,
    0x1882, 3, 0x18E4, 1, 0x1926, 1, 0x18C5, 6,
    0x3000, 1, 0x3187, 1, 0x62EA, 1, 0x91A7, 2,
    0x18C5, 22, 0x7800, 1, 0x91A7, 2, 0x2000, 1,
    0x91A7, 2, 0x8CB2, 2, 0x636E, 8, 0x7B8D, 1,
    0x8CB2, 1, 0x7B8D, 1, 0x8CB2, 1, 0xD5ED, 6,
    0xB50D, 7, 0x5C32, 1, 0x7B8D, 4, 0x8CB2, 1,
    0x636E, 2, 0x91A7, 2, 0x636E, 1, 0x8800, 1,
    0x0862, 1, 0x8000, 1, 0x50A3, 2, 0x5AEC, 4,
    0x5248, 3, 0x62EA, 1, 0x636E, 2, 0x5AEC, 1,
    0x5248, 4, 0x62EA, 1, 0x41C9, 1, 0x8CB2, 4,
    0xD5ED, 3, 0x636E, 1, 0x8CB2, 1, 0xF6CE, 13,
    0xD5ED, 1, 0x1882, 4, 0x3187, 2, 0x7145, 1,
    0x18C5, 6, 0x3187, 1, 0x8C0C, 1, 0x7145, 1,
    0x7800, 1, 0x18C5, 18, 0x7800, 1, 0x91A7, 2,
    0x2000, 2, 0x7062, 1, 0x636E, 2, 0xB50D, 2,
    0x8C0C, 1, 0xA489, 1, 0xB50D, 4, 0x8CB2, 2,
    0x5AEC, 1, 0x636E, 12, 0xB50D, 4, 0x636E, 1,
    0x5AEC, 1, 0xB50D, 2, 0x8CB2, 1, 0xD5ED, 5,
    0x18E4, 1, 0x91A7, 1, 0x50A3, 2, 0x5248, 4,
    0x636E, 7, 0x5AEC, 2, 0x5248, 2, 0x7B0A, 2,
    0x5248, 1, 0x8CB2, 4, 0xD5ED, 6, 0x636E, 2,
    0xF6CE, 4, 0x5C32, 1, 0xF6CE, 4, 0xD5ED, 1,
    0xF6CE, 4, 0x0862, 3, 0x91A7, 1, 0x50A3, 1,
    0x3187, 2, 0x91A7, 1, 0x18C5, 5, 0x5248, 1,
    0x8C0C, 1, 0x62EA, 1, 0x5248, 1, 0x18C5, 16,
    0x7062, 1, 0x91A7, 2, 0x2000, 1, 0x3A4A, 2,
    0xB50D, 4, 0x8C0C, 2, 0xB50D, 1, 0x8C0C, 1,
    0x7800, 1, 0x8C0C, 1, 0xD5ED, 1, 0x2925, 1,
    0xB50D, 3, 0xD5ED, 4, 0xB50D, 1, 0x5AEC, 2,
    0xB50D, 10, 0x7062, 1, 0x62EA, 1, 0xD5ED, 1,
    0x636E, 1, 0x5AEC, 1, 0x8000, 1, 0x2000, 2,
    0x91A7, 1, 0x50A3, 3, 0x4841, 1, 0x636E, 8,
    0x5AEC, 7, 0x3A4A, 1, 0x8CB2, 7, 0xD5ED, 5,
    0x636E, 2, 0xF6CE, 3, 0x636E, 1, 0x5C32, 1,
    0xF6CE, 4, 0xB50D, 1, 0xF6CE, 4, 0x0862, 1,
    0x1882, 1, 0x50A3, 1, 0x91A7, 1, 0x3187, 1,
    0x2925, 2, 0x7145, 1, 0x50A3, 2, 0x18C5, 3,
    0x2925, 1, 0x7B0A, 1, 0x62EA, 1, 0x4947, 1,
    0x18C5, 13, 0x8CB2, 1, 0x636E, 1, 0x91A7, 2,
    0x2000, 2, 0x6000, 1, 0x636E, 1, 0xB50D, 2,
    0xA489, 1, 0x8C0C, 2, 0xB50D, 1, 0x8C0C, 2,
    0x5248, 1, 0x8C0C, 1, 0x5248, 1, 0x4841, 1,
    0x62EA, 1, 0x5AEC, 2, 0x7062, 1, 0x2925, 1,
    0x8C0C, 1, 0xB50D, 1, 0x3A4A, 2, 0xA489, 1,
    0x8C0C, 2, 0xA489, 2, 0x62EA, 1, 0xB50D, 1,
    0x50A3, 1, 0x7062, 1, 0x3800, 1, 0x5248, 1,
    0xA489, 2, 0xB50D, 1, 0xA489, 1, 0x5AEC, 1,
    0x8000, 1, 0x2000, 1, 0x91A7, 1, 0x4841, 2,
    0x50A3, 1, 0x41C9, 3, 0x5248, 1, 0x636E, 4,
    0x5AEC, 1, 0x5248, 2, 0x5AEC, 5, 0x7B8D, 1,
    0x8CB2, 8, 0x636E, 1, 0xD5ED, 1, 0x8CB2, 2,
    0xD5ED, 3, 0x636E, 1, 0xD5ED, 1, 0xF6CE, 2,
    0x5C32, 1, 0x2925, 1, 0x3187, 1, 0xF6CE, 3,
    0xA489, 1, 0xF6CE, 4, 0x1882, 1, 0x91A7, 1,
    0x3187, 2, 0x2925, 2, 0x20E4, 1, 0x2925, 1,
    0x7145, 1, 0x91A7, 1, 0x18C5, 3, 0x3000, 1,
    0x7B0A, 1, 0x62EA, 1, 0x4947, 1, 0x18C5, 11,
    0xD5ED, 1, 0x8CB2, 1, 0x636E, 1, 0x91A7, 2,
    0x2000, 2, 0x7000, 1, 0x636E, 1, 0x5AEC, 3,
    0xB50D, 1, 0xA489, 2, 0x8C0C, 1, 0xA489, 2,
    0xB50D, 2, 0x8C0C, 2, 0xB50D, 1, 0x62EA, 1,
    0xB50D, 3, 0x62EA, 5, 0x4841, 2, 0x7B0A, 2,
    0xA489, 1, 0x4800, 1, 0xA489, 2, 0x5000, 1,
    0x7B0A, 1, 0xB50D, 2, 0x5AEC, 2, 0x7800, 1,
    0x2000, 1, 0x91A7, 1, 0x50A3, 4, 0x3A4A, 1,
    0x5248, 2, 0x5AEC, 1, 0x7B0A, 2, 0x8C0C, 1,
    0x5AEC, 2, 0x41C9, 1, 0x20E4, 1, 0x7145, 1,
    0x5248, 1, 0x636E, 1, 0x8CB2, 11, 0x636E, 1,
    0x5C32, 1, 0x8CB2, 2, 0x432E, 1, 0xD5ED, 2,
    0x8C0C, 1, 0xD5ED, 1, 0xF6CE, 2, 0xB50D, 1,
    0xF6CE, 1, 0x3187, 1, 0xF6CE, 3, 0xA489, 1,
    0xF6CE, 3, 0x18E4, 1, 0x3187, 1, 0x7145, 1,
    0x2925, 1, 0x20E4, 1, 0x1882, 1, 0x20E4, 1,
    0x1882, 2, 0x2925, 1, 0x91A7, 1, 0x20E4, 1,
    0x18C5, 2, 0x3800, 1, 0x7B0A, 1, 0x7145, 1,
    0x18C5, 11, 0xD5ED, 1, 0x8CB2, 1, 0x636E, 1,
    0x91A7, 2, 0x2000, 1, 0x7000, 2, 0x5AEC, 2,
    0x2925, 1, 0xA489, 1, 0xB50D, 2, 0x6000, 2,
    0x5000, 1, 0x6000, 1, 0x4800, 1, 0x5000, 1,
    0x7145, 2, 0x5248, 2, 0x8C0C, 1, 0xA489, 5,
    0x8C0C, 1, 0x7B0A, 2, 0xA489, 1, 0x7B0A, 1,
    0xA489, 3, 0x8000, 1, 0x636E, 1, 0xB50D, 1,
    0xA489, 1, 0x5AEC, 1, 0xB50D, 1, 0x636E, 1,
    0x4841, 1, 0x2000, 2, 0x5000, 2, 0x50A3, 2,
    0x41C9, 4, 0x3A4A, 2, 0x7B0A, 1, 0x8C0C, 2,
    0x20E4, 2, 0x3800, 1, 0x7062, 1, 0x7145, 1,
    0x3187, 1, 0x636E, 1, 0x5AEC, 1, 0x636E, 2,
    0x8CB2, 7, 0x636E, 1, 0xD5ED, 1, 0x636E, 3,
    0x432E, 1, 0x8CB2, 1, 0xD5ED, 1, 0x8C0C, 2,
    0xF6CE, 2, 0xB50D, 3, 0xF6CE, 1, 0xD5ED, 1,
    0xF6CE, 1, 0xA489, 1, 0xF6CE, 2, 0xD5ED, 1,
    0x1882, 1, 0x3187, 1, 0x2925, 1, 0x20E4, 1,
    0x2925, 5, 0x1882, 1, 0x3187, 1, 0x50A3, 1,
    0x18C5, 2, 0x3800, 1, 0x4947, 2, 0x18C5, 10,
    0x636E, 3, 0x91A7, 2, 0x2000, 1, 0x7000, 1,
    0x8000, 2, 0x5AEC, 1, 0x7145, 1, 0x3A4A, 1,
    0xB50D, 3, 0x3A4A, 1, 0x4841, 2, 0x5248, 1,
    0x6000, 1, 0x5000, 6, 0x4800, 6, 0x4841, 1,
    0x7B0A, 2, 0x5248, 1, 0x4800, 1, 0xB50D, 2,
    0x2925, 1, 0x8000, 2, 0x20E4, 1, 0x5AEC, 1,
    0x7062, 1, 0x7800, 1, 0x2000, 1, 0x91A7, 1,
    0x4841, 4, 0x50A3, 1, 0x41C9, 4, 0x3A4A, 2,
    0x8C0C, 2, 0x20E4, 1, 0x7062, 1, 0x0000, 1,
    0x7062, 1, 0x7000, 1, 0x7062, 2, 0x3187, 1,
    0x5AEC, 1, 0x8C0C, 2, 0x8CB2, 7, 0x636E, 2,
    0xD5ED, 3, 0x2925, 1, 0x8CB2, 1, 0xF6CE, 1,
    0xB50D, 1, 0xA489, 1, 0xF6CE, 3, 0xB50D, 2,
    0xA489, 2, 0xF6CE, 1, 0x7B0A, 1, 0xF6CE, 3,
    0x2925, 1, 0x3187, 1, 0x20E4, 1, 0x1882, 1,
    0x2925, 1, 0x62EA, 2, 0x3187, 1, 0x2925, 3,
    0x91A7, 1, 0x18C5, 2, 0x3000, 1, 0x4947, 1,
    0x18C5, 10, 0x3187, 1, 0x91A7, 1, 0x8800, 1,
    0x7000, 1, 0x91A7, 2, 0x2000, 1, 0x7800, 1,
    0x7145, 2, 0x5AEC, 1, 0x7062, 1, 0x20E4, 1,
    0x5AEC, 2, 0xB50D, 2, 0x5AEC, 1, 0x5000, 2,
    0x5248, 3, 0x50A3, 4, 0x4841, 1, 0x4800, 1,
    0x4841, 3, 0x50A3, 1, 0x7B0A, 1, 0xB50D, 3,
    0x5AEC, 1, 0x18E4, 1, 0x8000, 3, 0x7145, 2,
    0x8000, 1, 0x4800, 1, 0x91A7, 2, 0x5000, 1,
    0x50A3, 6, 0x41C9, 4, 0x3A4A, 1, 0x2925, 1,
    0x3187, 1, 0x7000, 1, 0x0000, 3, 0x6000, 2,
    0x7000, 1, 0x2925, 1, 0x20E4, 1, 0x2925, 1,
    0x3187, 1, 0x636E, 1, 0x8CB2, 3, 0x636E, 1,
    0x91A7, 1, 0x5AEC, 1, 0x636E, 1, 0xD5ED, 2,
    0xB50D, 1, 0x8CB2, 1, 0x5C32, 1, 0xF6CE, 1,
    0xD5ED, 1, 0xB50D, 1, 0x5C32, 1, 0xF6CE, 1,
    0xD5ED, 2, 0xF6CE, 1, 0xD5ED, 2, 0xA489, 1,
    0x5C32, 1, 0x7B0A, 1, 0xF6CE, 3, 0x3187, 1,
    0x91A7, 1, 0x20E4, 1, 0x2925, 1, 0x5248, 1,
    0x2925, 1, 0x1882, 2, 0x62EA, 1, 0x2925, 1,
    0x20E4, 1, 0x50A3, 1, 0x18C5, 2, 0x6000, 1,
    0x4947, 1, 0x18C5, 9, 0x7145, 1, 0x8800, 1,
    0x8000, 1, 0x7062, 1, 0x50A3, 2, 0x7145, 1,
    0x6000, 2, 0x5248, 2, 0x7145, 2, 0x50A3, 1,
    0x6000, 2, 0x3A4A, 1, 0x7B0A, 1, 0x8C0C, 3,
    0xB50D, 1, 0x8C0C, 1, 0x5248, 1, 0x2925, 1,
    0x5AEC, 2, 0xB50D, 6, 0xA489, 1, 0x2925, 1,
    0x20E4, 1, 0x6000, 2, 0x7062, 1, 0x7145, 1,
    0x5AEC, 1, 0x5248, 1, 0x7000, 1, 0x6000, 2,
    0x7145, 1, 0x7062, 2, 0x7145, 1, 0x7062, 1,
    0x7800, 1, 0x50A3, 6, 0x20E4, 1, 0x2925, 1,
    0x3A4A, 1, 0x2925, 1, 0x7145, 1, 0x7062, 1,
    0x1882, 3, 0x18E4, 1, 0x3187, 1, 0x0000, 1,
    0x7000, 1, 0x6000, 1, 0x20E4, 1, 0x2925, 1,
    0x3187, 1, 0x5AEC, 1, 0x91A7, 1, 0x636E, 3,
    0x91A7, 1, 0x3187, 1, 0xD5ED, 1, 0xF6CE, 2,
    0xB50D, 1, 0xD5ED, 5, 0x5C32, 1, 0xF6CE, 1,
    0xA489, 2, 0xD5ED, 3, 0xF6CE, 1, 0x5C32, 1,
    0x7B0A, 1, 0xF6CE, 1, 0xD5ED, 1, 0x1882, 1,
    0x2925, 1, 0x7145, 1, 0x1882, 1, 0x62EA, 1,
    0x1882, 1, 0x3800, 1, 0x1882, 3, 0x2925, 1,
    0x20E4, 1, 0x3187, 1, 0x18C5, 2, 0x3800, 1,
    0x18C5, 9, 0x7800, 2, 0x8000, 1, 0x7145, 1,
    0x7062, 1, 0x50A3, 2, 0x7145, 1, 0x3000, 1,
    0x6000, 1, 0x7145, 1, 0x5248, 2, 0x7145, 1,
    0x50A3, 1, 0x6000, 3, 0x5000, 2, 0x20E4, 2,
    0x3A4A, 2, 0x20E4, 2, 0x1882, 1, 0x0862, 1,
    0x1882, 1, 0x3000, 2, 0x3A4A, 1, 0x20E4, 1,
    0x1882, 1, 0x4800, 1, 0x6000, 2, 0x7062, 1,
    0x7145, 1, 0x5AEC, 1, 0x5248, 1, 0x6000, 2,
    0x3000, 1, 0x7145, 1, 0x4841, 2, 0x7062, 1,
    0x7145, 3, 0x7800, 2, 0x7000, 4, 0x50A3, 1,
    0x2925, 1, 0x3187, 1, 0x2925, 1, 0x7062, 1,
    0x6000, 1, 0x1882, 3, 0x0862, 1, 0x50A3, 1,
    0x3187, 1, 0x7145, 1, 0x0000, 2, 0x6000, 1,
    0x2925, 1, 0x3187, 2, 0x636E, 4, 0x3187, 1,
    0x41C9, 1, 0xF6CE, 4, 0xD5ED, 4, 0xF6CE, 1,
    0x3187, 1, 0xF6CE, 1, 0xA489, 1, 0xD5ED, 1,
    0x5C32, 1, 0x41C9, 1, 0x3187, 1, 0x1926, 1,
    0x0000, 1, 0xA489, 1, 0xF6CE, 1, 0xD5ED, 1,
    0x1882, 1, 0x2925, 4, 0x3800, 1, 0x1882, 3,
    0x3800, 1, 0x62EA, 1, 0x2925, 1, 0x3187, 1,
    0x18C5, 12, 0x7800, 1, 0x8000, 2, 0x5248, 1,
    0x50A3, 1, 0x7145, 1, 0x50A3, 1, 0x6000, 1,
    0x7145, 1, 0x6000, 3, 0x7145, 3, 0x6000, 6,
    0x5000, 1, 0x4800, 2, 0x6000, 12, 0x7145, 1,
    0x7062, 1, 0x7145, 1, 0x7000, 1, 0x6000, 2,
    0x5AEC, 1, 0x4841, 2, 0x50A3, 1, 0x7145, 1,
    0x5248, 2, 0xA489, 1, 0x7800, 4, 0x7000, 3,
    0xA001, 1, 0x8800, 1, 0x7800, 1, 0x7062, 1,
    0x7000, 1, 0x0862, 3, 0x1882, 1, 0x91A7, 1,
    0x3187, 1, 0x2925, 1, 0x3187, 1, 0x91A7, 1,
    0x0000, 1, 0x6000, 1, 0x432E, 1, 0x5C32, 1,
    0x3187, 1, 0x636E, 3, 0x3187, 1, 0x2925, 1,
    0xD5ED, 1, 0xF6CE, 2, 0xD5ED, 1, 0xA489, 2,
    0xD5ED, 2, 0x3187, 1, 0x2925, 1, 0x3187, 1,
    0xD5ED, 1, 0x7B0A, 1, 0xD5ED, 1, 0x5C32, 1,
    0x20E4, 3, 0xA489, 1, 0xF6CE, 1, 0xD5ED, 2,
    0x1882, 1, 0x3187, 1, 0x20E4, 1, 0x62EA, 1,
    0x1882, 4, 0x0862, 1, 0x1882, 1, 0x2925, 2,
    0x3187, 1, 0x1926, 1, 0x18C5, 10, 0x7000, 1,
    0x8000, 2, 0xA489, 2, 0x41C9, 1, 0x20E4, 1,
    0x50A3, 2, 0x7145, 1, 0x1882, 1, 0x3000, 2,
    0x0862, 1, 0x6000, 2, 0x7000, 2, 0x50A3, 4,
    0x7062, 2, 0x7000, 1, 0x6000, 12, 0x0862, 1,
    0x3000, 2, 0x1882, 1, 0x7145, 1, 0x5000, 1,
    0x50A3, 3, 0x3187, 1, 0x2925, 1, 0xA489, 4,
    0x7800, 3, 0xA001, 4, 0x8000, 1, 0x7000, 1,
    0x6000, 1, 0x1882, 4, 0x50A3, 1, 0x3187, 1,
    0x2925, 3, 0x7145, 1, 0x50A3, 1, 0x3187, 1,
    0x432E, 1, 0x2925, 1, 0x3187, 2, 0x636E, 2,
    0x2925, 1, 0xA489, 1, 0xF6CE, 3, 0xD5ED, 1,
    0xA489, 2, 0x3187, 3, 0x20E4, 1, 0xA489, 1,
    0x8C0C, 1, 0xA001, 1, 0xA489, 1, 0x41C9, 1,
    0x20E4, 2, 0xF6CE, 2, 0xD5ED, 3, 0x18E4, 1,
    0x3187, 1, 0x20E4, 1, 0x3187, 1, 0x3800, 1,
    0x1882, 6, 0x2925, 1, 0x3187, 1, 0x2925, 1,
    0x18C5, 10, 0x7000, 2, 0xA489, 3, 0x3A4A, 1,
    0x20E4, 1, 0x50A3, 3, 0x5AEC, 1, 0x91A7, 1,
    0x7145, 1, 0x0862, 2, 0x4800, 8, 0x4841, 1,
    0x4800, 4, 0x3800, 3, 0x6000, 3, 0x0862, 3,
    0x91A7, 1, 0x5AEC, 1, 0x5248, 1, 0x4841, 2,
    0x50A3, 1, 0x20E4, 1, 0x3187, 1, 0x7B0A, 1,
    0xA489, 5, 0x7062, 2, 0xA001, 6, 0x8000, 1,
    0x7000, 1, 0x8000, 1, 0x0862, 3, 0x7062, 2,
    0x20E4, 1, 0x1882, 1, 0x20E4, 2, 0x2925, 1,
    0x7145, 1, 0x3187, 1, 0x432E, 1, 0x2925, 2,
    0x636E, 1, 0x5C32, 1, 0x3187, 1, 0x2925, 1,
    0xD5ED, 1, 0xF6CE, 3, 0xD5ED, 1, 0xA489, 1,
    0xA001, 1, 0x20E4, 4, 0xA489, 1, 0x41C9, 1,
    0xA001, 2, 0x41C9, 1, 0xF6CE, 4, 0xA489, 3,
    0x20E4, 1, 0x3187, 1, 0x20E4, 1, 0x2925, 1,
    0x1882, 7, 0x62EA, 1, 0x2925, 1, 0x3187, 1,
    0x18C5, 10, 0x7000, 1, 0x7145, 1, 0xA489, 3,
    0x636E, 1, 0x3A4A, 1, 0x50A3, 1, 0x6000, 1,
    0x50A3, 1, 0x6000, 2, 0x50A3, 2, 0x6000, 1,
    0x1882, 2, 0x0862, 17, 0x7062, 1, 0x50A3, 1,
    0x7062, 1, 0x4841, 4, 0x50A3, 1, 0x20E4, 1,
    0x5AEC, 1, 0x7B0A, 1, 0xA489, 5, 0x2925, 1,
    0x91A7, 2, 0xA001, 5, 0x8000, 4, 0x1882, 1,
    0x18E4, 1, 0x1882, 1, 0x50A3, 1, 0x2925, 1,
    0x1882, 1, 0x2925, 2, 0x1882, 2, 0x2925, 1,
    0x7145, 1, 0x432E, 1, 0x2925, 1, 0x5AEC, 1,
    0x3187, 2, 0x4841, 1, 0xA489, 1, 0xD5ED, 1,
    0xF6CE, 3, 0xD5ED, 1, 0xA001, 2, 0xA489, 1,
    0xF6CE, 3, 0xA489, 1, 0x41C9, 1, 0xA001, 1,
    0x7062, 1, 0x7B8D, 1, 0x3187, 1, 0xA489, 5,
    0x18E4, 1, 0x2925, 1, 0x3187, 1, 0x20E4, 1,
    0x1882, 8, 0x2925, 2, 0x3187, 1, 0x18C5, 10,
    0x7000, 1, 0x91A7, 1, 0x5248, 1, 0xA489, 1,
    0x5C32, 1, 0x5AEC, 3, 0x20E4, 1, 0x50A3, 1,
    0x6000, 25, 0x4841, 2, 0x50A3, 2, 0x20E4, 2,
    0x3A4A, 3, 0x636E, 1, 0xA489, 3, 0x7B8D, 1,
    0x2925, 2, 0xA489, 1, 0xA001, 6, 0x8000, 4,
    0x18E4, 1, 0x1882, 1, 0x20E4, 1, 0x3187, 1,
    0x1882, 1, 0x2925, 1, 0x62EA, 2, 0x2925, 2,
    0x1882, 1, 0x7145, 1, 0x20E4, 1, 0x2925, 2,
    0x3187, 1, 0x1882, 1, 0xA489, 1, 0xD5ED, 1,
    0xF6CE, 4, 0xD5ED, 1, 0xA001, 1, 0x7062, 1,
    0xA489, 1, 0xF6CE, 1, 0xA489, 3, 0x41C9, 1,
    0xA001, 1, 0x7062, 1, 0x7B8D, 1, 0x91A7, 1,
    0x3187, 3, 0x2925, 1, 0xA489, 1, 0x18E4, 1,
    0x2925, 1, 0x3187, 1, 0x2925, 1, 0x1882, 4,
    0x0862, 1, 0x1882, 2, 0x6000, 1, 0x7145, 1,
    0x2925, 1, 0x3187, 1, 0x18C5, 10, 0x7000, 1,
    0x5AEC, 1, 0x7B0A, 2, 0x5AEC, 2, 0x3A4A, 1,
    0x5AEC, 1, 0x20E4, 1, 0x50A3, 1, 0x6000, 22,
    0x5000, 2, 0x4841, 3, 0x2925, 1, 0x5C32, 1,
    0x636E, 2, 0x5C32, 2, 0x8CB2, 2, 0xD5ED, 1,
    0x8CB2, 1, 0xD5ED, 1, 0x8CB2, 1, 0x2925, 2,
    0x8CB2, 1, 0xA001, 4, 0x8000, 1, 0x7800, 1,
    0x8000, 3, 0x18E4, 3, 0x91A7, 1, 0x20E4, 1,
    0x1882, 1, 0x62EA, 1, 0x2925, 1, 0x1882, 1,
    0x3187, 1, 0x62EA, 1, 0x2925, 1, 0x3187, 1,
    0x1926, 1, 0x18E4, 1, 0x2925, 1, 0x1882, 2,
    0xD5ED, 1, 0xF6CE, 2, 0xD5ED, 2, 0xF6CE, 1,
    0xD5ED, 1, 0xA001, 1, 0x7062, 1, 0x3187, 1,
    0xA489, 2, 0x3187, 1, 0x62EA, 1, 0x2925, 1,
    0x91A7, 1, 0x7062, 2, 0x91A7, 1, 0x7062, 3,
    0x2925, 1, 0x7B0A, 1, 0x1882, 1, 0x2925, 1,
    0x3187, 1, 0x2925, 1, 0x1882, 7, 0x6000, 1,
    0x2925, 2, 0x3187, 1, 0x18C5, 10, 0x4800, 1,
    0x1882, 1, 0x5248, 1, 0x3A4A, 5, 0x636E, 1,
    0x3A4A, 1, 0x6000, 1, 0x4800, 2, 0x5000, 9,
    0x6000, 9, 0x7000, 3, 0x8000, 1, 0x7062, 1,
    0x5AEC, 1, 0x8CB2, 1, 0x636E, 1, 0x432E, 3,
    0x8CB2, 6, 0x3187, 1, 0x8CB2, 1, 0x2925, 1,
    0xB50D, 1, 0xA001, 1, 0x8800, 3, 0x8000, 4,
    0x7800, 1, 0x18E4, 1, 0x1882, 2, 0x7062, 1,
    0x1882, 1, 0x2925, 1, 0x3187, 1, 0x3800, 1,
    0x1882, 3, 0x2925, 1, 0x20E4, 1, 0x2925, 1,
    0x18E4, 1, 0x2925, 1, 0x6000, 1, 0x3800, 1,
    0xD5ED, 1, 0xF6CE, 1, 0xD5ED, 5, 0x3187, 1,
    0x7062, 1, 0x91A7, 1, 0x3187, 3, 0x7B0A, 1,
    0x20E4, 1, 0x3187, 1, 0x7062, 3, 0x2925, 4,
    0x7B0A, 1, 0x18E4, 1, 0x2925, 3, 0x1882, 4,
    0x0862, 1, 0x1882, 3, 0x2925, 2, 0x3187, 1,
    0x18C5, 10, 0x4800, 1, 0x636E, 1, 0x0862, 2,
    0x3A4A, 1, 0x18E4, 1, 0x3A4A, 2, 0x5AEC, 1,
    0x4841, 1, 0x4800, 3, 0x5000, 9, 0x6000, 10,
    0x7000, 3, 0x50A3, 1, 0x5C32, 1, 0x636E, 1,
    0x5AEC, 1, 0x432E, 1, 0x18E4, 1, 0x20E4, 1,
    0x8CB2, 2, 0x18E4, 1, 0x20E4, 1, 0x2925, 2,
    0x8CB2, 2, 0x8800, 2, 0x8000, 8, 0x7800, 1,
    0x1882, 3, 0x3187, 1, 0x2925, 1, 0x62EA, 1,
    0x1882, 4, 0x3800, 1, 0x2925, 1, 0x20E4, 1,
    0x3187, 1, 0x4841, 1, 0x2925, 1, 0x3800, 1,
    0x62EA, 1, 0xD5ED, 3, 0xA489, 1, 0xD5ED, 3,
    0x3187, 1, 0x7062, 5, 0x7B0A, 1, 0x20E4, 1,
    0x2925, 1, 0x5248, 1, 0x2925, 2, 0x1882, 3,
    0x0862, 1, 0x18E4, 2, 0x2925, 1, 0x3187, 1,
    0x2925, 1, 0x1882, 8, 0x62EA, 1, 0x3187, 1,
    0x2925, 1, 0x18C5, 10, 0x4800, 4, 0x1882, 3,
    0x0862, 2, 0x4800, 4, 0x5000, 8, 0x6000, 15,
    0x1882, 1, 0x0862, 2, 0x20E4, 1, 0x2925, 1,
    0x8CB2, 1, 0x2925, 2, 0x8CB2, 2, 0x8000, 1,
    0x7800, 1, 0x8800, 1, 0x8000, 7, 0x7800, 2,
    0x8000, 2, 0x7800, 1, 0x1882, 1, 0x18E4, 1,
    0x2925, 1, 0x3187, 1, 0x2925, 1, 0x3187, 1,
    0x1882, 3, 0x0862, 1, 0x1882, 1, 0x62EA, 1,
    0x20E4, 1, 0x3187, 1, 0x6000, 1, 0x20E4, 1,
    0x3800, 1, 0xA489, 1, 0xD5ED, 3, 0xA489, 1,
    0x7B0A, 1, 0xA489, 1, 0x7B0A, 1, 0x2925, 1,
    0x7062, 2, 0x5248, 3, 0x4947, 1, 0x0862, 4,
    0x1882, 1, 0x4947, 1, 0x3800, 1, 0x4947, 2,
    0x2925, 3, 0x3187, 1, 0x20E4, 1, 0x1882, 8,
    0x2925, 1, 0x3187, 1, 0x1926, 1, 0x18C5, 10,
    0x4800, 1, 0x3000, 1, 0x3800, 1, 0x4800, 3,
    0x6000, 5, 0x7000, 2, 0x7800, 8, 0x8000, 9,
    0x8800, 6, 0x8000, 3, 0x8800, 6, 0x8000, 2,
    0x7800, 1, 0x8800, 1, 0x8000, 5, 0x7800, 4,
    0x8000, 1, 0x7800, 1, 0x8000, 1, 0x1882, 1,
    0x18E4, 1, 0x2925, 3, 0x1882, 6, 0x62EA, 1,
    0x2925, 1, 0x3187, 1, 0x5000, 1, 0x2925, 1,
    0x62EA, 1, 0xA489, 4, 0x7B0A, 2, 0xA489, 2,
    0x0862, 1, 0x5248, 3, 0x0862, 2, 0x4947, 1,
    0x0862, 1, 0x3800, 1, 0x4947, 3, 0x3800, 1,
    0x4947, 3, 0x2925, 1, 0x1926, 1, 0x2925, 1,
    0x3187, 1, 0x20E4, 1, 0x2925, 1, 0x1882, 4,
    0x0862, 1, 0x1882, 1, 0x2925, 2, 0x3187, 1,
    0x18C5, 10, 0x5000, 1, 0x4800, 1, 0x3000, 1,
    0x4800, 4, 0x6000, 5, 0x7000, 2, 0x7800, 7,
    0x8000, 10, 0x8800, 5, 0x8000, 4, 0x8800, 6,
    0x8000, 10, 0x7800, 6, 0x18E4, 2, 0x3187, 1,
    0x2925, 1, 0x62EA, 1, 0x3800, 1, 0x1882, 5,
    0x3187, 1, 0x2925, 1, 0x636E, 1, 0x4841, 2,
    0xA489, 3, 0x7B0A, 1, 0x4947, 1, 0x3800, 1,
    0x4947, 1, 0xA489, 2, 0x7B0A, 1, 0x0862, 5,
    0x4800, 1, 0x3800, 1, 0x4947, 7, 0x1926, 1,
    0x18E4, 1, 0x1926, 1, 0x20E4, 1, 0x3187, 1,
    0x20E4, 1, 0x3187, 1, 0x3800, 1, 0x1882, 4,
    0x3800, 1, 0x62EA, 1, 0x2925, 1, 0x3187, 1,
    0x18C5, 10, 0x4800, 1, 0x3000, 2, 0x4800, 4,
    0x6000, 5, 0x7000, 2, 0x7800, 1, 0x8000, 2,
    0x8800, 5, 0xA001, 6, 0x8800, 2, 0x8000, 1,
    0x8800, 3, 0x8000, 1, 0x8800, 2, 0x8000, 4,
    0x8800, 5, 0x8000, 8, 0x7800, 8, 0x18E4, 2,
    0x3187, 1, 0x2925, 1, 0x5248, 1, 0x3800, 1,
    0x1882, 2, 0x0862, 1, 0x1882, 2, 0x2925, 1,
    0x3187, 2, 0x1926, 1, 0x4947, 1, 0xA489, 3,
    0x7B0A, 1, 0x3800, 1, 0x4841, 1, 0x4947, 1,
    0x7B0A, 1, 0xA489, 1, 0x7B0A, 1, 0x4947, 1,
    0x3800, 1, 0x0862, 1, 0x4800, 2, 0x3800, 1,
    0x4947, 6, 0x5AEC, 2, 0x18E4, 3, 0x1926, 1,
    0x3187, 1, 0x20E4, 1, 0x62EA, 1, 0x1882, 1,
    0x3800, 1, 0x1882, 4, 0x2925, 1, 0x20E4, 1,
    0x3187, 1, 0x18C5, 10, 0x4800, 1, 0x3000, 3,
    0x4800, 4, 0x6000, 3, 0x7000, 3, 0x7800, 1,
    0x8800, 1, 0xA001, 3, 0x98C3, 7, 0xA001, 4,
    0x8000, 1, 0x8800, 7, 0x8000, 3, 0x8800, 6,
    0x8000, 3, 0x7800, 11, 0x1882, 3, 0x3187, 1,
    0x2925, 1, 0x3187, 1, 0x7000, 1, 0x20E4, 1,
    0x1882, 4, 0x7B0A, 1, 0x3187, 2, 0x1926, 1,
    0x7B0A, 3, 0x4947, 1, 0x3800, 2, 0x4947, 1,
    0x7B0A, 3, 0x4947, 1, 0x3800, 2, 0x4800, 3,
    0x3800, 1, 0x4947, 5, 0x3A4A, 2, 0x2925, 1,
    0x0000, 1, 0x18E4, 3, 0x2925, 4, 0x1882, 1,
    0x3800, 1, 0x1882, 2, 0x62EA, 1, 0x2925, 1,
    0x20E4, 1, 0x50A3, 1, 0x18C5, 10, 0x4800, 1,
    0x3000, 3, 0x4800, 4, 0x6000, 3, 0x5000, 1,
    0x4800, 2, 0x5000, 1, 0x6000, 1, 0x7000, 3,
    0x8000, 1, 0x7062, 2, 0x7800, 1, 0x98C3, 2,
    0x8800, 1, 0x7800, 3, 0x7000, 6, 0x7800, 1,
    0x8800, 3, 0x7800, 1, 0x8800, 2, 0x8000, 2,
    0x8800, 4, 0x8000, 3, 0x7800, 10, 0x1882, 3,
    0x2925, 1, 0x20E4, 1, 0xA489, 1, 0x7000, 1,
    0x20E4, 1, 0x1882, 1, 0x0862, 1, 0x1882, 2,
    0x2925, 2, 0x636E, 1, 0x4947, 1, 0x7B0A, 1,
    0x4947, 1, 0x3800, 2, 0x4800, 1, 0x4841, 1,
    0x4947, 5, 0x4800, 4, 0x4947, 2, 0x636E, 5,
    0x2925, 2, 0x0000, 1, 0x18E4, 4, 0x2925, 1,
    0x7145, 1, 0x1882, 1, 0x62EA, 1, 0x1882, 1,
    0x2925, 1, 0x1882, 1, 0x3187, 1, 0x2925, 3,
    0x91A7, 1, 0x18C5, 10, 0x3000, 4, 0x4800, 4,
    0x6000, 2, 0x5000, 1, 0x4800, 1, 0x2000, 2,
    0x5000, 1, 0x6000, 1, 0x7000, 3, 0x8000, 1,
    0x7062, 2, 0x7800, 1, 0x98C3, 2, 0x8800, 1,
    0x7800, 3, 0x7000, 5, 0x3800, 1, 0x6000, 1,
    0x7800, 1, 0x8800, 10, 0x8000, 1, 0x7800, 13,
    0x18E4, 3, 0x3187, 1, 0x2925, 1, 0x3187, 1,
    0x1882, 6, 0x3187, 1, 0x2925, 1, 0x3187, 1,
    0x4947, 3, 0x3800, 2, 0x4800, 2, 0x4947, 2,
    0x3800, 2, 0x4800, 4, 0x3800, 1, 0x4947, 1,
    0x432E, 5, 0x18E4, 3, 0x1926, 2, 0x18E4, 1,
    0x20E4, 1, 0x18E4, 1, 0x3187, 1, 0x91A7, 1,
    0x20E4, 1, 0x2925, 1, 0x5248, 1, 0x62EA, 2,
    0x2925, 2, 0x1882, 1, 0x3187, 1, 0x50A3, 1,
    0x18C5, 11, 0x3800, 2, 0x3000, 1, 0x4800, 4,
    0x6000, 1, 0x8000, 1, 0x5000, 1, 0x4800, 1,
    0x3000, 1, 0x2000, 2, 0x3000, 1, 0x2000, 1,
    0x3000, 2, 0x0862, 2, 0x2000, 3, 0x0862, 2,
    0x3000, 2, 0x2000, 1, 0x3000, 5, 0x3800, 1,
    0x6000, 1, 0x7800, 1, 0x8800, 10, 0x8000, 1,
    0x7800, 11, 0x6000, 2, 0x2925, 3, 0x3187, 1,
    0x2925, 1, 0x5248, 1, 0x3800, 1, 0x1882, 5,
    0x62EA, 1, 0x20E4, 1, 0x3187, 1, 0x4947, 1,
    0x3800, 1, 0x0862, 1, 0x3800, 2, 0x4800, 1,
    0x3800, 1, 0x4947, 2, 0x4800, 6, 0x3800, 1,
    0x2925, 5, 0x1926, 1, 0x41C9, 2, 0x3187, 1,
    0x0000, 1, 0x20E4, 1, 0x1926, 1, 0x20E4, 1,
    0x18E4, 1, 0x2925, 1, 0x3187, 1, 0x20E4, 1,
    0x1882, 1, 0x2925, 3, 0x1882, 2, 0x2925, 1,
    0x91A7, 1, 0x18C5, 12, 0x3800, 3, 0x4800, 1,
    0x5000, 3, 0x7000, 1, 0x8800, 1, 0x4800, 1,
    0x0862, 1, 0x2000, 1, 0x0000, 5, 0x0862, 4,
    0x0000, 1, 0x0862, 4, 0x0000, 7, 0x2000, 1,
    0x1882, 1, 0x6000, 1, 0xA001, 2, 0x8800, 8,
    0x8000, 1, 0x7800, 10, 0x7000, 1, 0x6000, 1,
    0x20E4, 1, 0x1926, 1, 0x2925, 1, 0x1926, 1,
    0x3187, 1, 0x2925, 1, 0x62EA, 1, 0x1882, 4,
    0x0862, 1, 0x1882, 1, 0x62EA, 1, 0x20E4, 1,
    0x3187, 1, 0x1882, 1, 0x0862, 3, 0x3800, 1,
    0x4800, 1, 0x3800, 3, 0x4800, 4, 0x4841, 1,
    0x3800, 1, 0x3187, 2, 0x18E4, 2, 0x1926, 2,
    0x5C32, 3, 0x1926, 1, 0x2925, 1, 0x18E4, 1,
    0x2925, 2, 0x1926, 1, 0x20E4, 1, 0x3187, 1,
    0x2925, 1, 0x20E4, 1, 0x2925, 1, 0x1882, 1,
    0x20E4, 2, 0x2925, 1, 0x7145, 1, 0x91A7, 1,
    0x18C5, 13, 0x3000, 1, 0x3800, 2, 0x4800, 1,
    0x5000, 2, 0x7000, 1, 0xA001, 1, 0x98C3, 2,
    0x8000, 1, 0x50A3, 1, 0x3187, 1, 0x91A7, 1,
    0x636E, 2, 0x8CB2, 9, 0x636E, 1, 0x7B8D, 1,
    0x91A7, 1, 0x3187, 1, 0x41C9, 1, 0x98C3, 1,
    0x7062, 1, 0xA001, 1, 0x98C3, 3, 0xA001, 2,
    0x8800, 6, 0x8000, 2, 0x7800, 6, 0x7000, 2,
    0x6000, 4, 0x18E4, 1, 0x1926, 1, 0x18E4, 1,
    0x1926, 1, 0x2925, 3, 0x3187, 1, 0x1882, 4,
    0x3800, 1, 0x2925, 1, 0x20E4, 1, 0x2925, 1,
    0x1882, 4, 0x3800, 1, 0x4800, 5, 0x4841, 2,
    0x18C5, 2, 0xA489, 1, 0x1926, 1, 0x5C32, 2,
    0x3187, 1, 0x41C9, 1, 0x1926, 1, 0x0000, 1,
    0x20E4, 1, 0x0000, 1, 0x8CB2, 2, 0x2925, 1,
    0x1926, 1, 0x20E4, 1, 0x1926, 1, 0x2925, 1,
    0x3187, 1, 0x7145, 1, 0x2925, 1, 0x20E4, 1,
    0x2925, 3, 0x7145, 1, 0x50A3, 1, 0x18C5, 14,
    0x3000, 2, 0x3800, 1, 0x4800, 1, 0x5000, 3,
    0xA001, 4, 0x8800, 1, 0xA001, 1, 0x98C3, 2,
    0x8C0C, 1, 0x8CB2, 2, 0xD5ED, 1, 0x8CB2, 2,
    0xF6CE, 2, 0x8CB2, 2, 0xB50D, 1, 0x91A7, 1,
    0x98C3, 3, 0xA001, 8, 0x8800, 4, 0x8000, 4,
    0x7800, 4, 0x6000, 4, 0x4800, 3, 0x3800, 1,
    0x1926, 1, 0x18E4, 2, 0x1926, 1, 0x2925, 1,
    0x3187, 1, 0x2925, 1, 0x62EA, 1, 0x1882, 5,
    0x2925, 1, 0x3187, 1, 0x1926, 1, 0x1882, 5,
    0x4800, 1, 0x4841, 3, 0x18C5, 9, 0x5C32, 4,
    0x0000, 1, 0x0862, 1, 0x18E4, 1, 0x1926, 3,
    0x18E4, 1, 0x1926, 2, 0x20E4, 1, 0x91A7, 1,
    0x3187, 3, 0x2925, 1, 0x3187, 1, 0x91A7, 1,
    0x18C5, 15, 0x2000, 2, 0x3000, 1, 0x4800, 3,
    0x5000, 1, 0x8000, 3, 0x7800, 1, 0x7000, 3,
    0x7800, 2, 0x8000, 3, 0x8800, 2, 0xA001, 2,
    0x8800, 4, 0x8000, 2, 0x8800, 3, 0xA001, 6,
    0x8800, 2, 0x8000, 3, 0x7800, 3, 0x7000, 4,
    0x6000, 4, 0x3000, 1, 0x2000, 2, 0x18E4, 6,
    0x3187, 1, 0x1882, 1, 0x2925, 1, 0x3187, 1,
    0x3800, 1, 0x1882, 2, 0x2925, 1, 0x1882, 1,
    0x7145, 1, 0x1882, 3, 0x4800, 4, 0x18C5, 14,
    0x18E4, 1, 0x8CB2, 2, 0x18E4, 9, 0x1926, 1,
    0x50A3, 1, 0x91A7, 1, 0x3187, 2, 0x7145, 1,
    0x18C5, 17, 0x2000, 1, 0x3000, 3, 0x4800, 2,
    0x6000, 7, 0x7000, 2, 0x6000, 2, 0x5000, 2,
    0x4800, 2, 0x6000, 4, 0x7000, 1, 0x7800, 2,
    0x8000, 10, 0x7800, 2, 0x6000, 7, 0x4800, 3,
    0x3800, 1, 0x3000, 2, 0x2000, 3, 0x18E4, 2,
    0x1926, 2, 0x20E4, 1, 0x18E4, 1, 0x91A7, 1,
    0x20E4, 1, 0x1882, 1, 0x62EA, 1, 0x2925, 1,
    0x1882, 1, 0x3187, 1, 0x2925, 2, 0x7145, 1,
    0x3800, 1, 0x4800, 1, 0x4841, 1, 0x4800, 1,
    0x18C5, 18, 0x18E4, 4, 0x1926, 1, 0x18E4, 4,
    0x1926, 1, 0x18E4, 3, 0x91A7, 1, 0x50A3, 1,
    0x3187, 2, 0x18C5, 17, 0x0000, 1, 0x2000, 4,
    0x3000, 2, 0x3800, 2, 0x4800, 6, 0x6000, 2,
    0x5000, 2, 0x4800, 1, 0x6000, 1, 0x4800, 1,
    0x6000, 3, 0x7000, 1, 0x7800, 2, 0x8000, 1,
    0x5000, 7, 0x6000, 2, 0x4800, 6, 0x3000, 3,
    0x2000, 8, 0x18E4, 1, 0x20E4, 1, 0x1926, 5,
    0x3187, 2, 0x1882, 1, 0x2925, 1, 0x62EA, 2,
    0x1882, 2, 0x7145, 1, 0x3187, 1, 0x4841, 1,
    0x18C5, 22, 0x18E4, 3, 0x1926, 1, 0x18E4, 6,
    0x1926, 3, 0x3187, 1, 0x1926, 1, 0x18C5, 19,
    0x0000, 2, 0x2000, 5, 0x3000, 2, 0x4800, 7,
    0x3800, 1, 0x3000, 1, 0x2000, 1, 0x3000, 3,
    0x3800, 1, 0x4800, 2, 0x5000, 9, 0x3000, 1,
    0x3800, 2, 0x3000, 1, 0x2000, 5, 0x3000, 2,
    0x3800, 3, 0x3000, 2, 0x3800, 3, 0x18E4, 3,
    0x20E4, 2, 0x2925, 1, 0x1926, 1, 0x18E4, 1,
    0x20E4, 1, 0x50A3, 1, 0x2925, 1, 0x1882, 1,
    0x2925, 2, 0x20E4, 1, 0x2925, 1, 0x91A7, 1,
    0x3187, 1, 0x18C5, 61, 0x1926, 1, 0x2000, 1,
    0x3000, 10, 0x2000, 6, 0x3000, 13, 0x3800, 2,
    0x3000, 1, 0x2000, 1, 0x18C5, 9, 0x20E4, 3,
    0x2925, 1, 0x20E4, 6, 0x1926, 1, 0x20E4, 1,
    0x2925, 1, 0x1882, 1, 0x50A3, 1, 0x7062, 1,
    0x20E4, 1, 0x1882, 1, 0x2925, 2, 0x7145, 1,
    0x50A3, 1, 0x18C5, 63, 0x18E4, 3, 0x1926, 1,
    0x18E4, 1, 0x1926, 1, 0x18E4, 3, 0x1926, 1,
    0x18E4, 3, 0x91A7, 2, 0x50A3, 1, 0x18C5, 28,
    0x18E4, 3, 0x1926, 2, 0x18E4, 1, 0x1926, 4,
    0x18E4, 1, 0x1926, 2, 0x7062, 1, 0x7145, 1,
    0x3187, 1, 0x2925, 2, 0x3187, 1, 0x91A7, 1,
    0x18C5, 65, 0x18E4, 1, 0x1926, 2, 0x18E4, 6,
    0x1926, 1, 0x18E4, 3, 0x8CB2, 1, 0x18C5, 31,
    0x18E4, 6, 0x1926, 3, 0x18E4, 2, 0x1926, 1,
    0x50A3, 1, 0x91A7, 1, 0x50A3, 1, 0x3187, 1,
    0x7145, 1, 0x18C5, 112, 0x18E4, 3, 0x1926, 1,
    0x18E4, 6, 0x1926, 1, 0x18E4, 2, 0x3187, 2,
    0x18C5, 120, 0x18E4, 5, 0x1926, 2, 0x18C5, 4022,
    0x18C5, 3793, 0x7145, 2, 0x18C5, 125, 0x7145, 9,
    0x18C5, 33, 0x7145, 5, 0x18C5, 80, 0x7062, 3,
    0x7145, 9, 0x18C5, 26, 0x7145, 10, 0x7062, 1,
    0x18C5, 79, 0x7062, 10, 0x7145, 6, 0x5AEC, 2,
    0x7145, 2, 0x5AEC, 2, 0x7145, 2, 0x7062, 1,
    0x7145, 2, 0x5AEC, 2, 0x7145, 2, 0x5AEC, 3,
    0x7145, 12, 0x7062, 3, 0x18C5, 78, 0x7000, 9,
    0x7062, 7, 0x7145, 5, 0x5AEC, 2, 0x7145, 2,
    0x7062, 1, 0x7145, 2, 0x5AEC, 1, 0x7145, 11,
    0x7062, 10, 0x18C5, 78, 0x7000, 11, 0x7062, 1,
    0x7000, 4, 0x7062, 9, 0x7145, 9, 0x7062, 7,
    0x7000, 9, 0x18C5, 77, 0x7000, 25, 0x7800, 2,
    0x7000, 3, 0x7062, 5, 0x7000, 4, 0x7062, 1,
    0x7000, 11, 0x18C5, 77, 0x7000, 2, 0x6000, 1,
    0x5000, 7, 0x7000, 41, 0x18C5, 63, 0x5000, 1,
    0x7800, 1, 0x432E, 1, 0x3187, 1, 0x7B8D, 3,
    0xD5ED, 2, 0x7062, 1, 0x20E4, 2, 0x7000, 3,
    0x4800, 9, 0x5000, 1, 0x6000, 12, 0x7000, 6,
    0x6000, 9, 0x7000, 3, 0x6000, 1, 0x5000, 7,
    0x7000, 2, 0x18C5, 55, 0x8800, 2, 0x1926, 1,
    0x8CB2, 2, 0x636E, 1, 0x91A7, 1, 0x636E, 2,
    0x5AEC, 3, 0x636E, 5, 0x91A7, 2, 0x5AEC, 2,
    0x8000, 4, 0x7800, 2, 0x7000, 2, 0x5000, 1,
    0x4800, 12, 0x5000, 11, 0x4800, 9, 0x3800, 1,
    0x3000, 1, 0x4800, 7, 0x5000, 1, 0x6000, 1,
    0x18C5, 50, 0xA001, 1, 0x98C3, 1, 0x91A7, 3,
    0x2925, 1, 0x5C32, 2, 0x8CB2, 2, 0xB50D, 11,
    0x636E, 2, 0x5AEC, 2, 0x7062, 2, 0x8000, 7,
    0x7800, 2, 0x7000, 3, 0x636E, 1, 0x7000, 1,
    0x6000, 3, 0x3000, 5, 0x3800, 6, 0x3000, 12,
    0x2000, 3, 0x8800, 1, 0x6000, 2, 0x3000, 3,
    0x3800, 1, 0x5000, 1, 0x18C5, 47, 0x8800, 2,
    0x91A7, 4, 0x3A4A, 2, 0x8CB2, 2, 0x636E, 2,
    0x5AEC, 1, 0x5C32, 1, 0xB50D, 2, 0x636E, 2,
    0x5248, 1, 0x636E, 2, 0xB50D, 1, 0x636E, 2,
    0x5AEC, 2, 0x7145, 2, 0x7062, 2, 0x7000, 6,
    0x7800, 1, 0x7000, 2, 0x91A7, 2, 0x7B0A, 2,
    0x3000, 1, 0x7000, 2, 0x6000, 1, 0x5AEC, 1,
    0x6000, 2, 0x5000, 1, 0x2000, 2, 0x3000, 4,
    0x2000, 12, 0x8800, 1, 0x98C3, 1, 0x91A7, 1,
    0x7145, 1, 0x7062, 1, 0x50A3, 1, 0x6000, 1,
    0x4800, 2, 0x2000, 1, 0x3000, 1, 0x3800, 1,
    0x18C5, 45, 0x8800, 2, 0x91A7, 3, 0x636E, 1,
    0x3A4A, 2, 0x8CB2, 2, 0x636E, 3, 0x5AEC, 3,
    0xB50D, 5, 0x636E, 2, 0x5AEC, 5, 0x7145, 4,
    0x7062, 2, 0x7000, 2, 0x7062, 1, 0x8000, 1,
    0x91A7, 4, 0x18E4, 3, 0x1882, 2, 0x7800, 1,
    0x636E, 1, 0x3A4A, 1, 0x20E4, 1, 0x5AEC, 1,
    0x636E, 1, 0x6000, 1, 0x5000, 2, 0x98C3, 8,
    0x8800, 1, 0x8000, 2, 0x8800, 1, 0x98C3, 1,
    0x7B8D, 2, 0x5248, 1, 0x7145, 2, 0x50A3, 2,
    0x4841, 3, 0x2925, 1, 0x20E4, 1, 0x2000, 1,
    0x3000, 1, 0x18C5, 43, 0x98C3, 1, 0x91A7, 2,
    0x8CB2, 1, 0x8C0C, 1, 0x8CB2, 5, 0x91A7, 2,
    0x7B0A, 1, 0x636E, 10, 0x91A7, 1, 0x636E, 1,
    0x5AEC, 1, 0x91A7, 2, 0x636E, 1, 0x7145, 1,
    0x5AEC, 2, 0x7145, 2, 0x7000, 3, 0x91A7, 1,
    0x3187, 2, 0x20E4, 1, 0x18E4, 4, 0x5C32, 2,
    0x636E, 1, 0x18E4, 1, 0x4841, 1, 0x18E4, 1,
    0x3A4A, 1, 0x5C32, 1, 0x3A4A, 1, 0x20E4, 1,
    0x5AEC, 2, 0x5000, 1, 0x6000, 1, 0x5000, 1,
    0x8800, 1, 0x8000, 2, 0x8800, 3, 0x98C3, 1,
    0x91A7, 1, 0x636E, 1, 0x8CB2, 1, 0x636E, 1,
    0x50A3, 3, 0x7145, 1, 0x20E4, 3, 0x4841, 1,
    0x20E4, 2, 0x2925, 1, 0x5248, 1, 0x3187, 1,
    0x3000, 1, 0x18C5, 43, 0x0862, 2, 0x1926, 1,
    0x3187, 1, 0x1926, 2, 0x2189, 6, 0x1926, 1,
    0x3187, 5, 0x41C9, 5, 0x3187, 1, 0x2189, 4,
    0x7145, 3, 0x636E, 2, 0x98C3, 1, 0x7145, 1,
    0x91A7, 2, 0x2925, 1, 0x18E4, 1, 0x20E4, 2,
    0x5C32, 4, 0x8CB2, 2, 0x5C32, 2, 0x20E4, 2,
    0x636E, 1, 0x5C32, 2, 0x5AEC, 1, 0x432E, 1,
    0x3A4A, 1, 0x5AEC, 1, 0x6000, 2, 0x5000, 1,
    0x6000, 1, 0x8800, 2, 0x98C3, 1, 0x636E, 1,
    0x8CB2, 2, 0x41C9, 4, 0x20E4, 2, 0x50A3, 2,
    0x2925, 4, 0x5248, 4, 0x3187, 1, 0x18C5, 41,
    0x0862, 1, 0x1926, 1, 0x3187, 14, 0x41C9, 8,
    0x3187, 1, 0x2189, 9, 0x18E4, 1, 0x0862, 1,
    0x98C3, 1, 0x91A7, 3, 0x636E, 1, 0x5C32, 3,
    0x8CB2, 5, 0x5C32, 2, 0x432E, 1, 0x20E4, 1,
    0x432E, 1, 0x5C32, 1, 0x636E, 1, 0x5C32, 1,
    0x636E, 1, 0x20E4, 1, 0x1882, 1, 0x5AEC, 1,
    0x6000, 1, 0x91A7, 1, 0x8CB2, 4, 0x5C32, 1,
    0x41C9, 2, 0x3187, 2, 0x20E4, 3, 0x3187, 1,
    0x20E4, 3, 0x7B0A, 1, 0x5248, 7, 0x18C5, 40,
    0x41C9, 1, 0x3187, 7, 0x41C9, 15, 0x3187, 1,
    0x41C9, 1, 0x3187, 1, 0x41C9, 1, 0x2189, 4,
    0x41C9, 1, 0x2189, 5, 0x91A7, 2, 0x7B0A, 1,
    0x20E4, 1, 0x636E, 1, 0x8CB2, 8, 0x5C32, 2,
    0x5AEC, 1, 0x20E4, 1, 0x2925, 1, 0x5AEC, 1,
    0x636E, 1, 0x20E4, 3, 0x5248, 1, 0x7B8D, 3,
    0x8CB2, 1, 0x5AEC, 2, 0x3A4A, 1, 0x5248, 1,
    0x41C9, 1, 0x3187, 1, 0x50A3, 1, 0x20E4, 2,
    0x3187, 1, 0x20E4, 1, 0x3187, 1, 0x62EA, 1,
    0x7B0A, 5, 0x5248, 5, 0x18C5, 40, 0x3187, 1,
    0x41C9, 1, 0x3187, 1, 0x41C9, 2, 0x3187, 3,
    0x41C9, 13, 0x3187, 1, 0x2189, 3, 0x432E, 3,
    0x2189, 8, 0x3A4A, 1, 0x2189, 1, 0x7B0A, 1,
    0x3187, 1, 0x2925, 1, 0x432E, 1, 0x8CB2, 3,
    0x5C32, 1, 0x8CB2, 1, 0x5C32, 1, 0x8CB2, 3,
    0x5C32, 2, 0x1926, 1, 0x20E4, 1, 0x3A4A, 1,
    0x432E, 1, 0x20E4, 1, 0x5AEC, 1, 0x636E, 1,
    0x8CB2, 4, 0x7B8D, 1, 0x3187, 2, 0x41C9, 2,
    0x7B0A, 1, 0x5248, 1, 0x3187, 1, 0x20E4, 1,
    0x62EA, 2, 0x8C0C, 4, 0x7B0A, 6, 0x5248, 3,
    0x18C5, 39, 0x3187, 1, 0x41C9, 13, 0x3187, 1,
    0x2189, 2, 0x41C9, 4, 0x3187, 1, 0x2189, 3,
    0x432E, 1, 0x5C32, 1, 0x54F5, 4, 0x2189, 6,
    0x3A4A, 1, 0x2189, 1, 0x7B0A, 1, 0x2925, 2,
    0x5C32, 1, 0x8CB2, 1, 0x5C32, 10, 0x432E, 1,
    0x3187, 1, 0x1882, 2, 0x3A4A, 1, 0x636E, 2,
    0x7B8D, 3, 0x636E, 1, 0x41C9, 1, 0x3A4A, 1,
    0x41C9, 3, 0x7B0A, 1, 0x5248, 1, 0x3187, 1,
    0x20E4, 1, 0x2925, 1, 0x8C0C, 1, 0xA489, 1,
    0x7B0A, 12, 0x18C5, 39, 0x41C9, 5, 0x3187, 1,
    0x432E, 1, 0x3187, 1, 0x2189, 10, 0x432E, 2,
    0x5C32, 7, 0x54F5, 1, 0x5C32, 3, 0x54F5, 2,
    0x5C32, 1, 0x432E, 1, 0x2189, 3, 0x3A4A, 1,
    0x91A7, 1, 0x7B0A, 1, 0x636E, 1, 0x5C32, 12,
    0x5AEC, 1, 0x4841, 1, 0x1882, 1, 0x91A7, 2,
    0x8CB2, 1, 0x636E, 2, 0x7B8D, 1, 0x41C9, 3,
    0x3187, 2, 0x7B0A, 4, 0x8C0C, 1, 0x62EA, 2,
    0xA489, 7, 0x7B0A, 4, 0xA489, 2, 0x8C0C, 1,
    0x18C5, 38, 0x3187, 1, 0x41C9, 1, 0x1926, 2,
    0x432E, 1, 0x1926, 3, 0x2189, 4, 0x5C32, 2,
    0x1926, 1, 0x2189, 2, 0x5C32, 6, 0x432E, 2,
    0x5C32, 2, 0x2189, 3, 0x54F5, 1, 0x5C32, 2,
    0x54F5, 4, 0x432E, 1, 0x2189, 2, 0x7B0A, 1,
    0x5AEC, 1, 0x432E, 1, 0x636E, 1, 0x5C32, 11,
    0x636E, 1, 0x2925, 1, 0x7062, 1, 0x7B8D, 1,
    0x636E, 2, 0x7B8D, 2, 0x5248, 1, 0x3A4A, 1,
    0x41C9, 1, 0x3187, 1, 0x41C9, 2, 0x7B0A, 2,
    0xB50D, 3, 0x62EA, 1, 0xA489, 2, 0x7B0A, 1,
    0xA489, 3, 0x7B0A, 4, 0xA489, 4, 0x7145, 1,
    0x18C5, 37, 0x0862, 1, 0x1926, 1, 0x2189, 3,
    0x432E, 1, 0x2189, 1, 0x432E, 2, 0x5C32, 4,
    0x18E4, 1, 0x1926, 1, 0x0862, 1, 0x18E4, 1,
    0x2189, 2, 0x5C32, 7, 0x2189, 1, 0x1926, 1,
    0x2189, 4, 0x5C32, 2, 0x54F5, 6, 0x2189, 1,
    0x91A7, 1, 0x636E, 1, 0x2925, 1, 0x5C32, 12,
    0x636E, 1, 0x5248, 2, 0x8CB2, 1, 0x636E, 1,
    0x5248, 1, 0x5AEC, 3, 0x5248, 1, 0x3A4A, 1,
    0x41C9, 2, 0x7B0A, 1, 0xB50D, 5, 0x8C0C, 2,
    0xA489, 4, 0x7B0A, 1, 0xA489, 7, 0x7B0A, 1,
    0x7145, 1, 0x18C5, 37, 0x2189, 1, 0x432E, 8,
    0x5C32, 3, 0x1926, 1, 0x2189, 1, 0x0862, 1,
    0x0000, 2, 0x18E4, 1, 0x2189, 1, 0x5C32, 3,
    0x432E, 1, 0x5C32, 2, 0x2189, 2, 0x0862, 1,
    0x0000, 2, 0x2189, 2, 0x5C32, 1, 0x54F5, 8,
    0x7062, 1, 0x5AEC, 1, 0x2925, 1, 0x636E, 1,
    0x5C32, 9, 0x432E, 1, 0x3A4A, 2, 0x8CB2, 1,
    0x636E, 1, 0x5248, 1, 0x5AEC, 4, 0x5248, 2,
    0x3A4A, 1, 0x5AEC, 1, 0xF6CE, 1, 0xD5ED, 5,
    0xA489, 7, 0x7B0A, 1, 0xA489, 7, 0x62EA, 1,
    0x7062, 1, 0x18C5, 36, 0x432E, 9, 0x5C32, 1,
    0x432E, 1, 0x5C32, 2, 0x2189, 2, 0x0862, 1,
    0x0000, 2, 0x2189, 2, 0x5C32, 3, 0x432E, 1,
    0x5C32, 2, 0x2189, 2, 0x0000, 1, 0x0862, 1,
    0x0000, 1, 0x18E4, 1, 0x2189, 2, 0x54F5, 7,
    0x432E, 1, 0x7145, 1, 0x91A7, 1, 0x2925, 1,
    0x636E, 1, 0x5C32, 6, 0x636E, 1, 0x432E, 3,
    0x8CB2, 1, 0x41C9, 1, 0x3A4A, 1, 0x5AEC, 8,
    0x8CB2, 2, 0xD5ED, 7, 0xA489, 5, 0x18C5, 2,
    0xA489, 5, 0x7B0A, 2, 0x62EA, 1, 0xA489, 1,
    0x18C5, 36, 0x432E, 9, 0x5C32, 3, 0x2189, 2,
    0x5C32, 1, 0x2189, 2, 0x432E, 1, 0x2189, 1,
    0x432E, 1, 0x5C32, 5, 0x432E, 1, 0x2189, 1,
    0x5C32, 1, 0x2189, 1, 0x18E4, 1, 0x0862, 1,
    0x2189, 2, 0x54F5, 10, 0x91A7, 1, 0x2925, 1,
    0x636E, 2, 0x5C32, 1, 0x636E, 4, 0x2925, 2,
    0x18E4, 1, 0x5248, 1, 0x41C9, 1, 0x5AEC, 3,
    0x636E, 1, 0x5AEC, 4, 0x8CB2, 2, 0xF6CE, 2,
    0xD5ED, 8, 0xA489, 3, 0x18C5, 4, 0xA489, 4,
    0x7B0A, 3, 0xA489, 1, 0x18C5, 35, 0x432E, 9,
    0x5C32, 2, 0x432E, 1, 0x2189, 1, 0x432E, 5,
    0x5C32, 6, 0x432E, 1, 0x2189, 1, 0x432E, 4,
    0x54F5, 2, 0x432E, 1, 0x54F5, 11, 0x91A7, 1,
    0x18E4, 1, 0x2925, 1, 0x636E, 3, 0x2925, 3,
    0x5AEC, 2, 0x5248, 1, 0x5AEC, 1, 0x636E, 2,
    0x5AEC, 4, 0x8CB2, 4, 0xD5ED, 10, 0xA489, 1,
    0xD5ED, 1, 0xA489, 1, 0x18C5, 7, 0x62EA, 2,
    0x7B0A, 2, 0xA489, 2, 0x18C5, 34, 0x432E, 7,
    0x2189, 7, 0x3A4A, 2, 0x2189, 5, 0x3A4A, 2,
    0x432E, 6, 0x2189, 1, 0x432E, 2, 0x5C32, 1,
    0x54F5, 12, 0x7062, 1, 0x18E4, 1, 0x2925, 2,
    0x432E, 2, 0x636E, 2, 0x7145, 1, 0x5AEC, 2,
    0x5248, 2, 0x41C9, 1, 0x5248, 1, 0x5AEC, 2,
    0x8CB2, 3, 0x636E, 1, 0x8CB2, 2, 0xF6CE, 1,
    0xD5ED, 9, 0xA489, 2, 0x18C5, 10, 0x4947, 1,
    0xA489, 1, 0x7B0A, 1, 0xA489, 1, 0x18C5, 34,
    0x3A4A, 4, 0x2189, 27, 0x3A4A, 1, 0x2189, 5,
    0x3A4A, 2, 0x5C32, 4, 0x54F5, 1, 0x432E, 1,
    0x3187, 1, 0x20E4, 1, 0x18E4, 1, 0x91A7, 2,
    0x636E, 1, 0x62EA, 1, 0x5248, 1, 0x5AEC, 2,
    0x5248, 4, 0x3A4A, 1, 0x8CB2, 5, 0xD5ED, 1,
    0x8CB2, 3, 0xD5ED, 9, 0xA489, 1, 0x18C5, 11,
    0x3000, 1, 0x62EA, 2, 0x91A7, 1, 0x18C5, 30,
    0x8000, 1, 0x91A7, 1, 0x20E4, 1, 0x8800, 1,
    0x91A7, 3, 0x5AEC, 3, 0x20E4, 4, 0x3800, 2,
    0x91A7, 8, 0x8000, 6, 0x91A7, 2, 0x8000, 4,
    0x3187, 2, 0x7145, 1, 0x2189, 10, 0x3187, 1,
    0x41C9, 1, 0x5AEC, 1, 0x636E, 1, 0x5AEC, 4,
    0x5248, 3, 0x3A4A, 2, 0x8CB2, 8, 0xF6CE, 3,
    0x8CB2, 1, 0xB50D, 1, 0xD5ED, 8, 0x1882, 3,
    0x8CB2, 1, 0x3187, 1, 0x18C5, 6, 0x7000, 1,
    0x62EA, 2, 0x7145, 1, 0x18C5, 24, 0x7000, 1,
    0x91A7, 1, 0x2000, 2, 0x7062, 1, 0x636E, 2,
    0x5AEC, 3, 0x636E, 6, 0x8CB2, 12, 0x636E, 2,
    0x8CB2, 4, 0x91A7, 1, 0x636E, 4, 0x8CB2, 1,
    0x636E, 3, 0x91A7, 3, 0x8800, 1, 0x1882, 1,
    0x3000, 1, 0x91A7, 2, 0x6000, 1, 0x7145, 1,
    0x91A7, 3, 0x5AEC, 5, 0x5248, 2, 0x3A4A, 1,
    0x5248, 1, 0x8CB2, 8, 0xF6CE, 7, 0x8CB2, 1,
    0xF6CE, 3, 0xD5ED, 4, 0x1882, 2, 0x0862, 1,
    0x2925, 1, 0x91A7, 1, 0x50A3, 1, 0x3187, 1,
    0x18C5, 5, 0x7000, 1, 0x5248, 1, 0x8C0C, 1,
    0x7145, 1, 0x18C5, 20, 0x7000, 1, 0x91A7, 2,
    0x2000, 2, 0x91A7, 2, 0x7B8D, 1, 0x5AEC, 2,
    0x636E, 2, 0x5AEC, 3, 0x636E, 1, 0x7B8D, 1,
    0x8CB2, 1, 0x636E, 1, 0x5C32, 1, 0x8CB2, 1,
    0xB50D, 12, 0x5C32, 2, 0x636E, 3, 0x7B8D, 1,
    0x636E, 1, 0x8CB2, 1, 0x636E, 2, 0x91A7, 3,
    0x8000, 1, 0x3000, 1, 0x91A7, 1, 0x50A3, 1,
    0x7062, 1, 0x7145, 1, 0x50A3, 2, 0x5248, 5,
    0x636E, 1, 0x5AEC, 5, 0x7B0A, 1, 0x5248, 1,
    0x8CB2, 4, 0xF6CE, 1, 0xD5ED, 3, 0x8CB2, 1,
    0xD5ED, 1, 0xF6CE, 14, 0x0862, 3, 0x7145, 1,
    0x50A3, 2, 0x3187, 1, 0x50A3, 1, 0x91A7, 1,
    0x20E4, 1, 0x18C5, 3, 0x7000, 1, 0x2925, 1,
    0x8C0C, 1, 0x62EA, 1, 0x18C5, 17, 0x7000, 1,
    0x91A7, 2, 0x2000, 2, 0x7062, 1, 0x636E, 2,
    0xB50D, 3, 0xA489, 2, 0xB50D, 3, 0x636E, 1,
    0x8CB2, 1, 0x5AEC, 1, 0x636E, 9, 0x8CB2, 3,
    0xB50D, 3, 0x8CB2, 1, 0x636E, 2, 0xB50D, 2,
    0x5C32, 1, 0x636E, 3, 0x432E, 1, 0x5AEC, 1,
    0x636E, 1, 0x8800, 1, 0x2000, 1, 0x50A3, 1,
    0x7145, 1, 0x50A3, 1, 0x5248, 3, 0x5AEC, 2,
    0x636E, 5, 0x5AEC, 4, 0x7B0A, 2, 0x5248, 1,
    0x8CB2, 4, 0xF6CE, 2, 0xD5ED, 4, 0x636E, 1,
    0x5C32, 1, 0xF6CE, 3, 0x636E, 1, 0x5C32, 1,
    0xF6CE, 4, 0xB50D, 1, 0xF6CE, 4, 0x1882, 2,
    0x50A3, 1, 0x91A7, 1, 0x50A3, 1, 0x20E4, 1,
    0x2925, 1, 0x50A3, 1, 0x7062, 1, 0x50A3, 1,
    0x2925, 1, 0x18C5, 2, 0x7800, 1, 0x2925, 1,
    0x7B0A, 1, 0x62EA, 1, 0x18C5, 15, 0x7062, 1,
    0x6000, 1, 0x91A7, 1, 0x2000, 1, 0x3A4A, 2,
    0xB50D, 4, 0x8C0C, 2, 0xB50D, 2, 0x7000, 1,
    0x8C0C, 1, 0xD5ED, 2, 0x2925, 1, 0xB50D, 2,
    0xD5ED, 1, 0x5AEC, 1, 0x636E, 2, 0xD5ED, 1,
    0xB50D, 1, 0x5AEC, 2, 0xB50D, 2, 0x8CB2, 3,
    0x5AEC, 3, 0xB50D, 1, 0xD5ED, 2, 0x7000, 1,
    0xD5ED, 2, 0x2925, 1, 0x636E, 1, 0x3000, 1,
    0x91A7, 1, 0x7000, 1, 0x7062, 1, 0x4841, 2,
    0x5248, 2, 0x636E, 4, 0x5AEC, 1, 0x636E, 1,
    0x5AEC, 8, 0x8CB2, 7, 0xF6CE, 1, 0xD5ED, 5,
    0x636E, 2, 0xF6CE, 3, 0x2925, 2, 0x3187, 1,
    0xF6CE, 3, 0xB50D, 1, 0xF6CE, 4, 0x1882, 1,
    0x7062, 1, 0x7145, 1, 0x3187, 1, 0x2925, 1,
    0x20E4, 3, 0x3187, 1, 0x91A7, 1, 0x3187, 1,
    0x18C5, 2, 0x7800, 1, 0x2925, 1, 0x7B0A, 1,
    0x7145, 1, 0x18C5, 12, 0x8CB2, 1, 0x636E, 1,
    0x91A7, 3, 0x2000, 1, 0x6000, 1, 0x636E, 2,
    0xB50D, 1, 0xA489, 2, 0x8C0C, 1, 0xA489, 1,
    0x8C0C, 1, 0x7145, 1, 0x5248, 2, 0x62EA, 1,
    0x8C0C, 2, 0xB50D, 2, 0x8C0C, 1, 0x2925, 1,
    0x8C0C, 1, 0xA489, 2, 0x8C0C, 1, 0xB50D, 1,
    0x8C0C, 2, 0x2925, 1, 0xA489, 1, 0x8C0C, 1,
    0xB50D, 2, 0x5248, 1, 0xD5ED, 1, 0xA489, 3,
    0xB50D, 1, 0x636E, 1, 0x5248, 2, 0x8000, 1,
    0x2000, 1, 0x91A7, 1, 0x50A3, 4, 0x5AEC, 2,
    0x636E, 6, 0x5AEC, 6, 0x5248, 1, 0x8CB2, 9,
    0xD5ED, 1, 0x8CB2, 3, 0xD5ED, 2, 0x8C0C, 2,
    0xD5ED, 1, 0xF6CE, 2, 0x2925, 1, 0xF6CE, 1,
    0x3187, 1, 0xF6CE, 3, 0xB50D, 1, 0xF6CE, 3,
    0x0862, 1, 0x3187, 1, 0x50A3, 1, 0x7062, 1,
    0x20E4, 2, 0x2925, 2, 0x1882, 1, 0x20E4, 1,
    0x7145, 1, 0x3187, 1, 0x18C5, 2, 0x7800, 1,
    0x3800, 1, 0x7B0A, 1, 0x5248, 1, 0x18C5, 11,
    0x8CB2, 1, 0x636E, 1, 0x91A7, 2, 0x2000, 2,
    0x6000, 1, 0x636E, 1, 0x5AEC, 1, 0x636E, 1,
    0xB50D, 2, 0xA489, 3, 0x8C0C, 2, 0x62EA, 1,
    0xA489, 1, 0xB50D, 1, 0x8C0C, 1, 0x62EA, 3,
    0x3A4A, 2, 0x62EA, 1, 0x2925, 2, 0x62EA, 3,
    0xB50D, 2, 0x8C0C, 1, 0xA489, 1, 0x5248, 2,
    0x3000, 1, 0xB50D, 1, 0x7145, 1, 0xA489, 1,
    0xB50D, 1, 0xA489, 1, 0x5AEC, 1, 0x7800, 1,
    0x2000, 1, 0x91A7, 1, 0x4841, 2, 0x50A3, 1,
    0x41C9, 3, 0x5AEC, 3, 0x636E, 1, 0x8C0C, 2,
    0x5AEC, 1, 0x5248, 2, 0x5AEC, 1, 0x5248, 1,
    0x5AEC, 1, 0x8CB2, 14, 0x636E, 2, 0xD5ED, 3,
    0x8C0C, 1, 0xD5ED, 1, 0xF6CE, 2, 0xB50D, 1,
    0xF6CE, 1, 0x3187, 1, 0xF6CE, 1, 0xD5ED, 1,
    0xF6CE, 1, 0xB50D, 1, 0xF6CE, 3, 0x18E4, 1,
    0x3187, 1, 0x50A3, 1, 0x2925, 1, 0x1882, 1,
    0x2925, 1, 0x5248, 2, 0x2925, 1, 0x20E4, 1,
    0x2925, 1, 0x7145, 1, 0x91A7, 1, 0x18C5, 1,
    0x7800, 1, 0x3000, 1, 0x5248, 1, 0x18C5, 10,
    0xD5ED, 1, 0x8CB2, 1, 0x636E, 1, 0x91A7, 2,
    0x2000, 1, 0x6000, 2, 0x5AEC, 2, 0x3A4A, 2,
    0xB50D, 2, 0x6000, 2, 0x4841, 1, 0x5248, 1,
    0x8C0C, 3, 0xA489, 1, 0x8C0C, 1, 0xA489, 3,
    0x62EA, 1, 0xB50D, 1, 0xA489, 1, 0x8C0C, 3,
    0xA489, 2, 0x7145, 4, 0xA489, 1, 0x7145, 1,
    0x636E, 1, 0xB50D, 1, 0xA489, 2, 0xB50D, 1,
    0x5AEC, 1, 0x7000, 1, 0x2000, 1, 0x91A7, 1,
    0x50A3, 4, 0x41C9, 2, 0x3A4A, 2, 0x7B0A, 1,
    0x62EA, 1, 0x8C0C, 1, 0x7B0A, 1, 0x5AEC, 1,
    0x41C9, 1, 0x20E4, 2, 0x7145, 1, 0x3187, 1,
    0x636E, 1, 0x8CB2, 1, 0x636E, 2, 0x8CB2, 7,
    0x5C32, 1, 0x8CB2, 1, 0xD5ED, 1, 0x636E, 2,
    0x8C0C, 1, 0x2925, 1, 0xD5ED, 2, 0xB50D, 1,
    0xF6CE, 4, 0xB50D, 1, 0xD5ED, 1, 0xF6CE, 1,
    0xD5ED, 1, 0xF6CE, 1, 0x7B0A, 1, 0xF6CE, 3,
    0x1882, 1, 0x3187, 2, 0x1882, 1, 0x2925, 2,
    0x1882, 2, 0x62EA, 1, 0x2925, 1, 0x1882, 1,
    0x7145, 1, 0x50A3, 1, 0x18C5, 1, 0x7800, 1,
    0x3000, 1, 0x4947, 1, 0x18C5, 9, 0xD5ED, 1,
    0x636E, 2, 0x91A7, 2, 0x2000, 1, 0x7000, 1,
    0x7062, 2, 0x5AEC, 1, 0x7062, 1, 0x3A4A, 2,
    0xB50D, 1, 0x5AEC, 1, 0x50A3, 2, 0x7145, 1,
    0x6000, 1, 0x5000, 2, 0x4800, 2, 0x5000, 1,
    0x4800, 2, 0x50A3, 2, 0x5248, 1, 0x7B0A, 2,
    0xA489, 3, 0x7B0A, 1, 0xA489, 3, 0x8000, 1,
    0xB50D, 1, 0xA489, 1, 0x20E4, 1, 0x5AEC, 1,
    0xB50D, 1, 0x636E, 2, 0x4841, 1, 0x2000, 1,
    0x91A7, 1, 0x5000, 1, 0x50A3, 3, 0x41C9, 4,
    0x3A4A, 1, 0x62EA, 1, 0x8C0C, 2, 0x2925, 1,
    0x20E4, 1, 0x4800, 1, 0x7062, 1, 0x7145, 2,
    0x7062, 1, 0x5AEC, 2, 0x636E, 1, 0x5AEC, 1,
    0x8CB2, 9, 0xD5ED, 3, 0x8C0C, 1, 0x3187, 1,
    0xD5ED, 2, 0xB50D, 1, 0x8CB2, 1, 0xF6CE, 1,
    0xD5ED, 2, 0xF6CE, 1, 0xD5ED, 1, 0xA489, 2,
    0xF6CE, 1, 0x7B0A, 1, 0xF6CE, 3, 0x18E4, 1,
    0x91A7, 1, 0x20E4, 1, 0x1882, 1, 0x62EA, 1,
    0x4947, 1, 0x3800, 1, 0x1882, 1, 0x2925, 3,
    0x3187, 2, 0x18C5, 2, 0x3800, 1, 0x18C5, 9,
    0x636E, 1, 0x91A7, 1, 0x8800, 1, 0x91A7, 2,
    0x3800, 2, 0x7800, 2, 0x7145, 1, 0x5AEC, 1,
    0x7062, 1, 0x20E4, 2, 0xB50D, 2, 0x50A3, 2,
    0x4841, 1, 0x7B0A, 1, 0x7145, 1, 0x50A3, 1,
    0x4800, 10, 0x50A3, 2, 0x5248, 2, 0x4800, 1,
    0xB50D, 2, 0x20E4, 2, 0x7800, 2, 0x7145, 1,
    0x7062, 1, 0x7000, 1, 0x2000, 2, 0x4841, 4,
    0x50A3, 2, 0x3187, 1, 0x41C9, 3, 0x3A4A, 1,
    0x8C0C, 2, 0x50A3, 1, 0x2925, 2, 0x3187, 1,
    0x6000, 1, 0x7000, 1, 0x7062, 2, 0x2925, 2,
    0x8C0C, 2, 0x636E, 1, 0x8CB2, 4, 0x91A7, 1,
    0x5AEC, 1, 0x636E, 1, 0x8CB2, 1, 0xD5ED, 2,
    0xB50D, 1, 0x8CB2, 1, 0x5C32, 1, 0xD5ED, 3,
    0x5C32, 1, 0xF6CE, 1, 0xD5ED, 5, 0xF6CE, 1,
    0x5C32, 1, 0x7B0A, 1, 0xF6CE, 2, 0xD5ED, 1,
    0x3187, 1, 0x7145, 1, 0x1882, 1, 0x2925, 1,
    0x4947, 1, 0x1882, 3, 0x3800, 1, 0x4947, 1,
    0x2925, 1, 0x20E4, 1, 0x3187, 1, 0x18C5, 2,
    0x3800, 1, 0x18C5, 8, 0x7145, 1, 0x98C3, 1,
    0x8000, 1, 0x7145, 1, 0x50A3, 1, 0x7145, 1,
    0x3000, 1, 0x6000, 2, 0x5248, 1, 0x5AEC, 1,
    0x7145, 1, 0x7062, 1, 0x20E4, 2, 0x3A4A, 1,
    0xB50D, 4, 0x4841, 1, 0x50A3, 1, 0x4800, 3,
    0x4841, 1, 0x5248, 1, 0x50A3, 2, 0x20E4, 2,
    0x4841, 1, 0x50A3, 1, 0x7B0A, 1, 0xB50D, 3,
    0x5AEC, 1, 0x18E4, 1, 0x7800, 3, 0x7062, 2,
    0x7000, 1, 0x3000, 1, 0x91A7, 2, 0x5000, 1,
    0x50A3, 7, 0x3187, 2, 0x41C9, 1, 0x8C0C, 1,
    0x2925, 1, 0x3187, 1, 0x7000, 1, 0x1882, 3,
    0x3187, 1, 0x0000, 1, 0x7000, 2, 0x2925, 1,
    0x20E4, 1, 0x2925, 1, 0x3187, 1, 0x636E, 1,
    0x91A7, 1, 0x636E, 1, 0x8CB2, 2, 0x91A7, 1,
    0x3187, 1, 0xB50D, 1, 0xF6CE, 2, 0xD5ED, 1,
    0xF6CE, 1, 0xD5ED, 4, 0xF6CE, 1, 0x3187, 1,
    0xF6CE, 1, 0xA489, 2, 0xD5ED, 2, 0x3187, 1,
    0x1926, 1, 0x0000, 1, 0xA489, 1, 0xF6CE, 1,
    0xD5ED, 1, 0x1882, 1, 0x2925, 3, 0x62EA, 1,
    0x1882, 2, 0x0862, 1, 0x1882, 3, 0x2925, 1,
    0x20E4, 1, 0x3187, 1, 0x18C5, 10, 0x7800, 2,
    0x8000, 1, 0x7145, 1, 0x7062, 1, 0x50A3, 2,
    0x7145, 1, 0x6000, 2, 0x5248, 1, 0x7145, 1,
    0x50A3, 3, 0x6000, 2, 0x20E4, 1, 0x3A4A, 2,
    0x7B0A, 1, 0x8C0C, 4, 0x20E4, 1, 0x5248, 1,
    0x8C0C, 6, 0x7B0A, 1, 0x18E4, 2, 0x6000, 2,
    0x50A3, 1, 0x7145, 2, 0x5248, 1, 0x6000, 2,
    0x3000, 1, 0x7145, 1, 0x50A3, 1, 0x4841, 1,
    0x7145, 1, 0x7062, 1, 0x7800, 1, 0x50A3, 6,
    0x20E4, 2, 0x5248, 1, 0x2925, 1, 0x7062, 1,
    0x7145, 1, 0x1882, 3, 0x0862, 1, 0x8CB2, 1,
    0x3187, 1, 0x0000, 2, 0x6000, 1, 0x20E4, 1,
    0x2925, 1, 0x3187, 2, 0x91A7, 1, 0x636E, 3,
    0x3187, 2, 0xF6CE, 3, 0xB50D, 1, 0xF6CE, 1,
    0xD5ED, 4, 0xA489, 1, 0x3187, 1, 0xD5ED, 1,
    0x7B0A, 1, 0xD5ED, 1, 0x5C32, 1, 0x41C9, 1,
    0x3187, 1, 0x1926, 1, 0xA489, 1, 0xF6CE, 1,
    0xD5ED, 2, 0x1882, 1, 0x2925, 1, 0x20E4, 1,
    0x2925, 1, 0x4947, 1, 0x1882, 6, 0x62EA, 1,
    0x20E4, 1, 0x3187, 1, 0x2925, 1, 0x18C5, 9,
    0x7800, 1, 0x8000, 2, 0x5248, 1, 0x50A3, 3,
    0x5AEC, 1, 0x2000, 1, 0x6000, 3, 0x5248, 1,
    0x50A3, 1, 0x6000, 4, 0x5000, 1, 0x1882, 1,
    0x20E4, 1, 0x3A4A, 3, 0x20E4, 1, 0x1882, 1,
    0x0862, 1, 0x1882, 2, 0x2000, 1, 0x4800, 1,
    0x6000, 5, 0x7145, 2, 0x5248, 2, 0x7145, 1,
    0x6000, 1, 0x3000, 1, 0x7145, 1, 0x4841, 3,
    0x7145, 3, 0x7800, 2, 0x7000, 4, 0x50A3, 1,
    0x4841, 1, 0x3187, 2, 0x2925, 1, 0x6000, 1,
    0x0862, 4, 0x50A3, 1, 0x91A7, 1, 0x50A3, 1,
    0x3187, 1, 0x0000, 2, 0x2925, 2, 0x5C32, 1,
    0x3187, 1, 0x636E, 1, 0x8CB2, 1, 0x636E, 1,
    0x3187, 1, 0x2925, 1, 0xA489, 1, 0xF6CE, 3,
    0xB50D, 1, 0xA489, 1, 0xD5ED, 1, 0x3187, 3,
    0xA489, 1, 0x3187, 1, 0xD5ED, 1, 0xA001, 1,
    0xA489, 1, 0x41C9, 1, 0x20E4, 3, 0xA489, 1,
    0xD5ED, 3, 0x18E4, 1, 0x3187, 1, 0x20E4, 1,
    0x2925, 1, 0x1882, 2, 0x0862, 1, 0x1882, 4,
    0x62EA, 1, 0x2925, 2, 0x3187, 1, 0x18C5, 8,
    0x7000, 1, 0x7800, 1, 0x8000, 1, 0xA489, 2,
    0x41C9, 1, 0x50A3, 2, 0x6000, 1, 0x2000, 1,
    0x6000, 6, 0x50A3, 3, 0x6000, 3, 0x50A3, 1,
    0x7000, 1, 0x6000, 12, 0x7145, 1, 0x50A3, 1,
    0x7145, 1, 0x6000, 3, 0x3000, 1, 0x41C9, 1,
    0x4841, 2, 0x50A3, 1, 0x7145, 2, 0xA489, 1,
    0x7800, 4, 0x7000, 3, 0xA001, 1, 0x91A7, 1,
    0x7800, 1, 0x7062, 1, 0x7000, 1, 0x6000, 1,
    0x0862, 2, 0x1882, 1, 0x50A3, 3, 0x3187, 1,
    0x50A3, 1, 0x7062, 1, 0x50A3, 1, 0x7000, 1,
    0x432E, 1, 0x5C32, 1, 0x3187, 1, 0x41C9, 1,
    0x636E, 2, 0x2925, 1, 0xA489, 1, 0xF6CE, 4,
    0xB50D, 1, 0xA489, 1, 0x5C32, 1, 0x3187, 2,
    0x20E4, 1, 0xF6CE, 1, 0xA489, 1, 0x8C0C, 1,
    0xA001, 2, 0x41C9, 1, 0xF6CE, 4, 0xD5ED, 2,
    0xA489, 1, 0x1882, 1, 0x3187, 1, 0x20E4, 1,
    0x62EA, 1, 0x3800, 1, 0x1882, 6, 0x4947, 1,
    0x2925, 2, 0x3187, 1, 0x18C5, 8, 0x7000, 1,
    0x7800, 1, 0xA489, 3, 0x20E4, 1, 0x50A3, 4,
    0x5AEC, 1, 0x91A7, 1, 0x0862, 1, 0x6000, 6,
    0x50A3, 2, 0x7062, 2, 0x7000, 1, 0x6000, 13,
    0x0862, 1, 0x3000, 1, 0x1882, 1, 0x7145, 1,
    0x4800, 1, 0x4841, 2, 0x50A3, 1, 0x3187, 1,
    0x2925, 1, 0xA489, 4, 0x7800, 4, 0xA001, 3,
    0x8800, 1, 0x7800, 2, 0x6000, 1, 0x1882, 3,
    0x91A7, 1, 0x3187, 1, 0x2925, 1, 0x20E4, 1,
    0x2925, 1, 0x20E4, 1, 0x3187, 1, 0x91A7, 1,
    0x1882, 1, 0x2925, 2, 0x3187, 1, 0x636E, 1,
    0x5C32, 1, 0x636E, 1, 0x2925, 1, 0xA489, 1,
    0xF6CE, 4, 0xB50D, 1, 0xA001, 1, 0x41C9, 1,
    0x20E4, 3, 0xF6CE, 1, 0xA489, 1, 0x41C9, 1,
    0xA001, 2, 0x41C9, 1, 0x3187, 1, 0xA489, 6,
    0x2925, 1, 0x3187, 1, 0x20E4, 1, 0x5248, 1,
    0x3800, 1, 0x1882, 6, 0x2925, 3, 0x3187, 1,
    0x18C5, 8, 0x7000, 1, 0x7145, 1, 0xA489, 2,
    0xB50D, 1, 0x3A4A, 2, 0x50A3, 1, 0x6000, 2,
    0x50A3, 3, 0x7145, 2, 0x4800, 7, 0x4841, 2,
    0x4800, 3, 0x3800, 7, 0x0862, 2, 0x7145, 1,
    0x91A7, 1, 0x41C9, 1, 0x4841, 3, 0x20E4, 1,
    0x3187, 1, 0x20E4, 1, 0xA489, 6, 0x7062, 1,
    0x7000, 1, 0xA001, 5, 0x8800, 1, 0x7800, 2,
    0x0862, 3, 0x2925, 1, 0x7145, 1, 0x2925, 1,
    0x20E4, 3, 0x1882, 1, 0x20E4, 1, 0x7145, 1,
    0x2925, 1, 0x432E, 1, 0x2925, 1, 0x5AEC, 1,
    0x636E, 1, 0x3187, 1, 0x4841, 1, 0xA489, 1,
    0xF6CE, 5, 0x41C9, 1, 0xA001, 1, 0x636E, 1,
    0xA489, 1, 0xF6CE, 3, 0xA489, 1, 0x41C9, 1,
    0xA001, 1, 0x7062, 1, 0x7B8D, 1, 0x3187, 1,
    0xA489, 1, 0x3187, 2, 0x2925, 1, 0xA489, 1,
    0x18E4, 1, 0x2925, 1, 0x3187, 1, 0x2925, 1,
    0x4947, 1, 0x1882, 6, 0x6000, 1, 0x7B0A, 1,
    0x3187, 1, 0x2925, 1, 0x3187, 1, 0x18C5, 8,
    0x7000, 1, 0x91A7, 1, 0x5248, 1, 0xA489, 1,
    0x5AEC, 3, 0x20E4, 1, 0x50A3, 1, 0x6000, 2,
    0x50A3, 3, 0x7145, 13, 0x0862, 6, 0x50A3, 3,
    0x4841, 4, 0x50A3, 1, 0x20E4, 1, 0x3A4A, 1,
    0x5AEC, 1, 0xA489, 5, 0x2925, 1, 0x91A7, 2,
    0xA001, 6, 0x8800, 1, 0x7800, 1, 0x8000, 1,
    0x18E4, 2, 0x1882, 1, 0x91A7, 1, 0x2925, 1,
    0x20E4, 1, 0x2925, 2, 0x5248, 1, 0x2925, 1,
    0x20E4, 1, 0x2925, 1, 0x91A7, 1, 0x432E, 1,
    0x2925, 2, 0x41C9, 1, 0x3187, 1, 0x1882, 1,
    0xF6CE, 5, 0xD5ED, 1, 0x3187, 1, 0x7062, 1,
    0x636E, 1, 0x3187, 1, 0xA489, 4, 0x2925, 1,
    0x91A7, 1, 0x7062, 2, 0x91A7, 1, 0x3187, 2,
    0x7062, 1, 0x2925, 1, 0x7B0A, 1, 0x1882, 1,
    0x2925, 1, 0x3187, 1, 0x2925, 1, 0xA489, 1,
    0x7000, 1, 0x20E4, 1, 0x6000, 1, 0x1882, 4,
    0x2925, 3, 0x3187, 1, 0x18C5, 8, 0x7000, 1,
    0x1882, 1, 0x7B0A, 1, 0x636E, 1, 0x5AEC, 3,
    0x20E4, 1, 0x50A3, 2, 0x6000, 24, 0x4841, 5,
    0x20E4, 1, 0x3A4A, 3, 0x636E, 1, 0xA489, 3,
    0x5248, 1, 0x2925, 2, 0xA489, 2, 0xA001, 5,
    0x8000, 4, 0x1882, 3, 0x50A3, 1, 0x20E4, 1,
    0x1882, 1, 0x2925, 1, 0x5248, 1, 0x1882, 1,
    0x62EA, 1, 0x2925, 1, 0x1882, 1, 0x91A7, 1,
    0x20E4, 1, 0x2925, 2, 0x3187, 1, 0x1882, 2,
    0xF6CE, 5, 0xD5ED, 1, 0x2925, 1, 0x7062, 1,
    0x91A7, 1, 0x3187, 3, 0x41C9, 1, 0x7B0A, 1,
    0x2925, 1, 0x3187, 1, 0x7062, 5, 0x2925, 2,
    0x7B0A, 1, 0x1882, 1, 0x2925, 3, 0xA489, 1,
    0x1882, 7, 0x4947, 1, 0x2925, 2, 0x3187, 1,
    0x18C5, 8, 0x4800, 1, 0x1882, 1, 0x5248, 1,
    0x41C9, 1, 0x5AEC, 2, 0x3A4A, 1, 0x5AEC, 1,
    0x50A3, 2, 0x6000, 3, 0x5000, 6, 0x6000, 12,
    0x4800, 2, 0x4841, 4, 0x20E4, 1, 0x3A4A, 2,
    0x8CB2, 1, 0x5C32, 1, 0x8CB2, 2, 0xD5ED, 1,
    0xF6CE, 1, 0xD5ED, 1, 0x8CB2, 1, 0x2925, 2,
    0x8CB2, 1, 0xA001, 4, 0x8000, 1, 0x7800, 1,
    0x8000, 3, 0x7800, 1, 0x18E4, 2, 0x3187, 2,
    0x20E4, 1, 0x2925, 1, 0x4947, 1, 0x3800, 1,
    0x1882, 1, 0x2925, 3, 0x3187, 1, 0x20E4, 1,
    0x18E4, 1, 0x2925, 1, 0x6000, 1, 0x3800, 1,
    0xA489, 1, 0xF6CE, 2, 0xD5ED, 1, 0xF6CE, 2,
    0xD5ED, 1, 0x1882, 1, 0x7062, 2, 0x91A7, 1,
    0x3187, 1, 0x7062, 1, 0x7145, 1, 0x7B0A, 1,
    0x3187, 1, 0x7062, 1, 0x5248, 1, 0x2925, 4,
    0x1882, 1, 0x0862, 1, 0x4947, 1, 0x18E4, 1,
    0x2925, 1, 0x3187, 1, 0x2925, 1, 0x4947, 1,
    0x3800, 1, 0x1882, 6, 0x62EA, 1, 0x2925, 1,
    0x3187, 1, 0x2925, 1, 0x18C5, 8, 0x4800, 1,
    0x636E, 1, 0x5AEC, 1, 0x0862, 1, 0x3187, 1,
    0x3A4A, 2, 0x5AEC, 2, 0x50A3, 1, 0x4800, 3,
    0x5000, 8, 0x6000, 10, 0x7000, 2, 0x8000, 1,
    0x7062, 1, 0x5AEC, 1, 0x8CB2, 1, 0x636E, 1,
    0x432E, 2, 0x5C32, 1, 0x8CB2, 3, 0xD5ED, 1,
    0x8CB2, 2, 0x3187, 1, 0x8CB2, 1, 0x2925, 1,
    0xB50D, 1, 0xA001, 2, 0x8800, 2, 0x8000, 4,
    0x7800, 2, 0x1882, 2, 0x2925, 2, 0x1882, 1,
    0x62EA, 1, 0x1882, 3, 0x3800, 1, 0x4947, 1,
    0x2925, 2, 0x3187, 1, 0x4841, 1, 0x2925, 1,
    0x3800, 1, 0x7B0A, 1, 0xD5ED, 1, 0xF6CE, 2,
    0xA489, 2, 0xD5ED, 2, 0x1882, 1, 0x91A7, 1,
    0x7062, 4, 0x5248, 1, 0x4947, 1, 0x20E4, 1,
    0x2925, 1, 0x0862, 2, 0x1882, 3, 0x3800, 1,
    0x4947, 1, 0x2925, 3, 0x3187, 1, 0x20E4, 1,
    0x5248, 1, 0x3800, 1, 0x1882, 6, 0x62EA, 1,
    0x20E4, 1, 0x3187, 1, 0x18C5, 9, 0x4800, 2,
    0x0862, 1, 0x5248, 1, 0x0862, 1, 0x18E4, 1,
    0x0862, 3, 0x4841, 1, 0x4800, 3, 0x5000, 8,
    0x6000, 10, 0x7000, 3, 0x50A3, 1, 0x5C32, 1,
    0x636E, 1, 0x5AEC, 1, 0x432E, 1, 0x20E4, 1,
    0x8CB2, 3, 0x18E4, 1, 0x8CB2, 1, 0x2925, 2,
    0x8CB2, 3, 0x8800, 1, 0x8000, 8, 0x7800, 1,
    0x1882, 3, 0x2925, 1, 0x20E4, 1, 0x2925, 2,
    0x1882, 1, 0x0862, 1, 0x1882, 3, 0x62EA, 1,
    0x2925, 1, 0x3187, 1, 0x4841, 1, 0x20E4, 1,
    0x3800, 1, 0xA489, 1, 0xD5ED, 3, 0xA489, 1,
    0x4947, 1, 0x7B0A, 1, 0xA489, 1, 0x7B0A, 1,
    0x91A7, 1, 0x5248, 4, 0x0862, 1, 0x4947, 1,
    0x0862, 2, 0x4947, 3, 0x3800, 2, 0x4947, 2,
    0x2925, 3, 0x3187, 1, 0x20E4, 1, 0x62EA, 1,
    0x3800, 1, 0x1882, 1, 0x0862, 1, 0x1882, 4,
    0x2925, 1, 0x20E4, 1, 0x3187, 1, 0x18C5, 9,
    0x4800, 1, 0x3000, 1, 0x3800, 1, 0x4800, 3,
    0x6000, 2, 0x4947, 1, 0x4800, 3, 0x5000, 9,
    0x6000, 13, 0x50A3, 1, 0x20E4, 1, 0x1882, 2,
    0x20E4, 1, 0x2925, 1, 0x20E4, 1, 0x2925, 2,
    0x8CB2, 1, 0x20E4, 1, 0x8CB2, 2, 0x8800, 2,
    0x8000, 6, 0x7800, 2, 0x8000, 3, 0x1882, 2,
    0x18E4, 1, 0x3187, 1, 0x20E4, 1, 0x62EA, 1,
    0x1882, 1, 0x0862, 1, 0x1882, 4, 0x62EA, 1,
    0x20E4, 1, 0x3187, 1, 0x4800, 1, 0x2925, 1,
    0x7B0A, 1, 0xA489, 4, 0x7B0A, 1, 0x4947, 1,
    0xA489, 3, 0x2925, 1, 0x5248, 1, 0x0862, 4,
    0x4800, 1, 0x3800, 1, 0x4947, 8, 0x18E4, 3,
    0x3187, 1, 0x20E4, 1, 0x2925, 1, 0x1882, 3,
    0x0862, 1, 0x1882, 2, 0x4947, 1, 0x2925, 1,
    0x20E4, 1, 0x3187, 1, 0x18C5, 9, 0x4800, 1,
    0x3000, 1, 0x3800, 1, 0x4800, 3, 0x6000, 5,
    0x7000, 1, 0x7800, 9, 0x8000, 8, 0x8800, 6,
    0x8000, 4, 0x8800, 5, 0x8000, 2, 0x7800, 1,
    0x8800, 1, 0x8000, 6, 0x7800, 3, 0x8000, 2,
    0x7800, 1, 0x1882, 3, 0x3187, 1, 0x2925, 1,
    0x4947, 1, 0x1882, 6, 0x4947, 1, 0x20E4, 1,
    0x3187, 1, 0x4800, 1, 0x4841, 1, 0xA489, 3,
    0x7B0A, 1, 0x4947, 1, 0x3800, 2, 0xA489, 2,
    0x7B0A, 1, 0x0862, 2, 0x3800, 1, 0x0862, 2,
    0x4800, 1, 0x3800, 1, 0x4947, 7, 0x18E4, 1,
    0x1926, 1, 0x18E4, 2, 0x1926, 1, 0x3187, 1,
    0x20E4, 1, 0x2925, 1, 0x4947, 1, 0x1882, 4,
    0x3800, 1, 0x4947, 1, 0x2925, 1, 0x3187, 1,
    0x50A3, 1, 0x18C5, 8, 0x4800, 1, 0x3000, 2,
    0x3800, 1, 0x4800, 3, 0x6000, 5, 0x7000, 2,
    0x7800, 8, 0x8000, 8, 0x8800, 5, 0x8000, 5,
    0x8800, 5, 0x8000, 10, 0x7800, 6, 0x18E4, 2,
    0x2925, 1, 0x3187, 1, 0x2925, 2, 0x1882, 6,
    0x2925, 1, 0x20E4, 1, 0x636E, 1, 0x6000, 1,
    0x4947, 1, 0xA489, 3, 0x7B0A, 1, 0x3800, 1,
    0x4841, 1, 0x3800, 1, 0x7B0A, 1, 0xA489, 1,
    0x7B0A, 1, 0x4947, 1, 0x3800, 2, 0x4800, 3,
    0x3800, 1, 0x4947, 5, 0x5AEC, 3, 0x0862, 1,
    0x18E4, 3, 0x2925, 3, 0x62EA, 1, 0x4947, 1,
    0x1882, 1, 0x3800, 1, 0x1882, 1, 0x2925, 2,
    0x1882, 1, 0x7145, 1, 0x91A7, 1, 0x18C5, 8,
    0x4800, 1, 0x3000, 2, 0x3800, 1, 0x4800, 3,
    0x5000, 1, 0x6000, 4, 0x7000, 2, 0x8000, 2,
    0x8800, 7, 0xA001, 1, 0x8800, 5, 0x8000, 1,
    0x8800, 3, 0x8000, 1, 0x8800, 2, 0x8000, 4,
    0x8800, 6, 0x8000, 7, 0x7800, 8, 0x18E4, 2,
    0x2925, 1, 0x3187, 1, 0x2925, 1, 0x1882, 6,
    0x6000, 1, 0x7B0A, 1, 0x20E4, 1, 0x3187, 1,
    0x2925, 1, 0x4947, 1, 0x7B0A, 2, 0x4947, 2,
    0x3800, 2, 0x7B0A, 3, 0x4947, 1, 0x3800, 3,
    0x4800, 2, 0x3800, 1, 0x4947, 4, 0x3A4A, 4,
    0x0000, 1, 0x18E4, 4, 0x2925, 1, 0x7145, 1,
    0x1882, 1, 0x2925, 1, 0x62EA, 1, 0x4947, 1,
    0x1882, 2, 0x62EA, 1, 0x2925, 2, 0x7145, 1,
    0x18C5, 9, 0x4800, 1, 0x3000, 2, 0x3800, 1,
    0x4800, 3, 0x5000, 1, 0x6000, 2, 0x7000, 4,
    0x7800, 1, 0xA001, 3, 0x98C3, 7, 0xA001, 3,
    0x8800, 1, 0x8000, 1, 0x8800, 8, 0x8000, 2,
    0x8800, 6, 0x8000, 4, 0x7800, 11, 0x1882, 2,
    0x2925, 1, 0x3187, 1, 0x2925, 1, 0x1882, 2,
    0x6000, 1, 0x1882, 3, 0x6000, 1, 0x2925, 1,
    0x20E4, 1, 0x636E, 1, 0x2925, 1, 0x7B0A, 2,
    0x3800, 3, 0x4841, 1, 0x3800, 1, 0x4947, 3,
    0x3800, 1, 0x4800, 4, 0x3800, 1, 0x4947, 1,
    0x636E, 5, 0x1926, 2, 0x18E4, 2, 0x1926, 1,
    0x18E4, 1, 0x1926, 1, 0x18E4, 1, 0x3187, 1,
    0x91A7, 1, 0x20E4, 1, 0x1882, 1, 0x2925, 2,
    0x5248, 2, 0x2925, 1, 0x20E4, 1, 0x7145, 1,
    0x3187, 1, 0x18C5, 9, 0x3000, 4, 0x4800, 4,
    0x5000, 1, 0x6000, 1, 0x5000, 1, 0x4800, 3,
    0x6000, 2, 0x7000, 2, 0x8000, 1, 0x7062, 2,
    0x7000, 1, 0x98C3, 2, 0x8800, 1, 0x7800, 3,
    0x7000, 2, 0x7800, 1, 0x7000, 3, 0x7800, 1,
    0x8800, 3, 0x7800, 1, 0x8800, 3, 0x8000, 1,
    0x8800, 4, 0x8000, 3, 0x7800, 10, 0x1882, 3,
    0x2925, 2, 0x7062, 1, 0x1882, 7, 0x4947, 1,
    0x20E4, 1, 0x3187, 1, 0x4947, 3, 0x3800, 2,
    0x1882, 1, 0x4800, 1, 0x3800, 1, 0x4947, 2,
    0x3800, 2, 0x4800, 4, 0x3800, 1, 0x432E, 6,
    0x41C9, 1, 0x0000, 1, 0x3187, 1, 0x18E4, 2,
    0x1926, 1, 0x18E4, 1, 0x1926, 2, 0x3187, 2,
    0x1882, 1, 0x2925, 4, 0x1882, 1, 0x20E4, 1,
    0x91A7, 1, 0x3187, 1, 0x18C5, 10, 0x3000, 3,
    0x4800, 4, 0x6000, 1, 0x5000, 1, 0x3800, 1,
    0x3000, 1, 0x2000, 2, 0x3000, 2, 0x2000, 1,
    0x3000, 1, 0x0862, 2, 0x2000, 1, 0x7000, 1,
    0x98C3, 2, 0x8800, 1, 0x7800, 3, 0x7000, 2,
    0x7800, 1, 0x7000, 3, 0x7800, 1, 0x8800, 1,
    0x7800, 1, 0x8800, 9, 0x8000, 1, 0x7800, 13,
    0x18E4, 3, 0x2925, 1, 0x3187, 1, 0x2925, 1,
    0x1882, 7, 0x62EA, 1, 0x20E4, 1, 0x3187, 1,
    0x4947, 1, 0x3800, 1, 0x0862, 1, 0x3800, 1,
    0x1882, 1, 0x4800, 2, 0x3800, 1, 0x4947, 1,
    0x4800, 6, 0x3800, 1, 0x18E4, 3, 0x1926, 3,
    0x0000, 1, 0x5C32, 2, 0x1926, 1, 0x0000, 1,
    0x18E4, 2, 0x2925, 1, 0x1926, 2, 0x3187, 1,
    0x50A3, 1, 0x2925, 1, 0x1882, 1, 0x20E4, 4,
    0x3187, 1, 0x50A3, 1, 0x2925, 1, 0x18C5, 10,
    0x3000, 3, 0x5000, 1, 0x4800, 3, 0x6000, 1,
    0x3800, 1, 0x0862, 1, 0x0000, 4, 0x3000, 1,
    0x2000, 1, 0x3000, 2, 0x0862, 1, 0x2000, 3,
    0x0862, 2, 0x3000, 2, 0x2000, 1, 0x3000, 5,
    0x3800, 1, 0x6000, 1, 0x7800, 2, 0x8800, 9,
    0x8000, 1, 0x7800, 12, 0x6000, 1, 0x2925, 4,
    0x3187, 1, 0x2925, 2, 0x1882, 6, 0x62EA, 1,
    0x2925, 1, 0x3187, 1, 0x1882, 1, 0x0862, 1,
    0x1882, 1, 0x0862, 1, 0x1882, 1, 0x4800, 2,
    0x3800, 2, 0x4800, 3, 0x4841, 1, 0x4800, 1,
    0xD5ED, 1, 0x7B0A, 1, 0x41C9, 1, 0x3187, 3,
    0x1926, 2, 0x2925, 1, 0x18E4, 1, 0x3187, 1,
    0x1926, 1, 0x8CB2, 1, 0x2925, 1, 0x18E4, 2,
    0x1926, 1, 0x2925, 1, 0x3187, 1, 0x50A3, 1,
    0x7062, 1, 0x20E4, 1, 0x2925, 1, 0x20E4, 1,
    0x2925, 1, 0x50A3, 1, 0x7062, 1, 0x20E4, 1,
    0x18C5, 11, 0x3000, 3, 0x4800, 2, 0x5000, 2,
    0x8000, 1, 0xA001, 1, 0x98C3, 1, 0x8000, 1,
    0x0000, 6, 0x0862, 3, 0x0000, 1, 0x0862, 4,
    0x0000, 7, 0x2000, 1, 0x1882, 1, 0x6000, 2,
    0xA001, 1, 0x8800, 8, 0x8000, 1, 0x7800, 10,
    0x7000, 1, 0x6000, 1, 0x18E4, 1, 0x1926, 3,
    0x2925, 1, 0x3187, 1, 0x2925, 1, 0x4947, 1,
    0x3800, 1, 0x0862, 1, 0x1882, 4, 0x2925, 2,
    0x3187, 1, 0x1882, 5, 0x4800, 4, 0x4841, 1,
    0x4800, 1, 0x4841, 1, 0x18C5, 5, 0x2925, 1,
    0x8CB2, 1, 0x5C32, 3, 0x0000, 1, 0x1926, 1,
    0x0000, 1, 0x1926, 8, 0x7062, 1, 0x7145, 1,
    0x3187, 1, 0x50A3, 2, 0x3187, 1, 0x50A3, 1,
    0x91A7, 1, 0x18C5, 13, 0x2000, 1, 0x3000, 2,
    0x4800, 2, 0x5000, 1, 0x8000, 1, 0xA001, 2,
    0x8000, 1, 0x50A3, 1, 0x7062, 1, 0x2925, 1,
    0x91A7, 1, 0x636E, 4, 0x8CB2, 6, 0x636E, 3,
    0x91A7, 1, 0x41C9, 1, 0x98C3, 1, 0x7062, 1,
    0xA001, 1, 0x98C3, 3, 0xA001, 2, 0x8800, 7,
    0x8000, 1, 0x7800, 6, 0x7000, 2, 0x6000, 4,
    0x18E4, 1, 0x1926, 1, 0x18E4, 2, 0x20E4, 1,
    0x3187, 1, 0x20E4, 1, 0x62EA, 1, 0x1882, 2,
    0x0862, 1, 0x1882, 1, 0x3800, 1, 0x4947, 1,
    0x2925, 1, 0x3187, 1, 0x0862, 1, 0x3800, 1,
    0x1882, 4, 0x4800, 4, 0x18C5, 12, 0x8CB2, 2,
    0x1926, 1, 0x18E4, 1, 0x1926, 2, 0x18E4, 1,
    0x1926, 3, 0x18E4, 2, 0x1926, 1, 0x50A3, 1,
    0x91A7, 1, 0x50A3, 1, 0x91A7, 1, 0x50A3, 1,
    0x3187, 1, 0x18C5, 14, 0x2000, 1, 0x3000, 2,
    0x4800, 3, 0x6000, 1, 0xA001, 3, 0x8800, 1,
    0xA001, 1, 0x98C3, 2, 0x91A7, 1, 0x8C0C, 1,
    0x8CB2, 2, 0xD5ED, 1, 0x8CB2, 1, 0xF6CE, 2,
    0x8CB2, 3, 0xB50D, 1, 0x91A7, 1, 0x98C3, 2,
    0xA001, 8, 0x8800, 5, 0x8000, 3, 0x7800, 5,
    0x6000, 3, 0x4800, 3, 0x3000, 1, 0x18E4, 4,
    0x1926, 1, 0x3187, 1, 0x20E4, 1, 0x2925, 2,
    0x1882, 3, 0x2925, 3, 0x7145, 1, 0x1882, 4,
    0x4800, 3, 0x18C5, 17, 0x18E4, 3, 0x1926, 2,
    0x18E4, 4, 0x1926, 2, 0x18E4, 2, 0x2925, 1,
    0x8CB2, 1, 0x3187, 1, 0x18C5, 16, 0x2000, 1,
    0x3000, 3, 0x4800, 1, 0x6000, 1, 0x7800, 1,
    0x8000, 1, 0x7800, 1, 0x7000, 3, 0x7800, 2,
    0x8000, 3, 0x8800, 3, 0xA001, 2, 0x8800, 3,
    0x8000, 2, 0x8800, 3, 0xA001, 7, 0x8800, 1,
    0x8000, 3, 0x7800, 3, 0x7000, 4, 0x6000, 4,
    0x4800, 1, 0x2000, 2, 0x18E4, 6, 0x2925, 2,
    0x1882, 1, 0x62EA, 1, 0x1882, 1, 0x3800, 1,
    0x1882, 1, 0x62EA, 1, 0x2925, 1, 0x1882, 1,
    0x91A7, 1, 0x3800, 1, 0x4800, 3, 0x18C5, 27,
    0x18E4, 4, 0x1926, 3, 0x2925, 1, 0x18C5, 17,
    0x0000, 1, 0x2000, 3, 0x4800, 2, 0x6000, 7,
    0x7000, 1, 0x6000, 2, 0x5000, 2, 0x4800, 1,
    0x6000, 1, 0x4800, 1, 0x6000, 3, 0x7000, 1,
    0x7800, 2, 0x8000, 10, 0x7800, 3, 0x6000, 6,
    0x4800, 3, 0x3800, 1, 0x3000, 3, 0x2000, 2,
    0x18E4, 2, 0x1926, 1, 0x18E4, 3, 0x3187, 2,
    0x20E4, 1, 0x2925, 1, 0x4947, 1, 0x5248, 2,
    0x2925, 1, 0x20E4, 1, 0x2925, 2, 0x3800, 1,
    0x18C5, 56, 0x0000, 1, 0x2000, 3, 0x3000, 1,
    0x3800, 2, 0x4800, 8, 0x3800, 1, 0x3000, 1,
    0x2000, 2, 0x3000, 2, 0x3800, 1, 0x4800, 4,
    0x5000, 9, 0x6000, 1, 0x4800, 7, 0x3000, 2,
    0x2000, 9, 0x18E4, 2, 0x1926, 1, 0x18E4, 1,
    0x1926, 2, 0x2925, 1, 0x50A3, 1, 0x20E4, 1,
    0x1882, 1, 0x2925, 3, 0x1882, 1, 0x20E4, 1,
    0x7145, 1, 0x1882, 1, 0x18C5, 59, 0x2000, 4,
    0x3000, 9, 0x2000, 4, 0x3000, 2, 0x3800, 1,
    0x4800, 4, 0x5000, 8, 0x6000, 1, 0x3800, 1,
    0x3000, 2, 0x2000, 4, 0x3000, 3, 0x3800, 2,
    0x3000, 2, 0x3800, 3, 0x18E4, 5, 0x2925, 2,
    0x1926, 1, 0x1882, 1, 0x91A7, 1, 0x2925, 1,
    0x20E4, 5, 0x3187, 1, 0x50A3, 1, 0x18C5, 63,
    0x1926, 1, 0x18E4, 1, 0x1926, 2, 0x18E4, 2,
    0x2000, 1, 0x3000, 4, 0x2000, 5, 0x3000, 13,
    0x3800, 2, 0x3000, 2, 0x2000, 1, 0x18C5, 9,
    0x18E4, 3, 0x2925, 1, 0x18E4, 5, 0x1926, 1,
    0x18E4, 1, 0x1926, 1, 0x18E4, 1, 0x7062, 1,
    0x7145, 1, 0x2925, 2, 0x20E4, 1, 0x2925, 1,
    0x50A3, 1, 0x7062, 1, 0x18C5, 66, 0x1926, 3,
    0x18E4, 6, 0x1926, 1, 0x18E4, 2, 0x8CB2, 1,
    0x18C5, 30, 0x18E4, 4, 0x1926, 2, 0x18E4, 1,
    0x1926, 5, 0x91A7, 1, 0x50A3, 3, 0x3187, 1,
    0x50A3, 1, 0x18C5, 111, 0x18E4, 7, 0x1926, 1,
    0x18E4, 3, 0x1926, 1, 0x3187, 1, 0x50A3, 1,
    0x91A7, 1, 0x50A3, 1, 0x18C5, 113, 0x18E4, 2,
    0x1926, 2, 0x18E4, 5, 0x1926, 3, 0x2925, 1,
    0x8CB2, 1, 0x3187, 1, 0x18C5, 4022, 0x18C5, 3279,
    0x91A7, 2, 0x18C5, 125, 0x91A7, 2, 0x7145, 6,
    0x18C5, 119, 0x7062, 3, 0x7145, 9, 0x18C5, 116,
    0x7062, 8, 0x7145, 7, 0x5AEC, 3, 0x7145, 1,
    0x18C5, 20, 0x7145, 6, 0x91A7, 4, 0x18C5, 78,
    0x7800, 9, 0x7062, 2, 0x7145, 11, 0x5AEC, 1,
    0x7145, 2, 0x7062, 1, 0x7145, 2, 0x5AEC, 3,
    0x7145, 1, 0x5AEC, 4, 0x7145, 14, 0x7062, 1,
    0x18C5, 77, 0x7800, 11, 0x7062, 6, 0x7145, 12,
    0x5AEC, 1, 0x7145, 11, 0x7062, 10, 0x18C5, 76,
    0x7800, 17, 0x7062, 14, 0x7145, 4, 0x7062, 8,
    0x7800, 7, 0x7062, 2, 0x18C5, 76, 0x7800, 2,
    0x6000, 9, 0x7800, 15, 0x8000, 1, 0x7800, 5,
    0x7062, 3, 0x7800, 17, 0x18C5, 76, 0x7000, 1,
    0x6000, 1, 0x5000, 8, 0x6000, 1, 0x7000, 5,
    0x7800, 36, 0x18C5, 75, 0x6000, 2, 0x4800, 1,
    0x3000, 3, 0x7000, 1, 0x3000, 4, 0x4800, 1,
    0x5000, 6, 0x7000, 3, 0x6000, 3, 0x7800, 6,
    0x6000, 3, 0x7000, 3, 0x7800, 7, 0x6000, 8,
    0x7800, 2, 0x18C5, 75, 0x3000, 1, 0x4800, 1,
    0x50A3, 2, 0x7000, 5, 0x6000, 1, 0x2000, 2,
    0x3000, 7, 0x5000, 2, 0x6000, 11, 0x5000, 5,
    0x7000, 5, 0x6000, 1, 0x5000, 8, 0x6000, 1,
    0x7000, 1, 0x4800, 1, 0x18C5, 72, 0x7062, 5,
    0x50A3, 2, 0x7000, 1, 0x50A3, 2, 0x7000, 1,
    0x6000, 4, 0x2000, 7, 0x3000, 4, 0x4800, 6,
    0x3000, 8, 0x5000, 4, 0x3000, 4, 0x8800, 1,
    0x3000, 4, 0x4800, 1, 0x6000, 1, 0x4800, 1,
    0x18C5, 58, 0x7000, 2, 0x8000, 3, 0x3000, 2,
    0x3A4A, 1, 0x3187, 2, 0x5248, 1, 0x62EA, 1,
    0x636E, 2, 0x6000, 3, 0x5000, 1, 0x4800, 4,
    0x8CB2, 1, 0x7000, 3, 0x6000, 2, 0x7000, 1,
    0x8000, 2, 0x7062, 3, 0x91A7, 6, 0x636E, 1,
    0x91A7, 1, 0x3000, 3, 0x2000, 11, 0x3000, 1,
    0x2000, 1, 0x8800, 3, 0x6000, 4, 0x3000, 3,
    0x4800, 2, 0x18C5, 53, 0x8000, 2, 0x8800, 4,
    0x18E4, 1, 0x7B8D, 3, 0x91A7, 1, 0x5AEC, 2,
    0x5C32, 1, 0xB50D, 4, 0x5C32, 1, 0x2925, 1,
    0xA489, 4, 0x20E4, 2, 0x6000, 4, 0x4800, 2,
    0x7800, 2, 0x2925, 1, 0x5C32, 1, 0x8CB2, 1,
    0x8000, 1, 0x7062, 5, 0x8000, 4, 0x7062, 9,
    0x8000, 3, 0x8800, 4, 0x98C3, 2, 0x6000, 1,
    0x50A3, 2, 0x3800, 3, 0x2000, 1, 0x3000, 2,
    0x6000, 1, 0x18C5, 50, 0x8800, 2, 0x91A7, 1,
    0x7062, 1, 0x91A7, 3, 0x2925, 2, 0x5AEC, 1,
    0x636E, 3, 0xB50D, 4, 0x5AEC, 2, 0x636E, 1,
    0x8CB2, 2, 0x91A7, 1, 0x636E, 2, 0x7062, 2,
    0x8000, 2, 0x7800, 3, 0x7000, 2, 0x6000, 2,
    0x5000, 2, 0x4800, 2, 0x6000, 5, 0x5000, 1,
    0x6000, 1, 0x8000, 13, 0x8800, 2, 0x98C3, 2,
    0x636E, 3, 0x50A3, 1, 0x6000, 2, 0x4841, 3,
    0x20E4, 2, 0x2000, 1, 0x3000, 1, 0x18C5, 48,
    0x8000, 2, 0x7062, 2, 0x91A7, 3, 0x3A4A, 2,
    0x636E, 3, 0x7B8D, 1, 0x636E, 2, 0x7B8D, 1,
    0xB50D, 1, 0xA489, 1, 0xB50D, 5, 0xA489, 1,
    0x5AEC, 4, 0x7062, 2, 0x7800, 7, 0x7000, 3,
    0x7800, 1, 0x7B0A, 1, 0x636E, 1, 0x7000, 2,
    0x6000, 2, 0x636E, 1, 0x6000, 3, 0x5000, 2,
    0x8000, 8, 0x8800, 1, 0x98C3, 1, 0x636E, 5,
    0x41C9, 1, 0x50A3, 2, 0x20E4, 1, 0x4841, 2,
    0x20E4, 3, 0x5248, 1, 0x3187, 1, 0x3000, 1,
    0x18C5, 47, 0x8000, 2, 0x91A7, 5, 0x3A4A, 1,
    0x636E, 5, 0x5AEC, 1, 0x636E, 2, 0xB50D, 1,
    0x5AEC, 2, 0x3A4A, 1, 0x41C9, 1, 0x636E, 1,
    0xA489, 2, 0x5AEC, 4, 0x7145, 2, 0x7062, 1,
    0x7000, 4, 0x7800, 5, 0x91A7, 2, 0x7B0A, 1,
    0x18E4, 1, 0x3800, 1, 0x7000, 1, 0x636E, 2,
    0x2925, 1, 0x636E, 3, 0x5AEC, 1, 0x5000, 1,
    0x6000, 1, 0x5000, 2, 0x7800, 2, 0x8800, 1,
    0x8000, 1, 0x91A7, 2, 0x636E, 4, 0x50A3, 4,
    0x20E4, 6, 0x5248, 3, 0x3187, 1, 0x2000, 1,
    0x18C5, 44, 0x8000, 2, 0x91A7, 3, 0x636E, 3,
    0x3A4A, 1, 0x636E, 3, 0x5AEC, 3, 0x636E, 1,
    0xB50D, 5, 0xA489, 2, 0xB50D, 2, 0x5AEC, 3,
    0x7145, 6, 0x7000, 4, 0x8800, 1, 0x8000, 1,
    0x91A7, 3, 0x18E4, 3, 0x5C32, 1, 0x18E4, 1,
    0x4841, 1, 0x3A4A, 2, 0x636E, 1, 0x3A4A, 1,
    0x432E, 1, 0x3A4A, 1, 0x5AEC, 1, 0x6000, 2,
    0x5000, 1, 0x8000, 2, 0x98C3, 2, 0x8CB2, 3,
    0x636E, 1, 0x41C9, 3, 0x20E4, 3, 0x4841, 1,
    0x20E4, 1, 0x2925, 2, 0x5248, 6, 0x3187, 1,
    0x18C5, 43, 0x98C3, 1, 0x91A7, 1, 0x8CB2, 3,
    0x7B0A, 1, 0x8CB2, 1, 0x7B8D, 3, 0x636E, 8,
    0x5AEC, 12, 0x7145, 6, 0x7000, 2, 0x3187, 3,
    0x91A7, 1, 0x18E4, 3, 0x5C32, 3, 0x2925, 1,
    0x20E4, 1, 0x3A4A, 1, 0x5C32, 3, 0x636E, 1,
    0x432E, 1, 0x3A4A, 1, 0x5AEC, 1, 0x6000, 1,
    0x91A7, 2, 0x8CB2, 3, 0x636E, 3, 0x41C9, 2,
    0x20E4, 4, 0x1882, 3, 0x20E4, 1, 0x7B0A, 1,
    0x5248, 7, 0x18C5, 41, 0x0862, 1, 0x18C5, 1,
    0x0862, 2, 0x1926, 4, 0x2189, 5, 0x1926, 4,
    0x2189, 2, 0x18C5, 1, 0x636E, 5, 0x91A7, 1,
    0x636E, 3, 0x91A7, 1, 0x636E, 2, 0x5248, 2,
    0x7145, 2, 0x7000, 2, 0x6000, 1, 0x91A7, 1,
    0x3187, 1, 0x18E4, 2, 0x20E4, 1, 0x5C32, 3,
    0x8CB2, 3, 0x5C32, 1, 0x3A4A, 1, 0x20E4, 1,
    0x636E, 1, 0x5C32, 1, 0x636E, 1, 0x5C32, 1,
    0x20E4, 1, 0x2925, 1, 0x1882, 1, 0x8CB2, 4,
    0x636E, 3, 0x3187, 2, 0x50A3, 2, 0x3187, 1,
    0x20E4, 2, 0x3187, 2, 0x5248, 1, 0x7B0A, 5,
    0x5248, 4, 0xA489, 1, 0x18C5, 41, 0x0862, 1,
    0x1926, 1, 0x2925, 1, 0x3187, 5, 0x41C9, 8,
    0x2189, 1, 0x41C9, 10, 0x2189, 4, 0x7145, 2,
    0x5AEC, 2, 0x7062, 2, 0x91A7, 1, 0x7B0A, 1,
    0x91A7, 1, 0x2925, 1, 0x18E4, 1, 0x8CB2, 2,
    0x5C32, 1, 0x8CB2, 6, 0x3A4A, 1, 0x20E4, 1,
    0x432E, 2, 0x636E, 1, 0x20E4, 2, 0x636E, 4,
    0x8CB2, 2, 0x5AEC, 1, 0x41C9, 1, 0x3A4A, 1,
    0x5248, 1, 0x3187, 2, 0x20E4, 3, 0x62EA, 2,
    0x8C0C, 2, 0x7B0A, 1, 0xA489, 1, 0x7B0A, 5,
    0x5248, 1, 0x7B0A, 2, 0x18C5, 40, 0x3187, 9,
    0x41C9, 17, 0x3187, 1, 0x41C9, 1, 0x2189, 2,
    0x41C9, 2, 0x2189, 3, 0x18E4, 1, 0x0862, 1,
    0x18C5, 1, 0x91A7, 2, 0x20E4, 1, 0x636E, 1,
    0x5C32, 1, 0x8CB2, 9, 0x636E, 1, 0x1926, 2,
    0x432E, 1, 0x20E4, 1, 0x2925, 1, 0x5AEC, 2,
    0x8CB2, 4, 0x636E, 1, 0x41C9, 2, 0x3A4A, 1,
    0x7B0A, 1, 0x62EA, 1, 0x5248, 1, 0x3187, 3,
    0x8C0C, 2, 0xA489, 4, 0x7B0A, 5, 0xA489, 1,
    0x8C0C, 1, 0x5248, 1, 0x18C5, 40, 0x3187, 8,
    0x41C9, 17, 0x2189, 1, 0x3187, 1, 0x41C9, 2,
    0x2189, 3, 0x41C9, 2, 0x2189, 2, 0x3A4A, 1,
    0x2189, 1, 0x91A7, 1, 0x7B0A, 1, 0x3187, 1,
    0x432E, 1, 0x5C32, 1, 0x8CB2, 2, 0x5C32, 1,
    0x8CB2, 5, 0x5C32, 2, 0x432E, 1, 0x20E4, 1,
    0x3A4A, 1, 0x20E4, 1, 0x5248, 1, 0x636E, 6,
    0x5248, 1, 0x41C9, 1, 0x3A4A, 2, 0x7B0A, 2,
    0x62EA, 1, 0x3187, 1, 0x2925, 1, 0xA489, 7,
    0x7B0A, 4, 0xA489, 2, 0x8C0C, 1, 0xB50D, 1,
    0x18C5, 39, 0x3187, 9, 0x41C9, 3, 0x5248, 2,
    0x41C9, 9, 0x2189, 4, 0x432E, 2, 0x2189, 7,
    0x41C9, 1, 0x3A4A, 1, 0x2189, 1, 0x91A7, 2,
    0x3187, 1, 0x432E, 1, 0x8CB2, 3, 0x5C32, 8,
    0x432E, 1, 0x4841, 1, 0x18E4, 1, 0x20E4, 1,
    0x7B0A, 2, 0x636E, 4, 0x5248, 1, 0x41C9, 2,
    0x3A4A, 1, 0x7B0A, 3, 0xB50D, 1, 0x8C0C, 1,
    0x62EA, 1, 0x8C0C, 1, 0xA489, 6, 0x7B0A, 2,
    0xA489, 3, 0x7B0A, 1, 0x7145, 2, 0x18C5, 39,
    0x3187, 3, 0x41C9, 1, 0x3187, 2, 0x4947, 2,
    0x5248, 1, 0x41C9, 1, 0x5248, 1, 0x41C9, 1,
    0x5248, 2, 0x41C9, 2, 0x2189, 6, 0x3A4A, 1,
    0x2189, 4, 0x54F5, 4, 0x432E, 2, 0x2189, 3,
    0x41C9, 1, 0x3A4A, 2, 0xA001, 1, 0x7B0A, 1,
    0x3187, 1, 0x636E, 1, 0x5C32, 11, 0x636E, 1,
    0x3A4A, 1, 0x7062, 1, 0x5AEC, 1, 0x636E, 4,
    0x5248, 3, 0x3A4A, 1, 0x5248, 3, 0x7B0A, 1,
    0xB50D, 2, 0x8C0C, 2, 0xA489, 4, 0x7B0A, 1,
    0xA489, 1, 0x7B0A, 2, 0xA489, 3, 0x7B0A, 2,
    0x7062, 1, 0x7145, 1, 0x18C5, 38, 0x3187, 1,
    0x41C9, 3, 0x432E, 2, 0x1926, 3, 0x2189, 4,
    0x5C32, 2, 0x2189, 5, 0x432E, 1, 0x5C32, 7,
    0x54F5, 8, 0x432E, 1, 0x2189, 2, 0x3A4A, 1,
    0x91A7, 1, 0x7B0A, 1, 0x3187, 1, 0x636E, 1,
    0x5C32, 11, 0x636E, 1, 0x2925, 1, 0x7062, 1,
    0x7B0A, 1, 0x636E, 5, 0x5248, 1, 0x3A4A, 1,
    0x41C9, 1, 0x5248, 1, 0x7B0A, 1, 0xB50D, 5,
    0x8C0C, 2, 0xA489, 4, 0x7B0A, 1, 0xA489, 6,
    0x62EA, 1, 0xA489, 2, 0x18C5, 37, 0x0862, 1,
    0x18E4, 1, 0x2189, 5, 0x3A4A, 1, 0x432E, 1,
    0x5C32, 6, 0x1926, 1, 0x2189, 3, 0x5C32, 10,
    0x432E, 1, 0x2189, 1, 0x54F5, 8, 0x432E, 1,
    0x2189, 1, 0x3A4A, 1, 0x7B0A, 1, 0x3187, 1,
    0x5C32, 12, 0x636E, 1, 0x3A4A, 1, 0x636E, 3,
    0x5AEC, 7, 0x5248, 1, 0xB50D, 5, 0xA489, 6,
    0xD5ED, 1, 0xA489, 5, 0x7B0A, 1, 0xA489, 4,
    0x18C5, 37, 0x2189, 1, 0x3A4A, 1, 0x432E, 7,
    0x5C32, 5, 0x1926, 1, 0x2189, 1, 0x0862, 1,
    0x1926, 1, 0x2189, 2, 0x432E, 1, 0x5C32, 7,
    0x2189, 2, 0x432E, 1, 0x2189, 2, 0x54F5, 7,
    0x432E, 1, 0x2189, 1, 0x636E, 1, 0x3187, 1,
    0x432E, 1, 0x5C32, 9, 0x432E, 2, 0x3A4A, 1,
    0x636E, 2, 0x5248, 1, 0x636E, 3, 0x5AEC, 4,
    0x8CB2, 1, 0xF6CE, 1, 0xD5ED, 6, 0xA489, 4,
    0x18C5, 3, 0xA489, 4, 0x7B0A, 2, 0xA489, 1,
    0x7B0A, 1, 0xA489, 1, 0x18C5, 36, 0x432E, 10,
    0x5C32, 4, 0x2189, 2, 0x0862, 1, 0x0000, 2,
    0x1926, 1, 0x2189, 1, 0x5C32, 7, 0x2189, 1,
    0x0862, 1, 0x18E4, 1, 0x0862, 1, 0x2189, 2,
    0x54F5, 8, 0x432E, 1, 0x91A7, 1, 0x5AEC, 1,
    0x636E, 1, 0x5C32, 7, 0x5AEC, 2, 0x432E, 1,
    0x636E, 2, 0x3A4A, 1, 0x5248, 1, 0x636E, 2,
    0x5AEC, 2, 0x636E, 1, 0x5AEC, 1, 0x8CB2, 2,
    0xF6CE, 3, 0xD5ED, 5, 0xA489, 4, 0x18C5, 5,
    0x62EA, 2, 0x5248, 1, 0x7B0A, 1, 0xA489, 2,
    0xD5ED, 1, 0x18C5, 36, 0x432E, 9, 0x5C32, 5,
    0x2189, 2, 0x0862, 3, 0x2189, 2, 0x5C32, 2,
    0x432E, 1, 0x5C32, 3, 0x2189, 2, 0x0862, 3,
    0x2189, 3, 0x54F5, 7, 0x432E, 1, 0x98C3, 1,
    0x3187, 1, 0x432E, 1, 0x5C32, 6, 0x636E, 2,
    0x2925, 1, 0x41C9, 1, 0x5248, 1, 0x41C9, 1,
    0x636E, 4, 0x5AEC, 3, 0x8CB2, 2, 0xF6CE, 4,
    0xD5ED, 5, 0xA489, 1, 0xD5ED, 1, 0xA489, 1,
    0x18C5, 8, 0x2925, 1, 0x62EA, 1, 0xA489, 1,
    0x91A7, 2, 0x18C5, 35, 0x432E, 10, 0x5C32, 2,
    0x432E, 2, 0x5C32, 1, 0x2189, 1, 0x432E, 1,
    0x2189, 2, 0x5C32, 1, 0x2189, 1, 0x432E, 1,
    0x5C32, 6, 0x2189, 2, 0x18E4, 2, 0x0862, 1,
    0x2189, 1, 0x432E, 1, 0x2189, 1, 0x54F5, 8,
    0x7145, 1, 0x1926, 1, 0x3187, 1, 0x5C32, 5,
    0x3187, 1, 0x1926, 1, 0x18E4, 1, 0x5248, 1,
    0x41C9, 1, 0x5248, 1, 0x636E, 3, 0x5AEC, 3,
    0x8CB2, 3, 0xF6CE, 5, 0xD5ED, 4, 0xA489, 3,
    0x18C5, 9, 0x3000, 1, 0x3187, 1, 0x62EA, 1,
    0x7145, 1, 0x7800, 1, 0x18C5, 34, 0x432E, 10,
    0x5C32, 1, 0x636E, 2, 0x432E, 5, 0x2189, 1,
    0x5C32, 7, 0x2189, 1, 0x432E, 1, 0x5C32, 2,
    0x432E, 2, 0x2189, 1, 0x432E, 1, 0x54F5, 1,
    0x432E, 1, 0x54F5, 9, 0x7145, 1, 0x1926, 1,
    0x3187, 1, 0x636E, 1, 0x5C32, 2, 0x3187, 1,
    0x1926, 1, 0x18E4, 1, 0x5AEC, 1, 0x5248, 2,
    0x5AEC, 2, 0x636E, 1, 0x5AEC, 1, 0x636E, 2,
    0x8CB2, 2, 0x636E, 1, 0x8CB2, 2, 0xF6CE, 5,
    0xD5ED, 5, 0xA489, 1, 0x1882, 3, 0x2925, 1,
    0x18C5, 7, 0x3187, 1, 0x8C0C, 1, 0x7145, 1,
    0x8C0C, 1, 0x18C5, 33, 0x91A7, 1, 0x3A4A, 2,
    0x2189, 8, 0x3A4A, 2, 0x2189, 2, 0x3A4A, 1,
    0x432E, 2, 0x3A4A, 1, 0x2189, 3, 0x3A4A, 1,
    0x5C32, 1, 0x432E, 8, 0x5C32, 3, 0x54F5, 12,
    0x18E4, 2, 0x3187, 1, 0x432E, 2, 0x7B0A, 1,
    0x5AEC, 1, 0x7145, 1, 0x3A4A, 1, 0x5AEC, 2,
    0x5248, 4, 0x8CB2, 8, 0xF6CE, 1, 0xB50D, 1,
    0xF6CE, 1, 0xD5ED, 4, 0xA489, 1, 0xD5ED, 2,
    0x1882, 2, 0x3187, 2, 0x7145, 1, 0x18C5, 6,
    0x5248, 1, 0x7B0A, 1, 0x62EA, 1, 0x4947, 1,
    0x18C5, 31, 0x636E, 1, 0x91A7, 2, 0x2000, 1,
    0x3000, 2, 0x91A7, 2, 0x8000, 2, 0x18C5, 1,
    0x1926, 2, 0x2189, 18, 0x3A4A, 2, 0x2189, 5,
    0x3A4A, 1, 0x54F5, 9, 0x432E, 1, 0x3187, 1,
    0x18E4, 1, 0x3187, 1, 0x91A7, 1, 0x7145, 1,
    0x5AEC, 1, 0x5248, 1, 0x5AEC, 4, 0x5248, 3,
    0x8CB2, 6, 0xF6CE, 3, 0x8CB2, 1, 0xB50D, 1,
    0xF6CE, 1, 0xD5ED, 6, 0x0862, 2, 0x91A7, 1,
    0x50A3, 1, 0x3187, 2, 0x91A7, 1, 0x3187, 1,
    0x18C5, 4, 0x2925, 1, 0x7B0A, 1, 0x62EA, 1,
    0x18C5, 29, 0x7800, 1, 0x91A7, 1, 0x3800, 1,
    0x8800, 2, 0x636E, 2, 0x5AEC, 2, 0x7B0A, 1,
    0x636E, 1, 0x5AEC, 2, 0x5248, 1, 0x20E4, 2,
    0x3800, 2, 0x91A7, 6, 0x7000, 2, 0x7800, 4,
    0x7000, 2, 0x2189, 6, 0x3A4A, 9, 0x2189, 4,
    0x432E, 1, 0x5AEC, 2, 0x7145, 1, 0x5AEC, 5,
    0x5248, 4, 0x8CB2, 5, 0xF6CE, 14, 0x0862, 1,
    0x1882, 1, 0x3187, 1, 0x91A7, 1, 0x3187, 1,
    0x2925, 2, 0x7145, 1, 0x50A3, 1, 0x91A7, 1,
    0x18C5, 3, 0x3000, 1, 0x7B0A, 1, 0x7145, 1,
    0x18C5, 25, 0x8000, 1, 0x91A7, 2, 0x2000, 1,
    0x7062, 2, 0x5AEC, 9, 0x636E, 2, 0x8CB2, 6,
    0x636E, 3, 0x5AEC, 4, 0x5248, 2, 0x20E4, 3,
    0x2925, 3, 0x1882, 3, 0x3800, 1, 0x18E4, 1,
    0x7062, 1, 0x3000, 1, 0x3800, 2, 0x91A7, 1,
    0x3000, 2, 0x2000, 2, 0x91A7, 3, 0x6000, 1,
    0x5248, 1, 0x91A7, 1, 0x5AEC, 1, 0x5248, 1,
    0x5AEC, 3, 0x5248, 3, 0x8CB2, 4, 0xD5ED, 1,
    0x8CB2, 2, 0xF6CE, 14, 0x1882, 1, 0x7145, 1,
    0x50A3, 1, 0x3187, 1, 0x2925, 2, 0x20E4, 1,
    0x2925, 1, 0x7145, 1, 0x91A7, 1, 0x18C5, 3,
    0x3800, 1, 0x7B0A, 1, 0x4947, 1, 0x18C5, 23,
    0x7000, 1, 0x91A7, 2, 0x2000, 1, 0x7145, 2,
    0x636E, 2, 0x5AEC, 6, 0x636E, 3, 0x7B8D, 1,
    0x636E, 3, 0x5C32, 1, 0x8CB2, 1, 0xB50D, 2,
    0x5C32, 2, 0x636E, 5, 0x8CB2, 3, 0x636E, 2,
    0x8CB2, 4, 0x7B8D, 1, 0x636E, 3, 0x91A7, 3,
    0x8000, 2, 0x1882, 1, 0x3000, 1, 0x91A7, 1,
    0x7800, 1, 0x7145, 4, 0x5AEC, 1, 0x636E, 1,
    0x5AEC, 4, 0x7B0A, 1, 0x5248, 1, 0x8CB2, 3,
    0xF6CE, 1, 0xD5ED, 3, 0x636E, 1, 0x8CB2, 1,
    0xF6CE, 3, 0x636E, 1, 0x5C32, 1, 0xF6CE, 4,
    0xB50D, 1, 0xF6CE, 4, 0x1882, 1, 0x91A7, 1,
    0x3187, 1, 0x20E4, 1, 0x1882, 1, 0x20E4, 1,
    0x1882, 2, 0x2925, 1, 0x3187, 1, 0x50A3, 1,
    0x18C5, 2, 0x3000, 1, 0x4947, 1, 0x18C5, 21,
    0x8CB2, 1, 0x7000, 1, 0x91A7, 1, 0x2000, 2,
    0x2925, 2, 0x636E, 1, 0xB50D, 4, 0x636E, 1,
    0x5AEC, 2, 0x636E, 1, 0x8CB2, 2, 0xB50D, 2,
    0x8CB2, 2, 0x636E, 2, 0xB50D, 1, 0x636E, 7,
    0xB50D, 4, 0x636E, 6, 0x7B8D, 1, 0x636E, 1,
    0x91A7, 3, 0x636E, 2, 0x8000, 1, 0x2000, 1,
    0x91A7, 2, 0x50A3, 4, 0x5248, 3, 0x5AEC, 7,
    0x8CB2, 3, 0xF6CE, 2, 0xD5ED, 2, 0xF6CE, 2,
    0x636E, 2, 0xF6CE, 3, 0x2925, 2, 0x41C9, 1,
    0xF6CE, 3, 0xB50D, 1, 0xF6CE, 3, 0x0862, 1,
    0x3187, 1, 0x7145, 1, 0x2925, 6, 0x1882, 1,
    0x2925, 1, 0x91A7, 1, 0x18C5, 2, 0x3000, 1,
    0x4947, 1, 0x18C5, 19, 0x8800, 1, 0x7145, 1,
    0x91A7, 1, 0x2000, 2, 0x2925, 1, 0x5AEC, 2,
    0xB50D, 3, 0xA489, 2, 0x5248, 1, 0x636E, 1,
    0xB50D, 1, 0x8C0C, 1, 0x7B8D, 1, 0x636E, 3,
    0x5AEC, 2, 0x636E, 6, 0x7B8D, 3, 0xB50D, 1,
    0x7B8D, 1, 0xB50D, 1, 0x7B8D, 1, 0x636E, 1,
    0xB50D, 4, 0x5C32, 1, 0x636E, 3, 0x91A7, 2,
    0x636E, 2, 0x8800, 1, 0x0862, 1, 0x91A7, 1,
    0x50A3, 2, 0x5248, 6, 0x5AEC, 2, 0x636E, 1,
    0x5AEC, 2, 0x8C0C, 1, 0x5AEC, 1, 0x7B0A, 1,
    0x8CB2, 5, 0xD5ED, 4, 0xF6CE, 1, 0xD5ED, 1,
    0x636E, 1, 0xF6CE, 3, 0x5C32, 1, 0x2925, 1,
    0x3187, 1, 0xF6CE, 3, 0xB50D, 1, 0xF6CE, 3,
    0x1882, 1, 0x3187, 1, 0x2925, 1, 0x20E4, 1,
    0x2925, 1, 0x62EA, 2, 0x4947, 1, 0x2925, 2,
    0x20E4, 1, 0x50A3, 1, 0x18C5, 2, 0x6000, 1,
    0x18C5, 17, 0x8CB2, 1, 0x636E, 1, 0x7062, 1,
    0x7145, 2, 0x2000, 1, 0x3187, 2, 0x8C0C, 3,
    0xB50D, 1, 0x8C0C, 2, 0xA489, 1, 0x7000, 2,
    0x8C0C, 1, 0xB50D, 1, 0x62EA, 1, 0x3187, 1,
    0xB50D, 4, 0x5AEC, 2, 0xB50D, 3, 0x636E, 4,
    0x5AEC, 1, 0x636E, 4, 0x5AEC, 3, 0xB50D, 6,
    0x8CB2, 1, 0x2925, 1, 0x2000, 1, 0x91A7, 1,
    0x50A3, 2, 0x41C9, 4, 0x5AEC, 11, 0x8CB2, 11,
    0xD5ED, 1, 0xF6CE, 1, 0x8C0C, 1, 0xF6CE, 3,
    0xB50D, 1, 0xF6CE, 1, 0x3187, 1, 0xF6CE, 1,
    0xD5ED, 1, 0xF6CE, 1, 0xB50D, 1, 0xF6CE, 3,
    0x1882, 1, 0x3187, 1, 0x20E4, 1, 0x1882, 1,
    0x5248, 1, 0x2925, 1, 0x1882, 2, 0x62EA, 1,
    0x2925, 1, 0x20E4, 1, 0x3187, 1, 0x18C5, 2,
    0x3800, 1, 0x18C5, 15, 0xB50D, 1, 0x8CB2, 1,
    0x91A7, 2, 0x7145, 2, 0x2000, 1, 0x5000, 1,
    0x5AEC, 1, 0x636E, 1, 0x8C0C, 1, 0xA489, 2,
    0x7B0A, 1, 0x6000, 1, 0x7145, 2, 0x41C9, 1,
    0x5248, 3, 0x8C0C, 1, 0xB50D, 4, 0x5AEC, 1,
    0xB50D, 3, 0x5AEC, 1, 0xB50D, 7, 0x8C0C, 2,
    0xB50D, 2, 0x7145, 1, 0x50A3, 1, 0x5248, 1,
    0xD5ED, 1, 0xB50D, 1, 0x2925, 1, 0x636E, 1,
    0x8800, 1, 0x3000, 1, 0x91A7, 1, 0x4841, 2,
    0x3800, 1, 0x41C9, 2, 0x5AEC, 9, 0x636E, 1,
    0x5AEC, 2, 0x8CB2, 10, 0x636E, 2, 0x432E, 1,
    0xF6CE, 1, 0xD5ED, 1, 0x8C0C, 1, 0xA489, 1,
    0xF6CE, 3, 0xB50D, 2, 0xF6CE, 1, 0xA489, 1,
    0xF6CE, 1, 0x7B0A, 1, 0xF6CE, 3, 0x2925, 1,
    0x91A7, 1, 0x20E4, 1, 0x2925, 1, 0x1882, 1,
    0x3800, 1, 0x1882, 3, 0x2925, 2, 0x3187, 1,
    0x18C5, 17, 0x636E, 3, 0x91A7, 1, 0x7145, 2,
    0x2000, 1, 0x7000, 1, 0x5AEC, 3, 0x8C0C, 2,
    0x7B0A, 1, 0x5248, 1, 0xA489, 2, 0x7B0A, 1,
    0x8C0C, 1, 0x5248, 2, 0x4841, 1, 0x5248, 1,
    0x3A4A, 1, 0x50A3, 2, 0x2925, 1, 0x8C0C, 1,
    0xA489, 1, 0x3A4A, 2, 0xA489, 1, 0x8C0C, 1,
    0x2925, 2, 0xA489, 1, 0x8C0C, 1, 0xA489, 2,
    0x50A3, 1, 0x4800, 1, 0xA489, 5, 0x636E, 1,
    0x3A4A, 1, 0x7800, 1, 0x2000, 2, 0x91A7, 1,
    0x50A3, 3, 0x4841, 1, 0x5AEC, 9, 0x636E, 2,
    0x5AEC, 1, 0x8CB2, 10, 0xD5ED, 1, 0x8CB2, 1,
    0x636E, 1, 0x8C0C, 1, 0x2925, 1, 0x8CB2, 1,
    0xF6CE, 1, 0xB50D, 1, 0xA489, 1, 0xF6CE, 2,
    0xD5ED, 1, 0xF6CE, 1, 0xD5ED, 1, 0xA489, 2,
    0x5C32, 1, 0x7B0A, 1, 0xF6CE, 3, 0x3187, 1,
    0x7145, 1, 0x1882, 1, 0x62EA, 1, 0x3800, 1,
    0x1882, 3, 0x3800, 1, 0x62EA, 1, 0x2925, 1,
    0x3187, 1, 0x2925, 1, 0x18C5, 15, 0x636E, 1,
    0x8CB2, 1, 0x5AEC, 1, 0x91A7, 1, 0x7145, 2,
    0x2000, 1, 0x7000, 1, 0x5AEC, 3, 0x3A4A, 1,
    0x8C0C, 2, 0x41C9, 1, 0x6000, 1, 0x7B0A, 1,
    0xA489, 3, 0x8C0C, 3, 0xA489, 1, 0x5248, 1,
    0xA489, 3, 0x5248, 7, 0xA489, 1, 0x8C0C, 1,
    0xA489, 2, 0x41C9, 1, 0x3000, 1, 0x5248, 1,
    0xA489, 5, 0x5AEC, 1, 0x7000, 1, 0x2000, 1,
    0x91A7, 1, 0x4841, 1, 0x50A3, 2, 0x41C9, 4,
    0x636E, 3, 0x5AEC, 4, 0x7145, 1, 0x5AEC, 1,
    0x636E, 1, 0x8CB2, 2, 0x636E, 1, 0x8CB2, 9,
    0xD5ED, 3, 0x5C32, 1, 0xF6CE, 1, 0xD5ED, 1,
    0xB50D, 1, 0x5C32, 1, 0xF6CE, 1, 0xD5ED, 5,
    0xF6CE, 1, 0x5C32, 1, 0xA489, 1, 0xF6CE, 1,
    0xD5ED, 1, 0x1882, 1, 0x2925, 4, 0x1882, 3,
    0x0862, 1, 0x1882, 1, 0x2925, 2, 0x3187, 1,
    0x2925, 1, 0x18C5, 14, 0x636E, 2, 0x5AEC, 2,
    0x7145, 1, 0x2000, 2, 0x6000, 1, 0x5AEC, 3,
    0x20E4, 1, 0xA489, 2, 0x8C0C, 1, 0x5000, 1,
    0x4800, 2, 0x5000, 1, 0x3800, 1, 0x4800, 1,
    0x4947, 2, 0x5248, 2, 0x8C0C, 1, 0xA489, 1,
    0x5248, 1, 0xA489, 2, 0x8C0C, 3, 0xA489, 1,
    0x8C0C, 2, 0x7B0A, 1, 0x4947, 3, 0xA489, 2,
    0x4800, 1, 0x7B0A, 1, 0xA489, 2, 0xB50D, 1,
    0x5AEC, 1, 0x7000, 1, 0x2000, 1, 0x91A7, 1,
    0x4800, 1, 0x50A3, 4, 0x3A4A, 2, 0x5248, 2,
    0x62EA, 1, 0x8C0C, 1, 0x636E, 2, 0x20E4, 2,
    0x7145, 1, 0x3187, 1, 0x636E, 1, 0x5AEC, 1,
    0x636E, 2, 0x8CB2, 6, 0x5AEC, 1, 0x8CB2, 1,
    0xF6CE, 1, 0xD5ED, 1, 0xB50D, 1, 0x8CB2, 1,
    0x5C32, 1, 0xD5ED, 3, 0x3187, 1, 0xF6CE, 1,
    0xA489, 2, 0xD5ED, 1, 0x41C9, 1, 0x3187, 1,
    0x1926, 1, 0x0000, 1, 0xA489, 1, 0xF6CE, 1,
    0xD5ED, 1, 0x1882, 1, 0x2925, 1, 0x20E4, 1,
    0x62EA, 1, 0x1882, 7, 0x62EA, 1, 0x2925, 1,
    0x3187, 1, 0x18C5, 13, 0x3187, 1, 0x91A7, 1,
    0x98C3, 1, 0x8800, 1, 0x7145, 1, 0x2000, 2,
    0x6000, 1, 0x7000, 1, 0x5AEC, 2, 0x7145, 1,
    0x20E4, 1, 0x8C0C, 3, 0x41C9, 2, 0x4947, 1,
    0x5000, 1, 0x4800, 8, 0x50A3, 1, 0x41C9, 1,
    0x7B0A, 3, 0xA489, 3, 0x7B0A, 1, 0xA489, 3,
    0x7800, 1, 0x5AEC, 1, 0xB50D, 1, 0xA489, 1,
    0xB50D, 3, 0x5AEC, 1, 0x4841, 1, 0x2000, 1,
    0x91A7, 1, 0x4841, 2, 0x50A3, 1, 0x3187, 3,
    0x41C9, 1, 0x3A4A, 3, 0xB50D, 2, 0x20E4, 2,
    0x7062, 2, 0x7145, 1, 0x7062, 1, 0x3187, 1,
    0x5AEC, 1, 0x8C0C, 2, 0x636E, 1, 0x8CB2, 4,
    0x91A7, 1, 0x5AEC, 1, 0xB50D, 1, 0xF6CE, 3,
    0xD5ED, 4, 0xF6CE, 1, 0x3187, 1, 0xD5ED, 1,
    0x7B0A, 1, 0xD5ED, 1, 0x5C32, 1, 0x41C9, 1,
    0x3187, 1, 0x20E4, 1, 0xA489, 1, 0xF6CE, 1,
    0xD5ED, 2, 0x18E4, 1, 0x3187, 1, 0x20E4, 1,
    0x4947, 1, 0x3800, 1, 0x1882, 6, 0x2925, 2,
    0x3187, 1, 0x18C5, 12, 0x7145, 1, 0x91A7, 1,
    0x98C3, 1, 0x8800, 1, 0x6000, 1, 0x7145, 2,
    0x2000, 1, 0x7000, 1, 0x7145, 2, 0x5AEC, 1,
    0x7062, 1, 0x20E4, 2, 0x3A4A, 1, 0x8C0C, 1,
    0x50A3, 2, 0x4841, 1, 0x7B0A, 1, 0x4947, 1,
    0x50A3, 2, 0x4800, 5, 0x3800, 2, 0x4800, 3,
    0x4841, 1, 0x5248, 3, 0x7B0A, 1, 0x4841, 1,
    0xB50D, 2, 0x20E4, 1, 0x7000, 1, 0x20E4, 1,
    0x5AEC, 3, 0x7000, 1, 0x2000, 1, 0x91A7, 1,
    0x4800, 1, 0x50A3, 4, 0x41C9, 3, 0x3A4A, 1,
    0x7B0A, 1, 0xB50D, 3, 0x4841, 1, 0x18C5, 1,
    0x7062, 1, 0x7000, 1, 0x7062, 2, 0x2925, 1,
    0x20E4, 1, 0x3187, 2, 0x636E, 1, 0x91A7, 1,
    0x636E, 1, 0x8CB2, 1, 0x636E, 1, 0x3187, 1,
    0x41C9, 1, 0xD5ED, 1, 0xF6CE, 3, 0xA489, 1,
    0xD5ED, 3, 0x2925, 1, 0x3187, 1, 0xD5ED, 1,
    0xA001, 1, 0xA489, 1, 0x41C9, 1, 0x20E4, 3,
    0xF6CE, 1, 0xD5ED, 3, 0x20E4, 1, 0x3187, 1,
    0x20E4, 1, 0x2925, 1, 0x1882, 7, 0x7145, 1,
    0x2925, 1, 0x3187, 1, 0x18C5, 11, 0x3187, 1,
    0x7000, 3, 0x7062, 1, 0x4841, 2, 0x7145, 1,
    0x4800, 1, 0x6000, 1, 0x41C9, 1, 0x5248, 1,
    0x50A3, 1, 0x7062, 2, 0x20E4, 1, 0x3A4A, 1,
    0xB50D, 1, 0x8C0C, 3, 0x4841, 1, 0x50A3, 2,
    0x5248, 1, 0x50A3, 4, 0x4841, 1, 0x4800, 1,
    0x4841, 3, 0x50A3, 1, 0x7B0A, 1, 0x3800, 1,
    0x3000, 1, 0xA489, 1, 0xB50D, 1, 0x432E, 1,
    0x3A4A, 1, 0x20E4, 1, 0x7000, 2, 0x7145, 1,
    0x7062, 2, 0x7000, 1, 0x2000, 1, 0x91A7, 1,
    0x4841, 3, 0x50A3, 3, 0x41C9, 4, 0xB50D, 2,
    0x2925, 1, 0x7145, 1, 0x18C5, 4, 0x6000, 1,
    0x7000, 1, 0x7800, 1, 0x20E4, 1, 0x2925, 1,
    0x3187, 2, 0x91A7, 1, 0x636E, 2, 0x8CB2, 1,
    0x2925, 1, 0xF6CE, 4, 0xA489, 2, 0x3187, 3,
    0x20E4, 1, 0xA489, 1, 0x8C0C, 1, 0xA001, 2,
    0x41C9, 1, 0xF6CE, 4, 0xA489, 3, 0x2925, 1,
    0x3187, 1, 0x20E4, 1, 0x1882, 4, 0x0862, 1,
    0x1882, 2, 0x6000, 1, 0x7145, 1, 0x2925, 1,
    0x3187, 1, 0x18C5, 11, 0x7000, 3, 0x7062, 2,
    0x4841, 2, 0x7145, 1, 0x2000, 1, 0x5000, 1,
    0x4841, 1, 0x5248, 1, 0x50A3, 2, 0x4841, 1,
    0x5000, 2, 0x3187, 1, 0x7B0A, 5, 0x62EA, 1,
    0x3187, 1, 0x20E4, 1, 0x5AEC, 2, 0x8C0C, 1,
    0xA489, 2, 0x20E4, 1, 0x41C9, 1, 0x8C0C, 2,
    0xA489, 2, 0x5AEC, 1, 0x1882, 1, 0x7000, 4,
    0x7062, 2, 0x7000, 2, 0x3000, 1, 0x91A7, 2,
    0x4800, 1, 0x50A3, 7, 0x41C9, 2, 0x5AEC, 1,
    0x3A4A, 1, 0x3187, 1, 0x7062, 1, 0x1882, 3,
    0x0862, 1, 0x3187, 1, 0x18C5, 2, 0x6000, 1,
    0x2925, 2, 0x3187, 2, 0x636E, 1, 0x8CB2, 1,
    0x636E, 1, 0x3187, 1, 0x2925, 1, 0xF6CE, 4,
    0xA489, 2, 0x3187, 1, 0x20E4, 3, 0xA489, 1,
    0x41C9, 1, 0xA001, 2, 0x41C9, 1, 0x3187, 1,
    0xA489, 5, 0x18E4, 1, 0x2925, 1, 0x3187, 1,
    0x2925, 1, 0x1882, 8, 0x2925, 2, 0x3187, 1,
    0x18C5, 10, 0x7000, 3, 0xA489, 1, 0x7145, 1,
    0x7062, 1, 0x50A3, 1, 0x4841, 1, 0x5248, 1,
    0x2000, 1, 0x5000, 2, 0x41C9, 1, 0x5248, 1,
    0x50A3, 2, 0x6000, 3, 0x4800, 1, 0x1882, 3,
    0x3187, 2, 0x7B0A, 1, 0x8C0C, 1, 0x7B0A, 3,
    0x41C9, 2, 0x3187, 1, 0x1882, 1, 0x0862, 2,
    0x4800, 1, 0x6000, 3, 0x50A3, 2, 0x5248, 1,
    0x41C9, 1, 0x6000, 2, 0x2000, 1, 0x7145, 1,
    0x4841, 1, 0x50A3, 1, 0x7145, 1, 0x7062, 1,
    0x8000, 1, 0x50A3, 6, 0x20E4, 1, 0x2925, 3,
    0x7062, 1, 0x6000, 1, 0x1882, 1, 0x0862, 1,
    0x1882, 1, 0x3187, 2, 0x7145, 1, 0x91A7, 1,
    0x18C5, 1, 0x6000, 1, 0x432E, 1, 0x5C32, 1,
    0x3187, 2, 0x636E, 2, 0x2925, 1, 0xA489, 1,
    0xF6CE, 4, 0xA001, 2, 0x20E4, 1, 0xF6CE, 3,
    0xA489, 1, 0x41C9, 1, 0xA001, 1, 0x7062, 1,
    0x7B8D, 1, 0x3187, 4, 0x2925, 1, 0xA489, 1,
    0x1882, 1, 0x2925, 1, 0x3187, 1, 0x2925, 1,
    0x1882, 4, 0x0862, 1, 0x1882, 3, 0x62EA, 1,
    0x3187, 1, 0x2925, 1, 0x18C5, 10, 0x7000, 3,
    0xA489, 2, 0x41C9, 1, 0x50A3, 1, 0x4841, 2,
    0x7145, 1, 0x2000, 1, 0x5000, 3, 0x50A3, 2,
    0x5000, 1, 0x6000, 5, 0x4800, 3, 0x5000, 6,
    0x4800, 1, 0x5000, 4, 0x6000, 2, 0x50A3, 2,
    0x5248, 1, 0x50A3, 1, 0x6000, 2, 0x2000, 1,
    0x7145, 1, 0x4841, 3, 0x7062, 1, 0x7145, 2,
    0x8000, 5, 0x50A3, 2, 0x2925, 1, 0x3187, 1,
    0x2925, 1, 0x7062, 1, 0x6000, 1, 0x0862, 3,
    0x7145, 1, 0x3187, 1, 0x2925, 1, 0x3187, 1,
    0x7145, 1, 0x50A3, 1, 0x2925, 1, 0x432E, 1,
    0x2925, 1, 0x3187, 1, 0x636E, 1, 0x5C32, 1,
    0x3187, 1, 0xA489, 1, 0xF6CE, 5, 0xA001, 1,
    0x7062, 1, 0xA489, 1, 0xF6CE, 1, 0xA489, 3,
    0x2925, 1, 0x91A7, 1, 0x7062, 2, 0x91A7, 1,
    0x3187, 1, 0x7062, 2, 0x2925, 1, 0x7B0A, 1,
    0x1882, 1, 0x2925, 3, 0x1882, 8, 0x2925, 1,
    0x3187, 1, 0x2925, 1, 0x18C5, 10, 0x7000, 2,
    0xA489, 3, 0x20E4, 2, 0x50A3, 1, 0x5000, 1,
    0x7145, 1, 0x1882, 1, 0x2000, 2, 0x0862, 1,
    0x5000, 2, 0x6000, 2, 0x4841, 4, 0x6000, 4,
    0x5000, 10, 0x50A3, 2, 0x4841, 1, 0x50A3, 1,
    0x6000, 3, 0x5248, 1, 0x4841, 2, 0x50A3, 2,
    0x7145, 1, 0x91A7, 1, 0x7062, 1, 0x8000, 7,
    0xA001, 1, 0x91A7, 1, 0x7800, 1, 0x7062, 1,
    0x7000, 1, 0x1882, 1, 0x0862, 1, 0x1882, 1,
    0x50A3, 1, 0x91A7, 1, 0x2925, 4, 0x91A7, 1,
    0x3187, 1, 0x432E, 1, 0x2925, 1, 0x5AEC, 1,
    0x3187, 2, 0x4841, 1, 0xA489, 1, 0xF6CE, 4,
    0xD5ED, 1, 0xA001, 1, 0x7062, 1, 0x3187, 1,
    0xA489, 2, 0x3187, 1, 0x7B0A, 1, 0x2925, 1,
    0x91A7, 1, 0x7062, 4, 0x2925, 3, 0x7B0A, 1,
    0x18E4, 1, 0x2925, 1, 0x3187, 1, 0x2925, 1,
    0x1882, 7, 0x2925, 2, 0x3187, 1, 0x18C5, 11,
    0x7000, 1, 0x7145, 1, 0x2925, 1, 0xA489, 1,
    0x8C0C, 1, 0x3A4A, 1, 0x20E4, 1, 0x50A3, 2,
    0x4841, 3, 0x7145, 1, 0x0862, 2, 0x4800, 1,
    0x6000, 9, 0x5000, 12, 0x0862, 1, 0x2000, 2,
    0x1882, 1, 0x7145, 1, 0x4800, 1, 0x4841, 2,
    0x50A3, 1, 0x3187, 1, 0x2925, 1, 0xB50D, 4,
    0x8000, 4, 0xA001, 3, 0x8800, 1, 0x7800, 1,
    0x6000, 1, 0x0862, 1, 0x1882, 2, 0x7062, 1,
    0x7145, 1, 0x3187, 1, 0x1882, 1, 0x20E4, 1,
    0x1882, 2, 0x7145, 2, 0x432E, 1, 0x2925, 2,
    0x3187, 1, 0x1882, 1, 0xA489, 1, 0xF6CE, 5,
    0xD5ED, 1, 0xA001, 1, 0x7062, 1, 0x91A7, 1,
    0x3187, 3, 0x7B0A, 1, 0x20E4, 1, 0x2925, 1,
    0x5248, 1, 0x2925, 2, 0x1882, 3, 0x0862, 1,
    0x2925, 3, 0x3187, 1, 0x20E4, 1, 0x2925, 1,
    0x1882, 4, 0x0862, 1, 0x3800, 1, 0x62EA, 1,
    0x2925, 1, 0x3187, 1, 0x18C5, 11, 0x7000, 1,
    0x91A7, 1, 0x5248, 1, 0xA489, 2, 0x3A4A, 1,
    0x5AEC, 1, 0x20E4, 1, 0x50A3, 2, 0x4841, 4,
    0x7145, 1, 0x1882, 2, 0x0862, 7, 0x4800, 4,
    0x3000, 2, 0x3800, 4, 0x0862, 3, 0x7145, 1,
    0x5248, 2, 0x4841, 4, 0x20E4, 2, 0xA489, 4,
    0xB50D, 2, 0x7062, 1, 0x8000, 1, 0xA001, 5,
    0x8800, 1, 0x7800, 1, 0x8000, 1, 0x1882, 1,
    0x0862, 2, 0x50A3, 1, 0x7062, 1, 0x1882, 1,
    0x2925, 5, 0x7145, 1, 0x20E4, 1, 0x2925, 2,
    0x1882, 2, 0xF6CE, 3, 0xD5ED, 1, 0xF6CE, 2,
    0xD5ED, 1, 0x3187, 1, 0x7062, 1, 0x91A7, 1,
    0x7062, 3, 0x2925, 1, 0x20E4, 1, 0x2925, 1,
    0x0862, 2, 0x1882, 1, 0x4947, 1, 0x3800, 1,
    0x4947, 2, 0x2925, 3, 0x3187, 1, 0x20E4, 1,
    0x4947, 1, 0x3800, 1, 0x1882, 5, 0x2925, 1,
    0x20E4, 1, 0x3187, 1, 0x18C5, 11, 0x4800, 1,
    0x5AEC, 1, 0x5248, 1, 0x7B0A, 1, 0x636E, 1,
    0x5AEC, 3, 0x50A3, 2, 0x4841, 2, 0x5000, 3,
    0x7145, 14, 0x0862, 5, 0x7145, 2, 0x50A3, 1,
    0x4841, 4, 0x50A3, 1, 0x20E4, 2, 0x3187, 1,
    0xB50D, 1, 0xA489, 1, 0xB50D, 2, 0xA489, 2,
    0x7145, 1, 0x91A7, 1, 0xA001, 5, 0x8800, 2,
    0x7800, 1, 0x8000, 1, 0x18E4, 2, 0x20E4, 1,
    0x50A3, 1, 0x2925, 2, 0x62EA, 2, 0x4947, 1,
    0x2925, 1, 0x1882, 1, 0x3187, 1, 0x2925, 1,
    0x18E4, 1, 0x2925, 1, 0x6000, 1, 0x3800, 1,
    0xF6CE, 3, 0xD5ED, 4, 0x2925, 1, 0x91A7, 1,
    0x7062, 1, 0x5248, 3, 0x4947, 1, 0x0862, 2,
    0x4947, 7, 0x18E4, 1, 0x1926, 1, 0x20E4, 1,
    0x3187, 1, 0x20E4, 1, 0x62EA, 1, 0x1882, 5,
    0x62EA, 1, 0x2925, 1, 0x20E4, 1, 0x50A3, 1,
    0x18C5, 11, 0x4800, 1, 0x1882, 1, 0x5248, 1,
    0x5AEC, 1, 0x3A4A, 1, 0x5AEC, 1, 0x432E, 1,
    0x636E, 1, 0x2925, 1, 0x50A3, 1, 0x4841, 2,
    0x5000, 21, 0x6000, 2, 0x4841, 5, 0x20E4, 1,
    0x3A4A, 2, 0x5AEC, 1, 0xA489, 3, 0xB50D, 1,
    0x62EA, 1, 0x18E4, 1, 0x41C9, 1, 0xA489, 1,
    0xA001, 6, 0x8000, 4, 0x18E4, 1, 0x1882, 1,
    0x3187, 2, 0x1882, 1, 0x62EA, 1, 0x2925, 1,
    0x1882, 2, 0x62EA, 1, 0x2925, 1, 0x20E4, 1,
    0x2925, 1, 0x4841, 1, 0x2925, 1, 0x3800, 1,
    0x7B0A, 1, 0xF6CE, 1, 0xD5ED, 2, 0xA489, 1,
    0xD5ED, 1, 0xA489, 1, 0x7B0A, 1, 0x2925, 1,
    0x5248, 3, 0x0862, 2, 0x4800, 1, 0x3800, 1,
    0x4947, 7, 0x18E4, 3, 0x1926, 1, 0x3187, 1,
    0x20E4, 1, 0x2925, 2, 0x3800, 2, 0x1882, 2,
    0x2925, 3, 0x91A7, 1, 0x18C5, 11, 0x4800, 1,
    0x5AEC, 1, 0x1882, 1, 0x3A4A, 4, 0x432E, 1,
    0x5C32, 1, 0x3A4A, 1, 0x7000, 2, 0x5000, 1,
    0x6000, 9, 0x5000, 10, 0x6000, 1, 0x4800, 1,
    0x4841, 5, 0x20E4, 1, 0x3A4A, 3, 0x5C32, 2,
    0xF6CE, 3, 0x8CB2, 1, 0x1926, 2, 0x8CB2, 1,
    0xA001, 5, 0x7800, 1, 0x8000, 3, 0x18E4, 3,
    0x91A7, 1, 0x20E4, 1, 0x2925, 1, 0x4947, 1,
    0x3800, 1, 0x1882, 3, 0x2925, 1, 0x20E4, 1,
    0x3187, 1, 0x4841, 1, 0x20E4, 1, 0x3800, 1,
    0xA489, 1, 0xD5ED, 2, 0xA489, 1, 0x7B0A, 2,
    0xA489, 2, 0x0862, 6, 0x3800, 1, 0x4947, 6,
    0x5AEC, 2, 0x18E4, 4, 0x2925, 2, 0x1882, 1,
    0x62EA, 1, 0x1882, 1, 0x2925, 1, 0x1882, 1,
    0x4947, 1, 0x2925, 1, 0x1882, 1, 0x3187, 1,
    0x50A3, 1, 0x18C5, 11, 0x4800, 2, 0x5248, 1,
    0x0862, 1, 0x1882, 1, 0x18E4, 1, 0x3A4A, 2,
    0x5AEC, 1, 0x4841, 1, 0x4800, 3, 0x6000, 19,
    0x7800, 1, 0x8000, 2, 0x7062, 1, 0x5AEC, 1,
    0x8CB2, 2, 0x636E, 2, 0x8CB2, 4, 0xF6CE, 1,
    0x8CB2, 2, 0x3187, 1, 0x1926, 2, 0x8CB2, 1,
    0xA001, 2, 0x8800, 1, 0x8000, 2, 0x7800, 1,
    0x8000, 2, 0x7800, 1, 0x18E4, 1, 0x1882, 2,
    0x7062, 1, 0x1882, 1, 0x62EA, 1, 0x1882, 4,
    0x3800, 1, 0x62EA, 1, 0x20E4, 1, 0x3187, 1,
    0x6000, 1, 0x2925, 1, 0x7B0A, 1, 0xA489, 3,
    0x4947, 1, 0x3800, 1, 0x4947, 1, 0x7B0A, 1,
    0xA489, 1, 0x7B0A, 1, 0x4947, 1, 0x3800, 1,
    0x4800, 3, 0x3800, 1, 0x4947, 4, 0x432E, 3,
    0x0000, 2, 0x18E4, 3, 0x2925, 1, 0x7145, 1,
    0x20E4, 1, 0x2925, 1, 0x5248, 1, 0x62EA, 2,
    0x2925, 3, 0x91A7, 1, 0x18C5, 11, 0x5000, 1,
    0x4800, 1, 0x3000, 1, 0x3800, 1, 0x4800, 2,
    0x1882, 2, 0x0862, 1, 0x1882, 1, 0x4841, 1,
    0x4800, 3, 0x6000, 18, 0x7000, 4, 0x7062, 1,
    0x5C32, 2, 0x636E, 3, 0x8CB2, 5, 0x2925, 2,
    0x41C9, 1, 0x8CB2, 2, 0xB50D, 1, 0x8000, 8,
    0x7800, 1, 0x1882, 3, 0x3187, 1, 0x2925, 1,
    0x4947, 1, 0x1882, 3, 0x0862, 1, 0x1882, 1,
    0x62EA, 1, 0x2925, 1, 0x3187, 1, 0x5000, 1,
    0x4841, 1, 0xA489, 3, 0x7B0A, 1, 0x4947, 1,
    0x4841, 1, 0x4947, 1, 0xA489, 1, 0x7B0A, 1,
    0x4947, 1, 0x3800, 2, 0x4800, 3, 0x4947, 1,
    0x636E, 5, 0x2925, 2, 0x1926, 1, 0x0000, 1,
    0x18E4, 1, 0x1926, 1, 0x18E4, 1, 0x3187, 1,
    0x91A7, 1, 0x20E4, 1, 0x1882, 1, 0x2925, 3,
    0x1882, 2, 0x7145, 1, 0x91A7, 1, 0x18C5, 11,
    0x4800, 2, 0x3000, 1, 0x3800, 1, 0x4800, 3,
    0x6000, 3, 0x7000, 4, 0x6000, 18, 0x7000, 4,
    0x7062, 1, 0x20E4, 1, 0x1882, 2, 0x636E, 1,
    0x3187, 1, 0x20E4, 1, 0x2925, 1, 0x8CB2, 1,
    0x20E4, 1, 0x1926, 1, 0x8CB2, 3, 0x8800, 3,
    0x8000, 4, 0x7800, 2, 0x8000, 2, 0x7800, 1,
    0x1882, 1, 0x18E4, 1, 0x2925, 1, 0x3187, 1,
    0x2925, 1, 0x1882, 6, 0x4947, 1, 0x2925, 1,
    0x636E, 1, 0x6000, 1, 0x4947, 1, 0xA489, 2,
    0x4947, 1, 0x3800, 2, 0x4947, 1, 0x7B0A, 2,
    0x4947, 2, 0x4800, 4, 0x4947, 1, 0x432E, 5,
    0x18E4, 4, 0x20E4, 1, 0x2925, 1, 0x20E4, 1,
    0x18E4, 1, 0x2925, 1, 0x3187, 1, 0x2925, 1,
    0x20E4, 1, 0x2925, 1, 0x1882, 1, 0x20E4, 2,
    0x2925, 1, 0x50A3, 1, 0x18C5, 12, 0x4800, 1,
    0x3000, 2, 0x4800, 3, 0x5000, 1, 0x6000, 4,
    0x7000, 3, 0x8000, 8, 0x8800, 9, 0xA001, 3,
    0x8800, 3, 0x8000, 4, 0x8800, 5, 0x8000, 2,
    0x7800, 1, 0x8800, 1, 0x8000, 6, 0x7800, 3,
    0x8000, 1, 0x7800, 1, 0x8000, 1, 0x1882, 1,
    0x18E4, 1, 0x2925, 2, 0x62EA, 1, 0x3800, 1,
    0x1882, 5, 0x2925, 2, 0x3187, 1, 0x2925, 1,
    0x7B0A, 3, 0x3800, 1, 0x4800, 1, 0x4841, 1,
    0x4947, 3, 0x3800, 1, 0x4800, 4, 0x3800, 1,
    0x5AEC, 1, 0x432E, 4, 0x1926, 1, 0x5C32, 1,
    0x41C9, 1, 0x3187, 1, 0x0000, 2, 0x2925, 2,
    0x1926, 1, 0x20E4, 1, 0x3187, 1, 0x7145, 1,
    0x2925, 1, 0x20E4, 1, 0x1882, 1, 0x2925, 2,
    0x7145, 1, 0x3187, 1, 0x18C5, 12, 0x4800, 1,
    0x3000, 2, 0x4800, 3, 0x5000, 1, 0x6000, 3,
    0x7000, 1, 0x6000, 1, 0x7000, 2, 0x8000, 8,
    0x8800, 9, 0xA001, 3, 0x8800, 2, 0x8000, 4,
    0x8800, 6, 0x8000, 2, 0x7800, 1, 0x8000, 6,
    0x7800, 6, 0x8000, 1, 0x18E4, 2, 0x3187, 1,
    0x2925, 1, 0x5248, 1, 0x3800, 1, 0x1882, 2,
    0x0862, 1, 0x1882, 2, 0x7B0A, 1, 0x3187, 1,
    0x636E, 1, 0x2925, 1, 0x7B0A, 1, 0x4947, 1,
    0x3800, 2, 0x4800, 2, 0x4947, 2, 0x3800, 1,
    0x4800, 4, 0x3800, 1, 0x1926, 1, 0x18E4, 1,
    0x20E4, 1, 0x2925, 3, 0x18E4, 1, 0x8CB2, 2,
    0x2925, 1, 0x5C32, 1, 0x18E4, 1, 0x1926, 1,
    0x20E4, 1, 0x1926, 1, 0x2925, 1, 0x3187, 1,
    0x91A7, 1, 0x3187, 2, 0x2925, 2, 0x3187, 1,
    0x91A7, 1, 0x18C5, 13, 0x4800, 1, 0x3000, 3,
    0x4800, 4, 0x6000, 1, 0x7000, 5, 0x8000, 1,
    0x8800, 5, 0xA001, 1, 0x8800, 1, 0xA001, 6,
    0x8800, 3, 0xA001, 3, 0x8000, 1, 0x8800, 2,
    0x8000, 4, 0x8800, 5, 0x8000, 8, 0x7800, 8,
    0x18E4, 2, 0x3187, 1, 0x2925, 1, 0x4947, 1,
    0x1882, 1, 0x20E4, 1, 0x1882, 4, 0x2925, 2,
    0x3187, 1, 0x4947, 2, 0x0862, 1, 0x3800, 2,
    0x4800, 1, 0x3800, 1, 0x4947, 1, 0x3800, 1,
    0x4800, 3, 0x4841, 2, 0xA489, 1, 0x1926, 1,
    0x41C9, 3, 0x3187, 1, 0x2925, 1, 0x18E4, 2,
    0x0000, 1, 0x18E4, 5, 0x20E4, 3, 0x7145, 1,
    0x50A3, 1, 0x91A7, 1, 0x3187, 2, 0x7145, 1,
    0x18C5, 15, 0x3000, 3, 0x4800, 4, 0x6000, 1,
    0x7000, 2, 0x6000, 1, 0x7000, 2, 0x8000, 1,
    0x8800, 1, 0xA001, 3, 0x98C3, 7, 0xA001, 3,
    0x8800, 2, 0xA001, 3, 0x8000, 1, 0x8800, 2,
    0x8000, 4, 0x8800, 5, 0x8000, 7, 0x7800, 8,
    0x1882, 3, 0x3187, 1, 0x20E4, 1, 0xA489, 1,
    0x7000, 1, 0x20E4, 1, 0x1882, 1, 0x0862, 1,
    0x1882, 2, 0x4947, 1, 0x2925, 1, 0x3187, 1,
    0x4947, 1, 0x3800, 1, 0x0862, 2, 0x3800, 1,
    0x4800, 1, 0x3800, 2, 0x4800, 2, 0x4841, 2,
    0x18C5, 6, 0x8CB2, 1, 0x5C32, 2, 0x2925, 1,
    0x0000, 1, 0x0862, 1, 0x18E4, 1, 0x20E4, 1,
    0x18E4, 8, 0x91A7, 1, 0x50A3, 1, 0x3187, 1,
    0x18C5, 16, 0x3800, 2, 0x3000, 1, 0x4800, 4,
    0x7000, 2, 0x6000, 2, 0x5000, 2, 0x6000, 2,
    0x7000, 3, 0x8800, 1, 0x7062, 2, 0x7800, 1,
    0x98C3, 3, 0xA001, 4, 0x8800, 1, 0xA001, 5,
    0x8800, 2, 0x8000, 3, 0x8800, 7, 0x8000, 3,
    0x7800, 10, 0x1882, 3, 0x2925, 1, 0x20E4, 1,
    0x4947, 1, 0x1882, 6, 0x62EA, 1, 0x2925, 1,
    0x3187, 1, 0x1882, 1, 0x0862, 2, 0x1882, 1,
    0x3800, 1, 0x4800, 5, 0x18C5, 11, 0x8CB2, 2,
    0x18E4, 1, 0x18C5, 5, 0x18E4, 3, 0x20E4, 3,
    0x18E4, 1, 0x18C5, 17, 0x3000, 1, 0x3800, 2,
    0x4800, 1, 0x5000, 1, 0x4800, 1, 0x5000, 1,
    0x7000, 1, 0x6000, 2, 0x4800, 1, 0x3000, 1,
    0x2000, 2, 0x3000, 1, 0x2000, 1, 0x3000, 2,
    0x0862, 2, 0x7062, 1, 0x7800, 1, 0x98C3, 2,
    0x8800, 1, 0x7800, 3, 0x7000, 6, 0x8000, 1,
    0x8800, 3, 0x8000, 1, 0x8800, 2, 0x8000, 2,
    0x8800, 3, 0x8000, 1, 0x7800, 13, 0x18E4, 3,
    0x3187, 1, 0x2925, 1, 0x5248, 1, 0x3800, 1,
    0x1882, 3, 0x0862, 1, 0x1882, 1, 0x62EA, 1,
    0x20E4, 1, 0x3187, 1, 0x1882, 5, 0x4800, 1,
    0x4841, 2, 0x18C5, 46, 0x3000, 1, 0x3800, 2,
    0x5000, 3, 0x7000, 1, 0x8800, 1, 0x4800, 1,
    0x0862, 1, 0x0000, 6, 0x0862, 3, 0x2000, 3,
    0x0862, 2, 0x3000, 2, 0x2000, 1, 0x3000, 5,
    0x3800, 1, 0x6000, 1, 0x8000, 1, 0x8800, 10,
    0x8000, 1, 0x7800, 12, 0x6000, 1, 0x2925, 3,
    0x3187, 1, 0x2925, 1, 0x62EA, 1, 0x3800, 1,
    0x1882, 4, 0x3800, 1, 0x2925, 1, 0x20E4, 1,
    0x2925, 1, 0x1882, 4, 0x4800, 2, 0x18C5, 48,
    0x3000, 2, 0x3800, 1, 0x4800, 1, 0x5000, 2,
    0x7000, 1, 0xA001, 1, 0x98C3, 2, 0x8000, 1,
    0x50A3, 1, 0x2925, 1, 0x91A7, 1, 0x636E, 1,
    0x0000, 1, 0x0862, 4, 0x0000, 1, 0x0862, 4,
    0x0000, 7, 0x2000, 1, 0x1882, 1, 0x6000, 1,
    0xA001, 2, 0x8800, 8, 0x8000, 1, 0x7800, 10,
    0x7000, 1, 0x6000, 1, 0x20E4, 1, 0x1926, 1,
    0x2925, 1, 0x1926, 1, 0x3187, 1, 0x2925, 2,
    0x1882, 6, 0x2925, 1, 0x3187, 1, 0x1882, 2,
    0x4841, 1, 0x4800, 1, 0x4841, 1, 0x18C5, 51,
    0x2000, 1, 0x3000, 1, 0x4800, 3, 0x5000, 1,
    0xA001, 4, 0x8800, 1, 0xA001, 1, 0x91A7, 1,
    0x636E, 2, 0x8CB2, 9, 0x636E, 1, 0x7B8D, 1,
    0x91A7, 1, 0x3187, 1, 0x41C9, 1, 0x98C3, 1,
    0x7062, 1, 0xA001, 1, 0x98C3, 3, 0xA001, 2,
    0x8800, 7, 0x8000, 1, 0x7800, 6, 0x7000, 2,
    0x6000, 4, 0x1926, 2, 0x18E4, 1, 0x1926, 1,
    0x2925, 1, 0x3187, 1, 0x2925, 1, 0x4947, 1,
    0x1882, 4, 0x62EA, 1, 0x2925, 1, 0x7145, 1,
    0x3800, 1, 0x4800, 1, 0x4841, 1, 0x18C5, 53,
    0x2000, 1, 0x3000, 3, 0x4800, 1, 0x5000, 1,
    0x8000, 3, 0x7800, 1, 0x7000, 1, 0xA001, 1,
    0x98C3, 2, 0x91A7, 1, 0xB50D, 1, 0x8CB2, 1,
    0xD5ED, 1, 0x8CB2, 2, 0xF6CE, 2, 0x8CB2, 2,
    0xB50D, 1, 0x91A7, 1, 0x98C3, 3, 0xA001, 8,
    0x8800, 4, 0x8000, 4, 0x7800, 6, 0x7000, 1,
    0x6000, 1, 0x4800, 3, 0x2925, 1, 0x18E4, 4,
    0x2925, 1, 0x3187, 1, 0x2925, 1, 0x62EA, 1,
    0x4947, 1, 0x3800, 1, 0x1882, 1, 0x4947, 1,
    0x2925, 2, 0x7145, 1, 0x18C5, 56, 0x0000, 1,
    0x2000, 3, 0x3000, 1, 0x4800, 1, 0x6000, 5,
    0x7000, 2, 0x7800, 2, 0x8000, 3, 0x8800, 2,
    0xA001, 2, 0x8800, 4, 0x8000, 2, 0x8800, 3,
    0xA001, 6, 0x8800, 2, 0x8000, 3, 0x7800, 3,
    0x7000, 4, 0x6000, 4, 0x4800, 1, 0x2000, 2,
    0x18E4, 6, 0x7062, 1, 0x1882, 2, 0x62EA, 1,
    0x2925, 1, 0x62EA, 1, 0x2925, 2, 0x7145, 1,
    0x3187, 1, 0x18C5, 57, 0x0000, 2, 0x2000, 2,
    0x3000, 2, 0x4800, 3, 0x6000, 3, 0x7000, 2,
    0x6000, 2, 0x5000, 2, 0x4800, 1, 0x5000, 1,
    0x6000, 4, 0x7000, 1, 0x7800, 1, 0x8000, 1,
    0x8800, 3, 0xA001, 5, 0x8000, 2, 0x7800, 2,
    0x6000, 7, 0x4800, 3, 0x3800, 1, 0x3000, 2,
    0x2000, 3, 0x20E4, 1, 0x1926, 3, 0x20E4, 1,
    0x18E4, 1, 0x91A7, 1, 0x20E4, 1, 0x1882, 1,
    0x2925, 1, 0x62EA, 1, 0x2925, 1, 0x1882, 2,
    0x91A7, 1, 0x3187, 1, 0x18C5, 60, 0x2000, 3,
    0x3000, 2, 0x4800, 8, 0x3800, 1, 0x3000, 5,
    0x3800, 1, 0x6000, 1, 0x7000, 1, 0x7800, 2,
    0x8000, 10, 0x7800, 1, 0x4800, 5, 0x6000, 2,
    0x3000, 1, 0x2000, 8, 0x18E4, 2, 0x20E4, 2,
    0x1926, 2, 0x18E4, 1, 0x3187, 2, 0x2925, 1,
    0x1882, 1, 0x2925, 1, 0x20E4, 2, 0x2925, 1,
    0x50A3, 1, 0x18C5, 65, 0x3000, 10, 0x2000, 4,
    0x3000, 1, 0x3800, 1, 0x4800, 1, 0x5000, 3,
    0x6000, 10, 0x4800, 3, 0x2000, 3, 0x3000, 3,
    0x2000, 1, 0x3800, 1, 0x3000, 2, 0x3800, 2,
    0x20E4, 6, 0x2925, 1, 0x1926, 2, 0x20E4, 1,
    0x50A3, 1, 0x7062, 1, 0x20E4, 1, 0x2925, 3,
    0x91A7, 1, 0x18C5, 77, 0x2000, 4, 0x3000, 5,
    0x3800, 10, 0x3000, 1, 0x2000, 5, 0x18C5, 7,
    0x18E4, 2, 0x20E4, 1, 0x18E4, 2, 0x20E4, 1,
    0x18E4, 3, 0x20E4, 1, 0x2925, 1, 0x1882, 1,
    0x7062, 1, 0x7145, 1, 0x3187, 2, 0x2925, 1,
    0x3187, 1, 0x18C5, 111, 0x18E4, 3, 0x20E4, 2,
    0x18E4, 1, 0x20E4, 2, 0x18E4, 1, 0x20E4, 1,
    0x18E4, 1, 0x20E4, 1, 0x50A3, 1, 0x91A7, 1,
    0x50A3, 1, 0x3187, 1, 0x7145, 1, 0x18C5, 114,
    0x18E4, 4, 0x20E4, 2, 0x18E4, 1, 0x20E4, 2,
    0x18E4, 2, 0x3187, 2, 0x18C5, 3509, 0x18C5, 2641,
    0x91A7, 3, 0x18C5, 123, 0x7062, 1, 0x7145, 7,
    0x91A7, 1, 0x3800, 1, 0x18C5, 118, 0x7062, 3,
    0x7145, 4, 0x91A7, 4, 0x3800, 1, 0x18C5, 115,
    0x7062, 9, 0x91A7, 5, 0x7145, 1, 0x18C5, 113,
    0x7800, 9, 0x7062, 2, 0x91A7, 2, 0x7145, 8,
    0x5AEC, 2, 0x7145, 2, 0x7062, 1, 0x18C5, 14,
    0x7145, 4, 0x91A7, 5, 0x18C5, 79, 0x7800, 10,
    0x7062, 6, 0x7145, 5, 0x5AEC, 2, 0x7145, 2,
    0x7062, 1, 0x7145, 2, 0x5AEC, 1, 0x7145, 3,
    0x5AEC, 3, 0x7145, 14, 0x7062, 1, 0x18C5, 77,
    0x7800, 12, 0x7062, 1, 0x7800, 4, 0x7062, 5,
    0x7145, 19, 0x7062, 2, 0x7145, 5, 0x7062, 3,
    0x18C5, 77, 0x7000, 1, 0x6000, 1, 0x7000, 1,
    0x6000, 7, 0x7800, 13, 0x7062, 10, 0x7145, 2,
    0x7062, 8, 0x7800, 1, 0x7062, 7, 0x18C5, 77,
    0x6000, 1, 0x4800, 1, 0x3000, 1, 0x5000, 7,
    0x6000, 1, 0x7000, 2, 0x7800, 12, 0x8000, 1,
    0x7800, 7, 0x7062, 2, 0x7800, 4, 0x7062, 1,
    0x7800, 11, 0x18C5, 76, 0x4800, 2, 0x3000, 4,
    0x6000, 2, 0x3000, 3, 0x4800, 1, 0x5000, 2,
    0x7000, 10, 0x7800, 28, 0x18C5, 76, 0x3000, 2,
    0x50A3, 1, 0x6000, 7, 0x2000, 2, 0x3000, 3,
    0x5000, 6, 0x6000, 4, 0x7800, 5, 0x7000, 5,
    0x7800, 7, 0x7000, 1, 0x6000, 3, 0x7800, 6,
    0x18C5, 75, 0x50A3, 6, 0x6000, 1, 0x50A3, 1,
    0x6000, 6, 0x2000, 2, 0x3000, 8, 0x4800, 3,
    0x6000, 6, 0x5000, 4, 0x7000, 5, 0x6000, 1,
    0x5000, 4, 0x6000, 4, 0x7800, 2, 0x18C5, 72,
    0x7145, 3, 0x7062, 4, 0x7000, 2, 0x6000, 8,
    0x7800, 2, 0x8000, 1, 0x7062, 1, 0x7145, 2,
    0x2000, 5, 0x3000, 2, 0x4800, 3, 0x3000, 8,
    0x5000, 4, 0x4800, 1, 0x3000, 5, 0x5000, 3,
    0x6000, 1, 0x7000, 1, 0x18C5, 68, 0x7145, 4,
    0x5AEC, 1, 0x7145, 6, 0x6000, 8, 0x7800, 3,
    0x8000, 1, 0x7062, 4, 0x7145, 6, 0x7062, 1,
    0x7145, 2, 0x5AEC, 1, 0x2000, 8, 0x3000, 4,
    0x2000, 2, 0x8000, 3, 0x5000, 1, 0x3000, 3,
    0x4800, 1, 0x6000, 1, 0x18C5, 66, 0x5248, 3,
    0x5AEC, 8, 0x7062, 3, 0x6000, 4, 0x7000, 2,
    0x7800, 6, 0x8000, 1, 0x7062, 2, 0x8000, 2,
    0x7062, 1, 0x8000, 3, 0x7062, 5, 0x7145, 1,
    0x7062, 4, 0x8000, 1, 0x7800, 2, 0x8000, 1,
    0x8800, 1, 0x8000, 2, 0x8800, 1, 0x98C3, 1,
    0x4841, 1, 0x5000, 3, 0x3000, 3, 0x4800, 1,
    0x18C5, 58, 0x8000, 1, 0x6000, 2, 0x4800, 1,
    0x3800, 2, 0x4800, 1, 0x5000, 8, 0x4800, 2,
    0x7800, 2, 0x18E4, 1, 0x3187, 1, 0x432E, 3,
    0x5C32, 2, 0x7000, 2, 0x7800, 5, 0x8000, 13,
    0x7062, 1, 0x8000, 3, 0x7800, 4, 0x8800, 1,
    0x8000, 2, 0x8800, 2, 0x98C3, 2, 0x4841, 3,
    0x3800, 1, 0x3000, 2, 0x20E4, 1, 0x3000, 2,
    0x18C5, 54, 0x8000, 7, 0x2000, 1, 0x5AEC, 2,
    0x7B8D, 6, 0x636E, 2, 0x7062, 2, 0x6000, 3,
    0x4800, 4, 0x7800, 2, 0x91A7, 1, 0x2925, 1,
    0x636E, 1, 0x5C32, 5, 0x8000, 1, 0x7800, 2,
    0x8000, 1, 0x7800, 1, 0x8000, 10, 0x7800, 4,
    0x8000, 3, 0x98C3, 2, 0x91A7, 2, 0x5AEC, 1,
    0x41C9, 1, 0x4841, 2, 0x3800, 3, 0x20E4, 2,
    0x4947, 1, 0x3000, 1, 0x18C5, 52, 0x8800, 6,
    0x18E4, 2, 0x7B8D, 3, 0x91A7, 2, 0x5AEC, 1,
    0x636E, 2, 0xB50D, 3, 0x5AEC, 1, 0x2925, 1,
    0xA489, 1, 0xB50D, 1, 0xA489, 2, 0xB50D, 1,
    0x18E4, 1, 0x1882, 1, 0x5000, 2, 0x3800, 3,
    0x7000, 3, 0x91A7, 1, 0x432E, 1, 0x636E, 2,
    0x432E, 1, 0x5AEC, 2, 0x3187, 1, 0x7800, 11,
    0x7000, 1, 0x8000, 2, 0x98C3, 2, 0x5AEC, 1,
    0x636E, 4, 0x50A3, 3, 0x3800, 3, 0x20E4, 2,
    0x5248, 1, 0x4947, 1, 0x3000, 1, 0x18C5, 49,
    0x8800, 3, 0x7145, 1, 0x7062, 1, 0x7145, 4,
    0x2925, 1, 0x5AEC, 2, 0x7145, 1, 0x5AEC, 6,
    0x636E, 1, 0x5AEC, 2, 0xB50D, 4, 0x2925, 2,
    0x7000, 3, 0x6000, 4, 0x4800, 5, 0x7000, 3,
    0x6000, 6, 0x5000, 1, 0x6000, 3, 0x7000, 4,
    0x8000, 3, 0x91A7, 1, 0x636E, 5, 0x41C9, 1,
    0x50A3, 3, 0x20E4, 2, 0x1882, 3, 0x5248, 4,
    0x18C5, 47, 0x8000, 2, 0x7062, 2, 0x7145, 4,
    0x2925, 1, 0x636E, 5, 0xB50D, 1, 0xA489, 2,
    0x8C0C, 3, 0xA489, 4, 0x3A4A, 1, 0x62EA, 1,
    0x5AEC, 2, 0x7145, 2, 0x7000, 7, 0x6000, 4,
    0x8000, 1, 0x636E, 1, 0x7800, 2, 0x7000, 2,
    0x636E, 1, 0x7000, 1, 0x636E, 3, 0x6000, 5,
    0x8000, 3, 0x98C3, 2, 0x636E, 5, 0x50A3, 3,
    0x4841, 1, 0x20E4, 2, 0x2925, 2, 0x20E4, 1,
    0x5248, 2, 0x7B0A, 3, 0x18C5, 46, 0x8000, 2,
    0x91A7, 1, 0x7145, 4, 0x3A4A, 2, 0x636E, 3,
    0x5AEC, 1, 0x636E, 4, 0x8C0C, 1, 0x5AEC, 2,
    0x62EA, 1, 0x8C0C, 2, 0xA489, 2, 0x5AEC, 2,
    0x5248, 2, 0x50A3, 2, 0x7000, 9, 0x8000, 1,
    0x91A7, 1, 0x7B0A, 1, 0x636E, 1, 0x3800, 1,
    0x7800, 1, 0x636E, 1, 0x7B8D, 1, 0x3A4A, 1,
    0x20E4, 1, 0x432E, 1, 0x2925, 1, 0x636E, 1,
    0x20E4, 1, 0x6000, 3, 0x8000, 2, 0x7062, 1,
    0x98C3, 1, 0x636E, 1, 0x8CB2, 2, 0x636E, 2,
    0x41C9, 3, 0x20E4, 1, 0x1882, 2, 0x4841, 1,
    0x20E4, 1, 0x2925, 2, 0x5248, 2, 0x7B0A, 4,
    0x18C5, 45, 0x8000, 2, 0x91A7, 2, 0x7145, 2,
    0x5AEC, 1, 0x3A4A, 2, 0x636E, 3, 0x5AEC, 3,
    0x636E, 1, 0xA489, 1, 0x8C0C, 1, 0x5AEC, 2,
    0x41C9, 1, 0x636E, 2, 0xA489, 2, 0x5AEC, 1,
    0x62EA, 1, 0x5248, 1, 0x7145, 2, 0x50A3, 2,
    0x6000, 4, 0x7000, 3, 0x8000, 2, 0x91A7, 2,
    0x20E4, 2, 0x18E4, 2, 0x8000, 1, 0x3A4A, 2,
    0x5C32, 1, 0x636E, 3, 0x432E, 1, 0x18E4, 1,
    0x6000, 1, 0x8000, 1, 0x91A7, 2, 0x7B8D, 1,
    0x8CB2, 2, 0x636E, 3, 0x41C9, 2, 0x20E4, 3,
    0x2925, 1, 0x1882, 3, 0x7B0A, 2, 0x5248, 1,
    0x7B0A, 5, 0x18C5, 43, 0x98C3, 1, 0x91A7, 3,
    0x5AEC, 1, 0x7B0A, 3, 0x1882, 1, 0x636E, 3,
    0x5AEC, 3, 0x636E, 2, 0x8C0C, 5, 0xA489, 2,
    0x8C0C, 1, 0x3A4A, 2, 0x5248, 2, 0x7145, 5,
    0x6000, 5, 0x8800, 2, 0x91A7, 2, 0x20E4, 3,
    0x5C32, 2, 0x2925, 1, 0x20E4, 2, 0x5C32, 4,
    0x636E, 2, 0x18E4, 1, 0x20E4, 1, 0x7B8D, 2,
    0x636E, 5, 0x41C9, 2, 0x3187, 3, 0x20E4, 1,
    0x2925, 3, 0x7B0A, 10, 0x18C5, 42, 0x91A7, 1,
    0x8000, 1, 0x91A7, 2, 0x7B8D, 4, 0x636E, 10,
    0x3A4A, 4, 0x62EA, 2, 0x636E, 1, 0x62EA, 2,
    0x5248, 4, 0x7145, 5, 0x50A3, 1, 0x6000, 2,
    0x98C3, 1, 0x3187, 1, 0x91A7, 1, 0x18E4, 1,
    0x20E4, 2, 0x5C32, 3, 0x8CB2, 1, 0x5C32, 1,
    0x432E, 1, 0x20E4, 1, 0x5C32, 4, 0x20E4, 2,
    0x5AEC, 1, 0x7B8D, 3, 0x636E, 3, 0x3A4A, 1,
    0x41C9, 2, 0x3187, 1, 0x50A3, 1, 0x20E4, 2,
    0x2925, 1, 0x20E4, 1, 0x5248, 1, 0x8C0C, 1,
    0x7B0A, 1, 0xA489, 2, 0x7B0A, 5, 0xA489, 1,
    0x8C0C, 1, 0x18C5, 41, 0x0862, 1, 0x1926, 1,
    0x3187, 3, 0x1926, 3, 0x2189, 5, 0x1926, 4,
    0x5AEC, 3, 0x636E, 5, 0x91A7, 1, 0x636E, 1,
    0x5248, 1, 0x7145, 4, 0x5248, 2, 0x7145, 2,
    0x6000, 3, 0x91A7, 1, 0x3187, 1, 0x18E4, 3,
    0x8CB2, 2, 0x5C32, 1, 0x8CB2, 4, 0x432E, 1,
    0x2925, 1, 0x432E, 1, 0x636E, 1, 0x5C32, 1,
    0x20E4, 2, 0x636E, 6, 0x5AEC, 1, 0x41C9, 1,
    0x5248, 3, 0x20E4, 1, 0x3187, 1, 0x20E4, 2,
    0x5248, 1, 0x8C0C, 2, 0xA489, 4, 0x7B0A, 4,
    0xA489, 2, 0x8C0C, 1, 0x18C5, 40, 0x1926, 1,
    0x3187, 2, 0x2189, 1, 0x3187, 5, 0x41C9, 7,
    0x3187, 2, 0x41C9, 6, 0x2189, 4, 0x5AEC, 2,
    0x7145, 2, 0x5AEC, 3, 0x7145, 3, 0x6000, 1,
    0x91A7, 1, 0x2925, 1, 0x18E4, 2, 0x8CB2, 8,
    0x5C32, 1, 0x636E, 1, 0x3A4A, 1, 0x2925, 1,
    0x636E, 1, 0x432E, 1, 0x2925, 1, 0x5AEC, 1,
    0x636E, 6, 0x41C9, 3, 0x8C0C, 2, 0x7B0A, 1,
    0x20E4, 2, 0x3187, 1, 0x8C0C, 1, 0xA489, 5,
    0x7B0A, 4, 0xA489, 3, 0x7145, 1, 0x18C5, 40,
    0x3187, 8, 0x41C9, 23, 0x2189, 4, 0x6000, 1,
    0x7062, 1, 0x6000, 1, 0x91A7, 3, 0x5C32, 1,
    0x8CB2, 10, 0x5C32, 1, 0x2925, 1, 0x20E4, 1,
    0x3A4A, 1, 0x20E4, 1, 0x5248, 1, 0x5AEC, 2,
    0x636E, 4, 0x5AEC, 1, 0x41C9, 1, 0x5248, 3,
    0x8C0C, 1, 0x7B0A, 1, 0x41C9, 1, 0x3187, 1,
    0x8C0C, 1, 0xA489, 6, 0x7B0A, 3, 0xA489, 3,
    0x8C0C, 1, 0x7145, 1, 0x18C5, 39, 0x3187, 9,
    0x41C9, 20, 0x2189, 3, 0x41C9, 1, 0x2189, 5,
    0x98C3, 1, 0x91A7, 1, 0x8C0C, 1, 0x20E4, 1,
    0x5C32, 1, 0x8CB2, 5, 0x5C32, 1, 0x8CB2, 2,
    0x5C32, 3, 0x432E, 1, 0x3187, 1, 0x18E4, 2,
    0x7B0A, 2, 0x636E, 4, 0x5AEC, 1, 0x41C9, 2,
    0x3A4A, 1, 0x8C0C, 3, 0xB50D, 2, 0x62EA, 2,
    0xA489, 5, 0x7B0A, 1, 0xA489, 6, 0x7B8D, 1,
    0x7062, 1, 0x18C5, 39, 0x3187, 8, 0x41C9, 4,
    0x5248, 2, 0x41C9, 9, 0x2189, 1, 0x41C9, 1,
    0x2189, 11, 0x3A4A, 1, 0x2189, 1, 0x91A7, 2,
    0x8C0C, 1, 0x3187, 1, 0x432E, 1, 0x8CB2, 3,
    0x5C32, 8, 0x636E, 1, 0x50A3, 1, 0x20E4, 1,
    0x91A7, 2, 0x636E, 4, 0x5AEC, 2, 0x5248, 4,
    0x8C0C, 1, 0xB50D, 5, 0xA489, 4, 0x7B0A, 1,
    0xA489, 6, 0x7B0A, 2, 0xA489, 1, 0x18C5, 38,
    0x3187, 1, 0x41C9, 3, 0x432E, 1, 0x41C9, 1,
    0x3187, 1, 0x432E, 1, 0x3187, 1, 0x2189, 1,
    0x41C9, 1, 0x5248, 1, 0x41C9, 1, 0x5248, 2,
    0x41C9, 1, 0x2189, 3, 0x3A4A, 1, 0x41C9, 3,
    0x2189, 3, 0x432E, 6, 0x2189, 2, 0x41C9, 1,
    0x2189, 2, 0x3A4A, 3, 0x8C0C, 1, 0x91A7, 1,
    0x636E, 1, 0x8CB2, 5, 0x5C32, 7, 0x636E, 1,
    0x2925, 1, 0x7062, 1, 0x636E, 1, 0x5AEC, 1,
    0x636E, 3, 0x5AEC, 2, 0x5248, 1, 0x41C9, 1,
    0x3A4A, 1, 0x8C0C, 2, 0xB50D, 5, 0xA489, 5,
    0x7B0A, 1, 0xA489, 5, 0x7B0A, 3, 0xA489, 1,
    0x18C5, 38, 0x3187, 1, 0x1926, 2, 0x432E, 2,
    0x1926, 4, 0x2189, 3, 0x5C32, 1, 0x2189, 6,
    0x432E, 2, 0x54F5, 1, 0x2189, 2, 0x432E, 1,
    0x5C32, 3, 0x54F5, 6, 0x2189, 3, 0x3A4A, 2,
    0x2189, 1, 0x8C0C, 1, 0x2925, 1, 0x3187, 1,
    0x5C32, 1, 0x8CB2, 2, 0x5C32, 8, 0x636E, 2,
    0x432E, 1, 0x5AEC, 1, 0x636E, 5, 0x5AEC, 3,
    0x5248, 2, 0x636E, 1, 0xB50D, 4, 0xA489, 1,
    0xD5ED, 5, 0x18C5, 2, 0xA489, 5, 0x7B0A, 2,
    0xA489, 2, 0x18C5, 37, 0x2189, 1, 0x3A4A, 1,
    0x432E, 2, 0x2189, 3, 0x432E, 2, 0x5C32, 5,
    0x1926, 1, 0x2189, 3, 0x5C32, 11, 0x54F5, 7,
    0x432E, 1, 0x2189, 3, 0x3A4A, 1, 0x91A7, 1,
    0x5AEC, 1, 0x3187, 1, 0x5C32, 12, 0x432E, 1,
    0x2925, 1, 0x636E, 1, 0x5AEC, 2, 0x636E, 3,
    0x5AEC, 3, 0x636E, 1, 0xF6CE, 6, 0xD5ED, 6,
    0x18C5, 5, 0x62EA, 2, 0x4947, 1, 0xA489, 1,
    0x7B0A, 1, 0x91A7, 1, 0x18C5, 36, 0x2189, 1,
    0x432E, 9, 0x5C32, 4, 0x1926, 1, 0x2189, 1,
    0x0862, 1, 0x1926, 1, 0x2189, 2, 0x5C32, 8,
    0x1926, 1, 0x2189, 3, 0x54F5, 7, 0x432E, 1,
    0x2189, 2, 0x8C0C, 1, 0x5AEC, 1, 0x432E, 1,
    0x5C32, 10, 0x432E, 2, 0x636E, 1, 0x5AEC, 1,
    0x5248, 1, 0x5AEC, 1, 0x636E, 2, 0x5AEC, 2,
    0x636E, 1, 0x5AEC, 1, 0x8CB2, 2, 0xF6CE, 4,
    0xD5ED, 7, 0x18C5, 8, 0x3000, 1, 0x62EA, 2,
    0x91A7, 1, 0x18C5, 36, 0x432E, 9, 0x5C32, 1,
    0x432E, 1, 0x5C32, 2, 0x2189, 2, 0x0862, 1,
    0x0000, 2, 0x1926, 1, 0x2189, 1, 0x5C32, 7,
    0x1926, 1, 0x2189, 1, 0x1926, 1, 0x432E, 1,
    0x2189, 1, 0x432E, 1, 0x54F5, 8, 0x2189, 1,
    0x91A7, 1, 0x636E, 1, 0x3187, 1, 0x636E, 1,
    0x5C32, 4, 0x8CB2, 2, 0x5C32, 1, 0x636E, 2,
    0x432E, 1, 0x636E, 1, 0x5248, 1, 0x5AEC, 1,
    0x636E, 3, 0x5AEC, 1, 0x636E, 3, 0x8CB2, 1,
    0xF6CE, 6, 0xD5ED, 6, 0x18C5, 9, 0x3000, 1,
    0x62EA, 1, 0x8C0C, 1, 0x7145, 1, 0x18C5, 35,
    0x432E, 10, 0x5C32, 4, 0x2189, 2, 0x0862, 1,
    0x0000, 2, 0x2189, 2, 0x5C32, 2, 0x54F5, 1,
    0x432E, 1, 0x54F5, 2, 0x2189, 2, 0x18E4, 1,
    0x2925, 2, 0x2189, 2, 0x54F5, 9, 0x98C3, 1,
    0x5AEC, 1, 0x3187, 1, 0x5C32, 4, 0x8CB2, 2,
    0x5C32, 2, 0x636E, 1, 0x5AEC, 1, 0x5248, 2,
    0x5AEC, 1, 0x636E, 6, 0x8CB2, 3, 0xF6CE, 5,
    0xD5ED, 6, 0x0862, 2, 0x2925, 1, 0x18C5, 7,
    0x3000, 1, 0x5248, 1, 0x7B0A, 1, 0x62EA, 1,
    0x18C5, 34, 0x8CB2, 1, 0x432E, 10, 0x5C32, 3,
    0x432E, 1, 0x2189, 1, 0x5C32, 1, 0x2189, 2,
    0x5C32, 1, 0x2189, 2, 0x5C32, 4, 0x54F5, 2,
    0x2189, 2, 0x0862, 2, 0x0000, 1, 0x1926, 1,
    0x2189, 2, 0x54F5, 8, 0x98C3, 1, 0x91A7, 1,
    0x3187, 1, 0x432E, 1, 0x5C32, 6, 0x2925, 1,
    0x18E4, 1, 0x5AEC, 1, 0x3A4A, 1, 0x636E, 6,
    0x8CB2, 4, 0xF6CE, 7, 0xD5ED, 5, 0x0862, 2,
    0x8CB2, 1, 0x3187, 2, 0x18C5, 5, 0x7000, 1,
    0x2925, 1, 0x8C0C, 1, 0x62EA, 1, 0x18C5, 33,
    0x636E, 1, 0x3A4A, 2, 0x2189, 1, 0x432E, 7,
    0x5C32, 3, 0x432E, 5, 0x5C32, 2, 0x54F5, 1,
    0x5C32, 4, 0x54F5, 2, 0x432E, 1, 0x2189, 1,
    0x54F5, 1, 0x432E, 1, 0x2189, 1, 0x0862, 1,
    0x432E, 1, 0x2189, 1, 0x54F5, 10, 0x91A7, 1,
    0x3187, 1, 0x5C32, 4, 0x3187, 1, 0x2925, 1,
    0x3187, 1, 0x5248, 1, 0x41C9, 1, 0x5248, 1,
    0x5AEC, 2, 0x636E, 4, 0x8CB2, 2, 0x636E, 1,
    0x8CB2, 3, 0xF6CE, 5, 0xD5ED, 5, 0x0862, 2,
    0x50A3, 1, 0x91A7, 1, 0x50A3, 2, 0x91A7, 1,
    0x50A3, 1, 0x18C5, 3, 0x7800, 1, 0x2925, 1,
    0x7B0A, 1, 0x7145, 1, 0x18C5, 31, 0x636E, 1,
    0x91A7, 1, 0x7800, 3, 0x1926, 7, 0x2189, 1,
    0x3A4A, 2, 0x2189, 1, 0x432E, 4, 0x5C32, 9,
    0x2189, 1, 0x54F5, 3, 0x432E, 1, 0x54F5, 2,
    0x432E, 1, 0x54F5, 11, 0x91A7, 1, 0x18E4, 1,
    0x3187, 1, 0x636E, 1, 0x432E, 1, 0x3187, 2,
    0x5AEC, 1, 0x5248, 1, 0x7145, 1, 0x3A4A, 1,
    0x5AEC, 5, 0x8CB2, 4, 0xF6CE, 1, 0x8CB2, 4,
    0xD5ED, 1, 0xF6CE, 2, 0xD5ED, 5, 0x0862, 2,
    0x7145, 1, 0x50A3, 2, 0x3187, 1, 0x50A3, 1,
    0x7062, 1, 0x91A7, 1, 0x3187, 1, 0x18C5, 2,
    0x7800, 1, 0x3800, 1, 0x7B0A, 1, 0x5248, 1,
    0x18C5, 29, 0x636E, 1, 0x7800, 1, 0x91A7, 1,
    0x3800, 2, 0x8000, 1, 0x20E4, 1, 0x4800, 1,
    0x91A7, 3, 0x7800, 2, 0x18C5, 1, 0x2189, 11,
    0x3A4A, 3, 0x2189, 4, 0x3A4A, 2, 0x432E, 2,
    0x5C32, 1, 0x54F5, 13, 0x7145, 1, 0x18E4, 1,
    0x3187, 2, 0x432E, 1, 0x7145, 1, 0x91A7, 1,
    0x4947, 1, 0x41C9, 1, 0x636E, 1, 0x5AEC, 5,
    0x8CB2, 6, 0xF6CE, 3, 0x8CB2, 2, 0xF6CE, 6,
    0x0862, 2, 0x50A3, 1, 0x91A7, 1, 0x2925, 1,
    0x20E4, 1, 0x2925, 1, 0x20E4, 1, 0x3187, 1,
    0x7145, 1, 0x3187, 1, 0x18C5, 2, 0x7800, 1,
    0x3800, 1, 0x4947, 1, 0x18C5, 28, 0x7000, 1,
    0x91A7, 1, 0x3800, 2, 0x8800, 1, 0x636E, 1,
    0x91A7, 1, 0x636E, 2, 0x7B0A, 2, 0x5248, 3,
    0x1882, 1, 0x20E4, 2, 0x3000, 1, 0x91A7, 2,
    0x7000, 5, 0x2189, 16, 0x3A4A, 2, 0x54F5, 9,
    0x3187, 1, 0x2925, 1, 0x18E4, 1, 0x91A7, 1,
    0x7145, 1, 0x5AEC, 1, 0x41C9, 1, 0x5248, 1,
    0x636E, 1, 0x5AEC, 4, 0x8CB2, 5, 0xF6CE, 14,
    0x0862, 2, 0x7145, 1, 0x3187, 1, 0x20E4, 3,
    0x1882, 1, 0x20E4, 1, 0x2925, 1, 0x7145, 1,
    0x91A7, 1, 0x18C5, 1, 0x7800, 1, 0x3000, 1,
    0x4947, 1, 0x18C5, 25, 0x7800, 1, 0x91A7, 2,
    0x2000, 1, 0x7800, 2, 0x5AEC, 5, 0x7B0A, 1,
    0x5AEC, 2, 0x636E, 5, 0x5AEC, 3, 0x3A4A, 1,
    0x20E4, 5, 0x91A7, 5, 0x7000, 3, 0x91A7, 1,
    0x7000, 2, 0x1882, 1, 0x2189, 3, 0x3A4A, 8,
    0x2189, 3, 0x432E, 1, 0x3187, 1, 0x5AEC, 1,
    0x41C9, 1, 0x5AEC, 1, 0x5248, 1, 0x41C9, 1,
    0x636E, 2, 0x5AEC, 4, 0x8CB2, 3, 0xF6CE, 1,
    0x8CB2, 2, 0xF6CE, 9, 0xB50D, 1, 0xF6CE, 4,
    0x0862, 1, 0x7062, 2, 0x20E4, 1, 0x2925, 4,
    0x20E4, 1, 0x1882, 1, 0x7145, 1, 0x50A3, 1,
    0x18C5, 1, 0x7000, 1, 0x3000, 1, 0x18C5, 24,
    0x6000, 1, 0x91A7, 2, 0x2000, 2, 0x7145, 1,
    0x636E, 2, 0x5AEC, 6, 0x7B0A, 2, 0x5AEC, 1,
    0x636E, 4, 0x7B8D, 1, 0x636E, 9, 0x5248, 3,
    0x2925, 1, 0x20E4, 2, 0x2925, 3, 0x1882, 2,
    0x3800, 1, 0x20E4, 2, 0x3000, 2, 0x3800, 1,
    0x91A7, 2, 0x2000, 3, 0x91A7, 2, 0x7000, 2,
    0x2925, 1, 0x91A7, 1, 0x5248, 3, 0x636E, 2,
    0x5AEC, 3, 0x8CB2, 3, 0xF6CE, 3, 0x636E, 1,
    0xF6CE, 4, 0x5C32, 2, 0xF6CE, 4, 0xB50D, 1,
    0xF6CE, 4, 0x3187, 1, 0x50A3, 1, 0x2925, 1,
    0x1882, 1, 0x2925, 1, 0x5248, 2, 0x62EA, 1,
    0x2925, 2, 0x3187, 2, 0x18C5, 2, 0x3800, 1,
    0x18C5, 21, 0x8CB2, 1, 0x6000, 1, 0x91A7, 2,
    0x2000, 2, 0x7145, 1, 0x5AEC, 10, 0x636E, 4,
    0x8CB2, 1, 0xB50D, 1, 0x636E, 1, 0x8CB2, 1,
    0xB50D, 5, 0x636E, 1, 0x5AEC, 2, 0x636E, 9,
    0x7B8D, 1, 0x636E, 4, 0x91A7, 2, 0x7145, 1,
    0x7062, 2, 0x8000, 1, 0x7800, 1, 0x2000, 1,
    0x91A7, 2, 0x5000, 1, 0x7145, 2, 0x5248, 2,
    0x5AEC, 1, 0x636E, 3, 0x8C0C, 1, 0x5AEC, 1,
    0x8CB2, 3, 0xF6CE, 5, 0x636E, 2, 0xF6CE, 3,
    0x2925, 2, 0x41C9, 1, 0xF6CE, 3, 0xB50D, 1,
    0xF6CE, 3, 0x18E4, 1, 0x3187, 1, 0x50A3, 1,
    0x1882, 1, 0x2925, 1, 0x4947, 1, 0x1882, 2,
    0x2925, 3, 0x20E4, 1, 0x3187, 1, 0x18C5, 22,
    0x8CB2, 1, 0xA001, 1, 0x91A7, 2, 0x2000, 2,
    0x2925, 1, 0x5AEC, 1, 0x636E, 1, 0xB50D, 4,
    0x636E, 4, 0xB50D, 4, 0x636E, 4, 0xB50D, 1,
    0x636E, 5, 0x5AEC, 1, 0xB50D, 4, 0x636E, 8,
    0x7B8D, 1, 0x636E, 2, 0x91A7, 4, 0x8000, 2,
    0x2000, 1, 0x91A7, 2, 0x50A3, 4, 0x7145, 1,
    0x5248, 1, 0x5AEC, 2, 0x636E, 3, 0x5AEC, 2,
    0x8CB2, 3, 0xF6CE, 6, 0x636E, 2, 0xF6CE, 3,
    0x5C32, 1, 0xF6CE, 1, 0x3187, 1, 0xF6CE, 3,
    0xB50D, 1, 0xF6CE, 3, 0x18E4, 1, 0x3187, 2,
    0x1882, 1, 0x62EA, 1, 0x1882, 1, 0x3800, 1,
    0x1882, 1, 0x3800, 1, 0x4947, 1, 0x2925, 1,
    0x20E4, 1, 0x3187, 1, 0x18C5, 20, 0x8CB2, 1,
    0x7062, 1, 0x5000, 1, 0x7145, 1, 0x2000, 2,
    0x2925, 1, 0x5AEC, 2, 0x636E, 1, 0xB50D, 2,
    0xA489, 2, 0x5248, 1, 0x62EA, 1, 0xA489, 1,
    0x8C0C, 1, 0x7B8D, 1, 0x5AEC, 3, 0x636E, 1,
    0x5AEC, 1, 0x636E, 6, 0xB50D, 4, 0x5AEC, 3,
    0x636E, 1, 0xB50D, 2, 0x636E, 1, 0x5AEC, 1,
    0x636E, 1, 0x7B8D, 1, 0x636E, 2, 0x5AEC, 2,
    0x91A7, 2, 0x5AEC, 1, 0x7800, 1, 0x2000, 2,
    0x91A7, 1, 0x7000, 1, 0x50A3, 3, 0x41C9, 3,
    0x5AEC, 2, 0x636E, 3, 0x8C0C, 2, 0x8CB2, 5,
    0xF6CE, 2, 0x8CB2, 2, 0xF6CE, 2, 0x8C0C, 2,
    0xF6CE, 3, 0xB50D, 1, 0xF6CE, 1, 0xD5ED, 1,
    0xF6CE, 1, 0xD5ED, 1, 0xF6CE, 1, 0x7B0A, 1,
    0xF6CE, 3, 0x3187, 1, 0x91A7, 1, 0x20E4, 1,
    0x2925, 1, 0x4947, 1, 0x1882, 5, 0x62EA, 1,
    0x20E4, 1, 0x3187, 1, 0x2925, 1, 0x18C5, 16,
    0xD5ED, 1, 0x8CB2, 1, 0x5AEC, 1, 0x7062, 1,
    0x6000, 1, 0x7145, 1, 0x2000, 1, 0x3187, 2,
    0x8C0C, 2, 0xB50D, 3, 0x8C0C, 1, 0xA489, 2,
    0x6000, 1, 0xA489, 1, 0xB50D, 1, 0x62EA, 1,
    0x2925, 2, 0xB50D, 4, 0x636E, 1, 0xB50D, 3,
    0x5AEC, 7, 0xB50D, 2, 0x5AEC, 2, 0xB50D, 3,
    0x636E, 4, 0x7062, 1, 0x91A7, 1, 0x636E, 1,
    0x8000, 2, 0x0862, 1, 0x91A7, 1, 0x50A3, 2,
    0x3A4A, 5, 0x5AEC, 3, 0x636E, 1, 0x5AEC, 1,
    0x636E, 2, 0x5AEC, 1, 0x8CB2, 9, 0x636E, 1,
    0xF6CE, 3, 0x8C0C, 1, 0xF6CE, 4, 0xB50D, 1,
    0xD5ED, 1, 0xA489, 2, 0xF6CE, 1, 0x7B0A, 1,
    0xF6CE, 3, 0x2925, 1, 0x7145, 1, 0x1882, 1,
    0x62EA, 1, 0x1882, 2, 0x0862, 1, 0x1882, 3,
    0x62EA, 1, 0x2925, 2, 0x3187, 1, 0x18C5, 15,
    0x636E, 1, 0x8CB2, 1, 0x91A7, 2, 0x6000, 1,
    0x7145, 1, 0x2000, 1, 0x4800, 1, 0x20E4, 1,
    0x636E, 1, 0x8C0C, 3, 0x7B0A, 2, 0x5000, 1,
    0x7145, 1, 0x8C0C, 2, 0xB50D, 1, 0x7145, 2,
    0x2925, 1, 0x5AEC, 1, 0xB50D, 3, 0x636E, 1,
    0xB50D, 3, 0x3A4A, 1, 0x5AEC, 1, 0xB50D, 3,
    0x5AEC, 7, 0x8C0C, 1, 0xB50D, 6, 0x5C32, 2,
    0x20E4, 1, 0x2000, 1, 0x91A7, 1, 0x50A3, 1,
    0x4841, 1, 0x41C9, 3, 0x5AEC, 5, 0x636E, 1,
    0x5AEC, 2, 0x636E, 1, 0x5AEC, 1, 0x8CB2, 9,
    0x636E, 3, 0x3187, 1, 0xD5ED, 1, 0xF6CE, 1,
    0xB50D, 1, 0x8CB2, 1, 0xF6CE, 1, 0xD5ED, 2,
    0xF6CE, 1, 0xD5ED, 2, 0xF6CE, 1, 0x5C32, 1,
    0x7B0A, 1, 0xF6CE, 1, 0xD5ED, 2, 0x2925, 3,
    0x4947, 1, 0x1882, 1, 0x0862, 1, 0x1882, 4,
    0x4947, 1, 0x2925, 2, 0x3187, 1, 0x18C5, 14,
    0x636E, 2, 0x5AEC, 1, 0x91A7, 1, 0x6000, 1,
    0x7145, 1, 0x2000, 1, 0x6000, 2, 0x5248, 1,
    0x8C0C, 3, 0x7B0A, 1, 0x5248, 1, 0x8C0C, 1,
    0x7B0A, 2, 0x8C0C, 2, 0x5248, 1, 0x8C0C, 2,
    0xA489, 2, 0x8C0C, 1, 0x2925, 2, 0x8C0C, 1,
    0xA489, 1, 0x3A4A, 2, 0xB50D, 7, 0x8C0C, 2,
    0xA489, 1, 0xB50D, 1, 0x7062, 2, 0x6000, 1,
    0xB50D, 1, 0xA489, 1, 0x5AEC, 1, 0xB50D, 3,
    0x0862, 1, 0x91A7, 1, 0x4841, 1, 0x50A3, 1,
    0x41C9, 3, 0x5AEC, 3, 0x5248, 1, 0x5AEC, 2,
    0x636E, 4, 0x5AEC, 1, 0x8CB2, 9, 0xD5ED, 1,
    0x8CB2, 1, 0xF6CE, 1, 0x8C0C, 1, 0x3187, 1,
    0xD5ED, 2, 0xB50D, 1, 0x5C32, 1, 0xF6CE, 1,
    0xD5ED, 1, 0xA489, 1, 0xD5ED, 3, 0x1926, 1,
    0x0000, 1, 0xA489, 1, 0xF6CE, 1, 0xD5ED, 1,
    0x1882, 1, 0x3187, 1, 0x20E4, 1, 0x2925, 1,
    0x1882, 7, 0x2925, 3, 0x3187, 1, 0x18C5, 13,
    0x636E, 1, 0x8CB2, 1, 0x5AEC, 2, 0x6000, 1,
    0x7145, 1, 0x2000, 1, 0x6000, 2, 0x5AEC, 1,
    0x41C9, 1, 0x3A4A, 2, 0x8C0C, 1, 0x7B0A, 4,
    0x8C0C, 1, 0x5248, 1, 0xA489, 2, 0x8C0C, 2,
    0x5248, 2, 0x3A4A, 1, 0x20E4, 1, 0x7B0A, 1,
    0x8C0C, 1, 0x41C9, 2, 0x8C0C, 1, 0x7B0A, 1,
    0x2925, 2, 0x8C0C, 1, 0x7B0A, 1, 0x8C0C, 2,
    0x5248, 1, 0xA489, 2, 0x8C0C, 1, 0x50A3, 1,
    0xA489, 1, 0xB50D, 1, 0x636E, 1, 0x7145, 2,
    0x7800, 1, 0x0000, 1, 0x91A7, 1, 0x5000, 1,
    0x4841, 1, 0x3800, 3, 0x5AEC, 6, 0x636E, 1,
    0x5AEC, 1, 0x636E, 2, 0x5AEC, 1, 0x8CB2, 11,
    0xF6CE, 3, 0x8CB2, 1, 0x5C32, 1, 0xD5ED, 3,
    0x3187, 1, 0xF6CE, 1, 0xA489, 2, 0x5C32, 1,
    0x41C9, 1, 0x3187, 1, 0x1926, 1, 0xA489, 1,
    0xF6CE, 1, 0xD5ED, 2, 0x18E4, 1, 0x3187, 1,
    0x20E4, 1, 0x2925, 1, 0x3800, 1, 0x1882, 6,
    0x7B0A, 1, 0x3187, 1, 0x2925, 1, 0x3187, 1,
    0x18C5, 12, 0x5AEC, 4, 0x6000, 1, 0x7145, 1,
    0x2000, 1, 0x6000, 2, 0x5248, 1, 0x5AEC, 1,
    0x3A4A, 2, 0x8C0C, 2, 0x41C9, 1, 0x5000, 1,
    0x4841, 2, 0x41C9, 1, 0xA489, 1, 0x8C0C, 3,
    0xA489, 1, 0x5248, 1, 0x8C0C, 3, 0x5248, 7,
    0x8C0C, 1, 0x5248, 1, 0x8C0C, 2, 0x3187, 1,
    0x3000, 1, 0x5248, 1, 0xA489, 5, 0x3A4A, 1,
    0x7000, 2, 0x2000, 1, 0x7145, 1, 0x50A3, 4,
    0x5AEC, 6, 0x636E, 2, 0x5AEC, 1, 0x636E, 1,
    0x5AEC, 2, 0x8CB2, 2, 0x636E, 1, 0x8CB2, 6,
    0x636E, 2, 0x8CB2, 1, 0xF6CE, 1, 0xD5ED, 1,
    0xB50D, 1, 0xD5ED, 4, 0xA489, 1, 0x3187, 1,
    0xD5ED, 1, 0x7B0A, 1, 0xD5ED, 1, 0x5C32, 1,
    0x20E4, 3, 0xA489, 1, 0xD5ED, 3, 0x1882, 1,
    0x3187, 1, 0x20E4, 1, 0x62EA, 1, 0x3800, 1,
    0x1882, 5, 0x6000, 1, 0x7B0A, 1, 0x2925, 2,
    0x3187, 1, 0x18C5, 11, 0x5AEC, 1, 0x91A7, 1,
    0x5AEC, 1, 0x7145, 1, 0x91A7, 1, 0x7145, 1,
    0x2000, 1, 0x6000, 2, 0x7062, 1, 0x5AEC, 1,
    0x7062, 2, 0x7B0A, 1, 0x8C0C, 2, 0x5248, 1,
    0x4800, 3, 0x3800, 1, 0x4800, 1, 0x4947, 2,
    0x3187, 2, 0x8C0C, 1, 0x5248, 2, 0x8C0C, 2,
    0x7B0A, 3, 0x4841, 3, 0x7B0A, 1, 0x4947, 2,
    0x4800, 1, 0x5248, 1, 0xA489, 1, 0x4947, 2,
    0xA489, 3, 0x5AEC, 1, 0x7000, 2, 0x2000, 1,
    0x7145, 1, 0x4841, 1, 0x50A3, 1, 0x41C9, 3,
    0x5248, 2, 0x5AEC, 3, 0xB50D, 1, 0x5AEC, 2,
    0x7145, 2, 0x3187, 1, 0x636E, 1, 0x5AEC, 1,
    0x636E, 1, 0x5AEC, 1, 0x8CB2, 5, 0x91A7, 1,
    0x636E, 1, 0xB50D, 1, 0xF6CE, 2, 0xB50D, 1,
    0xF6CE, 1, 0xD5ED, 4, 0xA489, 1, 0x3187, 1,
    0x8C0C, 1, 0xA001, 1, 0xA489, 1, 0x41C9, 1,
    0x20E4, 1, 0xF6CE, 3, 0xD5ED, 1, 0xA489, 2,
    0x2925, 1, 0x3187, 1, 0x20E4, 1, 0x5248, 1,
    0x1882, 2, 0x6000, 1, 0x1882, 4, 0x2925, 4,
    0x18C5, 10, 0x7062, 1, 0x91A7, 2, 0x8000, 2,
    0x7145, 1, 0x3000, 3, 0x7000, 1, 0x5AEC, 1,
    0x7145, 2, 0x20E4, 1, 0x3A4A, 1, 0x8C0C, 2,
    0x41C9, 1, 0x4841, 2, 0x41C9, 1, 0x4800, 8,
    0x50A3, 1, 0xA489, 3, 0x7B0A, 2, 0xA489, 2,
    0x4947, 3, 0xA489, 2, 0x4947, 1, 0x636E, 1,
    0xB50D, 2, 0xA489, 1, 0x8C0C, 1, 0x5AEC, 1,
    0x6000, 2, 0x2000, 1, 0x7145, 1, 0x4841, 1,
    0x50A3, 3, 0x5248, 4, 0x7B0A, 2, 0x8C0C, 1,
    0x636E, 1, 0x50A3, 1, 0x2925, 1, 0x7145, 2,
    0x7062, 1, 0x5AEC, 2, 0x8C0C, 2, 0x636E, 1,
    0x8CB2, 1, 0x636E, 1, 0x8CB2, 2, 0x3187, 2,
    0xD5ED, 1, 0xF6CE, 2, 0xB50D, 1, 0xA489, 1,
    0xD5ED, 1, 0x3187, 1, 0x41C9, 1, 0x3187, 1,
    0xF6CE, 1, 0xA489, 1, 0x8C0C, 1, 0xA001, 2,
    0x41C9, 1, 0xF6CE, 2, 0xA489, 4, 0x20E4, 1,
    0x2925, 1, 0x3187, 1, 0x2925, 1, 0x4947, 1,
    0x7000, 1, 0x20E4, 1, 0x6000, 1, 0x1882, 4,
    0x4947, 1, 0x2925, 1, 0x3187, 1, 0x18C5, 10,
    0x7062, 1, 0x3187, 1, 0x8000, 2, 0x7145, 1,
    0x4841, 1, 0x7145, 1, 0x2000, 2, 0x6000, 1,
    0x7145, 1, 0x5248, 2, 0x7062, 1, 0x20E4, 1,
    0x3A4A, 2, 0x8C0C, 1, 0x50A3, 2, 0x4841, 1,
    0x7B0A, 1, 0x4947, 1, 0x50A3, 2, 0x4800, 4,
    0x3000, 4, 0x7B0A, 1, 0xA489, 3, 0x7B0A, 1,
    0xA489, 1, 0x7B0A, 1, 0xA489, 1, 0x7000, 1,
    0x5AEC, 1, 0xB50D, 1, 0xA489, 2, 0x8C0C, 2,
    0x5AEC, 1, 0x4841, 2, 0x2000, 1, 0x7145, 1,
    0x4841, 1, 0x50A3, 2, 0x41C9, 3, 0x3A4A, 1,
    0x5AEC, 2, 0x7B0A, 1, 0xB50D, 2, 0x20E4, 1,
    0x4800, 1, 0x7062, 4, 0x2925, 2, 0x8C0C, 1,
    0x3187, 2, 0x91A7, 1, 0x636E, 3, 0x3187, 1,
    0xA489, 1, 0xF6CE, 3, 0xB50D, 1, 0xA489, 1,
    0x5C32, 1, 0x3187, 1, 0x20E4, 2, 0xF6CE, 1,
    0xA489, 1, 0x41C9, 1, 0xA001, 1, 0x7062, 1,
    0x7B8D, 1, 0x3187, 1, 0xA489, 2, 0x3187, 1,
    0x2925, 1, 0xA489, 1, 0x1882, 1, 0x2925, 3,
    0xA489, 1, 0x7000, 1, 0x1882, 6, 0x62EA, 1,
    0x20E4, 1, 0x3187, 1, 0x18C5, 10, 0x7000, 3,
    0x7145, 1, 0x7062, 1, 0x4841, 1, 0x50A3, 1,
    0x2000, 1, 0x5000, 2, 0x41C9, 2, 0x7145, 1,
    0x7062, 1, 0x20E4, 2, 0x3A4A, 1, 0x8C0C, 3,
    0x4800, 1, 0x4947, 4, 0x50A3, 3, 0x4800, 6,
    0x50A3, 2, 0x5248, 1, 0x4947, 1, 0x4800, 2,
    0xB50D, 2, 0x20E4, 1, 0x7000, 1, 0x20E4, 2,
    0x5AEC, 2, 0x6000, 1, 0x2000, 2, 0x7145, 1,
    0x5000, 1, 0x50A3, 3, 0x41C9, 1, 0x3A4A, 1,
    0x5248, 2, 0x7B0A, 2, 0xB50D, 2, 0x2925, 1,
    0x91A7, 1, 0x18C5, 1, 0x6000, 1, 0x7800, 3,
    0x2925, 1, 0x20E4, 1, 0x2925, 1, 0x3187, 2,
    0x636E, 2, 0x8CB2, 1, 0x3187, 1, 0x2925, 1,
    0xF6CE, 4, 0xB50D, 1, 0xA489, 1, 0x41C9, 1,
    0x20E4, 2, 0xF6CE, 2, 0xA489, 1, 0x41C9, 1,
    0xA001, 1, 0x7062, 2, 0x91A7, 1, 0x3187, 2,
    0x7062, 1, 0x2925, 1, 0x7B0A, 1, 0x1882, 1,
    0x2925, 3, 0x4947, 1, 0x1882, 7, 0x62EA, 1,
    0x20E4, 1, 0x3187, 1, 0x18C5, 10, 0x7000, 3,
    0x7062, 2, 0x4841, 2, 0x50A3, 1, 0x2000, 1,
    0x5000, 1, 0x41C9, 1, 0x50A3, 3, 0x5000, 2,
    0x3187, 1, 0x7B0A, 3, 0x8C0C, 3, 0x4800, 1,
    0x3800, 1, 0x4841, 2, 0x4947, 1, 0x50A3, 3,
    0x4841, 2, 0x50A3, 2, 0x7B0A, 1, 0x8C0C, 2,
    0xA489, 1, 0xB50D, 1, 0x3A4A, 1, 0x20E4, 1,
    0x7000, 3, 0x7145, 1, 0x7062, 1, 0x6000, 1,
    0x2000, 2, 0x4841, 4, 0x50A3, 2, 0x41C9, 2,
    0x5248, 2, 0x5AEC, 1, 0xB50D, 1, 0x2925, 1,
    0x7145, 1, 0x3187, 1, 0x0862, 2, 0x18C5, 3,
    0x6000, 1, 0x5000, 1, 0x2925, 2, 0x3187, 2,
    0x636E, 3, 0x2925, 1, 0xA489, 1, 0xF6CE, 4,
    0x41C9, 1, 0xA001, 1, 0x636E, 1, 0xA489, 1,
    0xF6CE, 1, 0xA489, 3, 0x2925, 1, 0x91A7, 1,
    0x7062, 5, 0x2925, 2, 0x7B0A, 1, 0x18E4, 1,
    0x2925, 1, 0x3187, 1, 0x20E4, 1, 0x5248, 1,
    0x3800, 1, 0x1882, 6, 0x2925, 1, 0x20E4, 1,
    0x3187, 1, 0x18C5, 9, 0x7000, 3, 0x8C0C, 1,
    0x5248, 1, 0x50A3, 1, 0x4841, 2, 0x5248, 1,
    0x2000, 1, 0x5000, 1, 0x50A3, 1, 0x41C9, 2,
    0x50A3, 1, 0x5000, 3, 0x1882, 1, 0x3187, 1,
    0x7B0A, 6, 0x1882, 1, 0x41C9, 1, 0x7B0A, 3,
    0x8C0C, 6, 0x3A4A, 1, 0x1882, 2, 0x6000, 1,
    0x7000, 2, 0x7062, 2, 0x7145, 1, 0x7000, 1,
    0x3800, 3, 0x5000, 2, 0x50A3, 5, 0x41C9, 2,
    0x3A4A, 2, 0xB50D, 1, 0x2925, 1, 0x3187, 1,
    0x7062, 1, 0x0862, 3, 0x8CB2, 1, 0x3187, 2,
    0x18C5, 2, 0x7000, 1, 0x5AEC, 1, 0x5C32, 1,
    0x3187, 1, 0x41C9, 1, 0x8CB2, 1, 0x636E, 1,
    0x2925, 1, 0xF6CE, 5, 0x3187, 1, 0x7062, 1,
    0x636E, 1, 0x3187, 1, 0xA489, 2, 0x41C9, 1,
    0x7B0A, 1, 0x20E4, 1, 0x7062, 3, 0x2925, 3,
    0x1882, 1, 0x0862, 1, 0x2925, 3, 0x3187, 1,
    0x20E4, 1, 0x62EA, 1, 0x3800, 1, 0x1882, 1,
    0x0862, 2, 0x1882, 1, 0x3800, 1, 0x4947, 1,
    0x2925, 1, 0x3187, 1, 0x50A3, 1, 0x18C5, 9,
    0x7000, 2, 0x8C0C, 2, 0x2925, 1, 0x3187, 1,
    0x50A3, 1, 0x4841, 2, 0x2000, 1, 0x4800, 1,
    0x5000, 1, 0x50A3, 1, 0x4841, 1, 0x50A3, 2,
    0x4841, 1, 0x5000, 4, 0x1882, 1, 0x3187, 3,
    0x20E4, 1, 0x0862, 3, 0x7B0A, 1, 0x3187, 2,
    0x1882, 2, 0x0862, 1, 0x3800, 1, 0x5000, 3,
    0x4841, 1, 0x50A3, 2, 0x41C9, 2, 0x5000, 1,
    0x4800, 1, 0x3000, 1, 0x50A3, 1, 0x4841, 1,
    0x91A7, 1, 0x5000, 1, 0x50A3, 6, 0x41C9, 3,
    0x5AEC, 1, 0x3187, 1, 0x7062, 1, 0x7145, 1,
    0x0862, 3, 0x2925, 1, 0x91A7, 1, 0x50A3, 2,
    0x91A7, 1, 0x50A3, 1, 0x7000, 1, 0x5AEC, 1,
    0x3187, 1, 0x2925, 1, 0x636E, 1, 0x8CB2, 1,
    0x4841, 1, 0xA489, 1, 0xF6CE, 4, 0xD5ED, 1,
    0x3187, 1, 0x7062, 1, 0x91A7, 2, 0x3187, 2,
    0x7145, 1, 0x7B0A, 1, 0x20E4, 1, 0x2925, 1,
    0x5248, 1, 0x0862, 1, 0x1882, 3, 0x4947, 2,
    0x1926, 2, 0x2925, 1, 0x3187, 1, 0x20E4, 1,
    0x2925, 1, 0x1882, 5, 0x2925, 3, 0x7145, 1,
    0x91A7, 1, 0x18C5, 9, 0x7000, 1, 0x7145, 1,
    0xA489, 3, 0x20E4, 1, 0x4841, 2, 0x5000, 1,
    0x7145, 1, 0x0862, 1, 0x2000, 2, 0x4800, 1,
    0x5000, 2, 0x4841, 3, 0x5000, 3, 0x4841, 1,
    0x6000, 1, 0x5000, 8, 0x4800, 1, 0x5000, 4,
    0x50A3, 2, 0x41C9, 2, 0x50A3, 1, 0x5000, 3,
    0x2000, 1, 0x4841, 2, 0x7062, 2, 0x91A7, 1,
    0x8800, 1, 0x8000, 3, 0x50A3, 2, 0x20E4, 2,
    0x2925, 1, 0x3187, 2, 0x6000, 1, 0x0862, 3,
    0x3187, 1, 0x50A3, 2, 0x3187, 1, 0x50A3, 1,
    0x7062, 1, 0x91A7, 1, 0x1882, 1, 0x5AEC, 1,
    0x3187, 1, 0x636E, 1, 0x41C9, 1, 0x3187, 1,
    0x1882, 1, 0xF6CE, 5, 0xD5ED, 1, 0x2925, 1,
    0x7062, 2, 0x91A7, 1, 0x7062, 2, 0x5248, 1,
    0x4947, 1, 0x0862, 3, 0x4947, 2, 0x3800, 1,
    0x4947, 3, 0x18E4, 3, 0x3187, 1, 0x20E4, 1,
    0x2925, 1, 0x4947, 1, 0x1882, 2, 0x3800, 1,
    0x1882, 1, 0x62EA, 1, 0x2925, 1, 0x1882, 1,
    0x7145, 1, 0x18C5, 10, 0x6000, 1, 0x91A7, 1,
    0xA489, 1, 0x8C0C, 2, 0x3187, 1, 0x20E4, 1,
    0x4841, 2, 0x41C9, 1, 0x5248, 1, 0x4947, 1,
    0x50A3, 1, 0x0862, 2, 0x5000, 4, 0x4841, 4,
    0x6000, 2, 0x5000, 11, 0x50A3, 3, 0x5000, 3,
    0x2000, 1, 0x5248, 1, 0x4841, 3, 0x7062, 1,
    0x91A7, 1, 0x7062, 2, 0x8800, 4, 0x8000, 3,
    0x7145, 1, 0x3187, 1, 0x7062, 1, 0x7800, 1,
    0x7062, 1, 0x0862, 3, 0x50A3, 1, 0x2925, 1,
    0x20E4, 4, 0x7145, 1, 0x2925, 1, 0x5AEC, 1,
    0x3187, 3, 0x1882, 2, 0xF6CE, 2, 0xD5ED, 1,
    0xF6CE, 2, 0xD5ED, 1, 0x20E4, 1, 0x7062, 3,
    0x5248, 2, 0x0862, 1, 0x4947, 1, 0x4800, 1,
    0x4947, 7, 0x1926, 1, 0x18E4, 2, 0x1926, 1,
    0x3187, 1, 0x2925, 2, 0x62EA, 1, 0x4947, 1,
    0x1882, 3, 0x2925, 1, 0x20E4, 1, 0x2925, 1,
    0x3187, 1, 0x18C5, 10, 0x7000, 1, 0x5AEC, 1,
    0x8C0C, 1, 0xA489, 1, 0x5AEC, 1, 0x3A4A, 1,
    0x20E4, 1, 0x50A3, 1, 0x4841, 4, 0x7145, 3,
    0x3800, 4, 0x4800, 3, 0x4841, 1, 0x6000, 1,
    0x5000, 16, 0x2000, 1, 0x7145, 1, 0x4841, 2,
    0x50A3, 3, 0x7145, 1, 0x7B0A, 1, 0xB50D, 2,
    0x8800, 4, 0x8000, 1, 0xA001, 2, 0x8800, 2,
    0x6000, 2, 0x0862, 3, 0x91A7, 1, 0x3187, 1,
    0x20E4, 2, 0x2925, 1, 0x1882, 1, 0x20E4, 1,
    0x2925, 1, 0x91A7, 1, 0x20E4, 1, 0x3187, 1,
    0x2925, 1, 0x20E4, 1, 0x3800, 1, 0xA489, 1,
    0xF6CE, 2, 0xD5ED, 1, 0xA489, 1, 0xD5ED, 2,
    0x7B0A, 1, 0x91A7, 1, 0x5248, 2, 0x0862, 3,
    0x4800, 1, 0x4947, 6, 0x636E, 2, 0x18E4, 4,
    0x2925, 1, 0x7145, 1, 0x1882, 1, 0x2925, 1,
    0x62EA, 1, 0x4947, 1, 0x5248, 2, 0x1882, 1,
    0x20E4, 1, 0x7145, 1, 0x3187, 1, 0x18C5, 10,
    0x4800, 1, 0x1882, 1, 0x7B0A, 1, 0x636E, 1,
    0x3A4A, 3, 0x4841, 5, 0x50A3, 1, 0x4841, 1,
    0x7145, 2, 0x0862, 9, 0x3800, 2, 0x3000, 5,
    0x5000, 2, 0x0862, 2, 0x7145, 1, 0x4947, 1,
    0x5248, 2, 0x7145, 1, 0x5000, 1, 0x50A3, 2,
    0x20E4, 1, 0x41C9, 1, 0x3187, 1, 0xB50D, 4,
    0x8800, 3, 0xA001, 4, 0x8800, 2, 0x7800, 1,
    0x0862, 3, 0x2925, 1, 0x7145, 1, 0x2925, 3,
    0x5248, 1, 0x2925, 2, 0x1882, 1, 0x7145, 1,
    0x20E4, 2, 0x2925, 1, 0x6000, 1, 0x7B0A, 1,
    0xD5ED, 1, 0xF6CE, 1, 0xD5ED, 1, 0xA489, 1,
    0x4947, 1, 0xA489, 3, 0x2925, 1, 0x0862, 4,
    0x4800, 1, 0x3800, 1, 0x4947, 5, 0x432E, 2,
    0x2925, 1, 0x0000, 1, 0x18E4, 1, 0x1926, 1,
    0x18E4, 1, 0x2925, 1, 0x91A7, 1, 0x20E4, 1,
    0x1882, 1, 0x2925, 4, 0x20E4, 1, 0x3187, 1,
    0x91A7, 1, 0x2925, 1, 0x18C5, 10, 0x4800, 1,
    0x5AEC, 1, 0x5248, 1, 0x5AEC, 1, 0x636E, 2,
    0x3A4A, 1, 0x20E4, 2, 0x4841, 2, 0x5000, 3,
    0x4800, 1, 0x5000, 4, 0x7145, 4, 0x50A3, 4,
    0x0862, 6, 0x7145, 2, 0x50A3, 1, 0x4841, 5,
    0x50A3, 1, 0x20E4, 1, 0x3A4A, 1, 0x7B0A, 1,
    0xA489, 6, 0x7062, 1, 0xA001, 6, 0x8800, 1,
    0x7800, 2, 0x1882, 1, 0x18E4, 1, 0x1882, 1,
    0x91A7, 1, 0x2925, 1, 0x1882, 1, 0x2925, 1,
    0x5248, 1, 0x1882, 1, 0x62EA, 1, 0x2925, 2,
    0x3187, 1, 0x2925, 1, 0x4841, 1, 0x2925, 1,
    0x3800, 1, 0x7B0A, 1, 0xD5ED, 2, 0xA489, 1,
    0x7B0A, 1, 0x4947, 1, 0xA489, 2, 0x7B0A, 1,
    0x0862, 1, 0x3800, 1, 0x1882, 1, 0x4800, 3,
    0x3800, 1, 0x4947, 3, 0x2925, 4, 0x0000, 2,
    0x20E4, 1, 0x1926, 2, 0x3187, 3, 0x1882, 2,
    0x2925, 1, 0x20E4, 2, 0x50A3, 1, 0x7062, 1,
    0x50A3, 1, 0x18C5, 11, 0x4800, 1, 0x5AEC, 2,
    0x3A4A, 2, 0x432E, 3, 0x3A4A, 1, 0x50A3, 1,
    0x7000, 2, 0x5000, 10, 0x4800, 8, 0x50A3, 2,
    0x5000, 1, 0x4841, 1, 0x50A3, 1, 0x4841, 3,
    0x50A3, 1, 0x4841, 1, 0x50A3, 1, 0x20E4, 1,
    0x3A4A, 1, 0x432E, 1, 0xA489, 2, 0xB50D, 2,
    0xA489, 1, 0x2925, 1, 0x91A7, 2, 0xA001, 6,
    0x8000, 3, 0x1882, 1, 0x18E4, 1, 0x1882, 1,
    0x50A3, 1, 0x20E4, 1, 0x2925, 1, 0x4947, 1,
    0x3800, 1, 0x1882, 1, 0x3800, 1, 0x4947, 1,
    0x2925, 2, 0x3187, 1, 0x4841, 1, 0x20E4, 1,
    0x7B0A, 1, 0xA489, 4, 0x3800, 2, 0x7B0A, 1,
    0xA489, 1, 0x7B0A, 1, 0x4947, 1, 0x3800, 2,
    0x4800, 2, 0x4947, 2, 0x636E, 5, 0x20E4, 2,
    0x18E4, 2, 0x2925, 1, 0x18E4, 1, 0x1926, 2,
    0x3187, 1, 0x50A3, 1, 0x2925, 1, 0x20E4, 3,
    0x2925, 1, 0x50A3, 1, 0x91A7, 1, 0x18C5, 12,
    0x4800, 2, 0x0862, 3, 0x18E4, 1, 0x432E, 1,
    0x636E, 2, 0x50A3, 1, 0x5000, 3, 0x6000, 8,
    0x5000, 1, 0x4800, 10, 0x5000, 2, 0x4841, 2,
    0x50A3, 2, 0x20E4, 2, 0x5AEC, 3, 0x5C32, 2,
    0xA489, 1, 0xB50D, 1, 0x62EA, 1, 0x1926, 2,
    0xB50D, 2, 0xA001, 5, 0x8000, 3, 0x7800, 1,
    0x18E4, 2, 0x2925, 1, 0x3187, 1, 0x20E4, 1,
    0x62EA, 1, 0x1882, 5, 0x62EA, 1, 0x2925, 1,
    0x3187, 1, 0x4841, 1, 0x2925, 1, 0xA489, 3,
    0x7B0A, 1, 0x4947, 1, 0x4841, 1, 0x3800, 1,
    0x7B0A, 2, 0x4947, 1, 0x3800, 1, 0x4800, 3,
    0x3800, 1, 0x4947, 1, 0x432E, 5, 0x18E4, 1,
    0x0000, 1, 0x3187, 1, 0x0000, 1, 0x18E4, 3,
    0x1926, 2, 0x3187, 1, 0x50A3, 1, 0x7062, 1,
    0x3187, 1, 0x2925, 1, 0x50A3, 1, 0x3187, 2,
    0x18C5, 12, 0x4800, 2, 0x3000, 1, 0x4800, 2,
    0x5248, 1, 0x1882, 1, 0x0862, 2, 0x1882, 1,
    0x4841, 1, 0x5000, 2, 0x4800, 1, 0x6000, 8,
    0x7000, 10, 0x8800, 3, 0x7062, 3, 0x3187, 1,
    0x5AEC, 4, 0x5C32, 1, 0x8CB2, 1, 0xF6CE, 3,
    0x8CB2, 1, 0x2925, 2, 0x8CB2, 1, 0xA001, 4,
    0x8000, 1, 0x7800, 1, 0x8000, 3, 0x7800, 1,
    0x1882, 2, 0x2925, 2, 0x1882, 1, 0x2925, 1,
    0x1882, 1, 0x0862, 1, 0x1882, 3, 0x62EA, 1,
    0x20E4, 1, 0x3187, 1, 0x4841, 2, 0xA489, 3,
    0x4947, 1, 0x3800, 2, 0x7B0A, 1, 0x4947, 2,
    0x3800, 1, 0x4800, 4, 0x1926, 2, 0x3187, 1,
    0x2925, 1, 0x3187, 2, 0x0000, 1, 0x8CB2, 2,
    0x1926, 1, 0x2925, 1, 0x18E4, 3, 0x20E4, 1,
    0x18E4, 1, 0x20E4, 1, 0x7062, 1, 0x7145, 1,
    0x91A7, 1, 0x50A3, 1, 0x91A7, 1, 0x50A3, 1,
    0x18C5, 13, 0x4800, 2, 0x3000, 1, 0x4800, 4,
    0x6000, 2, 0x7145, 1, 0x4841, 1, 0x4800, 2,
    0x6000, 9, 0x7000, 10, 0x7800, 2, 0x8000, 1,
    0x7062, 1, 0x5AEC, 1, 0x8CB2, 1, 0x636E, 2,
    0x5C32, 1, 0x8CB2, 4, 0xF6CE, 1, 0x8CB2, 2,
    0x41C9, 1, 0x8CB2, 1, 0x2925, 1, 0xB50D, 1,
    0xA001, 1, 0x8800, 2, 0x8000, 5, 0x7800, 2,
    0x1882, 2, 0x2925, 1, 0x20E4, 1, 0x62EA, 1,
    0x1882, 6, 0x4947, 1, 0x20E4, 1, 0x636E, 1,
    0x6000, 1, 0x4947, 1, 0x7B0A, 2, 0x4947, 1,
    0x3800, 1, 0x4841, 1, 0x3800, 1, 0x4947, 2,
    0x3800, 1, 0x4800, 3, 0x4841, 1, 0x3800, 1,
    0x3187, 3, 0x18E4, 1, 0x20E4, 1, 0x1926, 1,
    0x18C5, 3, 0x2925, 1, 0x8CB2, 1, 0x18E4, 7,
    0x50A3, 1, 0x7145, 1, 0x50A3, 1, 0x8CB2, 1,
    0x3187, 1, 0x18C5, 13, 0x4800, 1, 0x3000, 2,
    0x4800, 4, 0x6000, 3, 0x7000, 3, 0x8000, 2,
    0x6000, 7, 0x7000, 10, 0x7800, 3, 0x7062, 1,
    0x5C32, 2, 0x636E, 2, 0x1926, 1, 0x8CB2, 3,
    0x20E4, 1, 0x8CB2, 1, 0x1926, 2, 0x8CB2, 3,
    0x8800, 1, 0x8000, 8, 0x7800, 1, 0x1882, 3,
    0x3187, 1, 0x20E4, 1, 0x4947, 1, 0x3800, 1,
    0x1882, 5, 0x2925, 1, 0x20E4, 1, 0x3187, 1,
    0x2925, 1, 0x7B0A, 2, 0x3800, 2, 0x1882, 1,
    0x4800, 1, 0x3800, 1, 0x4947, 1, 0x4800, 5,
    0x18C5, 3, 0x636E, 1, 0x8CB2, 1, 0x5C32, 2,
    0x3187, 1, 0x0000, 1, 0x18C5, 1, 0x0000, 1,
    0x18C5, 9, 0x18E4, 3, 0x2925, 1, 0x18C5, 14,
    0x4800, 1, 0x3000, 2, 0x4800, 4, 0x6000, 3,
    0x7000, 3, 0x8000, 9, 0x8800, 3, 0x7000, 11,
    0x20E4, 1, 0x1882, 1, 0x20E4, 2, 0x2925, 1,
    0x20E4, 1, 0x2925, 2, 0x8CB2, 1, 0x1926, 1,
    0x8CB2, 2, 0x8800, 2, 0x8000, 6, 0x7800, 2,
    0x8000, 2, 0x7800, 1, 0x1882, 3, 0x3187, 1,
    0x2925, 2, 0x1882, 5, 0x6000, 1, 0x7B0A, 1,
    0x20E4, 1, 0x636E, 1, 0x4947, 3, 0x3800, 2,
    0x4800, 2, 0x3800, 2, 0x4800, 2, 0x4841, 1,
    0x18C5, 9, 0x8CB2, 2, 0x2925, 1, 0x20E4, 1,
    0x18C5, 27, 0x3000, 3, 0x4800, 4, 0x6000, 1,
    0x7000, 3, 0x6000, 1, 0x7000, 2, 0x8800, 1,
    0x8000, 7, 0x8800, 8, 0xA001, 3, 0x8800, 12,
    0x8000, 2, 0x7800, 1, 0x8800, 1, 0x8000, 6,
    0x7800, 4, 0x8000, 1, 0x7800, 1, 0x18E4, 2,
    0x2925, 1, 0x3187, 1, 0x2925, 1, 0x1882, 6,
    0x6000, 1, 0x2925, 1, 0x20E4, 1, 0x3187, 1,
    0x4947, 1, 0x3800, 1, 0x0862, 2, 0x1882, 1,
    0x4800, 4, 0x4841, 1, 0x18C5, 43, 0x3000, 3,
    0x4800, 3, 0x6000, 1, 0x7000, 6, 0x8800, 5,
    0xA001, 1, 0x8800, 2, 0xA001, 3, 0x8800, 5,
    0xA001, 3, 0x8800, 12, 0x8000, 2, 0x7800, 1,
    0x8000, 7, 0x7800, 6, 0x20E4, 2, 0x2925, 1,
    0x3187, 1, 0x2925, 1, 0x1882, 2, 0x6000, 1,
    0x1882, 4, 0x4947, 1, 0x20E4, 1, 0x3187, 1,
    0x4947, 1, 0x0862, 1, 0x1882, 3, 0x4800, 4,
    0x18C5, 44, 0x3000, 3, 0x4800, 4, 0x6000, 1,
    0x7000, 1, 0x5000, 3, 0x7000, 1, 0x8000, 1,
    0x8800, 1, 0xA001, 2, 0x98C3, 5, 0xA001, 4,
    0x8800, 3, 0xA001, 3, 0x8800, 6, 0x8000, 1,
    0x8800, 6, 0x8000, 7, 0x7800, 8, 0x20E4, 2,
    0x2925, 1, 0x3187, 1, 0x7062, 1, 0x1882, 7,
    0x62EA, 1, 0x20E4, 1, 0x3187, 1, 0x1882, 5,
    0x4800, 2, 0x18C5, 47, 0x3000, 2, 0x5000, 1,
    0x4800, 3, 0x7000, 1, 0x5000, 1, 0x4800, 1,
    0x3000, 1, 0x2000, 1, 0x5000, 1, 0x6000, 2,
    0x7000, 2, 0x8800, 1, 0x7062, 2, 0x7000, 1,
    0x98C3, 3, 0xA001, 4, 0x8800, 1, 0xA001, 5,
    0x8800, 4, 0x8000, 1, 0x8800, 6, 0x8000, 4,
    0x7800, 11, 0x1882, 2, 0x2925, 2, 0x7062, 1,
    0x1882, 7, 0x62EA, 1, 0x2925, 1, 0x3187, 1,
    0x3800, 1, 0x1882, 3, 0x4800, 1, 0x18C5, 49,
    0x2000, 1, 0x3000, 1, 0x4800, 2, 0x5000, 2,
    0x6000, 1, 0x4800, 1, 0x0862, 1, 0x0000, 1,
    0x2000, 2, 0x3000, 2, 0x2000, 1, 0x3000, 1,
    0x0862, 2, 0x7062, 1, 0x7000, 1, 0x98C3, 2,
    0x8800, 1, 0x7800, 3, 0x7000, 2, 0x8000, 1,
    0x7000, 3, 0x8000, 1, 0x8800, 3, 0x8000, 1,
    0x8800, 3, 0x8000, 1, 0x8800, 4, 0x8000, 3,
    0x7800, 10, 0x18E4, 3, 0x2925, 1, 0x3187, 1,
    0x2925, 1, 0x1882, 7, 0x2925, 1, 0x3187, 1,
    0x2925, 1, 0x1882, 1, 0x4800, 2, 0x18C5, 51,
    0x2000, 1, 0x3000, 2, 0x4800, 2, 0x5000, 1,
    0x8000, 1, 0xA001, 1, 0x98C3, 1, 0x2000, 1,
    0x0000, 6, 0x0862, 2, 0x2000, 3, 0x0862, 2,
    0x3000, 2, 0x2000, 1, 0x3000, 5, 0x4800, 1,
    0x6000, 1, 0x8000, 2, 0x8800, 9, 0x8000, 1,
    0x7800, 13, 0x18E4, 1, 0x2925, 3, 0x3187, 1,
    0x2925, 2, 0x3800, 1, 0x0862, 1, 0x1882, 3,
    0x4947, 1, 0x2925, 1, 0x7145, 1, 0x3800, 1,
    0x4800, 2, 0x18C5, 53, 0x2000, 1, 0x3000, 1,
    0x4800, 3, 0x8000, 1, 0xA001, 2, 0x8000, 1,
    0x50A3, 1, 0x7062, 1, 0x3187, 1, 0x91A7, 1,
    0x636E, 2, 0x0862, 3, 0x0000, 1, 0x0862, 4,
    0x0000, 7, 0x2000, 1, 0x1882, 1, 0x8000, 2,
    0x8800, 9, 0x8000, 1, 0x7800, 10, 0x7000, 1,
    0x6000, 2, 0x1926, 2, 0x2925, 2, 0x3187, 1,
    0x2925, 1, 0x4947, 1, 0x1882, 4, 0x2925, 3,
    0x91A7, 1, 0x3800, 1, 0x18C5, 55, 0x0000, 1,
    0x2000, 1, 0x3000, 2, 0x4800, 1, 0x6000, 1,
    0x8000, 2, 0xA001, 1, 0x8800, 1, 0xA001, 1,
    0x98C3, 2, 0x91A7, 1, 0x636E, 1, 0x8CB2, 8,
    0x636E, 1, 0x7B8D, 1, 0x91A7, 1, 0x0000, 4,
    0x2000, 1, 0x1882, 1, 0x6000, 2, 0xA001, 1,
    0x8800, 8, 0x8000, 1, 0x7800, 10, 0x6000, 2,
    0x18E4, 1, 0x1926, 1, 0x18E4, 2, 0x20E4, 1,
    0x3187, 1, 0x20E4, 1, 0x62EA, 1, 0x2925, 1,
    0x1882, 1, 0x3800, 1, 0x1882, 1, 0x62EA, 1,
    0x2925, 2, 0x91A7, 1, 0x18C5, 57, 0x0000, 1,
    0x2000, 2, 0x4800, 2, 0x6000, 1, 0x8000, 2,
    0x7000, 3, 0x7800, 1, 0x91A7, 1, 0x8C0C, 1,
    0x8CB2, 2, 0xD5ED, 1, 0x8CB2, 1, 0xF6CE, 2,
    0x8CB2, 3, 0xB50D, 1, 0x7B8D, 1, 0x91A7, 1,
    0x41C9, 1, 0x98C3, 1, 0x7062, 1, 0xA001, 1,
    0x98C3, 3, 0xA001, 2, 0x8800, 6, 0x8000, 2,
    0x7800, 6, 0x7000, 2, 0x6000, 3, 0x4800, 1,
    0x18E4, 4, 0x1926, 1, 0x2925, 1, 0x20E4, 1,
    0x2925, 1, 0x62EA, 1, 0x1882, 3, 0x2925, 1,
    0x20E4, 1, 0x7145, 1, 0x2925, 1, 0x18C5, 58,
    0x0000, 1, 0x2000, 2, 0x3000, 1, 0x3800, 1,
    0x6000, 5, 0x7000, 1, 0x7800, 1, 0x8000, 3,
    0x8800, 3, 0xA001, 2, 0x8800, 2, 0xB50D, 1,
    0x91A7, 1, 0x98C3, 2, 0xA001, 8, 0x8800, 5,
    0x8000, 2, 0x7800, 3, 0x7000, 2, 0x6000, 4,
    0x4800, 3, 0x1926, 1, 0x18E4, 5, 0x2925, 2,
    0x20E4, 1, 0x2925, 1, 0x4947, 1, 0x5248, 2,
    0x1882, 1, 0x20E4, 1, 0x91A7, 1, 0x1882, 1,
    0x18C5, 60, 0x2000, 3, 0x3800, 1, 0x4800, 4,
    0x6000, 1, 0x7000, 1, 0x6000, 2, 0x5000, 2,
    0x4800, 1, 0x6000, 1, 0x5000, 1, 0x6000, 2,
    0x8800, 2, 0x8000, 2, 0x8800, 4, 0xA001, 6,
    0x8800, 1, 0x8000, 3, 0x7800, 3, 0x7000, 4,
    0x4800, 2, 0x3800, 1, 0x3000, 2, 0x2000, 2,
    0x18E4, 1, 0x1926, 2, 0x18E4, 3, 0x3187, 2,
    0x20E4, 1, 0x1882, 1, 0x2925, 3, 0x20E4, 1,
    0x3187, 1, 0x50A3, 1, 0x18C5, 63, 0x2000, 1,
    0x3000, 5, 0x4800, 4, 0x3800, 1, 0x3000, 1,
    0x2000, 2, 0x3000, 2, 0x6000, 2, 0x7000, 1,
    0x7800, 2, 0x8000, 10, 0x7800, 3, 0x6000, 6,
    0x4800, 3, 0x3800, 1, 0x2000, 5, 0x18E4, 3,
    0x1926, 1, 0x18E4, 2, 0x2925, 1, 0x50A3, 1,
    0x2925, 1, 0x20E4, 3, 0x2925, 1, 0x50A3, 1,
    0x91A7, 1, 0x18C5, 70, 0x3000, 5, 0x2000, 4,
    0x3000, 1, 0x3800, 1, 0x4800, 1, 0x5000, 3,
    0x6000, 3, 0x5000, 1, 0x6000, 6, 0x4800, 7,
    0x3000, 2, 0x2000, 5, 0x3800, 3, 0x18E4, 4,
    0x2925, 2, 0x1926, 1, 0x1882, 1, 0x91A7, 1,
    0x7145, 1, 0x2925, 2, 0x20E4, 1, 0x3187, 1,
    0x50A3, 1, 0x18C5, 79, 0x2000, 2, 0x3000, 5,
    0x3800, 10, 0x3000, 2, 0x2000, 4, 0x4800, 1,
    0x3800, 3, 0x18C5, 5, 0x18E4, 4, 0x20E4, 2,
    0x18E4, 2, 0x1926, 1, 0x2925, 1, 0x7062, 1,
    0x91A7, 1, 0x3187, 1, 0x50A3, 3, 0x3187, 1,
    0x18C5, 113, 0x18E4, 10, 0x3187, 1, 0x50A3, 1,
    0x8CB2, 1, 0x3187, 1, 0x18C5, 123, 0x18E4, 1,
    0x20E4, 1, 0x18E4, 1, 0x2925, 1, 0x18C5, 3127,
    0x18C5, 2510, 0x91A7, 5, 0x18C5, 122, 0x7062, 1,
    0x91A7, 8, 0x7062, 1, 0x18C5, 118, 0x7062, 3,
    0x91A7, 9, 0x18C5, 115, 0x8000, 1, 0x7062, 10,
    0x91A7, 5, 0x18C5, 112, 0x8000, 9, 0x7062, 2,
    0x91A7, 10, 0x636E, 2, 0x91A7, 2, 0x7062, 1,
    0x18C5, 16, 0x91A7, 7, 0x18C5, 79, 0x8000, 11,
    0x7062, 6, 0x91A7, 5, 0x636E, 1, 0x91A7, 2,
    0x7062, 1, 0x91A7, 2, 0x636E, 3, 0x91A7, 1,
    0x636E, 4, 0x18C5, 1, 0x91A7, 13, 0x18C5, 77,
    0x8000, 2, 0x7000, 1, 0x8000, 14, 0x7062, 5,
    0x91A7, 26, 0x7062, 4, 0x18C5, 76, 0x7000, 1,
    0x6000, 1, 0x5000, 2, 0x6000, 6, 0x7000, 1,
    0x8000, 12, 0x7062, 9, 0x91A7, 3, 0x7062, 17,
    0x18C5, 75, 0x6000, 2, 0x4800, 1, 0x3800, 2,
    0x5000, 6, 0x6000, 1, 0x7800, 3, 0x8000, 19,
    0x7062, 2, 0x8000, 17, 0x18C5, 75, 0x4800, 2,
    0x3000, 3, 0x6000, 3, 0x3000, 3, 0x4800, 1,
    0x5000, 3, 0x7800, 6, 0x7000, 3, 0x8000, 29,
    0x18C5, 75, 0x3800, 1, 0x3000, 1, 0x6000, 1,
    0x50A3, 1, 0x6000, 7, 0x2000, 1, 0x3000, 4,
    0x5000, 5, 0x6000, 4, 0x8000, 5, 0x7000, 3,
    0x7800, 2, 0x8000, 8, 0x7000, 1, 0x8000, 9,
    0x18C5, 74, 0x50A3, 6, 0x6000, 1, 0x50A3, 1,
    0x6000, 6, 0x2000, 3, 0x3000, 8, 0x4800, 2,
    0x6000, 6, 0x5000, 3, 0x7800, 7, 0x6000, 1,
    0x5000, 2, 0x6000, 5, 0x7000, 1, 0x8000, 2,
    0x18C5, 72, 0x7145, 2, 0x7062, 4, 0x6000, 10,
    0x7000, 2, 0x7800, 1, 0x7062, 1, 0x7145, 2,
    0x2000, 5, 0x3000, 2, 0x4800, 4, 0x3000, 6,
    0x5000, 6, 0x4800, 1, 0x3000, 2, 0x5000, 6,
    0x6000, 1, 0x7800, 1, 0x5000, 1, 0x18C5, 68,
    0x7145, 9, 0x7062, 1, 0x6000, 7, 0x7000, 3,
    0x7800, 1, 0x7062, 4, 0x7145, 6, 0x7062, 2,
    0x91A7, 1, 0x5AEC, 1, 0x2000, 7, 0x3000, 6,
    0x2000, 2, 0x8800, 1, 0x8000, 2, 0x4800, 1,
    0x3000, 3, 0x4800, 1, 0x6000, 1, 0x5000, 1,
    0x18C5, 65, 0x5248, 3, 0x7145, 1, 0x5AEC, 1,
    0x5248, 4, 0x7145, 2, 0x7062, 2, 0x50A3, 1,
    0x6000, 4, 0x7000, 5, 0x7800, 2, 0x7062, 6,
    0x7800, 2, 0x7062, 5, 0x7145, 3, 0x7062, 1,
    0x91A7, 1, 0x7062, 2, 0x7800, 3, 0x8000, 1,
    0x8800, 2, 0x8000, 2, 0x8800, 2, 0x4800, 3,
    0x3000, 3, 0x4800, 2, 0x18C5, 63, 0x7145, 1,
    0x5248, 3, 0x5AEC, 6, 0x5248, 3, 0x7145, 1,
    0x6000, 4, 0x7000, 6, 0x7800, 14, 0x7062, 6,
    0x8000, 1, 0x7800, 3, 0x8000, 5, 0x7062, 1,
    0x98C3, 2, 0x4841, 2, 0x4800, 1, 0x3000, 2,
    0x2000, 1, 0x3000, 2, 0x6000, 1, 0x18C5, 60,
    0x8000, 1, 0x8C0C, 1, 0x8000, 8, 0x91A7, 2,
    0x2925, 2, 0x432E, 1, 0x3187, 1, 0x8000, 1,
    0x7800, 3, 0x432E, 3, 0x7000, 5, 0x7800, 14,
    0x8000, 3, 0x7800, 5, 0x8000, 3, 0x8800, 2,
    0x7062, 1, 0x91A7, 2, 0x4841, 3, 0x3800, 2,
    0x20E4, 2, 0x2000, 1, 0x3000, 1, 0x18C5, 56,
    0x7800, 8, 0x3000, 2, 0x7000, 1, 0x6000, 7,
    0x4800, 5, 0x7800, 2, 0x91A7, 1, 0x7800, 2,
    0x432E, 2, 0x636E, 3, 0x5C32, 2, 0x7000, 6,
    0x7800, 4, 0x8000, 2, 0x7800, 5, 0x7000, 1,
    0x7800, 1, 0x8000, 1, 0x8800, 1, 0x91A7, 2,
    0x5AEC, 4, 0x50A3, 2, 0x4841, 1, 0x3800, 2,
    0x20E4, 2, 0x5248, 1, 0x4947, 1, 0x3000, 1,
    0x18C5, 53, 0x7800, 1, 0x8000, 7, 0x1882, 1,
    0x7B8D, 3, 0x636E, 2, 0x5AEC, 1, 0x636E, 2,
    0xB50D, 1, 0xA489, 1, 0x5AEC, 2, 0x20E4, 2,
    0x2925, 1, 0x6000, 1, 0x5000, 2, 0x4800, 1,
    0x3800, 3, 0x7000, 3, 0x2925, 1, 0x5AEC, 1,
    0x636E, 1, 0x5C32, 2, 0x636E, 3, 0x5C32, 1,
    0x8CB2, 2, 0x7000, 5, 0x7800, 2, 0x7000, 2,
    0x7800, 1, 0x8000, 1, 0x7062, 2, 0x5AEC, 6,
    0x50A3, 3, 0x3800, 2, 0x1882, 2, 0x2925, 1,
    0x5248, 2, 0x4947, 1, 0x3000, 1, 0x18C5, 50,
    0x8000, 1, 0x8800, 6, 0x1926, 1, 0x20E4, 1,
    0x7B8D, 3, 0x91A7, 2, 0x5248, 1, 0x636E, 2,
    0xB50D, 4, 0x636E, 2, 0xA489, 4, 0x20E4, 1,
    0x1882, 1, 0x6000, 2, 0x5000, 2, 0x4800, 1,
    0x3800, 3, 0x7000, 4, 0x7B0A, 1, 0x7000, 2,
    0x6000, 8, 0x7800, 1, 0x7000, 1, 0x8000, 3,
    0x91A7, 2, 0x5AEC, 2, 0x636E, 3, 0x41C9, 1,
    0x50A3, 2, 0x20E4, 4, 0x1882, 1, 0x20E4, 1,
    0x5248, 2, 0x7B0A, 1, 0x5248, 1, 0x4947, 1,
    0x18C5, 48, 0x7800, 2, 0x7062, 1, 0x7145, 6,
    0x2925, 2, 0x5AEC, 1, 0x636E, 3, 0xA489, 1,
    0x41C9, 1, 0x5248, 1, 0x5AEC, 6, 0x7145, 1,
    0xB50D, 1, 0x3A4A, 2, 0x7000, 5, 0x6000, 5,
    0x4800, 2, 0x3800, 2, 0x7000, 4, 0x636E, 1,
    0x6000, 1, 0x636E, 1, 0x6000, 1, 0x636E, 1,
    0x6000, 4, 0x7000, 1, 0x8000, 2, 0x7062, 1,
    0x636E, 6, 0x50A3, 3, 0x4841, 2, 0x20E4, 3,
    0x5248, 3, 0x7B0A, 3, 0x5248, 1, 0x18C5, 47,
    0x8000, 1, 0x7800, 1, 0x7062, 1, 0x7145, 5,
    0x3A4A, 1, 0x636E, 5, 0xB50D, 1, 0xA489, 2,
    0x8C0C, 3, 0xA489, 4, 0x8C0C, 1, 0x5AEC, 3,
    0x7145, 1, 0x7800, 2, 0x7000, 7, 0x6000, 3,
    0x8000, 1, 0x7B8D, 1, 0x7800, 3, 0x636E, 4,
    0x2925, 1, 0x636E, 2, 0x6000, 3, 0x7800, 1,
    0x7062, 2, 0x636E, 6, 0x41C9, 2, 0x20E4, 2,
    0x1882, 1, 0x4841, 1, 0x1882, 1, 0x20E4, 1,
    0x7B0A, 1, 0x5248, 2, 0x7B0A, 4, 0xA489, 1,
    0x18C5, 45, 0x8000, 3, 0x7145, 5, 0x3A4A, 2,
    0x636E, 3, 0x5AEC, 3, 0x636E, 2, 0x8C0C, 1,
    0x5AEC, 3, 0x8C0C, 2, 0xA489, 2, 0x5AEC, 2,
    0x5248, 2, 0x50A3, 2, 0x6000, 1, 0x7000, 8,
    0x7800, 1, 0x91A7, 1, 0x7B0A, 1, 0x20E4, 1,
    0x3800, 1, 0x7800, 1, 0x636E, 1, 0x3A4A, 2,
    0x636E, 1, 0x432E, 1, 0x636E, 1, 0x432E, 1,
    0x3A4A, 1, 0x5AEC, 1, 0x6000, 1, 0x91A7, 2,
    0x636E, 2, 0x8CB2, 2, 0x636E, 2, 0x41C9, 2,
    0x20E4, 4, 0x1882, 3, 0x7B0A, 7, 0x5248, 1,
    0xA489, 1, 0x18C5, 44, 0x8000, 3, 0x7145, 4,
    0x5AEC, 1, 0x3A4A, 2, 0x636E, 3, 0x5AEC, 1,
    0x5248, 2, 0x636E, 1, 0xA489, 1, 0x8C0C, 1,
    0x5AEC, 2, 0x41C9, 1, 0x5AEC, 2, 0xA489, 2,
    0x5AEC, 2, 0x5248, 2, 0x50A3, 3, 0x6000, 4,
    0x7000, 3, 0x8000, 1, 0x91A7, 3, 0x20E4, 2,
    0x5C32, 1, 0x18E4, 1, 0x4841, 1, 0x3A4A, 1,
    0x5C32, 2, 0x8CB2, 1, 0x636E, 2, 0x432E, 1,
    0x20E4, 1, 0x7145, 1, 0x7B8D, 2, 0x636E, 5,
    0x41C9, 2, 0x3187, 2, 0x20E4, 1, 0x2925, 3,
    0x5248, 1, 0x7B0A, 1, 0xA489, 1, 0x7B0A, 5,
    0x5248, 1, 0x7B0A, 1, 0x5248, 1, 0x18C5, 43,
    0x98C3, 1, 0x91A7, 3, 0x5AEC, 1, 0x7B0A, 3,
    0x1882, 1, 0x636E, 4, 0x5AEC, 4, 0xA489, 1,
    0x8C0C, 5, 0xA489, 1, 0x8C0C, 2, 0x5248, 1,
    0x5AEC, 1, 0x5248, 1, 0x50A3, 5, 0x6000, 5,
    0x8800, 2, 0x91A7, 2, 0x20E4, 2, 0x8CB2, 2,
    0x5C32, 1, 0x2925, 1, 0x20E4, 1, 0x432E, 1,
    0x5C32, 4, 0x20E4, 2, 0x636E, 2, 0x7B8D, 2,
    0x636E, 3, 0x3A4A, 2, 0x3187, 1, 0x50A3, 2,
    0x20E4, 1, 0x2925, 2, 0x5248, 1, 0x8C0C, 2,
    0x7B0A, 1, 0xA489, 1, 0x7B0A, 5, 0xA489, 1,
    0x8C0C, 1, 0xB50D, 1, 0x18C5, 42, 0x8000, 2,
    0x91A7, 2, 0x636E, 14, 0x5248, 4, 0x5AEC, 1,
    0x8C0C, 1, 0x5AEC, 4, 0x5248, 3, 0x50A3, 6,
    0x6000, 2, 0x98C3, 1, 0x3187, 2, 0x18E4, 2,
    0x20E4, 1, 0x8CB2, 4, 0x5C32, 1, 0x432E, 1,
    0x2925, 1, 0x432E, 1, 0x636E, 1, 0x5C32, 1,
    0x20E4, 2, 0x636E, 6, 0x5AEC, 1, 0x3A4A, 1,
    0x5248, 1, 0x62EA, 1, 0x3A4A, 1, 0x3187, 1,
    0x20E4, 2, 0x5248, 2, 0x8C0C, 2, 0xA489, 3,
    0x7B0A, 4, 0xA489, 2, 0x7145, 1, 0xB50D, 1,
    0x18C5, 41, 0x0862, 1, 0x1926, 1, 0x3187, 4,
    0x1926, 2, 0x2189, 7, 0x5AEC, 5, 0x636E, 5,
    0x91A7, 1, 0x5AEC, 1, 0x5248, 2, 0x7145, 1,
    0x5248, 1, 0x50A3, 6, 0x6000, 2, 0x91A7, 1,
    0x3187, 2, 0x18E4, 2, 0x8CB2, 7, 0x5AEC, 1,
    0x2925, 1, 0x432E, 1, 0x636E, 1, 0x20E4, 2,
    0x5AEC, 2, 0x636E, 4, 0x5AEC, 1, 0x3A4A, 2,
    0x5248, 1, 0x8C0C, 1, 0x7B0A, 2, 0x20E4, 2,
    0x62EA, 1, 0x8C0C, 1, 0xA489, 5, 0x7B0A, 3,
    0xA489, 2, 0x8C0C, 1, 0x7145, 2, 0x18C5, 40,
    0x2189, 1, 0x3187, 8, 0x41C9, 5, 0x2189, 3,
    0x3187, 1, 0x41C9, 4, 0x2189, 4, 0x91A7, 1,
    0x50A3, 1, 0x5AEC, 7, 0x7145, 3, 0x6000, 1,
    0x8C0C, 1, 0x91A7, 1, 0x18E4, 2, 0x8CB2, 8,
    0x5C32, 1, 0x636E, 1, 0x2925, 2, 0x3A4A, 1,
    0x432E, 1, 0x2925, 1, 0x636E, 6, 0x3A4A, 2,
    0x5248, 2, 0x8C0C, 2, 0x7B0A, 1, 0x41C9, 1,
    0x3187, 1, 0x8C0C, 1, 0xA489, 6, 0x7B0A, 2,
    0xA489, 3, 0x8C0C, 1, 0x7062, 1, 0xA489, 1,
    0x18C5, 40, 0x3187, 2, 0x41C9, 4, 0x3187, 2,
    0x41C9, 22, 0x2189, 1, 0x41C9, 3, 0x6000, 1,
    0x5AEC, 1, 0x7062, 2, 0x91A7, 3, 0x2925, 1,
    0x8CB2, 9, 0x5C32, 2, 0x432E, 1, 0x20E4, 1,
    0x18E4, 1, 0x20E4, 1, 0x636E, 6, 0x5AEC, 1,
    0x3A4A, 3, 0x5248, 1, 0x8C0C, 2, 0xB50D, 2,
    0x62EA, 1, 0xB50D, 1, 0xA489, 6, 0x7B0A, 1,
    0xA489, 3, 0x7B0A, 1, 0x636E, 1, 0xA489, 2,
    0x18C5, 39, 0x3187, 3, 0x41C9, 18, 0x3A4A, 1,
    0x41C9, 1, 0x3A4A, 1, 0x41C9, 10, 0x2189, 3,
    0x0862, 1, 0x0000, 1, 0x91A7, 2, 0x3187, 1,
    0x5C32, 1, 0x8CB2, 5, 0x5C32, 1, 0x8CB2, 2,
    0x5C32, 3, 0x432E, 1, 0x4841, 1, 0x18E4, 1,
    0x91A7, 2, 0x636E, 2, 0x5AEC, 1, 0x636E, 1,
    0x5AEC, 1, 0x5248, 1, 0x3A4A, 2, 0x5248, 1,
    0x8C0C, 2, 0xB50D, 4, 0xA489, 15, 0x18C5, 39,
    0x3187, 3, 0x41C9, 9, 0x62EA, 2, 0x41C9, 8,
    0x3A4A, 1, 0x41C9, 2, 0x2189, 4, 0x41C9, 8,
    0x3A4A, 1, 0x2189, 1, 0x91A7, 1, 0x8C0C, 1,
    0x3187, 1, 0x432E, 1, 0x8CB2, 4, 0x5C32, 7,
    0x636E, 1, 0x5AEC, 1, 0x7062, 1, 0x62EA, 1,
    0x5AEC, 1, 0x636E, 3, 0x5AEC, 3, 0x3A4A, 2,
    0x5248, 1, 0x8C0C, 1, 0xB50D, 6, 0xA489, 3,
    0x7B0A, 1, 0xA489, 5, 0x7B0A, 2, 0xA489, 1,
    0x7B0A, 1, 0xA489, 1, 0x18C5, 38, 0x3187, 1,
    0x41C9, 3, 0x3187, 1, 0x41C9, 1, 0x3187, 1,
    0x41C9, 2, 0x62EA, 1, 0x41C9, 1, 0x62EA, 1,
    0x41C9, 2, 0x2189, 3, 0x41C9, 4, 0x2189, 6,
    0x432E, 2, 0x54F5, 2, 0x2189, 3, 0x41C9, 3,
    0x3A4A, 3, 0x91A7, 2, 0x3187, 1, 0x636E, 1,
    0x8CB2, 4, 0x5C32, 8, 0x2925, 1, 0x7062, 1,
    0x91A7, 1, 0x636E, 5, 0x5AEC, 1, 0x3A4A, 1,
    0x5248, 2, 0x8C0C, 1, 0xB50D, 5, 0xA489, 3,
    0xD5ED, 2, 0x18C5, 1, 0xA489, 4, 0x62EA, 1,
    0x5248, 1, 0x7B0A, 1, 0xA489, 2, 0x91A7, 1,
    0x18C5, 37, 0x3187, 2, 0x1926, 4, 0x2189, 5,
    0x432E, 1, 0x2189, 6, 0x432E, 1, 0x5C32, 1,
    0x3A4A, 1, 0x2189, 2, 0x432E, 2, 0x54F5, 8,
    0x432E, 3, 0x2189, 2, 0x3A4A, 3, 0xA001, 1,
    0x8C0C, 1, 0x3187, 1, 0x636E, 1, 0x8CB2, 3,
    0x5C32, 9, 0x5AEC, 1, 0x41C9, 1, 0x636E, 2,
    0x5AEC, 1, 0x636E, 3, 0x5AEC, 3, 0xB50D, 1,
    0xF6CE, 4, 0xD5ED, 6, 0x18C5, 6, 0x62EA, 1,
    0x2925, 1, 0xA489, 2, 0x91A7, 1, 0x7800, 1,
    0x18C5, 37, 0x2189, 1, 0x432E, 2, 0x2189, 3,
    0x432E, 4, 0x5C32, 2, 0x2189, 4, 0x5C32, 3,
    0x54F5, 18, 0x432E, 1, 0x2189, 2, 0x432E, 1,
    0x91A7, 1, 0x8C0C, 1, 0x3187, 1, 0x636E, 1,
    0x5C32, 10, 0x432E, 2, 0x636E, 2, 0x5248, 1,
    0x5AEC, 1, 0x636E, 3, 0x5AEC, 3, 0x8CB2, 1,
    0xF6CE, 5, 0xD5ED, 6, 0x18C5, 7, 0x7000, 1,
    0x62EA, 2, 0x7145, 1, 0x8C0C, 1, 0x18C5, 36,
    0x2189, 1, 0x432E, 9, 0x5C32, 2, 0x2189, 2,
    0x18E4, 1, 0x0862, 1, 0x2189, 2, 0x5C32, 2,
    0x54F5, 7, 0x2189, 3, 0x432E, 1, 0x54F5, 9,
    0x432E, 1, 0x2189, 1, 0x98C3, 1, 0x8C0C, 1,
    0x5AEC, 1, 0x5C32, 10, 0x432E, 2, 0x636E, 1,
    0x5AEC, 2, 0x636E, 4, 0x5AEC, 1, 0x636E, 1,
    0x5AEC, 1, 0x8CB2, 1, 0xF6CE, 4, 0xD5ED, 7,
    0x18C5, 9, 0x3187, 1, 0x8C0C, 1, 0x62EA, 1,
    0x4947, 1, 0x18C5, 36, 0x432E, 10, 0x5C32, 1,
    0x2189, 2, 0x18E4, 2, 0x0000, 1, 0x1926, 1,
    0x2189, 1, 0x5C32, 2, 0x54F5, 5, 0x2189, 2,
    0x18E4, 1, 0x432E, 1, 0x2189, 1, 0x432E, 1,
    0x54F5, 10, 0x432E, 1, 0x2189, 1, 0x636E, 1,
    0x3187, 1, 0x636E, 1, 0x5C32, 5, 0x8CB2, 2,
    0x636E, 2, 0x432E, 1, 0x636E, 1, 0x62EA, 1,
    0x5248, 1, 0x636E, 6, 0x8CB2, 2, 0xF6CE, 6,
    0xD5ED, 5, 0x0862, 2, 0x18C5, 8, 0x5248, 1,
    0x7B0A, 1, 0x62EA, 1, 0x4947, 1, 0x18C5, 35,
    0x432E, 10, 0x5C32, 2, 0x2189, 2, 0x0862, 2,
    0x0000, 1, 0x18E4, 1, 0x2189, 1, 0x5C32, 1,
    0x54F5, 5, 0x2189, 2, 0x18E4, 1, 0x0000, 1,
    0x5248, 1, 0x2189, 2, 0x432E, 1, 0x54F5, 10,
    0x432E, 1, 0x91A7, 1, 0x5AEC, 1, 0x3187, 1,
    0x5C32, 4, 0x8CB2, 1, 0x5C32, 3, 0x3187, 1,
    0x62EA, 1, 0x5248, 1, 0x5AEC, 1, 0x636E, 6,
    0x8CB2, 2, 0xF6CE, 6, 0xD5ED, 5, 0x0862, 2,
    0x3187, 2, 0x7145, 1, 0x50A3, 1, 0x18C5, 5,
    0x2925, 1, 0x7B0A, 1, 0x7145, 1, 0x18C5, 35,
    0x636E, 1, 0x432E, 10, 0x5C32, 2, 0x2189, 1,
    0x432E, 1, 0x2189, 5, 0x5C32, 1, 0x54F5, 4,
    0x5C32, 1, 0x2189, 2, 0x0862, 2, 0x0000, 1,
    0x18E4, 1, 0x2189, 2, 0x54F5, 11, 0x91A7, 1,
    0x3187, 1, 0x432E, 1, 0x5C32, 6, 0x2925, 1,
    0x3187, 1, 0x5AEC, 1, 0x5248, 1, 0x5AEC, 1,
    0x636E, 5, 0x8CB2, 4, 0xF6CE, 5, 0xD5ED, 6,
    0x0862, 2, 0x50A3, 1, 0x3187, 2, 0x91A7, 1,
    0x50A3, 2, 0x18C5, 3, 0x3000, 1, 0x7B0A, 1,
    0x4947, 1, 0x18C5, 33, 0x8CB2, 1, 0x91A7, 1,
    0x3A4A, 2, 0x432E, 9, 0x5C32, 2, 0x2189, 1,
    0x432E, 1, 0x5C32, 1, 0x432E, 3, 0x5C32, 2,
    0x54F5, 5, 0x2189, 1, 0x432E, 2, 0x18E4, 1,
    0x0862, 1, 0x2189, 2, 0x54F5, 12, 0x91A7, 2,
    0x3187, 1, 0x5C32, 4, 0x2925, 2, 0x18E4, 1,
    0x5248, 1, 0x41C9, 1, 0x5AEC, 2, 0x636E, 4,
    0x8CB2, 2, 0x636E, 1, 0x8CB2, 3, 0xF6CE, 5,
    0xD5ED, 4, 0x0862, 2, 0x91A7, 1, 0x3187, 1,
    0x2925, 2, 0x7145, 2, 0x91A7, 1, 0x18C5, 3,
    0x3800, 1, 0x4947, 1, 0x18C5, 33, 0x636E, 1,
    0x91A7, 1, 0x7000, 3, 0x1926, 4, 0x2189, 4,
    0x3A4A, 2, 0x2189, 1, 0x3A4A, 1, 0x432E, 1,
    0x5C32, 1, 0x432E, 2, 0x5C32, 4, 0x54F5, 4,
    0x2189, 1, 0x54F5, 3, 0x432E, 3, 0x54F5, 12,
    0x7145, 1, 0x2925, 1, 0x3187, 1, 0x636E, 1,
    0x5C32, 1, 0x432E, 1, 0x3187, 1, 0x2925, 1,
    0x5AEC, 1, 0x7145, 1, 0x41C9, 1, 0x636E, 1,
    0x5AEC, 4, 0x8CB2, 5, 0xF6CE, 1, 0x8CB2, 1,
    0xF6CE, 1, 0x8CB2, 1, 0xD5ED, 1, 0xF6CE, 1,
    0xD5ED, 5, 0x0862, 2, 0x50A3, 1, 0x91A7, 1,
    0x2925, 2, 0x20E4, 1, 0x2925, 2, 0x91A7, 1,
    0x50A3, 1, 0x18C5, 2, 0x3000, 1, 0x4947, 1,
    0x18C5, 31, 0x636E, 1, 0x7000, 2, 0x91A7, 1,
    0x2000, 1, 0x3000, 3, 0x91A7, 2, 0x7000, 2,
    0x18C5, 1, 0x1926, 2, 0x2189, 4, 0x3A4A, 2,
    0x432E, 1, 0x2189, 4, 0x3A4A, 3, 0x5C32, 2,
    0x432E, 2, 0x54F5, 1, 0x432E, 2, 0x5C32, 1,
    0x54F5, 13, 0x7145, 1, 0x20E4, 1, 0x18E4, 1,
    0x3187, 1, 0x432E, 2, 0x7145, 1, 0x62EA, 1,
    0x4947, 1, 0x41C9, 1, 0x636E, 1, 0x5AEC, 4,
    0x8CB2, 5, 0xF6CE, 12, 0x0862, 1, 0x7145, 1,
    0x3187, 2, 0x1882, 1, 0x20E4, 1, 0x1882, 3,
    0x3187, 1, 0x91A7, 1, 0x18C5, 2, 0x5000, 1,
    0x18C5, 30, 0x8CB2, 1, 0x7000, 1, 0x91A7, 2,
    0x20E4, 1, 0x8800, 1, 0x91A7, 4, 0x636E, 2,
    0x20E4, 3, 0x7145, 1, 0x91A7, 4, 0x7000, 2,
    0x2189, 12, 0x432E, 3, 0x3A4A, 2, 0x2189, 2,
    0x54F5, 12, 0x2925, 1, 0x18E4, 1, 0x3187, 1,
    0x7145, 2, 0x5248, 1, 0x41C9, 1, 0x636E, 2,
    0x5AEC, 3, 0x3A4A, 1, 0x8CB2, 4, 0xF6CE, 14,
    0x0862, 1, 0x91A7, 1, 0x2925, 1, 0x20E4, 1,
    0x2925, 6, 0x50A3, 1, 0x18C5, 2, 0x3800, 1,
    0x18C5, 28, 0xA001, 1, 0x7000, 1, 0x91A7, 1,
    0x2000, 2, 0x8000, 1, 0x5AEC, 2, 0x62EA, 2,
    0x5AEC, 6, 0x636E, 1, 0x5248, 1, 0x2925, 3,
    0x20E4, 2, 0x91A7, 6, 0x7000, 4, 0x6000, 1,
    0x2189, 6, 0x432E, 5, 0x3A4A, 5, 0x2189, 1,
    0x54F5, 3, 0x432E, 1, 0x3187, 1, 0x5AEC, 1,
    0x50A3, 1, 0x62EA, 2, 0x41C9, 1, 0x636E, 2,
    0x5AEC, 3, 0x8CB2, 3, 0xF6CE, 1, 0x8CB2, 2,
    0xF6CE, 4, 0x5C32, 1, 0xF6CE, 4, 0xB50D, 1,
    0xF6CE, 4, 0x3187, 1, 0x7145, 1, 0x20E4, 1,
    0x2925, 1, 0x62EA, 2, 0x4947, 1, 0x2925, 2,
    0x20E4, 1, 0x3187, 1, 0x18C5, 2, 0x3800, 1,
    0x18C5, 26, 0xA001, 1, 0x6000, 1, 0x7145, 1,
    0x2000, 2, 0x7062, 1, 0x5AEC, 3, 0x62EA, 3,
    0x5AEC, 2, 0x7B0A, 1, 0x5AEC, 2, 0x636E, 8,
    0x5248, 2, 0x5AEC, 3, 0x20E4, 3, 0x1882, 1,
    0x20E4, 1, 0x91A7, 2, 0x1882, 2, 0x91A7, 5,
    0x7000, 2, 0x91A7, 1, 0x7000, 2, 0x91A7, 2,
    0x18C5, 2, 0x3A4A, 1, 0x2189, 3, 0x20E4, 1,
    0x7145, 1, 0x5248, 3, 0x636E, 2, 0x5AEC, 3,
    0x8CB2, 2, 0xF6CE, 3, 0x636E, 1, 0x8CB2, 1,
    0xF6CE, 3, 0x5C32, 2, 0x41C9, 1, 0xF6CE, 3,
    0xB50D, 1, 0xF6CE, 3, 0x18E4, 1, 0x3187, 1,
    0x2925, 1, 0x1882, 1, 0x2925, 2, 0x1882, 2,
    0x62EA, 1, 0x2925, 1, 0x20E4, 1, 0x3187, 1,
    0x18C5, 26, 0x8CB2, 1, 0xA001, 1, 0x6000, 1,
    0x7145, 2, 0x2000, 1, 0x7145, 2, 0x636E, 2,
    0x5AEC, 1, 0x62EA, 3, 0x5AEC, 4, 0x636E, 6,
    0x5AEC, 2, 0x636E, 12, 0x7145, 2, 0x5AEC, 2,
    0x2925, 3, 0x5248, 2, 0x5AEC, 1, 0x7062, 2,
    0x8000, 1, 0x4800, 2, 0x6000, 1, 0x3000, 1,
    0x2000, 1, 0x91A7, 2, 0x5000, 1, 0x7145, 2,
    0x5248, 2, 0x636E, 3, 0x5AEC, 2, 0x8CB2, 3,
    0xF6CE, 4, 0x636E, 2, 0xF6CE, 3, 0x5C32, 1,
    0x2925, 1, 0x41C9, 1, 0xF6CE, 3, 0xB50D, 1,
    0xF6CE, 3, 0x1882, 1, 0x3187, 1, 0x20E4, 1,
    0x2925, 1, 0x5248, 1, 0x3800, 1, 0x1882, 3,
    0x62EA, 1, 0x2925, 1, 0x3187, 1, 0x2925, 1,
    0x18C5, 23, 0x8CB2, 2, 0x6000, 1, 0x7145, 2,
    0x2000, 2, 0x2925, 1, 0x636E, 1, 0x5AEC, 1,
    0x636E, 2, 0x5248, 1, 0x41C9, 2, 0x5AEC, 1,
    0x5248, 1, 0x3A4A, 2, 0x636E, 2, 0xB50D, 13,
    0x636E, 14, 0x91A7, 1, 0x7145, 4, 0x7800, 1,
    0x1882, 1, 0x2000, 1, 0x91A7, 2, 0x7145, 3,
    0x41C9, 1, 0x5248, 1, 0x5AEC, 1, 0x636E, 4,
    0x8C0C, 1, 0x8CB2, 2, 0xF6CE, 7, 0x636E, 1,
    0xF6CE, 3, 0xB50D, 1, 0xF6CE, 1, 0x3187, 1,
    0xF6CE, 1, 0xD5ED, 1, 0xF6CE, 1, 0xB50D, 1,
    0xF6CE, 3, 0x2925, 1, 0x91A7, 1, 0x20E4, 1,
    0x62EA, 1, 0x1882, 4, 0x3800, 1, 0x2925, 2,
    0x3187, 1, 0x2925, 1, 0x18C5, 21, 0x8CB2, 2,
    0x98C3, 1, 0x6000, 1, 0x7145, 1, 0x2000, 2,
    0x50A3, 2, 0x5AEC, 1, 0x8C0C, 3, 0xA489, 1,
    0x8C0C, 3, 0xA489, 1, 0x636E, 2, 0xB50D, 1,
    0x5AEC, 5, 0x636E, 1, 0xB50D, 2, 0x636E, 2,
    0x5AEC, 2, 0x636E, 3, 0xB50D, 3, 0x636E, 8,
    0x91A7, 2, 0x7145, 2, 0x5AEC, 1, 0x7800, 2,
    0x2000, 2, 0x91A7, 1, 0x7000, 1, 0x50A3, 3,
    0x41C9, 2, 0x5AEC, 2, 0x636E, 2, 0x8C0C, 1,
    0x5AEC, 2, 0x8CB2, 4, 0xF6CE, 2, 0x8CB2, 1,
    0xF6CE, 3, 0x8C0C, 1, 0xF6CE, 3, 0xB50D, 3,
    0xF6CE, 1, 0xA489, 1, 0xF6CE, 1, 0x7B0A, 1,
    0xF6CE, 3, 0x3187, 1, 0x7145, 1, 0x1882, 1,
    0x2925, 1, 0x3800, 1, 0x1882, 2, 0x0862, 1,
    0x1882, 2, 0x2925, 2, 0x3187, 1, 0x18C5, 19,
    0x8CB2, 1, 0x636E, 1, 0x7062, 1, 0x8000, 1,
    0x7145, 2, 0x2000, 1, 0x3A4A, 1, 0x20E4, 1,
    0x5AEC, 1, 0x636E, 2, 0x8C0C, 1, 0xA489, 2,
    0x8C0C, 1, 0x41C9, 1, 0x5248, 1, 0xA489, 1,
    0x8C0C, 1, 0xB50D, 2, 0x5AEC, 6, 0x636E, 2,
    0x5AEC, 2, 0x636E, 2, 0xB50D, 1, 0x636E, 2,
    0xB50D, 1, 0x636E, 2, 0xB50D, 2, 0x636E, 1,
    0x5AEC, 1, 0x636E, 3, 0x5AEC, 2, 0x7145, 3,
    0x91A7, 1, 0x7800, 1, 0x2000, 1, 0x91A7, 2,
    0x4841, 1, 0x50A3, 2, 0x41C9, 4, 0x5AEC, 2,
    0x636E, 3, 0x5AEC, 1, 0xF6CE, 1, 0x8CB2, 8,
    0x636E, 1, 0xF6CE, 2, 0x8C0C, 1, 0xA489, 1,
    0xF6CE, 3, 0xB50D, 1, 0xD5ED, 1, 0xA489, 2,
    0x5C32, 1, 0x7B0A, 1, 0xF6CE, 2, 0xD5ED, 1,
    0x2925, 3, 0x1882, 7, 0x62EA, 1, 0x2925, 1,
    0x3187, 1, 0x18C5, 17, 0xD5ED, 1, 0x636E, 1,
    0x5AEC, 2, 0x7062, 1, 0x7145, 2, 0x2000, 1,
    0x3187, 2, 0x8C0C, 3, 0xA489, 1, 0x8C0C, 2,
    0xA489, 1, 0x6000, 2, 0x8C0C, 1, 0x62EA, 2,
    0x2925, 1, 0xB50D, 4, 0x5AEC, 2, 0xB50D, 2,
    0x636E, 2, 0x5AEC, 10, 0xB50D, 3, 0x636E, 2,
    0x5AEC, 2, 0x7062, 1, 0x91A7, 1, 0x5AEC, 1,
    0x8000, 2, 0x0862, 1, 0x91A7, 1, 0x50A3, 2,
    0x41C9, 4, 0x5AEC, 3, 0x636E, 5, 0x8CB2, 8,
    0x636E, 3, 0x8CB2, 1, 0xF6CE, 1, 0xB50D, 1,
    0x8CB2, 1, 0xF6CE, 1, 0xD5ED, 2, 0xF6CE, 1,
    0xD5ED, 2, 0xF6CE, 1, 0x5C32, 1, 0xA489, 1,
    0xF6CE, 1, 0xD5ED, 1, 0x1882, 1, 0x2925, 1,
    0x20E4, 1, 0x62EA, 1, 0x3800, 1, 0x1882, 6,
    0x2925, 2, 0x3187, 1, 0x18C5, 16, 0x636E, 3,
    0x91A7, 2, 0x7145, 2, 0x2000, 1, 0x4800, 1,
    0x20E4, 1, 0x636E, 1, 0x8C0C, 1, 0x7B0A, 3,
    0x4800, 2, 0x50A3, 1, 0x8C0C, 2, 0xB50D, 1,
    0x8C0C, 2, 0x2925, 1, 0x3A4A, 1, 0xB50D, 7,
    0x3A4A, 2, 0xB50D, 3, 0x5AEC, 7, 0x8C0C, 1,
    0xB50D, 6, 0x636E, 2, 0x20E4, 1, 0x2000, 1,
    0x91A7, 1, 0x50A3, 1, 0x4841, 1, 0x41C9, 3,
    0x5248, 1, 0x5AEC, 4, 0x636E, 1, 0x5AEC, 1,
    0x636E, 3, 0x8CB2, 7, 0xD5ED, 1, 0x8CB2, 1,
    0x636E, 1, 0xF6CE, 1, 0x3187, 1, 0xF6CE, 1,
    0xD5ED, 1, 0xB50D, 1, 0x5C32, 1, 0xF6CE, 1,
    0xA489, 2, 0xD5ED, 2, 0x3187, 1, 0x1926, 1,
    0x0000, 1, 0xA489, 1, 0xD5ED, 2, 0x18E4, 1,
    0x3187, 1, 0x20E4, 1, 0x4947, 1, 0x1882, 6,
    0x6000, 1, 0x7145, 1, 0x2925, 1, 0x3187, 1,
    0x18C5, 15, 0xB50D, 1, 0x636E, 2, 0x5AEC, 1,
    0x91A7, 1, 0x7145, 2, 0x2000, 1, 0x6000, 2,
    0x3A4A, 1, 0x8C0C, 1, 0x7B0A, 3, 0x5248, 1,
    0x8C0C, 1, 0x7B0A, 4, 0x5248, 1, 0x7B0A, 2,
    0x8C0C, 2, 0x7B0A, 1, 0x20E4, 2, 0x7B0A, 1,
    0xA489, 1, 0x3A4A, 2, 0xB50D, 7, 0x8C0C, 2,
    0xA489, 1, 0xB50D, 2, 0x7062, 1, 0x6000, 1,
    0xB50D, 1, 0xA489, 1, 0x5AEC, 2, 0xB50D, 2,
    0x1882, 1, 0x91A7, 1, 0x7000, 1, 0x50A3, 1,
    0x3187, 2, 0x41C9, 1, 0x5248, 5, 0x5AEC, 1,
    0x636E, 4, 0x8CB2, 10, 0xF6CE, 2, 0x8CB2, 1,
    0x5C32, 1, 0xF6CE, 1, 0xD5ED, 2, 0x3187, 1,
    0xF6CE, 1, 0xA489, 1, 0xD5ED, 1, 0x5C32, 1,
    0x41C9, 1, 0x3187, 1, 0x20E4, 1, 0xA489, 1,
    0xF6CE, 1, 0xD5ED, 2, 0x20E4, 1, 0x3187, 1,
    0x20E4, 1, 0x2925, 1, 0x1882, 3, 0x0862, 1,
    0x1882, 3, 0x2925, 2, 0x3187, 1, 0x18C5, 15,
    0x636E, 1, 0x5AEC, 2, 0x91A7, 1, 0x5000, 1,
    0x7145, 1, 0x2000, 1, 0x5000, 2, 0x5AEC, 1,
    0x41C9, 1, 0x3A4A, 1, 0x8C0C, 2, 0x7B0A, 5,
    0x5248, 1, 0xA489, 1, 0x8C0C, 2, 0x7B0A, 1,
    0x5248, 2, 0x20E4, 2, 0x7B0A, 1, 0x8C0C, 1,
    0x41C9, 2, 0x8C0C, 1, 0x7B0A, 2, 0x2925, 1,
    0x8C0C, 1, 0x7B0A, 1, 0x8C0C, 2, 0x5248, 2,
    0xA489, 1, 0x8C0C, 1, 0x50A3, 1, 0xA489, 2,
    0xB50D, 1, 0x5AEC, 1, 0x91A7, 1, 0x8800, 1,
    0x0862, 2, 0x91A7, 1, 0x4841, 1, 0x3000, 2,
    0x3800, 1, 0x5AEC, 7, 0x636E, 4, 0x8CB2, 10,
    0xF6CE, 2, 0xB50D, 1, 0x8CB2, 1, 0xD5ED, 3,
    0xF6CE, 1, 0x3187, 1, 0xD5ED, 1, 0x7B0A, 1,
    0xD5ED, 1, 0x41C9, 1, 0x20E4, 3, 0xF6CE, 1,
    0xD5ED, 3, 0x2925, 1, 0x3187, 1, 0x20E4, 1,
    0x1882, 8, 0x62EA, 1, 0x3187, 1, 0x2925, 1,
    0x18C5, 14, 0x5AEC, 4, 0x5000, 1, 0x7145, 1,
    0x2000, 1, 0x5000, 2, 0x5AEC, 1, 0x5248, 1,
    0x3187, 2, 0x8C0C, 1, 0x41C9, 2, 0x4800, 1,
    0x4841, 2, 0x7B0A, 1, 0x8C0C, 1, 0x7B0A, 3,
    0x8C0C, 1, 0x5248, 1, 0x8C0C, 3, 0x5248, 1,
    0x20E4, 2, 0x5248, 4, 0x8C0C, 1, 0x5248, 2,
    0x8C0C, 1, 0x3187, 1, 0x3000, 2, 0x41C9, 1,
    0xA489, 4, 0x5AEC, 1, 0x41C9, 1, 0x7000, 1,
    0x2000, 1, 0x7145, 2, 0x50A3, 3, 0x3000, 1,
    0x5AEC, 8, 0x636E, 1, 0x5AEC, 2, 0x8CB2, 1,
    0x636E, 1, 0x8CB2, 6, 0x91A7, 1, 0x636E, 2,
    0xF6CE, 3, 0xD5ED, 4, 0x2925, 1, 0x3187, 1,
    0x8C0C, 1, 0xA001, 1, 0xA489, 1, 0x41C9, 1,
    0xF6CE, 4, 0xA489, 3, 0x2925, 1, 0x3187, 1,
    0x2925, 1, 0x1882, 4, 0x0862, 1, 0x1882, 3,
    0x2925, 1, 0x3187, 1, 0x2925, 1, 0x18C5, 13,
    0x2925, 1, 0x91A7, 1, 0x5AEC, 2, 0x91A7, 1,
    0x7145, 1, 0x2000, 1, 0x6000, 2, 0x50A3, 1,
    0x5248, 2, 0x20E4, 1, 0x7B0A, 1, 0x8C0C, 2,
    0x4800, 4, 0x3800, 1, 0x4800, 2, 0x4947, 1,
    0x3187, 1, 0xA489, 1, 0x8C0C, 2, 0x5248, 1,
    0x8C0C, 3, 0x7B0A, 1, 0x5248, 2, 0x4841, 2,
    0x7B0A, 2, 0xA489, 1, 0x4800, 1, 0x41C9, 2,
    0xA489, 1, 0x4947, 1, 0xA489, 4, 0x5248, 1,
    0x6000, 1, 0x2000, 2, 0x7145, 1, 0x50A3, 2,
    0x41C9, 2, 0x3A4A, 2, 0x5AEC, 3, 0x7B0A, 1,
    0x636E, 1, 0x62EA, 1, 0x7145, 2, 0x3187, 1,
    0x636E, 1, 0x5AEC, 1, 0x636E, 1, 0x8C0C, 1,
    0x8CB2, 5, 0x91A7, 1, 0x3187, 1, 0xD5ED, 1,
    0xF6CE, 2, 0xA489, 2, 0xD5ED, 1, 0x3187, 2,
    0x20E4, 1, 0xA489, 1, 0x41C9, 1, 0xA001, 2,
    0x41C9, 1, 0x3187, 1, 0xA489, 3, 0x2925, 1,
    0xA489, 1, 0x18E4, 1, 0x2925, 1, 0x3187, 1,
    0x2925, 1, 0x1882, 7, 0x2925, 2, 0x3187, 1,
    0x18C5, 13, 0x7062, 1, 0x91A7, 2, 0x8000, 2,
    0x7145, 1, 0x3000, 2, 0x6000, 2, 0x5248, 2,
    0x7145, 1, 0x20E4, 1, 0x8C0C, 3, 0x41C9, 1,
    0x50A3, 1, 0x4947, 1, 0x4800, 8, 0xA489, 5,
    0x7B0A, 2, 0xA489, 1, 0x7B0A, 1, 0x4947, 3,
    0xA489, 4, 0x4800, 1, 0x5248, 1, 0xA489, 3,
    0x3A4A, 1, 0x6000, 1, 0x2000, 2, 0x7145, 1,
    0x4841, 1, 0x50A3, 2, 0x41C9, 2, 0x5AEC, 3,
    0x7B0A, 1, 0x8C0C, 1, 0x636E, 2, 0x50A3, 1,
    0x4841, 1, 0x7145, 1, 0x3187, 1, 0x5AEC, 2,
    0x8C0C, 2, 0x636E, 1, 0x91A7, 1, 0x636E, 1,
    0x8CB2, 1, 0x636E, 1, 0x3187, 1, 0xF6CE, 4,
    0xA489, 2, 0x3187, 1, 0x20E4, 3, 0xA489, 1,
    0x41C9, 1, 0xA001, 1, 0x7062, 1, 0x7B8D, 1,
    0x3187, 4, 0x2925, 1, 0x7B0A, 1, 0x1882, 1,
    0x2925, 3, 0x1882, 5, 0x0862, 1, 0x1882, 1,
    0x62EA, 1, 0x2925, 1, 0x3187, 1, 0x18C5, 12,
    0x7062, 1, 0x2925, 1, 0x8000, 3, 0x5000, 1,
    0x7145, 2, 0x2000, 1, 0x6000, 1, 0x7145, 2,
    0x5248, 1, 0x50A3, 1, 0x1882, 2, 0x8C0C, 3,
    0x50A3, 1, 0x4841, 1, 0x7B0A, 2, 0x4800, 6,
    0x3000, 2, 0x3187, 1, 0x7B0A, 3, 0xA489, 2,
    0x7B0A, 2, 0xA489, 2, 0x7000, 2, 0x5AEC, 1,
    0xA489, 2, 0x8C0C, 3, 0x5AEC, 1, 0x4841, 1,
    0x2000, 2, 0x7145, 1, 0x50A3, 3, 0x41C9, 3,
    0x3A4A, 1, 0x5AEC, 1, 0x7B0A, 1, 0xB50D, 2,
    0x20E4, 1, 0x2925, 1, 0x7062, 4, 0x2925, 3,
    0x3187, 2, 0x91A7, 1, 0x636E, 1, 0x8CB2, 1,
    0x3187, 1, 0x2925, 1, 0xF6CE, 4, 0xA489, 1,
    0xA001, 1, 0x20E4, 2, 0xF6CE, 2, 0xA489, 1,
    0x41C9, 1, 0xA001, 1, 0x7062, 2, 0x91A7, 1,
    0x3187, 1, 0x7062, 2, 0x2925, 1, 0x7B0A, 1,
    0x18E4, 1, 0x2925, 1, 0x3187, 1, 0x20E4, 1,
    0x1882, 6, 0x3800, 1, 0x2925, 1, 0x20E4, 1,
    0x50A3, 1, 0x18C5, 12, 0x6000, 3, 0x7145, 1,
    0x7062, 1, 0x4841, 2, 0x2000, 1, 0x4800, 1,
    0x5000, 1, 0x41C9, 1, 0x5248, 1, 0x7145, 1,
    0x50A3, 2, 0x1882, 1, 0x3A4A, 1, 0x8C0C, 2,
    0x41C9, 1, 0x4800, 2, 0x4947, 3, 0x4800, 10,
    0x4841, 1, 0x5248, 2, 0x4947, 1, 0x5248, 1,
    0x4841, 2, 0xA489, 2, 0x1882, 1, 0x3A4A, 2,
    0x8C0C, 1, 0x5AEC, 1, 0x4841, 1, 0x2000, 2,
    0x7145, 1, 0x5000, 1, 0x4841, 1, 0x50A3, 1,
    0x41C9, 2, 0x3A4A, 1, 0x5248, 1, 0x5AEC, 1,
    0x7B0A, 2, 0xB50D, 2, 0x4841, 1, 0x18C5, 1,
    0x6000, 1, 0x7800, 1, 0x7062, 1, 0x7800, 1,
    0x2925, 1, 0x20E4, 1, 0x2925, 1, 0x3187, 2,
    0x636E, 1, 0x8CB2, 1, 0x636E, 1, 0x3187, 1,
    0xA489, 1, 0xF6CE, 4, 0xA001, 2, 0xA489, 1,
    0xF6CE, 1, 0xA489, 2, 0x7B0A, 1, 0x2925, 1,
    0x91A7, 1, 0x7062, 4, 0x2925, 2, 0x0862, 1,
    0x4947, 1, 0x2925, 2, 0x3187, 1, 0x20E4, 1,
    0x2925, 1, 0x3800, 1, 0x1882, 5, 0x2925, 1,
    0x20E4, 1, 0x91A7, 1, 0x18C5, 11, 0x7000, 1,
    0x6000, 1, 0x7000, 2, 0x7062, 2, 0x4841, 2,
    0x50A3, 1, 0x4800, 2, 0x4841, 1, 0x41C9, 1,
    0x50A3, 2, 0x4841, 2, 0x4800, 1, 0x3A4A, 1,
    0x7B0A, 1, 0x8C0C, 2, 0x4841, 1, 0x50A3, 1,
    0x4800, 2, 0x3000, 1, 0x4841, 1, 0x4947, 1,
    0x50A3, 1, 0x4841, 1, 0x4800, 1, 0x4841, 3,
    0x50A3, 1, 0x3000, 3, 0x8C0C, 1, 0xA489, 2,
    0x3A4A, 1, 0x20E4, 1, 0x6000, 3, 0x5AEC, 2,
    0x6000, 1, 0x2000, 2, 0x7145, 1, 0x4841, 2,
    0x50A3, 2, 0x41C9, 2, 0x5248, 2, 0x5AEC, 2,
    0xB50D, 2, 0x3187, 1, 0x0862, 1, 0x18C5, 4,
    0x6000, 2, 0x2925, 2, 0x5C32, 1, 0x3187, 2,
    0x636E, 2, 0x2925, 1, 0xF6CE, 5, 0xA001, 1,
    0x7062, 1, 0x3187, 1, 0xA489, 2, 0x3187, 1,
    0x7B0A, 1, 0x20E4, 1, 0x3187, 1, 0x5248, 1,
    0x2925, 2, 0x1882, 3, 0x4947, 1, 0x2925, 3,
    0x3187, 1, 0x20E4, 1, 0x4947, 1, 0x1882, 5,
    0x62EA, 1, 0x2925, 2, 0x50A3, 1, 0x18C5, 11,
    0x7000, 3, 0x8C0C, 1, 0x4947, 1, 0x50A3, 2,
    0x4841, 2, 0x2000, 1, 0x4800, 1, 0x50A3, 1,
    0x41C9, 2, 0x50A3, 1, 0x4841, 3, 0x1882, 2,
    0x3187, 1, 0x5248, 1, 0x62EA, 1, 0x5248, 2,
    0x2925, 1, 0x1882, 1, 0x5AEC, 2, 0x8C0C, 2,
    0x20E4, 2, 0x3187, 1, 0x7B0A, 1, 0x8C0C, 4,
    0x3A4A, 2, 0x1882, 1, 0x6000, 4, 0x7145, 1,
    0x6000, 1, 0x3000, 2, 0x2000, 1, 0x5000, 2,
    0x4841, 1, 0x50A3, 3, 0x41C9, 4, 0x7B0A, 1,
    0xB50D, 1, 0x2925, 1, 0x3187, 1, 0x7800, 1,
    0x0862, 3, 0x3187, 2, 0x18C5, 2, 0x7000, 1,
    0x5AEC, 1, 0x5C32, 1, 0x3187, 1, 0x636E, 1,
    0x8CB2, 1, 0x4841, 1, 0xA489, 1, 0xF6CE, 4,
    0xD5ED, 1, 0xA001, 1, 0x7062, 1, 0x3187, 3,
    0x7062, 1, 0x7B0A, 1, 0x20E4, 1, 0x2925, 1,
    0x0862, 2, 0x1882, 1, 0x4947, 1, 0x3800, 1,
    0x4947, 2, 0x18E4, 1, 0x1926, 1, 0x20E4, 1,
    0x3187, 1, 0x20E4, 1, 0x62EA, 1, 0x2925, 1,
    0x3800, 2, 0x1882, 1, 0x4947, 1, 0x2925, 1,
    0x1882, 1, 0x3187, 1, 0x20E4, 1, 0x18C5, 11,
    0x7000, 1, 0x6000, 1, 0x7062, 1, 0x8C0C, 2,
    0x3187, 1, 0x50A3, 1, 0x4841, 2, 0x4947, 1,
    0x2000, 1, 0x4800, 1, 0x5000, 1, 0x50A3, 1,
    0x4841, 1, 0x50A3, 1, 0x4841, 3, 0x4800, 1,
    0x1882, 3, 0x3187, 2, 0x62EA, 1, 0x7B0A, 1,
    0x62EA, 2, 0x5248, 2, 0x3187, 2, 0x62EA, 2,
    0x5248, 1, 0x1882, 1, 0x0862, 1, 0x6000, 6,
    0x7062, 2, 0x6000, 1, 0x2000, 2, 0x7145, 1,
    0x5000, 1, 0x6000, 1, 0x50A3, 6, 0x41C9, 3,
    0x5AEC, 2, 0x7145, 1, 0x7062, 1, 0x0862, 3,
    0x3187, 3, 0x91A7, 1, 0x50A3, 1, 0x7000, 1,
    0x5AEC, 1, 0x3187, 1, 0x636E, 2, 0x3187, 1,
    0x4841, 1, 0xF6CE, 5, 0xD5ED, 1, 0xA001, 1,
    0x7062, 1, 0x91A7, 1, 0x7062, 2, 0x5248, 1,
    0x4947, 1, 0x0862, 2, 0x4947, 6, 0x18E4, 3,
    0x1926, 1, 0x3187, 1, 0x2925, 2, 0x62EA, 1,
    0x1882, 1, 0x2925, 1, 0x1882, 1, 0x2925, 3,
    0x91A7, 1, 0x18C5, 12, 0x7000, 2, 0xA489, 3,
    0x20E4, 2, 0x4841, 2, 0x4947, 1, 0x0862, 1,
    0x2000, 1, 0x4800, 3, 0x4841, 6, 0x4800, 3,
    0x3800, 1, 0x4800, 3, 0x0862, 2, 0x2000, 1,
    0x3800, 2, 0x4800, 2, 0x3800, 2, 0x4841, 2,
    0x50A3, 3, 0x41C9, 1, 0x4841, 1, 0x4800, 2,
    0x2000, 1, 0x50A3, 1, 0x4841, 1, 0x50A3, 1,
    0x91A7, 1, 0x7062, 1, 0x8800, 1, 0x50A3, 6,
    0x20E4, 1, 0x2925, 1, 0x3187, 2, 0x6000, 1,
    0x0862, 3, 0x7145, 1, 0x3187, 1, 0x2925, 2,
    0x7145, 1, 0x91A7, 1, 0x3187, 1, 0x5AEC, 1,
    0x3187, 3, 0x1882, 1, 0xA489, 1, 0xF6CE, 5,
    0xD5ED, 1, 0x3187, 1, 0x91A7, 1, 0x7062, 1,
    0x5248, 2, 0x0862, 1, 0x4800, 2, 0x4947, 6,
    0x18E4, 5, 0x2925, 1, 0x7145, 1, 0x1882, 1,
    0x2925, 1, 0x5248, 1, 0x62EA, 2, 0x1882, 2,
    0x7145, 1, 0x91A7, 1, 0x18C5, 12, 0x7000, 1,
    0x7145, 1, 0x2925, 1, 0x8C0C, 1, 0xA489, 1,
    0x3187, 1, 0x20E4, 1, 0x4841, 3, 0x41C9, 2,
    0x4947, 1, 0x0862, 1, 0x4800, 2, 0x5000, 2,
    0x4841, 5, 0x5000, 3, 0x4800, 10, 0x4841, 1,
    0x5000, 1, 0x50A3, 2, 0x41C9, 1, 0x50A3, 1,
    0x4800, 2, 0x2000, 1, 0x50A3, 1, 0x4841, 3,
    0x7062, 1, 0x91A7, 2, 0x8800, 2, 0x8000, 3,
    0x50A3, 2, 0x2925, 1, 0x3187, 1, 0x7800, 1,
    0x7062, 1, 0x6000, 1, 0x0862, 2, 0x50A3, 1,
    0x91A7, 1, 0x2925, 2, 0x20E4, 1, 0x2925, 1,
    0x7145, 1, 0x3187, 1, 0x5AEC, 1, 0x3187, 1,
    0x2925, 1, 0x20E4, 1, 0x3800, 1, 0xF6CE, 3,
    0xD5ED, 3, 0x7B0A, 1, 0x2925, 1, 0x5248, 2,
    0x0862, 3, 0x3800, 1, 0x4947, 5, 0x636E, 3,
    0x0000, 1, 0x20E4, 1, 0x18E4, 2, 0x2925, 1,
    0x91A7, 1, 0x20E4, 1, 0x1882, 1, 0x2925, 3,
    0x20E4, 1, 0x2925, 1, 0x50A3, 1, 0x18C5, 13,
    0x6000, 1, 0x91A7, 1, 0x5248, 1, 0xA489, 1,
    0x7B0A, 1, 0x3A4A, 1, 0x3187, 1, 0x20E4, 1,
    0x4841, 4, 0x50A3, 1, 0x0862, 2, 0x3800, 2,
    0x4841, 2, 0x5000, 1, 0x4841, 4, 0x5000, 1,
    0x4841, 1, 0x4800, 9, 0x4841, 2, 0x4800, 2,
    0x50A3, 1, 0x5000, 1, 0x4800, 1, 0x2000, 1,
    0x41C9, 1, 0x4841, 2, 0x50A3, 2, 0x7145, 1,
    0x91A7, 1, 0x7062, 1, 0x8800, 4, 0x8000, 3,
    0xA001, 1, 0x91A7, 1, 0x8000, 1, 0x7062, 1,
    0x6000, 1, 0x0862, 3, 0x7145, 1, 0x3187, 1,
    0x1882, 1, 0x20E4, 1, 0x1882, 1, 0x2925, 2,
    0x7145, 1, 0x20E4, 1, 0x3187, 1, 0x2925, 1,
    0x6000, 1, 0x3800, 1, 0xF6CE, 2, 0xD5ED, 1,
    0xA489, 1, 0xD5ED, 1, 0xA489, 1, 0x7B0A, 1,
    0x0862, 1, 0x5248, 1, 0x0862, 1, 0x1882, 1,
    0x0862, 1, 0x4800, 1, 0x3800, 1, 0x4947, 4,
    0x432E, 3, 0x0000, 1, 0x1926, 1, 0x20E4, 1,
    0x1926, 2, 0x3187, 2, 0x20E4, 2, 0x2925, 1,
    0x1882, 1, 0x20E4, 1, 0x2925, 1, 0x7145, 1,
    0x3187, 1, 0x18C5, 13, 0x4800, 1, 0x5AEC, 1,
    0x3A4A, 1, 0x8C0C, 1, 0x636E, 1, 0x3A4A, 2,
    0x20E4, 1, 0x4841, 6, 0x4947, 1, 0x0862, 4,
    0x3800, 8, 0x4800, 10, 0x0862, 1, 0x2000, 2,
    0x0862, 1, 0x7145, 1, 0x6000, 1, 0x4841, 2,
    0x50A3, 1, 0x41C9, 1, 0x3187, 1, 0xB50D, 4,
    0x8800, 4, 0xA001, 3, 0x8800, 1, 0x7800, 1,
    0x6000, 1, 0x0862, 3, 0x7062, 2, 0x20E4, 1,
    0x2925, 1, 0x62EA, 1, 0x2925, 2, 0x1882, 1,
    0x3187, 1, 0x2925, 1, 0x20E4, 1, 0x2925, 1,
    0x3800, 1, 0x7B0A, 1, 0xD5ED, 3, 0x7B0A, 2,
    0xA489, 2, 0x7B0A, 1, 0x0862, 1, 0x3800, 1,
    0x4800, 3, 0x4947, 1, 0x5C32, 5, 0x3187, 2,
    0x18E4, 1, 0x20E4, 3, 0x18E4, 1, 0x2925, 1,
    0x3187, 1, 0x2925, 2, 0x20E4, 1, 0x2925, 2,
    0x3187, 1, 0x91A7, 1, 0x18C5, 14, 0x4800, 1,
    0x1882, 1, 0x3A4A, 1, 0x7B0A, 1, 0x3A4A, 3,
    0x1882, 1, 0x4841, 4, 0x4800, 2, 0x50A3, 3,
    0x7145, 5, 0x0862, 3, 0x0000, 1, 0x0862, 3,
    0x3000, 5, 0x0862, 3, 0x4947, 1, 0x41C9, 2,
    0x4841, 2, 0x50A3, 2, 0x20E4, 2, 0xB50D, 6,
    0x7062, 1, 0x8800, 1, 0xA001, 5, 0x8800, 1,
    0x7800, 1, 0x8000, 1, 0x18E4, 2, 0x1882, 1,
    0x50A3, 1, 0x2925, 2, 0x62EA, 1, 0x1882, 1,
    0x4947, 1, 0x62EA, 1, 0x2925, 1, 0x20E4, 1,
    0x2925, 1, 0x4841, 1, 0x20E4, 1, 0x3800, 1,
    0xA489, 1, 0xD5ED, 1, 0xA489, 2, 0x3800, 1,
    0x4947, 1, 0x7B0A, 1, 0xA489, 1, 0x4947, 1,
    0x3800, 2, 0x4800, 2, 0x4947, 1, 0x5C32, 5,
    0x18E4, 3, 0x20E4, 2, 0x1926, 1, 0x2925, 1,
    0x1926, 1, 0x20E4, 1, 0x3187, 1, 0x7145, 1,
    0x3187, 3, 0x2925, 1, 0x7145, 1, 0x18C5, 15,
    0x4800, 1, 0x5AEC, 1, 0x0862, 1, 0x3A4A, 1,
    0x432E, 1, 0x5AEC, 1, 0x432E, 1, 0x636E, 1,
    0x2925, 1, 0x7062, 1, 0x4841, 2, 0x4800, 13,
    0x50A3, 7, 0x0000, 1, 0x5000, 1, 0x4841, 1,
    0x7145, 1, 0x50A3, 1, 0x4841, 4, 0x50A3, 2,
    0x20E4, 1, 0x3A4A, 1, 0xB50D, 5, 0xA489, 1,
    0x91A7, 2, 0xA001, 5, 0x8800, 2, 0x8000, 2,
    0x18E4, 2, 0x20E4, 1, 0x3187, 1, 0x1882, 1,
    0x62EA, 1, 0x2925, 1, 0x1882, 3, 0x2925, 1,
    0x20E4, 1, 0x3187, 1, 0x4841, 1, 0x2925, 1,
    0x7B0A, 1, 0xA489, 2, 0x7B0A, 1, 0x4947, 1,
    0x4841, 1, 0x4947, 1, 0x7B0A, 2, 0x4947, 1,
    0x4800, 3, 0x3800, 1, 0x432E, 1, 0x5AEC, 5,
    0x5C32, 2, 0x18E4, 1, 0x0000, 1, 0x18E4, 1,
    0x20E4, 1, 0x18E4, 2, 0x2925, 1, 0x20E4, 1,
    0x91A7, 1, 0x50A3, 1, 0x91A7, 1, 0x50A3, 1,
    0x3187, 2, 0x18C5, 14, 0x5000, 1, 0x4800, 2,
    0x5248, 1, 0x0862, 1, 0x3A4A, 1, 0x432E, 3,
    0x8CB2, 1, 0x3A4A, 1, 0x7000, 3, 0x6000, 3,
    0x4800, 19, 0x4841, 3, 0x50A3, 2, 0x20E4, 1,
    0x5AEC, 1, 0x3A4A, 1, 0x432E, 1, 0xA489, 2,
    0xB50D, 4, 0x41C9, 1, 0xB50D, 1, 0xA001, 6,
    0x8000, 4, 0x18E4, 1, 0x1882, 1, 0x3187, 1,
    0x20E4, 1, 0x1882, 1, 0x4947, 1, 0x3800, 1,
    0x1882, 2, 0x3800, 1, 0x62EA, 1, 0x20E4, 1,
    0x3187, 1, 0x5000, 1, 0x4841, 1, 0xA489, 3,
    0x3800, 2, 0x4947, 1, 0x7B0A, 1, 0x4947, 2,
    0x4800, 4, 0x18E4, 2, 0x2925, 1, 0x1926, 3,
    0x18E4, 1, 0x18C5, 2, 0x0862, 1, 0x8CB2, 1,
    0x2925, 1, 0x18E4, 6, 0x3187, 1, 0x91A7, 1,
    0x3187, 2, 0x18C5, 15, 0x5000, 1, 0x4800, 1,
    0x3000, 1, 0x3800, 1, 0x4800, 1, 0x1882, 2,
    0x432E, 1, 0x5AEC, 1, 0x636E, 1, 0x4841, 1,
    0x5000, 3, 0x6000, 9, 0x7000, 4, 0x4800, 7,
    0x6000, 2, 0x4841, 2, 0x50A3, 2, 0x18E4, 1,
    0x5AEC, 3, 0x8CB2, 2, 0xB50D, 2, 0xF6CE, 1,
    0x8C0C, 1, 0x2925, 2, 0xB50D, 1, 0xA001, 5,
    0x7800, 1, 0x8000, 3, 0x18E4, 3, 0x91A7, 1,
    0x1882, 1, 0x2925, 1, 0x1882, 3, 0x0862, 1,
    0x1882, 1, 0x62EA, 1, 0x2925, 1, 0x3187, 1,
    0x5000, 1, 0x4947, 1, 0xA489, 1, 0x7B0A, 1,
    0x4947, 1, 0x4800, 1, 0x4841, 1, 0x4947, 2,
    0x3800, 1, 0x4800, 3, 0x4841, 1, 0xA489, 1,
    0x1926, 1, 0x41C9, 2, 0x3187, 2, 0x2925, 1,
    0x18E4, 1, 0x18C5, 1, 0x0000, 1, 0x18C5, 10,
    0x18E4, 2, 0x18C5, 16, 0x4800, 2, 0x3000, 1,
    0x3800, 1, 0x4800, 3, 0x1882, 1, 0x0862, 1,
    0x1882, 1, 0x4841, 1, 0x5000, 3, 0x6000, 9,
    0x7000, 10, 0x8000, 1, 0x8800, 2, 0x7062, 2,
    0x3187, 1, 0x8CB2, 1, 0x5C32, 2, 0x8CB2, 4,
    0xF6CE, 1, 0x8CB2, 1, 0xF6CE, 1, 0x8CB2, 1,
    0x2925, 2, 0x8CB2, 1, 0xA001, 3, 0x8000, 2,
    0x7800, 1, 0x8000, 2, 0x7800, 1, 0x1882, 3,
    0x7062, 1, 0x2925, 1, 0x4947, 1, 0x1882, 5,
    0x4947, 1, 0x2925, 1, 0x636E, 1, 0x2925, 1,
    0x7B0A, 2, 0x3800, 2, 0x4800, 2, 0x4947, 2,
    0x4800, 4, 0x18C5, 5, 0x5C32, 3, 0x2925, 1,
    0x0000, 1, 0x0862, 1, 0x18C5, 28, 0x4800, 1,
    0x3000, 2, 0x4800, 4, 0x6000, 3, 0x7000, 2,
    0x4800, 2, 0x6000, 9, 0x7000, 9, 0x8000, 4,
    0x7062, 1, 0x5AEC, 1, 0x8CB2, 1, 0x5C32, 1,
    0x636E, 3, 0x8CB2, 6, 0x41C9, 1, 0x8CB2, 1,
    0x2925, 1, 0xB50D, 1, 0x8800, 1, 0x8000, 7,
    0x7800, 1, 0x1882, 3, 0x3187, 1, 0x2925, 1,
    0x1882, 6, 0x2925, 1, 0x3187, 2, 0x2925, 1,
    0x4947, 2, 0x3800, 2, 0x4800, 1, 0x3800, 2,
    0x4800, 2, 0x4841, 1, 0x18C5, 11, 0x8CB2, 1,
    0x20E4, 1, 0x18C5, 28, 0x4800, 1, 0x3000, 2,
    0x4800, 3, 0x5000, 1, 0x6000, 4, 0x7000, 3,
    0x8000, 5, 0x6000, 3, 0x7000, 10, 0x8000, 4,
    0x7062, 1, 0x20E4, 1, 0x5C32, 1, 0x636E, 2,
    0x2925, 1, 0x20E4, 1, 0x8CB2, 2, 0x20E4, 1,
    0x1926, 3, 0x8CB2, 1, 0xA001, 1, 0x8800, 2,
    0x8000, 4, 0x7800, 2, 0x8000, 2, 0x7800, 1,
    0x1882, 1, 0x18E4, 1, 0x2925, 3, 0x3800, 1,
    0x1882, 5, 0x7B0A, 1, 0x3187, 1, 0x636E, 1,
    0x4947, 2, 0x0862, 2, 0x3800, 1, 0x4800, 1,
    0x3800, 1, 0x4800, 3, 0x18C5, 42, 0x3000, 4,
    0x4800, 1, 0x5000, 1, 0x4800, 2, 0x6000, 2,
    0x7000, 1, 0x6000, 1, 0x7000, 2, 0x8000, 8,
    0x8800, 8, 0x7000, 6, 0x91A7, 2, 0x1882, 2,
    0x20E4, 1, 0x2925, 1, 0x8CB2, 1, 0x2925, 2,
    0x8CB2, 2, 0x8000, 1, 0x7800, 1, 0x8800, 1,
    0x8000, 7, 0x7800, 2, 0x8000, 1, 0x7800, 1,
    0x8000, 1, 0x1882, 1, 0x18E4, 1, 0x2925, 2,
    0x62EA, 1, 0x3800, 1, 0x1882, 5, 0x2925, 2,
    0x3187, 1, 0x4947, 1, 0x3800, 1, 0x0862, 2,
    0x3800, 1, 0x4800, 2, 0x4841, 1, 0x18C5, 45,
    0x3800, 1, 0x3000, 2, 0x4800, 4, 0x6000, 1,
    0x7000, 5, 0x8000, 1, 0x8800, 4, 0x8000, 3,
    0x8800, 9, 0xA001, 3, 0x8800, 12, 0x8000, 2,
    0x7800, 1, 0x8800, 1, 0x8000, 5, 0x7800, 6,
    0x8000, 1, 0x18E4, 2, 0x3187, 1, 0x2925, 1,
    0x5248, 1, 0x1882, 1, 0x20E4, 1, 0x1882, 4,
    0x4947, 1, 0x2925, 1, 0x3187, 1, 0x1882, 1,
    0x0862, 1, 0x1882, 3, 0x4800, 1, 0x4841, 1,
    0x18C5, 46, 0x3000, 1, 0x3800, 1, 0x3000, 1,
    0x4800, 4, 0x6000, 1, 0x7000, 5, 0x8000, 1,
    0x8800, 1, 0xA001, 2, 0x8800, 2, 0xA001, 1,
    0x8800, 1, 0xA001, 8, 0x8800, 1, 0xA001, 3,
    0x8800, 12, 0x8000, 8, 0x7800, 8, 0x18E4, 2,
    0x3187, 1, 0x2925, 1, 0xA489, 1, 0x7000, 1,
    0x20E4, 1, 0x1882, 1, 0x0862, 1, 0x1882, 2,
    0x62EA, 1, 0x20E4, 1, 0x3187, 1, 0x1882, 4,
    0x4800, 1, 0x18C5, 49, 0x3000, 1, 0x3800, 1,
    0x4800, 4, 0x7000, 2, 0x6000, 2, 0x5000, 2,
    0x6000, 1, 0x7000, 2, 0xA001, 2, 0x98C3, 7,
    0xA001, 4, 0x8800, 1, 0xA001, 3, 0x8800, 6,
    0x8000, 1, 0x8800, 5, 0x8000, 8, 0x7800, 7,
    0x1882, 3, 0x2925, 1, 0x20E4, 1, 0xA489, 1,
    0x1882, 6, 0x62EA, 1, 0x20E4, 1, 0x3187, 1,
    0x1882, 2, 0x4800, 1, 0x4841, 1, 0x18C5, 50,
    0x2000, 1, 0x3800, 2, 0x5000, 2, 0x4800, 1,
    0x7000, 1, 0x8000, 1, 0x6000, 1, 0x4800, 1,
    0x3000, 1, 0x2000, 2, 0x3000, 1, 0x7000, 3,
    0x8800, 1, 0x98C3, 2, 0x8000, 1, 0x98C3, 2,
    0xA001, 1, 0x8000, 1, 0xA001, 3, 0x8800, 1,
    0xA001, 5, 0x8800, 4, 0x8000, 1, 0x8800, 6,
    0x8000, 3, 0x7800, 11, 0x18E4, 2, 0x20E4, 1,
    0x2925, 2, 0x4947, 1, 0x3800, 1, 0x1882, 3,
    0x0862, 1, 0x3800, 1, 0x2925, 1, 0x20E4, 1,
    0x2925, 1, 0x4800, 1, 0x4841, 1, 0x18C5, 52,
    0x2000, 1, 0x3000, 1, 0x3800, 1, 0x4800, 1,
    0x5000, 2, 0x7000, 1, 0xA001, 1, 0x4800, 1,
    0x0862, 1, 0x0000, 3, 0x3000, 1, 0x2000, 1,
    0x3000, 2, 0x0862, 2, 0x2000, 3, 0x0862, 1,
    0xA001, 1, 0x8000, 3, 0x7000, 2, 0x7800, 4,
    0x8000, 1, 0x8800, 3, 0x8000, 1, 0x8800, 2,
    0x8000, 2, 0x8800, 4, 0x8000, 1, 0x7800, 12,
    0x2925, 2, 0x18E4, 1, 0x3187, 1, 0x2925, 1,
    0x62EA, 1, 0x3800, 1, 0x1882, 5, 0x2925, 1,
    0x3187, 1, 0x3800, 1, 0x18C5, 55, 0x2000, 1,
    0x3000, 1, 0x4800, 2, 0x5000, 1, 0x7000, 1,
    0xA001, 1, 0x98C3, 2, 0x8000, 1, 0x50A3, 1,
    0x0000, 4, 0x0862, 4, 0x0000, 1, 0x2000, 1,
    0x0862, 2, 0x3000, 8, 0x4800, 1, 0x6000, 1,
    0x8000, 1, 0x8800, 10, 0x8000, 1, 0x7800, 12,
    0x6000, 1, 0x2925, 3, 0x3187, 1, 0x2925, 2,
    0x1882, 5, 0x62EA, 1, 0x1882, 1, 0x7145, 1,
    0x18C5, 56, 0x0000, 1, 0x2000, 1, 0x3000, 2,
    0x4800, 1, 0x5000, 1, 0xA001, 4, 0x8800, 1,
    0x7062, 1, 0x91A7, 1, 0x636E, 2, 0x8CB2, 4,
    0x0000, 1, 0x0862, 4, 0x0000, 7, 0x2000, 1,
    0x1882, 1, 0x6000, 1, 0xA001, 2, 0x8800, 8,
    0x8000, 1, 0x7800, 10, 0x7000, 1, 0x6000, 1,
    0x18E4, 1, 0x1926, 1, 0x2925, 1, 0x1926, 1,
    0x2925, 3, 0x4947, 1, 0x1882, 3, 0x4947, 1,
    0x2925, 2, 0x7145, 1, 0x18C5, 57, 0x0000, 1,
    0x2000, 2, 0x4800, 2, 0x7800, 1, 0x8000, 2,
    0x7800, 1, 0x7000, 1, 0xA001, 1, 0x98C3, 2,
    0x91A7, 1, 0x8CB2, 2, 0xF6CE, 1, 0x8CB2, 6,
    0x636E, 1, 0x7B8D, 1, 0x91A7, 1, 0x3187, 1,
    0x41C9, 1, 0x98C3, 1, 0x7062, 1, 0xA001, 1,
    0x98C3, 3, 0xA001, 2, 0x8800, 7, 0x8000, 1,
    0x7800, 6, 0x7000, 2, 0x6000, 4, 0x1926, 1,
    0x18E4, 2, 0x1926, 1, 0x2925, 1, 0x3187, 1,
    0x2925, 1, 0x62EA, 1, 0x4947, 1, 0x2925, 1,
    0x1882, 1, 0x2925, 2, 0x7145, 1, 0x3187, 1,
    0x18C5, 58, 0x0000, 1, 0x2000, 2, 0x3000, 1,
    0x4800, 1, 0x6000, 4, 0x7000, 2, 0x7800, 2,
    0x8000, 3, 0xF6CE, 1, 0x8CB2, 1, 0xF6CE, 2,
    0x8CB2, 2, 0xB50D, 1, 0x91A7, 1, 0x98C3, 3,
    0xA001, 8, 0x8800, 4, 0x8000, 4, 0x7800, 6,
    0x7000, 1, 0x6000, 1, 0x4800, 3, 0x18E4, 5,
    0x2925, 1, 0x3187, 1, 0x1882, 2, 0x62EA, 3,
    0x1882, 2, 0x91A7, 1, 0x3187, 1, 0x18C5, 60,
    0x2000, 2, 0x3000, 1, 0x4800, 3, 0x6000, 3,
    0x7000, 3, 0x6000, 1, 0x5000, 1, 0xA001, 4,
    0x8800, 4, 0x8000, 2, 0x8800, 3, 0xA001, 6,
    0x8800, 2, 0x8000, 3, 0x7800, 3, 0x7000, 4,
    0x6000, 4, 0x3000, 1, 0x2000, 2, 0x18E4, 2,
    0x1926, 2, 0x20E4, 1, 0x18E4, 1, 0x91A7, 1,
    0x20E4, 1, 0x1882, 1, 0x2925, 3, 0x20E4, 1,
    0x2925, 1, 0x50A3, 1, 0x18C5, 63, 0x2000, 1,
    0x3000, 3, 0x4800, 7, 0x5000, 2, 0x4800, 1,
    0x5000, 2, 0x6000, 3, 0x7000, 1, 0x7800, 2,
    0x8000, 3, 0xA001, 7, 0x7800, 2, 0x6000, 4,
    0x7000, 1, 0x6000, 2, 0x4800, 3, 0x3800, 1,
    0x3000, 2, 0x2000, 3, 0x18E4, 1, 0x20E4, 2,
    0x1926, 3, 0x3187, 2, 0x2925, 1, 0x1882, 2,
    0x20E4, 1, 0x2925, 1, 0x91A7, 1, 0x18C5, 68,
    0x3000, 7, 0x3800, 1, 0x3000, 5, 0x3800, 1,
    0x4800, 1, 0x5000, 4, 0x8000, 9, 0x7800, 2,
    0x4800, 4, 0x6000, 2, 0x3000, 1, 0x2000, 7,
    0x3800, 1, 0x20E4, 1, 0x18E4, 1, 0x20E4, 2,
    0x2925, 1, 0x1926, 1, 0x18E4, 1, 0x20E4, 1,
    0x50A3, 1, 0x7062, 1, 0x20E4, 1, 0x2925, 2,
    0x3187, 1, 0x50A3, 1, 0x18C5, 74, 0x3000, 2,
    0x2000, 5, 0x3000, 4, 0x5000, 1, 0x6000, 10,
    0x4800, 3, 0x2000, 3, 0x3000, 3, 0x2000, 1,
    0x3800, 1, 0x3000, 2, 0x3800, 1, 0x18E4, 3,
    0x20E4, 1, 0x18E4, 2, 0x20E4, 1, 0x1926, 1,
    0x20E4, 1, 0x2925, 1, 0x1882, 1, 0x50A3, 1,
    0x7145, 1, 0x91A7, 1, 0x3187, 2, 0x7145, 1,
    0x18C5, 85, 0x3000, 2, 0x3800, 10, 0x3000, 1,
    0x2000, 4, 0x18C5, 13, 0x18E4, 8, 0x50A3, 1,
    0x7145, 1, 0x50A3, 1, 0x3187, 1, 0x18C5, 124,
    0x18E4, 2, 0x3187, 1, 0x18C5, 2870, 0x18C5, 2385,
    0x91A7, 2, 0x18C5, 124, 0x7062, 1, 0x91A7, 8,
    0x18C5, 119, 0x7062, 3, 0x91A7, 8, 0x18C5, 117,
    0x7062, 6, 0x91A7, 7, 0x18C5, 114, 0x7800, 8,
    0x7062, 3, 0x91A7, 5, 0x636E, 2, 0x5AEC, 1,
    0x91A7, 2, 0x5AEC, 1, 0x18C5, 106, 0x7800, 9,
    0x7062, 7, 0x91A7, 5, 0x5AEC, 2, 0x91A7, 2,
    0x7062, 1, 0x91A7, 2, 0x5AEC, 2, 0x91A7, 1,
    0x18C5, 8, 0x91A7, 10, 0x18C5, 78, 0x7800, 12,
    0x7062, 1, 0x7800, 4, 0x7062, 1, 0x91A7, 11,
    0x5AEC, 1, 0x91A7, 20, 0x98C3, 1, 0x18C5, 77,
    0x7000, 1, 0x7800, 1, 0x7000, 1, 0x6000, 7,
    0x7800, 8, 0x7062, 9, 0x91A7, 8, 0x7062, 1,
    0x91A7, 5, 0x7062, 5, 0x91A7, 2, 0x7062, 3,
    0x18C5, 77, 0x6000, 2, 0x5000, 8, 0x7800, 15,
    0x8000, 2, 0x7800, 1, 0x7062, 7, 0x7800, 2,
    0x7062, 5, 0x7800, 4, 0x7062, 5, 0x18C5, 76,
    0x4800, 2, 0x3000, 4, 0x6000, 1, 0x3000, 4,
    0x6000, 1, 0x7000, 8, 0x7800, 20, 0x7062, 1,
    0x7800, 11, 0x18C5, 76, 0x3000, 3, 0x6000, 7,
    0x2000, 2, 0x5000, 9, 0x7000, 2, 0x7800, 29,
    0x18C5, 76, 0x50A3, 4, 0x6000, 8, 0x3000, 9,
    0x6000, 9, 0x7000, 9, 0x7800, 3, 0x7000, 1,
    0x6000, 5, 0x7800, 4, 0x18C5, 73, 0x7062, 6,
    0x50A3, 1, 0x6000, 9, 0x7000, 2, 0x2000, 7,
    0x3000, 1, 0x4800, 6, 0x3000, 1, 0x6000, 2,
    0x5000, 7, 0x7000, 2, 0x6000, 1, 0x5000, 7,
    0x6000, 1, 0x7800, 2, 0x18C5, 70, 0x7145, 7,
    0x7062, 3, 0x6000, 7, 0x7000, 4, 0x7062, 3,
    0x7145, 3, 0x91A7, 1, 0x7145, 1, 0x5AEC, 1,
    0x3000, 4, 0x2000, 3, 0x3000, 9, 0x5000, 1,
    0x4800, 1, 0x3000, 7, 0x5000, 1, 0x6000, 1,
    0x7000, 1, 0x18C5, 67, 0x5248, 2, 0x7145, 2,
    0x5248, 4, 0x7145, 3, 0x7062, 1, 0x50A3, 1,
    0x6000, 5, 0x7000, 5, 0x7800, 2, 0x7062, 11,
    0x7145, 2, 0x91A7, 1, 0x7145, 2, 0x5AEC, 1,
    0x7145, 1, 0x2000, 6, 0x3000, 1, 0x8800, 2,
    0x8000, 2, 0x4800, 2, 0x3000, 3, 0x4800, 1,
    0x6000, 1, 0x18C5, 65, 0x7145, 1, 0x5248, 3,
    0x5AEC, 5, 0x5248, 2, 0x7145, 2, 0x7062, 1,
    0x6000, 4, 0x7000, 5, 0x7800, 13, 0x7062, 10,
    0x8000, 1, 0x7800, 1, 0x7000, 1, 0x8800, 1,
    0x8000, 3, 0x8800, 1, 0x98C3, 1, 0x4841, 1,
    0x4800, 2, 0x3000, 2, 0x2000, 1, 0x3000, 1,
    0x4800, 1, 0x18C5, 62, 0xA489, 1, 0x20E4, 1,
    0x432E, 1, 0x636E, 4, 0x432E, 1, 0x5C32, 1,
    0x432E, 2, 0x8000, 2, 0x8CB2, 3, 0x5C32, 2,
    0x6000, 1, 0x7000, 6, 0x7800, 17, 0x8000, 3,
    0x7800, 4, 0x7000, 1, 0x8000, 3, 0x8800, 2,
    0x98C3, 2, 0x4841, 3, 0x3800, 1, 0x3000, 2,
    0x20E4, 1, 0x3000, 2, 0x18C5, 56, 0x7800, 7,
    0x7000, 4, 0x6000, 3, 0x5000, 2, 0x4800, 4,
    0x7800, 3, 0x2925, 1, 0x636E, 2, 0x8CB2, 2,
    0x7800, 3, 0x432E, 1, 0x7000, 8, 0x7800, 6,
    0x8000, 4, 0x7800, 5, 0x8000, 2, 0x98C3, 2,
    0x91A7, 2, 0x5AEC, 1, 0x3187, 1, 0x4841, 2,
    0x3800, 3, 0x20E4, 2, 0x4947, 1, 0x3000, 1,
    0x18C5, 53, 0x7800, 2, 0x8000, 5, 0x1882, 2,
    0x7B8D, 8, 0xA489, 1, 0x5AEC, 1, 0x7062, 2,
    0x6000, 3, 0x4800, 4, 0x3800, 1, 0x7000, 2,
    0x91A7, 1, 0x2925, 1, 0x5AEC, 1, 0x636E, 1,
    0x5C32, 5, 0x8CB2, 2, 0x7000, 5, 0x7800, 7,
    0x7000, 1, 0x7800, 1, 0x8000, 1, 0x98C3, 1,
    0x7062, 1, 0x5AEC, 5, 0x50A3, 3, 0x3800, 3,
    0x20E4, 2, 0x5248, 1, 0x4947, 1, 0x3000, 1,
    0x18C5, 51, 0x8800, 7, 0x1926, 1, 0x20E4, 1,
    0x7B8D, 3, 0x91A7, 1, 0x5248, 2, 0x636E, 2,
    0xB50D, 3, 0x2925, 2, 0xA489, 1, 0xB50D, 1,
    0xA489, 2, 0x18E4, 2, 0x1882, 1, 0x5000, 3,
    0x3800, 3, 0x7000, 2, 0x91A7, 1, 0x2925, 1,
    0x3A4A, 1, 0x432E, 2, 0x20E4, 1, 0x5000, 2,
    0x7000, 1, 0x6000, 1, 0x18E4, 1, 0x636E, 2,
    0x7000, 5, 0x8000, 3, 0x91A7, 2, 0x5AEC, 1,
    0x636E, 4, 0x50A3, 3, 0x20E4, 2, 0x3800, 1,
    0x1882, 2, 0x5248, 4, 0x18C5, 49, 0x8800, 1,
    0x8000, 2, 0x7145, 6, 0x2925, 1, 0x5AEC, 2,
    0x7145, 1, 0x5AEC, 2, 0x5248, 1, 0x5AEC, 6,
    0xA489, 2, 0xB50D, 1, 0xA489, 1, 0x2925, 2,
    0x7000, 3, 0x6000, 4, 0x4800, 5, 0x7000, 3,
    0x6000, 1, 0x7000, 1, 0x6000, 3, 0x7062, 1,
    0x5000, 1, 0x6000, 6, 0x8000, 2, 0x91A7, 2,
    0x636E, 5, 0x41C9, 1, 0x50A3, 3, 0x20E4, 5,
    0x5248, 2, 0x7B0A, 3, 0x18C5, 47, 0x8000, 2,
    0x7062, 2, 0x7145, 4, 0x2925, 1, 0x636E, 5,
    0xB50D, 1, 0xA489, 2, 0x8C0C, 3, 0xA489, 3,
    0x5AEC, 5, 0x7145, 2, 0x7000, 7, 0x6000, 4,
    0x8000, 1, 0x7B8D, 1, 0x7800, 2, 0x7000, 2,
    0x636E, 1, 0x7000, 1, 0x636E, 3, 0x6000, 5,
    0x7800, 2, 0x7062, 1, 0x636E, 3, 0x7B8D, 1,
    0x636E, 2, 0x41C9, 2, 0x50A3, 1, 0x1882, 1,
    0x4841, 2, 0x20E4, 3, 0x5248, 2, 0x7B0A, 4,
    0x18C5, 46, 0x8000, 2, 0x7145, 6, 0x3A4A, 1,
    0x636E, 5, 0x5AEC, 1, 0x636E, 2, 0x8C0C, 1,
    0x5AEC, 2, 0x8C0C, 4, 0xA489, 1, 0x5248, 4,
    0x50A3, 1, 0x7062, 1, 0x7000, 9, 0x8000, 2,
    0x7B0A, 1, 0x7B8D, 1, 0x3800, 1, 0x7800, 1,
    0x636E, 1, 0x7B8D, 1, 0x3A4A, 1, 0x20E4, 1,
    0x432E, 1, 0x2925, 1, 0x636E, 1, 0x3A4A, 1,
    0x636E, 1, 0x6000, 1, 0x7000, 1, 0x7062, 3,
    0x7B8D, 1, 0x636E, 4, 0x41C9, 3, 0x20E4, 3,
    0x1882, 3, 0x20E4, 1, 0x7B0A, 1, 0x5248, 1,
    0x7B0A, 5, 0x18C5, 44, 0x8000, 3, 0x7145, 4,
    0x5AEC, 1, 0x3A4A, 2, 0x636E, 3, 0x5AEC, 1,
    0x5248, 2, 0x636E, 2, 0x8C0C, 1, 0x5AEC, 2,
    0x41C9, 2, 0x5AEC, 1, 0xA489, 2, 0x5AEC, 2,
    0x5248, 2, 0x7145, 2, 0x6000, 4, 0x7000, 4,
    0x8000, 2, 0x91A7, 2, 0x18E4, 3, 0x20E4, 1,
    0x8000, 1, 0x3A4A, 2, 0x5C32, 2, 0x636E, 2,
    0x432E, 1, 0x3A4A, 1, 0x7062, 3, 0x7B8D, 2,
    0x8CB2, 2, 0x636E, 2, 0x41C9, 2, 0x3187, 1,
    0x20E4, 2, 0x2925, 3, 0x1882, 1, 0xA489, 2,
    0x7B0A, 7, 0x18C5, 43, 0x98C3, 1, 0x91A7, 3,
    0x5AEC, 3, 0x7B0A, 1, 0x18E4, 1, 0x1882, 1,
    0x636E, 3, 0x5AEC, 4, 0xB50D, 1, 0x8C0C, 4,
    0xA489, 2, 0x8C0C, 1, 0xA489, 1, 0x5AEC, 2,
    0x5248, 1, 0x7145, 4, 0x6000, 7, 0x8000, 1,
    0x91A7, 3, 0x18E4, 2, 0x8CB2, 1, 0x5C32, 1,
    0x18E4, 1, 0x20E4, 1, 0x432E, 1, 0x5C32, 5,
    0x20E4, 1, 0x18E4, 1, 0x8CB2, 5, 0x636E, 3,
    0x3A4A, 1, 0x50A3, 2, 0x3187, 2, 0x20E4, 2,
    0x2925, 1, 0x8C0C, 1, 0xA489, 3, 0x7B0A, 5,
    0xA489, 1, 0x8C0C, 1, 0x18C5, 42, 0x91A7, 1,
    0x636E, 1, 0x91A7, 2, 0x636E, 10, 0x5AEC, 1,
    0x5248, 7, 0x8C0C, 2, 0x5AEC, 4, 0x5248, 3,
    0x7145, 4, 0x50A3, 2, 0x6000, 3, 0x3187, 1,
    0x91A7, 2, 0x18E4, 2, 0x8CB2, 5, 0x432E, 1,
    0x20E4, 1, 0x5C32, 4, 0x20E4, 2, 0x636E, 6,
    0x5AEC, 1, 0x3A4A, 1, 0x62EA, 1, 0x3A4A, 1,
    0x3187, 1, 0x20E4, 4, 0x5248, 1, 0x8C0C, 2,
    0xA489, 3, 0x7B0A, 4, 0xA489, 2, 0x8C0C, 1,
    0x18C5, 41, 0x0862, 1, 0x1926, 1, 0x3187, 4,
    0x1926, 2, 0x2189, 5, 0x91A7, 1, 0x7B0A, 1,
    0x636E, 2, 0x5AEC, 1, 0x636E, 6, 0x5AEC, 3,
    0x5248, 4, 0x7145, 1, 0x50A3, 5, 0x6000, 2,
    0x3187, 3, 0x18E4, 3, 0x8CB2, 6, 0x432E, 1,
    0x2925, 1, 0x432E, 1, 0x636E, 1, 0x5C32, 1,
    0x20E4, 1, 0x5AEC, 2, 0x636E, 5, 0x5248, 1,
    0x3A4A, 1, 0x5248, 2, 0x7B0A, 1, 0x20E4, 1,
    0x3187, 3, 0x8C0C, 2, 0xA489, 4, 0x7B0A, 4,
    0xA489, 3, 0x7145, 1, 0x18C5, 41, 0x3187, 8,
    0x41C9, 3, 0x2189, 4, 0x3187, 2, 0x41C9, 2,
    0x2189, 3, 0x5AEC, 2, 0x91A7, 2, 0x5AEC, 3,
    0x7145, 1, 0x5AEC, 2, 0x5248, 2, 0x7145, 2,
    0x6000, 2, 0x91A7, 2, 0x18E4, 3, 0x8CB2, 7,
    0x5C32, 1, 0x636E, 1, 0x3A4A, 1, 0x2925, 1,
    0x3A4A, 1, 0x432E, 1, 0x3187, 1, 0x5AEC, 1,
    0x636E, 6, 0x3A4A, 3, 0x8C0C, 2, 0x7B0A, 1,
    0x41C9, 1, 0x20E4, 1, 0x3187, 1, 0xA489, 7,
    0x7B0A, 2, 0xA489, 3, 0x8C0C, 1, 0x7145, 1,
    0x18C5, 40, 0x2189, 1, 0x3187, 7, 0x41C9, 20,
    0x2189, 3, 0x50A3, 2, 0x6000, 1, 0x62EA, 2,
    0x7062, 1, 0x7145, 1, 0x91A7, 2, 0x2925, 1,
    0x18E4, 1, 0x8CB2, 10, 0x5C32, 1, 0x2925, 1,
    0x20E4, 1, 0x3A4A, 1, 0x20E4, 1, 0x5248, 1,
    0x5AEC, 2, 0x636E, 3, 0x5AEC, 2, 0x3A4A, 2,
    0x5248, 2, 0x8C0C, 1, 0x7B0A, 1, 0xB50D, 1,
    0x62EA, 1, 0xB50D, 1, 0xA489, 5, 0x7B0A, 3,
    0xA489, 4, 0x7B8D, 1, 0x7062, 1, 0x18C5, 39,
    0x2189, 1, 0x3187, 2, 0x41C9, 3, 0x3187, 3,
    0x41C9, 14, 0x3A4A, 1, 0x41C9, 5, 0x2189, 1,
    0x41C9, 2, 0x2189, 4, 0x1926, 1, 0x0862, 1,
    0x98C3, 1, 0x91A7, 2, 0x20E4, 1, 0x5C32, 1,
    0x8CB2, 9, 0x5C32, 2, 0x636E, 1, 0x3187, 1,
    0x20E4, 2, 0x7B0A, 2, 0x636E, 1, 0x5AEC, 2,
    0x636E, 2, 0x3A4A, 3, 0x8C0C, 3, 0xB50D, 2,
    0x62EA, 2, 0xA489, 4, 0x7B0A, 2, 0xA489, 5,
    0x7B0A, 1, 0x7B8D, 1, 0xA489, 1, 0x18C5, 39,
    0x2189, 1, 0x3187, 2, 0x41C9, 2, 0x3187, 1,
    0x41C9, 2, 0x3187, 1, 0x41C9, 11, 0x3A4A, 1,
    0x5AEC, 1, 0x3A4A, 1, 0x41C9, 2, 0x2189, 1,
    0x41C9, 3, 0x2189, 3, 0x41C9, 3, 0x2189, 3,
    0x98C3, 1, 0x91A7, 1, 0x8C0C, 1, 0x3187, 1,
    0x8CB2, 5, 0x5C32, 1, 0x8CB2, 1, 0x5C32, 1,
    0x8CB2, 2, 0x5C32, 2, 0x636E, 1, 0x4841, 1,
    0x20E4, 1, 0x91A7, 1, 0x636E, 2, 0x5AEC, 1,
    0x636E, 2, 0x5AEC, 2, 0x5248, 4, 0x8C0C, 1,
    0xB50D, 5, 0xA489, 4, 0x7B0A, 1, 0xA489, 5,
    0x7B0A, 3, 0xA489, 1, 0x18C5, 38, 0x2189, 1,
    0x41C9, 2, 0x4947, 1, 0x41C9, 5, 0x62EA, 1,
    0x41C9, 1, 0x2189, 4, 0x5248, 1, 0x41C9, 3,
    0x2189, 3, 0x432E, 1, 0x2189, 4, 0x432E, 2,
    0x2189, 8, 0x3A4A, 1, 0x2189, 1, 0x8000, 1,
    0x91A7, 1, 0x3187, 2, 0x8CB2, 4, 0x5C32, 9,
    0x2925, 1, 0x7062, 1, 0x636E, 1, 0x5AEC, 1,
    0x636E, 3, 0x5AEC, 2, 0x3A4A, 3, 0x8C0C, 1,
    0xB50D, 6, 0xA489, 11, 0x7B0A, 2, 0xA489, 2,
    0x18C5, 38, 0x2189, 1, 0x1926, 4, 0x2189, 3,
    0x432E, 1, 0x2189, 6, 0x5C32, 2, 0x2189, 2,
    0x432E, 1, 0x62EA, 2, 0x432E, 1, 0x5C32, 1,
    0x5AEC, 1, 0x432E, 1, 0x54F5, 5, 0x432E, 3,
    0x2189, 2, 0x3A4A, 4, 0x8C0C, 1, 0x3187, 2,
    0x636E, 1, 0x8CB2, 3, 0x5C32, 5, 0x8CB2, 1,
    0x5C32, 3, 0x432E, 1, 0x5248, 1, 0x636E, 5,
    0x5AEC, 3, 0x5248, 2, 0x636E, 1, 0xB50D, 4,
    0xD5ED, 6, 0x18C5, 3, 0xA489, 2, 0x62EA, 2,
    0x7B0A, 3, 0xA489, 1, 0x18C5, 37, 0x2189, 1,
    0x3A4A, 1, 0x2189, 5, 0x432E, 2, 0x2189, 1,
    0x1926, 1, 0x2189, 3, 0x5C32, 6, 0x432E, 2,
    0x54F5, 3, 0x5C32, 1, 0x54F5, 2, 0x5C32, 1,
    0x54F5, 8, 0x2189, 1, 0x3A4A, 3, 0x91A7, 1,
    0x3187, 1, 0x636E, 1, 0x5C32, 1, 0x8CB2, 1,
    0x5C32, 7, 0x8CB2, 1, 0x5C32, 2, 0x432E, 1,
    0x2925, 1, 0x636E, 1, 0x5AEC, 2, 0x636E, 4,
    0x5AEC, 2, 0x636E, 1, 0xF6CE, 6, 0xD5ED, 5,
    0x18C5, 8, 0x4947, 1, 0x62EA, 2, 0x91A7, 1,
    0x18C5, 36, 0x2189, 1, 0x432E, 8, 0x2189, 1,
    0x1926, 1, 0x2189, 1, 0x0862, 1, 0x1926, 1,
    0x2189, 1, 0x432E, 1, 0x5C32, 4, 0x54F5, 2,
    0x5C32, 3, 0x2189, 2, 0x54F5, 2, 0x432E, 1,
    0x54F5, 9, 0x432E, 1, 0x2189, 1, 0x3A4A, 1,
    0x8C0C, 1, 0x5AEC, 1, 0x3187, 1, 0x5C32, 8,
    0x8CB2, 1, 0x5C32, 1, 0x432E, 2, 0x636E, 2,
    0x5248, 1, 0x5AEC, 1, 0x636E, 3, 0x5AEC, 3,
    0x8CB2, 2, 0xF6CE, 4, 0xD5ED, 7, 0x18C5, 8,
    0x3000, 1, 0x62EA, 1, 0x8C0C, 1, 0x7145, 1,
    0x18C5, 36, 0x432E, 9, 0x2189, 1, 0x0862, 1,
    0x18E4, 1, 0x0000, 1, 0x1926, 1, 0x2189, 2,
    0x5C32, 3, 0x54F5, 3, 0x2189, 2, 0x18E4, 1,
    0x2189, 3, 0x54F5, 13, 0x2189, 1, 0x98C3, 1,
    0x636E, 1, 0x5AEC, 1, 0x5C32, 6, 0x8CB2, 3,
    0x636E, 1, 0x432E, 1, 0x636E, 2, 0x5AEC, 1,
    0x636E, 7, 0x8CB2, 1, 0xF6CE, 6, 0xD5ED, 6,
    0x18C5, 9, 0x7000, 1, 0x5248, 1, 0x8C0C, 1,
    0x62EA, 1, 0x18C5, 35, 0x432E, 10, 0x2189, 1,
    0x1926, 1, 0x0862, 3, 0x2189, 1, 0x5C32, 7,
    0x2189, 1, 0x18E4, 1, 0x0000, 1, 0x7062, 1,
    0x2189, 2, 0x54F5, 2, 0x432E, 1, 0x54F5, 10,
    0x432E, 1, 0x91A7, 1, 0x5AEC, 1, 0x3187, 1,
    0x636E, 1, 0x5C32, 3, 0x8CB2, 3, 0x5C32, 2,
    0x636E, 1, 0x5AEC, 2, 0x5248, 1, 0x636E, 6,
    0x8CB2, 3, 0xF6CE, 5, 0xD5ED, 6, 0x0862, 2,
    0x2925, 1, 0x3187, 1, 0x18C5, 6, 0x7000, 1,
    0x2925, 1, 0x8C0C, 1, 0x62EA, 1, 0x18C5, 34,
    0x7B8D, 1, 0x432E, 9, 0x2189, 2, 0x5C32, 1,
    0x2189, 2, 0x5C32, 1, 0x2189, 1, 0x5C32, 4,
    0x54F5, 1, 0x5C32, 1, 0x2189, 2, 0x0862, 2,
    0x0000, 1, 0x18E4, 1, 0x2189, 2, 0x54F5, 13,
    0x98C3, 1, 0x91A7, 1, 0x432E, 1, 0x5C32, 8,
    0x3187, 1, 0x5AEC, 1, 0x5248, 1, 0x5AEC, 1,
    0x636E, 6, 0x8CB2, 3, 0xF6CE, 7, 0xD5ED, 4,
    0x0862, 2, 0x2925, 1, 0x8CB2, 1, 0x50A3, 1,
    0x3187, 1, 0x91A7, 1, 0x20E4, 1, 0x18C5, 3,
    0x7800, 1, 0x2925, 1, 0x7B0A, 1, 0x7145, 1,
    0x18C5, 33, 0x636E, 1, 0x3A4A, 1, 0x432E, 9,
    0x5C32, 3, 0x2189, 1, 0x432E, 1, 0x5C32, 1,
    0x432E, 2, 0x5C32, 2, 0x54F5, 1, 0x5C32, 2,
    0x2189, 2, 0x432E, 1, 0x18E4, 1, 0x0862, 1,
    0x2189, 2, 0x54F5, 15, 0x91A7, 1, 0x3187, 1,
    0x5C32, 5, 0x2925, 1, 0x3187, 1, 0x18E4, 1,
    0x5248, 1, 0x41C9, 1, 0x3A4A, 1, 0x636E, 5,
    0x8CB2, 2, 0x636E, 1, 0x8CB2, 3, 0xF6CE, 5,
    0xD5ED, 5, 0x0862, 2, 0x50A3, 1, 0x91A7, 1,
    0x3187, 1, 0x50A3, 1, 0x7062, 1, 0x50A3, 1,
    0x3187, 1, 0x18C5, 2, 0x7800, 1, 0x2925, 1,
    0x7B0A, 1, 0x5248, 1, 0x18C5, 31, 0x636E, 1,
    0x91A7, 1, 0x7000, 2, 0x18C5, 1, 0x1926, 3,
    0x2189, 5, 0x3A4A, 2, 0x2189, 1, 0x5C32, 1,
    0x432E, 1, 0x5C32, 1, 0x432E, 1, 0x5C32, 3,
    0x54F5, 3, 0x5C32, 1, 0x54F5, 2, 0x2189, 1,
    0x54F5, 1, 0x2189, 1, 0x54F5, 1, 0x432E, 1,
    0x54F5, 14, 0x91A7, 1, 0x2925, 1, 0x5C32, 3,
    0x3187, 2, 0x1926, 1, 0x5AEC, 1, 0x41C9, 2,
    0x636E, 1, 0x5AEC, 3, 0x636E, 2, 0x8CB2, 3,
    0xF6CE, 1, 0x8CB2, 4, 0xD5ED, 1, 0xF6CE, 2,
    0xD5ED, 5, 0x0862, 2, 0x91A7, 1, 0x50A3, 2,
    0x2925, 1, 0x50A3, 1, 0x3187, 1, 0x91A7, 1,
    0x3187, 1, 0x18C5, 2, 0x7800, 1, 0x3800, 1,
    0x4947, 1, 0x18C5, 30, 0x636E, 1, 0x7000, 1,
    0x91A7, 2, 0x2000, 1, 0x3000, 3, 0x91A7, 1,
    0x7000, 3, 0x1926, 1, 0x2189, 7, 0x432E, 1,
    0x3A4A, 1, 0x2189, 3, 0x3A4A, 2, 0x5C32, 4,
    0x432E, 1, 0x54F5, 2, 0x432E, 1, 0x2189, 1,
    0x54F5, 14, 0x91A7, 1, 0x18E4, 1, 0x3187, 2,
    0x5AEC, 2, 0x62EA, 2, 0x7145, 1, 0x41C9, 1,
    0x636E, 1, 0x5AEC, 4, 0x8CB2, 6, 0xF6CE, 3,
    0x8CB2, 2, 0xF6CE, 6, 0x0862, 2, 0x50A3, 1,
    0x3187, 1, 0x2925, 1, 0x20E4, 4, 0x7145, 2,
    0x50A3, 1, 0x18C5, 1, 0x7800, 1, 0x3000, 1,
    0x4947, 1, 0x18C5, 28, 0x7B8D, 1, 0x7000, 1,
    0x91A7, 1, 0x20E4, 2, 0x8000, 1, 0x91A7, 4,
    0x636E, 1, 0x2925, 1, 0x20E4, 2, 0x7145, 2,
    0x91A7, 3, 0x7000, 2, 0x2189, 12, 0x3A4A, 4,
    0x2189, 2, 0x54F5, 13, 0x7145, 1, 0x2925, 1,
    0x3187, 2, 0x91A7, 1, 0x7145, 1, 0x5248, 1,
    0x41C9, 1, 0x636E, 2, 0x5AEC, 3, 0x5248, 1,
    0x8CB2, 4, 0xF6CE, 14, 0x0862, 1, 0x7062, 1,
    0x7145, 1, 0x20E4, 2, 0x2925, 2, 0x1882, 1,
    0x20E4, 1, 0x2925, 1, 0x7145, 1, 0x91A7, 1,
    0x18C5, 1, 0x7800, 1, 0x3000, 1, 0x18C5, 27,
    0x7000, 1, 0x91A7, 2, 0x2000, 1, 0x8000, 2,
    0x5AEC, 1, 0x62EA, 3, 0x5AEC, 6, 0x3A4A, 2,
    0x2925, 3, 0x91A7, 6, 0x7000, 1, 0x6000, 1,
    0x7000, 2, 0x6000, 1, 0x2189, 4, 0x3A4A, 1,
    0x2189, 2, 0x3A4A, 1, 0x432E, 2, 0x3A4A, 6,
    0x54F5, 6, 0x3187, 1, 0x2925, 1, 0x91A7, 1,
    0x50A3, 1, 0x62EA, 2, 0x41C9, 1, 0x636E, 2,
    0x5AEC, 3, 0x8CB2, 6, 0xF6CE, 9, 0xB50D, 1,
    0xF6CE, 4, 0x0862, 1, 0x50A3, 1, 0x7062, 1,
    0x1882, 1, 0x2925, 1, 0x5248, 2, 0x2925, 2,
    0x1882, 1, 0x3187, 1, 0x50A3, 1, 0x18C5, 2,
    0x3800, 1, 0x18C5, 24, 0x8CB2, 1, 0x6000, 1,
    0x7145, 2, 0x2000, 1, 0x7062, 2, 0x5AEC, 2,
    0x62EA, 3, 0x5AEC, 5, 0x636E, 7, 0x5248, 4,
    0x5AEC, 2, 0x20E4, 3, 0x1882, 1, 0x91A7, 9,
    0x7800, 4, 0x6000, 1, 0x3A4A, 5, 0x2189, 4,
    0x3187, 2, 0x5248, 1, 0x62EA, 1, 0x5248, 2,
    0x636E, 2, 0x5AEC, 3, 0x8CB2, 3, 0xF6CE, 2,
    0x8CB2, 1, 0xF6CE, 4, 0x5C32, 2, 0xF6CE, 4,
    0xB50D, 1, 0xF6CE, 4, 0x3187, 1, 0x50A3, 1,
    0x2925, 3, 0x1882, 2, 0x62EA, 1, 0x2925, 2,
    0x20E4, 1, 0x3187, 1, 0x18C5, 25, 0x8CB2, 1,
    0x6000, 2, 0x7145, 1, 0x2000, 2, 0x7145, 1,
    0x636E, 2, 0x5AEC, 2, 0x62EA, 3, 0x5AEC, 2,
    0x7B0A, 1, 0x5AEC, 1, 0x636E, 6, 0x5AEC, 1,
    0x636E, 10, 0x2925, 2, 0x3A4A, 1, 0x7145, 1,
    0x5AEC, 1, 0x2925, 5, 0x5248, 1, 0x7062, 3,
    0x3000, 2, 0x2000, 2, 0x3000, 1, 0x2000, 2,
    0x91A7, 2, 0x5000, 1, 0x7145, 1, 0x5248, 2,
    0x41C9, 1, 0x636E, 2, 0x5AEC, 3, 0x8CB2, 3,
    0xF6CE, 4, 0x636E, 2, 0xF6CE, 3, 0x2925, 2,
    0x41C9, 1, 0xF6CE, 3, 0xB50D, 1, 0xF6CE, 3,
    0x18E4, 1, 0x3187, 2, 0x1882, 1, 0x62EA, 1,
    0x4947, 1, 0x3800, 1, 0x1882, 1, 0x2925, 1,
    0x4947, 1, 0x2925, 1, 0x20E4, 1, 0x3187, 1,
    0x18C5, 23, 0x8CB2, 1, 0xA001, 1, 0x6000, 1,
    0x7145, 1, 0x2000, 2, 0x2925, 2, 0x636E, 3,
    0x8C0C, 1, 0x5248, 1, 0x41C9, 1, 0x5AEC, 2,
    0x5248, 1, 0x3A4A, 1, 0x5AEC, 1, 0x636E, 1,
    0xB50D, 2, 0x8CB2, 1, 0xB50D, 10, 0x5AEC, 1,
    0x636E, 14, 0x91A7, 1, 0x7145, 3, 0x7062, 1,
    0x7800, 1, 0x2000, 2, 0x91A7, 1, 0x7000, 1,
    0x7145, 3, 0x3A4A, 1, 0x5248, 2, 0x636E, 3,
    0x8C0C, 1, 0x5AEC, 1, 0x8CB2, 2, 0xF6CE, 6,
    0x636E, 2, 0xF6CE, 3, 0x2925, 1, 0xF6CE, 1,
    0x3187, 1, 0xF6CE, 3, 0xB50D, 1, 0xF6CE, 3,
    0x18E4, 1, 0x3187, 1, 0x20E4, 1, 0x1882, 1,
    0x4947, 1, 0x1882, 5, 0x2925, 1, 0x20E4, 1,
    0x3187, 1, 0x1926, 1, 0x18C5, 20, 0x8CB2, 1,
    0xA001, 1, 0x6000, 1, 0x7145, 2, 0x2000, 1,
    0x50A3, 2, 0x5AEC, 2, 0x8C0C, 6, 0xA489, 2,
    0x636E, 1, 0xB50D, 2, 0x5AEC, 4, 0x636E, 1,
    0xB50D, 3, 0x5AEC, 1, 0x636E, 1, 0x5AEC, 2,
    0x636E, 1, 0xB50D, 4, 0x636E, 9, 0x5AEC, 1,
    0x7145, 3, 0x91A7, 1, 0x7800, 2, 0x2000, 1,
    0x91A7, 2, 0x50A3, 4, 0x41C9, 2, 0x5AEC, 2,
    0x636E, 3, 0x5AEC, 1, 0x8CB2, 4, 0xF6CE, 3,
    0x8CB2, 1, 0xF6CE, 2, 0xA489, 2, 0xF6CE, 3,
    0xB50D, 1, 0xF6CE, 1, 0xD5ED, 1, 0xF6CE, 1,
    0xD5ED, 1, 0xF6CE, 1, 0x7B0A, 1, 0xF6CE, 3,
    0x3187, 1, 0x91A7, 1, 0x1882, 1, 0x2925, 1,
    0x1882, 2, 0x0862, 1, 0x1882, 3, 0x62EA, 1,
    0x2925, 1, 0x3187, 2, 0x18C5, 18, 0x8CB2, 1,
    0x7062, 2, 0x7145, 2, 0x2000, 1, 0x3A4A, 1,
    0x20E4, 1, 0x5AEC, 2, 0x636E, 1, 0x8C0C, 1,
    0xA489, 3, 0x41C9, 1, 0x5248, 1, 0xA489, 1,
    0x8C0C, 1, 0xB50D, 2, 0x5AEC, 9, 0x636E, 1,
    0x5AEC, 1, 0xB50D, 3, 0x636E, 1, 0x5AEC, 2,
    0x636E, 1, 0xB50D, 2, 0x636E, 1, 0x5AEC, 2,
    0x636E, 3, 0x5AEC, 2, 0x7145, 2, 0x5AEC, 1,
    0x7800, 2, 0x2000, 1, 0x91A7, 2, 0x50A3, 3,
    0x41C9, 3, 0x5AEC, 2, 0x636E, 3, 0x8C0C, 2,
    0x8CB2, 5, 0xF6CE, 1, 0x8CB2, 3, 0xF6CE, 3,
    0x8C0C, 1, 0xF6CE, 4, 0xB50D, 1, 0xD5ED, 1,
    0xA489, 2, 0xF6CE, 1, 0x7B0A, 1, 0xF6CE, 3,
    0x2925, 1, 0x7145, 1, 0x2925, 1, 0x62EA, 1,
    0x1882, 6, 0x62EA, 1, 0x2925, 2, 0x3187, 1,
    0x18C5, 16, 0x636E, 1, 0x5AEC, 2, 0x7062, 1,
    0x7145, 2, 0x2000, 1, 0x3187, 2, 0x8C0C, 3,
    0xA489, 1, 0x8C0C, 2, 0xA489, 2, 0x6000, 1,
    0x8C0C, 1, 0xB50D, 1, 0x62EA, 1, 0x2925, 1,
    0xB50D, 4, 0x5AEC, 2, 0xB50D, 3, 0x5AEC, 7,
    0xB50D, 2, 0x5AEC, 2, 0xB50D, 3, 0x636E, 3,
    0x5AEC, 1, 0x7062, 1, 0x91A7, 1, 0x5AEC, 2,
    0x8000, 1, 0x0862, 1, 0x91A7, 1, 0x7000, 1,
    0x50A3, 1, 0x41C9, 5, 0x5AEC, 3, 0x636E, 1,
    0x5AEC, 1, 0x636E, 2, 0x5AEC, 1, 0x8CB2, 8,
    0x636E, 2, 0xF6CE, 1, 0xD5ED, 1, 0xF6CE, 1,
    0xB50D, 1, 0x8CB2, 1, 0xF6CE, 2, 0xD5ED, 1,
    0xF6CE, 1, 0xD5ED, 1, 0xA489, 1, 0xF6CE, 1,
    0x5C32, 1, 0x7B0A, 1, 0xF6CE, 1, 0xD5ED, 2,
    0x2925, 3, 0x4947, 1, 0x1882, 1, 0x0862, 1,
    0x1882, 4, 0x2925, 3, 0x3187, 1, 0x18C5, 15,
    0x636E, 2, 0x91A7, 2, 0x7145, 2, 0x2000, 1,
    0x4800, 2, 0x636E, 1, 0x8C0C, 2, 0x7B0A, 2,
    0x4800, 2, 0x7145, 1, 0x8C0C, 2, 0xB50D, 1,
    0x8C0C, 1, 0x7145, 1, 0x2925, 1, 0x3A4A, 1,
    0xB50D, 3, 0x5AEC, 1, 0xB50D, 3, 0x41C9, 1,
    0x5AEC, 1, 0xB50D, 2, 0x5AEC, 8, 0xB50D, 6,
    0x636E, 2, 0x5AEC, 1, 0x8000, 1, 0x2000, 1,
    0x91A7, 1, 0x7000, 1, 0x4841, 1, 0x41C9, 4,
    0x5AEC, 4, 0x636E, 1, 0x5AEC, 2, 0x636E, 2,
    0x8CB2, 8, 0xD5ED, 1, 0x636E, 2, 0xA489, 1,
    0x3187, 1, 0xF6CE, 1, 0xD5ED, 1, 0xB50D, 1,
    0x5C32, 1, 0xF6CE, 1, 0xD5ED, 5, 0xF6CE, 1,
    0x0000, 1, 0xA489, 1, 0xF6CE, 1, 0xD5ED, 1,
    0x1882, 1, 0x3187, 1, 0x20E4, 1, 0x2925, 1,
    0x1882, 7, 0x7B0A, 1, 0x3187, 1, 0x2925, 1,
    0x3187, 1, 0x18C5, 14, 0x636E, 2, 0x5AEC, 1,
    0x91A7, 1, 0x7145, 2, 0x2000, 1, 0x6000, 2,
    0x3A4A, 1, 0x5AEC, 1, 0x7B0A, 3, 0x5248, 1,
    0x8C0C, 1, 0x7B0A, 2, 0x7B8D, 2, 0x5248, 1,
    0x7B8D, 2, 0x8C0C, 1, 0xA489, 1, 0x7B8D, 1,
    0x20E4, 2, 0x8C0C, 1, 0xB50D, 2, 0x3A4A, 1,
    0xB50D, 8, 0x5AEC, 1, 0xA489, 1, 0xB50D, 2,
    0x7062, 1, 0x6000, 1, 0xB50D, 1, 0xA489, 2,
    0x5AEC, 1, 0xB50D, 2, 0x1882, 1, 0x91A7, 2,
    0x50A3, 1, 0x3187, 1, 0x41C9, 3, 0x5248, 3,
    0x5AEC, 2, 0x636E, 2, 0x5C32, 1, 0x636E, 1,
    0x5AEC, 1, 0x8CB2, 9, 0xD5ED, 1, 0xF6CE, 2,
    0xA489, 1, 0x5C32, 1, 0xD5ED, 3, 0x5C32, 1,
    0xF6CE, 1, 0xA489, 2, 0x5C32, 1, 0x41C9, 1,
    0x3187, 1, 0x1926, 1, 0xA489, 1, 0xF6CE, 1,
    0xD5ED, 2, 0x18E4, 1, 0x3187, 1, 0x20E4, 1,
    0x62EA, 1, 0x3800, 1, 0x1882, 5, 0x6000, 1,
    0x7B0A, 1, 0x2925, 2, 0x3187, 1, 0x18C5, 13,
    0x636E, 1, 0x5AEC, 3, 0x5000, 1, 0x7145, 1,
    0x2000, 1, 0x6000, 1, 0x5000, 1, 0x62EA, 1,
    0x41C9, 1, 0x3A4A, 2, 0x8C0C, 1, 0x7B0A, 4,
    0x7B8D, 1, 0x5248, 1, 0xA489, 3, 0x7B8D, 1,
    0x5248, 1, 0x50A3, 1, 0x20E4, 2, 0x7B0A, 1,
    0x8C0C, 1, 0x41C9, 2, 0x8C0C, 1, 0x7B0A, 1,
    0x2925, 2, 0x8C0C, 2, 0xA489, 1, 0x8C0C, 1,
    0x5248, 1, 0xA489, 1, 0xB50D, 1, 0x6000, 1,
    0x5248, 1, 0xA489, 2, 0xB50D, 1, 0x5AEC, 1,
    0x636E, 1, 0x8800, 1, 0x2000, 2, 0x91A7, 1,
    0x4841, 2, 0x3000, 1, 0x3187, 1, 0x41C9, 1,
    0x5AEC, 5, 0x636E, 1, 0x5AEC, 1, 0x636E, 3,
    0x8CB2, 10, 0xF6CE, 3, 0xB50D, 1, 0x8CB2, 1,
    0xD5ED, 3, 0xA489, 1, 0x3187, 1, 0xD5ED, 1,
    0x7B0A, 1, 0xD5ED, 1, 0x5C32, 1, 0x20E4, 3,
    0xA489, 1, 0xD5ED, 3, 0x18E4, 1, 0x3187, 1,
    0x20E4, 1, 0x5248, 1, 0x3800, 1, 0x1882, 6,
    0x2925, 3, 0x1926, 1, 0x18C5, 12, 0x5AEC, 4,
    0x5000, 1, 0x7145, 1, 0x2000, 1, 0x5000, 2,
    0x5248, 2, 0x3A4A, 1, 0x3187, 1, 0x8C0C, 1,
    0x41C9, 2, 0x4800, 1, 0x4841, 2, 0x7B0A, 1,
    0xA489, 1, 0x7B8D, 3, 0xA489, 1, 0x5248, 1,
    0x8C0C, 3, 0x5248, 1, 0x20E4, 2, 0x5248, 3,
    0x7B0A, 1, 0x8C0C, 1, 0x5248, 2, 0x8C0C, 1,
    0x50A3, 1, 0x3800, 2, 0xA489, 4, 0x5AEC, 2,
    0x41C9, 1, 0x7000, 1, 0x2000, 1, 0x7145, 1,
    0x5000, 1, 0x50A3, 2, 0x3000, 2, 0x5AEC, 6,
    0x636E, 1, 0x5AEC, 1, 0x636E, 1, 0x5AEC, 1,
    0x636E, 1, 0x8CB2, 2, 0x636E, 1, 0x8CB2, 6,
    0x636E, 2, 0x8CB2, 1, 0xF6CE, 1, 0xD5ED, 1,
    0xF6CE, 1, 0xD5ED, 4, 0xA489, 1, 0x3187, 1,
    0xD5ED, 1, 0xA001, 1, 0xA489, 1, 0x41C9, 1,
    0x20E4, 1, 0xF6CE, 3, 0xD5ED, 1, 0xA489, 2,
    0x2925, 1, 0x3187, 1, 0x20E4, 1, 0x4947, 1,
    0x1882, 1, 0x20E4, 1, 0x6000, 1, 0x1882, 4,
    0x4947, 1, 0x2925, 1, 0x3187, 1, 0x2925, 1,
    0x18C5, 11, 0x3187, 1, 0x91A7, 1, 0x5AEC, 1,
    0x7145, 1, 0x91A7, 1, 0x7145, 1, 0x2000, 1,
    0x6000, 2, 0x50A3, 1, 0x5248, 1, 0x50A3, 1,
    0x20E4, 1, 0x7B0A, 1, 0x8C0C, 2, 0x4800, 4,
    0x3800, 1, 0x4800, 1, 0x4947, 2, 0x7B8D, 1,
    0xA489, 1, 0x8C0C, 2, 0x5248, 1, 0x8C0C, 3,
    0x5248, 2, 0x4841, 3, 0x7B0A, 2, 0xA489, 1,
    0x4800, 1, 0x41C9, 2, 0xA489, 1, 0x4947, 1,
    0xA489, 4, 0x5248, 1, 0x7000, 1, 0x2000, 1,
    0x7145, 1, 0x50A3, 4, 0x3A4A, 2, 0x5AEC, 4,
    0x5248, 1, 0x636E, 1, 0x62EA, 1, 0x5AEC, 1,
    0x7145, 1, 0x5AEC, 1, 0x636E, 1, 0x5AEC, 1,
    0x636E, 1, 0x8CB2, 6, 0x91A7, 1, 0x636E, 1,
    0xB50D, 1, 0xF6CE, 2, 0xB50D, 1, 0xF6CE, 1,
    0xD5ED, 2, 0x41C9, 1, 0x3187, 1, 0xA489, 2,
    0x8C0C, 1, 0xA001, 2, 0x41C9, 1, 0xF6CE, 2,
    0xA489, 4, 0x18E4, 1, 0x2925, 1, 0x3187, 1,
    0x2925, 1, 0xA489, 1, 0x7000, 1, 0x20E4, 1,
    0x1882, 5, 0x62EA, 1, 0x20E4, 1, 0x3187, 1,
    0x18C5, 11, 0x7062, 1, 0x91A7, 2, 0x8000, 2,
    0x7145, 1, 0x3000, 2, 0x6000, 2, 0x5248, 1,
    0x7145, 2, 0x20E4, 1, 0x8C0C, 3, 0x41C9, 1,
    0x50A3, 1, 0x4947, 1, 0x4800, 7, 0x7B0A, 1,
    0xA489, 5, 0x7B0A, 1, 0xA489, 2, 0x7B0A, 1,
    0x4947, 4, 0xA489, 3, 0x4800, 1, 0x5248, 1,
    0xA489, 3, 0x3A4A, 1, 0x7000, 1, 0x2000, 1,
    0x7145, 1, 0x4841, 2, 0x50A3, 1, 0x41C9, 3,
    0x5AEC, 4, 0xB50D, 1, 0x636E, 1, 0x5248, 1,
    0x2925, 2, 0x7145, 1, 0x3187, 1, 0x5AEC, 2,
    0x8C0C, 2, 0x636E, 1, 0x8CB2, 1, 0x636E, 1,
    0x8CB2, 2, 0x3187, 2, 0xF6CE, 3, 0xB50D, 1,
    0xA489, 1, 0x5C32, 1, 0x3187, 1, 0x41C9, 1,
    0x20E4, 1, 0xF6CE, 1, 0xA489, 1, 0x41C9, 1,
    0xA001, 2, 0x7B8D, 1, 0x3187, 1, 0xA489, 2,
    0x3187, 1, 0x2925, 1, 0xA489, 1, 0x1882, 1,
    0x2925, 3, 0xA489, 1, 0x1882, 7, 0x62EA, 1,
    0x20E4, 1, 0x3187, 1, 0x18C5, 10, 0x7062, 1,
    0x3187, 1, 0x8000, 2, 0x7145, 1, 0x4841, 1,
    0x7145, 1, 0x2000, 2, 0x6000, 1, 0x7145, 1,
    0x5248, 2, 0x50A3, 1, 0x1882, 2, 0x8C0C, 2,
    0x50A3, 2, 0x4841, 1, 0x7B0A, 1, 0x4947, 1,
    0x4800, 6, 0x3000, 1, 0x3187, 2, 0x7B0A, 2,
    0xA489, 3, 0x7B0A, 1, 0xA489, 3, 0x7000, 1,
    0x5AEC, 2, 0xA489, 2, 0xB50D, 1, 0x8C0C, 2,
    0x5AEC, 1, 0x6000, 1, 0x2000, 1, 0x7145, 1,
    0x50A3, 4, 0x41C9, 2, 0x3A4A, 2, 0x7B0A, 2,
    0xB50D, 2, 0x2925, 1, 0x50A3, 1, 0x7062, 1,
    0x7145, 1, 0x7062, 2, 0x5AEC, 1, 0x3187, 1,
    0x8C0C, 1, 0x3187, 2, 0x91A7, 1, 0x636E, 2,
    0x8CB2, 1, 0x2925, 1, 0xA489, 1, 0xF6CE, 3,
    0xB50D, 1, 0xA489, 1, 0x5C32, 1, 0x20E4, 2,
    0xF6CE, 2, 0xA489, 1, 0x41C9, 1, 0xA001, 1,
    0x7062, 2, 0x91A7, 1, 0x3187, 2, 0x7062, 1,
    0x2925, 1, 0x7B0A, 1, 0x1882, 1, 0x2925, 1,
    0x3187, 1, 0x2925, 1, 0x4947, 1, 0x3800, 1,
    0x1882, 6, 0x2925, 1, 0x20E4, 1, 0x3187, 1,
    0x18C5, 10, 0x6000, 2, 0x7000, 1, 0x7145, 1,
    0x7062, 1, 0x4841, 2, 0x4800, 2, 0x5000, 1,
    0x41C9, 1, 0x5248, 1, 0x7145, 1, 0x50A3, 2,
    0x1882, 1, 0x3A4A, 1, 0x8C0C, 2, 0x41C9, 1,
    0x4800, 1, 0x4947, 4, 0x4800, 10, 0x4841, 1,
    0x5248, 1, 0x4947, 1, 0xA489, 1, 0x5248, 1,
    0x4841, 1, 0xA489, 3, 0x1882, 1, 0x3A4A, 1,
    0x8C0C, 2, 0x5AEC, 1, 0x4841, 1, 0x2000, 1,
    0x7145, 1, 0x5000, 1, 0x4841, 2, 0x41C9, 3,
    0x3A4A, 1, 0x5AEC, 3, 0xB50D, 2, 0x2925, 1,
    0x6000, 1, 0x7800, 1, 0x7062, 1, 0x7800, 1,
    0x7062, 1, 0x7800, 1, 0x2925, 1, 0x20E4, 1,
    0x2925, 1, 0x3187, 2, 0x636E, 3, 0x3187, 1,
    0x2925, 1, 0xF6CE, 4, 0xB50D, 1, 0xA001, 1,
    0x41C9, 1, 0xA489, 1, 0xF6CE, 2, 0xA489, 2,
    0x2925, 1, 0x91A7, 1, 0x7062, 5, 0x2925, 2,
    0x7B0A, 1, 0x18E4, 1, 0x2925, 1, 0x3187, 1,
    0x20E4, 1, 0x5248, 1, 0x3800, 1, 0x1882, 1,
    0x0862, 1, 0x1882, 3, 0x4947, 1, 0x2925, 1,
    0x3187, 1, 0x50A3, 1, 0x18C5, 10, 0x6000, 1,
    0x7000, 2, 0x7062, 2, 0x4841, 2, 0x50A3, 1,
    0x4800, 2, 0x4841, 1, 0x41C9, 1, 0x50A3, 1,
    0x4841, 3, 0x4800, 1, 0x3A4A, 1, 0x7B0A, 1,
    0x8C0C, 1, 0x4841, 2, 0x50A3, 1, 0x4800, 1,
    0x3000, 2, 0x4841, 1, 0x50A3, 1, 0x4841, 2,
    0x4800, 1, 0x4841, 3, 0x50A3, 1, 0x3000, 3,
    0xA489, 2, 0x3A4A, 1, 0x20E4, 2, 0x7000, 1,
    0x20E4, 1, 0x5AEC, 3, 0x6000, 1, 0x2000, 1,
    0x7145, 1, 0x5000, 1, 0x4841, 1, 0x50A3, 3,
    0x41C9, 1, 0x5248, 2, 0x5AEC, 2, 0xB50D, 3,
    0x3187, 1, 0x18C5, 4, 0x6000, 1, 0x7800, 1,
    0x5000, 1, 0x2925, 2, 0x3187, 2, 0x41C9, 1,
    0x636E, 2, 0x2925, 1, 0xA489, 1, 0xF6CE, 4,
    0x41C9, 1, 0x7062, 1, 0x636E, 1, 0xA489, 3,
    0x41C9, 1, 0x7B0A, 1, 0x2925, 1, 0x7062, 3,
    0x2925, 3, 0x1882, 1, 0x0862, 1, 0x2925, 3,
    0x3187, 1, 0x20E4, 1, 0x62EA, 1, 0x1882, 3,
    0x0862, 1, 0x1882, 1, 0x3800, 1, 0x2925, 2,
    0x7145, 1, 0x91A7, 1, 0x18C5, 9, 0x7000, 1,
    0x6000, 1, 0x7000, 1, 0x8C0C, 1, 0x5248, 1,
    0x50A3, 2, 0x4841, 1, 0x41C9, 1, 0x2000, 1,
    0x4800, 1, 0x50A3, 1, 0x41C9, 2, 0x50A3, 1,
    0x4841, 3, 0x1882, 1, 0x3187, 2, 0x5248, 1,
    0x7B0A, 1, 0x5248, 1, 0x2925, 2, 0x1882, 1,
    0x5AEC, 1, 0x8C0C, 2, 0x50A3, 1, 0x20E4, 1,
    0x3187, 2, 0x7B0A, 1, 0x8C0C, 3, 0xA489, 1,
    0x3A4A, 1, 0x1882, 1, 0x7000, 4, 0x7145, 2,
    0x7062, 1, 0x6000, 1, 0x2000, 1, 0x7145, 1,
    0x5000, 1, 0x4841, 2, 0x50A3, 3, 0x41C9, 3,
    0x5248, 1, 0x7B0A, 1, 0xB50D, 1, 0x2925, 1,
    0x7145, 1, 0x0862, 3, 0x2925, 1, 0x3187, 1,
    0x18C5, 3, 0x7000, 1, 0x5AEC, 1, 0x5C32, 1,
    0x3187, 1, 0x41C9, 1, 0x8CB2, 1, 0x636E, 1,
    0xA489, 1, 0xF6CE, 4, 0xD5ED, 1, 0x3187, 1,
    0x7062, 1, 0x91A7, 1, 0x3187, 3, 0x41C9, 1,
    0x7B0A, 1, 0x3187, 1, 0x2925, 1, 0x5248, 1,
    0x0862, 1, 0x1882, 2, 0x3800, 1, 0x4947, 2,
    0x1926, 1, 0x2925, 2, 0x3187, 1, 0x20E4, 1,
    0x2925, 1, 0x4947, 1, 0x1882, 4, 0x2925, 2,
    0x1882, 1, 0x7145, 1, 0x18C5, 10, 0x7000, 1,
    0x6000, 1, 0x8C0C, 2, 0x2925, 1, 0x3187, 1,
    0x50A3, 1, 0x4841, 2, 0x4947, 1, 0x2000, 1,
    0x5000, 1, 0x50A3, 1, 0x4841, 1, 0x50A3, 2,
    0x4841, 3, 0x4800, 1, 0x1882, 2, 0x3187, 3,
    0x7B0A, 2, 0x62EA, 2, 0x5248, 1, 0x3187, 2,
    0x62EA, 2, 0x5248, 1, 0x18E4, 1, 0x20E4, 1,
    0x1882, 1, 0x6000, 2, 0x7000, 3, 0x7062, 3,
    0x6000, 1, 0x2000, 1, 0x7145, 2, 0x5000, 1,
    0x50A3, 7, 0x41C9, 2, 0x3A4A, 1, 0x5AEC, 2,
    0x7145, 1, 0x7062, 1, 0x0862, 3, 0x8CB2, 1,
    0x50A3, 1, 0x3187, 1, 0x91A7, 1, 0x18C5, 1,
    0x7000, 1, 0x5AEC, 1, 0x3187, 1, 0x2925, 1,
    0x636E, 1, 0x3187, 1, 0x4841, 1, 0xA489, 1,
    0xF6CE, 4, 0xD5ED, 1, 0x2925, 1, 0x7062, 2,
    0x91A7, 1, 0x3187, 1, 0x7062, 1, 0x7145, 1,
    0x4947, 1, 0x20E4, 1, 0x0862, 2, 0x4947, 2,
    0x3800, 1, 0x4947, 3, 0x18E4, 3, 0x3187, 1,
    0x20E4, 1, 0x2925, 1, 0x62EA, 1, 0x1882, 2,
    0x3800, 1, 0x1882, 1, 0x62EA, 1, 0x20E4, 1,
    0x2925, 1, 0x3187, 1, 0x18C5, 10, 0x7000, 1,
    0x7145, 1, 0xA489, 3, 0x20E4, 1, 0x4841, 2,
    0x4800, 1, 0x4947, 1, 0x0862, 1, 0x2000, 1,
    0x4800, 4, 0x4841, 5, 0x4800, 2, 0x3800, 1,
    0x4800, 3, 0x0862, 3, 0x2000, 1, 0x3800, 1,
    0x4800, 2, 0x0862, 1, 0x3800, 1, 0x4841, 3,
    0x50A3, 2, 0x41C9, 1, 0x4841, 1, 0x4800, 3,
    0x3000, 1, 0x50A3, 1, 0x4841, 1, 0x91A7, 1,
    0x7062, 1, 0x6000, 1, 0x50A3, 6, 0x20E4, 2,
    0x5AEC, 1, 0x3187, 1, 0x7062, 1, 0x6000, 1,
    0x0862, 3, 0x50A3, 1, 0x91A7, 1, 0x3187, 1,
    0x50A3, 1, 0x7062, 1, 0x91A7, 1, 0x1882, 1,
    0x5AEC, 1, 0x3187, 1, 0x636E, 1, 0x41C9, 1,
    0x3187, 1, 0x1882, 1, 0xF6CE, 5, 0xD5ED, 1,
    0x20E4, 1, 0x7062, 4, 0x5248, 1, 0x0862, 1,
    0x4947, 1, 0x4800, 1, 0x4947, 7, 0x18E4, 3,
    0x1926, 1, 0x2925, 4, 0x4947, 2, 0x1882, 1,
    0x5248, 1, 0x2925, 1, 0x20E4, 1, 0x7145, 1,
    0x3187, 1, 0x18C5, 10, 0x7000, 1, 0x91A7, 1,
    0xA489, 1, 0x8C0C, 2, 0x3187, 1, 0x20E4, 1,
    0x4841, 2, 0x41C9, 2, 0x4947, 1, 0x0862, 1,
    0x4800, 3, 0x5000, 1, 0x4841, 6, 0x5000, 2,
    0x4800, 10, 0x4841, 1, 0x5000, 1, 0x50A3, 2,
    0x41C9, 2, 0x50A3, 1, 0x4800, 2, 0x50A3, 1,
    0x4841, 3, 0x7062, 2, 0x91A7, 1, 0x8800, 1,
    0x8000, 4, 0x50A3, 2, 0x20E4, 1, 0x3187, 2,
    0x7800, 1, 0x7062, 1, 0x0862, 3, 0x50A3, 2,
    0x20E4, 1, 0x2925, 1, 0x20E4, 1, 0x3187, 1,
    0x7145, 1, 0x2925, 1, 0x5AEC, 1, 0x3187, 3,
    0x1882, 1, 0xA489, 1, 0xF6CE, 2, 0xD5ED, 1,
    0xF6CE, 1, 0xD5ED, 2, 0x20E4, 1, 0x91A7, 1,
    0x7062, 1, 0x5248, 2, 0x0862, 2, 0x4800, 1,
    0x4947, 6, 0x636E, 2, 0x18E4, 4, 0x2925, 1,
    0x7145, 1, 0x1882, 2, 0x62EA, 1, 0x2925, 1,
    0x5248, 1, 0x2925, 1, 0x1882, 1, 0x3187, 1,
    0x91A7, 1, 0x2925, 1, 0x18C5, 10, 0x7000, 1,
    0x5AEC, 1, 0x5248, 1, 0xA489, 2, 0x3A4A, 1,
    0x20E4, 1, 0x50A3, 1, 0x4841, 4, 0x50A3, 1,
    0x0862, 2, 0x3800, 2, 0x4841, 1, 0x5000, 1,
    0x4841, 4, 0x5000, 2, 0x4841, 1, 0x4800, 10,
    0x50A3, 1, 0x4841, 1, 0x50A3, 1, 0x5000, 1,
    0x4800, 2, 0x2000, 1, 0x41C9, 1, 0x4841, 2,
    0x50A3, 1, 0x7062, 1, 0x91A7, 1, 0x7062, 2,
    0x8800, 4, 0x8000, 3, 0x91A7, 1, 0x8000, 1,
    0x7062, 1, 0x7800, 1, 0x0862, 3, 0x7145, 1,
    0x3187, 1, 0x2925, 1, 0x20E4, 2, 0x1882, 1,
    0x20E4, 1, 0x2925, 1, 0x91A7, 1, 0x20E4, 1,
    0x3187, 1, 0x2925, 1, 0x6000, 1, 0x3800, 1,
    0xA489, 1, 0xF6CE, 2, 0xA489, 2, 0xD5ED, 1,
    0xA489, 1, 0x7B0A, 1, 0x2925, 1, 0x5248, 1,
    0x0862, 3, 0x4800, 1, 0x3800, 1, 0x4947, 5,
    0x432E, 2, 0x0000, 2, 0x18E4, 1, 0x1926, 1,
    0x18E4, 1, 0x3187, 1, 0x91A7, 1, 0x20E4, 1,
    0x1882, 1, 0x2925, 3, 0x20E4, 2, 0x7062, 1,
    0x50A3, 1, 0x18C5, 11, 0x4800, 1, 0x1882, 1,
    0x7B0A, 1, 0x636E, 1, 0x3A4A, 3, 0x20E4, 1,
    0x4841, 4, 0x50A3, 1, 0x4841, 1, 0x0862, 5,
    0x3800, 7, 0x4800, 11, 0x0862, 1, 0x2000, 1,
    0x0862, 1, 0x7145, 1, 0x5000, 1, 0x4841, 2,
    0x50A3, 1, 0x41C9, 1, 0x3187, 1, 0x7B0A, 2,
    0xB50D, 2, 0x8800, 4, 0x8000, 1, 0xA001, 2,
    0x8800, 2, 0x6000, 2, 0x0862, 3, 0x91A7, 1,
    0x2925, 1, 0x20E4, 1, 0x2925, 3, 0x20E4, 1,
    0x1882, 1, 0x91A7, 1, 0x20E4, 2, 0x2925, 1,
    0x6000, 1, 0x7B0A, 1, 0xD5ED, 3, 0xA489, 1,
    0x4947, 1, 0xA489, 2, 0x0862, 3, 0x3800, 1,
    0x4800, 3, 0x3800, 1, 0x4947, 3, 0x2925, 1,
    0x1926, 1, 0x2925, 2, 0x0000, 2, 0x20E4, 1,
    0x18E4, 1, 0x1926, 2, 0x3187, 2, 0x2925, 1,
    0x1882, 1, 0x20E4, 2, 0x2925, 1, 0x50A3, 1,
    0x91A7, 1, 0x18C5, 12, 0x4800, 1, 0x5AEC, 1,
    0x3A4A, 1, 0x5AEC, 1, 0x3A4A, 3, 0x18E4, 1,
    0x4841, 4, 0x4800, 2, 0x50A3, 2, 0x7145, 6,
    0x0862, 2, 0x0000, 2, 0x0862, 2, 0x3000, 6,
    0x0862, 2, 0x50A3, 1, 0x4947, 1, 0x41C9, 1,
    0x5248, 1, 0x4841, 1, 0x5000, 1, 0x50A3, 2,
    0x20E4, 1, 0x3187, 2, 0xB50D, 4, 0x7062, 1,
    0x8800, 2, 0xA001, 4, 0x8800, 2, 0x7800, 1,
    0x18E4, 2, 0x0862, 1, 0x7062, 1, 0x7145, 1,
    0x20E4, 1, 0x2925, 1, 0x5248, 1, 0x1882, 1,
    0x62EA, 1, 0x2925, 2, 0x3187, 1, 0x1926, 1,
    0x4841, 1, 0x2925, 1, 0x3800, 1, 0xA489, 1,
    0xD5ED, 2, 0xA489, 1, 0x7B0A, 1, 0x3800, 1,
    0xA489, 2, 0x7B0A, 1, 0x4947, 1, 0x3800, 2,
    0x4800, 2, 0x4947, 2, 0x5C32, 5, 0x1926, 2,
    0x18E4, 2, 0x2925, 2, 0x1926, 2, 0x3187, 1,
    0x50A3, 1, 0x7062, 1, 0x20E4, 1, 0x2925, 1,
    0x20E4, 1, 0x3187, 1, 0x50A3, 1, 0x18C5, 13,
    0x4800, 1, 0x6000, 1, 0x1882, 1, 0x3A4A, 1,
    0x5AEC, 2, 0x432E, 1, 0x636E, 1, 0x50A3, 1,
    0x7062, 1, 0x4841, 2, 0x4800, 12, 0x50A3, 6,
    0x0862, 2, 0x0000, 1, 0x7145, 2, 0x50A3, 1,
    0x4841, 4, 0x50A3, 2, 0x20E4, 1, 0x3A4A, 1,
    0x7B0A, 1, 0xB50D, 4, 0xA489, 2, 0x7062, 1,
    0xA001, 6, 0x8800, 1, 0x7800, 2, 0x18E4, 3,
    0x91A7, 1, 0x20E4, 1, 0x1882, 1, 0x4947, 1,
    0x1882, 2, 0x2925, 1, 0x4947, 1, 0x2925, 2,
    0x3187, 1, 0x4841, 1, 0x20E4, 1, 0x7B0A, 1,
    0xA489, 3, 0x4947, 1, 0x3800, 2, 0x7B0A, 3,
    0x3800, 1, 0x4800, 3, 0x3800, 1, 0x4947, 1,
    0x636E, 5, 0x18E4, 1, 0x0000, 1, 0x3187, 1,
    0x0000, 2, 0x18E4, 2, 0x1926, 1, 0x2925, 1,
    0x3187, 1, 0x50A3, 1, 0x7145, 1, 0x3187, 1,
    0x50A3, 3, 0x3187, 1, 0x18C5, 13, 0x4800, 2,
    0x0862, 2, 0x3A4A, 1, 0x432E, 2, 0x5C32, 1,
    0x3A4A, 1, 0x50A3, 1, 0x7000, 2, 0x6000, 4,
    0x4800, 19, 0x4841, 3, 0x50A3, 3, 0x20E4, 1,
    0x3A4A, 1, 0x5AEC, 1, 0xA489, 1, 0xB50D, 4,
    0x2925, 1, 0xB50D, 1, 0x91A7, 1, 0xA001, 6,
    0x8000, 3, 0x18E4, 1, 0x1882, 1, 0x2925, 1,
    0x50A3, 1, 0x20E4, 1, 0x2925, 1, 0x1882, 1,
    0x3800, 1, 0x1882, 1, 0x3800, 1, 0x1882, 1,
    0x2925, 2, 0x3187, 1, 0x4841, 1, 0x2925, 1,
    0xA489, 3, 0x7B0A, 1, 0x3800, 1, 0x4841, 1,
    0x4947, 1, 0x7B0A, 1, 0x4947, 2, 0x4800, 4,
    0x2925, 1, 0x3187, 2, 0x2925, 1, 0x3187, 2,
    0x0000, 1, 0x3187, 1, 0x8CB2, 1, 0x1926, 1,
    0x2925, 1, 0x18E4, 2, 0x20E4, 1, 0x18E4, 2,
    0x20E4, 1, 0x7062, 1, 0x50A3, 1, 0x91A7, 1,
    0x50A3, 1, 0x91A7, 1, 0x3187, 1, 0x18C5, 13,
    0x4800, 2, 0x3000, 1, 0x4800, 2, 0x0862, 1,
    0x18E4, 1, 0x5AEC, 1, 0x636E, 2, 0x4841, 1,
    0x5000, 3, 0x6000, 9, 0x7000, 3, 0x4800, 7,
    0x5000, 2, 0x4841, 2, 0x50A3, 2, 0x18E4, 1,
    0x5AEC, 4, 0x8CB2, 1, 0xB50D, 3, 0x62EA, 1,
    0x2925, 2, 0xB50D, 2, 0xA001, 5, 0x8000, 3,
    0x7800, 1, 0x18E4, 2, 0x3187, 2, 0x1882, 1,
    0x62EA, 1, 0x1882, 5, 0x62EA, 1, 0x20E4, 1,
    0x3187, 1, 0x4841, 1, 0x3000, 1, 0xA489, 2,
    0x4947, 2, 0x4841, 1, 0x3800, 1, 0x4947, 2,
    0x3800, 2, 0x4800, 3, 0x3800, 1, 0x3187, 2,
    0x1926, 1, 0x18E4, 1, 0x20E4, 1, 0x1926, 1,
    0x18C5, 10, 0x18E4, 4, 0x2925, 1, 0x8CB2, 1,
    0x18C5, 14, 0x4800, 2, 0x3000, 1, 0x4800, 4,
    0x0862, 2, 0x1882, 1, 0x4841, 1, 0x5000, 2,
    0x4800, 1, 0x6000, 8, 0x7000, 10, 0x8000, 1,
    0x8800, 3, 0x7062, 2, 0x3187, 1, 0x8CB2, 1,
    0x5C32, 1, 0x8CB2, 4, 0xF6CE, 3, 0x8CB2, 1,
    0x2925, 2, 0x8CB2, 1, 0xA001, 3, 0x8800, 1,
    0x8000, 1, 0x7800, 1, 0x8000, 2, 0x7800, 2,
    0x18E4, 1, 0x1882, 1, 0x2925, 4, 0x1882, 5,
    0x4947, 1, 0x20E4, 1, 0x636E, 1, 0x6000, 1,
    0x4947, 1, 0x7B0A, 2, 0x3800, 2, 0x4800, 1,
    0x3800, 1, 0x4947, 1, 0x3800, 1, 0x4800, 4,
    0x18C5, 3, 0x636E, 1, 0x8CB2, 1, 0x5C32, 2,
    0x3187, 1, 0x0000, 1, 0x18C5, 1, 0x0000, 1,
    0x18C5, 27, 0x4800, 1, 0x3000, 2, 0x4800, 4,
    0x6000, 2, 0x7000, 3, 0x4800, 1, 0x6000, 9,
    0x7000, 9, 0x7800, 4, 0x7062, 1, 0x5AEC, 1,
    0x8CB2, 1, 0x5C32, 1, 0x636E, 2, 0x8CB2, 4,
    0xF6CE, 1, 0x8CB2, 2, 0x41C9, 1, 0x8CB2, 1,
    0x2925, 1, 0xB50D, 1, 0xA001, 1, 0x8800, 1,
    0x8000, 6, 0x7800, 1, 0x1882, 3, 0x2925, 1,
    0x20E4, 1, 0x62EA, 1, 0x3800, 1, 0x0862, 1,
    0x1882, 4, 0x2925, 1, 0x20E4, 1, 0x3187, 1,
    0x2925, 1, 0x7B0A, 1, 0x4947, 1, 0x3800, 2,
    0x1882, 1, 0x4800, 1, 0x3800, 2, 0x4800, 2,
    0x4841, 1, 0x18C5, 9, 0x8CB2, 2, 0x2925, 1,
    0x20E4, 1, 0x18C5, 27, 0x4800, 1, 0x3000, 2,
    0x4800, 4, 0x6000, 3, 0x7000, 3, 0x8000, 5,
    0x6000, 4, 0x7000, 10, 0x7800, 3, 0x7062, 1,
    0x5C32, 2, 0x636E, 2, 0x1926, 1, 0x8CB2, 3,
    0x20E4, 1, 0x8CB2, 1, 0x1926, 2, 0x8CB2, 3,
    0x8800, 1, 0x8000, 4, 0x7800, 2, 0x8000, 3,
    0x1882, 2, 0x18E4, 1, 0x3187, 1, 0x2925, 1,
    0x4947, 1, 0x1882, 6, 0x7B0A, 1, 0x20E4, 1,
    0x636E, 1, 0x4947, 2, 0x0862, 1, 0x3800, 1,
    0x1882, 1, 0x4800, 2, 0x3800, 1, 0x4800, 3,
    0x18C5, 41, 0x3000, 3, 0x4800, 4, 0x6000, 2,
    0x7000, 2, 0x6000, 1, 0x7000, 2, 0x8000, 8,
    0x8800, 6, 0x7000, 8, 0x91A7, 1, 0x1882, 2,
    0x20E4, 1, 0x2925, 1, 0x20E4, 1, 0x2925, 2,
    0x8CB2, 1, 0x1926, 1, 0x8CB2, 2, 0x8800, 1,
    0x8000, 7, 0x7800, 2, 0x8000, 2, 0x7800, 1,
    0x1882, 2, 0x18E4, 1, 0x3187, 1, 0x2925, 2,
    0x1882, 5, 0x6000, 1, 0x2925, 1, 0x20E4, 1,
    0x3187, 1, 0x4947, 1, 0x3800, 1, 0x1882, 1,
    0x0862, 1, 0x1882, 1, 0x4800, 4, 0x18C5, 44,
    0x3000, 3, 0x4800, 3, 0x6000, 1, 0x7000, 6,
    0x8800, 5, 0x8000, 3, 0x8800, 8, 0xA001, 3,
    0x8800, 12, 0x8000, 2, 0x7800, 1, 0x8800, 1,
    0x8000, 6, 0x7800, 4, 0x8000, 1, 0x7800, 1,
    0x18E4, 2, 0x2925, 1, 0x3187, 1, 0x2925, 1,
    0x1882, 2, 0x6000, 1, 0x1882, 4, 0x4947, 1,
    0x20E4, 1, 0x3187, 1, 0x4947, 1, 0x0862, 1,
    0x1882, 3, 0x4800, 3, 0x18C5, 45, 0x3000, 3,
    0x4800, 4, 0x7000, 2, 0x6000, 1, 0x7000, 3,
    0x8000, 1, 0xA001, 3, 0x8800, 1, 0xA001, 1,
    0x8800, 2, 0xA001, 5, 0x8800, 3, 0xA001, 3,
    0x8800, 13, 0x8000, 7, 0x7800, 8, 0x18E4, 2,
    0x2925, 1, 0x3187, 1, 0x2925, 1, 0x1882, 2,
    0x6000, 1, 0x1882, 4, 0x62EA, 1, 0x20E4, 1,
    0x3187, 1, 0x1882, 5, 0x4800, 1, 0x18C5, 48,
    0x3000, 2, 0x5000, 1, 0x4800, 3, 0x7000, 1,
    0x6000, 2, 0x5000, 3, 0x6000, 2, 0x7000, 1,
    0xA001, 1, 0x98C3, 7, 0xA001, 2, 0x8800, 3,
    0xA001, 3, 0x8800, 6, 0x8000, 1, 0x8800, 6,
    0x8000, 7, 0x7800, 8, 0x1882, 2, 0x2925, 2,
    0x7062, 1, 0x1882, 7, 0x62EA, 1, 0x2925, 1,
    0x3187, 1, 0x1882, 3, 0x4800, 1, 0x18C5, 50,
    0x2000, 1, 0x3000, 1, 0x4800, 4, 0x6000, 1,
    0x4800, 2, 0x3000, 1, 0x2000, 2, 0x3000, 1,
    0x6000, 1, 0x7000, 2, 0x8800, 1, 0x7062, 2,
    0x7000, 1, 0x98C3, 2, 0x8800, 1, 0x7800, 1,
    0xA001, 3, 0x8800, 1, 0xA001, 5, 0x8800, 4,
    0x8000, 1, 0x8800, 6, 0x8000, 4, 0x7800, 11,
    0x1882, 2, 0x2925, 3, 0x1882, 7, 0x2925, 1,
    0x3187, 1, 0x1926, 1, 0x1882, 1, 0x4800, 2,
    0x18C5, 51, 0x2000, 1, 0x3000, 2, 0x4800, 1,
    0x5000, 2, 0x8000, 1, 0x8800, 1, 0x0862, 1,
    0x0000, 3, 0x3000, 2, 0x2000, 1, 0x3000, 2,
    0x0862, 1, 0x2000, 3, 0x0862, 1, 0x8800, 1,
    0x7800, 3, 0x7000, 2, 0x8000, 1, 0x7800, 3,
    0x8000, 1, 0x8800, 3, 0x8000, 1, 0x8800, 3,
    0x8000, 1, 0x8800, 4, 0x8000, 2, 0x7800, 11,
    0x18E4, 3, 0x2925, 1, 0x3187, 1, 0x2925, 2,
    0x1882, 1, 0x0862, 1, 0x1882, 3, 0x4947, 1,
    0x2925, 1, 0x7145, 1, 0x3800, 1, 0x4800, 1,
    0x18C5, 54, 0x2000, 1, 0x3000, 1, 0x4800, 2,
    0x5000, 1, 0x8000, 1, 0xA001, 1, 0x98C3, 1,
    0x8000, 1, 0x50A3, 1, 0x7062, 1, 0x0000, 4,
    0x0862, 3, 0x0000, 1, 0x2000, 1, 0x0862, 2,
    0x3000, 2, 0x2000, 1, 0x3000, 5, 0x4800, 1,
    0x6000, 1, 0x8000, 2, 0x8800, 9, 0x8000, 1,
    0x7800, 13, 0x2925, 4, 0x3187, 1, 0x2925, 1,
    0x4947, 1, 0x3800, 1, 0x1882, 1, 0x0862, 1,
    0x1882, 1, 0x3800, 1, 0x2925, 2, 0x91A7, 1,
    0x18C5, 56, 0x0000, 1, 0x3000, 3, 0x4800, 1,
    0x6000, 1, 0xA001, 3, 0x8800, 1, 0xA001, 1,
    0x3187, 1, 0x91A7, 1, 0x636E, 2, 0x8CB2, 3,
    0x0000, 1, 0x0862, 4, 0x0000, 7, 0x2000, 1,
    0x1882, 1, 0x6000, 2, 0xA001, 1, 0x8800, 8,
    0x8000, 1, 0x7800, 10, 0x7000, 1, 0x6000, 2,
    0x1926, 3, 0x2925, 1, 0x3187, 1, 0x2925, 1,
    0x62EA, 1, 0x1882, 4, 0x2925, 2, 0x1882, 1,
    0x91A7, 1, 0x18C5, 57, 0x0000, 1, 0x2000, 2,
    0x4800, 2, 0x8000, 3, 0x6000, 1, 0x7000, 1,
    0x98C3, 2, 0x91A7, 1, 0x8C0C, 1, 0x8CB2, 2,
    0xD5ED, 1, 0x8CB2, 5, 0x636E, 1, 0x7B8D, 2,
    0x91A7, 1, 0x41C9, 1, 0x98C3, 1, 0x7062, 1,
    0xA001, 1, 0x98C3, 3, 0xA001, 2, 0x8800, 7,
    0x8000, 1, 0x7800, 8, 0x7000, 1, 0x6000, 3,
    0x18E4, 5, 0x3187, 1, 0x20E4, 1, 0x2925, 2,
    0x1882, 1, 0x3800, 1, 0x1882, 1, 0x62EA, 1,
    0x20E4, 1, 0x7145, 1, 0x2925, 1, 0x18C5, 58,
    0x0000, 1, 0x2000, 2, 0x3000, 1, 0x6000, 4,
    0x7000, 2, 0x7800, 2, 0x8000, 3, 0xF6CE, 1,
    0x8CB2, 1, 0xF6CE, 3, 0x8CB2, 2, 0xB50D, 1,
    0x91A7, 1, 0x98C3, 2, 0xA001, 5, 0x98C3, 1,
    0xA001, 2, 0x8800, 4, 0x8000, 4, 0x7800, 6,
    0x7000, 2, 0x6000, 1, 0x4800, 2, 0x3800, 1,
    0x18E4, 5, 0x2925, 1, 0x20E4, 1, 0x1882, 1,
    0x2925, 1, 0x4947, 1, 0x5248, 2, 0x1882, 1,
    0x20E4, 1, 0x91A7, 1, 0x1882, 1, 0x18C5, 60,
    0x2000, 2, 0x3800, 2, 0x4800, 2, 0x6000, 3,
    0x7000, 1, 0x6000, 2, 0x5000, 1, 0x8800, 3,
    0xA001, 2, 0x8800, 3, 0x8000, 2, 0x8800, 3,
    0xA001, 6, 0x8800, 2, 0x8000, 3, 0x7800, 3,
    0x7000, 4, 0x6000, 4, 0x4800, 2, 0x2000, 1,
    0x18E4, 2, 0x1926, 1, 0x18E4, 3, 0x2925, 1,
    0x3187, 1, 0x20E4, 1, 0x1882, 1, 0x2925, 3,
    0x20E4, 1, 0x3187, 1, 0x50A3, 1, 0x18C5, 63,
    0x2000, 1, 0x3000, 3, 0x4800, 6, 0x3800, 1,
    0x5000, 1, 0x4800, 1, 0x6000, 1, 0x5000, 1,
    0x6000, 3, 0x7000, 1, 0x7800, 2, 0x8000, 1,
    0x8800, 3, 0xA001, 6, 0x8800, 1, 0x8000, 2,
    0x6000, 4, 0x7000, 1, 0x6000, 1, 0x4800, 4,
    0x3800, 1, 0x3000, 2, 0x2000, 2, 0x18E4, 2,
    0x1926, 1, 0x18E4, 1, 0x1926, 2, 0x3187, 1,
    0x50A3, 1, 0x20E4, 2, 0x2925, 1, 0x20E4, 2,
    0x50A3, 1, 0x7062, 1, 0x18C5, 68, 0x3000, 6,
    0x3800, 1, 0x3000, 1, 0x2000, 2, 0x3000, 2,
    0x3800, 1, 0x4800, 1, 0x5000, 3, 0x8000, 10,
    0x7800, 3, 0x6000, 1, 0x4800, 3, 0x6000, 2,
    0x4800, 1, 0x2000, 7, 0x3800, 1, 0x18E4, 3,
    0x2925, 1, 0x18E4, 2, 0x2925, 1, 0x91A7, 1,
    0x2925, 2, 0x20E4, 2, 0x2925, 1, 0x50A3, 1,
    0x18C5, 74, 0x2000, 1, 0x3000, 1, 0x2000, 5,
    0x3000, 4, 0x5000, 1, 0x6000, 1, 0x5000, 1,
    0x6000, 1, 0x5000, 1, 0x6000, 6, 0x4800, 6,
    0x3000, 3, 0x2000, 2, 0x3000, 2, 0x3800, 2,
    0x18E4, 2, 0x20E4, 1, 0x18E4, 3, 0x1926, 1,
    0x18E4, 1, 0x1926, 1, 0x18E4, 1, 0x7062, 1,
    0x7145, 1, 0x3187, 1, 0x50A3, 3, 0x3187, 1,
    0x18C5, 84, 0x3000, 2, 0x3800, 7, 0x3000, 1,
    0x3800, 2, 0x3000, 2, 0x2000, 4, 0x4800, 1,
    0x18C5, 10, 0x18E4, 7, 0x20E4, 1, 0x2925, 1,
    0x7145, 1, 0x50A3, 2, 0x91A7, 1, 0x3187, 1,
    0x18C5, 121, 0x18E4, 4, 0x2925, 1, 0x8CB2, 1,
    0x18C5, 2999, 0x18C5, 2510, 0x91A7, 5, 0x18C5, 122,
    0x7062, 1, 0x91A7, 8, 0x7062, 1, 0x18C5, 118,
    0x7062, 3, 0x91A7, 9, 0x18C5, 115, 0x8000, 1,
    0x7062, 10, 0x91A7, 5, 0x18C5, 112, 0x8000, 9,
    0x7062, 2, 0x91A7, 10, 0x636E, 2, 0x91A7, 2,
    0x7062, 1, 0x18C5, 16, 0x91A7, 7, 0x18C5, 79,
    0x8000, 11, 0x7062, 6, 0x91A7, 5, 0x636E, 1,
    0x91A7, 2, 0x7062, 1, 0x91A7, 2, 0x636E, 3,
    0x91A7, 1, 0x636E, 4, 0x18C5, 1, 0x91A7, 13,
    0x18C5, 77, 0x8000, 2, 0x7000, 1, 0x8000, 14,
    0x7062, 5, 0x91A7, 26, 0x7062, 4, 0x18C5, 76,
    0x7000, 1, 0x6000, 1, 0x5000, 2, 0x6000, 6,
    0x7000, 1, 0x8000, 12, 0x7062, 9, 0x91A7, 3,
    0x7062, 17, 0x18C5, 75, 0x6000, 2, 0x4800, 1,
    0x3800, 2, 0x5000, 6, 0x6000, 1, 0x7800, 3,
    0x8000, 19, 0x7062, 2, 0x8000, 17, 0x18C5, 75,
    0x4800, 2, 0x3000, 3, 0x6000, 3, 0x3000, 3,
    0x4800, 1, 0x5000, 3, 0x7800, 6, 0x7000, 3,
    0x8000, 29, 0x18C5, 75, 0x3800, 1, 0x3000, 1,
    0x6000, 1, 0x50A3, 1, 0x6000, 7, 0x2000, 1,
    0x3000, 4, 0x5000, 5, 0x6000, 4, 0x8000, 5,
    0x7000, 3, 0x7800, 2, 0x8000, 8, 0x7000, 1,
    0x8000, 9, 0x18C5, 74, 0x50A3, 6, 0x6000, 1,
    0x50A3, 1, 0x6000, 6, 0x2000, 3, 0x3000, 8,
    0x4800, 2, 0x6000, 6, 0x5000, 3, 0x7800, 7,
    0x6000, 1, 0x5000, 2, 0x6000, 5, 0x7000, 1,
    0x8000, 2, 0x18C5, 72, 0x7145, 2, 0x7062, 4,
    0x6000, 10, 0x7000, 2, 0x7800, 1, 0x7062, 1,
    0x7145, 2, 0x2000, 5, 0x3000, 2, 0x4800, 4,
    0x3000, 6, 0x5000, 6, 0x4800, 1, 0x3000, 2,
    0x5000, 6, 0x6000, 1, 0x7800, 1, 0x5000, 1,
    0x18C5, 68, 0x7145, 9, 0x7062, 1, 0x6000, 7,
    0x7000, 3, 0x7800, 1, 0x7062, 4, 0x7145, 6,
    0x7062, 2, 0x91A7, 1, 0x5AEC, 1, 0x2000, 7,
    0x3000, 6, 0x2000, 2, 0x8800, 1, 0x8000, 2,
    0x4800, 1, 0x3000, 3, 0x4800, 1, 0x6000, 1,
    0x5000, 1, 0x18C5, 65, 0x5248, 3, 0x7145, 1,
    0x5AEC, 1, 0x5248, 4, 0x7145, 2, 0x7062, 2,
    0x50A3, 1, 0x6000, 4, 0x7000, 5, 0x7800, 2,
    0x7062, 6, 0x7800, 2, 0x7062, 5, 0x7145, 3,
    0x7062, 1, 0x91A7, 1, 0x7062, 2, 0x7800, 3,
    0x8000, 1, 0x8800, 2, 0x8000, 2, 0x8800, 2,
    0x4800, 3, 0x3000, 3, 0x4800, 2, 0x18C5, 63,
    0x7145, 1, 0x5248, 3, 0x5AEC, 6, 0x5248, 3,
    0x7145, 1, 0x6000, 4, 0x7000, 6, 0x7800, 14,
    0x7062, 6, 0x8000, 1, 0x7800, 3, 0x8000, 5,
    0x7062, 1, 0x98C3, 2, 0x4841, 2, 0x4800, 1,
    0x3000, 2, 0x2000, 1, 0x3000, 2, 0x6000, 1,
    0x18C5, 60, 0x8000, 1, 0x8C0C, 1, 0x8000, 8,
    0x91A7, 2, 0x2925, 2, 0x432E, 1, 0x3187, 1,
    0x8000, 1, 0x7800, 3, 0x432E, 3, 0x7000, 5,
    0x7800, 14, 0x8000, 3, 0x7800, 5, 0x8000, 3,
    0x8800, 2, 0x7062, 1, 0x91A7, 2, 0x4841, 3,
    0x3800, 2, 0x20E4, 2, 0x2000, 1, 0x3000, 1,
    0x18C5, 56, 0x7800, 8, 0x3000, 2, 0x7000, 1,
    0x6000, 7, 0x4800, 5, 0x7800, 2, 0x91A7, 1,
    0x7800, 2, 0x432E, 2, 0x636E, 3, 0x5C32, 2,
    0x7000, 6, 0x7800, 4, 0x8000, 2, 0x7800, 5,
    0x7000, 1, 0x7800, 1, 0x8000, 1, 0x8800, 1,
    0x91A7, 2, 0x5AEC, 4, 0x50A3, 2, 0x4841, 1,
    0x3800, 2, 0x20E4, 2, 0x5248, 1, 0x4947, 1,
    0x3000, 1, 0x18C5, 53, 0x7800, 1, 0x8000, 7,
    0x1882, 1, 0x7B8D, 3, 0x636E, 2, 0x5AEC, 1,
    0x636E, 2, 0xB50D, 1, 0xA489, 1, 0x5AEC, 2,
    0x20E4, 2, 0x2925, 1, 0x6000, 1, 0x5000, 2,
    0x4800, 1, 0x3800, 3, 0x7000, 3, 0x2925, 1,
    0x5AEC, 1, 0x636E, 1, 0x5C32, 2, 0x636E, 3,
    0x5C32, 1, 0x8CB2, 2, 0x7000, 5, 0x7800, 2,
    0x7000, 2, 0x7800, 1, 0x8000, 1, 0x7062, 2,
    0x5AEC, 6, 0x50A3, 3, 0x3800, 2, 0x1882, 2,
    0x2925, 1, 0x5248, 2, 0x4947, 1, 0x3000, 1,
    0x18C5, 50, 0x8000, 1, 0x8800, 6, 0x1926, 1,
    0x20E4, 1, 0x7B8D, 3, 0x91A7, 2, 0x5248, 1,
    0x636E, 2, 0xB50D, 4, 0x636E, 2, 0xA489, 4,
    0x20E4, 1, 0x1882, 1, 0x6000, 2, 0x5000, 2,
    0x4800, 1, 0x3800, 3, 0x7000, 4, 0x7B0A, 1,
    0x7000, 2, 0x6000, 8, 0x7800, 1, 0x7000, 1,
    0x8000, 3, 0x91A7, 2, 0x5AEC, 2, 0x636E, 3,
    0x41C9, 1, 0x50A3, 2, 0x20E4, 4, 0x1882, 1,
    0x20E4, 1, 0x5248, 2, 0x7B0A, 1, 0x5248, 1,
    0x4947, 1, 0x18C5, 48, 0x7800, 2, 0x7062, 1,
    0x7145, 6, 0x2925, 2, 0x5AEC, 1, 0x636E, 3,
    0xA489, 1, 0x41C9, 1, 0x5248, 1, 0x5AEC, 6,
    0x7145, 1, 0xB50D, 1, 0x3A4A, 2, 0x7000, 5,
    0x6000, 5, 0x4800, 2, 0x3800, 2, 0x7000, 4,
    0x636E, 1, 0x6000, 1, 0x636E, 1, 0x6000, 1,
    0x636E, 1, 0x6000, 4, 0x7000, 1, 0x8000, 2,
    0x7062, 1, 0x636E, 6, 0x50A3, 3, 0x4841, 2,
    0x20E4, 3, 0x5248, 3, 0x7B0A, 3, 0x5248, 1,
    0x18C5, 47, 0x8000, 1, 0x7800, 1, 0x7062, 1,
    0x7145, 5, 0x3A4A, 1, 0x636E, 5, 0xB50D, 1,
    0xA489, 2, 0x8C0C, 3, 0xA489, 4, 0x8C0C, 1,
    0x5AEC, 3, 0x7145, 1, 0x7800, 2, 0x7000, 7,
    0x6000, 3, 0x8000, 1, 0x7B8D, 1, 0x7800, 3,
    0x636E, 4, 0x2925, 1, 0x636E, 2, 0x6000, 3,
    0x7800, 1, 0x7062, 2, 0x636E, 6, 0x41C9, 2,
    0x20E4, 2, 0x1882, 1, 0x4841, 1, 0x1882, 1,
    0x20E4, 1, 0x7B0A, 1, 0x5248, 2, 0x7B0A, 4,
    0xA489, 1, 0x18C5, 45, 0x8000, 3, 0x7145, 5,
    0x3A4A, 2, 0x636E, 3, 0x5AEC, 3, 0x636E, 2,
    0x8C0C, 1, 0x5AEC, 3, 0x8C0C, 2, 0xA489, 2,
    0x5AEC, 2, 0x5248, 2, 0x50A3, 2, 0x6000, 1,
    0x7000, 8, 0x7800, 1, 0x91A7, 1, 0x7B0A, 1,
    0x20E4, 1, 0x3800, 1, 0x7800, 1, 0x636E, 1,
    0x3A4A, 2, 0x636E, 1, 0x432E, 1, 0x636E, 1,
    0x432E, 1, 0x3A4A, 1, 0x5AEC, 1, 0x6000, 1,
    0x91A7, 2, 0x636E, 2, 0x8CB2, 2, 0x636E, 2,
    0x41C9, 2, 0x20E4, 4, 0x1882, 3, 0x7B0A, 7,
    0x5248, 1, 0xA489, 1, 0x18C5, 44, 0x8000, 3,
    0x7145, 4, 0x5AEC, 1, 0x3A4A, 2, 0x636E, 3,
    0x5AEC, 1, 0x5248, 2, 0x636E, 1, 0xA489, 1,
    0x8C0C, 1, 0x5AEC, 2, 0x41C9, 1, 0x5AEC, 2,
    0xA489, 2, 0x5AEC, 2, 0x5248, 2, 0x50A3, 3,
    0x6000, 4, 0x7000, 3, 0x8000, 1, 0x91A7, 3,
    0x20E4, 2, 0x5C32, 1, 0x18E4, 1, 0x4841, 1,
    0x3A4A, 1, 0x5C32, 2, 0x8CB2, 1, 0x636E, 2,
    0x432E, 1, 0x20E4, 1, 0x7145, 1, 0x7B8D, 2,
    0x636E, 5, 0x41C9, 2, 0x3187, 2, 0x20E4, 1,
    0x2925, 3, 0x5248, 1, 0x7B0A, 1, 0xA489, 1,
    0x7B0A, 5, 0x5248, 1, 0x7B0A, 1, 0x5248, 1,
    0x18C5, 43, 0x98C3, 1, 0x91A7, 3, 0x5AEC, 1,
    0x7B0A, 3, 0x1882, 1, 0x636E, 4, 0x5AEC, 4,
    0xA489, 1, 0x8C0C, 5, 0xA489, 1, 0x8C0C, 2,
    0x5248, 1, 0x5AEC, 1, 0x5248, 1, 0x50A3, 5,
    0x6000, 5, 0x8800, 2, 0x91A7, 2, 0x20E4, 2,
    0x8CB2, 2, 0x5C32, 1, 0x2925, 1, 0x20E4, 1,
    0x432E, 1, 0x5C32, 4, 0x20E4, 2, 0x636E, 2,
    0x7B8D, 2, 0x636E, 3, 0x3A4A, 2, 0x3187, 1,
    0x50A3, 2, 0x20E4, 1, 0x2925, 2, 0x5248, 1,
    0x8C0C, 2, 0x7B0A, 1, 0xA489, 1, 0x7B0A, 5,
    0xA489, 1, 0x8C0C, 1, 0xB50D, 1, 0x18C5, 42,
    0x8000, 2, 0x91A7, 2, 0x636E, 14, 0x5248, 4,
    0x5AEC, 1, 0x8C0C, 1, 0x5AEC, 4, 0x5248, 3,
    0x50A3, 6, 0x6000, 2, 0x98C3, 1, 0x3187, 2,
    0x18E4, 2, 0x20E4, 1, 0x8CB2, 4, 0x5C32, 1,
    0x432E, 1, 0x2925, 1, 0x432E, 1, 0x636E, 1,
    0x5C32, 1, 0x20E4, 2, 0x636E, 6, 0x5AEC, 1,
    0x3A4A, 1, 0x5248, 1, 0x62EA, 1, 0x3A4A, 1,
    0x3187, 1, 0x20E4, 2, 0x5248, 2, 0x8C0C, 2,
    0xA489, 3, 0x7B0A, 4, 0xA489, 2, 0x7145, 1,
    0xB50D, 1, 0x18C5, 41, 0x0862, 1, 0x1926, 1,
    0x3187, 4, 0x1926, 2, 0x2189, 7, 0x5AEC, 5,
    0x636E, 5, 0x91A7, 1, 0x5AEC, 1, 0x5248, 2,
    0x7145, 1, 0x5248, 1, 0x50A3, 6, 0x6000, 2,
    0x91A7, 1, 0x3187, 2, 0x18E4, 2, 0x8CB2, 7,
    0x5AEC, 1, 0x2925, 1, 0x432E, 1, 0x636E, 1,
    0x20E4, 2, 0x5AEC, 2, 0x636E, 4, 0x5AEC, 1,
    0x3A4A, 2, 0x5248, 1, 0x8C0C, 1, 0x7B0A, 2,
    0x20E4, 2, 0x62EA, 1, 0x8C0C, 1, 0xA489, 5,
    0x7B0A, 3, 0xA489, 2, 0x8C0C, 1, 0x7145, 2,
    0x18C5, 40, 0x2189, 1, 0x3187, 8, 0x41C9, 5,
    0x2189, 3, 0x3187, 1, 0x41C9, 4, 0x2189, 4,
    0x91A7, 1, 0x50A3, 1, 0x5AEC, 7, 0x7145, 3,
    0x6000, 1, 0x8C0C, 1, 0x91A7, 1, 0x18E4, 2,
    0x8CB2, 8, 0x5C32, 1, 0x636E, 1, 0x2925, 2,
    0x3A4A, 1, 0x432E, 1, 0x2925, 1, 0x636E, 6,
    0x3A4A, 2, 0x5248, 2, 0x8C0C, 2, 0x7B0A, 1,
    0x41C9, 1, 0x3187, 1, 0x8C0C, 1, 0xA489, 6,
    0x7B0A, 2, 0xA489, 3, 0x8C0C, 1, 0x7062, 1,
    0xA489, 1, 0x18C5, 40, 0x3187, 2, 0x41C9, 4,
    0x3187, 2, 0x41C9, 22, 0x2189, 1, 0x41C9, 3,
    0x6000, 1, 0x5AEC, 1, 0x7062, 2, 0x91A7, 3,
    0x2925, 1, 0x8CB2, 9, 0x5C32, 2, 0x432E, 1,
    0x20E4, 1, 0x18E4, 1, 0x20E4, 1, 0x636E, 6,
    0x5AEC, 1, 0x3A4A, 3, 0x5248, 1, 0x8C0C, 2,
    0xB50D, 2, 0x62EA, 1, 0xB50D, 1, 0xA489, 6,
    0x7B0A, 1, 0xA489, 3, 0x7B0A, 1, 0x636E, 1,
    0xA489, 2, 0x18C5, 39, 0x3187, 3, 0x41C9, 18,
    0x3A4A, 1, 0x41C9, 1, 0x3A4A, 1, 0x41C9, 10,
    0x2189, 3, 0x0862, 1, 0x0000, 1, 0x91A7, 2,
    0x3187, 1, 0x5C32, 1, 0x8CB2, 5, 0x5C32, 1,
    0x8CB2, 2, 0x5C32, 3, 0x432E, 1, 0x4841, 1,
    0x18E4, 1, 0x91A7, 2, 0x636E, 2, 0x5AEC, 1,
    0x636E, 1, 0x5AEC, 1, 0x5248, 1, 0x3A4A, 2,
    0x5248, 1, 0x8C0C, 2, 0xB50D, 4, 0xA489, 15,
    0x18C5, 39, 0x3187, 3, 0x41C9, 9, 0x62EA, 2,
    0x41C9, 8, 0x3A4A, 1, 0x41C9, 2, 0x2189, 4,
    0x41C9, 8, 0x3A4A, 1, 0x2189, 1, 0x91A7, 1,
    0x8C0C, 1, 0x3187, 1, 0x432E, 1, 0x8CB2, 4,
    0x5C32, 7, 0x636E, 1, 0x5AEC, 1, 0x7062, 1,
    0x62EA, 1, 0x5AEC, 1, 0x636E, 3, 0x5AEC, 3,
    0x3A4A, 2, 0x5248, 1, 0x8C0C, 1, 0xB50D, 6,
    0xA489, 3, 0x7B0A, 1, 0xA489, 5, 0x7B0A, 2,
    0xA489, 1, 0x7B0A, 1, 0xA489, 1, 0x18C5, 38,
    0x3187, 1, 0x41C9, 3, 0x2189, 1, 0x1926, 2,
    0x41C9, 2, 0x62EA, 1, 0x41C9, 1, 0x2189, 6,
    0x41C9, 1, 0x2189, 3, 0x432E, 1, 0x5AEC, 3,
    0x2189, 2, 0x432E, 2, 0x54F5, 2, 0x2189, 3,
    0x41C9, 3, 0x3A4A, 3, 0x91A7, 2, 0x3187, 1,
    0x636E, 1, 0x8CB2, 4, 0x5C32, 8, 0x2925, 1,
    0x7062, 1, 0x91A7, 1, 0x636E, 5, 0x5AEC, 1,
    0x3A4A, 1, 0x5248, 2, 0x8C0C, 1, 0xB50D, 5,
    0xA489, 3, 0xD5ED, 2, 0x18C5, 1, 0xA489, 4,
    0x62EA, 1, 0x5248, 1, 0x7B0A, 1, 0xA489, 2,
    0x91A7, 1, 0x18C5, 37, 0x3187, 2, 0x1926, 3,
    0x2189, 3, 0x432E, 2, 0x2189, 5, 0x5C32, 3,
    0x432E, 1, 0x5C32, 1, 0x432E, 1, 0x62EA, 3,
    0x432E, 1, 0x54F5, 8, 0x432E, 3, 0x2189, 2,
    0x3A4A, 3, 0xA001, 1, 0x8C0C, 1, 0x3187, 1,
    0x636E, 1, 0x8CB2, 3, 0x5C32, 9, 0x5AEC, 1,
    0x41C9, 1, 0x636E, 2, 0x5AEC, 1, 0x636E, 3,
    0x5AEC, 3, 0xB50D, 1, 0xF6CE, 4, 0xD5ED, 6,
    0x18C5, 6, 0x62EA, 1, 0x2925, 1, 0xA489, 2,
    0x91A7, 1, 0x7800, 1, 0x18C5, 37, 0x2189, 1,
    0x432E, 2, 0x2189, 3, 0x432E, 3, 0x2189, 5,
    0x5C32, 5, 0x54F5, 18, 0x432E, 1, 0x2189, 2,
    0x432E, 1, 0x91A7, 1, 0x8C0C, 1, 0x3187, 1,
    0x636E, 1, 0x5C32, 10, 0x432E, 2, 0x636E, 2,
    0x5248, 1, 0x5AEC, 1, 0x636E, 3, 0x5AEC, 3,
    0x8CB2, 1, 0xF6CE, 5, 0xD5ED, 6, 0x18C5, 7,
    0x7000, 1, 0x62EA, 2, 0x7145, 1, 0x8C0C, 1,
    0x18C5, 36, 0x2189, 1, 0x432E, 8, 0x2189, 2,
    0x18E4, 1, 0x0862, 1, 0x2189, 2, 0x432E, 1,
    0x5C32, 4, 0x54F5, 3, 0x2189, 2, 0x432E, 1,
    0x2189, 1, 0x54F5, 3, 0x432E, 1, 0x54F5, 9,
    0x432E, 1, 0x2189, 1, 0x98C3, 1, 0x8C0C, 1,
    0x5AEC, 1, 0x5C32, 10, 0x432E, 2, 0x636E, 1,
    0x5AEC, 2, 0x636E, 4, 0x5AEC, 1, 0x636E, 1,
    0x5AEC, 1, 0x8CB2, 1, 0xF6CE, 4, 0xD5ED, 7,
    0x18C5, 9, 0x3187, 1, 0x8C0C, 1, 0x62EA, 1,
    0x4947, 1, 0x18C5, 36, 0x432E, 9, 0x2189, 1,
    0x0862, 2, 0x0000, 1, 0x1926, 1, 0x2189, 1,
    0x5C32, 5, 0x54F5, 2, 0x2189, 2, 0x18E4, 1,
    0x2189, 3, 0x54F5, 13, 0x432E, 1, 0x2189, 1,
    0x636E, 1, 0x3187, 1, 0x636E, 1, 0x5C32, 5,
    0x8CB2, 2, 0x636E, 2, 0x432E, 1, 0x636E, 1,
    0x62EA, 1, 0x5248, 1, 0x636E, 6, 0x8CB2, 2,
    0xF6CE, 6, 0xD5ED, 5, 0x0862, 2, 0x18C5, 8,
    0x5248, 1, 0x7B0A, 1, 0x62EA, 1, 0x4947, 1,
    0x18C5, 35, 0x432E, 9, 0x2189, 2, 0x0862, 3,
    0x2189, 2, 0x5C32, 4, 0x54F5, 2, 0x2189, 2,
    0x18E4, 1, 0x7062, 1, 0x2925, 1, 0x2189, 2,
    0x54F5, 3, 0x432E, 1, 0x54F5, 10, 0x432E, 1,
    0x91A7, 1, 0x5AEC, 1, 0x3187, 1, 0x5C32, 4,
    0x8CB2, 1, 0x5C32, 3, 0x3187, 1, 0x62EA, 1,
    0x5248, 1, 0x5AEC, 1, 0x636E, 6, 0x8CB2, 2,
    0xF6CE, 6, 0xD5ED, 5, 0x0862, 2, 0x3187, 2,
    0x7145, 1, 0x50A3, 1, 0x18C5, 5, 0x2925, 1,
    0x7B0A, 1, 0x7145, 1, 0x18C5, 35, 0x636E, 1,
    0x432E, 9, 0x2189, 1, 0x5C32, 1, 0x2189, 2,
    0x432E, 1, 0x2189, 1, 0x432E, 1, 0x5C32, 4,
    0x54F5, 2, 0x2189, 2, 0x18E4, 1, 0x0862, 1,
    0x0000, 1, 0x18E4, 1, 0x2189, 1, 0x54F5, 15,
    0x91A7, 1, 0x3187, 1, 0x432E, 1, 0x5C32, 6,
    0x2925, 1, 0x3187, 1, 0x5AEC, 1, 0x5248, 1,
    0x5AEC, 1, 0x636E, 5, 0x8CB2, 4, 0xF6CE, 5,
    0xD5ED, 6, 0x0862, 2, 0x50A3, 1, 0x3187, 2,
    0x91A7, 1, 0x50A3, 2, 0x18C5, 3, 0x3000, 1,
    0x7B0A, 1, 0x4947, 1, 0x18C5, 33, 0x8CB2, 1,
    0x91A7, 1, 0x3A4A, 2, 0x432E, 9, 0x5C32, 2,
    0x2189, 1, 0x432E, 1, 0x5C32, 1, 0x432E, 3,
    0x5C32, 2, 0x54F5, 2, 0x2189, 1, 0x54F5, 1,
    0x432E, 1, 0x2189, 1, 0x432E, 1, 0x2189, 2,
    0x54F5, 15, 0x91A7, 2, 0x3187, 1, 0x5C32, 4,
    0x2925, 2, 0x18E4, 1, 0x5248, 1, 0x41C9, 1,
    0x5AEC, 2, 0x636E, 4, 0x8CB2, 2, 0x636E, 1,
    0x8CB2, 3, 0xF6CE, 5, 0xD5ED, 4, 0x0862, 2,
    0x91A7, 1, 0x3187, 1, 0x2925, 2, 0x7145, 2,
    0x91A7, 1, 0x18C5, 3, 0x3800, 1, 0x4947, 1,
    0x18C5, 33, 0x636E, 1, 0x91A7, 1, 0x7000, 3,
    0x1926, 4, 0x2189, 4, 0x3A4A, 2, 0x2189, 1,
    0x3A4A, 1, 0x432E, 1, 0x5C32, 1, 0x432E, 2,
    0x5C32, 4, 0x54F5, 4, 0x2189, 1, 0x54F5, 3,
    0x432E, 1, 0x54F5, 1, 0x432E, 1, 0x54F5, 12,
    0x7145, 1, 0x2925, 1, 0x3187, 1, 0x636E, 1,
    0x5C32, 1, 0x432E, 1, 0x3187, 1, 0x2925, 1,
    0x5AEC, 1, 0x7145, 1, 0x41C9, 1, 0x636E, 1,
    0x5AEC, 4, 0x8CB2, 5, 0xF6CE, 1, 0x8CB2, 1,
    0xF6CE, 1, 0x8CB2, 1, 0xD5ED, 1, 0xF6CE, 1,
    0xD5ED, 5, 0x0862, 2, 0x50A3, 1, 0x91A7, 1,
    0x2925, 2, 0x20E4, 1, 0x2925, 2, 0x91A7, 1,
    0x50A3, 1, 0x18C5, 2, 0x3000, 1, 0x4947, 1,
    0x18C5, 31, 0x636E, 1, 0x7000, 2, 0x91A7, 1,
    0x2000, 1, 0x3000, 3, 0x91A7, 2, 0x7000, 2,
    0x18C5, 1, 0x1926, 2, 0x2189, 4, 0x3A4A, 2,
    0x432E, 1, 0x2189, 4, 0x3A4A, 3, 0x5C32, 2,
    0x432E, 2, 0x54F5, 1, 0x432E, 2, 0x5C32, 1,
    0x54F5, 13, 0x7145, 1, 0x20E4, 1, 0x18E4, 1,
    0x3187, 1, 0x432E, 2, 0x7145, 1, 0x62EA, 1,
    0x4947, 1, 0x41C9, 1, 0x636E, 1, 0x5AEC, 4,
    0x8CB2, 5, 0xF6CE, 12, 0x0862, 1, 0x7145, 1,
    0x3187, 2, 0x1882, 1, 0x20E4, 1, 0x1882, 3,
    0x3187, 1, 0x91A7, 1, 0x18C5, 2, 0x5000, 1,
    0x18C5, 30, 0x8CB2, 1, 0x7000, 1, 0x91A7, 2,
    0x20E4, 1, 0x8800, 1, 0x91A7, 4, 0x636E, 2,
    0x20E4, 3, 0x7145, 1, 0x91A7, 4, 0x7000, 2,
    0x2189, 12, 0x432E, 3, 0x3A4A, 2, 0x2189, 2,
    0x54F5, 12, 0x2925, 1, 0x18E4, 1, 0x3187, 1,
    0x7145, 2, 0x5248, 1, 0x41C9, 1, 0x636E, 2,
    0x5AEC, 3, 0x3A4A, 1, 0x8CB2, 4, 0xF6CE, 14,
    0x0862, 1, 0x91A7, 1, 0x2925, 1, 0x20E4, 1,
    0x2925, 6, 0x50A3, 1, 0x18C5, 2, 0x3800, 1,
    0x18C5, 28, 0xA001, 1, 0x7000, 1, 0x91A7, 1,
    0x2000, 2, 0x8000, 1, 0x5AEC, 2, 0x62EA, 2,
    0x5AEC, 6, 0x636E, 1, 0x5248, 1, 0x2925, 3,
    0x20E4, 2, 0x91A7, 6, 0x7000, 4, 0x6000, 1,
    0x2189, 6, 0x432E, 5, 0x3A4A, 5, 0x2189, 1,
    0x54F5, 3, 0x432E, 1, 0x3187, 1, 0x5AEC, 1,
    0x50A3, 1, 0x62EA, 2, 0x41C9, 1, 0x636E, 2,
    0x5AEC, 3, 0x8CB2, 3, 0xF6CE, 1, 0x8CB2, 2,
    0xF6CE, 4, 0x5C32, 1, 0xF6CE, 4, 0xB50D, 1,
    0xF6CE, 4, 0x3187, 1, 0x7145, 1, 0x20E4, 1,
    0x2925, 1, 0x62EA, 2, 0x4947, 1, 0x2925, 2,
    0x20E4, 1, 0x3187, 1, 0x18C5, 2, 0x3800, 1,
    0x18C5, 26, 0xA001, 1, 0x6000, 1, 0x7145, 1,
    0x2000, 2, 0x7062, 1, 0x5AEC, 3, 0x62EA, 3,
    0x5AEC, 2, 0x7B0A, 1, 0x5AEC, 2, 0x636E, 8,
    0x5248, 2, 0x5AEC, 3, 0x20E4, 3, 0x1882, 1,
    0x20E4, 1, 0x91A7, 2, 0x1882, 2, 0x91A7, 5,
    0x7000, 2, 0x91A7, 1, 0x7000, 2, 0x91A7, 2,
    0x18C5, 2, 0x3A4A, 1, 0x2189, 3, 0x20E4, 1,
    0x7145, 1, 0x5248, 3, 0x636E, 2, 0x5AEC, 3,
    0x8CB2, 2, 0xF6CE, 3, 0x636E, 1, 0x8CB2, 1,
    0xF6CE, 3, 0x5C32, 2, 0x41C9, 1, 0xF6CE, 3,
    0xB50D, 1, 0xF6CE, 3, 0x18E4, 1, 0x3187, 1,
    0x2925, 1, 0x1882, 1, 0x2925, 2, 0x1882, 2,
    0x62EA, 1, 0x2925, 1, 0x20E4, 1, 0x3187, 1,
    0x18C5, 26, 0x8CB2, 1, 0xA001, 1, 0x6000, 1,
    0x7145, 2, 0x2000, 1, 0x7145, 2, 0x636E, 2,
    0x5AEC, 1, 0x62EA, 3, 0x5AEC, 4, 0x636E, 6,
    0x5AEC, 2, 0x636E, 12, 0x7145, 2, 0x5AEC, 2,
    0x2925, 3, 0x5248, 2, 0x5AEC, 1, 0x7062, 2,
    0x8000, 1, 0x4800, 2, 0x6000, 1, 0x3000, 1,
    0x2000, 1, 0x91A7, 2, 0x5000, 1, 0x7145, 2,
    0x5248, 2, 0x636E, 3, 0x5AEC, 2, 0x8CB2, 3,
    0xF6CE, 4, 0x636E, 2, 0xF6CE, 3, 0x5C32, 1,
    0x2925, 1, 0x41C9, 1, 0xF6CE, 3, 0xB50D, 1,
    0xF6CE, 3, 0x1882, 1, 0x3187, 1, 0x20E4, 1,
    0x2925, 1, 0x5248, 1, 0x3800, 1, 0x1882, 3,
    0x62EA, 1, 0x2925, 1, 0x3187, 1, 0x2925, 1,
    0x18C5, 23, 0x8CB2, 2, 0x6000, 1, 0x7145, 2,
    0x2000, 2, 0x2925, 1, 0x636E, 1, 0x5AEC, 1,
    0x636E, 2, 0x5248, 1, 0x41C9, 2, 0x5AEC, 1,
    0x5248, 1, 0x3A4A, 2, 0x636E, 2, 0xB50D, 13,
    0x636E, 14, 0x91A7, 1, 0x7145, 4, 0x7800, 1,
    0x1882, 1, 0x2000, 1, 0x91A7, 2, 0x7145, 3,
    0x41C9, 1, 0x5248, 1, 0x5AEC, 1, 0x636E, 4,
    0x8C0C, 1, 0x8CB2, 2, 0xF6CE, 7, 0x636E, 1,
    0xF6CE, 3, 0xB50D, 1, 0xF6CE, 1, 0x3187, 1,
    0xF6CE, 1, 0xD5ED, 1, 0xF6CE, 1, 0xB50D, 1,
    0xF6CE, 3, 0x2925, 1, 0x91A7, 1, 0x20E4, 1,
    0x62EA, 1, 0x1882, 4, 0x3800, 1, 0x2925, 2,
    0x3187, 1, 0x2925, 1, 0x18C5, 21, 0x8CB2, 2,
    0x98C3, 1, 0x6000, 1, 0x7145, 1, 0x2000, 2,
    0x50A3, 2, 0x5AEC, 1, 0x8C0C, 3, 0xA489, 1,
    0x8C0C, 3, 0xA489, 1, 0x636E, 2, 0xB50D, 1,
    0x5AEC, 5, 0x636E, 1, 0xB50D, 2, 0x636E, 2,
    0x5AEC, 2, 0x636E, 3, 0xB50D, 3, 0x636E, 8,
    0x91A7, 2, 0x7145, 2, 0x5AEC, 1, 0x7800, 2,
    0x2000, 2, 0x91A7, 1, 0x7000, 1, 0x50A3, 3,
    0x41C9, 2, 0x5AEC, 2, 0x636E, 2, 0x8C0C, 1,
    0x5AEC, 2, 0x8CB2, 4, 0xF6CE, 2, 0x8CB2, 1,
    0xF6CE, 3, 0x8C0C, 1, 0xF6CE, 3, 0xB50D, 3,
    0xF6CE, 1, 0xA489, 1, 0xF6CE, 1, 0x7B0A, 1,
    0xF6CE, 3, 0x3187, 1, 0x7145, 1, 0x1882, 1,
    0x2925, 1, 0x3800, 1, 0x1882, 2, 0x0862, 1,
    0x1882, 2, 0x2925, 2, 0x3187, 1, 0x18C5, 19,
    0x8CB2, 1, 0x636E, 1, 0x7062, 1, 0x8000, 1,
    0x7145, 2, 0x2000, 1, 0x3A4A, 1, 0x20E4, 1,
    0x5AEC, 1, 0x636E, 2, 0x8C0C, 1, 0xA489, 2,
    0x8C0C, 1, 0x41C9, 1, 0x5248, 1, 0xA489, 1,
    0x8C0C, 1, 0xB50D, 2, 0x5AEC, 6, 0x636E, 2,
    0x5AEC, 2, 0x636E, 2, 0xB50D, 1, 0x636E, 2,
    0xB50D, 1, 0x636E, 2, 0xB50D, 2, 0x636E, 1,
    0x5AEC, 1, 0x636E, 3, 0x5AEC, 2, 0x7145, 3,
    0x91A7, 1, 0x7800, 1, 0x2000, 1, 0x91A7, 2,
    0x4841, 1, 0x50A3, 2, 0x41C9, 4, 0x5AEC, 2,
    0x636E, 3, 0x5AEC, 1, 0xF6CE, 1, 0x8CB2, 8,
    0x636E, 1, 0xF6CE, 2, 0x8C0C, 1, 0xA489, 1,
    0xF6CE, 3, 0xB50D, 1, 0xD5ED, 1, 0xA489, 2,
    0x5C32, 1, 0x7B0A, 1, 0xF6CE, 2, 0xD5ED, 1,
    0x2925, 3, 0x1882, 7, 0x62EA, 1, 0x2925, 1,
    0x3187, 1, 0x18C5, 17, 0xD5ED, 1, 0x636E, 1,
    0x5AEC, 2, 0x7062, 1, 0x7145, 2, 0x2000, 1,
    0x3187, 2, 0x8C0C, 3, 0xA489, 1, 0x8C0C, 2,
    0xA489, 1, 0x6000, 2, 0x8C0C, 1, 0x62EA, 2,
    0x2925, 1, 0xB50D, 4, 0x5AEC, 2, 0xB50D, 2,
    0x636E, 2, 0x5AEC, 10, 0xB50D, 3, 0x636E, 2,
    0x5AEC, 2, 0x7062, 1, 0x91A7, 1, 0x5AEC, 1,
    0x8000, 2, 0x0862, 1, 0x91A7, 1, 0x50A3, 2,
    0x41C9, 4, 0x5AEC, 3, 0x636E, 5, 0x8CB2, 8,
    0x636E, 3, 0x8CB2, 1, 0xF6CE, 1, 0xB50D, 1,
    0x8CB2, 1, 0xF6CE, 1, 0xD5ED, 2, 0xF6CE, 1,
    0xD5ED, 2, 0xF6CE, 1, 0x5C32, 1, 0xA489, 1,
    0xF6CE, 1, 0xD5ED, 1, 0x1882, 1, 0x2925, 1,
    0x20E4, 1, 0x62EA, 1, 0x3800, 1, 0x1882, 6,
    0x2925, 2, 0x3187, 1, 0x18C5, 16, 0x636E, 3,
    0x91A7, 2, 0x7145, 2, 0x2000, 1, 0x4800, 1,
    0x20E4, 1, 0x636E, 1, 0x8C0C, 1, 0x7B0A, 3,
    0x4800, 2, 0x50A3, 1, 0x8C0C, 2, 0xB50D, 1,
    0x8C0C, 2, 0x2925, 1, 0x3A4A, 1, 0xB50D, 7,
    0x3A4A, 2, 0xB50D, 3, 0x5AEC, 7, 0x8C0C, 1,
    0xB50D, 6, 0x636E, 2, 0x20E4, 1, 0x2000, 1,
    0x91A7, 1, 0x50A3, 1, 0x4841, 1, 0x41C9, 3,
    0x5248, 1, 0x5AEC, 4, 0x636E, 1, 0x5AEC, 1,
    0x636E, 3, 0x8CB2, 7, 0xD5ED, 1, 0x8CB2, 1,
    0x636E, 1, 0xF6CE, 1, 0x3187, 1, 0xF6CE, 1,
    0xD5ED, 1, 0xB50D, 1, 0x5C32, 1, 0xF6CE, 1,
    0xA489, 2, 0xD5ED, 2, 0x3187, 1, 0x1926, 1,
    0x0000, 1, 0xA489, 1, 0xD5ED, 2, 0x18E4, 1,
    0x3187, 1, 0x20E4, 1, 0x4947, 1, 0x1882, 6,
    0x6000, 1, 0x7145, 1, 0x2925, 1, 0x3187, 1,
    0x18C5, 15, 0xB50D, 1, 0x636E, 2, 0x5AEC, 1,
    0x91A7, 1, 0x7145, 2, 0x2000, 1, 0x6000, 2,
    0x3A4A, 1, 0x8C0C, 1, 0x7B0A, 3, 0x5248, 1,
    0x8C0C, 1, 0x7B0A, 4, 0x5248, 1, 0x7B0A, 2,
    0x8C0C, 2, 0x7B0A, 1, 0x20E4, 2, 0x7B0A, 1,
    0xA489, 1, 0x3A4A, 2, 0xB50D, 7, 0x8C0C, 2,
    0xA489, 1, 0xB50D, 2, 0x7062, 1, 0x6000, 1,
    0xB50D, 1, 0xA489, 1, 0x5AEC, 2, 0xB50D, 2,
    0x1882, 1, 0x91A7, 1, 0x7000, 1, 0x50A3, 1,
    0x3187, 2, 0x41C9, 1, 0x5248, 5, 0x5AEC, 1,
    0x636E, 4, 0x8CB2, 10, 0xF6CE, 2, 0x8CB2, 1,
    0x5C32, 1, 0xF6CE, 1, 0xD5ED, 2, 0x3187, 1,
    0xF6CE, 1, 0xA489, 1, 0xD5ED, 1, 0x5C32, 1,
    0x41C9, 1, 0x3187, 1, 0x20E4, 1, 0xA489, 1,
    0xF6CE, 1, 0xD5ED, 2, 0x20E4, 1, 0x3187, 1,
    0x20E4, 1, 0x2925, 1, 0x1882, 3, 0x0862, 1,
    0x1882, 3, 0x2925, 2, 0x3187, 1, 0x18C5, 15,
    0x636E, 1, 0x5AEC, 2, 0x91A7, 1, 0x5000, 1,
    0x7145, 1, 0x2000, 1, 0x5000, 2, 0x5AEC, 1,
    0x41C9, 1, 0x3A4A, 1, 0x8C0C, 2, 0x7B0A, 5,
    0x5248, 1, 0xA489, 1, 0x8C0C, 2, 0x7B0A, 1,
    0x5248, 2, 0x20E4, 2, 0x7B0A, 1, 0x8C0C, 1,
    0x41C9, 2, 0x8C0C, 1, 0x7B0A, 2, 0x2925, 1,
    0x8C0C, 1, 0x7B0A, 1, 0x8C0C, 2, 0x5248, 2,
    0xA489, 1, 0x8C0C, 1, 0x50A3, 1, 0xA489, 2,
    0xB50D, 1, 0x5AEC, 1, 0x91A7, 1, 0x8800, 1,
    0x0862, 2, 0x91A7, 1, 0x4841, 1, 0x3000, 2,
    0x3800, 1, 0x5AEC, 7, 0x636E, 4, 0x8CB2, 10,
    0xF6CE, 2, 0xB50D, 1, 0x8CB2, 1, 0xD5ED, 3,
    0xF6CE, 1, 0x3187, 1, 0xD5ED, 1, 0x7B0A, 1,
    0xD5ED, 1, 0x41C9, 1, 0x20E4, 3, 0xF6CE, 1,
    0xD5ED, 3, 0x2925, 1, 0x3187, 1, 0x20E4, 1,
    0x1882, 8, 0x62EA, 1, 0x3187, 1, 0x2925, 1,
    0x18C5, 14, 0x5AEC, 4, 0x5000, 1, 0x7145, 1,
    0x2000, 1, 0x5000, 2, 0x5AEC, 1, 0x5248, 1,
    0x3187, 2, 0x8C0C, 1, 0x41C9, 2, 0x4800, 1,
    0x4841, 2, 0x7B0A, 1, 0x8C0C, 1, 0x7B0A, 3,
    0x8C0C, 1, 0x5248, 1, 0x8C0C, 3, 0x5248, 1,
    0x20E4, 2, 0x5248, 4, 0x8C0C, 1, 0x5248, 2,
    0x8C0C, 1, 0x3187, 1, 0x3000, 2, 0x41C9, 1,
    0xA489, 4, 0x5AEC, 1, 0x41C9, 1, 0x7000, 1,
    0x2000, 1, 0x7145, 2, 0x50A3, 3, 0x3000, 1,
    0x5AEC, 8, 0x636E, 1, 0x5AEC, 2, 0x8CB2, 1,
    0x636E, 1, 0x8CB2, 6, 0x91A7, 1, 0x636E, 2,
    0xF6CE, 3, 0xD5ED, 4, 0x2925, 1, 0x3187, 1,
    0x8C0C, 1, 0xA001, 1, 0xA489, 1, 0x41C9, 1,
    0xF6CE, 4, 0xA489, 3, 0x2925, 1, 0x3187, 1,
    0x2925, 1, 0x1882, 4, 0x0862, 1, 0x1882, 3,
    0x2925, 1, 0x3187, 1, 0x2925, 1, 0x18C5, 13,
    0x2925, 1, 0x91A7, 1, 0x5AEC, 2, 0x91A7, 1,
    0x7145, 1, 0x2000, 1, 0x6000, 2, 0x50A3, 1,
    0x5248, 2, 0x20E4, 1, 0x7B0A, 1, 0x8C0C, 2,
    0x4800, 4, 0x3800, 1, 0x4800, 2, 0x4947, 1,
    0x3187, 1, 0xA489, 1, 0x8C0C, 2, 0x5248, 1,
    0x8C0C, 3, 0x7B0A, 1, 0x5248, 2, 0x4841, 2,
    0x7B0A, 2, 0xA489, 1, 0x4800, 1, 0x41C9, 2,
    0xA489, 1, 0x4947, 1, 0xA489, 4, 0x5248, 1,
    0x6000, 1, 0x2000, 2, 0x7145, 1, 0x50A3, 2,
    0x41C9, 2, 0x3A4A, 2, 0x5AEC, 3, 0x7B0A, 1,
    0x636E, 1, 0x62EA, 1, 0x7145, 2, 0x3187, 1,
    0x636E, 1, 0x5AEC, 1, 0x636E, 1, 0x8C0C, 1,
    0x8CB2, 5, 0x91A7, 1, 0x3187, 1, 0xD5ED, 1,
    0xF6CE, 2, 0xA489, 2, 0xD5ED, 1, 0x3187, 2,
    0x20E4, 1, 0xA489, 1, 0x41C9, 1, 0xA001, 2,
    0x41C9, 1, 0x3187, 1, 0xA489, 3, 0x2925, 1,
    0xA489, 1, 0x18E4, 1, 0x2925, 1, 0x3187, 1,
    0x2925, 1, 0x1882, 7, 0x2925, 2, 0x3187, 1,
    0x18C5, 13, 0x7062, 1, 0x91A7, 2, 0x8000, 2,
    0x7145, 1, 0x3000, 2, 0x6000, 2, 0x5248, 2,
    0x7145, 1, 0x20E4, 1, 0x8C0C, 3, 0x41C9, 1,
    0x50A3, 1, 0x4947, 1, 0x4800, 8, 0xA489, 5,
    0x7B0A, 2, 0xA489, 1, 0x7B0A, 1, 0x4947, 3,
    0xA489, 4, 0x4800, 1, 0x5248, 1, 0xA489, 3,
    0x3A4A, 1, 0x6000, 1, 0x2000, 2, 0x7145, 1,
    0x4841, 1, 0x50A3, 2, 0x41C9, 2, 0x5AEC, 3,
    0x7B0A, 1, 0x8C0C, 1, 0x636E, 2, 0x50A3, 1,
    0x4841, 1, 0x7145, 1, 0x3187, 1, 0x5AEC, 2,
    0x8C0C, 2, 0x636E, 1, 0x91A7, 1, 0x636E, 1,
    0x8CB2, 1, 0x636E, 1, 0x3187, 1, 0xF6CE, 4,
    0xA489, 2, 0x3187, 1, 0x20E4, 3, 0xA489, 1,
    0x41C9, 1, 0xA001, 1, 0x7062, 1, 0x7B8D, 1,
    0x3187, 4, 0x2925, 1, 0x7B0A, 1, 0x1882, 1,
    0x2925, 3, 0x1882, 5, 0x0862, 1, 0x1882, 1,
    0x62EA, 1, 0x2925, 1, 0x3187, 1, 0x18C5, 12,
    0x7062, 1, 0x2925, 1, 0x8000, 3, 0x5000, 1,
    0x7145, 2, 0x2000, 1, 0x6000, 1, 0x7145, 2,
    0x5248, 1, 0x50A3, 1, 0x1882, 2, 0x8C0C, 3,
    0x50A3, 1, 0x4841, 1, 0x7B0A, 2, 0x4800, 6,
    0x3000, 2, 0x3187, 1, 0x7B0A, 3, 0xA489, 2,
    0x7B0A, 2, 0xA489, 2, 0x7000, 2, 0x5AEC, 1,
    0xA489, 2, 0x8C0C, 3, 0x5AEC, 1, 0x4841, 1,
    0x2000, 2, 0x7145, 1, 0x50A3, 3, 0x41C9, 3,
    0x3A4A, 1, 0x5AEC, 1, 0x7B0A, 1, 0xB50D, 2,
    0x20E4, 1, 0x2925, 1, 0x7062, 4, 0x2925, 3,
    0x3187, 2, 0x91A7, 1, 0x636E, 1, 0x8CB2, 1,
    0x3187, 1, 0x2925, 1, 0xF6CE, 4, 0xA489, 1,
    0xA001, 1, 0x20E4, 2, 0xF6CE, 2, 0xA489, 1,
    0x41C9, 1, 0xA001, 1, 0x7062, 2, 0x91A7, 1,
    0x3187, 1, 0x7062, 2, 0x2925, 1, 0x7B0A, 1,
    0x18E4, 1, 0x2925, 1, 0x3187, 1, 0x20E4, 1,
    0x1882, 6, 0x3800, 1, 0x2925, 1, 0x20E4, 1,
    0x50A3, 1, 0x18C5, 12, 0x6000, 3, 0x7145, 1,
    0x7062, 1, 0x4841, 2, 0x2000, 1, 0x4800, 1,
    0x5000, 1, 0x41C9, 1, 0x5248, 1, 0x7145, 1,
    0x50A3, 2, 0x1882, 1, 0x3A4A, 1, 0x8C0C, 2,
    0x41C9, 1, 0x4800, 2, 0x4947, 3, 0x4800, 10,
    0x4841, 1, 0x5248, 2, 0x4947, 1, 0x5248, 1,
    0x4841, 2, 0xA489, 2, 0x1882, 1, 0x3A4A, 2,
    0x8C0C, 1, 0x5AEC, 1, 0x4841, 1, 0x2000, 2,
    0x7145, 1, 0x5000, 1, 0x4841, 1, 0x50A3, 1,
    0x41C9, 2, 0x3A4A, 1, 0x5248, 1, 0x5AEC, 1,
    0x7B0A, 2, 0xB50D, 2, 0x4841, 1, 0x18C5, 1,
    0x6000, 1, 0x7800, 1, 0x7062, 1, 0x7800, 1,
    0x2925, 1, 0x20E4, 1, 0x2925, 1, 0x3187, 2,
    0x636E, 1, 0x8CB2, 1, 0x636E, 1, 0x3187, 1,
    0xA489, 1, 0xF6CE, 4, 0xA001, 2, 0xA489, 1,
    0xF6CE, 1, 0xA489, 2, 0x7B0A, 1, 0x2925, 1,
    0x91A7, 1, 0x7062, 4, 0x2925, 2, 0x0862, 1,
    0x4947, 1, 0x2925, 2, 0x3187, 1, 0x20E4, 1,
    0x2925, 1, 0x3800, 1, 0x1882, 5, 0x2925, 1,
    0x20E4, 1, 0x91A7, 1, 0x18C5, 11, 0x7000, 1,
    0x6000, 1, 0x7000, 2, 0x7062, 2, 0x4841, 2,
    0x50A3, 1, 0x4800, 2, 0x4841, 1, 0x41C9, 1,
    0x50A3, 2, 0x4841, 2, 0x4800, 1, 0x3A4A, 1,
    0x7B0A, 1, 0x8C0C, 2, 0x4841, 1, 0x50A3, 1,
    0x4800, 2, 0x3000, 1, 0x4841, 1, 0x4947, 1,
    0x50A3, 1, 0x4841, 1, 0x4800, 1, 0x4841, 3,
    0x50A3, 1, 0x3000, 3, 0x8C0C, 1, 0xA489, 2,
    0x3A4A, 1, 0x20E4, 1, 0x6000, 3, 0x5AEC, 2,
    0x6000, 1, 0x2000, 2, 0x7145, 1, 0x4841, 2,
    0x50A3, 2, 0x41C9, 2, 0x5248, 2, 0x5AEC, 2,
    0xB50D, 2, 0x3187, 1, 0x0862, 1, 0x18C5, 4,
    0x6000, 2, 0x2925, 2, 0x5C32, 1, 0x3187, 2,
    0x636E, 2, 0x2925, 1, 0xF6CE, 5, 0xA001, 1,
    0x7062, 1, 0x3187, 1, 0xA489, 2, 0x3187, 1,
    0x7B0A, 1, 0x20E4, 1, 0x3187, 1, 0x5248, 1,
    0x2925, 2, 0x1882, 3, 0x4947, 1, 0x2925, 3,
    0x3187, 1, 0x20E4, 1, 0x4947, 1, 0x1882, 5,
    0x62EA, 1, 0x2925, 2, 0x50A3, 1, 0x18C5, 11,
    0x7000, 3, 0x8C0C, 1, 0x4947, 1, 0x50A3, 2,
    0x4841, 2, 0x2000, 1, 0x4800, 1, 0x50A3, 1,
    0x41C9, 2, 0x50A3, 1, 0x4841, 3, 0x1882, 2,
    0x3187, 1, 0x5248, 1, 0x62EA, 1, 0x5248, 2,
    0x2925, 1, 0x1882, 1, 0x5AEC, 2, 0x8C0C, 2,
    0x20E4, 2, 0x3187, 1, 0x7B0A, 1, 0x8C0C, 4,
    0x3A4A, 2, 0x1882, 1, 0x6000, 4, 0x7145, 1,
    0x6000, 1, 0x3000, 2, 0x2000, 1, 0x5000, 2,
    0x4841, 1, 0x50A3, 3, 0x41C9, 4, 0x7B0A, 1,
    0xB50D, 1, 0x2925, 1, 0x3187, 1, 0x7800, 1,
    0x0862, 3, 0x3187, 2, 0x18C5, 2, 0x7000, 1,
    0x5AEC, 1, 0x5C32, 1, 0x3187, 1, 0x636E, 1,
    0x8CB2, 1, 0x4841, 1, 0xA489, 1, 0xF6CE, 4,
    0xD5ED, 1, 0xA001, 1, 0x7062, 1, 0x3187, 3,
    0x7062, 1, 0x7B0A, 1, 0x20E4, 1, 0x2925, 1,
    0x0862, 2, 0x1882, 1, 0x4947, 1, 0x3800, 1,
    0x4947, 2, 0x18E4, 1, 0x1926, 1, 0x20E4, 1,
    0x3187, 1, 0x20E4, 1, 0x62EA, 1, 0x2925, 1,
    0x3800, 2, 0x1882, 1, 0x4947, 1, 0x2925, 1,
    0x1882, 1, 0x3187, 1, 0x20E4, 1, 0x18C5, 11,
    0x7000, 1, 0x6000, 1, 0x7062, 1, 0x8C0C, 2,
    0x3187, 1, 0x50A3, 1, 0x4841, 2, 0x4947, 1,
    0x2000, 1, 0x4800, 1, 0x5000, 1, 0x50A3, 1,
    0x4841, 1, 0x50A3, 1, 0x4841, 3, 0x4800, 1,
    0x1882, 3, 0x3187, 2, 0x62EA, 1, 0x7B0A, 1,
    0x62EA, 2, 0x5248, 2, 0x3187, 2, 0x62EA, 2,
    0x5248, 1, 0x1882, 1, 0x0862, 1, 0x6000, 6,
    0x7062, 2, 0x6000, 1, 0x2000, 2, 0x7145, 1,
    0x5000, 1, 0x6000, 1, 0x50A3, 6, 0x41C9, 3,
    0x5AEC, 2, 0x7145, 1, 0x7062, 1, 0x0862, 3,
    0x3187, 3, 0x91A7, 1, 0x50A3, 1, 0x7000, 1,
    0x5AEC, 1, 0x3187, 1, 0x636E, 2, 0x3187, 1,
    0x4841, 1, 0xF6CE, 5, 0xD5ED, 1, 0xA001, 1,
    0x7062, 1, 0x91A7, 1, 0x7062, 2, 0x5248, 1,
    0x4947, 1, 0x0862, 2, 0x4947, 6, 0x18E4, 3,
    0x1926, 1, 0x3187, 1, 0x2925, 2, 0x62EA, 1,
    0x1882, 1, 0x2925, 1, 0x1882, 1, 0x2925, 3,
    0x91A7, 1, 0x18C5, 12, 0x7000, 2, 0xA489, 3,
    0x20E4, 2, 0x4841, 2, 0x4947, 1, 0x0862, 1,
    0x2000, 1, 0x4800, 3, 0x4841, 6, 0x4800, 3,
    0x3800, 1, 0x4800, 3, 0x0862, 2, 0x2000, 1,
    0x3800, 2, 0x4800, 2, 0x3800, 2, 0x4841, 2,
    0x50A3, 3, 0x41C9, 1, 0x4841, 1, 0x4800, 2,
    0x2000, 1, 0x50A3, 1, 0x4841, 1, 0x50A3, 1,
    0x91A7, 1, 0x7062, 1, 0x8800, 1, 0x50A3, 6,
    0x20E4, 1, 0x2925, 1, 0x3187, 2, 0x6000, 1,
    0x0862, 3, 0x7145, 1, 0x3187, 1, 0x2925, 2,
    0x7145, 1, 0x91A7, 1, 0x3187, 1, 0x5AEC, 1,
    0x3187, 3, 0x1882, 1, 0xA489, 1, 0xF6CE, 5,
    0xD5ED, 1, 0x3187, 1, 0x91A7, 1, 0x7062, 1,
    0x5248, 2, 0x0862, 1, 0x4800, 2, 0x4947, 6,
    0x18E4, 5, 0x2925, 1, 0x7145, 1, 0x1882, 1,
    0x2925, 1, 0x5248, 1, 0x62EA, 2, 0x1882, 2,
    0x7145, 1, 0x91A7, 1, 0x18C5, 12, 0x7000, 1,
    0x7145, 1, 0x2925, 1, 0x8C0C, 1, 0xA489, 1,
    0x3187, 1, 0x20E4, 1, 0x4841, 3, 0x41C9, 2,
    0x4947, 1, 0x0862, 1, 0x4800, 2, 0x5000, 2,
    0x4841, 5, 0x5000, 3, 0x4800, 10, 0x4841, 1,
    0x5000, 1, 0x50A3, 2, 0x41C9, 1, 0x50A3, 1,
    0x4800, 2, 0x2000, 1, 0x50A3, 1, 0x4841, 3,
    0x7062, 1, 0x91A7, 2, 0x8800, 2, 0x8000, 3,
    0x50A3, 2, 0x2925, 1, 0x3187, 1, 0x7800, 1,
    0x7062, 1, 0x6000, 1, 0x0862, 2, 0x50A3, 1,
    0x91A7, 1, 0x2925, 2, 0x20E4, 1, 0x2925, 1,
    0x7145, 1, 0x3187, 1, 0x5AEC, 1, 0x3187, 1,
    0x2925, 1, 0x20E4, 1, 0x3800, 1, 0xF6CE, 3,
    0xD5ED, 3, 0x7B0A, 1, 0x2925, 1, 0x5248, 2,
    0x0862, 3, 0x3800, 1, 0x4947, 5, 0x636E, 3,
    0x0000, 1, 0x20E4, 1, 0x18E4, 2, 0x2925, 1,
    0x91A7, 1, 0x20E4, 1, 0x1882, 1, 0x2925, 3,
    0x20E4, 1, 0x2925, 1, 0x50A3, 1, 0x18C5, 13,
    0x6000, 1, 0x91A7, 1, 0x5248, 1, 0xA489, 1,
    0x7B0A, 1, 0x3A4A, 1, 0x3187, 1, 0x20E4, 1,
    0x4841, 4, 0x50A3, 1, 0x0862, 2, 0x3800, 2,
    0x4841, 2, 0x5000, 1, 0x4841, 4, 0x5000, 1,
    0x4841, 1, 0x4800, 9, 0x4841, 2, 0x4800, 2,
    0x50A3, 1, 0x5000, 1, 0x4800, 1, 0x2000, 1,
    0x41C9, 1, 0x4841, 2, 0x50A3, 2, 0x7145, 1,
    0x91A7, 1, 0x7062, 1, 0x8800, 4, 0x8000, 3,
    0xA001, 1, 0x91A7, 1, 0x8000, 1, 0x7062, 1,
    0x6000, 1, 0x0862, 3, 0x7145, 1, 0x3187, 1,
    0x1882, 1, 0x20E4, 1, 0x1882, 1, 0x2925, 2,
    0x7145, 1, 0x20E4, 1, 0x3187, 1, 0x2925, 1,
    0x6000, 1, 0x3800, 1, 0xF6CE, 2, 0xD5ED, 1,
    0xA489, 1, 0xD5ED, 1, 0xA489, 1, 0x7B0A, 1,
    0x0862, 1, 0x5248, 1, 0x0862, 1, 0x1882, 1,
    0x0862, 1, 0x4800, 1, 0x3800, 1, 0x4947, 4,
    0x432E, 3, 0x0000, 1, 0x1926, 1, 0x20E4, 1,
    0x1926, 2, 0x3187, 2, 0x20E4, 2, 0x2925, 1,
    0x1882, 1, 0x20E4, 1, 0x2925, 1, 0x7145, 1,
    0x3187, 1, 0x18C5, 13, 0x4800, 1, 0x5AEC, 1,
    0x3A4A, 1, 0x8C0C, 1, 0x636E, 1, 0x3A4A, 2,
    0x20E4, 1, 0x4841, 6, 0x4947, 1, 0x0862, 4,
    0x3800, 8, 0x4800, 10, 0x0862, 1, 0x2000, 2,
    0x0862, 1, 0x7145, 1, 0x6000, 1, 0x4841, 2,
    0x50A3, 1, 0x41C9, 1, 0x3187, 1, 0xB50D, 4,
    0x8800, 4, 0xA001, 3, 0x8800, 1, 0x7800, 1,
    0x6000, 1, 0x0862, 3, 0x7062, 2, 0x20E4, 1,
    0x2925, 1, 0x62EA, 1, 0x2925, 2, 0x1882, 1,
    0x3187, 1, 0x2925, 1, 0x20E4, 1, 0x2925, 1,
    0x3800, 1, 0x7B0A, 1, 0xD5ED, 3, 0x7B0A, 2,
    0xA489, 2, 0x7B0A, 1, 0x0862, 1, 0x3800, 1,
    0x4800, 3, 0x4947, 1, 0x5C32, 5, 0x3187, 2,
    0x18E4, 1, 0x20E4, 3, 0x18E4, 1, 0x2925, 1,
    0x3187, 1, 0x2925, 2, 0x20E4, 1, 0x2925, 2,
    0x3187, 1, 0x91A7, 1, 0x18C5, 14, 0x4800, 1,
    0x1882, 1, 0x3A4A, 1, 0x7B0A, 1, 0x3A4A, 3,
    0x1882, 1, 0x4841, 4, 0x4800, 2, 0x50A3, 3,
    0x7145, 5, 0x0862, 3, 0x0000, 1, 0x0862, 3,
    0x3000, 5, 0x0862, 3, 0x4947, 1, 0x41C9, 2,
    0x4841, 2, 0x50A3, 2, 0x20E4, 2, 0xB50D, 6,
    0x7062, 1, 0x8800, 1, 0xA001, 5, 0x8800, 1,
    0x7800, 1, 0x8000, 1, 0x18E4, 2, 0x1882, 1,
    0x50A3, 1, 0x2925, 2, 0x62EA, 1, 0x1882, 1,
    0x4947, 1, 0x62EA, 1, 0x2925, 1, 0x20E4, 1,
    0x2925, 1, 0x4841, 1, 0x20E4, 1, 0x3800, 1,
    0xA489, 1, 0xD5ED, 1, 0xA489, 2, 0x3800, 1,
    0x4947, 1, 0x7B0A, 1, 0xA489, 1, 0x4947, 1,
    0x3800, 2, 0x4800, 2, 0x4947, 1, 0x5C32, 5,
    0x18E4, 3, 0x20E4, 2, 0x1926, 1, 0x2925, 1,
    0x1926, 1, 0x20E4, 1, 0x3187, 1, 0x7145, 1,
    0x3187, 3, 0x2925, 1, 0x7145, 1, 0x18C5, 15,
    0x4800, 1, 0x5AEC, 1, 0x0862, 1, 0x3A4A, 1,
    0x432E, 1, 0x5AEC, 1, 0x432E, 1, 0x636E, 1,
    0x2925, 1, 0x7062, 1, 0x4841, 2, 0x4800, 13,
    0x50A3, 7, 0x0000, 1, 0x5000, 1, 0x4841, 1,
    0x7145, 1, 0x50A3, 1, 0x4841, 4, 0x50A3, 2,
    0x20E4, 1, 0x3A4A, 1, 0xB50D, 5, 0xA489, 1,
    0x91A7, 2, 0xA001, 5, 0x8800, 2, 0x8000, 2,
    0x18E4, 2, 0x20E4, 1, 0x3187, 1, 0x1882, 1,
    0x62EA, 1, 0x2925, 1, 0x1882, 3, 0x2925, 1,
    0x20E4, 1, 0x3187, 1, 0x4841, 1, 0x2925, 1,
    0x7B0A, 1, 0xA489, 2, 0x7B0A, 1, 0x4947, 1,
    0x4841, 1, 0x4947, 1, 0x7B0A, 2, 0x4947, 1,
    0x4800, 3, 0x3800, 1, 0x432E, 1, 0x5AEC, 5,
    0x5C32, 2, 0x18E4, 1, 0x0000, 1, 0x18E4, 1,
    0x20E4, 1, 0x18E4, 2, 0x2925, 1, 0x20E4, 1,
    0x91A7, 1, 0x50A3, 1, 0x91A7, 1, 0x50A3, 1,
    0x3187, 2, 0x18C5, 14, 0x5000, 1, 0x4800, 2,
    0x5248, 1, 0x0862, 1, 0x3A4A, 1, 0x432E, 3,
    0x8CB2, 1, 0x3A4A, 1, 0x7000, 3, 0x6000, 3,
    0x4800, 19, 0x4841, 3, 0x50A3, 2, 0x20E4, 1,
    0x5AEC, 1, 0x3A4A, 1, 0x432E, 1, 0xA489, 2,
    0xB50D, 4, 0x41C9, 1, 0xB50D, 1, 0xA001, 6,
    0x8000, 4, 0x18E4, 1, 0x1882, 1, 0x3187, 1,
    0x20E4, 1, 0x1882, 1, 0x4947, 1, 0x3800, 1,
    0x1882, 2, 0x3800, 1, 0x62EA, 1, 0x20E4, 1,
    0x3187, 1, 0x5000, 1, 0x4841, 1, 0xA489, 3,
    0x3800, 2, 0x4947, 1, 0x7B0A, 1, 0x4947, 2,
    0x4800, 4, 0x18E4, 2, 0x2925, 1, 0x1926, 3,
    0x18E4, 1, 0x18C5, 2, 0x0862, 1, 0x8CB2, 1,
    0x2925, 1, 0x18E4, 6, 0x3187, 1, 0x91A7, 1,
    0x3187, 2, 0x18C5, 15, 0x5000, 1, 0x4800, 1,
    0x3000, 1, 0x3800, 1, 0x4800, 1, 0x1882, 2,
    0x432E, 1, 0x5AEC, 1, 0x636E, 1, 0x4841, 1,
    0x5000, 3, 0x6000, 9, 0x7000, 4, 0x4800, 7,
    0x6000, 2, 0x4841, 2, 0x50A3, 2, 0x18E4, 1,
    0x5AEC, 3, 0x8CB2, 2, 0xB50D, 2, 0xF6CE, 1,
    0x8C0C, 1, 0x2925, 2, 0xB50D, 1, 0xA001, 5,
    0x7800, 1, 0x8000, 3, 0x18E4, 3, 0x91A7, 1,
    0x1882, 1, 0x2925, 1, 0x1882, 3, 0x0862, 1,
    0x1882, 1, 0x62EA, 1, 0x2925, 1, 0x3187, 1,
    0x5000, 1, 0x4947, 1, 0xA489, 1, 0x7B0A, 1,
    0x4947, 1, 0x4800, 1, 0x4841, 1, 0x4947, 2,
    0x3800, 1, 0x4800, 3, 0x4841, 1, 0xA489, 1,
    0x1926, 1, 0x41C9, 2, 0x3187, 2, 0x2925, 1,
    0x18E4, 1, 0x18C5, 1, 0x0000, 1, 0x18C5, 10,
    0x18E4, 2, 0x18C5, 16, 0x4800, 2, 0x3000, 1,
    0x3800, 1, 0x4800, 3, 0x1882, 1, 0x0862, 1,
    0x1882, 1, 0x4841, 1, 0x5000, 3, 0x6000, 9,
    0x7000, 10, 0x8000, 1, 0x8800, 2, 0x7062, 2,
    0x3187, 1, 0x8CB2, 1, 0x5C32, 2, 0x8CB2, 4,
    0xF6CE, 1, 0x8CB2, 1, 0xF6CE, 1, 0x8CB2, 1,
    0x2925, 2, 0x8CB2, 1, 0xA001, 3, 0x8000, 2,
    0x7800, 1, 0x8000, 2, 0x7800, 1, 0x1882, 3,
    0x7062, 1, 0x2925, 1, 0x4947, 1, 0x1882, 5,
    0x4947, 1, 0x2925, 1, 0x636E, 1, 0x2925, 1,
    0x7B0A, 2, 0x3800, 2, 0x4800, 2, 0x4947, 2,
    0x4800, 4, 0x18C5, 5, 0x5C32, 3, 0x2925, 1,
    0x0000, 1, 0x0862, 1, 0x18C5, 28, 0x4800, 1,
    0x3000, 2, 0x4800, 4, 0x6000, 3, 0x7000, 2,
    0x4800, 2, 0x6000, 9, 0x7000, 9, 0x8000, 4,
    0x7062, 1, 0x5AEC, 1, 0x8CB2, 1, 0x5C32, 1,
    0x636E, 3, 0x8CB2, 6, 0x41C9, 1, 0x8CB2, 1,
    0x2925, 1, 0xB50D, 1, 0x8800, 1, 0x8000, 7,
    0x7800, 1, 0x1882, 3, 0x3187, 1, 0x2925, 1,
    0x1882, 6, 0x2925, 1, 0x3187, 2, 0x2925, 1,
    0x4947, 2, 0x3800, 2, 0x4800, 1, 0x3800, 2,
    0x4800, 2, 0x4841, 1, 0x18C5, 11, 0x8CB2, 1,
    0x20E4, 1, 0x18C5, 28, 0x4800, 1, 0x3000, 2,
    0x4800, 3, 0x5000, 1, 0x6000, 4, 0x7000, 3,
    0x8000, 5, 0x6000, 3, 0x7000, 10, 0x8000, 4,
    0x7062, 1, 0x20E4, 1, 0x5C32, 1, 0x636E, 2,
    0x2925, 1, 0x20E4, 1, 0x8CB2, 2, 0x20E4, 1,
    0x1926, 3, 0x8CB2, 1, 0xA001, 1, 0x8800, 2,
    0x8000, 4, 0x7800, 2, 0x8000, 2, 0x7800, 1,
    0x1882, 1, 0x18E4, 1, 0x2925, 3, 0x3800, 1,
    0x1882, 5, 0x7B0A, 1, 0x3187, 1, 0x636E, 1,
    0x4947, 2, 0x0862, 2, 0x3800, 1, 0x4800, 1,
    0x3800, 1, 0x4800, 3, 0x18C5, 42, 0x3000, 4,
    0x4800, 1, 0x5000, 1, 0x4800, 2, 0x6000, 2,
    0x7000, 1, 0x6000, 1, 0x7000, 2, 0x8000, 8,
    0x8800, 8, 0x7000, 6, 0x91A7, 2, 0x1882, 2,
    0x20E4, 1, 0x2925, 1, 0x8CB2, 1, 0x2925, 2,
    0x8CB2, 2, 0x8000, 1, 0x7800, 1, 0x8800, 1,
    0x8000, 7, 0x7800, 2, 0x8000, 1, 0x7800, 1,
    0x8000, 1, 0x1882, 1, 0x18E4, 1, 0x2925, 2,
    0x62EA, 1, 0x3800, 1, 0x1882, 5, 0x2925, 2,
    0x3187, 1, 0x4947, 1, 0x3800, 1, 0x0862, 2,
    0x3800, 1, 0x4800, 2, 0x4841, 1, 0x18C5, 45,
    0x3800, 1, 0x3000, 2, 0x4800, 4, 0x6000, 1,
    0x7000, 5, 0x8000, 1, 0x8800, 4, 0x8000, 3,
    0x8800, 9, 0xA001, 3, 0x8800, 12, 0x8000, 2,
    0x7800, 1, 0x8800, 1, 0x8000, 5, 0x7800, 6,
    0x8000, 1, 0x18E4, 2, 0x3187, 1, 0x2925, 1,
    0x5248, 1, 0x1882, 1, 0x20E4, 1, 0x1882, 4,
    0x4947, 1, 0x2925, 1, 0x3187, 1, 0x1882, 1,
    0x0862, 1, 0x1882, 3, 0x4800, 1, 0x4841, 1,
    0x18C5, 46, 0x3000, 1, 0x3800, 1, 0x3000, 1,
    0x4800, 4, 0x6000, 1, 0x7000, 5, 0x8000, 1,
    0x8800, 1, 0xA001, 2, 0x8800, 2, 0xA001, 1,
    0x8800, 1, 0xA001, 8, 0x8800, 1, 0xA001, 3,
    0x8800, 12, 0x8000, 8, 0x7800, 8, 0x18E4, 2,
    0x3187, 1, 0x2925, 1, 0xA489, 1, 0x7000, 1,
    0x20E4, 1, 0x1882, 1, 0x0862, 1, 0x1882, 2,
    0x62EA, 1, 0x20E4, 1, 0x3187, 1, 0x1882, 4,
    0x4800, 1, 0x18C5, 49, 0x3000, 1, 0x3800, 1,
    0x4800, 4, 0x7000, 2, 0x6000, 2, 0x5000, 2,
    0x6000, 1, 0x7000, 2, 0xA001, 2, 0x98C3, 7,
    0xA001, 4, 0x8800, 1, 0xA001, 3, 0x8800, 6,
    0x8000, 1, 0x8800, 5, 0x8000, 8, 0x7800, 7,
    0x1882, 3, 0x2925, 1, 0x20E4, 1, 0xA489, 1,
    0x1882, 6, 0x62EA, 1, 0x20E4, 1, 0x3187, 1,
    0x1882, 2, 0x4800, 1, 0x4841, 1, 0x18C5, 50,
    0x2000, 1, 0x3800, 2, 0x5000, 2, 0x4800, 1,
    0x7000, 1, 0x8000, 1, 0x6000, 1, 0x4800, 1,
    0x3000, 1, 0x2000, 2, 0x3000, 1, 0x7000, 3,
    0x8800, 1, 0x98C3, 2, 0x8000, 1, 0x98C3, 2,
    0xA001, 1, 0x8000, 1, 0xA001, 3, 0x8800, 1,
    0xA001, 5, 0x8800, 4, 0x8000, 1, 0x8800, 6,
    0x8000, 3, 0x7800, 11, 0x18E4, 2, 0x20E4, 1,
    0x2925, 2, 0x4947, 1, 0x3800, 1, 0x1882, 3,
    0x0862, 1, 0x3800, 1, 0x2925, 1, 0x20E4, 1,
    0x2925, 1, 0x4800, 1, 0x4841, 1, 0x18C5, 52,
    0x2000, 1, 0x3000, 1, 0x3800, 1, 0x4800, 1,
    0x5000, 2, 0x7000, 1, 0xA001, 1, 0x4800, 1,
    0x0862, 1, 0x0000, 3, 0x3000, 1, 0x2000, 1,
    0x3000, 2, 0x0862, 2, 0x2000, 3, 0x0862, 1,
    0xA001, 1, 0x8000, 3, 0x7000, 2, 0x7800, 4,
    0x8000, 1, 0x8800, 3, 0x8000, 1, 0x8800, 2,
    0x8000, 2, 0x8800, 4, 0x8000, 1, 0x7800, 12,
    0x2925, 2, 0x18E4, 1, 0x3187, 1, 0x2925, 1,
    0x62EA, 1, 0x3800, 1, 0x1882, 5, 0x2925, 1,
    0x3187, 1, 0x3800, 1, 0x18C5, 55, 0x2000, 1,
    0x3000, 1, 0x4800, 2, 0x5000, 1, 0x7000, 1,
    0xA001, 1, 0x98C3, 2, 0x8000, 1, 0x50A3, 1,
    0x0000, 4, 0x0862, 4, 0x0000, 1, 0x2000, 1,
    0x0862, 2, 0x3000, 8, 0x4800, 1, 0x6000, 1,
    0x8000, 1, 0x8800, 10, 0x8000, 1, 0x7800, 12,
    0x6000, 1, 0x2925, 3, 0x3187, 1, 0x2925, 2,
    0x1882, 5, 0x62EA, 1, 0x1882, 1, 0x7145, 1,
    0x18C5, 56, 0x0000, 1, 0x2000, 1, 0x3000, 2,
    0x4800, 1, 0x5000, 1, 0xA001, 4, 0x8800, 1,
    0x7062, 1, 0x91A7, 1, 0x636E, 2, 0x8CB2, 4,
    0x0000, 1, 0x0862, 4, 0x0000, 7, 0x2000, 1,
    0x1882, 1, 0x6000, 1, 0xA001, 2, 0x8800, 8,
    0x8000, 1, 0x7800, 10, 0x7000, 1, 0x6000, 1,
    0x18E4, 1, 0x1926, 1, 0x2925, 1, 0x1926, 1,
    0x2925, 3, 0x4947, 1, 0x1882, 3, 0x4947, 1,
    0x2925, 2, 0x7145, 1, 0x18C5, 57, 0x0000, 1,
    0x2000, 2, 0x4800, 2, 0x7800, 1, 0x8000, 2,
    0x7800, 1, 0x7000, 1, 0xA001, 1, 0x98C3, 2,
    0x91A7, 1, 0x8CB2, 2, 0xF6CE, 1, 0x8CB2, 6,
    0x636E, 1, 0x7B8D, 1, 0x91A7, 1, 0x3187, 1,
    0x41C9, 1, 0x98C3, 1, 0x7062, 1, 0xA001, 1,
    0x98C3, 3, 0xA001, 2, 0x8800, 7, 0x8000, 1,
    0x7800, 6, 0x7000, 2, 0x6000, 4, 0x1926, 1,
    0x18E4, 2, 0x1926, 1, 0x2925, 1, 0x3187, 1,
    0x2925, 1, 0x62EA, 1, 0x4947, 1, 0x2925, 1,
    0x1882, 1, 0x2925, 2, 0x7145, 1, 0x3187, 1,
    0x18C5, 58, 0x0000, 1, 0x2000, 2, 0x3000, 1,
    0x4800, 1, 0x6000, 4, 0x7000, 2, 0x7800, 2,
    0x8000, 3, 0xF6CE, 1, 0x8CB2, 1, 0xF6CE, 2,
    0x8CB2, 2, 0xB50D, 1, 0x91A7, 1, 0x98C3, 3,
    0xA001, 8, 0x8800, 4, 0x8000, 4, 0x7800, 6,
    0x7000, 1, 0x6000, 1, 0x4800, 3, 0x18E4, 5,
    0x2925, 1, 0x3187, 1, 0x1882, 2, 0x62EA, 3,
    0x1882, 2, 0x91A7, 1, 0x3187, 1, 0x18C5, 60,
    0x2000, 2, 0x3000, 1, 0x4800, 3, 0x6000, 3,
    0x7000, 3, 0x6000, 1, 0x5000, 1, 0xA001, 4,
    0x8800, 4, 0x8000, 2, 0x8800, 3, 0xA001, 6,
    0x8800, 2, 0x8000, 3, 0x7800, 3, 0x7000, 4,
    0x6000, 4, 0x3000, 1, 0x2000, 2, 0x18E4, 2,
    0x1926, 2, 0x20E4, 1, 0x18E4, 1, 0x91A7, 1,
    0x20E4, 1, 0x1882, 1, 0x2925, 3, 0x20E4, 1,
    0x2925, 1, 0x50A3, 1, 0x18C5, 63, 0x2000, 1,
    0x3000, 3, 0x4800, 7, 0x5000, 2, 0x4800, 1,
    0x5000, 2, 0x6000, 3, 0x7000, 1, 0x7800, 2,
    0x8000, 3, 0xA001, 7, 0x7800, 2, 0x6000, 4,
    0x7000, 1, 0x6000, 2, 0x4800, 3, 0x3800, 1,
    0x3000, 2, 0x2000, 3, 0x18E4, 1, 0x20E4, 2,
    0x1926, 3, 0x3187, 2, 0x2925, 1, 0x1882, 2,
    0x20E4, 1, 0x2925, 1, 0x91A7, 1, 0x18C5, 68,
    0x3000, 7, 0x3800, 1, 0x3000, 5, 0x3800, 1,
    0x4800, 1, 0x5000, 4, 0x8000, 9, 0x7800, 2,
    0x4800, 4, 0x6000, 2, 0x3000, 1, 0x2000, 7,
    0x3800, 1, 0x20E4, 1, 0x18E4, 1, 0x20E4, 2,
    0x2925, 1, 0x1926, 1, 0x18E4, 1, 0x20E4, 1,
    0x50A3, 1, 0x7062, 1, 0x20E4, 1, 0x2925, 2,
    0x3187, 1, 0x50A3, 1, 0x18C5, 74, 0x3000, 2,
    0x2000, 5, 0x3000, 4, 0x5000, 1, 0x6000, 10,
    0x4800, 3, 0x2000, 3, 0x3000, 3, 0x2000, 1,
    0x3800, 1, 0x3000, 2, 0x3800, 1, 0x18E4, 3,
    0x20E4, 1, 0x18E4, 2, 0x20E4, 1, 0x1926, 1,
    0x20E4, 1, 0x2925, 1, 0x1882, 1, 0x50A3, 1,
    0x7145, 1, 0x91A7, 1, 0x3187, 2, 0x7145, 1,
    0x18C5, 85, 0x3000, 2, 0x3800, 10, 0x3000, 1,
    0x2000, 4, 0x18C5, 13, 0x18E4, 8, 0x50A3, 1,
    0x7145, 1, 0x50A3, 1, 0x3187, 1, 0x18C5, 124,
    0x18E4, 2, 0x3187, 1, 0x18C5, 2870, 0x18C5, 2385,
    0x91A7, 2, 0x18C5, 124, 0x7062, 1, 0x91A7, 8,
    0x18C5, 119, 0x7062, 3, 0x91A7, 8, 0x18C5, 117,
    0x7062, 6, 0x91A7, 7, 0x18C5, 114, 0x7800, 8,
    0x7062, 3, 0x91A7, 5, 0x636E, 2, 0x5AEC, 1,
    0x91A7, 2, 0x5AEC, 1, 0x18C5, 106, 0x7800, 9,
    0x7062, 7, 0x91A7, 5, 0x5AEC, 2, 0x91A7, 2,
    0x7062, 1, 0x91A7, 2, 0x5AEC, 2, 0x91A7, 1,
    0x18C5, 8, 0x91A7, 10, 0x18C5, 78, 0x7800, 12,
    0x7062, 1, 0x7800, 4, 0x7062, 1, 0x91A7, 11,
    0x5AEC, 1, 0x91A7, 20, 0x98C3, 1, 0x18C5, 77,
    0x7000, 1, 0x7800, 1, 0x7000, 1, 0x6000, 7,
    0x7800, 8, 0x7062, 9, 0x91A7, 8, 0x7062, 1,
    0x91A7, 5, 0x7062, 5, 0x91A7, 2, 0x7062, 3,
    0x18C5, 77, 0x6000, 2, 0x5000, 8, 0x7800, 15,
    0x8000, 2, 0x7800, 1, 0x7062, 7, 0x7800, 2,
    0x7062, 5, 0x7800, 4, 0x7062, 5, 0x18C5, 76,
    0x4800, 2, 0x3000, 4, 0x6000, 1, 0x3000, 4,
    0x6000, 1, 0x7000, 8, 0x7800, 20, 0x7062, 1,
    0x7800, 11, 0x18C5, 76, 0x3000, 3, 0x6000, 7,
    0x2000, 2, 0x5000, 9, 0x7000, 2, 0x7800, 29,
    0x18C5, 76, 0x50A3, 4, 0x6000, 8, 0x3000, 9,
    0x6000, 9, 0x7000, 9, 0x7800, 3, 0x7000, 1,
    0x6000, 5, 0x7800, 4, 0x18C5, 73, 0x7062, 6,
    0x50A3, 1, 0x6000, 9, 0x7000, 2, 0x2000, 7,
    0x3000, 1, 0x4800, 6, 0x3000, 1, 0x6000, 2,
    0x5000, 7, 0x7000, 2, 0x6000, 1, 0x5000, 7,
    0x6000, 1, 0x7800, 2, 0x18C5, 70, 0x7145, 7,
    0x7062, 3, 0x6000, 7, 0x7000, 4, 0x7062, 3,
    0x7145, 3, 0x91A7, 1, 0x7145, 1, 0x5AEC, 1,
    0x3000, 4, 0x2000, 3, 0x3000, 9, 0x5000, 1,
    0x4800, 1, 0x3000, 7, 0x5000, 1, 0x6000, 1,
    0x7000, 1, 0x18C5, 67, 0x5248, 2, 0x7145, 2,
    0x5248, 4, 0x7145, 3, 0x7062, 1, 0x50A3, 1,
    0x6000, 5, 0x7000, 5, 0x7800, 2, 0x7062, 11,
    0x7145, 2, 0x91A7, 1, 0x7145, 2, 0x5AEC, 1,
    0x7145, 1, 0x2000, 6, 0x3000, 1, 0x8800, 2,
    0x8000, 2, 0x4800, 2, 0x3000, 3, 0x4800, 1,
    0x6000, 1, 0x18C5, 65, 0x7145, 1, 0x5248, 3,
    0x5AEC, 5, 0x5248, 2, 0x7145, 2, 0x7062, 1,
    0x6000, 4, 0x7000, 5, 0x7800, 13, 0x7062, 10,
    0x8000, 1, 0x7800, 1, 0x7000, 1, 0x8800, 1,
    0x8000, 3, 0x8800, 1, 0x98C3, 1, 0x4841, 1,
    0x4800, 2, 0x3000, 2, 0x2000, 1, 0x3000, 1,
    0x4800, 1, 0x18C5, 62, 0xA489, 1, 0x20E4, 1,
    0x432E, 1, 0x636E, 4, 0x432E, 1, 0x5C32, 1,
    0x432E, 2, 0x8000, 2, 0x8CB2, 3, 0x5C32, 2,
    0x6000, 1, 0x7000, 6, 0x7800, 17, 0x8000, 3,
    0x7800, 4, 0x7000, 1, 0x8000, 3, 0x8800, 2,
    0x98C3, 2, 0x4841, 3, 0x3800, 1, 0x3000, 2,
    0x20E4, 1, 0x3000, 2, 0x18C5, 56, 0x7800, 7,
    0x7000, 4, 0x6000, 3, 0x5000, 2, 0x4800, 4,
    0x7800, 3, 0x2925, 1, 0x636E, 2, 0x8CB2, 2,
    0x7800, 3, 0x432E, 1, 0x7000, 8, 0x7800, 6,
    0x8000, 4, 0x7800, 5, 0x8000, 2, 0x98C3, 2,
    0x91A7, 2, 0x5AEC, 1, 0x3187, 1, 0x4841, 2,
    0x3800, 3, 0x20E4, 2, 0x4947, 1, 0x3000, 1,
    0x18C5, 53, 0x7800, 2, 0x8000, 5, 0x1882, 2,
    0x7B8D, 8, 0xA489, 1, 0x5AEC, 1, 0x7062, 2,
    0x6000, 3, 0x4800, 4, 0x3800, 1, 0x7000, 2,
    0x91A7, 1, 0x2925, 1, 0x5AEC, 1, 0x636E, 1,
    0x5C32, 5, 0x8CB2, 2, 0x7000, 5, 0x7800, 7,
    0x7000, 1, 0x7800, 1, 0x8000, 1, 0x98C3, 1,
    0x7062, 1, 0x5AEC, 5, 0x50A3, 3, 0x3800, 3,
    0x20E4, 2, 0x5248, 1, 0x4947, 1, 0x3000, 1,
    0x18C5, 51, 0x8800, 7, 0x1926, 1, 0x20E4, 1,
    0x7B8D, 3, 0x91A7, 1, 0x5248, 2, 0x636E, 2,
    0xB50D, 3, 0x2925, 2, 0xA489, 1, 0xB50D, 1,
    0xA489, 2, 0x18E4, 2, 0x1882, 1, 0x5000, 3,
    0x3800, 3, 0x7000, 2, 0x91A7, 1, 0x2925, 1,
    0x3A4A, 1, 0x432E, 2, 0x20E4, 1, 0x5000, 2,
    0x7000, 1, 0x6000, 1, 0x18E4, 1, 0x636E, 2,
    0x7000, 5, 0x8000, 3, 0x91A7, 2, 0x5AEC, 1,
    0x636E, 4, 0x50A3, 3, 0x20E4, 2, 0x3800, 1,
    0x1882, 2, 0x5248, 4, 0x18C5, 49, 0x8800, 1,
    0x8000, 2, 0x7145, 6, 0x2925, 1, 0x5AEC, 2,
    0x7145, 1, 0x5AEC, 2, 0x5248, 1, 0x5AEC, 6,
    0xA489, 2, 0xB50D, 1, 0xA489, 1, 0x2925, 2,
    0x7000, 3, 0x6000, 4, 0x4800, 5, 0x7000, 3,
    0x6000, 1, 0x7000, 1, 0x6000, 3, 0x7062, 1,
    0x5000, 1, 0x6000, 6, 0x8000, 2, 0x91A7, 2,
    0x636E, 5, 0x41C9, 1, 0x50A3, 3, 0x20E4, 5,
    0x5248, 2, 0x7B0A, 3, 0x18C5, 47, 0x8000, 2,
    0x7062, 2, 0x7145, 4, 0x2925, 1, 0x636E, 5,
    0xB50D, 1, 0xA489, 2, 0x8C0C, 3, 0xA489, 3,
    0x5AEC, 5, 0x7145, 2, 0x7000, 7, 0x6000, 4,
    0x8000, 1, 0x7B8D, 1, 0x7800, 2, 0x7000, 2,
    0x636E, 1, 0x7000, 1, 0x636E, 3, 0x6000, 5,
    0x7800, 2, 0x7062, 1, 0x636E, 3, 0x7B8D, 1,
    0x636E, 2, 0x41C9, 2, 0x50A3, 1, 0x1882, 1,
    0x4841, 2, 0x20E4, 3, 0x5248, 2, 0x7B0A, 4,
    0x18C5, 46, 0x8000, 2, 0x7145, 6, 0x3A4A, 1,
    0x636E, 5, 0x5AEC, 1, 0x636E, 2, 0x8C0C, 1,
    0x5AEC, 2, 0x8C0C, 4, 0xA489, 1, 0x5248, 4,
    0x50A3, 1, 0x7062, 1, 0x7000, 9, 0x8000, 2,
    0x7B0A, 1, 0x7B8D, 1, 0x3800, 1, 0x7800, 1,
    0x636E, 1, 0x7B8D, 1, 0x3A4A, 1, 0x20E4, 1,
    0x432E, 1, 0x2925, 1, 0x636E, 1, 0x3A4A, 1,
    0x636E, 1, 0x6000, 1, 0x7000, 1, 0x7062, 3,
    0x7B8D, 1, 0x636E, 4, 0x41C9, 3, 0x20E4, 3,
    0x1882, 3, 0x20E4, 1, 0x7B0A, 1, 0x5248, 1,
    0x7B0A, 5, 0x18C5, 44, 0x8000, 3, 0x7145, 4,
    0x5AEC, 1, 0x3A4A, 2, 0x636E, 3, 0x5AEC, 1,
    0x5248, 2, 0x636E, 2, 0x8C0C, 1, 0x5AEC, 2,
    0x41C9, 2, 0x5AEC, 1, 0xA489, 2, 0x5AEC, 2,
    0x5248, 2, 0x7145, 2, 0x6000, 4, 0x7000, 4,
    0x8000, 2, 0x91A7, 2, 0x18E4, 3, 0x20E4, 1,
    0x8000, 1, 0x3A4A, 2, 0x5C32, 2, 0x636E, 2,
    0x432E, 1, 0x3A4A, 1, 0x7062, 3, 0x7B8D, 2,
    0x8CB2, 2, 0x636E, 2, 0x41C9, 2, 0x3187, 1,
    0x20E4, 2, 0x2925, 3, 0x1882, 1, 0xA489, 2,
    0x7B0A, 7, 0x18C5, 43, 0x98C3, 1, 0x91A7, 3,
    0x5AEC, 3, 0x7B0A, 1, 0x18E4, 1, 0x1882, 1,
    0x636E, 3, 0x5AEC, 4, 0xB50D, 1, 0x8C0C, 4,
    0xA489, 2, 0x8C0C, 1, 0xA489, 1, 0x5AEC, 2,
    0x5248, 1, 0x7145, 4, 0x6000, 7, 0x8000, 1,
    0x91A7, 3, 0x18E4, 2, 0x8CB2, 1, 0x5C32, 1,
    0x18E4, 1, 0x20E4, 1, 0x432E, 1, 0x5C32, 5,
    0x20E4, 1, 0x18E4, 1, 0x8CB2, 5, 0x636E, 3,
    0x3A4A, 1, 0x50A3, 2, 0x3187, 2, 0x20E4, 2,
    0x2925, 1, 0x8C0C, 1, 0xA489, 3, 0x7B0A, 5,
    0xA489, 1, 0x8C0C, 1, 0x18C5, 42, 0x91A7, 1,
    0x636E, 1, 0x91A7, 2, 0x636E, 10, 0x5AEC, 1,
    0x5248, 7, 0x8C0C, 2, 0x5AEC, 4, 0x5248, 3,
    0x7145, 4, 0x50A3, 2, 0x6000, 3, 0x3187, 1,
    0x91A7, 2, 0x18E4, 2, 0x8CB2, 5, 0x432E, 1,
    0x20E4, 1, 0x5C32, 4, 0x20E4, 2, 0x636E, 6,
    0x5AEC, 1, 0x3A4A, 1, 0x62EA, 1, 0x3A4A, 1,
    0x3187, 1, 0x20E4, 4, 0x5248, 1, 0x8C0C, 2,
    0xA489, 3, 0x7B0A, 4, 0xA489, 2, 0x8C0C, 1,
    0x18C5, 41, 0x0862, 1, 0x1926, 1, 0x3187, 4,
    0x1926, 2, 0x2189, 5, 0x91A7, 1, 0x7B0A, 1,
    0x636E, 2, 0x5AEC, 1, 0x636E, 6, 0x5AEC, 3,
    0x5248, 4, 0x7145, 1, 0x50A3, 5, 0x6000, 2,
    0x3187, 3, 0x18E4, 3, 0x8CB2, 6, 0x432E, 1,
    0x2925, 1, 0x432E, 1, 0x636E, 1, 0x5C32, 1,
    0x20E4, 1, 0x5AEC, 2, 0x636E, 5, 0x5248, 1,
    0x3A4A, 1, 0x5248, 2, 0x7B0A, 1, 0x20E4, 1,
    0x3187, 3, 0x8C0C, 2, 0xA489, 4, 0x7B0A, 4,
    0xA489, 3, 0x7145, 1, 0x18C5, 41, 0x3187, 8,
    0x41C9, 3, 0x2189, 4, 0x3187, 2, 0x41C9, 2,
    0x2189, 3, 0x5AEC, 2, 0x91A7, 2, 0x5AEC, 3,
    0x7145, 1, 0x5AEC, 2, 0x5248, 2, 0x7145, 2,
    0x6000, 2, 0x91A7, 2, 0x18E4, 3, 0x8CB2, 7,
    0x5C32, 1, 0x636E, 1, 0x3A4A, 1, 0x2925, 1,
    0x3A4A, 1, 0x432E, 1, 0x3187, 1, 0x5AEC, 1,
    0x636E, 6, 0x3A4A, 3, 0x8C0C, 2, 0x7B0A, 1,
    0x41C9, 1, 0x20E4, 1, 0x3187, 1, 0xA489, 7,
    0x7B0A, 2, 0xA489, 3, 0x8C0C, 1, 0x7145, 1,
    0x18C5, 40, 0x2189, 1, 0x3187, 7, 0x41C9, 20,
    0x2189, 3, 0x50A3, 2, 0x6000, 1, 0x62EA, 2,
    0x7062, 1, 0x7145, 1, 0x91A7, 2, 0x2925, 1,
    0x18E4, 1, 0x8CB2, 10, 0x5C32, 1, 0x2925, 1,
    0x20E4, 1, 0x3A4A, 1, 0x20E4, 1, 0x5248, 1,
    0x5AEC, 2, 0x636E, 3, 0x5AEC, 2, 0x3A4A, 2,
    0x5248, 2, 0x8C0C, 1, 0x7B0A, 1, 0xB50D, 1,
    0x62EA, 1, 0xB50D, 1, 0xA489, 5, 0x7B0A, 3,
    0xA489, 4, 0x7B8D, 1, 0x7062, 1, 0x18C5, 39,
    0x2189, 1, 0x3187, 2, 0x41C9, 3, 0x3187, 3,
    0x41C9, 14, 0x3A4A, 1, 0x41C9, 5, 0x2189, 1,
    0x41C9, 2, 0x2189, 4, 0x1926, 1, 0x0862, 1,
    0x98C3, 1, 0x91A7, 2, 0x20E4, 1, 0x5C32, 1,
    0x8CB2, 9, 0x5C32, 2, 0x636E, 1, 0x3187, 1,
    0x20E4, 2, 0x7B0A, 2, 0x636E, 1, 0x5AEC, 2,
    0x636E, 2, 0x3A4A, 3, 0x8C0C, 3, 0xB50D, 2,
    0x62EA, 2, 0xA489, 4, 0x7B0A, 2, 0xA489, 5,
    0x7B0A, 1, 0x7B8D, 1, 0xA489, 1, 0x18C5, 39,
    0x2189, 1, 0x3187, 2, 0x41C9, 2, 0x3187, 1,
    0x41C9, 2, 0x3187, 1, 0x41C9, 11, 0x3A4A, 1,
    0x5AEC, 1, 0x3A4A, 1, 0x41C9, 2, 0x2189, 1,
    0x41C9, 3, 0x2189, 3, 0x41C9, 3, 0x2189, 3,
    0x98C3, 1, 0x91A7, 1, 0x8C0C, 1, 0x3187, 1,
    0x8CB2, 5, 0x5C32, 1, 0x8CB2, 1, 0x5C32, 1,
    0x8CB2, 2, 0x5C32, 2, 0x636E, 1, 0x4841, 1,
    0x20E4, 1, 0x91A7, 1, 0x636E, 2, 0x5AEC, 1,
    0x636E, 2, 0x5AEC, 2, 0x5248, 4, 0x8C0C, 1,
    0xB50D, 5, 0xA489, 4, 0x7B0A, 1, 0xA489, 5,
    0x7B0A, 3, 0xA489, 1, 0x18C5, 38, 0x2189, 1,
    0x41C9, 2, 0x4947, 1, 0x41C9, 5, 0x62EA, 1,
    0x41C9, 1, 0x2189, 4, 0x5248, 1, 0x41C9, 3,
    0x2189, 3, 0x432E, 1, 0x2189, 4, 0x432E, 2,
    0x2189, 8, 0x3A4A, 1, 0x2189, 1, 0x8000, 1,
    0x91A7, 1, 0x3187, 2, 0x8CB2, 4, 0x5C32, 9,
    0x2925, 1, 0x7062, 1, 0x636E, 1, 0x5AEC, 1,
    0x636E, 3, 0x5AEC, 2, 0x3A4A, 3, 0x8C0C, 1,
    0xB50D, 6, 0xA489, 11, 0x7B0A, 2, 0xA489, 2,
    0x18C5, 38, 0x2189, 1, 0x1926, 4, 0x2189, 3,
    0x432E, 1, 0x2189, 6, 0x5C32, 2, 0x2189, 2,
    0x432E, 1, 0x62EA, 2, 0x432E, 1, 0x5C32, 1,
    0x5AEC, 1, 0x432E, 1, 0x54F5, 5, 0x432E, 3,
    0x2189, 2, 0x3A4A, 4, 0x8C0C, 1, 0x3187, 2,
    0x636E, 1, 0x8CB2, 3, 0x5C32, 5, 0x8CB2, 1,
    0x5C32, 3, 0x432E, 1, 0x5248, 1, 0x636E, 5,
    0x5AEC, 3, 0x5248, 2, 0x636E, 1, 0xB50D, 4,
    0xD5ED, 6, 0x18C5, 3, 0xA489, 2, 0x62EA, 2,
    0x7B0A, 3, 0xA489, 1, 0x18C5, 37, 0x2189, 1,
    0x3A4A, 1, 0x2189, 5, 0x432E, 2, 0x2189, 1,
    0x1926, 1, 0x2189, 3, 0x5C32, 6, 0x432E, 2,
    0x54F5, 3, 0x5C32, 1, 0x54F5, 2, 0x5C32, 1,
    0x54F5, 8, 0x2189, 1, 0x3A4A, 3, 0x91A7, 1,
    0x3187, 1, 0x636E, 1, 0x5C32, 1, 0x8CB2, 1,
    0x5C32, 7, 0x8CB2, 1, 0x5C32, 2, 0x432E, 1,
    0x2925, 1, 0x636E, 1, 0x5AEC, 2, 0x636E, 4,
    0x5AEC, 2, 0x636E, 1, 0xF6CE, 6, 0xD5ED, 5,
    0x18C5, 8, 0x4947, 1, 0x62EA, 2, 0x91A7, 1,
    0x18C5, 36, 0x2189, 1, 0x432E, 8, 0x2189, 1,
    0x1926, 1, 0x2189, 1, 0x0862, 1, 0x1926, 1,
    0x2189, 1, 0x432E, 1, 0x5C32, 4, 0x54F5, 2,
    0x5C32, 3, 0x2189, 2, 0x54F5, 2, 0x432E, 1,
    0x54F5, 9, 0x432E, 1, 0x2189, 1, 0x3A4A, 1,
    0x8C0C, 1, 0x5AEC, 1, 0x3187, 1, 0x5C32, 8,
    0x8CB2, 1, 0x5C32, 1, 0x432E, 2, 0x636E, 2,
    0x5248, 1, 0x5AEC, 1, 0x636E, 3, 0x5AEC, 3,
    0x8CB2, 2, 0xF6CE, 4, 0xD5ED, 7, 0x18C5, 8,
    0x3000, 1, 0x62EA, 1, 0x8C0C, 1, 0x7145, 1,
    0x18C5, 36, 0x432E, 9, 0x2189, 1, 0x0862, 1,
    0x18E4, 1, 0x0000, 1, 0x1926, 1, 0x2189, 2,
    0x5C32, 3, 0x54F5, 3, 0x2189, 2, 0x18E4, 1,
    0x2189, 3, 0x54F5, 13, 0x2189, 1, 0x98C3, 1,
    0x636E, 1, 0x5AEC, 1, 0x5C32, 6, 0x8CB2, 3,
    0x636E, 1, 0x432E, 1, 0x636E, 2, 0x5AEC, 1,
    0x636E, 7, 0x8CB2, 1, 0xF6CE, 6, 0xD5ED, 6,
    0x18C5, 9, 0x7000, 1, 0x5248, 1, 0x8C0C, 1,
    0x62EA, 1, 0x18C5, 35, 0x432E, 10, 0x2189, 1,
    0x1926, 1, 0x0862, 3, 0x2189, 1, 0x5C32, 7,
    0x2189, 1, 0x18E4, 1, 0x0000, 1, 0x7062, 1,
    0x2189, 2, 0x54F5, 2, 0x432E, 1, 0x54F5, 10,
    0x432E, 1, 0x91A7, 1, 0x5AEC, 1, 0x3187, 1,
    0x636E, 1, 0x5C32, 3, 0x8CB2, 3, 0x5C32, 2,
    0x636E, 1, 0x5AEC, 2, 0x5248, 1, 0x636E, 6,
    0x8CB2, 3, 0xF6CE, 5, 0xD5ED, 6, 0x0862, 2,
    0x2925, 1, 0x3187, 1, 0x18C5, 6, 0x7000, 1,
    0x2925, 1, 0x8C0C, 1, 0x62EA, 1, 0x18C5, 34,
    0x7B8D, 1, 0x432E, 9, 0x2189, 2, 0x5C32, 1,
    0x2189, 2, 0x5C32, 1, 0x2189, 1, 0x5C32, 4,
    0x54F5, 1, 0x5C32, 1, 0x2189, 2, 0x0862, 2,
    0x0000, 1, 0x18E4, 1, 0x2189, 2, 0x54F5, 13,
    0x98C3, 1, 0x91A7, 1, 0x432E, 1, 0x5C32, 8,
    0x3187, 1, 0x5AEC, 1, 0x5248, 1, 0x5AEC, 1,
    0x636E, 6, 0x8CB2, 3, 0xF6CE, 7, 0xD5ED, 4,
    0x0862, 2, 0x2925, 1, 0x8CB2, 1, 0x50A3, 1,
    0x3187, 1, 0x91A7, 1, 0x20E4, 1, 0x18C5, 3,
    0x7800, 1, 0x2925, 1, 0x7B0A, 1, 0x7145, 1,
    0x18C5, 33, 0x636E, 1, 0x3A4A, 1, 0x432E, 9,
    0x5C32, 3, 0x2189, 1, 0x432E, 1, 0x5C32, 1,
    0x432E, 2, 0x5C32, 2, 0x54F5, 1, 0x5C32, 2,
    0x2189, 2, 0x432E, 1, 0x18E4, 1, 0x0862, 1,
    0x2189, 2, 0x54F5, 15, 0x91A7, 1, 0x3187, 1,
    0x5C32, 5, 0x2925, 1, 0x3187, 1, 0x18E4, 1,
    0x5248, 1, 0x41C9, 1, 0x3A4A, 1, 0x636E, 5,
    0x8CB2, 2, 0x636E, 1, 0x8CB2, 3, 0xF6CE, 5,
    0xD5ED, 5, 0x0862, 2, 0x50A3, 1, 0x91A7, 1,
    0x3187, 1, 0x50A3, 1, 0x7062, 1, 0x50A3, 1,
    0x3187, 1, 0x18C5, 2, 0x7800, 1, 0x2925, 1,
    0x7B0A, 1, 0x5248, 1, 0x18C5, 31, 0x636E, 1,
    0x91A7, 1, 0x7000, 2, 0x18C5, 1, 0x1926, 3,
    0x2189, 5, 0x3A4A, 2, 0x2189, 1, 0x5C32, 1,
    0x432E, 1, 0x5C32, 1, 0x432E, 1, 0x5C32, 3,
    0x54F5, 3, 0x5C32, 1, 0x54F5, 2, 0x2189, 1,
    0x54F5, 1, 0x2189, 1, 0x54F5, 1, 0x432E, 1,
    0x54F5, 14, 0x91A7, 1, 0x2925, 1, 0x5C32, 3,
    0x3187, 2, 0x1926, 1, 0x5AEC, 1, 0x41C9, 2,
    0x636E, 1, 0x5AEC, 3, 0x636E, 2, 0x8CB2, 3,
    0xF6CE, 1, 0x8CB2, 4, 0xD5ED, 1, 0xF6CE, 2,
    0xD5ED, 5, 0x0862, 2, 0x91A7, 1, 0x50A3, 2,
    0x2925, 1, 0x50A3, 1, 0x3187, 1, 0x91A7, 1,
    0x3187, 1, 0x18C5, 2, 0x7800, 1, 0x3800, 1,
    0x4947, 1, 0x18C5, 30, 0x636E, 1, 0x7000, 1,
    0x91A7, 2, 0x2000, 1, 0x3000, 3, 0x91A7, 1,
    0x7000, 3, 0x1926, 1, 0x2189, 7, 0x432E, 1,
    0x3A4A, 1, 0x2189, 3, 0x3A4A, 2, 0x5C32, 4,
    0x432E, 1, 0x54F5, 2, 0x432E, 1, 0x2189, 1,
    0x54F5, 14, 0x91A7, 1, 0x18E4, 1, 0x3187, 2,
    0x5AEC, 2, 0x62EA, 2, 0x7145, 1, 0x41C9, 1,
    0x636E, 1, 0x5AEC, 4, 0x8CB2, 6, 0xF6CE, 3,
    0x8CB2, 2, 0xF6CE, 6, 0x0862, 2, 0x50A3, 1,
    0x3187, 1, 0x2925, 1, 0x20E4, 4, 0x7145, 2,
    0x50A3, 1, 0x18C5, 1, 0x7800, 1, 0x3000, 1,
    0x4947, 1, 0x18C5, 28, 0x7B8D, 1, 0x7000, 1,
    0x91A7, 1, 0x20E4, 2, 0x8000, 1, 0x91A7, 4,
    0x636E, 1, 0x2925, 1, 0x20E4, 2, 0x7145, 2,
    0x91A7, 3, 0x7000, 2, 0x2189, 12, 0x3A4A, 4,
    0x2189, 2, 0x54F5, 13, 0x7145, 1, 0x2925, 1,
    0x3187, 2, 0x91A7, 1, 0x7145, 1, 0x5248, 1,
    0x41C9, 1, 0x636E, 2, 0x5AEC, 3, 0x5248, 1,
    0x8CB2, 4, 0xF6CE, 14, 0x0862, 1, 0x7062, 1,
    0x7145, 1, 0x20E4, 2, 0x2925, 2, 0x1882, 1,
    0x20E4, 1, 0x2925, 1, 0x7145, 1, 0x91A7, 1,
    0x18C5, 1, 0x7800, 1, 0x3000, 1, 0x18C5, 27,
    0x7000, 1, 0x91A7, 2, 0x2000, 1, 0x8000, 2,
    0x5AEC, 1, 0x62EA, 3, 0x5AEC, 6, 0x3A4A, 2,
    0x2925, 3, 0x91A7, 6, 0x7000, 1, 0x6000, 1,
    0x7000, 2, 0x6000, 1, 0x2189, 4, 0x3A4A, 1,
    0x2189, 2, 0x3A4A, 1, 0x432E, 2, 0x3A4A, 6,
    0x54F5, 6, 0x3187, 1, 0x2925, 1, 0x91A7, 1,
    0x50A3, 1, 0x62EA, 2, 0x41C9, 1, 0x636E, 2,
    0x5AEC, 3, 0x8CB2, 6, 0xF6CE, 9, 0xB50D, 1,
    0xF6CE, 4, 0x0862, 1, 0x50A3, 1, 0x7062, 1,
    0x1882, 1, 0x2925, 1, 0x5248, 2, 0x2925, 2,
    0x1882, 1, 0x3187, 1, 0x50A3, 1, 0x18C5, 2,
    0x3800, 1, 0x18C5, 24, 0x8CB2, 1, 0x6000, 1,
    0x7145, 2, 0x2000, 1, 0x7062, 2, 0x5AEC, 2,
    0x62EA, 3, 0x5AEC, 5, 0x636E, 7, 0x5248, 4,
    0x5AEC, 2, 0x20E4, 3, 0x1882, 1, 0x91A7, 9,
    0x7800, 4, 0x6000, 1, 0x3A4A, 5, 0x2189, 4,
    0x3187, 2, 0x5248, 1, 0x62EA, 1, 0x5248, 2,
    0x636E, 2, 0x5AEC, 3, 0x8CB2, 3, 0xF6CE, 2,
    0x8CB2, 1, 0xF6CE, 4, 0x5C32, 2, 0xF6CE, 4,
    0xB50D, 1, 0xF6CE, 4, 0x3187, 1, 0x50A3, 1,
    0x2925, 3, 0x1882, 2, 0x62EA, 1, 0x2925, 2,
    0x20E4, 1, 0x3187, 1, 0x18C5, 25, 0x8CB2, 1,
    0x6000, 2, 0x7145, 1, 0x2000, 2, 0x7145, 1,
    0x636E, 2, 0x5AEC, 2, 0x62EA, 3, 0x5AEC, 2,
    0x7B0A, 1, 0x5AEC, 1, 0x636E, 6, 0x5AEC, 1,
    0x636E, 10, 0x2925, 2, 0x3A4A, 1, 0x7145, 1,
    0x5AEC, 1, 0x2925, 5, 0x5248, 1, 0x7062, 3,
    0x3000, 2, 0x2000, 2, 0x3000, 1, 0x2000, 2,
    0x91A7, 2, 0x5000, 1, 0x7145, 1, 0x5248, 2,
    0x41C9, 1, 0x636E, 2, 0x5AEC, 3, 0x8CB2, 3,
    0xF6CE, 4, 0x636E, 2, 0xF6CE, 3, 0x2925, 2,
    0x41C9, 1, 0xF6CE, 3, 0xB50D, 1, 0xF6CE, 3,
    0x18E4, 1, 0x3187, 2, 0x1882, 1, 0x62EA, 1,
    0x4947, 1, 0x3800, 1, 0x1882, 1, 0x2925, 1,
    0x4947, 1, 0x2925, 1, 0x20E4, 1, 0x3187, 1,
    0x18C5, 23, 0x8CB2, 1, 0xA001, 1, 0x6000, 1,
    0x7145, 1, 0x2000, 2, 0x2925, 2, 0x636E, 3,
    0x8C0C, 1, 0x5248, 1, 0x41C9, 1, 0x5AEC, 2,
    0x5248, 1, 0x3A4A, 1, 0x5AEC, 1, 0x636E, 1,
    0xB50D, 2, 0x8CB2, 1, 0xB50D, 10, 0x5AEC, 1,
    0x636E, 14, 0x91A7, 1, 0x7145, 3, 0x7062, 1,
    0x7800, 1, 0x2000, 2, 0x91A7, 1, 0x7000, 1,
    0x7145, 3, 0x3A4A, 1, 0x5248, 2, 0x636E, 3,
    0x8C0C, 1, 0x5AEC, 1, 0x8CB2, 2, 0xF6CE, 6,
    0x636E, 2, 0xF6CE, 3, 0x2925, 1, 0xF6CE, 1,
    0x3187, 1, 0xF6CE, 3, 0xB50D, 1, 0xF6CE, 3,
    0x18E4, 1, 0x3187, 1, 0x20E4, 1, 0x1882, 1,
    0x4947, 1, 0x1882, 5, 0x2925, 1, 0x20E4, 1,
    0x3187, 1, 0x1926, 1, 0x18C5, 20, 0x8CB2, 1,
    0xA001, 1, 0x6000, 1, 0x7145, 2, 0x2000, 1,
    0x50A3, 2, 0x5AEC, 2, 0x8C0C, 6, 0xA489, 2,
    0x636E, 1, 0xB50D, 2, 0x5AEC, 4, 0x636E, 1,
    0xB50D, 3, 0x5AEC, 1, 0x636E, 1, 0x5AEC, 2,
    0x636E, 1, 0xB50D, 4, 0x636E, 9, 0x5AEC, 1,
    0x7145, 3, 0x91A7, 1, 0x7800, 2, 0x2000, 1,
    0x91A7, 2, 0x50A3, 4, 0x41C9, 2, 0x5AEC, 2,
    0x636E, 3, 0x5AEC, 1, 0x8CB2, 4, 0xF6CE, 3,
    0x8CB2, 1, 0xF6CE, 2, 0xA489, 2, 0xF6CE, 3,
    0xB50D, 1, 0xF6CE, 1, 0xD5ED, 1, 0xF6CE, 1,
    0xD5ED, 1, 0xF6CE, 1, 0x7B0A, 1, 0xF6CE, 3,
    0x3187, 1, 0x91A7, 1, 0x1882, 1, 0x2925, 1,
    0x1882, 2, 0x0862, 1, 0x1882, 3, 0x62EA, 1,
    0x2925, 1, 0x3187, 2, 0x18C5, 18, 0x8CB2, 1,
    0x7062, 2, 0x7145, 2, 0x2000, 1, 0x3A4A, 1,
    0x20E4, 1, 0x5AEC, 2, 0x636E, 1, 0x8C0C, 1,
    0xA489, 3, 0x41C9, 1, 0x5248, 1, 0xA489, 1,
    0x8C0C, 1, 0xB50D, 2, 0x5AEC, 9, 0x636E, 1,
    0x5AEC, 1, 0xB50D, 3, 0x636E, 1, 0x5AEC, 2,
    0x636E, 1, 0xB50D, 2, 0x636E, 1, 0x5AEC, 2,
    0x636E, 3, 0x5AEC, 2, 0x7145, 2, 0x5AEC, 1,
    0x7800, 2, 0x2000, 1, 0x91A7, 2, 0x50A3, 3,
    0x41C9, 3, 0x5AEC, 2, 0x636E, 3, 0x8C0C, 2,
    0x8CB2, 5, 0xF6CE, 1, 0x8CB2, 3, 0xF6CE, 3,
    0x8C0C, 1, 0xF6CE, 4, 0xB50D, 1, 0xD5ED, 1,
    0xA489, 2, 0xF6CE, 1, 0x7B0A, 1, 0xF6CE, 3,
    0x2925, 1, 0x7145, 1, 0x2925, 1, 0x62EA, 1,
    0x1882, 6, 0x62EA, 1, 0x2925, 2, 0x3187, 1,
    0x18C5, 16, 0x636E, 1, 0x5AEC, 2, 0x7062, 1,
    0x7145, 2, 0x2000, 1, 0x3187, 2, 0x8C0C, 3,
    0xA489, 1, 0x8C0C, 2, 0xA489, 2, 0x6000, 1,
    0x8C0C, 1, 0xB50D, 1, 0x62EA, 1, 0x2925, 1,
    0xB50D, 4, 0x5AEC, 2, 0xB50D, 3, 0x5AEC, 7,
    0xB50D, 2, 0x5AEC, 2, 0xB50D, 3, 0x636E, 3,
    0x5AEC, 1, 0x7062, 1, 0x91A7, 1, 0x5AEC, 2,
    0x8000, 1, 0x0862, 1, 0x91A7, 1, 0x7000, 1,
    0x50A3, 1, 0x41C9, 5, 0x5AEC, 3, 0x636E, 1,
    0x5AEC, 1, 0x636E, 2, 0x5AEC, 1, 0x8CB2, 8,
    0x636E, 2, 0xF6CE, 1, 0xD5ED, 1, 0xF6CE, 1,
    0xB50D, 1, 0x8CB2, 1, 0xF6CE, 2, 0xD5ED, 1,
    0xF6CE, 1, 0xD5ED, 1, 0xA489, 1, 0xF6CE, 1,
    0x5C32, 1, 0x7B0A, 1, 0xF6CE, 1, 0xD5ED, 2,
    0x2925, 3, 0x4947, 1, 0x1882, 1, 0x0862, 1,
    0x1882, 4, 0x2925, 3, 0x3187, 1, 0x18C5, 15,
    0x636E, 2, 0x91A7, 2, 0x7145, 2, 0x2000, 1,
    0x4800, 2, 0x636E, 1, 0x8C0C, 2, 0x7B0A, 2,
    0x4800, 2, 0x7145, 1, 0x8C0C, 2, 0xB50D, 1,
    0x8C0C, 1, 0x7145, 1, 0x2925, 1, 0x3A4A, 1,
    0xB50D, 3, 0x5AEC, 1, 0xB50D, 3, 0x41C9, 1,
    0x5AEC, 1, 0xB50D, 2, 0x5AEC, 8, 0xB50D, 6,
    0x636E, 2, 0x5AEC, 1, 0x8000, 1, 0x2000, 1,
    0x91A7, 1, 0x7000, 1, 0x4841, 1, 0x41C9, 4,
    0x5AEC, 4, 0x636E, 1, 0x5AEC, 2, 0x636E, 2,
    0x8CB2, 8, 0xD5ED, 1, 0x636E, 2, 0xA489, 1,
    0x3187, 1, 0xF6CE, 1, 0xD5ED, 1, 0xB50D, 1,
    0x5C32, 1, 0xF6CE, 1, 0xD5ED, 5, 0xF6CE, 1,
    0x0000, 1, 0xA489, 1, 0xF6CE, 1, 0xD5ED, 1,
    0x1882, 1, 0x3187, 1, 0x20E4, 1, 0x2925, 1,
    0x1882, 7, 0x7B0A, 1, 0x3187, 1, 0x2925, 1,
    0x3187, 1, 0x18C5, 14, 0x636E, 2, 0x5AEC, 1,
    0x91A7, 1, 0x7145, 2, 0x2000, 1, 0x6000, 2,
    0x3A4A, 1, 0x5AEC, 1, 0x7B0A, 3, 0x5248, 1,
    0x8C0C, 1, 0x7B0A, 2, 0x7B8D, 2, 0x5248, 1,
    0x7B8D, 2, 0x8C0C, 1, 0xA489, 1, 0x7B8D, 1,
    0x20E4, 2, 0x8C0C, 1, 0xB50D, 2, 0x3A4A, 1,
    0xB50D, 8, 0x5AEC, 1, 0xA489, 1, 0xB50D, 2,
    0x7062, 1, 0x6000, 1, 0xB50D, 1, 0xA489, 2,
    0x5AEC, 1, 0xB50D, 2, 0x1882, 1, 0x91A7, 2,
    0x50A3, 1, 0x3187, 1, 0x41C9, 3, 0x5248, 3,
    0x5AEC, 2, 0x636E, 2, 0x5C32, 1, 0x636E, 1,
    0x5AEC, 1, 0x8CB2, 9, 0xD5ED, 1, 0xF6CE, 2,
    0xA489, 1, 0x5C32, 1, 0xD5ED, 3, 0x5C32, 1,
    0xF6CE, 1, 0xA489, 2, 0x5C32, 1, 0x41C9, 1,
    0x3187, 1, 0x1926, 1, 0xA489, 1, 0xF6CE, 1,
    0xD5ED, 2, 0x18E4, 1, 0x3187, 1, 0x20E4, 1,
    0x62EA, 1, 0x3800, 1, 0x1882, 5, 0x6000, 1,
    0x7B0A, 1, 0x2925, 2, 0x3187, 1, 0x18C5, 13,
    0x636E, 1, 0x5AEC, 3, 0x5000, 1, 0x7145, 1,
    0x2000, 1, 0x6000, 1, 0x5000, 1, 0x62EA, 1,
    0x41C9, 1, 0x3A4A, 2, 0x8C0C, 1, 0x7B0A, 4,
    0x7B8D, 1, 0x5248, 1, 0xA489, 3, 0x7B8D, 1,
    0x5248, 1, 0x50A3, 1, 0x20E4, 2, 0x7B0A, 1,
    0x8C0C, 1, 0x41C9, 2, 0x8C0C, 1, 0x7B0A, 1,
    0x2925, 2, 0x8C0C, 2, 0xA489, 1, 0x8C0C, 1,
    0x5248, 1, 0xA489, 1, 0xB50D, 1, 0x6000, 1,
    0x5248, 1, 0xA489, 2, 0xB50D, 1, 0x5AEC, 1,
    0x636E, 1, 0x8800, 1, 0x2000, 2, 0x91A7, 1,
    0x4841, 2, 0x3000, 1, 0x3187, 1, 0x41C9, 1,
    0x5AEC, 5, 0x636E, 1, 0x5AEC, 1, 0x636E, 3,
    0x8CB2, 10, 0xF6CE, 3, 0xB50D, 1, 0x8CB2, 1,
    0xD5ED, 3, 0xA489, 1, 0x3187, 1, 0xD5ED, 1,
    0x7B0A, 1, 0xD5ED, 1, 0x5C32, 1, 0x20E4, 3,
    0xA489, 1, 0xD5ED, 3, 0x18E4, 1, 0x3187, 1,
    0x20E4, 1, 0x5248, 1, 0x3800, 1, 0x1882, 6,
    0x2925, 3, 0x1926, 1, 0x18C5, 12, 0x5AEC, 4,
    0x5000, 1, 0x7145, 1, 0x2000, 1, 0x5000, 2,
    0x5248, 2, 0x3A4A, 1, 0x3187, 1, 0x8C0C, 1,
    0x41C9, 2, 0x4800, 1, 0x4841, 2, 0x7B0A, 1,
    0xA489, 1, 0x7B8D, 3, 0xA489, 1, 0x5248, 1,
    0x8C0C, 3, 0x5248, 1, 0x20E4, 2, 0x5248, 3,
    0x7B0A, 1, 0x8C0C, 1, 0x5248, 2, 0x8C0C, 1,
    0x50A3, 1, 0x3800, 2, 0xA489, 4, 0x5AEC, 2,
    0x41C9, 1, 0x7000, 1, 0x2000, 1, 0x7145, 1,
    0x5000, 1, 0x50A3, 2, 0x3000, 2, 0x5AEC, 6,
    0x636E, 1, 0x5AEC, 1, 0x636E, 1, 0x5AEC, 1,
    0x636E, 1, 0x8CB2, 2, 0x636E, 1, 0x8CB2, 6,
    0x636E, 2, 0x8CB2, 1, 0xF6CE, 1, 0xD5ED, 1,
    0xF6CE, 1, 0xD5ED, 4, 0xA489, 1, 0x3187, 1,
    0xD5ED, 1, 0xA001, 1, 0xA489, 1, 0x41C9, 1,
    0x20E4, 1, 0xF6CE, 3, 0xD5ED, 1, 0xA489, 2,
    0x2925, 1, 0x3187, 1, 0x20E4, 1, 0x4947, 1,
    0x1882, 1, 0x20E4, 1, 0x6000, 1, 0x1882, 4,
    0x4947, 1, 0x2925, 1, 0x3187, 1, 0x2925, 1,
    0x18C5, 11, 0x3187, 1, 0x91A7, 1, 0x5AEC, 1,
    0x7145, 1, 0x91A7, 1, 0x7145, 1, 0x2000, 1,
    0x6000, 2, 0x50A3, 1, 0x5248, 1, 0x50A3, 1,
    0x20E4, 1, 0x7B0A, 1, 0x8C0C, 2, 0x4800, 4,
    0x3800, 1, 0x4800, 1, 0x4947, 2, 0x7B8D, 1,
    0xA489, 1, 0x8C0C, 2, 0x5248, 1, 0x8C0C, 3,
    0x5248, 2, 0x4841, 3, 0x7B0A, 2, 0xA489, 1,
    0x4800, 1, 0x41C9, 2, 0xA489, 1, 0x4947, 1,
    0xA489, 4, 0x5248, 1, 0x7000, 1, 0x2000, 1,
    0x7145, 1, 0x50A3, 4, 0x3A4A, 2, 0x5AEC, 4,
    0x5248, 1, 0x636E, 1, 0x62EA, 1, 0x5AEC, 1,
    0x7145, 1, 0x5AEC, 1, 0x636E, 1, 0x5AEC, 1,
    0x636E, 1, 0x8CB2, 6, 0x91A7, 1, 0x636E, 1,
    0xB50D, 1, 0xF6CE, 2, 0xB50D, 1, 0xF6CE, 1,
    0xD5ED, 2, 0x41C9, 1, 0x3187, 1, 0xA489, 2,
    0x8C0C, 1, 0xA001, 2, 0x41C9, 1, 0xF6CE, 2,
    0xA489, 4, 0x18E4, 1, 0x2925, 1, 0x3187, 1,
    0x2925, 1, 0xA489, 1, 0x7000, 1, 0x20E4, 1,
    0x1882, 5, 0x62EA, 1, 0x20E4, 1, 0x3187, 1,
    0x18C5, 11, 0x7062, 1, 0x91A7, 2, 0x8000, 2,
    0x7145, 1, 0x3000, 2, 0x6000, 2, 0x5248, 1,
    0x7145, 2, 0x20E4, 1, 0x8C0C, 3, 0x41C9, 1,
    0x50A3, 1, 0x4947, 1, 0x4800, 7, 0x7B0A, 1,
    0xA489, 5, 0x7B0A, 1, 0xA489, 2, 0x7B0A, 1,
    0x4947, 4, 0xA489, 3, 0x4800, 1, 0x5248, 1,
    0xA489, 3, 0x3A4A, 1, 0x7000, 1, 0x2000, 1,
    0x7145, 1, 0x4841, 2, 0x50A3, 1, 0x41C9, 3,
    0x5AEC, 4, 0xB50D, 1, 0x636E, 1, 0x5248, 1,
    0x2925, 2, 0x7145, 1, 0x3187, 1, 0x5AEC, 2,
    0x8C0C, 2, 0x636E, 1, 0x8CB2, 1, 0x636E, 1,
    0x8CB2, 2, 0x3187, 2, 0xF6CE, 3, 0xB50D, 1,
    0xA489, 1, 0x5C32, 1, 0x3187, 1, 0x41C9, 1,
    0x20E4, 1, 0xF6CE, 1, 0xA489, 1, 0x41C9, 1,
    0xA001, 2, 0x7B8D, 1, 0x3187, 1, 0xA489, 2,
    0x3187, 1, 0x2925, 1, 0xA489, 1, 0x1882, 1,
    0x2925, 3, 0xA489, 1, 0x1882, 7, 0x62EA, 1,
    0x20E4, 1, 0x3187, 1, 0x18C5, 10, 0x7062, 1,
    0x3187, 1, 0x8000, 2, 0x7145, 1, 0x4841, 1,
    0x7145, 1, 0x2000, 2, 0x6000, 1, 0x7145, 1,
    0x5248, 2, 0x50A3, 1, 0x1882, 2, 0x8C0C, 2,
    0x50A3, 2, 0x4841, 1, 0x7B0A, 1, 0x4947, 1,
    0x4800, 6, 0x3000, 1, 0x3187, 2, 0x7B0A, 2,
    0xA489, 3, 0x7B0A, 1, 0xA489, 3, 0x7000, 1,
    0x5AEC, 2, 0xA489, 2, 0xB50D, 1, 0x8C0C, 2,
    0x5AEC, 1, 0x6000, 1, 0x2000, 1, 0x7145, 1,
    0x50A3, 4, 0x41C9, 2, 0x3A4A, 2, 0x7B0A, 2,
    0xB50D, 2, 0x2925, 1, 0x50A3, 1, 0x7062, 1,
    0x7145, 1, 0x7062, 2, 0x5AEC, 1, 0x3187, 1,
    0x8C0C, 1, 0x3187, 2, 0x91A7, 1, 0x636E, 2,
    0x8CB2, 1, 0x2925, 1, 0xA489, 1, 0xF6CE, 3,
    0xB50D, 1, 0xA489, 1, 0x5C32, 1, 0x20E4, 2,
    0xF6CE, 2, 0xA489, 1, 0x41C9, 1, 0xA001, 1,
    0x7062, 2, 0x91A7, 1, 0x3187, 2, 0x7062, 1,
    0x2925, 1, 0x7B0A, 1, 0x1882, 1, 0x2925, 1,
    0x3187, 1, 0x2925, 1, 0x4947, 1, 0x3800, 1,
    0x1882, 6, 0x2925, 1, 0x20E4, 1, 0x3187, 1,
    0x18C5, 10, 0x6000, 2, 0x7000, 1, 0x7145, 1,
    0x7062, 1, 0x4841, 2, 0x4800, 2, 0x5000, 1,
    0x41C9, 1, 0x5248, 1, 0x7145, 1, 0x50A3, 2,
    0x1882, 1, 0x3A4A, 1, 0x8C0C, 2, 0x41C9, 1,
    0x4800, 1, 0x4947, 4, 0x4800, 10, 0x4841, 1,
    0x5248, 1, 0x4947, 1, 0xA489, 1, 0x5248, 1,
    0x4841, 1, 0xA489, 3, 0x1882, 1, 0x3A4A, 1,
    0x8C0C, 2, 0x5AEC, 1, 0x4841, 1, 0x2000, 1,
    0x7145, 1, 0x5000, 1, 0x4841, 2, 0x41C9, 3,
    0x3A4A, 1, 0x5AEC, 3, 0xB50D, 2, 0x2925, 1,
    0x6000, 1, 0x7800, 1, 0x7062, 1, 0x7800, 1,
    0x7062, 1, 0x7800, 1, 0x2925, 1, 0x20E4, 1,
    0x2925, 1, 0x3187, 2, 0x636E, 3, 0x3187, 1,
    0x2925, 1, 0xF6CE, 4, 0xB50D, 1, 0xA001, 1,
    0x41C9, 1, 0xA489, 1, 0xF6CE, 2, 0xA489, 2,
    0x2925, 1, 0x91A7, 1, 0x7062, 5, 0x2925, 2,
    0x7B0A, 1, 0x18E4, 1, 0x2925, 1, 0x3187, 1,
    0x20E4, 1, 0x5248, 1, 0x3800, 1, 0x1882, 1,
    0x0862, 1, 0x1882, 3, 0x4947, 1, 0x2925, 1,
    0x3187, 1, 0x50A3, 1, 0x18C5, 10, 0x6000, 1,
    0x7000, 2, 0x7062, 2, 0x4841, 2, 0x50A3, 1,
    0x4800, 2, 0x4841, 1, 0x41C9, 1, 0x50A3, 1,
    0x4841, 3, 0x4800, 1, 0x3A4A, 1, 0x7B0A, 1,
    0x8C0C, 1, 0x4841, 2, 0x50A3, 1, 0x4800, 1,
    0x3000, 2, 0x4841, 1, 0x50A3, 1, 0x4841, 2,
    0x4800, 1, 0x4841, 3, 0x50A3, 1, 0x3000, 3,
    0xA489, 2, 0x3A4A, 1, 0x20E4, 2, 0x7000, 1,
    0x20E4, 1, 0x5AEC, 3, 0x6000, 1, 0x2000, 1,
    0x7145, 1, 0x5000, 1, 0x4841, 1, 0x50A3, 3,
    0x41C9, 1, 0x5248, 2, 0x5AEC, 2, 0xB50D, 3,
    0x3187, 1, 0x18C5, 4, 0x6000, 1, 0x7800, 1,
    0x5000, 1, 0x2925, 2, 0x3187, 2, 0x41C9, 1,
    0x636E, 2, 0x2925, 1, 0xA489, 1, 0xF6CE, 4,
    0x41C9, 1, 0x7062, 1, 0x636E, 1, 0xA489, 3,
    0x41C9, 1, 0x7B0A, 1, 0x2925, 1, 0x7062, 3,
    0x2925, 3, 0x1882, 1, 0x0862, 1, 0x2925, 3,
    0x3187, 1, 0x20E4, 1, 0x62EA, 1, 0x1882, 3,
    0x0862, 1, 0x1882, 1, 0x3800, 1, 0x2925, 2,
    0x7145, 1, 0x91A7, 1, 0x18C5, 9, 0x7000, 1,
    0x6000, 1, 0x7000, 1, 0x8C0C, 1, 0x5248, 1,
    0x50A3, 2, 0x4841, 1, 0x41C9, 1, 0x2000, 1,
    0x4800, 1, 0x50A3, 1, 0x41C9, 2, 0x50A3, 1,
    0x4841, 3, 0x1882, 1, 0x3187, 2, 0x5248, 1,
    0x7B0A, 1, 0x5248, 1, 0x2925, 2, 0x1882, 1,
    0x5AEC, 1, 0x8C0C, 2, 0x50A3, 1, 0x20E4, 1,
    0x3187, 2, 0x7B0A, 1, 0x8C0C, 3, 0xA489, 1,
    0x3A4A, 1, 0x1882, 1, 0x7000, 4, 0x7145, 2,
    0x7062, 1, 0x6000, 1, 0x2000, 1, 0x7145, 1,
    0x5000, 1, 0x4841, 2, 0x50A3, 3, 0x41C9, 3,
    0x5248, 1, 0x7B0A, 1, 0xB50D, 1, 0x2925, 1,
    0x7145, 1, 0x0862, 3, 0x2925, 1, 0x3187, 1,
    0x18C5, 3, 0x7000, 1, 0x5AEC, 1, 0x5C32, 1,
    0x3187, 1, 0x41C9, 1, 0x8CB2, 1, 0x636E, 1,
    0xA489, 1, 0xF6CE, 4, 0xD5ED, 1, 0x3187, 1,
    0x7062, 1, 0x91A7, 1, 0x3187, 3, 0x41C9, 1,
    0x7B0A, 1, 0x3187, 1, 0x2925, 1, 0x5248, 1,
    0x0862, 1, 0x1882, 2, 0x3800, 1, 0x4947, 2,
    0x1926, 1, 0x2925, 2, 0x3187, 1, 0x20E4, 1,
    0x2925, 1, 0x4947, 1, 0x1882, 4, 0x2925, 2,
    0x1882, 1, 0x7145, 1, 0x18C5, 10, 0x7000, 1,
    0x6000, 1, 0x8C0C, 2, 0x2925, 1, 0x3187, 1,
    0x50A3, 1, 0x4841, 2, 0x4947, 1, 0x2000, 1,
    0x5000, 1, 0x50A3, 1, 0x4841, 1, 0x50A3, 2,
    0x4841, 3, 0x4800, 1, 0x1882, 2, 0x3187, 3,
    0x7B0A, 2, 0x62EA, 2, 0x5248, 1, 0x3187, 2,
    0x62EA, 2, 0x5248, 1, 0x18E4, 1, 0x20E4, 1,
    0x1882, 1, 0x6000, 2, 0x7000, 3, 0x7062, 3,
    0x6000, 1, 0x2000, 1, 0x7145, 2, 0x5000, 1,
    0x50A3, 7, 0x41C9, 2, 0x3A4A, 1, 0x5AEC, 2,
    0x7145, 1, 0x7062, 1, 0x0862, 3, 0x8CB2, 1,
    0x50A3, 1, 0x3187, 1, 0x91A7, 1, 0x18C5, 1,
    0x7000, 1, 0x5AEC, 1, 0x3187, 1, 0x2925, 1,
    0x636E, 1, 0x3187, 1, 0x4841, 1, 0xA489, 1,
    0xF6CE, 4, 0xD5ED, 1, 0x2925, 1, 0x7062, 2,
    0x91A7, 1, 0x3187, 1, 0x7062, 1, 0x7145, 1,
    0x4947, 1, 0x20E4, 1, 0x0862, 2, 0x4947, 2,
    0x3800, 1, 0x4947, 3, 0x18E4, 3, 0x3187, 1,
    0x20E4, 1, 0x2925, 1, 0x62EA, 1, 0x1882, 2,
    0x3800, 1, 0x1882, 1, 0x62EA, 1, 0x20E4, 1,
    0x2925, 1, 0x3187, 1, 0x18C5, 10, 0x7000, 1,
    0x7145, 1, 0xA489, 3, 0x20E4, 1, 0x4841, 2,
    0x4800, 1, 0x4947, 1, 0x0862, 1, 0x2000, 1,
    0x4800, 4, 0x4841, 5, 0x4800, 2, 0x3800, 1,
    0x4800, 3, 0x0862, 3, 0x2000, 1, 0x3800, 1,
    0x4800, 2, 0x0862, 1, 0x3800, 1, 0x4841, 3,
    0x50A3, 2, 0x41C9, 1, 0x4841, 1, 0x4800, 3,
    0x3000, 1, 0x50A3, 1, 0x4841, 1, 0x91A7, 1,
    0x7062, 1, 0x6000, 1, 0x50A3, 6, 0x20E4, 2,
    0x5AEC, 1, 0x3187, 1, 0x7062, 1, 0x6000, 1,
    0x0862, 3, 0x50A3, 1, 0x91A7, 1, 0x3187, 1,
    0x50A3, 1, 0x7062, 1, 0x91A7, 1, 0x1882, 1,
    0x5AEC, 1, 0x3187, 1, 0x636E, 1, 0x41C9, 1,
    0x3187, 1, 0x1882, 1, 0xF6CE, 5, 0xD5ED, 1,
    0x20E4, 1, 0x7062, 4, 0x5248, 1, 0x0862, 1,
    0x4947, 1, 0x4800, 1, 0x4947, 7, 0x18E4, 3,
    0x1926, 1, 0x2925, 4, 0x4947, 2, 0x1882, 1,
    0x5248, 1, 0x2925, 1, 0x20E4, 1, 0x7145, 1,
    0x3187, 1, 0x18C5, 10, 0x7000, 1, 0x91A7, 1,
    0xA489, 1, 0x8C0C, 2, 0x3187, 1, 0x20E4, 1,
    0x4841, 2, 0x41C9, 2, 0x4947, 1, 0x0862, 1,
    0x4800, 3, 0x5000, 1, 0x4841, 6, 0x5000, 2,
    0x4800, 10, 0x4841, 1, 0x5000, 1, 0x50A3, 2,
    0x41C9, 2, 0x50A3, 1, 0x4800, 2, 0x50A3, 1,
    0x4841, 3, 0x7062, 2, 0x91A7, 1, 0x8800, 1,
    0x8000, 4, 0x50A3, 2, 0x20E4, 1, 0x3187, 2,
    0x7800, 1, 0x7062, 1, 0x0862, 3, 0x50A3, 2,
    0x20E4, 1, 0x2925, 1, 0x20E4, 1, 0x3187, 1,
    0x7145, 1, 0x2925, 1, 0x5AEC, 1, 0x3187, 3,
    0x1882, 1, 0xA489, 1, 0xF6CE, 2, 0xD5ED, 1,
    0xF6CE, 1, 0xD5ED, 2, 0x20E4, 1, 0x91A7, 1,
    0x7062, 1, 0x5248, 2, 0x0862, 2, 0x4800, 1,
    0x4947, 6, 0x636E, 2, 0x18E4, 4, 0x2925, 1,
    0x7145, 1, 0x1882, 2, 0x62EA, 1, 0x2925, 1,
    0x5248, 1, 0x2925, 1, 0x1882, 1, 0x3187, 1,
    0x91A7, 1, 0x2925, 1, 0x18C5, 10, 0x7000, 1,
    0x5AEC, 1, 0x5248, 1, 0xA489, 2, 0x3A4A, 1,
    0x20E4, 1, 0x50A3, 1, 0x4841, 4, 0x50A3, 1,
    0x0862, 2, 0x3800, 2, 0x4841, 1, 0x5000, 1,
    0x4841, 4, 0x5000, 2, 0x4841, 1, 0x4800, 10,
    0x50A3, 1, 0x4841, 1, 0x50A3, 1, 0x5000, 1,
    0x4800, 2, 0x2000, 1, 0x41C9, 1, 0x4841, 2,
    0x50A3, 1, 0x7062, 1, 0x91A7, 1, 0x7062, 2,
    0x8800, 4, 0x8000, 3, 0x91A7, 1, 0x8000, 1,
    0x7062, 1, 0x7800, 1, 0x0862, 3, 0x7145, 1,
    0x3187, 1, 0x2925, 1, 0x20E4, 2, 0x1882, 1,
    0x20E4, 1, 0x2925, 1, 0x91A7, 1, 0x20E4, 1,
    0x3187, 1, 0x2925, 1, 0x6000, 1, 0x3800, 1,
    0xA489, 1, 0xF6CE, 2, 0xA489, 2, 0xD5ED, 1,
    0xA489, 1, 0x7B0A, 1, 0x2925, 1, 0x5248, 1,
    0x0862, 3, 0x4800, 1, 0x3800, 1, 0x4947, 5,
    0x432E, 2, 0x0000, 2, 0x18E4, 1, 0x1926, 1,
    0x18E4, 1, 0x3187, 1, 0x91A7, 1, 0x20E4, 1,
    0x1882, 1, 0x2925, 3, 0x20E4, 2, 0x7062, 1,
    0x50A3, 1, 0x18C5, 11, 0x4800, 1, 0x1882, 1,
    0x7B0A, 1, 0x636E, 1, 0x3A4A, 3, 0x20E4, 1,
    0x4841, 4, 0x50A3, 1, 0x4841, 1, 0x0862, 5,
    0x3800, 7, 0x4800, 11, 0x0862, 1, 0x2000, 1,
    0x0862, 1, 0x7145, 1, 0x5000, 1, 0x4841, 2,
    0x50A3, 1, 0x41C9, 1, 0x3187, 1, 0x7B0A, 2,
    0xB50D, 2, 0x8800, 4, 0x8000, 1, 0xA001, 2,
    0x8800, 2, 0x6000, 2, 0x0862, 3, 0x91A7, 1,
    0x2925, 1, 0x20E4, 1, 0x2925, 3, 0x20E4, 1,
    0x1882, 1, 0x91A7, 1, 0x20E4, 2, 0x2925, 1,
    0x6000, 1, 0x7B0A, 1, 0xD5ED, 3, 0xA489, 1,
    0x4947, 1, 0xA489, 2, 0x0862, 3, 0x3800, 1,
    0x4800, 3, 0x3800, 1, 0x4947, 3, 0x2925, 1,
    0x1926, 1, 0x2925, 2, 0x0000, 2, 0x20E4, 1,
    0x18E4, 1, 0x1926, 2, 0x3187, 2, 0x2925, 1,
    0x1882, 1, 0x20E4, 2, 0x2925, 1, 0x50A3, 1,
    0x91A7, 1, 0x18C5, 12, 0x4800, 1, 0x5AEC, 1,
    0x3A4A, 1, 0x5AEC, 1, 0x3A4A, 3, 0x18E4, 1,
    0x4841, 4, 0x4800, 2, 0x50A3, 2, 0x7145, 6,
    0x0862, 2, 0x0000, 2, 0x0862, 2, 0x3000, 6,
    0x0862, 2, 0x50A3, 1, 0x4947, 1, 0x41C9, 1,
    0x5248, 1, 0x4841, 1, 0x5000, 1, 0x50A3, 2,
    0x20E4, 1, 0x3187, 2, 0xB50D, 4, 0x7062, 1,
    0x8800, 2, 0xA001, 4, 0x8800, 2, 0x7800, 1,
    0x18E4, 2, 0x0862, 1, 0x7062, 1, 0x7145, 1,
    0x20E4, 1, 0x2925, 1, 0x5248, 1, 0x1882, 1,
    0x62EA, 1, 0x2925, 2, 0x3187, 1, 0x1926, 1,
    0x4841, 1, 0x2925, 1, 0x3800, 1, 0xA489, 1,
    0xD5ED, 2, 0xA489, 1, 0x7B0A, 1, 0x3800, 1,
    0xA489, 2, 0x7B0A, 1, 0x4947, 1, 0x3800, 2,
    0x4800, 2, 0x4947, 2, 0x5C32, 5, 0x1926, 2,
    0x18E4, 2, 0x2925, 2, 0x1926, 2, 0x3187, 1,
    0x50A3, 1, 0x7062, 1, 0x20E4, 1, 0x2925, 1,
    0x20E4, 1, 0x3187, 1, 0x50A3, 1, 0x18C5, 13,
    0x4800, 1, 0x6000, 1, 0x1882, 1, 0x3A4A, 1,
    0x5AEC, 2, 0x432E, 1, 0x636E, 1, 0x50A3, 1,
    0x7062, 1, 0x4841, 2, 0x4800, 12, 0x50A3, 6,
    0x0862, 2, 0x0000, 1, 0x7145, 2, 0x50A3, 1,
    0x4841, 4, 0x50A3, 2, 0x20E4, 1, 0x3A4A, 1,
    0x7B0A, 1, 0xB50D, 4, 0xA489, 2, 0x7062, 1,
    0xA001, 6, 0x8800, 1, 0x7800, 2, 0x18E4, 3,
    0x91A7, 1, 0x20E4, 1, 0x1882, 1, 0x4947, 1,
    0x1882, 2, 0x2925, 1, 0x4947, 1, 0x2925, 2,
    0x3187, 1, 0x4841, 1, 0x20E4, 1, 0x7B0A, 1,
    0xA489, 3, 0x4947, 1, 0x3800, 2, 0x7B0A, 3,
    0x3800, 1, 0x4800, 3, 0x3800, 1, 0x4947, 1,
    0x636E, 5, 0x18E4, 1, 0x0000, 1, 0x3187, 1,
    0x0000, 2, 0x18E4, 2, 0x1926, 1, 0x2925, 1,
    0x3187, 1, 0x50A3, 1, 0x7145, 1, 0x3187, 1,
    0x50A3, 3, 0x3187, 1, 0x18C5, 13, 0x4800, 2,
    0x0862, 2, 0x3A4A, 1, 0x432E, 2, 0x5C32, 1,
    0x3A4A, 1, 0x50A3, 1, 0x7000, 2, 0x6000, 4,
    0x4800, 19, 0x4841, 3, 0x50A3, 3, 0x20E4, 1,
    0x3A4A, 1, 0x5AEC, 1, 0xA489, 1, 0xB50D, 4,
    0x2925, 1, 0xB50D, 1, 0x91A7, 1, 0xA001, 6,
    0x8000, 3, 0x18E4, 1, 0x1882, 1, 0x2925, 1,
    0x50A3, 1, 0x20E4, 1, 0x2925, 1, 0x1882, 1,
    0x3800, 1, 0x1882, 1, 0x3800, 1, 0x1882, 1,
    0x2925, 2, 0x3187, 1, 0x4841, 1, 0x2925, 1,
    0xA489, 3, 0x7B0A, 1, 0x3800, 1, 0x4841, 1,
    0x4947, 1, 0x7B0A, 1, 0x4947, 2, 0x4800, 4,
    0x2925, 1, 0x3187, 2, 0x2925, 1, 0x3187, 2,
    0x0000, 1, 0x3187, 1, 0x8CB2, 1, 0x1926, 1,
    0x2925, 1, 0x18E4, 2, 0x20E4, 1, 0x18E4, 2,
    0x20E4, 1, 0x7062, 1, 0x50A3, 1, 0x91A7, 1,
    0x50A3, 1, 0x91A7, 1, 0x3187, 1, 0x18C5, 13,
    0x4800, 2, 0x3000, 1, 0x4800, 2, 0x0862, 1,
    0x18E4, 1, 0x5AEC, 1, 0x636E, 2, 0x4841, 1,
    0x5000, 3, 0x6000, 9, 0x7000, 3, 0x4800, 7,
    0x5000, 2, 0x4841, 2, 0x50A3, 2, 0x18E4, 1,
    0x5AEC, 4, 0x8CB2, 1, 0xB50D, 3, 0x62EA, 1,
    0x2925, 2, 0xB50D, 2, 0xA001, 5, 0x8000, 3,
    0x7800, 1, 0x18E4, 2, 0x3187, 2, 0x1882, 1,
    0x62EA, 1, 0x1882, 5, 0x62EA, 1, 0x20E4, 1,
    0x3187, 1, 0x4841, 1, 0x3000, 1, 0xA489, 2,
    0x4947, 2, 0x4841, 1, 0x3800, 1, 0x4947, 2,
    0x3800, 2, 0x4800, 3, 0x3800, 1, 0x3187, 2,
    0x1926, 1, 0x18E4, 1, 0x20E4, 1, 0x1926, 1,
    0x18C5, 10, 0x18E4, 4, 0x2925, 1, 0x8CB2, 1,
    0x18C5, 14, 0x4800, 2, 0x3000, 1, 0x4800, 4,
    0x0862, 2, 0x1882, 1, 0x4841, 1, 0x5000, 2,
    0x4800, 1, 0x6000, 8, 0x7000, 10, 0x8000, 1,
    0x8800, 3, 0x7062, 2, 0x3187, 1, 0x8CB2, 1,
    0x5C32, 1, 0x8CB2, 4, 0xF6CE, 3, 0x8CB2, 1,
    0x2925, 2, 0x8CB2, 1, 0xA001, 3, 0x8800, 1,
    0x8000, 1, 0x7800, 1, 0x8000, 2, 0x7800, 2,
    0x18E4, 1, 0x1882, 1, 0x2925, 4, 0x1882, 5,
    0x4947, 1, 0x20E4, 1, 0x636E, 1, 0x6000, 1,
    0x4947, 1, 0x7B0A, 2, 0x3800, 2, 0x4800, 1,
    0x3800, 1, 0x4947, 1, 0x3800, 1, 0x4800, 4,
    0x18C5, 3, 0x636E, 1, 0x8CB2, 1, 0x5C32, 2,
    0x3187, 1, 0x0000, 1, 0x18C5, 1, 0x0000, 1,
    0x18C5, 27, 0x4800, 1, 0x3000, 2, 0x4800, 4,
    0x6000, 2, 0x7000, 3, 0x4800, 1, 0x6000, 9,
    0x7000, 9, 0x7800, 4, 0x7062, 1, 0x5AEC, 1,
    0x8CB2, 1, 0x5C32, 1, 0x636E, 2, 0x8CB2, 4,
    0xF6CE, 1, 0x8CB2, 2, 0x41C9, 1, 0x8CB2, 1,
    0x2925, 1, 0xB50D, 1, 0xA001, 1, 0x8800, 1,
    0x8000, 6, 0x7800, 1, 0x1882, 3, 0x2925, 1,
    0x20E4, 1, 0x62EA, 1, 0x3800, 1, 0x0862, 1,
    0x1882, 4, 0x2925, 1, 0x20E4, 1, 0x3187, 1,
    0x2925, 1, 0x7B0A, 1, 0x4947, 1, 0x3800, 2,
    0x1882, 1, 0x4800, 1, 0x3800, 2, 0x4800, 2,
    0x4841, 1, 0x18C5, 9, 0x8CB2, 2, 0x2925, 1,
    0x20E4, 1, 0x18C5, 27, 0x4800, 1, 0x3000, 2,
    0x4800, 4, 0x6000, 3, 0x7000, 3, 0x8000, 5,
    0x6000, 4, 0x7000, 10, 0x7800, 3, 0x7062, 1,
    0x5C32, 2, 0x636E, 2, 0x1926, 1, 0x8CB2, 3,
    0x20E4, 1, 0x8CB2, 1, 0x1926, 2, 0x8CB2, 3,
    0x8800, 1, 0x8000, 4, 0x7800, 2, 0x8000, 3,
    0x1882, 2, 0x18E4, 1, 0x3187, 1, 0x2925, 1,
    0x4947, 1, 0x1882, 6, 0x7B0A, 1, 0x20E4, 1,
    0x636E, 1, 0x4947, 2, 0x0862, 1, 0x3800, 1,
    0x1882, 1, 0x4800, 2, 0x3800, 1, 0x4800, 3,
    0x18C5, 41, 0x3000, 3, 0x4800, 4, 0x6000, 2,
    0x7000, 2, 0x6000, 1, 0x7000, 2, 0x8000, 8,
    0x8800, 6, 0x7000, 8, 0x91A7, 1, 0x1882, 2,
    0x20E4, 1, 0x2925, 1, 0x20E4, 1, 0x2925, 2,
    0x8CB2, 1, 0x1926, 1, 0x8CB2, 2, 0x8800, 1,
    0x8000, 7, 0x7800, 2, 0x8000, 2, 0x7800, 1,
    0x1882, 2, 0x18E4, 1, 0x3187, 1, 0x2925, 2,
    0x1882, 5, 0x6000, 1, 0x2925, 1, 0x20E4, 1,
    0x3187, 1, 0x4947, 1, 0x3800, 1, 0x1882, 1,
    0x0862, 1, 0x1882, 1, 0x4800, 4, 0x18C5, 44,
    0x3000, 3, 0x4800, 3, 0x6000, 1, 0x7000, 6,
    0x8800, 5, 0x8000, 3, 0x8800, 8, 0xA001, 3,
    0x8800, 12, 0x8000, 2, 0x7800, 1, 0x8800, 1,
    0x8000, 6, 0x7800, 4, 0x8000, 1, 0x7800, 1,
    0x18E4, 2, 0x2925, 1, 0x3187, 1, 0x2925, 1,
    0x1882, 2, 0x6000, 1, 0x1882, 4, 0x4947, 1,
    0x20E4, 1, 0x3187, 1, 0x4947, 1, 0x0862, 1,
    0x1882, 3, 0x4800, 3, 0x18C5, 45, 0x3000, 3,
    0x4800, 4, 0x7000, 2, 0x6000, 1, 0x7000, 3,
    0x8000, 1, 0xA001, 3, 0x8800, 1, 0xA001, 1,
    0x8800, 2, 0xA001, 5, 0x8800, 3, 0xA001, 3,
    0x8800, 13, 0x8000, 7, 0x7800, 8, 0x18E4, 2,
    0x2925, 1, 0x3187, 1, 0x2925, 1, 0x1882, 2,
    0x6000, 1, 0x1882, 4, 0x62EA, 1, 0x20E4, 1,
    0x3187, 1, 0x1882, 5, 0x4800, 1, 0x18C5, 48,
    0x3000, 2, 0x5000, 1, 0x4800, 3, 0x7000, 1,
    0x6000, 2, 0x5000, 3, 0x6000, 2, 0x7000, 1,
    0xA001, 1, 0x98C3, 7, 0xA001, 2, 0x8800, 3,
    0xA001, 3, 0x8800, 6, 0x8000, 1, 0x8800, 6,
    0x8000, 7, 0x7800, 8, 0x1882, 2, 0x2925, 2,
    0x7062, 1, 0x1882, 7, 0x62EA, 1, 0x2925, 1,
    0x3187, 1, 0x1882, 3, 0x4800, 1, 0x18C5, 50,
    0x2000, 1, 0x3000, 1, 0x4800, 4, 0x6000, 1,
    0x4800, 2, 0x3000, 1, 0x2000, 2, 0x3000, 1,
    0x6000, 1, 0x7000, 2, 0x8800, 1, 0x7062, 2,
    0x7000, 1, 0x98C3, 2, 0x8800, 1, 0x7800, 1,
    0xA001, 3, 0x8800, 1, 0xA001, 5, 0x8800, 4,
    0x8000, 1, 0x8800, 6, 0x8000, 4, 0x7800, 11,
    0x1882, 2, 0x2925, 3, 0x1882, 7, 0x2925, 1,
    0x3187, 1, 0x1926, 1, 0x1882, 1, 0x4800, 2,
    0x18C5, 51, 0x2000, 1, 0x3000, 2, 0x4800, 1,
    0x5000, 2, 0x8000, 1, 0x8800, 1, 0x0862, 1,
    0x0000, 3, 0x3000, 2, 0x2000, 1, 0x3000, 2,
    0x0862, 1, 0x2000, 3, 0x0862, 1, 0x8800, 1,
    0x7800, 3, 0x7000, 2, 0x8000, 1, 0x7800, 3,
    0x8000, 1, 0x8800, 3, 0x8000, 1, 0x8800, 3,
    0x8000, 1, 0x8800, 4, 0x8000, 2, 0x7800, 11,
    0x18E4, 3, 0x2925, 1, 0x3187, 1, 0x2925, 2,
    0x1882, 1, 0x0862, 1, 0x1882, 3, 0x4947, 1,
    0x2925, 1, 0x7145, 1, 0x3800, 1, 0x4800, 1,
    0x18C5, 54, 0x2000, 1, 0x3000, 1, 0x4800, 2,
    0x5000, 1, 0x8000, 1, 0xA001, 1, 0x98C3, 1,
    0x8000, 1, 0x50A3, 1, 0x7062, 1, 0x0000, 4,
    0x0862, 3, 0x0000, 1, 0x2000, 1, 0x0862, 2,
    0x3000, 2, 0x2000, 1, 0x3000, 5, 0x4800, 1,
    0x6000, 1, 0x8000, 2, 0x8800, 9, 0x8000, 1,
    0x7800, 13, 0x2925, 4, 0x3187, 1, 0x2925, 1,
    0x4947, 1, 0x3800, 1, 0x1882, 1, 0x0862, 1,
    0x1882, 1, 0x3800, 1, 0x2925, 2, 0x91A7, 1,
    0x18C5, 56, 0x0000, 1, 0x3000, 3, 0x4800, 1,
    0x6000, 1, 0xA001, 3, 0x8800, 1, 0xA001, 1,
    0x3187, 1, 0x91A7, 1, 0x636E, 2, 0x8CB2, 3,
    0x0000, 1, 0x0862, 4, 0x0000, 7, 0x2000, 1,
    0x1882, 1, 0x6000, 2, 0xA001, 1, 0x8800, 8,
    0x8000, 1, 0x7800, 10, 0x7000, 1, 0x6000, 2,
    0x1926, 3, 0x2925, 1, 0x3187, 1, 0x2925, 1,
    0x62EA, 1, 0x1882, 4, 0x2925, 2, 0x1882, 1,
    0x91A7, 1, 0x18C5, 57, 0x0000, 1, 0x2000, 2,
    0x4800, 2, 0x8000, 3, 0x6000, 1, 0x7000, 1,
    0x98C3, 2, 0x91A7, 1, 0x8C0C, 1, 0x8CB2, 2,
    0xD5ED, 1, 0x8CB2, 5, 0x636E, 1, 0x7B8D, 2,
    0x91A7, 1, 0x41C9, 1, 0x98C3, 1, 0x7062, 1,
    0xA001, 1, 0x98C3, 3, 0xA001, 2, 0x8800, 7,
    0x8000, 1, 0x7800, 8, 0x7000, 1, 0x6000, 3,
    0x18E4, 5, 0x3187, 1, 0x20E4, 1, 0x2925, 2,
    0x1882, 1, 0x3800, 1, 0x1882, 1, 0x62EA, 1,
    0x20E4, 1, 0x7145, 1, 0x2925, 1, 0x18C5, 58,
    0x0000, 1, 0x2000, 2, 0x3000, 1, 0x6000, 4,
    0x7000, 2, 0x7800, 2, 0x8000, 3, 0xF6CE, 1,
    0x8CB2, 1, 0xF6CE, 3, 0x8CB2, 2, 0xB50D, 1,
    0x91A7, 1, 0x98C3, 2, 0xA001, 5, 0x98C3, 1,
    0xA001, 2, 0x8800, 4, 0x8000, 4, 0x7800, 6,
    0x7000, 2, 0x6000, 1, 0x4800, 2, 0x3800, 1,
    0x18E4, 5, 0x2925, 1, 0x20E4, 1, 0x1882, 1,
    0x2925, 1, 0x4947, 1, 0x5248, 2, 0x1882, 1,
    0x20E4, 1, 0x91A7, 1, 0x1882, 1, 0x18C5, 60,
    0x2000, 2, 0x3800, 2, 0x4800, 2, 0x6000, 3,
    0x7000, 1, 0x6000, 2, 0x5000, 1, 0x8800, 3,
    0xA001, 2, 0x8800, 3, 0x8000, 2, 0x8800, 3,
    0xA001, 6, 0x8800, 2, 0x8000, 3, 0x7800, 3,
    0x7000, 4, 0x6000, 4, 0x4800, 2, 0x2000, 1,
    0x18E4, 2, 0x1926, 1, 0x18E4, 3, 0x2925, 1,
    0x3187, 1, 0x20E4, 1, 0x1882, 1, 0x2925, 3,
    0x20E4, 1, 0x3187, 1, 0x50A3, 1, 0x18C5, 63,
    0x2000, 1, 0x3000, 3, 0x4800, 6, 0x3800, 1,
    0x5000, 1, 0x4800, 1, 0x6000, 1, 0x5000, 1,
    0x6000, 3, 0x7000, 1, 0x7800, 2, 0x8000, 1,
    0x8800, 3, 0xA001, 6, 0x8800, 1, 0x8000, 2,
    0x6000, 4, 0x7000, 1, 0x6000, 1, 0x4800, 4,
    0x3800, 1, 0x3000, 2, 0x2000, 2, 0x18E4, 2,
    0x1926, 1, 0x18E4, 1, 0x1926, 2, 0x3187, 1,
    0x50A3, 1, 0x20E4, 2, 0x2925, 1, 0x20E4, 2,
    0x50A3, 1, 0x7062, 1, 0x18C5, 68, 0x3000, 6,
    0x3800, 1, 0x3000, 1, 0x2000, 2, 0x3000, 2,
    0x3800, 1, 0x4800, 1, 0x5000, 3, 0x8000, 10,
    0x7800, 3, 0x6000, 1, 0x4800, 3, 0x6000, 2,
    0x4800, 1, 0x2000, 7, 0x3800, 1, 0x18E4, 3,
    0x2925, 1, 0x18E4, 2, 0x2925, 1, 0x91A7, 1,
    0x2925, 2, 0x20E4, 2, 0x2925, 1, 0x50A3, 1,
    0x18C5, 74, 0x2000, 1, 0x3000, 1, 0x2000, 5,
    0x3000, 4, 0x5000, 1, 0x6000, 1, 0x5000, 1,
    0x6000, 1, 0x5000, 1, 0x6000, 6, 0x4800, 6,
    0x3000, 3, 0x2000, 2, 0x3000, 2, 0x3800, 2,
    0x18E4, 2, 0x20E4, 1, 0x18E4, 3, 0x1926, 1,
    0x18E4, 1, 0x1926, 1, 0x18E4, 1, 0x7062, 1,
    0x7145, 1, 0x3187, 1, 0x50A3, 3, 0x3187, 1,
    0x18C5, 84, 0x3000, 2, 0x3800, 7, 0x3000, 1,
    0x3800, 2, 0x3000, 2, 0x2000, 4, 0x4800, 1,
    0x18C5, 10, 0x18E4, 7, 0x20E4, 1, 0x2925, 1,
    0x7145, 1, 0x50A3, 2, 0x91A7, 1, 0x3187, 1,
    0x18C5, 121, 0x18E4, 4, 0x2925, 1, 0x8CB2, 1,
    0x18C5, 2999, 0x18C5, 2510, 0x91A7, 5, 0x18C5, 122,
    0x7062, 1, 0x91A7, 8, 0x7062, 1, 0x18C5, 118,
    0x7062, 3, 0x91A7, 9, 0x18C5, 115, 0x8000, 1,
    0x7062, 10, 0x91A7, 5, 0x18C5, 112, 0x8000, 9,
    0x7062, 2, 0x91A7, 10, 0x636E, 2, 0x91A7, 2,
    0x7062, 1, 0x18C5, 16, 0x91A7, 7, 0x18C5, 79,
    0x8000, 11, 0x7062, 6, 0x91A7, 5, 0x636E, 1,
    0x91A7, 2, 0x7062, 1, 0x91A7, 2, 0x636E, 3,
    0x91A7, 1, 0x636E, 4, 0x18C5, 1, 0x91A7, 13,
    0x18C5, 77, 0x8000, 2, 0x7000, 1, 0x8000, 14,
    0x7062, 5, 0x91A7, 26, 0x7062, 4, 0x18C5, 76,
    0x7000, 1, 0x6000, 1, 0x5000, 2, 0x6000, 6,
    0x7000, 1, 0x8000, 12, 0x7062, 9, 0x91A7, 3,
    0x7062, 17, 0x18C5, 75, 0x6000, 2, 0x4800, 1,
    0x3800, 2, 0x5000, 6, 0x6000, 1, 0x7800, 3,
    0x8000, 19, 0x7062, 2, 0x8000, 17, 0x18C5, 75,
    0x4800, 2, 0x3000, 3, 0x6000, 3, 0x3000, 3,
    0x4800, 1, 0x5000, 3, 0x7800, 6, 0x7000, 3,
    0x8000, 29, 0x18C5, 75, 0x3800, 1, 0x3000, 1,
    0x6000, 1, 0x50A3, 1, 0x6000, 7, 0x2000, 1,
    0x3000, 4, 0x5000, 5, 0x6000, 4, 0x8000, 5,
    0x7000, 3, 0x7800, 2, 0x8000, 8, 0x7000, 1,
    0x8000, 9, 0x18C5, 74, 0x50A3, 6, 0x6000, 1,
    0x50A3, 1, 0x6000, 6, 0x2000, 3, 0x3000, 8,
    0x4800, 2, 0x6000, 6, 0x5000, 3, 0x7800, 7,
    0x6000, 1, 0x5000, 2, 0x6000, 5, 0x7000, 1,
    0x8000, 2, 0x18C5, 72, 0x7145, 2, 0x7062, 4,
    0x6000, 10, 0x7000, 2, 0x7800, 1, 0x7062, 1,
    0x7145, 2, 0x2000, 5, 0x3000, 2, 0x4800, 4,
    0x3000, 6, 0x5000, 6, 0x4800, 1, 0x3000, 2,
    0x5000, 6, 0x6000, 1, 0x7800, 1, 0x5000, 1,
    0x18C5, 68, 0x7145, 9, 0x7062, 1, 0x6000, 7,
    0x7000, 3, 0x7800, 1, 0x7062, 4, 0x7145, 6,
    0x7062, 2, 0x91A7, 1, 0x5AEC, 1, 0x2000, 7,
    0x3000, 6, 0x2000, 2, 0x8800, 1, 0x8000, 2,
    0x4800, 1, 0x3000, 3, 0x4800, 1, 0x6000, 1,
    0x5000, 1, 0x18C5, 65, 0x5248, 3, 0x7145, 1,
    0x5AEC, 1, 0x5248, 4, 0x7145, 2, 0x7062, 2,
    0x50A3, 1, 0x6000, 4, 0x7000, 5, 0x7800, 2,
    0x7062, 6, 0x7800, 2, 0x7062, 5, 0x7145, 3,
    0x7062, 1, 0x91A7, 1, 0x7062, 2, 0x7800, 3,
    0x8000, 1, 0x8800, 2, 0x8000, 2, 0x8800, 2,
    0x4800, 3, 0x3000, 3, 0x4800, 2, 0x18C5, 63,
    0x7145, 1, 0x5248, 3, 0x5AEC, 6, 0x5248, 3,
    0x7145, 1, 0x6000, 4, 0x7000, 6, 0x7800, 14,
    0x7062, 6, 0x8000, 1, 0x7800, 3, 0x8000, 5,
    0x7062, 1, 0x98C3, 2, 0x4841, 2, 0x4800, 1,
    0x3000, 2, 0x2000, 1, 0x3000, 2, 0x6000, 1,
    0x18C5, 60, 0x8000, 1, 0x8C0C, 1, 0x8000, 8,
    0x91A7, 2, 0x2925, 2, 0x432E, 1, 0x3187, 1,
    0x8000, 1, 0x7800, 3, 0x432E, 3, 0x7000, 5,
    0x7800, 14, 0x8000, 3, 0x7800, 5, 0x8000, 3,
    0x8800, 2, 0x7062, 1, 0x91A7, 2, 0x4841, 3,
    0x3800, 2, 0x20E4, 2, 0x2000, 1, 0x3000, 1,
    0x18C5, 56, 0x7800, 8, 0x3000, 2, 0x7000, 1,
    0x6000, 7, 0x4800, 5, 0x7800, 2, 0x91A7, 1,
    0x7800, 2, 0x432E, 2, 0x636E, 3, 0x5C32, 2,
    0x7000, 6, 0x7800, 4, 0x8000, 2, 0x7800, 5,
    0x7000, 1, 0x7800, 1, 0x8000, 1, 0x8800, 1,
    0x91A7, 2, 0x5AEC, 4, 0x50A3, 2, 0x4841, 1,
    0x3800, 2, 0x20E4, 2, 0x5248, 1, 0x4947, 1,
    0x3000, 1, 0x18C5, 53, 0x7800, 1, 0x8000, 7,
    0x1882, 1, 0x7B8D, 3, 0x636E, 2, 0x5AEC, 1,
    0x636E, 2, 0xB50D, 1, 0xA489, 1, 0x5AEC, 2,
    0x20E4, 2, 0x2925, 1, 0x6000, 1, 0x5000, 2,
    0x4800, 1, 0x3800, 3, 0x7000, 3, 0x2925, 1,
    0x5AEC, 1, 0x636E, 1, 0x5C32, 2, 0x636E, 3,
    0x5C32, 1, 0x8CB2, 2, 0x7000, 5, 0x7800, 2,
    0x7000, 2, 0x7800, 1, 0x8000, 1, 0x7062, 2,
    0x5AEC, 6, 0x50A3, 3, 0x3800, 2, 0x1882, 2,
    0x2925, 1, 0x5248, 2, 0x4947, 1, 0x3000, 1,
    0x18C5, 50, 0x8000, 1, 0x8800, 6, 0x1926, 1,
    0x20E4, 1, 0x7B8D, 3, 0x91A7, 2, 0x5248, 1,
    0x636E, 2, 0xB50D, 4, 0x636E, 2, 0xA489, 4,
    0x20E4, 1, 0x1882, 1, 0x6000, 2, 0x5000, 2,
    0x4800, 1, 0x3800, 3, 0x7000, 4, 0x7B0A, 1,
    0x7000, 2, 0x6000, 8, 0x7800, 1, 0x7000, 1,
    0x8000, 3, 0x91A7, 2, 0x5AEC, 2, 0x636E, 3,
    0x41C9, 1, 0x50A3, 2, 0x20E4, 4, 0x1882, 1,
    0x20E4, 1, 0x5248, 2, 0x7B0A, 1, 0x5248, 1,
    0x4947, 1, 0x18C5, 48, 0x7800, 2, 0x7062, 1,
    0x7145, 6, 0x2925, 2, 0x5AEC, 1, 0x636E, 3,
    0xA489, 1, 0x41C9, 1, 0x5248, 1, 0x5AEC, 6,
    0x7145, 1, 0xB50D, 1, 0x3A4A, 2, 0x7000, 5,
    0x6000, 5, 0x4800, 2, 0x3800, 2, 0x7000, 4,
    0x636E, 1, 0x6000, 1, 0x636E, 1, 0x6000, 1,
    0x636E, 1, 0x6000, 4, 0x7000, 1, 0x8000, 2,
    0x7062, 1, 0x636E, 6, 0x50A3, 3, 0x4841, 2,
    0x20E4, 3, 0x5248, 3, 0x7B0A, 3, 0x5248, 1,
    0x18C5, 47, 0x8000, 1, 0x7800, 1, 0x7062, 1,
    0x7145, 5, 0x3A4A, 1, 0x636E, 5, 0xB50D, 1,
    0xA489, 2, 0x8C0C, 3, 0xA489, 4, 0x8C0C, 1,
    0x5AEC, 3, 0x7145, 1, 0x7800, 2, 0x7000, 7,
    0x6000, 3, 0x8000, 1, 0x7B8D, 1, 0x7800, 3,
    0x636E, 4, 0x2925, 1, 0x636E, 2, 0x6000, 3,
    0x7800, 1, 0x7062, 2, 0x636E, 6, 0x41C9, 2,
    0x20E4, 2, 0x1882, 1, 0x4841, 1, 0x1882, 1,
    0x20E4, 1, 0x7B0A, 1, 0x5248, 2, 0x7B0A, 4,
    0xA489, 1, 0x18C5, 45, 0x8000, 3, 0x7145, 5,
    0x3A4A, 2, 0x636E, 3, 0x5AEC, 3, 0x636E, 2,
    0x8C0C, 1, 0x5AEC, 3, 0x8C0C, 2, 0xA489, 2,
    0x5AEC, 2, 0x5248, 2, 0x50A3, 2, 0x6000, 1,
    0x7000, 8, 0x7800, 1, 0x91A7, 1, 0x7B0A, 1,
    0x20E4, 1, 0x3800, 1, 0x7800, 1, 0x636E, 1,
    0x3A4A, 2, 0x636E, 1, 0x432E, 1, 0x636E, 1,
    0x432E, 1, 0x3A4A, 1, 0x5AEC, 1, 0x6000, 1,
    0x91A7, 2, 0x636E, 2, 0x8CB2, 2, 0x636E, 2,
    0x41C9, 2, 0x20E4, 4, 0x1882, 3, 0x7B0A, 7,
    0x5248, 1, 0xA489, 1, 0x18C5, 44, 0x8000, 3,
    0x7145, 4, 0x5AEC, 1, 0x3A4A, 2, 0x636E, 3,
    0x5AEC, 1, 0x5248, 2, 0x636E, 1, 0xA489, 1,
    0x8C0C, 1, 0x5AEC, 2, 0x41C9, 1, 0x5AEC, 2,
    0xA489, 2, 0x5AEC, 2, 0x5248, 2, 0x50A3, 3,
    0x6000, 4, 0x7000, 3, 0x8000, 1, 0x91A7, 3,
    0x20E4, 2, 0x5C32, 1, 0x18E4, 1, 0x4841, 1,
    0x3A4A, 1, 0x5C32, 2, 0x8CB2, 1, 0x636E, 2,
    0x432E, 1, 0x20E4, 1, 0x7145, 1, 0x7B8D, 2,
    0x636E, 5, 0x41C9, 2, 0x3187, 2, 0x20E4, 1,
    0x2925, 3, 0x5248, 1, 0x7B0A, 1, 0xA489, 1,
    0x7B0A, 5, 0x5248, 1, 0x7B0A, 1, 0x5248, 1,
    0x18C5, 43, 0x98C3, 1, 0x91A7, 3, 0x5AEC, 1,
    0x7B0A, 3, 0x1882, 1, 0x636E, 4, 0x5AEC, 4,
    0xA489, 1, 0x8C0C, 5, 0xA489, 1, 0x8C0C, 2,
    0x5248, 1, 0x5AEC, 1, 0x5248, 1, 0x50A3, 5,
    0x6000, 5, 0x8800, 2, 0x91A7, 2, 0x20E4, 2,
    0x8CB2, 2, 0x5C32, 1, 0x2925, 1, 0x20E4, 1,
    0x432E, 1, 0x5C32, 4, 0x20E4, 2, 0x636E, 2,
    0x7B8D, 2, 0x636E, 3, 0x3A4A, 2, 0x3187, 1,
    0x50A3, 2, 0x20E4, 1, 0x2925, 2, 0x5248, 1,
    0x8C0C, 2, 0x7B0A, 1, 0xA489, 1, 0x7B0A, 5,
    0xA489, 1, 0x8C0C, 1, 0xB50D, 1, 0x18C5, 42,
    0x8000, 2, 0x91A7, 2, 0x636E, 14, 0x5248, 4,
    0x5AEC, 1, 0x8C0C, 1, 0x5AEC, 4, 0x5248, 3,
    0x50A3, 6, 0x6000, 2, 0x98C3, 1, 0x3187, 2,
    0x18E4, 2, 0x20E4, 1, 0x8CB2, 4, 0x5C32, 1,
    0x432E, 1, 0x2925, 1, 0x432E, 1, 0x636E, 1,
    0x5C32, 1, 0x20E4, 2, 0x636E, 6, 0x5AEC, 1,
    0x3A4A, 1, 0x5248, 1, 0x62EA, 1, 0x3A4A, 1,
    0x3187, 1, 0x20E4, 2, 0x5248, 2, 0x8C0C, 2,
    0xA489, 3, 0x7B0A, 4, 0xA489, 2, 0x7145, 1,
    0xB50D, 1, 0x18C5, 41, 0x0862, 1, 0x1926, 1,
    0x3187, 4, 0x1926, 2, 0x2189, 7, 0x5AEC, 5,
    0x636E, 5, 0x91A7, 1, 0x5AEC, 1, 0x5248, 2,
    0x7145, 1, 0x5248, 1, 0x50A3, 6, 0x6000, 2,
    0x91A7, 1, 0x3187, 2, 0x18E4, 2, 0x8CB2, 7,
    0x5AEC, 1, 0x2925, 1, 0x432E, 1, 0x636E, 1,
    0x20E4, 2, 0x5AEC, 2, 0x636E, 4, 0x5AEC, 1,
    0x3A4A, 2, 0x5248, 1, 0x8C0C, 1, 0x7B0A, 2,
    0x20E4, 2, 0x62EA, 1, 0x8C0C, 1, 0xA489, 5,
    0x7B0A, 3, 0xA489, 2, 0x8C0C, 1, 0x7145, 2,
    0x18C5, 40, 0x2189, 1, 0x3187, 8, 0x41C9, 5,
    0x2189, 3, 0x3187, 1, 0x41C9, 4, 0x2189, 4,
    0x91A7, 1, 0x50A3, 1, 0x5AEC, 7, 0x7145, 3,
    0x6000, 1, 0x8C0C, 1, 0x91A7, 1, 0x18E4, 2,
    0x8CB2, 8, 0x5C32, 1, 0x636E, 1, 0x2925, 2,
    0x3A4A, 1, 0x432E, 1, 0x2925, 1, 0x636E, 6,
    0x3A4A, 2, 0x5248, 2, 0x8C0C, 2, 0x7B0A, 1,
    0x41C9, 1, 0x3187, 1, 0x8C0C, 1, 0xA489, 6,
    0x7B0A, 2, 0xA489, 3, 0x8C0C, 1, 0x7062, 1,
    0xA489, 1, 0x18C5, 40, 0x3187, 2, 0x41C9, 4,
    0x3187, 2, 0x41C9, 22, 0x2189, 1, 0x41C9, 3,
    0x6000, 1, 0x5AEC, 1, 0x7062, 2, 0x91A7, 3,
    0x2925, 1, 0x8CB2, 9, 0x5C32, 2, 0x432E, 1,
    0x20E4, 1, 0x18E4, 1, 0x20E4, 1, 0x636E, 6,
    0x5AEC, 1, 0x3A4A, 3, 0x5248, 1, 0x8C0C, 2,
    0xB50D, 2, 0x62EA, 1, 0xB50D, 1, 0xA489, 6,
    0x7B0A, 1, 0xA489, 3, 0x7B0A, 1, 0x636E, 1,
    0xA489, 2, 0x18C5, 39, 0x41C9, 1, 0x3187, 8,
    0x41C9, 12, 0x3A4A, 1, 0x41C9, 1, 0x3A4A, 1,
    0x41C9, 10, 0x2189, 3, 0x0862, 1, 0x0000, 1,
    0x91A7, 2, 0x3187, 1, 0x5C32, 1, 0x8CB2, 5,
    0x5C32, 1, 0x8CB2, 2, 0x5C32, 3, 0x432E, 1,
    0x4841, 1, 0x18E4, 1, 0x91A7, 2, 0x636E, 2,
    0x5AEC, 1, 0x636E, 1, 0x5AEC, 1, 0x5248, 1,
    0x3A4A, 2, 0x5248, 1, 0x8C0C, 2, 0xB50D, 4,
    0xA489, 15, 0x18C5, 39, 0x41C9, 1, 0x3187, 8,
    0x41C9, 13, 0x3A4A, 1, 0x41C9, 2, 0x2189, 4,
    0x41C9, 8, 0x3A4A, 1, 0x2189, 1, 0x91A7, 1,
    0x8C0C, 1, 0x3187, 1, 0x432E, 1, 0x8CB2, 4,
    0x5C32, 7, 0x636E, 1, 0x5AEC, 1, 0x7062, 1,
    0x62EA, 1, 0x5AEC, 1, 0x636E, 3, 0x5AEC, 3,
    0x3A4A, 2, 0x5248, 1, 0x8C0C, 1, 0xB50D, 6,
    0xA489, 3, 0x7B0A, 1, 0xA489, 5, 0x7B0A, 2,
    0xA489, 1, 0x7B0A, 1, 0xA489, 1, 0x18C5, 38,
    0x2189, 1, 0x3187, 8, 0x41C9, 12, 0x3A4A, 1,
    0x41C9, 2, 0x3A4A, 1, 0x41C9, 6, 0x2189, 3,
    0x41C9, 3, 0x3A4A, 3, 0x91A7, 2, 0x3187, 1,
    0x636E, 1, 0x8CB2, 4, 0x5C32, 8, 0x2925, 1,
    0x7062, 1, 0x91A7, 1, 0x636E, 5, 0x5AEC, 1,
    0x3A4A, 1, 0x5248, 2, 0x8C0C, 1, 0xB50D, 5,
    0xA489, 3, 0xD5ED, 2, 0x18C5, 1, 0xA489, 4,
    0x62EA, 1, 0x5248, 1, 0x7B0A, 1, 0xA489, 2,
    0x91A7, 1, 0x18C5, 37, 0x18E4, 1, 0x41C9, 1,
    0x3187, 8, 0x41C9, 12, 0x3A4A, 1, 0x41C9, 9,
    0x2189, 1, 0x41C9, 4, 0x3A4A, 4, 0xA001, 1,
    0x8C0C, 1, 0x3187, 1, 0x636E, 1, 0x8CB2, 3,
    0x5C32, 9, 0x5AEC, 1, 0x41C9, 1, 0x636E, 2,
    0x5AEC, 1, 0x636E, 3, 0x5AEC, 3, 0xB50D, 1,
    0xF6CE, 4, 0xD5ED, 6, 0x18C5, 6, 0x62EA, 1,
    0x2925, 1, 0xA489, 2, 0x91A7, 1, 0x7800, 1,
    0x18C5, 37, 0x2189, 1, 0x432E, 2, 0x2189, 3,
    0x432E, 4, 0x5C32, 2, 0x2189, 3, 0x41C9, 7,
    0x3A4A, 1, 0x41C9, 1, 0x3A4A, 1, 0x41C9, 7,
    0x2189, 1, 0x41C9, 4, 0x3A4A, 4, 0x91A7, 1,
    0x8C0C, 1, 0x3187, 1, 0x636E, 1, 0x5C32, 10,
    0x432E, 2, 0x636E, 2, 0x5248, 1, 0x5AEC, 1,
    0x636E, 3, 0x5AEC, 3, 0x8CB2, 1, 0xF6CE, 5,
    0xD5ED, 6, 0x18C5, 7, 0x7000, 1, 0x62EA, 2,
    0x7145, 1, 0x8C0C, 1, 0x18C5, 36, 0x2189, 1,
    0x432E, 9, 0x5C32, 2, 0x2189, 2, 0x18E4, 1,
    0x0862, 1, 0x2189, 2, 0x5C32, 2, 0x54F5, 6,
    0x41C9, 6, 0x2189, 1, 0x41C9, 5, 0x3A4A, 3,
    0x2189, 1, 0x98C3, 1, 0x8C0C, 1, 0x5AEC, 1,
    0x5C32, 10, 0x432E, 2, 0x636E, 1, 0x5AEC, 2,
    0x636E, 4, 0x5AEC, 1, 0x636E, 1, 0x5AEC, 1,
    0x8CB2, 1, 0xF6CE, 4, 0xD5ED, 7, 0x18C5, 9,
    0x3187, 1, 0x8C0C, 1, 0x62EA, 1, 0x4947, 1,
    0x18C5, 36, 0x432E, 10, 0x5C32, 1, 0x2189, 2,
    0x18E4, 2, 0x0000, 1, 0x1926, 1, 0x2189, 1,
    0x5C32, 2, 0x54F5, 5, 0x2189, 2, 0x18E4, 1,
    0x432E, 1, 0x2189, 1, 0x432E, 1, 0x54F5, 2,
    0x41C9, 5, 0x3A4A, 3, 0x2189, 2, 0x636E, 1,
    0x3187, 1, 0x636E, 1, 0x5C32, 5, 0x8CB2, 2,
    0x636E, 2, 0x432E, 1, 0x636E, 1, 0x62EA, 1,
    0x5248, 1, 0x636E, 6, 0x8CB2, 2, 0xF6CE, 6,
    0xD5ED, 5, 0x0862, 2, 0x18C5, 8, 0x5248, 1,
    0x7B0A, 1, 0x62EA, 1, 0x4947, 1, 0x18C5, 35,
    0x432E, 10, 0x5C32, 2, 0x2189, 2, 0x0862, 2,
    0x0000, 1, 0x18E4, 1, 0x2189, 1, 0x5C32, 1,
    0x54F5, 5, 0x2189, 2, 0x18E4, 1, 0x0000, 1,
    0x5248, 1, 0x2189, 2, 0x432E, 1, 0x54F5, 8,
    0x3A4A, 1, 0x2189, 2, 0x91A7, 1, 0x5AEC, 1,
    0x3187, 1, 0x5C32, 4, 0x8CB2, 1, 0x5C32, 3,
    0x3187, 1, 0x62EA, 1, 0x5248, 1, 0x5AEC, 1,
    0x636E, 6, 0x8CB2, 2, 0xF6CE, 6, 0xD5ED, 5,
    0x0862, 2, 0x3187, 2, 0x7145, 1, 0x50A3, 1,
    0x18C5, 5, 0x2925, 1, 0x7B0A, 1, 0x7145, 1,
    0x18C5, 35, 0x636E, 1, 0x432E, 10, 0x5C32, 2,
    0x2189, 1, 0x432E, 1, 0x2189, 5, 0x5C32, 1,
    0x54F5, 4, 0x5C32, 1, 0x2189, 2, 0x0862, 2,
    0x0000, 1, 0x18E4, 1, 0x2189, 2, 0x54F5, 11,
    0x91A7, 1, 0x3187, 1, 0x432E, 1, 0x5C32, 6,
    0x2925, 1, 0x3187, 1, 0x5AEC, 1, 0x5248, 1,
    0x5AEC, 1, 0x636E, 5, 0x8CB2, 4, 0xF6CE, 5,
    0xD5ED, 6, 0x0862, 2, 0x50A3, 1, 0x3187, 2,
    0x91A7, 1, 0x50A3, 2, 0x18C5, 3, 0x3000, 1,
    0x7B0A, 1, 0x4947, 1, 0x18C5, 33, 0x8CB2, 1,
    0x91A7, 1, 0x3A4A, 2, 0x432E, 9, 0x5C32, 2,
    0x2189, 1, 0x432E, 1, 0x5C32, 1, 0x432E, 3,
    0x5C32, 2, 0x54F5, 5, 0x2189, 1, 0x432E, 2,
    0x18E4, 1, 0x0862, 1, 0x2189, 2, 0x54F5, 12,
    0x91A7, 2, 0x3187, 1, 0x5C32, 4, 0x2925, 2,
    0x18E4, 1, 0x5248, 1, 0x41C9, 1, 0x5AEC, 2,
    0x636E, 4, 0x8CB2, 2, 0x636E, 1, 0x8CB2, 3,
    0xF6CE, 5, 0xD5ED, 4, 0x0862, 2, 0x91A7, 1,
    0x3187, 1, 0x2925, 2, 0x7145, 2, 0x91A7, 1,
    0x18C5, 3, 0x3800, 1, 0x4947, 1, 0x18C5, 33,
    0x636E, 1, 0x91A7, 1, 0x7000, 3, 0x1926, 4,
    0x2189, 4, 0x3A4A, 2, 0x2189, 1, 0x3A4A, 1,
    0x432E, 1, 0x5C32, 1, 0x432E, 2, 0x5C32, 4,
    0x54F5, 4, 0x2189, 1, 0x54F5, 3, 0x432E, 3,
    0x54F5, 12, 0x7145, 1, 0x2925, 1, 0x3187, 1,
    0x636E, 1, 0x5C32, 1, 0x432E, 1, 0x3187, 1,
    0x2925, 1, 0x5AEC, 1, 0x7145, 1, 0x41C9, 1,
    0x636E, 1, 0x5AEC, 4, 0x8CB2, 5, 0xF6CE, 1,
    0x8CB2, 1, 0xF6CE, 1, 0x8CB2, 1, 0xD5ED, 1,
    0xF6CE, 1, 0xD5ED, 5, 0x0862, 2, 0x50A3, 1,
    0x91A7, 1, 0x2925, 2, 0x20E4, 1, 0x2925, 2,
    0x91A7, 1, 0x50A3, 1, 0x18C5, 2, 0x3000, 1,
    0x4947, 1, 0x18C5, 31, 0x636E, 1, 0x7000, 2,
    0x91A7, 1, 0x2000, 1, 0x3000, 3, 0x91A7, 2,
    0x7000, 2, 0x18C5, 1, 0x1926, 2, 0x2189, 4,
    0x3A4A, 2, 0x432E, 1, 0x2189, 4, 0x3A4A, 3,
    0x5C32, 2, 0x432E, 2, 0x54F5, 1, 0x432E, 2,
    0x5C32, 1, 0x54F5, 13, 0x7145, 1, 0x20E4, 1,
    0x18E4, 1, 0x3187, 1, 0x432E, 2, 0x7145, 1,
    0x62EA, 1, 0x4947, 1, 0x41C9, 1, 0x636E, 1,
    0x5AEC, 4, 0x8CB2, 5, 0xF6CE, 12, 0x0862, 1,
    0x7145, 1, 0x3187, 2, 0x1882, 1, 0x20E4, 1,
    0x1882, 3, 0x3187, 1, 0x91A7, 1, 0x18C5, 2,
    0x5000, 1, 0x18C5, 30, 0x8CB2, 1, 0x7000, 1,
    0x91A7, 2, 0x20E4, 1, 0x8800, 1, 0x91A7, 4,
    0x636E, 2, 0x20E4, 3, 0x7145, 1, 0x91A7, 4,
    0x7000, 2, 0x2189, 12, 0x432E, 3, 0x3A4A, 2,
    0x2189, 2, 0x54F5, 12, 0x2925, 1, 0x18E4, 1,
    0x3187, 1, 0x7145, 2, 0x5248, 1, 0x41C9, 1,
    0x636E, 2, 0x5AEC, 3, 0x3A4A, 1, 0x8CB2, 4,
    0xF6CE, 14, 0x0862, 1, 0x91A7, 1, 0x2925, 1,
    0x20E4, 1, 0x2925, 6, 0x50A3, 1, 0x18C5, 2,
    0x3800, 1, 0x18C5, 28, 0xA001, 1, 0x7000, 1,
    0x91A7, 1, 0x2000, 2, 0x8000, 1, 0x5AEC, 2,
    0x62EA, 2, 0x5AEC, 6, 0x636E, 1, 0x5248, 1,
    0x2925, 3, 0x20E4, 2, 0x91A7, 6, 0x7000, 4,
    0x6000, 1, 0x2189, 6, 0x432E, 5, 0x3A4A, 5,
    0x2189, 1, 0x54F5, 3, 0x432E, 1, 0x3187, 1,
    0x5AEC, 1, 0x50A3, 1, 0x62EA, 2, 0x41C9, 1,
    0x636E, 2, 0x5AEC, 3, 0x8CB2, 3, 0xF6CE, 1,
    0x8CB2, 2, 0xF6CE, 4, 0x5C32, 1, 0xF6CE, 4,
    0xB50D, 1, 0xF6CE, 4, 0x3187, 1, 0x7145, 1,
    0x20E4, 1, 0x2925, 1, 0x62EA, 2, 0x4947, 1,
    0x2925, 2, 0x20E4, 1, 0x3187, 1, 0x18C5, 2,
    0x3800, 1, 0x18C5, 26, 0xA001, 1, 0x6000, 1,
    0x7145, 1, 0x2000, 2, 0x7062, 1, 0x5AEC, 3,
    0x62EA, 3, 0x5AEC, 2, 0x7B0A, 1, 0x5AEC, 2,
    0x636E, 8, 0x5248, 2, 0x5AEC, 3, 0x20E4, 3,
    0x1882, 1, 0x20E4, 1, 0x91A7, 2, 0x1882, 2,
    0x91A7, 5, 0x7000, 2, 0x91A7, 1, 0x7000, 2,
    0x91A7, 2, 0x18C5, 2, 0x3A4A, 1, 0x2189, 3,
    0x20E4, 1, 0x7145, 1, 0x5248, 3, 0x636E, 2,
    0x5AEC, 3, 0x8CB2, 2, 0xF6CE, 3, 0x636E, 1,
    0x8CB2, 1, 0xF6CE, 3, 0x5C32, 2, 0x41C9, 1,
    0xF6CE, 3, 0xB50D, 1, 0xF6CE, 3, 0x18E4, 1,
    0x3187, 1, 0x2925, 1, 0x1882, 1, 0x2925, 2,
    0x1882, 2, 0x62EA, 1, 0x2925, 1, 0x20E4, 1,
    0x3187, 1, 0x18C5, 26, 0x8CB2, 1, 0xA001, 1,
    0x6000, 1, 0x7145, 2, 0x2000, 1, 0x7145, 2,
    0x636E, 2, 0x5AEC, 1, 0x62EA, 3, 0x5AEC, 4,
    0x636E, 6, 0x5AEC, 2, 0x636E, 12, 0x7145, 2,
    0x5AEC, 2, 0x2925, 3, 0x5248, 2, 0x5AEC, 1,
    0x7062, 2, 0x8000, 1, 0x4800, 2, 0x6000, 1,
    0x3000, 1, 0x2000, 1, 0x91A7, 2, 0x5000, 1,
    0x7145, 2, 0x5248, 2, 0x636E, 3, 0x5AEC, 2,
    0x8CB2, 3, 0xF6CE, 4, 0x636E, 2, 0xF6CE, 3,
    0x5C32, 1, 0x2925, 1, 0x41C9, 1, 0xF6CE, 3,
    0xB50D, 1, 0xF6CE, 3, 0x1882, 1, 0x3187, 1,
    0x20E4, 1, 0x2925, 1, 0x5248, 1, 0x3800, 1,
    0x1882, 3, 0x62EA, 1, 0x2925, 1, 0x3187, 1,
    0x2925, 1, 0x18C5, 23, 0x8CB2, 2, 0x6000, 1,
    0x7145, 2, 0x2000, 2, 0x2925, 1, 0x636E, 1,
    0x5AEC, 1, 0x636E, 2, 0x5248, 1, 0x41C9, 2,
    0x5AEC, 1, 0x5248, 1, 0x3A4A, 2, 0x636E, 2,
    0xB50D, 13, 0x636E, 14, 0x91A7, 1, 0x7145, 4,
    0x7800, 1, 0x1882, 1, 0x2000, 1, 0x91A7, 2,
    0x7145, 3, 0x41C9, 1, 0x5248, 1, 0x5AEC, 1,
    0x636E, 4, 0x8C0C, 1, 0x8CB2, 2, 0xF6CE, 7,
    0x636E, 1, 0xF6CE, 3, 0xB50D, 1, 0xF6CE, 1,
    0x3187, 1, 0xF6CE, 1, 0xD5ED, 1, 0xF6CE, 1,
    0xB50D, 1, 0xF6CE, 3, 0x2925, 1, 0x91A7, 1,
    0x20E4, 1, 0x62EA, 1, 0x1882, 4, 0x3800, 1,
    0x2925, 2, 0x3187, 1, 0x2925, 1, 0x18C5, 21,
    0x8CB2, 2, 0x98C3, 1, 0x6000, 1, 0x7145, 1,
    0x2000, 2, 0x50A3, 2, 0x5AEC, 1, 0x8C0C, 3,
    0xA489, 1, 0x8C0C, 3, 0xA489, 1, 0x636E, 2,
    0xB50D, 1, 0x5AEC, 5, 0x636E, 1, 0xB50D, 2,
    0x636E, 2, 0x5AEC, 2, 0x636E, 3, 0xB50D, 3,
    0x636E, 8, 0x91A7, 2, 0x7145, 2, 0x5AEC, 1,
    0x7800, 2, 0x2000, 2, 0x91A7, 1, 0x7000, 1,
    0x50A3, 3, 0x41C9, 2, 0x5AEC, 2, 0x636E, 2,
    0x8C0C, 1, 0x5AEC, 2, 0x8CB2, 4, 0xF6CE, 2,
    0x8CB2, 1, 0xF6CE, 3, 0x8C0C, 1, 0xF6CE, 3,
    0xB50D, 3, 0xF6CE, 1, 0xA489, 1, 0xF6CE, 1,
    0x7B0A, 1, 0xF6CE, 3, 0x3187, 1, 0x7145, 1,
    0x1882, 1, 0x2925, 1, 0x3800, 1, 0x1882, 2,
    0x0862, 1, 0x1882, 2, 0x2925, 2, 0x3187, 1,
    0x18C5, 19, 0x8CB2, 1, 0x636E, 1, 0x7062, 1,
    0x8000, 1, 0x7145, 2, 0x2000, 1, 0x3A4A, 1,
    0x20E4, 1, 0x5AEC, 1, 0x636E, 2, 0x8C0C, 1,
    0xA489, 2, 0x8C0C, 1, 0x41C9, 1, 0x5248, 1,
    0xA489, 1, 0x8C0C, 1, 0xB50D, 2, 0x5AEC, 6,
    0x636E, 2, 0x5AEC, 2, 0x636E, 2, 0xB50D, 1,
    0x636E, 2, 0xB50D, 1, 0x636E, 2, 0xB50D, 2,
    0x636E, 1, 0x5AEC, 1, 0x636E, 3, 0x5AEC, 2,
    0x7145, 3, 0x91A7, 1, 0x7800, 1, 0x2000, 1,
    0x91A7, 2, 0x4841, 1, 0x50A3, 2, 0x41C9, 4,
    0x5AEC, 2, 0x636E, 3, 0x5AEC, 1, 0xF6CE, 1,
    0x8CB2, 8, 0x636E, 1, 0xF6CE, 2, 0x8C0C, 1,
    0xA489, 1, 0xF6CE, 3, 0xB50D, 1, 0xD5ED, 1,
    0xA489, 2, 0x5C32, 1, 0x7B0A, 1, 0xF6CE, 2,
    0xD5ED, 1, 0x2925, 3, 0x1882, 7, 0x62EA, 1,
    0x2925, 1, 0x3187, 1, 0x18C5, 17, 0xD5ED, 1,
    0x636E, 1, 0x5AEC, 2, 0x7062, 1, 0x7145, 2,
    0x2000, 1, 0x3187, 2, 0x8C0C, 3, 0xA489, 1,
    0x8C0C, 2, 0xA489, 1, 0x6000, 2, 0x8C0C, 1,
    0x62EA, 2, 0x2925, 1, 0xB50D, 4, 0x5AEC, 2,
    0xB50D, 2, 0x636E, 2, 0x5AEC, 10, 0xB50D, 3,
    0x636E, 2, 0x5AEC, 2, 0x7062, 1, 0x91A7, 1,
    0x5AEC, 1, 0x8000, 2, 0x0862, 1, 0x91A7, 1,
    0x50A3, 2, 0x41C9, 4, 0x5AEC, 3, 0x636E, 5,
    0x8CB2, 8, 0x636E, 3, 0x8CB2, 1, 0xF6CE, 1,
    0xB50D, 1, 0x8CB2, 1, 0xF6CE, 1, 0xD5ED, 2,
    0xF6CE, 1, 0xD5ED, 2, 0xF6CE, 1, 0x5C32, 1,
    0xA489, 1, 0xF6CE, 1, 0xD5ED, 1, 0x1882, 1,
    0x2925, 1, 0x20E4, 1, 0x62EA, 1, 0x3800, 1,
    0x1882, 6, 0x2925, 2, 0x3187, 1, 0x18C5, 16,
    0x636E, 3, 0x91A7, 2, 0x7145, 2, 0x2000, 1,
    0x4800, 1, 0x20E4, 1, 0x636E, 1, 0x8C0C, 1,
    0x7B0A, 3, 0x4800, 2, 0x50A3, 1, 0x8C0C, 2,
    0xB50D, 1, 0x8C0C, 2, 0x2925, 1, 0x3A4A, 1,
    0xB50D, 7, 0x3A4A, 2, 0xB50D, 3, 0x5AEC, 7,
    0x8C0C, 1, 0xB50D, 6, 0x636E, 2, 0x20E4, 1,
    0x2000, 1, 0x91A7, 1, 0x50A3, 1, 0x4841, 1,
    0x41C9, 3, 0x5248, 1, 0x5AEC, 4, 0x636E, 1,
    0x5AEC, 1, 0x636E, 3, 0x8CB2, 7, 0xD5ED, 1,
    0x8CB2, 1, 0x636E, 1, 0xF6CE, 1, 0x3187, 1,
    0xF6CE, 1, 0xD5ED, 1, 0xB50D, 1, 0x5C32, 1,
    0xF6CE, 1, 0xA489, 2, 0xD5ED, 2, 0x3187, 1,
    0x1926, 1, 0x0000, 1, 0xA489, 1, 0xD5ED, 2,
    0x18E4, 1, 0x3187, 1, 0x20E4, 1, 0x4947, 1,
    0x1882, 6, 0x6000, 1, 0x7145, 1, 0x2925, 1,
    0x3187, 1, 0x18C5, 15, 0xB50D, 1, 0x636E, 2,
    0x5AEC, 1, 0x91A7, 1, 0x7145, 2, 0x2000, 1,
    0x6000, 2, 0x3A4A, 1, 0x8C0C, 1, 0x7B0A, 3,
    0x5248, 1, 0x8C0C, 1, 0x7B0A, 4, 0x5248, 1,
    0x7B0A, 2, 0x8C0C, 2, 0x7B0A, 1, 0x20E4, 2,
    0x7B0A, 1, 0xA489, 1, 0x3A4A, 2, 0xB50D, 7,
    0x8C0C, 2, 0xA489, 1, 0xB50D, 2, 0x7062, 1,
    0x6000, 1, 0xB50D, 1, 0xA489, 1, 0x5AEC, 2,
    0xB50D, 2, 0x1882, 1, 0x91A7, 1, 0x7000, 1,
    0x50A3, 1, 0x3187, 2, 0x41C9, 1, 0x5248, 5,
    0x5AEC, 1, 0x636E, 4, 0x8CB2, 10, 0xF6CE, 2,
    0x8CB2, 1, 0x5C32, 1, 0xF6CE, 1, 0xD5ED, 2,
    0x3187, 1, 0xF6CE, 1, 0xA489, 1, 0xD5ED, 1,
    0x5C32, 1, 0x41C9, 1, 0x3187, 1, 0x20E4, 1,
    0xA489, 1, 0xF6CE, 1, 0xD5ED, 2, 0x20E4, 1,
    0x3187, 1, 0x20E4, 1, 0x2925, 1, 0x1882, 3,
    0x0862, 1, 0x1882, 3, 0x2925, 2, 0x3187, 1,
    0x18C5, 15, 0x636E, 1, 0x5AEC, 2, 0x91A7, 1,
    0x5000, 1, 0x7145, 1, 0x2000, 1, 0x5000, 2,
    0x5AEC, 1, 0x41C9, 1, 0x3A4A, 1, 0x8C0C, 2,
    0x7B0A, 5, 0x5248, 1, 0xA489, 1, 0x8C0C, 2,
    0x7B0A, 1, 0x5248, 2, 0x20E4, 2, 0x7B0A, 1,
    0x8C0C, 1, 0x41C9, 2, 0x8C0C, 1, 0x7B0A, 2,
    0x2925, 1, 0x8C0C, 1, 0x7B0A, 1, 0x8C0C, 2,
    0x5248, 2, 0xA489, 1, 0x8C0C, 1, 0x50A3, 1,
    0xA489, 2, 0xB50D, 1, 0x5AEC, 1, 0x91A7, 1,
    0x8800, 1, 0x0862, 2, 0x91A7, 1, 0x4841, 1,
    0x3000, 2, 0x3800, 1, 0x5AEC, 7, 0x636E, 4,
    0x8CB2, 10, 0xF6CE, 2, 0xB50D, 1, 0x8CB2, 1,
    0xD5ED, 3, 0xF6CE, 1, 0x3187, 1, 0xD5ED, 1,
    0x7B0A, 1, 0xD5ED, 1, 0x41C9, 1, 0x20E4, 3,
    0xF6CE, 1, 0xD5ED, 3, 0x2925, 1, 0x3187, 1,
    0x20E4, 1, 0x1882, 8, 0x62EA, 1, 0x3187, 1,
    0x2925, 1, 0x18C5, 14, 0x5AEC, 4, 0x5000, 1,
    0x7145, 1, 0x2000, 1, 0x5000, 2, 0x5AEC, 1,
    0x5248, 1, 0x3187, 2, 0x8C0C, 1, 0x41C9, 2,
    0x4800, 1, 0x4841, 2, 0x7B0A, 1, 0x8C0C, 1,
    0x7B0A, 3, 0x8C0C, 1, 0x5248, 1, 0x8C0C, 3,
    0x5248, 1, 0x20E4, 2, 0x5248, 4, 0x8C0C, 1,
    0x5248, 2, 0x8C0C, 1, 0x3187, 1, 0x3000, 2,
    0x41C9, 1, 0xA489, 4, 0x5AEC, 1, 0x41C9, 1,
    0x7000, 1, 0x2000, 1, 0x7145, 2, 0x50A3, 3,
    0x3000, 1, 0x5AEC, 8, 0x636E, 1, 0x5AEC, 2,
    0x8CB2, 1, 0x636E, 1, 0x8CB2, 6, 0x91A7, 1,
    0x636E, 2, 0xF6CE, 3, 0xD5ED, 4, 0x2925, 1,
    0x3187, 1, 0x8C0C, 1, 0xA001, 1, 0xA489, 1,
    0x41C9, 1, 0xF6CE, 4, 0xA489, 3, 0x2925, 1,
    0x3187, 1, 0x2925, 1, 0x1882, 4, 0x0862, 1,
    0x1882, 3, 0x2925, 1, 0x3187, 1, 0x2925, 1,
    0x18C5, 13, 0x2925, 1, 0x91A7, 1, 0x5AEC, 2,
    0x91A7, 1, 0x7145, 1, 0x2000, 1, 0x6000, 2,
    0x50A3, 1, 0x5248, 2, 0x20E4, 1, 0x7B0A, 1,
    0x8C0C, 2, 0x4800, 4, 0x3800, 1, 0x4800, 2,
    0x4947, 1, 0x3187, 1, 0xA489, 1, 0x8C0C, 2,
    0x5248, 1, 0x8C0C, 3, 0x7B0A, 1, 0x5248, 2,
    0x4841, 2, 0x7B0A, 2, 0xA489, 1, 0x4800, 1,
    0x41C9, 2, 0xA489, 1, 0x4947, 1, 0xA489, 4,
    0x5248, 1, 0x6000, 1, 0x2000, 2, 0x7145, 1,
    0x50A3, 2, 0x41C9, 2, 0x3A4A, 2, 0x5AEC, 3,
    0x7B0A, 1, 0x636E, 1, 0x62EA, 1, 0x7145, 2,
    0x3187, 1, 0x636E, 1, 0x5AEC, 1, 0x636E, 1,
    0x8C0C, 1, 0x8CB2, 5, 0x91A7, 1, 0x3187, 1,
    0xD5ED, 1, 0xF6CE, 2, 0xA489, 2, 0xD5ED, 1,
    0x3187, 2, 0x20E4, 1, 0xA489, 1, 0x41C9, 1,
    0xA001, 2, 0x41C9, 1, 0x3187, 1, 0xA489, 3,
    0x2925, 1, 0xA489, 1, 0x18E4, 1, 0x2925, 1,
    0x3187, 1, 0x2925, 1, 0x1882, 7, 0x2925, 2,
    0x3187, 1, 0x18C5, 13, 0x7062, 1, 0x91A7, 2,
    0x8000, 2, 0x7145, 1, 0x3000, 2, 0x6000, 2,
    0x5248, 2, 0x7145, 1, 0x20E4, 1, 0x8C0C, 3,
    0x41C9, 1, 0x50A3, 1, 0x4947, 1, 0x4800, 8,
    0xA489, 5, 0x7B0A, 2, 0xA489, 1, 0x7B0A, 1,
    0x4947, 3, 0xA489, 4, 0x4800, 1, 0x5248, 1,
    0xA489, 3, 0x3A4A, 1, 0x6000, 1, 0x2000, 2,
    0x7145, 1, 0x4841, 1, 0x50A3, 2, 0x41C9, 2,
    0x5AEC, 3, 0x7B0A, 1, 0x8C0C, 1, 0x636E, 2,
    0x50A3, 1, 0x4841, 1, 0x7145, 1, 0x3187, 1,
    0x5AEC, 2, 0x8C0C, 2, 0x636E, 1, 0x91A7, 1,
    0x636E, 1, 0x8CB2, 1, 0x636E, 1, 0x3187, 1,
    0xF6CE, 4, 0xA489, 2, 0x3187, 1, 0x20E4, 3,
    0xA489, 1, 0x41C9, 1, 0xA001, 1, 0x7062, 1,
    0x7B8D, 1, 0x3187, 4, 0x2925, 1, 0x7B0A, 1,
    0x1882, 1, 0x2925, 3, 0x1882, 5, 0x0862, 1,
    0x1882, 1, 0x62EA, 1, 0x2925, 1, 0x3187, 1,
    0x18C5, 12, 0x7062, 1, 0x2925, 1, 0x8000, 3,
    0x5000, 1, 0x7145, 2, 0x2000, 1, 0x6000, 1,
    0x7145, 2, 0x5248, 1, 0x50A3, 1, 0x1882, 2,
    0x8C0C, 3, 0x50A3, 1, 0x4841, 1, 0x7B0A, 2,
    0x4800, 6, 0x3000, 2, 0x3187, 1, 0x7B0A, 3,
    0xA489, 2, 0x7B0A, 2, 0xA489, 2, 0x7000, 2,
    0x5AEC, 1, 0xA489, 2, 0x8C0C, 3, 0x5AEC, 1,
    0x4841, 1, 0x2000, 2, 0x7145, 1, 0x50A3, 3,
    0x41C9, 3, 0x3A4A, 1, 0x5AEC, 1, 0x7B0A, 1,
    0xB50D, 2, 0x20E4, 1, 0x2925, 1, 0x7062, 4,
    0x2925, 3, 0x3187, 2, 0x91A7, 1, 0x636E, 1,
    0x8CB2, 1, 0x3187, 1, 0x2925, 1, 0xF6CE, 4,
    0xA489, 1, 0xA001, 1, 0x20E4, 2, 0xF6CE, 2,
    0xA489, 1, 0x41C9, 1, 0xA001, 1, 0x7062, 2,
    0x91A7, 1, 0x3187, 1, 0x7062, 2, 0x2925, 1,
    0x7B0A, 1, 0x18E4, 1, 0x2925, 1, 0x3187, 1,
    0x20E4, 1, 0x1882, 6, 0x3800, 1, 0x2925, 1,
    0x20E4, 1, 0x50A3, 1, 0x18C5, 12, 0x6000, 3,
    0x7145, 1, 0x7062, 1, 0x4841, 2, 0x2000, 1,
    0x4800, 1, 0x5000, 1, 0x41C9, 1, 0x5248, 1,
    0x7145, 1, 0x50A3, 2, 0x1882, 1, 0x3A4A, 1,
    0x8C0C, 2, 0x41C9, 1, 0x4800, 2, 0x4947, 3,
    0x4800, 10, 0x4841, 1, 0x5248, 2, 0x4947, 1,
    0x5248, 1, 0x4841, 2, 0xA489, 2, 0x1882, 1,
    0x3A4A, 2, 0x8C0C, 1, 0x5AEC, 1, 0x4841, 1,
    0x2000, 2, 0x7145, 1, 0x5000, 1, 0x4841, 1,
    0x50A3, 1, 0x41C9, 2, 0x3A4A, 1, 0x5248, 1,
    0x5AEC, 1, 0x7B0A, 2, 0xB50D, 2, 0x4841, 1,
    0x18C5, 1, 0x6000, 1, 0x7800, 1, 0x7062, 1,
    0x7800, 1, 0x2925, 1, 0x20E4, 1, 0x2925, 1,
    0x3187, 2, 0x636E, 1, 0x8CB2, 1, 0x636E, 1,
    0x3187, 1, 0xA489, 1, 0xF6CE, 4, 0xA001, 2,
    0xA489, 1, 0xF6CE, 1, 0xA489, 2, 0x7B0A, 1,
    0x2925, 1, 0x91A7, 1, 0x7062, 4, 0x2925, 2,
    0x0862, 1, 0x4947, 1, 0x2925, 2, 0x3187, 1,
    0x20E4, 1, 0x2925, 1, 0x3800, 1, 0x1882, 5,
    0x2925, 1, 0x20E4, 1, 0x91A7, 1, 0x18C5, 11,
    0x7000, 1, 0x6000, 1, 0x7000, 2, 0x7062, 2,
    0x4841, 2, 0x50A3, 1, 0x4800, 2, 0x4841, 1,
    0x41C9, 1, 0x50A3, 2, 0x4841, 2, 0x4800, 1,
    0x3A4A, 1, 0x7B0A, 1, 0x8C0C, 2, 0x4841, 1,
    0x50A3, 1, 0x4800, 2, 0x3000, 1, 0x4841, 1,
    0x4947, 1, 0x50A3, 1, 0x4841, 1, 0x4800, 1,
    0x4841, 3, 0x50A3, 1, 0x3000, 3, 0x8C0C, 1,
    0xA489, 2, 0x3A4A, 1, 0x20E4, 1, 0x6000, 3,
    0x5AEC, 2, 0x6000, 1, 0x2000, 2, 0x7145, 1,
    0x4841, 2, 0x50A3, 2, 0x41C9, 2, 0x5248, 2,
    0x5AEC, 2, 0xB50D, 2, 0x3187, 1, 0x0862, 1,
    0x18C5, 4, 0x6000, 2, 0x2925, 2, 0x5C32, 1,
    0x3187, 2, 0x636E, 2, 0x2925, 1, 0xF6CE, 5,
    0xA001, 1, 0x7062, 1, 0x3187, 1, 0xA489, 2,
    0x3187, 1, 0x7B0A, 1, 0x20E4, 1, 0x3187, 1,
    0x5248, 1, 0x2925, 2, 0x1882, 3, 0x4947, 1,
    0x2925, 3, 0x3187, 1, 0x20E4, 1, 0x4947, 1,
    0x1882, 5, 0x62EA, 1, 0x2925, 2, 0x50A3, 1,
    0x18C5, 11, 0x7000, 3, 0x8C0C, 1, 0x4947, 1,
    0x50A3, 2, 0x4841, 2, 0x2000, 1, 0x4800, 1,
    0x50A3, 1, 0x41C9, 2, 0x50A3, 1, 0x4841, 3,
    0x1882, 2, 0x3187, 1, 0x5248, 1, 0x62EA, 1,
    0x5248, 2, 0x2925, 1, 0x1882, 1, 0x5AEC, 2,
    0x8C0C, 2, 0x20E4, 2, 0x3187, 1, 0x7B0A, 1,
    0x8C0C, 4, 0x3A4A, 2, 0x1882, 1, 0x6000, 4,
    0x7145, 1, 0x6000, 1, 0x3000, 2, 0x2000, 1,
    0x5000, 2, 0x4841, 1, 0x50A3, 3, 0x41C9, 4,
    0x7B0A, 1, 0xB50D, 1, 0x2925, 1, 0x3187, 1,
    0x7800, 1, 0x0862, 3, 0x3187, 2, 0x18C5, 2,
    0x7000, 1, 0x5AEC, 1, 0x5C32, 1, 0x3187, 1,
    0x636E, 1, 0x8CB2, 1, 0x4841, 1, 0xA489, 1,
    0xF6CE, 4, 0xD5ED, 1, 0xA001, 1, 0x7062, 1,
    0x3187, 3, 0x7062, 1, 0x7B0A, 1, 0x20E4, 1,
    0x2925, 1, 0x0862, 2, 0x1882, 1, 0x4947, 1,
    0x3800, 1, 0x4947, 2, 0x18E4, 1, 0x1926, 1,
    0x20E4, 1, 0x3187, 1, 0x20E4, 1, 0x62EA, 1,
    0x2925, 1, 0x3800, 2, 0x1882, 1, 0x4947, 1,
    0x2925, 1, 0x1882, 1, 0x3187, 1, 0x20E4, 1,
    0x18C5, 11, 0x7000, 1, 0x6000, 1, 0x7062, 1,
    0x8C0C, 2, 0x3187, 1, 0x50A3, 1, 0x4841, 2,
    0x4947, 1, 0x2000, 1, 0x4800, 1, 0x5000, 1,
    0x50A3, 1, 0x4841, 1, 0x50A3, 1, 0x4841, 3,
    0x4800, 1, 0x1882, 3, 0x3187, 2, 0x62EA, 1,
    0x7B0A, 1, 0x62EA, 2, 0x5248, 2, 0x3187, 2,
    0x62EA, 2, 0x5248, 1, 0x1882, 1, 0x0862, 1,
    0x6000, 6, 0x7062, 2, 0x6000, 1, 0x2000, 2,
    0x7145, 1, 0x5000, 1, 0x6000, 1, 0x50A3, 6,
    0x41C9, 3, 0x5AEC, 2, 0x7145, 1, 0x7062, 1,
    0x0862, 3, 0x3187, 3, 0x91A7, 1, 0x50A3, 1,
    0x7000, 1, 0x5AEC, 1, 0x3187, 1, 0x636E, 2,
    0x3187, 1, 0x4841, 1, 0xF6CE, 5, 0xD5ED, 1,
    0xA001, 1, 0x7062, 1, 0x91A7, 1, 0x7062, 2,
    0x5248, 1, 0x4947, 1, 0x0862, 2, 0x4947, 6,
    0x18E4, 3, 0x1926, 1, 0x3187, 1, 0x2925, 2,
    0x62EA, 1, 0x1882, 1, 0x2925, 1, 0x1882, 1,
    0x2925, 3, 0x91A7, 1, 0x18C5, 12, 0x7000, 2,
    0xA489, 3, 0x20E4, 2, 0x4841, 2, 0x4947, 1,
    0x0862, 1, 0x2000, 1, 0x4800, 3, 0x4841, 6,
    0x4800, 3, 0x3800, 1, 0x4800, 3, 0x0862, 2,
    0x2000, 1, 0x3800, 2, 0x4800, 2, 0x3800, 2,
    0x4841, 2, 0x50A3, 3, 0x41C9, 1, 0x4841, 1,
    0x4800, 2, 0x2000, 1, 0x50A3, 1, 0x4841, 1,
    0x50A3, 1, 0x91A7, 1, 0x7062, 1, 0x8800, 1,
    0x50A3, 6, 0x20E4, 1, 0x2925, 1, 0x3187, 2,
    0x6000, 1, 0x0862, 3, 0x7145, 1, 0x3187, 1,
    0x2925, 2, 0x7145, 1, 0x91A7, 1, 0x3187, 1,
    0x5AEC, 1, 0x3187, 3, 0x1882, 1, 0xA489, 1,
    0xF6CE, 5, 0xD5ED, 1, 0x3187, 1, 0x91A7, 1,
    0x7062, 1, 0x5248, 2, 0x0862, 1, 0x4800, 2,
    0x4947, 6, 0x18E4, 5, 0x2925, 1, 0x7145, 1,
    0x1882, 1, 0x2925, 1, 0x5248, 1, 0x62EA, 2,
    0x1882, 2, 0x7145, 1, 0x91A7, 1, 0x18C5, 12,
    0x7000, 1, 0x7145, 1, 0x2925, 1, 0x8C0C, 1,
    0xA489, 1, 0x3187, 1, 0x20E4, 1, 0x4841, 3,
    0x41C9, 2, 0x4947, 1, 0x0862, 1, 0x4800, 2,
    0x5000, 2, 0x4841, 5, 0x5000, 3, 0x4800, 10,
    0x4841, 1, 0x5000, 1, 0x50A3, 2, 0x41C9, 1,
    0x50A3, 1, 0x4800, 2, 0x2000, 1, 0x50A3, 1,
    0x4841, 3, 0x7062, 1, 0x91A7, 2, 0x8800, 2,
    0x8000, 3, 0x50A3, 2, 0x2925, 1, 0x3187, 1,
    0x7800, 1, 0x7062, 1, 0x6000, 1, 0x0862, 2,
    0x50A3, 1, 0x91A7, 1, 0x2925, 2, 0x20E4, 1,
    0x2925, 1, 0x7145, 1, 0x3187, 1, 0x5AEC, 1,
    0x3187, 1, 0x2925, 1, 0x20E4, 1, 0x3800, 1,
    0xF6CE, 3, 0xD5ED, 3, 0x7B0A, 1, 0x2925, 1,
    0x5248, 2, 0x0862, 3, 0x3800, 1, 0x4947, 5,
    0x636E, 3, 0x0000, 1, 0x20E4, 1, 0x18E4, 2,
    0x2925, 1, 0x91A7, 1, 0x20E4, 1, 0x1882, 1,
    0x2925, 3, 0x20E4, 1, 0x2925, 1, 0x50A3, 1,
    0x18C5, 13, 0x6000, 1, 0x91A7, 1, 0x5248, 1,
    0xA489, 1, 0x7B0A, 1, 0x3A4A, 1, 0x3187, 1,
    0x20E4, 1, 0x4841, 4, 0x50A3, 1, 0x0862, 2,
    0x3800, 2, 0x4841, 2, 0x5000, 1, 0x4841, 4,
    0x5000, 1, 0x4841, 1, 0x4800, 9, 0x4841, 2,
    0x4800, 2, 0x50A3, 1, 0x5000, 1, 0x4800, 1,
    0x2000, 1, 0x41C9, 1, 0x4841, 2, 0x50A3, 2,
    0x7145, 1, 0x91A7, 1, 0x7062, 1, 0x8800, 4,
    0x8000, 3, 0xA001, 1, 0x91A7, 1, 0x8000, 1,
    0x7062, 1, 0x6000, 1, 0x0862, 3, 0x7145, 1,
    0x3187, 1, 0x1882, 1, 0x20E4, 1, 0x1882, 1,
    0x2925, 2, 0x7145, 1, 0x20E4, 1, 0x3187, 1,
    0x2925, 1, 0x6000, 1, 0x3800, 1, 0xF6CE, 2,
    0xD5ED, 1, 0xA489, 1, 0xD5ED, 1, 0xA489, 1,
    0x7B0A, 1, 0x0862, 1, 0x5248, 1, 0x0862, 1,
    0x1882, 1, 0x0862, 1, 0x4800, 1, 0x3800, 1,
    0x4947, 4, 0x432E, 3, 0x0000, 1, 0x1926, 1,
    0x20E4, 1, 0x1926, 2, 0x3187, 2, 0x20E4, 2,
    0x2925, 1, 0x1882, 1, 0x20E4, 1, 0x2925, 1,
    0x7145, 1, 0x3187, 1, 0x18C5, 13, 0x4800, 1,
    0x5AEC, 1, 0x3A4A, 1, 0x8C0C, 1, 0x636E, 1,
    0x3A4A, 2, 0x20E4, 1, 0x4841, 6, 0x4947, 1,
    0x0862, 4, 0x3800, 8, 0x4800, 10, 0x0862, 1,
    0x2000, 2, 0x0862, 1, 0x7145, 1, 0x6000, 1,
    0x4841, 2, 0x50A3, 1, 0x41C9, 1, 0x3187, 1,
    0xB50D, 4, 0x8800, 4, 0xA001, 3, 0x8800, 1,
    0x7800, 1, 0x6000, 1, 0x0862, 3, 0x7062, 2,
    0x20E4, 1, 0x2925, 1, 0x62EA, 1, 0x2925, 2,
    0x1882, 1, 0x3187, 1, 0x2925, 1, 0x20E4, 1,
    0x2925, 1, 0x3800, 1, 0x7B0A, 1, 0xD5ED, 3,
    0x7B0A, 2, 0xA489, 2, 0x7B0A, 1, 0x0862, 1,
    0x3800, 1, 0x4800, 3, 0x4947, 1, 0x5C32, 5,
    0x3187, 2, 0x18E4, 1, 0x20E4, 3, 0x18E4, 1,
    0x2925, 1, 0x3187, 1, 0x2925, 2, 0x20E4, 1,
    0x2925, 2, 0x3187, 1, 0x91A7, 1, 0x18C5, 14,
    0x4800, 1, 0x1882, 1, 0x3A4A, 1, 0x7B0A, 1,
    0x3A4A, 3, 0x1882, 1, 0x4841, 4, 0x4800, 2,
    0x50A3, 3, 0x7145, 5, 0x0862, 3, 0x0000, 1,
    0x0862, 3, 0x3000, 5, 0x0862, 3, 0x4947, 1,
    0x41C9, 2, 0x4841, 2, 0x50A3, 2, 0x20E4, 2,
    0xB50D, 6, 0x7062, 1, 0x8800, 1, 0xA001, 5,
    0x8800, 1, 0x7800, 1, 0x8000, 1, 0x18E4, 2,
    0x1882, 1, 0x50A3, 1, 0x2925, 2, 0x62EA, 1,
    0x1882, 1, 0x4947, 1, 0x62EA, 1, 0x2925, 1,
    0x20E4, 1, 0x2925, 1, 0x4841, 1, 0x20E4, 1,
    0x3800, 1, 0xA489, 1, 0xD5ED, 1, 0xA489, 2,
    0x3800, 1, 0x4947, 1, 0x7B0A, 1, 0xA489, 1,
    0x4947, 1, 0x3800, 2, 0x4800, 2, 0x4947, 1,
    0x5C32, 5, 0x18E4, 3, 0x20E4, 2, 0x1926, 1,
    0x2925, 1, 0x1926, 1, 0x20E4, 1, 0x3187, 1,
    0x7145, 1, 0x3187, 3, 0x2925, 1, 0x7145, 1,
    0x18C5, 15, 0x4800, 1, 0x5AEC, 1, 0x0862, 1,
    0x3A4A, 1, 0x432E, 1, 0x5AEC, 1, 0x432E, 1,
    0x636E, 1, 0x2925, 1, 0x7062, 1, 0x4841, 2,
    0x4800, 13, 0x50A3, 7, 0x0000, 1, 0x5000, 1,
    0x4841, 1, 0x7145, 1, 0x50A3, 1, 0x4841, 4,
    0x50A3, 2, 0x20E4, 1, 0x3A4A, 1, 0xB50D, 5,
    0xA489, 1, 0x91A7, 2, 0xA001, 5, 0x8800, 2,
    0x8000, 2, 0x18E4, 2, 0x20E4, 1, 0x3187, 1,
    0x1882, 1, 0x62EA, 1, 0x2925, 1, 0x1882, 3,
    0x2925, 1, 0x20E4, 1, 0x3187, 1, 0x4841, 1,
    0x2925, 1, 0x7B0A, 1, 0xA489, 2, 0x7B0A, 1,
    0x4947, 1, 0x4841, 1, 0x4947, 1, 0x7B0A, 2,
    0x4947, 1, 0x4800, 3, 0x3800, 1, 0x432E, 1,
    0x5AEC, 5, 0x5C32, 2, 0x18E4, 1, 0x0000, 1,
    0x18E4, 1, 0x20E4, 1, 0x18E4, 2, 0x2925, 1,
    0x20E4, 1, 0x91A7, 1, 0x50A3, 1, 0x91A7, 1,
    0x50A3, 1, 0x3187, 2, 0x18C5, 14, 0x5000, 1,
    0x4800, 2, 0x5248, 1, 0x0862, 1, 0x3A4A, 1,
    0x432E, 3, 0x8CB2, 1, 0x3A4A, 1, 0x7000, 3,
    0x6000, 3, 0x4800, 19, 0x4841, 3, 0x50A3, 2,
    0x20E4, 1, 0x5AEC, 1, 0x3A4A, 1, 0x432E, 1,
    0xA489, 2, 0xB50D, 4, 0x41C9, 1, 0xB50D, 1,
    0xA001, 6, 0x8000, 4, 0x18E4, 1, 0x1882, 1,
    0x3187, 1, 0x20E4, 1, 0x1882, 1, 0x4947, 1,
    0x3800, 1, 0x1882, 2, 0x3800, 1, 0x62EA, 1,
    0x20E4, 1, 0x3187, 1, 0x5000, 1, 0x4841, 1,
    0xA489, 3, 0x3800, 2, 0x4947, 1, 0x7B0A, 1,
    0x4947, 2, 0x4800, 4, 0x18E4, 2, 0x2925, 1,
    0x1926, 3, 0x18E4, 1, 0x18C5, 2, 0x0862, 1,
    0x8CB2, 1, 0x2925, 1, 0x18E4, 6, 0x3187, 1,
    0x91A7, 1, 0x3187, 2, 0x18C5, 15, 0x5000, 1,
    0x4800, 1, 0x3000, 1, 0x3800, 1, 0x4800, 1,
    0x1882, 2, 0x432E, 1, 0x5AEC, 1, 0x636E, 1,
    0x4841, 1, 0x5000, 3, 0x6000, 9, 0x7000, 4,
    0x4800, 7, 0x6000, 2, 0x4841, 2, 0x50A3, 2,
    0x18E4, 1, 0x5AEC, 3, 0x8CB2, 2, 0xB50D, 2,
    0xF6CE, 1, 0x8C0C, 1, 0x2925, 2, 0xB50D, 1,
    0xA001, 5, 0x7800, 1, 0x8000, 3, 0x18E4, 3,
    0x91A7, 1, 0x1882, 1, 0x2925, 1, 0x1882, 3,
    0x0862, 1, 0x1882, 1, 0x62EA, 1, 0x2925, 1,
    0x3187, 1, 0x5000, 1, 0x4947, 1, 0xA489, 1,
    0x7B0A, 1, 0x4947, 1, 0x4800, 1, 0x4841, 1,
    0x4947, 2, 0x3800, 1, 0x4800, 3, 0x4841, 1,
    0xA489, 1, 0x1926, 1, 0x41C9, 2, 0x3187, 2,
    0x2925, 1, 0x18E4, 1, 0x18C5, 1, 0x0000, 1,
    0x18C5, 10, 0x18E4, 2, 0x18C5, 16, 0x4800, 2,
    0x3000, 1, 0x3800, 1, 0x4800, 3, 0x1882, 1,
    0x0862, 1, 0x1882, 1, 0x4841, 1, 0x5000, 3,
    0x6000, 9, 0x7000, 10, 0x8000, 1, 0x8800, 2,
    0x7062, 2, 0x3187, 1, 0x8CB2, 1, 0x5C32, 2,
    0x8CB2, 4, 0xF6CE, 1, 0x8CB2, 1, 0xF6CE, 1,
    0x8CB2, 1, 0x2925, 2, 0x8CB2, 1, 0xA001, 3,
    0x8000, 2, 0x7800, 1, 0x8000, 2, 0x7800, 1,
    0x1882, 3, 0x7062, 1, 0x2925, 1, 0x4947, 1,
    0x1882, 5, 0x4947, 1, 0x2925, 1, 0x636E, 1,
    0x2925, 1, 0x7B0A, 2, 0x3800, 2, 0x4800, 2,
    0x4947, 2, 0x4800, 4, 0x18C5, 5, 0x5C32, 3,
    0x2925, 1, 0x0000, 1, 0x0862, 1, 0x18C5, 28,
    0x4800, 1, 0x3000, 2, 0x4800, 4, 0x6000, 3,
    0x7000, 2, 0x4800, 2, 0x6000, 9, 0x7000, 9,
    0x8000, 4, 0x7062, 1, 0x5AEC, 1, 0x8CB2, 1,
    0x5C32, 1, 0x636E, 3, 0x8CB2, 6, 0x41C9, 1,
    0x8CB2, 1, 0x2925, 1, 0xB50D, 1, 0x8800, 1,
    0x8000, 7, 0x7800, 1, 0x1882, 3, 0x3187, 1,
    0x2925, 1, 0x1882, 6, 0x2925, 1, 0x3187, 2,
    0x2925, 1, 0x4947, 2, 0x3800, 2, 0x4800, 1,
    0x3800, 2, 0x4800, 2, 0x4841, 1, 0x18C5, 11,
    0x8CB2, 1, 0x20E4, 1, 0x18C5, 28, 0x4800, 1,
    0x3000, 2, 0x4800, 3, 0x5000, 1, 0x6000, 4,
    0x7000, 3, 0x8000, 5, 0x6000, 3, 0x7000, 10,
    0x8000, 4, 0x7062, 1, 0x20E4, 1, 0x5C32, 1,
    0x636E, 2, 0x2925, 1, 0x20E4, 1, 0x8CB2, 2,
    0x20E4, 1, 0x1926, 3, 0x8CB2, 1, 0xA001, 1,
    0x8800, 2, 0x8000, 4, 0x7800, 2, 0x8000, 2,
    0x7800, 1, 0x1882, 1, 0x18E4, 1, 0x2925, 3,
    0x3800, 1, 0x1882, 5, 0x7B0A, 1, 0x3187, 1,
    0x636E, 1, 0x4947, 2, 0x0862, 2, 0x3800, 1,
    0x4800, 1, 0x3800, 1, 0x4800, 3, 0x18C5, 42,
    0x3000, 4, 0x4800, 1, 0x5000, 1, 0x4800, 2,
    0x6000, 2, 0x7000, 1, 0x6000, 1, 0x7000, 2,
    0x8000, 8, 0x8800, 8, 0x7000, 6, 0x91A7, 2,
    0x1882, 2, 0x20E4, 1, 0x2925, 1, 0x8CB2, 1,
    0x2925, 2, 0x8CB2, 2, 0x8000, 1, 0x7800, 1,
    0x8800, 1, 0x8000, 7, 0x7800, 2, 0x8000, 1,
    0x7800, 1, 0x8000, 1, 0x1882, 1, 0x18E4, 1,
    0x2925, 2, 0x62EA, 1, 0x3800, 1, 0x1882, 5,
    0x2925, 2, 0x3187, 1, 0x4947, 1, 0x3800, 1,
    0x0862, 2, 0x3800, 1, 0x4800, 2, 0x4841, 1,
    0x18C5, 45, 0x3800, 1, 0x3000, 2, 0x4800, 4,
    0x6000, 1, 0x7000, 5, 0x8000, 1, 0x8800, 4,
    0x8000, 3, 0x8800, 9, 0xA001, 3, 0x8800, 12,
    0x8000, 2, 0x7800, 1, 0x8800, 1, 0x8000, 5,
    0x7800, 6, 0x8000, 1, 0x18E4, 2, 0x3187, 1,
    0x2925, 1, 0x5248, 1, 0x1882, 1, 0x20E4, 1,
    0x1882, 4, 0x4947, 1, 0x2925, 1, 0x3187, 1,
    0x1882, 1, 0x0862, 1, 0x1882, 3, 0x4800, 1,
    0x4841, 1, 0x18C5, 46, 0x3000, 1, 0x3800, 1,
    0x3000, 1, 0x4800, 4, 0x6000, 1, 0x7000, 5,
    0x8000, 1, 0x8800, 1, 0xA001, 2, 0x8800, 2,
    0xA001, 1, 0x8800, 1, 0xA001, 8, 0x8800, 1,
    0xA001, 3, 0x8800, 12, 0x8000, 8, 0x7800, 8,
    0x18E4, 2, 0x3187, 1, 0x2925, 1, 0xA489, 1,
    0x7000, 1, 0x20E4, 1, 0x1882, 1, 0x0862, 1,
    0x1882, 2, 0x62EA, 1, 0x20E4, 1, 0x3187, 1,
    0x1882, 4, 0x4800, 1, 0x18C5, 49, 0x3000, 1,
    0x3800, 1, 0x4800, 4, 0x7000, 2, 0x6000, 2,
    0x5000, 2, 0x6000, 1, 0x7000, 2, 0xA001, 2,
    0x98C3, 7, 0xA001, 4, 0x8800, 1, 0xA001, 3,
    0x8800, 6, 0x8000, 1, 0x8800, 5, 0x8000, 8,
    0x7800, 7, 0x1882, 3, 0x2925, 1, 0x20E4, 1,
    0xA489, 1, 0x1882, 6, 0x62EA, 1, 0x20E4, 1,
    0x3187, 1, 0x1882, 2, 0x4800, 1, 0x4841, 1,
    0x18C5, 50, 0x2000, 1, 0x3800, 2, 0x5000, 2,
    0x4800, 1, 0x7000, 1, 0x8000, 1, 0x6000, 1,
    0x4800, 1, 0x3000, 1, 0x2000, 2, 0x3000, 1,
    0x7000, 3, 0x8800, 1, 0x98C3, 2, 0x8000, 1,
    0x98C3, 2, 0xA001, 1, 0x8000, 1, 0xA001, 3,
    0x8800, 1, 0xA001, 5, 0x8800, 4, 0x8000, 1,
    0x8800, 6, 0x8000, 3, 0x7800, 11, 0x18E4, 2,
    0x20E4, 1, 0x2925, 2, 0x4947, 1, 0x3800, 1,
    0x1882, 3, 0x0862, 1, 0x3800, 1, 0x2925, 1,
    0x20E4, 1, 0x2925, 1, 0x4800, 1, 0x4841, 1,
    0x18C5, 52, 0x2000, 1, 0x3000, 1, 0x3800, 1,
    0x4800, 1, 0x5000, 2, 0x7000, 1, 0xA001, 1,
    0x4800, 1, 0x0862, 1, 0x0000, 3, 0x3000, 1,
    0x2000, 1, 0x3000, 2, 0x0862, 2, 0x2000, 3,
    0x0862, 1, 0xA001, 1, 0x8000, 3, 0x7000, 2,
    0x7800, 4, 0x8000, 1, 0x8800, 3, 0x8000, 1,
    0x8800, 2, 0x8000, 2, 0x8800, 4, 0x8000, 1,
    0x7800, 12, 0x2925, 2, 0x18E4, 1, 0x3187, 1,
    0x2925, 1, 0x62EA, 1, 0x3800, 1, 0x1882, 5,
    0x2925, 1, 0x3187, 1, 0x3800, 1, 0x18C5, 55,
    0x2000, 1, 0x3000, 1, 0x4800, 2, 0x5000, 1,
    0x7000, 1, 0xA001, 1, 0x98C3, 2, 0x8000, 1,
    0x50A3, 1, 0x0000, 4, 0x0862, 4, 0x0000, 1,
    0x2000, 1, 0x0862, 2, 0x3000, 8, 0x4800, 1,
    0x6000, 1, 0x8000, 1, 0x8800, 10, 0x8000, 1,
    0x7800, 12, 0x6000, 1, 0x2925, 3, 0x3187, 1,
    0x2925, 2, 0x1882, 5, 0x62EA, 1, 0x1882, 1,
    0x7145, 1, 0x18C5, 56, 0x0000, 1, 0x2000, 1,
    0x3000, 2, 0x4800, 1, 0x5000, 1, 0xA001, 4,
    0x8800, 1, 0x7062, 1, 0x91A7, 1, 0x636E, 2,
    0x8CB2, 4, 0x0000, 1, 0x0862, 4, 0x0000, 7,
    0x2000, 1, 0x1882, 1, 0x6000, 1, 0xA001, 2,
    0x8800, 8, 0x8000, 1, 0x7800, 10, 0x7000, 1,
    0x6000, 1, 0x18E4, 1, 0x1926, 1, 0x2925, 1,
    0x1926, 1, 0x2925, 3, 0x4947, 1, 0x1882, 3,
    0x4947, 1, 0x2925, 2, 0x7145, 1, 0x18C5, 57,
    0x0000, 1, 0x2000, 2, 0x4800, 2, 0x7800, 1,
    0x8000, 2, 0x7800, 1, 0x7000, 1, 0xA001, 1,
    0x98C3, 2, 0x91A7, 1, 0x8CB2, 2, 0xF6CE, 1,
    0x8CB2, 6, 0x636E, 1, 0x7B8D, 1, 0x91A7, 1,
    0x3187, 1, 0x41C9, 1, 0x98C3, 1, 0x7062, 1,
    0xA001, 1, 0x98C3, 3, 0xA001, 2, 0x8800, 7,
    0x8000, 1, 0x7800, 6, 0x7000, 2, 0x6000, 4,
    0x1926, 1, 0x18E4, 2, 0x1926, 1, 0x2925, 1,
    0x3187, 1, 0x2925, 1, 0x62EA, 1, 0x4947, 1,
    0x2925, 1, 0x1882, 1, 0x2925, 2, 0x7145, 1,
    0x3187, 1, 0x18C5, 58, 0x0000, 1, 0x2000, 2,
    0x3000, 1, 0x4800, 1, 0x6000, 4, 0x7000, 2,
    0x7800, 2, 0x8000, 3, 0xF6CE, 1, 0x8CB2, 1,
    0xF6CE, 2, 0x8CB2, 2, 0xB50D, 1, 0x91A7, 1,
    0x98C3, 3, 0xA001, 8, 0x8800, 4, 0x8000, 4,
    0x7800, 6, 0x7000, 1, 0x6000, 1, 0x4800, 3,
    0x18E4, 5, 0x2925, 1, 0x3187, 1, 0x1882, 2,
    0x62EA, 3, 0x1882, 2, 0x91A7, 1, 0x3187, 1,
    0x18C5, 60, 0x2000, 2, 0x3000, 1, 0x4800, 3,
    0x6000, 3, 0x7000, 3, 0x6000, 1, 0x5000, 1,
    0xA001, 4, 0x8800, 4, 0x8000, 2, 0x8800, 3,
    0xA001, 6, 0x8800, 2, 0x8000, 3, 0x7800, 3,
    0x7000, 4, 0x6000, 4, 0x3000, 1, 0x2000, 2,
    0x18E4, 2, 0x1926, 2, 0x20E4, 1, 0x18E4, 1,
    0x91A7, 1, 0x20E4, 1, 0x1882, 1, 0x2925, 3,
    0x20E4, 1, 0x2925, 1, 0x50A3, 1, 0x18C5, 63,
    0x2000, 1, 0x3000, 3, 0x4800, 7, 0x5000, 2,
    0x4800, 1, 0x5000, 2, 0x6000, 3, 0x7000, 1,
    0x7800, 2, 0x8000, 3, 0xA001, 7, 0x7800, 2,
    0x6000, 4, 0x7000, 1, 0x6000, 2, 0x4800, 3,
    0x3800, 1, 0x3000, 2, 0x2000, 3, 0x18E4, 1,
    0x20E4, 2, 0x1926, 3, 0x3187, 2, 0x2925, 1,
    0x1882, 2, 0x20E4, 1, 0x2925, 1, 0x91A7, 1,
    0x18C5, 68, 0x3000, 7, 0x3800, 1, 0x3000, 5,
    0x3800, 1, 0x4800, 1, 0x5000, 4, 0x8000, 9,
    0x7800, 2, 0x4800, 4, 0x6000, 2, 0x3000, 1,
    0x2000, 7, 0x3800, 1, 0x20E4, 1, 0x18E4, 1,
    0x20E4, 2, 0x2925, 1, 0x1926, 1, 0x18E4, 1,
    0x20E4, 1, 0x50A3, 1, 0x7062, 1, 0x20E4, 1,
    0x2925, 2, 0x3187, 1, 0x50A3, 1, 0x18C5, 74,
    0x3000, 2, 0x2000, 5, 0x3000, 4, 0x5000, 1,
    0x6000, 10, 0x4800, 3, 0x2000, 3, 0x3000, 3,
    0x2000, 1, 0x3800, 1, 0x3000, 2, 0x3800, 1,
    0x18E4, 3, 0x20E4, 1, 0x18E4, 2, 0x20E4, 1,
    0x1926, 1, 0x20E4, 1, 0x2925, 1, 0x1882, 1,
    0x50A3, 1, 0x7145, 1, 0x91A7, 1, 0x3187, 2,
    0x7145, 1, 0x18C5, 85, 0x3000, 2, 0x3800, 10,
    0x3000, 1, 0x2000, 4, 0x18C5, 13, 0x18E4, 8,
    0x50A3, 1, 0x7145, 1, 0x50A3, 1, 0x3187, 1,
    0x18C5, 124, 0x18E4, 2, 0x3187, 1, 0x18C5, 2870,
    0x18C5, 2385, 0x91A7, 2, 0x18C5, 124, 0x7062, 1,
    0x91A7, 8, 0x18C5, 119, 0x7062, 3, 0x91A7, 8,
    0x18C5, 117, 0x7062, 6, 0x91A7, 7, 0x18C5, 114,
    0x7800, 8, 0x7062, 3, 0x91A7, 5, 0x636E, 2,
    0x5AEC, 1, 0x91A7, 2, 0x5AEC, 1, 0x18C5, 106,
    0x7800, 9, 0x7062, 7, 0x91A7, 5, 0x5AEC, 2,
    0x91A7, 2, 0x7062, 1, 0x91A7, 2, 0x5AEC, 2,
    0x91A7, 1, 0x18C5, 8, 0x91A7, 10, 0x18C5, 78,
    0x7800, 12, 0x7062, 1, 0x7800, 4, 0x7062, 1,
    0x91A7, 11, 0x5AEC, 1, 0x91A7, 20, 0x98C3, 1,
    0x18C5, 77, 0x7000, 1, 0x7800, 1, 0x7000, 1,
    0x6000, 7, 0x7800, 8, 0x7062, 9, 0x91A7, 8,
    0x7062, 1, 0x91A7, 5, 0x7062, 5, 0x91A7, 2,
    0x7062, 3, 0x18C5, 77, 0x6000, 2, 0x5000, 8,
    0x7800, 15, 0x8000, 2, 0x7800, 1, 0x7062, 7,
    0x7800, 2, 0x7062, 5, 0x7800, 4, 0x7062, 5,
    0x18C5, 76, 0x4800, 2, 0x3000, 4, 0x6000, 1,
    0x3000, 4, 0x6000, 1, 0x7000, 8, 0x7800, 20,
    0x7062, 1, 0x7800, 11, 0x18C5, 76, 0x3000, 3,
    0x6000, 7, 0x2000, 2, 0x5000, 9, 0x7000, 2,
    0x7800, 29, 0x18C5, 76, 0x50A3, 4, 0x6000, 8,
    0x3000, 9, 0x6000, 9, 0x7000, 9, 0x7800, 3,
    0x7000, 1, 0x6000, 5, 0x7800, 4, 0x18C5, 73,
    0x7062, 6, 0x50A3, 1, 0x6000, 9, 0x7000, 2,
    0x2000, 7, 0x3000, 1, 0x4800, 6, 0x3000, 1,
    0x6000, 2, 0x5000, 7, 0x7000, 2, 0x6000, 1,
    0x5000, 7, 0x6000, 1, 0x7800, 2, 0x18C5, 70,
    0x7145, 7, 0x7062, 3, 0x6000, 7, 0x7000, 4,
    0x7062, 3, 0x7145, 3, 0x91A7, 1, 0x7145, 1,
    0x5AEC, 1, 0x3000, 4, 0x2000, 3, 0x3000, 9,
    0x5000, 1, 0x4800, 1, 0x3000, 7, 0x5000, 1,
    0x6000, 1, 0x7000, 1, 0x18C5, 67, 0x5248, 2,
    0x7145, 2, 0x5248, 4, 0x7145, 3, 0x7062, 1,
    0x50A3, 1, 0x6000, 5, 0x7000, 5, 0x7800, 2,
    0x7062, 11, 0x7145, 2, 0x91A7, 1, 0x7145, 2,
    0x5AEC, 1, 0x7145, 1, 0x2000, 6, 0x3000, 1,
    0x8800, 2, 0x8000, 2, 0x4800, 2, 0x3000, 3,
    0x4800, 1, 0x6000, 1, 0x18C5, 65, 0x7145, 1,
    0x5248, 3, 0x5AEC, 5, 0x5248, 2, 0x7145, 2,
    0x7062, 1, 0x6000, 4, 0x7000, 5, 0x7800, 13,
    0x7062, 10, 0x8000, 1, 0x7800, 1, 0x7000, 1,
    0x8800, 1, 0x8000, 3, 0x8800, 1, 0x98C3, 1,
    0x4841, 1, 0x4800, 2, 0x3000, 2, 0x2000, 1,
    0x3000, 1, 0x4800, 1, 0x18C5, 62, 0xA489, 1,
    0x20E4, 1, 0x432E, 1, 0x636E, 4, 0x432E, 1,
    0x5C32, 1, 0x432E, 2, 0x8000, 2, 0x8CB2, 3,
    0x5C32, 2, 0x6000, 1, 0x7000, 6, 0x7800, 17,
    0x8000, 3, 0x7800, 4, 0x7000, 1, 0x8000, 3,
    0x8800, 2, 0x98C3, 2, 0x4841, 3, 0x3800, 1,
    0x3000, 2, 0x20E4, 1, 0x3000, 2, 0x18C5, 56,
    0x7800, 7, 0x7000, 4, 0x6000, 3, 0x5000, 2,
    0x4800, 4, 0x7800, 3, 0x2925, 1, 0x636E, 2,
    0x8CB2, 2, 0x7800, 3, 0x432E, 1, 0x7000, 8,
    0x7800, 6, 0x8000, 4, 0x7800, 5, 0x8000, 2,
    0x98C3, 2, 0x91A7, 2, 0x5AEC, 1, 0x3187, 1,
    0x4841, 2, 0x3800, 3, 0x20E4, 2, 0x4947, 1,
    0x3000, 1, 0x18C5, 53, 0x7800, 2, 0x8000, 5,
    0x1882, 2, 0x7B8D, 8, 0xA489, 1, 0x5AEC, 1,
    0x7062, 2, 0x6000, 3, 0x4800, 4, 0x3800, 1,
    0x7000, 2, 0x91A7, 1, 0x2925, 1, 0x5AEC, 1,
    0x636E, 1, 0x5C32, 5, 0x8CB2, 2, 0x7000, 5,
    0x7800, 7, 0x7000, 1, 0x7800, 1, 0x8000, 1,
    0x98C3, 1, 0x7062, 1, 0x5AEC, 5, 0x50A3, 3,
    0x3800, 3, 0x20E4, 2, 0x5248, 1, 0x4947, 1,
    0x3000, 1, 0x18C5, 51, 0x8800, 7, 0x1926, 1,
    0x20E4, 1, 0x7B8D, 3, 0x91A7, 1, 0x5248, 2,
    0x636E, 2, 0xB50D, 3, 0x2925, 2, 0xA489, 1,
    0xB50D, 1, 0xA489, 2, 0x18E4, 2, 0x1882, 1,
    0x5000, 3, 0x3800, 3, 0x7000, 2, 0x91A7, 1,
    0x2925, 1, 0x3A4A, 1, 0x432E, 2, 0x20E4, 1,
    0x5000, 2, 0x7000, 1, 0x6000, 1, 0x18E4, 1,
    0x636E, 2, 0x7000, 5, 0x8000, 3, 0x91A7, 2,
    0x5AEC, 1, 0x636E, 4, 0x50A3, 3, 0x20E4, 2,
    0x3800, 1, 0x1882, 2, 0x5248, 4, 0x18C5, 49,
    0x8800, 1, 0x8000, 2, 0x7145, 6, 0x2925, 1,
    0x5AEC, 2, 0x7145, 1, 0x5AEC, 2, 0x5248, 1,
    0x5AEC, 6, 0xA489, 2, 0xB50D, 1, 0xA489, 1,
    0x2925, 2, 0x7000, 3, 0x6000, 4, 0x4800, 5,
    0x7000, 3, 0x6000, 1, 0x7000, 1, 0x6000, 3,
    0x7062, 1, 0x5000, 1, 0x6000, 6, 0x8000, 2,
    0x91A7, 2, 0x636E, 5, 0x41C9, 1, 0x50A3, 3,
    0x20E4, 5, 0x5248, 2, 0x7B0A, 3, 0x18C5, 47,
    0x8000, 2, 0x7062, 2, 0x7145, 4, 0x2925, 1,
    0x636E, 5, 0xB50D, 1, 0xA489, 2, 0x8C0C, 3,
    0xA489, 3, 0x5AEC, 5, 0x7145, 2, 0x7000, 7,
    0x6000, 4, 0x8000, 1, 0x7B8D, 1, 0x7800, 2,
    0x7000, 2, 0x636E, 1, 0x7000, 1, 0x636E, 3,
    0x6000, 5, 0x7800, 2, 0x7062, 1, 0x636E, 3,
    0x7B8D, 1, 0x636E, 2, 0x41C9, 2, 0x50A3, 1,
    0x1882, 1, 0x4841, 2, 0x20E4, 3, 0x5248, 2,
    0x7B0A, 4, 0x18C5, 46, 0x8000, 2, 0x7145, 6,
    0x3A4A, 1, 0x636E, 5, 0x5AEC, 1, 0x636E, 2,
    0x8C0C, 1, 0x5AEC, 2, 0x8C0C, 4, 0xA489, 1,
    0x5248, 4, 0x50A3, 1, 0x7062, 1, 0x7000, 9,
    0x8000, 2, 0x7B0A, 1, 0x7B8D, 1, 0x3800, 1,
    0x7800, 1, 0x636E, 1, 0x7B8D, 1, 0x3A4A, 1,
    0x20E4, 1, 0x432E, 1, 0x2925, 1, 0x636E, 1,
    0x3A4A, 1, 0x636E, 1, 0x6000, 1, 0x7000, 1,
    0x7062, 3, 0x7B8D, 1, 0x636E, 4, 0x41C9, 3,
    0x20E4, 3, 0x1882, 3, 0x20E4, 1, 0x7B0A, 1,
    0x5248, 1, 0x7B0A, 5, 0x18C5, 44, 0x8000, 3,
    0x7145, 4, 0x5AEC, 1, 0x3A4A, 2, 0x636E, 3,
    0x5AEC, 1, 0x5248, 2, 0x636E, 2, 0x8C0C, 1,
    0x5AEC, 2, 0x41C9, 2, 0x5AEC, 1, 0xA489, 2,
    0x5AEC, 2, 0x5248, 2, 0x7145, 2, 0x6000, 4,
    0x7000, 4, 0x8000, 2, 0x91A7, 2, 0x18E4, 3,
    0x20E4, 1, 0x8000, 1, 0x3A4A, 2, 0x5C32, 2,
    0x636E, 2, 0x432E, 1, 0x3A4A, 1, 0x7062, 3,
    0x7B8D, 2, 0x8CB2, 2, 0x636E, 2, 0x41C9, 2,
    0x3187, 1, 0x20E4, 2, 0x2925, 3, 0x1882, 1,
    0xA489, 2, 0x7B0A, 7, 0x18C5, 43, 0x98C3, 1,
    0x91A7, 3, 0x5AEC, 3, 0x7B0A, 1, 0x18E4, 1,
    0x1882, 1, 0x636E, 3, 0x5AEC, 4, 0xB50D, 1,
    0x8C0C, 4, 0xA489, 2, 0x8C0C, 1, 0xA489, 1,
    0x5AEC, 2, 0x5248, 1, 0x7145, 4, 0x6000, 7,
    0x8000, 1, 0x91A7, 3, 0x18E4, 2, 0x8CB2, 1,
    0x5C32, 1, 0x18E4, 1, 0x20E4, 1, 0x432E, 1,
    0x5C32, 5, 0x20E4, 1, 0x18E4, 1, 0x8CB2, 5,
    0x636E, 3, 0x3A4A, 1, 0x50A3, 2, 0x3187, 2,
    0x20E4, 2, 0x2925, 1, 0x8C0C, 1, 0xA489, 3,
    0x7B0A, 5, 0xA489, 1, 0x8C0C, 1, 0x18C5, 42,
    0x91A7, 1, 0x636E, 1, 0x91A7, 2, 0x636E, 10,
    0x5AEC, 1, 0x5248, 7, 0x8C0C, 2, 0x5AEC, 4,
    0x5248, 3, 0x7145, 4, 0x50A3, 2, 0x6000, 3,
    0x3187, 1, 0x91A7, 2, 0x18E4, 2, 0x8CB2, 5,
    0x432E, 1, 0x20E4, 1, 0x5C32, 4, 0x20E4, 2,
    0x636E, 6, 0x5AEC, 1, 0x3A4A, 1, 0x62EA, 1,
    0x3A4A, 1, 0x3187, 1, 0x20E4, 4, 0x5248, 1,
    0x8C0C, 2, 0xA489, 3, 0x7B0A, 4, 0xA489, 2,
    0x8C0C, 1, 0x18C5, 41, 0x0862, 1, 0x1926, 1,
    0x3187, 4, 0x1926, 2, 0x2189, 5, 0x91A7, 1,
    0x7B0A, 1, 0x636E, 2, 0x5AEC, 1, 0x636E, 6,
    0x5AEC, 3, 0x5248, 4, 0x7145, 1, 0x50A3, 5,
    0x6000, 2, 0x3187, 3, 0x18E4, 3, 0x8CB2, 6,
    0x432E, 1, 0x2925, 1, 0x432E, 1, 0x636E, 1,
    0x5C32, 1, 0x20E4, 1, 0x5AEC, 2, 0x636E, 5,
    0x5248, 1, 0x3A4A, 1, 0x5248, 2, 0x7B0A, 1,
    0x20E4, 1, 0x3187, 3, 0x8C0C, 2, 0xA489, 4,
    0x7B0A, 4, 0xA489, 3, 0x7145, 1, 0x18C5, 41,
    0x3187, 8, 0x41C9, 3, 0x2189, 4, 0x3187, 2,
    0x41C9, 2, 0x2189, 3, 0x5AEC, 2, 0x91A7, 2,
    0x5AEC, 3, 0x7145, 1, 0x5AEC, 2, 0x5248, 2,
    0x7145, 2, 0x6000, 2, 0x91A7, 2, 0x18E4, 3,
    0x8CB2, 7, 0x5C32, 1, 0x636E, 1, 0x3A4A, 1,
    0x2925, 1, 0x3A4A, 1, 0x432E, 1, 0x3187, 1,
    0x5AEC, 1, 0x636E, 6, 0x3A4A, 3, 0x8C0C, 2,
    0x7B0A, 1, 0x41C9, 1, 0x20E4, 1, 0x3187, 1,
    0xA489, 7, 0x7B0A, 2, 0xA489, 3, 0x8C0C, 1,
    0x7145, 1, 0x18C5, 40, 0x2189, 1, 0x3187, 7,
    0x41C9, 20, 0x2189, 3, 0x50A3, 2, 0x6000, 1,
    0x62EA, 2, 0x7062, 1, 0x7145, 1, 0x91A7, 2,
    0x2925, 1, 0x18E4, 1, 0x8CB2, 10, 0x5C32, 1,
    0x2925, 1, 0x20E4, 1, 0x3A4A, 1, 0x20E4, 1,
    0x5248, 1, 0x5AEC, 2, 0x636E, 3, 0x5AEC, 2,
    0x3A4A, 2, 0x5248, 2, 0x8C0C, 1, 0x7B0A, 1,
    0xB50D, 1, 0x62EA, 1, 0xB50D, 1, 0xA489, 5,
    0x7B0A, 3, 0xA489, 4, 0x7B8D, 1, 0x7062, 1,
    0x18C5, 39, 0x3187, 1, 0x2189, 2, 0x3187, 6,
    0x41C9, 14, 0x3A4A, 1, 0x41C9, 5, 0x2189, 1,
    0x41C9, 2, 0x2189, 4, 0x1926, 1, 0x0862, 1,
    0x98C3, 1, 0x91A7, 2, 0x20E4, 1, 0x5C32, 1,
    0x8CB2, 9, 0x5C32, 2, 0x636E, 1, 0x3187, 1,
    0x20E4, 2, 0x7B0A, 2, 0x636E, 1, 0x5AEC, 2,
    0x636E, 2, 0x3A4A, 3, 0x8C0C, 3, 0xB50D, 2,
    0x62EA, 2, 0xA489, 4, 0x7B0A, 2, 0xA489, 5,
    0x7B0A, 1, 0x7B8D, 1, 0xA489, 1, 0x18C5, 39,
    0x3187, 1, 0x2189, 1, 0x3187, 7, 0x41C9, 11,
    0x3A4A, 1, 0x5AEC, 1, 0x3A4A, 1, 0x41C9, 2,
    0x2189, 1, 0x41C9, 3, 0x2189, 3, 0x41C9, 3,
    0x2189, 3, 0x98C3, 1, 0x91A7, 1, 0x8C0C, 1,
    0x3187, 1, 0x8CB2, 5, 0x5C32, 1, 0x8CB2, 1,
    0x5C32, 1, 0x8CB2, 2, 0x5C32, 2, 0x636E, 1,
    0x4841, 1, 0x20E4, 1, 0x91A7, 1, 0x636E, 2,
    0x5AEC, 1, 0x636E, 2, 0x5AEC, 2, 0x5248, 4,
    0x8C0C, 1, 0xB50D, 5, 0xA489, 4, 0x7B0A, 1,
    0xA489, 5, 0x7B0A, 3, 0xA489, 1, 0x18C5, 38,
    0x2189, 1, 0x3187, 1, 0x2189, 1, 0x3187, 6,
    0x41C9, 12, 0x3A4A, 1, 0x41C9, 1, 0x3A4A, 1,
    0x41C9, 5, 0x2189, 8, 0x3A4A, 1, 0x2189, 1,
    0x8000, 1, 0x91A7, 1, 0x3187, 2, 0x8CB2, 4,
    0x5C32, 9, 0x2925, 1, 0x7062, 1, 0x636E, 1,
    0x5AEC, 1, 0x636E, 3, 0x5AEC, 2, 0x3A4A, 3,
    0x8C0C, 1, 0xB50D, 6, 0xA489, 11, 0x7B0A, 2,
    0xA489, 2, 0x18C5, 38, 0x3187, 2, 0x2189, 1,
    0x3187, 6, 0x41C9, 12, 0x3A4A, 1, 0x41C9, 1,
    0x3A4A, 1, 0x41C9, 6, 0x2189, 6, 0x3A4A, 4,
    0x8C0C, 1, 0x3187, 2, 0x636E, 1, 0x8CB2, 3,
    0x5C32, 5, 0x8CB2, 1, 0x5C32, 3, 0x432E, 1,
    0x5248, 1, 0x636E, 5, 0x5AEC, 3, 0x5248, 2,
    0x636E, 1, 0xB50D, 4, 0xD5ED, 6, 0x18C5, 3,
    0xA489, 2, 0x62EA, 2, 0x7B0A, 3, 0xA489, 1,
    0x18C5, 37, 0x2189, 1, 0x3187, 1, 0x2189, 2,
    0x3187, 5, 0x41C9, 15, 0x3A4A, 1, 0x41C9, 5,
    0x2189, 6, 0x41C9, 1, 0x3A4A, 3, 0x2189, 1,
    0x91A7, 1, 0x3187, 1, 0x636E, 1, 0x5C32, 1,
    0x8CB2, 1, 0x5C32, 7, 0x8CB2, 1, 0x5C32, 2,
    0x432E, 1, 0x2925, 1, 0x636E, 1, 0x5AEC, 2,
    0x636E, 4, 0x5AEC, 2, 0x636E, 1, 0xF6CE, 6,
    0xD5ED, 5, 0x18C5, 8, 0x4947, 1, 0x62EA, 2,
    0x91A7, 1, 0x18C5, 36, 0x0862, 1, 0x2189, 1,
    0x3187, 1, 0x2189, 1, 0x3187, 6, 0x41C9, 12,
    0x3A4A, 1, 0x41C9, 6, 0x3187, 1, 0x41C9, 1,
    0x2189, 5, 0x41C9, 1, 0x3A4A, 4, 0x2189, 1,
    0x8C0C, 1, 0x5AEC, 1, 0x3187, 1, 0x5C32, 8,
    0x8CB2, 1, 0x5C32, 1, 0x432E, 2, 0x636E, 2,
    0x5248, 1, 0x5AEC, 1, 0x636E, 3, 0x5AEC, 3,
    0x8CB2, 2, 0xF6CE, 4, 0xD5ED, 7, 0x18C5, 8,
    0x3000, 1, 0x62EA, 1, 0x8C0C, 1, 0x7145, 1,
    0x18C5, 36, 0x18E4, 1, 0x3187, 2, 0x2189, 1,
    0x3187, 6, 0x41C9, 6, 0x0862, 1, 0x41C9, 5,
    0x3A4A, 1, 0x41C9, 1, 0x3A4A, 1, 0x41C9, 4,
    0x3187, 1, 0x41C9, 1, 0x2189, 4, 0x41C9, 2,
    0x3A4A, 4, 0x2189, 1, 0x98C3, 1, 0x636E, 1,
    0x5AEC, 1, 0x5C32, 6, 0x8CB2, 3, 0x636E, 1,
    0x432E, 1, 0x636E, 2, 0x5AEC, 1, 0x636E, 7,
    0x8CB2, 1, 0xF6CE, 6, 0xD5ED, 6, 0x18C5, 9,
    0x7000, 1, 0x5248, 1, 0x8C0C, 1, 0x62EA, 1,
    0x18C5, 35, 0x0862, 1, 0x18E4, 1, 0x3187, 1,
    0x2189, 2, 0x3187, 5, 0x41C9, 15, 0x3A4A, 1,
    0x41C9, 5, 0x2189, 5, 0x41C9, 2, 0x3A4A, 3,
    0x2189, 2, 0x91A7, 1, 0x5AEC, 1, 0x3187, 1,
    0x636E, 1, 0x5C32, 3, 0x8CB2, 3, 0x5C32, 2,
    0x636E, 1, 0x5AEC, 2, 0x5248, 1, 0x636E, 6,
    0x8CB2, 3, 0xF6CE, 5, 0xD5ED, 6, 0x0862, 2,
    0x2925, 1, 0x3187, 1, 0x18C5, 6, 0x7000, 1,
    0x2925, 1, 0x8C0C, 1, 0x62EA, 1, 0x18C5, 34,
    0x7B8D, 1, 0x0862, 1, 0x2189, 1, 0x3187, 1,
    0x2189, 1, 0x3187, 6, 0x41C9, 12, 0x3A4A, 1,
    0x41C9, 2, 0x3A4A, 1, 0x41C9, 4, 0x1882, 2,
    0x2189, 3, 0x41C9, 3, 0x3A4A, 3, 0x2189, 2,
    0x98C3, 1, 0x91A7, 1, 0x432E, 1, 0x5C32, 8,
    0x3187, 1, 0x5AEC, 1, 0x5248, 1, 0x5AEC, 1,
    0x636E, 6, 0x8CB2, 3, 0xF6CE, 7, 0xD5ED, 4,
    0x0862, 2, 0x2925, 1, 0x8CB2, 1, 0x50A3, 1,
    0x3187, 1, 0x91A7, 1, 0x20E4, 1, 0x18C5, 3,
    0x7800, 1, 0x2925, 1, 0x7B0A, 1, 0x7145, 1,
    0x18C5, 33, 0x636E, 1, 0x3A4A, 1, 0x432E, 9,
    0x5C32, 2, 0x41C9, 11, 0x3A4A, 1, 0x41C9, 1,
    0x3A4A, 1, 0x41C9, 4, 0x3187, 1, 0x41C9, 1,
    0x2189, 3, 0x41C9, 3, 0x3A4A, 4, 0x2189, 3,
    0x91A7, 1, 0x3187, 1, 0x5C32, 5, 0x2925, 1,
    0x3187, 1, 0x18E4, 1, 0x5248, 1, 0x41C9, 1,
    0x3A4A, 1, 0x636E, 5, 0x8CB2, 2, 0x636E, 1,
    0x8CB2, 3, 0xF6CE, 5, 0xD5ED, 5, 0x0862, 2,
    0x50A3, 1, 0x91A7, 1, 0x3187, 1, 0x50A3, 1,
    0x7062, 1, 0x50A3, 1, 0x3187, 1, 0x18C5, 2,
    0x7800, 1, 0x2925, 1, 0x7B0A, 1, 0x5248, 1,
    0x18C5, 31, 0x636E, 1, 0x91A7, 1, 0x7000, 2,
    0x18C5, 1, 0x1926, 3, 0x2189, 5, 0x3A4A, 2,
    0x2189, 1, 0x5C32, 1, 0x432E, 1, 0x5C32, 1,
    0x432E, 1, 0x5C32, 3, 0x41C9, 3, 0x3A4A, 1,
    0x41C9, 1, 0x3A4A, 1, 0x41C9, 4, 0x3187, 1,
    0x41C9, 1, 0x2189, 2, 0x41C9, 4, 0x3A4A, 4,
    0x2189, 3, 0x91A7, 1, 0x2925, 1, 0x5C32, 3,
    0x3187, 2, 0x1926, 1, 0x5AEC, 1, 0x41C9, 2,
    0x636E, 1, 0x5AEC, 3, 0x636E, 2, 0x8CB2, 3,
    0xF6CE, 1, 0x8CB2, 4, 0xD5ED, 1, 0xF6CE, 2,
    0xD5ED, 5, 0x0862, 2, 0x91A7, 1, 0x50A3, 2,
    0x2925, 1, 0x50A3, 1, 0x3187, 1, 0x91A7, 1,
    0x3187, 1, 0x18C5, 2, 0x7800, 1, 0x3800, 1,
    0x4947, 1, 0x18C5, 30, 0x636E, 1, 0x7000, 1,
    0x91A7, 2, 0x2000, 1, 0x3000, 3, 0x91A7, 1,
    0x7000, 3, 0x1926, 1, 0x2189, 7, 0x432E, 1,
    0x3A4A, 1, 0x2189, 3, 0x3A4A, 2, 0x5C32, 4,
    0x432E, 1, 0x54F5, 2, 0x432E, 1, 0x3187, 1,
    0x2189, 2, 0x41C9, 5, 0x3A4A, 3, 0x2189, 4,
    0x91A7, 1, 0x18E4, 1, 0x3187, 2, 0x5AEC, 2,
    0x62EA, 2, 0x7145, 1, 0x41C9, 1, 0x636E, 1,
    0x5AEC, 4, 0x8CB2, 6, 0xF6CE, 3, 0x8CB2, 2,
    0xF6CE, 6, 0x0862, 2, 0x50A3, 1, 0x3187, 1,
    0x2925, 1, 0x20E4, 4, 0x7145, 2, 0x50A3, 1,
    0x18C5, 1, 0x7800, 1, 0x3000, 1, 0x4947, 1,
    0x18C5, 28, 0x7B8D, 1, 0x7000, 1, 0x91A7, 1,
    0x20E4, 2, 0x8000, 1, 0x91A7, 4, 0x636E, 1,
    0x2925, 1, 0x20E4, 2, 0x7145, 2, 0x91A7, 3,
    0x7000, 2, 0x2189, 12, 0x3A4A, 4, 0x2189, 2,
    0x54F5, 5, 0x3A4A, 4, 0x2189, 4, 0x7145, 1,
    0x2925, 1, 0x3187, 2, 0x91A7, 1, 0x7145, 1,
    0x5248, 1, 0x41C9, 1, 0x636E, 2, 0x5AEC, 3,
    0x5248, 1, 0x8CB2, 4, 0xF6CE, 14, 0x0862, 1,
    0x7062, 1, 0x7145, 1, 0x20E4, 2, 0x2925, 2,
    0x1882, 1, 0x20E4, 1, 0x2925, 1, 0x7145, 1,
    0x91A7, 1, 0x18C5, 1, 0x7800, 1, 0x3000, 1,
    0x18C5, 27, 0x7000, 1, 0x91A7, 2, 0x2000, 1,
    0x8000, 2, 0x5AEC, 1, 0x62EA, 3, 0x5AEC, 6,
    0x3A4A, 2, 0x2925, 3, 0x91A7, 6, 0x7000, 1,
    0x6000, 1, 0x7000, 2, 0x6000, 1, 0x2189, 4,
    0x3A4A, 1, 0x2189, 2, 0x3A4A, 1, 0x432E, 2,
    0x3A4A, 6, 0x54F5, 5, 0x2189, 1, 0x3187, 1,
    0x2925, 1, 0x91A7, 1, 0x50A3, 1, 0x62EA, 2,
    0x41C9, 1, 0x636E, 2, 0x5AEC, 3, 0x8CB2, 6,
    0xF6CE, 9, 0xB50D, 1, 0xF6CE, 4, 0x0862, 1,
    0x50A3, 1, 0x7062, 1, 0x1882, 1, 0x2925, 1,
    0x5248, 2, 0x2925, 2, 0x1882, 1, 0x3187, 1,
    0x50A3, 1, 0x18C5, 2, 0x3800, 1, 0x18C5, 24,
    0x8CB2, 1, 0x6000, 1, 0x7145, 2, 0x2000, 1,
    0x7062, 2, 0x5AEC, 2, 0x62EA, 3, 0x5AEC, 5,
    0x636E, 7, 0x5248, 4, 0x5AEC, 2, 0x20E4, 3,
    0x1882, 1, 0x91A7, 9, 0x7800, 4, 0x6000, 1,
    0x3A4A, 5, 0x2189, 4, 0x3187, 2, 0x5248, 1,
    0x62EA, 1, 0x5248, 2, 0x636E, 2, 0x5AEC, 3,
    0x8CB2, 3, 0xF6CE, 2, 0x8CB2, 1, 0xF6CE, 4,
    0x5C32, 2, 0xF6CE, 4, 0xB50D, 1, 0xF6CE, 4,
    0x3187, 1, 0x50A3, 1, 0x2925, 3, 0x1882, 2,
    0x62EA, 1, 0x2925, 2, 0x20E4, 1, 0x3187, 1,
    0x18C5, 25, 0x8CB2, 1, 0x6000, 2, 0x7145, 1,
    0x2000, 2, 0x7145, 1, 0x636E, 2, 0x5AEC, 2,
    0x62EA, 3, 0x5AEC, 2, 0x7B0A, 1, 0x5AEC, 1,
    0x636E, 6, 0x5AEC, 1, 0x636E, 10, 0x2925, 2,
    0x3A4A, 1, 0x7145, 1, 0x5AEC, 1, 0x2925, 5,
    0x5248, 1, 0x7062, 3, 0x3000, 2, 0x2000, 2,
    0x3000, 1, 0x2000, 2, 0x91A7, 2, 0x5000, 1,
    0x7145, 1, 0x5248, 2, 0x41C9, 1, 0x636E, 2,
    0x5AEC, 3, 0x8CB2, 3, 0xF6CE, 4, 0x636E, 2,
    0xF6CE, 3, 0x2925, 2, 0x41C9, 1, 0xF6CE, 3,
    0xB50D, 1, 0xF6CE, 3, 0x18E4, 1, 0x3187, 2,
    0x1882, 1, 0x62EA, 1, 0x4947, 1, 0x3800, 1,
    0x1882, 1, 0x2925, 1, 0x4947, 1, 0x2925, 1,
    0x20E4, 1, 0x3187, 1, 0x18C5, 23, 0x8CB2, 1,
    0xA001, 1, 0x6000, 1, 0x7145, 1, 0x2000, 2,
    0x2925, 2, 0x636E, 3, 0x8C0C, 1, 0x5248, 1,
    0x41C9, 1, 0x5AEC, 2, 0x5248, 1, 0x3A4A, 1,
    0x5AEC, 1, 0x636E, 1, 0xB50D, 2, 0x8CB2, 1,
    0xB50D, 10, 0x5AEC, 1, 0x636E, 14, 0x91A7, 1,
    0x7145, 3, 0x7062, 1, 0x7800, 1, 0x2000, 2,
    0x91A7, 1, 0x7000, 1, 0x7145, 3, 0x3A4A, 1,
    0x5248, 2, 0x636E, 3, 0x8C0C, 1, 0x5AEC, 1,
    0x8CB2, 2, 0xF6CE, 6, 0x636E, 2, 0xF6CE, 3,
    0x2925, 1, 0xF6CE, 1, 0x3187, 1, 0xF6CE, 3,
    0xB50D, 1, 0xF6CE, 3, 0x18E4, 1, 0x3187, 1,
    0x20E4, 1, 0x1882, 1, 0x4947, 1, 0x1882, 5,
    0x2925, 1, 0x20E4, 1, 0x3187, 1, 0x1926, 1,
    0x18C5, 20, 0x8CB2, 1, 0xA001, 1, 0x6000, 1,
    0x7145, 2, 0x2000, 1, 0x50A3, 2, 0x5AEC, 2,
    0x8C0C, 6, 0xA489, 2, 0x636E, 1, 0xB50D, 2,
    0x5AEC, 4, 0x636E, 1, 0xB50D, 3, 0x5AEC, 1,
    0x636E, 1, 0x5AEC, 2, 0x636E, 1, 0xB50D, 4,
    0x636E, 9, 0x5AEC, 1, 0x7145, 3, 0x91A7, 1,
    0x7800, 2, 0x2000, 1, 0x91A7, 2, 0x50A3, 4,
    0x41C9, 2, 0x5AEC, 2, 0x636E, 3, 0x5AEC, 1,
    0x8CB2, 4, 0xF6CE, 3, 0x8CB2, 1, 0xF6CE, 2,
    0xA489, 2, 0xF6CE, 3, 0xB50D, 1, 0xF6CE, 1,
    0xD5ED, 1, 0xF6CE, 1, 0xD5ED, 1, 0xF6CE, 1,
    0x7B0A, 1, 0xF6CE, 3, 0x3187, 1, 0x91A7, 1,
    0x1882, 1, 0x2925, 1, 0x1882, 2, 0x0862, 1,
    0x1882, 3, 0x62EA, 1, 0x2925, 1, 0x3187, 2,
    0x18C5, 18, 0x8CB2, 1, 0x7062, 2, 0x7145, 2,
    0x2000, 1, 0x3A4A, 1, 0x20E4, 1, 0x5AEC, 2,
    0x636E, 1, 0x8C0C, 1, 0xA489, 3, 0x41C9, 1,
    0x5248, 1, 0xA489, 1, 0x8C0C, 1, 0xB50D, 2,
    0x5AEC, 9, 0x636E, 1, 0x5AEC, 1, 0xB50D, 3,
    0x636E, 1, 0x5AEC, 2, 0x636E, 1, 0xB50D, 2,
    0x636E, 1, 0x5AEC, 2, 0x636E, 3, 0x5AEC, 2,
    0x7145, 2, 0x5AEC, 1, 0x7800, 2, 0x2000, 1,
    0x91A7, 2, 0x50A3, 3, 0x41C9, 3, 0x5AEC, 2,
    0x636E, 3, 0x8C0C, 2, 0x8CB2, 5, 0xF6CE, 1,
    0x8CB2, 3, 0xF6CE, 3, 0x8C0C, 1, 0xF6CE, 4,
    0xB50D, 1, 0xD5ED, 1, 0xA489, 2, 0xF6CE, 1,
    0x7B0A, 1, 0xF6CE, 3, 0x2925, 1, 0x7145, 1,
    0x2925, 1, 0x62EA, 1, 0x1882, 6, 0x62EA, 1,
    0x2925, 2, 0x3187, 1, 0x18C5, 16, 0x636E, 1,
    0x5AEC, 2, 0x7062, 1, 0x7145, 2, 0x2000, 1,
    0x3187, 2, 0x8C0C, 3, 0xA489, 1, 0x8C0C, 2,
    0xA489, 2, 0x6000, 1, 0x8C0C, 1, 0xB50D, 1,
    0x62EA, 1, 0x2925, 1, 0xB50D, 4, 0x5AEC, 2,
    0xB50D, 3, 0x5AEC, 7, 0xB50D, 2, 0x5AEC, 2,
    0xB50D, 3, 0x636E, 3, 0x5AEC, 1, 0x7062, 1,
    0x91A7, 1, 0x5AEC, 2, 0x8000, 1, 0x0862, 1,
    0x91A7, 1, 0x7000, 1, 0x50A3, 1, 0x41C9, 5,
    0x5AEC, 3, 0x636E, 1, 0x5AEC, 1, 0x636E, 2,
    0x5AEC, 1, 0x8CB2, 8, 0x636E, 2, 0xF6CE, 1,
    0xD5ED, 1, 0xF6CE, 1, 0xB50D, 1, 0x8CB2, 1,
    0xF6CE, 2, 0xD5ED, 1, 0xF6CE, 1, 0xD5ED, 1,
    0xA489, 1, 0xF6CE, 1, 0x5C32, 1, 0x7B0A, 1,
    0xF6CE, 1, 0xD5ED, 2, 0x2925, 3, 0x4947, 1,
    0x1882, 1, 0x0862, 1, 0x1882, 4, 0x2925, 3,
    0x3187, 1, 0x18C5, 15, 0x636E, 2, 0x91A7, 2,
    0x7145, 2, 0x2000, 1, 0x4800, 2, 0x636E, 1,
    0x8C0C, 2, 0x7B0A, 2, 0x4800, 2, 0x7145, 1,
    0x8C0C, 2, 0xB50D, 1, 0x8C0C, 1, 0x7145, 1,
    0x2925, 1, 0x3A4A, 1, 0xB50D, 3, 0x5AEC, 1,
    0xB50D, 3, 0x41C9, 1, 0x5AEC, 1, 0xB50D, 2,
    0x5AEC, 8, 0xB50D, 6, 0x636E, 2, 0x5AEC, 1,
    0x8000, 1, 0x2000, 1, 0x91A7, 1, 0x7000, 1,
    0x4841, 1, 0x41C9, 4, 0x5AEC, 4, 0x636E, 1,
    0x5AEC, 2, 0x636E, 2, 0x8CB2, 8, 0xD5ED, 1,
    0x636E, 2, 0xA489, 1, 0x3187, 1, 0xF6CE, 1,
    0xD5ED, 1, 0xB50D, 1, 0x5C32, 1, 0xF6CE, 1,
    0xD5ED, 5, 0xF6CE, 1, 0x0000, 1, 0xA489, 1,
    0xF6CE, 1, 0xD5ED, 1, 0x1882, 1, 0x3187, 1,
    0x20E4, 1, 0x2925, 1, 0x1882, 7, 0x7B0A, 1,
    0x3187, 1, 0x2925, 1, 0x3187, 1, 0x18C5, 14,
    0x636E, 2, 0x5AEC, 1, 0x91A7, 1, 0x7145, 2,
    0x2000, 1, 0x6000, 2, 0x3A4A, 1, 0x5AEC, 1,
    0x7B0A, 3, 0x5248, 1, 0x8C0C, 1, 0x7B0A, 2,
    0x7B8D, 2, 0x5248, 1, 0x7B8D, 2, 0x8C0C, 1,
    0xA489, 1, 0x7B8D, 1, 0x20E4, 2, 0x8C0C, 1,
    0xB50D, 2, 0x3A4A, 1, 0xB50D, 8, 0x5AEC, 1,
    0xA489, 1, 0xB50D, 2, 0x7062, 1, 0x6000, 1,
    0xB50D, 1, 0xA489, 2, 0x5AEC, 1, 0xB50D, 2,
    0x1882, 1, 0x91A7, 2, 0x50A3, 1, 0x3187, 1,
    0x41C9, 3, 0x5248, 3, 0x5AEC, 2, 0x636E, 2,
    0x5C32, 1, 0x636E, 1, 0x5AEC, 1, 0x8CB2, 9,
    0xD5ED, 1, 0xF6CE, 2, 0xA489, 1, 0x5C32, 1,
    0xD5ED, 3, 0x5C32, 1, 0xF6CE, 1, 0xA489, 2,
    0x5C32, 1, 0x41C9, 1, 0x3187, 1, 0x1926, 1,
    0xA489, 1, 0xF6CE, 1, 0xD5ED, 2, 0x18E4, 1,
    0x3187, 1, 0x20E4, 1, 0x62EA, 1, 0x3800, 1,
    0x1882, 5, 0x6000, 1, 0x7B0A, 1, 0x2925, 2,
    0x3187, 1, 0x18C5, 13, 0x636E, 1, 0x5AEC, 3,
    0x5000, 1, 0x7145, 1, 0x2000, 1, 0x6000, 1,
    0x5000, 1, 0x62EA, 1, 0x41C9, 1, 0x3A4A, 2,
    0x8C0C, 1, 0x7B0A, 4, 0x7B8D, 1, 0x5248, 1,
    0xA489, 3, 0x7B8D, 1, 0x5248, 1, 0x50A3, 1,
    0x20E4, 2, 0x7B0A, 1, 0x8C0C, 1, 0x41C9, 2,
    0x8C0C, 1, 0x7B0A, 1, 0x2925, 2, 0x8C0C, 2,
    0xA489, 1, 0x8C0C, 1, 0x5248, 1, 0xA489, 1,
    0xB50D, 1, 0x6000, 1, 0x5248, 1, 0xA489, 2,
    0xB50D, 1, 0x5AEC, 1, 0x636E, 1, 0x8800, 1,
    0x2000, 2, 0x91A7, 1, 0x4841, 2, 0x3000, 1,
    0x3187, 1, 0x41C9, 1, 0x5AEC, 5, 0x636E, 1,
    0x5AEC, 1, 0x636E, 3, 0x8CB2, 10, 0xF6CE, 3,
    0xB50D, 1, 0x8CB2, 1, 0xD5ED, 3, 0xA489, 1,
    0x3187, 1, 0xD5ED, 1, 0x7B0A, 1, 0xD5ED, 1,
    0x5C32, 1, 0x20E4, 3, 0xA489, 1, 0xD5ED, 3,
    0x18E4, 1, 0x3187, 1, 0x20E4, 1, 0x5248, 1,
    0x3800, 1, 0x1882, 6, 0x2925, 3, 0x1926, 1,
    0x18C5, 12, 0x5AEC, 4, 0x5000, 1, 0x7145, 1,
    0x2000, 1, 0x5000, 2, 0x5248, 2, 0x3A4A, 1,
    0x3187, 1, 0x8C0C, 1, 0x41C9, 2, 0x4800, 1,
    0x4841, 2, 0x7B0A, 1, 0xA489, 1, 0x7B8D, 3,
    0xA489, 1, 0x5248, 1, 0x8C0C, 3, 0x5248, 1,
    0x20E4, 2, 0x5248, 3, 0x7B0A, 1, 0x8C0C, 1,
    0x5248, 2, 0x8C0C, 1, 0x50A3, 1, 0x3800, 2,
    0xA489, 4, 0x5AEC, 2, 0x41C9, 1, 0x7000, 1,
    0x2000, 1, 0x7145, 1, 0x5000, 1, 0x50A3, 2,
    0x3000, 2, 0x5AEC, 6, 0x636E, 1, 0x5AEC, 1,
    0x636E, 1, 0x5AEC, 1, 0x636E, 1, 0x8CB2, 2,
    0x636E, 1, 0x8CB2, 6, 0x636E, 2, 0x8CB2, 1,
    0xF6CE, 1, 0xD5ED, 1, 0xF6CE, 1, 0xD5ED, 4,
    0xA489, 1, 0x3187, 1, 0xD5ED, 1, 0xA001, 1,
    0xA489, 1, 0x41C9, 1, 0x20E4, 1, 0xF6CE, 3,
    0xD5ED, 1, 0xA489, 2, 0x2925, 1, 0x3187, 1,
    0x20E4, 1, 0x4947, 1, 0x1882, 1, 0x20E4, 1,
    0x6000, 1, 0x1882, 4, 0x4947, 1, 0x2925, 1,
    0x3187, 1, 0x2925, 1, 0x18C5, 11, 0x3187, 1,
    0x91A7, 1, 0x5AEC, 1, 0x7145, 1, 0x91A7, 1,
    0x7145, 1, 0x2000, 1, 0x6000, 2, 0x50A3, 1,
    0x5248, 1, 0x50A3, 1, 0x20E4, 1, 0x7B0A, 1,
    0x8C0C, 2, 0x4800, 4, 0x3800, 1, 0x4800, 1,
    0x4947, 2, 0x7B8D, 1, 0xA489, 1, 0x8C0C, 2,
    0x5248, 1, 0x8C0C, 3, 0x5248, 2, 0x4841, 3,
    0x7B0A, 2, 0xA489, 1, 0x4800, 1, 0x41C9, 2,
    0xA489, 1, 0x4947, 1, 0xA489, 4, 0x5248, 1,
    0x7000, 1, 0x2000, 1, 0x7145, 1, 0x50A3, 4,
    0x3A4A, 2, 0x5AEC, 4, 0x5248, 1, 0x636E, 1,
    0x62EA, 1, 0x5AEC, 1, 0x7145, 1, 0x5AEC, 1,
    0x636E, 1, 0x5AEC, 1, 0x636E, 1, 0x8CB2, 6,
    0x91A7, 1, 0x636E, 1, 0xB50D, 1, 0xF6CE, 2,
    0xB50D, 1, 0xF6CE, 1, 0xD5ED, 2, 0x41C9, 1,
    0x3187, 1, 0xA489, 2, 0x8C0C, 1, 0xA001, 2,
    0x41C9, 1, 0xF6CE, 2, 0xA489, 4, 0x18E4, 1,
    0x2925, 1, 0x3187, 1, 0x2925, 1, 0xA489, 1,
    0x7000, 1, 0x20E4, 1, 0x1882, 5, 0x62EA, 1,
    0x20E4, 1, 0x3187, 1, 0x18C5, 11, 0x7062, 1,
    0x91A7, 2, 0x8000, 2, 0x7145, 1, 0x3000, 2,
    0x6000, 2, 0x5248, 1, 0x7145, 2, 0x20E4, 1,
    0x8C0C, 3, 0x41C9, 1, 0x50A3, 1, 0x4947, 1,
    0x4800, 7, 0x7B0A, 1, 0xA489, 5, 0x7B0A, 1,
    0xA489, 2, 0x7B0A, 1, 0x4947, 4, 0xA489, 3,
    0x4800, 1, 0x5248, 1, 0xA489, 3, 0x3A4A, 1,
    0x7000, 1, 0x2000, 1, 0x7145, 1, 0x4841, 2,
    0x50A3, 1, 0x41C9, 3, 0x5AEC, 4, 0xB50D, 1,
    0x636E, 1, 0x5248, 1, 0x2925, 2, 0x7145, 1,
    0x3187, 1, 0x5AEC, 2, 0x8C0C, 2, 0x636E, 1,
    0x8CB2, 1, 0x636E, 1, 0x8CB2, 2, 0x3187, 2,
    0xF6CE, 3, 0xB50D, 1, 0xA489, 1, 0x5C32, 1,
    0x3187, 1, 0x41C9, 1, 0x20E4, 1, 0xF6CE, 1,
    0xA489, 1, 0x41C9, 1, 0xA001, 2, 0x7B8D, 1,
    0x3187, 1, 0xA489, 2, 0x3187, 1, 0x2925, 1,
    0xA489, 1, 0x1882, 1, 0x2925, 3, 0xA489, 1,
    0x1882, 7, 0x62EA, 1, 0x20E4, 1, 0x3187, 1,
    0x18C5, 10, 0x7062, 1, 0x3187, 1, 0x8000, 2,
    0x7145, 1, 0x4841, 1, 0x7145, 1, 0x2000, 2,
    0x6000, 1, 0x7145, 1, 0x5248, 2, 0x50A3, 1,
    0x1882, 2, 0x8C0C, 2, 0x50A3, 2, 0x4841, 1,
    0x7B0A, 1, 0x4947, 1, 0x4800, 6, 0x3000, 1,
    0x3187, 2, 0x7B0A, 2, 0xA489, 3, 0x7B0A, 1,
    0xA489, 3, 0x7000, 1, 0x5AEC, 2, 0xA489, 2,
    0xB50D, 1, 0x8C0C, 2, 0x5AEC, 1, 0x6000, 1,
    0x2000, 1, 0x7145, 1, 0x50A3, 4, 0x41C9, 2,
    0x3A4A, 2, 0x7B0A, 2, 0xB50D, 2, 0x2925, 1,
    0x50A3, 1, 0x7062, 1, 0x7145, 1, 0x7062, 2,
    0x5AEC, 1, 0x3187, 1, 0x8C0C, 1, 0x3187, 2,
    0x91A7, 1, 0x636E, 2, 0x8CB2, 1, 0x2925, 1,
    0xA489, 1, 0xF6CE, 3, 0xB50D, 1, 0xA489, 1,
    0x5C32, 1, 0x20E4, 2, 0xF6CE, 2, 0xA489, 1,
    0x41C9, 1, 0xA001, 1, 0x7062, 2, 0x91A7, 1,
    0x3187, 2, 0x7062, 1, 0x2925, 1, 0x7B0A, 1,
    0x1882, 1, 0x2925, 1, 0x3187, 1, 0x2925, 1,
    0x4947, 1, 0x3800, 1, 0x1882, 6, 0x2925, 1,
    0x20E4, 1, 0x3187, 1, 0x18C5, 10, 0x6000, 2,
    0x7000, 1, 0x7145, 1, 0x7062, 1, 0x4841, 2,
    0x4800, 2, 0x5000, 1, 0x41C9, 1, 0x5248, 1,
    0x7145, 1, 0x50A3, 2, 0x1882, 1, 0x3A4A, 1,
    0x8C0C, 2, 0x41C9, 1, 0x4800, 1, 0x4947, 4,
    0x4800, 10, 0x4841, 1, 0x5248, 1, 0x4947, 1,
    0xA489, 1, 0x5248, 1, 0x4841, 1, 0xA489, 3,
    0x1882, 1, 0x3A4A, 1, 0x8C0C, 2, 0x5AEC, 1,
    0x4841, 1, 0x2000, 1, 0x7145, 1, 0x5000, 1,
    0x4841, 2, 0x41C9, 3, 0x3A4A, 1, 0x5AEC, 3,
    0xB50D, 2, 0x2925, 1, 0x6000, 1, 0x7800, 1,
    0x7062, 1, 0x7800, 1, 0x7062, 1, 0x7800, 1,
    0x2925, 1, 0x20E4, 1, 0x2925, 1, 0x3187, 2,
    0x636E, 3, 0x3187, 1, 0x2925, 1, 0xF6CE, 4,
    0xB50D, 1, 0xA001, 1, 0x41C9, 1, 0xA489, 1,
    0xF6CE, 2, 0xA489, 2, 0x2925, 1, 0x91A7, 1,
    0x7062, 5, 0x2925, 2, 0x7B0A, 1, 0x18E4, 1,
    0x2925, 1, 0x3187, 1, 0x20E4, 1, 0x5248, 1,
    0x3800, 1, 0x1882, 1, 0x0862, 1, 0x1882, 3,
    0x4947, 1, 0x2925, 1, 0x3187, 1, 0x50A3, 1,
    0x18C5, 10, 0x6000, 1, 0x7000, 2, 0x7062, 2,
    0x4841, 2, 0x50A3, 1, 0x4800, 2, 0x4841, 1,
    0x41C9, 1, 0x50A3, 1, 0x4841, 3, 0x4800, 1,
    0x3A4A, 1, 0x7B0A, 1, 0x8C0C, 1, 0x4841, 2,
    0x50A3, 1, 0x4800, 1, 0x3000, 2, 0x4841, 1,
    0x50A3, 1, 0x4841, 2, 0x4800, 1, 0x4841, 3,
    0x50A3, 1, 0x3000, 3, 0xA489, 2, 0x3A4A, 1,
    0x20E4, 2, 0x7000, 1, 0x20E4, 1, 0x5AEC, 3,
    0x6000, 1, 0x2000, 1, 0x7145, 1, 0x5000, 1,
    0x4841, 1, 0x50A3, 3, 0x41C9, 1, 0x5248, 2,
    0x5AEC, 2, 0xB50D, 3, 0x3187, 1, 0x18C5, 4,
    0x6000, 1, 0x7800, 1, 0x5000, 1, 0x2925, 2,
    0x3187, 2, 0x41C9, 1, 0x636E, 2, 0x2925, 1,
    0xA489, 1, 0xF6CE, 4, 0x41C9, 1, 0x7062, 1,
    0x636E, 1, 0xA489, 3, 0x41C9, 1, 0x7B0A, 1,
    0x2925, 1, 0x7062, 3, 0x2925, 3, 0x1882, 1,
    0x0862, 1, 0x2925, 3, 0x3187, 1, 0x20E4, 1,
    0x62EA, 1, 0x1882, 3, 0x0862, 1, 0x1882, 1,
    0x3800, 1, 0x2925, 2, 0x7145, 1, 0x91A7, 1,
    0x18C5, 9, 0x7000, 1, 0x6000, 1, 0x7000, 1,
    0x8C0C, 1, 0x5248, 1, 0x50A3, 2, 0x4841, 1,
    0x41C9, 1, 0x2000, 1, 0x4800, 1, 0x50A3, 1,
    0x41C9, 2, 0x50A3, 1, 0x4841, 3, 0x1882, 1,
    0x3187, 2, 0x5248, 1, 0x7B0A, 1, 0x5248, 1,
    0x2925, 2, 0x1882, 1, 0x5AEC, 1, 0x8C0C, 2,
    0x50A3, 1, 0x20E4, 1, 0x3187, 2, 0x7B0A, 1,
    0x8C0C, 3, 0xA489, 1, 0x3A4A, 1, 0x1882, 1,
    0x7000, 4, 0x7145, 2, 0x7062, 1, 0x6000, 1,
    0x2000, 1, 0x7145, 1, 0x5000, 1, 0x4841, 2,
    0x50A3, 3, 0x41C9, 3, 0x5248, 1, 0x7B0A, 1,
    0xB50D, 1, 0x2925, 1, 0x7145, 1, 0x0862, 3,
    0x2925, 1, 0x3187, 1, 0x18C5, 3, 0x7000, 1,
    0x5AEC, 1, 0x5C32, 1, 0x3187, 1, 0x41C9, 1,
    0x8CB2, 1, 0x636E, 1, 0xA489, 1, 0xF6CE, 4,
    0xD5ED, 1, 0x3187, 1, 0x7062, 1, 0x91A7, 1,
    0x3187, 3, 0x41C9, 1, 0x7B0A, 1, 0x3187, 1,
    0x2925, 1, 0x5248, 1, 0x0862, 1, 0x1882, 2,
    0x3800, 1, 0x4947, 2, 0x1926, 1, 0x2925, 2,
    0x3187, 1, 0x20E4, 1, 0x2925, 1, 0x4947, 1,
    0x1882, 4, 0x2925, 2, 0x1882, 1, 0x7145, 1,
    0x18C5, 10, 0x7000, 1, 0x6000, 1, 0x8C0C, 2,
    0x2925, 1, 0x3187, 1, 0x50A3, 1, 0x4841, 2,
    0x4947, 1, 0x2000, 1, 0x5000, 1, 0x50A3, 1,
    0x4841, 1, 0x50A3, 2, 0x4841, 3, 0x4800, 1,
    0x1882, 2, 0x3187, 3, 0x7B0A, 2, 0x62EA, 2,
    0x5248, 1, 0x3187, 2, 0x62EA, 2, 0x5248, 1,
    0x18E4, 1, 0x20E4, 1, 0x1882, 1, 0x6000, 2,
    0x7000, 3, 0x7062, 3, 0x6000, 1, 0x2000, 1,
    0x7145, 2, 0x5000, 1, 0x50A3, 7, 0x41C9, 2,
    0x3A4A, 1, 0x5AEC, 2, 0x7145, 1, 0x7062, 1,
    0x0862, 3, 0x8CB2, 1, 0x50A3, 1, 0x3187, 1,
    0x91A7, 1, 0x18C5, 1, 0x7000, 1, 0x5AEC, 1,
    0x3187, 1, 0x2925, 1, 0x636E, 1, 0x3187, 1,
    0x4841, 1, 0xA489, 1, 0xF6CE, 4, 0xD5ED, 1,
    0x2925, 1, 0x7062, 2, 0x91A7, 1, 0x3187, 1,
    0x7062, 1, 0x7145, 1, 0x4947, 1, 0x20E4, 1,
    0x0862, 2, 0x4947, 2, 0x3800, 1, 0x4947, 3,
    0x18E4, 3, 0x3187, 1, 0x20E4, 1, 0x2925, 1,
    0x62EA, 1, 0x1882, 2, 0x3800, 1, 0x1882, 1,
    0x62EA, 1, 0x20E4, 1, 0x2925, 1, 0x3187, 1,
    0x18C5, 10, 0x7000, 1, 0x7145, 1, 0xA489, 3,
    0x20E4, 1, 0x4841, 2, 0x4800, 1, 0x4947, 1,
    0x0862, 1, 0x2000, 1, 0x4800, 4, 0x4841, 5,
    0x4800, 2, 0x3800, 1, 0x4800, 3, 0x0862, 3,
    0x2000, 1, 0x3800, 1, 0x4800, 2, 0x0862, 1,
    0x3800, 1, 0x4841, 3, 0x50A3, 2, 0x41C9, 1,
    0x4841, 1, 0x4800, 3, 0x3000, 1, 0x50A3, 1,
    0x4841, 1, 0x91A7, 1, 0x7062, 1, 0x6000, 1,
    0x50A3, 6, 0x20E4, 2, 0x5AEC, 1, 0x3187, 1,
    0x7062, 1, 0x6000, 1, 0x0862, 3, 0x50A3, 1,
    0x91A7, 1, 0x3187, 1, 0x50A3, 1, 0x7062, 1,
    0x91A7, 1, 0x1882, 1, 0x5AEC, 1, 0x3187, 1,
    0x636E, 1, 0x41C9, 1, 0x3187, 1, 0x1882, 1,
    0xF6CE, 5, 0xD5ED, 1, 0x20E4, 1, 0x7062, 4,
    0x5248, 1, 0x0862, 1, 0x4947, 1, 0x4800, 1,
    0x4947, 7, 0x18E4, 3, 0x1926, 1, 0x2925, 4,
    0x4947, 2, 0x1882, 1, 0x5248, 1, 0x2925, 1,
    0x20E4, 1, 0x7145, 1, 0x3187, 1, 0x18C5, 10,
    0x7000, 1, 0x91A7, 1, 0xA489, 1, 0x8C0C, 2,
    0x3187, 1, 0x20E4, 1, 0x4841, 2, 0x41C9, 2,
    0x4947, 1, 0x0862, 1, 0x4800, 3, 0x5000, 1,
    0x4841, 6, 0x5000, 2, 0x4800, 10, 0x4841, 1,
    0x5000, 1, 0x50A3, 2, 0x41C9, 2, 0x50A3, 1,
    0x4800, 2, 0x50A3, 1, 0x4841, 3, 0x7062, 2,
    0x91A7, 1, 0x8800, 1, 0x8000, 4, 0x50A3, 2,
    0x20E4, 1, 0x3187, 2, 0x7800, 1, 0x7062, 1,
    0x0862, 3, 0x50A3, 2, 0x20E4, 1, 0x2925, 1,
    0x20E4, 1, 0x3187, 1, 0x7145, 1, 0x2925, 1,
    0x5AEC, 1, 0x3187, 3, 0x1882, 1, 0xA489, 1,
    0xF6CE, 2, 0xD5ED, 1, 0xF6CE, 1, 0xD5ED, 2,
    0x20E4, 1, 0x91A7, 1, 0x7062, 1, 0x5248, 2,
    0x0862, 2, 0x4800, 1, 0x4947, 6, 0x636E, 2,
    0x18E4, 4, 0x2925, 1, 0x7145, 1, 0x1882, 2,
    0x62EA, 1, 0x2925, 1, 0x5248, 1, 0x2925, 1,
    0x1882, 1, 0x3187, 1, 0x91A7, 1, 0x2925, 1,
    0x18C5, 10, 0x7000, 1, 0x5AEC, 1, 0x5248, 1,
    0xA489, 2, 0x3A4A, 1, 0x20E4, 1, 0x50A3, 1,
    0x4841, 4, 0x50A3, 1, 0x0862, 2, 0x3800, 2,
    0x4841, 1, 0x5000, 1, 0x4841, 4, 0x5000, 2,
    0x4841, 1, 0x4800, 10, 0x50A3, 1, 0x4841, 1,
    0x50A3, 1, 0x5000, 1, 0x4800, 2, 0x2000, 1,
    0x41C9, 1, 0x4841, 2, 0x50A3, 1, 0x7062, 1,
    0x91A7, 1, 0x7062, 2, 0x8800, 4, 0x8000, 3,
    0x91A7, 1, 0x8000, 1, 0x7062, 1, 0x7800, 1,
    0x0862, 3, 0x7145, 1, 0x3187, 1, 0x2925, 1,
    0x20E4, 2, 0x1882, 1, 0x20E4, 1, 0x2925, 1,
    0x91A7, 1, 0x20E4, 1, 0x3187, 1, 0x2925, 1,
    0x6000, 1, 0x3800, 1, 0xA489, 1, 0xF6CE, 2,
    0xA489, 2, 0xD5ED, 1, 0xA489, 1, 0x7B0A, 1,
    0x2925, 1, 0x5248, 1, 0x0862, 3, 0x4800, 1,
    0x3800, 1, 0x4947, 5, 0x432E, 2, 0x0000, 2,
    0x18E4, 1, 0x1926, 1, 0x18E4, 1, 0x3187, 1,
    0x91A7, 1, 0x20E4, 1, 0x1882, 1, 0x2925, 3,
    0x20E4, 2, 0x7062, 1, 0x50A3, 1, 0x18C5, 11,
    0x4800, 1, 0x1882, 1, 0x7B0A, 1, 0x636E, 1,
    0x3A4A, 3, 0x20E4, 1, 0x4841, 4, 0x50A3, 1,
    0x4841, 1, 0x0862, 5, 0x3800, 7, 0x4800, 11,
    0x0862, 1, 0x2000, 1, 0x0862, 1, 0x7145, 1,
    0x5000, 1, 0x4841, 2, 0x50A3, 1, 0x41C9, 1,
    0x3187, 1, 0x7B0A, 2, 0xB50D, 2, 0x8800, 4,
    0x8000, 1, 0xA001, 2, 0x8800, 2, 0x6000, 2,
    0x0862, 3, 0x91A7, 1, 0x2925, 1, 0x20E4, 1,
    0x2925, 3, 0x20E4, 1, 0x1882, 1, 0x91A7, 1,
    0x20E4, 2, 0x2925, 1, 0x6000, 1, 0x7B0A, 1,
    0xD5ED, 3, 0xA489, 1, 0x4947, 1, 0xA489, 2,
    0x0862, 3, 0x3800, 1, 0x4800, 3, 0x3800, 1,
    0x4947, 3, 0x2925, 1, 0x1926, 1, 0x2925, 2,
    0x0000, 2, 0x20E4, 1, 0x18E4, 1, 0x1926, 2,
    0x3187, 2, 0x2925, 1, 0x1882, 1, 0x20E4, 2,
    0x2925, 1, 0x50A3, 1, 0x91A7, 1, 0x18C5, 12,
    0x4800, 1, 0x5AEC, 1, 0x3A4A, 1, 0x5AEC, 1,
    0x3A4A, 3, 0x18E4, 1, 0x4841, 4, 0x4800, 2,
    0x50A3, 2, 0x7145, 6, 0x0862, 2, 0x0000, 2,
    0x0862, 2, 0x3000, 6, 0x0862, 2, 0x50A3, 1,
    0x4947, 1, 0x41C9, 1, 0x5248, 1, 0x4841, 1,
    0x5000, 1, 0x50A3, 2, 0x20E4, 1, 0x3187, 2,
    0xB50D, 4, 0x7062, 1, 0x8800, 2, 0xA001, 4,
    0x8800, 2, 0x7800, 1, 0x18E4, 2, 0x0862, 1,
    0x7062, 1, 0x7145, 1, 0x20E4, 1, 0x2925, 1,
    0x5248, 1, 0x1882, 1, 0x62EA, 1, 0x2925, 2,
    0x3187, 1, 0x1926, 1, 0x4841, 1, 0x2925, 1,
    0x3800, 1, 0xA489, 1, 0xD5ED, 2, 0xA489, 1,
    0x7B0A, 1, 0x3800, 1, 0xA489, 2, 0x7B0A, 1,
    0x4947, 1, 0x3800, 2, 0x4800, 2, 0x4947, 2,
    0x5C32, 5, 0x1926, 2, 0x18E4, 2, 0x2925, 2,
    0x1926, 2, 0x3187, 1, 0x50A3, 1, 0x7062, 1,
    0x20E4, 1, 0x2925, 1, 0x20E4, 1, 0x3187, 1,
    0x50A3, 1, 0x18C5, 13, 0x4800, 1, 0x6000, 1,
    0x1882, 1, 0x3A4A, 1, 0x5AEC, 2, 0x432E, 1,
    0x636E, 1, 0x50A3, 1, 0x7062, 1, 0x4841, 2,
    0x4800, 12, 0x50A3, 6, 0x0862, 2, 0x0000, 1,
    0x7145, 2, 0x50A3, 1, 0x4841, 4, 0x50A3, 2,
    0x20E4, 1, 0x3A4A, 1, 0x7B0A, 1, 0xB50D, 4,
    0xA489, 2, 0x7062, 1, 0xA001, 6, 0x8800, 1,
    0x7800, 2, 0x18E4, 3, 0x91A7, 1, 0x20E4, 1,
    0x1882, 1, 0x4947, 1, 0x1882, 2, 0x2925, 1,
    0x4947, 1, 0x2925, 2, 0x3187, 1, 0x4841, 1,
    0x20E4, 1, 0x7B0A, 1, 0xA489, 3, 0x4947, 1,
    0x3800, 2, 0x7B0A, 3, 0x3800, 1, 0x4800, 3,
    0x3800, 1, 0x4947, 1, 0x636E, 5, 0x18E4, 1,
    0x0000, 1, 0x3187, 1, 0x0000, 2, 0x18E4, 2,
    0x1926, 1, 0x2925, 1, 0x3187, 1, 0x50A3, 1,
    0x7145, 1, 0x3187, 1, 0x50A3, 3, 0x3187, 1,
    0x18C5, 13, 0x4800, 2, 0x0862, 2, 0x3A4A, 1,
    0x432E, 2, 0x5C32, 1, 0x3A4A, 1, 0x50A3, 1,
    0x7000, 2, 0x6000, 4, 0x4800, 19, 0x4841, 3,
    0x50A3, 3, 0x20E4, 1, 0x3A4A, 1, 0x5AEC, 1,
    0xA489, 1, 0xB50D, 4, 0x2925, 1, 0xB50D, 1,
    0x91A7, 1, 0xA001, 6, 0x8000, 3, 0x18E4, 1,
    0x1882, 1, 0x2925, 1, 0x50A3, 1, 0x20E4, 1,
    0x2925, 1, 0x1882, 1, 0x3800, 1, 0x1882, 1,
    0x3800, 1, 0x1882, 1, 0x2925, 2, 0x3187, 1,
    0x4841, 1, 0x2925, 1, 0xA489, 3, 0x7B0A, 1,
    0x3800, 1, 0x4841, 1, 0x4947, 1, 0x7B0A, 1,
    0x4947, 2, 0x4800, 4, 0x2925, 1, 0x3187, 2,
    0x2925, 1, 0x3187, 2, 0x0000, 1, 0x3187, 1,
    0x8CB2, 1, 0x1926, 1, 0x2925, 1, 0x18E4, 2,
    0x20E4, 1, 0x18E4, 2, 0x20E4, 1, 0x7062, 1,
    0x50A3, 1, 0x91A7, 1, 0x50A3, 1, 0x91A7, 1,
    0x3187, 1, 0x18C5, 13, 0x4800, 2, 0x3000, 1,
    0x4800, 2, 0x0862, 1, 0x18E4, 1, 0x5AEC, 1,
    0x636E, 2, 0x4841, 1, 0x5000, 3, 0x6000, 9,
    0x7000, 3, 0x4800, 7, 0x5000, 2, 0x4841, 2,
    0x50A3, 2, 0x18E4, 1, 0x5AEC, 4, 0x8CB2, 1,
    0xB50D, 3, 0x62EA, 1, 0x2925, 2, 0xB50D, 2,
    0xA001, 5, 0x8000, 3, 0x7800, 1, 0x18E4, 2,
    0x3187, 2, 0x1882, 1, 0x62EA, 1, 0x1882, 5,
    0x62EA, 1, 0x20E4, 1, 0x3187, 1, 0x4841, 1,
    0x3000, 1, 0xA489, 2, 0x4947, 2, 0x4841, 1,
    0x3800, 1, 0x4947, 2, 0x3800, 2, 0x4800, 3,
    0x3800, 1, 0x3187, 2, 0x1926, 1, 0x18E4, 1,
    0x20E4, 1, 0x1926, 1, 0x18C5, 10, 0x18E4, 4,
    0x2925, 1, 0x8CB2, 1, 0x18C5, 14, 0x4800, 2,
    0x3000, 1, 0x4800, 4, 0x0862, 2, 0x1882, 1,
    0x4841, 1, 0x5000, 2, 0x4800, 1, 0x6000, 8,
    0x7000, 10, 0x8000, 1, 0x8800, 3, 0x7062, 2,
    0x3187, 1, 0x8CB2, 1, 0x5C32, 1, 0x8CB2, 4,
    0xF6CE, 3, 0x8CB2, 1, 0x2925, 2, 0x8CB2, 1,
    0xA001, 3, 0x8800, 1, 0x8000, 1, 0x7800, 1,
    0x8000, 2, 0x7800, 2, 0x18E4, 1, 0x1882, 1,
    0x2925, 4, 0x1882, 5, 0x4947, 1, 0x20E4, 1,
    0x636E, 1, 0x6000, 1, 0x4947, 1, 0x7B0A, 2,
    0x3800, 2, 0x4800, 1, 0x3800, 1, 0x4947, 1,
    0x3800, 1, 0x4800, 4, 0x18C5, 3, 0x636E, 1,
    0x8CB2, 1, 0x5C32, 2, 0x3187, 1, 0x0000, 1,
    0x18C5, 1, 0x0000, 1, 0x18C5, 27, 0x4800, 1,
    0x3000, 2, 0x4800, 4, 0x6000, 2, 0x7000, 3,
    0x4800, 1, 0x6000, 9, 0x7000, 9, 0x7800, 4,
    0x7062, 1, 0x5AEC, 1, 0x8CB2, 1, 0x5C32, 1,
    0x636E, 2, 0x8CB2, 4, 0xF6CE, 1, 0x8CB2, 2,
    0x41C9, 1, 0x8CB2, 1, 0x2925, 1, 0xB50D, 1,
    0xA001, 1, 0x8800, 1, 0x8000, 6, 0x7800, 1,
    0x1882, 3, 0x2925, 1, 0x20E4, 1, 0x62EA, 1,
    0x3800, 1, 0x0862, 1, 0x1882, 4, 0x2925, 1,
    0x20E4, 1, 0x3187, 1, 0x2925, 1, 0x7B0A, 1,
    0x4947, 1, 0x3800, 2, 0x1882, 1, 0x4800, 1,
    0x3800, 2, 0x4800, 2, 0x4841, 1, 0x18C5, 9,
    0x8CB2, 2, 0x2925, 1, 0x20E4, 1, 0x18C5, 27,
    0x4800, 1, 0x3000, 2, 0x4800, 4, 0x6000, 3,
    0x7000, 3, 0x8000, 5, 0x6000, 4, 0x7000, 10,
    0x7800, 3, 0x7062, 1, 0x5C32, 2, 0x636E, 2,
    0x1926, 1, 0x8CB2, 3, 0x20E4, 1, 0x8CB2, 1,
    0x1926, 2, 0x8CB2, 3, 0x8800, 1, 0x8000, 4,
    0x7800, 2, 0x8000, 3, 0x1882, 2, 0x18E4, 1,
    0x3187, 1, 0x2925, 1, 0x4947, 1, 0x1882, 6,
    0x7B0A, 1, 0x20E4, 1, 0x636E, 1, 0x4947, 2,
    0x0862, 1, 0x3800, 1, 0x1882, 1, 0x4800, 2,
    0x3800, 1, 0x4800, 3, 0x18C5, 41, 0x3000, 3,
    0x4800, 4, 0x6000, 2, 0x7000, 2, 0x6000, 1,
    0x7000, 2, 0x8000, 8, 0x8800, 6, 0x7000, 8,
    0x91A7, 1, 0x1882, 2, 0x20E4, 1, 0x2925, 1,
    0x20E4, 1, 0x2925, 2, 0x8CB2, 1, 0x1926, 1,
    0x8CB2, 2, 0x8800, 1, 0x8000, 7, 0x7800, 2,
    0x8000, 2, 0x7800, 1, 0x1882, 2, 0x18E4, 1,
    0x3187, 1, 0x2925, 2, 0x1882, 5, 0x6000, 1,
    0x2925, 1, 0x20E4, 1, 0x3187, 1, 0x4947, 1,
    0x3800, 1, 0x1882, 1, 0x0862, 1, 0x1882, 1,
    0x4800, 4, 0x18C5, 44, 0x3000, 3, 0x4800, 3,
    0x6000, 1, 0x7000, 6, 0x8800, 5, 0x8000, 3,
    0x8800, 8, 0xA001, 3, 0x8800, 12, 0x8000, 2,
    0x7800, 1, 0x8800, 1, 0x8000, 6, 0x7800, 4,
    0x8000, 1, 0x7800, 1, 0x18E4, 2, 0x2925, 1,
    0x3187, 1, 0x2925, 1, 0x1882, 2, 0x6000, 1,
    0x1882, 4, 0x4947, 1, 0x20E4, 1, 0x3187, 1,
    0x4947, 1, 0x0862, 1, 0x1882, 3, 0x4800, 3,
    0x18C5, 45, 0x3000, 3, 0x4800, 4, 0x7000, 2,
    0x6000, 1, 0x7000, 3, 0x8000, 1, 0xA001, 3,
    0x8800, 1, 0xA001, 1, 0x8800, 2, 0xA001, 5,
    0x8800, 3, 0xA001, 3, 0x8800, 13, 0x8000, 7,
    0x7800, 8, 0x18E4, 2, 0x2925, 1, 0x3187, 1,
    0x2925, 1, 0x1882, 2, 0x6000, 1, 0x1882, 4,
    0x62EA, 1, 0x20E4, 1, 0x3187, 1, 0x1882, 5,
    0x4800, 1, 0x18C5, 48, 0x3000, 2, 0x5000, 1,
    0x4800, 3, 0x7000, 1, 0x6000, 2, 0x5000, 3,
    0x6000, 2, 0x7000, 1, 0xA001, 1, 0x98C3, 7,
    0xA001, 2, 0x8800, 3, 0xA001, 3, 0x8800, 6,
    0x8000, 1, 0x8800, 6, 0x8000, 7, 0x7800, 8,
    0x1882, 2, 0x2925, 2, 0x7062, 1, 0x1882, 7,
    0x62EA, 1, 0x2925, 1, 0x3187, 1, 0x1882, 3,
    0x4800, 1, 0x18C5, 50, 0x2000, 1, 0x3000, 1,
    0x4800, 4, 0x6000, 1, 0x4800, 2, 0x3000, 1,
    0x2000, 2, 0x3000, 1, 0x6000, 1, 0x7000, 2,
    0x8800, 1, 0x7062, 2, 0x7000, 1, 0x98C3, 2,
    0x8800, 1, 0x7800, 1, 0xA001, 3, 0x8800, 1,
    0xA001, 5, 0x8800, 4, 0x8000, 1, 0x8800, 6,
    0x8000, 4, 0x7800, 11, 0x1882, 2, 0x2925, 3,
    0x1882, 7, 0x2925, 1, 0x3187, 1, 0x1926, 1,
    0x1882, 1, 0x4800, 2, 0x18C5, 51, 0x2000, 1,
    0x3000, 2, 0x4800, 1, 0x5000, 2, 0x8000, 1,
    0x8800, 1, 0x0862, 1, 0x0000, 3, 0x3000, 2,
    0x2000, 1, 0x3000, 2, 0x0862, 1, 0x2000, 3,
    0x0862, 1, 0x8800, 1, 0x7800, 3, 0x7000, 2,
    0x8000, 1, 0x7800, 3, 0x8000, 1, 0x8800, 3,
    0x8000, 1, 0x8800, 3, 0x8000, 1, 0x8800, 4,
    0x8000, 2, 0x7800, 11, 0x18E4, 3, 0x2925, 1,
    0x3187, 1, 0x2925, 2, 0x1882, 1, 0x0862, 1,
    0x1882, 3, 0x4947, 1, 0x2925, 1, 0x7145, 1,
    0x3800, 1, 0x4800, 1, 0x18C5, 54, 0x2000, 1,
    0x3000, 1, 0x4800, 2, 0x5000, 1, 0x8000, 1,
    0xA001, 1, 0x98C3, 1, 0x8000, 1, 0x50A3, 1,
    0x7062, 1, 0x0000, 4, 0x0862, 3, 0x0000, 1,
    0x2000, 1, 0x0862, 2, 0x3000, 2, 0x2000, 1,
    0x3000, 5, 0x4800, 1, 0x6000, 1, 0x8000, 2,
    0x8800, 9, 0x8000, 1, 0x7800, 13, 0x2925, 4,
    0x3187, 1, 0x2925, 1, 0x4947, 1, 0x3800, 1,
    0x1882, 1, 0x0862, 1, 0x1882, 1, 0x3800, 1,
    0x2925, 2, 0x91A7, 1, 0x18C5, 56, 0x0000, 1,
    0x3000, 3, 0x4800, 1, 0x6000, 1, 0xA001, 3,
    0x8800, 1, 0xA001, 1, 0x3187, 1, 0x91A7, 1,
    0x636E, 2, 0x8CB2, 3, 0x0000, 1, 0x0862, 4,
    0x0000, 7, 0x2000, 1, 0x1882, 1, 0x6000, 2,
    0xA001, 1, 0x8800, 8, 0x8000, 1, 0x7800, 10,
    0x7000, 1, 0x6000, 2, 0x1926, 3, 0x2925, 1,
    0x3187, 1, 0x2925, 1, 0x62EA, 1, 0x1882, 4,
    0x2925, 2, 0x1882, 1, 0x91A7, 1, 0x18C5, 57,
    0x0000, 1, 0x2000, 2, 0x4800, 2, 0x8000, 3,
    0x6000, 1, 0x7000, 1, 0x98C3, 2, 0x91A7, 1,
    0x8C0C, 1, 0x8CB2, 2, 0xD5ED, 1, 0x8CB2, 5,
    0x636E, 1, 0x7B8D, 2, 0x91A7, 1, 0x41C9, 1,
    0x98C3, 1, 0x7062, 1, 0xA001, 1, 0x98C3, 3,
    0xA001, 2, 0x8800, 7, 0x8000, 1, 0x7800, 8,
    0x7000, 1, 0x6000, 3, 0x18E4, 5, 0x3187, 1,
    0x20E4, 1, 0x2925, 2, 0x1882, 1, 0x3800, 1,
    0x1882, 1, 0x62EA, 1, 0x20E4, 1, 0x7145, 1,
    0x2925, 1, 0x18C5, 58, 0x0000, 1, 0x2000, 2,
    0x3000, 1, 0x6000, 4, 0x7000, 2, 0x7800, 2,
    0x8000, 3, 0xF6CE, 1, 0x8CB2, 1, 0xF6CE, 3,
    0x8CB2, 2, 0xB50D, 1, 0x91A7, 1, 0x98C3, 2,
    0xA001, 5, 0x98C3, 1, 0xA001, 2, 0x8800, 4,
    0x8000, 4, 0x7800, 6, 0x7000, 2, 0x6000, 1,
    0x4800, 2, 0x3800, 1, 0x18E4, 5, 0x2925, 1,
    0x20E4, 1, 0x1882, 1, 0x2925, 1, 0x4947, 1,
    0x5248, 2, 0x1882, 1, 0x20E4, 1, 0x91A7, 1,
    0x1882, 1, 0x18C5, 60, 0x2000, 2, 0x3800, 2,
    0x4800, 2, 0x6000, 3, 0x7000, 1, 0x6000, 2,
    0x5000, 1, 0x8800, 3, 0xA001, 2, 0x8800, 3,
    0x8000, 2, 0x8800, 3, 0xA001, 6, 0x8800, 2,
    0x8000, 3, 0x7800, 3, 0x7000, 4, 0x6000, 4,
    0x4800, 2, 0x2000, 1, 0x18E4, 2, 0x1926, 1,
    0x18E4, 3, 0x2925, 1, 0x3187, 1, 0x20E4, 1,
    0x1882, 1, 0x2925, 3, 0x20E4, 1, 0x3187, 1,
    0x50A3, 1, 0x18C5, 63, 0x2000, 1, 0x3000, 3,
    0x4800, 6, 0x3800, 1, 0x5000, 1, 0x4800, 1,
    0x6000, 1, 0x5000, 1, 0x6000, 3, 0x7000, 1,
    0x7800, 2, 0x8000, 1, 0x8800, 3, 0xA001, 6,
    0x8800, 1, 0x8000, 2, 0x6000, 4, 0x7000, 1,
    0x6000, 1, 0x4800, 4, 0x3800, 1, 0x3000, 2,
    0x2000, 2, 0x18E4, 2, 0x1926, 1, 0x18E4, 1,
    0x1926, 2, 0x3187, 1, 0x50A3, 1, 0x20E4, 2,
    0x2925, 1, 0x20E4, 2, 0x50A3, 1, 0x7062, 1,
    0x18C5, 68, 0x3000, 6, 0x3800, 1, 0x3000, 1,
    0x2000, 2, 0x3000, 2, 0x3800, 1, 0x4800, 1,
    0x5000, 3, 0x8000, 10, 0x7800, 3, 0x6000, 1,
    0x4800, 3, 0x6000, 2, 0x4800, 1, 0x2000, 7,
    0x3800, 1, 0x18E4, 3, 0x2925, 1, 0x18E4, 2,
    0x2925, 1, 0x91A7, 1, 0x2925, 2, 0x20E4, 2,
    0x2925, 1, 0x50A3, 1, 0x18C5, 74, 0x2000, 1,
    0x3000, 1, 0x2000, 5, 0x3000, 4, 0x5000, 1,
    0x6000, 1, 0x5000, 1, 0x6000, 1, 0x5000, 1,
    0x6000, 6, 0x4800, 6, 0x3000, 3, 0x2000, 2,
    0x3000, 2, 0x3800, 2, 0x18E4, 2, 0x20E4, 1,
    0x18E4, 3, 0x1926, 1, 0x18E4, 1, 0x1926, 1,
    0x18E4, 1, 0x7062, 1, 0x7145, 1, 0x3187, 1,
    0x50A3, 3, 0x3187, 1, 0x18C5, 84, 0x3000, 2,
    0x3800, 7, 0x3000, 1, 0x3800, 2, 0x3000, 2,
    0x2000, 4, 0x4800, 1, 0x18C5, 10, 0x18E4, 7,
    0x20E4, 1, 0x2925, 1, 0x7145, 1, 0x50A3, 2,
    0x91A7, 1, 0x3187, 1, 0x18C5, 121, 0x18E4, 4,
    0x2925, 1, 0x8CB2, 1, 0x18C5, 2999, 0x18C5, 2510,
    0x91A7, 5, 0x18C5, 122, 0x7062, 1, 0x91A7, 8,
    0x7062, 1, 0x18C5, 118, 0x7062, 3, 0x91A7, 9,
    0x18C5, 115, 0x8000, 1, 0x7062, 10, 0x91A7, 5,
    0x18C5, 112, 0x8000, 9, 0x7062, 2, 0x91A7, 10,
    0x636E, 2, 0x91A7, 2, 0x7062, 1, 0x18C5, 16,
    0x91A7, 7, 0x18C5, 79, 0x8000, 11, 0x7062, 6,
    0x91A7, 5, 0x636E, 1, 0x91A7, 2, 0x7062, 1,
    0x91A7, 2, 0x636E, 3, 0x91A7, 1, 0x636E, 4,
    0x18C5, 1, 0x91A7, 13, 0x18C5, 77, 0x8000, 2,
    0x7000, 1, 0x8000, 14, 0x7062, 5, 0x91A7, 26,
    0x7062, 4, 0x18C5, 76, 0x7000, 1, 0x6000, 1,
    0x5000, 2, 0x6000, 6, 0x7000, 1, 0x8000, 12,
    0x7062, 9, 0x91A7, 3, 0x7062, 17, 0x18C5, 75,
    0x6000, 2, 0x4800, 1, 0x3800, 2, 0x5000, 6,
    0x6000, 1, 0x7800, 3, 0x8000, 19, 0x7062, 2,
    0x8000, 17, 0x18C5, 75, 0x4800, 2, 0x3000, 3,
    0x6000, 3, 0x3000, 3, 0x4800, 1, 0x5000, 3,
    0x7800, 6, 0x7000, 3, 0x8000, 29, 0x18C5, 75,
    0x3800, 1, 0x3000, 1, 0x6000, 1, 0x50A3, 1,
    0x6000, 7, 0x2000, 1, 0x3000, 4, 0x5000, 5,
    0x6000, 4, 0x8000, 5, 0x7000, 3, 0x7800, 2,
    0x8000, 8, 0x7000, 1, 0x8000, 9, 0x18C5, 74,
    0x50A3, 6, 0x6000, 1, 0x50A3, 1, 0x6000, 6,
    0x2000, 3, 0x3000, 8, 0x4800, 2, 0x6000, 6,
    0x5000, 3, 0x7800, 7, 0x6000, 1, 0x5000, 2,
    0x6000, 5, 0x7000, 1, 0x8000, 2, 0x18C5, 72,
    0x7145, 2, 0x7062, 4, 0x6000, 10, 0x7000, 2,
    0x7800, 1, 0x7062, 1, 0x7145, 2, 0x2000, 5,
    0x3000, 2, 0x4800, 4, 0x3000, 6, 0x5000, 6,
    0x4800, 1, 0x3000, 2, 0x5000, 6, 0x6000, 1,
    0x7800, 1, 0x5000, 1, 0x18C5, 68, 0x7145, 9,
    0x7062, 1, 0x6000, 7, 0x7000, 3, 0x7800, 1,
    0x7062, 4, 0x7145, 6, 0x7062, 2, 0x91A7, 1,
    0x5AEC, 1, 0x2000, 7, 0x3000, 6, 0x2000, 2,
    0x8800, 1, 0x8000, 2, 0x4800, 1, 0x3000, 3,
    0x4800, 1, 0x6000, 1, 0x5000, 1, 0x18C5, 65,
    0x5248, 3, 0x7145, 1, 0x5AEC, 1, 0x5248, 4,
    0x7145, 2, 0x7062, 2, 0x50A3, 1, 0x6000, 4,
    0x7000, 5, 0x7800, 2, 0x7062, 6, 0x7800, 2,
    0x7062, 5, 0x7145, 3, 0x7062, 1, 0x91A7, 1,
    0x7062, 2, 0x7800, 3, 0x8000, 1, 0x8800, 2,
    0x8000, 2, 0x8800, 2, 0x4800, 3, 0x3000, 3,
    0x4800, 2, 0x18C5, 63, 0x7145, 1, 0x5248, 3,
    0x5AEC, 6, 0x5248, 3, 0x7145, 1, 0x6000, 4,
    0x7000, 6, 0x7800, 14, 0x7062, 6, 0x8000, 1,
    0x7800, 3, 0x8000, 5, 0x7062, 1, 0x98C3, 2,
    0x4841, 2, 0x4800, 1, 0x3000, 2, 0x2000, 1,
    0x3000, 2, 0x6000, 1, 0x18C5, 60, 0x8000, 1,
    0x8C0C, 1, 0x8000, 8, 0x91A7, 2, 0x2925, 2,
    0x432E, 1, 0x3187, 1, 0x8000, 1, 0x7800, 3,
    0x432E, 3, 0x7000, 5, 0x7800, 14, 0x8000, 3,
    0x7800, 5, 0x8000, 3, 0x8800, 2, 0x7062, 1,
    0x91A7, 2, 0x4841, 3, 0x3800, 2, 0x20E4, 2,
    0x2000, 1, 0x3000, 1, 0x18C5, 56, 0x7800, 8,
    0x3000, 2, 0x7000, 1, 0x6000, 7, 0x4800, 5,
    0x7800, 2, 0x91A7, 1, 0x7800, 2, 0x432E, 2,
    0x636E, 3, 0x5C32, 2, 0x7000, 6, 0x7800, 4,
    0x8000, 2, 0x7800, 5, 0x7000, 1, 0x7800, 1,
    0x8000, 1, 0x8800, 1, 0x91A7, 2, 0x5AEC, 4,
    0x50A3, 2, 0x4841, 1, 0x3800, 2, 0x20E4, 2,
    0x5248, 1, 0x4947, 1, 0x3000, 1, 0x18C5, 53,
    0x7800, 1, 0x8000, 7, 0x1882, 1, 0x7B8D, 3,
    0x636E, 2, 0x5AEC, 1, 0x636E, 2, 0xB50D, 1,
    0xA489, 1, 0x5AEC, 2, 0x20E4, 2, 0x2925, 1,
    0x6000, 1, 0x5000, 2, 0x4800, 1, 0x3800, 3,
    0x7000, 3, 0x2925, 1, 0x5AEC, 1, 0x636E, 1,
    0x5C32, 2, 0x636E, 3, 0x5C32, 1, 0x8CB2, 2,
    0x7000, 5, 0x7800, 2, 0x7000, 2, 0x7800, 1,
    0x8000, 1, 0x7062, 2, 0x5AEC, 6, 0x50A3, 3,
    0x3800, 2, 0x1882, 2, 0x2925, 1, 0x5248, 2,
    0x4947, 1, 0x3000, 1, 0x18C5, 50, 0x8000, 1,
    0x8800, 6, 0x1926, 1, 0x20E4, 1, 0x7B8D, 3,
    0x91A7, 2, 0x5248, 1, 0x636E, 2, 0xB50D, 4,
    0x636E, 2, 0xA489, 4, 0x20E4, 1, 0x1882, 1,
    0x6000, 2, 0x5000, 2, 0x4800, 1, 0x3800, 3,
    0x7000, 4, 0x7B0A, 1, 0x7000, 2, 0x6000, 8,
    0x7800, 1, 0x7000, 1, 0x8000, 3, 0x91A7, 2,
    0x5AEC, 2, 0x636E, 3, 0x41C9, 1, 0x50A3, 2,
    0x20E4, 4, 0x1882, 1, 0x20E4, 1, 0x5248, 2,
    0x7B0A, 1, 0x5248, 1, 0x4947, 1, 0x18C5, 48,
    0x7800, 2, 0x7062, 1, 0x7145, 6, 0x2925, 2,
    0x5AEC, 1, 0x636E, 3, 0xA489, 1, 0x41C9, 1,
    0x5248, 1, 0x5AEC, 6, 0x7145, 1, 0xB50D, 1,
    0x3A4A, 2, 0x7000, 5, 0x6000, 5, 0x4800, 2,
    0x3800, 2, 0x7000, 4, 0x636E, 1, 0x6000, 1,
    0x636E, 1, 0x6000, 1, 0x636E, 1, 0x6000, 4,
    0x7000, 1, 0x8000, 2, 0x7062, 1, 0x636E, 6,
    0x50A3, 3, 0x4841, 2, 0x20E4, 3, 0x5248, 3,
    0x7B0A, 3, 0x5248, 1, 0x18C5, 47, 0x8000, 1,
    0x7800, 1, 0x7062, 1, 0x7145, 5, 0x3A4A, 1,
    0x636E, 5, 0xB50D, 1, 0xA489, 2, 0x8C0C, 3,
    0xA489, 4, 0x8C0C, 1, 0x5AEC, 3, 0x7145, 1,
    0x7800, 2, 0x7000, 7, 0x6000, 3, 0x8000, 1,
    0x7B8D, 1, 0x7800, 3, 0x636E, 4, 0x2925, 1,
    0x636E, 2, 0x6000, 3, 0x7800, 1, 0x7062, 2,
    0x636E, 6, 0x41C9, 2, 0x20E4, 2, 0x1882, 1,
    0x4841, 1, 0x1882, 1, 0x20E4, 1, 0x7B0A, 1,
    0x5248, 2, 0x7B0A, 4, 0xA489, 1, 0x18C5, 45,
    0x8000, 3, 0x7145, 5, 0x3A4A, 2, 0x636E, 3,
    0x5AEC, 3, 0x636E, 2, 0x8C0C, 1, 0x5AEC, 3,
    0x8C0C, 2, 0xA489, 2, 0x5AEC, 2, 0x5248, 2,
    0x50A3, 2, 0x6000, 1, 0x7000, 8, 0x7800, 1,
    0x91A7, 1, 0x7B0A, 1, 0x20E4, 1, 0x3800, 1,
    0x7800, 1, 0x636E, 1, 0x3A4A, 2, 0x636E, 1,
    0x432E, 1, 0x636E, 1, 0x432E, 1, 0x3A4A, 1,
    0x5AEC, 1, 0x6000, 1, 0x91A7, 2, 0x636E, 2,
    0x8CB2, 2, 0x636E, 2, 0x41C9, 2, 0x20E4, 4,
    0x1882, 3, 0x7B0A, 7, 0x5248, 1, 0xA489, 1,
    0x18C5, 44, 0x8000, 3, 0x7145, 4, 0x5AEC, 1,
    0x3A4A, 2, 0x636E, 3, 0x5AEC, 1, 0x5248, 2,
    0x636E, 1, 0xA489, 1, 0x8C0C, 1, 0x5AEC, 2,
    0x41C9, 1, 0x5AEC, 2, 0xA489, 2, 0x5AEC, 2,
    0x5248, 2, 0x50A3, 3, 0x6000, 4, 0x7000, 3,
    0x8000, 1, 0x91A7, 3, 0x20E4, 2, 0x5C32, 1,
    0x18E4, 1, 0x4841, 1, 0x3A4A, 1, 0x5C32, 2,
    0x8CB2, 1, 0x636E, 2, 0x432E, 1, 0x20E4, 1,
    0x7145, 1, 0x7B8D, 2, 0x636E, 5, 0x41C9, 2,
    0x3187, 2, 0x20E4, 1, 0x2925, 3, 0x5248, 1,
    0x7B0A, 1, 0xA489, 1, 0x7B0A, 5, 0x5248, 1,
    0x7B0A, 1, 0x5248, 1, 0x18C5, 43, 0x98C3, 1,
    0x91A7, 3, 0x5AEC, 1, 0x7B0A, 3, 0x1882, 1,
    0x636E, 4, 0x5AEC, 4, 0xA489, 1, 0x8C0C, 5,
    0xA489, 1, 0x8C0C, 2, 0x5248, 1, 0x5AEC, 1,
    0x5248, 1, 0x50A3, 5, 0x6000, 5, 0x8800, 2,
    0x91A7, 2, 0x20E4, 2, 0x8CB2, 2, 0x5C32, 1,
    0x2925, 1, 0x20E4, 1, 0x432E, 1, 0x5C32, 4,
    0x20E4, 2, 0x636E, 2, 0x7B8D, 2, 0x636E, 3,
    0x3A4A, 2, 0x3187, 1, 0x50A3, 2, 0x20E4, 1,
    0x2925, 2, 0x5248, 1, 0x8C0C, 2, 0x7B0A, 1,
    0xA489, 1, 0x7B0A, 5, 0xA489, 1, 0x8C0C, 1,
    0xB50D, 1, 0x18C5, 42, 0x8000, 2, 0x91A7, 2,
    0x636E, 14, 0x5248, 4, 0x5AEC, 1, 0x8C0C, 1,
    0x5AEC, 4, 0x5248, 3, 0x50A3, 6, 0x6000, 2,
    0x98C3, 1, 0x3187, 2, 0x18E4, 2, 0x20E4, 1,
    0x8CB2, 4, 0x5C32, 1, 0x432E, 1, 0x2925, 1,
    0x432E, 1, 0x636E, 1, 0x5C32, 1, 0x20E4, 2,
    0x636E, 6, 0x5AEC, 1, 0x3A4A, 1, 0x5248, 1,
    0x62EA, 1, 0x3A4A, 1, 0x3187, 1, 0x20E4, 2,
    0x5248, 2, 0x8C0C, 2, 0xA489, 3, 0x7B0A, 4,
    0xA489, 2, 0x7145, 1, 0xB50D, 1, 0x18C5, 41,
    0x0862, 1, 0x1926, 1, 0x3187, 4, 0x1926, 2,
    0x2189, 7, 0x5AEC, 5, 0x636E, 5, 0x91A7, 1,
    0x5AEC, 1, 0x5248, 2, 0x7145, 1, 0x5248, 1,
    0x50A3, 6, 0x6000, 2, 0x91A7, 1, 0x3187, 2,
    0x18E4, 2, 0x8CB2, 7, 0x5AEC, 1, 0x2925, 1,
    0x432E, 1, 0x636E, 1, 0x20E4, 2, 0x5AEC, 2,
    0x636E, 4, 0x5AEC, 1, 0x3A4A, 2, 0x5248, 1,
    0x8C0C, 1, 0x7B0A, 2, 0x20E4, 2, 0x62EA, 1,
    0x8C0C, 1, 0xA489, 5, 0x7B0A, 3, 0xA489, 2,
    0x8C0C, 1, 0x7145, 2, 0x18C5, 40, 0x2189, 1,
    0x3187, 8, 0x41C9, 5, 0x2189, 3, 0x3187, 1,
    0x41C9, 4, 0x2189, 4, 0x91A7, 1, 0x50A3, 1,
    0x5AEC, 7, 0x7145, 3, 0x6000, 1, 0x8C0C, 1,
    0x91A7, 1, 0x18E4, 2, 0x8CB2, 8, 0x5C32, 1,
    0x636E, 1, 0x2925, 2, 0x3A4A, 1, 0x432E, 1,
    0x2925, 1, 0x636E, 6, 0x3A4A, 2, 0x5248, 2,
    0x8C0C, 2, 0x7B0A, 1, 0x41C9, 1, 0x3187, 1,
    0x8C0C, 1, 0xA489, 6, 0x7B0A, 2, 0xA489, 3,
    0x8C0C, 1, 0x7062, 1, 0xA489, 1, 0x18C5, 40,
    0x3187, 2, 0x41C9, 4, 0x3187, 2, 0x41C9, 22,
    0x2189, 1, 0x41C9, 3, 0x6000, 1, 0x5AEC, 1,
    0x7062, 2, 0x91A7, 3, 0x2925, 1, 0x8CB2, 9,
    0x5C32, 2, 0x432E, 1, 0x20E4, 1, 0x18E4, 1,
    0x20E4, 1, 0x636E, 6, 0x5AEC, 1, 0x3A4A, 3,
    0x5248, 1, 0x8C0C, 2, 0xB50D, 2, 0x62EA, 1,
    0xB50D, 1, 0xA489, 6, 0x7B0A, 1, 0xA489, 3,
    0x7B0A, 1, 0x636E, 1, 0xA489, 2, 0x18C5, 39,
    0x41C9, 1, 0x3187, 8, 0x41C9, 12, 0x3A4A, 1,
    0x41C9, 1, 0x3A4A, 1, 0x41C9, 10, 0x2189, 3,
    0x0862, 1, 0x0000, 1, 0x91A7, 2, 0x3187, 1,
    0x5C32, 1, 0x8CB2, 5, 0x5C32, 1, 0x8CB2, 2,
    0x5C32, 3, 0x432E, 1, 0x4841, 1, 0x18E4, 1,
    0x91A7, 2, 0x636E, 2, 0x5AEC, 1, 0x636E, 1,
    0x5AEC, 1, 0x5248, 1, 0x3A4A, 2, 0x5248, 1,
    0x8C0C, 2, 0xB50D, 4, 0xA489, 15, 0x18C5, 39,
    0x41C9, 1, 0x3187, 8, 0x41C9, 13, 0x3A4A, 1,
    0x41C9, 2, 0x2189, 4, 0x41C9, 8, 0x3A4A, 1,
    0x2189, 1, 0x91A7, 1, 0x8C0C, 1, 0x3187, 1,
    0x432E, 1, 0x8CB2, 4, 0x5C32, 7, 0x636E, 1,
    0x5AEC, 1, 0x7062, 1, 0x62EA, 1, 0x5AEC, 1,
    0x636E, 3, 0x5AEC, 3, 0x3A4A, 2, 0x5248, 1,
    0x8C0C, 1, 0xB50D, 6, 0xA489, 3, 0x7B0A, 1,
    0xA489, 5, 0x7B0A, 2, 0xA489, 1, 0x7B0A, 1,
    0xA489, 1, 0x18C5, 38, 0x2189, 1, 0x3187, 8,
    0x41C9, 12, 0x3A4A, 1, 0x41C9, 2, 0x3A4A, 1,
    0x41C9, 6, 0x2189, 3, 0x41C9, 3, 0x3A4A, 3,
    0x91A7, 2, 0x3187, 1, 0x636E, 1, 0x8CB2, 4,
    0x5C32, 8, 0x2925, 1, 0x7062, 1, 0x91A7, 1,
    0x636E, 5, 0x5AEC, 1, 0x3A4A, 1, 0x5248, 2,
    0x8C0C, 1, 0xB50D, 5, 0xA489, 3, 0xD5ED, 2,
    0x18C5, 1, 0xA489, 4, 0x62EA, 1, 0x5248, 1,
    0x7B0A, 1, 0xA489, 2, 0x91A7, 1, 0x18C5, 37,
    0x18E4, 1, 0x41C9, 1, 0x3187, 8, 0x41C9, 12,
    0x3A4A, 1, 0x41C9, 9, 0x2189, 1, 0x41C9, 4,
    0x3A4A, 4, 0xA001, 1, 0x8C0C, 1, 0x3187, 1,
    0x636E, 1, 0x8CB2, 3, 0x5C32, 9, 0x5AEC, 1,
    0x41C9, 1, 0x636E, 2, 0x5AEC, 1, 0x636E, 3,
    0x5AEC, 3, 0xB50D, 1, 0xF6CE, 4, 0xD5ED, 6,
    0x18C5, 6, 0x62EA, 1, 0x2925, 1, 0xA489, 2,
    0x91A7, 1, 0x7800, 1, 0x18C5, 37, 0x2189, 1,
    0x41C9, 1, 0x3187, 8, 0x41C9, 12, 0x3A4A, 1,
    0x41C9, 1, 0x3A4A, 1, 0x41C9, 7, 0x2189, 1,
    0x41C9, 4, 0x3A4A, 4, 0x91A7, 1, 0x8C0C, 1,
    0x3187, 1, 0x636E, 1, 0x5C32, 10, 0x432E, 2,
    0x636E, 2, 0x5248, 1, 0x5AEC, 1, 0x636E, 3,
    0x5AEC, 3, 0x8CB2, 1, 0xF6CE, 5, 0xD5ED, 6,
    0x18C5, 7, 0x7000, 1, 0x62EA, 2, 0x7145, 1,
    0x8C0C, 1, 0x18C5, 36, 0x0862, 1, 0x2189, 1,
    0x3187, 8, 0x41C9, 15, 0x3A4A, 1, 0x41C9, 6,
    0x2189, 1, 0x41C9, 5, 0x3A4A, 3, 0x2189, 1,
    0x98C3, 1, 0x8C0C, 1, 0x5AEC, 1, 0x5C32, 10,
    0x432E, 2, 0x636E, 1, 0x5AEC, 2, 0x636E, 4,
    0x5AEC, 1, 0x636E, 1, 0x5AEC, 1, 0x8CB2, 1,
    0xF6CE, 4, 0xD5ED, 7, 0x18C5, 9, 0x3187, 1,
    0x8C0C, 1, 0x62EA, 1, 0x4947, 1, 0x18C5, 36,
    0x18E4, 1, 0x2189, 1, 0x3187, 8, 0x41C9, 7,
    0x0862, 1, 0x41C9, 4, 0x3A4A, 1, 0x41C9, 6,
    0x2189, 1, 0x41C9, 2, 0x2189, 1, 0x41C9, 5,
    0x3A4A, 3, 0x2189, 2, 0x636E, 1, 0x3187, 1,
    0x636E, 1, 0x5C32, 5, 0x8CB2, 2, 0x636E, 2,
    0x432E, 1, 0x636E, 1, 0x62EA, 1, 0x5248, 1,
    0x636E, 6, 0x8CB2, 2, 0xF6CE, 6, 0xD5ED, 5,
    0x0862, 2, 0x18C5, 8, 0x5248, 1, 0x7B0A, 1,
    0x62EA, 1, 0x4947, 1, 0x18C5, 35, 0x0862, 1,
    0x18E4, 1, 0x41C9, 1, 0x3187, 7, 0x41C9, 13,
    0x3A4A, 1, 0x41C9, 1, 0x3A4A, 1, 0x41C9, 4,
    0x2189, 1, 0x41C9, 2, 0x2189, 1, 0x41C9, 4,
    0x3A4A, 4, 0x2189, 2, 0x91A7, 1, 0x5AEC, 1,
    0x3187, 1, 0x5C32, 4, 0x8CB2, 1, 0x5C32, 3,
    0x3187, 1, 0x62EA, 1, 0x5248, 1, 0x5AEC, 1,
    0x636E, 6, 0x8CB2, 2, 0xF6CE, 6, 0xD5ED, 5,
    0x0862, 2, 0x3187, 2, 0x7145, 1, 0x50A3, 1,
    0x18C5, 5, 0x2925, 1, 0x7B0A, 1, 0x7145, 1,
    0x18C5, 35, 0x636E, 1, 0x0862, 1, 0x2189, 1,
    0x41C9, 1, 0x3187, 7, 0x41C9, 13, 0x3A4A, 1,
    0x41C9, 1, 0x3A4A, 1, 0x41C9, 4, 0x2189, 1,
    0x41C9, 1, 0x4947, 1, 0x41C9, 5, 0x3A4A, 4,
    0x2189, 2, 0x91A7, 1, 0x3187, 1, 0x432E, 1,
    0x5C32, 6, 0x2925, 1, 0x3187, 1, 0x5AEC, 1,
    0x5248, 1, 0x5AEC, 1, 0x636E, 5, 0x8CB2, 4,
    0xF6CE, 5, 0xD5ED, 6, 0x0862, 2, 0x50A3, 1,
    0x3187, 2, 0x91A7, 1, 0x50A3, 2, 0x18C5, 3,
    0x3000, 1, 0x7B0A, 1, 0x4947, 1, 0x18C5, 33,
    0x8CB2, 1, 0x91A7, 1, 0x3A4A, 2, 0x2189, 1,
    0x3187, 8, 0x41C9, 12, 0x3A4A, 1, 0x41C9, 2,
    0x3A4A, 1, 0x41C9, 4, 0x2189, 1, 0x41C9, 1,
    0x2189, 1, 0x41C9, 5, 0x3A4A, 3, 0x2189, 3,
    0x91A7, 2, 0x3187, 1, 0x5C32, 4, 0x2925, 2,
    0x18E4, 1, 0x5248, 1, 0x41C9, 1, 0x5AEC, 2,
    0x636E, 4, 0x8CB2, 2, 0x636E, 1, 0x8CB2, 3,
    0xF6CE, 5, 0xD5ED, 4, 0x0862, 2, 0x91A7, 1,
    0x3187, 1, 0x2925, 2, 0x7145, 2, 0x91A7, 1,
    0x18C5, 3, 0x3800, 1, 0x4947, 1, 0x18C5, 33,
    0x636E, 1, 0x91A7, 1, 0x7000, 3, 0x1926, 4,
    0x2189, 4, 0x3A4A, 2, 0x2189, 1, 0x3A4A, 1,
    0x432E, 1, 0x41C9, 8, 0x3A4A, 1, 0x41C9, 6,
    0x2189, 1, 0x41C9, 2, 0x2189, 1, 0x41C9, 4,
    0x3A4A, 4, 0x2189, 3, 0x7145, 1, 0x2925, 1,
    0x3187, 1, 0x636E, 1, 0x5C32, 1, 0x432E, 1,
    0x3187, 1, 0x2925, 1, 0x5AEC, 1, 0x7145, 1,
    0x41C9, 1, 0x636E, 1, 0x5AEC, 4, 0x8CB2, 5,
    0xF6CE, 1, 0x8CB2, 1, 0xF6CE, 1, 0x8CB2, 1,
    0xD5ED, 1, 0xF6CE, 1, 0xD5ED, 5, 0x0862, 2,
    0x50A3, 1, 0x91A7, 1, 0x2925, 2, 0x20E4, 1,
    0x2925, 2, 0x91A7, 1, 0x50A3, 1, 0x18C5, 2,
    0x3000, 1, 0x4947, 1, 0x18C5, 31, 0x636E, 1,
    0x7000, 2, 0x91A7, 1, 0x2000, 1, 0x3000, 3,
    0x91A7, 2, 0x7000, 2, 0x18C5, 1, 0x1926, 2,
    0x2189, 4, 0x3A4A, 2, 0x432E, 1, 0x2189, 4,
    0x3A4A, 3, 0x41C9, 1, 0x3A4A, 1, 0x41C9, 4,
    0x2189, 1, 0x41C9, 7, 0x3A4A, 4, 0x2189, 3,
    0x7145, 1, 0x20E4, 1, 0x18E4, 1, 0x3187, 1,
    0x432E, 2, 0x7145, 1, 0x62EA, 1, 0x4947, 1,
    0x41C9, 1, 0x636E, 1, 0x5AEC, 4, 0x8CB2, 5,
    0xF6CE, 12, 0x0862, 1, 0x7145, 1, 0x3187, 2,
    0x1882, 1, 0x20E4, 1, 0x1882, 3, 0x3187, 1,
    0x91A7, 1, 0x18C5, 2, 0x5000, 1, 0x18C5, 30,
    0x8CB2, 1, 0x7000, 1, 0x91A7, 2, 0x20E4, 1,
    0x8800, 1, 0x91A7, 4, 0x636E, 2, 0x20E4, 3,
    0x7145, 1, 0x91A7, 4, 0x7000, 2, 0x2189, 12,
    0x432E, 3, 0x3A4A, 2, 0x2189, 2, 0x41C9, 4,
    0x3A4A, 4, 0x2189, 4, 0x2925, 1, 0x18E4, 1,
    0x3187, 1, 0x7145, 2, 0x5248, 1, 0x41C9, 1,
    0x636E, 2, 0x5AEC, 3, 0x3A4A, 1, 0x8CB2, 4,
    0xF6CE, 14, 0x0862, 1, 0x91A7, 1, 0x2925, 1,
    0x20E4, 1, 0x2925, 6, 0x50A3, 1, 0x18C5, 2,
    0x3800, 1, 0x18C5, 28, 0xA001, 1, 0x7000, 1,
    0x91A7, 1, 0x2000, 2, 0x8000, 1, 0x5AEC, 2,
    0x62EA, 2, 0x5AEC, 6, 0x636E, 1, 0x5248, 1,
    0x2925, 3, 0x20E4, 2, 0x91A7, 6, 0x7000, 4,
    0x6000, 1, 0x2189, 6, 0x432E, 5, 0x3A4A, 5,
    0x2189, 5, 0x3187, 1, 0x5AEC, 1, 0x50A3, 1,
    0x62EA, 2, 0x41C9, 1, 0x636E, 2, 0x5AEC, 3,
    0x8CB2, 3, 0xF6CE, 1, 0x8CB2, 2, 0xF6CE, 4,
    0x5C32, 1, 0xF6CE, 4, 0xB50D, 1, 0xF6CE, 4,
    0x3187, 1, 0x7145, 1, 0x20E4, 1, 0x2925, 1,
    0x62EA, 2, 0x4947, 1, 0x2925, 2, 0x20E4, 1,
    0x3187, 1, 0x18C5, 2, 0x3800, 1, 0x18C5, 26,
    0xA001, 1, 0x6000, 1, 0x7145, 1, 0x2000, 2,
    0x7062, 1, 0x5AEC, 3, 0x62EA, 3, 0x5AEC, 2,
    0x7B0A, 1, 0x5AEC, 2, 0x636E, 8, 0x5248, 2,
    0x5AEC, 3, 0x20E4, 3, 0x1882, 1, 0x20E4, 1,
    0x91A7, 2, 0x1882, 2, 0x91A7, 5, 0x7000, 2,
    0x91A7, 1, 0x7000, 2, 0x91A7, 2, 0x18C5, 2,
    0x3A4A, 1, 0x2189, 3, 0x20E4, 1, 0x7145, 1,
    0x5248, 3, 0x636E, 2, 0x5AEC, 3, 0x8CB2, 2,
    0xF6CE, 3, 0x636E, 1, 0x8CB2, 1, 0xF6CE, 3,
    0x5C32, 2, 0x41C9, 1, 0xF6CE, 3, 0xB50D, 1,
    0xF6CE, 3, 0x18E4, 1, 0x3187, 1, 0x2925, 1,
    0x1882, 1, 0x2925, 2, 0x1882, 2, 0x62EA, 1,
    0x2925, 1, 0x20E4, 1, 0x3187, 1, 0x18C5, 26,
    0x8CB2, 1, 0xA001, 1, 0x6000, 1, 0x7145, 2,
    0x2000, 1, 0x7145, 2, 0x636E, 2, 0x5AEC, 1,
    0x62EA, 3, 0x5AEC, 4, 0x636E, 6, 0x5AEC, 2,
    0x636E, 12, 0x7145, 2, 0x5AEC, 2, 0x2925, 3,
    0x5248, 2, 0x5AEC, 1, 0x7062, 2, 0x8000, 1,
    0x4800, 2, 0x6000, 1, 0x3000, 1, 0x2000, 1,
    0x91A7, 2, 0x5000, 1, 0x7145, 2, 0x5248, 2,
    0x636E, 3, 0x5AEC, 2, 0x8CB2, 3, 0xF6CE, 4,
    0x636E, 2, 0xF6CE, 3, 0x5C32, 1, 0x2925, 1,
    0x41C9, 1, 0xF6CE, 3, 0xB50D, 1, 0xF6CE, 3,
    0x1882, 1, 0x3187, 1, 0x20E4, 1, 0x2925, 1,
    0x5248, 1, 0x3800, 1, 0x1882, 3, 0x62EA, 1,
    0x2925, 1, 0x3187, 1, 0x2925, 1, 0x18C5, 23,
    0x8CB2, 2, 0x6000, 1, 0x7145, 2, 0x2000, 2,
    0x2925, 1, 0x636E, 1, 0x5AEC, 1, 0x636E, 2,
    0x5248, 1, 0x41C9, 2, 0x5AEC, 1, 0x5248, 1,
    0x3A4A, 2, 0x636E, 2, 0xB50D, 13, 0x636E, 14,
    0x91A7, 1, 0x7145, 4, 0x7800, 1, 0x1882, 1,
    0x2000, 1, 0x91A7, 2, 0x7145, 3, 0x41C9, 1,
    0x5248, 1, 0x5AEC, 1, 0x636E, 4, 0x8C0C, 1,
    0x8CB2, 2, 0xF6CE, 7, 0x636E, 1, 0xF6CE, 3,
    0xB50D, 1, 0xF6CE, 1, 0x3187, 1, 0xF6CE, 1,
    0xD5ED, 1, 0xF6CE, 1, 0xB50D, 1, 0xF6CE, 3,
    0x2925, 1, 0x91A7, 1, 0x20E4, 1, 0x62EA, 1,
    0x1882, 4, 0x3800, 1, 0x2925, 2, 0x3187, 1,
    0x2925, 1, 0x18C5, 21, 0x8CB2, 2, 0x98C3, 1,
    0x6000, 1, 0x7145, 1, 0x2000, 2, 0x50A3, 2,
    0x5AEC, 1, 0x8C0C, 3, 0xA489, 1, 0x8C0C, 3,
    0xA489, 1, 0x636E, 2, 0xB50D, 1, 0x5AEC, 5,
    0x636E, 1, 0xB50D, 2, 0x636E, 2, 0x5AEC, 2,
    0x636E, 3, 0xB50D, 3, 0x636E, 8, 0x91A7, 2,
    0x7145, 2, 0x5AEC, 1, 0x7800, 2, 0x2000, 2,
    0x91A7, 1, 0x7000, 1, 0x50A3, 3, 0x41C9, 2,
    0x5AEC, 2, 0x636E, 2, 0x8C0C, 1, 0x5AEC, 2,
    0x8CB2, 4, 0xF6CE, 2, 0x8CB2, 1, 0xF6CE, 3,
    0x8C0C, 1, 0xF6CE, 3, 0xB50D, 3, 0xF6CE, 1,
    0xA489, 1, 0xF6CE, 1, 0x7B0A, 1, 0xF6CE, 3,
    0x3187, 1, 0x7145, 1, 0x1882, 1, 0x2925, 1,
    0x3800, 1, 0x1882, 2, 0x0862, 1, 0x1882, 2,
    0x2925, 2, 0x3187, 1, 0x18C5, 19, 0x8CB2, 1,
    0x636E, 1, 0x7062, 1, 0x8000, 1, 0x7145, 2,
    0x2000, 1, 0x3A4A, 1, 0x20E4, 1, 0x5AEC, 1,
    0x636E, 2, 0x8C0C, 1, 0xA489, 2, 0x8C0C, 1,
    0x41C9, 1, 0x5248, 1, 0xA489, 1, 0x8C0C, 1,
    0xB50D, 2, 0x5AEC, 6, 0x636E, 2, 0x5AEC, 2,
    0x636E, 2, 0xB50D, 1, 0x636E, 2, 0xB50D, 1,
    0x636E, 2, 0xB50D, 2, 0x636E, 1, 0x5AEC, 1,
    0x636E, 3, 0x5AEC, 2, 0x7145, 3, 0x91A7, 1,
    0x7800, 1, 0x2000, 1, 0x91A7, 2, 0x4841, 1,
    0x50A3, 2, 0x41C9, 4, 0x5AEC, 2, 0x636E, 3,
    0x5AEC, 1, 0xF6CE, 1, 0x8CB2, 8, 0x636E, 1,
    0xF6CE, 2, 0x8C0C, 1, 0xA489, 1, 0xF6CE, 3,
    0xB50D, 1, 0xD5ED, 1, 0xA489, 2, 0x5C32, 1,
    0x7B0A, 1, 0xF6CE, 2, 0xD5ED, 1, 0x2925, 3,
    0x1882, 7, 0x62EA, 1, 0x2925, 1, 0x3187, 1,
    0x18C5, 17, 0xD5ED, 1, 0x636E, 1, 0x5AEC, 2,
    0x7062, 1, 0x7145, 2, 0x2000, 1, 0x3187, 2,
    0x8C0C, 3, 0xA489, 1, 0x8C0C, 2, 0xA489, 1,
    0x6000, 2, 0x8C0C, 1, 0x62EA, 2, 0x2925, 1,
    0xB50D, 4, 0x5AEC, 2, 0xB50D, 2, 0x636E, 2,
    0x5AEC, 10, 0xB50D, 3, 0x636E, 2, 0x5AEC, 2,
    0x7062, 1, 0x91A7, 1, 0x5AEC, 1, 0x8000, 2,
    0x0862, 1, 0x91A7, 1, 0x50A3, 2, 0x41C9, 4,
    0x5AEC, 3, 0x636E, 5, 0x8CB2, 8, 0x636E, 3,
    0x8CB2, 1, 0xF6CE, 1, 0xB50D, 1, 0x8CB2, 1,
    0xF6CE, 1, 0xD5ED, 2, 0xF6CE, 1, 0xD5ED, 2,
    0xF6CE, 1, 0x5C32, 1, 0xA489, 1, 0xF6CE, 1,
    0xD5ED, 1, 0x1882, 1, 0x2925, 1, 0x20E4, 1,
    0x62EA, 1, 0x3800, 1, 0x1882, 6, 0x2925, 2,
    0x3187, 1, 0x18C5, 16, 0x636E, 3, 0x91A7, 2,
    0x7145, 2, 0x2000, 1, 0x4800, 1, 0x20E4, 1,
    0x636E, 1, 0x8C0C, 1, 0x7B0A, 3, 0x4800, 2,
    0x50A3, 1, 0x8C0C, 2, 0xB50D, 1, 0x8C0C, 2,
    0x2925, 1, 0x3A4A, 1, 0xB50D, 7, 0x3A4A, 2,
    0xB50D, 3, 0x5AEC, 7, 0x8C0C, 1, 0xB50D, 6,
    0x636E, 2, 0x20E4, 1, 0x2000, 1, 0x91A7, 1,
    0x50A3, 1, 0x4841, 1, 0x41C9, 3, 0x5248, 1,
    0x5AEC, 4, 0x636E, 1, 0x5AEC, 1, 0x636E, 3,
    0x8CB2, 7, 0xD5ED, 1, 0x8CB2, 1, 0x636E, 1,
    0xF6CE, 1, 0x3187, 1, 0xF6CE, 1, 0xD5ED, 1,
    0xB50D, 1, 0x5C32, 1, 0xF6CE, 1, 0xA489, 2,
    0xD5ED, 2, 0x3187, 1, 0x1926, 1, 0x0000, 1,
    0xA489, 1, 0xD5ED, 2, 0x18E4, 1, 0x3187, 1,
    0x20E4, 1, 0x4947, 1, 0x1882, 6, 0x6000, 1,
    0x7145, 1, 0x2925, 1, 0x3187, 1, 0x18C5, 15,
    0xB50D, 1, 0x636E, 2, 0x5AEC, 1, 0x91A7, 1,
    0x7145, 2, 0x2000, 1, 0x6000, 2, 0x3A4A, 1,
    0x8C0C, 1, 0x7B0A, 3, 0x5248, 1, 0x8C0C, 1,
    0x7B0A, 4, 0x5248, 1, 0x7B0A, 2, 0x8C0C, 2,
    0x7B0A, 1, 0x20E4, 2, 0x7B0A, 1, 0xA489, 1,
    0x3A4A, 2, 0xB50D, 7, 0x8C0C, 2, 0xA489, 1,
    0xB50D, 2, 0x7062, 1, 0x6000, 1, 0xB50D, 1,
    0xA489, 1, 0x5AEC, 2, 0xB50D, 2, 0x1882, 1,
    0x91A7, 1, 0x7000, 1, 0x50A3, 1, 0x3187, 2,
    0x41C9, 1, 0x5248, 5, 0x5AEC, 1, 0x636E, 4,
    0x8CB2, 10, 0xF6CE, 2, 0x8CB2, 1, 0x5C32, 1,
    0xF6CE, 1, 0xD5ED, 2, 0x3187, 1, 0xF6CE, 1,
    0xA489, 1, 0xD5ED, 1, 0x5C32, 1, 0x41C9, 1,
    0x3187, 1, 0x20E4, 1, 0xA489, 1, 0xF6CE, 1,
    0xD5ED, 2, 0x20E4, 1, 0x3187, 1, 0x20E4, 1,
    0x2925, 1, 0x1882, 3, 0x0862, 1, 0x1882, 3,
    0x2925, 2, 0x3187, 1, 0x18C5, 15, 0x636E, 1,
    0x5AEC, 2, 0x91A7, 1, 0x5000, 1, 0x7145, 1,
    0x2000, 1, 0x5000, 2, 0x5AEC, 1, 0x41C9, 1,
    0x3A4A, 1, 0x8C0C, 2, 0x7B0A, 5, 0x5248, 1,
    0xA489, 1, 0x8C0C, 2, 0x7B0A, 1, 0x5248, 2,
    0x20E4, 2, 0x7B0A, 1, 0x8C0C, 1, 0x41C9, 2,
    0x8C0C, 1, 0x7B0A, 2, 0x2925, 1, 0x8C0C, 1,
    0x7B0A, 1, 0x8C0C, 2, 0x5248, 2, 0xA489, 1,
    0x8C0C, 1, 0x50A3, 1, 0xA489, 2, 0xB50D, 1,
    0x5AEC, 1, 0x91A7, 1, 0x8800, 1, 0x0862, 2,
    0x91A7, 1, 0x4841, 1, 0x3000, 2, 0x3800, 1,
    0x5AEC, 7, 0x636E, 4, 0x8CB2, 10, 0xF6CE, 2,
    0xB50D, 1, 0x8CB2, 1, 0xD5ED, 3, 0xF6CE, 1,
    0x3187, 1, 0xD5ED, 1, 0x7B0A, 1, 0xD5ED, 1,
    0x41C9, 1, 0x20E4, 3, 0xF6CE, 1, 0xD5ED, 3,
    0x2925, 1, 0x3187, 1, 0x20E4, 1, 0x1882, 8,
    0x62EA, 1, 0x3187, 1, 0x2925, 1, 0x18C5, 14,
    0x5AEC, 4, 0x5000, 1, 0x7145, 1, 0x2000, 1,
    0x5000, 2, 0x5AEC, 1, 0x5248, 1, 0x3187, 2,
    0x8C0C, 1, 0x41C9, 2, 0x4800, 1, 0x4841, 2,
    0x7B0A, 1, 0x8C0C, 1, 0x7B0A, 3, 0x8C0C, 1,
    0x5248, 1, 0x8C0C, 3, 0x5248, 1, 0x20E4, 2,
    0x5248, 4, 0x8C0C, 1, 0x5248, 2, 0x8C0C, 1,
    0x3187, 1, 0x3000, 2, 0x41C9, 1, 0xA489, 4,
    0x5AEC, 1, 0x41C9, 1, 0x7000, 1, 0x2000, 1,
    0x7145, 2, 0x50A3, 3, 0x3000, 1, 0x5AEC, 8,
    0x636E, 1, 0x5AEC, 2, 0x8CB2, 1, 0x636E, 1,
    0x8CB2, 6, 0x91A7, 1, 0x636E, 2, 0xF6CE, 3,
    0xD5ED, 4, 0x2925, 1, 0x3187, 1, 0x8C0C, 1,
    0xA001, 1, 0xA489, 1, 0x41C9, 1, 0xF6CE, 4,
    0xA489, 3, 0x2925, 1, 0x3187, 1, 0x2925, 1,
    0x1882, 4, 0x0862, 1, 0x1882, 3, 0x2925, 1,
    0x3187, 1, 0x2925, 1, 0x18C5, 13, 0x2925, 1,
    0x91A7, 1, 0x5AEC, 2, 0x91A7, 1, 0x7145, 1,
    0x2000, 1, 0x6000, 2, 0x50A3, 1, 0x5248, 2,
    0x20E4, 1, 0x7B0A, 1, 0x8C0C, 2, 0x4800, 4,
    0x3800, 1, 0x4800, 2, 0x4947, 1, 0x3187, 1,
    0xA489, 1, 0x8C0C, 2, 0x5248, 1, 0x8C0C, 3,
    0x7B0A, 1, 0x5248, 2, 0x4841, 2, 0x7B0A, 2,
    0xA489, 1, 0x4800, 1, 0x41C9, 2, 0xA489, 1,
    0x4947, 1, 0xA489, 4, 0x5248, 1, 0x6000, 1,
    0x2000, 2, 0x7145, 1, 0x50A3, 2, 0x41C9, 2,
    0x3A4A, 2, 0x5AEC, 3, 0x7B0A, 1, 0x636E, 1,
    0x62EA, 1, 0x7145, 2, 0x3187, 1, 0x636E, 1,
    0x5AEC, 1, 0x636E, 1, 0x8C0C, 1, 0x8CB2, 5,
    0x91A7, 1, 0x3187, 1, 0xD5ED, 1, 0xF6CE, 2,
    0xA489, 2, 0xD5ED, 1, 0x3187, 2, 0x20E4, 1,
    0xA489, 1, 0x41C9, 1, 0xA001, 2, 0x41C9, 1,
    0x3187, 1, 0xA489, 3, 0x2925, 1, 0xA489, 1,
    0x18E4, 1, 0x2925, 1, 0x3187, 1, 0x2925, 1,
    0x1882, 7, 0x2925, 2, 0x3187, 1, 0x18C5, 13,
    0x7062, 1, 0x91A7, 2, 0x8000, 2, 0x7145, 1,
    0x3000, 2, 0x6000, 2, 0x5248, 2, 0x7145, 1,
    0x20E4, 1, 0x8C0C, 3, 0x41C9, 1, 0x50A3, 1,
    0x4947, 1, 0x4800, 8, 0xA489, 5, 0x7B0A, 2,
    0xA489, 1, 0x7B0A, 1, 0x4947, 3, 0xA489, 4,
    0x4800, 1, 0x5248, 1, 0xA489, 3, 0x3A4A, 1,
    0x6000, 1, 0x2000, 2, 0x7145, 1, 0x4841, 1,
    0x50A3, 2, 0x41C9, 2, 0x5AEC, 3, 0x7B0A, 1,
    0x8C0C, 1, 0x636E, 2, 0x50A3, 1, 0x4841, 1,
    0x7145, 1, 0x3187, 1, 0x5AEC, 2, 0x8C0C, 2,
    0x636E, 1, 0x91A7, 1, 0x636E, 1, 0x8CB2, 1,
    0x636E, 1, 0x3187, 1, 0xF6CE, 4, 0xA489, 2,
    0x3187, 1, 0x20E4, 3, 0xA489, 1, 0x41C9, 1,
    0xA001, 1, 0x7062, 1, 0x7B8D, 1, 0x3187, 4,
    0x2925, 1, 0x7B0A, 1, 0x1882, 1, 0x2925, 3,
    0x1882, 5, 0x0862, 1, 0x1882, 1, 0x62EA, 1,
    0x2925, 1, 0x3187, 1, 0x18C5, 12, 0x7062, 1,
    0x2925, 1, 0x8000, 3, 0x5000, 1, 0x7145, 2,
    0x2000, 1, 0x6000, 1, 0x7145, 2, 0x5248, 1,
    0x50A3, 1, 0x1882, 2, 0x8C0C, 3, 0x50A3, 1,
    0x4841, 1, 0x7B0A, 2, 0x4800, 6, 0x3000, 2,
    0x3187, 1, 0x7B0A, 3, 0xA489, 2, 0x7B0A, 2,
    0xA489, 2, 0x7000, 2, 0x5AEC, 1, 0xA489, 2,
    0x8C0C, 3, 0x5AEC, 1, 0x4841, 1, 0x2000, 2,
    0x7145, 1, 0x50A3, 3, 0x41C9, 3, 0x3A4A, 1,
    0x5AEC, 1, 0x7B0A, 1, 0xB50D, 2, 0x20E4, 1,
    0x2925, 1, 0x7062, 4, 0x2925, 3, 0x3187, 2,
    0x91A7, 1, 0x636E, 1, 0x8CB2, 1, 0x3187, 1,
    0x2925, 1, 0xF6CE, 4, 0xA489, 1, 0xA001, 1,
    0x20E4, 2, 0xF6CE, 2, 0xA489, 1, 0x41C9, 1,
    0xA001, 1, 0x7062, 2, 0x91A7, 1, 0x3187, 1,
    0x7062, 2, 0x2925, 1, 0x7B0A, 1, 0x18E4, 1,
    0x2925, 1, 0x3187, 1, 0x20E4, 1, 0x1882, 6,
    0x3800, 1, 0x2925, 1, 0x20E4, 1, 0x50A3, 1,
    0x18C5, 12, 0x6000, 3, 0x7145, 1, 0x7062, 1,
    0x4841, 2, 0x2000, 1, 0x4800, 1, 0x5000, 1,
    0x41C9, 1, 0x5248, 1, 0x7145, 1, 0x50A3, 2,
    0x1882, 1, 0x3A4A, 1, 0x8C0C, 2, 0x41C9, 1,
    0x4800, 2, 0x4947, 3, 0x4800, 10, 0x4841, 1,
    0x5248, 2, 0x4947, 1, 0x5248, 1, 0x4841, 2,
    0xA489, 2, 0x1882, 1, 0x3A4A, 2, 0x8C0C, 1,
    0x5AEC, 1, 0x4841, 1, 0x2000, 2, 0x7145, 1,
    0x5000, 1, 0x4841, 1, 0x50A3, 1, 0x41C9, 2,
    0x3A4A, 1, 0x5248, 1, 0x5AEC, 1, 0x7B0A, 2,
    0xB50D, 2, 0x4841, 1, 0x18C5, 1, 0x6000, 1,
    0x7800, 1, 0x7062, 1, 0x7800, 1, 0x2925, 1,
    0x20E4, 1, 0x2925, 1, 0x3187, 2, 0x636E, 1,
    0x8CB2, 1, 0x636E, 1, 0x3187, 1, 0xA489, 1,
    0xF6CE, 4, 0xA001, 2, 0xA489, 1, 0xF6CE, 1,
    0xA489, 2, 0x7B0A, 1, 0x2925, 1, 0x91A7, 1,
    0x7062, 4, 0x2925, 2, 0x0862, 1, 0x4947, 1,
    0x2925, 2, 0x3187, 1, 0x20E4, 1, 0x2925, 1,
    0x3800, 1, 0x1882, 5, 0x2925, 1, 0x20E4, 1,
    0x91A7, 1, 0x18C5, 11, 0x7000, 1, 0x6000, 1,
    0x7000, 2, 0x7062, 2, 0x4841, 2, 0x50A3, 1,
    0x4800, 2, 0x4841, 1, 0x41C9, 1, 0x50A3, 2,
    0x4841, 2, 0x4800, 1, 0x3A4A, 1, 0x7B0A, 1,
    0x8C0C, 2, 0x4841, 1, 0x50A3, 1, 0x4800, 2,
    0x3000, 1, 0x4841, 1, 0x4947, 1, 0x50A3, 1,
    0x4841, 1, 0x4800, 1, 0x4841, 3, 0x50A3, 1,
    0x3000, 3, 0x8C0C, 1, 0xA489, 2, 0x3A4A, 1,
    0x20E4, 1, 0x6000, 3, 0x5AEC, 2, 0x6000, 1,
    0x2000, 2, 0x7145, 1, 0x4841, 2, 0x50A3, 2,
    0x41C9, 2, 0x5248, 2, 0x5AEC, 2, 0xB50D, 2,
    0x3187, 1, 0x0862, 1, 0x18C5, 4, 0x6000, 2,
    0x2925, 2, 0x5C32, 1, 0x3187, 2, 0x636E, 2,
    0x2925, 1, 0xF6CE, 5, 0xA001, 1, 0x7062, 1,
    0x3187, 1, 0xA489, 2, 0x3187, 1, 0x7B0A, 1,
    0x20E4, 1, 0x3187, 1, 0x5248, 1, 0x2925, 2,
    0x1882, 3, 0x4947, 1, 0x2925, 3, 0x3187, 1,
    0x20E4, 1, 0x4947, 1, 0x1882, 5, 0x62EA, 1,
    0x2925, 2, 0x50A3, 1, 0x18C5, 11, 0x7000, 3,
    0x8C0C, 1, 0x4947, 1, 0x50A3, 2, 0x4841, 2,
    0x2000, 1, 0x4800, 1, 0x50A3, 1, 0x41C9, 2,
    0x50A3, 1, 0x4841, 3, 0x1882, 2, 0x3187, 1,
    0x5248, 1, 0x62EA, 1, 0x5248, 2, 0x2925, 1,
    0x1882, 1, 0x5AEC, 2, 0x8C0C, 2, 0x20E4, 2,
    0x3187, 1, 0x7B0A, 1, 0x8C0C, 4, 0x3A4A, 2,
    0x1882, 1, 0x6000, 4, 0x7145, 1, 0x6000, 1,
    0x3000, 2, 0x2000, 1, 0x5000, 2, 0x4841, 1,
    0x50A3, 3, 0x41C9, 4, 0x7B0A, 1, 0xB50D, 1,
    0x2925, 1, 0x3187, 1, 0x7800, 1, 0x0862, 3,
    0x3187, 2, 0x18C5, 2, 0x7000, 1, 0x5AEC, 1,
    0x5C32, 1, 0x3187, 1, 0x636E, 1, 0x8CB2, 1,
    0x4841, 1, 0xA489, 1, 0xF6CE, 4, 0xD5ED, 1,
    0xA001, 1, 0x7062, 1, 0x3187, 3, 0x7062, 1,
    0x7B0A, 1, 0x20E4, 1, 0x2925, 1, 0x0862, 2,
    0x1882, 1, 0x4947, 1, 0x3800, 1, 0x4947, 2,
    0x18E4, 1, 0x1926, 1, 0x20E4, 1, 0x3187, 1,
    0x20E4, 1, 0x62EA, 1, 0x2925, 1, 0x3800, 2,
    0x1882, 1, 0x4947, 1, 0x2925, 1, 0x1882, 1,
    0x3187, 1, 0x20E4, 1, 0x18C5, 11, 0x7000, 1,
    0x6000, 1, 0x7062, 1, 0x8C0C, 2, 0x3187, 1,
    0x50A3, 1, 0x4841, 2, 0x4947, 1, 0x2000, 1,
    0x4800, 1, 0x5000, 1, 0x50A3, 1, 0x4841, 1,
    0x50A3, 1, 0x4841, 3, 0x4800, 1, 0x1882, 3,
    0x3187, 2, 0x62EA, 1, 0x7B0A, 1, 0x62EA, 2,
    0x5248, 2, 0x3187, 2, 0x62EA, 2, 0x5248, 1,
    0x1882, 1, 0x0862, 1, 0x6000, 6, 0x7062, 2,
    0x6000, 1, 0x2000, 2, 0x7145, 1, 0x5000, 1,
    0x6000, 1, 0x50A3, 6, 0x41C9, 3, 0x5AEC, 2,
    0x7145, 1, 0x7062, 1, 0x0862, 3, 0x3187, 3,
    0x91A7, 1, 0x50A3, 1, 0x7000, 1, 0x5AEC, 1,
    0x3187, 1, 0x636E, 2, 0x3187, 1, 0x4841, 1,
    0xF6CE, 5, 0xD5ED, 1, 0xA001, 1, 0x7062, 1,
    0x91A7, 1, 0x7062, 2, 0x5248, 1, 0x4947, 1,
    0x0862, 2, 0x4947, 6, 0x18E4, 3, 0x1926, 1,
    0x3187, 1, 0x2925, 2, 0x62EA, 1, 0x1882, 1,
    0x2925, 1, 0x1882, 1, 0x2925, 3, 0x91A7, 1,
    0x18C5, 12, 0x7000, 2, 0xA489, 3, 0x20E4, 2,
    0x4841, 2, 0x4947, 1, 0x0862, 1, 0x2000, 1,
    0x4800, 3, 0x4841, 6, 0x4800, 3, 0x3800, 1,
    0x4800, 3, 0x0862, 2, 0x2000, 1, 0x3800, 2,
    0x4800, 2, 0x3800, 2, 0x4841, 2, 0x50A3, 3,
    0x41C9, 1, 0x4841, 1, 0x4800, 2, 0x2000, 1,
    0x50A3, 1, 0x4841, 1, 0x50A3, 1, 0x91A7, 1,
    0x7062, 1, 0x8800, 1, 0x50A3, 6, 0x20E4, 1,
    0x2925, 1, 0x3187, 2, 0x6000, 1, 0x0862, 3,
    0x7145, 1, 0x3187, 1, 0x2925, 2, 0x7145, 1,
    0x91A7, 1, 0x3187, 1, 0x5AEC, 1, 0x3187, 3,
    0x1882, 1, 0xA489, 1, 0xF6CE, 5, 0xD5ED, 1,
    0x3187, 1, 0x91A7, 1, 0x7062, 1, 0x5248, 2,
    0x0862, 1, 0x4800, 2, 0x4947, 6, 0x18E4, 5,
    0x2925, 1, 0x7145, 1, 0x1882, 1, 0x2925, 1,
    0x5248, 1, 0x62EA, 2, 0x1882, 2, 0x7145, 1,
    0x91A7, 1, 0x18C5, 12, 0x7000, 1, 0x7145, 1,
    0x2925, 1, 0x8C0C, 1, 0xA489, 1, 0x3187, 1,
    0x20E4, 1, 0x4841, 3, 0x41C9, 2, 0x4947, 1,
    0x0862, 1, 0x4800, 2, 0x5000, 2, 0x4841, 5,
    0x5000, 3, 0x4800, 10, 0x4841, 1, 0x5000, 1,
    0x50A3, 2, 0x41C9, 1, 0x50A3, 1, 0x4800, 2,
    0x2000, 1, 0x50A3, 1, 0x4841, 3, 0x7062, 1,
    0x91A7, 2, 0x8800, 2, 0x8000, 3, 0x50A3, 2,
    0x2925, 1, 0x3187, 1, 0x7800, 1, 0x7062, 1,
    0x6000, 1, 0x0862, 2, 0x50A3, 1, 0x91A7, 1,
    0x2925, 2, 0x20E4, 1, 0x2925, 1, 0x7145, 1,
    0x3187, 1, 0x5AEC, 1, 0x3187, 1, 0x2925, 1,
    0x20E4, 1, 0x3800, 1, 0xF6CE, 3, 0xD5ED, 3,
    0x7B0A, 1, 0x2925, 1, 0x5248, 2, 0x0862, 3,
    0x3800, 1, 0x4947, 5, 0x636E, 3, 0x0000, 1,
    0x20E4, 1, 0x18E4, 2, 0x2925, 1, 0x91A7, 1,
    0x20E4, 1, 0x1882, 1, 0x2925, 3, 0x20E4, 1,
    0x2925, 1, 0x50A3, 1, 0x18C5, 13, 0x6000, 1,
    0x91A7, 1, 0x5248, 1, 0xA489, 1, 0x7B0A, 1,
    0x3A4A, 1, 0x3187, 1, 0x20E4, 1, 0x4841, 4,
    0x50A3, 1, 0x0862, 2, 0x3800, 2, 0x4841, 2,
    0x5000, 1, 0x4841, 4, 0x5000, 1, 0x4841, 1,
    0x4800, 9, 0x4841, 2, 0x4800, 2, 0x50A3, 1,
    0x5000, 1, 0x4800, 1, 0x2000, 1, 0x41C9, 1,
    0x4841, 2, 0x50A3, 2, 0x7145, 1, 0x91A7, 1,
    0x7062, 1, 0x8800, 4, 0x8000, 3, 0xA001, 1,
    0x91A7, 1, 0x8000, 1, 0x7062, 1, 0x6000, 1,
    0x0862, 3, 0x7145, 1, 0x3187, 1, 0x1882, 1,
    0x20E4, 1, 0x1882, 1, 0x2925, 2, 0x7145, 1,
    0x20E4, 1, 0x3187, 1, 0x2925, 1, 0x6000, 1,
    0x3800, 1, 0xF6CE, 2, 0xD5ED, 1, 0xA489, 1,
    0xD5ED, 1, 0xA489, 1, 0x7B0A, 1, 0x0862, 1,
    0x5248, 1, 0x0862, 1, 0x1882, 1, 0x0862, 1,
    0x4800, 1, 0x3800, 1, 0x4947, 4, 0x432E, 3,
    0x0000, 1, 0x1926, 1, 0x20E4, 1, 0x1926, 2,
    0x3187, 2, 0x20E4, 2, 0x2925, 1, 0x1882, 1,
    0x20E4, 1, 0x2925, 1, 0x7145, 1, 0x3187, 1,
    0x18C5, 13, 0x4800, 1, 0x5AEC, 1, 0x3A4A, 1,
    0x8C0C, 1, 0x636E, 1, 0x3A4A, 2, 0x20E4, 1,
    0x4841, 6, 0x4947, 1, 0x0862, 4, 0x3800, 8,
    0x4800, 10, 0x0862, 1, 0x2000, 2, 0x0862, 1,
    0x7145, 1, 0x6000, 1, 0x4841, 2, 0x50A3, 1,
    0x41C9, 1, 0x3187, 1, 0xB50D, 4, 0x8800, 4,
    0xA001, 3, 0x8800, 1, 0x7800, 1, 0x6000, 1,
    0x0862, 3, 0x7062, 2, 0x20E4, 1, 0x2925, 1,
    0x62EA, 1, 0x2925, 2, 0x1882, 1, 0x3187, 1,
    0x2925, 1, 0x20E4, 1, 0x2925, 1, 0x3800, 1,
    0x7B0A, 1, 0xD5ED, 3, 0x7B0A, 2, 0xA489, 2,
    0x7B0A, 1, 0x0862, 1, 0x3800, 1, 0x4800, 3,
    0x4947, 1, 0x5C32, 5, 0x3187, 2, 0x18E4, 1,
    0x20E4, 3, 0x18E4, 1, 0x2925, 1, 0x3187, 1,
    0x2925, 2, 0x20E4, 1, 0x2925, 2, 0x3187, 1,
    0x91A7, 1, 0x18C5, 14, 0x4800, 1, 0x1882, 1,
    0x3A4A, 1, 0x7B0A, 1, 0x3A4A, 3, 0x1882, 1,
    0x4841, 4, 0x4800, 2, 0x50A3, 3, 0x7145, 5,
    0x0862, 3, 0x0000, 1, 0x0862, 3, 0x3000, 5,
    0x0862, 3, 0x4947, 1, 0x41C9, 2, 0x4841, 2,
    0x50A3, 2, 0x20E4, 2, 0xB50D, 6, 0x7062, 1,
    0x8800, 1, 0xA001, 5, 0x8800, 1, 0x7800, 1,
    0x8000, 1, 0x18E4, 2, 0x1882, 1, 0x50A3, 1,
    0x2925, 2, 0x62EA, 1, 0x1882, 1, 0x4947, 1,
    0x62EA, 1, 0x2925, 1, 0x20E4, 1, 0x2925, 1,
    0x4841, 1, 0x20E4, 1, 0x3800, 1, 0xA489, 1,
    0xD5ED, 1, 0xA489, 2, 0x3800, 1, 0x4947, 1,
    0x7B0A, 1, 0xA489, 1, 0x4947, 1, 0x3800, 2,
    0x4800, 2, 0x4947, 1, 0x5C32, 5, 0x18E4, 3,
    0x20E4, 2, 0x1926, 1, 0x2925, 1, 0x1926, 1,
    0x20E4, 1, 0x3187, 1, 0x7145, 1, 0x3187, 3,
    0x2925, 1, 0x7145, 1, 0x18C5, 15, 0x4800, 1,
    0x5AEC, 1, 0x0862, 1, 0x3A4A, 1, 0x432E, 1,
    0x5AEC, 1, 0x432E, 1, 0x636E, 1, 0x2925, 1,
    0x7062, 1, 0x4841, 2, 0x4800, 13, 0x50A3, 7,
    0x0000, 1, 0x5000, 1, 0x4841, 1, 0x7145, 1,
    0x50A3, 1, 0x4841, 4, 0x50A3, 2, 0x20E4, 1,
    0x3A4A, 1, 0xB50D, 5, 0xA489, 1, 0x91A7, 2,
    0xA001, 5, 0x8800, 2, 0x8000, 2, 0x18E4, 2,
    0x20E4, 1, 0x3187, 1, 0x1882, 1, 0x62EA, 1,
    0x2925, 1, 0x1882, 3, 0x2925, 1, 0x20E4, 1,
    0x3187, 1, 0x4841, 1, 0x2925, 1, 0x7B0A, 1,
    0xA489, 2, 0x7B0A, 1, 0x4947, 1, 0x4841, 1,
    0x4947, 1, 0x7B0A, 2, 0x4947, 1, 0x4800, 3,
    0x3800, 1, 0x432E, 1, 0x5AEC, 5, 0x5C32, 2,
    0x18E4, 1, 0x0000, 1, 0x18E4, 1, 0x20E4, 1,
    0x18E4, 2, 0x2925, 1, 0x20E4, 1, 0x91A7, 1,
    0x50A3, 1, 0x91A7, 1, 0x50A3, 1, 0x3187, 2,
    0x18C5, 14, 0x5000, 1, 0x4800, 2, 0x5248, 1,
    0x0862, 1, 0x3A4A, 1, 0x432E, 3, 0x8CB2, 1,
    0x3A4A, 1, 0x7000, 3, 0x6000, 3, 0x4800, 19,
    0x4841, 3, 0x50A3, 2, 0x20E4, 1, 0x5AEC, 1,
    0x3A4A, 1, 0x432E, 1, 0xA489, 2, 0xB50D, 4,
    0x41C9, 1, 0xB50D, 1, 0xA001, 6, 0x8000, 4,
    0x18E4, 1, 0x1882, 1, 0x3187, 1, 0x20E4, 1,
    0x1882, 1, 0x4947, 1, 0x3800, 1, 0x1882, 2,
    0x3800, 1, 0x62EA, 1, 0x20E4, 1, 0x3187, 1,
    0x5000, 1, 0x4841, 1, 0xA489, 3, 0x3800, 2,
    0x4947, 1, 0x7B0A, 1, 0x4947, 2, 0x4800, 4,
    0x18E4, 2, 0x2925, 1, 0x1926, 3, 0x18E4, 1,
    0x18C5, 2, 0x0862, 1, 0x8CB2, 1, 0x2925, 1,
    0x18E4, 6, 0x3187, 1, 0x91A7, 1, 0x3187, 2,
    0x18C5, 15, 0x5000, 1, 0x4800, 1, 0x3000, 1,
    0x3800, 1, 0x4800, 1, 0x1882, 2, 0x432E, 1,
    0x5AEC, 1, 0x636E, 1, 0x4841, 1, 0x5000, 3,
    0x6000, 9, 0x7000, 4, 0x4800, 7, 0x6000, 2,
    0x4841, 2, 0x50A3, 2, 0x18E4, 1, 0x5AEC, 3,
    0x8CB2, 2, 0xB50D, 2, 0xF6CE, 1, 0x8C0C, 1,
    0x2925, 2, 0xB50D, 1, 0xA001, 5, 0x7800, 1,
    0x8000, 3, 0x18E4, 3, 0x91A7, 1, 0x1882, 1,
    0x2925, 1, 0x1882, 3, 0x0862, 1, 0x1882, 1,
    0x62EA, 1, 0x2925, 1, 0x3187, 1, 0x5000, 1,
    0x4947, 1, 0xA489, 1, 0x7B0A, 1, 0x4947, 1,
    0x4800, 1, 0x4841, 1, 0x4947, 2, 0x3800, 1,
    0x4800, 3, 0x4841, 1, 0xA489, 1, 0x1926, 1,
    0x41C9, 2, 0x3187, 2, 0x2925, 1, 0x18E4, 1,
    0x18C5, 1, 0x0000, 1, 0x18C5, 10, 0x18E4, 2,
    0x18C5, 16, 0x4800, 2, 0x3000, 1, 0x3800, 1,
    0x4800, 3, 0x1882, 1, 0x0862, 1, 0x1882, 1,
    0x4841, 1, 0x5000, 3, 0x6000, 9, 0x7000, 10,
    0x8000, 1, 0x8800, 2, 0x7062, 2, 0x3187, 1,
    0x8CB2, 1, 0x5C32, 2, 0x8CB2, 4, 0xF6CE, 1,
    0x8CB2, 1, 0xF6CE, 1, 0x8CB2, 1, 0x2925, 2,
    0x8CB2, 1, 0xA001, 3, 0x8000, 2, 0x7800, 1,
    0x8000, 2, 0x7800, 1, 0x1882, 3, 0x7062, 1,
    0x2925, 1, 0x4947, 1, 0x1882, 5, 0x4947, 1,
    0x2925, 1, 0x636E, 1, 0x2925, 1, 0x7B0A, 2,
    0x3800, 2, 0x4800, 2, 0x4947, 2, 0x4800, 4,
    0x18C5, 5, 0x5C32, 3, 0x2925, 1, 0x0000, 1,
    0x0862, 1, 0x18C5, 28, 0x4800, 1, 0x3000, 2,
    0x4800, 4, 0x6000, 3, 0x7000, 2, 0x4800, 2,
    0x6000, 9, 0x7000, 9, 0x8000, 4, 0x7062, 1,
    0x5AEC, 1, 0x8CB2, 1, 0x5C32, 1, 0x636E, 3,
    0x8CB2, 6, 0x41C9, 1, 0x8CB2, 1, 0x2925, 1,
    0xB50D, 1, 0x8800, 1, 0x8000, 7, 0x7800, 1,
    0x1882, 3, 0x3187, 1, 0x2925, 1, 0x1882, 6,
    0x2925, 1, 0x3187, 2, 0x2925, 1, 0x4947, 2,
    0x3800, 2, 0x4800, 1, 0x3800, 2, 0x4800, 2,
    0x4841, 1, 0x18C5, 11, 0x8CB2, 1, 0x20E4, 1,
    0x18C5, 28, 0x4800, 1, 0x3000, 2, 0x4800, 3,
    0x5000, 1, 0x6000, 4, 0x7000, 3, 0x8000, 5,
    0x6000, 3, 0x7000, 10, 0x8000, 4, 0x7062, 1,
    0x20E4, 1, 0x5C32, 1, 0x636E, 2, 0x2925, 1,
    0x20E4, 1, 0x8CB2, 2, 0x20E4, 1, 0x1926, 3,
    0x8CB2, 1, 0xA001, 1, 0x8800, 2, 0x8000, 4,
    0x7800, 2, 0x8000, 2, 0x7800, 1, 0x1882, 1,
    0x18E4, 1, 0x2925, 3, 0x3800, 1, 0x1882, 5,
    0x7B0A, 1, 0x3187, 1, 0x636E, 1, 0x4947, 2,
    0x0862, 2, 0x3800, 1, 0x4800, 1, 0x3800, 1,
    0x4800, 3, 0x18C5, 42, 0x3000, 4, 0x4800, 1,
    0x5000, 1, 0x4800, 2, 0x6000, 2, 0x7000, 1,
    0x6000, 1, 0x7000, 2, 0x8000, 8, 0x8800, 8,
    0x7000, 6, 0x91A7, 2, 0x1882, 2, 0x20E4, 1,
    0x2925, 1, 0x8CB2, 1, 0x2925, 2, 0x8CB2, 2,
    0x8000, 1, 0x7800, 1, 0x8800, 1, 0x8000, 7,
    0x7800, 2, 0x8000, 1, 0x7800, 1, 0x8000, 1,
    0x1882, 1, 0x18E4, 1, 0x2925, 2, 0x62EA, 1,
    0x3800, 1, 0x1882, 5, 0x2925, 2, 0x3187, 1,
    0x4947, 1, 0x3800, 1, 0x0862, 2, 0x3800, 1,
    0x4800, 2, 0x4841, 1, 0x18C5, 45, 0x3800, 1,
    0x3000, 2, 0x4800, 4, 0x6000, 1, 0x7000, 5,
    0x8000, 1, 0x8800, 4, 0x8000, 3, 0x8800, 9,
    0xA001, 3, 0x8800, 12, 0x8000, 2, 0x7800, 1,
    0x8800, 1, 0x8000, 5, 0x7800, 6, 0x8000, 1,
    0x18E4, 2, 0x3187, 1, 0x2925, 1, 0x5248, 1,
    0x1882, 1, 0x20E4, 1, 0x1882, 4, 0x4947, 1,
    0x2925, 1, 0x3187, 1, 0x1882, 1, 0x0862, 1,
    0x1882, 3, 0x4800, 1, 0x4841, 1, 0x18C5, 46,
    0x3000, 1, 0x3800, 1, 0x3000, 1, 0x4800, 4,
    0x6000, 1, 0x7000, 5, 0x8000, 1, 0x8800, 1,
    0xA001, 2, 0x8800, 2, 0xA001, 1, 0x8800, 1,
    0xA001, 8, 0x8800, 1, 0xA001, 3, 0x8800, 12,
    0x8000, 8, 0x7800, 8, 0x18E4, 2, 0x3187, 1,
    0x2925, 1, 0xA489, 1, 0x7000, 1, 0x20E4, 1,
    0x1882, 1, 0x0862, 1, 0x1882, 2, 0x62EA, 1,
    0x20E4, 1, 0x3187, 1, 0x1882, 4, 0x4800, 1,
    0x18C5, 49, 0x3000, 1, 0x3800, 1, 0x4800, 4,
    0x7000, 2, 0x6000, 2, 0x5000, 2, 0x6000, 1,
    0x7000, 2, 0xA001, 2, 0x98C3, 7, 0xA001, 4,
    0x8800, 1, 0xA001, 3, 0x8800, 6, 0x8000, 1,
    0x8800, 5, 0x8000, 8, 0x7800, 7, 0x1882, 3,
    0x2925, 1, 0x20E4, 1, 0xA489, 1, 0x1882, 6,
    0x62EA, 1, 0x20E4, 1, 0x3187, 1, 0x1882, 2,
    0x4800, 1, 0x4841, 1, 0x18C5, 50, 0x2000, 1,
    0x3800, 2, 0x5000, 2, 0x4800, 1, 0x7000, 1,
    0x8000, 1, 0x6000, 1, 0x4800, 1, 0x3000, 1,
    0x2000, 2, 0x3000, 1, 0x7000, 3, 0x8800, 1,
    0x98C3, 2, 0x8000, 1, 0x98C3, 2, 0xA001, 1,
    0x8000, 1, 0xA001, 3, 0x8800, 1, 0xA001, 5,
    0x8800, 4, 0x8000, 1, 0x8800, 6, 0x8000, 3,
    0x7800, 11, 0x18E4, 2, 0x20E4, 1, 0x2925, 2,
    0x4947, 1, 0x3800, 1, 0x1882, 3, 0x0862, 1,
    0x3800, 1, 0x2925, 1, 0x20E4, 1, 0x2925, 1,
    0x4800, 1, 0x4841, 1, 0x18C5, 52, 0x2000, 1,
    0x3000, 1, 0x3800, 1, 0x4800, 1, 0x5000, 2,
    0x7000, 1, 0xA001, 1, 0x4800, 1, 0x0862, 1,
    0x0000, 3, 0x3000, 1, 0x2000, 1, 0x3000, 2,
    0x0862, 2, 0x2000, 3, 0x0862, 1, 0xA001, 1,
    0x8000, 3, 0x7000, 2, 0x7800, 4, 0x8000, 1,
    0x8800, 3, 0x8000, 1, 0x8800, 2, 0x8000, 2,
    0x8800, 4, 0x8000, 1, 0x7800, 12, 0x2925, 2,
    0x18E4, 1, 0x3187, 1, 0x2925, 1, 0x62EA, 1,
    0x3800, 1, 0x1882, 5, 0x2925, 1, 0x3187, 1,
    0x3800, 1, 0x18C5, 55, 0x2000, 1, 0x3000, 1,
    0x4800, 2, 0x5000, 1, 0x7000, 1, 0xA001, 1,
    0x98C3, 2, 0x8000, 1, 0x50A3, 1, 0x0000, 4,
    0x0862, 4, 0x0000, 1, 0x2000, 1, 0x0862, 2,
    0x3000, 8, 0x4800, 1, 0x6000, 1, 0x8000, 1,
    0x8800, 10, 0x8000, 1, 0x7800, 12, 0x6000, 1,
    0x2925, 3, 0x3187, 1, 0x2925, 2, 0x1882, 5,
    0x62EA, 1, 0x1882, 1, 0x7145, 1, 0x18C5, 56,
    0x0000, 1, 0x2000, 1, 0x3000, 2, 0x4800, 1,
    0x5000, 1, 0xA001, 4, 0x8800, 1, 0x7062, 1,
    0x91A7, 1, 0x636E, 2, 0x8CB2, 4, 0x0000, 1,
    0x0862, 4, 0x0000, 7, 0x2000, 1, 0x1882, 1,
    0x6000, 1, 0xA001, 2, 0x8800, 8, 0x8000, 1,
    0x7800, 10, 0x7000, 1, 0x6000, 1, 0x18E4, 1,
    0x1926, 1, 0x2925, 1, 0x1926, 1, 0x2925, 3,
    0x4947, 1, 0x1882, 3, 0x4947, 1, 0x2925, 2,
    0x7145, 1, 0x18C5, 57, 0x0000, 1, 0x2000, 2,
    0x4800, 2, 0x7800, 1, 0x8000, 2, 0x7800, 1,
    0x7000, 1, 0xA001, 1, 0x98C3, 2, 0x91A7, 1,
    0x8CB2, 2, 0xF6CE, 1, 0x8CB2, 6, 0x636E, 1,
    0x7B8D, 1, 0x91A7, 1, 0x3187, 1, 0x41C9, 1,
    0x98C3, 1, 0x7062, 1, 0xA001, 1, 0x98C3, 3,
    0xA001, 2, 0x8800, 7, 0x8000, 1, 0x7800, 6,
    0x7000, 2, 0x6000, 4, 0x1926, 1, 0x18E4, 2,
    0x1926, 1, 0x2925, 1, 0x3187, 1, 0x2925, 1,
    0x62EA, 1, 0x4947, 1, 0x2925, 1, 0x1882, 1,
    0x2925, 2, 0x7145, 1, 0x3187, 1, 0x18C5, 58,
    0x0000, 1, 0x2000, 2, 0x3000, 1, 0x4800, 1,
    0x6000, 4, 0x7000, 2, 0x7800, 2, 0x8000, 3,
    0xF6CE, 1, 0x8CB2, 1, 0xF6CE, 2, 0x8CB2, 2,
    0xB50D, 1, 0x91A7, 1, 0x98C3, 3, 0xA001, 8,
    0x8800, 4, 0x8000, 4, 0x7800, 6, 0x7000, 1,
    0x6000, 1, 0x4800, 3, 0x18E4, 5, 0x2925, 1,
    0x3187, 1, 0x1882, 2, 0x62EA, 3, 0x1882, 2,
    0x91A7, 1, 0x3187, 1, 0x18C5, 60, 0x2000, 2,
    0x3000, 1, 0x4800, 3, 0x6000, 3, 0x7000, 3,
    0x6000, 1, 0x5000, 1, 0xA001, 4, 0x8800, 4,
    0x8000, 2, 0x8800, 3, 0xA001, 6, 0x8800, 2,
    0x8000, 3, 0x7800, 3, 0x7000, 4, 0x6000, 4,
    0x3000, 1, 0x2000, 2, 0x18E4, 2, 0x1926, 2,
    0x20E4, 1, 0x18E4, 1, 0x91A7, 1, 0x20E4, 1,
    0x1882, 1, 0x2925, 3, 0x20E4, 1, 0x2925, 1,
    0x50A3, 1, 0x18C5, 63, 0x2000, 1, 0x3000, 3,
    0x4800, 7, 0x5000, 2, 0x4800, 1, 0x5000, 2,
    0x6000, 3, 0x7000, 1, 0x7800, 2, 0x8000, 3,
    0xA001, 7, 0x7800, 2, 0x6000, 4, 0x7000, 1,
    0x6000, 2, 0x4800, 3, 0x3800, 1, 0x3000, 2,
    0x2000, 3, 0x18E4, 1, 0x20E4, 2, 0x1926, 3,
    0x3187, 2, 0x2925, 1, 0x1882, 2, 0x20E4, 1,
    0x2925, 1, 0x91A7, 1, 0x18C5, 68, 0x3000, 7,
    0x3800, 1, 0x3000, 5, 0x3800, 1, 0x4800, 1,
    0x5000, 4, 0x8000, 9, 0x7800, 2, 0x4800, 4,
    0x6000, 2, 0x3000, 1, 0x2000, 7, 0x3800, 1,
    0x20E4, 1, 0x18E4, 1, 0x20E4, 2, 0x2925, 1,
    0x1926, 1, 0x18E4, 1, 0x20E4, 1, 0x50A3, 1,
    0x7062, 1, 0x20E4, 1, 0x2925, 2, 0x3187, 1,
    0x50A3, 1, 0x18C5, 74, 0x3000, 2, 0x2000, 5,
    0x3000, 4, 0x5000, 1, 0x6000, 10, 0x4800, 3,
    0x2000, 3, 0x3000, 3, 0x2000, 1, 0x3800, 1,
    0x3000, 2, 0x3800, 1, 0x18E4, 3, 0x20E4, 1,
    0x18E4, 2, 0x20E4, 1, 0x1926, 1, 0x20E4, 1,
    0x2925, 1, 0x1882, 1, 0x50A3, 1, 0x7145, 1,
    0x91A7, 1, 0x3187, 2, 0x7145, 1, 0x18C5, 85,
    0x3000, 2, 0x3800, 10, 0x3000, 1, 0x2000, 4,
    0x18C5, 13, 0x18E4, 8, 0x50A3, 1, 0x7145, 1,
    0x50A3, 1, 0x3187, 1, 0x18C5, 124, 0x18E4, 2,
    0x3187, 1, 0x18C5, 2870, 0x18C5, 2385, 0x91A7, 2,
    0x18C5, 124, 0x7062, 1, 0x91A7, 8, 0x18C5, 119,
    0x7062, 3, 0x91A7, 8, 0x18C5, 117, 0x7062, 6,
    0x91A7, 7, 0x18C5, 114, 0x7800, 8, 0x7062, 3,
    0x91A7, 5, 0x636E, 2, 0x5AEC, 1, 0x91A7, 2,
    0x5AEC, 1, 0x18C5, 106, 0x7800, 9, 0x7062, 7,
    0x91A7, 5, 0x5AEC, 2, 0x91A7, 2, 0x7062, 1,
    0x91A7, 2, 0x5AEC, 2, 0x91A7, 1, 0x18C5, 8,
    0x91A7, 10, 0x18C5, 78, 0x7800, 12, 0x7062, 1,
    0x7800, 4, 0x7062, 1, 0x91A7, 11, 0x5AEC, 1,
    0x91A7, 20, 0x98C3, 1, 0x18C5, 77, 0x7000, 1,
    0x7800, 1, 0x7000, 1, 0x6000, 7, 0x7800, 8,
    0x7062, 9, 0x91A7, 8, 0x7062, 1, 0x91A7, 5,
    0x7062, 5, 0x91A7, 2, 0x7062, 3, 0x18C5, 77,
    0x6000, 2, 0x5000, 8, 0x7800, 15, 0x8000, 2,
    0x7800, 1, 0x7062, 7, 0x7800, 2, 0x7062, 5,
    0x7800, 4, 0x7062, 5, 0x18C5, 76, 0x4800, 2,
    0x3000, 4, 0x6000, 1, 0x3000, 4, 0x6000, 1,
    0x7000, 8, 0x7800, 20, 0x7062, 1, 0x7800, 11,
    0x18C5, 76, 0x3000, 3, 0x6000, 7, 0x2000, 2,
    0x5000, 9, 0x7000, 2, 0x7800, 29, 0x18C5, 76,
    0x50A3, 4, 0x6000, 8, 0x3000, 9, 0x6000, 9,
    0x7000, 9, 0x7800, 3, 0x7000, 1, 0x6000, 5,
    0x7800, 4, 0x18C5, 73, 0x7062, 6, 0x50A3, 1,
    0x6000, 9, 0x7000, 2, 0x2000, 7, 0x3000, 1,
    0x4800, 6, 0x3000, 1, 0x6000, 2, 0x5000, 7,
    0x7000, 2, 0x6000, 1, 0x5000, 7, 0x6000, 1,
    0x7800, 2, 0x18C5, 70, 0x7145, 7, 0x7062, 3,
    0x6000, 7, 0x7000, 4, 0x7062, 3, 0x7145, 3,
    0x91A7, 1, 0x7145, 1, 0x5AEC, 1, 0x3000, 4,
    0x2000, 3, 0x3000, 9, 0x5000, 1, 0x4800, 1,
    0x3000, 7, 0x5000, 1, 0x6000, 1, 0x7000, 1,
    0x18C5, 67, 0x5248, 2, 0x7145, 2, 0x5248, 4,
    0x7145, 3, 0x7062, 1, 0x50A3, 1, 0x6000, 5,
    0x7000, 5, 0x7800, 2, 0x7062, 11, 0x7145, 2,
    0x91A7, 1, 0x7145, 2, 0x5AEC, 1, 0x7145, 1,
    0x2000, 6, 0x3000, 1, 0x8800, 2, 0x8000, 2,
    0x4800, 2, 0x3000, 3, 0x4800, 1, 0x6000, 1,
    0x18C5, 65, 0x7145, 1, 0x5248, 3, 0x5AEC, 5,
    0x5248, 2, 0x7145, 2, 0x7062, 1, 0x6000, 4,
    0x7000, 5, 0x7800, 13, 0x7062, 10, 0x8000, 1,
    0x7800, 1, 0x7000, 1, 0x8800, 1, 0x8000, 3,
    0x8800, 1, 0x98C3, 1, 0x4841, 1, 0x4800, 2,
    0x3000, 2, 0x2000, 1, 0x3000, 1, 0x4800, 1,
    0x18C5, 62, 0xA489, 1, 0x20E4, 1, 0x432E, 1,
    0x636E, 4, 0x432E, 1, 0x5C32, 1, 0x432E, 2,
    0x8000, 2, 0x8CB2, 3, 0x5C32, 2, 0x6000, 1,
    0x7000, 6, 0x7800, 17, 0x8000, 3, 0x7800, 4,
    0x7000, 1, 0x8000, 3, 0x8800, 2, 0x98C3, 2,
    0x4841, 3, 0x3800, 1, 0x3000, 2, 0x20E4, 1,
    0x3000, 2, 0x18C5, 56, 0x7800, 7, 0x7000, 4,
    0x6000, 3, 0x5000, 2, 0x4800, 4, 0x7800, 3,
    0x2925, 1, 0x636E, 2, 0x8CB2, 2, 0x7800, 3,
    0x432E, 1, 0x7000, 8, 0x7800, 6, 0x8000, 4,
    0x7800, 5, 0x8000, 2, 0x98C3, 2, 0x91A7, 2,
    0x5AEC, 1, 0x3187, 1, 0x4841, 2, 0x3800, 3,
    0x20E4, 2, 0x4947, 1, 0x3000, 1, 0x18C5, 53,
    0x7800, 2, 0x8000, 5, 0x1882, 2, 0x7B8D, 8,
    0xA489, 1, 0x5AEC, 1, 0x7062, 2, 0x6000, 3,
    0x4800, 4, 0x3800, 1, 0x7000, 2, 0x91A7, 1,
    0x2925, 1, 0x5AEC, 1, 0x636E, 1, 0x5C32, 5,
    0x8CB2, 2, 0x7000, 5, 0x7800, 7, 0x7000, 1,
    0x7800, 1, 0x8000, 1, 0x98C3, 1, 0x7062, 1,
    0x5AEC, 5, 0x50A3, 3, 0x3800, 3, 0x20E4, 2,
    0x5248, 1, 0x4947, 1, 0x3000, 1, 0x18C5, 51,
    0x8800, 7, 0x1926, 1, 0x20E4, 1, 0x7B8D, 3,
    0x91A7, 1, 0x5248, 2, 0x636E, 2, 0xB50D, 3,
    0x2925, 2, 0xA489, 1, 0xB50D, 1, 0xA489, 2,
    0x18E4, 2, 0x1882, 1, 0x5000, 3, 0x3800, 3,
    0x7000, 2, 0x91A7, 1, 0x2925, 1, 0x3A4A, 1,
    0x432E, 2, 0x20E4, 1, 0x5000, 2, 0x7000, 1,
    0x6000, 1, 0x18E4, 1, 0x636E, 2, 0x7000, 5,
    0x8000, 3, 0x91A7, 2, 0x5AEC, 1, 0x636E, 4,
    0x50A3, 3, 0x20E4, 2, 0x3800, 1, 0x1882, 2,
    0x5248, 4, 0x18C5, 49, 0x8800, 1, 0x8000, 2,
    0x7145, 6, 0x2925, 1, 0x5AEC, 2, 0x7145, 1,
    0x5AEC, 2, 0x5248, 1, 0x5AEC, 6, 0xA489, 2,
    0xB50D, 1, 0xA489, 1, 0x2925, 2, 0x7000, 3,
    0x6000, 4, 0x4800, 5, 0x7000, 3, 0x6000, 1,
    0x7000, 1, 0x6000, 3, 0x7062, 1, 0x5000, 1,
    0x6000, 6, 0x8000, 2, 0x91A7, 2, 0x636E, 5,
    0x41C9, 1, 0x50A3, 3, 0x20E4, 5, 0x5248, 2,
    0x7B0A, 3, 0x18C5, 47, 0x8000, 2, 0x7062, 2,
    0x7145, 4, 0x2925, 1, 0x636E, 5, 0xB50D, 1,
    0xA489, 2, 0x8C0C, 3, 0xA489, 3, 0x5AEC, 5,
    0x7145, 2, 0x7000, 7, 0x6000, 4, 0x8000, 1,
    0x7B8D, 1, 0x7800, 2, 0x7000, 2, 0x636E, 1,
    0x7000, 1, 0x636E, 3, 0x6000, 5, 0x7800, 2,
    0x7062, 1, 0x636E, 3, 0x7B8D, 1, 0x636E, 2,
    0x41C9, 2, 0x50A3, 1, 0x1882, 1, 0x4841, 2,
    0x20E4, 3, 0x5248, 2, 0x7B0A, 4, 0x18C5, 46,
    0x8000, 2, 0x7145, 6, 0x3A4A, 1, 0x636E, 5,
    0x5AEC, 1, 0x636E, 2, 0x8C0C, 1, 0x5AEC, 2,
    0x8C0C, 4, 0xA489, 1, 0x5248, 4, 0x50A3, 1,
    0x7062, 1, 0x7000, 9, 0x8000, 2, 0x7B0A, 1,
    0x7B8D, 1, 0x3800, 1, 0x7800, 1, 0x636E, 1,
    0x7B8D, 1, 0x3A4A, 1, 0x20E4, 1, 0x432E, 1,
    0x2925, 1, 0x636E, 1, 0x3A4A, 1, 0x636E, 1,
    0x6000, 1, 0x7000, 1, 0x7062, 3, 0x7B8D, 1,
    0x636E, 4, 0x41C9, 3, 0x20E4, 3, 0x1882, 3,
    0x20E4, 1, 0x7B0A, 1, 0x5248, 1, 0x7B0A, 5,
    0x18C5, 44, 0x8000, 3, 0x7145, 4, 0x5AEC, 1,
    0x3A4A, 2, 0x636E, 3, 0x5AEC, 1, 0x5248, 2,
    0x636E, 2, 0x8C0C, 1, 0x5AEC, 2, 0x41C9, 2,
    0x5AEC, 1, 0xA489, 2, 0x5AEC, 2, 0x5248, 2,
    0x7145, 2, 0x6000, 4, 0x7000, 4, 0x8000, 2,
    0x91A7, 2, 0x18E4, 3, 0x20E4, 1, 0x8000, 1,
    0x3A4A, 2, 0x5C32, 2, 0x636E, 2, 0x432E, 1,
    0x3A4A, 1, 0x7062, 3, 0x7B8D, 2, 0x8CB2, 2,
    0x636E, 2, 0x41C9, 2, 0x3187, 1, 0x20E4, 2,
    0x2925, 3, 0x1882, 1, 0xA489, 2, 0x7B0A, 7,
    0x18C5, 43, 0x98C3, 1, 0x91A7, 3, 0x5AEC, 3,
    0x7B0A, 1, 0x18E4, 1, 0x1882, 1, 0x636E, 3,
    0x5AEC, 4, 0xB50D, 1, 0x8C0C, 4, 0xA489, 2,
    0x8C0C, 1, 0xA489, 1, 0x5AEC, 2, 0x5248, 1,
    0x7145, 4, 0x6000, 7, 0x8000, 1, 0x91A7, 3,
    0x18E4, 2, 0x8CB2, 1, 0x5C32, 1, 0x18E4, 1,
    0x20E4, 1, 0x432E, 1, 0x5C32, 5, 0x20E4, 1,
    0x18E4, 1, 0x8CB2, 5, 0x636E, 3, 0x3A4A, 1,
    0x50A3, 2, 0x3187, 2, 0x20E4, 2, 0x2925, 1,
    0x8C0C, 1, 0xA489, 3, 0x7B0A, 5, 0xA489, 1,
    0x8C0C, 1, 0x18C5, 42, 0x91A7, 1, 0x636E, 1,
    0x91A7, 2, 0x636E, 10, 0x5AEC, 1, 0x5248, 7,
    0x8C0C, 2, 0x5AEC, 4, 0x5248, 3, 0x7145, 4,
    0x50A3, 2, 0x6000, 3, 0x3187, 1, 0x91A7, 2,
    0x18E4, 2, 0x8CB2, 5, 0x432E, 1, 0x20E4, 1,
    0x5C32, 4, 0x20E4, 2, 0x636E, 6, 0x5AEC, 1,
    0x3A4A, 1, 0x62EA, 1, 0x3A4A, 1, 0x3187, 1,
    0x20E4, 4, 0x5248, 1, 0x8C0C, 2, 0xA489, 3,
    0x7B0A, 4, 0xA489, 2, 0x8C0C, 1, 0x18C5, 41,
    0x0862, 1, 0x1926, 1, 0x3187, 4, 0x1926, 2,
    0x2189, 5, 0x91A7, 1, 0x7B0A, 1, 0x636E, 2,
    0x5AEC, 1, 0x636E, 6, 0x5AEC, 3, 0x5248, 4,
    0x7145, 1, 0x50A3, 5, 0x6000, 2, 0x3187, 3,
    0x18E4, 3, 0x8CB2, 6, 0x432E, 1, 0x2925, 1,
    0x432E, 1, 0x636E, 1, 0x5C32, 1, 0x20E4, 1,
    0x5AEC, 2, 0x636E, 5, 0x5248, 1, 0x3A4A, 1,
    0x5248, 2, 0x7B0A, 1, 0x20E4, 1, 0x3187, 3,
    0x8C0C, 2, 0xA489, 4, 0x7B0A, 4, 0xA489, 3,
    0x7145, 1, 0x18C5, 41, 0x3187, 8, 0x41C9, 3,
    0x2189, 4, 0x3187, 2, 0x41C9, 2, 0x2189, 3,
    0x5AEC, 2, 0x91A7, 2, 0x5AEC, 3, 0x7145, 1,
    0x5AEC, 2, 0x5248, 2, 0x7145, 2, 0x6000, 2,
    0x91A7, 2, 0x18E4, 3, 0x8CB2, 7, 0x5C32, 1,
    0x636E, 1, 0x3A4A, 1, 0x2925, 1, 0x3A4A, 1,
    0x432E, 1, 0x3187, 1, 0x5AEC, 1, 0x636E, 6,
    0x3A4A, 3, 0x8C0C, 2, 0x7B0A, 1, 0x41C9, 1,
    0x20E4, 1, 0x3187, 1, 0xA489, 7, 0x7B0A, 2,
    0xA489, 3, 0x8C0C, 1, 0x7145, 1, 0x18C5, 40,
    0x2189, 1, 0x3187, 7, 0x41C9, 20, 0x2189, 3,
    0x50A3, 2, 0x6000, 1, 0x62EA, 2, 0x7062, 1,
    0x7145, 1, 0x91A7, 2, 0x2925, 1, 0x18E4, 1,
    0x8CB2, 10, 0x5C32, 1, 0x2925, 1, 0x20E4, 1,
    0x3A4A, 1, 0x20E4, 1, 0x5248, 1, 0x5AEC, 2,
    0x636E, 3, 0x5AEC, 2, 0x3A4A, 2, 0x5248, 2,
    0x8C0C, 1, 0x7B0A, 1, 0xB50D, 1, 0x62EA, 1,
    0xB50D, 1, 0xA489, 5, 0x7B0A, 3, 0xA489, 4,
    0x7B8D, 1, 0x7062, 1, 0x18C5, 39, 0x3187, 1,
    0x2189, 2, 0x3187, 6, 0x41C9, 14, 0x3A4A, 1,
    0x41C9, 5, 0x2189, 1, 0x41C9, 2, 0x2189, 4,
    0x1926, 1, 0x0862, 1, 0x98C3, 1, 0x91A7, 2,
    0x20E4, 1, 0x5C32, 1, 0x8CB2, 9, 0x5C32, 2,
    0x636E, 1, 0x3187, 1, 0x20E4, 2, 0x7B0A, 2,
    0x636E, 1, 0x5AEC, 2, 0x636E, 2, 0x3A4A, 3,
    0x8C0C, 3, 0xB50D, 2, 0x62EA, 2, 0xA489, 4,
    0x7B0A, 2, 0xA489, 5, 0x7B0A, 1, 0x7B8D, 1,
    0xA489, 1, 0x18C5, 39, 0x3187, 1, 0x2189, 1,
    0x3187, 7, 0x41C9, 11, 0x3A4A, 1, 0x5AEC, 1,
    0x3A4A, 1, 0x41C9, 2, 0x2189, 1, 0x41C9, 3,
    0x2189, 3, 0x41C9, 3, 0x2189, 3, 0x98C3, 1,
    0x91A7, 1, 0x8C0C, 1, 0x3187, 1, 0x8CB2, 5,
    0x5C32, 1, 0x8CB2, 1, 0x5C32, 1, 0x8CB2, 2,
    0x5C32, 2, 0x636E, 1, 0x4841, 1, 0x20E4, 1,
    0x91A7, 1, 0x636E, 2, 0x5AEC, 1, 0x636E, 2,
    0x5AEC, 2, 0x5248, 4, 0x8C0C, 1, 0xB50D, 5,
    0xA489, 4, 0x7B0A, 1, 0xA489, 5, 0x7B0A, 3,
    0xA489, 1, 0x18C5, 38, 0x2189, 1, 0x3187, 1,
    0x2189, 1, 0x3187, 6, 0x41C9, 12, 0x3A4A, 1,
    0x41C9, 1, 0x3A4A, 1, 0x41C9, 5, 0x2189, 8,
    0x3A4A, 1, 0x2189, 1, 0x8000, 1, 0x91A7, 1,
    0x3187, 2, 0x8CB2, 4, 0x5C32, 9, 0x2925, 1,
    0x7062, 1, 0x636E, 1, 0x5AEC, 1, 0x636E, 3,
    0x5AEC, 2, 0x3A4A, 3, 0x8C0C, 1, 0xB50D, 6,
    0xA489, 11, 0x7B0A, 2, 0xA489, 2, 0x18C5, 38,
    0x3187, 2, 0x2189, 1, 0x3187, 6, 0x41C9, 12,
    0x3A4A, 1, 0x41C9, 1, 0x3A4A, 1, 0x41C9, 6,
    0x2189, 6, 0x3A4A, 4, 0x8C0C, 1, 0x3187, 2,
    0x636E, 1, 0x8CB2, 3, 0x5C32, 5, 0x8CB2, 1,
    0x5C32, 3, 0x432E, 1, 0x5248, 1, 0x636E, 5,
    0x5AEC, 3, 0x5248, 2, 0x636E, 1, 0xB50D, 4,
    0xD5ED, 6, 0x18C5, 3, 0xA489, 2, 0x62EA, 2,
    0x7B0A, 3, 0xA489, 1, 0x18C5, 37, 0x2189, 1,
    0x3187, 1, 0x2189, 2, 0x3187, 5, 0x41C9, 15,
    0x3A4A, 1, 0x41C9, 5, 0x2189, 6, 0x41C9, 1,
    0x3A4A, 3, 0x2189, 1, 0x91A7, 1, 0x3187, 1,
    0x636E, 1, 0x5C32, 1, 0x8CB2, 1, 0x5C32, 7,
    0x8CB2, 1, 0x5C32, 2, 0x432E, 1, 0x2925, 1,
    0x636E, 1, 0x5AEC, 2, 0x636E, 4, 0x5AEC, 2,
    0x636E, 1, 0xF6CE, 6, 0xD5ED, 5, 0x18C5, 8,
    0x4947, 1, 0x62EA, 2, 0x91A7, 1, 0x18C5, 36,
    0x0862, 1, 0x2189, 1, 0x3187, 1, 0x2189, 1,
    0x3187, 6, 0x41C9, 12, 0x3A4A, 1, 0x41C9, 6,
    0x3187, 1, 0x41C9, 1, 0x2189, 5, 0x41C9, 1,
    0x3A4A, 4, 0x2189, 1, 0x8C0C, 1, 0x5AEC, 1,
    0x3187, 1, 0x5C32, 8, 0x8CB2, 1, 0x5C32, 1,
    0x432E, 2, 0x636E, 2, 0x5248, 1, 0x5AEC, 1,
    0x636E, 3, 0x5AEC, 3, 0x8CB2, 2, 0xF6CE, 4,
    0xD5ED, 7, 0x18C5, 8, 0x3000, 1, 0x62EA, 1,
    0x8C0C, 1, 0x7145, 1, 0x18C5, 36, 0x18E4, 1,
    0x3187, 2, 0x2189, 1, 0x3187, 6, 0x41C9, 6,
    0x0862, 1, 0x41C9, 5, 0x3A4A, 1, 0x41C9, 1,
    0x3A4A, 1, 0x41C9, 4, 0x3187, 1, 0x41C9, 1,
    0x2189, 4, 0x41C9, 2, 0x3A4A, 4, 0x2189, 1,
    0x98C3, 1, 0x636E, 1, 0x5AEC, 1, 0x5C32, 6,
    0x8CB2, 3, 0x636E, 1, 0x432E, 1, 0x636E, 2,
    0x5AEC, 1, 0x636E, 7, 0x8CB2, 1, 0xF6CE, 6,
    0xD5ED, 6, 0x18C5, 9, 0x7000, 1, 0x5248, 1,
    0x8C0C, 1, 0x62EA, 1, 0x18C5, 35, 0x432E, 10,
    0x5C32, 4, 0x41C9, 11, 0x3A4A, 1, 0x41C9, 5,
    0x2189, 5, 0x41C9, 2, 0x3A4A, 3, 0x2189, 2,
    0x91A7, 1, 0x5AEC, 1, 0x3187, 1, 0x636E, 1,
    0x5C32, 3, 0x8CB2, 3, 0x5C32, 2, 0x636E, 1,
    0x5AEC, 2, 0x5248, 1, 0x636E, 6, 0x8CB2, 3,
    0xF6CE, 5, 0xD5ED, 6, 0x0862, 2, 0x2925, 1,
    0x3187, 1, 0x18C5, 6, 0x7000, 1, 0x2925, 1,
    0x8C0C, 1, 0x62EA, 1, 0x18C5, 34, 0x7B8D, 1,
    0x432E, 10, 0x5C32, 3, 0x432E, 1, 0x2189, 1,
    0x1926, 1, 0x0862, 2, 0x2189, 3, 0x5C32, 1,
    0x3A4A, 1, 0x41C9, 2, 0x3A4A, 1, 0x41C9, 4,
    0x1882, 2, 0x2189, 3, 0x41C9, 3, 0x3A4A, 3,
    0x2189, 2, 0x98C3, 1, 0x91A7, 1, 0x432E, 1,
    0x5C32, 8, 0x3187, 1, 0x5AEC, 1, 0x5248, 1,
    0x5AEC, 1, 0x636E, 6, 0x8CB2, 3, 0xF6CE, 7,
    0xD5ED, 4, 0x0862, 2, 0x2925, 1, 0x8CB2, 1,
    0x50A3, 1, 0x3187, 1, 0x91A7, 1, 0x20E4, 1,
    0x18C5, 3, 0x7800, 1, 0x2925, 1, 0x7B0A, 1,
    0x7145, 1, 0x18C5, 33, 0x636E, 1, 0x3A4A, 1,
    0x432E, 9, 0x5C32, 3, 0x2189, 1, 0x432E, 1,
    0x5C32, 1, 0x432E, 2, 0x2189, 1, 0x5C32, 1,
    0x2189, 1, 0x432E, 1, 0x5C32, 1, 0x54F5, 5,
    0x2189, 2, 0x18E4, 1, 0x1926, 1, 0x0862, 1,
    0x2189, 2, 0x41C9, 3, 0x3A4A, 4, 0x2189, 3,
    0x91A7, 1, 0x3187, 1, 0x5C32, 5, 0x2925, 1,
    0x3187, 1, 0x18E4, 1, 0x5248, 1, 0x41C9, 1,
    0x3A4A, 1, 0x636E, 5, 0x8CB2, 2, 0x636E, 1,
    0x8CB2, 3, 0xF6CE, 5, 0xD5ED, 5, 0x0862, 2,
    0x50A3, 1, 0x91A7, 1, 0x3187, 1, 0x50A3, 1,
    0x7062, 1, 0x50A3, 1, 0x3187, 1, 0x18C5, 2,
    0x7800, 1, 0x2925, 1, 0x7B0A, 1, 0x5248, 1,
    0x18C5, 31, 0x636E, 1, 0x91A7, 1, 0x7000, 2,
    0x18C5, 1, 0x1926, 3, 0x2189, 5, 0x3A4A, 2,
    0x2189, 1, 0x5C32, 1, 0x432E, 1, 0x5C32, 1,
    0x432E, 1, 0x5C32, 3, 0x54F5, 3, 0x5C32, 1,
    0x54F5, 2, 0x2189, 1, 0x54F5, 1, 0x2189, 1,
    0x54F5, 1, 0x432E, 1, 0x2189, 1, 0x54F5, 1,
    0x432E, 2, 0x54F5, 4, 0x3A4A, 3, 0x2189, 3,
    0x91A7, 1, 0x2925, 1, 0x5C32, 3, 0x3187, 2,
    0x1926, 1, 0x5AEC, 1, 0x41C9, 2, 0x636E, 1,
    0x5AEC, 3, 0x636E, 2, 0x8CB2, 3, 0xF6CE, 1,
    0x8CB2, 4, 0xD5ED, 1, 0xF6CE, 2, 0xD5ED, 5,
    0x0862, 2, 0x91A7, 1, 0x50A3, 2, 0x2925, 1,
    0x50A3, 1, 0x3187, 1, 0x91A7, 1, 0x3187, 1,
    0x18C5, 2, 0x7800, 1, 0x3800, 1, 0x4947, 1,
    0x18C5, 30, 0x636E, 1, 0x7000, 1, 0x91A7, 2,
    0x2000, 1, 0x3000, 3, 0x91A7, 1, 0x7000, 3,
    0x1926, 1, 0x2189, 7, 0x432E, 1, 0x3A4A, 1,
    0x2189, 3, 0x3A4A, 2, 0x5C32, 4, 0x432E, 1,
    0x54F5, 2, 0x432E, 1, 0x2189, 1, 0x54F5, 14,
    0x91A7, 1, 0x18E4, 1, 0x3187, 2, 0x5AEC, 2,
    0x62EA, 2, 0x7145, 1, 0x41C9, 1, 0x636E, 1,
    0x5AEC, 4, 0x8CB2, 6, 0xF6CE, 3, 0x8CB2, 2,
    0xF6CE, 6, 0x0862, 2, 0x50A3, 1, 0x3187, 1,
    0x2925, 1, 0x20E4, 4, 0x7145, 2, 0x50A3, 1,
    0x18C5, 1, 0x7800, 1, 0x3000, 1, 0x4947, 1,
    0x18C5, 28, 0x7B8D, 1, 0x7000, 1, 0x91A7, 1,
    0x20E4, 2, 0x8000, 1, 0x91A7, 4, 0x636E, 1,
    0x2925, 1, 0x20E4, 2, 0x7145, 2, 0x91A7, 3,
    0x7000, 2, 0x2189, 12, 0x3A4A, 4, 0x2189, 2,
    0x54F5, 13, 0x7145, 1, 0x2925, 1, 0x3187, 2,
    0x91A7, 1, 0x7145, 1, 0x5248, 1, 0x41C9, 1,
    0x636E, 2, 0x5AEC, 3, 0x5248, 1, 0x8CB2, 4,
    0xF6CE, 14, 0x0862, 1, 0x7062, 1, 0x7145, 1,
    0x20E4, 2, 0x2925, 2, 0x1882, 1, 0x20E4, 1,
    0x2925, 1, 0x7145, 1, 0x91A7, 1, 0x18C5, 1,
    0x7800, 1, 0x3000, 1, 0x18C5, 27, 0x7000, 1,
    0x91A7, 2, 0x2000, 1, 0x8000, 2, 0x5AEC, 1,
    0x62EA, 3, 0x5AEC, 6, 0x3A4A, 2, 0x2925, 3,
    0x91A7, 6, 0x7000, 1, 0x6000, 1, 0x7000, 2,
    0x6000, 1, 0x2189, 4, 0x3A4A, 1, 0x2189, 2,
    0x3A4A, 1, 0x432E, 2, 0x3A4A, 6, 0x54F5, 6,
    0x3187, 1, 0x2925, 1, 0x91A7, 1, 0x50A3, 1,
    0x62EA, 2, 0x41C9, 1, 0x636E, 2, 0x5AEC, 3,
    0x8CB2, 6, 0xF6CE, 9, 0xB50D, 1, 0xF6CE, 4,
    0x0862, 1, 0x50A3, 1, 0x7062, 1, 0x1882, 1,
    0x2925, 1, 0x5248, 2, 0x2925, 2, 0x1882, 1,
    0x3187, 1, 0x50A3, 1, 0x18C5, 2, 0x3800, 1,
    0x18C5, 24, 0x8CB2, 1, 0x6000, 1, 0x7145, 2,
    0x2000, 1, 0x7062, 2, 0x5AEC, 2, 0x62EA, 3,
    0x5AEC, 5, 0x636E, 7, 0x5248, 4, 0x5AEC, 2,
    0x20E4, 3, 0x1882, 1, 0x91A7, 9, 0x7800, 4,
    0x6000, 1, 0x3A4A, 5, 0x2189, 4, 0x3187, 2,
    0x5248, 1, 0x62EA, 1, 0x5248, 2, 0x636E, 2,
    0x5AEC, 3, 0x8CB2, 3, 0xF6CE, 2, 0x8CB2, 1,
    0xF6CE, 4, 0x5C32, 2, 0xF6CE, 4, 0xB50D, 1,
    0xF6CE, 4, 0x3187, 1, 0x50A3, 1, 0x2925, 3,
    0x1882, 2, 0x62EA, 1, 0x2925, 2, 0x20E4, 1,
    0x3187, 1, 0x18C5, 25, 0x8CB2, 1, 0x6000, 2,
    0x7145, 1, 0x2000, 2, 0x7145, 1, 0x636E, 2,
    0x5AEC, 2, 0x62EA, 3, 0x5AEC, 2, 0x7B0A, 1,
    0x5AEC, 1, 0x636E, 6, 0x5AEC, 1, 0x636E, 10,
    0x2925, 2, 0x3A4A, 1, 0x7145, 1, 0x5AEC, 1,
    0x2925, 5, 0x5248, 1, 0x7062, 3, 0x3000, 2,
    0x2000, 2, 0x3000, 1, 0x2000, 2, 0x91A7, 2,
    0x5000, 1, 0x7145, 1, 0x5248, 2, 0x41C9, 1,
    0x636E, 2, 0x5AEC, 3, 0x8CB2, 3, 0xF6CE, 4,
    0x636E, 2, 0xF6CE, 3, 0x2925, 2, 0x41C9, 1,
    0xF6CE, 3, 0xB50D, 1, 0xF6CE, 3, 0x18E4, 1,
    0x3187, 2, 0x1882, 1, 0x62EA, 1, 0x4947, 1,
    0x3800, 1, 0x1882, 1, 0x2925, 1, 0x4947, 1,
    0x2925, 1, 0x20E4, 1, 0x3187, 1, 0x18C5, 23,
    0x8CB2, 1, 0xA001, 1, 0x6000, 1, 0x7145, 1,
    0x2000, 2, 0x2925, 2, 0x636E, 3, 0x8C0C, 1,
    0x5248, 1, 0x41C9, 1, 0x5AEC, 2, 0x5248, 1,
    0x3A4A, 1, 0x5AEC, 1, 0x636E, 1, 0xB50D, 2,
    0x8CB2, 1, 0xB50D, 10, 0x5AEC, 1, 0x636E, 14,
    0x91A7, 1, 0x7145, 3, 0x7062, 1, 0x7800, 1,
    0x2000, 2, 0x91A7, 1, 0x7000, 1, 0x7145, 3,
    0x3A4A, 1, 0x5248, 2, 0x636E, 3, 0x8C0C, 1,
    0x5AEC, 1, 0x8CB2, 2, 0xF6CE, 6, 0x636E, 2,
    0xF6CE, 3, 0x2925, 1, 0xF6CE, 1, 0x3187, 1,
    0xF6CE, 3, 0xB50D, 1, 0xF6CE, 3, 0x18E4, 1,
    0x3187, 1, 0x20E4, 1, 0x1882, 1, 0x4947, 1,
    0x1882, 5, 0x2925, 1, 0x20E4, 1, 0x3187, 1,
    0x1926, 1, 0x18C5, 20, 0x8CB2, 1, 0xA001, 1,
    0x6000, 1, 0x7145, 2, 0x2000, 1, 0x50A3, 2,
    0x5AEC, 2, 0x8C0C, 6, 0xA489, 2, 0x636E, 1,
    0xB50D, 2, 0x5AEC, 4, 0x636E, 1, 0xB50D, 3,
    0x5AEC, 1, 0x636E, 1, 0x5AEC, 2, 0x636E, 1,
    0xB50D, 4, 0x636E, 9, 0x5AEC, 1, 0x7145, 3,
    0x91A7, 1, 0x7800, 2, 0x2000, 1, 0x91A7, 2,
    0x50A3, 4, 0x41C9, 2, 0x5AEC, 2, 0x636E, 3,
    0x5AEC, 1, 0x8CB2, 4, 0xF6CE, 3, 0x8CB2, 1,
    0xF6CE, 2, 0xA489, 2, 0xF6CE, 3, 0xB50D, 1,
    0xF6CE, 1, 0xD5ED, 1, 0xF6CE, 1, 0xD5ED, 1,
    0xF6CE, 1, 0x7B0A, 1, 0xF6CE, 3, 0x3187, 1,
    0x91A7, 1, 0x1882, 1, 0x2925, 1, 0x1882, 2,
    0x0862, 1, 0x1882, 3, 0x62EA, 1, 0x2925, 1,
    0x3187, 2, 0x18C5, 18, 0x8CB2, 1, 0x7062, 2,
    0x7145, 2, 0x2000, 1, 0x3A4A, 1, 0x20E4, 1,
    0x5AEC, 2, 0x636E, 1, 0x8C0C, 1, 0xA489, 3,
    0x41C9, 1, 0x5248, 1, 0xA489, 1, 0x8C0C, 1,
    0xB50D, 2, 0x5AEC, 9, 0x636E, 1, 0x5AEC, 1,
    0xB50D, 3, 0x636E, 1, 0x5AEC, 2, 0x636E, 1,
    0xB50D, 2, 0x636E, 1, 0x5AEC, 2, 0x636E, 3,
    0x5AEC, 2, 0x7145, 2, 0x5AEC, 1, 0x7800, 2,
    0x2000, 1, 0x91A7, 2, 0x50A3, 3, 0x41C9, 3,
    0x5AEC, 2, 0x636E, 3, 0x8C0C, 2, 0x8CB2, 5,
    0xF6CE, 1, 0x8CB2, 3, 0xF6CE, 3, 0x8C0C, 1,
    0xF6CE, 4, 0xB50D, 1, 0xD5ED, 1, 0xA489, 2,
    0xF6CE, 1, 0x7B0A, 1, 0xF6CE, 3, 0x2925, 1,
    0x7145, 1, 0x2925, 1, 0x62EA, 1, 0x1882, 6,
    0x62EA, 1, 0x2925, 2, 0x3187, 1, 0x18C5, 16,
    0x636E, 1, 0x5AEC, 2, 0x7062, 1, 0x7145, 2,
    0x2000, 1, 0x3187, 2, 0x8C0C, 3, 0xA489, 1,
    0x8C0C, 2, 0xA489, 2, 0x6000, 1, 0x8C0C, 1,
    0xB50D, 1, 0x62EA, 1, 0x2925, 1, 0xB50D, 4,
    0x5AEC, 2, 0xB50D, 3, 0x5AEC, 7, 0xB50D, 2,
    0x5AEC, 2, 0xB50D, 3, 0x636E, 3, 0x5AEC, 1,
    0x7062, 1, 0x91A7, 1, 0x5AEC, 2, 0x8000, 1,
    0x0862, 1, 0x91A7, 1, 0x7000, 1, 0x50A3, 1,
    0x41C9, 5, 0x5AEC, 3, 0x636E, 1, 0x5AEC, 1,
    0x636E, 2, 0x5AEC, 1, 0x8CB2, 8, 0x636E, 2,
    0xF6CE, 1, 0xD5ED, 1, 0xF6CE, 1, 0xB50D, 1,
    0x8CB2, 1, 0xF6CE, 2, 0xD5ED, 1, 0xF6CE, 1,
    0xD5ED, 1, 0xA489, 1, 0xF6CE, 1, 0x5C32, 1,
    0x7B0A, 1, 0xF6CE, 1, 0xD5ED, 2, 0x2925, 3,
    0x4947, 1, 0x1882, 1, 0x0862, 1, 0x1882, 4,
    0x2925, 3, 0x3187, 1, 0x18C5, 15, 0x636E, 2,
    0x91A7, 2, 0x7145, 2, 0x2000, 1, 0x4800, 2,
    0x636E, 1, 0x8C0C, 2, 0x7B0A, 2, 0x4800, 2,
    0x7145, 1, 0x8C0C, 2, 0xB50D, 1, 0x8C0C, 1,
    0x7145, 1, 0x2925, 1, 0x3A4A, 1, 0xB50D, 3,
    0x5AEC, 1, 0xB50D, 3, 0x41C9, 1, 0x5AEC, 1,
    0xB50D, 2, 0x5AEC, 8, 0xB50D, 6, 0x636E, 2,
    0x5AEC, 1, 0x8000, 1, 0x2000, 1, 0x91A7, 1,
    0x7000, 1, 0x4841, 1, 0x41C9, 4, 0x5AEC, 4,
    0x636E, 1, 0x5AEC, 2, 0x636E, 2, 0x8CB2, 8,
    0xD5ED, 1, 0x636E, 2, 0xA489, 1, 0x3187, 1,
    0xF6CE, 1, 0xD5ED, 1, 0xB50D, 1, 0x5C32, 1,
    0xF6CE, 1, 0xD5ED, 5, 0xF6CE, 1, 0x0000, 1,
    0xA489, 1, 0xF6CE, 1, 0xD5ED, 1, 0x1882, 1,
    0x3187, 1, 0x20E4, 1, 0x2925, 1, 0x1882, 7,
    0x7B0A, 1, 0x3187, 1, 0x2925, 1, 0x3187, 1,
    0x18C5, 14, 0x636E, 2, 0x5AEC, 1, 0x91A7, 1,
    0x7145, 2, 0x2000, 1, 0x6000, 2, 0x3A4A, 1,
    0x5AEC, 1, 0x7B0A, 3, 0x5248, 1, 0x8C0C, 1,
    0x7B0A, 2, 0x7B8D, 2, 0x5248, 1, 0x7B8D, 2,
    0x8C0C, 1, 0xA489, 1, 0x7B8D, 1, 0x20E4, 2,
    0x8C0C, 1, 0xB50D, 2, 0x3A4A, 1, 0xB50D, 8,
    0x5AEC, 1, 0xA489, 1, 0xB50D, 2, 0x7062, 1,
    0x6000, 1, 0xB50D, 1, 0xA489, 2, 0x5AEC, 1,
    0xB50D, 2, 0x1882, 1, 0x91A7, 2, 0x50A3, 1,
    0x3187, 1, 0x41C9, 3, 0x5248, 3, 0x5AEC, 2,
    0x636E, 2, 0x5C32, 1, 0x636E, 1, 0x5AEC, 1,
    0x8CB2, 9, 0xD5ED, 1, 0xF6CE, 2, 0xA489, 1,
    0x5C32, 1, 0xD5ED, 3, 0x5C32, 1, 0xF6CE, 1,
    0xA489, 2, 0x5C32, 1, 0x41C9, 1, 0x3187, 1,
    0x1926, 1, 0xA489, 1, 0xF6CE, 1, 0xD5ED, 2,
    0x18E4, 1, 0x3187, 1, 0x20E4, 1, 0x62EA, 1,
    0x3800, 1, 0x1882, 5, 0x6000, 1, 0x7B0A, 1,
    0x2925, 2, 0x3187, 1, 0x18C5, 13, 0x636E, 1,
    0x5AEC, 3, 0x5000, 1, 0x7145, 1, 0x2000, 1,
    0x6000, 1, 0x5000, 1, 0x62EA, 1, 0x41C9, 1,
    0x3A4A, 2, 0x8C0C, 1, 0x7B0A, 4, 0x7B8D, 1,
    0x5248, 1, 0xA489, 3, 0x7B8D, 1, 0x5248, 1,
    0x50A3, 1, 0x20E4, 2, 0x7B0A, 1, 0x8C0C, 1,
    0x41C9, 2, 0x8C0C, 1, 0x7B0A, 1, 0x2925, 2,
    0x8C0C, 2, 0xA489, 1, 0x8C0C, 1, 0x5248, 1,
    0xA489, 1, 0xB50D, 1, 0x6000, 1, 0x5248, 1,
    0xA489, 2, 0xB50D, 1, 0x5AEC, 1, 0x636E, 1,
    0x8800, 1, 0x2000, 2, 0x91A7, 1, 0x4841, 2,
    0x3000, 1, 0x3187, 1, 0x41C9, 1, 0x5AEC, 5,
    0x636E, 1, 0x5AEC, 1, 0x636E, 3, 0x8CB2, 10,
    0xF6CE, 3, 0xB50D, 1, 0x8CB2, 1, 0xD5ED, 3,
    0xA489, 1, 0x3187, 1, 0xD5ED, 1, 0x7B0A, 1,
    0xD5ED, 1, 0x5C32, 1, 0x20E4, 3, 0xA489, 1,
    0xD5ED, 3, 0x18E4, 1, 0x3187, 1, 0x20E4, 1,
    0x5248, 1, 0x3800, 1, 0x1882, 6, 0x2925, 3,
    0x1926, 1, 0x18C5, 12, 0x5AEC, 4, 0x5000, 1,
    0x7145, 1, 0x2000, 1, 0x5000, 2, 0x5248, 2,
    0x3A4A, 1, 0x3187, 1, 0x8C0C, 1, 0x41C9, 2,
    0x4800, 1, 0x4841, 2, 0x7B0A, 1, 0xA489, 1,
    0x7B8D, 3, 0xA489, 1, 0x5248, 1, 0x8C0C, 3,
    0x5248, 1, 0x20E4, 2, 0x5248, 3, 0x7B0A, 1,
    0x8C0C, 1, 0x5248, 2, 0x8C0C, 1, 0x50A3, 1,
    0x3800, 2, 0xA489, 4, 0x5AEC, 2, 0x41C9, 1,
    0x7000, 1, 0x2000, 1, 0x7145, 1, 0x5000, 1,
    0x50A3, 2, 0x3000, 2, 0x5AEC, 6, 0x636E, 1,
    0x5AEC, 1, 0x636E, 1, 0x5AEC, 1, 0x636E, 1,
    0x8CB2, 2, 0x636E, 1, 0x8CB2, 6, 0x636E, 2,
    0x8CB2, 1, 0xF6CE, 1, 0xD5ED, 1, 0xF6CE, 1,
    0xD5ED, 4, 0xA489, 1, 0x3187, 1, 0xD5ED, 1,
    0xA001, 1, 0xA489, 1, 0x41C9, 1, 0x20E4, 1,
    0xF6CE, 3, 0xD5ED, 1, 0xA489, 2, 0x2925, 1,
    0x3187, 1, 0x20E4, 1, 0x4947, 1, 0x1882, 1,
    0x20E4, 1, 0x6000, 1, 0x1882, 4, 0x4947, 1,
    0x2925, 1, 0x3187, 1, 0x2925, 1, 0x18C5, 11,
    0x3187, 1, 0x91A7, 1, 0x5AEC, 1, 0x7145, 1,
    0x91A7, 1, 0x7145, 1, 0x2000, 1, 0x6000, 2,
    0x50A3, 1, 0x5248, 1, 0x50A3, 1, 0x20E4, 1,
    0x7B0A, 1, 0x8C0C, 2, 0x4800, 4, 0x3800, 1,
    0x4800, 1, 0x4947, 2, 0x7B8D, 1, 0xA489, 1,
    0x8C0C, 2, 0x5248, 1, 0x8C0C, 3, 0x5248, 2,
    0x4841, 3, 0x7B0A, 2, 0xA489, 1, 0x4800, 1,
    0x41C9, 2, 0xA489, 1, 0x4947, 1, 0xA489, 4,
    0x5248, 1, 0x7000, 1, 0x2000, 1, 0x7145, 1,
    0x50A3, 4, 0x3A4A, 2, 0x5AEC, 4, 0x5248, 1,
    0x636E, 1, 0x62EA, 1, 0x5AEC, 1, 0x7145, 1,
    0x5AEC, 1, 0x636E, 1, 0x5AEC, 1, 0x636E, 1,
    0x8CB2, 6, 0x91A7, 1, 0x636E, 1, 0xB50D, 1,
    0xF6CE, 2, 0xB50D, 1, 0xF6CE, 1, 0xD5ED, 2,
    0x41C9, 1, 0x3187, 1, 0xA489, 2, 0x8C0C, 1,
    0xA001, 2, 0x41C9, 1, 0xF6CE, 2, 0xA489, 4,
    0x18E4, 1, 0x2925, 1, 0x3187, 1, 0x2925, 1,
    0xA489, 1, 0x7000, 1, 0x20E4, 1, 0x1882, 5,
    0x62EA, 1, 0x20E4, 1, 0x3187, 1, 0x18C5, 11,
    0x7062, 1, 0x91A7, 2, 0x8000, 2, 0x7145, 1,
    0x3000, 2, 0x6000, 2, 0x5248, 1, 0x7145, 2,
    0x20E4, 1, 0x8C0C, 3, 0x41C9, 1, 0x50A3, 1,
    0x4947, 1, 0x4800, 7, 0x7B0A, 1, 0xA489, 5,
    0x7B0A, 1, 0xA489, 2, 0x7B0A, 1, 0x4947, 4,
    0xA489, 3, 0x4800, 1, 0x5248, 1, 0xA489, 3,
    0x3A4A, 1, 0x7000, 1, 0x2000, 1, 0x7145, 1,
    0x4841, 2, 0x50A3, 1, 0x41C9, 3, 0x5AEC, 4,
    0xB50D, 1, 0x636E, 1, 0x5248, 1, 0x2925, 2,
    0x7145, 1, 0x3187, 1, 0x5AEC, 2, 0x8C0C, 2,
    0x636E, 1, 0x8CB2, 1, 0x636E, 1, 0x8CB2, 2,
    0x3187, 2, 0xF6CE, 3, 0xB50D, 1, 0xA489, 1,
    0x5C32, 1, 0x3187, 1, 0x41C9, 1, 0x20E4, 1,
    0xF6CE, 1, 0xA489, 1, 0x41C9, 1, 0xA001, 2,
    0x7B8D, 1, 0x3187, 1, 0xA489, 2, 0x3187, 1,
    0x2925, 1, 0xA489, 1, 0x1882, 1, 0x2925, 3,
    0xA489, 1, 0x1882, 7, 0x62EA, 1, 0x20E4, 1,
    0x3187, 1, 0x18C5, 10, 0x7062, 1, 0x3187, 1,
    0x8000, 2, 0x7145, 1, 0x4841, 1, 0x7145, 1,
    0x2000, 2, 0x6000, 1, 0x7145, 1, 0x5248, 2,
    0x50A3, 1, 0x1882, 2, 0x8C0C, 2, 0x50A3, 2,
    0x4841, 1, 0x7B0A, 1, 0x4947, 1, 0x4800, 6,
    0x3000, 1, 0x3187, 2, 0x7B0A, 2, 0xA489, 3,
    0x7B0A, 1, 0xA489, 3, 0x7000, 1, 0x5AEC, 2,
    0xA489, 2, 0xB50D, 1, 0x8C0C, 2, 0x5AEC, 1,
    0x6000, 1, 0x2000, 1, 0x7145, 1, 0x50A3, 4,
    0x41C9, 2, 0x3A4A, 2, 0x7B0A, 2, 0xB50D, 2,
    0x2925, 1, 0x50A3, 1, 0x7062, 1, 0x7145, 1,
    0x7062, 2, 0x5AEC, 1, 0x3187, 1, 0x8C0C, 1,
    0x3187, 2, 0x91A7, 1, 0x636E, 2, 0x8CB2, 1,
    0x2925, 1, 0xA489, 1, 0xF6CE, 3, 0xB50D, 1,
    0xA489, 1, 0x5C32, 1, 0x20E4, 2, 0xF6CE, 2,
    0xA489, 1, 0x41C9, 1, 0xA001, 1, 0x7062, 2,
    0x91A7, 1, 0x3187, 2, 0x7062, 1, 0x2925, 1,
    0x7B0A, 1, 0x1882, 1, 0x2925, 1, 0x3187, 1,
    0x2925, 1, 0x4947, 1, 0x3800, 1, 0x1882, 6,
    0x2925, 1, 0x20E4, 1, 0x3187, 1, 0x18C5, 10,
    0x6000, 2, 0x7000, 1, 0x7145, 1, 0x7062, 1,
    0x4841, 2, 0x4800, 2, 0x5000, 1, 0x41C9, 1,
    0x5248, 1, 0x7145, 1, 0x50A3, 2, 0x1882, 1,
    0x3A4A, 1, 0x8C0C, 2, 0x41C9, 1, 0x4800, 1,
    0x4947, 4, 0x4800, 10, 0x4841, 1, 0x5248, 1,
    0x4947, 1, 0xA489, 1, 0x5248, 1, 0x4841, 1,
    0xA489, 3, 0x1882, 1, 0x3A4A, 1, 0x8C0C, 2,
    0x5AEC, 1, 0x4841, 1, 0x2000, 1, 0x7145, 1,
    0x5000, 1, 0x4841, 2, 0x41C9, 3, 0x3A4A, 1,
    0x5AEC, 3, 0xB50D, 2, 0x2925, 1, 0x6000, 1,
    0x7800, 1, 0x7062, 1, 0x7800, 1, 0x7062, 1,
    0x7800, 1, 0x2925, 1, 0x20E4, 1, 0x2925, 1,
    0x3187, 2, 0x636E, 3, 0x3187, 1, 0x2925, 1,
    0xF6CE, 4, 0xB50D, 1, 0xA001, 1, 0x41C9, 1,
    0xA489, 1, 0xF6CE, 2, 0xA489, 2, 0x2925, 1,
    0x91A7, 1, 0x7062, 5, 0x2925, 2, 0x7B0A, 1,
    0x18E4, 1, 0x2925, 1, 0x3187, 1, 0x20E4, 1,
    0x5248, 1, 0x3800, 1, 0x1882, 1, 0x0862, 1,
    0x1882, 3, 0x4947, 1, 0x2925, 1, 0x3187, 1,
    0x50A3, 1, 0x18C5, 10, 0x6000, 1, 0x7000, 2,
    0x7062, 2, 0x4841, 2, 0x50A3, 1, 0x4800, 2,
    0x4841, 1, 0x41C9, 1, 0x50A3, 1, 0x4841, 3,
    0x4800, 1, 0x3A4A, 1, 0x7B0A, 1, 0x8C0C, 1,
    0x4841, 2, 0x50A3, 1, 0x4800, 1, 0x3000, 2,
    0x4841, 1, 0x50A3, 1, 0x4841, 2, 0x4800, 1,
    0x4841, 3, 0x50A3, 1, 0x3000, 3, 0xA489, 2,
    0x3A4A, 1, 0x20E4, 2, 0x7000, 1, 0x20E4, 1,
    0x5AEC, 3, 0x6000, 1, 0x2000, 1, 0x7145, 1,
    0x5000, 1, 0x4841, 1, 0x50A3, 3, 0x41C9, 1,
    0x5248, 2, 0x5AEC, 2, 0xB50D, 3, 0x3187, 1,
    0x18C5, 4, 0x6000, 1, 0x7800, 1, 0x5000, 1,
    0x2925, 2, 0x3187, 2, 0x41C9, 1, 0x636E, 2,
    0x2925, 1, 0xA489, 1, 0xF6CE, 4, 0x41C9, 1,
    0x7062, 1, 0x636E, 1, 0xA489, 3, 0x41C9, 1,
    0x7B0A, 1, 0x2925, 1, 0x7062, 3, 0x2925, 3,
    0x1882, 1, 0x0862, 1, 0x2925, 3, 0x3187, 1,
    0x20E4, 1, 0x62EA, 1, 0x1882, 3, 0x0862, 1,
    0x1882, 1, 0x3800, 1, 0x2925, 2, 0x7145, 1,
    0x91A7, 1, 0x18C5, 9, 0x7000, 1, 0x6000, 1,
    0x7000, 1, 0x8C0C, 1, 0x5248, 1, 0x50A3, 2,
    0x4841, 1, 0x41C9, 1, 0x2000, 1, 0x4800, 1,
    0x50A3, 1, 0x41C9, 2, 0x50A3, 1, 0x4841, 3,
    0x1882, 1, 0x3187, 2, 0x5248, 1, 0x7B0A, 1,
    0x5248, 1, 0x2925, 2, 0x1882, 1, 0x5AEC, 1,
    0x8C0C, 2, 0x50A3, 1, 0x20E4, 1, 0x3187, 2,
    0x7B0A, 1, 0x8C0C, 3, 0xA489, 1, 0x3A4A, 1,
    0x1882, 1, 0x7000, 4, 0x7145, 2, 0x7062, 1,
    0x6000, 1, 0x2000, 1, 0x7145, 1, 0x5000, 1,
    0x4841, 2, 0x50A3, 3, 0x41C9, 3, 0x5248, 1,
    0x7B0A, 1, 0xB50D, 1, 0x2925, 1, 0x7145, 1,
    0x0862, 3, 0x2925, 1, 0x3187, 1, 0x18C5, 3,
    0x7000, 1, 0x5AEC, 1, 0x5C32, 1, 0x3187, 1,
    0x41C9, 1, 0x8CB2, 1, 0x636E, 1, 0xA489, 1,
    0xF6CE, 4, 0xD5ED, 1, 0x3187, 1, 0x7062, 1,
    0x91A7, 1, 0x3187, 3, 0x41C9, 1, 0x7B0A, 1,
    0x3187, 1, 0x2925, 1, 0x5248, 1, 0x0862, 1,
    0x1882, 2, 0x3800, 1, 0x4947, 2, 0x1926, 1,
    0x2925, 2, 0x3187, 1, 0x20E4, 1, 0x2925, 1,
    0x4947, 1, 0x1882, 4, 0x2925, 2, 0x1882, 1,
    0x7145, 1, 0x18C5, 10, 0x7000, 1, 0x6000, 1,
    0x8C0C, 2, 0x2925, 1, 0x3187, 1, 0x50A3, 1,
    0x4841, 2, 0x4947, 1, 0x2000, 1, 0x5000, 1,
    0x50A3, 1, 0x4841, 1, 0x50A3, 2, 0x4841, 3,
    0x4800, 1, 0x1882, 2, 0x3187, 3, 0x7B0A, 2,
    0x62EA, 2, 0x5248, 1, 0x3187, 2, 0x62EA, 2,
    0x5248, 1, 0x18E4, 1, 0x20E4, 1, 0x1882, 1,
    0x6000, 2, 0x7000, 3, 0x7062, 3, 0x6000, 1,
    0x2000, 1, 0x7145, 2, 0x5000, 1, 0x50A3, 7,
    0x41C9, 2, 0x3A4A, 1, 0x5AEC, 2, 0x7145, 1,
    0x7062, 1, 0x0862, 3, 0x8CB2, 1, 0x50A3, 1,
    0x3187, 1, 0x91A7, 1, 0x18C5, 1, 0x7000, 1,
    0x5AEC, 1, 0x3187, 1, 0x2925, 1, 0x636E, 1,
    0x3187, 1, 0x4841, 1, 0xA489, 1, 0xF6CE, 4,
    0xD5ED, 1, 0x2925, 1, 0x7062, 2, 0x91A7, 1,
    0x3187, 1, 0x7062, 1, 0x7145, 1, 0x4947, 1,
    0x20E4, 1, 0x0862, 2, 0x4947, 2, 0x3800, 1,
    0x4947, 3, 0x18E4, 3, 0x3187, 1, 0x20E4, 1,
    0x2925, 1, 0x62EA, 1, 0x1882, 2, 0x3800, 1,
    0x1882, 1, 0x62EA, 1, 0x20E4, 1, 0x2925, 1,
    0x3187, 1, 0x18C5, 10, 0x7000, 1, 0x7145, 1,
    0xA489, 3, 0x20E4, 1, 0x4841, 2, 0x4800, 1,
    0x4947, 1, 0x0862, 1, 0x2000, 1, 0x4800, 4,
    0x4841, 5, 0x4800, 2, 0x3800, 1, 0x4800, 3,
    0x0862, 3, 0x2000, 1, 0x3800, 1, 0x4800, 2,
    0x0862, 1, 0x3800, 1, 0x4841, 3, 0x50A3, 2,
    0x41C9, 1, 0x4841, 1, 0x4800, 3, 0x3000, 1,
    0x50A3, 1, 0x4841, 1, 0x91A7, 1, 0x7062, 1,
    0x6000, 1, 0x50A3, 6, 0x20E4, 2, 0x5AEC, 1,
    0x3187, 1, 0x7062, 1, 0x6000, 1, 0x0862, 3,
    0x50A3, 1, 0x91A7, 1, 0x3187, 1, 0x50A3, 1,
    0x7062, 1, 0x91A7, 1, 0x1882, 1, 0x5AEC, 1,
    0x3187, 1, 0x636E, 1, 0x41C9, 1, 0x3187, 1,
    0x1882, 1, 0xF6CE, 5, 0xD5ED, 1, 0x20E4, 1,
    0x7062, 4, 0x5248, 1, 0x0862, 1, 0x4947, 1,
    0x4800, 1, 0x4947, 7, 0x18E4, 3, 0x1926, 1,
    0x2925, 4, 0x4947, 2, 0x1882, 1, 0x5248, 1,
    0x2925, 1, 0x20E4, 1, 0x7145, 1, 0x3187, 1,
    0x18C5, 10, 0x7000, 1, 0x91A7, 1, 0xA489, 1,
    0x8C0C, 2, 0x3187, 1, 0x20E4, 1, 0x4841, 2,
    0x41C9, 2, 0x4947, 1, 0x0862, 1, 0x4800, 3,
    0x5000, 1, 0x4841, 6, 0x5000, 2, 0x4800, 10,
    0x4841, 1, 0x5000, 1, 0x50A3, 2, 0x41C9, 2,
    0x50A3, 1, 0x4800, 2, 0x50A3, 1, 0x4841, 3,
    0x7062, 2, 0x91A7, 1, 0x8800, 1, 0x8000, 4,
    0x50A3, 2, 0x20E4, 1, 0x3187, 2, 0x7800, 1,
    0x7062, 1, 0x0862, 3, 0x50A3, 2, 0x20E4, 1,
    0x2925, 1, 0x20E4, 1, 0x3187, 1, 0x7145, 1,
    0x2925, 1, 0x5AEC, 1, 0x3187, 3, 0x1882, 1,
    0xA489, 1, 0xF6CE, 2, 0xD5ED, 1, 0xF6CE, 1,
    0xD5ED, 2, 0x20E4, 1, 0x91A7, 1, 0x7062, 1,
    0x5248, 2, 0x0862, 2, 0x4800, 1, 0x4947, 6,
    0x636E, 2, 0x18E4, 4, 0x2925, 1, 0x7145, 1,
    0x1882, 2, 0x62EA, 1, 0x2925, 1, 0x5248, 1,
    0x2925, 1, 0x1882, 1, 0x3187, 1, 0x91A7, 1,
    0x2925, 1, 0x18C5, 10, 0x7000, 1, 0x5AEC, 1,
    0x5248, 1, 0xA489, 2, 0x3A4A, 1, 0x20E4, 1,
    0x50A3, 1, 0x4841, 4, 0x50A3, 1, 0x0862, 2,
    0x3800, 2, 0x4841, 1, 0x5000, 1, 0x4841, 4,
    0x5000, 2, 0x4841, 1, 0x4800, 10, 0x50A3, 1,
    0x4841, 1, 0x50A3, 1, 0x5000, 1, 0x4800, 2,
    0x2000, 1, 0x41C9, 1, 0x4841, 2, 0x50A3, 1,
    0x7062, 1, 0x91A7, 1, 0x7062, 2, 0x8800, 4,
    0x8000, 3, 0x91A7, 1, 0x8000, 1, 0x7062, 1,
    0x7800, 1, 0x0862, 3, 0x7145, 1, 0x3187, 1,
    0x2925, 1, 0x20E4, 2, 0x1882, 1, 0x20E4, 1,
    0x2925, 1, 0x91A7, 1, 0x20E4, 1, 0x3187, 1,
    0x2925, 1, 0x6000, 1, 0x3800, 1, 0xA489, 1,
    0xF6CE, 2, 0xA489, 2, 0xD5ED, 1, 0xA489, 1,
    0x7B0A, 1, 0x2925, 1, 0x5248, 1, 0x0862, 3,
    0x4800, 1, 0x3800, 1, 0x4947, 5, 0x432E, 2,
    0x0000, 2, 0x18E4, 1, 0x1926, 1, 0x18E4, 1,
    0x3187, 1, 0x91A7, 1, 0x20E4, 1, 0x1882, 1,
    0x2925, 3, 0x20E4, 2, 0x7062, 1, 0x50A3, 1,
    0x18C5, 11, 0x4800, 1, 0x1882, 1, 0x7B0A, 1,
    0x636E, 1, 0x3A4A, 3, 0x20E4, 1, 0x4841, 4,
    0x50A3, 1, 0x4841, 1, 0x0862, 5, 0x3800, 7,
    0x4800, 11, 0x0862, 1, 0x2000, 1, 0x0862, 1,
    0x7145, 1, 0x5000, 1, 0x4841, 2, 0x50A3, 1,
    0x41C9, 1, 0x3187, 1, 0x7B0A, 2, 0xB50D, 2,
    0x8800, 4, 0x8000, 1, 0xA001, 2, 0x8800, 2,
    0x6000, 2, 0x0862, 3, 0x91A7, 1, 0x2925, 1,
    0x20E4, 1, 0x2925, 3, 0x20E4, 1, 0x1882, 1,
    0x91A7, 1, 0x20E4, 2, 0x2925, 1, 0x6000, 1,
    0x7B0A, 1, 0xD5ED, 3, 0xA489, 1, 0x4947, 1,
    0xA489, 2, 0x0862, 3, 0x3800, 1, 0x4800, 3,
    0x3800, 1, 0x4947, 3, 0x2925, 1, 0x1926, 1,
    0x2925, 2, 0x0000, 2, 0x20E4, 1, 0x18E4, 1,
    0x1926, 2, 0x3187, 2, 0x2925, 1, 0x1882, 1,
    0x20E4, 2, 0x2925, 1, 0x50A3, 1, 0x91A7, 1,
    0x18C5, 12, 0x4800, 1, 0x5AEC, 1, 0x3A4A, 1,
    0x5AEC, 1, 0x3A4A, 3, 0x18E4, 1, 0x4841, 4,
    0x4800, 2, 0x50A3, 2, 0x7145, 6, 0x0862, 2,
    0x0000, 2, 0x0862, 2, 0x3000, 6, 0x0862, 2,
    0x50A3, 1, 0x4947, 1, 0x41C9, 1, 0x5248, 1,
    0x4841, 1, 0x5000, 1, 0x50A3, 2, 0x20E4, 1,
    0x3187, 2, 0xB50D, 4, 0x7062, 1, 0x8800, 2,
    0xA001, 4, 0x8800, 2, 0x7800, 1, 0x18E4, 2,
    0x0862, 1, 0x7062, 1, 0x7145, 1, 0x20E4, 1,
    0x2925, 1, 0x5248, 1, 0x1882, 1, 0x62EA, 1,
    0x2925, 2, 0x3187, 1, 0x1926, 1, 0x4841, 1,
    0x2925, 1, 0x3800, 1, 0xA489, 1, 0xD5ED, 2,
    0xA489, 1, 0x7B0A, 1, 0x3800, 1, 0xA489, 2,
    0x7B0A, 1, 0x4947, 1, 0x3800, 2, 0x4800, 2,
    0x4947, 2, 0x5C32, 5, 0x1926, 2, 0x18E4, 2,
    0x2925, 2, 0x1926, 2, 0x3187, 1, 0x50A3, 1,
    0x7062, 1, 0x20E4, 1, 0x2925, 1, 0x20E4, 1,
    0x3187, 1, 0x50A3, 1, 0x18C5, 13, 0x4800, 1,
    0x6000, 1, 0x1882, 1, 0x3A4A, 1, 0x5AEC, 2,
    0x432E, 1, 0x636E, 1, 0x50A3, 1, 0x7062, 1,
    0x4841, 2, 0x4800, 12, 0x50A3, 6, 0x0862, 2,
    0x0000, 1, 0x7145, 2, 0x50A3, 1, 0x4841, 4,
    0x50A3, 2, 0x20E4, 1, 0x3A4A, 1, 0x7B0A, 1,
    0xB50D, 4, 0xA489, 2, 0x7062, 1, 0xA001, 6,
    0x8800, 1, 0x7800, 2, 0x18E4, 3, 0x91A7, 1,
    0x20E4, 1, 0x1882, 1, 0x4947, 1, 0x1882, 2,
    0x2925, 1, 0x4947, 1, 0x2925, 2, 0x3187, 1,
    0x4841, 1, 0x20E4, 1, 0x7B0A, 1, 0xA489, 3,
    0x4947, 1, 0x3800, 2, 0x7B0A, 3, 0x3800, 1,
    0x4800, 3, 0x3800, 1, 0x4947, 1, 0x636E, 5,
    0x18E4, 1, 0x0000, 1, 0x3187, 1, 0x0000, 2,
    0x18E4, 2, 0x1926, 1, 0x2925, 1, 0x3187, 1,
    0x50A3, 1, 0x7145, 1, 0x3187, 1, 0x50A3, 3,
    0x3187, 1, 0x18C5, 13, 0x4800, 2, 0x0862, 2,
    0x3A4A, 1, 0x432E, 2, 0x5C32, 1, 0x3A4A, 1,
    0x50A3, 1, 0x7000, 2, 0x6000, 4, 0x4800, 19,
    0x4841, 3, 0x50A3, 3, 0x20E4, 1, 0x3A4A, 1,
    0x5AEC, 1, 0xA489, 1, 0xB50D, 4, 0x2925, 1,
    0xB50D, 1, 0x91A7, 1, 0xA001, 6, 0x8000, 3,
    0x18E4, 1, 0x1882, 1, 0x2925, 1, 0x50A3, 1,
    0x20E4, 1, 0x2925, 1, 0x1882, 1, 0x3800, 1,
    0x1882, 1, 0x3800, 1, 0x1882, 1, 0x2925, 2,
    0x3187, 1, 0x4841, 1, 0x2925, 1, 0xA489, 3,
    0x7B0A, 1, 0x3800, 1, 0x4841, 1, 0x4947, 1,
    0x7B0A, 1, 0x4947, 2, 0x4800, 4, 0x2925, 1,
    0x3187, 2, 0x2925, 1, 0x3187, 2, 0x0000, 1,
    0x3187, 1, 0x8CB2, 1, 0x1926, 1, 0x2925, 1,
    0x18E4, 2, 0x20E4, 1, 0x18E4, 2, 0x20E4, 1,
    0x7062, 1, 0x50A3, 1, 0x91A7, 1, 0x50A3, 1,
    0x91A7, 1, 0x3187, 1, 0x18C5, 13, 0x4800, 2,
    0x3000, 1, 0x4800, 2, 0x0862, 1, 0x18E4, 1,
    0x5AEC, 1, 0x636E, 2, 0x4841, 1, 0x5000, 3,
    0x6000, 9, 0x7000, 3, 0x4800, 7, 0x5000, 2,
    0x4841, 2, 0x50A3, 2, 0x18E4, 1, 0x5AEC, 4,
    0x8CB2, 1, 0xB50D, 3, 0x62EA, 1, 0x2925, 2,
    0xB50D, 2, 0xA001, 5, 0x8000, 3, 0x7800, 1,
    0x18E4, 2, 0x3187, 2, 0x1882, 1, 0x62EA, 1,
    0x1882, 5, 0x62EA, 1, 0x20E4, 1, 0x3187, 1,
    0x4841, 1, 0x3000, 1, 0xA489, 2, 0x4947, 2,
    0x4841, 1, 0x3800, 1, 0x4947, 2, 0x3800, 2,
    0x4800, 3, 0x3800, 1, 0x3187, 2, 0x1926, 1,
    0x18E4, 1, 0x20E4, 1, 0x1926, 1, 0x18C5, 10,
    0x18E4, 4, 0x2925, 1, 0x8CB2, 1, 0x18C5, 14,
    0x4800, 2, 0x3000, 1, 0x4800, 4, 0x0862, 2,
    0x1882, 1, 0x4841, 1, 0x5000, 2, 0x4800, 1,
    0x6000, 8, 0x7000, 10, 0x8000, 1, 0x8800, 3,
    0x7062, 2, 0x3187, 1, 0x8CB2, 1, 0x5C32, 1,
    0x8CB2, 4, 0xF6CE, 3, 0x8CB2, 1, 0x2925, 2,
    0x8CB2, 1, 0xA001, 3, 0x8800, 1, 0x8000, 1,
    0x7800, 1, 0x8000, 2, 0x7800, 2, 0x18E4, 1,
    0x1882, 1, 0x2925, 4, 0x1882, 5, 0x4947, 1,
    0x20E4, 1, 0x636E, 1, 0x6000, 1, 0x4947, 1,
    0x7B0A, 2, 0x3800, 2, 0x4800, 1, 0x3800, 1,
    0x4947, 1, 0x3800, 1, 0x4800, 4, 0x18C5, 3,
    0x636E, 1, 0x8CB2, 1, 0x5C32, 2, 0x3187, 1,
    0x0000, 1, 0x18C5, 1, 0x0000, 1, 0x18C5, 27,
    0x4800, 1, 0x3000, 2, 0x4800, 4, 0x6000, 2,
    0x7000, 3, 0x4800, 1, 0x6000, 9, 0x7000, 9,
    0x7800, 4, 0x7062, 1, 0x5AEC, 1, 0x8CB2, 1,
    0x5C32, 1, 0x636E, 2, 0x8CB2, 4, 0xF6CE, 1,
    0x8CB2, 2, 0x41C9, 1, 0x8CB2, 1, 0x2925, 1,
    0xB50D, 1, 0xA001, 1, 0x8800, 1, 0x8000, 6,
    0x7800, 1, 0x1882, 3, 0x2925, 1, 0x20E4, 1,
    0x62EA, 1, 0x3800, 1, 0x0862, 1, 0x1882, 4,
    0x2925, 1, 0x20E4, 1, 0x3187, 1, 0x2925, 1,
    0x7B0A, 1, 0x4947, 1, 0x3800, 2, 0x1882, 1,
    0x4800, 1, 0x3800, 2, 0x4800, 2, 0x4841, 1,
    0x18C5, 9, 0x8CB2, 2, 0x2925, 1, 0x20E4, 1,
    0x18C5, 27, 0x4800, 1, 0x3000, 2, 0x4800, 4,
    0x6000, 3, 0x7000, 3, 0x8000, 5, 0x6000, 4,
    0x7000, 10, 0x7800, 3, 0x7062, 1, 0x5C32, 2,
    0x636E, 2, 0x1926, 1, 0x8CB2, 3, 0x20E4, 1,
    0x8CB2, 1, 0x1926, 2, 0x8CB2, 3, 0x8800, 1,
    0x8000, 4, 0x7800, 2, 0x8000, 3, 0x1882, 2,
    0x18E4, 1, 0x3187, 1, 0x2925, 1, 0x4947, 1,
    0x1882, 6, 0x7B0A, 1, 0x20E4, 1, 0x636E, 1,
    0x4947, 2, 0x0862, 1, 0x3800, 1, 0x1882, 1,
    0x4800, 2, 0x3800, 1, 0x4800, 3, 0x18C5, 41,
    0x3000, 3, 0x4800, 4, 0x6000, 2, 0x7000, 2,
    0x6000, 1, 0x7000, 2, 0x8000, 8, 0x8800, 6,
    0x7000, 8, 0x91A7, 1, 0x1882, 2, 0x20E4, 1,
    0x2925, 1, 0x20E4, 1, 0x2925, 2, 0x8CB2, 1,
    0x1926, 1, 0x8CB2, 2, 0x8800, 1, 0x8000, 7,
    0x7800, 2, 0x8000, 2, 0x7800, 1, 0x1882, 2,
    0x18E4, 1, 0x3187, 1, 0x2925, 2, 0x1882, 5,
    0x6000, 1, 0x2925, 1, 0x20E4, 1, 0x3187, 1,
    0x4947, 1, 0x3800, 1, 0x1882, 1, 0x0862, 1,
    0x1882, 1, 0x4800, 4, 0x18C5, 44, 0x3000, 3,
    0x4800, 3, 0x6000, 1, 0x7000, 6, 0x8800, 5,
    0x8000, 3, 0x8800, 8, 0xA001, 3, 0x8800, 12,
    0x8000, 2, 0x7800, 1, 0x8800, 1, 0x8000, 6,
    0x7800, 4, 0x8000, 1, 0x7800, 1, 0x18E4, 2,
    0x2925, 1, 0x3187, 1, 0x2925, 1, 0x1882, 2,
    0x6000, 1, 0x1882, 4, 0x4947, 1, 0x20E4, 1,
    0x3187, 1, 0x4947, 1, 0x0862, 1, 0x1882, 3,
    0x4800, 3, 0x18C5, 45, 0x3000, 3, 0x4800, 4,
    0x7000, 2, 0x6000, 1, 0x7000, 3, 0x8000, 1,
    0xA001, 3, 0x8800, 1, 0xA001, 1, 0x8800, 2,
    0xA001, 5, 0x8800, 3, 0xA001, 3, 0x8800, 13,
    0x8000, 7, 0x7800, 8, 0x18E4, 2, 0x2925, 1,
    0x3187, 1, 0x2925, 1, 0x1882, 2, 0x6000, 1,
    0x1882, 4, 0x62EA, 1, 0x20E4, 1, 0x3187, 1,
    0x1882, 5, 0x4800, 1, 0x18C5, 48, 0x3000, 2,
    0x5000, 1, 0x4800, 3, 0x7000, 1, 0x6000, 2,
    0x5000, 3, 0x6000, 2, 0x7000, 1, 0xA001, 1,
    0x98C3, 7, 0xA001, 2, 0x8800, 3, 0xA001, 3,
    0x8800, 6, 0x8000, 1, 0x8800, 6, 0x8000, 7,
    0x7800, 8, 0x1882, 2, 0x2925, 2, 0x7062, 1,
    0x1882, 7, 0x62EA, 1, 0x2925, 1, 0x3187, 1,
    0x1882, 3, 0x4800, 1, 0x18C5, 50, 0x2000, 1,
    0x3000, 1, 0x4800, 4, 0x6000, 1, 0x4800, 2,
    0x3000, 1, 0x2000, 2, 0x3000, 1, 0x6000, 1,
    0x7000, 2, 0x8800, 1, 0x7062, 2, 0x7000, 1,
    0x98C3, 2, 0x8800, 1, 0x7800, 1, 0xA001, 3,
    0x8800, 1, 0xA001, 5, 0x8800, 4, 0x8000, 1,
    0x8800, 6, 0x8000, 4, 0x7800, 11, 0x1882, 2,
    0x2925, 3, 0x1882, 7, 0x2925, 1, 0x3187, 1,
    0x1926, 1, 0x1882, 1, 0x4800, 2, 0x18C5, 51,
    0x2000, 1, 0x3000, 2, 0x4800, 1, 0x5000, 2,
    0x8000, 1, 0x8800, 1, 0x0862, 1, 0x0000, 3,
    0x3000, 2, 0x2000, 1, 0x3000, 2, 0x0862, 1,
    0x2000, 3, 0x0862, 1, 0x8800, 1, 0x7800, 3,
    0x7000, 2, 0x8000, 1, 0x7800, 3, 0x8000, 1,
    0x8800, 3, 0x8000, 1, 0x8800, 3, 0x8000, 1,
    0x8800, 4, 0x8000, 2, 0x7800, 11, 0x18E4, 3,
    0x2925, 1, 0x3187, 1, 0x2925, 2, 0x1882, 1,
    0x0862, 1, 0x1882, 3, 0x4947, 1, 0x2925, 1,
    0x7145, 1, 0x3800, 1, 0x4800, 1, 0x18C5, 54,
    0x2000, 1, 0x3000, 1, 0x4800, 2, 0x5000, 1,
    0x8000, 1, 0xA001, 1, 0x98C3, 1, 0x8000, 1,
    0x50A3, 1, 0x7062, 1, 0x0000, 4, 0x0862, 3,
    0x0000, 1, 0x2000, 1, 0x0862, 2, 0x3000, 2,
    0x2000, 1, 0x3000, 5, 0x4800, 1, 0x6000, 1,
    0x8000, 2, 0x8800, 9, 0x8000, 1, 0x7800, 13,
    0x2925, 4, 0x3187, 1, 0x2925, 1, 0x4947, 1,
    0x3800, 1, 0x1882, 1, 0x0862, 1, 0x1882, 1,
    0x3800, 1, 0x2925, 2, 0x91A7, 1, 0x18C5, 56,
    0x0000, 1, 0x3000, 3, 0x4800, 1, 0x6000, 1,
    0xA001, 3, 0x8800, 1, 0xA001, 1, 0x3187, 1,
    0x91A7, 1, 0x636E, 2, 0x8CB2, 3, 0x0000, 1,
    0x0862, 4, 0x0000, 7, 0x2000, 1, 0x1882, 1,
    0x6000, 2, 0xA001, 1, 0x8800, 8, 0x8000, 1,
    0x7800, 10, 0x7000, 1, 0x6000, 2, 0x1926, 3,
    0x2925, 1, 0x3187, 1, 0x2925, 1, 0x62EA, 1,
    0x1882, 4, 0x2925, 2, 0x1882, 1, 0x91A7, 1,
    0x18C5, 57, 0x0000, 1, 0x2000, 2, 0x4800, 2,
    0x8000, 3, 0x6000, 1, 0x7000, 1, 0x98C3, 2,
    0x91A7, 1, 0x8C0C, 1, 0x8CB2, 2, 0xD5ED, 1,
    0x8CB2, 5, 0x636E, 1, 0x7B8D, 2, 0x91A7, 1,
    0x41C9, 1, 0x98C3, 1, 0x7062, 1, 0xA001, 1,
    0x98C3, 3, 0xA001, 2, 0x8800, 7, 0x8000, 1,
    0x7800, 8, 0x7000, 1, 0x6000, 3, 0x18E4, 5,
    0x3187, 1, 0x20E4, 1, 0x2925, 2, 0x1882, 1,
    0x3800, 1, 0x1882, 1, 0x62EA, 1, 0x20E4, 1,
    0x7145, 1, 0x2925, 1, 0x18C5, 58, 0x0000, 1,
    0x2000, 2, 0x3000, 1, 0x6000, 4, 0x7000, 2,
    0x7800, 2, 0x8000, 3, 0xF6CE, 1, 0x8CB2, 1,
    0xF6CE, 3, 0x8CB2, 2, 0xB50D, 1, 0x91A7, 1,
    0x98C3, 2, 0xA001, 5, 0x98C3, 1, 0xA001, 2,
    0x8800, 4, 0x8000, 4, 0x7800, 6, 0x7000, 2,
    0x6000, 1, 0x4800, 2, 0x3800, 1, 0x18E4, 5,
    0x2925, 1, 0x20E4, 1, 0x1882, 1, 0x2925, 1,
    0x4947, 1, 0x5248, 2, 0x1882, 1, 0x20E4, 1,
    0x91A7, 1, 0x1882, 1, 0x18C5, 60, 0x2000, 2,
    0x3800, 2, 0x4800, 2, 0x6000, 3, 0x7000, 1,
    0x6000, 2, 0x5000, 1, 0x8800, 3, 0xA001, 2,
    0x8800, 3, 0x8000, 2, 0x8800, 3, 0xA001, 6,
    0x8800, 2, 0x8000, 3, 0x7800, 3, 0x7000, 4,
    0x6000, 4, 0x4800, 2, 0x2000, 1, 0x18E4, 2,
    0x1926, 1, 0x18E4, 3, 0x2925, 1, 0x3187, 1,
    0x20E4, 1, 0x1882, 1, 0x2925, 3, 0x20E4, 1,
    0x3187, 1, 0x50A3, 1, 0x18C5, 63, 0x2000, 1,
    0x3000, 3, 0x4800, 6, 0x3800, 1, 0x5000, 1,
    0x4800, 1, 0x6000, 1, 0x5000, 1, 0x6000, 3,
    0x7000, 1, 0x7800, 2, 0x8000, 1, 0x8800, 3,
    0xA001, 6, 0x8800, 1, 0x8000, 2, 0x6000, 4,
    0x7000, 1, 0x6000, 1, 0x4800, 4, 0x3800, 1,
    0x3000, 2, 0x2000, 2, 0x18E4, 2, 0x1926, 1,
    0x18E4, 1, 0x1926, 2, 0x3187, 1, 0x50A3, 1,
    0x20E4, 2, 0x2925, 1, 0x20E4, 2, 0x50A3, 1,
    0x7062, 1, 0x18C5, 68, 0x3000, 6, 0x3800, 1,
    0x3000, 1, 0x2000, 2, 0x3000, 2, 0x3800, 1,
    0x4800, 1, 0x5000, 3, 0x8000, 10, 0x7800, 3,
    0x6000, 1, 0x4800, 3, 0x6000, 2, 0x4800, 1,
    0x2000, 7, 0x3800, 1, 0x18E4, 3, 0x2925, 1,
    0x18E4, 2, 0x2925, 1, 0x91A7, 1, 0x2925, 2,
    0x20E4, 2, 0x2925, 1, 0x50A3, 1, 0x18C5, 74,
    0x2000, 1, 0x3000, 1, 0x2000, 5, 0x3000, 4,
    0x5000, 1, 0x6000, 1, 0x5000, 1, 0x6000, 1,
    0x5000, 1, 0x6000, 6, 0x4800, 6, 0x3000, 3,
    0x2000, 2, 0x3000, 2, 0x3800, 2, 0x18E4, 2,
    0x20E4, 1, 0x18E4, 3, 0x1926, 1, 0x18E4, 1,
    0x1926, 1, 0x18E4, 1, 0x7062, 1, 0x7145, 1,
    0x3187, 1, 0x50A3, 3, 0x3187, 1, 0x18C5, 84,
    0x3000, 2, 0x3800, 7, 0x3000, 1, 0x3800, 2,
    0x3000, 2, 0x2000, 4, 0x4800, 1, 0x18C5, 10,
    0x18E4, 7, 0x20E4, 1, 0x2925, 1, 0x7145, 1,
    0x50A3, 2, 0x91A7, 1, 0x3187, 1, 0x18C5, 121,
    0x18E4, 4, 0x2925, 1, 0x8CB2, 1, 0x18C5, 2999,
};

#endif // MCQUEEN_WORKING_FRAMES_H
