#ifndef GOKU_SSJ2_FRAMES_H
#define GOKU_SSJ2_FRAMES_H

/* Auto-gerado por scripts/goku_animate.py (aura de ki animada).
 * 6 frames, 87x153. Chave transparente: 0x18C5. */

#include <stdint.h>

#define GOKU_SSJ2_WIDTH  87
#define GOKU_SSJ2_HEIGHT 153
#define GOKU_SSJ2_FRAME_COUNT 6
#define GOKU_SSJ2_TRANSPARENT_KEY 0x18C5

static const uint32_t goku_ssj2_frame_offsets[7] = {
    0, 13236, 26674, 40064, 53368, 66874, 80220
};

static const uint16_t goku_ssj2_rle_data[] = {
    0x18C5, 0x0186, 0xED44, 0x0001, 0x18C5, 0x0003, 0xED44, 0x0001, 0x18C5, 0x0050, 0xED44, 0x0004,
    0x18C5, 0x0001, 0xED44, 0x0003, 0x18C5, 0x0005, 0xED44, 0x0002, 0x18C5, 0x0043, 0xED44, 0x0001,
    0x18C5, 0x0004, 0xED44, 0x0004, 0x18C5, 0x0001, 0xED44, 0x0004, 0x18C5, 0x0003, 0xED44, 0x0004,
    0x18C5, 0x0041, 0xED44, 0x0003, 0x18C5, 0x0002, 0xED44, 0x0005, 0x18C5, 0x0001, 0xED44, 0x0005,
    0x18C5, 0x0002, 0xED44, 0x0004, 0x18C5, 0x003B, 0xED44, 0x0002, 0x18C5, 0x0004, 0xED44, 0x0003,
    0x18C5, 0x0002, 0xED44, 0x000B, 0x18C5, 0x0001, 0xED44, 0x0005, 0x18C5, 0x003B, 0xED44, 0x0003,
    0x18C5, 0x0002, 0xED44, 0x0005, 0x18C5, 0x0001, 0xED44, 0x0012, 0x18C5, 0x0001, 0xED44, 0x0002,
    0x18C5, 0x0036, 0xED44, 0x0004, 0x18C5, 0x0002, 0xED44, 0x0018, 0x18C5, 0x0001, 0xED44, 0x0003,
    0x18C5, 0x0035, 0xED44, 0x0004, 0x18C5, 0x0001, 0xED44, 0x001D, 0x18C5, 0x0035, 0xED44, 0x0023,
    0x18C5, 0x0030, 0xED44, 0x0001, 0x18C5, 0x0002, 0xED44, 0x0011, 0xFF8F, 0x0003, 0xED44, 0x0010,
    0x18C5, 0x002F, 0xED44, 0x0003, 0x18C5, 0x0001, 0xED44, 0x0010, 0xFF8F, 0x0005, 0xED44, 0x000F,
    0x18C5, 0x0003, 0xED44, 0x0002, 0x18C5, 0x0029, 0xED44, 0x0012, 0xFF8F, 0x0004, 0xC426, 0x0001,
    0xFD89, 0x0001, 0xC447, 0x0001, 0xFF8F, 0x0002, 0xED44, 0x0001, 0xFF8F, 0x0007, 0xED44, 0x0007,
    0x18C5, 0x0002, 0xED44, 0x0003, 0x18C5, 0x0028, 0xED44, 0x000E, 0xFF8F, 0x0007, 0xD485, 0x0001,
    0xD4E8, 0x0001, 0xF589, 0x0001, 0xCC67, 0x0001, 0xFF8F, 0x000B, 0xED44, 0x0006, 0x18C5, 0x0001,
    0xED44, 0x0004, 0x18C5, 0x0028, 0xED44, 0x000D, 0xFF8F, 0x0005, 0xC467, 0x0001, 0xD4A7, 0x0001,
    0xC447, 0x0001, 0xED69, 0x0001, 0xEDEB, 0x0001, 0xFF8F, 0x0005, 0xEDEB, 0x0001, 0xFEAC, 0x0001,
    0xFE4C, 0x0001, 0xDD29, 0x0001, 0xCC67, 0x0001, 0xDCC7, 0x0001, 0xCC67, 0x0001, 0xFF8F, 0x0002,
    0xED44, 0x000A, 0x18C5, 0x0027, 0xED44, 0x0008, 0xFF8F, 0x0007, 0xFE8C, 0x0001, 0xED89, 0x0001,
    0xABC6, 0x0001, 0x8AE5, 0x0001, 0xAB41, 0x0001, 0xE508, 0x0001, 0xF6B7, 0x0001, 0xFFB8, 0x0001,
    0xF60B, 0x0001, 0xFF8F, 0x0003, 0xDC64, 0x0001, 0xC426, 0x0001, 0xE634, 0x0001, 0xFFFD, 0x0002,
    0xFFD4, 0x0001, 0xFF4B, 0x0001, 0xFEEB, 0x0001, 0xFDEB, 0x0001, 0xD4C7, 0x0001, 0xFF8F, 0x0002,
    0xED44, 0x000A, 0x18C5, 0x0026, 0xED44, 0x0007, 0xFF8F, 0x0007, 0xF60B, 0x0001, 0xFE8C, 0x0001,
    0xED69, 0x0001, 0xB3C5, 0x0001, 0xAB65, 0x0001, 0xB3C6, 0x0001, 0xDDAF, 0x0001, 0xFFFD, 0x0001,
    0xFFFA, 0x0001, 0xF60B, 0x0001, 0xFF8F, 0x0002, 0xD4E8, 0x0001, 0xFD67, 0x0001, 0xE529, 0x0001,
    0xEEF6, 0x0001, 0xFFFE, 0x0001, 0xE75D, 0x0001, 0xEEF4, 0x0001, 0xFF4B, 0x0001, 0xFEAA, 0x0001,
    0xF5EB, 0x0001, 0xD4C7, 0x0001, 0xC426, 0x0001, 0xFF8F, 0x0002, 0xED44, 0x0009, 0x18C5, 0x0002,
    0xED44, 0x0001, 0x18C5, 0x001F, 0xED44, 0x0002, 0x18C5, 0x0002, 0xED44, 0x0006, 0xFF8F, 0x0002,
    0xFEEB, 0x0001, 0xFFEC, 0x0001, 0xFF2B, 0x0001, 0xF64B, 0x0001, 0xFE2C, 0x0001, 0xFE4C, 0x0001,
    0xED89, 0x0001, 0xD4C8, 0x0001, 0xABC6, 0x0001, 0xA344, 0x0001, 0xC406, 0x0001, 0xE614, 0x0001,
    0xF79B, 0x0001, 0xFF93, 0x0001, 0xFEEC, 0x0001, 0xFE2B, 0x0001, 0xFE0B, 0x0001, 0xFE2B, 0x0001,
    0xF60B, 0x0001, 0xFE0B, 0x0001, 0xF62B, 0x0001, 0xFF6E, 0x0001, 0xF6EE, 0x0001, 0xB44A, 0x0001,
    0x9B68, 0x0001, 0xFF8F, 0x0004, 0xC447, 0x0001, 0xC467, 0x0001, 0xFF8F, 0x0002, 0xED44, 0x0008,
    0x18C5, 0x0001, 0xED44, 0x0003, 0x18C5, 0x001E, 0xED44, 0x0002, 0x18C5, 0x0002, 0xED44, 0x0006,
    0xFF8F, 0x0002, 0xF6EB, 0x0002, 0xFE4A, 0x0001, 0xED8A, 0x0001, 0xDD4A, 0x0001, 0xE56A, 0x0001,
    0xC467, 0x0001, 0x9B25, 0x0001, 0x82C5, 0x0001, 0xA382, 0x0001, 0xE566, 0x0001, 0xFF9A, 0x0001,
    0xFFFF, 0x0001, 0xFECC, 0x0001, 0xDD22, 0x0001, 0xC488, 0x0001, 0xD50A, 0x0001, 0xE569, 0x0001,
    0xCCC9, 0x0001, 0xCCA9, 0x0001, 0xDD29, 0x0001, 0xF628, 0x0001, 0xEDC6, 0x0001, 0xAB62, 0x0001,
    0xFF8F, 0x0006, 0xC447, 0x0001, 0xFF8F, 0x0002, 0xED44, 0x000D, 0x18C5, 0x001D, 0xED44, 0x0002,
    0x18C5, 0x0002, 0xED44, 0x0007, 0xFF8F, 0x0003, 0xCC87, 0x0001, 0xABA6, 0x0001, 0x8AC4, 0x0001,
    0x92E4, 0x0001, 0x9325, 0x0001, 0x92E5, 0x0001, 0x8AA5, 0x0001, 0xB445, 0x0001, 0xF6EB, 0x0001,
    0xFFF9, 0x0001, 0xF79D, 0x0001, 0xFE90, 0x0001, 0xCCA6, 0x0001, 0x9305, 0x0001, 0x8AC4, 0x0001,
    0x9305, 0x0001, 0x8AE4, 0x0001, 0xABA5, 0x0001, 0xC467, 0x0001, 0xCC67, 0x0001, 0xCC87, 0x0001,
    0xD4C8, 0x0001, 0xCC87, 0x0001, 0xFF8F, 0x0002, 0xED44, 0x0002, 0xFF8F, 0x0003, 0xED44, 0x000E,
    0x18C5, 0x001C, 0xED44, 0x000D, 0xFF8F, 0x0002, 0xEE09, 0x0001, 0xC467, 0x0001, 0x9AC4, 0x0001,
    0xA325, 0x0001, 0xB3E6, 0x0001, 0xABA5, 0x0001, 0x8A83, 0x0001, 0xAC4A, 0x0001, 0xFF98, 0x0001,
    0xFFFD, 0x0001, 0xF79E, 0x0001, 0xF77D, 0x0001, 0xE632, 0x0001, 0xC465, 0x0001, 0xAB83, 0x0001,
    0x9B05, 0x0001, 0x9AE4, 0x0001, 0xD4E7, 0x0001, 0xE5E9, 0x0001, 0xFF8F, 0x0002, 0xFE2B, 0x0001,
    0xEDCA, 0x0001, 0xFF8F, 0x0002, 0xED44, 0x0003, 0xFF8F, 0x0004, 0xED44, 0x000D, 0x18C5, 0x001B,
    0xED44, 0x000C, 0xFF8F, 0x0002, 0xFFCC, 0x0001, 0xFF6C, 0x0001, 0xF609, 0x0001, 0xD508, 0x0001,
    0xDD48, 0x0001, 0xDD28, 0x0001, 0xC426, 0x0001, 0xA343, 0x0001, 0xBCEF, 0x0001, 0xF7BF, 0x0001,
    0xFFFF, 0x0001, 0xF7BE, 0x0001, 0xF7BD, 0x0001, 0xFF79, 0x0001, 0xFED1, 0x0001, 0xEDCA, 0x0001,
    0xD507, 0x0001, 0xD4E7, 0x0001, 0xFF0B, 0x0001, 0xFF4B, 0x0001, 0xFF8F, 0x0002, 0xEDCB, 0x0002,
    0xFF8F, 0x0002, 0xED44, 0x0001, 0xFF8F, 0x0001, 0xED44, 0x0001, 0xFF8F, 0x0009, 0xED44, 0x0008,
    0x18C5, 0x001A, 0xED44, 0x0009, 0xFF8F, 0x0005, 0xF6CB, 0x0001, 0xFFAC, 0x0001, 0xFF0B, 0x0001,
    0xF6EB, 0x0001, 0xFF0B, 0x0002, 0xDD69, 0x0001, 0xC446, 0x0001, 0xDCE7, 0x0001, 0xEE72, 0x0001,
    0xF7BF, 0x0001, 0xFFFF, 0x0001, 0xF77A, 0x0001, 0xF64E, 0x0001, 0xF6D4, 0x0001, 0xFFDE, 0x0001,
    0xFF74, 0x0001, 0xF6A8, 0x0001, 0xFECA, 0x0001, 0xFFCD, 0x0001, 0xF6EB, 0x0001, 0xFF8F, 0x000A,
    0xC446, 0x0001, 0xED28, 0x0001, 0xD4A7, 0x0001, 0xFF8F, 0x0006, 0xED44, 0x0007, 0x18C5, 0x001A,
    0xED44, 0x0008, 0xFF8F, 0x0005, 0xF6EB, 0x0001, 0xFFAC, 0x0001, 0xFFED, 0x0001, 0xF70B, 0x0001,
    0xE609, 0x0002, 0xE62A, 0x0001, 0xD508, 0x0001, 0xCC87, 0x0001, 0xF609, 0x0001, 0xFF52, 0x0001,
    0xF79D, 0x0001, 0xF7FF, 0x0001, 0xF75C, 0x0001, 0xE569, 0x0001, 0xE54A, 0x0001, 0xE696, 0x0001,
    0xE670, 0x0001, 0xE5E7, 0x0001, 0xE5C8, 0x0001, 0xEECB, 0x0001, 0xFF2C, 0x0001, 0xFF4C, 0x0001,
    0xFF8F, 0x0006, 0x42B1, 0x0001, 0xFF8F, 0x0003, 0xED28, 0x0001, 0xD4A7, 0x0001, 0xDD49, 0x0001,
    0xFE2B, 0x0001, 0xDCE8, 0x0001, 0xCC46, 0x0001, 0xCC67, 0x0001, 0xFF8F, 0x0002, 0xED44, 0x0006,
    0x18C5, 0x0002, 0xED44, 0x0002, 0x18C5, 0x0016, 0xED44, 0x0007, 0xFF8F, 0x0002, 0xF6EB, 0x0001,
    0xFFEC, 0x0001, 0xFF0B, 0x0001, 0xFF2B, 0x0001, 0xFF0B, 0x0001, 0xF6CA, 0x0001, 0xFF0B, 0x0001,
    0xF68A, 0x0001, 0xD4E8, 0x0001, 0xC406, 0x0001, 0xC447, 0x0001, 0xBC07, 0x0001, 0xCC86, 0x0001,
    0xEE48, 0x0001, 0xFF71, 0x0001, 0xFFBE, 0x0001, 0xFFFF, 0x0001, 0xF73A, 0x0001, 0xCCEB, 0x0001,
    0xBBC4, 0x0001, 0xC426, 0x0001, 0xC447, 0x0001, 0xC426, 0x0002, 0xDD48, 0x0001, 0xF6EA, 0x0001,
    0xFF2B, 0x0001, 0xFEEB, 0x0001, 0xFEEC, 0x0001, 0xF6EC, 0x0001, 0xFF0B, 0x0001, 0xFF8A, 0x0001,
    0xC5EE, 0x0001, 0x3A92, 0x0001, 0xFF8F, 0x0005, 0xFE4C, 0x0001, 0xFE2B, 0x0001, 0xD4E8, 0x0001,
    0xCC66, 0x0001, 0xCC67, 0x0001, 0xFF8F, 0x0003, 0xED44, 0x000A, 0x18C5, 0x0011, 0xED44, 0x0002,
    0x18C5, 0x0002, 0xED44, 0x0007, 0xFF8F, 0x0002, 0xF6EB, 0x0001, 0xFFED, 0x0001, 0xFFAC, 0x0001,
    0xFFED, 0x0001, 0xFF4C, 0x0001, 0xDD69, 0x0001, 0xCC86, 0x0001, 0xD4C5, 0x0001, 0xDD28, 0x0001,
    0xDD09, 0x0001, 0xC426, 0x0001, 0xA346, 0x0001, 0xABE5, 0x0001, 0xE605, 0x0001, 0xFFB2, 0x0001,
    0xFFFF, 0x0001, 0xFFFB, 0x0001, 0xFF0E, 0x0001, 0xB427, 0x0001, 0x92C3, 0x0001, 0xA343, 0x0001,
    0xB3C5, 0x0001, 0xCC68, 0x0001, 0xDD29, 0x0001, 0xDD07, 0x0001, 0xD4C5, 0x0001, 0xED66, 0x0001,
    0xC50A, 0x0001, 0x73D0, 0x0001, 0x6391, 0x0001, 0x8450, 0x0001, 0x8CB0, 0x0001, 0x6BD0, 0x0001,
    0xFF8F, 0x000B, 0xC447, 0x0002, 0xFF8F, 0x0002, 0xED44, 0x0009, 0x18C5, 0x0010, 0xED44, 0x000C,
    0xFF8F, 0x0002, 0xF6CB, 0x0001, 0xFF6C, 0x0001, 0xEE6A, 0x0001, 0xE64A, 0x0001, 0xD547, 0x0001,
    0xBC05, 0x0001, 0xBC09, 0x0001, 0xD52D, 0x0001, 0xEE0D, 0x0001, 0xF5EA, 0x0001, 0xD4C7, 0x0001,
    0x92C3, 0x0001, 0x9304, 0x0001, 0xDE0B, 0x0001, 0xFFB5, 0x0001, 0xEEF9, 0x0001, 0xE66F, 0x0001,
    0xCD44, 0x0001, 0x9B64, 0x0001, 0x7A85, 0x0001, 0x8AE5, 0x0001, 0xAB85, 0x0001, 0xD4C7, 0x0001,
    0xF60A, 0x0001, 0xE5CD, 0x0001, 0xCCCD, 0x0001, 0xDCA8, 0x0001, 0xB449, 0x0001, 0x5310, 0x0001,
    0x11F3, 0x0001, 0x0153, 0x0001, 0x0155, 0x0001, 0x0951, 0x0001, 0xFF8F, 0x000B, 0xCC67, 0x0001,
    0xD4A7, 0x0001, 0xFF8F, 0x0002, 0xED44, 0x0009, 0x18C5, 0x0010, 0xED44, 0x0009, 0xFF8F, 0x0002,
    0xED44, 0x0001, 0xFF8F, 0x0002, 0xF60B, 0x0001, 0xFE4B, 0x0001, 0xCC87, 0x0001, 0xA3A6, 0x0001,
    0x9B23, 0x0001, 0xBBC3, 0x0001, 0xDDF3, 0x0001, 0xF77D, 0x0001, 0xF691, 0x0001, 0xED67, 0x0001,
    0xD4A7, 0x0001, 0x92C1, 0x0001, 0x9347, 0x0001, 0xE6D9, 0x0001, 0xFF79, 0x0001, 0xCCA9, 0x0001,
    0xA363, 0x0001, 0x9304, 0x0001, 0x9305, 0x0001, 0x8AE5, 0x0001, 0x8AE4, 0x0001, 0xAB86, 0x0001,
    0xCC86, 0x0001, 0xED88, 0x0001, 0xF6D5, 0x0001, 0xF75D, 0x0001, 0xEE52, 0x0001, 0xFE08, 0x0001,
    0xEECB, 0x0001, 0x8CAF, 0x0001, 0x11B3, 0x0001, 0x0154, 0x0001, 0x424F, 0x0001, 0xB3E7, 0x0001,
    0xED47, 0x0001, 0xEDCB, 0x0001, 0xEDCA, 0x0001, 0xFE2A, 0x0001, 0xFE0A, 0x0001, 0xFF8F, 0x0005,
    0xCC67, 0x0002, 0xFF8F, 0x0002, 0xED44, 0x0009, 0x18C5, 0x000F, 0xED44, 0x0009, 0xFF8F, 0x0005,
    0xFF0D, 0x0001, 0xED8A, 0x0001, 0xD4C8, 0x0001, 0xA345, 0x0001, 0x92A3, 0x0001, 0xAB88, 0x0001,
    0xDDB0, 0x0001, 0xF778, 0x0001, 0xFFF8, 0x0001, 0xFF10, 0x0001, 0xDD08, 0x0001, 0xABC6, 0x0001,
    0xABC7, 0x0001, 0xCDB2, 0x0001, 0xF7BF, 0x0001, 0xF71A, 0x0001, 0xD4C7, 0x0001, 0xC469, 0x0001,
    0xB46D, 0x0001, 0xABA6, 0x0001, 0xAB84, 0x0001, 0xBC68, 0x0001, 0xD509, 0x0001, 0xED89, 0x0001,
    0xFE0A, 0x0001, 0xFF52, 0x0001, 0xFFD8, 0x0001, 0xCDAF, 0x0001, 0xD4E5, 0x0001, 0xFE04, 0x0001,
    0xB487, 0x0001, 0x4A2B, 0x0001, 0x4A2C, 0x0001, 0x93CB, 0x0001, 0xE56A, 0x0001, 0xFE8B, 0x0001,
    0xFF0E, 0x0001, 0xFF51, 0x0001, 0xFFB4, 0x0001, 0xFF73, 0x0001, 0xF62D, 0x0001, 0xFF8F, 0x0004,
    0x9B45, 0x0001, 0xABC6, 0x0001, 0xFF8F, 0x0002, 0xED44, 0x0009, 0x18C5, 0x000F, 0xED44, 0x0008,
    0xFF8F, 0x0002, 0xFF2B, 0x0001, 0xFF0B, 0x0001, 0xFF8F, 0x0001, 0xEDCB, 0x0001, 0xFE8C, 0x0001,
    0xD4A7, 0x0001, 0x9B45, 0x0001, 0x9304, 0x0001, 0xB3A3, 0x0001, 0xE5AF, 0x0001, 0xFFBF, 0x0001,
    0xFFB7, 0x0001, 0xF6A8, 0x0001, 0xFE4A, 0x0001, 0xC488, 0x0001, 0x9304, 0x0001, 0xC4CC, 0x0001,
    0xFF98, 0x0001, 0xFFFF, 0x0001, 0xF6F7, 0x0001, 0xF60B, 0x0001, 0xFED1, 0x0001, 0xF6D4, 0x0001,
    0xD4EA, 0x0001, 0xD4C7, 0x0001, 0xF60B, 0x0001, 0xF62B, 0x0001, 0xEDAA, 0x0001, 0xE58A, 0x0001,
    0xFE8B, 0x0001, 0xFECA, 0x0001, 0xAC26, 0x0001, 0x92E5, 0x0001, 0xBC28, 0x0001, 0xBC07, 0x0001,
    0x9B44, 0x0001, 0xBBE5, 0x0001, 0xE528, 0x0001, 0xF5EB, 0x0001, 0xEDCA, 0x0001, 0xE5AB, 0x0001,
    0xEE72, 0x0001, 0xF717, 0x0001, 0xF6F6, 0x0001, 0xF670, 0x0001, 0xFE4B, 0x0001, 0xFECC, 0x0001,
    0xFE6C, 0x0001, 0xFF8F, 0x0001, 0x82A4, 0x0001, 0x9305, 0x0001, 0xFF8F, 0x0002, 0xED44, 0x0009,
    0x18C5, 0x000F, 0xED44, 0x0008, 0xFF8F, 0x0002, 0xFF8C, 0x0001, 0xFF0B, 0x0001, 0xCC67, 0x0001,
    0xABC6, 0x0001, 0xBC47, 0x0001, 0xA365, 0x0001, 0x8AA5, 0x0001, 0x9B45, 0x0001, 0xD523, 0x0001,
    0xFF30, 0x0001, 0xFFFF, 0x0001, 0xFF36, 0x0001, 0xED84, 0x0001, 0xC465, 0x0001, 0xA387, 0x0001,
    0xAB85, 0x0001, 0xD4E8, 0x0001, 0xFEB0, 0x0001, 0xFF79, 0x0001, 0xF6F5, 0x0001, 0xF5EA, 0x0001,
    0xF60A, 0x0001, 0xF66F, 0x0001, 0xE611, 0x0001, 0xF670, 0x0001, 0xFE6D, 0x0001, 0xDD29, 0x0001,
    0x9B66, 0x0001, 0x7AA5, 0x0001, 0xC4E8, 0x0001, 0xFECA, 0x0001, 0xD464, 0x0001, 0xABAA, 0x0001,
    0xDE38, 0x0001, 0xEE74, 0x0001, 0xED88, 0x0001, 0xFDE8, 0x0001, 0xFE4B, 0x0001, 0xF589, 0x0001,
    0xA3A6, 0x0001, 0x72C5, 0x0001, 0xAC29, 0x0001, 0xE58D, 0x0001, 0xEE2D, 0x0001, 0xFEB1, 0x0001,
    0xFF13, 0x0001, 0xFEEE, 0x0001, 0xFE4B, 0x0001, 0xEDEB, 0x0001, 0xBC27, 0x0001, 0x8AC4, 0x0001,
    0xFF8F, 0x0002, 0xED44, 0x0009, 0x18C5, 0x000F, 0xED44, 0x0008, 0xFF8F, 0x0002, 0xFF2B, 0x0001,
    0xF62A, 0x0001, 0xCC47, 0x0001, 0x9B25, 0x0001, 0x92E4, 0x0001, 0x9B45, 0x0001, 0x8AC4, 0x0001,
    0x9325, 0x0001, 0xDE0B, 0x0001, 0xFFF5, 0x0001, 0xF7BD, 0x0001, 0xFF5A, 0x0001, 0xE5EF, 0x0001,
    0x9304, 0x0001, 0x92C2, 0x0001, 0xDCE8, 0x0001, 0xF60B, 0x0001, 0xEE0D, 0x0001, 0xEE51, 0x0002,
    0xF62E, 0x0001, 0xEDCB, 0x0001, 0xF64F, 0x0001, 0xFF98, 0x0001, 0xFF34, 0x0001, 0xDD28, 0x0001,
    0xB3A4, 0x0001, 0x6A23, 0x0001, 0x30E1, 0x0001, 0x5A24, 0x0001, 0xAC49, 0x0001, 0xD4E7, 0x0001,
    0xE62D, 0x0001, 0xFFFB, 0x0001, 0xF716, 0x0001, 0xDD49, 0x0001, 0xC4C8, 0x0001, 0xBC89, 0x0001,
    0xABA6, 0x0001, 0x6A23, 0x0001, 0x51A2, 0x0001, 0xA364, 0x0001, 0xE506, 0x0001, 0xEDCA, 0x0001,
    0xF6F4, 0x0001, 0xF6F7, 0x0001, 0xDD8D, 0x0001, 0xF5A9, 0x0001, 0xFECC, 0x0001, 0xED6A, 0x0001,
    0x8AC4, 0x0001, 0xFF8F, 0x0002, 0xED44, 0x0009, 0x18C5, 0x000F, 0xED44, 0x0009, 0xFF8F, 0x0003,
    0xA345, 0x0001, 0xBC06, 0x0001, 0xCC67, 0x0001, 0xC467, 0x0001, 0x9B23, 0x0001, 0x9326, 0x0001,
    0xD656, 0x0001, 0xFFFE, 0x0001, 0xFFDE, 0x0001, 0xFFFF, 0x0001, 0xEF1B, 0x0001, 0x9B89, 0x0001,
    0x9B01, 0x0001, 0xEDCA, 0x0001, 0xFF54, 0x0001, 0xEE94, 0x0001, 0xD50A, 0x0001, 0xD52B, 0x0001,
    0xF6D5, 0x0001, 0xFEF6, 0x0001, 0xFF15, 0x0001, 0xFFB8, 0x0001, 0xF671, 0x0001, 0xC445, 0x0001,
    0xAB64, 0x0001, 0x82C5, 0x0001, 0x51C2, 0x0001, 0x1061, 0x0001, 0x20E3, 0x0001, 0xACC8, 0x0001,
    0xFFCD, 0x0001, 0xFF6D, 0x0001, 0xCD6A, 0x0001, 0x9325, 0x0001, 0x6203, 0x0001, 0x49C3, 0x0001,
    0x51C3, 0x0001, 0x6203, 0x0001, 0x9304, 0x0001, 0xD4E7, 0x0001, 0xF62D, 0x0001, 0xF6B3, 0x0001,
    0xFF57, 0x0001, 0xF6B4, 0x0001, 0xCCAA, 0x0001, 0xD4E7, 0x0001, 0xFE2B, 0x0001, 0xDD29, 0x0001,
    0x8AC4, 0x0001, 0xFF8F, 0x0002, 0xED44, 0x0009, 0x18C5, 0x0010, 0xED44, 0x0009, 0xFF8F, 0x0002,
    0xAB85, 0x0001, 0xE509, 0x0001, 0xE569, 0x0001, 0xD4A8, 0x0001, 0xBBE4, 0x0001, 0xC489, 0x0001,
    0xE6DA, 0x0001, 0xFFFF, 0x0001, 0xF7DF, 0x0001, 0xFF99, 0x0001, 0xFF78, 0x0001, 0xDE76, 0x0001,
    0xBD10, 0x0001, 0xBC48, 0x0001, 0xE5CD, 0x0001, 0xEDEF, 0x0001, 0xA343, 0x0001, 0xB3C4, 0x0001,
    0xFED1, 0x0001, 0xFFB5, 0x0001, 0xDDD0, 0x0001, 0x7B49, 0x0001, 0x942E, 0x0001, 0xDE14, 0x0001,
    0xB42B, 0x0001, 0x8AC3, 0x0001, 0xAC07, 0x0001, 0x8B66, 0x0001, 0x6A64, 0x0001, 0xAC27, 0x0001,
    0xEEAA, 0x0001, 0xFF6A, 0x0001, 0xCD47, 0x0001, 0x92C4, 0x0001, 0x8AC4, 0x0001, 0x82C4, 0x0001,
    0x6223, 0x0001, 0x7A84, 0x0001, 0xBC06, 0x0001, 0xEDCB, 0x0001, 0xFF35, 0x0001, 0xFFBC, 0x0001,
    0xFF58, 0x0001, 0xF66E, 0x0001, 0xDD49, 0x0001, 0xD4E8, 0x0001, 0xC488, 0x0001, 0xB407, 0x0001,
    0xFF8F, 0x0002, 0xED44, 0x000A, 0x18C5, 0x0010, 0xED44, 0x0009, 0xFF8F, 0x0002, 0xD4C7, 0x0001,
    0xFE2B, 0x0001, 0xEDCA, 0x0001, 0xCC87, 0x0001, 0xD4C6, 0x0001, 0xF64D, 0x0001, 0xFF59, 0x0001,
    0xF7FF, 0x0001, 0xFFFF, 0x0001, 0xEE30, 0x0001, 0xE5AA, 0x0001, 0xFF9A, 0x0001, 0xDEBA, 0x0001,
    0x9B46, 0x0001, 0xA321, 0x0001, 0xB3E6, 0x0001, 0x9B67, 0x0001, 0xABE8, 0x0001, 0xE589, 0x0001,
    0xFEAB, 0x0001, 0xC4A7, 0x0001, 0x28E0, 0x0001, 0x6370, 0x0001, 0xFFFF, 0x0001, 0xCD71, 0x0001,
    0x9B23, 0x0001, 0xE569, 0x0001, 0xEDCB, 0x0001, 0xC447, 0x0001, 0xBBC6, 0x0001, 0xD4E8, 0x0001,
    0xF68A, 0x0001, 0xEE2A, 0x0001, 0xD4A7, 0x0001, 0xCC67, 0x0001, 0xB406, 0x0001, 0x9B45, 0x0001,
    0xAB84, 0x0001, 0xD4C8, 0x0001, 0xEE51, 0x0001, 0xFFBC, 0x0001, 0xFFFF, 0x0001, 0xF6B4, 0x0001,
    0xEDA9, 0x0001, 0xFE2A, 0x0001, 0xE56A, 0x0001, 0x9325, 0x0001, 0xFF8F, 0x0002, 0xED44, 0x0006,
    0x18C5, 0x0002, 0xED44, 0x0002, 0x18C5, 0x0011, 0xED44, 0x0009, 0xFF8F, 0x0002, 0xEDAA, 0x0001,
    0xFF2C, 0x0001, 0xEE4A, 0x0001, 0xCCA7, 0x0001, 0xDD47, 0x0001, 0xFF0D, 0x0001, 0xFF98, 0x0001,
    0xFFFF, 0x0002, 0xACD0, 0x0001, 0x7AA2, 0x0001, 0xBC8A, 0x0001, 0xEE30, 0x0001, 0xD508, 0x0001,
    0x7A40, 0x0001, 0x6224, 0x0001, 0xC5F6, 0x0001, 0xDE36, 0x0001, 0xA3A6, 0x0001, 0xCC84, 0x0001,
    0xED89, 0x0001, 0xB4AC, 0x0001, 0xC5F5, 0x0001, 0xFF7A, 0x0001, 0xEE2F, 0x0001, 0xD4A6, 0x0001,
    0xCC87, 0x0001, 0x82C6, 0x0001, 0x51A5, 0x0001, 0xAC09, 0x0001, 0xED68, 0x0001, 0xC464, 0x0001,
    0xF608, 0x0001, 0xFEEB, 0x0001, 0x8365, 0x0001, 0x4962, 0x0001, 0x9B25, 0x0001, 0xCC65, 0x0001,
    0xE58A, 0x0001, 0xFF38, 0x0001, 0xFFFF, 0x0001, 0xFF79, 0x0001, 0xDD6D, 0x0001, 0xCC86, 0x0001,
    0xF5EA, 0x0001, 0xE56A, 0x0001, 0x9305, 0x0001, 0xFF8F, 0x0002, 0xED44, 0x0006, 0x18C5, 0x0002,
    0xED44, 0x0002, 0x18C5, 0x0010, 0xED44, 0x0009, 0xFF8F, 0x0002, 0xF66C, 0x0001, 0xFF0C, 0x0001,
    0xFFCC, 0x0001, 0xE629, 0x0001, 0xBC27, 0x0001, 0xCCE5, 0x0001, 0xFF2B, 0x0001, 0xF799, 0x0001,
    0xFFFF, 0x0001, 0xFFFB, 0x0001, 0x8C2D, 0x0001, 0x3901, 0x0001, 0x8260, 0x0001, 0xF589, 0x0001,
    0xFEF0, 0x0001, 0xA429, 0x0001, 0x7B6B, 0x0001, 0xF7BE, 0x0001, 0xF719, 0x0001, 0x9304, 0x0001,
    0xBC27, 0x0001, 0xFF34, 0x0001, 0xFFF9, 0x0001, 0xFFB8, 0x0001, 0xF6B3, 0x0001, 0xFEF2, 0x0001,
    0xEE2D, 0x0001, 0x9B45, 0x0001, 0x2861, 0x0001, 0x1863, 0x0001, 0xA428, 0x0001, 0xFEAD, 0x0001,
    0xE5AF, 0x0001, 0xDDCC, 0x0001, 0xB528, 0x0001, 0x3208, 0x0001, 0x0046, 0x0001, 0x59C3, 0x0001,
    0xCCA6, 0x0001, 0xFF32, 0x0001, 0xFFFE, 0x0001, 0xFFFF, 0x0001, 0xFF37, 0x0001, 0xDD6C, 0x0001,
    0xCCA8, 0x0001, 0xF60A, 0x0001, 0xEDAB, 0x0001, 0xAB86, 0x0001, 0xFF8F, 0x0002, 0xED44, 0x0006,
    0x18C5, 0x0002, 0xED44, 0x0002, 0x18C5, 0x0010, 0xED44, 0x0008, 0xFF8F, 0x0002, 0xEDCB, 0x0001,
    0xFF0C, 0x0001, 0xFF6C, 0x0001, 0xFFAC, 0x0001, 0xDDC9, 0x0001, 0x9B45, 0x0001, 0xBC64, 0x0001,
    0xFF2C, 0x0001, 0xFFBB, 0x0001, 0xFFFC, 0x0001, 0xFF8E, 0x0001, 0x9405, 0x0001, 0x4962, 0x0001,
    0x9303, 0x0001, 0xEDAC, 0x0001, 0xFEF5, 0x0001, 0xF6D5, 0x0001, 0xEEB4, 0x0001, 0xFF79, 0x0001,
    0xE5EF, 0x0001, 0xBC05, 0x0001, 0xDE13, 0x0001, 0xFFFF, 0x0001, 0xFF99, 0x0001, 0xFEF4, 0x0001,
    0xF6F5, 0x0001, 0xFF97, 0x0001, 0xDE32, 0x0001, 0x72C5, 0x0001, 0x28C0, 0x0001, 0x49A3, 0x0001,
    0xAC05, 0x0001, 0xFF31, 0x0001, 0xFFFF, 0x0001, 0x9CD2, 0x0001, 0x18E2, 0x0001, 0x198D, 0x0001,
    0x198F, 0x0001, 0x1083, 0x0001, 0x8BA8, 0x0001, 0xFFB8, 0x0001, 0xFFFF, 0x0001, 0xF7DE, 0x0001,
    0xFF37, 0x0001, 0xEE2E, 0x0001, 0xEDCA, 0x0001, 0xFE4B, 0x0001, 0xE56A, 0x0001, 0xA365, 0x0001,
    0xFF8F, 0x0002, 0xED44, 0x0006, 0x18C5, 0x0002, 0xED44, 0x0002, 0x18C5, 0x0010, 0xED44, 0x0008,
    0xFF8F, 0x0002, 0xEDEB, 0x0001, 0xFEEC, 0x0001, 0xFF8F, 0x0001, 0xFFCC, 0x0001, 0xF68A, 0x0001,
    0x9B45, 0x0001, 0xAC49, 0x0001, 0xFF96, 0x0001, 0xFFFF, 0x0001, 0xFFBC, 0x0001, 0xD568, 0x0001,
    0x8B01, 0x0001, 0x7264, 0x0001, 0xABA6, 0x0001, 0xDD09, 0x0001, 0xEDCE, 0x0001, 0xFF36, 0x0001,
    0xFF77, 0x0001, 0xF66F, 0x0001, 0xEDAB, 0x0001, 0xF670, 0x0001, 0xFFFC, 0x0001, 0xFFDC, 0x0001,
    0xC52F, 0x0001, 0xC50D, 0x0001, 0xF6F5, 0x0001, 0xFF34, 0x0001, 0xC4EC, 0x0001, 0x41C4, 0x0001,
    0x1860, 0x0001, 0x6A02, 0x0001, 0xE528, 0x0001, 0xEEAF, 0x0001, 0x8CB3, 0x0001, 0x2A0F, 0x0001,
    0x00A8, 0x0001, 0x1908, 0x0001, 0x216A, 0x0001, 0x112A, 0x0001, 0x39E9, 0x0001, 0x8C2D, 0x0001,
    0xDEB8, 0x0001, 0xF719, 0x0001, 0xDD8E, 0x0001, 0xEDCB, 0x0001, 0xFE6C, 0x0001, 0xEDAA, 0x0001,
    0xB407, 0x0001, 0xFF8F, 0x0002, 0xED44, 0x0007, 0x18C5, 0x0014, 0xED44, 0x0009, 0xFF8F, 0x0004,
    0xFFAD, 0x0001, 0xF648, 0x0001, 0x9B44, 0x0001, 0xB4D1, 0x0001, 0xFFFF, 0x0001, 0xFFBE, 0x0001,
    0xCDF5, 0x0001, 0x8B06, 0x0001, 0x8262, 0x0001, 0xA386, 0x0001, 0xC447, 0x0001, 0xC425, 0x0001,
    0xB3E5, 0x0001, 0xDDAE, 0x0001, 0xFEF4, 0x0001, 0xF64D, 0x0001, 0xEE0D, 0x0001, 0xEE94, 0x0001,
    0xEEF6, 0x0001, 0xD58F, 0x0001, 0x92E4, 0x0001, 0xB44A, 0x0001, 0xFF16, 0x0001, 0xF5EE, 0x0001,
    0x92E3, 0x0001, 0x2902, 0x0001, 0x1841, 0x0001, 0x71A2, 0x0001, 0xDCE9, 0x0001, 0xC4A8, 0x0001,
    0x3100, 0x0001, 0x08C9, 0x0001, 0x3252, 0x0001, 0x2127, 0x0001, 0x1905, 0x0001, 0x3252, 0x0001,
    0x00AA, 0x0001, 0x18C3, 0x0001, 0xC570, 0x0001, 0xFEF2, 0x0001, 0xCC87, 0x0001, 0xDD07, 0x0001,
    0xE5AA, 0x0001, 0xB3E6, 0x0001, 0x7222, 0x0001, 0xFF8F, 0x0002, 0xED44, 0x0007, 0x18C5, 0x0015,
    0xED44, 0x0009, 0xFF8F, 0x0002, 0xFF6C, 0x0001, 0xFEAB, 0x0001, 0xC445, 0x0001, 0x8AC2, 0x0001,
    0xBD54, 0x0001, 0xF7DF, 0x0001, 0xD5B3, 0x0001, 0x82E5, 0x0001, 0x59E3, 0x0001, 0x82C4, 0x0001,
    0xC447, 0x0001, 0xD4C8, 0x0001, 0x9B44, 0x0001, 0x6222, 0x0001, 0xB448, 0x0001, 0xFF10, 0x0001,
    0xFF34, 0x0001, 0xD5B0, 0x0001, 0xA3A8, 0x0001, 0x6A84, 0x0001, 0x6A23, 0x0001, 0x92A1, 0x0001,
    0xE58C, 0x0001, 0xFF57, 0x0001, 0xB4AC, 0x0001, 0x5180, 0x0001, 0x3121, 0x0001, 0x4142, 0x0001,
    0x6982, 0x0001, 0x71E4, 0x0001, 0x8A62, 0x0001, 0x9AC0, 0x0001, 0x6ACA, 0x0001, 0x2A74, 0x0001,
    0x19AF, 0x0001, 0x29CD, 0x0001, 0x3252, 0x0001, 0x012F, 0x0001, 0x216B, 0x0001, 0xCD2D, 0x0001,
    0xFF2E, 0x0001, 0xF5EA, 0x0001, 0xDCE8, 0x0001, 0xABA6, 0x0001, 0xFF8F, 0x0005, 0xED44, 0x0006,
    0x18C5, 0x0002, 0xED44, 0x0002, 0x18C5, 0x0010, 0xED44, 0x0009, 0xFF8F, 0x0002, 0xFF4C, 0x0001,
    0xFF4B, 0x0001, 0xDD28, 0x0001, 0x92A3, 0x0001, 0x92E3, 0x0001, 0xDE31, 0x0001, 0xFFB8, 0x0001,
    0xBC8A, 0x0001, 0x5940, 0x0001, 0x3962, 0x0001, 0x8326, 0x0001, 0xDD08, 0x0001, 0xED48, 0x0001,
    0x9B65, 0x0001, 0x5182, 0x0001, 0x7263, 0x0001, 0xCD09, 0x0001, 0xFF13, 0x0001, 0xF672, 0x0001,
    0xB429, 0x0001, 0x72A6, 0x0001, 0x8348, 0x0001, 0xCD0B, 0x0001, 0xFEB0, 0x0001, 0xE5F0, 0x0001,
    0x6AA7, 0x0001, 0x3121, 0x0001, 0x6A63, 0x0001, 0x8284, 0x0001, 0x7181, 0x0001, 0x6141, 0x0001,
    0xA2C1, 0x0001, 0xECC3, 0x0001, 0x9367, 0x0001, 0x094D, 0x0001, 0x11F3, 0x0001, 0x3273, 0x0001,
    0x21CF, 0x0001, 0x2255, 0x0001, 0x4337, 0x0001, 0x8BAB, 0x0001, 0xC4E6, 0x0001, 0xE58A, 0x0001,
    0xABE7, 0x0001, 0x6A23, 0x0001, 0xFF8F, 0x0006, 0xED44, 0x000A, 0x18C5, 0x000F, 0xED44, 0x0008,
    0xFF8F, 0x0002, 0xFF0B, 0x0001, 0xFEEB, 0x0001, 0xCC67, 0x0001, 0x9B25, 0x0001, 0x92E4, 0x0001,
    0xB3E6, 0x0001, 0xEE4A, 0x0001, 0xFF0C, 0x0001, 0xBC87, 0x0001, 0x69E3, 0x0001, 0x4983, 0x0001,
    0x8305, 0x0001, 0xD4C7, 0x0001, 0xDD08, 0x0001, 0xAB85, 0x0001, 0x71A2, 0x0001, 0x40E1, 0x0001,
    0x6A64, 0x0001, 0xD529, 0x0001, 0xFEF0, 0x0001, 0xF6D5, 0x0001, 0xEE95, 0x0001, 0xF6D5, 0x0001,
    0xFF36, 0x0001, 0xE5F0, 0x0001, 0x9B46, 0x0001, 0x5181, 0x0001, 0x5A23, 0x0001, 0xB426, 0x0001,
    0xA345, 0x0001, 0x6981, 0x0001, 0x9AC2, 0x0001, 0xE4A3, 0x0001, 0xE483, 0x0001, 0x7261, 0x0001,
    0x08A4, 0x0001, 0x118E, 0x0001, 0x2A32, 0x0001, 0x21D0, 0x0001, 0x437A, 0x0001, 0x4C1E, 0x0001,
    0x21AA, 0x0001, 0x4140, 0x0001, 0x9B25, 0x0001, 0x6A43, 0x0001, 0x6223, 0x0001, 0xEDCA, 0x0001,
    0xFEED, 0x0001, 0xFF8F, 0x0001, 0xF6EA, 0x0001, 0xF6EB, 0x0001, 0xFF8F, 0x0002, 0xED44, 0x0009,
    0x18C5, 0x000F, 0xED44, 0x0007, 0xFF8F, 0x0002, 0xFECC, 0x0001, 0xFF8C, 0x0001, 0xE609, 0x0001,
    0x9B25, 0x0001, 0xABA6, 0x0001, 0xCCC8, 0x0001, 0xCC87, 0x0001, 0xC486, 0x0001, 0xBCA6, 0x0001,
    0xB448, 0x0001, 0xAB85, 0x0001, 0x92C0, 0x0001, 0x8A81, 0x0001, 0x92C4, 0x0002, 0x8222, 0x0001,
    0x6961, 0x0001, 0x69A2, 0x0001, 0x7263, 0x0001, 0x8304, 0x0001, 0xA428, 0x0001, 0xD56E, 0x0001,
    0xF650, 0x0001, 0xFE90, 0x0001, 0xE5F0, 0x0001, 0x9388, 0x0001, 0x59A1, 0x0001, 0x7AA4, 0x0001,
    0xC4A8, 0x0001, 0xE508, 0x0001, 0x8B05, 0x0001, 0x3902, 0x0001, 0x7202, 0x0001, 0xC3A3, 0x0001,
    0xC3C2, 0x0001, 0xAB21, 0x0001, 0x6A01, 0x0001, 0x3165, 0x0001, 0x21AD, 0x0001, 0x32F6, 0x0001,
    0x5CBE, 0x0001, 0x549F, 0x0001, 0x11F2, 0x0001, 0x18C4, 0x0001, 0x6203, 0x0001, 0x6A22, 0x0001,
    0x7284, 0x0001, 0xCCC8, 0x0001, 0xC468, 0x0001, 0xCC67, 0x0001, 0xFF0B, 0x0001, 0xFFEC, 0x0001,
    0xFF8F, 0x0002, 0xED44, 0x0009, 0x18C5, 0x000B, 0xED44, 0x0001, 0x18C5, 0x0002, 0xED44, 0x0007,
    0xFF8F, 0x0002, 0xEDAA, 0x0001, 0xFF6D, 0x0001, 0xFF6C, 0x0001, 0xBCE7, 0x0001, 0x9325, 0x0001,
    0xD509, 0x0001, 0xFE2B, 0x0001, 0xCCA8, 0x0001, 0x9B25, 0x0001, 0x92E4, 0x0001, 0xB3A5, 0x0001,
    0xDCE6, 0x0001, 0xE4E6, 0x0001, 0x9AE3, 0x0001, 0x5921, 0x0001, 0x6141, 0x0001, 0x6982, 0x0002,
    0x8AA4, 0x0001, 0x8B05, 0x0001, 0x59E3, 0x0001, 0x4982, 0x0001, 0x7A83, 0x0001, 0xAB84, 0x0001,
    0xABA5, 0x0001, 0x92E3, 0x0001, 0x59A2, 0x0001, 0x5A03, 0x0001, 0xBCC9, 0x0001, 0xFE8C, 0x0001,
    0xE507, 0x0001, 0x6264, 0x0001, 0x0883, 0x0001, 0x2061, 0x0001, 0x8202, 0x0001, 0xCC03, 0x0001,
    0xFD64, 0x0001, 0xD443, 0x0001, 0x4120, 0x0001, 0x0909, 0x0001, 0x4C3F, 0x0001, 0x653F, 0x0001,
    0x4BDC, 0x0001, 0x32D6, 0x0001, 0x29CC, 0x0001, 0x4183, 0x0001, 0x7A82, 0x0001, 0xA365, 0x0001,
    0x92E4, 0x0001, 0x9B04, 0x0001, 0xCC47, 0x0001, 0xFE8A, 0x0001, 0xFF2B, 0x0001, 0xFF8F, 0x0002,
    0xED44, 0x0009, 0x18C5, 0x000B, 0xED44, 0x0001, 0x18C5, 0x0002, 0xED44, 0x0007, 0xFF8F, 0x0002,
    0xF6AA, 0x0001, 0xFFCD, 0x0001, 0xFF0C, 0x0001, 0xD4E8, 0x0001, 0xB3C6, 0x0001, 0xE549, 0x0001,
    0xF5EB, 0x0001, 0xCC68, 0x0001, 0xB3C7, 0x0001, 0xB384, 0x0001, 0xBB20, 0x0001, 0xE549, 0x0001,
    0xFF79, 0x0001, 0xAC6F, 0x0001, 0x6120, 0x0001, 0x9282, 0x0001, 0xABA6, 0x0001, 0x8AA4, 0x0001,
    0x6A23, 0x0001, 0x6203, 0x0001, 0x7243, 0x0001, 0x6A23, 0x0001, 0x51C2, 0x0001, 0x59E2, 0x0002,
    0x4981, 0x0001, 0x61E2, 0x0001, 0xA3A5, 0x0001, 0xEDCB, 0x0001, 0xFE6C, 0x0001, 0xDCC6, 0x0001,
    0x6243, 0x0001, 0x0883, 0x0001, 0x1801, 0x0001, 0x8A62, 0x0001, 0xF5A5, 0x0001, 0xFF67, 0x0001,
    0xED64, 0x0001, 0x4100, 0x0001, 0x00CA, 0x0001, 0x4C7F, 0x0001, 0x5C7E, 0x0001, 0x2A53, 0x0001,
    0x3253, 0x0001, 0x198D, 0x0001, 0x18A2, 0x0001, 0x7282, 0x0001, 0xCC67, 0x0001, 0xC426, 0x0001,
    0xABA5, 0x0001, 0xAB86, 0x0001, 0xB447, 0x0001, 0xFF8F, 0x0002, 0xED44, 0x000A, 0x18C5, 0x000B,
    0xED44, 0x0001, 0x18C5, 0x0002, 0xED44, 0x0007, 0xFF8F, 0x0002, 0xFF8B, 0x0001, 0xFF4C, 0x0001,
    0xDD4A, 0x0001, 0xCC87, 0x0001, 0xDD67, 0x0001, 0xEE2B, 0x0001, 0xE5EA, 0x0001, 0xDD06, 0x0001,
    0xDD08, 0x0001, 0xDD6B, 0x0001, 0xD4C8, 0x0001, 0xEE73, 0x0001, 0xFFFF, 0x0001, 0xACD4, 0x0001,
    0x7180, 0x0001, 0xC425, 0x0001, 0xEDAA, 0x0001, 0xB3E6, 0x0001, 0x6223, 0x0002, 0xABE7, 0x0001,
    0xABC6, 0x0001, 0x59E2, 0x0001, 0x51A2, 0x0001, 0x5A04, 0x0001, 0x6244, 0x0001, 0xA3A6, 0x0001,
    0xE529, 0x0001, 0xE528, 0x0001, 0xDD49, 0x0001, 0xEDCD, 0x0001, 0x93A9, 0x0001, 0x30E2, 0x0001,
    0x5920, 0x0001, 0xA2E2, 0x0001, 0xC444, 0x0001, 0xE646, 0x0001, 0xFE86, 0x0001, 0x8BC3, 0x0001,
    0x4A48, 0x0001, 0x3B14, 0x0001, 0x3295, 0x0001, 0x21CF, 0x0001, 0x2A32, 0x0001, 0x19B0, 0x0001,
    0x1108, 0x0001, 0x72A6, 0x0001, 0xDCC7, 0x0001, 0xED69, 0x0001, 0xD4C8, 0x0001, 0xA365, 0x0001,
    0xFF8F, 0x0002, 0xED44, 0x0006, 0x18C5, 0x0002, 0xED44, 0x0002, 0x18C5, 0x000C, 0xED44, 0x0001,
    0x18C5, 0x0002, 0xED44, 0x0007, 0xFF8F, 0x0002, 0xFFCC, 0x0001, 0xF6AA, 0x0001, 0xA386, 0x0001,
    0xB426, 0x0001, 0xFF0B, 0x0001, 0xFF4C, 0x0001, 0xF689, 0x0001, 0xFE25, 0x0001, 0xFE4B, 0x0001,
    0xF6F6, 0x0001, 0xF77C, 0x0001, 0xFFFF, 0x0002, 0xA42F, 0x0001, 0x6981, 0x0001, 0xCC87, 0x0001,
    0xFE4C, 0x0001, 0xCC87, 0x0001, 0x92E4, 0x0001, 0x9B65, 0x0001, 0xE58A, 0x0001, 0xDD29, 0x0001,
    0x9304, 0x0001, 0x8284, 0x0001, 0x9B45, 0x0001, 0xB3E6, 0x0001, 0xDD29, 0x0001, 0xEDEB, 0x0001,
    0xCC86, 0x0001, 0xD4E9, 0x0001, 0xFF15, 0x0001, 0xBCCF, 0x0001, 0x6961, 0x0001, 0xAB00, 0x0001,
    0xBBA3, 0x0001, 0x71A2, 0x0001, 0x9B43, 0x0001, 0xFE86, 0x0001, 0xFF27, 0x0001, 0xBC84, 0x0001,
    0x2923, 0x0001, 0x08CA, 0x0001, 0x2A32, 0x0001, 0x3252, 0x0001, 0x19F2, 0x0001, 0x21F1, 0x0001,
    0x730B, 0x0001, 0xD4A7, 0x0001, 0xF5EA, 0x0001, 0xF5CB, 0x0001, 0xCC87, 0x0001, 0xFF8F, 0x0002,
    0xED44, 0x0006, 0x18C5, 0x0002, 0xED44, 0x0002, 0x18C5, 0x000C, 0xED44, 0x0001, 0x18C5, 0x0002,
    0xED44, 0x0007, 0xFF8F, 0x0002, 0xFFCC, 0x0001, 0xFECA, 0x0001, 0xABA5, 0x0001, 0xC4CB, 0x0001,
    0xFFF2, 0x0001, 0xFFEC, 0x0001, 0xFEC7, 0x0001, 0xFE8B, 0x0001, 0xFF34, 0x0001, 0xFFDD, 0x0001,
    0xFFFF, 0x0003, 0x9BCD, 0x0001, 0x58C0, 0x0001, 0xBBE5, 0x0001, 0xF5EB, 0x0001, 0xCC67, 0x0001,
    0xAB65, 0x0001, 0xBC26, 0x0001, 0xEDEA, 0x0001, 0xFED0, 0x0001, 0xDDD0, 0x0001, 0x9B88, 0x0001,
    0x92C2, 0x0001, 0xC426, 0x0001, 0xED69, 0x0001, 0xEDCA, 0x0001, 0xE5EE, 0x0001, 0xE611, 0x0001,
    0xE5F0, 0x0001, 0x9B48, 0x0001, 0x71A1, 0x0001, 0xD483, 0x0001, 0xEDA5, 0x0001, 0xA2C2, 0x0001,
    0x81C1, 0x0001, 0xB3E4, 0x0001, 0xFEA7, 0x0001, 0xDD43, 0x0001, 0x28E0, 0x0001, 0x0089, 0x0001,
    0x2A31, 0x0001, 0x31C9, 0x0001, 0x090A, 0x0001, 0x0994, 0x0001, 0x6AEE, 0x0001, 0xDCE6, 0x0001,
    0xFE89, 0x0001, 0xFECC, 0x0001, 0xED6A, 0x0001, 0xFF8F, 0x0002, 0xED44, 0x0006, 0x18C5, 0x0002,
    0xED44, 0x0002, 0x18C5, 0x000C, 0xED44, 0x0001, 0x18C5, 0x0002, 0xED44, 0x0007, 0xFF8F, 0x0002,
    0xFF6C, 0x0001, 0xFF0A, 0x0001, 0xE526, 0x0001, 0xD52F, 0x0001, 0xDE34, 0x0001, 0xDD89, 0x0001,
    0xE5A7, 0x0001, 0xF716, 0x0001, 0xFFBF, 0x0001, 0xFFFF, 0x0001, 0xFFDF, 0x0001, 0xFFFF, 0x0002,
    0xB4F2, 0x0001, 0x7A24, 0x0001, 0x9B04, 0x0001, 0xCC67, 0x0001, 0xCCA7, 0x0001, 0xCCA8, 0x0001,
    0xCCA7, 0x0001, 0xDD08, 0x0001, 0xF66E, 0x0001, 0xFF14, 0x0001, 0xC52E, 0x0001, 0x9B66, 0x0001,
    0xB3C5, 0x0001, 0xD4E8, 0x0001, 0xF60D, 0x0001, 0xFF14, 0x0001, 0xFEB2, 0x0001, 0xE528, 0x0001,
    0x9261, 0x0001, 0x6982, 0x0001, 0xBC44, 0x0001, 0xFE86, 0x0001, 0xF564, 0x0001, 0x8221, 0x0001,
    0x6121, 0x0001, 0xE505, 0x0001, 0xDD85, 0x0001, 0x2943, 0x0001, 0x00EC, 0x0001, 0x2A11, 0x0001,
    0x18E6, 0x0001, 0x10E5, 0x0001, 0x3A6F, 0x0001, 0x836C, 0x0001, 0xCC86, 0x0001, 0xF689, 0x0001,
    0xFF8D, 0x0001, 0xFEAC, 0x0001, 0xF60B, 0x0001, 0xFF8F, 0x0002, 0xED44, 0x000A, 0x18C5, 0x000A,
    0xED44, 0x0003, 0x18C5, 0x0001, 0xED44, 0x0006, 0xFF8F, 0x0002, 0xF60B, 0x0001, 0xFF2D, 0x0001,
    0xFEEA, 0x0001, 0xFE48, 0x0001, 0xB48E, 0x0001, 0x4290, 0x0001, 0x2905, 0x0001, 0x7328, 0x0001,
    0xEF9E, 0x0001, 0xFFFF, 0x0002, 0xFFDF, 0x0001, 0xFFFF, 0x0001, 0xFFDF, 0x0001, 0xEF5D, 0x0001,
    0xD659, 0x0001, 0x82C7, 0x0001, 0x92A2, 0x0001, 0xEDAA, 0x0001, 0xFE6C, 0x0001, 0xE549, 0x0001,
    0xCC66, 0x0001, 0xD4A6, 0x0001, 0xF5EB, 0x0001, 0xFEF3, 0x0001, 0xE632, 0x0001, 0xBC26, 0x0001,
    0xCCEA, 0x0001, 0xF6F5, 0x0001, 0xEE10, 0x0001, 0xED68, 0x0001, 0xFE08, 0x0001, 0xB3E5, 0x0001,
    0x6981, 0x0001, 0x9AA2, 0x0001, 0xF584, 0x0001, 0xFEA6, 0x0001, 0x9B03, 0x0001, 0x50C1, 0x0001,
    0xED45, 0x0001, 0xEE05, 0x0001, 0x2942, 0x0001, 0x00CA, 0x0001, 0x2A11, 0x0001, 0x00CE, 0x0001,
    0x4A8B, 0x0001, 0xCDCA, 0x0001, 0xC4A7, 0x0001, 0x9B65, 0x0001, 0xDDC9, 0x0001, 0xFFCC, 0x0002,
    0xFEEC, 0x0001, 0xEDCB, 0x0001, 0xFF8F, 0x0002, 0xED44, 0x0009, 0x18C5, 0x000A, 0xED44, 0x0003,
    0x18C5, 0x0001, 0xED44, 0x0006, 0xFF8F, 0x0002, 0xF60B, 0x0001, 0xFF69, 0x0001, 0xFF2B, 0x0001,
    0xD611, 0x0001, 0x7455, 0x0001, 0x1214, 0x0001, 0x0005, 0x0001, 0x3164, 0x0001, 0xDE13, 0x0001,
    0xFF99, 0x0001, 0xFFDD, 0x0001, 0xFFFF, 0x0001, 0xFFDF, 0x0001, 0xFFFF, 0x0002, 0xFF9B, 0x0001,
    0x7227, 0x0001, 0x6120, 0x0001, 0xCCC8, 0x0001, 0xF66C, 0x0001, 0xEDEB, 0x0001, 0xDD4C, 0x0001,
    0xDDAF, 0x0001, 0xF6B2, 0x0001, 0xE653, 0x0001, 0xD590, 0x0001, 0xE58C, 0x0001, 0xFE6E, 0x0001,
    0xF671, 0x0001, 0xA3E9, 0x0001, 0x8328, 0x0001, 0xACCF, 0x0001, 0x938B, 0x0001, 0x6961, 0x0001,
    0xAB01, 0x0001, 0xF544, 0x0001, 0xEDC5, 0x0001, 0xCCA4, 0x0001, 0xABA3, 0x0001, 0xC424, 0x0001,
    0xA363, 0x0001, 0x4142, 0x0001, 0x1909, 0x0001, 0x2A74, 0x0001, 0x53BA, 0x0001, 0xADD8, 0x0001,
    0xFFD2, 0x0001, 0xCD08, 0x0001, 0x9305, 0x0001, 0xE62A, 0x0001, 0xFFAC, 0x0001, 0xF70B, 0x0001,
    0xFF0C, 0x0001, 0xEDCB, 0x0001, 0xFF8F, 0x0002, 0xED44, 0x0009, 0x18C5, 0x000B, 0xED44, 0x0001,
    0x18C5, 0x0002, 0xED44, 0x0007, 0xFF8F, 0x0002, 0xFF67, 0x0001, 0xF72F, 0x0001, 0x74FC, 0x0001,
    0x447F, 0x0001, 0x4C3E, 0x0001, 0x198C, 0x0001, 0x38E0, 0x0001, 0xBB81, 0x0001, 0xFDEB, 0x0001,
    0xF717, 0x0001, 0xFFDE, 0x0001, 0xFFFF, 0x0002, 0xFFFC, 0x0001, 0xEE73, 0x0001, 0x8AA5, 0x0001,
    0x5920, 0x0001, 0x8AE4, 0x0001, 0xCCE8, 0x0001, 0xF62C, 0x0001, 0xF6B2, 0x0001, 0xFFDC, 0x0001,
    0xFFFF, 0x0001, 0xB4AE, 0x0001, 0x9B45, 0x0001, 0xE633, 0x0001, 0xFEF2, 0x0001, 0xCC67, 0x0001,
    0x628B, 0x0001, 0x19F3, 0x0001, 0x2233, 0x0001, 0x396A, 0x0001, 0x71A1, 0x0001, 0xDCE3, 0x0001,
    0xFE06, 0x0001, 0xD443, 0x0001, 0xED24, 0x0001, 0xFE06, 0x0001, 0x9B04, 0x0001, 0x58E0, 0x0001,
    0x6961, 0x0001, 0x3948, 0x0001, 0x3273, 0x0001, 0xBE3C, 0x0001, 0xFFFF, 0x0002, 0xB4B0, 0x0001,
    0x9B64, 0x0001, 0xF689, 0x0001, 0xFFCD, 0x0001, 0xFF8F, 0x0004, 0xED44, 0x000A, 0x18C5, 0x000B,
    0xED44, 0x0001, 0x18C5, 0x0002, 0xED44, 0x0007, 0xFF8F, 0x0002, 0x9DB8, 0x0001, 0xA63B, 0x0001,
    0x549F, 0x0001, 0x447F, 0x0001, 0x549F, 0x0001, 0x2273, 0x0001, 0x3125, 0x0001, 0x9260, 0x0001,
    0xCBC2, 0x0001, 0xDD6B, 0x0001, 0xFFBD, 0x0001, 0xFFFF, 0x0001, 0xFFDC, 0x0001, 0xFFDE, 0x0001,
    0xF75B, 0x0001, 0xD56B, 0x0001, 0xA320, 0x0001, 0x8242, 0x0001, 0xBBC6, 0x0001, 0xF5C9, 0x0001,
    0xF5EB, 0x0001, 0xEE30, 0x0001, 0xF652, 0x0001, 0xED48, 0x0001, 0xC445, 0x0001, 0x8C10, 0x0001,
    0x632F, 0x0001, 0x5A69, 0x0001, 0x4B77, 0x0001, 0x2B5C, 0x0001, 0x094D, 0x0001, 0x2064, 0x0001,
    0x7A02, 0x0001, 0xED65, 0x0001, 0xFE46, 0x0001, 0xD402, 0x0001, 0xBB62, 0x0001, 0xCC64, 0x0001,
    0xCCC5, 0x0001, 0xB3A3, 0x0001, 0x81E1, 0x0001, 0x30C4, 0x0001, 0x2989, 0x0001, 0x9C0C, 0x0001,
    0xEE97, 0x0001, 0xF7DF, 0x0001, 0xB514, 0x0001, 0x92E3, 0x0001, 0xD4C6, 0x0001, 0xFF0C, 0x0001,
    0xFFAC, 0x0001, 0xFF8F, 0x0002, 0xED44, 0x0006, 0x18C5, 0x0002, 0xED44, 0x0002, 0x18C5, 0x000C,
    0xED44, 0x0001, 0x18C5, 0x0002, 0xED44, 0x0007, 0xFF8F, 0x0002, 0x4C1E, 0x0001, 0x3C1F, 0x0001,
    0x549F, 0x0001, 0x64DF, 0x0001, 0x545F, 0x0001, 0x3339, 0x0001, 0x3A2F, 0x0001, 0x7205, 0x0001,
    0xAAA0, 0x0001, 0xD443, 0x0001, 0xF6D5, 0x0001, 0xF75B, 0x0001, 0xEE72, 0x0001, 0xF6F8, 0x0001,
    0xFFFC, 0x0001, 0xFF8D, 0x0001, 0xE502, 0x0001, 0x9262, 0x0001, 0x8A84, 0x0001, 0xABC6, 0x0001,
    0xABE7, 0x0001, 0xA365, 0x0001, 0xA385, 0x0001, 0xE58B, 0x0001, 0xCDB0, 0x0001, 0x42F3, 0x0001,
    0x0173, 0x0001, 0x2275, 0x0001, 0x4C1E, 0x0001, 0x43B9, 0x0001, 0x1945, 0x0001, 0x38A0, 0x0001,
    0x9AA3, 0x0001, 0xED45, 0x0001, 0xFE45, 0x0001, 0xE504, 0x0001, 0x9262, 0x0001, 0x81E2, 0x0001,
    0xE525, 0x0001, 0xF5A5, 0x0001, 0x8202, 0x0001, 0x2041, 0x0001, 0x1081, 0x0001, 0x5120, 0x0001,
    0xBCAB, 0x0001, 0xFFBB, 0x0001, 0xD5F2, 0x0001, 0x92C3, 0x0001, 0x9AE3, 0x0001, 0xEDA9, 0x0001,
    0xFF6C, 0x0002, 0xFF8F, 0x0002, 0xED44, 0x000A, 0x18C5, 0x000A, 0xED44, 0x0003, 0x18C5, 0x0001,
    0xED44, 0x0006, 0xFF8F, 0x0002, 0xF6EB, 0x0001, 0x6BF2, 0x0001, 0x0A18, 0x0001, 0x4C3F, 0x0001,
    0x651F, 0x0001, 0x549F, 0x0001, 0x4C7E, 0x0001, 0x4357, 0x0001, 0x51C4, 0x0001, 0x9280, 0x0001,
    0xD442, 0x0001, 0xDCE7, 0x0001, 0xCC67, 0x0001, 0xCC45, 0x0001, 0xE548, 0x0001, 0xFEAB, 0x0001,
    0xFF28, 0x0001, 0xED44, 0x0001, 0x9263, 0x0001, 0x4101, 0x0001, 0x2944, 0x0001, 0x3A0C, 0x0001,
    0x422E, 0x0001, 0x3A2E, 0x0001, 0x63D6, 0x0001, 0x6CFD, 0x0001, 0x4C3E, 0x0001, 0x441F, 0x0001,
    0x4C3F, 0x0001, 0x3B59, 0x0001, 0x21AE, 0x0001, 0x10C4, 0x0001, 0x59A0, 0x0001, 0xC3C2, 0x0001,
    0xF565, 0x0001, 0xFE66, 0x0001, 0xFE46, 0x0001, 0xBBE4, 0x0001, 0x79E2, 0x0001, 0x92A3, 0x0001,
    0xAB23, 0x0001, 0x79C2, 0x0001, 0x28A1, 0x0001, 0x0882, 0x0001, 0x5181, 0x0001, 0xC4A7, 0x0001,
    0xFF4E, 0x0001, 0xEE6C, 0x0001, 0xB3A5, 0x0001, 0x8AA4, 0x0001, 0xA385, 0x0001, 0xDD28, 0x0001,
    0xFF0B, 0x0002, 0xFF8F, 0x0002, 0xED44, 0x0009, 0x18C5, 0x0009, 0xED44, 0x000A, 0xFF8F, 0x0002,
    0xFF2B, 0x0001, 0xFFCC, 0x0001, 0xBD0A, 0x0001, 0x422E, 0x0001, 0x3339, 0x0001, 0x3B9B, 0x0001,
    0x4BDC, 0x0001, 0x5CFF, 0x0001, 0x4C3D, 0x0001, 0x3A0B, 0x0001, 0x7243, 0x0001, 0xCBC3, 0x0001,
    0xD3E0, 0x0001, 0xCBE0, 0x0001, 0xDC62, 0x0001, 0xED82, 0x0001, 0xFE43, 0x0001, 0xEDC4, 0x0001,
    0xDCA4, 0x0001, 0xAB43, 0x0001, 0x5960, 0x0001, 0x20E4, 0x0001, 0x19D1, 0x0001, 0x1A14, 0x0001,
    0x11D3, 0x0001, 0x2B3C, 0x0001, 0x443F, 0x0001, 0x4BFC, 0x0001, 0x4B99, 0x0001, 0x439A, 0x0001,
    0x4BBA, 0x0001, 0x2253, 0x0001, 0x0066, 0x0001, 0x5A01, 0x0001, 0xED24, 0x0001, 0xFE46, 0x0001,
    0xFE86, 0x0001, 0xFEA6, 0x0001, 0xDCE4, 0x0001, 0x9AC2, 0x0001, 0x81C2, 0x0001, 0x71C2, 0x0001,
    0x69A2, 0x0001, 0x4983, 0x0001, 0x49C4, 0x0001, 0x82C5, 0x0001, 0xBC46, 0x0001, 0xCD46, 0x0001,
    0xD506, 0x0001, 0xCC67, 0x0001, 0xBC47, 0x0001, 0xA366, 0x0001, 0xA345, 0x0001, 0xF66A, 0x0001,
    0xFF6C, 0x0001, 0xFEEC, 0x0001, 0xFF8F, 0x0002, 0xED44, 0x0009, 0x18C5, 0x0008, 0xED44, 0x0009,
    0xFF8F, 0x0002, 0xEDCB, 0x0001, 0xF66B, 0x0001, 0xF6EB, 0x0001, 0xEDA7, 0x0001, 0xA3A8, 0x0001,
    0x3A50, 0x0001, 0x1190, 0x0001, 0x2A31, 0x0001, 0x4BFC, 0x0001, 0x441F, 0x0001, 0x2A74, 0x0001,
    0x49A8, 0x0001, 0x9262, 0x0001, 0xBB61, 0x0001, 0xDCC4, 0x0001, 0xFE05, 0x0001, 0xFE86, 0x0001,
    0xFDE5, 0x0001, 0xD483, 0x0001, 0xCC02, 0x0001, 0xCC23, 0x0001, 0xB321, 0x0001, 0x7A24, 0x0001,
    0x3A0F, 0x0001, 0x19D1, 0x0001, 0x2211, 0x0001, 0x4BBB, 0x0001, 0x545F, 0x0001, 0x32B5, 0x0001,
    0x196D, 0x0001, 0x2A11, 0x0001, 0x543E, 0x0001, 0x43BC, 0x0001, 0x08E7, 0x0001, 0x6A80, 0x0001,
    0xFE46, 0x0001, 0xFEA6, 0x0001, 0xFE26, 0x0001, 0xFE46, 0x0001, 0xED64, 0x0001, 0xCBE2, 0x0001,
    0xA2C2, 0x0001, 0x71E3, 0x0001, 0x51A2, 0x0001, 0x6243, 0x0001, 0x9B45, 0x0001, 0xC447, 0x0001,
    0xBC06, 0x0001, 0x9325, 0x0001, 0xA345, 0x0001, 0xD4A7, 0x0001, 0xF60B, 0x0001, 0xCCC9, 0x0001,
    0x9305, 0x0001, 0xC507, 0x0001, 0xFF6C, 0x0001, 0xFEEC, 0x0001, 0xED8B, 0x0001, 0xFF8F, 0x0002,
    0xED44, 0x0008, 0x18C5, 0x0008, 0xED44, 0x0009, 0xFF8F, 0x0002, 0xFF0C, 0x0002, 0xFEAB, 0x0001,
    0xED88, 0x0001, 0xC447, 0x0001, 0x7AC8, 0x0001, 0x2926, 0x0001, 0x00A7, 0x0001, 0x2A53, 0x0001,
    0x437A, 0x0001, 0x3296, 0x0001, 0x218B, 0x0001, 0x4122, 0x0001, 0x8A21, 0x0001, 0xD465, 0x0001,
    0xFE26, 0x0001, 0xF5C5, 0x0001, 0xD443, 0x0001, 0xC3A2, 0x0002, 0xCC02, 0x0001, 0xDC22, 0x0001,
    0xA302, 0x0001, 0x2906, 0x0001, 0x00AA, 0x0001, 0x3252, 0x0001, 0x543D, 0x0001, 0x549F, 0x0001,
    0x4379, 0x0001, 0x3B36, 0x0001, 0x439A, 0x0001, 0x3B15, 0x0001, 0x3A4C, 0x0001, 0x6A44, 0x0001,
    0xCC63, 0x0001, 0xFE46, 0x0001, 0xED85, 0x0001, 0xE4E4, 0x0001, 0xF5C5, 0x0001, 0xFE66, 0x0001,
    0xED64, 0x0001, 0xB343, 0x0001, 0x5962, 0x0001, 0x2903, 0x0001, 0x51C3, 0x0001, 0xA365, 0x0001,
    0xE589, 0x0001, 0xDD29, 0x0001, 0xAB45, 0x0001, 0xA345, 0x0001, 0xD4C8, 0x0001, 0xFE2C, 0x0001,
    0xDD2A, 0x0001, 0xAB86, 0x0001, 0xCCE8, 0x0001, 0xFF2D, 0x0001, 0xFFED, 0x0001, 0xEE4A, 0x0001,
    0xFF8F, 0x0002, 0xED44, 0x0008, 0x18C5, 0x0008, 0xED44, 0x0009, 0xFF8F, 0x0002, 0xFF2B, 0x0001,
    0xEE8B, 0x0001, 0xDD2A, 0x0001, 0xC447, 0x0001, 0xBC05, 0x0001, 0xB3A5, 0x0001, 0x7262, 0x0001,
    0x2922, 0x0001, 0x1129, 0x0001, 0x19AF, 0x0001, 0x21CF, 0x0001, 0x1129, 0x0001, 0x0882, 0x0001,
    0x40E1, 0x0001, 0xAB44, 0x0001, 0xFE26, 0x0001, 0xFDE5, 0x0001, 0xD443, 0x0001, 0xD463, 0x0001,
    0xD483, 0x0001, 0xD463, 0x0001, 0xE4C4, 0x0001, 0xC443, 0x0001, 0x5A41, 0x0001, 0x18E5, 0x0001,
    0x196E, 0x0001, 0x32F8, 0x0001, 0x547F, 0x0001, 0x5CDF, 0x0001, 0x653F, 0x0001, 0x545F, 0x0001,
    0x090B, 0x0001, 0x2060, 0x0001, 0xC3A0, 0x0001, 0xFE45, 0x0001, 0xFE26, 0x0001, 0xD463, 0x0001,
    0xCC23, 0x0001, 0xF5C5, 0x0001, 0xFEE7, 0x0001, 0xFE26, 0x0001, 0xCC04, 0x0001, 0x6182, 0x0001,
    0x1082, 0x0001, 0x3983, 0x0001, 0xABA6, 0x0001, 0xE549, 0x0001, 0xEDCA, 0x0001, 0xDD48, 0x0001,
    0xC466, 0x0001, 0xC467, 0x0001, 0xE5A9, 0x0001, 0xEDE9, 0x0001, 0xD507, 0x0001, 0xD4C8, 0x0001,
    0xEDCB, 0x0001, 0xFF6C, 0x0001, 0xFF6B, 0x0001, 0xFF8F, 0x0002, 0xED44, 0x0008, 0x18C5, 0x0008,
    0xED44, 0x0009, 0xFF8F, 0x0002, 0xFF4B, 0x0001, 0xD589, 0x0001, 0x9B45, 0x0001, 0xAB44, 0x0001,
    0xC424, 0x0001, 0xC426, 0x0001, 0xC446, 0x0001, 0xA386, 0x0001, 0x3984, 0x0001, 0x0044, 0x0001,
    0x08A4, 0x0001, 0x18E4, 0x0001, 0x0883, 0x0001, 0x0822, 0x0001, 0x6263, 0x0001, 0xFE26, 0x0001,
    0xFF06, 0x0001, 0xFE05, 0x0001, 0xFE06, 0x0001, 0xFDE5, 0x0001, 0xF5C5, 0x0002, 0xF5E5, 0x0001,
    0xE5E5, 0x0001, 0x8B63, 0x0001, 0x0864, 0x0001, 0x00EC, 0x0001, 0x4358, 0x0001, 0x5CBF, 0x0001,
    0x5C9F, 0x0001, 0x3AD5, 0x0001, 0x0027, 0x0001, 0x28E0, 0x0001, 0xDCE2, 0x0001, 0xFF26, 0x0001,
    0xFE26, 0x0001, 0xD463, 0x0001, 0xD443, 0x0001, 0xFDE5, 0x0001, 0xFEC7, 0x0001, 0xFE26, 0x0001,
    0xF504, 0x0001, 0x8AA2, 0x0001, 0x10A2, 0x0001, 0x5245, 0x0001, 0xD487, 0x0001, 0xCC47, 0x0001,
    0xD528, 0x0001, 0xFEEB, 0x0001, 0xDD68, 0x0001, 0xC426, 0x0001, 0xE5E8, 0x0001, 0xFF6A, 0x0001,
    0xF6A9, 0x0001, 0xB426, 0x0001, 0xABE7, 0x0001, 0xF6AB, 0x0001, 0xFFAC, 0x0001, 0xFF8F, 0x0002,
    0xED44, 0x0008, 0x18C5, 0x0008, 0xED44, 0x0009, 0xFF8F, 0x0002, 0xFFCD, 0x0001, 0xE5C8, 0x0001,
    0xB3A6, 0x0001, 0xCD0F, 0x0001, 0xE632, 0x0001, 0xD52A, 0x0001, 0xED47, 0x0001, 0xE527, 0x0001,
    0x8B03, 0x0001, 0x4161, 0x0002, 0x4162, 0x0001, 0x20E2, 0x0001, 0x0022, 0x0001, 0x3163, 0x0001,
    0xB404, 0x0001, 0xC4C4, 0x0001, 0xCCA5, 0x0001, 0xE545, 0x0001, 0xFE25, 0x0001, 0xFEC6, 0x0001,
    0xFEA6, 0x0001, 0xFEE7, 0x0001, 0xFF67, 0x0001, 0xF625, 0x0001, 0x8342, 0x0001, 0x2945, 0x0001,
    0x116C, 0x0001, 0x32B3, 0x0001, 0x2232, 0x0001, 0x00A9, 0x0001, 0x3963, 0x0001, 0x8BE5, 0x0001,
    0xEE4D, 0x0001, 0xF6CC, 0x0001, 0xF584, 0x0001, 0xD462, 0x0001, 0xD423, 0x0001, 0xE504, 0x0001,
    0xF606, 0x0001, 0xFE26, 0x0001, 0xF523, 0x0001, 0x9AC1, 0x0001, 0x30E1, 0x0001, 0x59A3, 0x0001,
    0xBBE6, 0x0001, 0xD508, 0x0001, 0xDDC9, 0x0001, 0xE5E9, 0x0001, 0xDD68, 0x0001, 0xDD69, 0x0001,
    0xEEB0, 0x0001, 0xFFF4, 0x0001, 0xFFB4, 0x0001, 0xB448, 0x0001, 0xAB63, 0x0001, 0xFEEA, 0x0001,
    0xFFEE, 0x0001, 0xFF8F, 0x0002, 0xED44, 0x0008, 0x18C5, 0x0008, 0xED44, 0x0009, 0xFF8F, 0x0002,
    0xFF4C, 0x0001, 0xE5A7, 0x0001, 0xC467, 0x0001, 0xE698, 0x0001, 0xFFDD, 0x0001, 0xF64E, 0x0001,
    0xF5C9, 0x0001, 0xEDEB, 0x0001, 0xDD09, 0x0001, 0xBC06, 0x0001, 0x9B45, 0x0001, 0x7A84, 0x0001,
    0x49A3, 0x0001, 0x18E3, 0x0001, 0x28E2, 0x0001, 0x6162, 0x0001, 0x6941, 0x0001, 0x69A1, 0x0001,
    0xAB22, 0x0001, 0xE4E4, 0x0001, 0xFE05, 0x0001, 0xFE46, 0x0001, 0xFE05, 0x0001, 0xF5E5, 0x0001,
    0xFE86, 0x0001, 0xFE46, 0x0001, 0x7B04, 0x0001, 0x0042, 0x0001, 0x1082, 0x0001, 0x0862, 0x0001,
    0x18C2, 0x0001, 0xAC22, 0x0001, 0xFF0A, 0x0001, 0xFF55, 0x0001, 0xDDAF, 0x0001, 0xCC02, 0x0001,
    0xCBE1, 0x0001, 0xCC03, 0x0001, 0xCBE2, 0x0001, 0xE524, 0x0001, 0xFE26, 0x0001, 0xED44, 0x0001,
    0xAB22, 0x0001, 0x71A2, 0x0001, 0x69A2, 0x0001, 0xA3A6, 0x0001, 0xEE6A, 0x0001, 0xF66A, 0x0001,
    0xCC87, 0x0001, 0xDD46, 0x0001, 0xFF4D, 0x0001, 0xFFBA, 0x0001, 0xFFFF, 0x0001, 0xFFDF, 0x0001,
    0xD590, 0x0001, 0xD4C6, 0x0001, 0xFEEA, 0x0001, 0xFF6C, 0x0001, 0xFF8F, 0x0002, 0xED44, 0x0008,
    0x18C5, 0x0008, 0xED44, 0x0009, 0xFF8F, 0x0002, 0xC4A7, 0x0001, 0xB425, 0x0001, 0xFF8F, 0x0001,
    0xDDD1, 0x0001, 0xF672, 0x0001, 0xFEB2, 0x0001, 0xFF36, 0x0001, 0xFF59, 0x0001, 0xFEF4, 0x0001,
    0xEDAC, 0x0001, 0xC447, 0x0001, 0xA344, 0x0001, 0x7A84, 0x0001, 0x49C3, 0x0001, 0x4142, 0x0001,
    0x5901, 0x0001, 0x6901, 0x0001, 0x7161, 0x0001, 0x9262, 0x0001, 0xAB23, 0x0001, 0xAB44, 0x0001,
    0xAB84, 0x0001, 0xB3A4, 0x0001, 0xB384, 0x0001, 0xBC04, 0x0001, 0xCC44, 0x0001, 0x9B23, 0x0001,
    0x5141, 0x0001, 0x3040, 0x0001, 0x5960, 0x0001, 0xB422, 0x0001, 0xF64B, 0x0001, 0xFF91, 0x0001,
    0xFF8F, 0x0001, 0xCCA7, 0x0001, 0x8A21, 0x0001, 0xAB21, 0x0001, 0xD443, 0x0001, 0xCC02, 0x0001,
    0xE4E4, 0x0001, 0xFE46, 0x0001, 0xFE86, 0x0001, 0xE525, 0x0001, 0xB385, 0x0001, 0xBC87, 0x0001,
    0xE62A, 0x0001, 0xE609, 0x0001, 0xDD69, 0x0001, 0xDDA9, 0x0001, 0xF6E8, 0x0001, 0xFFCE, 0x0001,
    0xFFBB, 0x0001, 0xF7BF, 0x0001, 0xF7DF, 0x0001, 0xFF7C, 0x0001, 0xEE74, 0x0001, 0xCD0A, 0x0001,
    0xABE4, 0x0001, 0xFF8F, 0x0002, 0xED44, 0x0008, 0x18C5, 0x0008, 0xED44, 0x0009, 0xFF8F, 0x0002,
    0xAB65, 0x0001, 0x8AC5, 0x0001, 0xFF8F, 0x0001, 0xB340, 0x0001, 0xE4E7, 0x0001, 0xF6B3, 0x0001,
    0xFFFE, 0x0001, 0xFFFF, 0x0001, 0xFFDE, 0x0001, 0xF6B4, 0x0001, 0xD509, 0x0001, 0xBBE5, 0x0001,
    0x9325, 0x0001, 0x6223, 0x0001, 0x51A2, 0x0001, 0x61C2, 0x0001, 0x5962, 0x0001, 0x5142, 0x0001,
    0x71C2, 0x0001, 0x8A43, 0x0001, 0x9262, 0x0001, 0x8A22, 0x0001, 0x79E2, 0x0001, 0x71A2, 0x0001,
    0x7182, 0x0001, 0x71A2, 0x0001, 0x8203, 0x0001, 0x8202, 0x0002, 0xC423, 0x0001, 0xFEE9, 0x0001,
    0xFF55, 0x0001, 0xF6B5, 0x0001, 0xEE07, 0x0001, 0xA340, 0x0001, 0x6142, 0x0001, 0xA2E2, 0x0001,
    0xDC43, 0x0001, 0xC3C3, 0x0001, 0xDCE4, 0x0001, 0xFE46, 0x0001, 0xEE05, 0x0001, 0xDCE5, 0x0001,
    0xCC67, 0x0001, 0xE5CA, 0x0001, 0xEE6A, 0x0001, 0xBC46, 0x0001, 0xC487, 0x0001, 0xFF0C, 0x0001,
    0xF6C8, 0x0001, 0xDE0B, 0x0001, 0xF77A, 0x0001, 0xFFFF, 0x0001, 0xF7BE, 0x0001, 0xFFFF, 0x0001,
    0xF79E, 0x0001, 0xBC4B, 0x0001, 0x79C0, 0x0001, 0xFF8F, 0x0002, 0xED44, 0x0008, 0x18C5, 0x0008,
    0xED44, 0x0009, 0xFF8F, 0x0002, 0xD4A7, 0x0001, 0xBC07, 0x0001, 0xFF8F, 0x0001, 0xB362, 0x0001,
    0xE529, 0x0001, 0xF6B3, 0x0001, 0xFFDC, 0x0001, 0xFFFF, 0x0002, 0xFF9B, 0x0001, 0xF60D, 0x0001,
    0xCC66, 0x0001, 0x9305, 0x0001, 0x59E3, 0x0001, 0x51C2, 0x0001, 0x51C3, 0x0001, 0x2923, 0x0001,
    0x1082, 0x0001, 0x4902, 0x0001, 0x9AA2, 0x0001, 0xCC03, 0x0001, 0xB363, 0x0001, 0x79E2, 0x0001,
    0x6142, 0x0001, 0x6141, 0x0001, 0x6982, 0x0001, 0x5902, 0x0001, 0x79C1, 0x0001, 0xD4A1, 0x0001,
    0xFE88, 0x0001, 0xFF13, 0x0001, 0xFF79, 0x0001, 0xE633, 0x0001, 0xAB85, 0x0001, 0x7180, 0x0001,
    0x6982, 0x0001, 0xB363, 0x0001, 0xC3C2, 0x0001, 0x9282, 0x0001, 0xCC64, 0x0001, 0xFE26, 0x0001,
    0xA363, 0x0001, 0x8223, 0x0001, 0xBC06, 0x0001, 0xC467, 0x0001, 0x9B85, 0x0001, 0x8AC4, 0x0001,
    0xBC47, 0x0001, 0xFE6C, 0x0001, 0xC486, 0x0001, 0x9B87, 0x0001, 0xE6FA, 0x0001, 0xFFFF, 0x0001,
    0xFFDE, 0x0001, 0xFFFF, 0x0001, 0xFF9D, 0x0001, 0xDD4C, 0x0001, 0xAB01, 0x0001, 0xFF8F, 0x0002,
    0xED44, 0x0008, 0x18C5, 0x0008, 0xED44, 0x0009, 0xFF8F, 0x0002, 0xED48, 0x0001, 0xCC87, 0x0001,
    0xFF8F, 0x0001, 0xDD08, 0x0001, 0xF62D, 0x0001, 0xFEF4, 0x0001, 0xFFBC, 0x0001, 0xFFFF, 0x0001,
    0xFFDE, 0x0001, 0xFF99, 0x0001, 0xFE8E, 0x0001, 0xBC46, 0x0001, 0x7244, 0x0001, 0x6203, 0x0002,
    0x59A2, 0x0001, 0x5A03, 0x0002, 0x5101, 0x0001, 0x7181, 0x0001, 0x9AC2, 0x0001, 0x9262, 0x0001,
    0x8202, 0x0001, 0x9AE3, 0x0001, 0x8262, 0x0001, 0x5942, 0x0001, 0x71A0, 0x0001, 0xB403, 0x0001,
    0xFEEE, 0x0001, 0xFF97, 0x0001, 0xEED8, 0x0001, 0xFF94, 0x0001, 0xF62B, 0x0001, 0x8243, 0x0001,
    0x4881, 0x0001, 0x71C2, 0x0001, 0xC3E3, 0x0001, 0xC3A2, 0x0001, 0x71A2, 0x0001, 0xB3E4, 0x0001,
    0xFDE5, 0x0001, 0x8242, 0x0001, 0x6982, 0x0001, 0xCD07, 0x0001, 0xCCC7, 0x0001, 0x8A84, 0x0001,
    0x8264, 0x0001, 0x9B66, 0x0001, 0xBC48, 0x0001, 0xC447, 0x0001, 0xB408, 0x0001, 0xBCAE, 0x0001,
    0xD617, 0x0001, 0xF7BF, 0x0001, 0xFFFF, 0x0001, 0xF73A, 0x0001, 0xDD2B, 0x0001, 0xE526, 0x0001,
    0xFEEB, 0x0001, 0xFF8F, 0x0002, 0xED44, 0x0007, 0x18C5, 0x0008, 0xED44, 0x0009, 0xFF8F, 0x0002,
    0xE508, 0x0001, 0xBC26, 0x0001, 0xFF8F, 0x0001, 0xF60A, 0x0001, 0xFECD, 0x0001, 0xFEF3, 0x0001,
    0xFF9C, 0x0001, 0xFFFF, 0x0001, 0xF759, 0x0001, 0xFED1, 0x0001, 0xFE2C, 0x0001, 0x9BA6, 0x0001,
    0x49A2, 0x0001, 0x82C4, 0x0001, 0x92C4, 0x0001, 0x6982, 0x0001, 0xA2E2, 0x0001, 0xD423, 0x0001,
    0x9282, 0x0001, 0x5941, 0x0001, 0x6982, 0x0001, 0x79E2, 0x0001, 0x9AC3, 0x0001, 0xD423, 0x0001,
    0xAB02, 0x0001, 0x71A2, 0x0001, 0xBBE1, 0x0001, 0xFF2B, 0x0001, 0xFFFC, 0x0001, 0xF7BF, 0x0001,
    0xFEF5, 0x0001, 0xFECA, 0x0001, 0xE523, 0x0001, 0x8221, 0x0001, 0x6122, 0x0001, 0x9283, 0x0001,
    0xCC03, 0x0001, 0xB362, 0x0001, 0x6961, 0x0001, 0xB3E4, 0x0001, 0xFE26, 0x0001, 0x92A2, 0x0001,
    0x7A44, 0x0001, 0xEE8B, 0x0001, 0xFEAA, 0x0001, 0xC426, 0x0001, 0xA365, 0x0001, 0x8AC4, 0x0001,
    0x8AE4, 0x0001, 0xD509, 0x0001, 0xEDCA, 0x0001, 0xA363, 0x0001, 0xA40B, 0x0001, 0xF77D, 0x0001,
    0xFFFF, 0x0001, 0xEF1B, 0x0001, 0xCCAB, 0x0001, 0xED86, 0x0001, 0xFF0B, 0x0001, 0xFF8F, 0x0002,
    0xED44, 0x0007, 0x18C5, 0x0008, 0xED44, 0x0009, 0xFF8F, 0x0002, 0xFDC9, 0x0001, 0xC467, 0x0001,
    0xFF8F, 0x0001, 0xE549, 0x0001, 0xFDEA, 0x0001, 0xF60B, 0x0001, 0xFF15, 0x0001, 0xFFBB, 0x0001,
    0xF691, 0x0001, 0xF5A8, 0x0001, 0xED48, 0x0001, 0x8305, 0x0001, 0x4182, 0x0001, 0x9B65, 0x0001,
    0xABC6, 0x0001, 0x61E3, 0x0001, 0x92A2, 0x0001, 0xDC42, 0x0001, 0xDCA4, 0x0001, 0xC485, 0x0002,
    0xDD66, 0x0001, 0xE525, 0x0001, 0xAB21, 0x0001, 0x9220, 0x0001, 0xC3A2, 0x0001, 0xFE4B, 0x0001,
    0xFFF7, 0x0001, 0xFFFD, 0x0001, 0xFFD8, 0x0001, 0xFEEB, 0x0001, 0xCCA4, 0x0001, 0x9282, 0x0001,
    0x8202, 0x0001, 0xAB03, 0x0001, 0xD403, 0x0001, 0xCBE3, 0x0001, 0x9243, 0x0001, 0x6942, 0x0001,
    0xD485, 0x0001, 0xFEC6, 0x0001, 0x92A1, 0x0001, 0x69E5, 0x0001, 0xEE70, 0x0001, 0xFFAF, 0x0001,
    0xE608, 0x0001, 0xC486, 0x0001, 0xAB85, 0x0002, 0xC467, 0x0001, 0xDD28, 0x0001, 0xD546, 0x0001,
    0xDDE8, 0x0001, 0xF710, 0x0001, 0xFFDB, 0x0001, 0xF75C, 0x0001, 0xDD2C, 0x0001, 0xCC63, 0x0001,
    0xFF8F, 0x0002, 0xED44, 0x0008, 0x18C5, 0x0008, 0xED44, 0x0009, 0xFF8F, 0x0002, 0xDCA7, 0x0001,
    0xFF8F, 0x0002, 0x9B04, 0x0001, 0xD4A7, 0x0001, 0xF5EC, 0x0001, 0xF64F, 0x0001, 0xEE10, 0x0001,
    0xF670, 0x0001, 0xEDED, 0x0001, 0xC447, 0x0001, 0x7A63, 0x0001, 0x6A43, 0x0001, 0xBC26, 0x0001,
    0xABC6, 0x0001, 0x4981, 0x0001, 0x7A81, 0x0001, 0xED44, 0x0001, 0xFEA6, 0x0001, 0xFEE6, 0x0001,
    0xFE65, 0x0001, 0xFE64, 0x0001, 0xD504, 0x0001, 0x61E5, 0x0001, 0x5962, 0x0001, 0xAB61, 0x0001,
    0xD50B, 0x0001, 0xDDD3, 0x0001, 0xDDB1, 0x0001, 0xE5CA, 0x0001, 0xE523, 0x0001, 0x7A20, 0x0001,
    0x3860, 0x0001, 0x6182, 0x0001, 0x9B23, 0x0001, 0xAB61, 0x0001, 0x8A82, 0x0001, 0x5121, 0x0001,
    0x48C0, 0x0001, 0x9322, 0x0001, 0xCCE4, 0x0001, 0x92A1, 0x0001, 0x8AE8, 0x0001, 0xEE97, 0x0001,
    0xFFF6, 0x0001, 0xF6CC, 0x0001, 0xD507, 0x0001, 0xCC67, 0x0001, 0xD4E8, 0x0001, 0xC446, 0x0001,
    0xCC67, 0x0001, 0xF6AC, 0x0001, 0xFF6A, 0x0001, 0xFEC8, 0x0001, 0xFFD9, 0x0001, 0xFF9F, 0x0001,
    0xEDAE, 0x0001, 0xC3E2, 0x0001, 0xFF8F, 0x0003, 0xED44, 0x0007, 0x18C5, 0x0008, 0xED44, 0x000A,
    0xFF8F, 0x0004, 0x7A01, 0x0001, 0xBC29, 0x0001, 0xF6D5, 0x0001, 0xE5EE, 0x0001, 0xCC67, 0x0001,
    0xF718, 0x0001, 0xEF3B, 0x0001, 0xA3A8, 0x0001, 0x7A21, 0x0001, 0x9325, 0x0001, 0xCC87, 0x0001,
    0x9B65, 0x0001, 0x4141, 0x0001, 0x9362, 0x0001, 0xFEC7, 0x0001, 0xFF07, 0x0001, 0xFE05, 0x0001,
    0xECC2, 0x0001, 0xA320, 0x0001, 0x5A24, 0x0001, 0x320E, 0x0001, 0x218C, 0x0001, 0x2902, 0x0001,
    0x5980, 0x0001, 0x8224, 0x0001, 0x8223, 0x0001, 0x8243, 0x0001, 0x8202, 0x0001, 0x38E0, 0x0001,
    0x0840, 0x0001, 0x18C2, 0x0001, 0x2923, 0x0001, 0x2901, 0x0001, 0x20E1, 0x0001, 0x18A1, 0x0002,
    0x10A1, 0x0001, 0x3142, 0x0001, 0x8AE2, 0x0001, 0xDD4D, 0x0001, 0xF77C, 0x0001, 0xFFFD, 0x0001,
    0xF6B2, 0x0001, 0xCCC9, 0x0001, 0xCCA7, 0x0001, 0xEDCA, 0x0001, 0xDD09, 0x0001, 0xCC67, 0x0001,
    0xEDAB, 0x0001, 0xFE89, 0x0001, 0xF6C9, 0x0001, 0xFFD9, 0x0001, 0xF77E, 0x0001, 0xD50C, 0x0001,
    0xED06, 0x0001, 0xF5EB, 0x0001, 0xFF8F, 0x0003, 0xED44, 0x0007, 0x18C5, 0x0002, 0xED44, 0x0001,
    0x18C5, 0x0004, 0xED44, 0x000A, 0xFF8F, 0x0004, 0xABA5, 0x0001, 0xD50A, 0x0001, 0xF670, 0x0001,
    0xEE30, 0x0001, 0xDDD1, 0x0001, 0xFF9C, 0x0001, 0xEF1A, 0x0001, 0xB408, 0x0001, 0x92C2, 0x0001,
    0xA345, 0x0001, 0xBC05, 0x0001, 0xC48A, 0x0001, 0xA48F, 0x0001, 0x9C2A, 0x0001, 0x9BC1, 0x0001,
    0xAC01, 0x0001, 0xABC4, 0x0001, 0x8308, 0x0001, 0x49C9, 0x0001, 0x218B, 0x0001, 0x2A32, 0x0001,
    0x19F1, 0x0001, 0x090B, 0x0001, 0x2107, 0x0001, 0x4105, 0x0001, 0x38C1, 0x0001, 0x3040, 0x0001,
    0x3080, 0x0001, 0x3A4F, 0x0001, 0x32B1, 0x0001, 0x10C3, 0x0001, 0x0042, 0x0001, 0x092B, 0x0001,
    0x114B, 0x0001, 0x19AC, 0x0001, 0x2A4F, 0x0001, 0x096E, 0x0001, 0x110A, 0x0001, 0x8B05, 0x0001,
    0xEDED, 0x0001, 0xFFBE, 0x0001, 0xFFFF, 0x0001, 0xF6F8, 0x0001, 0xCCAA, 0x0001, 0xD4A6, 0x0001,
    0xF60B, 0x0001, 0xCCE9, 0x0001, 0xAB86, 0x0001, 0xC448, 0x0001, 0xE5A9, 0x0001, 0xF6EB, 0x0001,
    0xFFF3, 0x0001, 0xF715, 0x0001, 0xCD0B, 0x0001, 0xED47, 0x0001, 0xF5EB, 0x0001, 0xFECC, 0x0001,
    0xFFAC, 0x0001, 0xFF8F, 0x0002, 0xED44, 0x0006, 0x18C5, 0x0001, 0xED44, 0x0003, 0x18C5, 0x0003,
    0xED44, 0x0009, 0xFF8F, 0x0002, 0xFF4B, 0x0001, 0xE5E9, 0x0001, 0xCC87, 0x0001, 0xE54A, 0x0001,
    0xF60A, 0x0001, 0xEDC9, 0x0001, 0xF6F5, 0x0001, 0xFFFF, 0x0001, 0xFFBC, 0x0001, 0xEE30, 0x0001,
    0xD4C8, 0x0001, 0xA385, 0x0001, 0x9304, 0x0001, 0xAB42, 0x0001, 0xEDEF, 0x0001, 0xFFFF, 0x0001,
    0xAD34, 0x0001, 0x4941, 0x0001, 0x4120, 0x0001, 0x41E9, 0x0001, 0x21F1, 0x0001, 0x2213, 0x0001,
    0x2A11, 0x0004, 0x2A54, 0x0001, 0x2210, 0x0001, 0x1906, 0x0001, 0x0820, 0x0001, 0x18E4, 0x0001,
    0x4399, 0x0001, 0x4BFC, 0x0001, 0x2167, 0x0001, 0x18E5, 0x0001, 0x2A11, 0x0001, 0x21D0, 0x0001,
    0x32B5, 0x0001, 0x5C9F, 0x0001, 0x3B9D, 0x0001, 0x2A0F, 0x0001, 0x8B06, 0x0001, 0xE56B, 0x0001,
    0xF77B, 0x0001, 0xFFFF, 0x0001, 0xF77D, 0x0001, 0xCCEC, 0x0001, 0xD4A6, 0x0001, 0xF5EA, 0x0001,
    0xC488, 0x0001, 0x92E4, 0x0001, 0xAB85, 0x0001, 0xDD48, 0x0001, 0xF6CB, 0x0001, 0xFFEC, 0x0001,
    0xF6CA, 0x0001, 0xFF8F, 0x0003, 0xF6EB, 0x0001, 0xFFAC, 0x0001, 0xFF8F, 0x0002, 0xED44, 0x0006,
    0x18C5, 0x0001, 0xED44, 0x0003, 0x18C5, 0x0003, 0xED44, 0x000A, 0xFF8F, 0x0002, 0xD548, 0x0001,
    0xDCE8, 0x0001, 0xFDEA, 0x0001, 0xFE2B, 0x0001, 0xF62E, 0x0001, 0xFF7B, 0x0001, 0xFFFF, 0x0001,
    0xFFDC, 0x0001, 0xEE0F, 0x0001, 0xD4A8, 0x0001, 0xA385, 0x0001, 0x9304, 0x0001, 0xAB63, 0x0001,
    0xE5AF, 0x0001, 0xFFFF, 0x0001, 0xE71B, 0x0001, 0xA44F, 0x0001, 0x422D, 0x0001, 0x0991, 0x0001,
    0x09D4, 0x0001, 0x196C, 0x0001, 0x2149, 0x0001, 0x19D2, 0x0001, 0x19B0, 0x0001, 0x2148, 0x0001,
    0x2A30, 0x0001, 0x2233, 0x0001, 0x00A5, 0x0001, 0x00A6, 0x0001, 0x21CF, 0x0001, 0x21EF, 0x0001,
    0x19CD, 0x0001, 0x19CF, 0x0001, 0x198D, 0x0001, 0x08E8, 0x0001, 0x0066, 0x0001, 0x2A50, 0x0001,
    0x653F, 0x0001, 0x337C, 0x0001, 0x10E6, 0x0001, 0x8AE3, 0x0001, 0xEDAC, 0x0001, 0xF6D6, 0x0001,
    0xFFFF, 0x0001, 0xF77D, 0x0001, 0xCD0D, 0x0001, 0xCC85, 0x0001, 0xEDCA, 0x0001, 0xD4E9, 0x0001,
    0xAB85, 0x0001, 0xBBE5, 0x0001, 0xDD09, 0x0001, 0xF64B, 0x0001, 0xFFCC, 0x0001, 0xF6E9, 0x0001,
    0xFF8F, 0x0006, 0xED44, 0x0007, 0x18C5, 0x0002, 0xED44, 0x0001, 0x18C5, 0x0005, 0xED44, 0x0003,
    0x18C5, 0x0001, 0xED44, 0x0006, 0xFF8F, 0x0002, 0xBC26, 0x0001, 0xED88, 0x0001, 0xF64E, 0x0001,
    0xF737, 0x0001, 0xF75A, 0x0001, 0xFF59, 0x0001, 0xFF58, 0x0001, 0xF693, 0x0001, 0xD4E9, 0x0001,
    0xA364, 0x0001, 0x9304, 0x0001, 0xB3A3, 0x0001, 0xDD6E, 0x0001, 0xEF5D, 0x0001, 0xFFFD, 0x0001,
    0xFF74, 0x0001, 0x6B6F, 0x0001, 0x29AF, 0x0001, 0x526D, 0x0001, 0x2944, 0x0001, 0x10A1, 0x0001,
    0x420B, 0x0001, 0x41E9, 0x0001, 0x1881, 0x0001, 0x10E8, 0x0001, 0x218C, 0x0001, 0x4163, 0x0001,
    0x39A7, 0x0001, 0x29EF, 0x0001, 0x3124, 0x0001, 0x3900, 0x0001, 0x39ED, 0x0001, 0x39EB, 0x0001,
    0x3920, 0x0001, 0x3060, 0x0001, 0x2967, 0x0001, 0x3317, 0x0001, 0x3270, 0x0001, 0x4120, 0x0001,
    0x8261, 0x0001, 0xCCC9, 0x0001, 0xFED0, 0x0001, 0xFFFD, 0x0001, 0xF77D, 0x0001, 0xCD2D, 0x0001,
    0xD485, 0x0001, 0xEDEB, 0x0001, 0xEDCB, 0x0001, 0xD4A7, 0x0001, 0xBC26, 0x0001, 0xC447, 0x0001,
    0xE54A, 0x0001, 0xFF0C, 0x0001, 0xF6EB, 0x0001, 0xFF8F, 0x0005, 0xED44, 0x0007, 0x18C5, 0x0009,
    0xED44, 0x0003, 0x18C5, 0x0001, 0xED44, 0x0006, 0xFF8F, 0x0002, 0x9B45, 0x0001, 0xDD07, 0x0001,
    0xFEB1, 0x0001, 0xFFDE, 0x0001, 0xF717, 0x0001, 0xEDEB, 0x0001, 0xF6B2, 0x0001, 0xF6B4, 0x0001,
    0xD4E9, 0x0001, 0xA364, 0x0001, 0x9304, 0x0001, 0xB383, 0x0001, 0xDD8F, 0x0001, 0xF77E, 0x0001,
    0xFFF9, 0x0001, 0xF6CA, 0x0001, 0x7A84, 0x0001, 0x79C3, 0x0001, 0xBBC3, 0x0001, 0x5203, 0x0001,
    0x18C2, 0x0001, 0xA343, 0x0001, 0xA342, 0x0001, 0x18C2, 0x0001, 0x0003, 0x0001, 0x3144, 0x0001,
    0xB382, 0x0001, 0x82C3, 0x0001, 0x18E4, 0x0001, 0x7A82, 0x0001, 0xBB62, 0x0001, 0x71C3, 0x0001,
    0x8243, 0x0001, 0xBBA1, 0x0001, 0x9A81, 0x0001, 0x38C2, 0x0001, 0x0885, 0x0001, 0x6264, 0x0001,
    0xBBA2, 0x0001, 0x81E1, 0x0001, 0x82A3, 0x0001, 0xEE89, 0x0001, 0xFFF9, 0x0001, 0xF77E, 0x0001,
    0xD52E, 0x0001, 0xCC85, 0x0001, 0xEDCA, 0x0001, 0xFE6C, 0x0001, 0xE56A, 0x0001, 0xA3A6, 0x0001,
    0x9B05, 0x0001, 0xC447, 0x0001, 0xEE6A, 0x0001, 0xFEEB, 0x0001, 0xE568, 0x0001, 0xBBC6, 0x0001,
    0xFF8F, 0x0002, 0xED44, 0x0008, 0x18C5, 0x0009, 0xED44, 0x0003, 0x18C5, 0x0001, 0xED44, 0x0006,
    0xFF8F, 0x0002, 0x9B23, 0x0001, 0xED25, 0x0001, 0xFF51, 0x0001, 0xFFFF, 0x0001, 0xFFFD, 0x0001,
    0xFE8F, 0x0001, 0xFEF0, 0x0001, 0xE5EF, 0x0001, 0x9366, 0x0001, 0x9325, 0x0001, 0xB3E6, 0x0001,
    0xA343, 0x0001, 0xBCAC, 0x0001, 0xF739, 0x0001, 0xDE52, 0x0001, 0xA3A3, 0x0001, 0x81C0, 0x0001,
    0xC341, 0x0001, 0xFD83, 0x0001, 0x8B02, 0x0001, 0x51A4, 0x0001, 0xE509, 0x0001, 0xBC88, 0x0001,
    0x10C3, 0x0001, 0x2081, 0x0001, 0x9B22, 0x0001, 0xF5A4, 0x0001, 0x9B63, 0x0001, 0x1081, 0x0001,
    0xA3C4, 0x0001, 0xFD44, 0x0001, 0x81E0, 0x0001, 0xA325, 0x0001, 0xFDEC, 0x0001, 0xAB66, 0x0001,
    0x50C0, 0x0001, 0x5960, 0x0001, 0xBC42, 0x0001, 0xFD64, 0x0001, 0x9262, 0x0001, 0x6160, 0x0001,
    0xB465, 0x0001, 0xEED3, 0x0001, 0xEF19, 0x0001, 0xBC8C, 0x0001, 0xAB83, 0x0001, 0xDD08, 0x0001,
    0xFE8C, 0x0001, 0xEDEB, 0x0001, 0x9B86, 0x0001, 0x8A84, 0x0001, 0xC426, 0x0001, 0xF68A, 0x0001,
    0xFF0B, 0x0001, 0xEDA9, 0x0001, 0xFF8F, 0x0002, 0xED44, 0x0009, 0x18C5, 0x0009, 0xED44, 0x0003,
    0x18C5, 0x0001, 0xED44, 0x0006, 0xFF8F, 0x0002, 0x9306, 0x0001, 0xD4C7, 0x0001, 0xEE70, 0x0001,
    0xEF7C, 0x0001, 0xEF7D, 0x0001, 0xF6B4, 0x0001, 0xFE8D, 0x0001, 0xBC87, 0x0001, 0x51C2, 0x0001,
    0x7AA4, 0x0001, 0xCC67, 0x0001, 0x9B03, 0x0001, 0xB44A, 0x0001, 0xFF15, 0x0001, 0xBC8D, 0x0001,
    0x50C0, 0x0001, 0x6101, 0x0001, 0xBC05, 0x0001, 0xFE26, 0x0001, 0xBBC2, 0x0001, 0x9AE5, 0x0001,
    0xFEB4, 0x0001, 0xAD72, 0x0001, 0x18E3, 0x0001, 0x61C0, 0x0001, 0xFD44, 0x0001, 0xFEC6, 0x0001,
    0x8BA5, 0x0001, 0x18C3, 0x0001, 0xAC66, 0x0001, 0xFDC4, 0x0001, 0x71C0, 0x0001, 0x9BAC, 0x0001,
    0xF716, 0x0001, 0x9BAA, 0x0001, 0x6940, 0x0001, 0xC382, 0x0001, 0xFE25, 0x0001, 0xF606, 0x0001,
    0x9303, 0x0001, 0x58E1, 0x0001, 0x8263, 0x0001, 0xDDAF, 0x0001, 0xF6F5, 0x0001, 0xB44A, 0x0001,
    0x8AA2, 0x0001, 0xBBE6, 0x0001, 0xED8A, 0x0001, 0xE58A, 0x0001, 0xABC6, 0x0001, 0x92E4, 0x0001,
    0xBC26, 0x0001, 0xFECB, 0x0001, 0xFF2B, 0x0001, 0xFF8F, 0x0002, 0xED44, 0x0009, 0x18C5, 0x000A,
    0xED44, 0x0003, 0x18C5, 0x0001, 0xED44, 0x0006, 0xFF8F, 0x0002, 0x4A6E, 0x0001, 0x6310, 0x0001,
    0x5B31, 0x0001, 0x5354, 0x0001, 0x83AF, 0x0001, 0xBC07, 0x0001, 0xCC45, 0x0001, 0x9B23, 0x0001,
    0x5180, 0x0001, 0x6A43, 0x0001, 0xABA5, 0x0001, 0xAB64, 0x0001, 0xD54C, 0x0001, 0xFF76, 0x0001,
    0xC48D, 0x0001, 0x4080, 0x0001, 0x1841, 0x0001, 0x62A4, 0x0001, 0xD4C4, 0x0001, 0xDC20, 0x0001,
    0xCC46, 0x0001, 0xFF57, 0x0001, 0xBD94, 0x0001, 0x5142, 0x0001, 0x8200, 0x0001, 0xFD44, 0x0001,
    0xFEA6, 0x0001, 0x93A5, 0x0001, 0x18E3, 0x0001, 0xAC86, 0x0001, 0xFDA4, 0x0001, 0x6960, 0x0001,
    0x8B4D, 0x0001, 0xFF59, 0x0001, 0xB46C, 0x0001, 0x89E0, 0x0001, 0xCBC2, 0x0001, 0xFE46, 0x0001,
    0xFE06, 0x0001, 0x8AC3, 0x0001, 0x50A0, 0x0001, 0x8263, 0x0001, 0xDDD0, 0x0001, 0xFF56, 0x0001,
    0xD52C, 0x0001, 0x9B23, 0x0001, 0x9B45, 0x0001, 0xBC27, 0x0001, 0xD4C8, 0x0001, 0xC467, 0x0001,
    0xA365, 0x0001, 0xA345, 0x0001, 0xEE2A, 0x0001, 0xFF4B, 0x0001, 0xFF8F, 0x0002, 0xED44, 0x0009,
    0x18C5, 0x000F, 0xED44, 0x0005, 0xFF8F, 0x0002, 0x1A13, 0x0001, 0x19F4, 0x0001, 0x0992, 0x0001,
    0x11D4, 0x0001, 0x426F, 0x0001, 0x7AE9, 0x0001, 0x7AC7, 0x0001, 0x5A48, 0x0001, 0x4A08, 0x0001,
    0x5A26, 0x0001, 0x92E4, 0x0001, 0xBBE4, 0x0001, 0xDD6B, 0x0001, 0xE611, 0x0001, 0xBC2A, 0x0001,
    0x6981, 0x0001, 0x1861, 0x0001, 0x4983, 0x0001, 0xBB82, 0x0001, 0xD3E0, 0x0001, 0xD463, 0x0001,
    0xF62E, 0x0001, 0xC4CD, 0x0001, 0x81E2, 0x0001, 0x9240, 0x0001, 0xED04, 0x0001, 0xFF06, 0x0001,
    0x9BE5, 0x0001, 0x0863, 0x0001, 0x9C05, 0x0001, 0xFE25, 0x0001, 0x9B02, 0x0001, 0xB449, 0x0001,
    0xFE8F, 0x0001, 0xABA8, 0x0001, 0x7180, 0x0001, 0xB320, 0x0001, 0xFD84, 0x0001, 0xFE06, 0x0001,
    0xB3A3, 0x0001, 0x71C1, 0x0001, 0x8263, 0x0001, 0xB48C, 0x0001, 0xE611, 0x0001, 0xDD4B, 0x0001,
    0xB3C5, 0x0001, 0x8AE4, 0x0001, 0xA365, 0x0001, 0xCC87, 0x0001, 0xDCE7, 0x0001, 0xAB85, 0x0001,
    0x82A4, 0x0001, 0xEE2A, 0x0001, 0xFF4B, 0x0001, 0xFF8F, 0x0002, 0xED44, 0x0004, 0x18C5, 0x0014,
    0xED44, 0x0005, 0xFF8F, 0x0002, 0x2A11, 0x0001, 0x2211, 0x0001, 0x2A54, 0x0001, 0x43DC, 0x0001,
    0x549D, 0x0001, 0x541C, 0x0001, 0x3AB3, 0x0001, 0x21D0, 0x0001, 0x2211, 0x0001, 0x526B, 0x0001,
    0x9B24, 0x0001, 0xC425, 0x0001, 0xC447, 0x0001, 0xA386, 0x0001, 0x92C4, 0x0001, 0x8A22, 0x0001,
    0x71C2, 0x0001, 0x9283, 0x0001, 0xC3E2, 0x0001, 0xD421, 0x0001, 0xCC02, 0x0001, 0xDC84, 0x0001,
    0xB3A4, 0x0001, 0x8A63, 0x0001, 0xA2C2, 0x0001, 0xED03, 0x0001, 0xFEE6, 0x0001, 0x9BE5, 0x0001,
    0x0883, 0x0001, 0x93A4, 0x0001, 0xFEE6, 0x0001, 0xF605, 0x0001, 0xF646, 0x0001, 0xFE06, 0x0001,
    0x92C3, 0x0001, 0x6941, 0x0001, 0xB341, 0x0001, 0xF584, 0x0001, 0xFE26, 0x0001, 0xED24, 0x0001,
    0xAB02, 0x0001, 0x71A2, 0x0001, 0x7204, 0x0001, 0xA386, 0x0001, 0xC487, 0x0001, 0xBC06, 0x0001,
    0x9305, 0x0001, 0xA385, 0x0001, 0xCC87, 0x0001, 0xD4C7, 0x0001, 0xA385, 0x0001, 0x8AE4, 0x0001,
    0xEE2A, 0x0001, 0xFF4B, 0x0001, 0xFF8F, 0x0002, 0xED44, 0x0004, 0x18C5, 0x0014, 0xED44, 0x0005,
    0xFF8F, 0x0002, 0x19F2, 0x0001, 0x21F1, 0x0001, 0x3AF4, 0x0001, 0x64DF, 0x0001, 0x6DBF, 0x0001,
    0x54DF, 0x0001, 0x3318, 0x0001, 0x118F, 0x0001, 0x114C, 0x0001, 0x6288, 0x0001, 0xBC06, 0x0001,
    0xD486, 0x0001, 0xB3E6, 0x0001, 0x8AC3, 0x0001, 0x69E2, 0x0001, 0x7A63, 0x0001, 0xC424, 0x0001,
    0xDD24, 0x0001, 0xE524, 0x0001, 0xE58B, 0x0001, 0xDD6D, 0x0001, 0xD422, 0x0001, 0xA280, 0x0001,
    0x81C0, 0x0001, 0x9A82, 0x0001, 0xAB63, 0x0001, 0x7B64, 0x0001, 0x72E4, 0x0001, 0x8AE3, 0x0001,
    0xBBC3, 0x0001, 0xE564, 0x0001, 0xFEE6, 0x0001, 0xFF6A, 0x0001, 0xFE6C, 0x0001, 0xC466, 0x0001,
    0xB3E6, 0x0001, 0xD54D, 0x0001, 0xFE6C, 0x0001, 0xFE05, 0x0001, 0xD463, 0x0001, 0x9262, 0x0001,
    0x6141, 0x0001, 0x6181, 0x0001, 0x92E3, 0x0001, 0xBC06, 0x0001, 0xC467, 0x0001, 0xB3E6, 0x0001,
    0xABA5, 0x0001, 0xB3E6, 0x0001, 0xCC67, 0x0001, 0xCC47, 0x0001, 0xABC6, 0x0001, 0xDD68, 0x0001,
    0xFF8F, 0x0002, 0xED44, 0x0005, 0x18C5, 0x0014, 0xED44, 0x0005, 0xFF8F, 0x0002, 0x3250, 0x0001,
    0x2A11, 0x0001, 0x2253, 0x0001, 0x43BC, 0x0001, 0x547E, 0x0001, 0x4C1E, 0x0001, 0x3AF7, 0x0001,
    0x112C, 0x0001, 0x0862, 0x0001, 0x6242, 0x0001, 0xD487, 0x0001, 0xD4C7, 0x0001, 0xBC26, 0x0001,
    0xA365, 0x0001, 0x59C3, 0x0001, 0x51E3, 0x0001, 0xCCE5, 0x0001, 0xFEA5, 0x0001, 0xFE65, 0x0001,
    0xFEF0, 0x0001, 0xFEF4, 0x0001, 0xE529, 0x0001, 0xBB83, 0x0001, 0x92A4, 0x0001, 0x9A84, 0x0001,
    0x69C2, 0x0001, 0x1082, 0x0001, 0x49A2, 0x0001, 0xCC03, 0x0001, 0xDC63, 0x0001, 0xD462, 0x0001,
    0xED43, 0x0001, 0xF66F, 0x0001, 0xF716, 0x0001, 0xFEAA, 0x0001, 0xFE87, 0x0001, 0xFEF3, 0x0001,
    0xFF30, 0x0001, 0xFE05, 0x0001, 0xB362, 0x0001, 0x7182, 0x0001, 0x6982, 0x0001, 0x7A43, 0x0001,
    0x9B65, 0x0001, 0xBC26, 0x0001, 0xCC87, 0x0001, 0xCC67, 0x0001, 0xA385, 0x0001, 0x9304, 0x0001,
    0xB3C6, 0x0001, 0xE508, 0x0001, 0xD4A7, 0x0001, 0xFF8F, 0x0002, 0xED44, 0x0005, 0x18C5, 0x0015,
    0xED44, 0x0005, 0xFF8F, 0x0002, 0xA3C9, 0x0001, 0x52AF, 0x0001, 0x0152, 0x0001, 0x11F4, 0x0001,
    0x2254, 0x0001, 0x2255, 0x0001, 0x2235, 0x0001, 0x012E, 0x0001, 0x0063, 0x0001, 0x6202, 0x0001,
    0xCC47, 0x0001, 0xD488, 0x0001, 0xCC66, 0x0001, 0xCC23, 0x0001, 0x6A43, 0x0001, 0x4183, 0x0001,
    0xA363, 0x0001, 0xF584, 0x0001, 0xFE86, 0x0001, 0xFEE8, 0x0001, 0xFEAC, 0x0001, 0xEE51, 0x0001,
    0xEE55, 0x0001, 0xDDD3, 0x0001, 0xA389, 0x0001, 0x71A1, 0x0001, 0x6982, 0x0001, 0x4123, 0x0001,
    0x51C3, 0x0001, 0xCD05, 0x0001, 0xFDA4, 0x0001, 0xAB01, 0x0001, 0xAC0C, 0x0001, 0xFF16, 0x0001,
    0xFF0B, 0x0001, 0xFE22, 0x0001, 0xFE47, 0x0001, 0xFE89, 0x0001, 0xFE06, 0x0001, 0xD443, 0x0001,
    0x9AA2, 0x0001, 0x8A22, 0x0001, 0x8AA4, 0x0001, 0x9B65, 0x0001, 0xBC26, 0x0001, 0xCC67, 0x0001,
    0xCC47, 0x0001, 0xA365, 0x0001, 0x82C4, 0x0001, 0x8AE5, 0x0001, 0xCC67, 0x0001, 0xE508, 0x0001,
    0xFF8F, 0x0002, 0xED44, 0x0005, 0x18C5, 0x0015, 0xED44, 0x0005, 0xFF8F, 0x0002, 0xDCA6, 0x0001,
    0xA46F, 0x0001, 0x5354, 0x0001, 0x5B52, 0x0001, 0x5ACE, 0x0001, 0x528C, 0x0001, 0x630E, 0x0001,
    0x4A6B, 0x0001, 0x2903, 0x0001, 0x8304, 0x0001, 0xE589, 0x0001, 0xD4E8, 0x0001, 0xC425, 0x0001,
    0xDC63, 0x0001, 0x9B22, 0x0001, 0x7A83, 0x0001, 0xBBC3, 0x0001, 0xED04, 0x0001, 0xED45, 0x0001,
    0xED42, 0x0001, 0xFDC4, 0x0001, 0xFEEF, 0x0001, 0xFFF7, 0x0001, 0xFFB4, 0x0001, 0xCCA9, 0x0001,
    0x9A81, 0x0001, 0xB2C2, 0x0001, 0x5163, 0x0001, 0x0043, 0x0001, 0x8385, 0x0001, 0xED24, 0x0001,
    0xAB22, 0x0001, 0xB44C, 0x0001, 0xFF16, 0x0001, 0xF6D1, 0x0001, 0xF62A, 0x0001, 0xFE6A, 0x0001,
    0xFE67, 0x0001, 0xFE24, 0x0001, 0xF5C4, 0x0001, 0xD444, 0x0001, 0x8A43, 0x0001, 0x71C3, 0x0001,
    0x8AC4, 0x0001, 0xBC06, 0x0001, 0xDD08, 0x0001, 0xD528, 0x0001, 0xBC47, 0x0001, 0x9B45, 0x0001,
    0x8AE4, 0x0001, 0xA385, 0x0001, 0xC467, 0x0001, 0xFF8F, 0x0002, 0xED44, 0x0005, 0x18C5, 0x0015,
    0xED44, 0x0005, 0xFF8F, 0x0002, 0xCC87, 0x0001, 0xF650, 0x0001, 0xF738, 0x0001, 0xF6F6, 0x0001,
    0xD56E, 0x0001, 0xBC47, 0x0001, 0xE569, 0x0001, 0xCCE9, 0x0001, 0x8AC4, 0x0001, 0xBCA7, 0x0001,
    0xFF0B, 0x0001, 0xDD69, 0x0001, 0xBBE5, 0x0001, 0xCC23, 0x0001, 0xC3E2, 0x0001, 0xCC43, 0x0001,
    0xF5C5, 0x0002, 0xD443, 0x0001, 0xC3C2, 0x0001, 0xDCA3, 0x0001, 0xFE06, 0x0001, 0xFEE8, 0x0001,
    0xFE87, 0x0001, 0xE504, 0x0001, 0xC3A2, 0x0001, 0xA2A2, 0x0001, 0x5183, 0x0001, 0x10A3, 0x0001,
    0x4943, 0x0001, 0xB322, 0x0001, 0xED64, 0x0001, 0xF6AD, 0x0001, 0xF6F6, 0x0002, 0xF6F5, 0x0001,
    0xFF16, 0x0001, 0xFE8E, 0x0001, 0xFE24, 0x0001, 0xFE85, 0x0001, 0xE546, 0x0001, 0x9283, 0x0001,
    0x6121, 0x0001, 0x71C2, 0x0001, 0xAB65, 0x0001, 0xE5A9, 0x0001, 0xF6CB, 0x0001, 0xE5E9, 0x0001,
    0xBC06, 0x0001, 0xAB65, 0x0001, 0x8B04, 0x0001, 0xFF8F, 0x0002, 0xED44, 0x0006, 0x18C5, 0x0015,
    0xED44, 0x0005, 0xFF8F, 0x0002, 0xC467, 0x0001, 0xFED1, 0x0001, 0xFFF9, 0x0001, 0xFFF8, 0x0001,
    0xEDAC, 0x0001, 0xD466, 0x0001, 0xFEF2, 0x0001, 0xFF97, 0x0001, 0xDDAE, 0x0001, 0xBCA8, 0x0001,
    0xC508, 0x0001, 0xD548, 0x0001, 0xDCC7, 0x0001, 0xC3E3, 0x0001, 0xCBA1, 0x0001, 0xDC43, 0x0001,
    0xE504, 0x0001, 0xF5C5, 0x0001, 0xED65, 0x0001, 0xBB82, 0x0001, 0x9240, 0x0001, 0x9AE1, 0x0001,
    0xA382, 0x0001, 0xBBC2, 0x0001, 0xE4A2, 0x0001, 0xDC63, 0x0001, 0x92C3, 0x0001, 0x3943, 0x0001,
    0x18C3, 0x0001, 0x5122, 0x0001, 0xC382, 0x0001, 0xFEA5, 0x0001, 0xFF6A, 0x0001, 0xFEAD, 0x0001,
    0xFF2F, 0x0001, 0xFEAE, 0x0001, 0xDD6C, 0x0001, 0xE5F0, 0x0001, 0xFEB0, 0x0001, 0xE566, 0x0001,
    0xE4E1, 0x0001, 0xE524, 0x0001, 0xA324, 0x0001, 0x6101, 0x0001, 0x6182, 0x0001, 0xBCE7, 0x0001,
    0xFFCC, 0x0001, 0xFEAA, 0x0001, 0xC426, 0x0001, 0xAB85, 0x0001, 0x8AE4, 0x0001, 0xFF8F, 0x0002,
    0xED44, 0x0006, 0x18C5, 0x0015, 0xED44, 0x0005, 0xFF8F, 0x0002, 0xCC87, 0x0001, 0xFE71, 0x0001,
    0xFF58, 0x0001, 0xFF37, 0x0001, 0xDD6C, 0x0001, 0xCCA8, 0x0001, 0xE676, 0x0001, 0xFFDF, 0x0001,
    0xFFDA, 0x0001, 0xBCAC, 0x0001, 0x92E4, 0x0001, 0xD509, 0x0001, 0xFE2B, 0x0001, 0xDC84, 0x0001,
    0xCC22, 0x0002, 0xC3A1, 0x0001, 0xDCA3, 0x0001, 0xFE05, 0x0001, 0xCCA6, 0x0001, 0x8244, 0x0001,
    0x6962, 0x0002, 0x8203, 0x0001, 0xB363, 0x0001, 0xB3A3, 0x0001, 0x6243, 0x0001, 0x10A3, 0x0001,
    0x18C3, 0x0001, 0x9303, 0x0001, 0xF543, 0x0001, 0xEDA5, 0x0001, 0xEDC5, 0x0001, 0xFE04, 0x0001,
    0xF605, 0x0001, 0xE502, 0x0001, 0xD400, 0x0001, 0xE58B, 0x0001, 0xFEF4, 0x0001, 0xD4EA, 0x0001,
    0xD462, 0x0001, 0xF5E5, 0x0001, 0xDCE5, 0x0001, 0x9283, 0x0001, 0x4922, 0x0001, 0x6AE4, 0x0001,
    0xEEAA, 0x0001, 0xFE4A, 0x0001, 0xC406, 0x0001, 0xAB85, 0x0001, 0x8AE4, 0x0001, 0xFF8F, 0x0002,
    0xED44, 0x0006, 0x18C5, 0x0015, 0xED44, 0x0005, 0xFF8F, 0x0002, 0xCC87, 0x0001, 0xFE91, 0x0001,
    0xFF58, 0x0001, 0xF717, 0x0001, 0xFE90, 0x0001, 0xEDAA, 0x0001, 0xC468, 0x0001, 0xCD72, 0x0001,
    0xFFFF, 0x0001, 0xDE14, 0x0001, 0xB3C5, 0x0001, 0xDD8D, 0x0001, 0xFED0, 0x0001, 0xFE07, 0x0001,
    0xF5C3, 0x0001, 0xED63, 0x0001, 0xCC01, 0x0001, 0xC380, 0x0001, 0xD463, 0x0001, 0xE5AD, 0x0001,
    0xDDB0, 0x0001, 0xBBC6, 0x0001, 0x9A60, 0x0001, 0x8A43, 0x0001, 0x7223, 0x0001, 0x49C3, 0x0001,
    0x2923, 0x0001, 0x0022, 0x0001, 0x18C3, 0x0001, 0xCCC5, 0x0001, 0xFE25, 0x0001, 0x8324, 0x0001,
    0x9323, 0x0001, 0xE4C2, 0x0001, 0xB342, 0x0001, 0xA2E2, 0x0001, 0xE524, 0x0001, 0xFE25, 0x0001,
    0xFE49, 0x0001, 0xF6B0, 0x0001, 0xCD2E, 0x0001, 0x9B04, 0x0001, 0xDC83, 0x0001, 0xF5C6, 0x0001,
    0x8B44, 0x0001, 0x3102, 0x0001, 0xFF8F, 0x0001, 0xFE29, 0x0001, 0xCC87, 0x0001, 0xBBE6, 0x0001,
    0x8AC4, 0x0001, 0xFF8F, 0x0002, 0xED44, 0x0006, 0x18C5, 0x0015, 0xED44, 0x0005, 0xFF8F, 0x0002,
    0xBC06, 0x0001, 0xF62F, 0x0001, 0xFF57, 0x0001, 0xF716, 0x0001, 0xFEB1, 0x0001, 0xD509, 0x0001,
    0x6180, 0x0001, 0x72C8, 0x0001, 0xFFBD, 0x0001, 0xFEF4, 0x0001, 0xCC87, 0x0001, 0xEED6, 0x0001,
    0xFFB8, 0x0001, 0xFE27, 0x0001, 0xFE46, 0x0001, 0xFECD, 0x0001, 0xEDCD, 0x0001, 0xD465, 0x0001,
    0xD441, 0x0001, 0xF650, 0x0001, 0xFFB8, 0x0001, 0xFE2A, 0x0001, 0xC3A0, 0x0001, 0x7A02, 0x0001,
    0x7A43, 0x0001, 0x7263, 0x0001, 0x4142, 0x0001, 0x0822, 0x0001, 0x18C3, 0x0001, 0x93C5, 0x0001,
    0xBCA5, 0x0001, 0x6203, 0x0001, 0x61A2, 0x0001, 0xAAE2, 0x0001, 0xA2C3, 0x0001, 0xABC4, 0x0001,
    0xFE05, 0x0001, 0xFE85, 0x0001, 0xFE6B, 0x0001, 0xFF96, 0x0001, 0xE634, 0x0001, 0x9B25, 0x0001,
    0xCC02, 0x0001, 0xE545, 0x0001, 0xA3E5, 0x0001, 0xFF8F, 0x0003, 0xDCC7, 0x0001, 0xCC47, 0x0001,
    0x8AC4, 0x0001, 0xFF8F, 0x0002, 0xED44, 0x0006, 0x18C5, 0x0015, 0xED44, 0x0005, 0xFF8F, 0x0002,
    0x9B25, 0x0001, 0xE5CF, 0x0001, 0xFF98, 0x0001, 0xFF57, 0x0001, 0xDDAE, 0x0001, 0x8AE4, 0x0001,
    0x1840, 0x0001, 0x4228, 0x0001, 0xEEB6, 0x0001, 0xFE2E, 0x0001, 0xC468, 0x0001, 0xEF1B, 0x0001,
    0xF73A, 0x0001, 0xD484, 0x0001, 0xE528, 0x0001, 0xFF37, 0x0001, 0xFF39, 0x0001, 0xF66E, 0x0001,
    0xFE05, 0x0001, 0xF66E, 0x0001, 0xFF36, 0x0001, 0xFEEA, 0x0001, 0xC422, 0x0001, 0x6982, 0x0001,
    0xA2E2, 0x0001, 0xD423, 0x0001, 0x8A22, 0x0001, 0x30C2, 0x0001, 0x18C3, 0x0001, 0x3163, 0x0001,
    0x6223, 0x0001, 0x8A63, 0x0001, 0x81E2, 0x0001, 0x8A43, 0x0001, 0xD4A5, 0x0001, 0xFE65, 0x0001,
    0xFE44, 0x0001, 0xFE6C, 0x0001, 0xF6F6, 0x0001, 0xF718, 0x0001, 0xFEF1, 0x0001, 0xFE67, 0x0001,
    0xD463, 0x0001, 0x8A43, 0x0001, 0xFF8F, 0x0003, 0xD487, 0x0001, 0xD4A7, 0x0001, 0xBC06, 0x0001,
    0x8AC4, 0x0001, 0xFF8F, 0x0002, 0xED44, 0x0006, 0x18C5, 0x0015, 0xED44, 0x0005, 0xFF8F, 0x0002,
    0xA365, 0x0001, 0xEEB6, 0x0001, 0xFFFF, 0x0001, 0xFFFB, 0x0001, 0xC4EC, 0x0001, 0x7201, 0x0001,
    0x6A43, 0x0001, 0x7B28, 0x0001, 0x8369, 0x0001, 0xAC07, 0x0001, 0xDCC8, 0x0001, 0xD54F, 0x0001,
    0xA3EC, 0x0001, 0x9242, 0x0001, 0xB385, 0x0001, 0xF60D, 0x0001, 0xFF0F, 0x0001, 0xFF30, 0x0001,
    0xFF11, 0x0001, 0xFE6D, 0x0001, 0xFE69, 0x0001, 0xFF27, 0x0001, 0xED84, 0x0001, 0x9AA2, 0x0001,
    0x6A02, 0x0001, 0x7263, 0x0001, 0x8A02, 0x0001, 0x5122, 0x0001, 0x10A3, 0x0001, 0x3943, 0x0001,
    0x6982, 0x0001, 0x6921, 0x0001, 0x9283, 0x0001, 0xDD05, 0x0001, 0xFEC5, 0x0001, 0xFF29, 0x0001,
    0xFECF, 0x0001, 0xF66F, 0x0001, 0xFEAF, 0x0001, 0xFF16, 0x0001, 0xFF74, 0x0001, 0xFEC6, 0x0001,
    0xE4C1, 0x0001, 0x9262, 0x0001, 0x81C2, 0x0001, 0xFF8F, 0x0002, 0xD4E8, 0x0001, 0xDCE8, 0x0001,
    0xBC06, 0x0001, 0xFF8F, 0x0002, 0xED44, 0x0006, 0x18C5, 0x0016, 0xED44, 0x0005, 0xFF8F, 0x0002,
    0x9B25, 0x0001, 0xE656, 0x0001, 0xF79D, 0x0001, 0xEEF6, 0x0001, 0xC4EC, 0x0001, 0xABC7, 0x0001,
    0xCC66, 0x0001, 0xB3C5, 0x0001, 0x59E2, 0x0001, 0x7AC4, 0x0001, 0xB3E6, 0x0001, 0x9262, 0x0001,
    0x79A0, 0x0001, 0x92A3, 0x0001, 0xAB23, 0x0001, 0xC3A0, 0x0001, 0xED00, 0x0001, 0xFE49, 0x0001,
    0xF6D4, 0x0001, 0xFEAF, 0x0001, 0xFE26, 0x0001, 0xEDA5, 0x0001, 0xFDA5, 0x0001, 0xE4C3, 0x0001,
    0x5A03, 0x0001, 0x0842, 0x0001, 0x4902, 0x0001, 0x4122, 0x0001, 0x18E3, 0x0001, 0x61E3, 0x0001,
    0x9242, 0x0001, 0x79E2, 0x0001, 0xABA4, 0x0001, 0xF5E5, 0x0001, 0xEDA3, 0x0001, 0xEDA9, 0x0001,
    0xF6D4, 0x0001, 0xFEAD, 0x0001, 0xFE04, 0x0001, 0xF64E, 0x0001, 0xF6B3, 0x0001, 0xFE6A, 0x0001,
    0xFDC4, 0x0001, 0xD442, 0x0001, 0xA2A2, 0x0001, 0x48A1, 0x0001, 0xFF8F, 0x0002, 0xC447, 0x0001,
    0xFF8F, 0x0002, 0xED44, 0x0003, 0x18C5, 0x001B, 0xED44, 0x0005, 0xFF8F, 0x0002, 0xAC2A, 0x0001,
    0xBC4A, 0x0001, 0x9B87, 0x0001, 0xCD6F, 0x0001, 0xFED4, 0x0001, 0xBC69, 0x0001, 0x9AC2, 0x0001,
    0xB3C5, 0x0001, 0x8B65, 0x0001, 0x51C3, 0x0001, 0x58E1, 0x0001, 0xA2E2, 0x0001, 0xF5A5, 0x0001,
    0xC424, 0x0001, 0x89E1, 0x0001, 0xB320, 0x0001, 0xED01, 0x0001, 0xFE27, 0x0001, 0xFF51, 0x0001,
    0xEE52, 0x0001, 0x9B27, 0x0001, 0xC402, 0x0001, 0xFE45, 0x0001, 0xABC4, 0x0001, 0x3082, 0x0001,
    0x1042, 0x0001, 0x2103, 0x0001, 0x4183, 0x0001, 0x5122, 0x0001, 0x8A62, 0x0001, 0xED65, 0x0001,
    0xE505, 0x0001, 0x92A3, 0x0001, 0x79C2, 0x0001, 0xAB85, 0x0001, 0xF62A, 0x0001, 0xFF29, 0x0001,
    0xFDE4, 0x0001, 0xDC83, 0x0001, 0xD50B, 0x0001, 0xF6D4, 0x0001, 0xFF4E, 0x0001, 0xF562, 0x0001,
    0xAAE1, 0x0001, 0x48A1, 0x0001, 0xFF8F, 0x0004, 0xED44, 0x0004, 0x18C5, 0x001B, 0xED44, 0x0006,
    0xFF8F, 0x0002, 0x9280, 0x0001, 0xA302, 0x0001, 0xBC8A, 0x0001, 0xBD71, 0x0001, 0xBD0F, 0x0001,
    0xBC6A, 0x0001, 0xBC47, 0x0001, 0x8B04, 0x0001, 0x6A42, 0x0001, 0x9B44, 0x0001, 0xDCC6, 0x0001,
    0xE545, 0x0001, 0xC423, 0x0001, 0xAB63, 0x0001, 0xC449, 0x0001, 0xE58A, 0x0001, 0xFE28, 0x0001,
    0xFF4F, 0x0001, 0xEE31, 0x0001, 0x9B06, 0x0001, 0xAB21, 0x0001, 0xDD05, 0x0001, 0xBB83, 0x0001,
    0x7181, 0x0001, 0x4982, 0x0001, 0x51E3, 0x0001, 0x69E2, 0x0001, 0x6961, 0x0001, 0x8242, 0x0001,
    0xC4A5, 0x0001, 0xCCC5, 0x0001, 0xAB64, 0x0001, 0x9B04, 0x0001, 0xB3A3, 0x0001, 0xE4C2, 0x0001,
    0xF605, 0x0001, 0xFE26, 0x0001, 0xE4E0, 0x0001, 0xD483, 0x0001, 0xE5AF, 0x0001, 0xFF93, 0x0001,
    0xFEAC, 0x0001, 0x8A63, 0x0001, 0x6122, 0x0001, 0xFF8F, 0x0003, 0xED44, 0x0004, 0x18C5, 0x001D,
    0xED44, 0x0006, 0xFF8F, 0x0002, 0xD4A7, 0x0001, 0x9B24, 0x0001, 0x51E3, 0x0001, 0xD5D1, 0x0001,
    0xE653, 0x0001, 0x6265, 0x0001, 0x69E0, 0x0001, 0xD463, 0x0001, 0xFE45, 0x0001, 0xDD05, 0x0001,
    0x9283, 0x0001, 0xBBA2, 0x0001, 0xFE67, 0x0001, 0xFEF1, 0x0001, 0xF6F8, 0x0001, 0xF6F6, 0x0001,
    0xFEAD, 0x0001, 0xFDE5, 0x0001, 0xDCA2, 0x0001, 0xB363, 0x0001, 0x9263, 0x0001, 0x6962, 0x0001,
    0x7A02, 0x0001, 0xC3C2, 0x0001, 0xAB62, 0x0001, 0x6982, 0x0001, 0x81E2, 0x0001, 0x7A23, 0x0001,
    0x4982, 0x0001, 0x9384, 0x0001, 0xFE46, 0x0001, 0xFEC6, 0x0001, 0xED65, 0x0001, 0xCC23, 0x0001,
    0xDCC4, 0x0001, 0xFE46, 0x0001, 0xFEA7, 0x0001, 0xED43, 0x0001, 0xCC02, 0x0001, 0xF60E, 0x0001,
    0xEEB5, 0x0001, 0x7A67, 0x0001, 0x8A62, 0x0001, 0xF5CB, 0x0001, 0xFF8F, 0x0002, 0xED44, 0x0004,
    0x18C5, 0x0021, 0xED44, 0x0003, 0xFF8F, 0x0002, 0xB3A4, 0x0001, 0x9B64, 0x0001, 0xC4CB, 0x0001,
    0x83CB, 0x0001, 0xFF8F, 0x0001, 0xAB20, 0x0001, 0xF503, 0x0001, 0xED45, 0x0001, 0xB383, 0x0001,
    0x9A61, 0x0001, 0xD4EA, 0x0001, 0xFFB2, 0x0001, 0xFF2C, 0x0001, 0xFEAF, 0x0001, 0xF717, 0x0001,
    0xFEAE, 0x0001, 0xFDE3, 0x0001, 0xE4C2, 0x0001, 0xB323, 0x0001, 0x7182, 0x0001, 0x1822, 0x0001,
    0x4162, 0x0001, 0xDC63, 0x0001, 0xBBC2, 0x0001, 0x28E2, 0x0001, 0x3923, 0x0001, 0x7A63, 0x0001,
    0x92E2, 0x0001, 0x9B23, 0x0001, 0xAB84, 0x0001, 0xCCA4, 0x0001, 0xED44, 0x0001, 0xED65, 0x0001,
    0xF5A4, 0x0001, 0xFE47, 0x0001, 0xFF2F, 0x0001, 0xF62C, 0x0001, 0xCBE1, 0x0001, 0xB345, 0x0001,
    0xB42C, 0x0001, 0xCCC7, 0x0001, 0xDCE4, 0x0001, 0xC426, 0x0001, 0xA346, 0x0001, 0xFF8F, 0x0002,
    0xED44, 0x0004, 0x18C5, 0x0020, 0xED44, 0x0004, 0xFF8F, 0x0002, 0xDCC8, 0x0001, 0x8AE3, 0x0001,
    0x1000, 0x0001, 0xFF8F, 0x0002, 0xC3A3, 0x0001, 0x8A23, 0x0001, 0x8201, 0x0001, 0xDC62, 0x0001,
    0xF60E, 0x0001, 0xEE73, 0x0001, 0xFE29, 0x0001, 0xFE6A, 0x0001, 0xF6F5, 0x0001, 0xFEAE, 0x0001,
    0xFE04, 0x0001, 0xE4E2, 0x0001, 0xB342, 0x0001, 0x6982, 0x0001, 0x20A2, 0x0001, 0x41A3, 0x0001,
    0xAB82, 0x0001, 0x92E2, 0x0001, 0x20C2, 0x0001, 0x18A3, 0x0001, 0x7263, 0x0001, 0xCC03, 0x0001,
    0xAAE2, 0x0001, 0x6961, 0x0001, 0xA2C2, 0x0001, 0xE504, 0x0001, 0xFDE6, 0x0001, 0xFE03, 0x0001,
    0xFE26, 0x0001, 0xFEF3, 0x0001, 0xF6B4, 0x0001, 0xDCE5, 0x0001, 0x9A60, 0x0001, 0x9241, 0x0001,
    0xED85, 0x0001, 0xE525, 0x0001, 0x6961, 0x0001, 0xFF8F, 0x0002, 0xED44, 0x0004, 0x18C5, 0x0021,
    0xED44, 0x0005, 0xFF8F, 0x0006, 0x8202, 0x0001, 0x58A1, 0x0001, 0x8242, 0x0001, 0xFE05, 0x0001,
    0xFDA5, 0x0001, 0xCC67, 0x0001, 0xEE10, 0x0001, 0xFF57, 0x0001, 0xF716, 0x0001, 0xFE6C, 0x0001,
    0xFE23, 0x0001, 0xFE43, 0x0001, 0xC423, 0x0001, 0x6982, 0x0001, 0x8262, 0x0001, 0xAB83, 0x0001,
    0x8A62, 0x0001, 0x6982, 0x0001, 0x6162, 0x0001, 0x49A2, 0x0001, 0x51C3, 0x0001, 0x7A02, 0x0001,
    0x9261, 0x0001, 0xB382, 0x0001, 0xED65, 0x0001, 0xF5C5, 0x0001, 0xD484, 0x0001, 0xE4C1, 0x0001,
    0xFE45, 0x0001, 0xFEF3, 0x0001, 0xFEF4, 0x0001, 0xFE06, 0x0001, 0xDC60, 0x0001, 0xB322, 0x0001,
    0xAB43, 0x0001, 0x9AC3, 0x0001, 0x6961, 0x0001, 0xFF8F, 0x0002, 0xED44, 0x0004, 0x18C5, 0x0022,
    0xED44, 0x0005, 0xFF8F, 0x0005, 0x58E1, 0x0001, 0x92A3, 0x0001, 0xCC85, 0x0001, 0xDD26, 0x0001,
    0xDCA2, 0x0002, 0xEE0B, 0x0001, 0xFF14, 0x0001, 0xF6F6, 0x0001, 0xF68F, 0x0001, 0xFEAB, 0x0001,
    0xFF2D, 0x0001, 0xC4CA, 0x0001, 0x71A2, 0x0001, 0xBB61, 0x0001, 0xE483, 0x0001, 0x81E2, 0x0001,
    0x48A1, 0x0001, 0x5942, 0x0001, 0x61C2, 0x0001, 0x5162, 0x0001, 0x5101, 0x0001, 0x8A62, 0x0001,
    0xE4A3, 0x0001, 0xF5A5, 0x0001, 0xE524, 0x0001, 0xDC61, 0x0001, 0xE525, 0x0001, 0xFEAE, 0x0001,
    0xFEF3, 0x0001, 0xFED3, 0x0001, 0xFEAD, 0x0001, 0xFE67, 0x0001, 0xED24, 0x0001, 0xAB02, 0x0001,
    0x81C2, 0x0001, 0x71A2, 0x0001, 0xFF8F, 0x0002, 0xED44, 0x0004, 0x18C5, 0x0022, 0xED44, 0x0007,
    0xFF8F, 0x0003, 0x79E2, 0x0001, 0xED85, 0x0002, 0x9283, 0x0001, 0xB3C4, 0x0001, 0xFE66, 0x0001,
    0xFE64, 0x0001, 0xFE4A, 0x0001, 0xF6F4, 0x0001, 0xF6F6, 0x0001, 0xFF15, 0x0001, 0xFF77, 0x0001,
    0xCD2F, 0x0001, 0x8A43, 0x0001, 0xB321, 0x0001, 0xCC03, 0x0001, 0x8A22, 0x0001, 0x30C2, 0x0001,
    0x18C3, 0x0001, 0x4942, 0x0001, 0x7181, 0x0001, 0x6141, 0x0001, 0x92A2, 0x0001, 0xD423, 0x0002,
    0xD462, 0x0001, 0xFDE4, 0x0001, 0xFECD, 0x0001, 0xF6F6, 0x0004, 0xFECE, 0x0001, 0xFE05, 0x0001,
    0xED02, 0x0001, 0xB343, 0x0001, 0x71A2, 0x0001, 0xFF8F, 0x0002, 0xED44, 0x0004, 0x18C5, 0x0022,
    0xED44, 0x0006, 0xFF8F, 0x0002, 0xD442, 0x0001, 0xE524, 0x0001, 0xDD25, 0x0001, 0xE525, 0x0001,
    0x9AC3, 0x0001, 0x50A1, 0x0001, 0xA343, 0x0001, 0xFEC7, 0x0001, 0xFEEB, 0x0001, 0xF690, 0x0001,
    0xF6F5, 0x0001, 0xF6F9, 0x0001, 0xFF38, 0x0001, 0xFF71, 0x0001, 0xEDA8, 0x0001, 0xB342, 0x0001,
    0xA2C2, 0x0001, 0xA303, 0x0001, 0x7A22, 0x0001, 0x3122, 0x0001, 0x10A3, 0x0001, 0x5142, 0x0001,
    0x7981, 0x0001, 0x6961, 0x0001, 0x8A62, 0x0001, 0xCC23, 0x0001, 0xECE2, 0x0001, 0xF5E8, 0x0001,
    0xFF31, 0x0001, 0xFEF0, 0x0001, 0xFE8D, 0x0001, 0xFF57, 0x0001, 0xFFBD, 0x0001, 0xF75B, 0x0001,
    0xE5EE, 0x0001, 0xED23, 0x0001, 0xFDE3, 0x0001, 0xD4A5, 0x0001, 0x71C2, 0x0001, 0xFF8F, 0x0002,
    0xED44, 0x0004, 0x18C5, 0x0022, 0xED44, 0x0006, 0xFF8F, 0x0002, 0xC3A2, 0x0001, 0xFE05, 0x0001,
    0xEDA5, 0x0001, 0xA303, 0x0001, 0x6942, 0x0001, 0x8222, 0x0001, 0xC462, 0x0001, 0xFE67, 0x0001,
    0xFF13, 0x0001, 0xF718, 0x0001, 0xF6F5, 0x0002, 0xF6B0, 0x0001, 0xEDC6, 0x0001, 0xED42, 0x0001,
    0xDCC3, 0x0001, 0xAB03, 0x0001, 0x71C2, 0x0001, 0x49A3, 0x0001, 0x2943, 0x0001, 0x10A3, 0x0001,
    0x3902, 0x0001, 0x5942, 0x0001, 0x6982, 0x0001, 0x9282, 0x0001, 0xD423, 0x0001, 0xFDA3, 0x0001,
    0xFE4A, 0x0001, 0xEE74, 0x0001, 0xF60B, 0x0001, 0xFE24, 0x0001, 0xFF77, 0x0001, 0xFFFF, 0x0001,
    0xFF34, 0x0001, 0xD4A7, 0x0001, 0xCBE2, 0x0001, 0xFE45, 0x0001, 0xEDA6, 0x0001, 0x8202, 0x0001,
    0x50A1, 0x0001, 0xFF8F, 0x0002, 0xED44, 0x0004, 0x18C5, 0x0021, 0xED44, 0x0006, 0xFF8F, 0x0002,
    0x9AC3, 0x0001, 0xB343, 0x0001, 0x8242, 0x0001, 0x71A2, 0x0001, 0xA303, 0x0001, 0xED85, 0x0001,
    0xFE44, 0x0001, 0xFE27, 0x0001, 0xFED2, 0x0001, 0xF718, 0x0001, 0xF6F5, 0x0001, 0xFF0E, 0x0001,
    0xF5C6, 0x0001, 0xA322, 0x0001, 0xBBE3, 0x0001, 0xFE05, 0x0001, 0xBBE4, 0x0001, 0x5101, 0x0001,
    0x18A2, 0x0001, 0x10C3, 0x0001, 0x10A2, 0x0001, 0x0882, 0x0001, 0x28E2, 0x0001, 0x71C2, 0x0001,
    0xAB02, 0x0001, 0xCC23, 0x0001, 0xDCA3, 0x0001, 0xD464, 0x0001, 0xCC46, 0x0001, 0xE503, 0x0001,
    0xFE46, 0x0001, 0xFF15, 0x0001, 0xFF37, 0x0001, 0xFE89, 0x0001, 0xDC61, 0x0001, 0xCBE2, 0x0001,
    0xFE25, 0x0001, 0xFE06, 0x0001, 0x92A3, 0x0001, 0x7162, 0x0001, 0x6981, 0x0001, 0xFF8F, 0x0002,
    0xED44, 0x0003, 0x18C5, 0x0022, 0xED44, 0x0006, 0xFF8F, 0x0002, 0x6122, 0x0001, 0x50E1, 0x0001,
    0x79C2, 0x0001, 0xAB44, 0x0001, 0xD4C5, 0x0001, 0xEDC4, 0x0001, 0xFE27, 0x0001, 0xFEB0, 0x0001,
    0xF718, 0x0001, 0xF717, 0x0001, 0xFF2D, 0x0001, 0xED62, 0x0001, 0x79E1, 0x0001, 0x9AE4, 0x0001,
    0xFDC5, 0x0001, 0xBBE3, 0x0001, 0x5901, 0x0001, 0x38C2, 0x0001, 0x3122, 0x0001, 0x3143, 0x0002,
    0x4963, 0x0001, 0x8223, 0x0001, 0xB343, 0x0001, 0xCC03, 0x0001, 0xCBE3, 0x0001, 0xCBE2, 0x0001,
    0xDC81, 0x0001, 0xED83, 0x0001, 0xFE47, 0x0001, 0xFE6A, 0x0001, 0xFE6D, 0x0001, 0xFE8C, 0x0001,
    0xF608, 0x0001, 0xED64, 0x0001, 0xDCE4, 0x0001, 0xB3A4, 0x0001, 0x79E2, 0x0001, 0x79A2, 0x0001,
    0x6982, 0x0001, 0xFF8F, 0x0002, 0xED44, 0x0003, 0x18C5, 0x0022, 0xED44, 0x0006, 0xFF8F, 0x0003,
    0x71A2, 0x0001, 0x8A43, 0x0001, 0x8223, 0x0001, 0x8203, 0x0001, 0xC422, 0x0001, 0xFE67, 0x0001,
    0xFF11, 0x0001, 0xF6F8, 0x0001, 0xF6F6, 0x0001, 0xFF2D, 0x0001, 0xED84, 0x0001, 0x7A21, 0x0001,
    0x7A02, 0x0001, 0xCC02, 0x0001, 0xB383, 0x0001, 0x8202, 0x0001, 0x7182, 0x0001, 0x5982, 0x0001,
    0x51C3, 0x0001, 0x7A23, 0x0001, 0x9243, 0x0001, 0x8A23, 0x0001, 0xA303, 0x0001, 0xCC23, 0x0001,
    0xCC02, 0x0001, 0xD483, 0x0001, 0xFDE5, 0x0001, 0xFE66, 0x0001, 0xFE25, 0x0001, 0xFE04, 0x0001,
    0xFE6B, 0x0001, 0xF6D5, 0x0001, 0xFF10, 0x0001, 0xF5C4, 0x0001, 0xAB42, 0x0001, 0x71A2, 0x0001,
    0x6982, 0x0001, 0x71A2, 0x0001, 0x6982, 0x0001, 0xFF8F, 0x0002, 0xED44, 0x0003, 0x18C5, 0x0021,
    0xED44, 0x0006, 0xFF8F, 0x0002, 0x6161, 0x0001, 0x79A2, 0x0001, 0x71A2, 0x0001, 0x79C2, 0x0001,
    0x8202, 0x0001, 0xAB02, 0x0001, 0xE4E2, 0x0001, 0xFE88, 0x0001, 0xFF14, 0x0001, 0xF6D6, 0x0001,
    0xFE6C, 0x0001, 0xFEC7, 0x0001, 0xED85, 0x0001, 0x7A02, 0x0001, 0x50C1, 0x0001, 0x8201, 0x0001,
    0xBB62, 0x0001, 0xAB43, 0x0001, 0x59A2, 0x0001, 0x30E2, 0x0001, 0xFF8F, 0x0001, 0x7A83, 0x0001,
    0x7202, 0x0001, 0x6982, 0x0001, 0x9AE2, 0x0001, 0xDC83, 0x0001, 0xD402, 0x0001, 0xC3E2, 0x0001,
    0xED24, 0x0001, 0xFDE4, 0x0001, 0xFE26, 0x0001, 0xFE6D, 0x0001, 0xFED1, 0x0001, 0xF6AE, 0x0001,
    0xCCE8, 0x0001, 0xA303, 0x0001, 0x9AA2, 0x0001, 0xAB02, 0x0001, 0xAB22, 0x0001, 0x9262, 0x0001,
    0x6161, 0x0001, 0xFF8F, 0x0002, 0xED44, 0x0003, 0x18C5, 0x0021, 0xED44, 0x0006, 0xFF8F, 0x0002,
    0x6161, 0x0001, 0xAAE3, 0x0001, 0xA323, 0x0001, 0x69A2, 0x0001, 0x71A1, 0x0001, 0xC3C3, 0x0001,
    0xF522, 0x0001, 0xFE07, 0x0001, 0xFEF1, 0x0001, 0xFEAF, 0x0001, 0xFE25, 0x0001, 0xFE84, 0x0001,
    0xF5E6, 0x0001, 0xA323, 0x0001, 0x5901, 0x0001, 0x6142, 0x0001, 0xC3A2, 0x0001, 0xCC23, 0x0001,
    0x39A3, 0x0001, 0x0003, 0x0001, 0xFF8F, 0x0001, 0x5203, 0x0001, 0x59E3, 0x0001, 0x69A2, 0x0001,
    0x9242, 0x0001, 0xBBA2, 0x0001, 0xE4C3, 0x0001, 0xD463, 0x0001, 0xB362, 0x0001, 0xD462, 0x0001,
    0xFE67, 0x0001, 0xFF12, 0x0002, 0xFEA6, 0x0001, 0xCC41, 0x0001, 0x9AC3, 0x0001, 0xC423, 0x0001,
    0xF563, 0x0001, 0xE4A3, 0x0001, 0xAAE2, 0x0001, 0x6141, 0x0001, 0xFF8F, 0x0002, 0xED44, 0x0003,
    0x18C5, 0x0021, 0xED44, 0x0006, 0xFF8F, 0x0002, 0x5901, 0x0001, 0xCC44, 0x0001, 0xF5C5, 0x0001,
    0x8AC3, 0x0001, 0x50E1, 0x0001, 0x9262, 0x0001, 0xBBA2, 0x0001, 0xE4C3, 0x0001, 0xFE27, 0x0001,
    0xFE88, 0x0001, 0xFE25, 0x0001, 0xFE65, 0x0001, 0xFE26, 0x0001, 0xDCA3, 0x0001, 0x9AA2, 0x0001,
    0x79E2, 0x0001, 0xCBC3, 0x0001, 0xC423, 0x0001, 0x41A3, 0x0001, 0x0003, 0x0001, 0xFF8F, 0x0001,
    0x51E3, 0x0001, 0x6A23, 0x0001, 0x8A63, 0x0001, 0x7981, 0x0001, 0x79E2, 0x0001, 0xED65, 0x0001,
    0xED85, 0x0001, 0x8222, 0x0001, 0xA323, 0x0001, 0xFE86, 0x0001, 0xFEC9, 0x0001, 0xFE48, 0x0001,
    0xFE66, 0x0001, 0xFE25, 0x0001, 0xFE06, 0x0001, 0xFE46, 0x0001, 0xFDE5, 0x0001, 0xDC63, 0x0001,
    0xA2A2, 0x0001, 0x6161, 0x0001, 0xFF8F, 0x0002, 0xED44, 0x0003, 0x18C5, 0x0021, 0xED44, 0x0005,
    0xFF8F, 0x0002, 0xA2C2, 0x0001, 0x6141, 0x0001, 0xC3E3, 0x0001, 0xFE05, 0x0001, 0xCC43, 0x0001,
    0x7A02, 0x0001, 0x79C2, 0x0001, 0x8A43, 0x0001, 0xB362, 0x0001, 0xDC82, 0x0001, 0xF583, 0x0001,
    0xFE06, 0x0002, 0xED44, 0x0001, 0xCC03, 0x0001, 0xB343, 0x0001, 0xAB23, 0x0001, 0xC362, 0x0001,
    0xA2E2, 0x0001, 0x4163, 0x0001, 0xFF8F, 0x0003, 0x6A23, 0x0001, 0x7A43, 0x0001, 0x6982, 0x0001,
    0x6962, 0x0001, 0xBBE4, 0x0001, 0xB3E4, 0x0001, 0x6162, 0x0001, 0x92A3, 0x0001, 0xF5C4, 0x0001,
    0xFE03, 0x0001, 0xED23, 0x0001, 0xDCC5, 0x0001, 0xC465, 0x0001, 0xCCA4, 0x0001, 0xDD25, 0x0001,
    0xF544, 0x0001, 0xDC63, 0x0001, 0x9AC2, 0x0001, 0x6141, 0x0001, 0x58E2, 0x0001, 0xFF8F, 0x0002,
    0xED44, 0x0006, 0x18C5, 0x001C, 0xED44, 0x0005, 0xFF8F, 0x0002, 0xE4A3, 0x0001, 0xCBE3, 0x0001,
    0x71C2, 0x0001, 0x8242, 0x0001, 0xCC22, 0x0001, 0xDC83, 0x0001, 0xBBA3, 0x0001, 0x9283, 0x0001,
    0x79E3, 0x0001, 0x8A62, 0x0001, 0xB362, 0x0001, 0xED24, 0x0001, 0xFE26, 0x0001, 0xF564, 0x0001,
    0xBB82, 0x0001, 0x8A22, 0x0001, 0xA303, 0x0001, 0xD423, 0x0001, 0xA2E2, 0x0001, 0x5921, 0x0001,
    0xFF8F, 0x0002, 0xED44, 0x0001, 0xFF8F, 0x0002, 0x49A2, 0x0001, 0x7A43, 0x0001, 0x9263, 0x0001,
    0x79C2, 0x0001, 0x5921, 0x0001, 0x6141, 0x0001, 0x9AA2, 0x0001, 0xCC22, 0x0001, 0xDC43, 0x0001,
    0xBB83, 0x0001, 0x9263, 0x0001, 0x6142, 0x0001, 0x6981, 0x0001, 0xB342, 0x0001, 0xE483, 0x0001,
    0xD423, 0x0001, 0x92A2, 0x0001, 0x6962, 0x0001, 0x71A2, 0x0001, 0x71A1, 0x0001, 0xFF8F, 0x0002,
    0xED44, 0x0006, 0x18C5, 0x001B, 0xED44, 0x0005, 0xFF8F, 0x0002, 0xE4A3, 0x0001, 0xE463, 0x0001,
    0x8A02, 0x0001, 0x5961, 0x0001, 0x7242, 0x0001, 0x9AE3, 0x0001, 0xC3A3, 0x0001, 0xCC03, 0x0001,
    0x9282, 0x0001, 0x8203, 0x0001, 0xCC44, 0x0001, 0xFEA6, 0x0001, 0xFEC6, 0x0001, 0xD4A4, 0x0001,
    0x8A42, 0x0001, 0x6962, 0x0001, 0xAB03, 0x0001, 0xDC83, 0x0001, 0x7AA3, 0x0001, 0x0822, 0x0001,
    0xFF8F, 0x0002, 0xED44, 0x0001, 0xFF8F, 0x0002, 0x3962, 0x0001, 0x8B03, 0x0001, 0xBB83, 0x0001,
    0x7161, 0x0001, 0x4861, 0x0001, 0x79E2, 0x0001, 0x9AA3, 0x0001, 0x9262, 0x0001, 0x8222, 0x0001,
    0x6961, 0x0001, 0x58E1, 0x0001, 0x6941, 0x0001, 0xA2E2, 0x0001, 0xDCE4, 0x0002, 0xA303, 0x0001,
    0x8202, 0x0001, 0x8A42, 0x0001, 0xAB02, 0x0001, 0xA2C2, 0x0001, 0x71A2, 0x0001, 0xFF8F, 0x0002,
    0xED44, 0x0005, 0x18C5, 0x001B, 0xED44, 0x0005, 0xFF8F, 0x0002, 0xDC43, 0x0001, 0xC3A2, 0x0001,
    0x69A2, 0x0001, 0x4122, 0x0001, 0x51C3, 0x0001, 0x69A3, 0x0001, 0x9262, 0x0001, 0xBBA2, 0x0001,
    0xAB22, 0x0001, 0xA303, 0x0001, 0xE525, 0x0001, 0xF686, 0x0001, 0xEDA5, 0x0001, 0xAB64, 0x0001,
    0x79E2, 0x0001, 0x8A63, 0x0001, 0xC382, 0x0001, 0xC3A2, 0x0001, 0x6A43, 0x0001, 0x10C3, 0x0001,
    0xFF8F, 0x0002, 0xED44, 0x0001, 0xFF8F, 0x0002, 0x4183, 0x0001, 0xA343, 0x0001, 0xDC63, 0x0001,
    0xB383, 0x0001, 0x8263, 0x0001, 0x8223, 0x0001, 0x9283, 0x0001, 0x92A3, 0x0001, 0x8242, 0x0001,
    0x79E2, 0x0001, 0x8283, 0x0001, 0xB383, 0x0001, 0xED44, 0x0001, 0xFEC6, 0x0001, 0xE586, 0x0001,
    0x9263, 0x0001, 0x6942, 0x0001, 0x9AA3, 0x0001, 0xE4C3, 0x0001, 0xD443, 0x0001, 0x79E2, 0x0001,
    0xFF8F, 0x0002, 0xED44, 0x0005, 0x18C5, 0x001B, 0xED44, 0x0004, 0xFF8F, 0x0002, 0x9A83, 0x0001,
    0xDC02, 0x0001, 0xA342, 0x0001, 0x2902, 0x0001, 0x3923, 0x0001, 0x8243, 0x0001, 0x79E2, 0x0001,
    0x6162, 0x0001, 0x71C2, 0x0001, 0xA302, 0x0001, 0xD443, 0x0001, 0xDCA3, 0x0001, 0xC3E3, 0x0001,
    0xA2E3, 0x0001, 0x79E3, 0x0001, 0x8A43, 0x0001, 0xC3E3, 0x0001, 0xC3A2, 0x0001, 0x8202, 0x0001,
    0x61C2, 0x0001, 0x49C3, 0x0001, 0xFF8F, 0x0002, 0xED44, 0x0001, 0xFF8F, 0x0002, 0x4182, 0x0001,
    0x92E3, 0x0001, 0xDC83, 0x0001, 0xFE25, 0x0001, 0xCCE5, 0x0001, 0x7A02, 0x0001, 0x8A22, 0x0001,
    0xCC03, 0x0001, 0xCC02, 0x0001, 0xCC43, 0x0001, 0xED85, 0x0001, 0xF5E6, 0x0001, 0xFE05, 0x0001,
    0xFEA6, 0x0001, 0xE565, 0x0001, 0x92A3, 0x0001, 0x58E1, 0x0001, 0x8242, 0x0001, 0xF5A5, 0x0001,
    0xED45, 0x0001, 0x71C2, 0x0001, 0xFF8F, 0x0002, 0xED44, 0x0005, 0x18C5, 0x001B, 0xED44, 0x0004,
    0xFF8F, 0x0002, 0x8A23, 0x0001, 0xFD24, 0x0001, 0xCCC4, 0x0001, 0x2103, 0x0001, 0x38C2, 0x0001,
    0x9A42, 0x0001, 0x79A2, 0x0001, 0x48C1, 0x0001, 0x5101, 0x0001, 0x7A02, 0x0001, 0xB382, 0x0001,
    0xDC42, 0x0001, 0xAB02, 0x0001, 0x6122, 0x0001, 0x8202, 0x0001, 0xC3C3, 0x0001, 0xBBA2, 0x0001,
    0x7222, 0x0001, 0x2882, 0x0001, 0x28E3, 0x0001, 0x4182, 0x0001, 0xFF8F, 0x0002, 0xED44, 0x0002,
    0xFF8F, 0x0002, 0x6A02, 0x0001, 0x9B23, 0x0001, 0xF5E5, 0x0001, 0xED44, 0x0001, 0x71E2, 0x0001,
    0x81E2, 0x0001, 0xCBC3, 0x0001, 0xB362, 0x0001, 0xBBC3, 0x0001, 0xFDC5, 0x0001, 0xFEC6, 0x0001,
    0xFEA6, 0x0001, 0xFE05, 0x0001, 0xD463, 0x0001, 0x8A42, 0x0001, 0x4861, 0x0001, 0x71C2, 0x0001,
    0xF5E6, 0x0001, 0xF5C6, 0x0001, 0x71C2, 0x0001, 0xFF8F, 0x0002, 0xED44, 0x0005, 0x18C5, 0x001B,
    0xED44, 0x0004, 0xFF8F, 0x0002, 0x79E2, 0x0001, 0xED45, 0x0001, 0xEDC6, 0x0001, 0x72A3, 0x0001,
    0x4922, 0x0001, 0x6982, 0x0001, 0x71A2, 0x0001, 0x71C2, 0x0001, 0x71A2, 0x0001, 0x5901, 0x0001,
    0x71A2, 0x0001, 0xC3C2, 0x0001, 0xB362, 0x0001, 0x71A2, 0x0001, 0xA302, 0x0001, 0xCC03, 0x0001,
    0x8A22, 0x0001, 0x40E2, 0x0001, 0x18E3, 0x0001, 0x10E3, 0x0001, 0x18A2, 0x0001, 0xFF8F, 0x0002,
    0xED44, 0x0003, 0xFF8F, 0x0002, 0x51C3, 0x0001, 0xB383, 0x0001, 0xC382, 0x0001, 0x71C2, 0x0001,
    0x69A2, 0x0001, 0x8223, 0x0001, 0x6962, 0x0001, 0x71A1, 0x0001, 0xBB82, 0x0001, 0xED64, 0x0001,
    0xFDE6, 0x0001, 0xE4E4, 0x0001, 0xAB02, 0x0001, 0x71A2, 0x0001, 0x50C1, 0x0001, 0x8242, 0x0001,
    0xF5C5, 0x0001, 0xED45, 0x0001, 0x71C2, 0x0001, 0xFF8F, 0x0003, 0xED44, 0x0005, 0x18C5, 0x001A,
    0xED44, 0x0004, 0xFF8F, 0x0002, 0xBBA2, 0x0001, 0xAB23, 0x0001, 0xB3C4, 0x0001, 0xDD45, 0x0001,
    0x7B04, 0x0001, 0x28E2, 0x0001, 0x8AA2, 0x0001, 0xC3A2, 0x0001, 0x8202, 0x0001, 0x50E2, 0x0001,
    0x5901, 0x0001, 0x8A42, 0x0001, 0xBB83, 0x0001, 0xBBA2, 0x0001, 0xA322, 0x0001, 0x8222, 0x0001,
    0x6961, 0x0001, 0x8202, 0x0001, 0x92E3, 0x0001, 0x6A63, 0x0001, 0x3122, 0x0001, 0xFF8F, 0x0002,
    0xED44, 0x0003, 0xFF8F, 0x0002, 0x49A3, 0x0001, 0x7202, 0x0001, 0x81E1, 0x0001, 0x71A1, 0x0001,
    0x4122, 0x0001, 0x28E3, 0x0001, 0x4102, 0x0001, 0x6941, 0x0001, 0x79E1, 0x0001, 0x9AE3, 0x0001,
    0xB384, 0x0001, 0xB343, 0x0001, 0x8A22, 0x0001, 0x6162, 0x0001, 0x7A02, 0x0001, 0xC3C3, 0x0001,
    0xED24, 0x0001, 0xC403, 0x0001, 0x6162, 0x0001, 0x5901, 0x0001, 0x71A2, 0x0001, 0xFF8F, 0x0002,
    0xED44, 0x0004, 0x18C5, 0x001A, 0xED44, 0x0004, 0xFF8F, 0x0002, 0xC3C2, 0x0001, 0x6941, 0x0001,
    0x7A02, 0x0001, 0xFE25, 0x0001, 0xA404, 0x0001, 0x1882, 0x0001, 0x8282, 0x0001, 0xDC23, 0x0001,
    0xAB23, 0x0001, 0x9282, 0x0001, 0x8242, 0x0001, 0x71A2, 0x0001, 0x9AA3, 0x0001, 0xC3C2, 0x0001,
    0x9AA2, 0x0001, 0x50E1, 0x0001, 0x3882, 0x0001, 0x92A2, 0x0001, 0xECA3, 0x0001, 0xABA3, 0x0001,
    0x4183, 0x0001, 0xFF8F, 0x0002, 0xED44, 0x0003, 0xFF8F, 0x0002, 0x51E3, 0x0001, 0x69C2, 0x0001,
    0x7182, 0x0001, 0x7162, 0x0001, 0x4102, 0x0001, 0x28E2, 0x0001, 0x5982, 0x0001, 0x79C2, 0x0001,
    0x6142, 0x0001, 0x6962, 0x0001, 0x79C2, 0x0001, 0x8203, 0x0001, 0x71A2, 0x0001, 0x6981, 0x0001,
    0xAB22, 0x0001, 0xDC83, 0x0001, 0xCBE2, 0x0001, 0xA2C2, 0x0001, 0x8222, 0x0001, 0x81E2, 0x0001,
    0x6981, 0x0001, 0xFF8F, 0x0002, 0xED44, 0x0004, 0x18C5, 0x001A, 0xED44, 0x0004, 0xFF8F, 0x0002,
    0x71C2, 0x0001, 0x5901, 0x0001, 0x8222, 0x0001, 0xDC63, 0x0001, 0xAB63, 0x0001, 0x5101, 0x0001,
    0x5921, 0x0001, 0x9AA2, 0x0001, 0xCBE2, 0x0001, 0xE483, 0x0001, 0xC3C2, 0x0001, 0x7A02, 0x0001,
    0x6142, 0x0001, 0x71C2, 0x0001, 0x8A01, 0x0001, 0x5942, 0x0001, 0x0842, 0x0001, 0x51E3, 0x0001,
    0xD463, 0x0001, 0xA383, 0x0001, 0x3963, 0x0001, 0xFF8F, 0x0002, 0xED44, 0x0003, 0xFF8F, 0x0002,
    0x51C2, 0x0001, 0x7A43, 0x0001, 0x9242, 0x0001, 0x8202, 0x0001, 0x6982, 0x0001, 0x69A2, 0x0001,
    0x8222, 0x0002, 0x6982, 0x0001, 0x71A2, 0x0001, 0x8202, 0x0001, 0x71C2, 0x0001, 0x6121, 0x0001,
    0x6981, 0x0001, 0xB342, 0x0001, 0xCC03, 0x0001, 0x8A42, 0x0002, 0xC3C2, 0x0001, 0xA2E2, 0x0001,
    0x6141, 0x0001, 0xFF8F, 0x0002, 0xED44, 0x0004, 0x18C5, 0x001A, 0xED44, 0x0004, 0xFF8F, 0x0002,
    0x6941, 0x0001, 0x9262, 0x0001, 0xA302, 0x0001, 0xA2A2, 0x0001, 0xB2E2, 0x0001, 0x9AA2, 0x0001,
    0x4102, 0x0001, 0x3922, 0x0001, 0x8AE3, 0x0001, 0xBBC3, 0x0001, 0xB302, 0x0001, 0x81E1, 0x0001,
    0x6162, 0x0001, 0x5162, 0x0001, 0x38E2, 0x0001, 0x30E2, 0x0001, 0x5A03, 0x0001, 0x8B03, 0x0001,
    0xA2E2, 0x0001, 0x9262, 0x0001, 0x5182, 0x0001, 0xFF8F, 0x0002, 0xED44, 0x0003, 0xFF8F, 0x0002,
    0x5A03, 0x0001, 0x69C2, 0x0001, 0xA2E3, 0x0001, 0xDCC5, 0x0001, 0x8B03, 0x0001, 0x2861, 0x0001,
    0x5962, 0x0001, 0x8A22, 0x0001, 0x79A1, 0x0001, 0x9AA2, 0x0001, 0xB363, 0x0001, 0x9AA2, 0x0001,
    0x4902, 0x0001, 0x28A2, 0x0001, 0x9302, 0x0001, 0xCC03, 0x0001, 0x4102, 0x0001, 0x4982, 0x0001,
    0xDC83, 0x0001, 0xC3A2, 0x0001, 0x5921, 0x0001, 0xFF8F, 0x0002, 0xED44, 0x0004, 0x18C5, 0x001A,
    0xED44, 0x0004, 0xFF8F, 0x0002, 0x69A2, 0x0001, 0xCC03, 0x0001, 0xBBC2, 0x0001, 0x6162, 0x0001,
    0x9AA2, 0x0001, 0xCC43, 0x0001, 0x51E3, 0x0001, 0x0883, 0x0001, 0x4183, 0x0001, 0x59A2, 0x0001,
    0x6141, 0x0001, 0x6162, 0x0001, 0x69A2, 0x0001, 0x51C2, 0x0001, 0x18E3, 0x0001, 0x3143, 0x0001,
    0xB3A3, 0x0001, 0xC382, 0x0001, 0x6162, 0x0001, 0x6142, 0x0001, 0x6982, 0x0001, 0xFF8F, 0x0002,
    0xED44, 0x0003, 0xFF8F, 0x0002, 0x51C3, 0x0001, 0x5101, 0x0001, 0x9AA2, 0x0001, 0xFDE5, 0x0001,
    0xA445, 0x0001, 0x18E3, 0x0001, 0x4102, 0x0001, 0x6961, 0x0001, 0x5941, 0x0001, 0x9AE2, 0x0001,
    0xD423, 0x0001, 0xBB43, 0x0001, 0x5163, 0x0001, 0x18C3, 0x0001, 0x82E3, 0x0001, 0xC3E3, 0x0001,
    0x3963, 0x0001, 0x41A3, 0x0001, 0xC3E3, 0x0001, 0xB322, 0x0001, 0x5921, 0x0001, 0xFF8F, 0x0002,
    0xED44, 0x0004, 0x18C5, 0x001A, 0xED44, 0x0004, 0xFF8F, 0x0002, 0x3943, 0x0001, 0xCC23, 0x0001,
    0xBBC3, 0x0001, 0x1882, 0x0001, 0x6A23, 0x0001, 0xE4A3, 0x0001, 0x8282, 0x0001, 0x38C2, 0x0001,
    0x5142, 0x0001, 0x3902, 0x0001, 0x20C2, 0x0001, 0x3943, 0x0001, 0x4922, 0x0001, 0x48E1, 0x0001,
    0x7A42, 0x0001, 0xAB83, 0x0001, 0xBB22, 0x0001, 0x71E2, 0x0001, 0x28E3, 0x0001, 0x28C2, 0x0001,
    0xFF8F, 0x0002, 0xED44, 0x0005, 0xFF8F, 0x0002, 0x6981, 0x0001, 0x79A1, 0x0001, 0x8242, 0x0001,
    0xBC65, 0x0001, 0xCD25, 0x0001, 0x8AA3, 0x0001, 0x3041, 0x0001, 0x1042, 0x0001, 0x6203, 0x0001,
    0xAB23, 0x0001, 0x9242, 0x0001, 0x7A02, 0x0001, 0x92E2, 0x0001, 0xA323, 0x0001, 0xA2E3, 0x0001,
    0x9303, 0x0001, 0x9B43, 0x0001, 0xA303, 0x0001, 0x9A82, 0x0001, 0xFF8F, 0x0002, 0xED44, 0x0005,
    0x18C5, 0x001A, 0xED44, 0x0004, 0xFF8F, 0x0002, 0x10C3, 0x0001, 0x9B02, 0x0001, 0xAB42, 0x0001,
    0x49A3, 0x0001, 0x6A43, 0x0001, 0xB362, 0x0001, 0x9242, 0x0001, 0x7182, 0x0001, 0x79A1, 0x0001,
    0x4102, 0x0001, 0x18C3, 0x0001, 0x5A03, 0x0001, 0x8AE3, 0x0001, 0x9AE3, 0x0001, 0xCBE3, 0x0001,
    0xBBA2, 0x0001, 0x69A2, 0x0001, 0x2082, 0x0001, 0x10A3, 0x0001, 0xFF8F, 0x0002, 0xED44, 0x0006,
    0xFF8F, 0x0002, 0x5142, 0x0001, 0x6162, 0x0001, 0x6961, 0x0001, 0xBBC3, 0x0001, 0xED65, 0x0001,
    0xC3A3, 0x0001, 0x69C2, 0x0001, 0x3963, 0x0001, 0x51A3, 0x0001, 0x7182, 0x0001, 0x40C2, 0x0001,
    0x7A42, 0x0001, 0xECA3, 0x0001, 0xAB02, 0x0001, 0x79C2, 0x0001, 0xDC42, 0x0001, 0xEC83, 0x0001,
    0x8A23, 0x0001, 0xFF8F, 0x0002, 0xED44, 0x0005, 0x18C5, 0x001B, 0xED44, 0x0005, 0xFF8F, 0x0002,
    0x6141, 0x0001, 0x9A82, 0x0001, 0xBBC3, 0x0001, 0x9B02, 0x0001, 0x69A2, 0x0001, 0x79E2, 0x0001,
    0x8A22, 0x0001, 0x71A2, 0x0001, 0x5901, 0x0001, 0x6162, 0x0001, 0xA302, 0x0001, 0xF544, 0x0001,
    0xFE26, 0x0001, 0xBC44, 0x0001, 0x4982, 0x0001, 0x20E3, 0x0001, 0x10A3, 0x0001, 0xFF8F, 0x0002,
    0xED44, 0x0007, 0xFF8F, 0x0002, 0x0023, 0x0001, 0x49A3, 0x0001, 0xBBC3, 0x0001, 0xAB22, 0x0001,
    0x71C2, 0x0001, 0xAB22, 0x0001, 0xDC83, 0x0001, 0xC403, 0x0001, 0x9AA2, 0x0001, 0x5102, 0x0001,
    0x0842, 0x0001, 0x5203, 0x0001, 0xD443, 0x0001, 0x9AC2, 0x0001, 0x6162, 0x0001, 0xC3E3, 0x0001,
    0xD423, 0x0001, 0x79C2, 0x0001, 0xFF8F, 0x0002, 0xED44, 0x0005, 0x18C5, 0x001B, 0xED44, 0x0005,
    0xFF8F, 0x0002, 0x1002, 0x0001, 0x7202, 0x0001, 0xF4A1, 0x0001, 0xC361, 0x0001, 0x6941, 0x0001,
    0xAB03, 0x0001, 0x9B03, 0x0001, 0x3922, 0x0001, 0x69E2, 0x0001, 0xC362, 0x0001, 0xB302, 0x0001,
    0xB3A3, 0x0001, 0xB485, 0x0001, 0x6AC4, 0x0001, 0x10A3, 0x0001, 0x0063, 0x0001, 0xFF8F, 0x0002,
    0xED44, 0x0004, 0x18C5, 0x0002, 0xED44, 0x0003, 0xFF8F, 0x0002, 0x4183, 0x0001, 0xA323, 0x0001,
    0xC362, 0x0001, 0x9262, 0x0001, 0x6A23, 0x0001, 0x9343, 0x0001, 0xF4C3, 0x0001, 0xEC83, 0x0001,
    0x92C2, 0x0001, 0x4142, 0x0001, 0x4942, 0x0001, 0x9AA2, 0x0001, 0xC362, 0x0001, 0xAB22, 0x0001,
    0x8281, 0x0001, 0x69E1, 0x0001, 0x6981, 0x0001, 0xFF8F, 0x0002, 0xED44, 0x0005, 0x18C5, 0x001B,
    0xED44, 0x0005, 0xFF8F, 0x0002, 0x0002, 0x0001, 0x41A3, 0x0001, 0xB3C4, 0x0001, 0x9AC3, 0x0001,
    0x6182, 0x0001, 0xBB82, 0x0001, 0x9B43, 0x0001, 0x20C3, 0x0001, 0x6242, 0x0001, 0xCC02, 0x0001,
    0x8A22, 0x0001, 0x4902, 0x0001, 0x4962, 0x0001, 0x3123, 0x0001, 0x10A2, 0x0001, 0xFF8F, 0x0002,
    0xED44, 0x0005, 0x18C5, 0x0002, 0xED44, 0x0004, 0xFF8F, 0x0002, 0x50E1, 0x0001, 0xB322, 0x0001,
    0xC403, 0x0001, 0x3962, 0x0001, 0x20C2, 0x0001, 0xA342, 0x0001, 0xE4A2, 0x0001, 0xC3C2, 0x0001,
    0x9262, 0x0001, 0x58E1, 0x0001, 0x5101, 0x0001, 0xAB22, 0x0001, 0xBBE3, 0x0001, 0x41A4, 0x0001,
    0x0004, 0x0001, 0xFF8F, 0x0002, 0xED44, 0x0006, 0x18C5, 0x001B, 0xED44, 0x0005, 0xFF8F, 0x0002,
    0x0820, 0x0001, 0x2125, 0x0001, 0x528D, 0x0001, 0x31AA, 0x0001, 0x20A1, 0x0001, 0x71E1, 0x0001,
    0x9263, 0x0001, 0x6182, 0x0001, 0x4961, 0x0001, 0x49A1, 0x0001, 0x51A2, 0x0001, 0x61A2, 0x0001,
    0x6161, 0x0001, 0x4902, 0x0001, 0xFF8F, 0x0002, 0xED44, 0x0005, 0x18C5, 0x0004, 0xED44, 0x0004,
    0xFF8F, 0x0002, 0x51C3, 0x0001, 0x51E2, 0x0001, 0x5941, 0x0001, 0x40E0, 0x0001, 0x3941, 0x0001,
    0x69E1, 0x0001, 0x9A40, 0x0001, 0x9201, 0x0001, 0x5122, 0x0001, 0x1882, 0x0001, 0x28E0, 0x0001,
    0x49C3, 0x0001, 0x29CC, 0x0001, 0x0970, 0x0001, 0xFF8F, 0x0002, 0xED44, 0x0006, 0x18C5, 0x001B,
    0xED44, 0x0005, 0xFF8F, 0x0002, 0x2104, 0x0001, 0x196B, 0x0001, 0x11D3, 0x0001, 0x21CD, 0x0001,
    0x3142, 0x0001, 0x38E0, 0x0001, 0x5100, 0x0001, 0x6140, 0x0001, 0x28E4, 0x0001, 0x00A7, 0x0001,
    0x2944, 0x0001, 0x59C2, 0x0001, 0x6182, 0x0001, 0xFF8F, 0x0002, 0xED44, 0x0006, 0x18C5, 0x0004,
    0xED44, 0x0005, 0xFF8F, 0x0002, 0x0863, 0x0001, 0x5985, 0x0001, 0x59C6, 0x0001, 0x08C7, 0x0001,
    0x18E7, 0x0001, 0x5145, 0x0001, 0x5122, 0x0001, 0x4941, 0x0001, 0x3963, 0x0001, 0x10C4, 0x0001,
    0x08C9, 0x0001, 0x2A32, 0x0001, 0x3A94, 0x0001, 0xFF8F, 0x0002, 0xED44, 0x0006, 0x18C5, 0x001B,
    0xED44, 0x0005, 0xFF8F, 0x0002, 0x2A10, 0x0001, 0x2233, 0x0001, 0x19F3, 0x0001, 0x62AC, 0x0001,
    0x8AC4, 0x0001, 0x4162, 0x0001, 0x0841, 0x0001, 0x1881, 0x0001, 0x218B, 0x0001, 0x21F0, 0x0001,
    0x1927, 0x0001, 0x18A1, 0x0001, 0x18C3, 0x0001, 0xFF8F, 0x0002, 0xED44, 0x0006, 0x18C5, 0x0004,
    0xED44, 0x0005, 0xFF8F, 0x0002, 0x18C3, 0x0001, 0x29AC, 0x0001, 0x2A32, 0x0001, 0x21F0, 0x0001,
    0x2A12, 0x0001, 0x29CF, 0x0001, 0x10C6, 0x0001, 0x4140, 0x0001, 0x8AC4, 0x0001, 0x62AB, 0x0001,
    0x19F2, 0x0001, 0x2234, 0x0001, 0x2A31, 0x0001, 0xFF8F, 0x0002, 0xED44, 0x0006, 0x18C5, 0x001B,
    0xED44, 0x0005, 0xFF8F, 0x0002, 0x3252, 0x0001, 0x2A75, 0x0001, 0x2212, 0x0001, 0x72EA, 0x0001,
    0xA345, 0x0001, 0x4A08, 0x0001, 0x010B, 0x0001, 0x114A, 0x0001, 0x2A10, 0x0001, 0x2A31, 0x0001,
    0x1927, 0x0001, 0x0860, 0x0001, 0xFF8F, 0x0002, 0xED44, 0x0003, 0x18C5, 0x0001, 0xED44, 0x0002,
    0x18C5, 0x0006, 0xED44, 0x0005, 0xFF8F, 0x0002, 0x2212, 0x0001, 0x2276, 0x0001, 0x2A53, 0x0002,
    0x2212, 0x0001, 0x014E, 0x0001, 0x41E7, 0x0001, 0xA344, 0x0001, 0x730C, 0x0001, 0x2234, 0x0001,
    0x2A54, 0x0001, 0x320F, 0x0001, 0xFF8F, 0x0002, 0xED44, 0x0006, 0x18C5, 0x001B, 0xED44, 0x0005,
    0xFF8F, 0x0002, 0x21F0, 0x0001, 0x2214, 0x0001, 0x2213, 0x0001, 0x62AA, 0x0001, 0x9305, 0x0001,
    0x528D, 0x0001, 0x1A14, 0x0001, 0x2232, 0x0001, 0x2A54, 0x0001, 0x29F0, 0x0001, 0x2126, 0x0001,
    0x1880, 0x0001, 0xFF8F, 0x0002, 0xED44, 0x0003, 0x18C5, 0x0001, 0xED44, 0x0002, 0x18C5, 0x0006,
    0xED44, 0x0005, 0xFF8F, 0x0002, 0x29EF, 0x0001, 0x2A32, 0x0002, 0x2A11, 0x0002, 0x1A13, 0x0001,
    0x528E, 0x0001, 0x9305, 0x0001, 0x6289, 0x0001, 0x2212, 0x0001, 0x2234, 0x0001, 0x2A11, 0x0001,
    0xFF8F, 0x0002, 0xED44, 0x0006, 0x18C5, 0x001B, 0xED44, 0x0005, 0xFF8F, 0x0002, 0x0971, 0x0001,
    0x11D4, 0x0001, 0x2213, 0x0001, 0x72CA, 0x0001, 0x9325, 0x0001, 0x528D, 0x0001, 0x1A14, 0x0001,
    0x1A13, 0x0001, 0x2A55, 0x0001, 0x2A11, 0x0001, 0x2147, 0x0001, 0x1080, 0x0001, 0xFF8F, 0x0002,
    0xED44, 0x0003, 0x18C5, 0x0001, 0xED44, 0x0002, 0x18C5, 0x0006, 0xED44, 0x0005, 0xFF8F, 0x0002,
    0x18C4, 0x0001, 0x216A, 0x0001, 0x2A32, 0x0001, 0x3253, 0x0001, 0x2A11, 0x0001, 0x2213, 0x0001,
    0x528D, 0x0001, 0x9305, 0x0001, 0x6AA9, 0x0001, 0x2233, 0x0001, 0x2235, 0x0001, 0x2212, 0x0001,
    0xFF8F, 0x0002, 0xED44, 0x0006, 0x18C5, 0x001B, 0xED44, 0x0005, 0xFF8F, 0x0002, 0x83EF, 0x0001,
    0x5B73, 0x0001, 0x19F3, 0x0001, 0x520A, 0x0001, 0x8AC4, 0x0001, 0x422D, 0x0001, 0x19F2, 0x0001,
    0x424D, 0x0001, 0x422D, 0x0001, 0x198C, 0x0001, 0x1906, 0x0001, 0xFF8F, 0x0002, 0xED44, 0x0004,
    0x18C5, 0x0009, 0xED44, 0x0005, 0xFF8F, 0x0002, 0x1060, 0x0001, 0x18E4, 0x0001, 0x218B, 0x0001,
    0x2211, 0x0001, 0x19F3, 0x0001, 0x0193, 0x0001, 0x422C, 0x0001, 0x9305, 0x0001, 0x5A6B, 0x0001,
    0x11B3, 0x0001, 0x3A30, 0x0001, 0x524B, 0x0001, 0xFF8F, 0x0002, 0xED44, 0x0006, 0x18C5, 0x001B,
    0xED44, 0x0005, 0xFF8F, 0x0002, 0xFEAA, 0x0001, 0xCD8F, 0x0001, 0x3272, 0x0001, 0x49EA, 0x0001,
    0x9305, 0x0001, 0x3A2E, 0x0001, 0x3A50, 0x0001, 0x8B07, 0x0001, 0x6223, 0x0001, 0x08A3, 0x0001,
    0xFF8F, 0x0002, 0xED44, 0x0004, 0x18C5, 0x000A, 0xED44, 0x0005, 0xFF8F, 0x0002, 0x10C3, 0x0001,
    0x18C2, 0x0002, 0x216A, 0x0001, 0x2213, 0x0001, 0x11D4, 0x0001, 0x4A4C, 0x0001, 0x9305, 0x0001,
    0x526B, 0x0001, 0x2211, 0x0001, 0x7AE9, 0x0001, 0xA322, 0x0001, 0xFF8F, 0x0002, 0xED44, 0x0006,
    0x18C5, 0x001B, 0xED44, 0x0004, 0xFF8F, 0x0002, 0x31ED, 0x0001, 0xABE7, 0x0001, 0xCCA8, 0x0001,
    0xA48E, 0x0001, 0xBD0D, 0x0001, 0xCCE9, 0x0001, 0x8349, 0x0001, 0x82C7, 0x0001, 0xAB62, 0x0001,
    0x6A21, 0x0001, 0x0861, 0x0001, 0xFF8F, 0x0002, 0xED44, 0x0004, 0x18C5, 0x000A, 0xED44, 0x0006,
    0xFF8F, 0x0002, 0x1082, 0x0001, 0x1081, 0x0001, 0x3964, 0x0001, 0x7B0A, 0x0001, 0x9C6F, 0x0001,
    0x9C2C, 0x0001, 0x9325, 0x0001, 0x8BAA, 0x0001, 0xACCF, 0x0001, 0xD529, 0x0001, 0xBC48, 0x0001,
    0x3A91, 0x0001, 0xFF8F, 0x0002, 0xED44, 0x0005, 0x18C5, 0x001B, 0xED44, 0x0003, 0xFF8F, 0x0002,
    0x1216, 0x0001, 0x2A75, 0x0001, 0x6AEB, 0x0001, 0xBBE4, 0x0001, 0xED88, 0x0001, 0xFE4B, 0x0001,
    0xE589, 0x0001, 0xA3A6, 0x0001, 0x8AE5, 0x0001, 0x8B06, 0x0001, 0x5205, 0x0001, 0x1083, 0x0001,
    0xFF8F, 0x0002, 0xED44, 0x0004, 0x18C5, 0x000B, 0xED44, 0x0002, 0x18C5, 0x0001, 0xED44, 0x0003,
    0xFF8F, 0x0002, 0x10A3, 0x0001, 0x4984, 0x0001, 0xA366, 0x0001, 0xF5C9, 0x0001, 0xDD28, 0x0001,
    0x9B24, 0x0001, 0xB406, 0x0001, 0xFE49, 0x0001, 0xFEEB, 0x0001, 0xB510, 0x0001, 0x2A53, 0x0001,
    0x0112, 0x0001, 0xFF8F, 0x0002, 0xED44, 0x0005, 0x18C5, 0x0016, 0xED44, 0x0006, 0xFF8F, 0x0002,
    0x29AC, 0x0001, 0x1ABA, 0x0001, 0x43FF, 0x0001, 0xAD54, 0x0001, 0xE526, 0x0001, 0xBBE3, 0x0001,
    0xBBA2, 0x0001, 0xABA4, 0x0001, 0x62AB, 0x0001, 0x3A50, 0x0001, 0x3A4F, 0x0001, 0x2988, 0x0001,
    0x10A2, 0x0001, 0xFF8F, 0x0002, 0xED44, 0x0004, 0x18C5, 0x000B, 0xED44, 0x0002, 0x18C5, 0x0001,
    0xED44, 0x0003, 0xFF8F, 0x0002, 0x10A2, 0x0001, 0x2169, 0x0001, 0x528D, 0x0001, 0xA3C8, 0x0001,
    0xBBC2, 0x0001, 0x9B02, 0x0001, 0x92C2, 0x0001, 0xCC24, 0x0001, 0xFE6A, 0x0001, 0xBD30, 0x0001,
    0x19F3, 0x0001, 0x0152, 0x0001, 0x320E, 0x0001, 0xFF8F, 0x0002, 0xED44, 0x0004, 0x18C5, 0x0015,
    0xED44, 0x0006, 0xFF8F, 0x0003, 0x2276, 0x0001, 0x543F, 0x0001, 0x9DBB, 0x0001, 0xE5CD, 0x0001,
    0xCCA7, 0x0001, 0x7B4C, 0x0001, 0x6AEB, 0x0001, 0x6B0C, 0x0001, 0x3230, 0x0001, 0x11F5, 0x0001,
    0x1A15, 0x0001, 0x218B, 0x0001, 0x10A1, 0x0001, 0xFF8F, 0x0002, 0xED44, 0x0004, 0x18C5, 0x000B,
    0xED44, 0x0002, 0x18C5, 0x0001, 0xED44, 0x0003, 0xFF8F, 0x0002, 0x18A1, 0x0001, 0x116D, 0x0001,
    0x1A14, 0x0001, 0x4A2C, 0x0001, 0x72A8, 0x0001, 0x83AE, 0x0001, 0x6B4E, 0x0001, 0x732C, 0x0001,
    0xC467, 0x0001, 0xCCA7, 0x0001, 0x7BAF, 0x0001, 0x4359, 0x0001, 0x22B7, 0x0001, 0xFF8F, 0x0003,
    0xED44, 0x0003, 0x18C5, 0x0015, 0xED44, 0x0005, 0xFF8F, 0x0002, 0x29AD, 0x0001, 0x2A96, 0x0001,
    0x3BFF, 0x0001, 0xA5BA, 0x0001, 0xF5EA, 0x0001, 0xCC02, 0x0001, 0x7B0A, 0x0001, 0x541C, 0x0001,
    0x54DF, 0x0001, 0x543D, 0x0001, 0x32B4, 0x0001, 0x21F1, 0x0001, 0x2A32, 0x0001, 0x218B, 0x0001,
    0x10A2, 0x0001, 0xFF8F, 0x0002, 0xED44, 0x0004, 0x18C5, 0x000B, 0xED44, 0x0002, 0x18C5, 0x0001,
    0xED44, 0x0003, 0xFF8F, 0x0002, 0x10A2, 0x0001, 0x218B, 0x0001, 0x2A32, 0x0001, 0x21F0, 0x0001,
    0x32B4, 0x0001, 0x543E, 0x0001, 0x54DF, 0x0001, 0x541C, 0x0001, 0x7B0A, 0x0001, 0xC3E1, 0x0001,
    0xEDCA, 0x0001, 0xA5BA, 0x0001, 0x3BFF, 0x0001, 0x2A96, 0x0001, 0x29AD, 0x0001, 0xFF8F, 0x0002,
    0xED44, 0x0006, 0x18C5, 0x0010, 0xED44, 0x0005, 0xFF8F, 0x0002, 0x218F, 0x0001, 0x1A9A, 0x0001,
    0x4C3F, 0x0001, 0xADD9, 0x0001, 0xE58A, 0x0001, 0xCC02, 0x0001, 0x8B6B, 0x0001, 0x53B7, 0x0001,
    0x4C5F, 0x0001, 0x553F, 0x0001, 0x54FF, 0x0001, 0x3B39, 0x0001, 0x21CE, 0x0001, 0x2169, 0x0001,
    0x2125, 0x0001, 0x18C2, 0x0001, 0xFF8F, 0x0002, 0xED44, 0x0004, 0x18C5, 0x000B, 0xED44, 0x0002,
    0x18C5, 0x0001, 0xED44, 0x0003, 0xFF8F, 0x0002, 0x18C2, 0x0001, 0x2105, 0x0001, 0x216A, 0x0001,
    0x21F1, 0x0001, 0x2277, 0x0001, 0x333B, 0x0001, 0x447F, 0x0001, 0x54BF, 0x0001, 0x53F7, 0x0001,
    0x8B8B, 0x0001, 0xD463, 0x0001, 0xDD6B, 0x0001, 0x9D57, 0x0001, 0x5C5C, 0x0001, 0x32D8, 0x0001,
    0x21AF, 0x0001, 0xFF8F, 0x0002, 0xED44, 0x0006, 0x18C5, 0x000F, 0xED44, 0x0004, 0xFF8F, 0x0003,
    0x3295, 0x0001, 0x4C1F, 0x0001, 0x957B, 0x0001, 0xEDCC, 0x0001, 0xD443, 0x0001, 0x7AE9, 0x0001,
    0x53DA, 0x0001, 0x4CDF, 0x0001, 0x549F, 0x0001, 0x5C5E, 0x0001, 0x4BDA, 0x0001, 0x3294, 0x0001,
    0x216A, 0x0001, 0x18A2, 0x0001, 0x18A1, 0x0001, 0x10C3, 0x0001, 0xFF8F, 0x0002, 0xED44, 0x0004,
    0x18C5, 0x000B, 0xED44, 0x0002, 0x18C5, 0x0001, 0xED44, 0x0003, 0xFF8F, 0x0002, 0x10C3, 0x0001,
    0x10A1, 0x0001, 0x18C2, 0x0001, 0x29AC, 0x0001, 0x29CF, 0x0001, 0x21AD, 0x0001, 0x3AD5, 0x0001,
    0x545E, 0x0001, 0x54FF, 0x0001, 0x4BD9, 0x0001, 0x72E9, 0x0001, 0xE4A3, 0x0001, 0xF64D, 0x0001,
    0x7D5F, 0x0001, 0x33DF, 0x0001, 0x3295, 0x0001, 0xFF8F, 0x0003, 0xED44, 0x0005, 0x18C5, 0x000E,
    0xED44, 0x0004, 0xFF8F, 0x0002, 0x29CF, 0x0001, 0x2297, 0x0001, 0x4C1D, 0x0001, 0xAD97, 0x0001,
    0xDD4A, 0x0001, 0xBBE4, 0x0001, 0x7B6C, 0x0001, 0x53FA, 0x0001, 0x443E, 0x0001, 0x54BF, 0x0001,
    0x5D1F, 0x0001, 0x4336, 0x0001, 0x2147, 0x0001, 0x18E4, 0x0001, 0x1905, 0x0001, 0x18C2, 0x0001,
    0x10A1, 0x0001, 0xFF8F, 0x0002, 0xED44, 0x0005, 0x18C5, 0x000E, 0xED44, 0x0004, 0xFF8F, 0x0002,
    0x10A1, 0x0001, 0x18C2, 0x0001, 0x1905, 0x0001, 0x18E4, 0x0002, 0x218C, 0x0001, 0x32F7, 0x0001,
    0x4C3E, 0x0001, 0x443E, 0x0001, 0x4BDA, 0x0001, 0xCD4D, 0x0001, 0xF62C, 0x0001, 0x6CBD, 0x0001,
    0x2C1F, 0x0001, 0x4C1D, 0x0001, 0x3AD5, 0x0001, 0x21D0, 0x0001, 0xFF8F, 0x0002, 0xED44, 0x0005,
    0x18C5, 0x000D, 0xED44, 0x0004, 0xFF8F, 0x0002, 0x3252, 0x0001, 0x2B3C, 0x0001, 0x651F, 0x0001,
    0xEED4, 0x0001, 0xFDE3, 0x0001, 0xB341, 0x0001, 0x6374, 0x0001, 0x553F, 0x0002, 0x5C9F, 0x0001,
    0x4397, 0x0001, 0x21AB, 0x0001, 0x0800, 0x0002, 0x18C2, 0x0001, 0x18C3, 0x0001, 0xFF8F, 0x0002,
    0xED44, 0x0005, 0x18C5, 0x0010, 0xED44, 0x0004, 0xFF8F, 0x0002, 0x18C3, 0x0001, 0x18A1, 0x0001,
    0x1060, 0x0001, 0x10A0, 0x0001, 0x10A4, 0x0001, 0x29CE, 0x0001, 0x541D, 0x0001, 0x555F, 0x0001,
    0x551F, 0x0001, 0xA514, 0x0001, 0xDD29, 0x0001, 0xB553, 0x0001, 0x859D, 0x0001, 0x5D1F, 0x0001,
    0x3B5A, 0x0001, 0x3253, 0x0001, 0xFF8F, 0x0002, 0xED44, 0x0005, 0x18C5, 0x000D, 0xED44, 0x0004,
    0xFF8F, 0x0002, 0x29EF, 0x0001, 0x2AB8, 0x0001, 0x547F, 0x0001, 0xCE15, 0x0001, 0xF566, 0x0001,
    0xAB62, 0x0001, 0x6330, 0x0001, 0x549F, 0x0001, 0x551F, 0x0001, 0x4B99, 0x0001, 0x2126, 0x0001,
    0x0800, 0x0001, 0xFF8F, 0x0005, 0xED44, 0x0006, 0x18C5, 0x0010, 0xED44, 0x0005, 0xFF8F, 0x0005,
    0x0800, 0x0001, 0x1926, 0x0001, 0x4B99, 0x0001, 0x551F, 0x0001, 0x549F, 0x0001, 0x6B30, 0x0001,
    0xAB62, 0x0001, 0xF566, 0x0001, 0xCE15, 0x0001, 0x547F, 0x0001, 0x2AB8, 0x0001, 0x29EF, 0x0001,
    0xFF8F, 0x0002, 0xED44, 0x0005, 0x18C5, 0x000E, 0xED44, 0x0004, 0xFF8F, 0x0002, 0x2A96, 0x0001,
    0x32D6, 0x0001, 0x5AEE, 0x0001, 0x6243, 0x0001, 0x49A2, 0x0001, 0x31A7, 0x0001, 0x2A0C, 0x0001,
    0x324D, 0x0001, 0x29CB, 0x0001, 0xFF8F, 0x0006, 0xED44, 0x0006, 0x18C5, 0x0012, 0xED44, 0x0005,
    0xFF8F, 0x0006, 0x29CB, 0x0001, 0x324D, 0x0001, 0x2A0C, 0x0001, 0x2967, 0x0001, 0x4161, 0x0001,
    0x6A41, 0x0001, 0x632C, 0x0001, 0x32D6, 0x0001, 0x2297, 0x0001, 0xFF8F, 0x0002, 0xED44, 0x0005,
    0x18C5, 0x000F, 0xED44, 0x0005, 0xFF8F, 0x0002, 0x21D0, 0x0001, 0x10E8, 0x0001, 0x0000, 0x0001,
    0x0062, 0x0001, 0x1082, 0x0001, 0x1040, 0x0001, 0x1060, 0x0002, 0xFF8F, 0x0002, 0xED44, 0x0006,
    0x18C5, 0x0016, 0xED44, 0x0009, 0xFF8F, 0x0002, 0x1040, 0x0001, 0x1060, 0x0001, 0x1040, 0x0001,
    0x1082, 0x0001, 0x0862, 0x0001, 0x0001, 0x0001, 0x08E9, 0x0001, 0x21D0, 0x0001, 0xFF8F, 0x0002,
    0xED44, 0x0006, 0x18C5, 0x0010, 0xED44, 0x0005, 0xFF8F, 0x000A, 0xED44, 0x0007, 0x18C5, 0x0017,
    0xED44, 0x0009, 0xFF8F, 0x000A, 0xED44, 0x0006, 0x18C5, 0x0011, 0xED44, 0x0006, 0xFF8F, 0x0008,
    0xED44, 0x0008, 0x18C5, 0x001B, 0xED44, 0x0006, 0xFF8F, 0x0008, 0xED44, 0x0003, 0x18C5, 0x0016,
    0xED44, 0x000F, 0x18C5, 0x0001, 0xED44, 0x0004, 0x18C5, 0x001C, 0xED44, 0x0011, 0x18C5, 0x001A,
    0xED44, 0x000B, 0x18C5, 0x0002, 0xED44, 0x0003, 0x18C5, 0x001C, 0xED44, 0x0011, 0x18C5, 0x000C,
    0x18C5, 0x0131, 0xED44, 0x0002, 0x18C5, 0x0054, 0xED44, 0x0003, 0x18C5, 0x0050, 0xED44, 0x0001,
    0x18C5, 0x0003, 0xED44, 0x0004, 0x18C5, 0x0003, 0xED44, 0x0002, 0x18C5, 0x0048, 0xED44, 0x0003,
    0x18C5, 0x0003, 0xED44, 0x0004, 0x18C5, 0x0002, 0xED44, 0x0004, 0x18C5, 0x0003, 0xED44, 0x0001,
    0x18C5, 0x0043, 0xED44, 0x0004, 0x18C5, 0x0001, 0xED44, 0x0005, 0x18C5, 0x0002, 0xED44, 0x0004,
    0x18C5, 0x0002, 0xED44, 0x0003, 0x18C5, 0x003C, 0xED44, 0x0003, 0x18C5, 0x0002, 0xED44, 0x0005,
    0x18C5, 0x0001, 0xED44, 0x0006, 0x18C5, 0x0001, 0xED44, 0x0005, 0x18C5, 0x0001, 0xED44, 0x0004,
    0x18C5, 0x003B, 0xED44, 0x0004, 0x18C5, 0x0001, 0xED44, 0x000C, 0x18C5, 0x0001, 0xED44, 0x000A,
    0x18C5, 0x0036, 0xED44, 0x0002, 0x18C5, 0x0002, 0xED44, 0x0005, 0x18C5, 0x0001, 0xED44, 0x0017,
    0x18C5, 0x0035, 0xED44, 0x0004, 0x18C5, 0x0001, 0xED44, 0x001E, 0x18C5, 0x0034, 0xED44, 0x0023,
    0x18C5, 0x0002, 0xED44, 0x0001, 0x18C5, 0x0030, 0xED44, 0x0013, 0xFF8F, 0x0003, 0xED44, 0x000E,
    0x18C5, 0x0001, 0xED44, 0x0003, 0x18C5, 0x002F, 0xED44, 0x0012, 0xFF8F, 0x0001, 0xC426, 0x0001,
    0xFD89, 0x0001, 0xC447, 0x0001, 0xFF8F, 0x0001, 0xED44, 0x0012, 0x18C5, 0x002E, 0xED44, 0x000F,
    0xFF8F, 0x0003, 0xD485, 0x0001, 0xD4E8, 0x0001, 0xF589, 0x0001, 0xCC67, 0x0001, 0xFF8F, 0x0002,
    0xED44, 0x0001, 0xFF8F, 0x0007, 0xED44, 0x000A, 0x18C5, 0x0029, 0xED44, 0x0002, 0x18C5, 0x0001,
    0xED44, 0x000C, 0xFF8F, 0x0004, 0xC467, 0x0001, 0xD4A7, 0x0001, 0xC447, 0x0001, 0xED69, 0x0001,
    0xEDEB, 0x0001, 0x18C5, 0x0002, 0xFF8F, 0x0003, 0xEDEB, 0x0001, 0xFEAC, 0x0001, 0xFE4C, 0x0001,
    0xDD29, 0x0001, 0xCC67, 0x0001, 0xDCC7, 0x0001, 0xCC67, 0x0001, 0xFF8F, 0x0001, 0xED44, 0x0009,
    0x18C5, 0x0028, 0xED44, 0x0003, 0x18C5, 0x0001, 0xED44, 0x000B, 0xFF8F, 0x0001, 0xFE8C, 0x0001,
    0xED89, 0x0001, 0xABC6, 0x0001, 0x8AE5, 0x0001, 0xAB41, 0x0001, 0xE508, 0x0001, 0xF6B7, 0x0001,
    0xFFB8, 0x0001, 0xF60B, 0x0001, 0xFF8F, 0x0003, 0xDC64, 0x0001, 0xC426, 0x0001, 0xE634, 0x0001,
    0xFFFD, 0x0002, 0xFFD4, 0x0001, 0xFF4B, 0x0001, 0xFEEB, 0x0001, 0xFDEB, 0x0001, 0xD4C7, 0x0001,
    0xFF8F, 0x0001, 0xED44, 0x0008, 0x18C5, 0x0002, 0xED44, 0x0002, 0x18C5, 0x0024, 0xED44, 0x0009,
    0xFF8F, 0x0006, 0xF60B, 0x0001, 0xFE8C, 0x0001, 0xED69, 0x0001, 0xB3C5, 0x0001, 0xAB65, 0x0001,
    0xB3C6, 0x0001, 0xDDAF, 0x0001, 0xFFFD, 0x0001, 0xFFFA, 0x0001, 0xF60B, 0x0001, 0xFF8F, 0x0002,
    0xD4E8, 0x0001, 0xFD67, 0x0001, 0xE529, 0x0001, 0xEEF6, 0x0001, 0xFFFE, 0x0001, 0xE75D, 0x0001,
    0xEEF4, 0x0001, 0xFF4B, 0x0001, 0xFEAA, 0x0001, 0xF5EB, 0x0001, 0xD4C7, 0x0001, 0xC426, 0x0001,
    0xFF8F, 0x0001, 0xED44, 0x000C, 0x18C5, 0x0022, 0xED44, 0x0009, 0xFF8F, 0x0001, 0xFEEB, 0x0001,
    0xFFEC, 0x0001, 0xFF2B, 0x0001, 0xF64B, 0x0001, 0xFE2C, 0x0001, 0xFE4C, 0x0001, 0xED89, 0x0001,
    0xD4C8, 0x0001, 0xABC6, 0x0001, 0xA344, 0x0001, 0xC406, 0x0001, 0xE614, 0x0001, 0xF79B, 0x0001,
    0xFF93, 0x0001, 0xFEEC, 0x0001, 0xFE2B, 0x0001, 0xFE0B, 0x0001, 0xFE2B, 0x0001, 0xF60B, 0x0001,
    0xFE0B, 0x0001, 0xF62B, 0x0001, 0xFF6E, 0x0001, 0xF6EE, 0x0001, 0xB44A, 0x0001, 0x9B68, 0x0001,
    0x18C5, 0x0004, 0xC447, 0x0001, 0xC467, 0x0001, 0xFF8F, 0x0001, 0xED44, 0x000B, 0x18C5, 0x0022,
    0xED44, 0x0008, 0xFF8F, 0x0002, 0xF6EB, 0x0002, 0xFE4A, 0x0001, 0xED8A, 0x0001, 0xDD4A, 0x0001,
    0xE56A, 0x0001, 0xC467, 0x0001, 0x9B25, 0x0001, 0x82C5, 0x0001, 0xA382, 0x0001, 0xE566, 0x0001,
    0xFF9A, 0x0001, 0xFFFF, 0x0001, 0xFECC, 0x0001, 0xDD22, 0x0001, 0xC488, 0x0001, 0xD50A, 0x0001,
    0xE569, 0x0001, 0xCCC9, 0x0001, 0xCCA9, 0x0001, 0xDD29, 0x0001, 0xF628, 0x0001, 0xEDC6, 0x0001,
    0xAB62, 0x0001, 0x18C5, 0x0001, 0xFF8F, 0x0004, 0x18C5, 0x0001, 0xC447, 0x0001, 0xFF8F, 0x0002,
    0xED44, 0x000B, 0x18C5, 0x0021, 0xED44, 0x0008, 0xFF8F, 0x0002, 0x18C5, 0x0002, 0xCC87, 0x0001,
    0xABA6, 0x0001, 0x8AC4, 0x0001, 0x92E4, 0x0001, 0x9325, 0x0001, 0x92E5, 0x0001, 0x8AA5, 0x0001,
    0xB445, 0x0001, 0xF6EB, 0x0001, 0xFFF9, 0x0001, 0xF79D, 0x0001, 0xFE90, 0x0001, 0xCCA6, 0x0001,
    0x9305, 0x0001, 0x8AC4, 0x0001, 0x9305, 0x0001, 0x8AE4, 0x0001, 0xABA5, 0x0001, 0xC467, 0x0001,
    0xCC67, 0x0001, 0xCC87, 0x0001, 0xD4C8, 0x0001, 0xCC87, 0x0001, 0xFF8F, 0x0005, 0x18C5, 0x0001,
    0xFF8F, 0x0002, 0xED44, 0x000B, 0x18C5, 0x0021, 0xED44, 0x0009, 0xFF8F, 0x0003, 0xEE09, 0x0001,
    0xC467, 0x0001, 0x9AC4, 0x0001, 0xA325, 0x0001, 0xB3E6, 0x0001, 0xABA5, 0x0001, 0x8A83, 0x0001,
    0xAC4A, 0x0001, 0xFF98, 0x0001, 0xFFFD, 0x0001, 0xF79E, 0x0001, 0xF77D, 0x0001, 0xE632, 0x0001,
    0xC465, 0x0001, 0xAB83, 0x0001, 0x9B05, 0x0001, 0x9AE4, 0x0001, 0xD4E7, 0x0001, 0xE5E9, 0x0001,
    0x18C5, 0x0002, 0xFE2B, 0x0001, 0xEDCA, 0x0001, 0xFF8F, 0x0002, 0xED44, 0x0002, 0xFF8F, 0x0003,
    0xED44, 0x000C, 0x18C5, 0x0021, 0xED44, 0x000A, 0xFF8F, 0x0001, 0xFFCC, 0x0001, 0xFF6C, 0x0001,
    0xF609, 0x0001, 0xD508, 0x0001, 0xDD48, 0x0001, 0xDD28, 0x0001, 0xC426, 0x0001, 0xA343, 0x0001,
    0xBCEF, 0x0001, 0xF7BF, 0x0001, 0xFFFF, 0x0001, 0xF7BE, 0x0001, 0xF7BD, 0x0001, 0xFF79, 0x0001,
    0xFED1, 0x0001, 0xEDCA, 0x0001, 0xD507, 0x0001, 0xD4E7, 0x0001, 0xFF0B, 0x0001, 0xFF4B, 0x0001,
    0xFF8F, 0x0002, 0xEDCB, 0x0002, 0xFF8F, 0x0002, 0xED44, 0x0003, 0xFF8F, 0x0004, 0xED44, 0x000B,
    0x18C5, 0x0002, 0xED44, 0x0001, 0x18C5, 0x0019, 0xED44, 0x0001, 0x18C5, 0x0002, 0xED44, 0x000A,
    0xFF8F, 0x0001, 0xF6CB, 0x0001, 0xFFAC, 0x0001, 0xFF0B, 0x0001, 0xF6EB, 0x0001, 0xFF0B, 0x0002,
    0xDD69, 0x0001, 0xC446, 0x0001, 0xDCE7, 0x0001, 0xEE72, 0x0001, 0xF7BF, 0x0001, 0xFFFF, 0x0001,
    0xF77A, 0x0001, 0xF64E, 0x0001, 0xF6D4, 0x0001, 0xFFDE, 0x0001, 0xFF74, 0x0001, 0xF6A8, 0x0001,
    0xFECA, 0x0001, 0xFFCD, 0x0001, 0xF6EB, 0x0001, 0xFF8F, 0x0002, 0x18C5, 0x0002, 0xFF8F, 0x0002,
    0xED44, 0x0001, 0xFF8F, 0x0001, 0xED44, 0x0001, 0xFF8F, 0x0001, 0xC446, 0x0001, 0xED28, 0x0001,
    0xD4A7, 0x0001, 0xFF8F, 0x0005, 0xED44, 0x0006, 0x18C5, 0x0001, 0xED44, 0x0003, 0x18C5, 0x0017,
    0xED44, 0x0003, 0x18C5, 0x0001, 0xED44, 0x0006, 0xFF8F, 0x0004, 0xF6EB, 0x0001, 0xFFAC, 0x0001,
    0xFFED, 0x0001, 0xF70B, 0x0001, 0xE609, 0x0002, 0xE62A, 0x0001, 0xD508, 0x0001, 0xCC87, 0x0001,
    0xF609, 0x0001, 0xFF52, 0x0001, 0xF79D, 0x0001, 0xF7FF, 0x0001, 0xF75C, 0x0001, 0xE569, 0x0001,
    0xE54A, 0x0001, 0xE696, 0x0001, 0xE670, 0x0001, 0xE5E7, 0x0001, 0xE5C8, 0x0001, 0xEECB, 0x0001,
    0xFF2C, 0x0001, 0xFF4C, 0x0001, 0xFF8F, 0x0006, 0x42B1, 0x0001, 0xFF8F, 0x0002, 0x18C5, 0x0001,
    0xED28, 0x0001, 0xD4A7, 0x0001, 0xDD49, 0x0001, 0xFE2B, 0x0001, 0xDCE8, 0x0001, 0xCC46, 0x0001,
    0xCC67, 0x0001, 0xFF8F, 0x0001, 0xED44, 0x000A, 0x18C5, 0x0015, 0xED44, 0x000A, 0xFF8F, 0x0001,
    0xF6EB, 0x0001, 0xFFEC, 0x0001, 0xFF0B, 0x0001, 0xFF2B, 0x0001, 0xFF0B, 0x0001, 0xF6CA, 0x0001,
    0xFF0B, 0x0001, 0xF68A, 0x0001, 0xD4E8, 0x0001, 0xC406, 0x0001, 0xC447, 0x0001, 0xBC07, 0x0001,
    0xCC86, 0x0001, 0xEE48, 0x0001, 0xFF71, 0x0001, 0xFFBE, 0x0001, 0xFFFF, 0x0001, 0xF73A, 0x0001,
    0xCCEB, 0x0001, 0xBBC4, 0x0001, 0xC426, 0x0001, 0xC447, 0x0001, 0xC426, 0x0002, 0xDD48, 0x0001,
    0xF6EA, 0x0001, 0xFF2B, 0x0001, 0xFEEB, 0x0001, 0xFEEC, 0x0001, 0xF6EC, 0x0001, 0xFF0B, 0x0001,
    0xFF8A, 0x0001, 0xC5EE, 0x0001, 0x3A92, 0x0001, 0xFF8F, 0x0003, 0x18C5, 0x0002, 0xFE4C, 0x0001,
    0xFE2B, 0x0001, 0xD4E8, 0x0001, 0xCC66, 0x0001, 0xCC67, 0x0001, 0xFF8F, 0x0002, 0xED44, 0x0009,
    0x18C5, 0x0015, 0xED44, 0x0009, 0xFF8F, 0x0002, 0xF6EB, 0x0001, 0xFFED, 0x0001, 0xFFAC, 0x0001,
    0xFFED, 0x0001, 0xFF4C, 0x0001, 0xDD69, 0x0001, 0xCC86, 0x0001, 0xD4C5, 0x0001, 0xDD28, 0x0001,
    0xDD09, 0x0001, 0xC426, 0x0001, 0xA346, 0x0001, 0xABE5, 0x0001, 0xE605, 0x0001, 0xFFB2, 0x0001,
    0xFFFF, 0x0001, 0xFFFB, 0x0001, 0xFF0E, 0x0001, 0xB427, 0x0001, 0x92C3, 0x0001, 0xA343, 0x0001,
    0xB3C5, 0x0001, 0xCC68, 0x0001, 0xDD29, 0x0001, 0xDD07, 0x0001, 0xD4C5, 0x0001, 0xED66, 0x0001,
    0xC50A, 0x0001, 0x73D0, 0x0001, 0x6391, 0x0001, 0x8450, 0x0001, 0x8CB0, 0x0001, 0x6BD0, 0x0001,
    0x18C5, 0x0001, 0xFF8F, 0x0005, 0x18C5, 0x0005, 0xC447, 0x0002, 0xFF8F, 0x0001, 0xED44, 0x0008,
    0x18C5, 0x0015, 0xED44, 0x0009, 0xFF8F, 0x0002, 0xF6CB, 0x0001, 0xFF6C, 0x0001, 0xEE6A, 0x0001,
    0xE64A, 0x0001, 0xD547, 0x0001, 0xBC05, 0x0001, 0xBC09, 0x0001, 0xD52D, 0x0001, 0xEE0D, 0x0001,
    0xF5EA, 0x0001, 0xD4C7, 0x0001, 0x92C3, 0x0001, 0x9304, 0x0001, 0xDE0B, 0x0001, 0xFFB5, 0x0001,
    0xEEF9, 0x0001, 0xE66F, 0x0001, 0xCD44, 0x0001, 0x9B64, 0x0001, 0x7A85, 0x0001, 0x8AE5, 0x0001,
    0xAB85, 0x0001, 0xD4C7, 0x0001, 0xF60A, 0x0001, 0xE5CD, 0x0001, 0xCCCD, 0x0001, 0xDCA8, 0x0001,
    0xB449, 0x0001, 0x5310, 0x0001, 0x11F3, 0x0001, 0x0153, 0x0001, 0x0155, 0x0001, 0x0951, 0x0001,
    0xFF8F, 0x000B, 0xCC67, 0x0001, 0xD4A7, 0x0001, 0xFF8F, 0x0002, 0xED44, 0x0008, 0x18C5, 0x0013,
    0xED44, 0x000A, 0xFF8F, 0x0002, 0xF60B, 0x0001, 0xFE4B, 0x0001, 0xCC87, 0x0001, 0xA3A6, 0x0001,
    0x9B23, 0x0001, 0xBBC3, 0x0001, 0xDDF3, 0x0001, 0xF77D, 0x0001, 0xF691, 0x0001, 0xED67, 0x0001,
    0xD4A7, 0x0001, 0x92C1, 0x0001, 0x9347, 0x0001, 0xE6D9, 0x0001, 0xFF79, 0x0001, 0xCCA9, 0x0001,
    0xA363, 0x0001, 0x9304, 0x0001, 0x9305, 0x0001, 0x8AE5, 0x0001, 0x8AE4, 0x0001, 0xAB86, 0x0001,
    0xCC86, 0x0001, 0xED88, 0x0001, 0xF6D5, 0x0001, 0xF75D, 0x0001, 0xEE52, 0x0001, 0xFE08, 0x0001,
    0xEECB, 0x0001, 0x8CAF, 0x0001, 0x11B3, 0x0001, 0x0154, 0x0001, 0x424F, 0x0001, 0xB3E7, 0x0001,
    0xED47, 0x0001, 0xEDCB, 0x0001, 0xEDCA, 0x0001, 0xFE2A, 0x0001, 0xFE0A, 0x0001, 0xFF8F, 0x0005,
    0xCC67, 0x0002, 0xFF8F, 0x0002, 0xED44, 0x0008, 0x18C5, 0x0013, 0xED44, 0x0007, 0xFF8F, 0x0002,
    0xED44, 0x0001, 0xFF8F, 0x0001, 0xFF0D, 0x0001, 0xED8A, 0x0001, 0xD4C8, 0x0001, 0xA345, 0x0001,
    0x92A3, 0x0001, 0xAB88, 0x0001, 0xDDB0, 0x0001, 0xF778, 0x0001, 0xFFF8, 0x0001, 0xFF10, 0x0001,
    0xDD08, 0x0001, 0xABC6, 0x0001, 0xABC7, 0x0001, 0xCDB2, 0x0001, 0xF7BF, 0x0001, 0xF71A, 0x0001,
    0xD4C7, 0x0001, 0xC469, 0x0001, 0xB46D, 0x0001, 0xABA6, 0x0001, 0xAB84, 0x0001, 0xBC68, 0x0001,
    0xD509, 0x0001, 0xED89, 0x0001, 0xFE0A, 0x0001, 0xFF52, 0x0001, 0xFFD8, 0x0001, 0xCDAF, 0x0001,
    0xD4E5, 0x0001, 0xFE04, 0x0001, 0xB487, 0x0001, 0x4A2B, 0x0001, 0x4A2C, 0x0001, 0x93CB, 0x0001,
    0xE56A, 0x0001, 0xFE8B, 0x0001, 0xFF0E, 0x0001, 0xFF51, 0x0001, 0xFFB4, 0x0001, 0xFF73, 0x0001,
    0xF62D, 0x0001, 0xFF8F, 0x0004, 0x9B45, 0x0001, 0xABC6, 0x0001, 0xFF8F, 0x0002, 0xED44, 0x0008,
    0x18C5, 0x000F, 0xED44, 0x0002, 0x18C5, 0x0002, 0xED44, 0x0006, 0xFF8F, 0x0001, 0xFF2B, 0x0001,
    0xFF0B, 0x0001, 0xFF8F, 0x0001, 0xEDCB, 0x0001, 0xFE8C, 0x0001, 0xD4A7, 0x0001, 0x9B45, 0x0001,
    0x9304, 0x0001, 0xB3A3, 0x0001, 0xE5AF, 0x0001, 0xFFBF, 0x0001, 0xFFB7, 0x0001, 0xF6A8, 0x0001,
    0xFE4A, 0x0001, 0xC488, 0x0001, 0x9304, 0x0001, 0xC4CC, 0x0001, 0xFF98, 0x0001, 0xFFFF, 0x0001,
    0xF6F7, 0x0001, 0xF60B, 0x0001, 0xFED1, 0x0001, 0xF6D4, 0x0001, 0xD4EA, 0x0001, 0xD4C7, 0x0001,
    0xF60B, 0x0001, 0xF62B, 0x0001, 0xEDAA, 0x0001, 0xE58A, 0x0001, 0xFE8B, 0x0001, 0xFECA, 0x0001,
    0xAC26, 0x0001, 0x92E5, 0x0001, 0xBC28, 0x0001, 0xBC07, 0x0001, 0x9B44, 0x0001, 0xBBE5, 0x0001,
    0xE528, 0x0001, 0xF5EB, 0x0001, 0xEDCA, 0x0001, 0xE5AB, 0x0001, 0xEE72, 0x0001, 0xF717, 0x0001,
    0xF6F6, 0x0001, 0xF670, 0x0001, 0xFE4B, 0x0001, 0xFECC, 0x0001, 0xFE6C, 0x0001, 0xFF8F, 0x0001,
    0x82A4, 0x0001, 0x9305, 0x0001, 0xFF8F, 0x0002, 0xED44, 0x0008, 0x18C5, 0x000E, 0xED44, 0x000A,
    0xFF8F, 0x0002, 0xFF8C, 0x0001, 0xFF0B, 0x0001, 0xCC67, 0x0001, 0xABC6, 0x0001, 0xBC47, 0x0001,
    0xA365, 0x0001, 0x8AA5, 0x0001, 0x9B45, 0x0001, 0xD523, 0x0001, 0xFF30, 0x0001, 0xFFFF, 0x0001,
    0xFF36, 0x0001, 0xED84, 0x0001, 0xC465, 0x0001, 0xA387, 0x0001, 0xAB85, 0x0001, 0xD4E8, 0x0001,
    0xFEB0, 0x0001, 0xFF79, 0x0001, 0xF6F5, 0x0001, 0xF5EA, 0x0001, 0xF60A, 0x0001, 0xF66F, 0x0001,
    0xE611, 0x0001, 0xF670, 0x0001, 0xFE6D, 0x0001, 0xDD29, 0x0001, 0x9B66, 0x0001, 0x7AA5, 0x0001,
    0xC4E8, 0x0001, 0xFECA, 0x0001, 0xD464, 0x0001, 0xABAA, 0x0001, 0xDE38, 0x0001, 0xEE74, 0x0001,
    0xED88, 0x0001, 0xFDE8, 0x0001, 0xFE4B, 0x0001, 0xF589, 0x0001, 0xA3A6, 0x0001, 0x72C5, 0x0001,
    0xAC29, 0x0001, 0xE58D, 0x0001, 0xEE2D, 0x0001, 0xFEB1, 0x0001, 0xFF13, 0x0001, 0xFEEE, 0x0001,
    0xFE4B, 0x0001, 0xEDEB, 0x0001, 0xBC27, 0x0001, 0x8AC4, 0x0001, 0xFF8F, 0x0002, 0xED44, 0x0008,
    0x18C5, 0x000E, 0xED44, 0x000A, 0xFF8F, 0x0002, 0xFF2B, 0x0001, 0xF62A, 0x0001, 0xCC47, 0x0001,
    0x9B25, 0x0001, 0x92E4, 0x0001, 0x9B45, 0x0001, 0x8AC4, 0x0001, 0x9325, 0x0001, 0xDE0B, 0x0001,
    0xFFF5, 0x0001, 0xF7BD, 0x0001, 0xFF5A, 0x0001, 0xE5EF, 0x0001, 0x9304, 0x0001, 0x92C2, 0x0001,
    0xDCE8, 0x0001, 0xF60B, 0x0001, 0xEE0D, 0x0001, 0xEE51, 0x0002, 0xF62E, 0x0001, 0xEDCB, 0x0001,
    0xF64F, 0x0001, 0xFF98, 0x0001, 0xFF34, 0x0001, 0xDD28, 0x0001, 0xB3A4, 0x0001, 0x6A23, 0x0001,
    0x30E1, 0x0001, 0x5A24, 0x0001, 0xAC49, 0x0001, 0xD4E7, 0x0001, 0xE62D, 0x0001, 0xFFFB, 0x0001,
    0xF716, 0x0001, 0xDD49, 0x0001, 0xC4C8, 0x0001, 0xBC89, 0x0001, 0xABA6, 0x0001, 0x6A23, 0x0001,
    0x51A2, 0x0001, 0xA364, 0x0001, 0xE506, 0x0001, 0xEDCA, 0x0001, 0xF6F4, 0x0001, 0xF6F7, 0x0001,
    0xDD8D, 0x0001, 0xF5A9, 0x0001, 0xFECC, 0x0001, 0xED6A, 0x0001, 0x8AC4, 0x0001, 0xFF8F, 0x0002,
    0xED44, 0x0008, 0x18C5, 0x000E, 0xED44, 0x000A, 0xFF8F, 0x0002, 0x18C5, 0x0002, 0xA345, 0x0001,
    0xBC06, 0x0001, 0xCC67, 0x0001, 0xC467, 0x0001, 0x9B23, 0x0001, 0x9326, 0x0001, 0xD656, 0x0001,
    0xFFFE, 0x0001, 0xFFDE, 0x0001, 0xFFFF, 0x0001, 0xEF1B, 0x0001, 0x9B89, 0x0001, 0x9B01, 0x0001,
    0xEDCA, 0x0001, 0xFF54, 0x0001, 0xEE94, 0x0001, 0xD50A, 0x0001, 0xD52B, 0x0001, 0xF6D5, 0x0001,
    0xFEF6, 0x0001, 0xFF15, 0x0001, 0xFFB8, 0x0001, 0xF671, 0x0001, 0xC445, 0x0001, 0xAB64, 0x0001,
    0x82C5, 0x0001, 0x51C2, 0x0001, 0x1061, 0x0001, 0x20E3, 0x0001, 0xACC8, 0x0001, 0xFFCD, 0x0001,
    0xFF6D, 0x0001, 0xCD6A, 0x0001, 0x9325, 0x0001, 0x6203, 0x0001, 0x49C3, 0x0001, 0x51C3, 0x0001,
    0x6203, 0x0001, 0x9304, 0x0001, 0xD4E7, 0x0001, 0xF62D, 0x0001, 0xF6B3, 0x0001, 0xFF57, 0x0001,
    0xF6B4, 0x0001, 0xCCAA, 0x0001, 0xD4E7, 0x0001, 0xFE2B, 0x0001, 0xDD29, 0x0001, 0x8AC4, 0x0001,
    0xFF8F, 0x0002, 0xED44, 0x0008, 0x18C5, 0x000F, 0xED44, 0x0002, 0x18C5, 0x0002, 0xED44, 0x0006,
    0xFF8F, 0x0003, 0xAB85, 0x0001, 0xE509, 0x0001, 0xE569, 0x0001, 0xD4A8, 0x0001, 0xBBE4, 0x0001,
    0xC489, 0x0001, 0xE6DA, 0x0001, 0xFFFF, 0x0001, 0xF7DF, 0x0001, 0xFF99, 0x0001, 0xFF78, 0x0001,
    0xDE76, 0x0001, 0xBD10, 0x0001, 0xBC48, 0x0001, 0xE5CD, 0x0001, 0xEDEF, 0x0001, 0xA343, 0x0001,
    0xB3C4, 0x0001, 0xFED1, 0x0001, 0xFFB5, 0x0001, 0xDDD0, 0x0001, 0x7B49, 0x0001, 0x942E, 0x0001,
    0xDE14, 0x0001, 0xB42B, 0x0001, 0x8AC3, 0x0001, 0xAC07, 0x0001, 0x8B66, 0x0001, 0x6A64, 0x0001,
    0xAC27, 0x0001, 0xEEAA, 0x0001, 0xFF6A, 0x0001, 0xCD47, 0x0001, 0x92C4, 0x0001, 0x8AC4, 0x0001,
    0x82C4, 0x0001, 0x6223, 0x0001, 0x7A84, 0x0001, 0xBC06, 0x0001, 0xEDCB, 0x0001, 0xFF35, 0x0001,
    0xFFBC, 0x0001, 0xFF58, 0x0001, 0xF66E, 0x0001, 0xDD49, 0x0001, 0xD4E8, 0x0001, 0xC488, 0x0001,
    0xB407, 0x0001, 0x18C5, 0x0001, 0xFF8F, 0x0002, 0xED44, 0x0008, 0x18C5, 0x0013, 0xED44, 0x0007,
    0xFF8F, 0x0002, 0xD4C7, 0x0001, 0xFE2B, 0x0001, 0xEDCA, 0x0001, 0xCC87, 0x0001, 0xD4C6, 0x0001,
    0xF64D, 0x0001, 0xFF59, 0x0001, 0xF7FF, 0x0001, 0xFFFF, 0x0001, 0xEE30, 0x0001, 0xE5AA, 0x0001,
    0xFF9A, 0x0001, 0xDEBA, 0x0001, 0x9B46, 0x0001, 0xA321, 0x0001, 0xB3E6, 0x0001, 0x9B67, 0x0001,
    0xABE8, 0x0001, 0xE589, 0x0001, 0xFEAB, 0x0001, 0xC4A7, 0x0001, 0x28E0, 0x0001, 0x6370, 0x0001,
    0xFFFF, 0x0001, 0xCD71, 0x0001, 0x9B23, 0x0001, 0xE569, 0x0001, 0xEDCB, 0x0001, 0xC447, 0x0001,
    0xBBC6, 0x0001, 0xD4E8, 0x0001, 0xF68A, 0x0001, 0xEE2A, 0x0001, 0xD4A7, 0x0001, 0xCC67, 0x0001,
    0xB406, 0x0001, 0x9B45, 0x0001, 0xAB84, 0x0001, 0xD4C8, 0x0001, 0xEE51, 0x0001, 0xFFBC, 0x0001,
    0xFFFF, 0x0001, 0xF6B4, 0x0001, 0xEDA9, 0x0001, 0xFE2A, 0x0001, 0xE56A, 0x0001, 0x9325, 0x0001,
    0x18C5, 0x0001, 0xFF8F, 0x0002, 0xED44, 0x0008, 0x18C5, 0x0014, 0xED44, 0x0007, 0xFF8F, 0x0002,
    0xEDAA, 0x0001, 0xFF2C, 0x0001, 0xEE4A, 0x0001, 0xCCA7, 0x0001, 0xDD47, 0x0001, 0xFF0D, 0x0001,
    0xFF98, 0x0001, 0xFFFF, 0x0002, 0xACD0, 0x0001, 0x7AA2, 0x0001, 0xBC8A, 0x0001, 0xEE30, 0x0001,
    0xD508, 0x0001, 0x7A40, 0x0001, 0x6224, 0x0001, 0xC5F6, 0x0001, 0xDE36, 0x0001, 0xA3A6, 0x0001,
    0xCC84, 0x0001, 0xED89, 0x0001, 0xB4AC, 0x0001, 0xC5F5, 0x0001, 0xFF7A, 0x0001, 0xEE2F, 0x0001,
    0xD4A6, 0x0001, 0xCC87, 0x0001, 0x82C6, 0x0001, 0x51A5, 0x0001, 0xAC09, 0x0001, 0xED68, 0x0001,
    0xC464, 0x0001, 0xF608, 0x0001, 0xFEEB, 0x0001, 0x8365, 0x0001, 0x4962, 0x0001, 0x9B25, 0x0001,
    0xCC65, 0x0001, 0xE58A, 0x0001, 0xFF38, 0x0001, 0xFFFF, 0x0001, 0xFF79, 0x0001, 0xDD6D, 0x0001,
    0xCC86, 0x0001, 0xF5EA, 0x0001, 0xE56A, 0x0001, 0x9305, 0x0001, 0xFF8F, 0x0002, 0xED44, 0x0009,
    0x18C5, 0x0014, 0xED44, 0x0007, 0xFF8F, 0x0001, 0xF66C, 0x0001, 0xFF0C, 0x0001, 0xFFCC, 0x0001,
    0xE629, 0x0001, 0xBC27, 0x0001, 0xCCE5, 0x0001, 0xFF2B, 0x0001, 0xF799, 0x0001, 0xFFFF, 0x0001,
    0xFFFB, 0x0001, 0x8C2D, 0x0001, 0x3901, 0x0001, 0x8260, 0x0001, 0xF589, 0x0001, 0xFEF0, 0x0001,
    0xA429, 0x0001, 0x7B6B, 0x0001, 0xF7BE, 0x0001, 0xF719, 0x0001, 0x9304, 0x0001, 0xBC27, 0x0001,
    0xFF34, 0x0001, 0xFFF9, 0x0001, 0xFFB8, 0x0001, 0xF6B3, 0x0001, 0xFEF2, 0x0001, 0xEE2D, 0x0001,
    0x9B45, 0x0001, 0x2861, 0x0001, 0x1863, 0x0001, 0xA428, 0x0001, 0xFEAD, 0x0001, 0xE5AF, 0x0001,
    0xDDCC, 0x0001, 0xB528, 0x0001, 0x3208, 0x0001, 0x0046, 0x0001, 0x59C3, 0x0001, 0xCCA6, 0x0001,
    0xFF32, 0x0001, 0xFFFE, 0x0001, 0xFFFF, 0x0001, 0xFF37, 0x0001, 0xDD6C, 0x0001, 0xCCA8, 0x0001,
    0xF60A, 0x0001, 0xEDAB, 0x0001, 0xAB86, 0x0001, 0xFF8F, 0x0002, 0xED44, 0x0009, 0x18C5, 0x0010,
    0xED44, 0x0002, 0x18C5, 0x0002, 0xED44, 0x0006, 0xFF8F, 0x0001, 0xEDCB, 0x0001, 0xFF0C, 0x0001,
    0xFF6C, 0x0001, 0xFFAC, 0x0001, 0xDDC9, 0x0001, 0x9B45, 0x0001, 0xBC64, 0x0001, 0xFF2C, 0x0001,
    0xFFBB, 0x0001, 0xFFFC, 0x0001, 0xFF8E, 0x0001, 0x9405, 0x0001, 0x4962, 0x0001, 0x9303, 0x0001,
    0xEDAC, 0x0001, 0xFEF5, 0x0001, 0xF6D5, 0x0001, 0xEEB4, 0x0001, 0xFF79, 0x0001, 0xE5EF, 0x0001,
    0xBC05, 0x0001, 0xDE13, 0x0001, 0xFFFF, 0x0001, 0xFF99, 0x0001, 0xFEF4, 0x0001, 0xF6F5, 0x0001,
    0xFF97, 0x0001, 0xDE32, 0x0001, 0x72C5, 0x0001, 0x28C0, 0x0001, 0x49A3, 0x0001, 0xAC05, 0x0001,
    0xFF31, 0x0001, 0xFFFF, 0x0001, 0x9CD2, 0x0001, 0x18E2, 0x0001, 0x198D, 0x0001, 0x198F, 0x0001,
    0x1083, 0x0001, 0x8BA8, 0x0001, 0xFFB8, 0x0001, 0xFFFF, 0x0001, 0xF7DE, 0x0001, 0xFF37, 0x0001,
    0xEE2E, 0x0001, 0xEDCA, 0x0001, 0xFE4B, 0x0001, 0xE56A, 0x0001, 0xA365, 0x0001, 0xFF8F, 0x0002,
    0xED44, 0x0009, 0x18C5, 0x000F, 0xED44, 0x000A, 0xFF8F, 0x0002, 0xEDEB, 0x0001, 0xFEEC, 0x0001,
    0x18C5, 0x0001, 0xFFCC, 0x0001, 0xF68A, 0x0001, 0x9B45, 0x0001, 0xAC49, 0x0001, 0xFF96, 0x0001,
    0xFFFF, 0x0001, 0xFFBC, 0x0001, 0xD568, 0x0001, 0x8B01, 0x0001, 0x7264, 0x0001, 0xABA6, 0x0001,
    0xDD09, 0x0001, 0xEDCE, 0x0001, 0xFF36, 0x0001, 0xFF77, 0x0001, 0xF66F, 0x0001, 0xEDAB, 0x0001,
    0xF670, 0x0001, 0xFFFC, 0x0001, 0xFFDC, 0x0001, 0xC52F, 0x0001, 0xC50D, 0x0001, 0xF6F5, 0x0001,
    0xFF34, 0x0001, 0xC4EC, 0x0001, 0x41C4, 0x0001, 0x1860, 0x0001, 0x6A02, 0x0001, 0xE528, 0x0001,
    0xEEAF, 0x0001, 0x8CB3, 0x0001, 0x2A0F, 0x0001, 0x00A8, 0x0001, 0x1908, 0x0001, 0x216A, 0x0001,
    0x112A, 0x0001, 0x39E9, 0x0001, 0x8C2D, 0x0001, 0xDEB8, 0x0001, 0xF719, 0x0001, 0xDD8E, 0x0001,
    0xEDCB, 0x0001, 0xFE6C, 0x0001, 0xEDAA, 0x0001, 0xB407, 0x0001, 0x18C5, 0x0001, 0xFF8F, 0x0002,
    0xED44, 0x0009, 0x18C5, 0x000F, 0xED44, 0x000A, 0xFF8F, 0x0002, 0x18C5, 0x0002, 0xFF8F, 0x0001,
    0xFFAD, 0x0001, 0xF648, 0x0001, 0x9B44, 0x0001, 0xB4D1, 0x0001, 0xFFFF, 0x0001, 0xFFBE, 0x0001,
    0xCDF5, 0x0001, 0x8B06, 0x0001, 0x8262, 0x0001, 0xA386, 0x0001, 0xC447, 0x0001, 0xC425, 0x0001,
    0xB3E5, 0x0001, 0xDDAE, 0x0001, 0xFEF4, 0x0001, 0xF64D, 0x0001, 0xEE0D, 0x0001, 0xEE94, 0x0001,
    0xEEF6, 0x0001, 0xD58F, 0x0001, 0x92E4, 0x0001, 0xB44A, 0x0001, 0xFF16, 0x0001, 0xF5EE, 0x0001,
    0x92E3, 0x0001, 0x2902, 0x0001, 0x1841, 0x0001, 0x71A2, 0x0001, 0xDCE9, 0x0001, 0xC4A8, 0x0001,
    0x3100, 0x0001, 0x08C9, 0x0001, 0x3252, 0x0001, 0x2127, 0x0001, 0x1905, 0x0001, 0x3252, 0x0001,
    0x00AA, 0x0001, 0x18C3, 0x0001, 0xC570, 0x0001, 0xFEF2, 0x0001, 0xCC87, 0x0001, 0xDD07, 0x0001,
    0xE5AA, 0x0001, 0xB3E6, 0x0001, 0x7222, 0x0001, 0xFF8F, 0x0002, 0xED44, 0x000A, 0x18C5, 0x0010,
    0xED44, 0x0002, 0x18C5, 0x0002, 0xED44, 0x0006, 0xFF8F, 0x0003, 0xFF6C, 0x0001, 0xFEAB, 0x0001,
    0xC445, 0x0001, 0x8AC2, 0x0001, 0xBD54, 0x0001, 0xF7DF, 0x0001, 0xD5B3, 0x0001, 0x82E5, 0x0001,
    0x59E3, 0x0001, 0x82C4, 0x0001, 0xC447, 0x0001, 0xD4C8, 0x0001, 0x9B44, 0x0001, 0x6222, 0x0001,
    0xB448, 0x0001, 0xFF10, 0x0001, 0xFF34, 0x0001, 0xD5B0, 0x0001, 0xA3A8, 0x0001, 0x6A84, 0x0001,
    0x6A23, 0x0001, 0x92A1, 0x0001, 0xE58C, 0x0001, 0xFF57, 0x0001, 0xB4AC, 0x0001, 0x5180, 0x0001,
    0x3121, 0x0001, 0x4142, 0x0001, 0x6982, 0x0001, 0x71E4, 0x0001, 0x8A62, 0x0001, 0x9AC0, 0x0001,
    0x6ACA, 0x0001, 0x2A74, 0x0001, 0x19AF, 0x0001, 0x29CD, 0x0001, 0x3252, 0x0001, 0x012F, 0x0001,
    0x216B, 0x0001, 0xCD2D, 0x0001, 0xFF2E, 0x0001, 0xF5EA, 0x0001, 0xDCE8, 0x0001, 0xABA6, 0x0001,
    0x18C5, 0x0002, 0xFF8F, 0x0002, 0xED44, 0x000A, 0x18C5, 0x0014, 0xED44, 0x0007, 0xFF8F, 0x0001,
    0xFF4C, 0x0001, 0xFF4B, 0x0001, 0xDD28, 0x0001, 0x92A3, 0x0001, 0x92E3, 0x0001, 0xDE31, 0x0001,
    0xFFB8, 0x0001, 0xBC8A, 0x0001, 0x5940, 0x0001, 0x3962, 0x0001, 0x8326, 0x0001, 0xDD08, 0x0001,
    0xED48, 0x0001, 0x9B65, 0x0001, 0x5182, 0x0001, 0x7263, 0x0001, 0xCD09, 0x0001, 0xFF13, 0x0001,
    0xF672, 0x0001, 0xB429, 0x0001, 0x72A6, 0x0001, 0x8348, 0x0001, 0xCD0B, 0x0001, 0xFEB0, 0x0001,
    0xE5F0, 0x0001, 0x6AA7, 0x0001, 0x3121, 0x0001, 0x6A63, 0x0001, 0x8284, 0x0001, 0x7181, 0x0001,
    0x6141, 0x0001, 0xA2C1, 0x0001, 0xECC3, 0x0001, 0x9367, 0x0001, 0x094D, 0x0001, 0x11F3, 0x0001,
    0x3273, 0x0001, 0x21CF, 0x0001, 0x2255, 0x0001, 0x4337, 0x0001, 0x8BAB, 0x0001, 0xC4E6, 0x0001,
    0xE58A, 0x0001, 0xABE7, 0x0001, 0x6A23, 0x0001, 0xFF8F, 0x0005, 0xED44, 0x0009, 0x18C5, 0x0010,
    0xED44, 0x0002, 0x18C5, 0x0002, 0xED44, 0x0006, 0xFF8F, 0x0001, 0xFF0B, 0x0001, 0xFEEB, 0x0001,
    0xCC67, 0x0001, 0x9B25, 0x0001, 0x92E4, 0x0001, 0xB3E6, 0x0001, 0xEE4A, 0x0001, 0xFF0C, 0x0001,
    0xBC87, 0x0001, 0x69E3, 0x0001, 0x4983, 0x0001, 0x8305, 0x0001, 0xD4C7, 0x0001, 0xDD08, 0x0001,
    0xAB85, 0x0001, 0x71A2, 0x0001, 0x40E1, 0x0001, 0x6A64, 0x0001, 0xD529, 0x0001, 0xFEF0, 0x0001,
    0xF6D5, 0x0001, 0xEE95, 0x0001, 0xF6D5, 0x0001, 0xFF36, 0x0001, 0xE5F0, 0x0001, 0x9B46, 0x0001,
    0x5181, 0x0001, 0x5A23, 0x0001, 0xB426, 0x0001, 0xA345, 0x0001, 0x6981, 0x0001, 0x9AC2, 0x0001,
    0xE4A3, 0x0001, 0xE483, 0x0001, 0x7261, 0x0001, 0x08A4, 0x0001, 0x118E, 0x0001, 0x2A32, 0x0001,
    0x21D0, 0x0001, 0x437A, 0x0001, 0x4C1E, 0x0001, 0x21AA, 0x0001, 0x4140, 0x0001, 0x9B25, 0x0001,
    0x6A43, 0x0001, 0x6223, 0x0001, 0xEDCA, 0x0001, 0xFEED, 0x0001, 0xFF8F, 0x0001, 0xF6EA, 0x0001,
    0xF6EB, 0x0001, 0xFF8F, 0x0001, 0xED44, 0x0008, 0x18C5, 0x000F, 0xED44, 0x000A, 0xFF8F, 0x0001,
    0xFECC, 0x0001, 0xFF8C, 0x0001, 0xE609, 0x0001, 0x9B25, 0x0001, 0xABA6, 0x0001, 0xCCC8, 0x0001,
    0xCC87, 0x0001, 0xC486, 0x0001, 0xBCA6, 0x0001, 0xB448, 0x0001, 0xAB85, 0x0001, 0x92C0, 0x0001,
    0x8A81, 0x0001, 0x92C4, 0x0002, 0x8222, 0x0001, 0x6961, 0x0001, 0x69A2, 0x0001, 0x7263, 0x0001,
    0x8304, 0x0001, 0xA428, 0x0001, 0xD56E, 0x0001, 0xF650, 0x0001, 0xFE90, 0x0001, 0xE5F0, 0x0001,
    0x9388, 0x0001, 0x59A1, 0x0001, 0x7AA4, 0x0001, 0xC4A8, 0x0001, 0xE508, 0x0001, 0x8B05, 0x0001,
    0x3902, 0x0001, 0x7202, 0x0001, 0xC3A3, 0x0001, 0xC3C2, 0x0001, 0xAB21, 0x0001, 0x6A01, 0x0001,
    0x3165, 0x0001, 0x21AD, 0x0001, 0x32F6, 0x0001, 0x5CBE, 0x0001, 0x549F, 0x0001, 0x11F2, 0x0001,
    0x18C4, 0x0001, 0x6203, 0x0001, 0x6A22, 0x0001, 0x7284, 0x0001, 0xCCC8, 0x0001, 0xC468, 0x0001,
    0xCC67, 0x0001, 0xFF0B, 0x0001, 0xFFEC, 0x0001, 0xFF8F, 0x0002, 0xED44, 0x0008, 0x18C5, 0x000E,
    0xED44, 0x0009, 0xFF8F, 0x0001, 0xEDAA, 0x0001, 0xFF6D, 0x0001, 0xFF6C, 0x0001, 0xBCE7, 0x0001,
    0x9325, 0x0001, 0xD509, 0x0001, 0xFE2B, 0x0001, 0xCCA8, 0x0001, 0x9B25, 0x0001, 0x92E4, 0x0001,
    0xB3A5, 0x0001, 0xDCE6, 0x0001, 0xE4E6, 0x0001, 0x9AE3, 0x0001, 0x5921, 0x0001, 0x6141, 0x0001,
    0x6982, 0x0002, 0x8AA4, 0x0001, 0x8B05, 0x0001, 0x59E3, 0x0001, 0x4982, 0x0001, 0x7A83, 0x0001,
    0xAB84, 0x0001, 0xABA5, 0x0001, 0x92E3, 0x0001, 0x59A2, 0x0001, 0x5A03, 0x0001, 0xBCC9, 0x0001,
    0xFE8C, 0x0001, 0xE507, 0x0001, 0x6264, 0x0001, 0x0883, 0x0001, 0x2061, 0x0001, 0x8202, 0x0001,
    0xCC03, 0x0001, 0xFD64, 0x0001, 0xD443, 0x0001, 0x4120, 0x0001, 0x0909, 0x0001, 0x4C3F, 0x0001,
    0x653F, 0x0001, 0x4BDC, 0x0001, 0x32D6, 0x0001, 0x29CC, 0x0001, 0x4183, 0x0001, 0x7A82, 0x0001,
    0xA365, 0x0001, 0x92E4, 0x0001, 0x9B04, 0x0001, 0xCC47, 0x0001, 0xFE8A, 0x0001, 0xFF2B, 0x0001,
    0xFF8F, 0x0002, 0xED44, 0x0008, 0x18C5, 0x000D, 0xED44, 0x0009, 0xFF8F, 0x0002, 0xF6AA, 0x0001,
    0xFFCD, 0x0001, 0xFF0C, 0x0001, 0xD4E8, 0x0001, 0xB3C6, 0x0001, 0xE549, 0x0001, 0xF5EB, 0x0001,
    0xCC68, 0x0001, 0xB3C7, 0x0001, 0xB384, 0x0001, 0xBB20, 0x0001, 0xE549, 0x0001, 0xFF79, 0x0001,
    0xAC6F, 0x0001, 0x6120, 0x0001, 0x9282, 0x0001, 0xABA6, 0x0001, 0x8AA4, 0x0001, 0x6A23, 0x0001,
    0x6203, 0x0001, 0x7243, 0x0001, 0x6A23, 0x0001, 0x51C2, 0x0001, 0x59E2, 0x0002, 0x4981, 0x0001,
    0x61E2, 0x0001, 0xA3A5, 0x0001, 0xEDCB, 0x0001, 0xFE6C, 0x0001, 0xDCC6, 0x0001, 0x6243, 0x0001,
    0x0883, 0x0001, 0x1801, 0x0001, 0x8A62, 0x0001, 0xF5A5, 0x0001, 0xFF67, 0x0001, 0xED64, 0x0001,
    0x4100, 0x0001, 0x00CA, 0x0001, 0x4C7F, 0x0001, 0x5C7E, 0x0001, 0x2A53, 0x0001, 0x3253, 0x0001,
    0x198D, 0x0001, 0x18A2, 0x0001, 0x7282, 0x0001, 0xCC67, 0x0001, 0xC426, 0x0001, 0xABA5, 0x0001,
    0xAB86, 0x0001, 0xB447, 0x0001, 0x18C5, 0x0001, 0xFF8F, 0x0002, 0xED44, 0x0008, 0x18C5, 0x000D,
    0xED44, 0x0009, 0xFF8F, 0x0002, 0xFF8B, 0x0001, 0xFF4C, 0x0001, 0xDD4A, 0x0001, 0xCC87, 0x0001,
    0xDD67, 0x0001, 0xEE2B, 0x0001, 0xE5EA, 0x0001, 0xDD06, 0x0001, 0xDD08, 0x0001, 0xDD6B, 0x0001,
    0xD4C8, 0x0001, 0xEE73, 0x0001, 0xFFFF, 0x0001, 0xACD4, 0x0001, 0x7180, 0x0001, 0xC425, 0x0001,
    0xEDAA, 0x0001, 0xB3E6, 0x0001, 0x6223, 0x0002, 0xABE7, 0x0001, 0xABC6, 0x0001, 0x59E2, 0x0001,
    0x51A2, 0x0001, 0x5A04, 0x0001, 0x6244, 0x0001, 0xA3A6, 0x0001, 0xE529, 0x0001, 0xE528, 0x0001,
    0xDD49, 0x0001, 0xEDCD, 0x0001, 0x93A9, 0x0001, 0x30E2, 0x0001, 0x5920, 0x0001, 0xA2E2, 0x0001,
    0xC444, 0x0001, 0xE646, 0x0001, 0xFE86, 0x0001, 0x8BC3, 0x0001, 0x4A48, 0x0001, 0x3B14, 0x0001,
    0x3295, 0x0001, 0x21CF, 0x0001, 0x2A32, 0x0001, 0x19B0, 0x0001, 0x1108, 0x0001, 0x72A6, 0x0001,
    0xDCC7, 0x0001, 0xED69, 0x0001, 0xD4C8, 0x0001, 0xA365, 0x0001, 0x18C5, 0x0001, 0xFF8F, 0x0002,
    0xED44, 0x0008, 0x18C5, 0x000E, 0xED44, 0x0009, 0xFF8F, 0x0002, 0xFFCC, 0x0001, 0xF6AA, 0x0001,
    0xA386, 0x0001, 0xB426, 0x0001, 0xFF0B, 0x0001, 0xFF4C, 0x0001, 0xF689, 0x0001, 0xFE25, 0x0001,
    0xFE4B, 0x0001, 0xF6F6, 0x0001, 0xF77C, 0x0001, 0xFFFF, 0x0002, 0xA42F, 0x0001, 0x6981, 0x0001,
    0xCC87, 0x0001, 0xFE4C, 0x0001, 0xCC87, 0x0001, 0x92E4, 0x0001, 0x9B65, 0x0001, 0xE58A, 0x0001,
    0xDD29, 0x0001, 0x9304, 0x0001, 0x8284, 0x0001, 0x9B45, 0x0001, 0xB3E6, 0x0001, 0xDD29, 0x0001,
    0xEDEB, 0x0001, 0xCC86, 0x0001, 0xD4E9, 0x0001, 0xFF15, 0x0001, 0xBCCF, 0x0001, 0x6961, 0x0001,
    0xAB00, 0x0001, 0xBBA3, 0x0001, 0x71A2, 0x0001, 0x9B43, 0x0001, 0xFE86, 0x0001, 0xFF27, 0x0001,
    0xBC84, 0x0001, 0x2923, 0x0001, 0x08CA, 0x0001, 0x2A32, 0x0001, 0x3252, 0x0001, 0x19F2, 0x0001,
    0x21F1, 0x0001, 0x730B, 0x0001, 0xD4A7, 0x0001, 0xF5EA, 0x0001, 0xF5CB, 0x0001, 0xCC87, 0x0001,
    0xFF8F, 0x0002, 0xED44, 0x0009, 0x18C5, 0x000E, 0xED44, 0x0009, 0xFF8F, 0x0002, 0xFFCC, 0x0001,
    0xFECA, 0x0001, 0xABA5, 0x0001, 0xC4CB, 0x0001, 0xFFF2, 0x0001, 0xFFEC, 0x0001, 0xFEC7, 0x0001,
    0xFE8B, 0x0001, 0xFF34, 0x0001, 0xFFDD, 0x0001, 0xFFFF, 0x0003, 0x9BCD, 0x0001, 0x58C0, 0x0001,
    0xBBE5, 0x0001, 0xF5EB, 0x0001, 0xCC67, 0x0001, 0xAB65, 0x0001, 0xBC26, 0x0001, 0xEDEA, 0x0001,
    0xFED0, 0x0001, 0xDDD0, 0x0001, 0x9B88, 0x0001, 0x92C2, 0x0001, 0xC426, 0x0001, 0xED69, 0x0001,
    0xEDCA, 0x0001, 0xE5EE, 0x0001, 0xE611, 0x0001, 0xE5F0, 0x0001, 0x9B48, 0x0001, 0x71A1, 0x0001,
    0xD483, 0x0001, 0xEDA5, 0x0001, 0xA2C2, 0x0001, 0x81C1, 0x0001, 0xB3E4, 0x0001, 0xFEA7, 0x0001,
    0xDD43, 0x0001, 0x28E0, 0x0001, 0x0089, 0x0001, 0x2A31, 0x0001, 0x31C9, 0x0001, 0x090A, 0x0001,
    0x0994, 0x0001, 0x6AEE, 0x0001, 0xDCE6, 0x0001, 0xFE89, 0x0001, 0xFECC, 0x0001, 0xED6A, 0x0001,
    0xFF8F, 0x0002, 0xED44, 0x0009, 0x18C5, 0x000E, 0xED44, 0x0009, 0xFF8F, 0x0002, 0xFF6C, 0x0001,
    0xFF0A, 0x0001, 0xE526, 0x0001, 0xD52F, 0x0001, 0xDE34, 0x0001, 0xDD89, 0x0001, 0xE5A7, 0x0001,
    0xF716, 0x0001, 0xFFBF, 0x0001, 0xFFFF, 0x0001, 0xFFDF, 0x0001, 0xFFFF, 0x0002, 0xB4F2, 0x0001,
    0x7A24, 0x0001, 0x9B04, 0x0001, 0xCC67, 0x0001, 0xCCA7, 0x0001, 0xCCA8, 0x0001, 0xCCA7, 0x0001,
    0xDD08, 0x0001, 0xF66E, 0x0001, 0xFF14, 0x0001, 0xC52E, 0x0001, 0x9B66, 0x0001, 0xB3C5, 0x0001,
    0xD4E8, 0x0001, 0xF60D, 0x0001, 0xFF14, 0x0001, 0xFEB2, 0x0001, 0xE528, 0x0001, 0x9261, 0x0001,
    0x6982, 0x0001, 0xBC44, 0x0001, 0xFE86, 0x0001, 0xF564, 0x0001, 0x8221, 0x0001, 0x6121, 0x0001,
    0xE505, 0x0001, 0xDD85, 0x0001, 0x2943, 0x0001, 0x00EC, 0x0001, 0x2A11, 0x0001, 0x18E6, 0x0001,
    0x10E5, 0x0001, 0x3A6F, 0x0001, 0x836C, 0x0001, 0xCC86, 0x0001, 0xF689, 0x0001, 0xFF8D, 0x0001,
    0xFEAC, 0x0001, 0xF60B, 0x0001, 0xFF8F, 0x0001, 0xED44, 0x0009, 0x18C5, 0x000E, 0xED44, 0x0009,
    0xFF8F, 0x0001, 0xF60B, 0x0001, 0xFF2D, 0x0001, 0xFEEA, 0x0001, 0xFE48, 0x0001, 0xB48E, 0x0001,
    0x4290, 0x0001, 0x2905, 0x0001, 0x7328, 0x0001, 0xEF9E, 0x0001, 0xFFFF, 0x0002, 0xFFDF, 0x0001,
    0xFFFF, 0x0001, 0xFFDF, 0x0001, 0xEF5D, 0x0001, 0xD659, 0x0001, 0x82C7, 0x0001, 0x92A2, 0x0001,
    0xEDAA, 0x0001, 0xFE6C, 0x0001, 0xE549, 0x0001, 0xCC66, 0x0001, 0xD4A6, 0x0001, 0xF5EB, 0x0001,
    0xFEF3, 0x0001, 0xE632, 0x0001, 0xBC26, 0x0001, 0xCCEA, 0x0001, 0xF6F5, 0x0001, 0xEE10, 0x0001,
    0xED68, 0x0001, 0xFE08, 0x0001, 0xB3E5, 0x0001, 0x6981, 0x0001, 0x9AA2, 0x0001, 0xF584, 0x0001,
    0xFEA6, 0x0001, 0x9B03, 0x0001, 0x50C1, 0x0001, 0xED45, 0x0001, 0xEE05, 0x0001, 0x2942, 0x0001,
    0x00CA, 0x0001, 0x2A11, 0x0001, 0x00CE, 0x0001, 0x4A8B, 0x0001, 0xCDCA, 0x0001, 0xC4A7, 0x0001,
    0x9B65, 0x0001, 0xDDC9, 0x0001, 0xFFCC, 0x0002, 0xFEEC, 0x0001, 0xEDCB, 0x0001, 0xFF8F, 0x0001,
    0xED44, 0x0008, 0x18C5, 0x000E, 0xED44, 0x0008, 0xFF8F, 0x0002, 0xF60B, 0x0001, 0xFF69, 0x0001,
    0xFF2B, 0x0001, 0xD611, 0x0001, 0x7455, 0x0001, 0x1214, 0x0001, 0x0005, 0x0001, 0x3164, 0x0001,
    0xDE13, 0x0001, 0xFF99, 0x0001, 0xFFDD, 0x0001, 0xFFFF, 0x0001, 0xFFDF, 0x0001, 0xFFFF, 0x0002,
    0xFF9B, 0x0001, 0x7227, 0x0001, 0x6120, 0x0001, 0xCCC8, 0x0001, 0xF66C, 0x0001, 0xEDEB, 0x0001,
    0xDD4C, 0x0001, 0xDDAF, 0x0001, 0xF6B2, 0x0001, 0xE653, 0x0001, 0xD590, 0x0001, 0xE58C, 0x0001,
    0xFE6E, 0x0001, 0xF671, 0x0001, 0xA3E9, 0x0001, 0x8328, 0x0001, 0xACCF, 0x0001, 0x938B, 0x0001,
    0x6961, 0x0001, 0xAB01, 0x0001, 0xF544, 0x0001, 0xEDC5, 0x0001, 0xCCA4, 0x0001, 0xABA3, 0x0001,
    0xC424, 0x0001, 0xA363, 0x0001, 0x4142, 0x0001, 0x1909, 0x0001, 0x2A74, 0x0001, 0x53BA, 0x0001,
    0xADD8, 0x0001, 0xFFD2, 0x0001, 0xCD08, 0x0001, 0x9305, 0x0001, 0xE62A, 0x0001, 0xFFAC, 0x0001,
    0xF70B, 0x0001, 0xFF0C, 0x0001, 0xEDCB, 0x0001, 0xFF8F, 0x0002, 0xED44, 0x0008, 0x18C5, 0x000D,
    0xED44, 0x0008, 0xFF8F, 0x0002, 0x18C5, 0x0001, 0xFF67, 0x0001, 0xF72F, 0x0001, 0x74FC, 0x0001,
    0x447F, 0x0001, 0x4C3E, 0x0001, 0x198C, 0x0001, 0x38E0, 0x0001, 0xBB81, 0x0001, 0xFDEB, 0x0001,
    0xF717, 0x0001, 0xFFDE, 0x0001, 0xFFFF, 0x0002, 0xFFFC, 0x0001, 0xEE73, 0x0001, 0x8AA5, 0x0001,
    0x5920, 0x0001, 0x8AE4, 0x0001, 0xCCE8, 0x0001, 0xF62C, 0x0001, 0xF6B2, 0x0001, 0xFFDC, 0x0001,
    0xFFFF, 0x0001, 0xB4AE, 0x0001, 0x9B45, 0x0001, 0xE633, 0x0001, 0xFEF2, 0x0001, 0xCC67, 0x0001,
    0x628B, 0x0001, 0x19F3, 0x0001, 0x2233, 0x0001, 0x396A, 0x0001, 0x71A1, 0x0001, 0xDCE3, 0x0001,
    0xFE06, 0x0001, 0xD443, 0x0001, 0xED24, 0x0001, 0xFE06, 0x0001, 0x9B04, 0x0001, 0x58E0, 0x0001,
    0x6961, 0x0001, 0x3948, 0x0001, 0x3273, 0x0001, 0xBE3C, 0x0001, 0xFFFF, 0x0002, 0xB4B0, 0x0001,
    0x9B64, 0x0001, 0xF689, 0x0001, 0xFFCD, 0x0001, 0x18C5, 0x0003, 0xFF8F, 0x0002, 0xED44, 0x0008,
    0x18C5, 0x000D, 0xED44, 0x0009, 0xFF8F, 0x0002, 0x9DB8, 0x0001, 0xA63B, 0x0001, 0x549F, 0x0001,
    0x447F, 0x0001, 0x549F, 0x0001, 0x2273, 0x0001, 0x3125, 0x0001, 0x9260, 0x0001, 0xCBC2, 0x0001,
    0xDD6B, 0x0001, 0xFFBD, 0x0001, 0xFFFF, 0x0001, 0xFFDC, 0x0001, 0xFFDE, 0x0001, 0xF75B, 0x0001,
    0xD56B, 0x0001, 0xA320, 0x0001, 0x8242, 0x0001, 0xBBC6, 0x0001, 0xF5C9, 0x0001, 0xF5EB, 0x0001,
    0xEE30, 0x0001, 0xF652, 0x0001, 0xED48, 0x0001, 0xC445, 0x0001, 0x8C10, 0x0001, 0x632F, 0x0001,
    0x5A69, 0x0001, 0x4B77, 0x0001, 0x2B5C, 0x0001, 0x094D, 0x0001, 0x2064, 0x0001, 0x7A02, 0x0001,
    0xED65, 0x0001, 0xFE46, 0x0001, 0xD402, 0x0001, 0xBB62, 0x0001, 0xCC64, 0x0001, 0xCCC5, 0x0001,
    0xB3A3, 0x0001, 0x81E1, 0x0001, 0x30C4, 0x0001, 0x2989, 0x0001, 0x9C0C, 0x0001, 0xEE97, 0x0001,
    0xF7DF, 0x0001, 0xB514, 0x0001, 0x92E3, 0x0001, 0xD4C6, 0x0001, 0xFF0C, 0x0001, 0xFFAC, 0x0001,
    0xFF8F, 0x0003, 0xED44, 0x0008, 0x18C5, 0x000E, 0xED44, 0x0009, 0xFF8F, 0x0002, 0x4C1E, 0x0001,
    0x3C1F, 0x0001, 0x549F, 0x0001, 0x64DF, 0x0001, 0x545F, 0x0001, 0x3339, 0x0001, 0x3A2F, 0x0001,
    0x7205, 0x0001, 0xAAA0, 0x0001, 0xD443, 0x0001, 0xF6D5, 0x0001, 0xF75B, 0x0001, 0xEE72, 0x0001,
    0xF6F8, 0x0001, 0xFFFC, 0x0001, 0xFF8D, 0x0001, 0xE502, 0x0001, 0x9262, 0x0001, 0x8A84, 0x0001,
    0xABC6, 0x0001, 0xABE7, 0x0001, 0xA365, 0x0001, 0xA385, 0x0001, 0xE58B, 0x0001, 0xCDB0, 0x0001,
    0x42F3, 0x0001, 0x0173, 0x0001, 0x2275, 0x0001, 0x4C1E, 0x0001, 0x43B9, 0x0001, 0x1945, 0x0001,
    0x38A0, 0x0001, 0x9AA3, 0x0001, 0xED45, 0x0001, 0xFE45, 0x0001, 0xE504, 0x0001, 0x9262, 0x0001,
    0x81E2, 0x0001, 0xE525, 0x0001, 0xF5A5, 0x0001, 0x8202, 0x0001, 0x2041, 0x0001, 0x1081, 0x0001,
    0x5120, 0x0001, 0xBCAB, 0x0001, 0xFFBB, 0x0001, 0xD5F2, 0x0001, 0x92C3, 0x0001, 0x9AE3, 0x0001,
    0xEDA9, 0x0001, 0xFF6C, 0x0002, 0xFF8F, 0x0001, 0xED44, 0x0009, 0x18C5, 0x000E, 0xED44, 0x0009,
    0xFF8F, 0x0001, 0xF6EB, 0x0001, 0x6BF2, 0x0001, 0x0A18, 0x0001, 0x4C3F, 0x0001, 0x651F, 0x0001,
    0x549F, 0x0001, 0x4C7E, 0x0001, 0x4357, 0x0001, 0x51C4, 0x0001, 0x9280, 0x0001, 0xD442, 0x0001,
    0xDCE7, 0x0001, 0xCC67, 0x0001, 0xCC45, 0x0001, 0xE548, 0x0001, 0xFEAB, 0x0001, 0xFF28, 0x0001,
    0xED44, 0x0001, 0x9263, 0x0001, 0x4101, 0x0001, 0x2944, 0x0001, 0x3A0C, 0x0001, 0x422E, 0x0001,
    0x3A2E, 0x0001, 0x63D6, 0x0001, 0x6CFD, 0x0001, 0x4C3E, 0x0001, 0x441F, 0x0001, 0x4C3F, 0x0001,
    0x3B59, 0x0001, 0x21AE, 0x0001, 0x10C4, 0x0001, 0x59A0, 0x0001, 0xC3C2, 0x0001, 0xF565, 0x0001,
    0xFE66, 0x0001, 0xFE46, 0x0001, 0xBBE4, 0x0001, 0x79E2, 0x0001, 0x92A3, 0x0001, 0xAB23, 0x0001,
    0x79C2, 0x0001, 0x28A1, 0x0001, 0x0882, 0x0001, 0x5181, 0x0001, 0xC4A7, 0x0001, 0xFF4E, 0x0001,
    0xEE6C, 0x0001, 0xB3A5, 0x0001, 0x8AA4, 0x0001, 0xA385, 0x0001, 0xDD28, 0x0001, 0xFF0B, 0x0002,
    0xFF8F, 0x0001, 0xED44, 0x0008, 0x18C5, 0x000E, 0xED44, 0x0008, 0xFF8F, 0x0001, 0xFF2B, 0x0001,
    0xFFCC, 0x0001, 0xBD0A, 0x0001, 0x422E, 0x0001, 0x3339, 0x0001, 0x3B9B, 0x0001, 0x4BDC, 0x0001,
    0x5CFF, 0x0001, 0x4C3D, 0x0001, 0x3A0B, 0x0001, 0x7243, 0x0001, 0xCBC3, 0x0001, 0xD3E0, 0x0001,
    0xCBE0, 0x0001, 0xDC62, 0x0001, 0xED82, 0x0001, 0xFE43, 0x0001, 0xEDC4, 0x0001, 0xDCA4, 0x0001,
    0xAB43, 0x0001, 0x5960, 0x0001, 0x20E4, 0x0001, 0x19D1, 0x0001, 0x1A14, 0x0001, 0x11D3, 0x0001,
    0x2B3C, 0x0001, 0x443F, 0x0001, 0x4BFC, 0x0001, 0x4B99, 0x0001, 0x439A, 0x0001, 0x4BBA, 0x0001,
    0x2253, 0x0001, 0x0066, 0x0001, 0x5A01, 0x0001, 0xED24, 0x0001, 0xFE46, 0x0001, 0xFE86, 0x0001,
    0xFEA6, 0x0001, 0xDCE4, 0x0001, 0x9AC2, 0x0001, 0x81C2, 0x0001, 0x71C2, 0x0001, 0x69A2, 0x0001,
    0x4983, 0x0001, 0x49C4, 0x0001, 0x82C5, 0x0001, 0xBC46, 0x0001, 0xCD46, 0x0001, 0xD506, 0x0001,
    0xCC67, 0x0001, 0xBC47, 0x0001, 0xA366, 0x0001, 0xA345, 0x0001, 0xF66A, 0x0001, 0xFF6C, 0x0001,
    0xFEEC, 0x0001, 0xFF8F, 0x0001, 0xED44, 0x0008, 0x18C5, 0x000D, 0xED44, 0x0007, 0xFF8F, 0x0001,
    0xEDCB, 0x0001, 0xF66B, 0x0001, 0xF6EB, 0x0001, 0xEDA7, 0x0001, 0xA3A8, 0x0001, 0x3A50, 0x0001,
    0x1190, 0x0001, 0x2A31, 0x0001, 0x4BFC, 0x0001, 0x441F, 0x0001, 0x2A74, 0x0001, 0x49A8, 0x0001,
    0x9262, 0x0001, 0xBB61, 0x0001, 0xDCC4, 0x0001, 0xFE05, 0x0001, 0xFE86, 0x0001, 0xFDE5, 0x0001,
    0xD483, 0x0001, 0xCC02, 0x0001, 0xCC23, 0x0001, 0xB321, 0x0001, 0x7A24, 0x0001, 0x3A0F, 0x0001,
    0x19D1, 0x0001, 0x2211, 0x0001, 0x4BBB, 0x0001, 0x545F, 0x0001, 0x32B5, 0x0001, 0x196D, 0x0001,
    0x2A11, 0x0001, 0x543E, 0x0001, 0x43BC, 0x0001, 0x08E7, 0x0001, 0x6A80, 0x0001, 0xFE46, 0x0001,
    0xFEA6, 0x0001, 0xFE26, 0x0001, 0xFE46, 0x0001, 0xED64, 0x0001, 0xCBE2, 0x0001, 0xA2C2, 0x0001,
    0x71E3, 0x0001, 0x51A2, 0x0001, 0x6243, 0x0001, 0x9B45, 0x0001, 0xC447, 0x0001, 0xBC06, 0x0001,
    0x9325, 0x0001, 0xA345, 0x0001, 0xD4A7, 0x0001, 0xF60B, 0x0001, 0xCCC9, 0x0001, 0x9305, 0x0001,
    0xC507, 0x0001, 0xFF6C, 0x0001, 0xFEEC, 0x0001, 0xED8B, 0x0001, 0xFF8F, 0x0001, 0xED44, 0x0007,
    0x18C5, 0x0002, 0xED44, 0x0001, 0x18C5, 0x0006, 0xED44, 0x0002, 0x18C5, 0x0002, 0xED44, 0x0006,
    0xFF8F, 0x0002, 0xFF0C, 0x0002, 0xFEAB, 0x0001, 0xED88, 0x0001, 0xC447, 0x0001, 0x7AC8, 0x0001,
    0x2926, 0x0001, 0x00A7, 0x0001, 0x2A53, 0x0001, 0x437A, 0x0001, 0x3296, 0x0001, 0x218B, 0x0001,
    0x4122, 0x0001, 0x8A21, 0x0001, 0xD465, 0x0001, 0xFE26, 0x0001, 0xF5C5, 0x0001, 0xD443, 0x0001,
    0xC3A2, 0x0002, 0xCC02, 0x0001, 0xDC22, 0x0001, 0xA302, 0x0001, 0x2906, 0x0001, 0x00AA, 0x0001,
    0x3252, 0x0001, 0x543D, 0x0001, 0x549F, 0x0001, 0x4379, 0x0001, 0x3B36, 0x0001, 0x439A, 0x0001,
    0x3B15, 0x0001, 0x3A4C, 0x0001, 0x6A44, 0x0001, 0xCC63, 0x0001, 0xFE46, 0x0001, 0xED85, 0x0001,
    0xE4E4, 0x0001, 0xF5C5, 0x0001, 0xFE66, 0x0001, 0xED64, 0x0001, 0xB343, 0x0001, 0x5962, 0x0001,
    0x2903, 0x0001, 0x51C3, 0x0001, 0xA365, 0x0001, 0xE589, 0x0001, 0xDD29, 0x0001, 0xAB45, 0x0001,
    0xA345, 0x0001, 0xD4C8, 0x0001, 0xFE2C, 0x0001, 0xDD2A, 0x0001, 0xAB86, 0x0001, 0xCCE8, 0x0001,
    0xFF2D, 0x0001, 0xFFED, 0x0001, 0xEE4A, 0x0001, 0xFF8F, 0x0002, 0xED44, 0x0006, 0x18C5, 0x0001,
    0xED44, 0x0003, 0x18C5, 0x0005, 0xED44, 0x0002, 0x18C5, 0x0002, 0xED44, 0x0006, 0xFF8F, 0x0002,
    0xFF2B, 0x0001, 0xEE8B, 0x0001, 0xDD2A, 0x0001, 0xC447, 0x0001, 0xBC05, 0x0001, 0xB3A5, 0x0001,
    0x7262, 0x0001, 0x2922, 0x0001, 0x1129, 0x0001, 0x19AF, 0x0001, 0x21CF, 0x0001, 0x1129, 0x0001,
    0x0882, 0x0001, 0x40E1, 0x0001, 0xAB44, 0x0001, 0xFE26, 0x0001, 0xFDE5, 0x0001, 0xD443, 0x0001,
    0xD463, 0x0001, 0xD483, 0x0001, 0xD463, 0x0001, 0xE4C4, 0x0001, 0xC443, 0x0001, 0x5A41, 0x0001,
    0x18E5, 0x0001, 0x196E, 0x0001, 0x32F8, 0x0001, 0x547F, 0x0001, 0x5CDF, 0x0001, 0x653F, 0x0001,
    0x545F, 0x0001, 0x090B, 0x0001, 0x2060, 0x0001, 0xC3A0, 0x0001, 0xFE45, 0x0001, 0xFE26, 0x0001,
    0xD463, 0x0001, 0xCC23, 0x0001, 0xF5C5, 0x0001, 0xFEE7, 0x0001, 0xFE26, 0x0001, 0xCC04, 0x0001,
    0x6182, 0x0001, 0x1082, 0x0001, 0x3983, 0x0001, 0xABA6, 0x0001, 0xE549, 0x0001, 0xEDCA, 0x0001,
    0xDD48, 0x0001, 0xC466, 0x0001, 0xC467, 0x0001, 0xE5A9, 0x0001, 0xEDE9, 0x0001, 0xD507, 0x0001,
    0xD4C8, 0x0001, 0xEDCB, 0x0001, 0xFF6C, 0x0001, 0xFF6B, 0x0001, 0xFF8F, 0x0002, 0xED44, 0x0006,
    0x18C5, 0x0001, 0xED44, 0x0003, 0x18C5, 0x0005, 0xED44, 0x0002, 0x18C5, 0x0002, 0xED44, 0x0006,
    0xFF8F, 0x0002, 0xFF4B, 0x0001, 0xD589, 0x0001, 0x9B45, 0x0001, 0xAB44, 0x0001, 0xC424, 0x0001,
    0xC426, 0x0001, 0xC446, 0x0001, 0xA386, 0x0001, 0x3984, 0x0001, 0x0044, 0x0001, 0x08A4, 0x0001,
    0x18E4, 0x0001, 0x0883, 0x0001, 0x0822, 0x0001, 0x6263, 0x0001, 0xFE26, 0x0001, 0xFF06, 0x0001,
    0xFE05, 0x0001, 0xFE06, 0x0001, 0xFDE5, 0x0001, 0xF5C5, 0x0002, 0xF5E5, 0x0001, 0xE5E5, 0x0001,
    0x8B63, 0x0001, 0x0864, 0x0001, 0x00EC, 0x0001, 0x4358, 0x0001, 0x5CBF, 0x0001, 0x5C9F, 0x0001,
    0x3AD5, 0x0001, 0x0027, 0x0001, 0x28E0, 0x0001, 0xDCE2, 0x0001, 0xFF26, 0x0001, 0xFE26, 0x0001,
    0xD463, 0x0001, 0xD443, 0x0001, 0xFDE5, 0x0001, 0xFEC7, 0x0001, 0xFE26, 0x0001, 0xF504, 0x0001,
    0x8AA2, 0x0001, 0x10A2, 0x0001, 0x5245, 0x0001, 0xD487, 0x0001, 0xCC47, 0x0001, 0xD528, 0x0001,
    0xFEEB, 0x0001, 0xDD68, 0x0001, 0xC426, 0x0001, 0xE5E8, 0x0001, 0xFF6A, 0x0001, 0xF6A9, 0x0001,
    0xB426, 0x0001, 0xABE7, 0x0001, 0xF6AB, 0x0001, 0xFFAC, 0x0001, 0xFF8F, 0x0002, 0xED44, 0x0006,
    0x18C5, 0x0001, 0xED44, 0x0003, 0x18C5, 0x0005, 0xED44, 0x0002, 0x18C5, 0x0002, 0xED44, 0x0006,
    0xFF8F, 0x0002, 0xFFCD, 0x0001, 0xE5C8, 0x0001, 0xB3A6, 0x0001, 0xCD0F, 0x0001, 0xE632, 0x0001,
    0xD52A, 0x0001, 0xED47, 0x0001, 0xE527, 0x0001, 0x8B03, 0x0001, 0x4161, 0x0002, 0x4162, 0x0001,
    0x20E2, 0x0001, 0x0022, 0x0001, 0x3163, 0x0001, 0xB404, 0x0001, 0xC4C4, 0x0001, 0xCCA5, 0x0001,
    0xE545, 0x0001, 0xFE25, 0x0001, 0xFEC6, 0x0001, 0xFEA6, 0x0001, 0xFEE7, 0x0001, 0xFF67, 0x0001,
    0xF625, 0x0001, 0x8342, 0x0001, 0x2945, 0x0001, 0x116C, 0x0001, 0x32B3, 0x0001, 0x2232, 0x0001,
    0x00A9, 0x0001, 0x3963, 0x0001, 0x8BE5, 0x0001, 0xEE4D, 0x0001, 0xF6CC, 0x0001, 0xF584, 0x0001,
    0xD462, 0x0001, 0xD423, 0x0001, 0xE504, 0x0001, 0xF606, 0x0001, 0xFE26, 0x0001, 0xF523, 0x0001,
    0x9AC1, 0x0001, 0x30E1, 0x0001, 0x59A3, 0x0001, 0xBBE6, 0x0001, 0xD508, 0x0001, 0xDDC9, 0x0001,
    0xE5E9, 0x0001, 0xDD68, 0x0001, 0xDD69, 0x0001, 0xEEB0, 0x0001, 0xFFF4, 0x0001, 0xFFB4, 0x0001,
    0xB448, 0x0001, 0xAB63, 0x0001, 0xFEEA, 0x0001, 0xFFEE, 0x0001, 0xFF8F, 0x0002, 0xED44, 0x0006,
    0x18C5, 0x0001, 0xED44, 0x0003, 0x18C5, 0x0005, 0xED44, 0x0002, 0x18C5, 0x0002, 0xED44, 0x0006,
    0xFF8F, 0x0002, 0xFF4C, 0x0001, 0xE5A7, 0x0001, 0xC467, 0x0001, 0xE698, 0x0001, 0xFFDD, 0x0001,
    0xF64E, 0x0001, 0xF5C9, 0x0001, 0xEDEB, 0x0001, 0xDD09, 0x0001, 0xBC06, 0x0001, 0x9B45, 0x0001,
    0x7A84, 0x0001, 0x49A3, 0x0001, 0x18E3, 0x0001, 0x28E2, 0x0001, 0x6162, 0x0001, 0x6941, 0x0001,
    0x69A1, 0x0001, 0xAB22, 0x0001, 0xE4E4, 0x0001, 0xFE05, 0x0001, 0xFE46, 0x0001, 0xFE05, 0x0001,
    0xF5E5, 0x0001, 0xFE86, 0x0001, 0xFE46, 0x0001, 0x7B04, 0x0001, 0x0042, 0x0001, 0x1082, 0x0001,
    0x0862, 0x0001, 0x18C2, 0x0001, 0xAC22, 0x0001, 0xFF0A, 0x0001, 0xFF55, 0x0001, 0xDDAF, 0x0001,
    0xCC02, 0x0001, 0xCBE1, 0x0001, 0xCC03, 0x0001, 0xCBE2, 0x0001, 0xE524, 0x0001, 0xFE26, 0x0001,
    0xED44, 0x0001, 0xAB22, 0x0001, 0x71A2, 0x0001, 0x69A2, 0x0001, 0xA3A6, 0x0001, 0xEE6A, 0x0001,
    0xF66A, 0x0001, 0xCC87, 0x0001, 0xDD46, 0x0001, 0xFF4D, 0x0001, 0xFFBA, 0x0001, 0xFFFF, 0x0001,
    0xFFDF, 0x0001, 0xD590, 0x0001, 0xD4C6, 0x0001, 0xFEEA, 0x0001, 0xFF6C, 0x0001, 0xFF8F, 0x0002,
    0xED44, 0x0006, 0x18C5, 0x0001, 0xED44, 0x0003, 0x18C5, 0x0005, 0xED44, 0x0002, 0x18C5, 0x0002,
    0xED44, 0x0006, 0xFF8F, 0x0002, 0xC4A7, 0x0001, 0xB425, 0x0001, 0x18C5, 0x0001, 0xDDD1, 0x0001,
    0xF672, 0x0001, 0xFEB2, 0x0001, 0xFF36, 0x0001, 0xFF59, 0x0001, 0xFEF4, 0x0001, 0xEDAC, 0x0001,
    0xC447, 0x0001, 0xA344, 0x0001, 0x7A84, 0x0001, 0x49C3, 0x0001, 0x4142, 0x0001, 0x5901, 0x0001,
    0x6901, 0x0001, 0x7161, 0x0001, 0x9262, 0x0001, 0xAB23, 0x0001, 0xAB44, 0x0001, 0xAB84, 0x0001,
    0xB3A4, 0x0001, 0xB384, 0x0001, 0xBC04, 0x0001, 0xCC44, 0x0001, 0x9B23, 0x0001, 0x5141, 0x0001,
    0x3040, 0x0001, 0x5960, 0x0001, 0xB422, 0x0001, 0xF64B, 0x0001, 0xFF91, 0x0001, 0xFF8F, 0x0001,
    0xCCA7, 0x0001, 0x8A21, 0x0001, 0xAB21, 0x0001, 0xD443, 0x0001, 0xCC02, 0x0001, 0xE4E4, 0x0001,
    0xFE46, 0x0001, 0xFE86, 0x0001, 0xE525, 0x0001, 0xB385, 0x0001, 0xBC87, 0x0001, 0xE62A, 0x0001,
    0xE609, 0x0001, 0xDD69, 0x0001, 0xDDA9, 0x0001, 0xF6E8, 0x0001, 0xFFCE, 0x0001, 0xFFBB, 0x0001,
    0xF7BF, 0x0001, 0xF7DF, 0x0001, 0xFF7C, 0x0001, 0xEE74, 0x0001, 0xCD0A, 0x0001, 0xABE4, 0x0001,
    0xFF8F, 0x0002, 0xED44, 0x0006, 0x18C5, 0x0001, 0xED44, 0x0003, 0x18C5, 0x0005, 0xED44, 0x0002,
    0x18C5, 0x0002, 0xED44, 0x0006, 0xFF8F, 0x0002, 0xAB65, 0x0001, 0x8AC5, 0x0001, 0xFF8F, 0x0001,
    0xB340, 0x0001, 0xE4E7, 0x0001, 0xF6B3, 0x0001, 0xFFFE, 0x0001, 0xFFFF, 0x0001, 0xFFDE, 0x0001,
    0xF6B4, 0x0001, 0xD509, 0x0001, 0xBBE5, 0x0001, 0x9325, 0x0001, 0x6223, 0x0001, 0x51A2, 0x0001,
    0x61C2, 0x0001, 0x5962, 0x0001, 0x5142, 0x0001, 0x71C2, 0x0001, 0x8A43, 0x0001, 0x9262, 0x0001,
    0x8A22, 0x0001, 0x79E2, 0x0001, 0x71A2, 0x0001, 0x7182, 0x0001, 0x71A2, 0x0001, 0x8203, 0x0001,
    0x8202, 0x0002, 0xC423, 0x0001, 0xFEE9, 0x0001, 0xFF55, 0x0001, 0xF6B5, 0x0001, 0xEE07, 0x0001,
    0xA340, 0x0001, 0x6142, 0x0001, 0xA2E2, 0x0001, 0xDC43, 0x0001, 0xC3C3, 0x0001, 0xDCE4, 0x0001,
    0xFE46, 0x0001, 0xEE05, 0x0001, 0xDCE5, 0x0001, 0xCC67, 0x0001, 0xE5CA, 0x0001, 0xEE6A, 0x0001,
    0xBC46, 0x0001, 0xC487, 0x0001, 0xFF0C, 0x0001, 0xF6C8, 0x0001, 0xDE0B, 0x0001, 0xF77A, 0x0001,
    0xFFFF, 0x0001, 0xF7BE, 0x0001, 0xFFFF, 0x0001, 0xF79E, 0x0001, 0xBC4B, 0x0001, 0x79C0, 0x0001,
    0xFF8F, 0x0002, 0xED44, 0x0006, 0x18C5, 0x0001, 0xED44, 0x0003, 0x18C5, 0x0005, 0xED44, 0x0002,
    0x18C5, 0x0002, 0xED44, 0x0006, 0xFF8F, 0x0002, 0xD4A7, 0x0001, 0xBC07, 0x0001, 0xFF8F, 0x0001,
    0xB362, 0x0001, 0xE529, 0x0001, 0xF6B3, 0x0001, 0xFFDC, 0x0001, 0xFFFF, 0x0002, 0xFF9B, 0x0001,
    0xF60D, 0x0001, 0xCC66, 0x0001, 0x9305, 0x0001, 0x59E3, 0x0001, 0x51C2, 0x0001, 0x51C3, 0x0001,
    0x2923, 0x0001, 0x1082, 0x0001, 0x4902, 0x0001, 0x9AA2, 0x0001, 0xCC03, 0x0001, 0xB363, 0x0001,
    0x79E2, 0x0001, 0x6142, 0x0001, 0x6141, 0x0001, 0x6982, 0x0001, 0x5902, 0x0001, 0x79C1, 0x0001,
    0xD4A1, 0x0001, 0xFE88, 0x0001, 0xFF13, 0x0001, 0xFF79, 0x0001, 0xE633, 0x0001, 0xAB85, 0x0001,
    0x7180, 0x0001, 0x6982, 0x0001, 0xB363, 0x0001, 0xC3C2, 0x0001, 0x9282, 0x0001, 0xCC64, 0x0001,
    0xFE26, 0x0001, 0xA363, 0x0001, 0x8223, 0x0001, 0xBC06, 0x0001, 0xC467, 0x0001, 0x9B85, 0x0001,
    0x8AC4, 0x0001, 0xBC47, 0x0001, 0xFE6C, 0x0001, 0xC486, 0x0001, 0x9B87, 0x0001, 0xE6FA, 0x0001,
    0xFFFF, 0x0001, 0xFFDE, 0x0001, 0xFFFF, 0x0001, 0xFF9D, 0x0001, 0xDD4C, 0x0001, 0xAB01, 0x0001,
    0xFF8F, 0x0002, 0xED44, 0x0006, 0x18C5, 0x0001, 0xED44, 0x0003, 0x18C5, 0x0005, 0xED44, 0x0002,
    0x18C5, 0x0002, 0xED44, 0x0006, 0xFF8F, 0x0002, 0xED48, 0x0001, 0xCC87, 0x0001, 0xFF8F, 0x0001,
    0xDD08, 0x0001, 0xF62D, 0x0001, 0xFEF4, 0x0001, 0xFFBC, 0x0001, 0xFFFF, 0x0001, 0xFFDE, 0x0001,
    0xFF99, 0x0001, 0xFE8E, 0x0001, 0xBC46, 0x0001, 0x7244, 0x0001, 0x6203, 0x0002, 0x59A2, 0x0001,
    0x5A03, 0x0002, 0x5101, 0x0001, 0x7181, 0x0001, 0x9AC2, 0x0001, 0x9262, 0x0001, 0x8202, 0x0001,
    0x9AE3, 0x0001, 0x8262, 0x0001, 0x5942, 0x0001, 0x71A0, 0x0001, 0xB403, 0x0001, 0xFEEE, 0x0001,
    0xFF97, 0x0001, 0xEED8, 0x0001, 0xFF94, 0x0001, 0xF62B, 0x0001, 0x8243, 0x0001, 0x4881, 0x0001,
    0x71C2, 0x0001, 0xC3E3, 0x0001, 0xC3A2, 0x0001, 0x71A2, 0x0001, 0xB3E4, 0x0001, 0xFDE5, 0x0001,
    0x8242, 0x0001, 0x6982, 0x0001, 0xCD07, 0x0001, 0xCCC7, 0x0001, 0x8A84, 0x0001, 0x8264, 0x0001,
    0x9B66, 0x0001, 0xBC48, 0x0001, 0xC447, 0x0001, 0xB408, 0x0001, 0xBCAE, 0x0001, 0xD617, 0x0001,
    0xF7BF, 0x0001, 0xFFFF, 0x0001, 0xF73A, 0x0001, 0xDD2B, 0x0001, 0xE526, 0x0001, 0xFEEB, 0x0001,
    0xFF8F, 0x0001, 0xED44, 0x0006, 0x18C5, 0x0001, 0xED44, 0x0003, 0x18C5, 0x0005, 0xED44, 0x0002,
    0x18C5, 0x0002, 0xED44, 0x0006, 0xFF8F, 0x0002, 0xE508, 0x0001, 0xBC26, 0x0001, 0xFF8F, 0x0001,
    0xF60A, 0x0001, 0xFECD, 0x0001, 0xFEF3, 0x0001, 0xFF9C, 0x0001, 0xFFFF, 0x0001, 0xF759, 0x0001,
    0xFED1, 0x0001, 0xFE2C, 0x0001, 0x9BA6, 0x0001, 0x49A2, 0x0001, 0x82C4, 0x0001, 0x92C4, 0x0001,
    0x6982, 0x0001, 0xA2E2, 0x0001, 0xD423, 0x0001, 0x9282, 0x0001, 0x5941, 0x0001, 0x6982, 0x0001,
    0x79E2, 0x0001, 0x9AC3, 0x0001, 0xD423, 0x0001, 0xAB02, 0x0001, 0x71A2, 0x0001, 0xBBE1, 0x0001,
    0xFF2B, 0x0001, 0xFFFC, 0x0001, 0xF7BF, 0x0001, 0xFEF5, 0x0001, 0xFECA, 0x0001, 0xE523, 0x0001,
    0x8221, 0x0001, 0x6122, 0x0001, 0x9283, 0x0001, 0xCC03, 0x0001, 0xB362, 0x0001, 0x6961, 0x0001,
    0xB3E4, 0x0001, 0xFE26, 0x0001, 0x92A2, 0x0001, 0x7A44, 0x0001, 0xEE8B, 0x0001, 0xFEAA, 0x0001,
    0xC426, 0x0001, 0xA365, 0x0001, 0x8AC4, 0x0001, 0x8AE4, 0x0001, 0xD509, 0x0001, 0xEDCA, 0x0001,
    0xA363, 0x0001, 0xA40B, 0x0001, 0xF77D, 0x0001, 0xFFFF, 0x0001, 0xEF1B, 0x0001, 0xCCAB, 0x0001,
    0xED86, 0x0001, 0xFF0B, 0x0001, 0xFF8F, 0x0002, 0xED44, 0x0005, 0x18C5, 0x0001, 0xED44, 0x0004,
    0x18C5, 0x0004, 0xED44, 0x0002, 0x18C5, 0x0002, 0xED44, 0x0006, 0xFF8F, 0x0002, 0xFDC9, 0x0001,
    0xC467, 0x0001, 0xFF8F, 0x0001, 0xE549, 0x0001, 0xFDEA, 0x0001, 0xF60B, 0x0001, 0xFF15, 0x0001,
    0xFFBB, 0x0001, 0xF691, 0x0001, 0xF5A8, 0x0001, 0xED48, 0x0001, 0x8305, 0x0001, 0x4182, 0x0001,
    0x9B65, 0x0001, 0xABC6, 0x0001, 0x61E3, 0x0001, 0x92A2, 0x0001, 0xDC42, 0x0001, 0xDCA4, 0x0001,
    0xC485, 0x0002, 0xDD66, 0x0001, 0xE525, 0x0001, 0xAB21, 0x0001, 0x9220, 0x0001, 0xC3A2, 0x0001,
    0xFE4B, 0x0001, 0xFFF7, 0x0001, 0xFFFD, 0x0001, 0xFFD8, 0x0001, 0xFEEB, 0x0001, 0xCCA4, 0x0001,
    0x9282, 0x0001, 0x8202, 0x0001, 0xAB03, 0x0001, 0xD403, 0x0001, 0xCBE3, 0x0001, 0x9243, 0x0001,
    0x6942, 0x0001, 0xD485, 0x0001, 0xFEC6, 0x0001, 0x92A1, 0x0001, 0x69E5, 0x0001, 0xEE70, 0x0001,
    0xFFAF, 0x0001, 0xE608, 0x0001, 0xC486, 0x0001, 0xAB85, 0x0002, 0xC467, 0x0001, 0xDD28, 0x0001,
    0xD546, 0x0001, 0xDDE8, 0x0001, 0xF710, 0x0001, 0xFFDB, 0x0001, 0xF75C, 0x0001, 0xDD2C, 0x0001,
    0xCC63, 0x0001, 0x18C5, 0x0001, 0xFF8F, 0x0002, 0xED44, 0x0005, 0x18C5, 0x0001, 0xED44, 0x0004,
    0x18C5, 0x0004, 0xED44, 0x0002, 0x18C5, 0x0002, 0xED44, 0x0006, 0xFF8F, 0x0002, 0xDCA7, 0x0001,
    0x18C5, 0x0001, 0xFF8F, 0x0001, 0x9B04, 0x0001, 0xD4A7, 0x0001, 0xF5EC, 0x0001, 0xF64F, 0x0001,
    0xEE10, 0x0001, 0xF670, 0x0001, 0xEDED, 0x0001, 0xC447, 0x0001, 0x7A63, 0x0001, 0x6A43, 0x0001,
    0xBC26, 0x0001, 0xABC6, 0x0001, 0x4981, 0x0001, 0x7A81, 0x0001, 0xED44, 0x0001, 0xFEA6, 0x0001,
    0xFEE6, 0x0001, 0xFE65, 0x0001, 0xFE64, 0x0001, 0xD504, 0x0001, 0x61E5, 0x0001, 0x5962, 0x0001,
    0xAB61, 0x0001, 0xD50B, 0x0001, 0xDDD3, 0x0001, 0xDDB1, 0x0001, 0xE5CA, 0x0001, 0xE523, 0x0001,
    0x7A20, 0x0001, 0x3860, 0x0001, 0x6182, 0x0001, 0x9B23, 0x0001, 0xAB61, 0x0001, 0x8A82, 0x0001,
    0x5121, 0x0001, 0x48C0, 0x0001, 0x9322, 0x0001, 0xCCE4, 0x0001, 0x92A1, 0x0001, 0x8AE8, 0x0001,
    0xEE97, 0x0001, 0xFFF6, 0x0001, 0xF6CC, 0x0001, 0xD507, 0x0001, 0xCC67, 0x0001, 0xD4E8, 0x0001,
    0xC446, 0x0001, 0xCC67, 0x0001, 0xF6AC, 0x0001, 0xFF6A, 0x0001, 0xFEC8, 0x0001, 0xFFD9, 0x0001,
    0xFF9F, 0x0001, 0xEDAE, 0x0001, 0xC3E2, 0x0001, 0xFF8F, 0x0002, 0xED44, 0x0006, 0x18C5, 0x0001,
    0xED44, 0x0003, 0x18C5, 0x0005, 0xED44, 0x0002, 0x18C5, 0x0002, 0xED44, 0x0006, 0xFF8F, 0x0002,
    0x18C5, 0x0001, 0xFF8F, 0x0002, 0x7A01, 0x0001, 0xBC29, 0x0001, 0xF6D5, 0x0001, 0xE5EE, 0x0001,
    0xCC67, 0x0001, 0xF718, 0x0001, 0xEF3B, 0x0001, 0xA3A8, 0x0001, 0x7A21, 0x0001, 0x9325, 0x0001,
    0xCC87, 0x0001, 0x9B65, 0x0001, 0x4141, 0x0001, 0x9362, 0x0001, 0xFEC7, 0x0001, 0xFF07, 0x0001,
    0xFE05, 0x0001, 0xECC2, 0x0001, 0xA320, 0x0001, 0x5A24, 0x0001, 0x320E, 0x0001, 0x218C, 0x0001,
    0x2902, 0x0001, 0x5980, 0x0001, 0x8224, 0x0001, 0x8223, 0x0001, 0x8243, 0x0001, 0x8202, 0x0001,
    0x38E0, 0x0001, 0x0840, 0x0001, 0x18C2, 0x0001, 0x2923, 0x0001, 0x2901, 0x0001, 0x20E1, 0x0001,
    0x18A1, 0x0002, 0x10A1, 0x0001, 0x3142, 0x0001, 0x8AE2, 0x0001, 0xDD4D, 0x0001, 0xF77C, 0x0001,
    0xFFFD, 0x0001, 0xF6B2, 0x0001, 0xCCC9, 0x0001, 0xCCA7, 0x0001, 0xEDCA, 0x0001, 0xDD09, 0x0001,
    0xCC67, 0x0001, 0xEDAB, 0x0001, 0xFE89, 0x0001, 0xF6C9, 0x0001, 0xFFD9, 0x0001, 0xF77E, 0x0001,
    0xD50C, 0x0001, 0xED06, 0x0001, 0xF5EB, 0x0001, 0xFF8F, 0x0002, 0xED44, 0x0005, 0x18C5, 0x0001,
    0xED44, 0x0004, 0x18C5, 0x0008, 0xED44, 0x0007, 0xFF8F, 0x0004, 0xABA5, 0x0001, 0xD50A, 0x0001,
    0xF670, 0x0001, 0xEE30, 0x0001, 0xDDD1, 0x0001, 0xFF9C, 0x0001, 0xEF1A, 0x0001, 0xB408, 0x0001,
    0x92C2, 0x0001, 0xA345, 0x0001, 0xBC05, 0x0001, 0xC48A, 0x0001, 0xA48F, 0x0001, 0x9C2A, 0x0001,
    0x9BC1, 0x0001, 0xAC01, 0x0001, 0xABC4, 0x0001, 0x8308, 0x0001, 0x49C9, 0x0001, 0x218B, 0x0001,
    0x2A32, 0x0001, 0x19F1, 0x0001, 0x090B, 0x0001, 0x2107, 0x0001, 0x4105, 0x0001, 0x38C1, 0x0001,
    0x3040, 0x0001, 0x3080, 0x0001, 0x3A4F, 0x0001, 0x32B1, 0x0001, 0x10C3, 0x0001, 0x0042, 0x0001,
    0x092B, 0x0001, 0x114B, 0x0001, 0x19AC, 0x0001, 0x2A4F, 0x0001, 0x096E, 0x0001, 0x110A, 0x0001,
    0x8B05, 0x0001, 0xEDED, 0x0001, 0xFFBE, 0x0001, 0xFFFF, 0x0001, 0xF6F8, 0x0001, 0xCCAA, 0x0001,
    0xD4A6, 0x0001, 0xF60B, 0x0001, 0xCCE9, 0x0001, 0xAB86, 0x0001, 0xC448, 0x0001, 0xE5A9, 0x0001,
    0xF6EB, 0x0001, 0xFFF3, 0x0001, 0xF715, 0x0001, 0xCD0B, 0x0001, 0xED47, 0x0001, 0xF5EB, 0x0001,
    0xFECC, 0x0001, 0xFFAC, 0x0001, 0xFF8F, 0x0001, 0xED44, 0x0009, 0x18C5, 0x0008, 0xED44, 0x0007,
    0xFF8F, 0x0001, 0xFF4B, 0x0001, 0xE5E9, 0x0001, 0xCC87, 0x0001, 0xE54A, 0x0001, 0xF60A, 0x0001,
    0xEDC9, 0x0001, 0xF6F5, 0x0001, 0xFFFF, 0x0001, 0xFFBC, 0x0001, 0xEE30, 0x0001, 0xD4C8, 0x0001,
    0xA385, 0x0001, 0x9304, 0x0001, 0xAB42, 0x0001, 0xEDEF, 0x0001, 0xFFFF, 0x0001, 0xAD34, 0x0001,
    0x4941, 0x0001, 0x4120, 0x0001, 0x41E9, 0x0001, 0x21F1, 0x0001, 0x2213, 0x0001, 0x2A11, 0x0004,
    0x2A54, 0x0001, 0x2210, 0x0001, 0x1906, 0x0001, 0x0820, 0x0001, 0x18E4, 0x0001, 0x4399, 0x0001,
    0x4BFC, 0x0001, 0x2167, 0x0001, 0x18E5, 0x0001, 0x2A11, 0x0001, 0x21D0, 0x0001, 0x32B5, 0x0001,
    0x5C9F, 0x0001, 0x3B9D, 0x0001, 0x2A0F, 0x0001, 0x8B06, 0x0001, 0xE56B, 0x0001, 0xF77B, 0x0001,
    0xFFFF, 0x0001, 0xF77D, 0x0001, 0xCCEC, 0x0001, 0xD4A6, 0x0001, 0xF5EA, 0x0001, 0xC488, 0x0001,
    0x92E4, 0x0001, 0xAB85, 0x0001, 0xDD48, 0x0001, 0xF6CB, 0x0001, 0xFFEC, 0x0001, 0xF6CA, 0x0001,
    0x18C5, 0x0003, 0xF6EB, 0x0001, 0xFFAC, 0x0001, 0xFF8F, 0x0002, 0xED44, 0x0008, 0x18C5, 0x0004,
    0xED44, 0x0002, 0x18C5, 0x0002, 0xED44, 0x0006, 0xFF8F, 0x0002, 0x18C5, 0x0001, 0xD548, 0x0001,
    0xDCE8, 0x0001, 0xFDEA, 0x0001, 0xFE2B, 0x0001, 0xF62E, 0x0001, 0xFF7B, 0x0001, 0xFFFF, 0x0001,
    0xFFDC, 0x0001, 0xEE0F, 0x0001, 0xD4A8, 0x0001, 0xA385, 0x0001, 0x9304, 0x0001, 0xAB63, 0x0001,
    0xE5AF, 0x0001, 0xFFFF, 0x0001, 0xE71B, 0x0001, 0xA44F, 0x0001, 0x422D, 0x0001, 0x0991, 0x0001,
    0x09D4, 0x0001, 0x196C, 0x0001, 0x2149, 0x0001, 0x19D2, 0x0001, 0x19B0, 0x0001, 0x2148, 0x0001,
    0x2A30, 0x0001, 0x2233, 0x0001, 0x00A5, 0x0001, 0x00A6, 0x0001, 0x21CF, 0x0001, 0x21EF, 0x0001,
    0x19CD, 0x0001, 0x19CF, 0x0001, 0x198D, 0x0001, 0x08E8, 0x0001, 0x0066, 0x0001, 0x2A50, 0x0001,
    0x653F, 0x0001, 0x337C, 0x0001, 0x10E6, 0x0001, 0x8AE3, 0x0001, 0xEDAC, 0x0001, 0xF6D6, 0x0001,
    0xFFFF, 0x0001, 0xF77D, 0x0001, 0xCD0D, 0x0001, 0xCC85, 0x0001, 0xEDCA, 0x0001, 0xD4E9, 0x0001,
    0xAB85, 0x0001, 0xBBE5, 0x0001, 0xDD09, 0x0001, 0xF64B, 0x0001, 0xFFCC, 0x0001, 0xF6E9, 0x0001,
    0xFF8F, 0x0003, 0x18C5, 0x0002, 0xFF8F, 0x0002, 0xED44, 0x0008, 0x18C5, 0x0008, 0xED44, 0x0007,
    0xFF8F, 0x0002, 0x18C5, 0x0001, 0xBC26, 0x0001, 0xED88, 0x0001, 0xF64E, 0x0001, 0xF737, 0x0001,
    0xF75A, 0x0001, 0xFF59, 0x0001, 0xFF58, 0x0001, 0xF693, 0x0001, 0xD4E9, 0x0001, 0xA364, 0x0001,
    0x9304, 0x0001, 0xB3A3, 0x0001, 0xDD6E, 0x0001, 0xEF5D, 0x0001, 0xFFFD, 0x0001, 0xFF74, 0x0001,
    0x6B6F, 0x0001, 0x29AF, 0x0001, 0x526D, 0x0001, 0x2944, 0x0001, 0x10A1, 0x0001, 0x420B, 0x0001,
    0x41E9, 0x0001, 0x1881, 0x0001, 0x10E8, 0x0001, 0x218C, 0x0001, 0x4163, 0x0001, 0x39A7, 0x0001,
    0x29EF, 0x0001, 0x3124, 0x0001, 0x3900, 0x0001, 0x39ED, 0x0001, 0x39EB, 0x0001, 0x3920, 0x0001,
    0x3060, 0x0001, 0x2967, 0x0001, 0x3317, 0x0001, 0x3270, 0x0001, 0x4120, 0x0001, 0x8261, 0x0001,
    0xCCC9, 0x0001, 0xFED0, 0x0001, 0xFFFD, 0x0001, 0xF77D, 0x0001, 0xCD2D, 0x0001, 0xD485, 0x0001,
    0xEDEB, 0x0001, 0xEDCB, 0x0001, 0xD4A7, 0x0001, 0xBC26, 0x0001, 0xC447, 0x0001, 0xE54A, 0x0001,
    0xFF0C, 0x0001, 0xF6EB, 0x0001, 0xFF8F, 0x0006, 0xED44, 0x0009, 0x18C5, 0x0008, 0xED44, 0x0008,
    0xFF8F, 0x0002, 0x9B45, 0x0001, 0xDD07, 0x0001, 0xFEB1, 0x0001, 0xFFDE, 0x0001, 0xF717, 0x0001,
    0xEDEB, 0x0001, 0xF6B2, 0x0001, 0xF6B4, 0x0001, 0xD4E9, 0x0001, 0xA364, 0x0001, 0x9304, 0x0001,
    0xB383, 0x0001, 0xDD8F, 0x0001, 0xF77E, 0x0001, 0xFFF9, 0x0001, 0xF6CA, 0x0001, 0x7A84, 0x0001,
    0x79C3, 0x0001, 0xBBC3, 0x0001, 0x5203, 0x0001, 0x18C2, 0x0001, 0xA343, 0x0001, 0xA342, 0x0001,
    0x18C2, 0x0001, 0x0003, 0x0001, 0x3144, 0x0001, 0xB382, 0x0001, 0x82C3, 0x0001, 0x18E4, 0x0001,
    0x7A82, 0x0001, 0xBB62, 0x0001, 0x71C3, 0x0001, 0x8243, 0x0001, 0xBBA1, 0x0001, 0x9A81, 0x0001,
    0x38C2, 0x0001, 0x0885, 0x0001, 0x6264, 0x0001, 0xBBA2, 0x0001, 0x81E1, 0x0001, 0x82A3, 0x0001,
    0xEE89, 0x0001, 0xFFF9, 0x0001, 0xF77E, 0x0001, 0xD52E, 0x0001, 0xCC85, 0x0001, 0xEDCA, 0x0001,
    0xFE6C, 0x0001, 0xE56A, 0x0001, 0xA3A6, 0x0001, 0x9B05, 0x0001, 0xC447, 0x0001, 0xEE6A, 0x0001,
    0xFEEB, 0x0001, 0xE568, 0x0001, 0xBBC6, 0x0001, 0xFF8F, 0x0003, 0xED44, 0x0005, 0x18C5, 0x0001,
    0xED44, 0x0004, 0x18C5, 0x0008, 0xED44, 0x0008, 0xFF8F, 0x0002, 0x9B23, 0x0001, 0xED25, 0x0001,
    0xFF51, 0x0001, 0xFFFF, 0x0001, 0xFFFD, 0x0001, 0xFE8F, 0x0001, 0xFEF0, 0x0001, 0xE5EF, 0x0001,
    0x9366, 0x0001, 0x9325, 0x0001, 0xB3E6, 0x0001, 0xA343, 0x0001, 0xBCAC, 0x0001, 0xF739, 0x0001,
    0xDE52, 0x0001, 0xA3A3, 0x0001, 0x81C0, 0x0001, 0xC341, 0x0001, 0xFD83, 0x0001, 0x8B02, 0x0001,
    0x51A4, 0x0001, 0xE509, 0x0001, 0xBC88, 0x0001, 0x10C3, 0x0001, 0x2081, 0x0001, 0x9B22, 0x0001,
    0xF5A4, 0x0001, 0x9B63, 0x0001, 0x1081, 0x0001, 0xA3C4, 0x0001, 0xFD44, 0x0001, 0x81E0, 0x0001,
    0xA325, 0x0001, 0xFDEC, 0x0001, 0xAB66, 0x0001, 0x50C0, 0x0001, 0x5960, 0x0001, 0xBC42, 0x0001,
    0xFD64, 0x0001, 0x9262, 0x0001, 0x6160, 0x0001, 0xB465, 0x0001, 0xEED3, 0x0001, 0xEF19, 0x0001,
    0xBC8C, 0x0001, 0xAB83, 0x0001, 0xDD08, 0x0001, 0xFE8C, 0x0001, 0xEDEB, 0x0001, 0x9B86, 0x0001,
    0x8A84, 0x0001, 0xC426, 0x0001, 0xF68A, 0x0001, 0xFF0B, 0x0001, 0xEDA9, 0x0001, 0x18C5, 0x0001,
    0xFF8F, 0x0002, 0xED44, 0x0006, 0x18C5, 0x0001, 0xED44, 0x0003, 0x18C5, 0x0009, 0xED44, 0x0008,
    0xFF8F, 0x0002, 0x9306, 0x0001, 0xD4C7, 0x0001, 0xEE70, 0x0001, 0xEF7C, 0x0001, 0xEF7D, 0x0001,
    0xF6B4, 0x0001, 0xFE8D, 0x0001, 0xBC87, 0x0001, 0x51C2, 0x0001, 0x7AA4, 0x0001, 0xCC67, 0x0001,
    0x9B03, 0x0001, 0xB44A, 0x0001, 0xFF15, 0x0001, 0xBC8D, 0x0001, 0x50C0, 0x0001, 0x6101, 0x0001,
    0xBC05, 0x0001, 0xFE26, 0x0001, 0xBBC2, 0x0001, 0x9AE5, 0x0001, 0xFEB4, 0x0001, 0xAD72, 0x0001,
    0x18E3, 0x0001, 0x61C0, 0x0001, 0xFD44, 0x0001, 0xFEC6, 0x0001, 0x8BA5, 0x0001, 0x18C3, 0x0001,
    0xAC66, 0x0001, 0xFDC4, 0x0001, 0x71C0, 0x0001, 0x9BAC, 0x0001, 0xF716, 0x0001, 0x9BAA, 0x0001,
    0x6940, 0x0001, 0xC382, 0x0001, 0xFE25, 0x0001, 0xF606, 0x0001, 0x9303, 0x0001, 0x58E1, 0x0001,
    0x8263, 0x0001, 0xDDAF, 0x0001, 0xF6F5, 0x0001, 0xB44A, 0x0001, 0x8AA2, 0x0001, 0xBBE6, 0x0001,
    0xED8A, 0x0001, 0xE58A, 0x0001, 0xABC6, 0x0001, 0x92E4, 0x0001, 0xBC26, 0x0001, 0xFECB, 0x0001,
    0xFF2B, 0x0001, 0x18C5, 0x0001, 0xFF8F, 0x0002, 0xED44, 0x0007, 0x18C5, 0x0002, 0xED44, 0x0001,
    0x18C5, 0x000A, 0xED44, 0x0008, 0xFF8F, 0x0002, 0x4A6E, 0x0001, 0x6310, 0x0001, 0x5B31, 0x0001,
    0x5354, 0x0001, 0x83AF, 0x0001, 0xBC07, 0x0001, 0xCC45, 0x0001, 0x9B23, 0x0001, 0x5180, 0x0001,
    0x6A43, 0x0001, 0xABA5, 0x0001, 0xAB64, 0x0001, 0xD54C, 0x0001, 0xFF76, 0x0001, 0xC48D, 0x0001,
    0x4080, 0x0001, 0x1841, 0x0001, 0x62A4, 0x0001, 0xD4C4, 0x0001, 0xDC20, 0x0001, 0xCC46, 0x0001,
    0xFF57, 0x0001, 0xBD94, 0x0001, 0x5142, 0x0001, 0x8200, 0x0001, 0xFD44, 0x0001, 0xFEA6, 0x0001,
    0x93A5, 0x0001, 0x18E3, 0x0001, 0xAC86, 0x0001, 0xFDA4, 0x0001, 0x6960, 0x0001, 0x8B4D, 0x0001,
    0xFF59, 0x0001, 0xB46C, 0x0001, 0x89E0, 0x0001, 0xCBC2, 0x0001, 0xFE46, 0x0001, 0xFE06, 0x0001,
    0x8AC3, 0x0001, 0x50A0, 0x0001, 0x8263, 0x0001, 0xDDD0, 0x0001, 0xFF56, 0x0001, 0xD52C, 0x0001,
    0x9B23, 0x0001, 0x9B45, 0x0001, 0xBC27, 0x0001, 0xD4C8, 0x0001, 0xC467, 0x0001, 0xA365, 0x0001,
    0xA345, 0x0001, 0xEE2A, 0x0001, 0xFF4B, 0x0001, 0xFF8F, 0x0002, 0xED44, 0x0008, 0x18C5, 0x000D,
    0xED44, 0x0008, 0xFF8F, 0x0002, 0x1A13, 0x0001, 0x19F4, 0x0001, 0x0992, 0x0001, 0x11D4, 0x0001,
    0x426F, 0x0001, 0x7AE9, 0x0001, 0x7AC7, 0x0001, 0x5A48, 0x0001, 0x4A08, 0x0001, 0x5A26, 0x0001,
    0x92E4, 0x0001, 0xBBE4, 0x0001, 0xDD6B, 0x0001, 0xE611, 0x0001, 0xBC2A, 0x0001, 0x6981, 0x0001,
    0x1861, 0x0001, 0x4983, 0x0001, 0xBB82, 0x0001, 0xD3E0, 0x0001, 0xD463, 0x0001, 0xF62E, 0x0001,
    0xC4CD, 0x0001, 0x81E2, 0x0001, 0x9240, 0x0001, 0xED04, 0x0001, 0xFF06, 0x0001, 0x9BE5, 0x0001,
    0x0863, 0x0001, 0x9C05, 0x0001, 0xFE25, 0x0001, 0x9B02, 0x0001, 0xB449, 0x0001, 0xFE8F, 0x0001,
    0xABA8, 0x0001, 0x7180, 0x0001, 0xB320, 0x0001, 0xFD84, 0x0001, 0xFE06, 0x0001, 0xB3A3, 0x0001,
    0x71C1, 0x0001, 0x8263, 0x0001, 0xB48C, 0x0001, 0xE611, 0x0001, 0xDD4B, 0x0001, 0xB3C5, 0x0001,
    0x8AE4, 0x0001, 0xA365, 0x0001, 0xCC87, 0x0001, 0xDCE7, 0x0001, 0xAB85, 0x0001, 0x82A4, 0x0001,
    0xEE2A, 0x0001, 0xFF4B, 0x0001, 0xFF8F, 0x0002, 0xED44, 0x0008, 0x18C5, 0x000F, 0xED44, 0x0006,
    0xFF8F, 0x0002, 0x2A11, 0x0001, 0x2211, 0x0001, 0x2A54, 0x0001, 0x43DC, 0x0001, 0x549D, 0x0001,
    0x541C, 0x0001, 0x3AB3, 0x0001, 0x21D0, 0x0001, 0x2211, 0x0001, 0x526B, 0x0001, 0x9B24, 0x0001,
    0xC425, 0x0001, 0xC447, 0x0001, 0xA386, 0x0001, 0x92C4, 0x0001, 0x8A22, 0x0001, 0x71C2, 0x0001,
    0x9283, 0x0001, 0xC3E2, 0x0001, 0xD421, 0x0001, 0xCC02, 0x0001, 0xDC84, 0x0001, 0xB3A4, 0x0001,
    0x8A63, 0x0001, 0xA2C2, 0x0001, 0xED03, 0x0001, 0xFEE6, 0x0001, 0x9BE5, 0x0001, 0x0883, 0x0001,
    0x93A4, 0x0001, 0xFEE6, 0x0001, 0xF605, 0x0001, 0xF646, 0x0001, 0xFE06, 0x0001, 0x92C3, 0x0001,
    0x6941, 0x0001, 0xB341, 0x0001, 0xF584, 0x0001, 0xFE26, 0x0001, 0xED24, 0x0001, 0xAB02, 0x0001,
    0x71A2, 0x0001, 0x7204, 0x0001, 0xA386, 0x0001, 0xC487, 0x0001, 0xBC06, 0x0001, 0x9305, 0x0001,
    0xA385, 0x0001, 0xCC87, 0x0001, 0xD4C7, 0x0001, 0xA385, 0x0001, 0x8AE4, 0x0001, 0xEE2A, 0x0001,
    0xFF4B, 0x0001, 0xFF8F, 0x0002, 0xED44, 0x0006, 0x18C5, 0x0011, 0xED44, 0x0006, 0xFF8F, 0x0002,
    0x19F2, 0x0001, 0x21F1, 0x0001, 0x3AF4, 0x0001, 0x64DF, 0x0001, 0x6DBF, 0x0001, 0x54DF, 0x0001,
    0x3318, 0x0001, 0x118F, 0x0001, 0x114C, 0x0001, 0x6288, 0x0001, 0xBC06, 0x0001, 0xD486, 0x0001,
    0xB3E6, 0x0001, 0x8AC3, 0x0001, 0x69E2, 0x0001, 0x7A63, 0x0001, 0xC424, 0x0001, 0xDD24, 0x0001,
    0xE524, 0x0001, 0xE58B, 0x0001, 0xDD6D, 0x0001, 0xD422, 0x0001, 0xA280, 0x0001, 0x81C0, 0x0001,
    0x9A82, 0x0001, 0xAB63, 0x0001, 0x7B64, 0x0001, 0x72E4, 0x0001, 0x8AE3, 0x0001, 0xBBC3, 0x0001,
    0xE564, 0x0001, 0xFEE6, 0x0001, 0xFF6A, 0x0001, 0xFE6C, 0x0001, 0xC466, 0x0001, 0xB3E6, 0x0001,
    0xD54D, 0x0001, 0xFE6C, 0x0001, 0xFE05, 0x0001, 0xD463, 0x0001, 0x9262, 0x0001, 0x6141, 0x0001,
    0x6181, 0x0001, 0x92E3, 0x0001, 0xBC06, 0x0001, 0xC467, 0x0001, 0xB3E6, 0x0001, 0xABA5, 0x0001,
    0xB3E6, 0x0001, 0xCC67, 0x0001, 0xCC47, 0x0001, 0xABC6, 0x0001, 0xDD68, 0x0001, 0x18C5, 0x0001,
    0xFF8F, 0x0002, 0xED44, 0x0006, 0x18C5, 0x0011, 0xED44, 0x0006, 0xFF8F, 0x0002, 0x3250, 0x0001,
    0x2A11, 0x0001, 0x2253, 0x0001, 0x43BC, 0x0001, 0x547E, 0x0001, 0x4C1E, 0x0001, 0x3AF7, 0x0001,
    0x112C, 0x0001, 0x0862, 0x0001, 0x6242, 0x0001, 0xD487, 0x0001, 0xD4C7, 0x0001, 0xBC26, 0x0001,
    0xA365, 0x0001, 0x59C3, 0x0001, 0x51E3, 0x0001, 0xCCE5, 0x0001, 0xFEA5, 0x0001, 0xFE65, 0x0001,
    0xFEF0, 0x0001, 0xFEF4, 0x0001, 0xE529, 0x0001, 0xBB83, 0x0001, 0x92A4, 0x0001, 0x9A84, 0x0001,
    0x69C2, 0x0001, 0x1082, 0x0001, 0x49A2, 0x0001, 0xCC03, 0x0001, 0xDC63, 0x0001, 0xD462, 0x0001,
    0xED43, 0x0001, 0xF66F, 0x0001, 0xF716, 0x0001, 0xFEAA, 0x0001, 0xFE87, 0x0001, 0xFEF3, 0x0001,
    0xFF30, 0x0001, 0xFE05, 0x0001, 0xB362, 0x0001, 0x7182, 0x0001, 0x6982, 0x0001, 0x7A43, 0x0001,
    0x9B65, 0x0001, 0xBC26, 0x0001, 0xCC87, 0x0001, 0xCC67, 0x0001, 0xA385, 0x0001, 0x9304, 0x0001,
    0xB3C6, 0x0001, 0xE508, 0x0001, 0xD4A7, 0x0001, 0x18C5, 0x0001, 0xFF8F, 0x0002, 0xED44, 0x0003,
    0x18C5, 0x0001, 0xED44, 0x0002, 0x18C5, 0x0012, 0xED44, 0x0006, 0xFF8F, 0x0002, 0xA3C9, 0x0001,
    0x52AF, 0x0001, 0x0152, 0x0001, 0x11F4, 0x0001, 0x2254, 0x0001, 0x2255, 0x0001, 0x2235, 0x0001,
    0x012E, 0x0001, 0x0063, 0x0001, 0x6202, 0x0001, 0xCC47, 0x0001, 0xD488, 0x0001, 0xCC66, 0x0001,
    0xCC23, 0x0001, 0x6A43, 0x0001, 0x4183, 0x0001, 0xA363, 0x0001, 0xF584, 0x0001, 0xFE86, 0x0001,
    0xFEE8, 0x0001, 0xFEAC, 0x0001, 0xEE51, 0x0001, 0xEE55, 0x0001, 0xDDD3, 0x0001, 0xA389, 0x0001,
    0x71A1, 0x0001, 0x6982, 0x0001, 0x4123, 0x0001, 0x51C3, 0x0001, 0xCD05, 0x0001, 0xFDA4, 0x0001,
    0xAB01, 0x0001, 0xAC0C, 0x0001, 0xFF16, 0x0001, 0xFF0B, 0x0001, 0xFE22, 0x0001, 0xFE47, 0x0001,
    0xFE89, 0x0001, 0xFE06, 0x0001, 0xD443, 0x0001, 0x9AA2, 0x0001, 0x8A22, 0x0001, 0x8AA4, 0x0001,
    0x9B65, 0x0001, 0xBC26, 0x0001, 0xCC67, 0x0001, 0xCC47, 0x0001, 0xA365, 0x0001, 0x82C4, 0x0001,
    0x8AE5, 0x0001, 0xCC67, 0x0001, 0xE508, 0x0001, 0xFF8F, 0x0002, 0xED44, 0x0004, 0x18C5, 0x0015,
    0xED44, 0x0006, 0xFF8F, 0x0002, 0xDCA6, 0x0001, 0xA46F, 0x0001, 0x5354, 0x0001, 0x5B52, 0x0001,
    0x5ACE, 0x0001, 0x528C, 0x0001, 0x630E, 0x0001, 0x4A6B, 0x0001, 0x2903, 0x0001, 0x8304, 0x0001,
    0xE589, 0x0001, 0xD4E8, 0x0001, 0xC425, 0x0001, 0xDC63, 0x0001, 0x9B22, 0x0001, 0x7A83, 0x0001,
    0xBBC3, 0x0001, 0xED04, 0x0001, 0xED45, 0x0001, 0xED42, 0x0001, 0xFDC4, 0x0001, 0xFEEF, 0x0001,
    0xFFF7, 0x0001, 0xFFB4, 0x0001, 0xCCA9, 0x0001, 0x9A81, 0x0001, 0xB2C2, 0x0001, 0x5163, 0x0001,
    0x0043, 0x0001, 0x8385, 0x0001, 0xED24, 0x0001, 0xAB22, 0x0001, 0xB44C, 0x0001, 0xFF16, 0x0001,
    0xF6D1, 0x0001, 0xF62A, 0x0001, 0xFE6A, 0x0001, 0xFE67, 0x0001, 0xFE24, 0x0001, 0xF5C4, 0x0001,
    0xD444, 0x0001, 0x8A43, 0x0001, 0x71C3, 0x0001, 0x8AC4, 0x0001, 0xBC06, 0x0001, 0xDD08, 0x0001,
    0xD528, 0x0001, 0xBC47, 0x0001, 0x9B45, 0x0001, 0x8AE4, 0x0001, 0xA385, 0x0001, 0xC467, 0x0001,
    0xFF8F, 0x0002, 0xED44, 0x0004, 0x18C5, 0x0015, 0xED44, 0x0006, 0xFF8F, 0x0002, 0xCC87, 0x0001,
    0xF650, 0x0001, 0xF738, 0x0001, 0xF6F6, 0x0001, 0xD56E, 0x0001, 0xBC47, 0x0001, 0xE569, 0x0001,
    0xCCE9, 0x0001, 0x8AC4, 0x0001, 0xBCA7, 0x0001, 0xFF0B, 0x0001, 0xDD69, 0x0001, 0xBBE5, 0x0001,
    0xCC23, 0x0001, 0xC3E2, 0x0001, 0xCC43, 0x0001, 0xF5C5, 0x0002, 0xD443, 0x0001, 0xC3C2, 0x0001,
    0xDCA3, 0x0001, 0xFE06, 0x0001, 0xFEE8, 0x0001, 0xFE87, 0x0001, 0xE504, 0x0001, 0xC3A2, 0x0001,
    0xA2A2, 0x0001, 0x5183, 0x0001, 0x10A3, 0x0001, 0x4943, 0x0001, 0xB322, 0x0001, 0xED64, 0x0001,
    0xF6AD, 0x0001, 0xF6F6, 0x0002, 0xF6F5, 0x0001, 0xFF16, 0x0001, 0xFE8E, 0x0001, 0xFE24, 0x0001,
    0xFE85, 0x0001, 0xE546, 0x0001, 0x9283, 0x0001, 0x6121, 0x0001, 0x71C2, 0x0001, 0xAB65, 0x0001,
    0xE5A9, 0x0001, 0xF6CB, 0x0001, 0xE5E9, 0x0001, 0xBC06, 0x0001, 0xAB65, 0x0001, 0x8B04, 0x0001,
    0x18C5, 0x0001, 0xFF8F, 0x0002, 0xED44, 0x0004, 0x18C5, 0x0015, 0xED44, 0x0006, 0xFF8F, 0x0002,
    0xC467, 0x0001, 0xFED1, 0x0001, 0xFFF9, 0x0001, 0xFFF8, 0x0001, 0xEDAC, 0x0001, 0xD466, 0x0001,
    0xFEF2, 0x0001, 0xFF97, 0x0001, 0xDDAE, 0x0001, 0xBCA8, 0x0001, 0xC508, 0x0001, 0xD548, 0x0001,
    0xDCC7, 0x0001, 0xC3E3, 0x0001, 0xCBA1, 0x0001, 0xDC43, 0x0001, 0xE504, 0x0001, 0xF5C5, 0x0001,
    0xED65, 0x0001, 0xBB82, 0x0001, 0x9240, 0x0001, 0x9AE1, 0x0001, 0xA382, 0x0001, 0xBBC2, 0x0001,
    0xE4A2, 0x0001, 0xDC63, 0x0001, 0x92C3, 0x0001, 0x3943, 0x0001, 0x18C3, 0x0001, 0x5122, 0x0001,
    0xC382, 0x0001, 0xFEA5, 0x0001, 0xFF6A, 0x0001, 0xFEAD, 0x0001, 0xFF2F, 0x0001, 0xFEAE, 0x0001,
    0xDD6C, 0x0001, 0xE5F0, 0x0001, 0xFEB0, 0x0001, 0xE566, 0x0001, 0xE4E1, 0x0001, 0xE524, 0x0001,
    0xA324, 0x0001, 0x6101, 0x0001, 0x6182, 0x0001, 0xBCE7, 0x0001, 0xFFCC, 0x0001, 0xFEAA, 0x0001,
    0xC426, 0x0001, 0xAB85, 0x0001, 0x8AE4, 0x0001, 0xFF8F, 0x0002, 0xED44, 0x0004, 0x18C5, 0x0016,
    0xED44, 0x0006, 0xFF8F, 0x0002, 0xCC87, 0x0001, 0xFE71, 0x0001, 0xFF58, 0x0001, 0xFF37, 0x0001,
    0xDD6C, 0x0001, 0xCCA8, 0x0001, 0xE676, 0x0001, 0xFFDF, 0x0001, 0xFFDA, 0x0001, 0xBCAC, 0x0001,
    0x92E4, 0x0001, 0xD509, 0x0001, 0xFE2B, 0x0001, 0xDC84, 0x0001, 0xCC22, 0x0002, 0xC3A1, 0x0001,
    0xDCA3, 0x0001, 0xFE05, 0x0001, 0xCCA6, 0x0001, 0x8244, 0x0001, 0x6962, 0x0002, 0x8203, 0x0001,
    0xB363, 0x0001, 0xB3A3, 0x0001, 0x6243, 0x0001, 0x10A3, 0x0001, 0x18C3, 0x0001, 0x9303, 0x0001,
    0xF543, 0x0001, 0xEDA5, 0x0001, 0xEDC5, 0x0001, 0xFE04, 0x0001, 0xF605, 0x0001, 0xE502, 0x0001,
    0xD400, 0x0001, 0xE58B, 0x0001, 0xFEF4, 0x0001, 0xD4EA, 0x0001, 0xD462, 0x0001, 0xF5E5, 0x0001,
    0xDCE5, 0x0001, 0x9283, 0x0001, 0x4922, 0x0001, 0x6AE4, 0x0001, 0xEEAA, 0x0001, 0xFE4A, 0x0001,
    0xC406, 0x0001, 0xAB85, 0x0001, 0x8AE4, 0x0001, 0xFF8F, 0x0002, 0xED44, 0x0004, 0x18C5, 0x0016,
    0xED44, 0x0006, 0xFF8F, 0x0002, 0xCC87, 0x0001, 0xFE91, 0x0001, 0xFF58, 0x0001, 0xF717, 0x0001,
    0xFE90, 0x0001, 0xEDAA, 0x0001, 0xC468, 0x0001, 0xCD72, 0x0001, 0xFFFF, 0x0001, 0xDE14, 0x0001,
    0xB3C5, 0x0001, 0xDD8D, 0x0001, 0xFED0, 0x0001, 0xFE07, 0x0001, 0xF5C3, 0x0001, 0xED63, 0x0001,
    0xCC01, 0x0001, 0xC380, 0x0001, 0xD463, 0x0001, 0xE5AD, 0x0001, 0xDDB0, 0x0001, 0xBBC6, 0x0001,
    0x9A60, 0x0001, 0x8A43, 0x0001, 0x7223, 0x0001, 0x49C3, 0x0001, 0x2923, 0x0001, 0x0022, 0x0001,
    0x18C3, 0x0001, 0xCCC5, 0x0001, 0xFE25, 0x0001, 0x8324, 0x0001, 0x9323, 0x0001, 0xE4C2, 0x0001,
    0xB342, 0x0001, 0xA2E2, 0x0001, 0xE524, 0x0001, 0xFE25, 0x0001, 0xFE49, 0x0001, 0xF6B0, 0x0001,
    0xCD2E, 0x0001, 0x9B04, 0x0001, 0xDC83, 0x0001, 0xF5C6, 0x0001, 0x8B44, 0x0001, 0x3102, 0x0001,
    0x18C5, 0x0001, 0xFE29, 0x0001, 0xCC87, 0x0001, 0xBBE6, 0x0001, 0x8AC4, 0x0001, 0xFF8F, 0x0002,
    0xED44, 0x0004, 0x18C5, 0x0016, 0xED44, 0x0006, 0xFF8F, 0x0002, 0xBC06, 0x0001, 0xF62F, 0x0001,
    0xFF57, 0x0001, 0xF716, 0x0001, 0xFEB1, 0x0001, 0xD509, 0x0001, 0x6180, 0x0001, 0x72C8, 0x0001,
    0xFFBD, 0x0001, 0xFEF4, 0x0001, 0xCC87, 0x0001, 0xEED6, 0x0001, 0xFFB8, 0x0001, 0xFE27, 0x0001,
    0xFE46, 0x0001, 0xFECD, 0x0001, 0xEDCD, 0x0001, 0xD465, 0x0001, 0xD441, 0x0001, 0xF650, 0x0001,
    0xFFB8, 0x0001, 0xFE2A, 0x0001, 0xC3A0, 0x0001, 0x7A02, 0x0001, 0x7A43, 0x0001, 0x7263, 0x0001,
    0x4142, 0x0001, 0x0822, 0x0001, 0x18C3, 0x0001, 0x93C5, 0x0001, 0xBCA5, 0x0001, 0x6203, 0x0001,
    0x61A2, 0x0001, 0xAAE2, 0x0001, 0xA2C3, 0x0001, 0xABC4, 0x0001, 0xFE05, 0x0001, 0xFE85, 0x0001,
    0xFE6B, 0x0001, 0xFF96, 0x0001, 0xE634, 0x0001, 0x9B25, 0x0001, 0xCC02, 0x0001, 0xE545, 0x0001,
    0xA3E5, 0x0001, 0x18C5, 0x0001, 0xFF8F, 0x0001, 0x18C5, 0x0001, 0xDCC7, 0x0001, 0xCC47, 0x0001,
    0x8AC4, 0x0001, 0xFF8F, 0x0002, 0xED44, 0x0004, 0x18C5, 0x0016, 0xED44, 0x0006, 0xFF8F, 0x0002,
    0x9B25, 0x0001, 0xE5CF, 0x0001, 0xFF98, 0x0001, 0xFF57, 0x0001, 0xDDAE, 0x0001, 0x8AE4, 0x0001,
    0x1840, 0x0001, 0x4228, 0x0001, 0xEEB6, 0x0001, 0xFE2E, 0x0001, 0xC468, 0x0001, 0xEF1B, 0x0001,
    0xF73A, 0x0001, 0xD484, 0x0001, 0xE528, 0x0001, 0xFF37, 0x0001, 0xFF39, 0x0001, 0xF66E, 0x0001,
    0xFE05, 0x0001, 0xF66E, 0x0001, 0xFF36, 0x0001, 0xFEEA, 0x0001, 0xC422, 0x0001, 0x6982, 0x0001,
    0xA2E2, 0x0001, 0xD423, 0x0001, 0x8A22, 0x0001, 0x30C2, 0x0001, 0x18C3, 0x0001, 0x3163, 0x0001,
    0x6223, 0x0001, 0x8A63, 0x0001, 0x81E2, 0x0001, 0x8A43, 0x0001, 0xD4A5, 0x0001, 0xFE65, 0x0001,
    0xFE44, 0x0001, 0xFE6C, 0x0001, 0xF6F6, 0x0001, 0xF718, 0x0001, 0xFEF1, 0x0001, 0xFE67, 0x0001,
    0xD463, 0x0001, 0x8A43, 0x0001, 0x18C5, 0x0001, 0xFF8F, 0x0002, 0xD487, 0x0001, 0xD4A7, 0x0001,
    0xBC06, 0x0001, 0x8AC4, 0x0001, 0xFF8F, 0x0002, 0xED44, 0x0004, 0x18C5, 0x0016, 0xED44, 0x0006,
    0xFF8F, 0x0002, 0xA365, 0x0001, 0xEEB6, 0x0001, 0xFFFF, 0x0001, 0xFFFB, 0x0001, 0xC4EC, 0x0001,
    0x7201, 0x0001, 0x6A43, 0x0001, 0x7B28, 0x0001, 0x8369, 0x0001, 0xAC07, 0x0001, 0xDCC8, 0x0001,
    0xD54F, 0x0001, 0xA3EC, 0x0001, 0x9242, 0x0001, 0xB385, 0x0001, 0xF60D, 0x0001, 0xFF0F, 0x0001,
    0xFF30, 0x0001, 0xFF11, 0x0001, 0xFE6D, 0x0001, 0xFE69, 0x0001, 0xFF27, 0x0001, 0xED84, 0x0001,
    0x9AA2, 0x0001, 0x6A02, 0x0001, 0x7263, 0x0001, 0x8A02, 0x0001, 0x5122, 0x0001, 0x10A3, 0x0001,
    0x3943, 0x0001, 0x6982, 0x0001, 0x6921, 0x0001, 0x9283, 0x0001, 0xDD05, 0x0001, 0xFEC5, 0x0001,
    0xFF29, 0x0001, 0xFECF, 0x0001, 0xF66F, 0x0001, 0xFEAF, 0x0001, 0xFF16, 0x0001, 0xFF74, 0x0001,
    0xFEC6, 0x0001, 0xE4C1, 0x0001, 0x9262, 0x0001, 0x81C2, 0x0001, 0xFF8F, 0x0002, 0xD4E8, 0x0001,
    0xDCE8, 0x0001, 0xBC06, 0x0001, 0x18C5, 0x0001, 0xFF8F, 0x0002, 0xED44, 0x0004, 0x18C5, 0x0016,
    0xED44, 0x0006, 0xFF8F, 0x0002, 0x9B25, 0x0001, 0xE656, 0x0001, 0xF79D, 0x0001, 0xEEF6, 0x0001,
    0xC4EC, 0x0001, 0xABC7, 0x0001, 0xCC66, 0x0001, 0xB3C5, 0x0001, 0x59E2, 0x0001, 0x7AC4, 0x0001,
    0xB3E6, 0x0001, 0x9262, 0x0001, 0x79A0, 0x0001, 0x92A3, 0x0001, 0xAB23, 0x0001, 0xC3A0, 0x0001,
    0xED00, 0x0001, 0xFE49, 0x0001, 0xF6D4, 0x0001, 0xFEAF, 0x0001, 0xFE26, 0x0001, 0xEDA5, 0x0001,
    0xFDA5, 0x0001, 0xE4C3, 0x0001, 0x5A03, 0x0001, 0x0842, 0x0001, 0x4902, 0x0001, 0x4122, 0x0001,
    0x18E3, 0x0001, 0x61E3, 0x0001, 0x9242, 0x0001, 0x79E2, 0x0001, 0xABA4, 0x0001, 0xF5E5, 0x0001,
    0xEDA3, 0x0001, 0xEDA9, 0x0001, 0xF6D4, 0x0001, 0xFEAD, 0x0001, 0xFE04, 0x0001, 0xF64E, 0x0001,
    0xF6B3, 0x0001, 0xFE6A, 0x0001, 0xFDC4, 0x0001, 0xD442, 0x0001, 0xA2A2, 0x0001, 0x48A1, 0x0001,
    0xFF8F, 0x0001, 0x18C5, 0x0001, 0xC447, 0x0001, 0x18C5, 0x0001, 0xFF8F, 0x0002, 0xED44, 0x0005,
    0x18C5, 0x0016, 0xED44, 0x0006, 0xFF8F, 0x0002, 0x18C5, 0x0001, 0xAC2A, 0x0001, 0xBC4A, 0x0001,
    0x9B87, 0x0001, 0xCD6F, 0x0001, 0xFED4, 0x0001, 0xBC69, 0x0001, 0x9AC2, 0x0001, 0xB3C5, 0x0001,
    0x8B65, 0x0001, 0x51C3, 0x0001, 0x58E1, 0x0001, 0xA2E2, 0x0001, 0xF5A5, 0x0001, 0xC424, 0x0001,
    0x89E1, 0x0001, 0xB320, 0x0001, 0xED01, 0x0001, 0xFE27, 0x0001, 0xFF51, 0x0001, 0xEE52, 0x0001,
    0x9B27, 0x0001, 0xC402, 0x0001, 0xFE45, 0x0001, 0xABC4, 0x0001, 0x3082, 0x0001, 0x1042, 0x0001,
    0x2103, 0x0001, 0x4183, 0x0001, 0x5122, 0x0001, 0x8A62, 0x0001, 0xED65, 0x0001, 0xE505, 0x0001,
    0x92A3, 0x0001, 0x79C2, 0x0001, 0xAB85, 0x0001, 0xF62A, 0x0001, 0xFF29, 0x0001, 0xFDE4, 0x0001,
    0xDC83, 0x0001, 0xD50B, 0x0001, 0xF6D4, 0x0001, 0xFF4E, 0x0001, 0xF562, 0x0001, 0xAAE1, 0x0001,
    0x48A1, 0x0001, 0xFF8F, 0x0002, 0x18C5, 0x0001, 0xFF8F, 0x0002, 0xED44, 0x0005, 0x18C5, 0x001B,
    0xED44, 0x0003, 0xFF8F, 0x0002, 0x18C5, 0x0001, 0x9280, 0x0001, 0xA302, 0x0001, 0xBC8A, 0x0001,
    0xBD71, 0x0001, 0xBD0F, 0x0001, 0xBC6A, 0x0001, 0xBC47, 0x0001, 0x8B04, 0x0001, 0x6A42, 0x0001,
    0x9B44, 0x0001, 0xDCC6, 0x0001, 0xE545, 0x0001, 0xC423, 0x0001, 0xAB63, 0x0001, 0xC449, 0x0001,
    0xE58A, 0x0001, 0xFE28, 0x0001, 0xFF4F, 0x0001, 0xEE31, 0x0001, 0x9B06, 0x0001, 0xAB21, 0x0001,
    0xDD05, 0x0001, 0xBB83, 0x0001, 0x7181, 0x0001, 0x4982, 0x0001, 0x51E3, 0x0001, 0x69E2, 0x0001,
    0x6961, 0x0001, 0x8242, 0x0001, 0xC4A5, 0x0001, 0xCCC5, 0x0001, 0xAB64, 0x0001, 0x9B04, 0x0001,
    0xB3A3, 0x0001, 0xE4C2, 0x0001, 0xF605, 0x0001, 0xFE26, 0x0001, 0xE4E0, 0x0001, 0xD483, 0x0001,
    0xE5AF, 0x0001, 0xFF93, 0x0001, 0xFEAC, 0x0001, 0x8A63, 0x0001, 0x6122, 0x0001, 0xFF8F, 0x0004,
    0xED44, 0x0006, 0x18C5, 0x001B, 0xED44, 0x0004, 0xFF8F, 0x0002, 0x18C5, 0x0001, 0xD4A7, 0x0001,
    0x9B24, 0x0001, 0x51E3, 0x0001, 0xD5D1, 0x0001, 0xE653, 0x0001, 0x6265, 0x0001, 0x69E0, 0x0001,
    0xD463, 0x0001, 0xFE45, 0x0001, 0xDD05, 0x0001, 0x9283, 0x0001, 0xBBA2, 0x0001, 0xFE67, 0x0001,
    0xFEF1, 0x0001, 0xF6F8, 0x0001, 0xF6F6, 0x0001, 0xFEAD, 0x0001, 0xFDE5, 0x0001, 0xDCA2, 0x0001,
    0xB363, 0x0001, 0x9263, 0x0001, 0x6962, 0x0001, 0x7A02, 0x0001, 0xC3C2, 0x0001, 0xAB62, 0x0001,
    0x6982, 0x0001, 0x81E2, 0x0001, 0x7A23, 0x0001, 0x4982, 0x0001, 0x9384, 0x0001, 0xFE46, 0x0001,
    0xFEC6, 0x0001, 0xED65, 0x0001, 0xCC23, 0x0001, 0xDCC4, 0x0001, 0xFE46, 0x0001, 0xFEA7, 0x0001,
    0xED43, 0x0001, 0xCC02, 0x0001, 0xF60E, 0x0001, 0xEEB5, 0x0001, 0x7A67, 0x0001, 0x8A62, 0x0001,
    0xF5CB, 0x0001, 0xFF8F, 0x0002, 0xED44, 0x0006, 0x18C5, 0x001D, 0xED44, 0x0004, 0xFF8F, 0x0002,
    0x18C5, 0x0001, 0xB3A4, 0x0001, 0x9B64, 0x0001, 0xC4CB, 0x0001, 0x83CB, 0x0001, 0x18C5, 0x0001,
    0xAB20, 0x0001, 0xF503, 0x0001, 0xED45, 0x0001, 0xB383, 0x0001, 0x9A61, 0x0001, 0xD4EA, 0x0001,
    0xFFB2, 0x0001, 0xFF2C, 0x0001, 0xFEAF, 0x0001, 0xF717, 0x0001, 0xFEAE, 0x0001, 0xFDE3, 0x0001,
    0xE4C2, 0x0001, 0xB323, 0x0001, 0x7182, 0x0001, 0x1822, 0x0001, 0x4162, 0x0001, 0xDC63, 0x0001,
    0xBBC2, 0x0001, 0x28E2, 0x0001, 0x3923, 0x0001, 0x7A63, 0x0001, 0x92E2, 0x0001, 0x9B23, 0x0001,
    0xAB84, 0x0001, 0xCCA4, 0x0001, 0xED44, 0x0001, 0xED65, 0x0001, 0xF5A4, 0x0001, 0xFE47, 0x0001,
    0xFF2F, 0x0001, 0xF62C, 0x0001, 0xCBE1, 0x0001, 0xB345, 0x0001, 0xB42C, 0x0001, 0xCCC7, 0x0001,
    0xDCE4, 0x0001, 0xC426, 0x0001, 0xA346, 0x0001, 0xFF8F, 0x0001, 0xED44, 0x0006, 0x18C5, 0x001D,
    0xED44, 0x0005, 0xFF8F, 0x0002, 0x18C5, 0x0001, 0xDCC8, 0x0001, 0x8AE3, 0x0001, 0x1000, 0x0001,
    0xFF8F, 0x0001, 0x18C5, 0x0001, 0xC3A3, 0x0001, 0x8A23, 0x0001, 0x8201, 0x0001, 0xDC62, 0x0001,
    0xF60E, 0x0001, 0xEE73, 0x0001, 0xFE29, 0x0001, 0xFE6A, 0x0001, 0xF6F5, 0x0001, 0xFEAE, 0x0001,
    0xFE04, 0x0001, 0xE4E2, 0x0001, 0xB342, 0x0001, 0x6982, 0x0001, 0x20A2, 0x0001, 0x41A3, 0x0001,
    0xAB82, 0x0001, 0x92E2, 0x0001, 0x20C2, 0x0001, 0x18A3, 0x0001, 0x7263, 0x0001, 0xCC03, 0x0001,
    0xAAE2, 0x0001, 0x6961, 0x0001, 0xA2C2, 0x0001, 0xE504, 0x0001, 0xFDE6, 0x0001, 0xFE03, 0x0001,
    0xFE26, 0x0001, 0xFEF3, 0x0001, 0xF6B4, 0x0001, 0xDCE5, 0x0001, 0x9A60, 0x0001, 0x9241, 0x0001,
    0xED85, 0x0001, 0xE525, 0x0001, 0x6961, 0x0001, 0x18C5, 0x0001, 0xFF8F, 0x0002, 0xED44, 0x0006,
    0x18C5, 0x001C, 0xED44, 0x0006, 0xFF8F, 0x0002, 0x18C5, 0x0003, 0xFF8F, 0x0002, 0x8202, 0x0001,
    0x58A1, 0x0001, 0x8242, 0x0001, 0xFE05, 0x0001, 0xFDA5, 0x0001, 0xCC67, 0x0001, 0xEE10, 0x0001,
    0xFF57, 0x0001, 0xF716, 0x0001, 0xFE6C, 0x0001, 0xFE23, 0x0001, 0xFE43, 0x0001, 0xC423, 0x0001,
    0x6982, 0x0001, 0x8262, 0x0001, 0xAB83, 0x0001, 0x8A62, 0x0001, 0x6982, 0x0001, 0x6162, 0x0001,
    0x49A2, 0x0001, 0x51C3, 0x0001, 0x7A02, 0x0001, 0x9261, 0x0001, 0xB382, 0x0001, 0xED65, 0x0001,
    0xF5C5, 0x0001, 0xD484, 0x0001, 0xE4C1, 0x0001, 0xFE45, 0x0001, 0xFEF3, 0x0001, 0xFEF4, 0x0001,
    0xFE06, 0x0001, 0xDC60, 0x0001, 0xB322, 0x0001, 0xAB43, 0x0001, 0x9AC3, 0x0001, 0x6961, 0x0001,
    0xFF8F, 0x0002, 0xED44, 0x0006, 0x18C5, 0x001E, 0xED44, 0x0006, 0xFF8F, 0x0006, 0x58E1, 0x0001,
    0x92A3, 0x0001, 0xCC85, 0x0001, 0xDD26, 0x0001, 0xDCA2, 0x0002, 0xEE0B, 0x0001, 0xFF14, 0x0001,
    0xF6F6, 0x0001, 0xF68F, 0x0001, 0xFEAB, 0x0001, 0xFF2D, 0x0001, 0xC4CA, 0x0001, 0x71A2, 0x0001,
    0xBB61, 0x0001, 0xE483, 0x0001, 0x81E2, 0x0001, 0x48A1, 0x0001, 0x5942, 0x0001, 0x61C2, 0x0001,
    0x5162, 0x0001, 0x5101, 0x0001, 0x8A62, 0x0001, 0xE4A3, 0x0001, 0xF5A5, 0x0001, 0xE524, 0x0001,
    0xDC61, 0x0001, 0xE525, 0x0001, 0xFEAE, 0x0001, 0xFEF3, 0x0001, 0xFED3, 0x0001, 0xFEAD, 0x0001,
    0xFE67, 0x0001, 0xED24, 0x0001, 0xAB02, 0x0001, 0x81C2, 0x0001, 0x71A2, 0x0001, 0xFF8F, 0x0002,
    0xED44, 0x0006, 0x18C5, 0x001F, 0xED44, 0x0001, 0x18C5, 0x0002, 0xED44, 0x0003, 0xFF8F, 0x0005,
    0x79E2, 0x0001, 0xED85, 0x0002, 0x9283, 0x0001, 0xB3C4, 0x0001, 0xFE66, 0x0001, 0xFE64, 0x0001,
    0xFE4A, 0x0001, 0xF6F4, 0x0001, 0xF6F6, 0x0001, 0xFF15, 0x0001, 0xFF77, 0x0001, 0xCD2F, 0x0001,
    0x8A43, 0x0001, 0xB321, 0x0001, 0xCC03, 0x0001, 0x8A22, 0x0001, 0x30C2, 0x0001, 0x18C3, 0x0001,
    0x4942, 0x0001, 0x7181, 0x0001, 0x6141, 0x0001, 0x92A2, 0x0001, 0xD423, 0x0002, 0xD462, 0x0001,
    0xFDE4, 0x0001, 0xFECD, 0x0001, 0xF6F6, 0x0004, 0xFECE, 0x0001, 0xFE05, 0x0001, 0xED02, 0x0001,
    0xB343, 0x0001, 0x71A2, 0x0001, 0xFF8F, 0x0002, 0xED44, 0x0006, 0x18C5, 0x0022, 0xED44, 0x0005,
    0xFF8F, 0x0001, 0xD442, 0x0001, 0xE524, 0x0001, 0xDD25, 0x0001, 0xE525, 0x0001, 0x9AC3, 0x0001,
    0x50A1, 0x0001, 0xA343, 0x0001, 0xFEC7, 0x0001, 0xFEEB, 0x0001, 0xF690, 0x0001, 0xF6F5, 0x0001,
    0xF6F9, 0x0001, 0xFF38, 0x0001, 0xFF71, 0x0001, 0xEDA8, 0x0001, 0xB342, 0x0001, 0xA2C2, 0x0001,
    0xA303, 0x0001, 0x7A22, 0x0001, 0x3122, 0x0001, 0x10A3, 0x0001, 0x5142, 0x0001, 0x7981, 0x0001,
    0x6961, 0x0001, 0x8A62, 0x0001, 0xCC23, 0x0001, 0xECE2, 0x0001, 0xF5E8, 0x0001, 0xFF31, 0x0001,
    0xFEF0, 0x0001, 0xFE8D, 0x0001, 0xFF57, 0x0001, 0xFFBD, 0x0001, 0xF75B, 0x0001, 0xE5EE, 0x0001,
    0xED23, 0x0001, 0xFDE3, 0x0001, 0xD4A5, 0x0001, 0x71C2, 0x0001, 0xFF8F, 0x0002, 0xED44, 0x0006,
    0x18C5, 0x0022, 0xED44, 0x0004, 0xFF8F, 0x0002, 0xC3A2, 0x0001, 0xFE05, 0x0001, 0xEDA5, 0x0001,
    0xA303, 0x0001, 0x6942, 0x0001, 0x8222, 0x0001, 0xC462, 0x0001, 0xFE67, 0x0001, 0xFF13, 0x0001,
    0xF718, 0x0001, 0xF6F5, 0x0002, 0xF6B0, 0x0001, 0xEDC6, 0x0001, 0xED42, 0x0001, 0xDCC3, 0x0001,
    0xAB03, 0x0001, 0x71C2, 0x0001, 0x49A3, 0x0001, 0x2943, 0x0001, 0x10A3, 0x0001, 0x3902, 0x0001,
    0x5942, 0x0001, 0x6982, 0x0001, 0x9282, 0x0001, 0xD423, 0x0001, 0xFDA3, 0x0001, 0xFE4A, 0x0001,
    0xEE74, 0x0001, 0xF60B, 0x0001, 0xFE24, 0x0001, 0xFF77, 0x0001, 0xFFFF, 0x0001, 0xFF34, 0x0001,
    0xD4A7, 0x0001, 0xCBE2, 0x0001, 0xFE45, 0x0001, 0xEDA6, 0x0001, 0x8202, 0x0001, 0x50A1, 0x0001,
    0xFF8F, 0x0001, 0xED44, 0x0006, 0x18C5, 0x0022, 0xED44, 0x0004, 0xFF8F, 0x0002, 0x9AC3, 0x0001,
    0xB343, 0x0001, 0x8242, 0x0001, 0x71A2, 0x0001, 0xA303, 0x0001, 0xED85, 0x0001, 0xFE44, 0x0001,
    0xFE27, 0x0001, 0xFED2, 0x0001, 0xF718, 0x0001, 0xF6F5, 0x0001, 0xFF0E, 0x0001, 0xF5C6, 0x0001,
    0xA322, 0x0001, 0xBBE3, 0x0001, 0xFE05, 0x0001, 0xBBE4, 0x0001, 0x5101, 0x0001, 0x18A2, 0x0001,
    0x10C3, 0x0001, 0x10A2, 0x0001, 0x0882, 0x0001, 0x28E2, 0x0001, 0x71C2, 0x0001, 0xAB02, 0x0001,
    0xCC23, 0x0001, 0xDCA3, 0x0001, 0xD464, 0x0001, 0xCC46, 0x0001, 0xE503, 0x0001, 0xFE46, 0x0001,
    0xFF15, 0x0001, 0xFF37, 0x0001, 0xFE89, 0x0001, 0xDC61, 0x0001, 0xCBE2, 0x0001, 0xFE25, 0x0001,
    0xFE06, 0x0001, 0x92A3, 0x0001, 0x7162, 0x0001, 0x6981, 0x0001, 0xFF8F, 0x0001, 0xED44, 0x0006,
    0x18C5, 0x0021, 0xED44, 0x0004, 0xFF8F, 0x0002, 0x18C5, 0x0001, 0x6122, 0x0001, 0x50E1, 0x0001,
    0x79C2, 0x0001, 0xAB44, 0x0001, 0xD4C5, 0x0001, 0xEDC4, 0x0001, 0xFE27, 0x0001, 0xFEB0, 0x0001,
    0xF718, 0x0001, 0xF717, 0x0001, 0xFF2D, 0x0001, 0xED62, 0x0001, 0x79E1, 0x0001, 0x9AE4, 0x0001,
    0xFDC5, 0x0001, 0xBBE3, 0x0001, 0x5901, 0x0001, 0x38C2, 0x0001, 0x3122, 0x0001, 0x3143, 0x0002,
    0x4963, 0x0001, 0x8223, 0x0001, 0xB343, 0x0001, 0xCC03, 0x0001, 0xCBE3, 0x0001, 0xCBE2, 0x0001,
    0xDC81, 0x0001, 0xED83, 0x0001, 0xFE47, 0x0001, 0xFE6A, 0x0001, 0xFE6D, 0x0001, 0xFE8C, 0x0001,
    0xF608, 0x0001, 0xED64, 0x0001, 0xDCE4, 0x0001, 0xB3A4, 0x0001, 0x79E2, 0x0001, 0x79A2, 0x0001,
    0x6982, 0x0001, 0xFF8F, 0x0002, 0xED44, 0x0005, 0x18C5, 0x0022, 0xED44, 0x0004, 0xFF8F, 0x0002,
    0x18C5, 0x0001, 0x71A2, 0x0001, 0x8A43, 0x0001, 0x8223, 0x0001, 0x8203, 0x0001, 0xC422, 0x0001,
    0xFE67, 0x0001, 0xFF11, 0x0001, 0xF6F8, 0x0001, 0xF6F6, 0x0001, 0xFF2D, 0x0001, 0xED84, 0x0001,
    0x7A21, 0x0001, 0x7A02, 0x0001, 0xCC02, 0x0001, 0xB383, 0x0001, 0x8202, 0x0001, 0x7182, 0x0001,
    0x5982, 0x0001, 0x51C3, 0x0001, 0x7A23, 0x0001, 0x9243, 0x0001, 0x8A23, 0x0001, 0xA303, 0x0001,
    0xCC23, 0x0001, 0xCC02, 0x0001, 0xD483, 0x0001, 0xFDE5, 0x0001, 0xFE66, 0x0001, 0xFE25, 0x0001,
    0xFE04, 0x0001, 0xFE6B, 0x0001, 0xF6D5, 0x0001, 0xFF10, 0x0001, 0xF5C4, 0x0001, 0xAB42, 0x0001,
    0x71A2, 0x0001, 0x6982, 0x0001, 0x71A2, 0x0001, 0x6982, 0x0001, 0xFF8F, 0x0002, 0xED44, 0x0005,
    0x18C5, 0x0022, 0xED44, 0x0004, 0xFF8F, 0x0001, 0x6161, 0x0001, 0x79A2, 0x0001, 0x71A2, 0x0001,
    0x79C2, 0x0001, 0x8202, 0x0001, 0xAB02, 0x0001, 0xE4E2, 0x0001, 0xFE88, 0x0001, 0xFF14, 0x0001,
    0xF6D6, 0x0001, 0xFE6C, 0x0001, 0xFEC7, 0x0001, 0xED85, 0x0001, 0x7A02, 0x0001, 0x50C1, 0x0001,
    0x8201, 0x0001, 0xBB62, 0x0001, 0xAB43, 0x0001, 0x59A2, 0x0001, 0x30E2, 0x0001, 0x18C5, 0x0001,
    0x7A83, 0x0001, 0x7202, 0x0001, 0x6982, 0x0001, 0x9AE2, 0x0001, 0xDC83, 0x0001, 0xD402, 0x0001,
    0xC3E2, 0x0001, 0xED24, 0x0001, 0xFDE4, 0x0001, 0xFE26, 0x0001, 0xFE6D, 0x0001, 0xFED1, 0x0001,
    0xF6AE, 0x0001, 0xCCE8, 0x0001, 0xA303, 0x0001, 0x9AA2, 0x0001, 0xAB02, 0x0001, 0xAB22, 0x0001,
    0x9262, 0x0001, 0x6161, 0x0001, 0xFF8F, 0x0002, 0xED44, 0x0005, 0x18C5, 0x0021, 0xED44, 0x0004,
    0xFF8F, 0x0002, 0x6161, 0x0001, 0xAAE3, 0x0001, 0xA323, 0x0001, 0x69A2, 0x0001, 0x71A1, 0x0001,
    0xC3C3, 0x0001, 0xF522, 0x0001, 0xFE07, 0x0001, 0xFEF1, 0x0001, 0xFEAF, 0x0001, 0xFE25, 0x0001,
    0xFE84, 0x0001, 0xF5E6, 0x0001, 0xA323, 0x0001, 0x5901, 0x0001, 0x6142, 0x0001, 0xC3A2, 0x0001,
    0xCC23, 0x0001, 0x39A3, 0x0001, 0x0003, 0x0001, 0xFF8F, 0x0001, 0x5203, 0x0001, 0x59E3, 0x0001,
    0x69A2, 0x0001, 0x9242, 0x0001, 0xBBA2, 0x0001, 0xE4C3, 0x0001, 0xD463, 0x0001, 0xB362, 0x0001,
    0xD462, 0x0001, 0xFE67, 0x0001, 0xFF12, 0x0002, 0xFEA6, 0x0001, 0xCC41, 0x0001, 0x9AC3, 0x0001,
    0xC423, 0x0001, 0xF563, 0x0001, 0xE4A3, 0x0001, 0xAAE2, 0x0001, 0x6141, 0x0001, 0xFF8F, 0x0002,
    0xED44, 0x0005, 0x18C5, 0x0021, 0xED44, 0x0004, 0xFF8F, 0x0002, 0x5901, 0x0001, 0xCC44, 0x0001,
    0xF5C5, 0x0001, 0x8AC3, 0x0001, 0x50E1, 0x0001, 0x9262, 0x0001, 0xBBA2, 0x0001, 0xE4C3, 0x0001,
    0xFE27, 0x0001, 0xFE88, 0x0001, 0xFE25, 0x0001, 0xFE65, 0x0001, 0xFE26, 0x0001, 0xDCA3, 0x0001,
    0x9AA2, 0x0001, 0x79E2, 0x0001, 0xCBC3, 0x0001, 0xC423, 0x0001, 0x41A3, 0x0001, 0x0003, 0x0001,
    0xFF8F, 0x0001, 0x51E3, 0x0001, 0x6A23, 0x0001, 0x8A63, 0x0001, 0x7981, 0x0001, 0x79E2, 0x0001,
    0xED65, 0x0001, 0xED85, 0x0001, 0x8222, 0x0001, 0xA323, 0x0001, 0xFE86, 0x0001, 0xFEC9, 0x0001,
    0xFE48, 0x0001, 0xFE66, 0x0001, 0xFE25, 0x0001, 0xFE06, 0x0001, 0xFE46, 0x0001, 0xFDE5, 0x0001,
    0xDC63, 0x0001, 0xA2A2, 0x0001, 0x6161, 0x0001, 0xFF8F, 0x0002, 0xED44, 0x0005, 0x18C5, 0x0021,
    0xED44, 0x0004, 0xFF8F, 0x0001, 0xA2C2, 0x0001, 0x6141, 0x0001, 0xC3E3, 0x0001, 0xFE05, 0x0001,
    0xCC43, 0x0001, 0x7A02, 0x0001, 0x79C2, 0x0001, 0x8A43, 0x0001, 0xB362, 0x0001, 0xDC82, 0x0001,
    0xF583, 0x0001, 0xFE06, 0x0002, 0xED44, 0x0001, 0xCC03, 0x0001, 0xB343, 0x0001, 0xAB23, 0x0001,
    0xC362, 0x0001, 0xA2E2, 0x0001, 0x4163, 0x0001, 0x18C5, 0x0001, 0xFF8F, 0x0001, 0x18C5, 0x0001,
    0x6A23, 0x0001, 0x7A43, 0x0001, 0x6982, 0x0001, 0x6962, 0x0001, 0xBBE4, 0x0001, 0xB3E4, 0x0001,
    0x6162, 0x0001, 0x92A3, 0x0001, 0xF5C4, 0x0001, 0xFE03, 0x0001, 0xED23, 0x0001, 0xDCC5, 0x0001,
    0xC465, 0x0001, 0xCCA4, 0x0001, 0xDD25, 0x0001, 0xF544, 0x0001, 0xDC63, 0x0001, 0x9AC2, 0x0001,
    0x6141, 0x0001, 0x58E2, 0x0001, 0xFF8F, 0x0001, 0xED44, 0x0005, 0x18C5, 0x001E, 0xED44, 0x0001,
    0x18C5, 0x0002, 0xED44, 0x0003, 0xFF8F, 0x0001, 0xE4A3, 0x0001, 0xCBE3, 0x0001, 0x71C2, 0x0001,
    0x8242, 0x0001, 0xCC22, 0x0001, 0xDC83, 0x0001, 0xBBA3, 0x0001, 0x9283, 0x0001, 0x79E3, 0x0001,
    0x8A62, 0x0001, 0xB362, 0x0001, 0xED24, 0x0001, 0xFE26, 0x0001, 0xF564, 0x0001, 0xBB82, 0x0001,
    0x8A22, 0x0001, 0xA303, 0x0001, 0xD423, 0x0001, 0xA2E2, 0x0001, 0x5921, 0x0001, 0x18C5, 0x0001,
    0xFF8F, 0x0003, 0x18C5, 0x0001, 0x49A2, 0x0001, 0x7A43, 0x0001, 0x9263, 0x0001, 0x79C2, 0x0001,
    0x5921, 0x0001, 0x6141, 0x0001, 0x9AA2, 0x0001, 0xCC22, 0x0001, 0xDC43, 0x0001, 0xBB83, 0x0001,
    0x9263, 0x0001, 0x6142, 0x0001, 0x6981, 0x0001, 0xB342, 0x0001, 0xE483, 0x0001, 0xD423, 0x0001,
    0x92A2, 0x0001, 0x6962, 0x0001, 0x71A2, 0x0001, 0x71A1, 0x0001, 0xFF8F, 0x0001, 0xED44, 0x0005,
    0x18C5, 0x001C, 0xED44, 0x0006, 0xFF8F, 0x0002, 0xE4A3, 0x0001, 0xE463, 0x0001, 0x8A02, 0x0001,
    0x5961, 0x0001, 0x7242, 0x0001, 0x9AE3, 0x0001, 0xC3A3, 0x0001, 0xCC03, 0x0001, 0x9282, 0x0001,
    0x8203, 0x0001, 0xCC44, 0x0001, 0xFEA6, 0x0001, 0xFEC6, 0x0001, 0xD4A4, 0x0001, 0x8A42, 0x0001,
    0x6962, 0x0001, 0xAB03, 0x0001, 0xDC83, 0x0001, 0x7AA3, 0x0001, 0x0822, 0x0001, 0xFF8F, 0x0002,
    0xED44, 0x0001, 0xFF8F, 0x0002, 0x3962, 0x0001, 0x8B03, 0x0001, 0xBB83, 0x0001, 0x7161, 0x0001,
    0x4861, 0x0001, 0x79E2, 0x0001, 0x9AA3, 0x0001, 0x9262, 0x0001, 0x8222, 0x0001, 0x6961, 0x0001,
    0x58E1, 0x0001, 0x6941, 0x0001, 0xA2E2, 0x0001, 0xDCE4, 0x0002, 0xA303, 0x0001, 0x8202, 0x0001,
    0x8A42, 0x0001, 0xAB02, 0x0001, 0xA2C2, 0x0001, 0x71A2, 0x0001, 0xFF8F, 0x0001, 0xED44, 0x0004,
    0x18C5, 0x001C, 0xED44, 0x0006, 0xFF8F, 0x0002, 0xDC43, 0x0001, 0xC3A2, 0x0001, 0x69A2, 0x0001,
    0x4122, 0x0001, 0x51C3, 0x0001, 0x69A3, 0x0001, 0x9262, 0x0001, 0xBBA2, 0x0001, 0xAB22, 0x0001,
    0xA303, 0x0001, 0xE525, 0x0001, 0xF686, 0x0001, 0xEDA5, 0x0001, 0xAB64, 0x0001, 0x79E2, 0x0001,
    0x8A63, 0x0001, 0xC382, 0x0001, 0xC3A2, 0x0001, 0x6A43, 0x0001, 0x10C3, 0x0001, 0xFF8F, 0x0002,
    0xED44, 0x0001, 0xFF8F, 0x0002, 0x4183, 0x0001, 0xA343, 0x0001, 0xDC63, 0x0001, 0xB383, 0x0001,
    0x8263, 0x0001, 0x8223, 0x0001, 0x9283, 0x0001, 0x92A3, 0x0001, 0x8242, 0x0001, 0x79E2, 0x0001,
    0x8283, 0x0001, 0xB383, 0x0001, 0xED44, 0x0001, 0xFEC6, 0x0001, 0xE586, 0x0001, 0x9263, 0x0001,
    0x6942, 0x0001, 0x9AA3, 0x0001, 0xE4C3, 0x0001, 0xD443, 0x0001, 0x79E2, 0x0001, 0xFF8F, 0x0002,
    0xED44, 0x0004, 0x18C5, 0x001B, 0xED44, 0x0006, 0xFF8F, 0x0001, 0x9A83, 0x0001, 0xDC02, 0x0001,
    0xA342, 0x0001, 0x2902, 0x0001, 0x3923, 0x0001, 0x8243, 0x0001, 0x79E2, 0x0001, 0x6162, 0x0001,
    0x71C2, 0x0001, 0xA302, 0x0001, 0xD443, 0x0001, 0xDCA3, 0x0001, 0xC3E3, 0x0001, 0xA2E3, 0x0001,
    0x79E3, 0x0001, 0x8A43, 0x0001, 0xC3E3, 0x0001, 0xC3A2, 0x0001, 0x8202, 0x0001, 0x61C2, 0x0001,
    0x49C3, 0x0001, 0xFF8F, 0x0002, 0xED44, 0x0001, 0xFF8F, 0x0002, 0x4182, 0x0001, 0x92E3, 0x0001,
    0xDC83, 0x0001, 0xFE25, 0x0001, 0xCCE5, 0x0001, 0x7A02, 0x0001, 0x8A22, 0x0001, 0xCC03, 0x0001,
    0xCC02, 0x0001, 0xCC43, 0x0001, 0xED85, 0x0001, 0xF5E6, 0x0001, 0xFE05, 0x0001, 0xFEA6, 0x0001,
    0xE565, 0x0001, 0x92A3, 0x0001, 0x58E1, 0x0001, 0x8242, 0x0001, 0xF5A5, 0x0001, 0xED45, 0x0001,
    0x71C2, 0x0001, 0xFF8F, 0x0002, 0xED44, 0x0004, 0x18C5, 0x001A, 0xED44, 0x0006, 0xFF8F, 0x0002,
    0x8A23, 0x0001, 0xFD24, 0x0001, 0xCCC4, 0x0001, 0x2103, 0x0001, 0x38C2, 0x0001, 0x9A42, 0x0001,
    0x79A2, 0x0001, 0x48C1, 0x0001, 0x5101, 0x0001, 0x7A02, 0x0001, 0xB382, 0x0001, 0xDC42, 0x0001,
    0xAB02, 0x0001, 0x6122, 0x0001, 0x8202, 0x0001, 0xC3C3, 0x0001, 0xBBA2, 0x0001, 0x7222, 0x0001,
    0x2882, 0x0001, 0x28E3, 0x0001, 0x4182, 0x0001, 0xFF8F, 0x0002, 0xED44, 0x0001, 0xFF8F, 0x0002,
    0x18C5, 0x0001, 0x6A02, 0x0001, 0x9B23, 0x0001, 0xF5E5, 0x0001, 0xED44, 0x0001, 0x71E2, 0x0001,
    0x81E2, 0x0001, 0xCBC3, 0x0001, 0xB362, 0x0001, 0xBBC3, 0x0001, 0xFDC5, 0x0001, 0xFEC6, 0x0001,
    0xFEA6, 0x0001, 0xFE05, 0x0001, 0xD463, 0x0001, 0x8A42, 0x0001, 0x4861, 0x0001, 0x71C2, 0x0001,
    0xF5E6, 0x0001, 0xF5C6, 0x0001, 0x71C2, 0x0001, 0xFF8F, 0x0002, 0xED44, 0x0004, 0x18C5, 0x001A,
    0xED44, 0x0006, 0xFF8F, 0x0002, 0x79E2, 0x0001, 0xED45, 0x0001, 0xEDC6, 0x0001, 0x72A3, 0x0001,
    0x4922, 0x0001, 0x6982, 0x0001, 0x71A2, 0x0001, 0x71C2, 0x0001, 0x71A2, 0x0001, 0x5901, 0x0001,
    0x71A2, 0x0001, 0xC3C2, 0x0001, 0xB362, 0x0001, 0x71A2, 0x0001, 0xA302, 0x0001, 0xCC03, 0x0001,
    0x8A22, 0x0001, 0x40E2, 0x0001, 0x18E3, 0x0001, 0x10E3, 0x0001, 0x18A2, 0x0001, 0xFF8F, 0x0002,
    0xED44, 0x0002, 0xFF8F, 0x0002, 0x18C5, 0x0001, 0x51C3, 0x0001, 0xB383, 0x0001, 0xC382, 0x0001,
    0x71C2, 0x0001, 0x69A2, 0x0001, 0x8223, 0x0001, 0x6962, 0x0001, 0x71A1, 0x0001, 0xBB82, 0x0001,
    0xED64, 0x0001, 0xFDE6, 0x0001, 0xE4E4, 0x0001, 0xAB02, 0x0001, 0x71A2, 0x0001, 0x50C1, 0x0001,
    0x8242, 0x0001, 0xF5C5, 0x0001, 0xED45, 0x0001, 0x71C2, 0x0001, 0xFF8F, 0x0002, 0xED44, 0x0004,
    0x18C5, 0x001A, 0xED44, 0x0006, 0xFF8F, 0x0002, 0xBBA2, 0x0001, 0xAB23, 0x0001, 0xB3C4, 0x0001,
    0xDD45, 0x0001, 0x7B04, 0x0001, 0x28E2, 0x0001, 0x8AA2, 0x0001, 0xC3A2, 0x0001, 0x8202, 0x0001,
    0x50E2, 0x0001, 0x5901, 0x0001, 0x8A42, 0x0001, 0xBB83, 0x0001, 0xBBA2, 0x0001, 0xA322, 0x0001,
    0x8222, 0x0001, 0x6961, 0x0001, 0x8202, 0x0001, 0x92E3, 0x0001, 0x6A63, 0x0001, 0x3122, 0x0001,
    0xFF8F, 0x0002, 0xED44, 0x0003, 0xFF8F, 0x0002, 0x49A3, 0x0001, 0x7202, 0x0001, 0x81E1, 0x0001,
    0x71A1, 0x0001, 0x4122, 0x0001, 0x28E3, 0x0001, 0x4102, 0x0001, 0x6941, 0x0001, 0x79E1, 0x0001,
    0x9AE3, 0x0001, 0xB384, 0x0001, 0xB343, 0x0001, 0x8A22, 0x0001, 0x6162, 0x0001, 0x7A02, 0x0001,
    0xC3C3, 0x0001, 0xED24, 0x0001, 0xC403, 0x0001, 0x6162, 0x0001, 0x5901, 0x0001, 0x71A2, 0x0001,
    0xFF8F, 0x0001, 0xED44, 0x0003, 0x18C5, 0x0001, 0xED44, 0x0002, 0x18C5, 0x0017, 0xED44, 0x0006,
    0xFF8F, 0x0002, 0xC3C2, 0x0001, 0x6941, 0x0001, 0x7A02, 0x0001, 0xFE25, 0x0001, 0xA404, 0x0001,
    0x1882, 0x0001, 0x8282, 0x0001, 0xDC23, 0x0001, 0xAB23, 0x0001, 0x9282, 0x0001, 0x8242, 0x0001,
    0x71A2, 0x0001, 0x9AA3, 0x0001, 0xC3C2, 0x0001, 0x9AA2, 0x0001, 0x50E1, 0x0001, 0x3882, 0x0001,
    0x92A2, 0x0001, 0xECA3, 0x0001, 0xABA3, 0x0001, 0x4183, 0x0001, 0xFF8F, 0x0002, 0xED44, 0x0003,
    0xFF8F, 0x0002, 0x51E3, 0x0001, 0x69C2, 0x0001, 0x7182, 0x0001, 0x7162, 0x0001, 0x4102, 0x0001,
    0x28E2, 0x0001, 0x5982, 0x0001, 0x79C2, 0x0001, 0x6142, 0x0001, 0x6962, 0x0001, 0x79C2, 0x0001,
    0x8203, 0x0001, 0x71A2, 0x0001, 0x6981, 0x0001, 0xAB22, 0x0001, 0xDC83, 0x0001, 0xCBE2, 0x0001,
    0xA2C2, 0x0001, 0x8222, 0x0001, 0x81E2, 0x0001, 0x6981, 0x0001, 0xFF8F, 0x0002, 0xED44, 0x0006,
    0x18C5, 0x0016, 0xED44, 0x0006, 0xFF8F, 0x0002, 0x71C2, 0x0001, 0x5901, 0x0001, 0x8222, 0x0001,
    0xDC63, 0x0001, 0xAB63, 0x0001, 0x5101, 0x0001, 0x5921, 0x0001, 0x9AA2, 0x0001, 0xCBE2, 0x0001,
    0xE483, 0x0001, 0xC3C2, 0x0001, 0x7A02, 0x0001, 0x6142, 0x0001, 0x71C2, 0x0001, 0x8A01, 0x0001,
    0x5942, 0x0001, 0x0842, 0x0001, 0x51E3, 0x0001, 0xD463, 0x0001, 0xA383, 0x0001, 0x3963, 0x0001,
    0xFF8F, 0x0002, 0xED44, 0x0003, 0xFF8F, 0x0002, 0x51C2, 0x0001, 0x7A43, 0x0001, 0x9242, 0x0001,
    0x8202, 0x0001, 0x6982, 0x0001, 0x69A2, 0x0001, 0x8222, 0x0002, 0x6982, 0x0001, 0x71A2, 0x0001,
    0x8202, 0x0001, 0x71C2, 0x0001, 0x6121, 0x0001, 0x6981, 0x0001, 0xB342, 0x0001, 0xCC03, 0x0001,
    0x8A42, 0x0002, 0xC3C2, 0x0001, 0xA2E2, 0x0001, 0x6141, 0x0001, 0xFF8F, 0x0002, 0xED44, 0x0006,
    0x18C5, 0x0016, 0xED44, 0x0006, 0xFF8F, 0x0002, 0x6941, 0x0001, 0x9262, 0x0001, 0xA302, 0x0001,
    0xA2A2, 0x0001, 0xB2E2, 0x0001, 0x9AA2, 0x0001, 0x4102, 0x0001, 0x3922, 0x0001, 0x8AE3, 0x0001,
    0xBBC3, 0x0001, 0xB302, 0x0001, 0x81E1, 0x0001, 0x6162, 0x0001, 0x5162, 0x0001, 0x38E2, 0x0001,
    0x30E2, 0x0001, 0x5A03, 0x0001, 0x8B03, 0x0001, 0xA2E2, 0x0001, 0x9262, 0x0001, 0x5182, 0x0001,
    0xFF8F, 0x0002, 0xED44, 0x0003, 0xFF8F, 0x0002, 0x5A03, 0x0001, 0x69C2, 0x0001, 0xA2E3, 0x0001,
    0xDCC5, 0x0001, 0x8B03, 0x0001, 0x2861, 0x0001, 0x5962, 0x0001, 0x8A22, 0x0001, 0x79A1, 0x0001,
    0x9AA2, 0x0001, 0xB363, 0x0001, 0x9AA2, 0x0001, 0x4902, 0x0001, 0x28A2, 0x0001, 0x9302, 0x0001,
    0xCC03, 0x0001, 0x4102, 0x0001, 0x4982, 0x0001, 0xDC83, 0x0001, 0xC3A2, 0x0001, 0x5921, 0x0001,
    0xFF8F, 0x0002, 0xED44, 0x0006, 0x18C5, 0x0016, 0xED44, 0x0006, 0xFF8F, 0x0002, 0x69A2, 0x0001,
    0xCC03, 0x0001, 0xBBC2, 0x0001, 0x6162, 0x0001, 0x9AA2, 0x0001, 0xCC43, 0x0001, 0x51E3, 0x0001,
    0x0883, 0x0001, 0x4183, 0x0001, 0x59A2, 0x0001, 0x6141, 0x0001, 0x6162, 0x0001, 0x69A2, 0x0001,
    0x51C2, 0x0001, 0x18E3, 0x0001, 0x3143, 0x0001, 0xB3A3, 0x0001, 0xC382, 0x0001, 0x6162, 0x0001,
    0x6142, 0x0001, 0x6982, 0x0001, 0xFF8F, 0x0002, 0xED44, 0x0003, 0xFF8F, 0x0002, 0x51C3, 0x0001,
    0x5101, 0x0001, 0x9AA2, 0x0001, 0xFDE5, 0x0001, 0xA445, 0x0001, 0x18E3, 0x0001, 0x4102, 0x0001,
    0x6961, 0x0001, 0x5941, 0x0001, 0x9AE2, 0x0001, 0xD423, 0x0001, 0xBB43, 0x0001, 0x5163, 0x0001,
    0x18C3, 0x0001, 0x82E3, 0x0001, 0xC3E3, 0x0001, 0x3963, 0x0001, 0x41A3, 0x0001, 0xC3E3, 0x0001,
    0xB322, 0x0001, 0x5921, 0x0001, 0xFF8F, 0x0002, 0xED44, 0x0006, 0x18C5, 0x0016, 0xED44, 0x0006,
    0xFF8F, 0x0002, 0x3943, 0x0001, 0xCC23, 0x0001, 0xBBC3, 0x0001, 0x1882, 0x0001, 0x6A23, 0x0001,
    0xE4A3, 0x0001, 0x8282, 0x0001, 0x38C2, 0x0001, 0x5142, 0x0001, 0x3902, 0x0001, 0x20C2, 0x0001,
    0x3943, 0x0001, 0x4922, 0x0001, 0x48E1, 0x0001, 0x7A42, 0x0001, 0xAB83, 0x0001, 0xBB22, 0x0001,
    0x71E2, 0x0001, 0x28E3, 0x0001, 0x28C2, 0x0001, 0x18C5, 0x0001, 0xFF8F, 0x0002, 0xED44, 0x0003,
    0xFF8F, 0x0002, 0x18C5, 0x0001, 0x6981, 0x0001, 0x79A1, 0x0001, 0x8242, 0x0001, 0xBC65, 0x0001,
    0xCD25, 0x0001, 0x8AA3, 0x0001, 0x3041, 0x0001, 0x1042, 0x0001, 0x6203, 0x0001, 0xAB23, 0x0001,
    0x9242, 0x0001, 0x7A02, 0x0001, 0x92E2, 0x0001, 0xA323, 0x0001, 0xA2E3, 0x0001, 0x9303, 0x0001,
    0x9B43, 0x0001, 0xA303, 0x0001, 0x9A82, 0x0001, 0x18C5, 0x0001, 0xFF8F, 0x0002, 0xED44, 0x0006,
    0x18C5, 0x0016, 0xED44, 0x0006, 0xFF8F, 0x0002, 0x10C3, 0x0001, 0x9B02, 0x0001, 0xAB42, 0x0001,
    0x49A3, 0x0001, 0x6A43, 0x0001, 0xB362, 0x0001, 0x9242, 0x0001, 0x7182, 0x0001, 0x79A1, 0x0001,
    0x4102, 0x0001, 0x18C3, 0x0001, 0x5A03, 0x0001, 0x8AE3, 0x0001, 0x9AE3, 0x0001, 0xCBE3, 0x0001,
    0xBBA2, 0x0001, 0x69A2, 0x0001, 0x2082, 0x0001, 0x10A3, 0x0001, 0x18C5, 0x0001, 0xFF8F, 0x0002,
    0xED44, 0x0005, 0xFF8F, 0x0002, 0x5142, 0x0001, 0x6162, 0x0001, 0x6961, 0x0001, 0xBBC3, 0x0001,
    0xED65, 0x0001, 0xC3A3, 0x0001, 0x69C2, 0x0001, 0x3963, 0x0001, 0x51A3, 0x0001, 0x7182, 0x0001,
    0x40C2, 0x0001, 0x7A42, 0x0001, 0xECA3, 0x0001, 0xAB02, 0x0001, 0x79C2, 0x0001, 0xDC42, 0x0001,
    0xEC83, 0x0001, 0x8A23, 0x0001, 0x18C5, 0x0001, 0xFF8F, 0x0002, 0xED44, 0x0003, 0x18C5, 0x0001,
    0xED44, 0x0002, 0x18C5, 0x0017, 0xED44, 0x0006, 0xFF8F, 0x0002, 0x18C5, 0x0001, 0x6141, 0x0001,
    0x9A82, 0x0001, 0xBBC3, 0x0001, 0x9B02, 0x0001, 0x69A2, 0x0001, 0x79E2, 0x0001, 0x8A22, 0x0001,
    0x71A2, 0x0001, 0x5901, 0x0001, 0x6162, 0x0001, 0xA302, 0x0001, 0xF544, 0x0001, 0xFE26, 0x0001,
    0xBC44, 0x0001, 0x4982, 0x0001, 0x20E3, 0x0001, 0x10A3, 0x0001, 0x18C5, 0x0001, 0xFF8F, 0x0002,
    0xED44, 0x0006, 0xFF8F, 0x0002, 0x0023, 0x0001, 0x49A3, 0x0001, 0xBBC3, 0x0001, 0xAB22, 0x0001,
    0x71C2, 0x0001, 0xAB22, 0x0001, 0xDC83, 0x0001, 0xC403, 0x0001, 0x9AA2, 0x0001, 0x5102, 0x0001,
    0x0842, 0x0001, 0x5203, 0x0001, 0xD443, 0x0001, 0x9AC2, 0x0001, 0x6162, 0x0001, 0xC3E3, 0x0001,
    0xD423, 0x0001, 0x79C2, 0x0001, 0xFF8F, 0x0002, 0xED44, 0x0004, 0x18C5, 0x001B, 0xED44, 0x0006,
    0xFF8F, 0x0002, 0x1002, 0x0001, 0x7202, 0x0001, 0xF4A1, 0x0001, 0xC361, 0x0001, 0x6941, 0x0001,
    0xAB03, 0x0001, 0x9B03, 0x0001, 0x3922, 0x0001, 0x69E2, 0x0001, 0xC362, 0x0001, 0xB302, 0x0001,
    0xB3A3, 0x0001, 0xB485, 0x0001, 0x6AC4, 0x0001, 0x10A3, 0x0001, 0x0063, 0x0001, 0x18C5, 0x0001,
    0xFF8F, 0x0002, 0xED44, 0x0007, 0xFF8F, 0x0002, 0x18C5, 0x0001, 0x4183, 0x0001, 0xA323, 0x0001,
    0xC362, 0x0001, 0x9262, 0x0001, 0x6A23, 0x0001, 0x9343, 0x0001, 0xF4C3, 0x0001, 0xEC83, 0x0001,
    0x92C2, 0x0001, 0x4142, 0x0001, 0x4942, 0x0001, 0x9AA2, 0x0001, 0xC362, 0x0001, 0xAB22, 0x0001,
    0x8281, 0x0001, 0x69E1, 0x0001, 0x6981, 0x0001, 0xFF8F, 0x0002, 0xED44, 0x0004, 0x18C5, 0x001B,
    0xED44, 0x0006, 0xFF8F, 0x0002, 0x0002, 0x0001, 0x41A3, 0x0001, 0xB3C4, 0x0001, 0x9AC3, 0x0001,
    0x6182, 0x0001, 0xBB82, 0x0001, 0x9B43, 0x0001, 0x20C3, 0x0001, 0x6242, 0x0001, 0xCC02, 0x0001,
    0x8A22, 0x0001, 0x4902, 0x0001, 0x4962, 0x0001, 0x3123, 0x0001, 0x10A2, 0x0001, 0x18C5, 0x0001,
    0xFF8F, 0x0002, 0xED44, 0x0009, 0xFF8F, 0x0002, 0x18C5, 0x0001, 0x50E1, 0x0001, 0xB322, 0x0001,
    0xC403, 0x0001, 0x3962, 0x0001, 0x20C2, 0x0001, 0xA342, 0x0001, 0xE4A2, 0x0001, 0xC3C2, 0x0001,
    0x9262, 0x0001, 0x58E1, 0x0001, 0x5101, 0x0001, 0xAB22, 0x0001, 0xBBE3, 0x0001, 0x41A4, 0x0001,
    0x0004, 0x0001, 0x18C5, 0x0001, 0xFF8F, 0x0002, 0xED44, 0x0004, 0x18C5, 0x001B, 0xED44, 0x0006,
    0xFF8F, 0x0002, 0x0820, 0x0001, 0x2125, 0x0001, 0x528D, 0x0001, 0x31AA, 0x0001, 0x20A1, 0x0001,
    0x71E1, 0x0001, 0x9263, 0x0001, 0x6182, 0x0001, 0x4961, 0x0001, 0x49A1, 0x0001, 0x51A2, 0x0001,
    0x61A2, 0x0001, 0x6161, 0x0001, 0x4902, 0x0001, 0x18C5, 0x0001, 0xFF8F, 0x0002, 0xED44, 0x0003,
    0x18C5, 0x0003, 0xED44, 0x0005, 0xFF8F, 0x0002, 0x18C5, 0x0001, 0x51C3, 0x0001, 0x51E2, 0x0001,
    0x5941, 0x0001, 0x40E0, 0x0001, 0x3941, 0x0001, 0x69E1, 0x0001, 0x9A40, 0x0001, 0x9201, 0x0001,
    0x5122, 0x0001, 0x1882, 0x0001, 0x28E0, 0x0001, 0x49C3, 0x0001, 0x29CC, 0x0001, 0x0970, 0x0001,
    0xFF8F, 0x0002, 0xED44, 0x0004, 0x18C5, 0x001C, 0xED44, 0x0006, 0xFF8F, 0x0002, 0x2104, 0x0001,
    0x196B, 0x0001, 0x11D3, 0x0001, 0x21CD, 0x0001, 0x3142, 0x0001, 0x38E0, 0x0001, 0x5100, 0x0001,
    0x6140, 0x0001, 0x28E4, 0x0001, 0x00A7, 0x0001, 0x2944, 0x0001, 0x59C2, 0x0001, 0x6182, 0x0001,
    0x18C5, 0x0001, 0xFF8F, 0x0002, 0xED44, 0x0004, 0x18C5, 0x0003, 0xED44, 0x0006, 0xFF8F, 0x0002,
    0x18C5, 0x0001, 0x0863, 0x0001, 0x5985, 0x0001, 0x59C6, 0x0001, 0x08C7, 0x0001, 0x18E7, 0x0001,
    0x5145, 0x0001, 0x5122, 0x0001, 0x4941, 0x0001, 0x3963, 0x0001, 0x10C4, 0x0001, 0x08C9, 0x0001,
    0x2A32, 0x0001, 0x3A94, 0x0001, 0xFF8F, 0x0002, 0xED44, 0x0004, 0x18C5, 0x001C, 0xED44, 0x0006,
    0xFF8F, 0x0002, 0x2A10, 0x0001, 0x2233, 0x0001, 0x19F3, 0x0001, 0x62AC, 0x0001, 0x8AC4, 0x0001,
    0x4162, 0x0001, 0x0841, 0x0001, 0x1881, 0x0001, 0x218B, 0x0001, 0x21F0, 0x0001, 0x1927, 0x0001,
    0x18A1, 0x0001, 0x18C3, 0x0001, 0xFF8F, 0x0002, 0xED44, 0x0005, 0x18C5, 0x0004, 0xED44, 0x0006,
    0xFF8F, 0x0002, 0x18C3, 0x0001, 0x29AC, 0x0001, 0x2A32, 0x0001, 0x21F0, 0x0001, 0x2A12, 0x0001,
    0x29CF, 0x0001, 0x10C6, 0x0001, 0x4140, 0x0001, 0x8AC4, 0x0001, 0x62AB, 0x0001, 0x19F2, 0x0001,
    0x2234, 0x0001, 0x2A31, 0x0001, 0xFF8F, 0x0002, 0xED44, 0x0004, 0x18C5, 0x001C, 0xED44, 0x0006,
    0xFF8F, 0x0002, 0x3252, 0x0001, 0x2A75, 0x0001, 0x2212, 0x0001, 0x72EA, 0x0001, 0xA345, 0x0001,
    0x4A08, 0x0001, 0x010B, 0x0001, 0x114A, 0x0001, 0x2A10, 0x0001, 0x2A31, 0x0001, 0x1927, 0x0001,
    0x0860, 0x0001, 0x18C5, 0x0001, 0xFF8F, 0x0002, 0xED44, 0x0005, 0x18C5, 0x0004, 0xED44, 0x0006,
    0xFF8F, 0x0002, 0x18C5, 0x0001, 0x2212, 0x0001, 0x2276, 0x0001, 0x2A53, 0x0002, 0x2212, 0x0001,
    0x014E, 0x0001, 0x41E7, 0x0001, 0xA344, 0x0001, 0x730C, 0x0001, 0x2234, 0x0001, 0x2A54, 0x0001,
    0x320F, 0x0001, 0xFF8F, 0x0002, 0xED44, 0x0004, 0x18C5, 0x001C, 0xED44, 0x0006, 0xFF8F, 0x0002,
    0x21F0, 0x0001, 0x2214, 0x0001, 0x2213, 0x0001, 0x62AA, 0x0001, 0x9305, 0x0001, 0x528D, 0x0001,
    0x1A14, 0x0001, 0x2232, 0x0001, 0x2A54, 0x0001, 0x29F0, 0x0001, 0x2126, 0x0001, 0x1880, 0x0001,
    0xFF8F, 0x0002, 0xED44, 0x0005, 0x18C5, 0x0009, 0xED44, 0x0003, 0xFF8F, 0x0002, 0x29EF, 0x0001,
    0x2A32, 0x0002, 0x2A11, 0x0002, 0x1A13, 0x0001, 0x528E, 0x0001, 0x9305, 0x0001, 0x6289, 0x0001,
    0x2212, 0x0001, 0x2234, 0x0001, 0x2A11, 0x0001, 0xFF8F, 0x0002, 0xED44, 0x0004, 0x18C5, 0x001C,
    0xED44, 0x0006, 0xFF8F, 0x0002, 0x0971, 0x0001, 0x11D4, 0x0001, 0x2213, 0x0001, 0x72CA, 0x0001,
    0x9325, 0x0001, 0x528D, 0x0001, 0x1A14, 0x0001, 0x1A13, 0x0001, 0x2A55, 0x0001, 0x2A11, 0x0001,
    0x2147, 0x0001, 0x1080, 0x0001, 0xFF8F, 0x0002, 0xED44, 0x0005, 0x18C5, 0x0009, 0xED44, 0x0003,
    0xFF8F, 0x0002, 0x18C4, 0x0001, 0x216A, 0x0001, 0x2A32, 0x0001, 0x3253, 0x0001, 0x2A11, 0x0001,
    0x2213, 0x0001, 0x528D, 0x0001, 0x9305, 0x0001, 0x6AA9, 0x0001, 0x2233, 0x0001, 0x2235, 0x0001,
    0x2212, 0x0001, 0xFF8F, 0x0002, 0xED44, 0x0004, 0x18C5, 0x001C, 0xED44, 0x0006, 0xFF8F, 0x0002,
    0x83EF, 0x0001, 0x5B73, 0x0001, 0x19F3, 0x0001, 0x520A, 0x0001, 0x8AC4, 0x0001, 0x422D, 0x0001,
    0x19F2, 0x0001, 0x424D, 0x0001, 0x422D, 0x0001, 0x198C, 0x0001, 0x1906, 0x0001, 0x18C5, 0x0001,
    0xFF8F, 0x0002, 0xED44, 0x0005, 0x18C5, 0x0009, 0xED44, 0x0003, 0xFF8F, 0x0002, 0x1060, 0x0001,
    0x18E4, 0x0001, 0x218B, 0x0001, 0x2211, 0x0001, 0x19F3, 0x0001, 0x0193, 0x0001, 0x422C, 0x0001,
    0x9305, 0x0001, 0x5A6B, 0x0001, 0x11B3, 0x0001, 0x3A30, 0x0001, 0x524B, 0x0001, 0xFF8F, 0x0002,
    0xED44, 0x0004, 0x18C5, 0x001C, 0xED44, 0x0006, 0xFF8F, 0x0002, 0xFEAA, 0x0001, 0xCD8F, 0x0001,
    0x3272, 0x0001, 0x49EA, 0x0001, 0x9305, 0x0001, 0x3A2E, 0x0001, 0x3A50, 0x0001, 0x8B07, 0x0001,
    0x6223, 0x0001, 0x08A3, 0x0001, 0x18C5, 0x0001, 0xFF8F, 0x0002, 0xED44, 0x0006, 0x18C5, 0x0009,
    0xED44, 0x0003, 0xFF8F, 0x0002, 0x10C3, 0x0001, 0x18C2, 0x0002, 0x216A, 0x0001, 0x2213, 0x0001,
    0x11D4, 0x0001, 0x4A4C, 0x0001, 0x9305, 0x0001, 0x526B, 0x0001, 0x2211, 0x0001, 0x7AE9, 0x0001,
    0xA322, 0x0001, 0xFF8F, 0x0002, 0xED44, 0x0004, 0x18C5, 0x001C, 0xED44, 0x0006, 0xFF8F, 0x0001,
    0x31ED, 0x0001, 0xABE7, 0x0001, 0xCCA8, 0x0001, 0xA48E, 0x0001, 0xBD0D, 0x0001, 0xCCE9, 0x0001,
    0x8349, 0x0001, 0x82C7, 0x0001, 0xAB62, 0x0001, 0x6A21, 0x0001, 0x0861, 0x0001, 0xFF8F, 0x0002,
    0xED44, 0x0006, 0x18C5, 0x000A, 0xED44, 0x0003, 0xFF8F, 0x0002, 0x18C5, 0x0001, 0x1082, 0x0001,
    0x1081, 0x0001, 0x3964, 0x0001, 0x7B0A, 0x0001, 0x9C6F, 0x0001, 0x9C2C, 0x0001, 0x9325, 0x0001,
    0x8BAA, 0x0001, 0xACCF, 0x0001, 0xD529, 0x0001, 0xBC48, 0x0001, 0x3A91, 0x0001, 0xFF8F, 0x0001,
    0xED44, 0x0004, 0x18C5, 0x001B, 0xED44, 0x0006, 0xFF8F, 0x0001, 0x1216, 0x0001, 0x2A75, 0x0001,
    0x6AEB, 0x0001, 0xBBE4, 0x0001, 0xED88, 0x0001, 0xFE4B, 0x0001, 0xE589, 0x0001, 0xA3A6, 0x0001,
    0x8AE5, 0x0001, 0x8B06, 0x0001, 0x5205, 0x0001, 0x1083, 0x0001, 0xFF8F, 0x0002, 0xED44, 0x0006,
    0x18C5, 0x000A, 0xED44, 0x0004, 0xFF8F, 0x0002, 0x18C5, 0x0001, 0x10A3, 0x0001, 0x4984, 0x0001,
    0xA366, 0x0001, 0xF5C9, 0x0001, 0xDD28, 0x0001, 0x9B24, 0x0001, 0xB406, 0x0001, 0xFE49, 0x0001,
    0xFEEB, 0x0001, 0xB510, 0x0001, 0x2A53, 0x0001, 0x0112, 0x0001, 0xFF8F, 0x0001, 0xED44, 0x0004,
    0x18C5, 0x001A, 0xED44, 0x0005, 0xFF8F, 0x0001, 0x29AC, 0x0001, 0x1ABA, 0x0001, 0x43FF, 0x0001,
    0xAD54, 0x0001, 0xE526, 0x0001, 0xBBE3, 0x0001, 0xBBA2, 0x0001, 0xABA4, 0x0001, 0x62AB, 0x0001,
    0x3A50, 0x0001, 0x3A4F, 0x0001, 0x2988, 0x0001, 0x10A2, 0x0001, 0xFF8F, 0x0002, 0xED44, 0x0006,
    0x18C5, 0x000A, 0xED44, 0x0005, 0xFF8F, 0x0002, 0x10A2, 0x0001, 0x2169, 0x0001, 0x528D, 0x0001,
    0xA3C8, 0x0001, 0xBBC2, 0x0001, 0x9B02, 0x0001, 0x92C2, 0x0001, 0xCC24, 0x0001, 0xFE6A, 0x0001,
    0xBD30, 0x0001, 0x19F3, 0x0001, 0x0152, 0x0001, 0x320E, 0x0001, 0xFF8F, 0x0001, 0xED44, 0x0003,
    0x18C5, 0x0001, 0xED44, 0x0002, 0x18C5, 0x0017, 0xED44, 0x0004, 0xFF8F, 0x0002, 0x2276, 0x0001,
    0x543F, 0x0001, 0x9DBB, 0x0001, 0xE5CD, 0x0001, 0xCCA7, 0x0001, 0x7B4C, 0x0001, 0x6AEB, 0x0001,
    0x6B0C, 0x0001, 0x3230, 0x0001, 0x11F5, 0x0001, 0x1A15, 0x0001, 0x218B, 0x0001, 0x10A1, 0x0001,
    0xFF8F, 0x0002, 0xED44, 0x0006, 0x18C5, 0x000A, 0xED44, 0x0005, 0xFF8F, 0x0002, 0x18A1, 0x0001,
    0x116D, 0x0001, 0x1A14, 0x0001, 0x4A2C, 0x0001, 0x72A8, 0x0001, 0x83AE, 0x0001, 0x6B4E, 0x0001,
    0x732C, 0x0001, 0xC467, 0x0001, 0xCCA7, 0x0001, 0x7BAF, 0x0001, 0x4359, 0x0001, 0x22B7, 0x0001,
    0xFF8F, 0x0002, 0xED44, 0x0006, 0x18C5, 0x0015, 0xED44, 0x0004, 0xFF8F, 0x0001, 0x29AD, 0x0001,
    0x2A96, 0x0001, 0x3BFF, 0x0001, 0xA5BA, 0x0001, 0xF5EA, 0x0001, 0xCC02, 0x0001, 0x7B0A, 0x0001,
    0x541C, 0x0001, 0x54DF, 0x0001, 0x543D, 0x0001, 0x32B4, 0x0001, 0x21F1, 0x0001, 0x2A32, 0x0001,
    0x218B, 0x0001, 0x10A2, 0x0001, 0xFF8F, 0x0002, 0xED44, 0x0006, 0x18C5, 0x000A, 0xED44, 0x0005,
    0xFF8F, 0x0002, 0x10A2, 0x0001, 0x218B, 0x0001, 0x2A32, 0x0001, 0x21F0, 0x0001, 0x32B4, 0x0001,
    0x543E, 0x0001, 0x54DF, 0x0001, 0x541C, 0x0001, 0x7B0A, 0x0001, 0xC3E1, 0x0001, 0xEDCA, 0x0001,
    0xA5BA, 0x0001, 0x3BFF, 0x0001, 0x2A96, 0x0001, 0x29AD, 0x0001, 0xFF8F, 0x0001, 0xED44, 0x0005,
    0x18C5, 0x0015, 0xED44, 0x0003, 0xFF8F, 0x0001, 0x218F, 0x0001, 0x1A9A, 0x0001, 0x4C3F, 0x0001,
    0xADD9, 0x0001, 0xE58A, 0x0001, 0xCC02, 0x0001, 0x8B6B, 0x0001, 0x53B7, 0x0001, 0x4C5F, 0x0001,
    0x553F, 0x0001, 0x54FF, 0x0001, 0x3B39, 0x0001, 0x21CE, 0x0001, 0x2169, 0x0001, 0x2125, 0x0001,
    0x18C2, 0x0001, 0xFF8F, 0x0002, 0xED44, 0x0006, 0x18C5, 0x000A, 0xED44, 0x0005, 0xFF8F, 0x0002,
    0x18C2, 0x0001, 0x2105, 0x0001, 0x216A, 0x0001, 0x21F1, 0x0001, 0x2277, 0x0001, 0x333B, 0x0001,
    0x447F, 0x0001, 0x54BF, 0x0001, 0x53F7, 0x0001, 0x8B8B, 0x0001, 0xD463, 0x0001, 0xDD6B, 0x0001,
    0x9D57, 0x0001, 0x5C5C, 0x0001, 0x32D8, 0x0001, 0x21AF, 0x0001, 0xFF8F, 0x0001, 0xED44, 0x0005,
    0x18C5, 0x0010, 0xED44, 0x0006, 0xFF8F, 0x0002, 0x3295, 0x0001, 0x4C1F, 0x0001, 0x957B, 0x0001,
    0xEDCC, 0x0001, 0xD443, 0x0001, 0x7AE9, 0x0001, 0x53DA, 0x0001, 0x4CDF, 0x0001, 0x549F, 0x0001,
    0x5C5E, 0x0001, 0x4BDA, 0x0001, 0x3294, 0x0001, 0x216A, 0x0001, 0x18A2, 0x0001, 0x18A1, 0x0001,
    0x10C3, 0x0001, 0xFF8F, 0x0002, 0xED44, 0x0006, 0x18C5, 0x000A, 0xED44, 0x0005, 0xFF8F, 0x0002,
    0x10C3, 0x0001, 0x10A1, 0x0001, 0x18C2, 0x0001, 0x29AC, 0x0001, 0x29CF, 0x0001, 0x21AD, 0x0001,
    0x3AD5, 0x0001, 0x545E, 0x0001, 0x54FF, 0x0001, 0x4BD9, 0x0001, 0x72E9, 0x0001, 0xE4A3, 0x0001,
    0xF64D, 0x0001, 0x7D5F, 0x0001, 0x33DF, 0x0001, 0x3295, 0x0001, 0xFF8F, 0x0002, 0xED44, 0x0004,
    0x18C5, 0x000F, 0xED44, 0x0006, 0xFF8F, 0x0001, 0x29CF, 0x0001, 0x2297, 0x0001, 0x4C1D, 0x0001,
    0xAD97, 0x0001, 0xDD4A, 0x0001, 0xBBE4, 0x0001, 0x7B6C, 0x0001, 0x53FA, 0x0001, 0x443E, 0x0001,
    0x54BF, 0x0001, 0x5D1F, 0x0001, 0x4336, 0x0001, 0x2147, 0x0001, 0x18E4, 0x0001, 0x1905, 0x0001,
    0x18C2, 0x0001, 0x10A1, 0x0001, 0x18C5, 0x0001, 0xFF8F, 0x0002, 0xED44, 0x0006, 0x18C5, 0x000A,
    0xED44, 0x0005, 0xFF8F, 0x0002, 0x18C5, 0x0001, 0x10A1, 0x0001, 0x18C2, 0x0001, 0x1905, 0x0001,
    0x18E4, 0x0002, 0x218C, 0x0001, 0x32F7, 0x0001, 0x4C3E, 0x0001, 0x443E, 0x0001, 0x4BDA, 0x0001,
    0xCD4D, 0x0001, 0xF62C, 0x0001, 0x6CBD, 0x0001, 0x2C1F, 0x0001, 0x4C1D, 0x0001, 0x3AD5, 0x0001,
    0x21D0, 0x0001, 0xFF8F, 0x0001, 0xED44, 0x0004, 0x18C5, 0x000E, 0xED44, 0x0005, 0xFF8F, 0x0002,
    0x3252, 0x0001, 0x2B3C, 0x0001, 0x651F, 0x0001, 0xEED4, 0x0001, 0xFDE3, 0x0001, 0xB341, 0x0001,
    0x6374, 0x0001, 0x553F, 0x0002, 0x5C9F, 0x0001, 0x4397, 0x0001, 0x21AB, 0x0001, 0x0800, 0x0002,
    0x18C2, 0x0001, 0x18C3, 0x0001, 0x18C5, 0x0001, 0xFF8F, 0x0002, 0xED44, 0x0003, 0x18C5, 0x000F,
    0xED44, 0x0005, 0xFF8F, 0x0002, 0x18C5, 0x0001, 0x18C3, 0x0001, 0x18A1, 0x0001, 0x1060, 0x0001,
    0x10A0, 0x0001, 0x10A4, 0x0001, 0x29CE, 0x0001, 0x541D, 0x0001, 0x555F, 0x0001, 0x551F, 0x0001,
    0xA514, 0x0001, 0xDD29, 0x0001, 0xB553, 0x0001, 0x859D, 0x0001, 0x5D1F, 0x0001, 0x3B5A, 0x0001,
    0x3253, 0x0001, 0xFF8F, 0x0002, 0xED44, 0x0003, 0x18C5, 0x000E, 0xED44, 0x0005, 0xFF8F, 0x0002,
    0x29EF, 0x0001, 0x2AB8, 0x0001, 0x547F, 0x0001, 0xCE15, 0x0001, 0xF566, 0x0001, 0xAB62, 0x0001,
    0x6330, 0x0001, 0x549F, 0x0001, 0x551F, 0x0001, 0x4B99, 0x0001, 0x2126, 0x0001, 0x0800, 0x0001,
    0x18C5, 0x0004, 0xFF8F, 0x0002, 0xED44, 0x0004, 0x18C5, 0x000F, 0xED44, 0x0006, 0xFF8F, 0x0002,
    0x18C5, 0x0004, 0x0800, 0x0001, 0x1926, 0x0001, 0x4B99, 0x0001, 0x551F, 0x0001, 0x549F, 0x0001,
    0x6B30, 0x0001, 0xAB62, 0x0001, 0xF566, 0x0001, 0xCE15, 0x0001, 0x547F, 0x0001, 0x2AB8, 0x0001,
    0x29EF, 0x0001, 0xFF8F, 0x0002, 0xED44, 0x0003, 0x18C5, 0x000E, 0xED44, 0x0005, 0xFF8F, 0x0002,
    0x18C5, 0x0001, 0x2A96, 0x0001, 0x32D6, 0x0001, 0x5AEE, 0x0001, 0x6243, 0x0001, 0x49A2, 0x0001,
    0x31A7, 0x0001, 0x2A0C, 0x0001, 0x324D, 0x0001, 0x29CB, 0x0001, 0x18C5, 0x0002, 0xFF8F, 0x0005,
    0xED44, 0x0004, 0x18C5, 0x0011, 0xED44, 0x0006, 0xFF8F, 0x0005, 0x18C5, 0x0002, 0x29CB, 0x0001,
    0x324D, 0x0001, 0x2A0C, 0x0001, 0x2967, 0x0001, 0x4161, 0x0001, 0x6A41, 0x0001, 0x632C, 0x0001,
    0x32D6, 0x0001, 0x2297, 0x0001, 0x18C5, 0x0001, 0xFF8F, 0x0002, 0xED44, 0x0003, 0x18C5, 0x000E,
    0xED44, 0x0006, 0xFF8F, 0x0002, 0x18C5, 0x0001, 0x21D0, 0x0001, 0x10E8, 0x0001, 0x0000, 0x0001,
    0x0062, 0x0001, 0x1082, 0x0001, 0x1040, 0x0001, 0x1060, 0x0002, 0xFF8F, 0x0006, 0xED44, 0x0005,
    0x18C5, 0x0015, 0xED44, 0x0003, 0xFF8F, 0x0006, 0x1040, 0x0001, 0x1060, 0x0001, 0x1040, 0x0001,
    0x1082, 0x0001, 0x0862, 0x0001, 0x0001, 0x0001, 0x08E9, 0x0001, 0x21D0, 0x0001, 0x18C5, 0x0001,
    0xFF8F, 0x0002, 0xED44, 0x0004, 0x18C5, 0x000F, 0xED44, 0x0006, 0xFF8F, 0x0002, 0x18C5, 0x0008,
    0xFF8F, 0x0002, 0xED44, 0x0008, 0x18C5, 0x0016, 0xED44, 0x0007, 0xFF8F, 0x0002, 0x18C5, 0x0008,
    0xFF8F, 0x0002, 0xED44, 0x0004, 0x18C5, 0x0014, 0xED44, 0x0003, 0xFF8F, 0x000A, 0xED44, 0x0009,
    0x18C5, 0x0017, 0xED44, 0x0007, 0xFF8F, 0x000A, 0xED44, 0x0005, 0x18C5, 0x0014, 0xED44, 0x0004,
    0xFF8F, 0x0008, 0xED44, 0x0006, 0x18C5, 0x0001, 0xED44, 0x0002, 0x18C5, 0x0018, 0xED44, 0x0008,
    0xFF8F, 0x0008, 0xED44, 0x0005, 0x18C5, 0x0016, 0xED44, 0x0011, 0x18C5, 0x001B, 0xED44, 0x0004,
    0x18C5, 0x0001, 0xED44, 0x0010, 0x18C5, 0x0016, 0xED44, 0x0010, 0x18C5, 0x001D, 0xED44, 0x0002,
    0x18C5, 0x0003, 0xED44, 0x000B, 0x18C5, 0x0001, 0xED44, 0x0002, 0x18C5, 0x000B, 0x18C5, 0x0186,
    0xED44, 0x0002, 0x18C5, 0x0054, 0xED44, 0x0003, 0x18C5, 0x0003, 0xED44, 0x0001, 0x18C5, 0x0001,
    0xED44, 0x0001, 0x18C5, 0x0003, 0xED44, 0x0003, 0x18C5, 0x0042, 0xED44, 0x0002, 0x18C5, 0x0003,
    0xED44, 0x0005, 0x18C5, 0x0001, 0xED44, 0x0004, 0x18C5, 0x0003, 0xED44, 0x0003, 0x18C5, 0x0042,
    0xED44, 0x0003, 0x18C5, 0x0002, 0xED44, 0x000B, 0x18C5, 0x0001, 0xED44, 0x0005, 0x18C5, 0x003A,
    0xED44, 0x0003, 0x18C5, 0x0003, 0xED44, 0x0004, 0x18C5, 0x0002, 0xED44, 0x000B, 0x18C5, 0x0001,
    0xED44, 0x0005, 0x18C5, 0x003A, 0xED44, 0x0003, 0x18C5, 0x0003, 0xED44, 0x0017, 0x18C5, 0x003A,
    0xED44, 0x0004, 0x18C5, 0x0002, 0xED44, 0x0017, 0x18C5, 0x0002, 0xED44, 0x0002, 0x18C5, 0x0035,
    0xED44, 0x0005, 0x18C5, 0x0001, 0xED44, 0x001D, 0x18C5, 0x0031, 0xED44, 0x0001, 0x18C5, 0x0002,
    0xED44, 0x0023, 0x18C5, 0x0030, 0xED44, 0x0003, 0x18C5, 0x0001, 0xED44, 0x0010, 0xFF8F, 0x0003,
    0xED44, 0x0011, 0x18C5, 0x002E, 0xED44, 0x0004, 0x18C5, 0x0001, 0xED44, 0x000F, 0xFF8F, 0x0001,
    0xC426, 0x0001, 0xFD89, 0x0001, 0xC447, 0x0001, 0xFF8F, 0x0001, 0xED44, 0x0010, 0x18C5, 0x0003,
    0xED44, 0x0001, 0x18C5, 0x002A, 0xED44, 0x0011, 0xFF8F, 0x0003, 0xD485, 0x0001, 0xD4E8, 0x0001,
    0xF589, 0x0001, 0xCC67, 0x0001, 0xFF8F, 0x0002, 0xED44, 0x0001, 0xFF8F, 0x0007, 0xED44, 0x0007,
    0x18C5, 0x0002, 0xED44, 0x0003, 0x18C5, 0x0029, 0xED44, 0x000D, 0xFF8F, 0x0004, 0xC467, 0x0001,
    0xD4A7, 0x0001, 0xC447, 0x0001, 0xED69, 0x0001, 0xEDEB, 0x0001, 0x18C5, 0x0002, 0xFF8F, 0x0003,
    0xEDEB, 0x0001, 0xFEAC, 0x0001, 0xFE4C, 0x0001, 0xDD29, 0x0001, 0xCC67, 0x0001, 0xDCC7, 0x0001,
    0xCC67, 0x0001, 0xFF8F, 0x0001, 0xED44, 0x0007, 0x18C5, 0x0001, 0xED44, 0x0004, 0x18C5, 0x0027,
    0xED44, 0x000D, 0xFF8F, 0x0001, 0xFE8C, 0x0001, 0xED89, 0x0001, 0xABC6, 0x0001, 0x8AE5, 0x0001,
    0xAB41, 0x0001, 0xE508, 0x0001, 0xF6B7, 0x0001, 0xFFB8, 0x0001, 0xF60B, 0x0001, 0xFF8F, 0x0003,
    0xDC64, 0x0001, 0xC426, 0x0001, 0xE634, 0x0001, 0xFFFD, 0x0002, 0xFFD4, 0x0001, 0xFF4B, 0x0001,
    0xFEEB, 0x0001, 0xFDEB, 0x0001, 0xD4C7, 0x0001, 0xFF8F, 0x0001, 0xED44, 0x0006, 0x18C5, 0x0001,
    0xED44, 0x0004, 0x18C5, 0x0027, 0xED44, 0x0007, 0xFF8F, 0x0006, 0xF60B, 0x0001, 0xFE8C, 0x0001,
    0xED69, 0x0001, 0xB3C5, 0x0001, 0xAB65, 0x0001, 0xB3C6, 0x0001, 0xDDAF, 0x0001, 0xFFFD, 0x0001,
    0xFFFA, 0x0001, 0xF60B, 0x0001, 0xFF8F, 0x0002, 0xD4E8, 0x0001, 0xFD67, 0x0001, 0xE529, 0x0001,
    0xEEF6, 0x0001, 0xFFFE, 0x0001, 0xE75D, 0x0001, 0xEEF4, 0x0001, 0xFF4B, 0x0001, 0xFEAA, 0x0001,
    0xF5EB, 0x0001, 0xD4C7, 0x0001, 0xC426, 0x0001, 0xFF8F, 0x0001, 0xED44, 0x000A, 0x18C5, 0x0023,
    0xED44, 0x0002, 0x18C5, 0x0002, 0xED44, 0x0006, 0xFF8F, 0x0001, 0xFEEB, 0x0001, 0xFFEC, 0x0001,
    0xFF2B, 0x0001, 0xF64B, 0x0001, 0xFE2C, 0x0001, 0xFE4C, 0x0001, 0xED89, 0x0001, 0xD4C8, 0x0001,
    0xABC6, 0x0001, 0xA344, 0x0001, 0xC406, 0x0001, 0xE614, 0x0001, 0xF79B, 0x0001, 0xFF93, 0x0001,
    0xFEEC, 0x0001, 0xFE2B, 0x0001, 0xFE0B, 0x0001, 0xFE2B, 0x0001, 0xF60B, 0x0001, 0xFE0B, 0x0001,
    0xF62B, 0x0001, 0xFF6E, 0x0001, 0xF6EE, 0x0001, 0xB44A, 0x0001, 0x9B68, 0x0001, 0x18C5, 0x0004,
    0xC447, 0x0001, 0xC467, 0x0001, 0xFF8F, 0x0001, 0xED44, 0x000A, 0x18C5, 0x0021, 0xED44, 0x000A,
    0xFF8F, 0x0002, 0xF6EB, 0x0002, 0xFE4A, 0x0001, 0xED8A, 0x0001, 0xDD4A, 0x0001, 0xE56A, 0x0001,
    0xC467, 0x0001, 0x9B25, 0x0001, 0x82C5, 0x0001, 0xA382, 0x0001, 0xE566, 0x0001, 0xFF9A, 0x0001,
    0xFFFF, 0x0001, 0xFECC, 0x0001, 0xDD22, 0x0001, 0xC488, 0x0001, 0xD50A, 0x0001, 0xE569, 0x0001,
    0xCCC9, 0x0001, 0xCCA9, 0x0001, 0xDD29, 0x0001, 0xF628, 0x0001, 0xEDC6, 0x0001, 0xAB62, 0x0001,
    0x18C5, 0x0001, 0xFF8F, 0x0004, 0x18C5, 0x0001, 0xC447, 0x0001, 0xFF8F, 0x0002, 0xED44, 0x0009,
    0x18C5, 0x0002, 0xED44, 0x0001, 0x18C5, 0x001E, 0xED44, 0x000A, 0xFF8F, 0x0002, 0x18C5, 0x0002,
    0xCC87, 0x0001, 0xABA6, 0x0001, 0x8AC4, 0x0001, 0x92E4, 0x0001, 0x9325, 0x0001, 0x92E5, 0x0001,
    0x8AA5, 0x0001, 0xB445, 0x0001, 0xF6EB, 0x0001, 0xFFF9, 0x0001, 0xF79D, 0x0001, 0xFE90, 0x0001,
    0xCCA6, 0x0001, 0x9305, 0x0001, 0x8AC4, 0x0001, 0x9305, 0x0001, 0x8AE4, 0x0001, 0xABA5, 0x0001,
    0xC467, 0x0001, 0xCC67, 0x0001, 0xCC87, 0x0001, 0xD4C8, 0x0001, 0xCC87, 0x0001, 0xFF8F, 0x0005,
    0x18C5, 0x0001, 0xFF8F, 0x0002, 0xED44, 0x0009, 0x18C5, 0x0001, 0xED44, 0x0003, 0x18C5, 0x001D,
    0xED44, 0x000B, 0xFF8F, 0x0003, 0xEE09, 0x0001, 0xC467, 0x0001, 0x9AC4, 0x0001, 0xA325, 0x0001,
    0xB3E6, 0x0001, 0xABA5, 0x0001, 0x8A83, 0x0001, 0xAC4A, 0x0001, 0xFF98, 0x0001, 0xFFFD, 0x0001,
    0xF79E, 0x0001, 0xF77D, 0x0001, 0xE632, 0x0001, 0xC465, 0x0001, 0xAB83, 0x0001, 0x9B05, 0x0001,
    0x9AE4, 0x0001, 0xD4E7, 0x0001, 0xE5E9, 0x0001, 0x18C5, 0x0002, 0xFE2B, 0x0001, 0xEDCA, 0x0001,
    0xFF8F, 0x0002, 0xED44, 0x0002, 0xFF8F, 0x0003, 0xED44, 0x000A, 0x18C5, 0x0001, 0xED44, 0x0004,
    0x18C5, 0x001C, 0xED44, 0x000C, 0xFF8F, 0x0001, 0xFFCC, 0x0001, 0xFF6C, 0x0001, 0xF609, 0x0001,
    0xD508, 0x0001, 0xDD48, 0x0001, 0xDD28, 0x0001, 0xC426, 0x0001, 0xA343, 0x0001, 0xBCEF, 0x0001,
    0xF7BF, 0x0001, 0xFFFF, 0x0001, 0xF7BE, 0x0001, 0xF7BD, 0x0001, 0xFF79, 0x0001, 0xFED1, 0x0001,
    0xEDCA, 0x0001, 0xD507, 0x0001, 0xD4E7, 0x0001, 0xFF0B, 0x0001, 0xFF4B, 0x0001, 0xFF8F, 0x0002,
    0xEDCB, 0x0002, 0xFF8F, 0x0002, 0xED44, 0x0003, 0xFF8F, 0x0004, 0xED44, 0x000D, 0x18C5, 0x001B,
    0xED44, 0x000C, 0xFF8F, 0x0001, 0xF6CB, 0x0001, 0xFFAC, 0x0001, 0xFF0B, 0x0001, 0xF6EB, 0x0001,
    0xFF0B, 0x0002, 0xDD69, 0x0001, 0xC446, 0x0001, 0xDCE7, 0x0001, 0xEE72, 0x0001, 0xF7BF, 0x0001,
    0xFFFF, 0x0001, 0xF77A, 0x0001, 0xF64E, 0x0001, 0xF6D4, 0x0001, 0xFFDE, 0x0001, 0xFF74, 0x0001,
    0xF6A8, 0x0001, 0xFECA, 0x0001, 0xFFCD, 0x0001, 0xF6EB, 0x0001, 0xFF8F, 0x0002, 0x18C5, 0x0002,
    0xFF8F, 0x0002, 0xED44, 0x0001, 0xFF8F, 0x0001, 0xED44, 0x0001, 0xFF8F, 0x0001, 0xC446, 0x0001,
    0xED28, 0x0001, 0xD4A7, 0x0001, 0xFF8F, 0x0005, 0xED44, 0x0008, 0x18C5, 0x001B, 0xED44, 0x0008,
    0xFF8F, 0x0004, 0xF6EB, 0x0001, 0xFFAC, 0x0001, 0xFFED, 0x0001, 0xF70B, 0x0001, 0xE609, 0x0002,
    0xE62A, 0x0001, 0xD508, 0x0001, 0xCC87, 0x0001, 0xF609, 0x0001, 0xFF52, 0x0001, 0xF79D, 0x0001,
    0xF7FF, 0x0001, 0xF75C, 0x0001, 0xE569, 0x0001, 0xE54A, 0x0001, 0xE696, 0x0001, 0xE670, 0x0001,
    0xE5E7, 0x0001, 0xE5C8, 0x0001, 0xEECB, 0x0001, 0xFF2C, 0x0001, 0xFF4C, 0x0001, 0xFF8F, 0x0006,
    0x42B1, 0x0001, 0xFF8F, 0x0002, 0x18C5, 0x0001, 0xED28, 0x0001, 0xD4A7, 0x0001, 0xDD49, 0x0001,
    0xFE2B, 0x0001, 0xDCE8, 0x0001, 0xCC46, 0x0001, 0xCC67, 0x0001, 0xFF8F, 0x0001, 0xED44, 0x0008,
    0x18C5, 0x001A, 0xED44, 0x0007, 0xFF8F, 0x0001, 0xF6EB, 0x0001, 0xFFEC, 0x0001, 0xFF0B, 0x0001,
    0xFF2B, 0x0001, 0xFF0B, 0x0001, 0xF6CA, 0x0001, 0xFF0B, 0x0001, 0xF68A, 0x0001, 0xD4E8, 0x0001,
    0xC406, 0x0001, 0xC447, 0x0001, 0xBC07, 0x0001, 0xCC86, 0x0001, 0xEE48, 0x0001, 0xFF71, 0x0001,
    0xFFBE, 0x0001, 0xFFFF, 0x0001, 0xF73A, 0x0001, 0xCCEB, 0x0001, 0xBBC4, 0x0001, 0xC426, 0x0001,
    0xC447, 0x0001, 0xC426, 0x0002, 0xDD48, 0x0001, 0xF6EA, 0x0001, 0xFF2B, 0x0001, 0xFEEB, 0x0001,
    0xFEEC, 0x0001, 0xF6EC, 0x0001, 0xFF0B, 0x0001, 0xFF8A, 0x0001, 0xC5EE, 0x0001, 0x3A92, 0x0001,
    0xFF8F, 0x0003, 0x18C5, 0x0002, 0xFE4C, 0x0001, 0xFE2B, 0x0001, 0xD4E8, 0x0001, 0xCC66, 0x0001,
    0xCC67, 0x0001, 0xFF8F, 0x0002, 0xED44, 0x0007, 0x18C5, 0x0016, 0xED44, 0x0002, 0x18C5, 0x0001,
    0xED44, 0x0007, 0xFF8F, 0x0002, 0xF6EB, 0x0001, 0xFFED, 0x0001, 0xFFAC, 0x0001, 0xFFED, 0x0001,
    0xFF4C, 0x0001, 0xDD69, 0x0001, 0xCC86, 0x0001, 0xD4C5, 0x0001, 0xDD28, 0x0001, 0xDD09, 0x0001,
    0xC426, 0x0001, 0xA346, 0x0001, 0xABE5, 0x0001, 0xE605, 0x0001, 0xFFB2, 0x0001, 0xFFFF, 0x0001,
    0xFFFB, 0x0001, 0xFF0E, 0x0001, 0xB427, 0x0001, 0x92C3, 0x0001, 0xA343, 0x0001, 0xB3C5, 0x0001,
    0xCC68, 0x0001, 0xDD29, 0x0001, 0xDD07, 0x0001, 0xD4C5, 0x0001, 0xED66, 0x0001, 0xC50A, 0x0001,
    0x73D0, 0x0001, 0x6391, 0x0001, 0x8450, 0x0001, 0x8CB0, 0x0001, 0x6BD0, 0x0001, 0x18C5, 0x0001,
    0xFF8F, 0x0005, 0x18C5, 0x0005, 0xC447, 0x0002, 0xFF8F, 0x0001, 0xED44, 0x0006, 0x18C5, 0x0002,
    0xED44, 0x0002, 0x18C5, 0x0011, 0xED44, 0x0003, 0x18C5, 0x0001, 0xED44, 0x0007, 0xFF8F, 0x0002,
    0xF6CB, 0x0001, 0xFF6C, 0x0001, 0xEE6A, 0x0001, 0xE64A, 0x0001, 0xD547, 0x0001, 0xBC05, 0x0001,
    0xBC09, 0x0001, 0xD52D, 0x0001, 0xEE0D, 0x0001, 0xF5EA, 0x0001, 0xD4C7, 0x0001, 0x92C3, 0x0001,
    0x9304, 0x0001, 0xDE0B, 0x0001, 0xFFB5, 0x0001, 0xEEF9, 0x0001, 0xE66F, 0x0001, 0xCD44, 0x0001,
    0x9B64, 0x0001, 0x7A85, 0x0001, 0x8AE5, 0x0001, 0xAB85, 0x0001, 0xD4C7, 0x0001, 0xF60A, 0x0001,
    0xE5CD, 0x0001, 0xCCCD, 0x0001, 0xDCA8, 0x0001, 0xB449, 0x0001, 0x5310, 0x0001, 0x11F3, 0x0001,
    0x0153, 0x0001, 0x0155, 0x0001, 0x0951, 0x0001, 0xFF8F, 0x000B, 0xCC67, 0x0001, 0xD4A7, 0x0001,
    0xFF8F, 0x0002, 0xED44, 0x000A, 0x18C5, 0x0010, 0xED44, 0x000B, 0xFF8F, 0x0002, 0xF60B, 0x0001,
    0xFE4B, 0x0001, 0xCC87, 0x0001, 0xA3A6, 0x0001, 0x9B23, 0x0001, 0xBBC3, 0x0001, 0xDDF3, 0x0001,
    0xF77D, 0x0001, 0xF691, 0x0001, 0xED67, 0x0001, 0xD4A7, 0x0001, 0x92C1, 0x0001, 0x9347, 0x0001,
    0xE6D9, 0x0001, 0xFF79, 0x0001, 0xCCA9, 0x0001, 0xA363, 0x0001, 0x9304, 0x0001, 0x9305, 0x0001,
    0x8AE5, 0x0001, 0x8AE4, 0x0001, 0xAB86, 0x0001, 0xCC86, 0x0001, 0xED88, 0x0001, 0xF6D5, 0x0001,
    0xF75D, 0x0001, 0xEE52, 0x0001, 0xFE08, 0x0001, 0xEECB, 0x0001, 0x8CAF, 0x0001, 0x11B3, 0x0001,
    0x0154, 0x0001, 0x424F, 0x0001, 0xB3E7, 0x0001, 0xED47, 0x0001, 0xEDCB, 0x0001, 0xEDCA, 0x0001,
    0xFE2A, 0x0001, 0xFE0A, 0x0001, 0xFF8F, 0x0005, 0xCC67, 0x0002, 0xFF8F, 0x0002, 0xED44, 0x000A,
    0x18C5, 0x000F, 0xED44, 0x0009, 0xFF8F, 0x0002, 0xED44, 0x0001, 0xFF8F, 0x0001, 0xFF0D, 0x0001,
    0xED8A, 0x0001, 0xD4C8, 0x0001, 0xA345, 0x0001, 0x92A3, 0x0001, 0xAB88, 0x0001, 0xDDB0, 0x0001,
    0xF778, 0x0001, 0xFFF8, 0x0001, 0xFF10, 0x0001, 0xDD08, 0x0001, 0xABC6, 0x0001, 0xABC7, 0x0001,
    0xCDB2, 0x0001, 0xF7BF, 0x0001, 0xF71A, 0x0001, 0xD4C7, 0x0001, 0xC469, 0x0001, 0xB46D, 0x0001,
    0xABA6, 0x0001, 0xAB84, 0x0001, 0xBC68, 0x0001, 0xD509, 0x0001, 0xED89, 0x0001, 0xFE0A, 0x0001,
    0xFF52, 0x0001, 0xFFD8, 0x0001, 0xCDAF, 0x0001, 0xD4E5, 0x0001, 0xFE04, 0x0001, 0xB487, 0x0001,
    0x4A2B, 0x0001, 0x4A2C, 0x0001, 0x93CB, 0x0001, 0xE56A, 0x0001, 0xFE8B, 0x0001, 0xFF0E, 0x0001,
    0xFF51, 0x0001, 0xFFB4, 0x0001, 0xFF73, 0x0001, 0xF62D, 0x0001, 0xFF8F, 0x0004, 0x9B45, 0x0001,
    0xABC6, 0x0001, 0xFF8F, 0x0002, 0xED44, 0x000A, 0x18C5, 0x000F, 0xED44, 0x0008, 0xFF8F, 0x0001,
    0xFF2B, 0x0001, 0xFF0B, 0x0001, 0xFF8F, 0x0001, 0xEDCB, 0x0001, 0xFE8C, 0x0001, 0xD4A7, 0x0001,
    0x9B45, 0x0001, 0x9304, 0x0001, 0xB3A3, 0x0001, 0xE5AF, 0x0001, 0xFFBF, 0x0001, 0xFFB7, 0x0001,
    0xF6A8, 0x0001, 0xFE4A, 0x0001, 0xC488, 0x0001, 0x9304, 0x0001, 0xC4CC, 0x0001, 0xFF98, 0x0001,
    0xFFFF, 0x0001, 0xF6F7, 0x0001, 0xF60B, 0x0001, 0xFED1, 0x0001, 0xF6D4, 0x0001, 0xD4EA, 0x0001,
    0xD4C7, 0x0001, 0xF60B, 0x0001, 0xF62B, 0x0001, 0xEDAA, 0x0001, 0xE58A, 0x0001, 0xFE8B, 0x0001,
    0xFECA, 0x0001, 0xAC26, 0x0001, 0x92E5, 0x0001, 0xBC28, 0x0001, 0xBC07, 0x0001, 0x9B44, 0x0001,
    0xBBE5, 0x0001, 0xE528, 0x0001, 0xF5EB, 0x0001, 0xEDCA, 0x0001, 0xE5AB, 0x0001, 0xEE72, 0x0001,
    0xF717, 0x0001, 0xF6F6, 0x0001, 0xF670, 0x0001, 0xFE4B, 0x0001, 0xFECC, 0x0001, 0xFE6C, 0x0001,
    0xFF8F, 0x0001, 0x82A4, 0x0001, 0x9305, 0x0001, 0xFF8F, 0x0002, 0xED44, 0x000A, 0x18C5, 0x000E,
    0xED44, 0x0008, 0xFF8F, 0x0002, 0xFF8C, 0x0001, 0xFF0B, 0x0001, 0xCC67, 0x0001, 0xABC6, 0x0001,
    0xBC47, 0x0001, 0xA365, 0x0001, 0x8AA5, 0x0001, 0x9B45, 0x0001, 0xD523, 0x0001, 0xFF30, 0x0001,
    0xFFFF, 0x0001, 0xFF36, 0x0001, 0xED84, 0x0001, 0xC465, 0x0001, 0xA387, 0x0001, 0xAB85, 0x0001,
    0xD4E8, 0x0001, 0xFEB0, 0x0001, 0xFF79, 0x0001, 0xF6F5, 0x0001, 0xF5EA, 0x0001, 0xF60A, 0x0001,
    0xF66F, 0x0001, 0xE611, 0x0001, 0xF670, 0x0001, 0xFE6D, 0x0001, 0xDD29, 0x0001, 0x9B66, 0x0001,
    0x7AA5, 0x0001, 0xC4E8, 0x0001, 0xFECA, 0x0001, 0xD464, 0x0001, 0xABAA, 0x0001, 0xDE38, 0x0001,
    0xEE74, 0x0001, 0xED88, 0x0001, 0xFDE8, 0x0001, 0xFE4B, 0x0001, 0xF589, 0x0001, 0xA3A6, 0x0001,
    0x72C5, 0x0001, 0xAC29, 0x0001, 0xE58D, 0x0001, 0xEE2D, 0x0001, 0xFEB1, 0x0001, 0xFF13, 0x0001,
    0xFEEE, 0x0001, 0xFE4B, 0x0001, 0xEDEB, 0x0001, 0xBC27, 0x0001, 0x8AC4, 0x0001, 0xFF8F, 0x0002,
    0xED44, 0x000A, 0x18C5, 0x000E, 0xED44, 0x0008, 0xFF8F, 0x0002, 0xFF2B, 0x0001, 0xF62A, 0x0001,
    0xCC47, 0x0001, 0x9B25, 0x0001, 0x92E4, 0x0001, 0x9B45, 0x0001, 0x8AC4, 0x0001, 0x9325, 0x0001,
    0xDE0B, 0x0001, 0xFFF5, 0x0001, 0xF7BD, 0x0001, 0xFF5A, 0x0001, 0xE5EF, 0x0001, 0x9304, 0x0001,
    0x92C2, 0x0001, 0xDCE8, 0x0001, 0xF60B, 0x0001, 0xEE0D, 0x0001, 0xEE51, 0x0002, 0xF62E, 0x0001,
    0xEDCB, 0x0001, 0xF64F, 0x0001, 0xFF98, 0x0001, 0xFF34, 0x0001, 0xDD28, 0x0001, 0xB3A4, 0x0001,
    0x6A23, 0x0001, 0x30E1, 0x0001, 0x5A24, 0x0001, 0xAC49, 0x0001, 0xD4E7, 0x0001, 0xE62D, 0x0001,
    0xFFFB, 0x0001, 0xF716, 0x0001, 0xDD49, 0x0001, 0xC4C8, 0x0001, 0xBC89, 0x0001, 0xABA6, 0x0001,
    0x6A23, 0x0001, 0x51A2, 0x0001, 0xA364, 0x0001, 0xE506, 0x0001, 0xEDCA, 0x0001, 0xF6F4, 0x0001,
    0xF6F7, 0x0001, 0xDD8D, 0x0001, 0xF5A9, 0x0001, 0xFECC, 0x0001, 0xED6A, 0x0001, 0x8AC4, 0x0001,
    0xFF8F, 0x0002, 0xED44, 0x000A, 0x18C5, 0x000E, 0xED44, 0x0008, 0xFF8F, 0x0002, 0x18C5, 0x0002,
    0xA345, 0x0001, 0xBC06, 0x0001, 0xCC67, 0x0001, 0xC467, 0x0001, 0x9B23, 0x0001, 0x9326, 0x0001,
    0xD656, 0x0001, 0xFFFE, 0x0001, 0xFFDE, 0x0001, 0xFFFF, 0x0001, 0xEF1B, 0x0001, 0x9B89, 0x0001,
    0x9B01, 0x0001, 0xEDCA, 0x0001, 0xFF54, 0x0001, 0xEE94, 0x0001, 0xD50A, 0x0001, 0xD52B, 0x0001,
    0xF6D5, 0x0001, 0xFEF6, 0x0001, 0xFF15, 0x0001, 0xFFB8, 0x0001, 0xF671, 0x0001, 0xC445, 0x0001,
    0xAB64, 0x0001, 0x82C5, 0x0001, 0x51C2, 0x0001, 0x1061, 0x0001, 0x20E3, 0x0001, 0xACC8, 0x0001,
    0xFFCD, 0x0001, 0xFF6D, 0x0001, 0xCD6A, 0x0001, 0x9325, 0x0001, 0x6203, 0x0001, 0x49C3, 0x0001,
    0x51C3, 0x0001, 0x6203, 0x0001, 0x9304, 0x0001, 0xD4E7, 0x0001, 0xF62D, 0x0001, 0xF6B3, 0x0001,
    0xFF57, 0x0001, 0xF6B4, 0x0001, 0xCCAA, 0x0001, 0xD4E7, 0x0001, 0xFE2B, 0x0001, 0xDD29, 0x0001,
    0x8AC4, 0x0001, 0xFF8F, 0x0002, 0xED44, 0x000A, 0x18C5, 0x000F, 0xED44, 0x0008, 0xFF8F, 0x0003,
    0xAB85, 0x0001, 0xE509, 0x0001, 0xE569, 0x0001, 0xD4A8, 0x0001, 0xBBE4, 0x0001, 0xC489, 0x0001,
    0xE6DA, 0x0001, 0xFFFF, 0x0001, 0xF7DF, 0x0001, 0xFF99, 0x0001, 0xFF78, 0x0001, 0xDE76, 0x0001,
    0xBD10, 0x0001, 0xBC48, 0x0001, 0xE5CD, 0x0001, 0xEDEF, 0x0001, 0xA343, 0x0001, 0xB3C4, 0x0001,
    0xFED1, 0x0001, 0xFFB5, 0x0001, 0xDDD0, 0x0001, 0x7B49, 0x0001, 0x942E, 0x0001, 0xDE14, 0x0001,
    0xB42B, 0x0001, 0x8AC3, 0x0001, 0xAC07, 0x0001, 0x8B66, 0x0001, 0x6A64, 0x0001, 0xAC27, 0x0001,
    0xEEAA, 0x0001, 0xFF6A, 0x0001, 0xCD47, 0x0001, 0x92C4, 0x0001, 0x8AC4, 0x0001, 0x82C4, 0x0001,
    0x6223, 0x0001, 0x7A84, 0x0001, 0xBC06, 0x0001, 0xEDCB, 0x0001, 0xFF35, 0x0001, 0xFFBC, 0x0001,
    0xFF58, 0x0001, 0xF66E, 0x0001, 0xDD49, 0x0001, 0xD4E8, 0x0001, 0xC488, 0x0001, 0xB407, 0x0001,
    0x18C5, 0x0001, 0xFF8F, 0x0002, 0xED44, 0x000A, 0x18C5, 0x000F, 0xED44, 0x0009, 0xFF8F, 0x0002,
    0xD4C7, 0x0001, 0xFE2B, 0x0001, 0xEDCA, 0x0001, 0xCC87, 0x0001, 0xD4C6, 0x0001, 0xF64D, 0x0001,
    0xFF59, 0x0001, 0xF7FF, 0x0001, 0xFFFF, 0x0001, 0xEE30, 0x0001, 0xE5AA, 0x0001, 0xFF9A, 0x0001,
    0xDEBA, 0x0001, 0x9B46, 0x0001, 0xA321, 0x0001, 0xB3E6, 0x0001, 0x9B67, 0x0001, 0xABE8, 0x0001,
    0xE589, 0x0001, 0xFEAB, 0x0001, 0xC4A7, 0x0001, 0x28E0, 0x0001, 0x6370, 0x0001, 0xFFFF, 0x0001,
    0xCD71, 0x0001, 0x9B23, 0x0001, 0xE569, 0x0001, 0xEDCB, 0x0001, 0xC447, 0x0001, 0xBBC6, 0x0001,
    0xD4E8, 0x0001, 0xF68A, 0x0001, 0xEE2A, 0x0001, 0xD4A7, 0x0001, 0xCC67, 0x0001, 0xB406, 0x0001,
    0x9B45, 0x0001, 0xAB84, 0x0001, 0xD4C8, 0x0001, 0xEE51, 0x0001, 0xFFBC, 0x0001, 0xFFFF, 0x0001,
    0xF6B4, 0x0001, 0xEDA9, 0x0001, 0xFE2A, 0x0001, 0xE56A, 0x0001, 0x9325, 0x0001, 0x18C5, 0x0001,
    0xFF8F, 0x0002, 0xED44, 0x0006, 0x18C5, 0x0002, 0xED44, 0x0002, 0x18C5, 0x0010, 0xED44, 0x0009,
    0xFF8F, 0x0002, 0xEDAA, 0x0001, 0xFF2C, 0x0001, 0xEE4A, 0x0001, 0xCCA7, 0x0001, 0xDD47, 0x0001,
    0xFF0D, 0x0001, 0xFF98, 0x0001, 0xFFFF, 0x0002, 0xACD0, 0x0001, 0x7AA2, 0x0001, 0xBC8A, 0x0001,
    0xEE30, 0x0001, 0xD508, 0x0001, 0x7A40, 0x0001, 0x6224, 0x0001, 0xC5F6, 0x0001, 0xDE36, 0x0001,
    0xA3A6, 0x0001, 0xCC84, 0x0001, 0xED89, 0x0001, 0xB4AC, 0x0001, 0xC5F5, 0x0001, 0xFF7A, 0x0001,
    0xEE2F, 0x0001, 0xD4A6, 0x0001, 0xCC87, 0x0001, 0x82C6, 0x0001, 0x51A5, 0x0001, 0xAC09, 0x0001,
    0xED68, 0x0001, 0xC464, 0x0001, 0xF608, 0x0001, 0xFEEB, 0x0001, 0x8365, 0x0001, 0x4962, 0x0001,
    0x9B25, 0x0001, 0xCC65, 0x0001, 0xE58A, 0x0001, 0xFF38, 0x0001, 0xFFFF, 0x0001, 0xFF79, 0x0001,
    0xDD6D, 0x0001, 0xCC86, 0x0001, 0xF5EA, 0x0001, 0xE56A, 0x0001, 0x9305, 0x0001, 0xFF8F, 0x0002,
    0xED44, 0x0007, 0x18C5, 0x0014, 0xED44, 0x0009, 0xFF8F, 0x0001, 0xF66C, 0x0001, 0xFF0C, 0x0001,
    0xFFCC, 0x0001, 0xE629, 0x0001, 0xBC27, 0x0001, 0xCCE5, 0x0001, 0xFF2B, 0x0001, 0xF799, 0x0001,
    0xFFFF, 0x0001, 0xFFFB, 0x0001, 0x8C2D, 0x0001, 0x3901, 0x0001, 0x8260, 0x0001, 0xF589, 0x0001,
    0xFEF0, 0x0001, 0xA429, 0x0001, 0x7B6B, 0x0001, 0xF7BE, 0x0001, 0xF719, 0x0001, 0x9304, 0x0001,
    0xBC27, 0x0001, 0xFF34, 0x0001, 0xFFF9, 0x0001, 0xFFB8, 0x0001, 0xF6B3, 0x0001, 0xFEF2, 0x0001,
    0xEE2D, 0x0001, 0x9B45, 0x0001, 0x2861, 0x0001, 0x1863, 0x0001, 0xA428, 0x0001, 0xFEAD, 0x0001,
    0xE5AF, 0x0001, 0xDDCC, 0x0001, 0xB528, 0x0001, 0x3208, 0x0001, 0x0046, 0x0001, 0x59C3, 0x0001,
    0xCCA6, 0x0001, 0xFF32, 0x0001, 0xFFFE, 0x0001, 0xFFFF, 0x0001, 0xFF37, 0x0001, 0xDD6C, 0x0001,
    0xCCA8, 0x0001, 0xF60A, 0x0001, 0xEDAB, 0x0001, 0xAB86, 0x0001, 0xFF8F, 0x0002, 0xED44, 0x0007,
    0x18C5, 0x0014, 0xED44, 0x0008, 0xFF8F, 0x0001, 0xEDCB, 0x0001, 0xFF0C, 0x0001, 0xFF6C, 0x0001,
    0xFFAC, 0x0001, 0xDDC9, 0x0001, 0x9B45, 0x0001, 0xBC64, 0x0001, 0xFF2C, 0x0001, 0xFFBB, 0x0001,
    0xFFFC, 0x0001, 0xFF8E, 0x0001, 0x9405, 0x0001, 0x4962, 0x0001, 0x9303, 0x0001, 0xEDAC, 0x0001,
    0xFEF5, 0x0001, 0xF6D5, 0x0001, 0xEEB4, 0x0001, 0xFF79, 0x0001, 0xE5EF, 0x0001, 0xBC05, 0x0001,
    0xDE13, 0x0001, 0xFFFF, 0x0001, 0xFF99, 0x0001, 0xFEF4, 0x0001, 0xF6F5, 0x0001, 0xFF97, 0x0001,
    0xDE32, 0x0001, 0x72C5, 0x0001, 0x28C0, 0x0001, 0x49A3, 0x0001, 0xAC05, 0x0001, 0xFF31, 0x0001,
    0xFFFF, 0x0001, 0x9CD2, 0x0001, 0x18E2, 0x0001, 0x198D, 0x0001, 0x198F, 0x0001, 0x1083, 0x0001,
    0x8BA8, 0x0001, 0xFFB8, 0x0001, 0xFFFF, 0x0001, 0xF7DE, 0x0001, 0xFF37, 0x0001, 0xEE2E, 0x0001,
    0xEDCA, 0x0001, 0xFE4B, 0x0001, 0xE56A, 0x0001, 0xA365, 0x0001, 0xFF8F, 0x0002, 0xED44, 0x0007,
    0x18C5, 0x0013, 0xED44, 0x0008, 0xFF8F, 0x0002, 0xEDEB, 0x0001, 0xFEEC, 0x0001, 0x18C5, 0x0001,
    0xFFCC, 0x0001, 0xF68A, 0x0001, 0x9B45, 0x0001, 0xAC49, 0x0001, 0xFF96, 0x0001, 0xFFFF, 0x0001,
    0xFFBC, 0x0001, 0xD568, 0x0001, 0x8B01, 0x0001, 0x7264, 0x0001, 0xABA6, 0x0001, 0xDD09, 0x0001,
    0xEDCE, 0x0001, 0xFF36, 0x0001, 0xFF77, 0x0001, 0xF66F, 0x0001, 0xEDAB, 0x0001, 0xF670, 0x0001,
    0xFFFC, 0x0001, 0xFFDC, 0x0001, 0xC52F, 0x0001, 0xC50D, 0x0001, 0xF6F5, 0x0001, 0xFF34, 0x0001,
    0xC4EC, 0x0001, 0x41C4, 0x0001, 0x1860, 0x0001, 0x6A02, 0x0001, 0xE528, 0x0001, 0xEEAF, 0x0001,
    0x8CB3, 0x0001, 0x2A0F, 0x0001, 0x00A8, 0x0001, 0x1908, 0x0001, 0x216A, 0x0001, 0x112A, 0x0001,
    0x39E9, 0x0001, 0x8C2D, 0x0001, 0xDEB8, 0x0001, 0xF719, 0x0001, 0xDD8E, 0x0001, 0xEDCB, 0x0001,
    0xFE6C, 0x0001, 0xEDAA, 0x0001, 0xB407, 0x0001, 0x18C5, 0x0001, 0xFF8F, 0x0002, 0xED44, 0x0007,
    0x18C5, 0x0013, 0xED44, 0x0008, 0xFF8F, 0x0002, 0x18C5, 0x0002, 0xFF8F, 0x0001, 0xFFAD, 0x0001,
    0xF648, 0x0001, 0x9B44, 0x0001, 0xB4D1, 0x0001, 0xFFFF, 0x0001, 0xFFBE, 0x0001, 0xCDF5, 0x0001,
    0x8B06, 0x0001, 0x8262, 0x0001, 0xA386, 0x0001, 0xC447, 0x0001, 0xC425, 0x0001, 0xB3E5, 0x0001,
    0xDDAE, 0x0001, 0xFEF4, 0x0001, 0xF64D, 0x0001, 0xEE0D, 0x0001, 0xEE94, 0x0001, 0xEEF6, 0x0001,
    0xD58F, 0x0001, 0x92E4, 0x0001, 0xB44A, 0x0001, 0xFF16, 0x0001, 0xF5EE, 0x0001, 0x92E3, 0x0001,
    0x2902, 0x0001, 0x1841, 0x0001, 0x71A2, 0x0001, 0xDCE9, 0x0001, 0xC4A8, 0x0001, 0x3100, 0x0001,
    0x08C9, 0x0001, 0x3252, 0x0001, 0x2127, 0x0001, 0x1905, 0x0001, 0x3252, 0x0001, 0x00AA, 0x0001,
    0x18C3, 0x0001, 0xC570, 0x0001, 0xFEF2, 0x0001, 0xCC87, 0x0001, 0xDD07, 0x0001, 0xE5AA, 0x0001,
    0xB3E6, 0x0001, 0x7222, 0x0001, 0xFF8F, 0x0002, 0xED44, 0x0008, 0x18C5, 0x0014, 0xED44, 0x0008,
    0xFF8F, 0x0003, 0xFF6C, 0x0001, 0xFEAB, 0x0001, 0xC445, 0x0001, 0x8AC2, 0x0001, 0xBD54, 0x0001,
    0xF7DF, 0x0001, 0xD5B3, 0x0001, 0x82E5, 0x0001, 0x59E3, 0x0001, 0x82C4, 0x0001, 0xC447, 0x0001,
    0xD4C8, 0x0001, 0x9B44, 0x0001, 0x6222, 0x0001, 0xB448, 0x0001, 0xFF10, 0x0001, 0xFF34, 0x0001,
    0xD5B0, 0x0001, 0xA3A8, 0x0001, 0x6A84, 0x0001, 0x6A23, 0x0001, 0x92A1, 0x0001, 0xE58C, 0x0001,
    0xFF57, 0x0001, 0xB4AC, 0x0001, 0x5180, 0x0001, 0x3121, 0x0001, 0x4142, 0x0001, 0x6982, 0x0001,
    0x71E4, 0x0001, 0x8A62, 0x0001, 0x9AC0, 0x0001, 0x6ACA, 0x0001, 0x2A74, 0x0001, 0x19AF, 0x0001,
    0x29CD, 0x0001, 0x3252, 0x0001, 0x012F, 0x0001, 0x216B, 0x0001, 0xCD2D, 0x0001, 0xFF2E, 0x0001,
    0xF5EA, 0x0001, 0xDCE8, 0x0001, 0xABA6, 0x0001, 0x18C5, 0x0002, 0xFF8F, 0x0002, 0xED44, 0x0008,
    0x18C5, 0x0014, 0xED44, 0x0009, 0xFF8F, 0x0001, 0xFF4C, 0x0001, 0xFF4B, 0x0001, 0xDD28, 0x0001,
    0x92A3, 0x0001, 0x92E3, 0x0001, 0xDE31, 0x0001, 0xFFB8, 0x0001, 0xBC8A, 0x0001, 0x5940, 0x0001,
    0x3962, 0x0001, 0x8326, 0x0001, 0xDD08, 0x0001, 0xED48, 0x0001, 0x9B65, 0x0001, 0x5182, 0x0001,
    0x7263, 0x0001, 0xCD09, 0x0001, 0xFF13, 0x0001, 0xF672, 0x0001, 0xB429, 0x0001, 0x72A6, 0x0001,
    0x8348, 0x0001, 0xCD0B, 0x0001, 0xFEB0, 0x0001, 0xE5F0, 0x0001, 0x6AA7, 0x0001, 0x3121, 0x0001,
    0x6A63, 0x0001, 0x8284, 0x0001, 0x7181, 0x0001, 0x6141, 0x0001, 0xA2C1, 0x0001, 0xECC3, 0x0001,
    0x9367, 0x0001, 0x094D, 0x0001, 0x11F3, 0x0001, 0x3273, 0x0001, 0x21CF, 0x0001, 0x2255, 0x0001,
    0x4337, 0x0001, 0x8BAB, 0x0001, 0xC4E6, 0x0001, 0xE58A, 0x0001, 0xABE7, 0x0001, 0x6A23, 0x0001,
    0xFF8F, 0x0005, 0xED44, 0x0007, 0x18C5, 0x0014, 0xED44, 0x0008, 0xFF8F, 0x0001, 0xFF0B, 0x0001,
    0xFEEB, 0x0001, 0xCC67, 0x0001, 0x9B25, 0x0001, 0x92E4, 0x0001, 0xB3E6, 0x0001, 0xEE4A, 0x0001,
    0xFF0C, 0x0001, 0xBC87, 0x0001, 0x69E3, 0x0001, 0x4983, 0x0001, 0x8305, 0x0001, 0xD4C7, 0x0001,
    0xDD08, 0x0001, 0xAB85, 0x0001, 0x71A2, 0x0001, 0x40E1, 0x0001, 0x6A64, 0x0001, 0xD529, 0x0001,
    0xFEF0, 0x0001, 0xF6D5, 0x0001, 0xEE95, 0x0001, 0xF6D5, 0x0001, 0xFF36, 0x0001, 0xE5F0, 0x0001,
    0x9B46, 0x0001, 0x5181, 0x0001, 0x5A23, 0x0001, 0xB426, 0x0001, 0xA345, 0x0001, 0x6981, 0x0001,
    0x9AC2, 0x0001, 0xE4A3, 0x0001, 0xE483, 0x0001, 0x7261, 0x0001, 0x08A4, 0x0001, 0x118E, 0x0001,
    0x2A32, 0x0001, 0x21D0, 0x0001, 0x437A, 0x0001, 0x4C1E, 0x0001, 0x21AA, 0x0001, 0x4140, 0x0001,
    0x9B25, 0x0001, 0x6A43, 0x0001, 0x6223, 0x0001, 0xEDCA, 0x0001, 0xFEED, 0x0001, 0xFF8F, 0x0001,
    0xF6EA, 0x0001, 0xF6EB, 0x0001, 0xFF8F, 0x0001, 0xED44, 0x0006, 0x18C5, 0x0002, 0xED44, 0x0002,
    0x18C5, 0x000F, 0xED44, 0x0008, 0xFF8F, 0x0001, 0xFECC, 0x0001, 0xFF8C, 0x0001, 0xE609, 0x0001,
    0x9B25, 0x0001, 0xABA6, 0x0001, 0xCCC8, 0x0001, 0xCC87, 0x0001, 0xC486, 0x0001, 0xBCA6, 0x0001,
    0xB448, 0x0001, 0xAB85, 0x0001, 0x92C0, 0x0001, 0x8A81, 0x0001, 0x92C4, 0x0002, 0x8222, 0x0001,
    0x6961, 0x0001, 0x69A2, 0x0001, 0x7263, 0x0001, 0x8304, 0x0001, 0xA428, 0x0001, 0xD56E, 0x0001,
    0xF650, 0x0001, 0xFE90, 0x0001, 0xE5F0, 0x0001, 0x9388, 0x0001, 0x59A1, 0x0001, 0x7AA4, 0x0001,
    0xC4A8, 0x0001, 0xE508, 0x0001, 0x8B05, 0x0001, 0x3902, 0x0001, 0x7202, 0x0001, 0xC3A3, 0x0001,
    0xC3C2, 0x0001, 0xAB21, 0x0001, 0x6A01, 0x0001, 0x3165, 0x0001, 0x21AD, 0x0001, 0x32F6, 0x0001,
    0x5CBE, 0x0001, 0x549F, 0x0001, 0x11F2, 0x0001, 0x18C4, 0x0001, 0x6203, 0x0001, 0x6A22, 0x0001,
    0x7284, 0x0001, 0xCCC8, 0x0001, 0xC468, 0x0001, 0xCC67, 0x0001, 0xFF0B, 0x0001, 0xFFEC, 0x0001,
    0xFF8F, 0x0002, 0xED44, 0x000A, 0x18C5, 0x000B, 0xED44, 0x0001, 0x18C5, 0x0002, 0xED44, 0x0007,
    0xFF8F, 0x0001, 0xEDAA, 0x0001, 0xFF6D, 0x0001, 0xFF6C, 0x0001, 0xBCE7, 0x0001, 0x9325, 0x0001,
    0xD509, 0x0001, 0xFE2B, 0x0001, 0xCCA8, 0x0001, 0x9B25, 0x0001, 0x92E4, 0x0001, 0xB3A5, 0x0001,
    0xDCE6, 0x0001, 0xE4E6, 0x0001, 0x9AE3, 0x0001, 0x5921, 0x0001, 0x6141, 0x0001, 0x6982, 0x0002,
    0x8AA4, 0x0001, 0x8B05, 0x0001, 0x59E3, 0x0001, 0x4982, 0x0001, 0x7A83, 0x0001, 0xAB84, 0x0001,
    0xABA5, 0x0001, 0x92E3, 0x0001, 0x59A2, 0x0001, 0x5A03, 0x0001, 0xBCC9, 0x0001, 0xFE8C, 0x0001,
    0xE507, 0x0001, 0x6264, 0x0001, 0x0883, 0x0001, 0x2061, 0x0001, 0x8202, 0x0001, 0xCC03, 0x0001,
    0xFD64, 0x0001, 0xD443, 0x0001, 0x4120, 0x0001, 0x0909, 0x0001, 0x4C3F, 0x0001, 0x653F, 0x0001,
    0x4BDC, 0x0001, 0x32D6, 0x0001, 0x29CC, 0x0001, 0x4183, 0x0001, 0x7A82, 0x0001, 0xA365, 0x0001,
    0x92E4, 0x0001, 0x9B04, 0x0001, 0xCC47, 0x0001, 0xFE8A, 0x0001, 0xFF2B, 0x0001, 0xFF8F, 0x0002,
    0xED44, 0x000A, 0x18C5, 0x000A, 0xED44, 0x0003, 0x18C5, 0x0001, 0xED44, 0x0006, 0xFF8F, 0x0002,
    0xF6AA, 0x0001, 0xFFCD, 0x0001, 0xFF0C, 0x0001, 0xD4E8, 0x0001, 0xB3C6, 0x0001, 0xE549, 0x0001,
    0xF5EB, 0x0001, 0xCC68, 0x0001, 0xB3C7, 0x0001, 0xB384, 0x0001, 0xBB20, 0x0001, 0xE549, 0x0001,
    0xFF79, 0x0001, 0xAC6F, 0x0001, 0x6120, 0x0001, 0x9282, 0x0001, 0xABA6, 0x0001, 0x8AA4, 0x0001,
    0x6A23, 0x0001, 0x6203, 0x0001, 0x7243, 0x0001, 0x6A23, 0x0001, 0x51C2, 0x0001, 0x59E2, 0x0002,
    0x4981, 0x0001, 0x61E2, 0x0001, 0xA3A5, 0x0001, 0xEDCB, 0x0001, 0xFE6C, 0x0001, 0xDCC6, 0x0001,
    0x6243, 0x0001, 0x0883, 0x0001, 0x1801, 0x0001, 0x8A62, 0x0001, 0xF5A5, 0x0001, 0xFF67, 0x0001,
    0xED64, 0x0001, 0x4100, 0x0001, 0x00CA, 0x0001, 0x4C7F, 0x0001, 0x5C7E, 0x0001, 0x2A53, 0x0001,
    0x3253, 0x0001, 0x198D, 0x0001, 0x18A2, 0x0001, 0x7282, 0x0001, 0xCC67, 0x0001, 0xC426, 0x0001,
    0xABA5, 0x0001, 0xAB86, 0x0001, 0xB447, 0x0001, 0x18C5, 0x0001, 0xFF8F, 0x0002, 0xED44, 0x000A,
    0x18C5, 0x000A, 0xED44, 0x0003, 0x18C5, 0x0001, 0xED44, 0x0006, 0xFF8F, 0x0002, 0xFF8B, 0x0001,
    0xFF4C, 0x0001, 0xDD4A, 0x0001, 0xCC87, 0x0001, 0xDD67, 0x0001, 0xEE2B, 0x0001, 0xE5EA, 0x0001,
    0xDD06, 0x0001, 0xDD08, 0x0001, 0xDD6B, 0x0001, 0xD4C8, 0x0001, 0xEE73, 0x0001, 0xFFFF, 0x0001,
    0xACD4, 0x0001, 0x7180, 0x0001, 0xC425, 0x0001, 0xEDAA, 0x0001, 0xB3E6, 0x0001, 0x6223, 0x0002,
    0xABE7, 0x0001, 0xABC6, 0x0001, 0x59E2, 0x0001, 0x51A2, 0x0001, 0x5A04, 0x0001, 0x6244, 0x0001,
    0xA3A6, 0x0001, 0xE529, 0x0001, 0xE528, 0x0001, 0xDD49, 0x0001, 0xEDCD, 0x0001, 0x93A9, 0x0001,
    0x30E2, 0x0001, 0x5920, 0x0001, 0xA2E2, 0x0001, 0xC444, 0x0001, 0xE646, 0x0001, 0xFE86, 0x0001,
    0x8BC3, 0x0001, 0x4A48, 0x0001, 0x3B14, 0x0001, 0x3295, 0x0001, 0x21CF, 0x0001, 0x2A32, 0x0001,
    0x19B0, 0x0001, 0x1108, 0x0001, 0x72A6, 0x0001, 0xDCC7, 0x0001, 0xED69, 0x0001, 0xD4C8, 0x0001,
    0xA365, 0x0001, 0x18C5, 0x0001, 0xFF8F, 0x0002, 0xED44, 0x0006, 0x18C5, 0x0002, 0xED44, 0x0002,
    0x18C5, 0x000B, 0xED44, 0x0003, 0x18C5, 0x0001, 0xED44, 0x0006, 0xFF8F, 0x0002, 0xFFCC, 0x0001,
    0xF6AA, 0x0001, 0xA386, 0x0001, 0xB426, 0x0001, 0xFF0B, 0x0001, 0xFF4C, 0x0001, 0xF689, 0x0001,
    0xFE25, 0x0001, 0xFE4B, 0x0001, 0xF6F6, 0x0001, 0xF77C, 0x0001, 0xFFFF, 0x0002, 0xA42F, 0x0001,
    0x6981, 0x0001, 0xCC87, 0x0001, 0xFE4C, 0x0001, 0xCC87, 0x0001, 0x92E4, 0x0001, 0x9B65, 0x0001,
    0xE58A, 0x0001, 0xDD29, 0x0001, 0x9304, 0x0001, 0x8284, 0x0001, 0x9B45, 0x0001, 0xB3E6, 0x0001,
    0xDD29, 0x0001, 0xEDEB, 0x0001, 0xCC86, 0x0001, 0xD4E9, 0x0001, 0xFF15, 0x0001, 0xBCCF, 0x0001,
    0x6961, 0x0001, 0xAB00, 0x0001, 0xBBA3, 0x0001, 0x71A2, 0x0001, 0x9B43, 0x0001, 0xFE86, 0x0001,
    0xFF27, 0x0001, 0xBC84, 0x0001, 0x2923, 0x0001, 0x08CA, 0x0001, 0x2A32, 0x0001, 0x3252, 0x0001,
    0x19F2, 0x0001, 0x21F1, 0x0001, 0x730B, 0x0001, 0xD4A7, 0x0001, 0xF5EA, 0x0001, 0xF5CB, 0x0001,
    0xCC87, 0x0001, 0xFF8F, 0x0002, 0xED44, 0x0007, 0x18C5, 0x000F, 0xED44, 0x0003, 0x18C5, 0x0001,
    0xED44, 0x0006, 0xFF8F, 0x0002, 0xFFCC, 0x0001, 0xFECA, 0x0001, 0xABA5, 0x0001, 0xC4CB, 0x0001,
    0xFFF2, 0x0001, 0xFFEC, 0x0001, 0xFEC7, 0x0001, 0xFE8B, 0x0001, 0xFF34, 0x0001, 0xFFDD, 0x0001,
    0xFFFF, 0x0003, 0x9BCD, 0x0001, 0x58C0, 0x0001, 0xBBE5, 0x0001, 0xF5EB, 0x0001, 0xCC67, 0x0001,
    0xAB65, 0x0001, 0xBC26, 0x0001, 0xEDEA, 0x0001, 0xFED0, 0x0001, 0xDDD0, 0x0001, 0x9B88, 0x0001,
    0x92C2, 0x0001, 0xC426, 0x0001, 0xED69, 0x0001, 0xEDCA, 0x0001, 0xE5EE, 0x0001, 0xE611, 0x0001,
    0xE5F0, 0x0001, 0x9B48, 0x0001, 0x71A1, 0x0001, 0xD483, 0x0001, 0xEDA5, 0x0001, 0xA2C2, 0x0001,
    0x81C1, 0x0001, 0xB3E4, 0x0001, 0xFEA7, 0x0001, 0xDD43, 0x0001, 0x28E0, 0x0001, 0x0089, 0x0001,
    0x2A31, 0x0001, 0x31C9, 0x0001, 0x090A, 0x0001, 0x0994, 0x0001, 0x6AEE, 0x0001, 0xDCE6, 0x0001,
    0xFE89, 0x0001, 0xFECC, 0x0001, 0xED6A, 0x0001, 0xFF8F, 0x0002, 0xED44, 0x0007, 0x18C5, 0x000F,
    0xED44, 0x0003, 0x18C5, 0x0001, 0xED44, 0x0006, 0xFF8F, 0x0002, 0xFF6C, 0x0001, 0xFF0A, 0x0001,
    0xE526, 0x0001, 0xD52F, 0x0001, 0xDE34, 0x0001, 0xDD89, 0x0001, 0xE5A7, 0x0001, 0xF716, 0x0001,
    0xFFBF, 0x0001, 0xFFFF, 0x0001, 0xFFDF, 0x0001, 0xFFFF, 0x0002, 0xB4F2, 0x0001, 0x7A24, 0x0001,
    0x9B04, 0x0001, 0xCC67, 0x0001, 0xCCA7, 0x0001, 0xCCA8, 0x0001, 0xCCA7, 0x0001, 0xDD08, 0x0001,
    0xF66E, 0x0001, 0xFF14, 0x0001, 0xC52E, 0x0001, 0x9B66, 0x0001, 0xB3C5, 0x0001, 0xD4E8, 0x0001,
    0xF60D, 0x0001, 0xFF14, 0x0001, 0xFEB2, 0x0001, 0xE528, 0x0001, 0x9261, 0x0001, 0x6982, 0x0001,
    0xBC44, 0x0001, 0xFE86, 0x0001, 0xF564, 0x0001, 0x8221, 0x0001, 0x6121, 0x0001, 0xE505, 0x0001,
    0xDD85, 0x0001, 0x2943, 0x0001, 0x00EC, 0x0001, 0x2A11, 0x0001, 0x18E6, 0x0001, 0x10E5, 0x0001,
    0x3A6F, 0x0001, 0x836C, 0x0001, 0xCC86, 0x0001, 0xF689, 0x0001, 0xFF8D, 0x0001, 0xFEAC, 0x0001,
    0xF60B, 0x0001, 0xFF8F, 0x0001, 0xED44, 0x0007, 0x18C5, 0x000F, 0xED44, 0x0003, 0x18C5, 0x0001,
    0xED44, 0x0006, 0xFF8F, 0x0001, 0xF60B, 0x0001, 0xFF2D, 0x0001, 0xFEEA, 0x0001, 0xFE48, 0x0001,
    0xB48E, 0x0001, 0x4290, 0x0001, 0x2905, 0x0001, 0x7328, 0x0001, 0xEF9E, 0x0001, 0xFFFF, 0x0002,
    0xFFDF, 0x0001, 0xFFFF, 0x0001, 0xFFDF, 0x0001, 0xEF5D, 0x0001, 0xD659, 0x0001, 0x82C7, 0x0001,
    0x92A2, 0x0001, 0xEDAA, 0x0001, 0xFE6C, 0x0001, 0xE549, 0x0001, 0xCC66, 0x0001, 0xD4A6, 0x0001,
    0xF5EB, 0x0001, 0xFEF3, 0x0001, 0xE632, 0x0001, 0xBC26, 0x0001, 0xCCEA, 0x0001, 0xF6F5, 0x0001,
    0xEE10, 0x0001, 0xED68, 0x0001, 0xFE08, 0x0001, 0xB3E5, 0x0001, 0x6981, 0x0001, 0x9AA2, 0x0001,
    0xF584, 0x0001, 0xFEA6, 0x0001, 0x9B03, 0x0001, 0x50C1, 0x0001, 0xED45, 0x0001, 0xEE05, 0x0001,
    0x2942, 0x0001, 0x00CA, 0x0001, 0x2A11, 0x0001, 0x00CE, 0x0001, 0x4A8B, 0x0001, 0xCDCA, 0x0001,
    0xC4A7, 0x0001, 0x9B65, 0x0001, 0xDDC9, 0x0001, 0xFFCC, 0x0002, 0xFEEC, 0x0001, 0xEDCB, 0x0001,
    0xFF8F, 0x0001, 0xED44, 0x0006, 0x18C5, 0x0002, 0xED44, 0x0002, 0x18C5, 0x000A, 0xED44, 0x000A,
    0xFF8F, 0x0002, 0xF60B, 0x0001, 0xFF69, 0x0001, 0xFF2B, 0x0001, 0xD611, 0x0001, 0x7455, 0x0001,
    0x1214, 0x0001, 0x0005, 0x0001, 0x3164, 0x0001, 0xDE13, 0x0001, 0xFF99, 0x0001, 0xFFDD, 0x0001,
    0xFFFF, 0x0001, 0xFFDF, 0x0001, 0xFFFF, 0x0002, 0xFF9B, 0x0001, 0x7227, 0x0001, 0x6120, 0x0001,
    0xCCC8, 0x0001, 0xF66C, 0x0001, 0xEDEB, 0x0001, 0xDD4C, 0x0001, 0xDDAF, 0x0001, 0xF6B2, 0x0001,
    0xE653, 0x0001, 0xD590, 0x0001, 0xE58C, 0x0001, 0xFE6E, 0x0001, 0xF671, 0x0001, 0xA3E9, 0x0001,
    0x8328, 0x0001, 0xACCF, 0x0001, 0x938B, 0x0001, 0x6961, 0x0001, 0xAB01, 0x0001, 0xF544, 0x0001,
    0xEDC5, 0x0001, 0xCCA4, 0x0001, 0xABA3, 0x0001, 0xC424, 0x0001, 0xA363, 0x0001, 0x4142, 0x0001,
    0x1909, 0x0001, 0x2A74, 0x0001, 0x53BA, 0x0001, 0xADD8, 0x0001, 0xFFD2, 0x0001, 0xCD08, 0x0001,
    0x9305, 0x0001, 0xE62A, 0x0001, 0xFFAC, 0x0001, 0xF70B, 0x0001, 0xFF0C, 0x0001, 0xEDCB, 0x0001,
    0xFF8F, 0x0002, 0xED44, 0x000A, 0x18C5, 0x0009, 0xED44, 0x000A, 0xFF8F, 0x0002, 0x18C5, 0x0001,
    0xFF67, 0x0001, 0xF72F, 0x0001, 0x74FC, 0x0001, 0x447F, 0x0001, 0x4C3E, 0x0001, 0x198C, 0x0001,
    0x38E0, 0x0001, 0xBB81, 0x0001, 0xFDEB, 0x0001, 0xF717, 0x0001, 0xFFDE, 0x0001, 0xFFFF, 0x0002,
    0xFFFC, 0x0001, 0xEE73, 0x0001, 0x8AA5, 0x0001, 0x5920, 0x0001, 0x8AE4, 0x0001, 0xCCE8, 0x0001,
    0xF62C, 0x0001, 0xF6B2, 0x0001, 0xFFDC, 0x0001, 0xFFFF, 0x0001, 0xB4AE, 0x0001, 0x9B45, 0x0001,
    0xE633, 0x0001, 0xFEF2, 0x0001, 0xCC67, 0x0001, 0x628B, 0x0001, 0x19F3, 0x0001, 0x2233, 0x0001,
    0x396A, 0x0001, 0x71A1, 0x0001, 0xDCE3, 0x0001, 0xFE06, 0x0001, 0xD443, 0x0001, 0xED24, 0x0001,
    0xFE06, 0x0001, 0x9B04, 0x0001, 0x58E0, 0x0001, 0x6961, 0x0001, 0x3948, 0x0001, 0x3273, 0x0001,
    0xBE3C, 0x0001, 0xFFFF, 0x0002, 0xB4B0, 0x0001, 0x9B64, 0x0001, 0xF689, 0x0001, 0xFFCD, 0x0001,
    0x18C5, 0x0003, 0xFF8F, 0x0002, 0xED44, 0x000A, 0x18C5, 0x000A, 0xED44, 0x0003, 0x18C5, 0x0001,
    0xED44, 0x0006, 0xFF8F, 0x0002, 0x9DB8, 0x0001, 0xA63B, 0x0001, 0x549F, 0x0001, 0x447F, 0x0001,
    0x549F, 0x0001, 0x2273, 0x0001, 0x3125, 0x0001, 0x9260, 0x0001, 0xCBC2, 0x0001, 0xDD6B, 0x0001,
    0xFFBD, 0x0001, 0xFFFF, 0x0001, 0xFFDC, 0x0001, 0xFFDE, 0x0001, 0xF75B, 0x0001, 0xD56B, 0x0001,
    0xA320, 0x0001, 0x8242, 0x0001, 0xBBC6, 0x0001, 0xF5C9, 0x0001, 0xF5EB, 0x0001, 0xEE30, 0x0001,
    0xF652, 0x0001, 0xED48, 0x0001, 0xC445, 0x0001, 0x8C10, 0x0001, 0x632F, 0x0001, 0x5A69, 0x0001,
    0x4B77, 0x0001, 0x2B5C, 0x0001, 0x094D, 0x0001, 0x2064, 0x0001, 0x7A02, 0x0001, 0xED65, 0x0001,
    0xFE46, 0x0001, 0xD402, 0x0001, 0xBB62, 0x0001, 0xCC64, 0x0001, 0xCCC5, 0x0001, 0xB3A3, 0x0001,
    0x81E1, 0x0001, 0x30C4, 0x0001, 0x2989, 0x0001, 0x9C0C, 0x0001, 0xEE97, 0x0001, 0xF7DF, 0x0001,
    0xB514, 0x0001, 0x92E3, 0x0001, 0xD4C6, 0x0001, 0xFF0C, 0x0001, 0xFFAC, 0x0001, 0xFF8F, 0x0003,
    0xED44, 0x0006, 0x18C5, 0x0002, 0xED44, 0x0002, 0x18C5, 0x000B, 0xED44, 0x0003, 0x18C5, 0x0001,
    0xED44, 0x0006, 0xFF8F, 0x0002, 0x4C1E, 0x0001, 0x3C1F, 0x0001, 0x549F, 0x0001, 0x64DF, 0x0001,
    0x545F, 0x0001, 0x3339, 0x0001, 0x3A2F, 0x0001, 0x7205, 0x0001, 0xAAA0, 0x0001, 0xD443, 0x0001,
    0xF6D5, 0x0001, 0xF75B, 0x0001, 0xEE72, 0x0001, 0xF6F8, 0x0001, 0xFFFC, 0x0001, 0xFF8D, 0x0001,
    0xE502, 0x0001, 0x9262, 0x0001, 0x8A84, 0x0001, 0xABC6, 0x0001, 0xABE7, 0x0001, 0xA365, 0x0001,
    0xA385, 0x0001, 0xE58B, 0x0001, 0xCDB0, 0x0001, 0x42F3, 0x0001, 0x0173, 0x0001, 0x2275, 0x0001,
    0x4C1E, 0x0001, 0x43B9, 0x0001, 0x1945, 0x0001, 0x38A0, 0x0001, 0x9AA3, 0x0001, 0xED45, 0x0001,
    0xFE45, 0x0001, 0xE504, 0x0001, 0x9262, 0x0001, 0x81E2, 0x0001, 0xE525, 0x0001, 0xF5A5, 0x0001,
    0x8202, 0x0001, 0x2041, 0x0001, 0x1081, 0x0001, 0x5120, 0x0001, 0xBCAB, 0x0001, 0xFFBB, 0x0001,
    0xD5F2, 0x0001, 0x92C3, 0x0001, 0x9AE3, 0x0001, 0xEDA9, 0x0001, 0xFF6C, 0x0002, 0xFF8F, 0x0001,
    0xED44, 0x0007, 0x18C5, 0x000F, 0xED44, 0x0003, 0x18C5, 0x0001, 0xED44, 0x0006, 0xFF8F, 0x0001,
    0xF6EB, 0x0001, 0x6BF2, 0x0001, 0x0A18, 0x0001, 0x4C3F, 0x0001, 0x651F, 0x0001, 0x549F, 0x0001,
    0x4C7E, 0x0001, 0x4357, 0x0001, 0x51C4, 0x0001, 0x9280, 0x0001, 0xD442, 0x0001, 0xDCE7, 0x0001,
    0xCC67, 0x0001, 0xCC45, 0x0001, 0xE548, 0x0001, 0xFEAB, 0x0001, 0xFF28, 0x0001, 0xED44, 0x0001,
    0x9263, 0x0001, 0x4101, 0x0001, 0x2944, 0x0001, 0x3A0C, 0x0001, 0x422E, 0x0001, 0x3A2E, 0x0001,
    0x63D6, 0x0001, 0x6CFD, 0x0001, 0x4C3E, 0x0001, 0x441F, 0x0001, 0x4C3F, 0x0001, 0x3B59, 0x0001,
    0x21AE, 0x0001, 0x10C4, 0x0001, 0x59A0, 0x0001, 0xC3C2, 0x0001, 0xF565, 0x0001, 0xFE66, 0x0001,
    0xFE46, 0x0001, 0xBBE4, 0x0001, 0x79E2, 0x0001, 0x92A3, 0x0001, 0xAB23, 0x0001, 0x79C2, 0x0001,
    0x28A1, 0x0001, 0x0882, 0x0001, 0x5181, 0x0001, 0xC4A7, 0x0001, 0xFF4E, 0x0001, 0xEE6C, 0x0001,
    0xB3A5, 0x0001, 0x8AA4, 0x0001, 0xA385, 0x0001, 0xDD28, 0x0001, 0xFF0B, 0x0002, 0xFF8F, 0x0001,
    0xED44, 0x0006, 0x18C5, 0x0002, 0xED44, 0x0002, 0x18C5, 0x000A, 0xED44, 0x000A, 0xFF8F, 0x0001,
    0xFF2B, 0x0001, 0xFFCC, 0x0001, 0xBD0A, 0x0001, 0x422E, 0x0001, 0x3339, 0x0001, 0x3B9B, 0x0001,
    0x4BDC, 0x0001, 0x5CFF, 0x0001, 0x4C3D, 0x0001, 0x3A0B, 0x0001, 0x7243, 0x0001, 0xCBC3, 0x0001,
    0xD3E0, 0x0001, 0xCBE0, 0x0001, 0xDC62, 0x0001, 0xED82, 0x0001, 0xFE43, 0x0001, 0xEDC4, 0x0001,
    0xDCA4, 0x0001, 0xAB43, 0x0001, 0x5960, 0x0001, 0x20E4, 0x0001, 0x19D1, 0x0001, 0x1A14, 0x0001,
    0x11D3, 0x0001, 0x2B3C, 0x0001, 0x443F, 0x0001, 0x4BFC, 0x0001, 0x4B99, 0x0001, 0x439A, 0x0001,
    0x4BBA, 0x0001, 0x2253, 0x0001, 0x0066, 0x0001, 0x5A01, 0x0001, 0xED24, 0x0001, 0xFE46, 0x0001,
    0xFE86, 0x0001, 0xFEA6, 0x0001, 0xDCE4, 0x0001, 0x9AC2, 0x0001, 0x81C2, 0x0001, 0x71C2, 0x0001,
    0x69A2, 0x0001, 0x4983, 0x0001, 0x49C4, 0x0001, 0x82C5, 0x0001, 0xBC46, 0x0001, 0xCD46, 0x0001,
    0xD506, 0x0001, 0xCC67, 0x0001, 0xBC47, 0x0001, 0xA366, 0x0001, 0xA345, 0x0001, 0xF66A, 0x0001,
    0xFF6C, 0x0001, 0xFEEC, 0x0001, 0xFF8F, 0x0001, 0xED44, 0x000A, 0x18C5, 0x0009, 0xED44, 0x0009,
    0xFF8F, 0x0001, 0xEDCB, 0x0001, 0xF66B, 0x0001, 0xF6EB, 0x0001, 0xEDA7, 0x0001, 0xA3A8, 0x0001,
    0x3A50, 0x0001, 0x1190, 0x0001, 0x2A31, 0x0001, 0x4BFC, 0x0001, 0x441F, 0x0001, 0x2A74, 0x0001,
    0x49A8, 0x0001, 0x9262, 0x0001, 0xBB61, 0x0001, 0xDCC4, 0x0001, 0xFE05, 0x0001, 0xFE86, 0x0001,
    0xFDE5, 0x0001, 0xD483, 0x0001, 0xCC02, 0x0001, 0xCC23, 0x0001, 0xB321, 0x0001, 0x7A24, 0x0001,
    0x3A0F, 0x0001, 0x19D1, 0x0001, 0x2211, 0x0001, 0x4BBB, 0x0001, 0x545F, 0x0001, 0x32B5, 0x0001,
    0x196D, 0x0001, 0x2A11, 0x0001, 0x543E, 0x0001, 0x43BC, 0x0001, 0x08E7, 0x0001, 0x6A80, 0x0001,
    0xFE46, 0x0001, 0xFEA6, 0x0001, 0xFE26, 0x0001, 0xFE46, 0x0001, 0xED64, 0x0001, 0xCBE2, 0x0001,
    0xA2C2, 0x0001, 0x71E3, 0x0001, 0x51A2, 0x0001, 0x6243, 0x0001, 0x9B45, 0x0001, 0xC447, 0x0001,
    0xBC06, 0x0001, 0x9325, 0x0001, 0xA345, 0x0001, 0xD4A7, 0x0001, 0xF60B, 0x0001, 0xCCC9, 0x0001,
    0x9305, 0x0001, 0xC507, 0x0001, 0xFF6C, 0x0001, 0xFEEC, 0x0001, 0xED8B, 0x0001, 0xFF8F, 0x0001,
    0xED44, 0x0009, 0x18C5, 0x0009, 0xED44, 0x0008, 0xFF8F, 0x0002, 0xFF0C, 0x0002, 0xFEAB, 0x0001,
    0xED88, 0x0001, 0xC447, 0x0001, 0x7AC8, 0x0001, 0x2926, 0x0001, 0x00A7, 0x0001, 0x2A53, 0x0001,
    0x437A, 0x0001, 0x3296, 0x0001, 0x218B, 0x0001, 0x4122, 0x0001, 0x8A21, 0x0001, 0xD465, 0x0001,
    0xFE26, 0x0001, 0xF5C5, 0x0001, 0xD443, 0x0001, 0xC3A2, 0x0002, 0xCC02, 0x0001, 0xDC22, 0x0001,
    0xA302, 0x0001, 0x2906, 0x0001, 0x00AA, 0x0001, 0x3252, 0x0001, 0x543D, 0x0001, 0x549F, 0x0001,
    0x4379, 0x0001, 0x3B36, 0x0001, 0x439A, 0x0001, 0x3B15, 0x0001, 0x3A4C, 0x0001, 0x6A44, 0x0001,
    0xCC63, 0x0001, 0xFE46, 0x0001, 0xED85, 0x0001, 0xE4E4, 0x0001, 0xF5C5, 0x0001, 0xFE66, 0x0001,
    0xED64, 0x0001, 0xB343, 0x0001, 0x5962, 0x0001, 0x2903, 0x0001, 0x51C3, 0x0001, 0xA365, 0x0001,
    0xE589, 0x0001, 0xDD29, 0x0001, 0xAB45, 0x0001, 0xA345, 0x0001, 0xD4C8, 0x0001, 0xFE2C, 0x0001,
    0xDD2A, 0x0001, 0xAB86, 0x0001, 0xCCE8, 0x0001, 0xFF2D, 0x0001, 0xFFED, 0x0001, 0xEE4A, 0x0001,
    0xFF8F, 0x0002, 0xED44, 0x0009, 0x18C5, 0x0008, 0xED44, 0x0008, 0xFF8F, 0x0002, 0xFF2B, 0x0001,
    0xEE8B, 0x0001, 0xDD2A, 0x0001, 0xC447, 0x0001, 0xBC05, 0x0001, 0xB3A5, 0x0001, 0x7262, 0x0001,
    0x2922, 0x0001, 0x1129, 0x0001, 0x19AF, 0x0001, 0x21CF, 0x0001, 0x1129, 0x0001, 0x0882, 0x0001,
    0x40E1, 0x0001, 0xAB44, 0x0001, 0xFE26, 0x0001, 0xFDE5, 0x0001, 0xD443, 0x0001, 0xD463, 0x0001,
    0xD483, 0x0001, 0xD463, 0x0001, 0xE4C4, 0x0001, 0xC443, 0x0001, 0x5A41, 0x0001, 0x18E5, 0x0001,
    0x196E, 0x0001, 0x32F8, 0x0001, 0x547F, 0x0001, 0x5CDF, 0x0001, 0x653F, 0x0001, 0x545F, 0x0001,
    0x090B, 0x0001, 0x2060, 0x0001, 0xC3A0, 0x0001, 0xFE45, 0x0001, 0xFE26, 0x0001, 0xD463, 0x0001,
    0xCC23, 0x0001, 0xF5C5, 0x0001, 0xFEE7, 0x0001, 0xFE26, 0x0001, 0xCC04, 0x0001, 0x6182, 0x0001,
    0x1082, 0x0001, 0x3983, 0x0001, 0xABA6, 0x0001, 0xE549, 0x0001, 0xEDCA, 0x0001, 0xDD48, 0x0001,
    0xC466, 0x0001, 0xC467, 0x0001, 0xE5A9, 0x0001, 0xEDE9, 0x0001, 0xD507, 0x0001, 0xD4C8, 0x0001,
    0xEDCB, 0x0001, 0xFF6C, 0x0001, 0xFF6B, 0x0001, 0xFF8F, 0x0002, 0xED44, 0x0009, 0x18C5, 0x0008,
    0xED44, 0x0008, 0xFF8F, 0x0002, 0xFF4B, 0x0001, 0xD589, 0x0001, 0x9B45, 0x0001, 0xAB44, 0x0001,
    0xC424, 0x0001, 0xC426, 0x0001, 0xC446, 0x0001, 0xA386, 0x0001, 0x3984, 0x0001, 0x0044, 0x0001,
    0x08A4, 0x0001, 0x18E4, 0x0001, 0x0883, 0x0001, 0x0822, 0x0001, 0x6263, 0x0001, 0xFE26, 0x0001,
    0xFF06, 0x0001, 0xFE05, 0x0001, 0xFE06, 0x0001, 0xFDE5, 0x0001, 0xF5C5, 0x0002, 0xF5E5, 0x0001,
    0xE5E5, 0x0001, 0x8B63, 0x0001, 0x0864, 0x0001, 0x00EC, 0x0001, 0x4358, 0x0001, 0x5CBF, 0x0001,
    0x5C9F, 0x0001, 0x3AD5, 0x0001, 0x0027, 0x0001, 0x28E0, 0x0001, 0xDCE2, 0x0001, 0xFF26, 0x0001,
    0xFE26, 0x0001, 0xD463, 0x0001, 0xD443, 0x0001, 0xFDE5, 0x0001, 0xFEC7, 0x0001, 0xFE26, 0x0001,
    0xF504, 0x0001, 0x8AA2, 0x0001, 0x10A2, 0x0001, 0x5245, 0x0001, 0xD487, 0x0001, 0xCC47, 0x0001,
    0xD528, 0x0001, 0xFEEB, 0x0001, 0xDD68, 0x0001, 0xC426, 0x0001, 0xE5E8, 0x0001, 0xFF6A, 0x0001,
    0xF6A9, 0x0001, 0xB426, 0x0001, 0xABE7, 0x0001, 0xF6AB, 0x0001, 0xFFAC, 0x0001, 0xFF8F, 0x0002,
    0xED44, 0x0009, 0x18C5, 0x0008, 0xED44, 0x0008, 0xFF8F, 0x0002, 0xFFCD, 0x0001, 0xE5C8, 0x0001,
    0xB3A6, 0x0001, 0xCD0F, 0x0001, 0xE632, 0x0001, 0xD52A, 0x0001, 0xED47, 0x0001, 0xE527, 0x0001,
    0x8B03, 0x0001, 0x4161, 0x0002, 0x4162, 0x0001, 0x20E2, 0x0001, 0x0022, 0x0001, 0x3163, 0x0001,
    0xB404, 0x0001, 0xC4C4, 0x0001, 0xCCA5, 0x0001, 0xE545, 0x0001, 0xFE25, 0x0001, 0xFEC6, 0x0001,
    0xFEA6, 0x0001, 0xFEE7, 0x0001, 0xFF67, 0x0001, 0xF625, 0x0001, 0x8342, 0x0001, 0x2945, 0x0001,
    0x116C, 0x0001, 0x32B3, 0x0001, 0x2232, 0x0001, 0x00A9, 0x0001, 0x3963, 0x0001, 0x8BE5, 0x0001,
    0xEE4D, 0x0001, 0xF6CC, 0x0001, 0xF584, 0x0001, 0xD462, 0x0001, 0xD423, 0x0001, 0xE504, 0x0001,
    0xF606, 0x0001, 0xFE26, 0x0001, 0xF523, 0x0001, 0x9AC1, 0x0001, 0x30E1, 0x0001, 0x59A3, 0x0001,
    0xBBE6, 0x0001, 0xD508, 0x0001, 0xDDC9, 0x0001, 0xE5E9, 0x0001, 0xDD68, 0x0001, 0xDD69, 0x0001,
    0xEEB0, 0x0001, 0xFFF4, 0x0001, 0xFFB4, 0x0001, 0xB448, 0x0001, 0xAB63, 0x0001, 0xFEEA, 0x0001,
    0xFFEE, 0x0001, 0xFF8F, 0x0002, 0xED44, 0x0009, 0x18C5, 0x0008, 0xED44, 0x0008, 0xFF8F, 0x0002,
    0xFF4C, 0x0001, 0xE5A7, 0x0001, 0xC467, 0x0001, 0xE698, 0x0001, 0xFFDD, 0x0001, 0xF64E, 0x0001,
    0xF5C9, 0x0001, 0xEDEB, 0x0001, 0xDD09, 0x0001, 0xBC06, 0x0001, 0x9B45, 0x0001, 0x7A84, 0x0001,
    0x49A3, 0x0001, 0x18E3, 0x0001, 0x28E2, 0x0001, 0x6162, 0x0001, 0x6941, 0x0001, 0x69A1, 0x0001,
    0xAB22, 0x0001, 0xE4E4, 0x0001, 0xFE05, 0x0001, 0xFE46, 0x0001, 0xFE05, 0x0001, 0xF5E5, 0x0001,
    0xFE86, 0x0001, 0xFE46, 0x0001, 0x7B04, 0x0001, 0x0042, 0x0001, 0x1082, 0x0001, 0x0862, 0x0001,
    0x18C2, 0x0001, 0xAC22, 0x0001, 0xFF0A, 0x0001, 0xFF55, 0x0001, 0xDDAF, 0x0001, 0xCC02, 0x0001,
    0xCBE1, 0x0001, 0xCC03, 0x0001, 0xCBE2, 0x0001, 0xE524, 0x0001, 0xFE26, 0x0001, 0xED44, 0x0001,
    0xAB22, 0x0001, 0x71A2, 0x0001, 0x69A2, 0x0001, 0xA3A6, 0x0001, 0xEE6A, 0x0001, 0xF66A, 0x0001,
    0xCC87, 0x0001, 0xDD46, 0x0001, 0xFF4D, 0x0001, 0xFFBA, 0x0001, 0xFFFF, 0x0001, 0xFFDF, 0x0001,
    0xD590, 0x0001, 0xD4C6, 0x0001, 0xFEEA, 0x0001, 0xFF6C, 0x0001, 0xFF8F, 0x0002, 0xED44, 0x0009,
    0x18C5, 0x0008, 0xED44, 0x0008, 0xFF8F, 0x0002, 0xC4A7, 0x0001, 0xB425, 0x0001, 0x18C5, 0x0001,
    0xDDD1, 0x0001, 0xF672, 0x0001, 0xFEB2, 0x0001, 0xFF36, 0x0001, 0xFF59, 0x0001, 0xFEF4, 0x0001,
    0xEDAC, 0x0001, 0xC447, 0x0001, 0xA344, 0x0001, 0x7A84, 0x0001, 0x49C3, 0x0001, 0x4142, 0x0001,
    0x5901, 0x0001, 0x6901, 0x0001, 0x7161, 0x0001, 0x9262, 0x0001, 0xAB23, 0x0001, 0xAB44, 0x0001,
    0xAB84, 0x0001, 0xB3A4, 0x0001, 0xB384, 0x0001, 0xBC04, 0x0001, 0xCC44, 0x0001, 0x9B23, 0x0001,
    0x5141, 0x0001, 0x3040, 0x0001, 0x5960, 0x0001, 0xB422, 0x0001, 0xF64B, 0x0001, 0xFF91, 0x0001,
    0xFF8F, 0x0001, 0xCCA7, 0x0001, 0x8A21, 0x0001, 0xAB21, 0x0001, 0xD443, 0x0001, 0xCC02, 0x0001,
    0xE4E4, 0x0001, 0xFE46, 0x0001, 0xFE86, 0x0001, 0xE525, 0x0001, 0xB385, 0x0001, 0xBC87, 0x0001,
    0xE62A, 0x0001, 0xE609, 0x0001, 0xDD69, 0x0001, 0xDDA9, 0x0001, 0xF6E8, 0x0001, 0xFFCE, 0x0001,
    0xFFBB, 0x0001, 0xF7BF, 0x0001, 0xF7DF, 0x0001, 0xFF7C, 0x0001, 0xEE74, 0x0001, 0xCD0A, 0x0001,
    0xABE4, 0x0001, 0xFF8F, 0x0002, 0xED44, 0x0009, 0x18C5, 0x0008, 0xED44, 0x0008, 0xFF8F, 0x0002,
    0xAB65, 0x0001, 0x8AC5, 0x0001, 0xFF8F, 0x0001, 0xB340, 0x0001, 0xE4E7, 0x0001, 0xF6B3, 0x0001,
    0xFFFE, 0x0001, 0xFFFF, 0x0001, 0xFFDE, 0x0001, 0xF6B4, 0x0001, 0xD509, 0x0001, 0xBBE5, 0x0001,
    0x9325, 0x0001, 0x6223, 0x0001, 0x51A2, 0x0001, 0x61C2, 0x0001, 0x5962, 0x0001, 0x5142, 0x0001,
    0x71C2, 0x0001, 0x8A43, 0x0001, 0x9262, 0x0001, 0x8A22, 0x0001, 0x79E2, 0x0001, 0x71A2, 0x0001,
    0x7182, 0x0001, 0x71A2, 0x0001, 0x8203, 0x0001, 0x8202, 0x0002, 0xC423, 0x0001, 0xFEE9, 0x0001,
    0xFF55, 0x0001, 0xF6B5, 0x0001, 0xEE07, 0x0001, 0xA340, 0x0001, 0x6142, 0x0001, 0xA2E2, 0x0001,
    0xDC43, 0x0001, 0xC3C3, 0x0001, 0xDCE4, 0x0001, 0xFE46, 0x0001, 0xEE05, 0x0001, 0xDCE5, 0x0001,
    0xCC67, 0x0001, 0xE5CA, 0x0001, 0xEE6A, 0x0001, 0xBC46, 0x0001, 0xC487, 0x0001, 0xFF0C, 0x0001,
    0xF6C8, 0x0001, 0xDE0B, 0x0001, 0xF77A, 0x0001, 0xFFFF, 0x0001, 0xF7BE, 0x0001, 0xFFFF, 0x0001,
    0xF79E, 0x0001, 0xBC4B, 0x0001, 0x79C0, 0x0001, 0xFF8F, 0x0002, 0xED44, 0x0009, 0x18C5, 0x0008,
    0xED44, 0x0008, 0xFF8F, 0x0002, 0xD4A7, 0x0001, 0xBC07, 0x0001, 0xFF8F, 0x0001, 0xB362, 0x0001,
    0xE529, 0x0001, 0xF6B3, 0x0001, 0xFFDC, 0x0001, 0xFFFF, 0x0002, 0xFF9B, 0x0001, 0xF60D, 0x0001,
    0xCC66, 0x0001, 0x9305, 0x0001, 0x59E3, 0x0001, 0x51C2, 0x0001, 0x51C3, 0x0001, 0x2923, 0x0001,
    0x1082, 0x0001, 0x4902, 0x0001, 0x9AA2, 0x0001, 0xCC03, 0x0001, 0xB363, 0x0001, 0x79E2, 0x0001,
    0x6142, 0x0001, 0x6141, 0x0001, 0x6982, 0x0001, 0x5902, 0x0001, 0x79C1, 0x0001, 0xD4A1, 0x0001,
    0xFE88, 0x0001, 0xFF13, 0x0001, 0xFF79, 0x0001, 0xE633, 0x0001, 0xAB85, 0x0001, 0x7180, 0x0001,
    0x6982, 0x0001, 0xB363, 0x0001, 0xC3C2, 0x0001, 0x9282, 0x0001, 0xCC64, 0x0001, 0xFE26, 0x0001,
    0xA363, 0x0001, 0x8223, 0x0001, 0xBC06, 0x0001, 0xC467, 0x0001, 0x9B85, 0x0001, 0x8AC4, 0x0001,
    0xBC47, 0x0001, 0xFE6C, 0x0001, 0xC486, 0x0001, 0x9B87, 0x0001, 0xE6FA, 0x0001, 0xFFFF, 0x0001,
    0xFFDE, 0x0001, 0xFFFF, 0x0001, 0xFF9D, 0x0001, 0xDD4C, 0x0001, 0xAB01, 0x0001, 0xFF8F, 0x0002,
    0xED44, 0x0009, 0x18C5, 0x0008, 0xED44, 0x0008, 0xFF8F, 0x0002, 0xED48, 0x0001, 0xCC87, 0x0001,
    0xFF8F, 0x0001, 0xDD08, 0x0001, 0xF62D, 0x0001, 0xFEF4, 0x0001, 0xFFBC, 0x0001, 0xFFFF, 0x0001,
    0xFFDE, 0x0001, 0xFF99, 0x0001, 0xFE8E, 0x0001, 0xBC46, 0x0001, 0x7244, 0x0001, 0x6203, 0x0002,
    0x59A2, 0x0001, 0x5A03, 0x0002, 0x5101, 0x0001, 0x7181, 0x0001, 0x9AC2, 0x0001, 0x9262, 0x0001,
    0x8202, 0x0001, 0x9AE3, 0x0001, 0x8262, 0x0001, 0x5942, 0x0001, 0x71A0, 0x0001, 0xB403, 0x0001,
    0xFEEE, 0x0001, 0xFF97, 0x0001, 0xEED8, 0x0001, 0xFF94, 0x0001, 0xF62B, 0x0001, 0x8243, 0x0001,
    0x4881, 0x0001, 0x71C2, 0x0001, 0xC3E3, 0x0001, 0xC3A2, 0x0001, 0x71A2, 0x0001, 0xB3E4, 0x0001,
    0xFDE5, 0x0001, 0x8242, 0x0001, 0x6982, 0x0001, 0xCD07, 0x0001, 0xCCC7, 0x0001, 0x8A84, 0x0001,
    0x8264, 0x0001, 0x9B66, 0x0001, 0xBC48, 0x0001, 0xC447, 0x0001, 0xB408, 0x0001, 0xBCAE, 0x0001,
    0xD617, 0x0001, 0xF7BF, 0x0001, 0xFFFF, 0x0001, 0xF73A, 0x0001, 0xDD2B, 0x0001, 0xE526, 0x0001,
    0xFEEB, 0x0001, 0xFF8F, 0x0001, 0xED44, 0x0009, 0x18C5, 0x0008, 0xED44, 0x0008, 0xFF8F, 0x0002,
    0xE508, 0x0001, 0xBC26, 0x0001, 0xFF8F, 0x0001, 0xF60A, 0x0001, 0xFECD, 0x0001, 0xFEF3, 0x0001,
    0xFF9C, 0x0001, 0xFFFF, 0x0001, 0xF759, 0x0001, 0xFED1, 0x0001, 0xFE2C, 0x0001, 0x9BA6, 0x0001,
    0x49A2, 0x0001, 0x82C4, 0x0001, 0x92C4, 0x0001, 0x6982, 0x0001, 0xA2E2, 0x0001, 0xD423, 0x0001,
    0x9282, 0x0001, 0x5941, 0x0001, 0x6982, 0x0001, 0x79E2, 0x0001, 0x9AC3, 0x0001, 0xD423, 0x0001,
    0xAB02, 0x0001, 0x71A2, 0x0001, 0xBBE1, 0x0001, 0xFF2B, 0x0001, 0xFFFC, 0x0001, 0xF7BF, 0x0001,
    0xFEF5, 0x0001, 0xFECA, 0x0001, 0xE523, 0x0001, 0x8221, 0x0001, 0x6122, 0x0001, 0x9283, 0x0001,
    0xCC03, 0x0001, 0xB362, 0x0001, 0x6961, 0x0001, 0xB3E4, 0x0001, 0xFE26, 0x0001, 0x92A2, 0x0001,
    0x7A44, 0x0001, 0xEE8B, 0x0001, 0xFEAA, 0x0001, 0xC426, 0x0001, 0xA365, 0x0001, 0x8AC4, 0x0001,
    0x8AE4, 0x0001, 0xD509, 0x0001, 0xEDCA, 0x0001, 0xA363, 0x0001, 0xA40B, 0x0001, 0xF77D, 0x0001,
    0xFFFF, 0x0001, 0xEF1B, 0x0001, 0xCCAB, 0x0001, 0xED86, 0x0001, 0xFF0B, 0x0001, 0xFF8F, 0x0002,
    0xED44, 0x0008, 0x18C5, 0x0008, 0xED44, 0x0008, 0xFF8F, 0x0002, 0xFDC9, 0x0001, 0xC467, 0x0001,
    0xFF8F, 0x0001, 0xE549, 0x0001, 0xFDEA, 0x0001, 0xF60B, 0x0001, 0xFF15, 0x0001, 0xFFBB, 0x0001,
    0xF691, 0x0001, 0xF5A8, 0x0001, 0xED48, 0x0001, 0x8305, 0x0001, 0x4182, 0x0001, 0x9B65, 0x0001,
    0xABC6, 0x0001, 0x61E3, 0x0001, 0x92A2, 0x0001, 0xDC42, 0x0001, 0xDCA4, 0x0001, 0xC485, 0x0002,
    0xDD66, 0x0001, 0xE525, 0x0001, 0xAB21, 0x0001, 0x9220, 0x0001, 0xC3A2, 0x0001, 0xFE4B, 0x0001,
    0xFFF7, 0x0001, 0xFFFD, 0x0001, 0xFFD8, 0x0001, 0xFEEB, 0x0001, 0xCCA4, 0x0001, 0x9282, 0x0001,
    0x8202, 0x0001, 0xAB03, 0x0001, 0xD403, 0x0001, 0xCBE3, 0x0001, 0x9243, 0x0001, 0x6942, 0x0001,
    0xD485, 0x0001, 0xFEC6, 0x0001, 0x92A1, 0x0001, 0x69E5, 0x0001, 0xEE70, 0x0001, 0xFFAF, 0x0001,
    0xE608, 0x0001, 0xC486, 0x0001, 0xAB85, 0x0002, 0xC467, 0x0001, 0xDD28, 0x0001, 0xD546, 0x0001,
    0xDDE8, 0x0001, 0xF710, 0x0001, 0xFFDB, 0x0001, 0xF75C, 0x0001, 0xDD2C, 0x0001, 0xCC63, 0x0001,
    0x18C5, 0x0001, 0xFF8F, 0x0002, 0xED44, 0x0008, 0x18C5, 0x0008, 0xED44, 0x0008, 0xFF8F, 0x0002,
    0xDCA7, 0x0001, 0x18C5, 0x0001, 0xFF8F, 0x0001, 0x9B04, 0x0001, 0xD4A7, 0x0001, 0xF5EC, 0x0001,
    0xF64F, 0x0001, 0xEE10, 0x0001, 0xF670, 0x0001, 0xEDED, 0x0001, 0xC447, 0x0001, 0x7A63, 0x0001,
    0x6A43, 0x0001, 0xBC26, 0x0001, 0xABC6, 0x0001, 0x4981, 0x0001, 0x7A81, 0x0001, 0xED44, 0x0001,
    0xFEA6, 0x0001, 0xFEE6, 0x0001, 0xFE65, 0x0001, 0xFE64, 0x0001, 0xD504, 0x0001, 0x61E5, 0x0001,
    0x5962, 0x0001, 0xAB61, 0x0001, 0xD50B, 0x0001, 0xDDD3, 0x0001, 0xDDB1, 0x0001, 0xE5CA, 0x0001,
    0xE523, 0x0001, 0x7A20, 0x0001, 0x3860, 0x0001, 0x6182, 0x0001, 0x9B23, 0x0001, 0xAB61, 0x0001,
    0x8A82, 0x0001, 0x5121, 0x0001, 0x48C0, 0x0001, 0x9322, 0x0001, 0xCCE4, 0x0001, 0x92A1, 0x0001,
    0x8AE8, 0x0001, 0xEE97, 0x0001, 0xFFF6, 0x0001, 0xF6CC, 0x0001, 0xD507, 0x0001, 0xCC67, 0x0001,
    0xD4E8, 0x0001, 0xC446, 0x0001, 0xCC67, 0x0001, 0xF6AC, 0x0001, 0xFF6A, 0x0001, 0xFEC8, 0x0001,
    0xFFD9, 0x0001, 0xFF9F, 0x0001, 0xEDAE, 0x0001, 0xC3E2, 0x0001, 0xFF8F, 0x0002, 0xED44, 0x0009,
    0x18C5, 0x0008, 0xED44, 0x0008, 0xFF8F, 0x0002, 0x18C5, 0x0001, 0xFF8F, 0x0002, 0x7A01, 0x0001,
    0xBC29, 0x0001, 0xF6D5, 0x0001, 0xE5EE, 0x0001, 0xCC67, 0x0001, 0xF718, 0x0001, 0xEF3B, 0x0001,
    0xA3A8, 0x0001, 0x7A21, 0x0001, 0x9325, 0x0001, 0xCC87, 0x0001, 0x9B65, 0x0001, 0x4141, 0x0001,
    0x9362, 0x0001, 0xFEC7, 0x0001, 0xFF07, 0x0001, 0xFE05, 0x0001, 0xECC2, 0x0001, 0xA320, 0x0001,
    0x5A24, 0x0001, 0x320E, 0x0001, 0x218C, 0x0001, 0x2902, 0x0001, 0x5980, 0x0001, 0x8224, 0x0001,
    0x8223, 0x0001, 0x8243, 0x0001, 0x8202, 0x0001, 0x38E0, 0x0001, 0x0840, 0x0001, 0x18C2, 0x0001,
    0x2923, 0x0001, 0x2901, 0x0001, 0x20E1, 0x0001, 0x18A1, 0x0002, 0x10A1, 0x0001, 0x3142, 0x0001,
    0x8AE2, 0x0001, 0xDD4D, 0x0001, 0xF77C, 0x0001, 0xFFFD, 0x0001, 0xF6B2, 0x0001, 0xCCC9, 0x0001,
    0xCCA7, 0x0001, 0xEDCA, 0x0001, 0xDD09, 0x0001, 0xCC67, 0x0001, 0xEDAB, 0x0001, 0xFE89, 0x0001,
    0xF6C9, 0x0001, 0xFFD9, 0x0001, 0xF77E, 0x0001, 0xD50C, 0x0001, 0xED06, 0x0001, 0xF5EB, 0x0001,
    0xFF8F, 0x0002, 0xED44, 0x0008, 0x18C5, 0x0008, 0xED44, 0x0009, 0xFF8F, 0x0004, 0xABA5, 0x0001,
    0xD50A, 0x0001, 0xF670, 0x0001, 0xEE30, 0x0001, 0xDDD1, 0x0001, 0xFF9C, 0x0001, 0xEF1A, 0x0001,
    0xB408, 0x0001, 0x92C2, 0x0001, 0xA345, 0x0001, 0xBC05, 0x0001, 0xC48A, 0x0001, 0xA48F, 0x0001,
    0x9C2A, 0x0001, 0x9BC1, 0x0001, 0xAC01, 0x0001, 0xABC4, 0x0001, 0x8308, 0x0001, 0x49C9, 0x0001,
    0x218B, 0x0001, 0x2A32, 0x0001, 0x19F1, 0x0001, 0x090B, 0x0001, 0x2107, 0x0001, 0x4105, 0x0001,
    0x38C1, 0x0001, 0x3040, 0x0001, 0x3080, 0x0001, 0x3A4F, 0x0001, 0x32B1, 0x0001, 0x10C3, 0x0001,
    0x0042, 0x0001, 0x092B, 0x0001, 0x114B, 0x0001, 0x19AC, 0x0001, 0x2A4F, 0x0001, 0x096E, 0x0001,
    0x110A, 0x0001, 0x8B05, 0x0001, 0xEDED, 0x0001, 0xFFBE, 0x0001, 0xFFFF, 0x0001, 0xF6F8, 0x0001,
    0xCCAA, 0x0001, 0xD4A6, 0x0001, 0xF60B, 0x0001, 0xCCE9, 0x0001, 0xAB86, 0x0001, 0xC448, 0x0001,
    0xE5A9, 0x0001, 0xF6EB, 0x0001, 0xFFF3, 0x0001, 0xF715, 0x0001, 0xCD0B, 0x0001, 0xED47, 0x0001,
    0xF5EB, 0x0001, 0xFECC, 0x0001, 0xFFAC, 0x0001, 0xFF8F, 0x0001, 0xED44, 0x0007, 0x18C5, 0x0008,
    0xED44, 0x0009, 0xFF8F, 0x0001, 0xFF4B, 0x0001, 0xE5E9, 0x0001, 0xCC87, 0x0001, 0xE54A, 0x0001,
    0xF60A, 0x0001, 0xEDC9, 0x0001, 0xF6F5, 0x0001, 0xFFFF, 0x0001, 0xFFBC, 0x0001, 0xEE30, 0x0001,
    0xD4C8, 0x0001, 0xA385, 0x0001, 0x9304, 0x0001, 0xAB42, 0x0001, 0xEDEF, 0x0001, 0xFFFF, 0x0001,
    0xAD34, 0x0001, 0x4941, 0x0001, 0x4120, 0x0001, 0x41E9, 0x0001, 0x21F1, 0x0001, 0x2213, 0x0001,
    0x2A11, 0x0004, 0x2A54, 0x0001, 0x2210, 0x0001, 0x1906, 0x0001, 0x0820, 0x0001, 0x18E4, 0x0001,
    0x4399, 0x0001, 0x4BFC, 0x0001, 0x2167, 0x0001, 0x18E5, 0x0001, 0x2A11, 0x0001, 0x21D0, 0x0001,
    0x32B5, 0x0001, 0x5C9F, 0x0001, 0x3B9D, 0x0001, 0x2A0F, 0x0001, 0x8B06, 0x0001, 0xE56B, 0x0001,
    0xF77B, 0x0001, 0xFFFF, 0x0001, 0xF77D, 0x0001, 0xCCEC, 0x0001, 0xD4A6, 0x0001, 0xF5EA, 0x0001,
    0xC488, 0x0001, 0x92E4, 0x0001, 0xAB85, 0x0001, 0xDD48, 0x0001, 0xF6CB, 0x0001, 0xFFEC, 0x0001,
    0xF6CA, 0x0001, 0x18C5, 0x0003, 0xF6EB, 0x0001, 0xFFAC, 0x0001, 0xFF8F, 0x0002, 0xED44, 0x0007,
    0x18C5, 0x0001, 0xED44, 0x0002, 0x18C5, 0x0004, 0xED44, 0x0008, 0xFF8F, 0x0002, 0x18C5, 0x0001,
    0xD548, 0x0001, 0xDCE8, 0x0001, 0xFDEA, 0x0001, 0xFE2B, 0x0001, 0xF62E, 0x0001, 0xFF7B, 0x0001,
    0xFFFF, 0x0001, 0xFFDC, 0x0001, 0xEE0F, 0x0001, 0xD4A8, 0x0001, 0xA385, 0x0001, 0x9304, 0x0001,
    0xAB63, 0x0001, 0xE5AF, 0x0001, 0xFFFF, 0x0001, 0xE71B, 0x0001, 0xA44F, 0x0001, 0x422D, 0x0001,
    0x0991, 0x0001, 0x09D4, 0x0001, 0x196C, 0x0001, 0x2149, 0x0001, 0x19D2, 0x0001, 0x19B0, 0x0001,
    0x2148, 0x0001, 0x2A30, 0x0001, 0x2233, 0x0001, 0x00A5, 0x0001, 0x00A6, 0x0001, 0x21CF, 0x0001,
    0x21EF, 0x0001, 0x19CD, 0x0001, 0x19CF, 0x0001, 0x198D, 0x0001, 0x08E8, 0x0001, 0x0066, 0x0001,
    0x2A50, 0x0001, 0x653F, 0x0001, 0x337C, 0x0001, 0x10E6, 0x0001, 0x8AE3, 0x0001, 0xEDAC, 0x0001,
    0xF6D6, 0x0001, 0xFFFF, 0x0001, 0xF77D, 0x0001, 0xCD0D, 0x0001, 0xCC85, 0x0001, 0xEDCA, 0x0001,
    0xD4E9, 0x0001, 0xAB85, 0x0001, 0xBBE5, 0x0001, 0xDD09, 0x0001, 0xF64B, 0x0001, 0xFFCC, 0x0001,
    0xF6E9, 0x0001, 0xFF8F, 0x0003, 0x18C5, 0x0002, 0xFF8F, 0x0002, 0xED44, 0x0007, 0x18C5, 0x0001,
    0xED44, 0x0002, 0x18C5, 0x0004, 0xED44, 0x0009, 0xFF8F, 0x0002, 0x18C5, 0x0001, 0xBC26, 0x0001,
    0xED88, 0x0001, 0xF64E, 0x0001, 0xF737, 0x0001, 0xF75A, 0x0001, 0xFF59, 0x0001, 0xFF58, 0x0001,
    0xF693, 0x0001, 0xD4E9, 0x0001, 0xA364, 0x0001, 0x9304, 0x0001, 0xB3A3, 0x0001, 0xDD6E, 0x0001,
    0xEF5D, 0x0001, 0xFFFD, 0x0001, 0xFF74, 0x0001, 0x6B6F, 0x0001, 0x29AF, 0x0001, 0x526D, 0x0001,
    0x2944, 0x0001, 0x10A1, 0x0001, 0x420B, 0x0001, 0x41E9, 0x0001, 0x1881, 0x0001, 0x10E8, 0x0001,
    0x218C, 0x0001, 0x4163, 0x0001, 0x39A7, 0x0001, 0x29EF, 0x0001, 0x3124, 0x0001, 0x3900, 0x0001,
    0x39ED, 0x0001, 0x39EB, 0x0001, 0x3920, 0x0001, 0x3060, 0x0001, 0x2967, 0x0001, 0x3317, 0x0001,
    0x3270, 0x0001, 0x4120, 0x0001, 0x8261, 0x0001, 0xCCC9, 0x0001, 0xFED0, 0x0001, 0xFFFD, 0x0001,
    0xF77D, 0x0001, 0xCD2D, 0x0001, 0xD485, 0x0001, 0xEDEB, 0x0001, 0xEDCB, 0x0001, 0xD4A7, 0x0001,
    0xBC26, 0x0001, 0xC447, 0x0001, 0xE54A, 0x0001, 0xFF0C, 0x0001, 0xF6EB, 0x0001, 0xFF8F, 0x0006,
    0xED44, 0x0007, 0x18C5, 0x0008, 0xED44, 0x000A, 0xFF8F, 0x0002, 0x9B45, 0x0001, 0xDD07, 0x0001,
    0xFEB1, 0x0001, 0xFFDE, 0x0001, 0xF717, 0x0001, 0xEDEB, 0x0001, 0xF6B2, 0x0001, 0xF6B4, 0x0001,
    0xD4E9, 0x0001, 0xA364, 0x0001, 0x9304, 0x0001, 0xB383, 0x0001, 0xDD8F, 0x0001, 0xF77E, 0x0001,
    0xFFF9, 0x0001, 0xF6CA, 0x0001, 0x7A84, 0x0001, 0x79C3, 0x0001, 0xBBC3, 0x0001, 0x5203, 0x0001,
    0x18C2, 0x0001, 0xA343, 0x0001, 0xA342, 0x0001, 0x18C2, 0x0001, 0x0003, 0x0001, 0x3144, 0x0001,
    0xB382, 0x0001, 0x82C3, 0x0001, 0x18E4, 0x0001, 0x7A82, 0x0001, 0xBB62, 0x0001, 0x71C3, 0x0001,
    0x8243, 0x0001, 0xBBA1, 0x0001, 0x9A81, 0x0001, 0x38C2, 0x0001, 0x0885, 0x0001, 0x6264, 0x0001,
    0xBBA2, 0x0001, 0x81E1, 0x0001, 0x82A3, 0x0001, 0xEE89, 0x0001, 0xFFF9, 0x0001, 0xF77E, 0x0001,
    0xD52E, 0x0001, 0xCC85, 0x0001, 0xEDCA, 0x0001, 0xFE6C, 0x0001, 0xE56A, 0x0001, 0xA3A6, 0x0001,
    0x9B05, 0x0001, 0xC447, 0x0001, 0xEE6A, 0x0001, 0xFEEB, 0x0001, 0xE568, 0x0001, 0xBBC6, 0x0001,
    0xFF8F, 0x0003, 0xED44, 0x0008, 0x18C5, 0x0008, 0xED44, 0x000A, 0xFF8F, 0x0002, 0x9B23, 0x0001,
    0xED25, 0x0001, 0xFF51, 0x0001, 0xFFFF, 0x0001, 0xFFFD, 0x0001, 0xFE8F, 0x0001, 0xFEF0, 0x0001,
    0xE5EF, 0x0001, 0x9366, 0x0001, 0x9325, 0x0001, 0xB3E6, 0x0001, 0xA343, 0x0001, 0xBCAC, 0x0001,
    0xF739, 0x0001, 0xDE52, 0x0001, 0xA3A3, 0x0001, 0x81C0, 0x0001, 0xC341, 0x0001, 0xFD83, 0x0001,
    0x8B02, 0x0001, 0x51A4, 0x0001, 0xE509, 0x0001, 0xBC88, 0x0001, 0x10C3, 0x0001, 0x2081, 0x0001,
    0x9B22, 0x0001, 0xF5A4, 0x0001, 0x9B63, 0x0001, 0x1081, 0x0001, 0xA3C4, 0x0001, 0xFD44, 0x0001,
    0x81E0, 0x0001, 0xA325, 0x0001, 0xFDEC, 0x0001, 0xAB66, 0x0001, 0x50C0, 0x0001, 0x5960, 0x0001,
    0xBC42, 0x0001, 0xFD64, 0x0001, 0x9262, 0x0001, 0x6160, 0x0001, 0xB465, 0x0001, 0xEED3, 0x0001,
    0xEF19, 0x0001, 0xBC8C, 0x0001, 0xAB83, 0x0001, 0xDD08, 0x0001, 0xFE8C, 0x0001, 0xEDEB, 0x0001,
    0x9B86, 0x0001, 0x8A84, 0x0001, 0xC426, 0x0001, 0xF68A, 0x0001, 0xFF0B, 0x0001, 0xEDA9, 0x0001,
    0x18C5, 0x0001, 0xFF8F, 0x0002, 0xED44, 0x0009, 0x18C5, 0x0008, 0xED44, 0x000A, 0xFF8F, 0x0002,
    0x9306, 0x0001, 0xD4C7, 0x0001, 0xEE70, 0x0001, 0xEF7C, 0x0001, 0xEF7D, 0x0001, 0xF6B4, 0x0001,
    0xFE8D, 0x0001, 0xBC87, 0x0001, 0x51C2, 0x0001, 0x7AA4, 0x0001, 0xCC67, 0x0001, 0x9B03, 0x0001,
    0xB44A, 0x0001, 0xFF15, 0x0001, 0xBC8D, 0x0001, 0x50C0, 0x0001, 0x6101, 0x0001, 0xBC05, 0x0001,
    0xFE26, 0x0001, 0xBBC2, 0x0001, 0x9AE5, 0x0001, 0xFEB4, 0x0001, 0xAD72, 0x0001, 0x18E3, 0x0001,
    0x61C0, 0x0001, 0xFD44, 0x0001, 0xFEC6, 0x0001, 0x8BA5, 0x0001, 0x18C3, 0x0001, 0xAC66, 0x0001,
    0xFDC4, 0x0001, 0x71C0, 0x0001, 0x9BAC, 0x0001, 0xF716, 0x0001, 0x9BAA, 0x0001, 0x6940, 0x0001,
    0xC382, 0x0001, 0xFE25, 0x0001, 0xF606, 0x0001, 0x9303, 0x0001, 0x58E1, 0x0001, 0x8263, 0x0001,
    0xDDAF, 0x0001, 0xF6F5, 0x0001, 0xB44A, 0x0001, 0x8AA2, 0x0001, 0xBBE6, 0x0001, 0xED8A, 0x0001,
    0xE58A, 0x0001, 0xABC6, 0x0001, 0x92E4, 0x0001, 0xBC26, 0x0001, 0xFECB, 0x0001, 0xFF2B, 0x0001,
    0x18C5, 0x0001, 0xFF8F, 0x0002, 0xED44, 0x0009, 0x18C5, 0x0009, 0xED44, 0x000A, 0xFF8F, 0x0002,
    0x4A6E, 0x0001, 0x6310, 0x0001, 0x5B31, 0x0001, 0x5354, 0x0001, 0x83AF, 0x0001, 0xBC07, 0x0001,
    0xCC45, 0x0001, 0x9B23, 0x0001, 0x5180, 0x0001, 0x6A43, 0x0001, 0xABA5, 0x0001, 0xAB64, 0x0001,
    0xD54C, 0x0001, 0xFF76, 0x0001, 0xC48D, 0x0001, 0x4080, 0x0001, 0x1841, 0x0001, 0x62A4, 0x0001,
    0xD4C4, 0x0001, 0xDC20, 0x0001, 0xCC46, 0x0001, 0xFF57, 0x0001, 0xBD94, 0x0001, 0x5142, 0x0001,
    0x8200, 0x0001, 0xFD44, 0x0001, 0xFEA6, 0x0001, 0x93A5, 0x0001, 0x18E3, 0x0001, 0xAC86, 0x0001,
    0xFDA4, 0x0001, 0x6960, 0x0001, 0x8B4D, 0x0001, 0xFF59, 0x0001, 0xB46C, 0x0001, 0x89E0, 0x0001,
    0xCBC2, 0x0001, 0xFE46, 0x0001, 0xFE06, 0x0001, 0x8AC3, 0x0001, 0x50A0, 0x0001, 0x8263, 0x0001,
    0xDDD0, 0x0001, 0xFF56, 0x0001, 0xD52C, 0x0001, 0x9B23, 0x0001, 0x9B45, 0x0001, 0xBC27, 0x0001,
    0xD4C8, 0x0001, 0xC467, 0x0001, 0xA365, 0x0001, 0xA345, 0x0001, 0xEE2A, 0x0001, 0xFF4B, 0x0001,
    0xFF8F, 0x0002, 0xED44, 0x000A, 0x18C5, 0x0009, 0xED44, 0x000A, 0xFF8F, 0x0002, 0x1A13, 0x0001,
    0x19F4, 0x0001, 0x0992, 0x0001, 0x11D4, 0x0001, 0x426F, 0x0001, 0x7AE9, 0x0001, 0x7AC7, 0x0001,
    0x5A48, 0x0001, 0x4A08, 0x0001, 0x5A26, 0x0001, 0x92E4, 0x0001, 0xBBE4, 0x0001, 0xDD6B, 0x0001,
    0xE611, 0x0001, 0xBC2A, 0x0001, 0x6981, 0x0001, 0x1861, 0x0001, 0x4983, 0x0001, 0xBB82, 0x0001,
    0xD3E0, 0x0001, 0xD463, 0x0001, 0xF62E, 0x0001, 0xC4CD, 0x0001, 0x81E2, 0x0001, 0x9240, 0x0001,
    0xED04, 0x0001, 0xFF06, 0x0001, 0x9BE5, 0x0001, 0x0863, 0x0001, 0x9C05, 0x0001, 0xFE25, 0x0001,
    0x9B02, 0x0001, 0xB449, 0x0001, 0xFE8F, 0x0001, 0xABA8, 0x0001, 0x7180, 0x0001, 0xB320, 0x0001,
    0xFD84, 0x0001, 0xFE06, 0x0001, 0xB3A3, 0x0001, 0x71C1, 0x0001, 0x8263, 0x0001, 0xB48C, 0x0001,
    0xE611, 0x0001, 0xDD4B, 0x0001, 0xB3C5, 0x0001, 0x8AE4, 0x0001, 0xA365, 0x0001, 0xCC87, 0x0001,
    0xDCE7, 0x0001, 0xAB85, 0x0001, 0x82A4, 0x0001, 0xEE2A, 0x0001, 0xFF4B, 0x0001, 0xFF8F, 0x0002,
    0xED44, 0x000A, 0x18C5, 0x000F, 0xED44, 0x0004, 0xFF8F, 0x0002, 0x2A11, 0x0001, 0x2211, 0x0001,
    0x2A54, 0x0001, 0x43DC, 0x0001, 0x549D, 0x0001, 0x541C, 0x0001, 0x3AB3, 0x0001, 0x21D0, 0x0001,
    0x2211, 0x0001, 0x526B, 0x0001, 0x9B24, 0x0001, 0xC425, 0x0001, 0xC447, 0x0001, 0xA386, 0x0001,
    0x92C4, 0x0001, 0x8A22, 0x0001, 0x71C2, 0x0001, 0x9283, 0x0001, 0xC3E2, 0x0001, 0xD421, 0x0001,
    0xCC02, 0x0001, 0xDC84, 0x0001, 0xB3A4, 0x0001, 0x8A63, 0x0001, 0xA2C2, 0x0001, 0xED03, 0x0001,
    0xFEE6, 0x0001, 0x9BE5, 0x0001, 0x0883, 0x0001, 0x93A4, 0x0001, 0xFEE6, 0x0001, 0xF605, 0x0001,
    0xF646, 0x0001, 0xFE06, 0x0001, 0x92C3, 0x0001, 0x6941, 0x0001, 0xB341, 0x0001, 0xF584, 0x0001,
    0xFE26, 0x0001, 0xED24, 0x0001, 0xAB02, 0x0001, 0x71A2, 0x0001, 0x7204, 0x0001, 0xA386, 0x0001,
    0xC487, 0x0001, 0xBC06, 0x0001, 0x9305, 0x0001, 0xA385, 0x0001, 0xCC87, 0x0001, 0xD4C7, 0x0001,
    0xA385, 0x0001, 0x8AE4, 0x0001, 0xEE2A, 0x0001, 0xFF4B, 0x0001, 0xFF8F, 0x0002, 0xED44, 0x0005,
    0x18C5, 0x0014, 0xED44, 0x0004, 0xFF8F, 0x0002, 0x19F2, 0x0001, 0x21F1, 0x0001, 0x3AF4, 0x0001,
    0x64DF, 0x0001, 0x6DBF, 0x0001, 0x54DF, 0x0001, 0x3318, 0x0001, 0x118F, 0x0001, 0x114C, 0x0001,
    0x6288, 0x0001, 0xBC06, 0x0001, 0xD486, 0x0001, 0xB3E6, 0x0001, 0x8AC3, 0x0001, 0x69E2, 0x0001,
    0x7A63, 0x0001, 0xC424, 0x0001, 0xDD24, 0x0001, 0xE524, 0x0001, 0xE58B, 0x0001, 0xDD6D, 0x0001,
    0xD422, 0x0001, 0xA280, 0x0001, 0x81C0, 0x0001, 0x9A82, 0x0001, 0xAB63, 0x0001, 0x7B64, 0x0001,
    0x72E4, 0x0001, 0x8AE3, 0x0001, 0xBBC3, 0x0001, 0xE564, 0x0001, 0xFEE6, 0x0001, 0xFF6A, 0x0001,
    0xFE6C, 0x0001, 0xC466, 0x0001, 0xB3E6, 0x0001, 0xD54D, 0x0001, 0xFE6C, 0x0001, 0xFE05, 0x0001,
    0xD463, 0x0001, 0x9262, 0x0001, 0x6141, 0x0001, 0x6181, 0x0001, 0x92E3, 0x0001, 0xBC06, 0x0001,
    0xC467, 0x0001, 0xB3E6, 0x0001, 0xABA5, 0x0001, 0xB3E6, 0x0001, 0xCC67, 0x0001, 0xCC47, 0x0001,
    0xABC6, 0x0001, 0xDD68, 0x0001, 0x18C5, 0x0001, 0xFF8F, 0x0002, 0xED44, 0x0005, 0x18C5, 0x0014,
    0xED44, 0x0004, 0xFF8F, 0x0002, 0x3250, 0x0001, 0x2A11, 0x0001, 0x2253, 0x0001, 0x43BC, 0x0001,
    0x547E, 0x0001, 0x4C1E, 0x0001, 0x3AF7, 0x0001, 0x112C, 0x0001, 0x0862, 0x0001, 0x6242, 0x0001,
    0xD487, 0x0001, 0xD4C7, 0x0001, 0xBC26, 0x0001, 0xA365, 0x0001, 0x59C3, 0x0001, 0x51E3, 0x0001,
    0xCCE5, 0x0001, 0xFEA5, 0x0001, 0xFE65, 0x0001, 0xFEF0, 0x0001, 0xFEF4, 0x0001, 0xE529, 0x0001,
    0xBB83, 0x0001, 0x92A4, 0x0001, 0x9A84, 0x0001, 0x69C2, 0x0001, 0x1082, 0x0001, 0x49A2, 0x0001,
    0xCC03, 0x0001, 0xDC63, 0x0001, 0xD462, 0x0001, 0xED43, 0x0001, 0xF66F, 0x0001, 0xF716, 0x0001,
    0xFEAA, 0x0001, 0xFE87, 0x0001, 0xFEF3, 0x0001, 0xFF30, 0x0001, 0xFE05, 0x0001, 0xB362, 0x0001,
    0x7182, 0x0001, 0x6982, 0x0001, 0x7A43, 0x0001, 0x9B65, 0x0001, 0xBC26, 0x0001, 0xCC87, 0x0001,
    0xCC67, 0x0001, 0xA385, 0x0001, 0x9304, 0x0001, 0xB3C6, 0x0001, 0xE508, 0x0001, 0xD4A7, 0x0001,
    0x18C5, 0x0001, 0xFF8F, 0x0002, 0xED44, 0x0005, 0x18C5, 0x0015, 0xED44, 0x0004, 0xFF8F, 0x0002,
    0xA3C9, 0x0001, 0x52AF, 0x0001, 0x0152, 0x0001, 0x11F4, 0x0001, 0x2254, 0x0001, 0x2255, 0x0001,
    0x2235, 0x0001, 0x012E, 0x0001, 0x0063, 0x0001, 0x6202, 0x0001, 0xCC47, 0x0001, 0xD488, 0x0001,
    0xCC66, 0x0001, 0xCC23, 0x0001, 0x6A43, 0x0001, 0x4183, 0x0001, 0xA363, 0x0001, 0xF584, 0x0001,
    0xFE86, 0x0001, 0xFEE8, 0x0001, 0xFEAC, 0x0001, 0xEE51, 0x0001, 0xEE55, 0x0001, 0xDDD3, 0x0001,
    0xA389, 0x0001, 0x71A1, 0x0001, 0x6982, 0x0001, 0x4123, 0x0001, 0x51C3, 0x0001, 0xCD05, 0x0001,
    0xFDA4, 0x0001, 0xAB01, 0x0001, 0xAC0C, 0x0001, 0xFF16, 0x0001, 0xFF0B, 0x0001, 0xFE22, 0x0001,
    0xFE47, 0x0001, 0xFE89, 0x0001, 0xFE06, 0x0001, 0xD443, 0x0001, 0x9AA2, 0x0001, 0x8A22, 0x0001,
    0x8AA4, 0x0001, 0x9B65, 0x0001, 0xBC26, 0x0001, 0xCC67, 0x0001, 0xCC47, 0x0001, 0xA365, 0x0001,
    0x82C4, 0x0001, 0x8AE5, 0x0001, 0xCC67, 0x0001, 0xE508, 0x0001, 0xFF8F, 0x0002, 0xED44, 0x0006,
    0x18C5, 0x0015, 0xED44, 0x0004, 0xFF8F, 0x0002, 0xDCA6, 0x0001, 0xA46F, 0x0001, 0x5354, 0x0001,
    0x5B52, 0x0001, 0x5ACE, 0x0001, 0x528C, 0x0001, 0x630E, 0x0001, 0x4A6B, 0x0001, 0x2903, 0x0001,
    0x8304, 0x0001, 0xE589, 0x0001, 0xD4E8, 0x0001, 0xC425, 0x0001, 0xDC63, 0x0001, 0x9B22, 0x0001,
    0x7A83, 0x0001, 0xBBC3, 0x0001, 0xED04, 0x0001, 0xED45, 0x0001, 0xED42, 0x0001, 0xFDC4, 0x0001,
    0xFEEF, 0x0001, 0xFFF7, 0x0001, 0xFFB4, 0x0001, 0xCCA9, 0x0001, 0x9A81, 0x0001, 0xB2C2, 0x0001,
    0x5163, 0x0001, 0x0043, 0x0001, 0x8385, 0x0001, 0xED24, 0x0001, 0xAB22, 0x0001, 0xB44C, 0x0001,
    0xFF16, 0x0001, 0xF6D1, 0x0001, 0xF62A, 0x0001, 0xFE6A, 0x0001, 0xFE67, 0x0001, 0xFE24, 0x0001,
    0xF5C4, 0x0001, 0xD444, 0x0001, 0x8A43, 0x0001, 0x71C3, 0x0001, 0x8AC4, 0x0001, 0xBC06, 0x0001,
    0xDD08, 0x0001, 0xD528, 0x0001, 0xBC47, 0x0001, 0x9B45, 0x0001, 0x8AE4, 0x0001, 0xA385, 0x0001,
    0xC467, 0x0001, 0xFF8F, 0x0002, 0xED44, 0x0006, 0x18C5, 0x0015, 0xED44, 0x0004, 0xFF8F, 0x0002,
    0xCC87, 0x0001, 0xF650, 0x0001, 0xF738, 0x0001, 0xF6F6, 0x0001, 0xD56E, 0x0001, 0xBC47, 0x0001,
    0xE569, 0x0001, 0xCCE9, 0x0001, 0x8AC4, 0x0001, 0xBCA7, 0x0001, 0xFF0B, 0x0001, 0xDD69, 0x0001,
    0xBBE5, 0x0001, 0xCC23, 0x0001, 0xC3E2, 0x0001, 0xCC43, 0x0001, 0xF5C5, 0x0002, 0xD443, 0x0001,
    0xC3C2, 0x0001, 0xDCA3, 0x0001, 0xFE06, 0x0001, 0xFEE8, 0x0001, 0xFE87, 0x0001, 0xE504, 0x0001,
    0xC3A2, 0x0001, 0xA2A2, 0x0001, 0x5183, 0x0001, 0x10A3, 0x0001, 0x4943, 0x0001, 0xB322, 0x0001,
    0xED64, 0x0001, 0xF6AD, 0x0001, 0xF6F6, 0x0002, 0xF6F5, 0x0001, 0xFF16, 0x0001, 0xFE8E, 0x0001,
    0xFE24, 0x0001, 0xFE85, 0x0001, 0xE546, 0x0001, 0x9283, 0x0001, 0x6121, 0x0001, 0x71C2, 0x0001,
    0xAB65, 0x0001, 0xE5A9, 0x0001, 0xF6CB, 0x0001, 0xE5E9, 0x0001, 0xBC06, 0x0001, 0xAB65, 0x0001,
    0x8B04, 0x0001, 0x18C5, 0x0001, 0xFF8F, 0x0002, 0xED44, 0x0006, 0x18C5, 0x0015, 0xED44, 0x0004,
    0xFF8F, 0x0002, 0xC467, 0x0001, 0xFED1, 0x0001, 0xFFF9, 0x0001, 0xFFF8, 0x0001, 0xEDAC, 0x0001,
    0xD466, 0x0001, 0xFEF2, 0x0001, 0xFF97, 0x0001, 0xDDAE, 0x0001, 0xBCA8, 0x0001, 0xC508, 0x0001,
    0xD548, 0x0001, 0xDCC7, 0x0001, 0xC3E3, 0x0001, 0xCBA1, 0x0001, 0xDC43, 0x0001, 0xE504, 0x0001,
    0xF5C5, 0x0001, 0xED65, 0x0001, 0xBB82, 0x0001, 0x9240, 0x0001, 0x9AE1, 0x0001, 0xA382, 0x0001,
    0xBBC2, 0x0001, 0xE4A2, 0x0001, 0xDC63, 0x0001, 0x92C3, 0x0001, 0x3943, 0x0001, 0x18C3, 0x0001,
    0x5122, 0x0001, 0xC382, 0x0001, 0xFEA5, 0x0001, 0xFF6A, 0x0001, 0xFEAD, 0x0001, 0xFF2F, 0x0001,
    0xFEAE, 0x0001, 0xDD6C, 0x0001, 0xE5F0, 0x0001, 0xFEB0, 0x0001, 0xE566, 0x0001, 0xE4E1, 0x0001,
    0xE524, 0x0001, 0xA324, 0x0001, 0x6101, 0x0001, 0x6182, 0x0001, 0xBCE7, 0x0001, 0xFFCC, 0x0001,
    0xFEAA, 0x0001, 0xC426, 0x0001, 0xAB85, 0x0001, 0x8AE4, 0x0001, 0xFF8F, 0x0002, 0xED44, 0x0006,
    0x18C5, 0x0016, 0xED44, 0x0004, 0xFF8F, 0x0002, 0xCC87, 0x0001, 0xFE71, 0x0001, 0xFF58, 0x0001,
    0xFF37, 0x0001, 0xDD6C, 0x0001, 0xCCA8, 0x0001, 0xE676, 0x0001, 0xFFDF, 0x0001, 0xFFDA, 0x0001,
    0xBCAC, 0x0001, 0x92E4, 0x0001, 0xD509, 0x0001, 0xFE2B, 0x0001, 0xDC84, 0x0001, 0xCC22, 0x0002,
    0xC3A1, 0x0001, 0xDCA3, 0x0001, 0xFE05, 0x0001, 0xCCA6, 0x0001, 0x8244, 0x0001, 0x6962, 0x0002,
    0x8203, 0x0001, 0xB363, 0x0001, 0xB3A3, 0x0001, 0x6243, 0x0001, 0x10A3, 0x0001, 0x18C3, 0x0001,
    0x9303, 0x0001, 0xF543, 0x0001, 0xEDA5, 0x0001, 0xEDC5, 0x0001, 0xFE04, 0x0001, 0xF605, 0x0001,
    0xE502, 0x0001, 0xD400, 0x0001, 0xE58B, 0x0001, 0xFEF4, 0x0001, 0xD4EA, 0x0001, 0xD462, 0x0001,
    0xF5E5, 0x0001, 0xDCE5, 0x0001, 0x9283, 0x0001, 0x4922, 0x0001, 0x6AE4, 0x0001, 0xEEAA, 0x0001,
    0xFE4A, 0x0001, 0xC406, 0x0001, 0xAB85, 0x0001, 0x8AE4, 0x0001, 0xFF8F, 0x0002, 0xED44, 0x0006,
    0x18C5, 0x0016, 0xED44, 0x0004, 0xFF8F, 0x0002, 0xCC87, 0x0001, 0xFE91, 0x0001, 0xFF58, 0x0001,
    0xF717, 0x0001, 0xFE90, 0x0001, 0xEDAA, 0x0001, 0xC468, 0x0001, 0xCD72, 0x0001, 0xFFFF, 0x0001,
    0xDE14, 0x0001, 0xB3C5, 0x0001, 0xDD8D, 0x0001, 0xFED0, 0x0001, 0xFE07, 0x0001, 0xF5C3, 0x0001,
    0xED63, 0x0001, 0xCC01, 0x0001, 0xC380, 0x0001, 0xD463, 0x0001, 0xE5AD, 0x0001, 0xDDB0, 0x0001,
    0xBBC6, 0x0001, 0x9A60, 0x0001, 0x8A43, 0x0001, 0x7223, 0x0001, 0x49C3, 0x0001, 0x2923, 0x0001,
    0x0022, 0x0001, 0x18C3, 0x0001, 0xCCC5, 0x0001, 0xFE25, 0x0001, 0x8324, 0x0001, 0x9323, 0x0001,
    0xE4C2, 0x0001, 0xB342, 0x0001, 0xA2E2, 0x0001, 0xE524, 0x0001, 0xFE25, 0x0001, 0xFE49, 0x0001,
    0xF6B0, 0x0001, 0xCD2E, 0x0001, 0x9B04, 0x0001, 0xDC83, 0x0001, 0xF5C6, 0x0001, 0x8B44, 0x0001,
    0x3102, 0x0001, 0x18C5, 0x0001, 0xFE29, 0x0001, 0xCC87, 0x0001, 0xBBE6, 0x0001, 0x8AC4, 0x0001,
    0xFF8F, 0x0002, 0xED44, 0x0006, 0x18C5, 0x0016, 0xED44, 0x0004, 0xFF8F, 0x0002, 0xBC06, 0x0001,
    0xF62F, 0x0001, 0xFF57, 0x0001, 0xF716, 0x0001, 0xFEB1, 0x0001, 0xD509, 0x0001, 0x6180, 0x0001,
    0x72C8, 0x0001, 0xFFBD, 0x0001, 0xFEF4, 0x0001, 0xCC87, 0x0001, 0xEED6, 0x0001, 0xFFB8, 0x0001,
    0xFE27, 0x0001, 0xFE46, 0x0001, 0xFECD, 0x0001, 0xEDCD, 0x0001, 0xD465, 0x0001, 0xD441, 0x0001,
    0xF650, 0x0001, 0xFFB8, 0x0001, 0xFE2A, 0x0001, 0xC3A0, 0x0001, 0x7A02, 0x0001, 0x7A43, 0x0001,
    0x7263, 0x0001, 0x4142, 0x0001, 0x0822, 0x0001, 0x18C3, 0x0001, 0x93C5, 0x0001, 0xBCA5, 0x0001,
    0x6203, 0x0001, 0x61A2, 0x0001, 0xAAE2, 0x0001, 0xA2C3, 0x0001, 0xABC4, 0x0001, 0xFE05, 0x0001,
    0xFE85, 0x0001, 0xFE6B, 0x0001, 0xFF96, 0x0001, 0xE634, 0x0001, 0x9B25, 0x0001, 0xCC02, 0x0001,
    0xE545, 0x0001, 0xA3E5, 0x0001, 0x18C5, 0x0001, 0xFF8F, 0x0001, 0x18C5, 0x0001, 0xDCC7, 0x0001,
    0xCC47, 0x0001, 0x8AC4, 0x0001, 0xFF8F, 0x0002, 0xED44, 0x0006, 0x18C5, 0x0016, 0xED44, 0x0004,
    0xFF8F, 0x0002, 0x9B25, 0x0001, 0xE5CF, 0x0001, 0xFF98, 0x0001, 0xFF57, 0x0001, 0xDDAE, 0x0001,
    0x8AE4, 0x0001, 0x1840, 0x0001, 0x4228, 0x0001, 0xEEB6, 0x0001, 0xFE2E, 0x0001, 0xC468, 0x0001,
    0xEF1B, 0x0001, 0xF73A, 0x0001, 0xD484, 0x0001, 0xE528, 0x0001, 0xFF37, 0x0001, 0xFF39, 0x0001,
    0xF66E, 0x0001, 0xFE05, 0x0001, 0xF66E, 0x0001, 0xFF36, 0x0001, 0xFEEA, 0x0001, 0xC422, 0x0001,
    0x6982, 0x0001, 0xA2E2, 0x0001, 0xD423, 0x0001, 0x8A22, 0x0001, 0x30C2, 0x0001, 0x18C3, 0x0001,
    0x3163, 0x0001, 0x6223, 0x0001, 0x8A63, 0x0001, 0x81E2, 0x0001, 0x8A43, 0x0001, 0xD4A5, 0x0001,
    0xFE65, 0x0001, 0xFE44, 0x0001, 0xFE6C, 0x0001, 0xF6F6, 0x0001, 0xF718, 0x0001, 0xFEF1, 0x0001,
    0xFE67, 0x0001, 0xD463, 0x0001, 0x8A43, 0x0001, 0x18C5, 0x0001, 0xFF8F, 0x0002, 0xD487, 0x0001,
    0xD4A7, 0x0001, 0xBC06, 0x0001, 0x8AC4, 0x0001, 0xFF8F, 0x0002, 0xED44, 0x0006, 0x18C5, 0x0016,
    0xED44, 0x0004, 0xFF8F, 0x0002, 0xA365, 0x0001, 0xEEB6, 0x0001, 0xFFFF, 0x0001, 0xFFFB, 0x0001,
    0xC4EC, 0x0001, 0x7201, 0x0001, 0x6A43, 0x0001, 0x7B28, 0x0001, 0x8369, 0x0001, 0xAC07, 0x0001,
    0xDCC8, 0x0001, 0xD54F, 0x0001, 0xA3EC, 0x0001, 0x9242, 0x0001, 0xB385, 0x0001, 0xF60D, 0x0001,
    0xFF0F, 0x0001, 0xFF30, 0x0001, 0xFF11, 0x0001, 0xFE6D, 0x0001, 0xFE69, 0x0001, 0xFF27, 0x0001,
    0xED84, 0x0001, 0x9AA2, 0x0001, 0x6A02, 0x0001, 0x7263, 0x0001, 0x8A02, 0x0001, 0x5122, 0x0001,
    0x10A3, 0x0001, 0x3943, 0x0001, 0x6982, 0x0001, 0x6921, 0x0001, 0x9283, 0x0001, 0xDD05, 0x0001,
    0xFEC5, 0x0001, 0xFF29, 0x0001, 0xFECF, 0x0001, 0xF66F, 0x0001, 0xFEAF, 0x0001, 0xFF16, 0x0001,
    0xFF74, 0x0001, 0xFEC6, 0x0001, 0xE4C1, 0x0001, 0x9262, 0x0001, 0x81C2, 0x0001, 0xFF8F, 0x0002,
    0xD4E8, 0x0001, 0xDCE8, 0x0001, 0xBC06, 0x0001, 0x18C5, 0x0001, 0xFF8F, 0x0002, 0xED44, 0x0006,
    0x18C5, 0x0016, 0xED44, 0x0004, 0xFF8F, 0x0002, 0x9B25, 0x0001, 0xE656, 0x0001, 0xF79D, 0x0001,
    0xEEF6, 0x0001, 0xC4EC, 0x0001, 0xABC7, 0x0001, 0xCC66, 0x0001, 0xB3C5, 0x0001, 0x59E2, 0x0001,
    0x7AC4, 0x0001, 0xB3E6, 0x0001, 0x9262, 0x0001, 0x79A0, 0x0001, 0x92A3, 0x0001, 0xAB23, 0x0001,
    0xC3A0, 0x0001, 0xED00, 0x0001, 0xFE49, 0x0001, 0xF6D4, 0x0001, 0xFEAF, 0x0001, 0xFE26, 0x0001,
    0xEDA5, 0x0001, 0xFDA5, 0x0001, 0xE4C3, 0x0001, 0x5A03, 0x0001, 0x0842, 0x0001, 0x4902, 0x0001,
    0x4122, 0x0001, 0x18E3, 0x0001, 0x61E3, 0x0001, 0x9242, 0x0001, 0x79E2, 0x0001, 0xABA4, 0x0001,
    0xF5E5, 0x0001, 0xEDA3, 0x0001, 0xEDA9, 0x0001, 0xF6D4, 0x0001, 0xFEAD, 0x0001, 0xFE04, 0x0001,
    0xF64E, 0x0001, 0xF6B3, 0x0001, 0xFE6A, 0x0001, 0xFDC4, 0x0001, 0xD442, 0x0001, 0xA2A2, 0x0001,
    0x48A1, 0x0001, 0xFF8F, 0x0001, 0x18C5, 0x0001, 0xC447, 0x0001, 0x18C5, 0x0001, 0xFF8F, 0x0002,
    0xED44, 0x0003, 0x18C5, 0x0002, 0xED44, 0x0001, 0x18C5, 0x0017, 0xED44, 0x0004, 0xFF8F, 0x0002,
    0x18C5, 0x0001, 0xAC2A, 0x0001, 0xBC4A, 0x0001, 0x9B87, 0x0001, 0xCD6F, 0x0001, 0xFED4, 0x0001,
    0xBC69, 0x0001, 0x9AC2, 0x0001, 0xB3C5, 0x0001, 0x8B65, 0x0001, 0x51C3, 0x0001, 0x58E1, 0x0001,
    0xA2E2, 0x0001, 0xF5A5, 0x0001, 0xC424, 0x0001, 0x89E1, 0x0001, 0xB320, 0x0001, 0xED01, 0x0001,
    0xFE27, 0x0001, 0xFF51, 0x0001, 0xEE52, 0x0001, 0x9B27, 0x0001, 0xC402, 0x0001, 0xFE45, 0x0001,
    0xABC4, 0x0001, 0x3082, 0x0001, 0x1042, 0x0001, 0x2103, 0x0001, 0x4183, 0x0001, 0x5122, 0x0001,
    0x8A62, 0x0001, 0xED65, 0x0001, 0xE505, 0x0001, 0x92A3, 0x0001, 0x79C2, 0x0001, 0xAB85, 0x0001,
    0xF62A, 0x0001, 0xFF29, 0x0001, 0xFDE4, 0x0001, 0xDC83, 0x0001, 0xD50B, 0x0001, 0xF6D4, 0x0001,
    0xFF4E, 0x0001, 0xF562, 0x0001, 0xAAE1, 0x0001, 0x48A1, 0x0001, 0xFF8F, 0x0002, 0x18C5, 0x0001,
    0xFF8F, 0x0002, 0xED44, 0x0004, 0x18C5, 0x001A, 0xED44, 0x0005, 0xFF8F, 0x0002, 0x18C5, 0x0001,
    0x9280, 0x0001, 0xA302, 0x0001, 0xBC8A, 0x0001, 0xBD71, 0x0001, 0xBD0F, 0x0001, 0xBC6A, 0x0001,
    0xBC47, 0x0001, 0x8B04, 0x0001, 0x6A42, 0x0001, 0x9B44, 0x0001, 0xDCC6, 0x0001, 0xE545, 0x0001,
    0xC423, 0x0001, 0xAB63, 0x0001, 0xC449, 0x0001, 0xE58A, 0x0001, 0xFE28, 0x0001, 0xFF4F, 0x0001,
    0xEE31, 0x0001, 0x9B06, 0x0001, 0xAB21, 0x0001, 0xDD05, 0x0001, 0xBB83, 0x0001, 0x7181, 0x0001,
    0x4982, 0x0001, 0x51E3, 0x0001, 0x69E2, 0x0001, 0x6961, 0x0001, 0x8242, 0x0001, 0xC4A5, 0x0001,
    0xCCC5, 0x0001, 0xAB64, 0x0001, 0x9B04, 0x0001, 0xB3A3, 0x0001, 0xE4C2, 0x0001, 0xF605, 0x0001,
    0xFE26, 0x0001, 0xE4E0, 0x0001, 0xD483, 0x0001, 0xE5AF, 0x0001, 0xFF93, 0x0001, 0xFEAC, 0x0001,
    0x8A63, 0x0001, 0x6122, 0x0001, 0xFF8F, 0x0004, 0xED44, 0x0004, 0x18C5, 0x001C, 0xED44, 0x0005,
    0xFF8F, 0x0002, 0x18C5, 0x0001, 0xD4A7, 0x0001, 0x9B24, 0x0001, 0x51E3, 0x0001, 0xD5D1, 0x0001,
    0xE653, 0x0001, 0x6265, 0x0001, 0x69E0, 0x0001, 0xD463, 0x0001, 0xFE45, 0x0001, 0xDD05, 0x0001,
    0x9283, 0x0001, 0xBBA2, 0x0001, 0xFE67, 0x0001, 0xFEF1, 0x0001, 0xF6F8, 0x0001, 0xF6F6, 0x0001,
    0xFEAD, 0x0001, 0xFDE5, 0x0001, 0xDCA2, 0x0001, 0xB363, 0x0001, 0x9263, 0x0001, 0x6962, 0x0001,
    0x7A02, 0x0001, 0xC3C2, 0x0001, 0xAB62, 0x0001, 0x6982, 0x0001, 0x81E2, 0x0001, 0x7A23, 0x0001,
    0x4982, 0x0001, 0x9384, 0x0001, 0xFE46, 0x0001, 0xFEC6, 0x0001, 0xED65, 0x0001, 0xCC23, 0x0001,
    0xDCC4, 0x0001, 0xFE46, 0x0001, 0xFEA7, 0x0001, 0xED43, 0x0001, 0xCC02, 0x0001, 0xF60E, 0x0001,
    0xEEB5, 0x0001, 0x7A67, 0x0001, 0x8A62, 0x0001, 0xF5CB, 0x0001, 0xFF8F, 0x0002, 0xED44, 0x0005,
    0x18C5, 0x001C, 0xED44, 0x0006, 0xFF8F, 0x0002, 0x18C5, 0x0001, 0xB3A4, 0x0001, 0x9B64, 0x0001,
    0xC4CB, 0x0001, 0x83CB, 0x0001, 0x18C5, 0x0001, 0xAB20, 0x0001, 0xF503, 0x0001, 0xED45, 0x0001,
    0xB383, 0x0001, 0x9A61, 0x0001, 0xD4EA, 0x0001, 0xFFB2, 0x0001, 0xFF2C, 0x0001, 0xFEAF, 0x0001,
    0xF717, 0x0001, 0xFEAE, 0x0001, 0xFDE3, 0x0001, 0xE4C2, 0x0001, 0xB323, 0x0001, 0x7182, 0x0001,
    0x1822, 0x0001, 0x4162, 0x0001, 0xDC63, 0x0001, 0xBBC2, 0x0001, 0x28E2, 0x0001, 0x3923, 0x0001,
    0x7A63, 0x0001, 0x92E2, 0x0001, 0x9B23, 0x0001, 0xAB84, 0x0001, 0xCCA4, 0x0001, 0xED44, 0x0001,
    0xED65, 0x0001, 0xF5A4, 0x0001, 0xFE47, 0x0001, 0xFF2F, 0x0001, 0xF62C, 0x0001, 0xCBE1, 0x0001,
    0xB345, 0x0001, 0xB42C, 0x0001, 0xCCC7, 0x0001, 0xDCE4, 0x0001, 0xC426, 0x0001, 0xA346, 0x0001,
    0xFF8F, 0x0001, 0xED44, 0x0005, 0x18C5, 0x001D, 0xED44, 0x0002, 0x18C5, 0x0001, 0xED44, 0x0003,
    0xFF8F, 0x0002, 0x18C5, 0x0001, 0xDCC8, 0x0001, 0x8AE3, 0x0001, 0x1000, 0x0001, 0xFF8F, 0x0001,
    0x18C5, 0x0001, 0xC3A3, 0x0001, 0x8A23, 0x0001, 0x8201, 0x0001, 0xDC62, 0x0001, 0xF60E, 0x0001,
    0xEE73, 0x0001, 0xFE29, 0x0001, 0xFE6A, 0x0001, 0xF6F5, 0x0001, 0xFEAE, 0x0001, 0xFE04, 0x0001,
    0xE4E2, 0x0001, 0xB342, 0x0001, 0x6982, 0x0001, 0x20A2, 0x0001, 0x41A3, 0x0001, 0xAB82, 0x0001,
    0x92E2, 0x0001, 0x20C2, 0x0001, 0x18A3, 0x0001, 0x7263, 0x0001, 0xCC03, 0x0001, 0xAAE2, 0x0001,
    0x6961, 0x0001, 0xA2C2, 0x0001, 0xE504, 0x0001, 0xFDE6, 0x0001, 0xFE03, 0x0001, 0xFE26, 0x0001,
    0xFEF3, 0x0001, 0xF6B4, 0x0001, 0xDCE5, 0x0001, 0x9A60, 0x0001, 0x9241, 0x0001, 0xED85, 0x0001,
    0xE525, 0x0001, 0x6961, 0x0001, 0x18C5, 0x0001, 0xFF8F, 0x0002, 0xED44, 0x0004, 0x18C5, 0x0020,
    0xED44, 0x0004, 0xFF8F, 0x0002, 0x18C5, 0x0003, 0xFF8F, 0x0002, 0x8202, 0x0001, 0x58A1, 0x0001,
    0x8242, 0x0001, 0xFE05, 0x0001, 0xFDA5, 0x0001, 0xCC67, 0x0001, 0xEE10, 0x0001, 0xFF57, 0x0001,
    0xF716, 0x0001, 0xFE6C, 0x0001, 0xFE23, 0x0001, 0xFE43, 0x0001, 0xC423, 0x0001, 0x6982, 0x0001,
    0x8262, 0x0001, 0xAB83, 0x0001, 0x8A62, 0x0001, 0x6982, 0x0001, 0x6162, 0x0001, 0x49A2, 0x0001,
    0x51C3, 0x0001, 0x7A02, 0x0001, 0x9261, 0x0001, 0xB382, 0x0001, 0xED65, 0x0001, 0xF5C5, 0x0001,
    0xD484, 0x0001, 0xE4C1, 0x0001, 0xFE45, 0x0001, 0xFEF3, 0x0001, 0xFEF4, 0x0001, 0xFE06, 0x0001,
    0xDC60, 0x0001, 0xB322, 0x0001, 0xAB43, 0x0001, 0x9AC3, 0x0001, 0x6961, 0x0001, 0xFF8F, 0x0002,
    0xED44, 0x0005, 0x18C5, 0x0021, 0xED44, 0x0004, 0xFF8F, 0x0006, 0x58E1, 0x0001, 0x92A3, 0x0001,
    0xCC85, 0x0001, 0xDD26, 0x0001, 0xDCA2, 0x0002, 0xEE0B, 0x0001, 0xFF14, 0x0001, 0xF6F6, 0x0001,
    0xF68F, 0x0001, 0xFEAB, 0x0001, 0xFF2D, 0x0001, 0xC4CA, 0x0001, 0x71A2, 0x0001, 0xBB61, 0x0001,
    0xE483, 0x0001, 0x81E2, 0x0001, 0x48A1, 0x0001, 0x5942, 0x0001, 0x61C2, 0x0001, 0x5162, 0x0001,
    0x5101, 0x0001, 0x8A62, 0x0001, 0xE4A3, 0x0001, 0xF5A5, 0x0001, 0xE524, 0x0001, 0xDC61, 0x0001,
    0xE525, 0x0001, 0xFEAE, 0x0001, 0xFEF3, 0x0001, 0xFED3, 0x0001, 0xFEAD, 0x0001, 0xFE67, 0x0001,
    0xED24, 0x0001, 0xAB02, 0x0001, 0x81C2, 0x0001, 0x71A2, 0x0001, 0xFF8F, 0x0002, 0xED44, 0x0005,
    0x18C5, 0x0021, 0xED44, 0x0005, 0xFF8F, 0x0005, 0x79E2, 0x0001, 0xED85, 0x0002, 0x9283, 0x0001,
    0xB3C4, 0x0001, 0xFE66, 0x0001, 0xFE64, 0x0001, 0xFE4A, 0x0001, 0xF6F4, 0x0001, 0xF6F6, 0x0001,
    0xFF15, 0x0001, 0xFF77, 0x0001, 0xCD2F, 0x0001, 0x8A43, 0x0001, 0xB321, 0x0001, 0xCC03, 0x0001,
    0x8A22, 0x0001, 0x30C2, 0x0001, 0x18C3, 0x0001, 0x4942, 0x0001, 0x7181, 0x0001, 0x6141, 0x0001,
    0x92A2, 0x0001, 0xD423, 0x0002, 0xD462, 0x0001, 0xFDE4, 0x0001, 0xFECD, 0x0001, 0xF6F6, 0x0004,
    0xFECE, 0x0001, 0xFE05, 0x0001, 0xED02, 0x0001, 0xB343, 0x0001, 0x71A2, 0x0001, 0xFF8F, 0x0002,
    0xED44, 0x0005, 0x18C5, 0x0022, 0xED44, 0x0006, 0xFF8F, 0x0001, 0xD442, 0x0001, 0xE524, 0x0001,
    0xDD25, 0x0001, 0xE525, 0x0001, 0x9AC3, 0x0001, 0x50A1, 0x0001, 0xA343, 0x0001, 0xFEC7, 0x0001,
    0xFEEB, 0x0001, 0xF690, 0x0001, 0xF6F5, 0x0001, 0xF6F9, 0x0001, 0xFF38, 0x0001, 0xFF71, 0x0001,
    0xEDA8, 0x0001, 0xB342, 0x0001, 0xA2C2, 0x0001, 0xA303, 0x0001, 0x7A22, 0x0001, 0x3122, 0x0001,
    0x10A3, 0x0001, 0x5142, 0x0001, 0x7981, 0x0001, 0x6961, 0x0001, 0x8A62, 0x0001, 0xCC23, 0x0001,
    0xECE2, 0x0001, 0xF5E8, 0x0001, 0xFF31, 0x0001, 0xFEF0, 0x0001, 0xFE8D, 0x0001, 0xFF57, 0x0001,
    0xFFBD, 0x0001, 0xF75B, 0x0001, 0xE5EE, 0x0001, 0xED23, 0x0001, 0xFDE3, 0x0001, 0xD4A5, 0x0001,
    0x71C2, 0x0001, 0xFF8F, 0x0002, 0xED44, 0x0005, 0x18C5, 0x0022, 0xED44, 0x0005, 0xFF8F, 0x0002,
    0xC3A2, 0x0001, 0xFE05, 0x0001, 0xEDA5, 0x0001, 0xA303, 0x0001, 0x6942, 0x0001, 0x8222, 0x0001,
    0xC462, 0x0001, 0xFE67, 0x0001, 0xFF13, 0x0001, 0xF718, 0x0001, 0xF6F5, 0x0002, 0xF6B0, 0x0001,
    0xEDC6, 0x0001, 0xED42, 0x0001, 0xDCC3, 0x0001, 0xAB03, 0x0001, 0x71C2, 0x0001, 0x49A3, 0x0001,
    0x2943, 0x0001, 0x10A3, 0x0001, 0x3902, 0x0001, 0x5942, 0x0001, 0x6982, 0x0001, 0x9282, 0x0001,
    0xD423, 0x0001, 0xFDA3, 0x0001, 0xFE4A, 0x0001, 0xEE74, 0x0001, 0xF60B, 0x0001, 0xFE24, 0x0001,
    0xFF77, 0x0001, 0xFFFF, 0x0001, 0xFF34, 0x0001, 0xD4A7, 0x0001, 0xCBE2, 0x0001, 0xFE45, 0x0001,
    0xEDA6, 0x0001, 0x8202, 0x0001, 0x50A1, 0x0001, 0xFF8F, 0x0001, 0xED44, 0x0005, 0x18C5, 0x0022,
    0xED44, 0x0005, 0xFF8F, 0x0002, 0x9AC3, 0x0001, 0xB343, 0x0001, 0x8242, 0x0001, 0x71A2, 0x0001,
    0xA303, 0x0001, 0xED85, 0x0001, 0xFE44, 0x0001, 0xFE27, 0x0001, 0xFED2, 0x0001, 0xF718, 0x0001,
    0xF6F5, 0x0001, 0xFF0E, 0x0001, 0xF5C6, 0x0001, 0xA322, 0x0001, 0xBBE3, 0x0001, 0xFE05, 0x0001,
    0xBBE4, 0x0001, 0x5101, 0x0001, 0x18A2, 0x0001, 0x10C3, 0x0001, 0x10A2, 0x0001, 0x0882, 0x0001,
    0x28E2, 0x0001, 0x71C2, 0x0001, 0xAB02, 0x0001, 0xCC23, 0x0001, 0xDCA3, 0x0001, 0xD464, 0x0001,
    0xCC46, 0x0001, 0xE503, 0x0001, 0xFE46, 0x0001, 0xFF15, 0x0001, 0xFF37, 0x0001, 0xFE89, 0x0001,
    0xDC61, 0x0001, 0xCBE2, 0x0001, 0xFE25, 0x0001, 0xFE06, 0x0001, 0x92A3, 0x0001, 0x7162, 0x0001,
    0x6981, 0x0001, 0xFF8F, 0x0001, 0xED44, 0x0004, 0x18C5, 0x0022, 0xED44, 0x0005, 0xFF8F, 0x0002,
    0x18C5, 0x0001, 0x6122, 0x0001, 0x50E1, 0x0001, 0x79C2, 0x0001, 0xAB44, 0x0001, 0xD4C5, 0x0001,
    0xEDC4, 0x0001, 0xFE27, 0x0001, 0xFEB0, 0x0001, 0xF718, 0x0001, 0xF717, 0x0001, 0xFF2D, 0x0001,
    0xED62, 0x0001, 0x79E1, 0x0001, 0x9AE4, 0x0001, 0xFDC5, 0x0001, 0xBBE3, 0x0001, 0x5901, 0x0001,
    0x38C2, 0x0001, 0x3122, 0x0001, 0x3143, 0x0002, 0x4963, 0x0001, 0x8223, 0x0001, 0xB343, 0x0001,
    0xCC03, 0x0001, 0xCBE3, 0x0001, 0xCBE2, 0x0001, 0xDC81, 0x0001, 0xED83, 0x0001, 0xFE47, 0x0001,
    0xFE6A, 0x0001, 0xFE6D, 0x0001, 0xFE8C, 0x0001, 0xF608, 0x0001, 0xED64, 0x0001, 0xDCE4, 0x0001,
    0xB3A4, 0x0001, 0x79E2, 0x0001, 0x79A2, 0x0001, 0x6982, 0x0001, 0xFF8F, 0x0002, 0xED44, 0x0004,
    0x18C5, 0x0021, 0xED44, 0x0006, 0xFF8F, 0x0002, 0x18C5, 0x0001, 0x71A2, 0x0001, 0x8A43, 0x0001,
    0x8223, 0x0001, 0x8203, 0x0001, 0xC422, 0x0001, 0xFE67, 0x0001, 0xFF11, 0x0001, 0xF6F8, 0x0001,
    0xF6F6, 0x0001, 0xFF2D, 0x0001, 0xED84, 0x0001, 0x7A21, 0x0001, 0x7A02, 0x0001, 0xCC02, 0x0001,
    0xB383, 0x0001, 0x8202, 0x0001, 0x7182, 0x0001, 0x5982, 0x0001, 0x51C3, 0x0001, 0x7A23, 0x0001,
    0x9243, 0x0001, 0x8A23, 0x0001, 0xA303, 0x0001, 0xCC23, 0x0001, 0xCC02, 0x0001, 0xD483, 0x0001,
    0xFDE5, 0x0001, 0xFE66, 0x0001, 0xFE25, 0x0001, 0xFE04, 0x0001, 0xFE6B, 0x0001, 0xF6D5, 0x0001,
    0xFF10, 0x0001, 0xF5C4, 0x0001, 0xAB42, 0x0001, 0x71A2, 0x0001, 0x6982, 0x0001, 0x71A2, 0x0001,
    0x6982, 0x0001, 0xFF8F, 0x0002, 0xED44, 0x0004, 0x18C5, 0x0021, 0xED44, 0x0006, 0xFF8F, 0x0001,
    0x6161, 0x0001, 0x79A2, 0x0001, 0x71A2, 0x0001, 0x79C2, 0x0001, 0x8202, 0x0001, 0xAB02, 0x0001,
    0xE4E2, 0x0001, 0xFE88, 0x0001, 0xFF14, 0x0001, 0xF6D6, 0x0001, 0xFE6C, 0x0001, 0xFEC7, 0x0001,
    0xED85, 0x0001, 0x7A02, 0x0001, 0x50C1, 0x0001, 0x8201, 0x0001, 0xBB62, 0x0001, 0xAB43, 0x0001,
    0x59A2, 0x0001, 0x30E2, 0x0001, 0x18C5, 0x0001, 0x7A83, 0x0001, 0x7202, 0x0001, 0x6982, 0x0001,
    0x9AE2, 0x0001, 0xDC83, 0x0001, 0xD402, 0x0001, 0xC3E2, 0x0001, 0xED24, 0x0001, 0xFDE4, 0x0001,
    0xFE26, 0x0001, 0xFE6D, 0x0001, 0xFED1, 0x0001, 0xF6AE, 0x0001, 0xCCE8, 0x0001, 0xA303, 0x0001,
    0x9AA2, 0x0001, 0xAB02, 0x0001, 0xAB22, 0x0001, 0x9262, 0x0001, 0x6161, 0x0001, 0xFF8F, 0x0002,
    0xED44, 0x0004, 0x18C5, 0x0021, 0xED44, 0x0005, 0xFF8F, 0x0002, 0x6161, 0x0001, 0xAAE3, 0x0001,
    0xA323, 0x0001, 0x69A2, 0x0001, 0x71A1, 0x0001, 0xC3C3, 0x0001, 0xF522, 0x0001, 0xFE07, 0x0001,
    0xFEF1, 0x0001, 0xFEAF, 0x0001, 0xFE25, 0x0001, 0xFE84, 0x0001, 0xF5E6, 0x0001, 0xA323, 0x0001,
    0x5901, 0x0001, 0x6142, 0x0001, 0xC3A2, 0x0001, 0xCC23, 0x0001, 0x39A3, 0x0001, 0x0003, 0x0001,
    0xFF8F, 0x0001, 0x5203, 0x0001, 0x59E3, 0x0001, 0x69A2, 0x0001, 0x9242, 0x0001, 0xBBA2, 0x0001,
    0xE4C3, 0x0001, 0xD463, 0x0001, 0xB362, 0x0001, 0xD462, 0x0001, 0xFE67, 0x0001, 0xFF12, 0x0002,
    0xFEA6, 0x0001, 0xCC41, 0x0001, 0x9AC3, 0x0001, 0xC423, 0x0001, 0xF563, 0x0001, 0xE4A3, 0x0001,
    0xAAE2, 0x0001, 0x6141, 0x0001, 0xFF8F, 0x0002, 0xED44, 0x0004, 0x18C5, 0x0021, 0xED44, 0x0005,
    0xFF8F, 0x0002, 0x5901, 0x0001, 0xCC44, 0x0001, 0xF5C5, 0x0001, 0x8AC3, 0x0001, 0x50E1, 0x0001,
    0x9262, 0x0001, 0xBBA2, 0x0001, 0xE4C3, 0x0001, 0xFE27, 0x0001, 0xFE88, 0x0001, 0xFE25, 0x0001,
    0xFE65, 0x0001, 0xFE26, 0x0001, 0xDCA3, 0x0001, 0x9AA2, 0x0001, 0x79E2, 0x0001, 0xCBC3, 0x0001,
    0xC423, 0x0001, 0x41A3, 0x0001, 0x0003, 0x0001, 0xFF8F, 0x0001, 0x51E3, 0x0001, 0x6A23, 0x0001,
    0x8A63, 0x0001, 0x7981, 0x0001, 0x79E2, 0x0001, 0xED65, 0x0001, 0xED85, 0x0001, 0x8222, 0x0001,
    0xA323, 0x0001, 0xFE86, 0x0001, 0xFEC9, 0x0001, 0xFE48, 0x0001, 0xFE66, 0x0001, 0xFE25, 0x0001,
    0xFE06, 0x0001, 0xFE46, 0x0001, 0xFDE5, 0x0001, 0xDC63, 0x0001, 0xA2A2, 0x0001, 0x6161, 0x0001,
    0xFF8F, 0x0002, 0xED44, 0x0004, 0x18C5, 0x0021, 0xED44, 0x0005, 0xFF8F, 0x0001, 0xA2C2, 0x0001,
    0x6141, 0x0001, 0xC3E3, 0x0001, 0xFE05, 0x0001, 0xCC43, 0x0001, 0x7A02, 0x0001, 0x79C2, 0x0001,
    0x8A43, 0x0001, 0xB362, 0x0001, 0xDC82, 0x0001, 0xF583, 0x0001, 0xFE06, 0x0002, 0xED44, 0x0001,
    0xCC03, 0x0001, 0xB343, 0x0001, 0xAB23, 0x0001, 0xC362, 0x0001, 0xA2E2, 0x0001, 0x4163, 0x0001,
    0x18C5, 0x0001, 0xFF8F, 0x0001, 0x18C5, 0x0001, 0x6A23, 0x0001, 0x7A43, 0x0001, 0x6982, 0x0001,
    0x6962, 0x0001, 0xBBE4, 0x0001, 0xB3E4, 0x0001, 0x6162, 0x0001, 0x92A3, 0x0001, 0xF5C4, 0x0001,
    0xFE03, 0x0001, 0xED23, 0x0001, 0xDCC5, 0x0001, 0xC465, 0x0001, 0xCCA4, 0x0001, 0xDD25, 0x0001,
    0xF544, 0x0001, 0xDC63, 0x0001, 0x9AC2, 0x0001, 0x6141, 0x0001, 0x58E2, 0x0001, 0xFF8F, 0x0001,
    0xED44, 0x0004, 0x18C5, 0x0020, 0xED44, 0x0005, 0xFF8F, 0x0001, 0xE4A3, 0x0001, 0xCBE3, 0x0001,
    0x71C2, 0x0001, 0x8242, 0x0001, 0xCC22, 0x0001, 0xDC83, 0x0001, 0xBBA3, 0x0001, 0x9283, 0x0001,
    0x79E3, 0x0001, 0x8A62, 0x0001, 0xB362, 0x0001, 0xED24, 0x0001, 0xFE26, 0x0001, 0xF564, 0x0001,
    0xBB82, 0x0001, 0x8A22, 0x0001, 0xA303, 0x0001, 0xD423, 0x0001, 0xA2E2, 0x0001, 0x5921, 0x0001,
    0x18C5, 0x0001, 0xFF8F, 0x0003, 0x18C5, 0x0001, 0x49A2, 0x0001, 0x7A43, 0x0001, 0x9263, 0x0001,
    0x79C2, 0x0001, 0x5921, 0x0001, 0x6141, 0x0001, 0x9AA2, 0x0001, 0xCC22, 0x0001, 0xDC43, 0x0001,
    0xBB83, 0x0001, 0x9263, 0x0001, 0x6142, 0x0001, 0x6981, 0x0001, 0xB342, 0x0001, 0xE483, 0x0001,
    0xD423, 0x0001, 0x92A2, 0x0001, 0x6962, 0x0001, 0x71A2, 0x0001, 0x71A1, 0x0001, 0xFF8F, 0x0001,
    0xED44, 0x0003, 0x18C5, 0x0002, 0xED44, 0x0001, 0x18C5, 0x001D, 0xED44, 0x0004, 0xFF8F, 0x0002,
    0xE4A3, 0x0001, 0xE463, 0x0001, 0x8A02, 0x0001, 0x5961, 0x0001, 0x7242, 0x0001, 0x9AE3, 0x0001,
    0xC3A3, 0x0001, 0xCC03, 0x0001, 0x9282, 0x0001, 0x8203, 0x0001, 0xCC44, 0x0001, 0xFEA6, 0x0001,
    0xFEC6, 0x0001, 0xD4A4, 0x0001, 0x8A42, 0x0001, 0x6962, 0x0001, 0xAB03, 0x0001, 0xDC83, 0x0001,
    0x7AA3, 0x0001, 0x0822, 0x0001, 0xFF8F, 0x0002, 0xED44, 0x0001, 0xFF8F, 0x0002, 0x3962, 0x0001,
    0x8B03, 0x0001, 0xBB83, 0x0001, 0x7161, 0x0001, 0x4861, 0x0001, 0x79E2, 0x0001, 0x9AA3, 0x0001,
    0x9262, 0x0001, 0x8222, 0x0001, 0x6961, 0x0001, 0x58E1, 0x0001, 0x6941, 0x0001, 0xA2E2, 0x0001,
    0xDCE4, 0x0002, 0xA303, 0x0001, 0x8202, 0x0001, 0x8A42, 0x0001, 0xAB02, 0x0001, 0xA2C2, 0x0001,
    0x71A2, 0x0001, 0xFF8F, 0x0001, 0xED44, 0x0006, 0x18C5, 0x001C, 0xED44, 0x0004, 0xFF8F, 0x0002,
    0xDC43, 0x0001, 0xC3A2, 0x0001, 0x69A2, 0x0001, 0x4122, 0x0001, 0x51C3, 0x0001, 0x69A3, 0x0001,
    0x9262, 0x0001, 0xBBA2, 0x0001, 0xAB22, 0x0001, 0xA303, 0x0001, 0xE525, 0x0001, 0xF686, 0x0001,
    0xEDA5, 0x0001, 0xAB64, 0x0001, 0x79E2, 0x0001, 0x8A63, 0x0001, 0xC382, 0x0001, 0xC3A2, 0x0001,
    0x6A43, 0x0001, 0x10C3, 0x0001, 0xFF8F, 0x0002, 0xED44, 0x0001, 0xFF8F, 0x0002, 0x4183, 0x0001,
    0xA343, 0x0001, 0xDC63, 0x0001, 0xB383, 0x0001, 0x8263, 0x0001, 0x8223, 0x0001, 0x9283, 0x0001,
    0x92A3, 0x0001, 0x8242, 0x0001, 0x79E2, 0x0001, 0x8283, 0x0001, 0xB383, 0x0001, 0xED44, 0x0001,
    0xFEC6, 0x0001, 0xE586, 0x0001, 0x9263, 0x0001, 0x6942, 0x0001, 0x9AA3, 0x0001, 0xE4C3, 0x0001,
    0xD443, 0x0001, 0x79E2, 0x0001, 0xFF8F, 0x0002, 0xED44, 0x0006, 0x18C5, 0x001B, 0xED44, 0x0004,
    0xFF8F, 0x0001, 0x9A83, 0x0001, 0xDC02, 0x0001, 0xA342, 0x0001, 0x2902, 0x0001, 0x3923, 0x0001,
    0x8243, 0x0001, 0x79E2, 0x0001, 0x6162, 0x0001, 0x71C2, 0x0001, 0xA302, 0x0001, 0xD443, 0x0001,
    0xDCA3, 0x0001, 0xC3E3, 0x0001, 0xA2E3, 0x0001, 0x79E3, 0x0001, 0x8A43, 0x0001, 0xC3E3, 0x0001,
    0xC3A2, 0x0001, 0x8202, 0x0001, 0x61C2, 0x0001, 0x49C3, 0x0001, 0xFF8F, 0x0002, 0xED44, 0x0001,
    0xFF8F, 0x0002, 0x4182, 0x0001, 0x92E3, 0x0001, 0xDC83, 0x0001, 0xFE25, 0x0001, 0xCCE5, 0x0001,
    0x7A02, 0x0001, 0x8A22, 0x0001, 0xCC03, 0x0001, 0xCC02, 0x0001, 0xCC43, 0x0001, 0xED85, 0x0001,
    0xF5E6, 0x0001, 0xFE05, 0x0001, 0xFEA6, 0x0001, 0xE565, 0x0001, 0x92A3, 0x0001, 0x58E1, 0x0001,
    0x8242, 0x0001, 0xF5A5, 0x0001, 0xED45, 0x0001, 0x71C2, 0x0001, 0xFF8F, 0x0002, 0xED44, 0x0006,
    0x18C5, 0x001A, 0xED44, 0x0004, 0xFF8F, 0x0002, 0x8A23, 0x0001, 0xFD24, 0x0001, 0xCCC4, 0x0001,
    0x2103, 0x0001, 0x38C2, 0x0001, 0x9A42, 0x0001, 0x79A2, 0x0001, 0x48C1, 0x0001, 0x5101, 0x0001,
    0x7A02, 0x0001, 0xB382, 0x0001, 0xDC42, 0x0001, 0xAB02, 0x0001, 0x6122, 0x0001, 0x8202, 0x0001,
    0xC3C3, 0x0001, 0xBBA2, 0x0001, 0x7222, 0x0001, 0x2882, 0x0001, 0x28E3, 0x0001, 0x4182, 0x0001,
    0xFF8F, 0x0002, 0xED44, 0x0001, 0xFF8F, 0x0002, 0x18C5, 0x0001, 0x6A02, 0x0001, 0x9B23, 0x0001,
    0xF5E5, 0x0001, 0xED44, 0x0001, 0x71E2, 0x0001, 0x81E2, 0x0001, 0xCBC3, 0x0001, 0xB362, 0x0001,
    0xBBC3, 0x0001, 0xFDC5, 0x0001, 0xFEC6, 0x0001, 0xFEA6, 0x0001, 0xFE05, 0x0001, 0xD463, 0x0001,
    0x8A42, 0x0001, 0x4861, 0x0001, 0x71C2, 0x0001, 0xF5E6, 0x0001, 0xF5C6, 0x0001, 0x71C2, 0x0001,
    0xFF8F, 0x0002, 0xED44, 0x0006, 0x18C5, 0x001A, 0xED44, 0x0004, 0xFF8F, 0x0002, 0x79E2, 0x0001,
    0xED45, 0x0001, 0xEDC6, 0x0001, 0x72A3, 0x0001, 0x4922, 0x0001, 0x6982, 0x0001, 0x71A2, 0x0001,
    0x71C2, 0x0001, 0x71A2, 0x0001, 0x5901, 0x0001, 0x71A2, 0x0001, 0xC3C2, 0x0001, 0xB362, 0x0001,
    0x71A2, 0x0001, 0xA302, 0x0001, 0xCC03, 0x0001, 0x8A22, 0x0001, 0x40E2, 0x0001, 0x18E3, 0x0001,
    0x10E3, 0x0001, 0x18A2, 0x0001, 0xFF8F, 0x0002, 0xED44, 0x0002, 0xFF8F, 0x0002, 0x18C5, 0x0001,
    0x51C3, 0x0001, 0xB383, 0x0001, 0xC382, 0x0001, 0x71C2, 0x0001, 0x69A2, 0x0001, 0x8223, 0x0001,
    0x6962, 0x0001, 0x71A1, 0x0001, 0xBB82, 0x0001, 0xED64, 0x0001, 0xFDE6, 0x0001, 0xE4E4, 0x0001,
    0xAB02, 0x0001, 0x71A2, 0x0001, 0x50C1, 0x0001, 0x8242, 0x0001, 0xF5C5, 0x0001, 0xED45, 0x0001,
    0x71C2, 0x0001, 0xFF8F, 0x0002, 0xED44, 0x0006, 0x18C5, 0x001A, 0xED44, 0x0004, 0xFF8F, 0x0002,
    0xBBA2, 0x0001, 0xAB23, 0x0001, 0xB3C4, 0x0001, 0xDD45, 0x0001, 0x7B04, 0x0001, 0x28E2, 0x0001,
    0x8AA2, 0x0001, 0xC3A2, 0x0001, 0x8202, 0x0001, 0x50E2, 0x0001, 0x5901, 0x0001, 0x8A42, 0x0001,
    0xBB83, 0x0001, 0xBBA2, 0x0001, 0xA322, 0x0001, 0x8222, 0x0001, 0x6961, 0x0001, 0x8202, 0x0001,
    0x92E3, 0x0001, 0x6A63, 0x0001, 0x3122, 0x0001, 0xFF8F, 0x0002, 0xED44, 0x0003, 0xFF8F, 0x0002,
    0x49A3, 0x0001, 0x7202, 0x0001, 0x81E1, 0x0001, 0x71A1, 0x0001, 0x4122, 0x0001, 0x28E3, 0x0001,
    0x4102, 0x0001, 0x6941, 0x0001, 0x79E1, 0x0001, 0x9AE3, 0x0001, 0xB384, 0x0001, 0xB343, 0x0001,
    0x8A22, 0x0001, 0x6162, 0x0001, 0x7A02, 0x0001, 0xC3C3, 0x0001, 0xED24, 0x0001, 0xC403, 0x0001,
    0x6162, 0x0001, 0x5901, 0x0001, 0x71A2, 0x0001, 0xFF8F, 0x0001, 0xED44, 0x0005, 0x18C5, 0x001A,
    0xED44, 0x0004, 0xFF8F, 0x0002, 0xC3C2, 0x0001, 0x6941, 0x0001, 0x7A02, 0x0001, 0xFE25, 0x0001,
    0xA404, 0x0001, 0x1882, 0x0001, 0x8282, 0x0001, 0xDC23, 0x0001, 0xAB23, 0x0001, 0x9282, 0x0001,
    0x8242, 0x0001, 0x71A2, 0x0001, 0x9AA3, 0x0001, 0xC3C2, 0x0001, 0x9AA2, 0x0001, 0x50E1, 0x0001,
    0x3882, 0x0001, 0x92A2, 0x0001, 0xECA3, 0x0001, 0xABA3, 0x0001, 0x4183, 0x0001, 0xFF8F, 0x0002,
    0xED44, 0x0003, 0xFF8F, 0x0002, 0x51E3, 0x0001, 0x69C2, 0x0001, 0x7182, 0x0001, 0x7162, 0x0001,
    0x4102, 0x0001, 0x28E2, 0x0001, 0x5982, 0x0001, 0x79C2, 0x0001, 0x6142, 0x0001, 0x6962, 0x0001,
    0x79C2, 0x0001, 0x8203, 0x0001, 0x71A2, 0x0001, 0x6981, 0x0001, 0xAB22, 0x0001, 0xDC83, 0x0001,
    0xCBE2, 0x0001, 0xA2C2, 0x0001, 0x8222, 0x0001, 0x81E2, 0x0001, 0x6981, 0x0001, 0xFF8F, 0x0002,
    0xED44, 0x0005, 0x18C5, 0x0019, 0xED44, 0x0004, 0xFF8F, 0x0002, 0x71C2, 0x0001, 0x5901, 0x0001,
    0x8222, 0x0001, 0xDC63, 0x0001, 0xAB63, 0x0001, 0x5101, 0x0001, 0x5921, 0x0001, 0x9AA2, 0x0001,
    0xCBE2, 0x0001, 0xE483, 0x0001, 0xC3C2, 0x0001, 0x7A02, 0x0001, 0x6142, 0x0001, 0x71C2, 0x0001,
    0x8A01, 0x0001, 0x5942, 0x0001, 0x0842, 0x0001, 0x51E3, 0x0001, 0xD463, 0x0001, 0xA383, 0x0001,
    0x3963, 0x0001, 0xFF8F, 0x0002, 0xED44, 0x0003, 0xFF8F, 0x0002, 0x51C2, 0x0001, 0x7A43, 0x0001,
    0x9242, 0x0001, 0x8202, 0x0001, 0x6982, 0x0001, 0x69A2, 0x0001, 0x8222, 0x0002, 0x6982, 0x0001,
    0x71A2, 0x0001, 0x8202, 0x0001, 0x71C2, 0x0001, 0x6121, 0x0001, 0x6981, 0x0001, 0xB342, 0x0001,
    0xCC03, 0x0001, 0x8A42, 0x0002, 0xC3C2, 0x0001, 0xA2E2, 0x0001, 0x6141, 0x0001, 0xFF8F, 0x0002,
    0xED44, 0x0005, 0x18C5, 0x0019, 0xED44, 0x0004, 0xFF8F, 0x0002, 0x6941, 0x0001, 0x9262, 0x0001,
    0xA302, 0x0001, 0xA2A2, 0x0001, 0xB2E2, 0x0001, 0x9AA2, 0x0001, 0x4102, 0x0001, 0x3922, 0x0001,
    0x8AE3, 0x0001, 0xBBC3, 0x0001, 0xB302, 0x0001, 0x81E1, 0x0001, 0x6162, 0x0001, 0x5162, 0x0001,
    0x38E2, 0x0001, 0x30E2, 0x0001, 0x5A03, 0x0001, 0x8B03, 0x0001, 0xA2E2, 0x0001, 0x9262, 0x0001,
    0x5182, 0x0001, 0xFF8F, 0x0002, 0xED44, 0x0003, 0xFF8F, 0x0002, 0x5A03, 0x0001, 0x69C2, 0x0001,
    0xA2E3, 0x0001, 0xDCC5, 0x0001, 0x8B03, 0x0001, 0x2861, 0x0001, 0x5962, 0x0001, 0x8A22, 0x0001,
    0x79A1, 0x0001, 0x9AA2, 0x0001, 0xB363, 0x0001, 0x9AA2, 0x0001, 0x4902, 0x0001, 0x28A2, 0x0001,
    0x9302, 0x0001, 0xCC03, 0x0001, 0x4102, 0x0001, 0x4982, 0x0001, 0xDC83, 0x0001, 0xC3A2, 0x0001,
    0x5921, 0x0001, 0xFF8F, 0x0002, 0xED44, 0x0005, 0x18C5, 0x0019, 0xED44, 0x0004, 0xFF8F, 0x0002,
    0x69A2, 0x0001, 0xCC03, 0x0001, 0xBBC2, 0x0001, 0x6162, 0x0001, 0x9AA2, 0x0001, 0xCC43, 0x0001,
    0x51E3, 0x0001, 0x0883, 0x0001, 0x4183, 0x0001, 0x59A2, 0x0001, 0x6141, 0x0001, 0x6162, 0x0001,
    0x69A2, 0x0001, 0x51C2, 0x0001, 0x18E3, 0x0001, 0x3143, 0x0001, 0xB3A3, 0x0001, 0xC382, 0x0001,
    0x6162, 0x0001, 0x6142, 0x0001, 0x6982, 0x0001, 0xFF8F, 0x0002, 0xED44, 0x0003, 0xFF8F, 0x0002,
    0x51C3, 0x0001, 0x5101, 0x0001, 0x9AA2, 0x0001, 0xFDE5, 0x0001, 0xA445, 0x0001, 0x18E3, 0x0001,
    0x4102, 0x0001, 0x6961, 0x0001, 0x5941, 0x0001, 0x9AE2, 0x0001, 0xD423, 0x0001, 0xBB43, 0x0001,
    0x5163, 0x0001, 0x18C3, 0x0001, 0x82E3, 0x0001, 0xC3E3, 0x0001, 0x3963, 0x0001, 0x41A3, 0x0001,
    0xC3E3, 0x0001, 0xB322, 0x0001, 0x5921, 0x0001, 0xFF8F, 0x0002, 0xED44, 0x0005, 0x18C5, 0x0019,
    0xED44, 0x0004, 0xFF8F, 0x0002, 0x3943, 0x0001, 0xCC23, 0x0001, 0xBBC3, 0x0001, 0x1882, 0x0001,
    0x6A23, 0x0001, 0xE4A3, 0x0001, 0x8282, 0x0001, 0x38C2, 0x0001, 0x5142, 0x0001, 0x3902, 0x0001,
    0x20C2, 0x0001, 0x3943, 0x0001, 0x4922, 0x0001, 0x48E1, 0x0001, 0x7A42, 0x0001, 0xAB83, 0x0001,
    0xBB22, 0x0001, 0x71E2, 0x0001, 0x28E3, 0x0001, 0x28C2, 0x0001, 0x18C5, 0x0001, 0xFF8F, 0x0002,
    0xED44, 0x0003, 0xFF8F, 0x0002, 0x18C5, 0x0001, 0x6981, 0x0001, 0x79A1, 0x0001, 0x8242, 0x0001,
    0xBC65, 0x0001, 0xCD25, 0x0001, 0x8AA3, 0x0001, 0x3041, 0x0001, 0x1042, 0x0001, 0x6203, 0x0001,
    0xAB23, 0x0001, 0x9242, 0x0001, 0x7A02, 0x0001, 0x92E2, 0x0001, 0xA323, 0x0001, 0xA2E3, 0x0001,
    0x9303, 0x0001, 0x9B43, 0x0001, 0xA303, 0x0001, 0x9A82, 0x0001, 0x18C5, 0x0001, 0xFF8F, 0x0002,
    0xED44, 0x0005, 0x18C5, 0x0019, 0xED44, 0x0004, 0xFF8F, 0x0002, 0x10C3, 0x0001, 0x9B02, 0x0001,
    0xAB42, 0x0001, 0x49A3, 0x0001, 0x6A43, 0x0001, 0xB362, 0x0001, 0x9242, 0x0001, 0x7182, 0x0001,
    0x79A1, 0x0001, 0x4102, 0x0001, 0x18C3, 0x0001, 0x5A03, 0x0001, 0x8AE3, 0x0001, 0x9AE3, 0x0001,
    0xCBE3, 0x0001, 0xBBA2, 0x0001, 0x69A2, 0x0001, 0x2082, 0x0001, 0x10A3, 0x0001, 0x18C5, 0x0001,
    0xFF8F, 0x0002, 0xED44, 0x0005, 0xFF8F, 0x0002, 0x5142, 0x0001, 0x6162, 0x0001, 0x6961, 0x0001,
    0xBBC3, 0x0001, 0xED65, 0x0001, 0xC3A3, 0x0001, 0x69C2, 0x0001, 0x3963, 0x0001, 0x51A3, 0x0001,
    0x7182, 0x0001, 0x40C2, 0x0001, 0x7A42, 0x0001, 0xECA3, 0x0001, 0xAB02, 0x0001, 0x79C2, 0x0001,
    0xDC42, 0x0001, 0xEC83, 0x0001, 0x8A23, 0x0001, 0x18C5, 0x0001, 0xFF8F, 0x0002, 0xED44, 0x0005,
    0x18C5, 0x001A, 0xED44, 0x0004, 0xFF8F, 0x0002, 0x18C5, 0x0001, 0x6141, 0x0001, 0x9A82, 0x0001,
    0xBBC3, 0x0001, 0x9B02, 0x0001, 0x69A2, 0x0001, 0x79E2, 0x0001, 0x8A22, 0x0001, 0x71A2, 0x0001,
    0x5901, 0x0001, 0x6162, 0x0001, 0xA302, 0x0001, 0xF544, 0x0001, 0xFE26, 0x0001, 0xBC44, 0x0001,
    0x4982, 0x0001, 0x20E3, 0x0001, 0x10A3, 0x0001, 0x18C5, 0x0001, 0xFF8F, 0x0002, 0xED44, 0x0006,
    0xFF8F, 0x0002, 0x0023, 0x0001, 0x49A3, 0x0001, 0xBBC3, 0x0001, 0xAB22, 0x0001, 0x71C2, 0x0001,
    0xAB22, 0x0001, 0xDC83, 0x0001, 0xC403, 0x0001, 0x9AA2, 0x0001, 0x5102, 0x0001, 0x0842, 0x0001,
    0x5203, 0x0001, 0xD443, 0x0001, 0x9AC2, 0x0001, 0x6162, 0x0001, 0xC3E3, 0x0001, 0xD423, 0x0001,
    0x79C2, 0x0001, 0xFF8F, 0x0002, 0xED44, 0x0006, 0x18C5, 0x001B, 0xED44, 0x0004, 0xFF8F, 0x0002,
    0x1002, 0x0001, 0x7202, 0x0001, 0xF4A1, 0x0001, 0xC361, 0x0001, 0x6941, 0x0001, 0xAB03, 0x0001,
    0x9B03, 0x0001, 0x3922, 0x0001, 0x69E2, 0x0001, 0xC362, 0x0001, 0xB302, 0x0001, 0xB3A3, 0x0001,
    0xB485, 0x0001, 0x6AC4, 0x0001, 0x10A3, 0x0001, 0x0063, 0x0001, 0x18C5, 0x0001, 0xFF8F, 0x0002,
    0xED44, 0x0007, 0xFF8F, 0x0002, 0x18C5, 0x0001, 0x4183, 0x0001, 0xA323, 0x0001, 0xC362, 0x0001,
    0x9262, 0x0001, 0x6A23, 0x0001, 0x9343, 0x0001, 0xF4C3, 0x0001, 0xEC83, 0x0001, 0x92C2, 0x0001,
    0x4142, 0x0001, 0x4942, 0x0001, 0x9AA2, 0x0001, 0xC362, 0x0001, 0xAB22, 0x0001, 0x8281, 0x0001,
    0x69E1, 0x0001, 0x6981, 0x0001, 0xFF8F, 0x0002, 0xED44, 0x0006, 0x18C5, 0x001B, 0xED44, 0x0004,
    0xFF8F, 0x0002, 0x0002, 0x0001, 0x41A3, 0x0001, 0xB3C4, 0x0001, 0x9AC3, 0x0001, 0x6182, 0x0001,
    0xBB82, 0x0001, 0x9B43, 0x0001, 0x20C3, 0x0001, 0x6242, 0x0001, 0xCC02, 0x0001, 0x8A22, 0x0001,
    0x4902, 0x0001, 0x4962, 0x0001, 0x3123, 0x0001, 0x10A2, 0x0001, 0x18C5, 0x0001, 0xFF8F, 0x0002,
    0xED44, 0x0009, 0xFF8F, 0x0002, 0x18C5, 0x0001, 0x50E1, 0x0001, 0xB322, 0x0001, 0xC403, 0x0001,
    0x3962, 0x0001, 0x20C2, 0x0001, 0xA342, 0x0001, 0xE4A2, 0x0001, 0xC3C2, 0x0001, 0x9262, 0x0001,
    0x58E1, 0x0001, 0x5101, 0x0001, 0xAB22, 0x0001, 0xBBE3, 0x0001, 0x41A4, 0x0001, 0x0004, 0x0001,
    0x18C5, 0x0001, 0xFF8F, 0x0002, 0xED44, 0x0006, 0x18C5, 0x001B, 0xED44, 0x0004, 0xFF8F, 0x0002,
    0x0820, 0x0001, 0x2125, 0x0001, 0x528D, 0x0001, 0x31AA, 0x0001, 0x20A1, 0x0001, 0x71E1, 0x0001,
    0x9263, 0x0001, 0x6182, 0x0001, 0x4961, 0x0001, 0x49A1, 0x0001, 0x51A2, 0x0001, 0x61A2, 0x0001,
    0x6161, 0x0001, 0x4902, 0x0001, 0x18C5, 0x0001, 0xFF8F, 0x0002, 0xED44, 0x0005, 0x18C5, 0x0003,
    0xED44, 0x0003, 0xFF8F, 0x0002, 0x18C5, 0x0001, 0x51C3, 0x0001, 0x51E2, 0x0001, 0x5941, 0x0001,
    0x40E0, 0x0001, 0x3941, 0x0001, 0x69E1, 0x0001, 0x9A40, 0x0001, 0x9201, 0x0001, 0x5122, 0x0001,
    0x1882, 0x0001, 0x28E0, 0x0001, 0x49C3, 0x0001, 0x29CC, 0x0001, 0x0970, 0x0001, 0xFF8F, 0x0002,
    0xED44, 0x0006, 0x18C5, 0x001C, 0xED44, 0x0004, 0xFF8F, 0x0002, 0x2104, 0x0001, 0x196B, 0x0001,
    0x11D3, 0x0001, 0x21CD, 0x0001, 0x3142, 0x0001, 0x38E0, 0x0001, 0x5100, 0x0001, 0x6140, 0x0001,
    0x28E4, 0x0001, 0x00A7, 0x0001, 0x2944, 0x0001, 0x59C2, 0x0001, 0x6182, 0x0001, 0x18C5, 0x0001,
    0xFF8F, 0x0002, 0xED44, 0x0006, 0x18C5, 0x0003, 0xED44, 0x0004, 0xFF8F, 0x0002, 0x18C5, 0x0001,
    0x0863, 0x0001, 0x5985, 0x0001, 0x59C6, 0x0001, 0x08C7, 0x0001, 0x18E7, 0x0001, 0x5145, 0x0001,
    0x5122, 0x0001, 0x4941, 0x0001, 0x3963, 0x0001, 0x10C4, 0x0001, 0x08C9, 0x0001, 0x2A32, 0x0001,
    0x3A94, 0x0001, 0xFF8F, 0x0002, 0xED44, 0x0006, 0x18C5, 0x001C, 0xED44, 0x0004, 0xFF8F, 0x0002,
    0x2A10, 0x0001, 0x2233, 0x0001, 0x19F3, 0x0001, 0x62AC, 0x0001, 0x8AC4, 0x0001, 0x4162, 0x0001,
    0x0841, 0x0001, 0x1881, 0x0001, 0x218B, 0x0001, 0x21F0, 0x0001, 0x1927, 0x0001, 0x18A1, 0x0001,
    0x18C3, 0x0001, 0xFF8F, 0x0002, 0xED44, 0x0003, 0x18C5, 0x0001, 0xED44, 0x0002, 0x18C5, 0x0005,
    0xED44, 0x0004, 0xFF8F, 0x0002, 0x18C3, 0x0001, 0x29AC, 0x0001, 0x2A32, 0x0001, 0x21F0, 0x0001,
    0x2A12, 0x0001, 0x29CF, 0x0001, 0x10C6, 0x0001, 0x4140, 0x0001, 0x8AC4, 0x0001, 0x62AB, 0x0001,
    0x19F2, 0x0001, 0x2234, 0x0001, 0x2A31, 0x0001, 0xFF8F, 0x0002, 0xED44, 0x0006, 0x18C5, 0x001C,
    0xED44, 0x0004, 0xFF8F, 0x0002, 0x3252, 0x0001, 0x2A75, 0x0001, 0x2212, 0x0001, 0x72EA, 0x0001,
    0xA345, 0x0001, 0x4A08, 0x0001, 0x010B, 0x0001, 0x114A, 0x0001, 0x2A10, 0x0001, 0x2A31, 0x0001,
    0x1927, 0x0001, 0x0860, 0x0001, 0x18C5, 0x0001, 0xFF8F, 0x0002, 0xED44, 0x0003, 0x18C5, 0x0001,
    0xED44, 0x0002, 0x18C5, 0x0005, 0xED44, 0x0004, 0xFF8F, 0x0002, 0x18C5, 0x0001, 0x2212, 0x0001,
    0x2276, 0x0001, 0x2A53, 0x0002, 0x2212, 0x0001, 0x014E, 0x0001, 0x41E7, 0x0001, 0xA344, 0x0001,
    0x730C, 0x0001, 0x2234, 0x0001, 0x2A54, 0x0001, 0x320F, 0x0001, 0xFF8F, 0x0002, 0xED44, 0x0006,
    0x18C5, 0x001C, 0xED44, 0x0004, 0xFF8F, 0x0002, 0x21F0, 0x0001, 0x2214, 0x0001, 0x2213, 0x0001,
    0x62AA, 0x0001, 0x9305, 0x0001, 0x528D, 0x0001, 0x1A14, 0x0001, 0x2232, 0x0001, 0x2A54, 0x0001,
    0x29F0, 0x0001, 0x2126, 0x0001, 0x1880, 0x0001, 0xFF8F, 0x0002, 0xED44, 0x0004, 0x18C5, 0x0008,
    0xED44, 0x0005, 0xFF8F, 0x0002, 0x29EF, 0x0001, 0x2A32, 0x0002, 0x2A11, 0x0002, 0x1A13, 0x0001,
    0x528E, 0x0001, 0x9305, 0x0001, 0x6289, 0x0001, 0x2212, 0x0001, 0x2234, 0x0001, 0x2A11, 0x0001,
    0xFF8F, 0x0002, 0xED44, 0x0006, 0x18C5, 0x001C, 0xED44, 0x0004, 0xFF8F, 0x0002, 0x0971, 0x0001,
    0x11D4, 0x0001, 0x2213, 0x0001, 0x72CA, 0x0001, 0x9325, 0x0001, 0x528D, 0x0001, 0x1A14, 0x0001,
    0x1A13, 0x0001, 0x2A55, 0x0001, 0x2A11, 0x0001, 0x2147, 0x0001, 0x1080, 0x0001, 0xFF8F, 0x0002,
    0xED44, 0x0004, 0x18C5, 0x0008, 0xED44, 0x0005, 0xFF8F, 0x0002, 0x18C4, 0x0001, 0x216A, 0x0001,
    0x2A32, 0x0001, 0x3253, 0x0001, 0x2A11, 0x0001, 0x2213, 0x0001, 0x528D, 0x0001, 0x9305, 0x0001,
    0x6AA9, 0x0001, 0x2233, 0x0001, 0x2235, 0x0001, 0x2212, 0x0001, 0xFF8F, 0x0002, 0xED44, 0x0006,
    0x18C5, 0x001C, 0xED44, 0x0004, 0xFF8F, 0x0002, 0x83EF, 0x0001, 0x5B73, 0x0001, 0x19F3, 0x0001,
    0x520A, 0x0001, 0x8AC4, 0x0001, 0x422D, 0x0001, 0x19F2, 0x0001, 0x424D, 0x0001, 0x422D, 0x0001,
    0x198C, 0x0001, 0x1906, 0x0001, 0x18C5, 0x0001, 0xFF8F, 0x0002, 0xED44, 0x0004, 0x18C5, 0x0008,
    0xED44, 0x0005, 0xFF8F, 0x0002, 0x1060, 0x0001, 0x18E4, 0x0001, 0x218B, 0x0001, 0x2211, 0x0001,
    0x19F3, 0x0001, 0x0193, 0x0001, 0x422C, 0x0001, 0x9305, 0x0001, 0x5A6B, 0x0001, 0x11B3, 0x0001,
    0x3A30, 0x0001, 0x524B, 0x0001, 0xFF8F, 0x0002, 0xED44, 0x0006, 0x18C5, 0x001C, 0xED44, 0x0004,
    0xFF8F, 0x0002, 0xFEAA, 0x0001, 0xCD8F, 0x0001, 0x3272, 0x0001, 0x49EA, 0x0001, 0x9305, 0x0001,
    0x3A2E, 0x0001, 0x3A50, 0x0001, 0x8B07, 0x0001, 0x6223, 0x0001, 0x08A3, 0x0001, 0x18C5, 0x0001,
    0xFF8F, 0x0002, 0xED44, 0x0004, 0x18C5, 0x0009, 0xED44, 0x0005, 0xFF8F, 0x0002, 0x10C3, 0x0001,
    0x18C2, 0x0002, 0x216A, 0x0001, 0x2213, 0x0001, 0x11D4, 0x0001, 0x4A4C, 0x0001, 0x9305, 0x0001,
    0x526B, 0x0001, 0x2211, 0x0001, 0x7AE9, 0x0001, 0xA322, 0x0001, 0xFF8F, 0x0002, 0xED44, 0x0006,
    0x18C5, 0x001C, 0xED44, 0x0004, 0xFF8F, 0x0001, 0x31ED, 0x0001, 0xABE7, 0x0001, 0xCCA8, 0x0001,
    0xA48E, 0x0001, 0xBD0D, 0x0001, 0xCCE9, 0x0001, 0x8349, 0x0001, 0x82C7, 0x0001, 0xAB62, 0x0001,
    0x6A21, 0x0001, 0x0861, 0x0001, 0xFF8F, 0x0002, 0xED44, 0x0005, 0x18C5, 0x0009, 0xED44, 0x0005,
    0xFF8F, 0x0002, 0x18C5, 0x0001, 0x1082, 0x0001, 0x1081, 0x0001, 0x3964, 0x0001, 0x7B0A, 0x0001,
    0x9C6F, 0x0001, 0x9C2C, 0x0001, 0x9325, 0x0001, 0x8BAA, 0x0001, 0xACCF, 0x0001, 0xD529, 0x0001,
    0xBC48, 0x0001, 0x3A91, 0x0001, 0xFF8F, 0x0001, 0xED44, 0x0006, 0x18C5, 0x001B, 0xED44, 0x0004,
    0xFF8F, 0x0001, 0x1216, 0x0001, 0x2A75, 0x0001, 0x6AEB, 0x0001, 0xBBE4, 0x0001, 0xED88, 0x0001,
    0xFE4B, 0x0001, 0xE589, 0x0001, 0xA3A6, 0x0001, 0x8AE5, 0x0001, 0x8B06, 0x0001, 0x5205, 0x0001,
    0x1083, 0x0001, 0xFF8F, 0x0002, 0xED44, 0x0005, 0x18C5, 0x0009, 0xED44, 0x0006, 0xFF8F, 0x0002,
    0x18C5, 0x0001, 0x10A3, 0x0001, 0x4984, 0x0001, 0xA366, 0x0001, 0xF5C9, 0x0001, 0xDD28, 0x0001,
    0x9B24, 0x0001, 0xB406, 0x0001, 0xFE49, 0x0001, 0xFEEB, 0x0001, 0xB510, 0x0001, 0x2A53, 0x0001,
    0x0112, 0x0001, 0xFF8F, 0x0001, 0xED44, 0x0006, 0x18C5, 0x0017, 0xED44, 0x0002, 0x18C5, 0x0001,
    0xED44, 0x0003, 0xFF8F, 0x0001, 0x29AC, 0x0001, 0x1ABA, 0x0001, 0x43FF, 0x0001, 0xAD54, 0x0001,
    0xE526, 0x0001, 0xBBE3, 0x0001, 0xBBA2, 0x0001, 0xABA4, 0x0001, 0x62AB, 0x0001, 0x3A50, 0x0001,
    0x3A4F, 0x0001, 0x2988, 0x0001, 0x10A2, 0x0001, 0xFF8F, 0x0002, 0xED44, 0x0005, 0x18C5, 0x000A,
    0xED44, 0x0006, 0xFF8F, 0x0002, 0x10A2, 0x0001, 0x2169, 0x0001, 0x528D, 0x0001, 0xA3C8, 0x0001,
    0xBBC2, 0x0001, 0x9B02, 0x0001, 0x92C2, 0x0001, 0xCC24, 0x0001, 0xFE6A, 0x0001, 0xBD30, 0x0001,
    0x19F3, 0x0001, 0x0152, 0x0001, 0x320E, 0x0001, 0xFF8F, 0x0001, 0xED44, 0x0005, 0x18C5, 0x0016,
    0xED44, 0x0006, 0xFF8F, 0x0002, 0x2276, 0x0001, 0x543F, 0x0001, 0x9DBB, 0x0001, 0xE5CD, 0x0001,
    0xCCA7, 0x0001, 0x7B4C, 0x0001, 0x6AEB, 0x0001, 0x6B0C, 0x0001, 0x3230, 0x0001, 0x11F5, 0x0001,
    0x1A15, 0x0001, 0x218B, 0x0001, 0x10A1, 0x0001, 0xFF8F, 0x0002, 0xED44, 0x0005, 0x18C5, 0x000A,
    0xED44, 0x0006, 0xFF8F, 0x0002, 0x18A1, 0x0001, 0x116D, 0x0001, 0x1A14, 0x0001, 0x4A2C, 0x0001,
    0x72A8, 0x0001, 0x83AE, 0x0001, 0x6B4E, 0x0001, 0x732C, 0x0001, 0xC467, 0x0001, 0xCCA7, 0x0001,
    0x7BAF, 0x0001, 0x4359, 0x0001, 0x22B7, 0x0001, 0xFF8F, 0x0002, 0xED44, 0x0005, 0x18C5, 0x0015,
    0xED44, 0x0005, 0xFF8F, 0x0001, 0x29AD, 0x0001, 0x2A96, 0x0001, 0x3BFF, 0x0001, 0xA5BA, 0x0001,
    0xF5EA, 0x0001, 0xCC02, 0x0001, 0x7B0A, 0x0001, 0x541C, 0x0001, 0x54DF, 0x0001, 0x543D, 0x0001,
    0x32B4, 0x0001, 0x21F1, 0x0001, 0x2A32, 0x0001, 0x218B, 0x0001, 0x10A2, 0x0001, 0xFF8F, 0x0002,
    0xED44, 0x0005, 0x18C5, 0x000A, 0xED44, 0x0006, 0xFF8F, 0x0002, 0x10A2, 0x0001, 0x218B, 0x0001,
    0x2A32, 0x0001, 0x21F0, 0x0001, 0x32B4, 0x0001, 0x543E, 0x0001, 0x54DF, 0x0001, 0x541C, 0x0001,
    0x7B0A, 0x0001, 0xC3E1, 0x0001, 0xEDCA, 0x0001, 0xA5BA, 0x0001, 0x3BFF, 0x0001, 0x2A96, 0x0001,
    0x29AD, 0x0001, 0xFF8F, 0x0001, 0xED44, 0x0004, 0x18C5, 0x0014, 0xED44, 0x0005, 0xFF8F, 0x0001,
    0x218F, 0x0001, 0x1A9A, 0x0001, 0x4C3F, 0x0001, 0xADD9, 0x0001, 0xE58A, 0x0001, 0xCC02, 0x0001,
    0x8B6B, 0x0001, 0x53B7, 0x0001, 0x4C5F, 0x0001, 0x553F, 0x0001, 0x54FF, 0x0001, 0x3B39, 0x0001,
    0x21CE, 0x0001, 0x2169, 0x0001, 0x2125, 0x0001, 0x18C2, 0x0001, 0xFF8F, 0x0002, 0xED44, 0x0005,
    0x18C5, 0x000A, 0xED44, 0x0006, 0xFF8F, 0x0002, 0x18C2, 0x0001, 0x2105, 0x0001, 0x216A, 0x0001,
    0x21F1, 0x0001, 0x2277, 0x0001, 0x333B, 0x0001, 0x447F, 0x0001, 0x54BF, 0x0001, 0x53F7, 0x0001,
    0x8B8B, 0x0001, 0xD463, 0x0001, 0xDD6B, 0x0001, 0x9D57, 0x0001, 0x5C5C, 0x0001, 0x32D8, 0x0001,
    0x21AF, 0x0001, 0xFF8F, 0x0001, 0xED44, 0x0003, 0x18C5, 0x0014, 0xED44, 0x0004, 0xFF8F, 0x0002,
    0x3295, 0x0001, 0x4C1F, 0x0001, 0x957B, 0x0001, 0xEDCC, 0x0001, 0xD443, 0x0001, 0x7AE9, 0x0001,
    0x53DA, 0x0001, 0x4CDF, 0x0001, 0x549F, 0x0001, 0x5C5E, 0x0001, 0x4BDA, 0x0001, 0x3294, 0x0001,
    0x216A, 0x0001, 0x18A2, 0x0001, 0x18A1, 0x0001, 0x10C3, 0x0001, 0xFF8F, 0x0002, 0xED44, 0x0005,
    0x18C5, 0x000A, 0xED44, 0x0006, 0xFF8F, 0x0002, 0x10C3, 0x0001, 0x10A1, 0x0001, 0x18C2, 0x0001,
    0x29AC, 0x0001, 0x29CF, 0x0001, 0x21AD, 0x0001, 0x3AD5, 0x0001, 0x545E, 0x0001, 0x54FF, 0x0001,
    0x4BD9, 0x0001, 0x72E9, 0x0001, 0xE4A3, 0x0001, 0xF64D, 0x0001, 0x7D5F, 0x0001, 0x33DF, 0x0001,
    0x3295, 0x0001, 0xFF8F, 0x0002, 0xED44, 0x0006, 0x18C5, 0x000F, 0xED44, 0x0004, 0xFF8F, 0x0001,
    0x29CF, 0x0001, 0x2297, 0x0001, 0x4C1D, 0x0001, 0xAD97, 0x0001, 0xDD4A, 0x0001, 0xBBE4, 0x0001,
    0x7B6C, 0x0001, 0x53FA, 0x0001, 0x443E, 0x0001, 0x54BF, 0x0001, 0x5D1F, 0x0001, 0x4336, 0x0001,
    0x2147, 0x0001, 0x18E4, 0x0001, 0x1905, 0x0001, 0x18C2, 0x0001, 0x10A1, 0x0001, 0x18C5, 0x0001,
    0xFF8F, 0x0002, 0xED44, 0x0005, 0x18C5, 0x000A, 0xED44, 0x0006, 0xFF8F, 0x0002, 0x18C5, 0x0001,
    0x10A1, 0x0001, 0x18C2, 0x0001, 0x1905, 0x0001, 0x18E4, 0x0002, 0x218C, 0x0001, 0x32F7, 0x0001,
    0x4C3E, 0x0001, 0x443E, 0x0001, 0x4BDA, 0x0001, 0xCD4D, 0x0001, 0xF62C, 0x0001, 0x6CBD, 0x0001,
    0x2C1F, 0x0001, 0x4C1D, 0x0001, 0x3AD5, 0x0001, 0x21D0, 0x0001, 0xFF8F, 0x0001, 0xED44, 0x0006,
    0x18C5, 0x000B, 0xED44, 0x0001, 0x18C5, 0x0002, 0xED44, 0x0003, 0xFF8F, 0x0002, 0x3252, 0x0001,
    0x2B3C, 0x0001, 0x651F, 0x0001, 0xEED4, 0x0001, 0xFDE3, 0x0001, 0xB341, 0x0001, 0x6374, 0x0001,
    0x553F, 0x0002, 0x5C9F, 0x0001, 0x4397, 0x0001, 0x21AB, 0x0001, 0x0800, 0x0002, 0x18C2, 0x0001,
    0x18C3, 0x0001, 0x18C5, 0x0001, 0xFF8F, 0x0002, 0xED44, 0x0005, 0x18C5, 0x000C, 0xED44, 0x0001,
    0x18C5, 0x0002, 0xED44, 0x0003, 0xFF8F, 0x0002, 0x18C5, 0x0001, 0x18C3, 0x0001, 0x18A1, 0x0001,
    0x1060, 0x0001, 0x10A0, 0x0001, 0x10A4, 0x0001, 0x29CE, 0x0001, 0x541D, 0x0001, 0x555F, 0x0001,
    0x551F, 0x0001, 0xA514, 0x0001, 0xDD29, 0x0001, 0xB553, 0x0001, 0x859D, 0x0001, 0x5D1F, 0x0001,
    0x3B5A, 0x0001, 0x3253, 0x0001, 0xFF8F, 0x0002, 0xED44, 0x0005, 0x18C5, 0x000B, 0xED44, 0x0001,
    0x18C5, 0x0002, 0xED44, 0x0003, 0xFF8F, 0x0002, 0x29EF, 0x0001, 0x2AB8, 0x0001, 0x547F, 0x0001,
    0xCE15, 0x0001, 0xF566, 0x0001, 0xAB62, 0x0001, 0x6330, 0x0001, 0x549F, 0x0001, 0x551F, 0x0001,
    0x4B99, 0x0001, 0x2126, 0x0001, 0x0800, 0x0001, 0x18C5, 0x0004, 0xFF8F, 0x0002, 0xED44, 0x0006,
    0x18C5, 0x000F, 0xED44, 0x0004, 0xFF8F, 0x0002, 0x18C5, 0x0004, 0x0800, 0x0001, 0x1926, 0x0001,
    0x4B99, 0x0001, 0x551F, 0x0001, 0x549F, 0x0001, 0x6B30, 0x0001, 0xAB62, 0x0001, 0xF566, 0x0001,
    0xCE15, 0x0001, 0x547F, 0x0001, 0x2AB8, 0x0001, 0x29EF, 0x0001, 0xFF8F, 0x0002, 0xED44, 0x0005,
    0x18C5, 0x000B, 0xED44, 0x0001, 0x18C5, 0x0002, 0xED44, 0x0003, 0xFF8F, 0x0002, 0x18C5, 0x0001,
    0x2A96, 0x0001, 0x32D6, 0x0001, 0x5AEE, 0x0001, 0x6243, 0x0001, 0x49A2, 0x0001, 0x31A7, 0x0001,
    0x2A0C, 0x0001, 0x324D, 0x0001, 0x29CB, 0x0001, 0x18C5, 0x0002, 0xFF8F, 0x0005, 0xED44, 0x0006,
    0x18C5, 0x0011, 0xED44, 0x0004, 0xFF8F, 0x0005, 0x18C5, 0x0002, 0x29CB, 0x0001, 0x324D, 0x0001,
    0x2A0C, 0x0001, 0x2967, 0x0001, 0x4161, 0x0001, 0x6A41, 0x0001, 0x632C, 0x0001, 0x32D6, 0x0001,
    0x2297, 0x0001, 0x18C5, 0x0001, 0xFF8F, 0x0002, 0xED44, 0x0005, 0x18C5, 0x000E, 0xED44, 0x0004,
    0xFF8F, 0x0002, 0x18C5, 0x0001, 0x21D0, 0x0001, 0x10E8, 0x0001, 0x0000, 0x0001, 0x0062, 0x0001,
    0x1082, 0x0001, 0x1040, 0x0001, 0x1060, 0x0002, 0xFF8F, 0x0006, 0xED44, 0x0003, 0x18C5, 0x0015,
    0xED44, 0x0005, 0xFF8F, 0x0006, 0x1040, 0x0001, 0x1060, 0x0001, 0x1040, 0x0001, 0x1082, 0x0001,
    0x0862, 0x0001, 0x0001, 0x0001, 0x08E9, 0x0001, 0x21D0, 0x0001, 0x18C5, 0x0001, 0xFF8F, 0x0002,
    0xED44, 0x0006, 0x18C5, 0x000F, 0xED44, 0x0004, 0xFF8F, 0x0002, 0x18C5, 0x0008, 0xFF8F, 0x0002,
    0xED44, 0x0007, 0x18C5, 0x0016, 0xED44, 0x0008, 0xFF8F, 0x0002, 0x18C5, 0x0008, 0xFF8F, 0x0002,
    0xED44, 0x0006, 0x18C5, 0x0010, 0xED44, 0x0005, 0xFF8F, 0x000A, 0xED44, 0x0008, 0x18C5, 0x0016,
    0xED44, 0x0009, 0xFF8F, 0x000A, 0xED44, 0x0003, 0x18C5, 0x0015, 0xED44, 0x0005, 0xFF8F, 0x0008,
    0xED44, 0x0008, 0x18C5, 0x0018, 0xED44, 0x0002, 0x18C5, 0x0001, 0xED44, 0x0006, 0xFF8F, 0x0008,
    0xED44, 0x0004, 0x18C5, 0x0015, 0xED44, 0x0010, 0x18C5, 0x0001, 0xED44, 0x0004, 0x18C5, 0x001B,
    0xED44, 0x0012, 0x18C5, 0x0016, 0xED44, 0x0002, 0x18C5, 0x0001, 0xED44, 0x000B, 0x18C5, 0x0003,
    0xED44, 0x0002, 0x18C5, 0x001D, 0xED44, 0x0010, 0x18C5, 0x000C, 0x18C5, 0x0131, 0xED44, 0x0002,
    0x18C5, 0x0055, 0xED44, 0x0003, 0x18C5, 0x004F, 0xED44, 0x0002, 0x18C5, 0x0002, 0xED44, 0x0004,
    0x18C5, 0x0004, 0xED44, 0x0002, 0x18C5, 0x0048, 0xED44, 0x0003, 0x18C5, 0x0002, 0xED44, 0x0005,
    0x18C5, 0x0002, 0xED44, 0x0004, 0x18C5, 0x0047, 0xED44, 0x0004, 0x18C5, 0x0001, 0xED44, 0x0005,
    0x18C5, 0x0002, 0xED44, 0x0004, 0x18C5, 0x0002, 0xED44, 0x0002, 0x18C5, 0x003D, 0xED44, 0x0003,
    0x18C5, 0x0002, 0xED44, 0x000B, 0x18C5, 0x0001, 0xED44, 0x0006, 0x18C5, 0x0001, 0xED44, 0x0003,
    0x18C5, 0x0037, 0xED44, 0x0002, 0x18C5, 0x0002, 0xED44, 0x0005, 0x18C5, 0x0001, 0xED44, 0x000B,
    0x18C5, 0x0001, 0xED44, 0x000B, 0x18C5, 0x0035, 0xED44, 0x0003, 0x18C5, 0x0002, 0xED44, 0x001D,
    0x18C5, 0x0035, 0xED44, 0x0022, 0x18C5, 0x0034, 0xED44, 0x0024, 0x18C5, 0x0033, 0xED44, 0x0012,
    0xFF8F, 0x0003, 0xED44, 0x000F, 0x18C5, 0x0002, 0xED44, 0x0001, 0x18C5, 0x0030, 0xED44, 0x0011,
    0xFF8F, 0x0005, 0xED44, 0x000E, 0x18C5, 0x0001, 0xED44, 0x0004, 0x18C5, 0x002A, 0xED44, 0x0001,
    0x18C5, 0x0002, 0xED44, 0x000F, 0xFF8F, 0x0004, 0xC426, 0x0001, 0xFD89, 0x0001, 0xC447, 0x0001,
    0xFF8F, 0x0002, 0xED44, 0x0001, 0xFF8F, 0x0007, 0xED44, 0x0005, 0x18C5, 0x0001, 0xED44, 0x0004,
    0x18C5, 0x0029, 0xED44, 0x0003, 0x18C5, 0x0001, 0xED44, 0x000B, 0xFF8F, 0x0007, 0xD485, 0x0001,
    0xD4E8, 0x0001, 0xF589, 0x0001, 0xCC67, 0x0001, 0xFF8F, 0x000B, 0xED44, 0x000A, 0x18C5, 0x0027,
    0xED44, 0x000F, 0xFF8F, 0x0005, 0xC467, 0x0001, 0xD4A7, 0x0001, 0xC447, 0x0001, 0xED69, 0x0001,
    0xEDEB, 0x0001, 0xFF8F, 0x0005, 0xEDEB, 0x0001, 0xFEAC, 0x0001, 0xFE4C, 0x0001, 0xDD29, 0x0001,
    0xCC67, 0x0001, 0xDCC7, 0x0001, 0xCC67, 0x0001, 0xFF8F, 0x0002, 0xED44, 0x0009, 0x18C5, 0x0027,
    0xED44, 0x0009, 0xFF8F, 0x0007, 0xFE8C, 0x0001, 0xED89, 0x0001, 0xABC6, 0x0001, 0x8AE5, 0x0001,
    0xAB41, 0x0001, 0xE508, 0x0001, 0xF6B7, 0x0001, 0xFFB8, 0x0001, 0xF60B, 0x0001, 0xFF8F, 0x0003,
    0xDC64, 0x0001, 0xC426, 0x0001, 0xE634, 0x0001, 0xFFFD, 0x0002, 0xFFD4, 0x0001, 0xFF4B, 0x0001,
    0xFEEB, 0x0001, 0xFDEB, 0x0001, 0xD4C7, 0x0001, 0xFF8F, 0x0002, 0xED44, 0x0008, 0x18C5, 0x0002,
    0xED44, 0x0002, 0x18C5, 0x0023, 0xED44, 0x0008, 0xFF8F, 0x0007, 0xF60B, 0x0001, 0xFE8C, 0x0001,
    0xED69, 0x0001, 0xB3C5, 0x0001, 0xAB65, 0x0001, 0xB3C6, 0x0001, 0xDDAF, 0x0001, 0xFFFD, 0x0001,
    0xFFFA, 0x0001, 0xF60B, 0x0001, 0xFF8F, 0x0002, 0xD4E8, 0x0001, 0xFD67, 0x0001, 0xE529, 0x0001,
    0xEEF6, 0x0001, 0xFFFE, 0x0001, 0xE75D, 0x0001, 0xEEF4, 0x0001, 0xFF4B, 0x0001, 0xFEAA, 0x0001,
    0xF5EB, 0x0001, 0xD4C7, 0x0001, 0xC426, 0x0001, 0xFF8F, 0x0002, 0xED44, 0x000C, 0x18C5, 0x0021,
    0xED44, 0x0008, 0xFF8F, 0x0002, 0xFEEB, 0x0001, 0xFFEC, 0x0001, 0xFF2B, 0x0001, 0xF64B, 0x0001,
    0xFE2C, 0x0001, 0xFE4C, 0x0001, 0xED89, 0x0001, 0xD4C8, 0x0001, 0xABC6, 0x0001, 0xA344, 0x0001,
    0xC406, 0x0001, 0xE614, 0x0001, 0xF79B, 0x0001, 0xFF93, 0x0001, 0xFEEC, 0x0001, 0xFE2B, 0x0001,
    0xFE0B, 0x0001, 0xFE2B, 0x0001, 0xF60B, 0x0001, 0xFE0B, 0x0001, 0xF62B, 0x0001, 0xFF6E, 0x0001,
    0xF6EE, 0x0001, 0xB44A, 0x0001, 0x9B68, 0x0001, 0xFF8F, 0x0004, 0xC447, 0x0001, 0xC467, 0x0001,
    0xFF8F, 0x0002, 0xED44, 0x000B, 0x18C5, 0x0021, 0xED44, 0x0008, 0xFF8F, 0x0002, 0xF6EB, 0x0002,
    0xFE4A, 0x0001, 0xED8A, 0x0001, 0xDD4A, 0x0001, 0xE56A, 0x0001, 0xC467, 0x0001, 0x9B25, 0x0001,
    0x82C5, 0x0001, 0xA382, 0x0001, 0xE566, 0x0001, 0xFF9A, 0x0001, 0xFFFF, 0x0001, 0xFECC, 0x0001,
    0xDD22, 0x0001, 0xC488, 0x0001, 0xD50A, 0x0001, 0xE569, 0x0001, 0xCCC9, 0x0001, 0xCCA9, 0x0001,
    0xDD29, 0x0001, 0xF628, 0x0001, 0xEDC6, 0x0001, 0xAB62, 0x0001, 0xFF8F, 0x0006, 0xC447, 0x0001,
    0xFF8F, 0x0002, 0xED44, 0x000C, 0x18C5, 0x0020, 0xED44, 0x0009, 0xFF8F, 0x0003, 0xCC87, 0x0001,
    0xABA6, 0x0001, 0x8AC4, 0x0001, 0x92E4, 0x0001, 0x9325, 0x0001, 0x92E5, 0x0001, 0x8AA5, 0x0001,
    0xB445, 0x0001, 0xF6EB, 0x0001, 0xFFF9, 0x0001, 0xF79D, 0x0001, 0xFE90, 0x0001, 0xCCA6, 0x0001,
    0x9305, 0x0001, 0x8AC4, 0x0001, 0x9305, 0x0001, 0x8AE4, 0x0001, 0xABA5, 0x0001, 0xC467, 0x0001,
    0xCC67, 0x0001, 0xCC87, 0x0001, 0xD4C8, 0x0001, 0xCC87, 0x0001, 0xFF8F, 0x0002, 0xED44, 0x0002,
    0xFF8F, 0x0003, 0xED44, 0x000D, 0x18C5, 0x001D, 0xED44, 0x0001, 0x18C5, 0x0002, 0xED44, 0x000A,
    0xFF8F, 0x0002, 0xEE09, 0x0001, 0xC467, 0x0001, 0x9AC4, 0x0001, 0xA325, 0x0001, 0xB3E6, 0x0001,
    0xABA5, 0x0001, 0x8A83, 0x0001, 0xAC4A, 0x0001, 0xFF98, 0x0001, 0xFFFD, 0x0001, 0xF79E, 0x0001,
    0xF77D, 0x0001, 0xE632, 0x0001, 0xC465, 0x0001, 0xAB83, 0x0001, 0x9B05, 0x0001, 0x9AE4, 0x0001,
    0xD4E7, 0x0001, 0xE5E9, 0x0001, 0xFF8F, 0x0002, 0xFE2B, 0x0001, 0xEDCA, 0x0001, 0xFF8F, 0x0002,
    0xED44, 0x0003, 0xFF8F, 0x0004, 0xED44, 0x000B, 0x18C5, 0x001C, 0xED44, 0x0003, 0x18C5, 0x0001,
    0xED44, 0x0009, 0xFF8F, 0x0002, 0xFFCC, 0x0001, 0xFF6C, 0x0001, 0xF609, 0x0001, 0xD508, 0x0001,
    0xDD48, 0x0001, 0xDD28, 0x0001, 0xC426, 0x0001, 0xA343, 0x0001, 0xBCEF, 0x0001, 0xF7BF, 0x0001,
    0xFFFF, 0x0001, 0xF7BE, 0x0001, 0xF7BD, 0x0001, 0xFF79, 0x0001, 0xFED1, 0x0001, 0xEDCA, 0x0001,
    0xD507, 0x0001, 0xD4E7, 0x0001, 0xFF0B, 0x0001, 0xFF4B, 0x0001, 0xFF8F, 0x0002, 0xEDCB, 0x0002,
    0xFF8F, 0x0002, 0xED44, 0x0001, 0xFF8F, 0x0001, 0xED44, 0x0001, 0xFF8F, 0x0009, 0xED44, 0x0007,
    0x18C5, 0x0001, 0xED44, 0x0002, 0x18C5, 0x0017, 0xED44, 0x0004, 0x18C5, 0x0001, 0xED44, 0x0005,
    0xFF8F, 0x0005, 0xF6CB, 0x0001, 0xFFAC, 0x0001, 0xFF0B, 0x0001, 0xF6EB, 0x0001, 0xFF0B, 0x0002,
    0xDD69, 0x0001, 0xC446, 0x0001, 0xDCE7, 0x0001, 0xEE72, 0x0001, 0xF7BF, 0x0001, 0xFFFF, 0x0001,
    0xF77A, 0x0001, 0xF64E, 0x0001, 0xF6D4, 0x0001, 0xFFDE, 0x0001, 0xFF74, 0x0001, 0xF6A8, 0x0001,
    0xFECA, 0x0001, 0xFFCD, 0x0001, 0xF6EB, 0x0001, 0xFF8F, 0x000A, 0xC446, 0x0001, 0xED28, 0x0001,
    0xD4A7, 0x0001, 0xFF8F, 0x0006, 0xED44, 0x000A, 0x18C5, 0x0016, 0xED44, 0x0009, 0xFF8F, 0x0005,
    0xF6EB, 0x0001, 0xFFAC, 0x0001, 0xFFED, 0x0001, 0xF70B, 0x0001, 0xE609, 0x0002, 0xE62A, 0x0001,
    0xD508, 0x0001, 0xCC87, 0x0001, 0xF609, 0x0001, 0xFF52, 0x0001, 0xF79D, 0x0001, 0xF7FF, 0x0001,
    0xF75C, 0x0001, 0xE569, 0x0001, 0xE54A, 0x0001, 0xE696, 0x0001, 0xE670, 0x0001, 0xE5E7, 0x0001,
    0xE5C8, 0x0001, 0xEECB, 0x0001, 0xFF2C, 0x0001, 0xFF4C, 0x0001, 0xFF8F, 0x0006, 0x42B1, 0x0001,
    0xFF8F, 0x0003, 0xED28, 0x0001, 0xD4A7, 0x0001, 0xDD49, 0x0001, 0xFE2B, 0x0001, 0xDCE8, 0x0001,
    0xCC46, 0x0001, 0xCC67, 0x0001, 0xFF8F, 0x0002, 0xED44, 0x0009, 0x18C5, 0x0016, 0xED44, 0x0008,
    0xFF8F, 0x0002, 0xF6EB, 0x0001, 0xFFEC, 0x0001, 0xFF0B, 0x0001, 0xFF2B, 0x0001, 0xFF0B, 0x0001,
    0xF6CA, 0x0001, 0xFF0B, 0x0001, 0xF68A, 0x0001, 0xD4E8, 0x0001, 0xC406, 0x0001, 0xC447, 0x0001,
    0xBC07, 0x0001, 0xCC86, 0x0001, 0xEE48, 0x0001, 0xFF71, 0x0001, 0xFFBE, 0x0001, 0xFFFF, 0x0001,
    0xF73A, 0x0001, 0xCCEB, 0x0001, 0xBBC4, 0x0001, 0xC426, 0x0001, 0xC447, 0x0001, 0xC426, 0x0002,
    0xDD48, 0x0001, 0xF6EA, 0x0001, 0xFF2B, 0x0001, 0xFEEB, 0x0001, 0xFEEC, 0x0001, 0xF6EC, 0x0001,
    0xFF0B, 0x0001, 0xFF8A, 0x0001, 0xC5EE, 0x0001, 0x3A92, 0x0001, 0xFF8F, 0x0005, 0xFE4C, 0x0001,
    0xFE2B, 0x0001, 0xD4E8, 0x0001, 0xCC66, 0x0001, 0xCC67, 0x0001, 0xFF8F, 0x0003, 0xED44, 0x0009,
    0x18C5, 0x0014, 0xED44, 0x0009, 0xFF8F, 0x0002, 0xF6EB, 0x0001, 0xFFED, 0x0001, 0xFFAC, 0x0001,
    0xFFED, 0x0001, 0xFF4C, 0x0001, 0xDD69, 0x0001, 0xCC86, 0x0001, 0xD4C5, 0x0001, 0xDD28, 0x0001,
    0xDD09, 0x0001, 0xC426, 0x0001, 0xA346, 0x0001, 0xABE5, 0x0001, 0xE605, 0x0001, 0xFFB2, 0x0001,
    0xFFFF, 0x0001, 0xFFFB, 0x0001, 0xFF0E, 0x0001, 0xB427, 0x0001, 0x92C3, 0x0001, 0xA343, 0x0001,
    0xB3C5, 0x0001, 0xCC68, 0x0001, 0xDD29, 0x0001, 0xDD07, 0x0001, 0xD4C5, 0x0001, 0xED66, 0x0001,
    0xC50A, 0x0001, 0x73D0, 0x0001, 0x6391, 0x0001, 0x8450, 0x0001, 0x8CB0, 0x0001, 0x6BD0, 0x0001,
    0xFF8F, 0x000B, 0xC447, 0x0002, 0xFF8F, 0x0002, 0xED44, 0x0008, 0x18C5, 0x0014, 0xED44, 0x0009,
    0xFF8F, 0x0002, 0xF6CB, 0x0001, 0xFF6C, 0x0001, 0xEE6A, 0x0001, 0xE64A, 0x0001, 0xD547, 0x0001,
    0xBC05, 0x0001, 0xBC09, 0x0001, 0xD52D, 0x0001, 0xEE0D, 0x0001, 0xF5EA, 0x0001, 0xD4C7, 0x0001,
    0x92C3, 0x0001, 0x9304, 0x0001, 0xDE0B, 0x0001, 0xFFB5, 0x0001, 0xEEF9, 0x0001, 0xE66F, 0x0001,
    0xCD44, 0x0001, 0x9B64, 0x0001, 0x7A85, 0x0001, 0x8AE5, 0x0001, 0xAB85, 0x0001, 0xD4C7, 0x0001,
    0xF60A, 0x0001, 0xE5CD, 0x0001, 0xCCCD, 0x0001, 0xDCA8, 0x0001, 0xB449, 0x0001, 0x5310, 0x0001,
    0x11F3, 0x0001, 0x0153, 0x0001, 0x0155, 0x0001, 0x0951, 0x0001, 0xFF8F, 0x000B, 0xCC67, 0x0001,
    0xD4A7, 0x0001, 0xFF8F, 0x0002, 0xED44, 0x0008, 0x18C5, 0x0010, 0xED44, 0x0002, 0x18C5, 0x0002,
    0xED44, 0x0006, 0xFF8F, 0x0002, 0xED44, 0x0001, 0xFF8F, 0x0002, 0xF60B, 0x0001, 0xFE4B, 0x0001,
    0xCC87, 0x0001, 0xA3A6, 0x0001, 0x9B23, 0x0001, 0xBBC3, 0x0001, 0xDDF3, 0x0001, 0xF77D, 0x0001,
    0xF691, 0x0001, 0xED67, 0x0001, 0xD4A7, 0x0001, 0x92C1, 0x0001, 0x9347, 0x0001, 0xE6D9, 0x0001,
    0xFF79, 0x0001, 0xCCA9, 0x0001, 0xA363, 0x0001, 0x9304, 0x0001, 0x9305, 0x0001, 0x8AE5, 0x0001,
    0x8AE4, 0x0001, 0xAB86, 0x0001, 0xCC86, 0x0001, 0xED88, 0x0001, 0xF6D5, 0x0001, 0xF75D, 0x0001,
    0xEE52, 0x0001, 0xFE08, 0x0001, 0xEECB, 0x0001, 0x8CAF, 0x0001, 0x11B3, 0x0001, 0x0154, 0x0001,
    0x424F, 0x0001, 0xB3E7, 0x0001, 0xED47, 0x0001, 0xEDCB, 0x0001, 0xEDCA, 0x0001, 0xFE2A, 0x0001,
    0xFE0A, 0x0001, 0xFF8F, 0x0005, 0xCC67, 0x0002, 0xFF8F, 0x0002, 0xED44, 0x0008, 0x18C5, 0x000F,
    0xED44, 0x000A, 0xFF8F, 0x0005, 0xFF0D, 0x0001, 0xED8A, 0x0001, 0xD4C8, 0x0001, 0xA345, 0x0001,
    0x92A3, 0x0001, 0xAB88, 0x0001, 0xDDB0, 0x0001, 0xF778, 0x0001, 0xFFF8, 0x0001, 0xFF10, 0x0001,
    0xDD08, 0x0001, 0xABC6, 0x0001, 0xABC7, 0x0001, 0xCDB2, 0x0001, 0xF7BF, 0x0001, 0xF71A, 0x0001,
    0xD4C7, 0x0001, 0xC469, 0x0001, 0xB46D, 0x0001, 0xABA6, 0x0001, 0xAB84, 0x0001, 0xBC68, 0x0001,
    0xD509, 0x0001, 0xED89, 0x0001, 0xFE0A, 0x0001, 0xFF52, 0x0001, 0xFFD8, 0x0001, 0xCDAF, 0x0001,
    0xD4E5, 0x0001, 0xFE04, 0x0001, 0xB487, 0x0001, 0x4A2B, 0x0001, 0x4A2C, 0x0001, 0x93CB, 0x0001,
    0xE56A, 0x0001, 0xFE8B, 0x0001, 0xFF0E, 0x0001, 0xFF51, 0x0001, 0xFFB4, 0x0001, 0xFF73, 0x0001,
    0xF62D, 0x0001, 0xFF8F, 0x0004, 0x9B45, 0x0001, 0xABC6, 0x0001, 0xFF8F, 0x0002, 0xED44, 0x0008,
    0x18C5, 0x000F, 0xED44, 0x0009, 0xFF8F, 0x0002, 0xFF2B, 0x0001, 0xFF0B, 0x0001, 0xFF8F, 0x0001,
    0xEDCB, 0x0001, 0xFE8C, 0x0001, 0xD4A7, 0x0001, 0x9B45, 0x0001, 0x9304, 0x0001, 0xB3A3, 0x0001,
    0xE5AF, 0x0001, 0xFFBF, 0x0001, 0xFFB7, 0x0001, 0xF6A8, 0x0001, 0xFE4A, 0x0001, 0xC488, 0x0001,
    0x9304, 0x0001, 0xC4CC, 0x0001, 0xFF98, 0x0001, 0xFFFF, 0x0001, 0xF6F7, 0x0001, 0xF60B, 0x0001,
    0xFED1, 0x0001, 0xF6D4, 0x0001, 0xD4EA, 0x0001, 0xD4C7, 0x0001, 0xF60B, 0x0001, 0xF62B, 0x0001,
    0xEDAA, 0x0001, 0xE58A, 0x0001, 0xFE8B, 0x0001, 0xFECA, 0x0001, 0xAC26, 0x0001, 0x92E5, 0x0001,
    0xBC28, 0x0001, 0xBC07, 0x0001, 0x9B44, 0x0001, 0xBBE5, 0x0001, 0xE528, 0x0001, 0xF5EB, 0x0001,
    0xEDCA, 0x0001, 0xE5AB, 0x0001, 0xEE72, 0x0001, 0xF717, 0x0001, 0xF6F6, 0x0001, 0xF670, 0x0001,
    0xFE4B, 0x0001, 0xFECC, 0x0001, 0xFE6C, 0x0001, 0xFF8F, 0x0001, 0x82A4, 0x0001, 0x9305, 0x0001,
    0xFF8F, 0x0002, 0xED44, 0x0008, 0x18C5, 0x000F, 0xED44, 0x0009, 0xFF8F, 0x0002, 0xFF8C, 0x0001,
    0xFF0B, 0x0001, 0xCC67, 0x0001, 0xABC6, 0x0001, 0xBC47, 0x0001, 0xA365, 0x0001, 0x8AA5, 0x0001,
    0x9B45, 0x0001, 0xD523, 0x0001, 0xFF30, 0x0001, 0xFFFF, 0x0001, 0xFF36, 0x0001, 0xED84, 0x0001,
    0xC465, 0x0001, 0xA387, 0x0001, 0xAB85, 0x0001, 0xD4E8, 0x0001, 0xFEB0, 0x0001, 0xFF79, 0x0001,
    0xF6F5, 0x0001, 0xF5EA, 0x0001, 0xF60A, 0x0001, 0xF66F, 0x0001, 0xE611, 0x0001, 0xF670, 0x0001,
    0xFE6D, 0x0001, 0xDD29, 0x0001, 0x9B66, 0x0001, 0x7AA5, 0x0001, 0xC4E8, 0x0001, 0xFECA, 0x0001,
    0xD464, 0x0001, 0xABAA, 0x0001, 0xDE38, 0x0001, 0xEE74, 0x0001, 0xED88, 0x0001, 0xFDE8, 0x0001,
    0xFE4B, 0x0001, 0xF589, 0x0001, 0xA3A6, 0x0001, 0x72C5, 0x0001, 0xAC29, 0x0001, 0xE58D, 0x0001,
    0xEE2D, 0x0001, 0xFEB1, 0x0001, 0xFF13, 0x0001, 0xFEEE, 0x0001, 0xFE4B, 0x0001, 0xEDEB, 0x0001,
    0xBC27, 0x0001, 0x8AC4, 0x0001, 0xFF8F, 0x0002, 0xED44, 0x0008, 0x18C5, 0x000F, 0xED44, 0x0009,
    0xFF8F, 0x0002, 0xFF2B, 0x0001, 0xF62A, 0x0001, 0xCC47, 0x0001, 0x9B25, 0x0001, 0x92E4, 0x0001,
    0x9B45, 0x0001, 0x8AC4, 0x0001, 0x9325, 0x0001, 0xDE0B, 0x0001, 0xFFF5, 0x0001, 0xF7BD, 0x0001,
    0xFF5A, 0x0001, 0xE5EF, 0x0001, 0x9304, 0x0001, 0x92C2, 0x0001, 0xDCE8, 0x0001, 0xF60B, 0x0001,
    0xEE0D, 0x0001, 0xEE51, 0x0002, 0xF62E, 0x0001, 0xEDCB, 0x0001, 0xF64F, 0x0001, 0xFF98, 0x0001,
    0xFF34, 0x0001, 0xDD28, 0x0001, 0xB3A4, 0x0001, 0x6A23, 0x0001, 0x30E1, 0x0001, 0x5A24, 0x0001,
    0xAC49, 0x0001, 0xD4E7, 0x0001, 0xE62D, 0x0001, 0xFFFB, 0x0001, 0xF716, 0x0001, 0xDD49, 0x0001,
    0xC4C8, 0x0001, 0xBC89, 0x0001, 0xABA6, 0x0001, 0x6A23, 0x0001, 0x51A2, 0x0001, 0xA364, 0x0001,
    0xE506, 0x0001, 0xEDCA, 0x0001, 0xF6F4, 0x0001, 0xF6F7, 0x0001, 0xDD8D, 0x0001, 0xF5A9, 0x0001,
    0xFECC, 0x0001, 0xED6A, 0x0001, 0x8AC4, 0x0001, 0xFF8F, 0x0002, 0xED44, 0x0008, 0x18C5, 0x000F,
    0xED44, 0x000A, 0xFF8F, 0x0003, 0xA345, 0x0001, 0xBC06, 0x0001, 0xCC67, 0x0001, 0xC467, 0x0001,
    0x9B23, 0x0001, 0x9326, 0x0001, 0xD656, 0x0001, 0xFFFE, 0x0001, 0xFFDE, 0x0001, 0xFFFF, 0x0001,
    0xEF1B, 0x0001, 0x9B89, 0x0001, 0x9B01, 0x0001, 0xEDCA, 0x0001, 0xFF54, 0x0001, 0xEE94, 0x0001,
    0xD50A, 0x0001, 0xD52B, 0x0001, 0xF6D5, 0x0001, 0xFEF6, 0x0001, 0xFF15, 0x0001, 0xFFB8, 0x0001,
    0xF671, 0x0001, 0xC445, 0x0001, 0xAB64, 0x0001, 0x82C5, 0x0001, 0x51C2, 0x0001, 0x1061, 0x0001,
    0x20E3, 0x0001, 0xACC8, 0x0001, 0xFFCD, 0x0001, 0xFF6D, 0x0001, 0xCD6A, 0x0001, 0x9325, 0x0001,
    0x6203, 0x0001, 0x49C3, 0x0001, 0x51C3, 0x0001, 0x6203, 0x0001, 0x9304, 0x0001, 0xD4E7, 0x0001,
    0xF62D, 0x0001, 0xF6B3, 0x0001, 0xFF57, 0x0001, 0xF6B4, 0x0001, 0xCCAA, 0x0001, 0xD4E7, 0x0001,
    0xFE2B, 0x0001, 0xDD29, 0x0001, 0x8AC4, 0x0001, 0xFF8F, 0x0002, 0xED44, 0x0008, 0x18C5, 0x0010,
    0xED44, 0x0002, 0x18C5, 0x0002, 0xED44, 0x0006, 0xFF8F, 0x0002, 0xAB85, 0x0001, 0xE509, 0x0001,
    0xE569, 0x0001, 0xD4A8, 0x0001, 0xBBE4, 0x0001, 0xC489, 0x0001, 0xE6DA, 0x0001, 0xFFFF, 0x0001,
    0xF7DF, 0x0001, 0xFF99, 0x0001, 0xFF78, 0x0001, 0xDE76, 0x0001, 0xBD10, 0x0001, 0xBC48, 0x0001,
    0xE5CD, 0x0001, 0xEDEF, 0x0001, 0xA343, 0x0001, 0xB3C4, 0x0001, 0xFED1, 0x0001, 0xFFB5, 0x0001,
    0xDDD0, 0x0001, 0x7B49, 0x0001, 0x942E, 0x0001, 0xDE14, 0x0001, 0xB42B, 0x0001, 0x8AC3, 0x0001,
    0xAC07, 0x0001, 0x8B66, 0x0001, 0x6A64, 0x0001, 0xAC27, 0x0001, 0xEEAA, 0x0001, 0xFF6A, 0x0001,
    0xCD47, 0x0001, 0x92C4, 0x0001, 0x8AC4, 0x0001, 0x82C4, 0x0001, 0x6223, 0x0001, 0x7A84, 0x0001,
    0xBC06, 0x0001, 0xEDCB, 0x0001, 0xFF35, 0x0001, 0xFFBC, 0x0001, 0xFF58, 0x0001, 0xF66E, 0x0001,
    0xDD49, 0x0001, 0xD4E8, 0x0001, 0xC488, 0x0001, 0xB407, 0x0001, 0xFF8F, 0x0002, 0xED44, 0x0009,
    0x18C5, 0x0010, 0xED44, 0x0002, 0x18C5, 0x0002, 0xED44, 0x0006, 0xFF8F, 0x0002, 0xD4C7, 0x0001,
    0xFE2B, 0x0001, 0xEDCA, 0x0001, 0xCC87, 0x0001, 0xD4C6, 0x0001, 0xF64D, 0x0001, 0xFF59, 0x0001,
    0xF7FF, 0x0001, 0xFFFF, 0x0001, 0xEE30, 0x0001, 0xE5AA, 0x0001, 0xFF9A, 0x0001, 0xDEBA, 0x0001,
    0x9B46, 0x0001, 0xA321, 0x0001, 0xB3E6, 0x0001, 0x9B67, 0x0001, 0xABE8, 0x0001, 0xE589, 0x0001,
    0xFEAB, 0x0001, 0xC4A7, 0x0001, 0x28E0, 0x0001, 0x6370, 0x0001, 0xFFFF, 0x0001, 0xCD71, 0x0001,
    0x9B23, 0x0001, 0xE569, 0x0001, 0xEDCB, 0x0001, 0xC447, 0x0001, 0xBBC6, 0x0001, 0xD4E8, 0x0001,
    0xF68A, 0x0001, 0xEE2A, 0x0001, 0xD4A7, 0x0001, 0xCC67, 0x0001, 0xB406, 0x0001, 0x9B45, 0x0001,
    0xAB84, 0x0001, 0xD4C8, 0x0001, 0xEE51, 0x0001, 0xFFBC, 0x0001, 0xFFFF, 0x0001, 0xF6B4, 0x0001,
    0xEDA9, 0x0001, 0xFE2A, 0x0001, 0xE56A, 0x0001, 0x9325, 0x0001, 0xFF8F, 0x0002, 0xED44, 0x0009,
    0x18C5, 0x0011, 0xED44, 0x0002, 0x18C5, 0x0002, 0xED44, 0x0006, 0xFF8F, 0x0002, 0xEDAA, 0x0001,
    0xFF2C, 0x0001, 0xEE4A, 0x0001, 0xCCA7, 0x0001, 0xDD47, 0x0001, 0xFF0D, 0x0001, 0xFF98, 0x0001,
    0xFFFF, 0x0002, 0xACD0, 0x0001, 0x7AA2, 0x0001, 0xBC8A, 0x0001, 0xEE30, 0x0001, 0xD508, 0x0001,
    0x7A40, 0x0001, 0x6224, 0x0001, 0xC5F6, 0x0001, 0xDE36, 0x0001, 0xA3A6, 0x0001, 0xCC84, 0x0001,
    0xED89, 0x0001, 0xB4AC, 0x0001, 0xC5F5, 0x0001, 0xFF7A, 0x0001, 0xEE2F, 0x0001, 0xD4A6, 0x0001,
    0xCC87, 0x0001, 0x82C6, 0x0001, 0x51A5, 0x0001, 0xAC09, 0x0001, 0xED68, 0x0001, 0xC464, 0x0001,
    0xF608, 0x0001, 0xFEEB, 0x0001, 0x8365, 0x0001, 0x4962, 0x0001, 0x9B25, 0x0001, 0xCC65, 0x0001,
    0xE58A, 0x0001, 0xFF38, 0x0001, 0xFFFF, 0x0001, 0xFF79, 0x0001, 0xDD6D, 0x0001, 0xCC86, 0x0001,
    0xF5EA, 0x0001, 0xE56A, 0x0001, 0x9305, 0x0001, 0xFF8F, 0x0002, 0xED44, 0x0009, 0x18C5, 0x0010,
    0xED44, 0x000A, 0xFF8F, 0x0002, 0xF66C, 0x0001, 0xFF0C, 0x0001, 0xFFCC, 0x0001, 0xE629, 0x0001,
    0xBC27, 0x0001, 0xCCE5, 0x0001, 0xFF2B, 0x0001, 0xF799, 0x0001, 0xFFFF, 0x0001, 0xFFFB, 0x0001,
    0x8C2D, 0x0001, 0x3901, 0x0001, 0x8260, 0x0001, 0xF589, 0x0001, 0xFEF0, 0x0001, 0xA429, 0x0001,
    0x7B6B, 0x0001, 0xF7BE, 0x0001, 0xF719, 0x0001, 0x9304, 0x0001, 0xBC27, 0x0001, 0xFF34, 0x0001,
    0xFFF9, 0x0001, 0xFFB8, 0x0001, 0xF6B3, 0x0001, 0xFEF2, 0x0001, 0xEE2D, 0x0001, 0x9B45, 0x0001,
    0x2861, 0x0001, 0x1863, 0x0001, 0xA428, 0x0001, 0xFEAD, 0x0001, 0xE5AF, 0x0001, 0xDDCC, 0x0001,
    0xB528, 0x0001, 0x3208, 0x0001, 0x0046, 0x0001, 0x59C3, 0x0001, 0xCCA6, 0x0001, 0xFF32, 0x0001,
    0xFFFE, 0x0001, 0xFFFF, 0x0001, 0xFF37, 0x0001, 0xDD6C, 0x0001, 0xCCA8, 0x0001, 0xF60A, 0x0001,
    0xEDAB, 0x0001, 0xAB86, 0x0001, 0xFF8F, 0x0002, 0xED44, 0x0009, 0x18C5, 0x0010, 0xED44, 0x0009,
    0xFF8F, 0x0002, 0xEDCB, 0x0001, 0xFF0C, 0x0001, 0xFF6C, 0x0001, 0xFFAC, 0x0001, 0xDDC9, 0x0001,
    0x9B45, 0x0001, 0xBC64, 0x0001, 0xFF2C, 0x0001, 0xFFBB, 0x0001, 0xFFFC, 0x0001, 0xFF8E, 0x0001,
    0x9405, 0x0001, 0x4962, 0x0001, 0x9303, 0x0001, 0xEDAC, 0x0001, 0xFEF5, 0x0001, 0xF6D5, 0x0001,
    0xEEB4, 0x0001, 0xFF79, 0x0001, 0xE5EF, 0x0001, 0xBC05, 0x0001, 0xDE13, 0x0001, 0xFFFF, 0x0001,
    0xFF99, 0x0001, 0xFEF4, 0x0001, 0xF6F5, 0x0001, 0xFF97, 0x0001, 0xDE32, 0x0001, 0x72C5, 0x0001,
    0x28C0, 0x0001, 0x49A3, 0x0001, 0xAC05, 0x0001, 0xFF31, 0x0001, 0xFFFF, 0x0001, 0x9CD2, 0x0001,
    0x18E2, 0x0001, 0x198D, 0x0001, 0x198F, 0x0001, 0x1083, 0x0001, 0x8BA8, 0x0001, 0xFFB8, 0x0001,
    0xFFFF, 0x0001, 0xF7DE, 0x0001, 0xFF37, 0x0001, 0xEE2E, 0x0001, 0xEDCA, 0x0001, 0xFE4B, 0x0001,
    0xE56A, 0x0001, 0xA365, 0x0001, 0xFF8F, 0x0002, 0xED44, 0x0009, 0x18C5, 0x0010, 0xED44, 0x0009,
    0xFF8F, 0x0002, 0xEDEB, 0x0001, 0xFEEC, 0x0001, 0xFF8F, 0x0001, 0xFFCC, 0x0001, 0xF68A, 0x0001,
    0x9B45, 0x0001, 0xAC49, 0x0001, 0xFF96, 0x0001, 0xFFFF, 0x0001, 0xFFBC, 0x0001, 0xD568, 0x0001,
    0x8B01, 0x0001, 0x7264, 0x0001, 0xABA6, 0x0001, 0xDD09, 0x0001, 0xEDCE, 0x0001, 0xFF36, 0x0001,
    0xFF77, 0x0001, 0xF66F, 0x0001, 0xEDAB, 0x0001, 0xF670, 0x0001, 0xFFFC, 0x0001, 0xFFDC, 0x0001,
    0xC52F, 0x0001, 0xC50D, 0x0001, 0xF6F5, 0x0001, 0xFF34, 0x0001, 0xC4EC, 0x0001, 0x41C4, 0x0001,
    0x1860, 0x0001, 0x6A02, 0x0001, 0xE528, 0x0001, 0xEEAF, 0x0001, 0x8CB3, 0x0001, 0x2A0F, 0x0001,
    0x00A8, 0x0001, 0x1908, 0x0001, 0x216A, 0x0001, 0x112A, 0x0001, 0x39E9, 0x0001, 0x8C2D, 0x0001,
    0xDEB8, 0x0001, 0xF719, 0x0001, 0xDD8E, 0x0001, 0xEDCB, 0x0001, 0xFE6C, 0x0001, 0xEDAA, 0x0001,
    0xB407, 0x0001, 0xFF8F, 0x0002, 0xED44, 0x000A, 0x18C5, 0x0010, 0xED44, 0x000A, 0xFF8F, 0x0004,
    0xFFAD, 0x0001, 0xF648, 0x0001, 0x9B44, 0x0001, 0xB4D1, 0x0001, 0xFFFF, 0x0001, 0xFFBE, 0x0001,
    0xCDF5, 0x0001, 0x8B06, 0x0001, 0x8262, 0x0001, 0xA386, 0x0001, 0xC447, 0x0001, 0xC425, 0x0001,
    0xB3E5, 0x0001, 0xDDAE, 0x0001, 0xFEF4, 0x0001, 0xF64D, 0x0001, 0xEE0D, 0x0001, 0xEE94, 0x0001,
    0xEEF6, 0x0001, 0xD58F, 0x0001, 0x92E4, 0x0001, 0xB44A, 0x0001, 0xFF16, 0x0001, 0xF5EE, 0x0001,
    0x92E3, 0x0001, 0x2902, 0x0001, 0x1841, 0x0001, 0x71A2, 0x0001, 0xDCE9, 0x0001, 0xC4A8, 0x0001,
    0x3100, 0x0001, 0x08C9, 0x0001, 0x3252, 0x0001, 0x2127, 0x0001, 0x1905, 0x0001, 0x3252, 0x0001,
    0x00AA, 0x0001, 0x18C3, 0x0001, 0xC570, 0x0001, 0xFEF2, 0x0001, 0xCC87, 0x0001, 0xDD07, 0x0001,
    0xE5AA, 0x0001, 0xB3E6, 0x0001, 0x7222, 0x0001, 0xFF8F, 0x0002, 0xED44, 0x000A, 0x18C5, 0x0011,
    0xED44, 0x0002, 0x18C5, 0x0002, 0xED44, 0x0006, 0xFF8F, 0x0002, 0xFF6C, 0x0001, 0xFEAB, 0x0001,
    0xC445, 0x0001, 0x8AC2, 0x0001, 0xBD54, 0x0001, 0xF7DF, 0x0001, 0xD5B3, 0x0001, 0x82E5, 0x0001,
    0x59E3, 0x0001, 0x82C4, 0x0001, 0xC447, 0x0001, 0xD4C8, 0x0001, 0x9B44, 0x0001, 0x6222, 0x0001,
    0xB448, 0x0001, 0xFF10, 0x0001, 0xFF34, 0x0001, 0xD5B0, 0x0001, 0xA3A8, 0x0001, 0x6A84, 0x0001,
    0x6A23, 0x0001, 0x92A1, 0x0001, 0xE58C, 0x0001, 0xFF57, 0x0001, 0xB4AC, 0x0001, 0x5180, 0x0001,
    0x3121, 0x0001, 0x4142, 0x0001, 0x6982, 0x0001, 0x71E4, 0x0001, 0x8A62, 0x0001, 0x9AC0, 0x0001,
    0x6ACA, 0x0001, 0x2A74, 0x0001, 0x19AF, 0x0001, 0x29CD, 0x0001, 0x3252, 0x0001, 0x012F, 0x0001,
    0x216B, 0x0001, 0xCD2D, 0x0001, 0xFF2E, 0x0001, 0xF5EA, 0x0001, 0xDCE8, 0x0001, 0xABA6, 0x0001,
    0xFF8F, 0x0005, 0xED44, 0x0009, 0x18C5, 0x0010, 0xED44, 0x000A, 0xFF8F, 0x0002, 0xFF4C, 0x0001,
    0xFF4B, 0x0001, 0xDD28, 0x0001, 0x92A3, 0x0001, 0x92E3, 0x0001, 0xDE31, 0x0001, 0xFFB8, 0x0001,
    0xBC8A, 0x0001, 0x5940, 0x0001, 0x3962, 0x0001, 0x8326, 0x0001, 0xDD08, 0x0001, 0xED48, 0x0001,
    0x9B65, 0x0001, 0x5182, 0x0001, 0x7263, 0x0001, 0xCD09, 0x0001, 0xFF13, 0x0001, 0xF672, 0x0001,
    0xB429, 0x0001, 0x72A6, 0x0001, 0x8348, 0x0001, 0xCD0B, 0x0001, 0xFEB0, 0x0001, 0xE5F0, 0x0001,
    0x6AA7, 0x0001, 0x3121, 0x0001, 0x6A63, 0x0001, 0x8284, 0x0001, 0x7181, 0x0001, 0x6141, 0x0001,
    0xA2C1, 0x0001, 0xECC3, 0x0001, 0x9367, 0x0001, 0x094D, 0x0001, 0x11F3, 0x0001, 0x3273, 0x0001,
    0x21CF, 0x0001, 0x2255, 0x0001, 0x4337, 0x0001, 0x8BAB, 0x0001, 0xC4E6, 0x0001, 0xE58A, 0x0001,
    0xABE7, 0x0001, 0x6A23, 0x0001, 0xFF8F, 0x0006, 0xED44, 0x0009, 0x18C5, 0x000F, 0xED44, 0x0009,
    0xFF8F, 0x0002, 0xFF0B, 0x0001, 0xFEEB, 0x0001, 0xCC67, 0x0001, 0x9B25, 0x0001, 0x92E4, 0x0001,
    0xB3E6, 0x0001, 0xEE4A, 0x0001, 0xFF0C, 0x0001, 0xBC87, 0x0001, 0x69E3, 0x0001, 0x4983, 0x0001,
    0x8305, 0x0001, 0xD4C7, 0x0001, 0xDD08, 0x0001, 0xAB85, 0x0001, 0x71A2, 0x0001, 0x40E1, 0x0001,
    0x6A64, 0x0001, 0xD529, 0x0001, 0xFEF0, 0x0001, 0xF6D5, 0x0001, 0xEE95, 0x0001, 0xF6D5, 0x0001,
    0xFF36, 0x0001, 0xE5F0, 0x0001, 0x9B46, 0x0001, 0x5181, 0x0001, 0x5A23, 0x0001, 0xB426, 0x0001,
    0xA345, 0x0001, 0x6981, 0x0001, 0x9AC2, 0x0001, 0xE4A3, 0x0001, 0xE483, 0x0001, 0x7261, 0x0001,
    0x08A4, 0x0001, 0x118E, 0x0001, 0x2A32, 0x0001, 0x21D0, 0x0001, 0x437A, 0x0001, 0x4C1E, 0x0001,
    0x21AA, 0x0001, 0x4140, 0x0001, 0x9B25, 0x0001, 0x6A43, 0x0001, 0x6223, 0x0001, 0xEDCA, 0x0001,
    0xFEED, 0x0001, 0xFF8F, 0x0001, 0xF6EA, 0x0001, 0xF6EB, 0x0001, 0xFF8F, 0x0002, 0xED44, 0x0008,
    0x18C5, 0x000E, 0xED44, 0x0009, 0xFF8F, 0x0002, 0xFECC, 0x0001, 0xFF8C, 0x0001, 0xE609, 0x0001,
    0x9B25, 0x0001, 0xABA6, 0x0001, 0xCCC8, 0x0001, 0xCC87, 0x0001, 0xC486, 0x0001, 0xBCA6, 0x0001,
    0xB448, 0x0001, 0xAB85, 0x0001, 0x92C0, 0x0001, 0x8A81, 0x0001, 0x92C4, 0x0002, 0x8222, 0x0001,
    0x6961, 0x0001, 0x69A2, 0x0001, 0x7263, 0x0001, 0x8304, 0x0001, 0xA428, 0x0001, 0xD56E, 0x0001,
    0xF650, 0x0001, 0xFE90, 0x0001, 0xE5F0, 0x0001, 0x9388, 0x0001, 0x59A1, 0x0001, 0x7AA4, 0x0001,
    0xC4A8, 0x0001, 0xE508, 0x0001, 0x8B05, 0x0001, 0x3902, 0x0001, 0x7202, 0x0001, 0xC3A3, 0x0001,
    0xC3C2, 0x0001, 0xAB21, 0x0001, 0x6A01, 0x0001, 0x3165, 0x0001, 0x21AD, 0x0001, 0x32F6, 0x0001,
    0x5CBE, 0x0001, 0x549F, 0x0001, 0x11F2, 0x0001, 0x18C4, 0x0001, 0x6203, 0x0001, 0x6A22, 0x0001,
    0x7284, 0x0001, 0xCCC8, 0x0001, 0xC468, 0x0001, 0xCC67, 0x0001, 0xFF0B, 0x0001, 0xFFEC, 0x0001,
    0xFF8F, 0x0002, 0xED44, 0x0008, 0x18C5, 0x000E, 0xED44, 0x0008, 0xFF8F, 0x0002, 0xEDAA, 0x0001,
    0xFF6D, 0x0001, 0xFF6C, 0x0001, 0xBCE7, 0x0001, 0x9325, 0x0001, 0xD509, 0x0001, 0xFE2B, 0x0001,
    0xCCA8, 0x0001, 0x9B25, 0x0001, 0x92E4, 0x0001, 0xB3A5, 0x0001, 0xDCE6, 0x0001, 0xE4E6, 0x0001,
    0x9AE3, 0x0001, 0x5921, 0x0001, 0x6141, 0x0001, 0x6982, 0x0002, 0x8AA4, 0x0001, 0x8B05, 0x0001,
    0x59E3, 0x0001, 0x4982, 0x0001, 0x7A83, 0x0001, 0xAB84, 0x0001, 0xABA5, 0x0001, 0x92E3, 0x0001,
    0x59A2, 0x0001, 0x5A03, 0x0001, 0xBCC9, 0x0001, 0xFE8C, 0x0001, 0xE507, 0x0001, 0x6264, 0x0001,
    0x0883, 0x0001, 0x2061, 0x0001, 0x8202, 0x0001, 0xCC03, 0x0001, 0xFD64, 0x0001, 0xD443, 0x0001,
    0x4120, 0x0001, 0x0909, 0x0001, 0x4C3F, 0x0001, 0x653F, 0x0001, 0x4BDC, 0x0001, 0x32D6, 0x0001,
    0x29CC, 0x0001, 0x4183, 0x0001, 0x7A82, 0x0001, 0xA365, 0x0001, 0x92E4, 0x0001, 0x9B04, 0x0001,
    0xCC47, 0x0001, 0xFE8A, 0x0001, 0xFF2B, 0x0001, 0xFF8F, 0x0002, 0xED44, 0x0008, 0x18C5, 0x000E,
    0xED44, 0x0008, 0xFF8F, 0x0002, 0xF6AA, 0x0001, 0xFFCD, 0x0001, 0xFF0C, 0x0001, 0xD4E8, 0x0001,
    0xB3C6, 0x0001, 0xE549, 0x0001, 0xF5EB, 0x0001, 0xCC68, 0x0001, 0xB3C7, 0x0001, 0xB384, 0x0001,
    0xBB20, 0x0001, 0xE549, 0x0001, 0xFF79, 0x0001, 0xAC6F, 0x0001, 0x6120, 0x0001, 0x9282, 0x0001,
    0xABA6, 0x0001, 0x8AA4, 0x0001, 0x6A23, 0x0001, 0x6203, 0x0001, 0x7243, 0x0001, 0x6A23, 0x0001,
    0x51C2, 0x0001, 0x59E2, 0x0002, 0x4981, 0x0001, 0x61E2, 0x0001, 0xA3A5, 0x0001, 0xEDCB, 0x0001,
    0xFE6C, 0x0001, 0xDCC6, 0x0001, 0x6243, 0x0001, 0x0883, 0x0001, 0x1801, 0x0001, 0x8A62, 0x0001,
    0xF5A5, 0x0001, 0xFF67, 0x0001, 0xED64, 0x0001, 0x4100, 0x0001, 0x00CA, 0x0001, 0x4C7F, 0x0001,
    0x5C7E, 0x0001, 0x2A53, 0x0001, 0x3253, 0x0001, 0x198D, 0x0001, 0x18A2, 0x0001, 0x7282, 0x0001,
    0xCC67, 0x0001, 0xC426, 0x0001, 0xABA5, 0x0001, 0xAB86, 0x0001, 0xB447, 0x0001, 0xFF8F, 0x0002,
    0xED44, 0x0009, 0x18C5, 0x000E, 0xED44, 0x0008, 0xFF8F, 0x0002, 0xFF8B, 0x0001, 0xFF4C, 0x0001,
    0xDD4A, 0x0001, 0xCC87, 0x0001, 0xDD67, 0x0001, 0xEE2B, 0x0001, 0xE5EA, 0x0001, 0xDD06, 0x0001,
    0xDD08, 0x0001, 0xDD6B, 0x0001, 0xD4C8, 0x0001, 0xEE73, 0x0001, 0xFFFF, 0x0001, 0xACD4, 0x0001,
    0x7180, 0x0001, 0xC425, 0x0001, 0xEDAA, 0x0001, 0xB3E6, 0x0001, 0x6223, 0x0002, 0xABE7, 0x0001,
    0xABC6, 0x0001, 0x59E2, 0x0001, 0x51A2, 0x0001, 0x5A04, 0x0001, 0x6244, 0x0001, 0xA3A6, 0x0001,
    0xE529, 0x0001, 0xE528, 0x0001, 0xDD49, 0x0001, 0xEDCD, 0x0001, 0x93A9, 0x0001, 0x30E2, 0x0001,
    0x5920, 0x0001, 0xA2E2, 0x0001, 0xC444, 0x0001, 0xE646, 0x0001, 0xFE86, 0x0001, 0x8BC3, 0x0001,
    0x4A48, 0x0001, 0x3B14, 0x0001, 0x3295, 0x0001, 0x21CF, 0x0001, 0x2A32, 0x0001, 0x19B0, 0x0001,
    0x1108, 0x0001, 0x72A6, 0x0001, 0xDCC7, 0x0001, 0xED69, 0x0001, 0xD4C8, 0x0001, 0xA365, 0x0001,
    0xFF8F, 0x0002, 0xED44, 0x0009, 0x18C5, 0x000F, 0xED44, 0x0008, 0xFF8F, 0x0002, 0xFFCC, 0x0001,
    0xF6AA, 0x0001, 0xA386, 0x0001, 0xB426, 0x0001, 0xFF0B, 0x0001, 0xFF4C, 0x0001, 0xF689, 0x0001,
    0xFE25, 0x0001, 0xFE4B, 0x0001, 0xF6F6, 0x0001, 0xF77C, 0x0001, 0xFFFF, 0x0002, 0xA42F, 0x0001,
    0x6981, 0x0001, 0xCC87, 0x0001, 0xFE4C, 0x0001, 0xCC87, 0x0001, 0x92E4, 0x0001, 0x9B65, 0x0001,
    0xE58A, 0x0001, 0xDD29, 0x0001, 0x9304, 0x0001, 0x8284, 0x0001, 0x9B45, 0x0001, 0xB3E6, 0x0001,
    0xDD29, 0x0001, 0xEDEB, 0x0001, 0xCC86, 0x0001, 0xD4E9, 0x0001, 0xFF15, 0x0001, 0xBCCF, 0x0001,
    0x6961, 0x0001, 0xAB00, 0x0001, 0xBBA3, 0x0001, 0x71A2, 0x0001, 0x9B43, 0x0001, 0xFE86, 0x0001,
    0xFF27, 0x0001, 0xBC84, 0x0001, 0x2923, 0x0001, 0x08CA, 0x0001, 0x2A32, 0x0001, 0x3252, 0x0001,
    0x19F2, 0x0001, 0x21F1, 0x0001, 0x730B, 0x0001, 0xD4A7, 0x0001, 0xF5EA, 0x0001, 0xF5CB, 0x0001,
    0xCC87, 0x0001, 0xFF8F, 0x0002, 0xED44, 0x0009, 0x18C5, 0x000F, 0xED44, 0x0008, 0xFF8F, 0x0002,
    0xFFCC, 0x0001, 0xFECA, 0x0001, 0xABA5, 0x0001, 0xC4CB, 0x0001, 0xFFF2, 0x0001, 0xFFEC, 0x0001,
    0xFEC7, 0x0001, 0xFE8B, 0x0001, 0xFF34, 0x0001, 0xFFDD, 0x0001, 0xFFFF, 0x0003, 0x9BCD, 0x0001,
    0x58C0, 0x0001, 0xBBE5, 0x0001, 0xF5EB, 0x0001, 0xCC67, 0x0001, 0xAB65, 0x0001, 0xBC26, 0x0001,
    0xEDEA, 0x0001, 0xFED0, 0x0001, 0xDDD0, 0x0001, 0x9B88, 0x0001, 0x92C2, 0x0001, 0xC426, 0x0001,
    0xED69, 0x0001, 0xEDCA, 0x0001, 0xE5EE, 0x0001, 0xE611, 0x0001, 0xE5F0, 0x0001, 0x9B48, 0x0001,
    0x71A1, 0x0001, 0xD483, 0x0001, 0xEDA5, 0x0001, 0xA2C2, 0x0001, 0x81C1, 0x0001, 0xB3E4, 0x0001,
    0xFEA7, 0x0001, 0xDD43, 0x0001, 0x28E0, 0x0001, 0x0089, 0x0001, 0x2A31, 0x0001, 0x31C9, 0x0001,
    0x090A, 0x0001, 0x0994, 0x0001, 0x6AEE, 0x0001, 0xDCE6, 0x0001, 0xFE89, 0x0001, 0xFECC, 0x0001,
    0xED6A, 0x0001, 0xFF8F, 0x0002, 0xED44, 0x0009, 0x18C5, 0x000F, 0xED44, 0x0008, 0xFF8F, 0x0002,
    0xFF6C, 0x0001, 0xFF0A, 0x0001, 0xE526, 0x0001, 0xD52F, 0x0001, 0xDE34, 0x0001, 0xDD89, 0x0001,
    0xE5A7, 0x0001, 0xF716, 0x0001, 0xFFBF, 0x0001, 0xFFFF, 0x0001, 0xFFDF, 0x0001, 0xFFFF, 0x0002,
    0xB4F2, 0x0001, 0x7A24, 0x0001, 0x9B04, 0x0001, 0xCC67, 0x0001, 0xCCA7, 0x0001, 0xCCA8, 0x0001,
    0xCCA7, 0x0001, 0xDD08, 0x0001, 0xF66E, 0x0001, 0xFF14, 0x0001, 0xC52E, 0x0001, 0x9B66, 0x0001,
    0xB3C5, 0x0001, 0xD4E8, 0x0001, 0xF60D, 0x0001, 0xFF14, 0x0001, 0xFEB2, 0x0001, 0xE528, 0x0001,
    0x9261, 0x0001, 0x6982, 0x0001, 0xBC44, 0x0001, 0xFE86, 0x0001, 0xF564, 0x0001, 0x8221, 0x0001,
    0x6121, 0x0001, 0xE505, 0x0001, 0xDD85, 0x0001, 0x2943, 0x0001, 0x00EC, 0x0001, 0x2A11, 0x0001,
    0x18E6, 0x0001, 0x10E5, 0x0001, 0x3A6F, 0x0001, 0x836C, 0x0001, 0xCC86, 0x0001, 0xF689, 0x0001,
    0xFF8D, 0x0001, 0xFEAC, 0x0001, 0xF60B, 0x0001, 0xFF8F, 0x0002, 0xED44, 0x0009, 0x18C5, 0x000E,
    0xED44, 0x0007, 0xFF8F, 0x0002, 0xF60B, 0x0001, 0xFF2D, 0x0001, 0xFEEA, 0x0001, 0xFE48, 0x0001,
    0xB48E, 0x0001, 0x4290, 0x0001, 0x2905, 0x0001, 0x7328, 0x0001, 0xEF9E, 0x0001, 0xFFFF, 0x0002,
    0xFFDF, 0x0001, 0xFFFF, 0x0001, 0xFFDF, 0x0001, 0xEF5D, 0x0001, 0xD659, 0x0001, 0x82C7, 0x0001,
    0x92A2, 0x0001, 0xEDAA, 0x0001, 0xFE6C, 0x0001, 0xE549, 0x0001, 0xCC66, 0x0001, 0xD4A6, 0x0001,
    0xF5EB, 0x0001, 0xFEF3, 0x0001, 0xE632, 0x0001, 0xBC26, 0x0001, 0xCCEA, 0x0001, 0xF6F5, 0x0001,
    0xEE10, 0x0001, 0xED68, 0x0001, 0xFE08, 0x0001, 0xB3E5, 0x0001, 0x6981, 0x0001, 0x9AA2, 0x0001,
    0xF584, 0x0001, 0xFEA6, 0x0001, 0x9B03, 0x0001, 0x50C1, 0x0001, 0xED45, 0x0001, 0xEE05, 0x0001,
    0x2942, 0x0001, 0x00CA, 0x0001, 0x2A11, 0x0001, 0x00CE, 0x0001, 0x4A8B, 0x0001, 0xCDCA, 0x0001,
    0xC4A7, 0x0001, 0x9B65, 0x0001, 0xDDC9, 0x0001, 0xFFCC, 0x0002, 0xFEEC, 0x0001, 0xEDCB, 0x0001,
    0xFF8F, 0x0002, 0xED44, 0x0008, 0x18C5, 0x000E, 0xED44, 0x0007, 0xFF8F, 0x0002, 0xF60B, 0x0001,
    0xFF69, 0x0001, 0xFF2B, 0x0001, 0xD611, 0x0001, 0x7455, 0x0001, 0x1214, 0x0001, 0x0005, 0x0001,
    0x3164, 0x0001, 0xDE13, 0x0001, 0xFF99, 0x0001, 0xFFDD, 0x0001, 0xFFFF, 0x0001, 0xFFDF, 0x0001,
    0xFFFF, 0x0002, 0xFF9B, 0x0001, 0x7227, 0x0001, 0x6120, 0x0001, 0xCCC8, 0x0001, 0xF66C, 0x0001,
    0xEDEB, 0x0001, 0xDD4C, 0x0001, 0xDDAF, 0x0001, 0xF6B2, 0x0001, 0xE653, 0x0001, 0xD590, 0x0001,
    0xE58C, 0x0001, 0xFE6E, 0x0001, 0xF671, 0x0001, 0xA3E9, 0x0001, 0x8328, 0x0001, 0xACCF, 0x0001,
    0x938B, 0x0001, 0x6961, 0x0001, 0xAB01, 0x0001, 0xF544, 0x0001, 0xEDC5, 0x0001, 0xCCA4, 0x0001,
    0xABA3, 0x0001, 0xC424, 0x0001, 0xA363, 0x0001, 0x4142, 0x0001, 0x1909, 0x0001, 0x2A74, 0x0001,
    0x53BA, 0x0001, 0xADD8, 0x0001, 0xFFD2, 0x0001, 0xCD08, 0x0001, 0x9305, 0x0001, 0xE62A, 0x0001,
    0xFFAC, 0x0001, 0xF70B, 0x0001, 0xFF0C, 0x0001, 0xEDCB, 0x0001, 0xFF8F, 0x0002, 0xED44, 0x0008,
    0x18C5, 0x000E, 0xED44, 0x0008, 0xFF8F, 0x0002, 0xFF67, 0x0001, 0xF72F, 0x0001, 0x74FC, 0x0001,
    0x447F, 0x0001, 0x4C3E, 0x0001, 0x198C, 0x0001, 0x38E0, 0x0001, 0xBB81, 0x0001, 0xFDEB, 0x0001,
    0xF717, 0x0001, 0xFFDE, 0x0001, 0xFFFF, 0x0002, 0xFFFC, 0x0001, 0xEE73, 0x0001, 0x8AA5, 0x0001,
    0x5920, 0x0001, 0x8AE4, 0x0001, 0xCCE8, 0x0001, 0xF62C, 0x0001, 0xF6B2, 0x0001, 0xFFDC, 0x0001,
    0xFFFF, 0x0001, 0xB4AE, 0x0001, 0x9B45, 0x0001, 0xE633, 0x0001, 0xFEF2, 0x0001, 0xCC67, 0x0001,
    0x628B, 0x0001, 0x19F3, 0x0001, 0x2233, 0x0001, 0x396A, 0x0001, 0x71A1, 0x0001, 0xDCE3, 0x0001,
    0xFE06, 0x0001, 0xD443, 0x0001, 0xED24, 0x0001, 0xFE06, 0x0001, 0x9B04, 0x0001, 0x58E0, 0x0001,
    0x6961, 0x0001, 0x3948, 0x0001, 0x3273, 0x0001, 0xBE3C, 0x0001, 0xFFFF, 0x0002, 0xB4B0, 0x0001,
    0x9B64, 0x0001, 0xF689, 0x0001, 0xFFCD, 0x0001, 0xFF8F, 0x0004, 0xED44, 0x0009, 0x18C5, 0x000E,
    0xED44, 0x0008, 0xFF8F, 0x0002, 0x9DB8, 0x0001, 0xA63B, 0x0001, 0x549F, 0x0001, 0x447F, 0x0001,
    0x549F, 0x0001, 0x2273, 0x0001, 0x3125, 0x0001, 0x9260, 0x0001, 0xCBC2, 0x0001, 0xDD6B, 0x0001,
    0xFFBD, 0x0001, 0xFFFF, 0x0001, 0xFFDC, 0x0001, 0xFFDE, 0x0001, 0xF75B, 0x0001, 0xD56B, 0x0001,
    0xA320, 0x0001, 0x8242, 0x0001, 0xBBC6, 0x0001, 0xF5C9, 0x0001, 0xF5EB, 0x0001, 0xEE30, 0x0001,
    0xF652, 0x0001, 0xED48, 0x0001, 0xC445, 0x0001, 0x8C10, 0x0001, 0x632F, 0x0001, 0x5A69, 0x0001,
    0x4B77, 0x0001, 0x2B5C, 0x0001, 0x094D, 0x0001, 0x2064, 0x0001, 0x7A02, 0x0001, 0xED65, 0x0001,
    0xFE46, 0x0001, 0xD402, 0x0001, 0xBB62, 0x0001, 0xCC64, 0x0001, 0xCCC5, 0x0001, 0xB3A3, 0x0001,
    0x81E1, 0x0001, 0x30C4, 0x0001, 0x2989, 0x0001, 0x9C0C, 0x0001, 0xEE97, 0x0001, 0xF7DF, 0x0001,
    0xB514, 0x0001, 0x92E3, 0x0001, 0xD4C6, 0x0001, 0xFF0C, 0x0001, 0xFFAC, 0x0001, 0xFF8F, 0x0002,
    0xED44, 0x0009, 0x18C5, 0x000F, 0xED44, 0x0008, 0xFF8F, 0x0002, 0x4C1E, 0x0001, 0x3C1F, 0x0001,
    0x549F, 0x0001, 0x64DF, 0x0001, 0x545F, 0x0001, 0x3339, 0x0001, 0x3A2F, 0x0001, 0x7205, 0x0001,
    0xAAA0, 0x0001, 0xD443, 0x0001, 0xF6D5, 0x0001, 0xF75B, 0x0001, 0xEE72, 0x0001, 0xF6F8, 0x0001,
    0xFFFC, 0x0001, 0xFF8D, 0x0001, 0xE502, 0x0001, 0x9262, 0x0001, 0x8A84, 0x0001, 0xABC6, 0x0001,
    0xABE7, 0x0001, 0xA365, 0x0001, 0xA385, 0x0001, 0xE58B, 0x0001, 0xCDB0, 0x0001, 0x42F3, 0x0001,
    0x0173, 0x0001, 0x2275, 0x0001, 0x4C1E, 0x0001, 0x43B9, 0x0001, 0x1945, 0x0001, 0x38A0, 0x0001,
    0x9AA3, 0x0001, 0xED45, 0x0001, 0xFE45, 0x0001, 0xE504, 0x0001, 0x9262, 0x0001, 0x81E2, 0x0001,
    0xE525, 0x0001, 0xF5A5, 0x0001, 0x8202, 0x0001, 0x2041, 0x0001, 0x1081, 0x0001, 0x5120, 0x0001,
    0xBCAB, 0x0001, 0xFFBB, 0x0001, 0xD5F2, 0x0001, 0x92C3, 0x0001, 0x9AE3, 0x0001, 0xEDA9, 0x0001,
    0xFF6C, 0x0002, 0xFF8F, 0x0002, 0xED44, 0x0009, 0x18C5, 0x000E, 0xED44, 0x0007, 0xFF8F, 0x0002,
    0xF6EB, 0x0001, 0x6BF2, 0x0001, 0x0A18, 0x0001, 0x4C3F, 0x0001, 0x651F, 0x0001, 0x549F, 0x0001,
    0x4C7E, 0x0001, 0x4357, 0x0001, 0x51C4, 0x0001, 0x9280, 0x0001, 0xD442, 0x0001, 0xDCE7, 0x0001,
    0xCC67, 0x0001, 0xCC45, 0x0001, 0xE548, 0x0001, 0xFEAB, 0x0001, 0xFF28, 0x0001, 0xED44, 0x0001,
    0x9263, 0x0001, 0x4101, 0x0001, 0x2944, 0x0001, 0x3A0C, 0x0001, 0x422E, 0x0001, 0x3A2E, 0x0001,
    0x63D6, 0x0001, 0x6CFD, 0x0001, 0x4C3E, 0x0001, 0x441F, 0x0001, 0x4C3F, 0x0001, 0x3B59, 0x0001,
    0x21AE, 0x0001, 0x10C4, 0x0001, 0x59A0, 0x0001, 0xC3C2, 0x0001, 0xF565, 0x0001, 0xFE66, 0x0001,
    0xFE46, 0x0001, 0xBBE4, 0x0001, 0x79E2, 0x0001, 0x92A3, 0x0001, 0xAB23, 0x0001, 0x79C2, 0x0001,
    0x28A1, 0x0001, 0x0882, 0x0001, 0x5181, 0x0001, 0xC4A7, 0x0001, 0xFF4E, 0x0001, 0xEE6C, 0x0001,
    0xB3A5, 0x0001, 0x8AA4, 0x0001, 0xA385, 0x0001, 0xDD28, 0x0001, 0xFF0B, 0x0002, 0xFF8F, 0x0002,
    0xED44, 0x0008, 0x18C5, 0x000A, 0xED44, 0x0002, 0x18C5, 0x0001, 0xED44, 0x0007, 0xFF8F, 0x0002,
    0xFF2B, 0x0001, 0xFFCC, 0x0001, 0xBD0A, 0x0001, 0x422E, 0x0001, 0x3339, 0x0001, 0x3B9B, 0x0001,
    0x4BDC, 0x0001, 0x5CFF, 0x0001, 0x4C3D, 0x0001, 0x3A0B, 0x0001, 0x7243, 0x0001, 0xCBC3, 0x0001,
    0xD3E0, 0x0001, 0xCBE0, 0x0001, 0xDC62, 0x0001, 0xED82, 0x0001, 0xFE43, 0x0001, 0xEDC4, 0x0001,
    0xDCA4, 0x0001, 0xAB43, 0x0001, 0x5960, 0x0001, 0x20E4, 0x0001, 0x19D1, 0x0001, 0x1A14, 0x0001,
    0x11D3, 0x0001, 0x2B3C, 0x0001, 0x443F, 0x0001, 0x4BFC, 0x0001, 0x4B99, 0x0001, 0x439A, 0x0001,
    0x4BBA, 0x0001, 0x2253, 0x0001, 0x0066, 0x0001, 0x5A01, 0x0001, 0xED24, 0x0001, 0xFE46, 0x0001,
    0xFE86, 0x0001, 0xFEA6, 0x0001, 0xDCE4, 0x0001, 0x9AC2, 0x0001, 0x81C2, 0x0001, 0x71C2, 0x0001,
    0x69A2, 0x0001, 0x4983, 0x0001, 0x49C4, 0x0001, 0x82C5, 0x0001, 0xBC46, 0x0001, 0xCD46, 0x0001,
    0xD506, 0x0001, 0xCC67, 0x0001, 0xBC47, 0x0001, 0xA366, 0x0001, 0xA345, 0x0001, 0xF66A, 0x0001,
    0xFF6C, 0x0001, 0xFEEC, 0x0001, 0xFF8F, 0x0002, 0xED44, 0x0007, 0x18C5, 0x0009, 0xED44, 0x0003,
    0x18C5, 0x0001, 0xED44, 0x0006, 0xFF8F, 0x0002, 0xEDCB, 0x0001, 0xF66B, 0x0001, 0xF6EB, 0x0001,
    0xEDA7, 0x0001, 0xA3A8, 0x0001, 0x3A50, 0x0001, 0x1190, 0x0001, 0x2A31, 0x0001, 0x4BFC, 0x0001,
    0x441F, 0x0001, 0x2A74, 0x0001, 0x49A8, 0x0001, 0x9262, 0x0001, 0xBB61, 0x0001, 0xDCC4, 0x0001,
    0xFE05, 0x0001, 0xFE86, 0x0001, 0xFDE5, 0x0001, 0xD483, 0x0001, 0xCC02, 0x0001, 0xCC23, 0x0001,
    0xB321, 0x0001, 0x7A24, 0x0001, 0x3A0F, 0x0001, 0x19D1, 0x0001, 0x2211, 0x0001, 0x4BBB, 0x0001,
    0x545F, 0x0001, 0x32B5, 0x0001, 0x196D, 0x0001, 0x2A11, 0x0001, 0x543E, 0x0001, 0x43BC, 0x0001,
    0x08E7, 0x0001, 0x6A80, 0x0001, 0xFE46, 0x0001, 0xFEA6, 0x0001, 0xFE26, 0x0001, 0xFE46, 0x0001,
    0xED64, 0x0001, 0xCBE2, 0x0001, 0xA2C2, 0x0001, 0x71E3, 0x0001, 0x51A2, 0x0001, 0x6243, 0x0001,
    0x9B45, 0x0001, 0xC447, 0x0001, 0xBC06, 0x0001, 0x9325, 0x0001, 0xA345, 0x0001, 0xD4A7, 0x0001,
    0xF60B, 0x0001, 0xCCC9, 0x0001, 0x9305, 0x0001, 0xC507, 0x0001, 0xFF6C, 0x0001, 0xFEEC, 0x0001,
    0xED8B, 0x0001, 0xFF8F, 0x0002, 0xED44, 0x0007, 0x18C5, 0x0002, 0xED44, 0x0001, 0x18C5, 0x0005,
    0xED44, 0x0003, 0x18C5, 0x0001, 0xED44, 0x0006, 0xFF8F, 0x0002, 0xFF0C, 0x0002, 0xFEAB, 0x0001,
    0xED88, 0x0001, 0xC447, 0x0001, 0x7AC8, 0x0001, 0x2926, 0x0001, 0x00A7, 0x0001, 0x2A53, 0x0001,
    0x437A, 0x0001, 0x3296, 0x0001, 0x218B, 0x0001, 0x4122, 0x0001, 0x8A21, 0x0001, 0xD465, 0x0001,
    0xFE26, 0x0001, 0xF5C5, 0x0001, 0xD443, 0x0001, 0xC3A2, 0x0002, 0xCC02, 0x0001, 0xDC22, 0x0001,
    0xA302, 0x0001, 0x2906, 0x0001, 0x00AA, 0x0001, 0x3252, 0x0001, 0x543D, 0x0001, 0x549F, 0x0001,
    0x4379, 0x0001, 0x3B36, 0x0001, 0x439A, 0x0001, 0x3B15, 0x0001, 0x3A4C, 0x0001, 0x6A44, 0x0001,
    0xCC63, 0x0001, 0xFE46, 0x0001, 0xED85, 0x0001, 0xE4E4, 0x0001, 0xF5C5, 0x0001, 0xFE66, 0x0001,
    0xED64, 0x0001, 0xB343, 0x0001, 0x5962, 0x0001, 0x2903, 0x0001, 0x51C3, 0x0001, 0xA365, 0x0001,
    0xE589, 0x0001, 0xDD29, 0x0001, 0xAB45, 0x0001, 0xA345, 0x0001, 0xD4C8, 0x0001, 0xFE2C, 0x0001,
    0xDD2A, 0x0001, 0xAB86, 0x0001, 0xCCE8, 0x0001, 0xFF2D, 0x0001, 0xFFED, 0x0001, 0xEE4A, 0x0001,
    0xFF8F, 0x0002, 0xED44, 0x0007, 0x18C5, 0x0002, 0xED44, 0x0001, 0x18C5, 0x0005, 0xED44, 0x0003,
    0x18C5, 0x0001, 0xED44, 0x0006, 0xFF8F, 0x0002, 0xFF2B, 0x0001, 0xEE8B, 0x0001, 0xDD2A, 0x0001,
    0xC447, 0x0001, 0xBC05, 0x0001, 0xB3A5, 0x0001, 0x7262, 0x0001, 0x2922, 0x0001, 0x1129, 0x0001,
    0x19AF, 0x0001, 0x21CF, 0x0001, 0x1129, 0x0001, 0x0882, 0x0001, 0x40E1, 0x0001, 0xAB44, 0x0001,
    0xFE26, 0x0001, 0xFDE5, 0x0001, 0xD443, 0x0001, 0xD463, 0x0001, 0xD483, 0x0001, 0xD463, 0x0001,
    0xE4C4, 0x0001, 0xC443, 0x0001, 0x5A41, 0x0001, 0x18E5, 0x0001, 0x196E, 0x0001, 0x32F8, 0x0001,
    0x547F, 0x0001, 0x5CDF, 0x0001, 0x653F, 0x0001, 0x545F, 0x0001, 0x090B, 0x0001, 0x2060, 0x0001,
    0xC3A0, 0x0001, 0xFE45, 0x0001, 0xFE26, 0x0001, 0xD463, 0x0001, 0xCC23, 0x0001, 0xF5C5, 0x0001,
    0xFEE7, 0x0001, 0xFE26, 0x0001, 0xCC04, 0x0001, 0x6182, 0x0001, 0x1082, 0x0001, 0x3983, 0x0001,
    0xABA6, 0x0001, 0xE549, 0x0001, 0xEDCA, 0x0001, 0xDD48, 0x0001, 0xC466, 0x0001, 0xC467, 0x0001,
    0xE5A9, 0x0001, 0xEDE9, 0x0001, 0xD507, 0x0001, 0xD4C8, 0x0001, 0xEDCB, 0x0001, 0xFF6C, 0x0001,
    0xFF6B, 0x0001, 0xFF8F, 0x0002, 0xED44, 0x0007, 0x18C5, 0x0002, 0xED44, 0x0001, 0x18C5, 0x0005,
    0xED44, 0x0003, 0x18C5, 0x0001, 0xED44, 0x0006, 0xFF8F, 0x0002, 0xFF4B, 0x0001, 0xD589, 0x0001,
    0x9B45, 0x0001, 0xAB44, 0x0001, 0xC424, 0x0001, 0xC426, 0x0001, 0xC446, 0x0001, 0xA386, 0x0001,
    0x3984, 0x0001, 0x0044, 0x0001, 0x08A4, 0x0001, 0x18E4, 0x0001, 0x0883, 0x0001, 0x0822, 0x0001,
    0x6263, 0x0001, 0xFE26, 0x0001, 0xFF06, 0x0001, 0xFE05, 0x0001, 0xFE06, 0x0001, 0xFDE5, 0x0001,
    0xF5C5, 0x0002, 0xF5E5, 0x0001, 0xE5E5, 0x0001, 0x8B63, 0x0001, 0x0864, 0x0001, 0x00EC, 0x0001,
    0x4358, 0x0001, 0x5CBF, 0x0001, 0x5C9F, 0x0001, 0x3AD5, 0x0001, 0x0027, 0x0001, 0x28E0, 0x0001,
    0xDCE2, 0x0001, 0xFF26, 0x0001, 0xFE26, 0x0001, 0xD463, 0x0001, 0xD443, 0x0001, 0xFDE5, 0x0001,
    0xFEC7, 0x0001, 0xFE26, 0x0001, 0xF504, 0x0001, 0x8AA2, 0x0001, 0x10A2, 0x0001, 0x5245, 0x0001,
    0xD487, 0x0001, 0xCC47, 0x0001, 0xD528, 0x0001, 0xFEEB, 0x0001, 0xDD68, 0x0001, 0xC426, 0x0001,
    0xE5E8, 0x0001, 0xFF6A, 0x0001, 0xF6A9, 0x0001, 0xB426, 0x0001, 0xABE7, 0x0001, 0xF6AB, 0x0001,
    0xFFAC, 0x0001, 0xFF8F, 0x0002, 0xED44, 0x0007, 0x18C5, 0x0002, 0xED44, 0x0001, 0x18C5, 0x0005,
    0xED44, 0x0003, 0x18C5, 0x0001, 0xED44, 0x0006, 0xFF8F, 0x0002, 0xFFCD, 0x0001, 0xE5C8, 0x0001,
    0xB3A6, 0x0001, 0xCD0F, 0x0001, 0xE632, 0x0001, 0xD52A, 0x0001, 0xED47, 0x0001, 0xE527, 0x0001,
    0x8B03, 0x0001, 0x4161, 0x0002, 0x4162, 0x0001, 0x20E2, 0x0001, 0x0022, 0x0001, 0x3163, 0x0001,
    0xB404, 0x0001, 0xC4C4, 0x0001, 0xCCA5, 0x0001, 0xE545, 0x0001, 0xFE25, 0x0001, 0xFEC6, 0x0001,
    0xFEA6, 0x0001, 0xFEE7, 0x0001, 0xFF67, 0x0001, 0xF625, 0x0001, 0x8342, 0x0001, 0x2945, 0x0001,
    0x116C, 0x0001, 0x32B3, 0x0001, 0x2232, 0x0001, 0x00A9, 0x0001, 0x3963, 0x0001, 0x8BE5, 0x0001,
    0xEE4D, 0x0001, 0xF6CC, 0x0001, 0xF584, 0x0001, 0xD462, 0x0001, 0xD423, 0x0001, 0xE504, 0x0001,
    0xF606, 0x0001, 0xFE26, 0x0001, 0xF523, 0x0001, 0x9AC1, 0x0001, 0x30E1, 0x0001, 0x59A3, 0x0001,
    0xBBE6, 0x0001, 0xD508, 0x0001, 0xDDC9, 0x0001, 0xE5E9, 0x0001, 0xDD68, 0x0001, 0xDD69, 0x0001,
    0xEEB0, 0x0001, 0xFFF4, 0x0001, 0xFFB4, 0x0001, 0xB448, 0x0001, 0xAB63, 0x0001, 0xFEEA, 0x0001,
    0xFFEE, 0x0001, 0xFF8F, 0x0002, 0xED44, 0x0007, 0x18C5, 0x0002, 0xED44, 0x0001, 0x18C5, 0x0005,
    0xED44, 0x0003, 0x18C5, 0x0001, 0xED44, 0x0006, 0xFF8F, 0x0002, 0xFF4C, 0x0001, 0xE5A7, 0x0001,
    0xC467, 0x0001, 0xE698, 0x0001, 0xFFDD, 0x0001, 0xF64E, 0x0001, 0xF5C9, 0x0001, 0xEDEB, 0x0001,
    0xDD09, 0x0001, 0xBC06, 0x0001, 0x9B45, 0x0001, 0x7A84, 0x0001, 0x49A3, 0x0001, 0x18E3, 0x0001,
    0x28E2, 0x0001, 0x6162, 0x0001, 0x6941, 0x0001, 0x69A1, 0x0001, 0xAB22, 0x0001, 0xE4E4, 0x0001,
    0xFE05, 0x0001, 0xFE46, 0x0001, 0xFE05, 0x0001, 0xF5E5, 0x0001, 0xFE86, 0x0001, 0xFE46, 0x0001,
    0x7B04, 0x0001, 0x0042, 0x0001, 0x1082, 0x0001, 0x0862, 0x0001, 0x18C2, 0x0001, 0xAC22, 0x0001,
    0xFF0A, 0x0001, 0xFF55, 0x0001, 0xDDAF, 0x0001, 0xCC02, 0x0001, 0xCBE1, 0x0001, 0xCC03, 0x0001,
    0xCBE2, 0x0001, 0xE524, 0x0001, 0xFE26, 0x0001, 0xED44, 0x0001, 0xAB22, 0x0001, 0x71A2, 0x0001,
    0x69A2, 0x0001, 0xA3A6, 0x0001, 0xEE6A, 0x0001, 0xF66A, 0x0001, 0xCC87, 0x0001, 0xDD46, 0x0001,
    0xFF4D, 0x0001, 0xFFBA, 0x0001, 0xFFFF, 0x0001, 0xFFDF, 0x0001, 0xD590, 0x0001, 0xD4C6, 0x0001,
    0xFEEA, 0x0001, 0xFF6C, 0x0001, 0xFF8F, 0x0002, 0xED44, 0x0007, 0x18C5, 0x0002, 0xED44, 0x0001,
    0x18C5, 0x0005, 0xED44, 0x0003, 0x18C5, 0x0001, 0xED44, 0x0006, 0xFF8F, 0x0002, 0xC4A7, 0x0001,
    0xB425, 0x0001, 0xFF8F, 0x0001, 0xDDD1, 0x0001, 0xF672, 0x0001, 0xFEB2, 0x0001, 0xFF36, 0x0001,
    0xFF59, 0x0001, 0xFEF4, 0x0001, 0xEDAC, 0x0001, 0xC447, 0x0001, 0xA344, 0x0001, 0x7A84, 0x0001,
    0x49C3, 0x0001, 0x4142, 0x0001, 0x5901, 0x0001, 0x6901, 0x0001, 0x7161, 0x0001, 0x9262, 0x0001,
    0xAB23, 0x0001, 0xAB44, 0x0001, 0xAB84, 0x0001, 0xB3A4, 0x0001, 0xB384, 0x0001, 0xBC04, 0x0001,
    0xCC44, 0x0001, 0x9B23, 0x0001, 0x5141, 0x0001, 0x3040, 0x0001, 0x5960, 0x0001, 0xB422, 0x0001,
    0xF64B, 0x0001, 0xFF91, 0x0001, 0xFF8F, 0x0001, 0xCCA7, 0x0001, 0x8A21, 0x0001, 0xAB21, 0x0001,
    0xD443, 0x0001, 0xCC02, 0x0001, 0xE4E4, 0x0001, 0xFE46, 0x0001, 0xFE86, 0x0001, 0xE525, 0x0001,
    0xB385, 0x0001, 0xBC87, 0x0001, 0xE62A, 0x0001, 0xE609, 0x0001, 0xDD69, 0x0001, 0xDDA9, 0x0001,
    0xF6E8, 0x0001, 0xFFCE, 0x0001, 0xFFBB, 0x0001, 0xF7BF, 0x0001, 0xF7DF, 0x0001, 0xFF7C, 0x0001,
    0xEE74, 0x0001, 0xCD0A, 0x0001, 0xABE4, 0x0001, 0xFF8F, 0x0002, 0xED44, 0x0007, 0x18C5, 0x0002,
    0xED44, 0x0001, 0x18C5, 0x0005, 0xED44, 0x0003, 0x18C5, 0x0001, 0xED44, 0x0006, 0xFF8F, 0x0002,
    0xAB65, 0x0001, 0x8AC5, 0x0001, 0xFF8F, 0x0001, 0xB340, 0x0001, 0xE4E7, 0x0001, 0xF6B3, 0x0001,
    0xFFFE, 0x0001, 0xFFFF, 0x0001, 0xFFDE, 0x0001, 0xF6B4, 0x0001, 0xD509, 0x0001, 0xBBE5, 0x0001,
    0x9325, 0x0001, 0x6223, 0x0001, 0x51A2, 0x0001, 0x61C2, 0x0001, 0x5962, 0x0001, 0x5142, 0x0001,
    0x71C2, 0x0001, 0x8A43, 0x0001, 0x9262, 0x0001, 0x8A22, 0x0001, 0x79E2, 0x0001, 0x71A2, 0x0001,
    0x7182, 0x0001, 0x71A2, 0x0001, 0x8203, 0x0001, 0x8202, 0x0002, 0xC423, 0x0001, 0xFEE9, 0x0001,
    0xFF55, 0x0001, 0xF6B5, 0x0001, 0xEE07, 0x0001, 0xA340, 0x0001, 0x6142, 0x0001, 0xA2E2, 0x0001,
    0xDC43, 0x0001, 0xC3C3, 0x0001, 0xDCE4, 0x0001, 0xFE46, 0x0001, 0xEE05, 0x0001, 0xDCE5, 0x0001,
    0xCC67, 0x0001, 0xE5CA, 0x0001, 0xEE6A, 0x0001, 0xBC46, 0x0001, 0xC487, 0x0001, 0xFF0C, 0x0001,
    0xF6C8, 0x0001, 0xDE0B, 0x0001, 0xF77A, 0x0001, 0xFFFF, 0x0001, 0xF7BE, 0x0001, 0xFFFF, 0x0001,
    0xF79E, 0x0001, 0xBC4B, 0x0001, 0x79C0, 0x0001, 0xFF8F, 0x0002, 0xED44, 0x0007, 0x18C5, 0x0002,
    0xED44, 0x0001, 0x18C5, 0x0005, 0xED44, 0x0003, 0x18C5, 0x0001, 0xED44, 0x0006, 0xFF8F, 0x0002,
    0xD4A7, 0x0001, 0xBC07, 0x0001, 0xFF8F, 0x0001, 0xB362, 0x0001, 0xE529, 0x0001, 0xF6B3, 0x0001,
    0xFFDC, 0x0001, 0xFFFF, 0x0002, 0xFF9B, 0x0001, 0xF60D, 0x0001, 0xCC66, 0x0001, 0x9305, 0x0001,
    0x59E3, 0x0001, 0x51C2, 0x0001, 0x51C3, 0x0001, 0x2923, 0x0001, 0x1082, 0x0001, 0x4902, 0x0001,
    0x9AA2, 0x0001, 0xCC03, 0x0001, 0xB363, 0x0001, 0x79E2, 0x0001, 0x6142, 0x0001, 0x6141, 0x0001,
    0x6982, 0x0001, 0x5902, 0x0001, 0x79C1, 0x0001, 0xD4A1, 0x0001, 0xFE88, 0x0001, 0xFF13, 0x0001,
    0xFF79, 0x0001, 0xE633, 0x0001, 0xAB85, 0x0001, 0x7180, 0x0001, 0x6982, 0x0001, 0xB363, 0x0001,
    0xC3C2, 0x0001, 0x9282, 0x0001, 0xCC64, 0x0001, 0xFE26, 0x0001, 0xA363, 0x0001, 0x8223, 0x0001,
    0xBC06, 0x0001, 0xC467, 0x0001, 0x9B85, 0x0001, 0x8AC4, 0x0001, 0xBC47, 0x0001, 0xFE6C, 0x0001,
    0xC486, 0x0001, 0x9B87, 0x0001, 0xE6FA, 0x0001, 0xFFFF, 0x0001, 0xFFDE, 0x0001, 0xFFFF, 0x0001,
    0xFF9D, 0x0001, 0xDD4C, 0x0001, 0xAB01, 0x0001, 0xFF8F, 0x0002, 0xED44, 0x0007, 0x18C5, 0x0002,
    0xED44, 0x0001, 0x18C5, 0x0005, 0xED44, 0x0003, 0x18C5, 0x0001, 0xED44, 0x0006, 0xFF8F, 0x0002,
    0xED48, 0x0001, 0xCC87, 0x0001, 0xFF8F, 0x0001, 0xDD08, 0x0001, 0xF62D, 0x0001, 0xFEF4, 0x0001,
    0xFFBC, 0x0001, 0xFFFF, 0x0001, 0xFFDE, 0x0001, 0xFF99, 0x0001, 0xFE8E, 0x0001, 0xBC46, 0x0001,
    0x7244, 0x0001, 0x6203, 0x0002, 0x59A2, 0x0001, 0x5A03, 0x0002, 0x5101, 0x0001, 0x7181, 0x0001,
    0x9AC2, 0x0001, 0x9262, 0x0001, 0x8202, 0x0001, 0x9AE3, 0x0001, 0x8262, 0x0001, 0x5942, 0x0001,
    0x71A0, 0x0001, 0xB403, 0x0001, 0xFEEE, 0x0001, 0xFF97, 0x0001, 0xEED8, 0x0001, 0xFF94, 0x0001,
    0xF62B, 0x0001, 0x8243, 0x0001, 0x4881, 0x0001, 0x71C2, 0x0001, 0xC3E3, 0x0001, 0xC3A2, 0x0001,
    0x71A2, 0x0001, 0xB3E4, 0x0001, 0xFDE5, 0x0001, 0x8242, 0x0001, 0x6982, 0x0001, 0xCD07, 0x0001,
    0xCCC7, 0x0001, 0x8A84, 0x0001, 0x8264, 0x0001, 0x9B66, 0x0001, 0xBC48, 0x0001, 0xC447, 0x0001,
    0xB408, 0x0001, 0xBCAE, 0x0001, 0xD617, 0x0001, 0xF7BF, 0x0001, 0xFFFF, 0x0001, 0xF73A, 0x0001,
    0xDD2B, 0x0001, 0xE526, 0x0001, 0xFEEB, 0x0001, 0xFF8F, 0x0002, 0xED44, 0x0006, 0x18C5, 0x0001,
    0xED44, 0x0003, 0x18C5, 0x0004, 0xED44, 0x0003, 0x18C5, 0x0001, 0xED44, 0x0006, 0xFF8F, 0x0002,
    0xE508, 0x0001, 0xBC26, 0x0001, 0xFF8F, 0x0001, 0xF60A, 0x0001, 0xFECD, 0x0001, 0xFEF3, 0x0001,
    0xFF9C, 0x0001, 0xFFFF, 0x0001, 0xF759, 0x0001, 0xFED1, 0x0001, 0xFE2C, 0x0001, 0x9BA6, 0x0001,
    0x49A2, 0x0001, 0x82C4, 0x0001, 0x92C4, 0x0001, 0x6982, 0x0001, 0xA2E2, 0x0001, 0xD423, 0x0001,
    0x9282, 0x0001, 0x5941, 0x0001, 0x6982, 0x0001, 0x79E2, 0x0001, 0x9AC3, 0x0001, 0xD423, 0x0001,
    0xAB02, 0x0001, 0x71A2, 0x0001, 0xBBE1, 0x0001, 0xFF2B, 0x0001, 0xFFFC, 0x0001, 0xF7BF, 0x0001,
    0xFEF5, 0x0001, 0xFECA, 0x0001, 0xE523, 0x0001, 0x8221, 0x0001, 0x6122, 0x0001, 0x9283, 0x0001,
    0xCC03, 0x0001, 0xB362, 0x0001, 0x6961, 0x0001, 0xB3E4, 0x0001, 0xFE26, 0x0001, 0x92A2, 0x0001,
    0x7A44, 0x0001, 0xEE8B, 0x0001, 0xFEAA, 0x0001, 0xC426, 0x0001, 0xA365, 0x0001, 0x8AC4, 0x0001,
    0x8AE4, 0x0001, 0xD509, 0x0001, 0xEDCA, 0x0001, 0xA363, 0x0001, 0xA40B, 0x0001, 0xF77D, 0x0001,
    0xFFFF, 0x0001, 0xEF1B, 0x0001, 0xCCAB, 0x0001, 0xED86, 0x0001, 0xFF0B, 0x0001, 0xFF8F, 0x0002,
    0xED44, 0x0006, 0x18C5, 0x0001, 0xED44, 0x0003, 0x18C5, 0x0004, 0xED44, 0x0003, 0x18C5, 0x0001,
    0xED44, 0x0006, 0xFF8F, 0x0002, 0xFDC9, 0x0001, 0xC467, 0x0001, 0xFF8F, 0x0001, 0xE549, 0x0001,
    0xFDEA, 0x0001, 0xF60B, 0x0001, 0xFF15, 0x0001, 0xFFBB, 0x0001, 0xF691, 0x0001, 0xF5A8, 0x0001,
    0xED48, 0x0001, 0x8305, 0x0001, 0x4182, 0x0001, 0x9B65, 0x0001, 0xABC6, 0x0001, 0x61E3, 0x0001,
    0x92A2, 0x0001, 0xDC42, 0x0001, 0xDCA4, 0x0001, 0xC485, 0x0002, 0xDD66, 0x0001, 0xE525, 0x0001,
    0xAB21, 0x0001, 0x9220, 0x0001, 0xC3A2, 0x0001, 0xFE4B, 0x0001, 0xFFF7, 0x0001, 0xFFFD, 0x0001,
    0xFFD8, 0x0001, 0xFEEB, 0x0001, 0xCCA4, 0x0001, 0x9282, 0x0001, 0x8202, 0x0001, 0xAB03, 0x0001,
    0xD403, 0x0001, 0xCBE3, 0x0001, 0x9243, 0x0001, 0x6942, 0x0001, 0xD485, 0x0001, 0xFEC6, 0x0001,
    0x92A1, 0x0001, 0x69E5, 0x0001, 0xEE70, 0x0001, 0xFFAF, 0x0001, 0xE608, 0x0001, 0xC486, 0x0001,
    0xAB85, 0x0002, 0xC467, 0x0001, 0xDD28, 0x0001, 0xD546, 0x0001, 0xDDE8, 0x0001, 0xF710, 0x0001,
    0xFFDB, 0x0001, 0xF75C, 0x0001, 0xDD2C, 0x0001, 0xCC63, 0x0001, 0xFF8F, 0x0002, 0xED44, 0x0007,
    0x18C5, 0x0002, 0xED44, 0x0001, 0x18C5, 0x0005, 0xED44, 0x0003, 0x18C5, 0x0001, 0xED44, 0x0006,
    0xFF8F, 0x0002, 0xDCA7, 0x0001, 0xFF8F, 0x0002, 0x9B04, 0x0001, 0xD4A7, 0x0001, 0xF5EC, 0x0001,
    0xF64F, 0x0001, 0xEE10, 0x0001, 0xF670, 0x0001, 0xEDED, 0x0001, 0xC447, 0x0001, 0x7A63, 0x0001,
    0x6A43, 0x0001, 0xBC26, 0x0001, 0xABC6, 0x0001, 0x4981, 0x0001, 0x7A81, 0x0001, 0xED44, 0x0001,
    0xFEA6, 0x0001, 0xFEE6, 0x0001, 0xFE65, 0x0001, 0xFE64, 0x0001, 0xD504, 0x0001, 0x61E5, 0x0001,
    0x5962, 0x0001, 0xAB61, 0x0001, 0xD50B, 0x0001, 0xDDD3, 0x0001, 0xDDB1, 0x0001, 0xE5CA, 0x0001,
    0xE523, 0x0001, 0x7A20, 0x0001, 0x3860, 0x0001, 0x6182, 0x0001, 0x9B23, 0x0001, 0xAB61, 0x0001,
    0x8A82, 0x0001, 0x5121, 0x0001, 0x48C0, 0x0001, 0x9322, 0x0001, 0xCCE4, 0x0001, 0x92A1, 0x0001,
    0x8AE8, 0x0001, 0xEE97, 0x0001, 0xFFF6, 0x0001, 0xF6CC, 0x0001, 0xD507, 0x0001, 0xCC67, 0x0001,
    0xD4E8, 0x0001, 0xC446, 0x0001, 0xCC67, 0x0001, 0xF6AC, 0x0001, 0xFF6A, 0x0001, 0xFEC8, 0x0001,
    0xFFD9, 0x0001, 0xFF9F, 0x0001, 0xEDAE, 0x0001, 0xC3E2, 0x0001, 0xFF8F, 0x0003, 0xED44, 0x0006,
    0x18C5, 0x0001, 0xED44, 0x0003, 0x18C5, 0x0005, 0xED44, 0x0002, 0x18C5, 0x0001, 0xED44, 0x0007,
    0xFF8F, 0x0004, 0x7A01, 0x0001, 0xBC29, 0x0001, 0xF6D5, 0x0001, 0xE5EE, 0x0001, 0xCC67, 0x0001,
    0xF718, 0x0001, 0xEF3B, 0x0001, 0xA3A8, 0x0001, 0x7A21, 0x0001, 0x9325, 0x0001, 0xCC87, 0x0001,
    0x9B65, 0x0001, 0x4141, 0x0001, 0x9362, 0x0001, 0xFEC7, 0x0001, 0xFF07, 0x0001, 0xFE05, 0x0001,
    0xECC2, 0x0001, 0xA320, 0x0001, 0x5A24, 0x0001, 0x320E, 0x0001, 0x218C, 0x0001, 0x2902, 0x0001,
    0x5980, 0x0001, 0x8224, 0x0001, 0x8223, 0x0001, 0x8243, 0x0001, 0x8202, 0x0001, 0x38E0, 0x0001,
    0x0840, 0x0001, 0x18C2, 0x0001, 0x2923, 0x0001, 0x2901, 0x0001, 0x20E1, 0x0001, 0x18A1, 0x0002,
    0x10A1, 0x0001, 0x3142, 0x0001, 0x8AE2, 0x0001, 0xDD4D, 0x0001, 0xF77C, 0x0001, 0xFFFD, 0x0001,
    0xF6B2, 0x0001, 0xCCC9, 0x0001, 0xCCA7, 0x0001, 0xEDCA, 0x0001, 0xDD09, 0x0001, 0xCC67, 0x0001,
    0xEDAB, 0x0001, 0xFE89, 0x0001, 0xF6C9, 0x0001, 0xFFD9, 0x0001, 0xF77E, 0x0001, 0xD50C, 0x0001,
    0xED06, 0x0001, 0xF5EB, 0x0001, 0xFF8F, 0x0003, 0xED44, 0x000A, 0x18C5, 0x0004, 0xED44, 0x0002,
    0x18C5, 0x0001, 0xED44, 0x0007, 0xFF8F, 0x0004, 0xABA5, 0x0001, 0xD50A, 0x0001, 0xF670, 0x0001,
    0xEE30, 0x0001, 0xDDD1, 0x0001, 0xFF9C, 0x0001, 0xEF1A, 0x0001, 0xB408, 0x0001, 0x92C2, 0x0001,
    0xA345, 0x0001, 0xBC05, 0x0001, 0xC48A, 0x0001, 0xA48F, 0x0001, 0x9C2A, 0x0001, 0x9BC1, 0x0001,
    0xAC01, 0x0001, 0xABC4, 0x0001, 0x8308, 0x0001, 0x49C9, 0x0001, 0x218B, 0x0001, 0x2A32, 0x0001,
    0x19F1, 0x0001, 0x090B, 0x0001, 0x2107, 0x0001, 0x4105, 0x0001, 0x38C1, 0x0001, 0x3040, 0x0001,
    0x3080, 0x0001, 0x3A4F, 0x0001, 0x32B1, 0x0001, 0x10C3, 0x0001, 0x0042, 0x0001, 0x092B, 0x0001,
    0x114B, 0x0001, 0x19AC, 0x0001, 0x2A4F, 0x0001, 0x096E, 0x0001, 0x110A, 0x0001, 0x8B05, 0x0001,
    0xEDED, 0x0001, 0xFFBE, 0x0001, 0xFFFF, 0x0001, 0xF6F8, 0x0001, 0xCCAA, 0x0001, 0xD4A6, 0x0001,
    0xF60B, 0x0001, 0xCCE9, 0x0001, 0xAB86, 0x0001, 0xC448, 0x0001, 0xE5A9, 0x0001, 0xF6EB, 0x0001,
    0xFFF3, 0x0001, 0xF715, 0x0001, 0xCD0B, 0x0001, 0xED47, 0x0001, 0xF5EB, 0x0001, 0xFECC, 0x0001,
    0xFFAC, 0x0001, 0xFF8F, 0x0002, 0xED44, 0x0009, 0x18C5, 0x0003, 0xED44, 0x0003, 0x18C5, 0x0001,
    0xED44, 0x0006, 0xFF8F, 0x0002, 0xFF4B, 0x0001, 0xE5E9, 0x0001, 0xCC87, 0x0001, 0xE54A, 0x0001,
    0xF60A, 0x0001, 0xEDC9, 0x0001, 0xF6F5, 0x0001, 0xFFFF, 0x0001, 0xFFBC, 0x0001, 0xEE30, 0x0001,
    0xD4C8, 0x0001, 0xA385, 0x0001, 0x9304, 0x0001, 0xAB42, 0x0001, 0xEDEF, 0x0001, 0xFFFF, 0x0001,
    0xAD34, 0x0001, 0x4941, 0x0001, 0x4120, 0x0001, 0x41E9, 0x0001, 0x21F1, 0x0001, 0x2213, 0x0001,
    0x2A11, 0x0004, 0x2A54, 0x0001, 0x2210, 0x0001, 0x1906, 0x0001, 0x0820, 0x0001, 0x18E4, 0x0001,
    0x4399, 0x0001, 0x4BFC, 0x0001, 0x2167, 0x0001, 0x18E5, 0x0001, 0x2A11, 0x0001, 0x21D0, 0x0001,
    0x32B5, 0x0001, 0x5C9F, 0x0001, 0x3B9D, 0x0001, 0x2A0F, 0x0001, 0x8B06, 0x0001, 0xE56B, 0x0001,
    0xF77B, 0x0001, 0xFFFF, 0x0001, 0xF77D, 0x0001, 0xCCEC, 0x0001, 0xD4A6, 0x0001, 0xF5EA, 0x0001,
    0xC488, 0x0001, 0x92E4, 0x0001, 0xAB85, 0x0001, 0xDD48, 0x0001, 0xF6CB, 0x0001, 0xFFEC, 0x0001,
    0xF6CA, 0x0001, 0xFF8F, 0x0003, 0xF6EB, 0x0001, 0xFFAC, 0x0001, 0xFF8F, 0x0002, 0xED44, 0x0009,
    0x18C5, 0x0004, 0xED44, 0x0002, 0x18C5, 0x0001, 0xED44, 0x0007, 0xFF8F, 0x0002, 0xD548, 0x0001,
    0xDCE8, 0x0001, 0xFDEA, 0x0001, 0xFE2B, 0x0001, 0xF62E, 0x0001, 0xFF7B, 0x0001, 0xFFFF, 0x0001,
    0xFFDC, 0x0001, 0xEE0F, 0x0001, 0xD4A8, 0x0001, 0xA385, 0x0001, 0x9304, 0x0001, 0xAB63, 0x0001,
    0xE5AF, 0x0001, 0xFFFF, 0x0001, 0xE71B, 0x0001, 0xA44F, 0x0001, 0x422D, 0x0001, 0x0991, 0x0001,
    0x09D4, 0x0001, 0x196C, 0x0001, 0x2149, 0x0001, 0x19D2, 0x0001, 0x19B0, 0x0001, 0x2148, 0x0001,
    0x2A30, 0x0001, 0x2233, 0x0001, 0x00A5, 0x0001, 0x00A6, 0x0001, 0x21CF, 0x0001, 0x21EF, 0x0001,
    0x19CD, 0x0001, 0x19CF, 0x0001, 0x198D, 0x0001, 0x08E8, 0x0001, 0x0066, 0x0001, 0x2A50, 0x0001,
    0x653F, 0x0001, 0x337C, 0x0001, 0x10E6, 0x0001, 0x8AE3, 0x0001, 0xEDAC, 0x0001, 0xF6D6, 0x0001,
    0xFFFF, 0x0001, 0xF77D, 0x0001, 0xCD0D, 0x0001, 0xCC85, 0x0001, 0xEDCA, 0x0001, 0xD4E9, 0x0001,
    0xAB85, 0x0001, 0xBBE5, 0x0001, 0xDD09, 0x0001, 0xF64B, 0x0001, 0xFFCC, 0x0001, 0xF6E9, 0x0001,
    0xFF8F, 0x0006, 0xED44, 0x000A, 0x18C5, 0x0008, 0xED44, 0x0007, 0xFF8F, 0x0002, 0xBC26, 0x0001,
    0xED88, 0x0001, 0xF64E, 0x0001, 0xF737, 0x0001, 0xF75A, 0x0001, 0xFF59, 0x0001, 0xFF58, 0x0001,
    0xF693, 0x0001, 0xD4E9, 0x0001, 0xA364, 0x0001, 0x9304, 0x0001, 0xB3A3, 0x0001, 0xDD6E, 0x0001,
    0xEF5D, 0x0001, 0xFFFD, 0x0001, 0xFF74, 0x0001, 0x6B6F, 0x0001, 0x29AF, 0x0001, 0x526D, 0x0001,
    0x2944, 0x0001, 0x10A1, 0x0001, 0x420B, 0x0001, 0x41E9, 0x0001, 0x1881, 0x0001, 0x10E8, 0x0001,
    0x218C, 0x0001, 0x4163, 0x0001, 0x39A7, 0x0001, 0x29EF, 0x0001, 0x3124, 0x0001, 0x3900, 0x0001,
    0x39ED, 0x0001, 0x39EB, 0x0001, 0x3920, 0x0001, 0x3060, 0x0001, 0x2967, 0x0001, 0x3317, 0x0001,
    0x3270, 0x0001, 0x4120, 0x0001, 0x8261, 0x0001, 0xCCC9, 0x0001, 0xFED0, 0x0001, 0xFFFD, 0x0001,
    0xF77D, 0x0001, 0xCD2D, 0x0001, 0xD485, 0x0001, 0xEDEB, 0x0001, 0xEDCB, 0x0001, 0xD4A7, 0x0001,
    0xBC26, 0x0001, 0xC447, 0x0001, 0xE54A, 0x0001, 0xFF0C, 0x0001, 0xF6EB, 0x0001, 0xFF8F, 0x0005,
    0xED44, 0x0006, 0x18C5, 0x0001, 0xED44, 0x0003, 0x18C5, 0x0009, 0xED44, 0x0007, 0xFF8F, 0x0002,
    0x9B45, 0x0001, 0xDD07, 0x0001, 0xFEB1, 0x0001, 0xFFDE, 0x0001, 0xF717, 0x0001, 0xEDEB, 0x0001,
    0xF6B2, 0x0001, 0xF6B4, 0x0001, 0xD4E9, 0x0001, 0xA364, 0x0001, 0x9304, 0x0001, 0xB383, 0x0001,
    0xDD8F, 0x0001, 0xF77E, 0x0001, 0xFFF9, 0x0001, 0xF6CA, 0x0001, 0x7A84, 0x0001, 0x79C3, 0x0001,
    0xBBC3, 0x0001, 0x5203, 0x0001, 0x18C2, 0x0001, 0xA343, 0x0001, 0xA342, 0x0001, 0x18C2, 0x0001,
    0x0003, 0x0001, 0x3144, 0x0001, 0xB382, 0x0001, 0x82C3, 0x0001, 0x18E4, 0x0001, 0x7A82, 0x0001,
    0xBB62, 0x0001, 0x71C3, 0x0001, 0x8243, 0x0001, 0xBBA1, 0x0001, 0x9A81, 0x0001, 0x38C2, 0x0001,
    0x0885, 0x0001, 0x6264, 0x0001, 0xBBA2, 0x0001, 0x81E1, 0x0001, 0x82A3, 0x0001, 0xEE89, 0x0001,
    0xFFF9, 0x0001, 0xF77E, 0x0001, 0xD52E, 0x0001, 0xCC85, 0x0001, 0xEDCA, 0x0001, 0xFE6C, 0x0001,
    0xE56A, 0x0001, 0xA3A6, 0x0001, 0x9B05, 0x0001, 0xC447, 0x0001, 0xEE6A, 0x0001, 0xFEEB, 0x0001,
    0xE568, 0x0001, 0xBBC6, 0x0001, 0xFF8F, 0x0002, 0xED44, 0x0007, 0x18C5, 0x0002, 0xED44, 0x0001,
    0x18C5, 0x000A, 0xED44, 0x0007, 0xFF8F, 0x0002, 0x9B23, 0x0001, 0xED25, 0x0001, 0xFF51, 0x0001,
    0xFFFF, 0x0001, 0xFFFD, 0x0001, 0xFE8F, 0x0001, 0xFEF0, 0x0001, 0xE5EF, 0x0001, 0x9366, 0x0001,
    0x9325, 0x0001, 0xB3E6, 0x0001, 0xA343, 0x0001, 0xBCAC, 0x0001, 0xF739, 0x0001, 0xDE52, 0x0001,
    0xA3A3, 0x0001, 0x81C0, 0x0001, 0xC341, 0x0001, 0xFD83, 0x0001, 0x8B02, 0x0001, 0x51A4, 0x0001,
    0xE509, 0x0001, 0xBC88, 0x0001, 0x10C3, 0x0001, 0x2081, 0x0001, 0x9B22, 0x0001, 0xF5A4, 0x0001,
    0x9B63, 0x0001, 0x1081, 0x0001, 0xA3C4, 0x0001, 0xFD44, 0x0001, 0x81E0, 0x0001, 0xA325, 0x0001,
    0xFDEC, 0x0001, 0xAB66, 0x0001, 0x50C0, 0x0001, 0x5960, 0x0001, 0xBC42, 0x0001, 0xFD64, 0x0001,
    0x9262, 0x0001, 0x6160, 0x0001, 0xB465, 0x0001, 0xEED3, 0x0001, 0xEF19, 0x0001, 0xBC8C, 0x0001,
    0xAB83, 0x0001, 0xDD08, 0x0001, 0xFE8C, 0x0001, 0xEDEB, 0x0001, 0x9B86, 0x0001, 0x8A84, 0x0001,
    0xC426, 0x0001, 0xF68A, 0x0001, 0xFF0B, 0x0001, 0xEDA9, 0x0001, 0xFF8F, 0x0002, 0xED44, 0x0007,
    0x18C5, 0x000E, 0xED44, 0x0007, 0xFF8F, 0x0002, 0x9306, 0x0001, 0xD4C7, 0x0001, 0xEE70, 0x0001,
    0xEF7C, 0x0001, 0xEF7D, 0x0001, 0xF6B4, 0x0001, 0xFE8D, 0x0001, 0xBC87, 0x0001, 0x51C2, 0x0001,
    0x7AA4, 0x0001, 0xCC67, 0x0001, 0x9B03, 0x0001, 0xB44A, 0x0001, 0xFF15, 0x0001, 0xBC8D, 0x0001,
    0x50C0, 0x0001, 0x6101, 0x0001, 0xBC05, 0x0001, 0xFE26, 0x0001, 0xBBC2, 0x0001, 0x9AE5, 0x0001,
    0xFEB4, 0x0001, 0xAD72, 0x0001, 0x18E3, 0x0001, 0x61C0, 0x0001, 0xFD44, 0x0001, 0xFEC6, 0x0001,
    0x8BA5, 0x0001, 0x18C3, 0x0001, 0xAC66, 0x0001, 0xFDC4, 0x0001, 0x71C0, 0x0001, 0x9BAC, 0x0001,
    0xF716, 0x0001, 0x9BAA, 0x0001, 0x6940, 0x0001, 0xC382, 0x0001, 0xFE25, 0x0001, 0xF606, 0x0001,
    0x9303, 0x0001, 0x58E1, 0x0001, 0x8263, 0x0001, 0xDDAF, 0x0001, 0xF6F5, 0x0001, 0xB44A, 0x0001,
    0x8AA2, 0x0001, 0xBBE6, 0x0001, 0xED8A, 0x0001, 0xE58A, 0x0001, 0xABC6, 0x0001, 0x92E4, 0x0001,
    0xBC26, 0x0001, 0xFECB, 0x0001, 0xFF2B, 0x0001, 0xFF8F, 0x0002, 0xED44, 0x0008, 0x18C5, 0x000E,
    0xED44, 0x0007, 0xFF8F, 0x0002, 0x4A6E, 0x0001, 0x6310, 0x0001, 0x5B31, 0x0001, 0x5354, 0x0001,
    0x83AF, 0x0001, 0xBC07, 0x0001, 0xCC45, 0x0001, 0x9B23, 0x0001, 0x5180, 0x0001, 0x6A43, 0x0001,
    0xABA5, 0x0001, 0xAB64, 0x0001, 0xD54C, 0x0001, 0xFF76, 0x0001, 0xC48D, 0x0001, 0x4080, 0x0001,
    0x1841, 0x0001, 0x62A4, 0x0001, 0xD4C4, 0x0001, 0xDC20, 0x0001, 0xCC46, 0x0001, 0xFF57, 0x0001,
    0xBD94, 0x0001, 0x5142, 0x0001, 0x8200, 0x0001, 0xFD44, 0x0001, 0xFEA6, 0x0001, 0x93A5, 0x0001,
    0x18E3, 0x0001, 0xAC86, 0x0001, 0xFDA4, 0x0001, 0x6960, 0x0001, 0x8B4D, 0x0001, 0xFF59, 0x0001,
    0xB46C, 0x0001, 0x89E0, 0x0001, 0xCBC2, 0x0001, 0xFE46, 0x0001, 0xFE06, 0x0001, 0x8AC3, 0x0001,
    0x50A0, 0x0001, 0x8263, 0x0001, 0xDDD0, 0x0001, 0xFF56, 0x0001, 0xD52C, 0x0001, 0x9B23, 0x0001,
    0x9B45, 0x0001, 0xBC27, 0x0001, 0xD4C8, 0x0001, 0xC467, 0x0001, 0xA365, 0x0001, 0xA345, 0x0001,
    0xEE2A, 0x0001, 0xFF4B, 0x0001, 0xFF8F, 0x0002, 0xED44, 0x0008, 0x18C5, 0x000F, 0xED44, 0x0006,
    0xFF8F, 0x0002, 0x1A13, 0x0001, 0x19F4, 0x0001, 0x0992, 0x0001, 0x11D4, 0x0001, 0x426F, 0x0001,
    0x7AE9, 0x0001, 0x7AC7, 0x0001, 0x5A48, 0x0001, 0x4A08, 0x0001, 0x5A26, 0x0001, 0x92E4, 0x0001,
    0xBBE4, 0x0001, 0xDD6B, 0x0001, 0xE611, 0x0001, 0xBC2A, 0x0001, 0x6981, 0x0001, 0x1861, 0x0001,
    0x4983, 0x0001, 0xBB82, 0x0001, 0xD3E0, 0x0001, 0xD463, 0x0001, 0xF62E, 0x0001, 0xC4CD, 0x0001,
    0x81E2, 0x0001, 0x9240, 0x0001, 0xED04, 0x0001, 0xFF06, 0x0001, 0x9BE5, 0x0001, 0x0863, 0x0001,
    0x9C05, 0x0001, 0xFE25, 0x0001, 0x9B02, 0x0001, 0xB449, 0x0001, 0xFE8F, 0x0001, 0xABA8, 0x0001,
    0x7180, 0x0001, 0xB320, 0x0001, 0xFD84, 0x0001, 0xFE06, 0x0001, 0xB3A3, 0x0001, 0x71C1, 0x0001,
    0x8263, 0x0001, 0xB48C, 0x0001, 0xE611, 0x0001, 0xDD4B, 0x0001, 0xB3C5, 0x0001, 0x8AE4, 0x0001,
    0xA365, 0x0001, 0xCC87, 0x0001, 0xDCE7, 0x0001, 0xAB85, 0x0001, 0x82A4, 0x0001, 0xEE2A, 0x0001,
    0xFF4B, 0x0001, 0xFF8F, 0x0002, 0xED44, 0x0003, 0x18C5, 0x0001, 0xED44, 0x0002, 0x18C5, 0x0011,
    0xED44, 0x0006, 0xFF8F, 0x0002, 0x2A11, 0x0001, 0x2211, 0x0001, 0x2A54, 0x0001, 0x43DC, 0x0001,
    0x549D, 0x0001, 0x541C, 0x0001, 0x3AB3, 0x0001, 0x21D0, 0x0001, 0x2211, 0x0001, 0x526B, 0x0001,
    0x9B24, 0x0001, 0xC425, 0x0001, 0xC447, 0x0001, 0xA386, 0x0001, 0x92C4, 0x0001, 0x8A22, 0x0001,
    0x71C2, 0x0001, 0x9283, 0x0001, 0xC3E2, 0x0001, 0xD421, 0x0001, 0xCC02, 0x0001, 0xDC84, 0x0001,
    0xB3A4, 0x0001, 0x8A63, 0x0001, 0xA2C2, 0x0001, 0xED03, 0x0001, 0xFEE6, 0x0001, 0x9BE5, 0x0001,
    0x0883, 0x0001, 0x93A4, 0x0001, 0xFEE6, 0x0001, 0xF605, 0x0001, 0xF646, 0x0001, 0xFE06, 0x0001,
    0x92C3, 0x0001, 0x6941, 0x0001, 0xB341, 0x0001, 0xF584, 0x0001, 0xFE26, 0x0001, 0xED24, 0x0001,
    0xAB02, 0x0001, 0x71A2, 0x0001, 0x7204, 0x0001, 0xA386, 0x0001, 0xC487, 0x0001, 0xBC06, 0x0001,
    0x9305, 0x0001, 0xA385, 0x0001, 0xCC87, 0x0001, 0xD4C7, 0x0001, 0xA385, 0x0001, 0x8AE4, 0x0001,
    0xEE2A, 0x0001, 0xFF4B, 0x0001, 0xFF8F, 0x0002, 0xED44, 0x0003, 0x18C5, 0x0001, 0xED44, 0x0002,
    0x18C5, 0x0011, 0xED44, 0x0006, 0xFF8F, 0x0002, 0x19F2, 0x0001, 0x21F1, 0x0001, 0x3AF4, 0x0001,
    0x64DF, 0x0001, 0x6DBF, 0x0001, 0x54DF, 0x0001, 0x3318, 0x0001, 0x118F, 0x0001, 0x114C, 0x0001,
    0x6288, 0x0001, 0xBC06, 0x0001, 0xD486, 0x0001, 0xB3E6, 0x0001, 0x8AC3, 0x0001, 0x69E2, 0x0001,
    0x7A63, 0x0001, 0xC424, 0x0001, 0xDD24, 0x0001, 0xE524, 0x0001, 0xE58B, 0x0001, 0xDD6D, 0x0001,
    0xD422, 0x0001, 0xA280, 0x0001, 0x81C0, 0x0001, 0x9A82, 0x0001, 0xAB63, 0x0001, 0x7B64, 0x0001,
    0x72E4, 0x0001, 0x8AE3, 0x0001, 0xBBC3, 0x0001, 0xE564, 0x0001, 0xFEE6, 0x0001, 0xFF6A, 0x0001,
    0xFE6C, 0x0001, 0xC466, 0x0001, 0xB3E6, 0x0001, 0xD54D, 0x0001, 0xFE6C, 0x0001, 0xFE05, 0x0001,
    0xD463, 0x0001, 0x9262, 0x0001, 0x6141, 0x0001, 0x6181, 0x0001, 0x92E3, 0x0001, 0xBC06, 0x0001,
    0xC467, 0x0001, 0xB3E6, 0x0001, 0xABA5, 0x0001, 0xB3E6, 0x0001, 0xCC67, 0x0001, 0xCC47, 0x0001,
    0xABC6, 0x0001, 0xDD68, 0x0001, 0xFF8F, 0x0002, 0xED44, 0x0003, 0x18C5, 0x0015, 0xED44, 0x0006,
    0xFF8F, 0x0002, 0x3250, 0x0001, 0x2A11, 0x0001, 0x2253, 0x0001, 0x43BC, 0x0001, 0x547E, 0x0001,
    0x4C1E, 0x0001, 0x3AF7, 0x0001, 0x112C, 0x0001, 0x0862, 0x0001, 0x6242, 0x0001, 0xD487, 0x0001,
    0xD4C7, 0x0001, 0xBC26, 0x0001, 0xA365, 0x0001, 0x59C3, 0x0001, 0x51E3, 0x0001, 0xCCE5, 0x0001,
    0xFEA5, 0x0001, 0xFE65, 0x0001, 0xFEF0, 0x0001, 0xFEF4, 0x0001, 0xE529, 0x0001, 0xBB83, 0x0001,
    0x92A4, 0x0001, 0x9A84, 0x0001, 0x69C2, 0x0001, 0x1082, 0x0001, 0x49A2, 0x0001, 0xCC03, 0x0001,
    0xDC63, 0x0001, 0xD462, 0x0001, 0xED43, 0x0001, 0xF66F, 0x0001, 0xF716, 0x0001, 0xFEAA, 0x0001,
    0xFE87, 0x0001, 0xFEF3, 0x0001, 0xFF30, 0x0001, 0xFE05, 0x0001, 0xB362, 0x0001, 0x7182, 0x0001,
    0x6982, 0x0001, 0x7A43, 0x0001, 0x9B65, 0x0001, 0xBC26, 0x0001, 0xCC87, 0x0001, 0xCC67, 0x0001,
    0xA385, 0x0001, 0x9304, 0x0001, 0xB3C6, 0x0001, 0xE508, 0x0001, 0xD4A7, 0x0001, 0xFF8F, 0x0002,
    0xED44, 0x0004, 0x18C5, 0x0015, 0xED44, 0x0006, 0xFF8F, 0x0002, 0xA3C9, 0x0001, 0x52AF, 0x0001,
    0x0152, 0x0001, 0x11F4, 0x0001, 0x2254, 0x0001, 0x2255, 0x0001, 0x2235, 0x0001, 0x012E, 0x0001,
    0x0063, 0x0001, 0x6202, 0x0001, 0xCC47, 0x0001, 0xD488, 0x0001, 0xCC66, 0x0001, 0xCC23, 0x0001,
    0x6A43, 0x0001, 0x4183, 0x0001, 0xA363, 0x0001, 0xF584, 0x0001, 0xFE86, 0x0001, 0xFEE8, 0x0001,
    0xFEAC, 0x0001, 0xEE51, 0x0001, 0xEE55, 0x0001, 0xDDD3, 0x0001, 0xA389, 0x0001, 0x71A1, 0x0001,
    0x6982, 0x0001, 0x4123, 0x0001, 0x51C3, 0x0001, 0xCD05, 0x0001, 0xFDA4, 0x0001, 0xAB01, 0x0001,
    0xAC0C, 0x0001, 0xFF16, 0x0001, 0xFF0B, 0x0001, 0xFE22, 0x0001, 0xFE47, 0x0001, 0xFE89, 0x0001,
    0xFE06, 0x0001, 0xD443, 0x0001, 0x9AA2, 0x0001, 0x8A22, 0x0001, 0x8AA4, 0x0001, 0x9B65, 0x0001,
    0xBC26, 0x0001, 0xCC67, 0x0001, 0xCC47, 0x0001, 0xA365, 0x0001, 0x82C4, 0x0001, 0x8AE5, 0x0001,
    0xCC67, 0x0001, 0xE508, 0x0001, 0xFF8F, 0x0002, 0xED44, 0x0004, 0x18C5, 0x0015, 0xED44, 0x0006,
    0xFF8F, 0x0002, 0xDCA6, 0x0001, 0xA46F, 0x0001, 0x5354, 0x0001, 0x5B52, 0x0001, 0x5ACE, 0x0001,
    0x528C, 0x0001, 0x630E, 0x0001, 0x4A6B, 0x0001, 0x2903, 0x0001, 0x8304, 0x0001, 0xE589, 0x0001,
    0xD4E8, 0x0001, 0xC425, 0x0001, 0xDC63, 0x0001, 0x9B22, 0x0001, 0x7A83, 0x0001, 0xBBC3, 0x0001,
    0xED04, 0x0001, 0xED45, 0x0001, 0xED42, 0x0001, 0xFDC4, 0x0001, 0xFEEF, 0x0001, 0xFFF7, 0x0001,
    0xFFB4, 0x0001, 0xCCA9, 0x0001, 0x9A81, 0x0001, 0xB2C2, 0x0001, 0x5163, 0x0001, 0x0043, 0x0001,
    0x8385, 0x0001, 0xED24, 0x0001, 0xAB22, 0x0001, 0xB44C, 0x0001, 0xFF16, 0x0001, 0xF6D1, 0x0001,
    0xF62A, 0x0001, 0xFE6A, 0x0001, 0xFE67, 0x0001, 0xFE24, 0x0001, 0xF5C4, 0x0001, 0xD444, 0x0001,
    0x8A43, 0x0001, 0x71C3, 0x0001, 0x8AC4, 0x0001, 0xBC06, 0x0001, 0xDD08, 0x0001, 0xD528, 0x0001,
    0xBC47, 0x0001, 0x9B45, 0x0001, 0x8AE4, 0x0001, 0xA385, 0x0001, 0xC467, 0x0001, 0xFF8F, 0x0002,
    0xED44, 0x0004, 0x18C5, 0x0015, 0xED44, 0x0006, 0xFF8F, 0x0002, 0xCC87, 0x0001, 0xF650, 0x0001,
    0xF738, 0x0001, 0xF6F6, 0x0001, 0xD56E, 0x0001, 0xBC47, 0x0001, 0xE569, 0x0001, 0xCCE9, 0x0001,
    0x8AC4, 0x0001, 0xBCA7, 0x0001, 0xFF0B, 0x0001, 0xDD69, 0x0001, 0xBBE5, 0x0001, 0xCC23, 0x0001,
    0xC3E2, 0x0001, 0xCC43, 0x0001, 0xF5C5, 0x0002, 0xD443, 0x0001, 0xC3C2, 0x0001, 0xDCA3, 0x0001,
    0xFE06, 0x0001, 0xFEE8, 0x0001, 0xFE87, 0x0001, 0xE504, 0x0001, 0xC3A2, 0x0001, 0xA2A2, 0x0001,
    0x5183, 0x0001, 0x10A3, 0x0001, 0x4943, 0x0001, 0xB322, 0x0001, 0xED64, 0x0001, 0xF6AD, 0x0001,
    0xF6F6, 0x0002, 0xF6F5, 0x0001, 0xFF16, 0x0001, 0xFE8E, 0x0001, 0xFE24, 0x0001, 0xFE85, 0x0001,
    0xE546, 0x0001, 0x9283, 0x0001, 0x6121, 0x0001, 0x71C2, 0x0001, 0xAB65, 0x0001, 0xE5A9, 0x0001,
    0xF6CB, 0x0001, 0xE5E9, 0x0001, 0xBC06, 0x0001, 0xAB65, 0x0001, 0x8B04, 0x0001, 0xFF8F, 0x0002,
    0xED44, 0x0005, 0x18C5, 0x0015, 0xED44, 0x0006, 0xFF8F, 0x0002, 0xC467, 0x0001, 0xFED1, 0x0001,
    0xFFF9, 0x0001, 0xFFF8, 0x0001, 0xEDAC, 0x0001, 0xD466, 0x0001, 0xFEF2, 0x0001, 0xFF97, 0x0001,
    0xDDAE, 0x0001, 0xBCA8, 0x0001, 0xC508, 0x0001, 0xD548, 0x0001, 0xDCC7, 0x0001, 0xC3E3, 0x0001,
    0xCBA1, 0x0001, 0xDC43, 0x0001, 0xE504, 0x0001, 0xF5C5, 0x0001, 0xED65, 0x0001, 0xBB82, 0x0001,
    0x9240, 0x0001, 0x9AE1, 0x0001, 0xA382, 0x0001, 0xBBC2, 0x0001, 0xE4A2, 0x0001, 0xDC63, 0x0001,
    0x92C3, 0x0001, 0x3943, 0x0001, 0x18C3, 0x0001, 0x5122, 0x0001, 0xC382, 0x0001, 0xFEA5, 0x0001,
    0xFF6A, 0x0001, 0xFEAD, 0x0001, 0xFF2F, 0x0001, 0xFEAE, 0x0001, 0xDD6C, 0x0001, 0xE5F0, 0x0001,
    0xFEB0, 0x0001, 0xE566, 0x0001, 0xE4E1, 0x0001, 0xE524, 0x0001, 0xA324, 0x0001, 0x6101, 0x0001,
    0x6182, 0x0001, 0xBCE7, 0x0001, 0xFFCC, 0x0001, 0xFEAA, 0x0001, 0xC426, 0x0001, 0xAB85, 0x0001,
    0x8AE4, 0x0001, 0xFF8F, 0x0002, 0xED44, 0x0005, 0x18C5, 0x0015, 0xED44, 0x0006, 0xFF8F, 0x0002,
    0xCC87, 0x0001, 0xFE71, 0x0001, 0xFF58, 0x0001, 0xFF37, 0x0001, 0xDD6C, 0x0001, 0xCCA8, 0x0001,
    0xE676, 0x0001, 0xFFDF, 0x0001, 0xFFDA, 0x0001, 0xBCAC, 0x0001, 0x92E4, 0x0001, 0xD509, 0x0001,
    0xFE2B, 0x0001, 0xDC84, 0x0001, 0xCC22, 0x0002, 0xC3A1, 0x0001, 0xDCA3, 0x0001, 0xFE05, 0x0001,
    0xCCA6, 0x0001, 0x8244, 0x0001, 0x6962, 0x0002, 0x8203, 0x0001, 0xB363, 0x0001, 0xB3A3, 0x0001,
    0x6243, 0x0001, 0x10A3, 0x0001, 0x18C3, 0x0001, 0x9303, 0x0001, 0xF543, 0x0001, 0xEDA5, 0x0001,
    0xEDC5, 0x0001, 0xFE04, 0x0001, 0xF605, 0x0001, 0xE502, 0x0001, 0xD400, 0x0001, 0xE58B, 0x0001,
    0xFEF4, 0x0001, 0xD4EA, 0x0001, 0xD462, 0x0001, 0xF5E5, 0x0001, 0xDCE5, 0x0001, 0x9283, 0x0001,
    0x4922, 0x0001, 0x6AE4, 0x0001, 0xEEAA, 0x0001, 0xFE4A, 0x0001, 0xC406, 0x0001, 0xAB85, 0x0001,
    0x8AE4, 0x0001, 0xFF8F, 0x0002, 0xED44, 0x0005, 0x18C5, 0x0015, 0xED44, 0x0006, 0xFF8F, 0x0002,
    0xCC87, 0x0001, 0xFE91, 0x0001, 0xFF58, 0x0001, 0xF717, 0x0001, 0xFE90, 0x0001, 0xEDAA, 0x0001,
    0xC468, 0x0001, 0xCD72, 0x0001, 0xFFFF, 0x0001, 0xDE14, 0x0001, 0xB3C5, 0x0001, 0xDD8D, 0x0001,
    0xFED0, 0x0001, 0xFE07, 0x0001, 0xF5C3, 0x0001, 0xED63, 0x0001, 0xCC01, 0x0001, 0xC380, 0x0001,
    0xD463, 0x0001, 0xE5AD, 0x0001, 0xDDB0, 0x0001, 0xBBC6, 0x0001, 0x9A60, 0x0001, 0x8A43, 0x0001,
    0x7223, 0x0001, 0x49C3, 0x0001, 0x2923, 0x0001, 0x0022, 0x0001, 0x18C3, 0x0001, 0xCCC5, 0x0001,
    0xFE25, 0x0001, 0x8324, 0x0001, 0x9323, 0x0001, 0xE4C2, 0x0001, 0xB342, 0x0001, 0xA2E2, 0x0001,
    0xE524, 0x0001, 0xFE25, 0x0001, 0xFE49, 0x0001, 0xF6B0, 0x0001, 0xCD2E, 0x0001, 0x9B04, 0x0001,
    0xDC83, 0x0001, 0xF5C6, 0x0001, 0x8B44, 0x0001, 0x3102, 0x0001, 0xFF8F, 0x0001, 0xFE29, 0x0001,
    0xCC87, 0x0001, 0xBBE6, 0x0001, 0x8AC4, 0x0001, 0xFF8F, 0x0002, 0xED44, 0x0005, 0x18C5, 0x0015,
    0xED44, 0x0006, 0xFF8F, 0x0002, 0xBC06, 0x0001, 0xF62F, 0x0001, 0xFF57, 0x0001, 0xF716, 0x0001,
    0xFEB1, 0x0001, 0xD509, 0x0001, 0x6180, 0x0001, 0x72C8, 0x0001, 0xFFBD, 0x0001, 0xFEF4, 0x0001,
    0xCC87, 0x0001, 0xEED6, 0x0001, 0xFFB8, 0x0001, 0xFE27, 0x0001, 0xFE46, 0x0001, 0xFECD, 0x0001,
    0xEDCD, 0x0001, 0xD465, 0x0001, 0xD441, 0x0001, 0xF650, 0x0001, 0xFFB8, 0x0001, 0xFE2A, 0x0001,
    0xC3A0, 0x0001, 0x7A02, 0x0001, 0x7A43, 0x0001, 0x7263, 0x0001, 0x4142, 0x0001, 0x0822, 0x0001,
    0x18C3, 0x0001, 0x93C5, 0x0001, 0xBCA5, 0x0001, 0x6203, 0x0001, 0x61A2, 0x0001, 0xAAE2, 0x0001,
    0xA2C3, 0x0001, 0xABC4, 0x0001, 0xFE05, 0x0001, 0xFE85, 0x0001, 0xFE6B, 0x0001, 0xFF96, 0x0001,
    0xE634, 0x0001, 0x9B25, 0x0001, 0xCC02, 0x0001, 0xE545, 0x0001, 0xA3E5, 0x0001, 0xFF8F, 0x0003,
    0xDCC7, 0x0001, 0xCC47, 0x0001, 0x8AC4, 0x0001, 0xFF8F, 0x0002, 0xED44, 0x0005, 0x18C5, 0x0015,
    0xED44, 0x0006, 0xFF8F, 0x0002, 0x9B25, 0x0001, 0xE5CF, 0x0001, 0xFF98, 0x0001, 0xFF57, 0x0001,
    0xDDAE, 0x0001, 0x8AE4, 0x0001, 0x1840, 0x0001, 0x4228, 0x0001, 0xEEB6, 0x0001, 0xFE2E, 0x0001,
    0xC468, 0x0001, 0xEF1B, 0x0001, 0xF73A, 0x0001, 0xD484, 0x0001, 0xE528, 0x0001, 0xFF37, 0x0001,
    0xFF39, 0x0001, 0xF66E, 0x0001, 0xFE05, 0x0001, 0xF66E, 0x0001, 0xFF36, 0x0001, 0xFEEA, 0x0001,
    0xC422, 0x0001, 0x6982, 0x0001, 0xA2E2, 0x0001, 0xD423, 0x0001, 0x8A22, 0x0001, 0x30C2, 0x0001,
    0x18C3, 0x0001, 0x3163, 0x0001, 0x6223, 0x0001, 0x8A63, 0x0001, 0x81E2, 0x0001, 0x8A43, 0x0001,
    0xD4A5, 0x0001, 0xFE65, 0x0001, 0xFE44, 0x0001, 0xFE6C, 0x0001, 0xF6F6, 0x0001, 0xF718, 0x0001,
    0xFEF1, 0x0001, 0xFE67, 0x0001, 0xD463, 0x0001, 0x8A43, 0x0001, 0xFF8F, 0x0003, 0xD487, 0x0001,
    0xD4A7, 0x0001, 0xBC06, 0x0001, 0x8AC4, 0x0001, 0xFF8F, 0x0002, 0xED44, 0x0005, 0x18C5, 0x0015,
    0xED44, 0x0006, 0xFF8F, 0x0002, 0xA365, 0x0001, 0xEEB6, 0x0001, 0xFFFF, 0x0001, 0xFFFB, 0x0001,
    0xC4EC, 0x0001, 0x7201, 0x0001, 0x6A43, 0x0001, 0x7B28, 0x0001, 0x8369, 0x0001, 0xAC07, 0x0001,
    0xDCC8, 0x0001, 0xD54F, 0x0001, 0xA3EC, 0x0001, 0x9242, 0x0001, 0xB385, 0x0001, 0xF60D, 0x0001,
    0xFF0F, 0x0001, 0xFF30, 0x0001, 0xFF11, 0x0001, 0xFE6D, 0x0001, 0xFE69, 0x0001, 0xFF27, 0x0001,
    0xED84, 0x0001, 0x9AA2, 0x0001, 0x6A02, 0x0001, 0x7263, 0x0001, 0x8A02, 0x0001, 0x5122, 0x0001,
    0x10A3, 0x0001, 0x3943, 0x0001, 0x6982, 0x0001, 0x6921, 0x0001, 0x9283, 0x0001, 0xDD05, 0x0001,
    0xFEC5, 0x0001, 0xFF29, 0x0001, 0xFECF, 0x0001, 0xF66F, 0x0001, 0xFEAF, 0x0001, 0xFF16, 0x0001,
    0xFF74, 0x0001, 0xFEC6, 0x0001, 0xE4C1, 0x0001, 0x9262, 0x0001, 0x81C2, 0x0001, 0xFF8F, 0x0002,
    0xD4E8, 0x0001, 0xDCE8, 0x0001, 0xBC06, 0x0001, 0xFF8F, 0x0002, 0xED44, 0x0005, 0x18C5, 0x0016,
    0xED44, 0x0006, 0xFF8F, 0x0002, 0x9B25, 0x0001, 0xE656, 0x0001, 0xF79D, 0x0001, 0xEEF6, 0x0001,
    0xC4EC, 0x0001, 0xABC7, 0x0001, 0xCC66, 0x0001, 0xB3C5, 0x0001, 0x59E2, 0x0001, 0x7AC4, 0x0001,
    0xB3E6, 0x0001, 0x9262, 0x0001, 0x79A0, 0x0001, 0x92A3, 0x0001, 0xAB23, 0x0001, 0xC3A0, 0x0001,
    0xED00, 0x0001, 0xFE49, 0x0001, 0xF6D4, 0x0001, 0xFEAF, 0x0001, 0xFE26, 0x0001, 0xEDA5, 0x0001,
    0xFDA5, 0x0001, 0xE4C3, 0x0001, 0x5A03, 0x0001, 0x0842, 0x0001, 0x4902, 0x0001, 0x4122, 0x0001,
    0x18E3, 0x0001, 0x61E3, 0x0001, 0x9242, 0x0001, 0x79E2, 0x0001, 0xABA4, 0x0001, 0xF5E5, 0x0001,
    0xEDA3, 0x0001, 0xEDA9, 0x0001, 0xF6D4, 0x0001, 0xFEAD, 0x0001, 0xFE04, 0x0001, 0xF64E, 0x0001,
    0xF6B3, 0x0001, 0xFE6A, 0x0001, 0xFDC4, 0x0001, 0xD442, 0x0001, 0xA2A2, 0x0001, 0x48A1, 0x0001,
    0xFF8F, 0x0002, 0xC447, 0x0001, 0xFF8F, 0x0002, 0xED44, 0x0006, 0x18C5, 0x0017, 0xED44, 0x0006,
    0xFF8F, 0x0002, 0xAC2A, 0x0001, 0xBC4A, 0x0001, 0x9B87, 0x0001, 0xCD6F, 0x0001, 0xFED4, 0x0001,
    0xBC69, 0x0001, 0x9AC2, 0x0001, 0xB3C5, 0x0001, 0x8B65, 0x0001, 0x51C3, 0x0001, 0x58E1, 0x0001,
    0xA2E2, 0x0001, 0xF5A5, 0x0001, 0xC424, 0x0001, 0x89E1, 0x0001, 0xB320, 0x0001, 0xED01, 0x0001,
    0xFE27, 0x0001, 0xFF51, 0x0001, 0xEE52, 0x0001, 0x9B27, 0x0001, 0xC402, 0x0001, 0xFE45, 0x0001,
    0xABC4, 0x0001, 0x3082, 0x0001, 0x1042, 0x0001, 0x2103, 0x0001, 0x4183, 0x0001, 0x5122, 0x0001,
    0x8A62, 0x0001, 0xED65, 0x0001, 0xE505, 0x0001, 0x92A3, 0x0001, 0x79C2, 0x0001, 0xAB85, 0x0001,
    0xF62A, 0x0001, 0xFF29, 0x0001, 0xFDE4, 0x0001, 0xDC83, 0x0001, 0xD50B, 0x0001, 0xF6D4, 0x0001,
    0xFF4E, 0x0001, 0xF562, 0x0001, 0xAAE1, 0x0001, 0x48A1, 0x0001, 0xFF8F, 0x0004, 0xED44, 0x0006,
    0x18C5, 0x001C, 0xED44, 0x0003, 0xFF8F, 0x0002, 0x9280, 0x0001, 0xA302, 0x0001, 0xBC8A, 0x0001,
    0xBD71, 0x0001, 0xBD0F, 0x0001, 0xBC6A, 0x0001, 0xBC47, 0x0001, 0x8B04, 0x0001, 0x6A42, 0x0001,
    0x9B44, 0x0001, 0xDCC6, 0x0001, 0xE545, 0x0001, 0xC423, 0x0001, 0xAB63, 0x0001, 0xC449, 0x0001,
    0xE58A, 0x0001, 0xFE28, 0x0001, 0xFF4F, 0x0001, 0xEE31, 0x0001, 0x9B06, 0x0001, 0xAB21, 0x0001,
    0xDD05, 0x0001, 0xBB83, 0x0001, 0x7181, 0x0001, 0x4982, 0x0001, 0x51E3, 0x0001, 0x69E2, 0x0001,
    0x6961, 0x0001, 0x8242, 0x0001, 0xC4A5, 0x0001, 0xCCC5, 0x0001, 0xAB64, 0x0001, 0x9B04, 0x0001,
    0xB3A3, 0x0001, 0xE4C2, 0x0001, 0xF605, 0x0001, 0xFE26, 0x0001, 0xE4E0, 0x0001, 0xD483, 0x0001,
    0xE5AF, 0x0001, 0xFF93, 0x0001, 0xFEAC, 0x0001, 0x8A63, 0x0001, 0x6122, 0x0001, 0xFF8F, 0x0003,
    0xED44, 0x0003, 0x18C5, 0x0020, 0xED44, 0x0004, 0xFF8F, 0x0002, 0xD4A7, 0x0001, 0x9B24, 0x0001,
    0x51E3, 0x0001, 0xD5D1, 0x0001, 0xE653, 0x0001, 0x6265, 0x0001, 0x69E0, 0x0001, 0xD463, 0x0001,
    0xFE45, 0x0001, 0xDD05, 0x0001, 0x9283, 0x0001, 0xBBA2, 0x0001, 0xFE67, 0x0001, 0xFEF1, 0x0001,
    0xF6F8, 0x0001, 0xF6F6, 0x0001, 0xFEAD, 0x0001, 0xFDE5, 0x0001, 0xDCA2, 0x0001, 0xB363, 0x0001,
    0x9263, 0x0001, 0x6962, 0x0001, 0x7A02, 0x0001, 0xC3C2, 0x0001, 0xAB62, 0x0001, 0x6982, 0x0001,
    0x81E2, 0x0001, 0x7A23, 0x0001, 0x4982, 0x0001, 0x9384, 0x0001, 0xFE46, 0x0001, 0xFEC6, 0x0001,
    0xED65, 0x0001, 0xCC23, 0x0001, 0xDCC4, 0x0001, 0xFE46, 0x0001, 0xFEA7, 0x0001, 0xED43, 0x0001,
    0xCC02, 0x0001, 0xF60E, 0x0001, 0xEEB5, 0x0001, 0x7A67, 0x0001, 0x8A62, 0x0001, 0xF5CB, 0x0001,
    0xFF8F, 0x0002, 0xED44, 0x0003, 0x18C5, 0x0020, 0xED44, 0x0005, 0xFF8F, 0x0002, 0xB3A4, 0x0001,
    0x9B64, 0x0001, 0xC4CB, 0x0001, 0x83CB, 0x0001, 0xFF8F, 0x0001, 0xAB20, 0x0001, 0xF503, 0x0001,
    0xED45, 0x0001, 0xB383, 0x0001, 0x9A61, 0x0001, 0xD4EA, 0x0001, 0xFFB2, 0x0001, 0xFF2C, 0x0001,
    0xFEAF, 0x0001, 0xF717, 0x0001, 0xFEAE, 0x0001, 0xFDE3, 0x0001, 0xE4C2, 0x0001, 0xB323, 0x0001,
    0x7182, 0x0001, 0x1822, 0x0001, 0x4162, 0x0001, 0xDC63, 0x0001, 0xBBC2, 0x0001, 0x28E2, 0x0001,
    0x3923, 0x0001, 0x7A63, 0x0001, 0x92E2, 0x0001, 0x9B23, 0x0001, 0xAB84, 0x0001, 0xCCA4, 0x0001,
    0xED44, 0x0001, 0xED65, 0x0001, 0xF5A4, 0x0001, 0xFE47, 0x0001, 0xFF2F, 0x0001, 0xF62C, 0x0001,
    0xCBE1, 0x0001, 0xB345, 0x0001, 0xB42C, 0x0001, 0xCCC7, 0x0001, 0xDCE4, 0x0001, 0xC426, 0x0001,
    0xA346, 0x0001, 0xFF8F, 0x0002, 0xED44, 0x0006, 0x18C5, 0x001D, 0xED44, 0x0005, 0xFF8F, 0x0002,
    0xDCC8, 0x0001, 0x8AE3, 0x0001, 0x1000, 0x0001, 0xFF8F, 0x0002, 0xC3A3, 0x0001, 0x8A23, 0x0001,
    0x8201, 0x0001, 0xDC62, 0x0001, 0xF60E, 0x0001, 0xEE73, 0x0001, 0xFE29, 0x0001, 0xFE6A, 0x0001,
    0xF6F5, 0x0001, 0xFEAE, 0x0001, 0xFE04, 0x0001, 0xE4E2, 0x0001, 0xB342, 0x0001, 0x6982, 0x0001,
    0x20A2, 0x0001, 0x41A3, 0x0001, 0xAB82, 0x0001, 0x92E2, 0x0001, 0x20C2, 0x0001, 0x18A3, 0x0001,
    0x7263, 0x0001, 0xCC03, 0x0001, 0xAAE2, 0x0001, 0x6961, 0x0001, 0xA2C2, 0x0001, 0xE504, 0x0001,
    0xFDE6, 0x0001, 0xFE03, 0x0001, 0xFE26, 0x0001, 0xFEF3, 0x0001, 0xF6B4, 0x0001, 0xDCE5, 0x0001,
    0x9A60, 0x0001, 0x9241, 0x0001, 0xED85, 0x0001, 0xE525, 0x0001, 0x6961, 0x0001, 0xFF8F, 0x0002,
    0xED44, 0x0003, 0x18C5, 0x0021, 0xED44, 0x0006, 0xFF8F, 0x0006, 0x8202, 0x0001, 0x58A1, 0x0001,
    0x8242, 0x0001, 0xFE05, 0x0001, 0xFDA5, 0x0001, 0xCC67, 0x0001, 0xEE10, 0x0001, 0xFF57, 0x0001,
    0xF716, 0x0001, 0xFE6C, 0x0001, 0xFE23, 0x0001, 0xFE43, 0x0001, 0xC423, 0x0001, 0x6982, 0x0001,
    0x8262, 0x0001, 0xAB83, 0x0001, 0x8A62, 0x0001, 0x6982, 0x0001, 0x6162, 0x0001, 0x49A2, 0x0001,
    0x51C3, 0x0001, 0x7A02, 0x0001, 0x9261, 0x0001, 0xB382, 0x0001, 0xED65, 0x0001, 0xF5C5, 0x0001,
    0xD484, 0x0001, 0xE4C1, 0x0001, 0xFE45, 0x0001, 0xFEF3, 0x0001, 0xFEF4, 0x0001, 0xFE06, 0x0001,
    0xDC60, 0x0001, 0xB322, 0x0001, 0xAB43, 0x0001, 0x9AC3, 0x0001, 0x6961, 0x0001, 0xFF8F, 0x0002,
    0xED44, 0x0003, 0x18C5, 0x0022, 0xED44, 0x0006, 0xFF8F, 0x0005, 0x58E1, 0x0001, 0x92A3, 0x0001,
    0xCC85, 0x0001, 0xDD26, 0x0001, 0xDCA2, 0x0002, 0xEE0B, 0x0001, 0xFF14, 0x0001, 0xF6F6, 0x0001,
    0xF68F, 0x0001, 0xFEAB, 0x0001, 0xFF2D, 0x0001, 0xC4CA, 0x0001, 0x71A2, 0x0001, 0xBB61, 0x0001,
    0xE483, 0x0001, 0x81E2, 0x0001, 0x48A1, 0x0001, 0x5942, 0x0001, 0x61C2, 0x0001, 0x5162, 0x0001,
    0x5101, 0x0001, 0x8A62, 0x0001, 0xE4A3, 0x0001, 0xF5A5, 0x0001, 0xE524, 0x0001, 0xDC61, 0x0001,
    0xE525, 0x0001, 0xFEAE, 0x0001, 0xFEF3, 0x0001, 0xFED3, 0x0001, 0xFEAD, 0x0001, 0xFE67, 0x0001,
    0xED24, 0x0001, 0xAB02, 0x0001, 0x81C2, 0x0001, 0x71A2, 0x0001, 0xFF8F, 0x0002, 0xED44, 0x0003,
    0x18C5, 0x0026, 0xED44, 0x0004, 0xFF8F, 0x0003, 0x79E2, 0x0001, 0xED85, 0x0002, 0x9283, 0x0001,
    0xB3C4, 0x0001, 0xFE66, 0x0001, 0xFE64, 0x0001, 0xFE4A, 0x0001, 0xF6F4, 0x0001, 0xF6F6, 0x0001,
    0xFF15, 0x0001, 0xFF77, 0x0001, 0xCD2F, 0x0001, 0x8A43, 0x0001, 0xB321, 0x0001, 0xCC03, 0x0001,
    0x8A22, 0x0001, 0x30C2, 0x0001, 0x18C3, 0x0001, 0x4942, 0x0001, 0x7181, 0x0001, 0x6141, 0x0001,
    0x92A2, 0x0001, 0xD423, 0x0002, 0xD462, 0x0001, 0xFDE4, 0x0001, 0xFECD, 0x0001, 0xF6F6, 0x0004,
    0xFECE, 0x0001, 0xFE05, 0x0001, 0xED02, 0x0001, 0xB343, 0x0001, 0x71A2, 0x0001, 0xFF8F, 0x0002,
    0xED44, 0x0003, 0x18C5, 0x0026, 0xED44, 0x0003, 0xFF8F, 0x0002, 0xD442, 0x0001, 0xE524, 0x0001,
    0xDD25, 0x0001, 0xE525, 0x0001, 0x9AC3, 0x0001, 0x50A1, 0x0001, 0xA343, 0x0001, 0xFEC7, 0x0001,
    0xFEEB, 0x0001, 0xF690, 0x0001, 0xF6F5, 0x0001, 0xF6F9, 0x0001, 0xFF38, 0x0001, 0xFF71, 0x0001,
    0xEDA8, 0x0001, 0xB342, 0x0001, 0xA2C2, 0x0001, 0xA303, 0x0001, 0x7A22, 0x0001, 0x3122, 0x0001,
    0x10A3, 0x0001, 0x5142, 0x0001, 0x7981, 0x0001, 0x6961, 0x0001, 0x8A62, 0x0001, 0xCC23, 0x0001,
    0xECE2, 0x0001, 0xF5E8, 0x0001, 0xFF31, 0x0001, 0xFEF0, 0x0001, 0xFE8D, 0x0001, 0xFF57, 0x0001,
    0xFFBD, 0x0001, 0xF75B, 0x0001, 0xE5EE, 0x0001, 0xED23, 0x0001, 0xFDE3, 0x0001, 0xD4A5, 0x0001,
    0x71C2, 0x0001, 0xFF8F, 0x0002, 0xED44, 0x0003, 0x18C5, 0x0026, 0xED44, 0x0003, 0xFF8F, 0x0002,
    0xC3A2, 0x0001, 0xFE05, 0x0001, 0xEDA5, 0x0001, 0xA303, 0x0001, 0x6942, 0x0001, 0x8222, 0x0001,
    0xC462, 0x0001, 0xFE67, 0x0001, 0xFF13, 0x0001, 0xF718, 0x0001, 0xF6F5, 0x0002, 0xF6B0, 0x0001,
    0xEDC6, 0x0001, 0xED42, 0x0001, 0xDCC3, 0x0001, 0xAB03, 0x0001, 0x71C2, 0x0001, 0x49A3, 0x0001,
    0x2943, 0x0001, 0x10A3, 0x0001, 0x3902, 0x0001, 0x5942, 0x0001, 0x6982, 0x0001, 0x9282, 0x0001,
    0xD423, 0x0001, 0xFDA3, 0x0001, 0xFE4A, 0x0001, 0xEE74, 0x0001, 0xF60B, 0x0001, 0xFE24, 0x0001,
    0xFF77, 0x0001, 0xFFFF, 0x0001, 0xFF34, 0x0001, 0xD4A7, 0x0001, 0xCBE2, 0x0001, 0xFE45, 0x0001,
    0xEDA6, 0x0001, 0x8202, 0x0001, 0x50A1, 0x0001, 0xFF8F, 0x0002, 0xED44, 0x0006, 0x18C5, 0x0022,
    0xED44, 0x0003, 0xFF8F, 0x0002, 0x9AC3, 0x0001, 0xB343, 0x0001, 0x8242, 0x0001, 0x71A2, 0x0001,
    0xA303, 0x0001, 0xED85, 0x0001, 0xFE44, 0x0001, 0xFE27, 0x0001, 0xFED2, 0x0001, 0xF718, 0x0001,
    0xF6F5, 0x0001, 0xFF0E, 0x0001, 0xF5C6, 0x0001, 0xA322, 0x0001, 0xBBE3, 0x0001, 0xFE05, 0x0001,
    0xBBE4, 0x0001, 0x5101, 0x0001, 0x18A2, 0x0001, 0x10C3, 0x0001, 0x10A2, 0x0001, 0x0882, 0x0001,
    0x28E2, 0x0001, 0x71C2, 0x0001, 0xAB02, 0x0001, 0xCC23, 0x0001, 0xDCA3, 0x0001, 0xD464, 0x0001,
    0xCC46, 0x0001, 0xE503, 0x0001, 0xFE46, 0x0001, 0xFF15, 0x0001, 0xFF37, 0x0001, 0xFE89, 0x0001,
    0xDC61, 0x0001, 0xCBE2, 0x0001, 0xFE25, 0x0001, 0xFE06, 0x0001, 0x92A3, 0x0001, 0x7162, 0x0001,
    0x6981, 0x0001, 0xFF8F, 0x0002, 0xED44, 0x0006, 0x18C5, 0x0021, 0xED44, 0x0004, 0xFF8F, 0x0002,
    0x6122, 0x0001, 0x50E1, 0x0001, 0x79C2, 0x0001, 0xAB44, 0x0001, 0xD4C5, 0x0001, 0xEDC4, 0x0001,
    0xFE27, 0x0001, 0xFEB0, 0x0001, 0xF718, 0x0001, 0xF717, 0x0001, 0xFF2D, 0x0001, 0xED62, 0x0001,
    0x79E1, 0x0001, 0x9AE4, 0x0001, 0xFDC5, 0x0001, 0xBBE3, 0x0001, 0x5901, 0x0001, 0x38C2, 0x0001,
    0x3122, 0x0001, 0x3143, 0x0002, 0x4963, 0x0001, 0x8223, 0x0001, 0xB343, 0x0001, 0xCC03, 0x0001,
    0xCBE3, 0x0001, 0xCBE2, 0x0001, 0xDC81, 0x0001, 0xED83, 0x0001, 0xFE47, 0x0001, 0xFE6A, 0x0001,
    0xFE6D, 0x0001, 0xFE8C, 0x0001, 0xF608, 0x0001, 0xED64, 0x0001, 0xDCE4, 0x0001, 0xB3A4, 0x0001,
    0x79E2, 0x0001, 0x79A2, 0x0001, 0x6982, 0x0001, 0xFF8F, 0x0002, 0xED44, 0x0006, 0x18C5, 0x0021,
    0xED44, 0x0004, 0xFF8F, 0x0003, 0x71A2, 0x0001, 0x8A43, 0x0001, 0x8223, 0x0001, 0x8203, 0x0001,
    0xC422, 0x0001, 0xFE67, 0x0001, 0xFF11, 0x0001, 0xF6F8, 0x0001, 0xF6F6, 0x0001, 0xFF2D, 0x0001,
    0xED84, 0x0001, 0x7A21, 0x0001, 0x7A02, 0x0001, 0xCC02, 0x0001, 0xB383, 0x0001, 0x8202, 0x0001,
    0x7182, 0x0001, 0x5982, 0x0001, 0x51C3, 0x0001, 0x7A23, 0x0001, 0x9243, 0x0001, 0x8A23, 0x0001,
    0xA303, 0x0001, 0xCC23, 0x0001, 0xCC02, 0x0001, 0xD483, 0x0001, 0xFDE5, 0x0001, 0xFE66, 0x0001,
    0xFE25, 0x0001, 0xFE04, 0x0001, 0xFE6B, 0x0001, 0xF6D5, 0x0001, 0xFF10, 0x0001, 0xF5C4, 0x0001,
    0xAB42, 0x0001, 0x71A2, 0x0001, 0x6982, 0x0001, 0x71A2, 0x0001, 0x6982, 0x0001, 0xFF8F, 0x0002,
    0xED44, 0x0006, 0x18C5, 0x0021, 0xED44, 0x0003, 0xFF8F, 0x0002, 0x6161, 0x0001, 0x79A2, 0x0001,
    0x71A2, 0x0001, 0x79C2, 0x0001, 0x8202, 0x0001, 0xAB02, 0x0001, 0xE4E2, 0x0001, 0xFE88, 0x0001,
    0xFF14, 0x0001, 0xF6D6, 0x0001, 0xFE6C, 0x0001, 0xFEC7, 0x0001, 0xED85, 0x0001, 0x7A02, 0x0001,
    0x50C1, 0x0001, 0x8201, 0x0001, 0xBB62, 0x0001, 0xAB43, 0x0001, 0x59A2, 0x0001, 0x30E2, 0x0001,
    0xFF8F, 0x0001, 0x7A83, 0x0001, 0x7202, 0x0001, 0x6982, 0x0001, 0x9AE2, 0x0001, 0xDC83, 0x0001,
    0xD402, 0x0001, 0xC3E2, 0x0001, 0xED24, 0x0001, 0xFDE4, 0x0001, 0xFE26, 0x0001, 0xFE6D, 0x0001,
    0xFED1, 0x0001, 0xF6AE, 0x0001, 0xCCE8, 0x0001, 0xA303, 0x0001, 0x9AA2, 0x0001, 0xAB02, 0x0001,
    0xAB22, 0x0001, 0x9262, 0x0001, 0x6161, 0x0001, 0xFF8F, 0x0002, 0xED44, 0x0006, 0x18C5, 0x0021,
    0xED44, 0x0003, 0xFF8F, 0x0002, 0x6161, 0x0001, 0xAAE3, 0x0001, 0xA323, 0x0001, 0x69A2, 0x0001,
    0x71A1, 0x0001, 0xC3C3, 0x0001, 0xF522, 0x0001, 0xFE07, 0x0001, 0xFEF1, 0x0001, 0xFEAF, 0x0001,
    0xFE25, 0x0001, 0xFE84, 0x0001, 0xF5E6, 0x0001, 0xA323, 0x0001, 0x5901, 0x0001, 0x6142, 0x0001,
    0xC3A2, 0x0001, 0xCC23, 0x0001, 0x39A3, 0x0001, 0x0003, 0x0001, 0xFF8F, 0x0001, 0x5203, 0x0001,
    0x59E3, 0x0001, 0x69A2, 0x0001, 0x9242, 0x0001, 0xBBA2, 0x0001, 0xE4C3, 0x0001, 0xD463, 0x0001,
    0xB362, 0x0001, 0xD462, 0x0001, 0xFE67, 0x0001, 0xFF12, 0x0002, 0xFEA6, 0x0001, 0xCC41, 0x0001,
    0x9AC3, 0x0001, 0xC423, 0x0001, 0xF563, 0x0001, 0xE4A3, 0x0001, 0xAAE2, 0x0001, 0x6141, 0x0001,
    0xFF8F, 0x0002, 0xED44, 0x0006, 0x18C5, 0x0021, 0xED44, 0x0003, 0xFF8F, 0x0002, 0x5901, 0x0001,
    0xCC44, 0x0001, 0xF5C5, 0x0001, 0x8AC3, 0x0001, 0x50E1, 0x0001, 0x9262, 0x0001, 0xBBA2, 0x0001,
    0xE4C3, 0x0001, 0xFE27, 0x0001, 0xFE88, 0x0001, 0xFE25, 0x0001, 0xFE65, 0x0001, 0xFE26, 0x0001,
    0xDCA3, 0x0001, 0x9AA2, 0x0001, 0x79E2, 0x0001, 0xCBC3, 0x0001, 0xC423, 0x0001, 0x41A3, 0x0001,
    0x0003, 0x0001, 0xFF8F, 0x0001, 0x51E3, 0x0001, 0x6A23, 0x0001, 0x8A63, 0x0001, 0x7981, 0x0001,
    0x79E2, 0x0001, 0xED65, 0x0001, 0xED85, 0x0001, 0x8222, 0x0001, 0xA323, 0x0001, 0xFE86, 0x0001,
    0xFEC9, 0x0001, 0xFE48, 0x0001, 0xFE66, 0x0001, 0xFE25, 0x0001, 0xFE06, 0x0001, 0xFE46, 0x0001,
    0xFDE5, 0x0001, 0xDC63, 0x0001, 0xA2A2, 0x0001, 0x6161, 0x0001, 0xFF8F, 0x0002, 0xED44, 0x0006,
    0x18C5, 0x001D, 0xED44, 0x0006, 0xFF8F, 0x0002, 0xA2C2, 0x0001, 0x6141, 0x0001, 0xC3E3, 0x0001,
    0xFE05, 0x0001, 0xCC43, 0x0001, 0x7A02, 0x0001, 0x79C2, 0x0001, 0x8A43, 0x0001, 0xB362, 0x0001,
    0xDC82, 0x0001, 0xF583, 0x0001, 0xFE06, 0x0002, 0xED44, 0x0001, 0xCC03, 0x0001, 0xB343, 0x0001,
    0xAB23, 0x0001, 0xC362, 0x0001, 0xA2E2, 0x0001, 0x4163, 0x0001, 0xFF8F, 0x0003, 0x6A23, 0x0001,
    0x7A43, 0x0001, 0x6982, 0x0001, 0x6962, 0x0001, 0xBBE4, 0x0001, 0xB3E4, 0x0001, 0x6162, 0x0001,
    0x92A3, 0x0001, 0xF5C4, 0x0001, 0xFE03, 0x0001, 0xED23, 0x0001, 0xDCC5, 0x0001, 0xC465, 0x0001,
    0xCCA4, 0x0001, 0xDD25, 0x0001, 0xF544, 0x0001, 0xDC63, 0x0001, 0x9AC2, 0x0001, 0x6141, 0x0001,
    0x58E2, 0x0001, 0xFF8F, 0x0002, 0xED44, 0x0005, 0x18C5, 0x001C, 0xED44, 0x0006, 0xFF8F, 0x0002,
    0xE4A3, 0x0001, 0xCBE3, 0x0001, 0x71C2, 0x0001, 0x8242, 0x0001, 0xCC22, 0x0001, 0xDC83, 0x0001,
    0xBBA3, 0x0001, 0x9283, 0x0001, 0x79E3, 0x0001, 0x8A62, 0x0001, 0xB362, 0x0001, 0xED24, 0x0001,
    0xFE26, 0x0001, 0xF564, 0x0001, 0xBB82, 0x0001, 0x8A22, 0x0001, 0xA303, 0x0001, 0xD423, 0x0001,
    0xA2E2, 0x0001, 0x5921, 0x0001, 0xFF8F, 0x0002, 0xED44, 0x0001, 0xFF8F, 0x0002, 0x49A2, 0x0001,
    0x7A43, 0x0001, 0x9263, 0x0001, 0x79C2, 0x0001, 0x5921, 0x0001, 0x6141, 0x0001, 0x9AA2, 0x0001,
    0xCC22, 0x0001, 0xDC43, 0x0001, 0xBB83, 0x0001, 0x9263, 0x0001, 0x6142, 0x0001, 0x6981, 0x0001,
    0xB342, 0x0001, 0xE483, 0x0001, 0xD423, 0x0001, 0x92A2, 0x0001, 0x6962, 0x0001, 0x71A2, 0x0001,
    0x71A1, 0x0001, 0xFF8F, 0x0002, 0xED44, 0x0005, 0x18C5, 0x001B, 0xED44, 0x0006, 0xFF8F, 0x0002,
    0xE4A3, 0x0001, 0xE463, 0x0001, 0x8A02, 0x0001, 0x5961, 0x0001, 0x7242, 0x0001, 0x9AE3, 0x0001,
    0xC3A3, 0x0001, 0xCC03, 0x0001, 0x9282, 0x0001, 0x8203, 0x0001, 0xCC44, 0x0001, 0xFEA6, 0x0001,
    0xFEC6, 0x0001, 0xD4A4, 0x0001, 0x8A42, 0x0001, 0x6962, 0x0001, 0xAB03, 0x0001, 0xDC83, 0x0001,
    0x7AA3, 0x0001, 0x0822, 0x0001, 0xFF8F, 0x0002, 0xED44, 0x0001, 0xFF8F, 0x0002, 0x3962, 0x0001,
    0x8B03, 0x0001, 0xBB83, 0x0001, 0x7161, 0x0001, 0x4861, 0x0001, 0x79E2, 0x0001, 0x9AA3, 0x0001,
    0x9262, 0x0001, 0x8222, 0x0001, 0x6961, 0x0001, 0x58E1, 0x0001, 0x6941, 0x0001, 0xA2E2, 0x0001,
    0xDCE4, 0x0002, 0xA303, 0x0001, 0x8202, 0x0001, 0x8A42, 0x0001, 0xAB02, 0x0001, 0xA2C2, 0x0001,
    0x71A2, 0x0001, 0xFF8F, 0x0002, 0xED44, 0x0004, 0x18C5, 0x001B, 0xED44, 0x0006, 0xFF8F, 0x0002,
    0xDC43, 0x0001, 0xC3A2, 0x0001, 0x69A2, 0x0001, 0x4122, 0x0001, 0x51C3, 0x0001, 0x69A3, 0x0001,
    0x9262, 0x0001, 0xBBA2, 0x0001, 0xAB22, 0x0001, 0xA303, 0x0001, 0xE525, 0x0001, 0xF686, 0x0001,
    0xEDA5, 0x0001, 0xAB64, 0x0001, 0x79E2, 0x0001, 0x8A63, 0x0001, 0xC382, 0x0001, 0xC3A2, 0x0001,
    0x6A43, 0x0001, 0x10C3, 0x0001, 0xFF8F, 0x0002, 0xED44, 0x0001, 0xFF8F, 0x0002, 0x4183, 0x0001,
    0xA343, 0x0001, 0xDC63, 0x0001, 0xB383, 0x0001, 0x8263, 0x0001, 0x8223, 0x0001, 0x9283, 0x0001,
    0x92A3, 0x0001, 0x8242, 0x0001, 0x79E2, 0x0001, 0x8283, 0x0001, 0xB383, 0x0001, 0xED44, 0x0001,
    0xFEC6, 0x0001, 0xE586, 0x0001, 0x9263, 0x0001, 0x6942, 0x0001, 0x9AA3, 0x0001, 0xE4C3, 0x0001,
    0xD443, 0x0001, 0x79E2, 0x0001, 0xFF8F, 0x0002, 0xED44, 0x0004, 0x18C5, 0x001B, 0xED44, 0x0005,
    0xFF8F, 0x0002, 0x9A83, 0x0001, 0xDC02, 0x0001, 0xA342, 0x0001, 0x2902, 0x0001, 0x3923, 0x0001,
    0x8243, 0x0001, 0x79E2, 0x0001, 0x6162, 0x0001, 0x71C2, 0x0001, 0xA302, 0x0001, 0xD443, 0x0001,
    0xDCA3, 0x0001, 0xC3E3, 0x0001, 0xA2E3, 0x0001, 0x79E3, 0x0001, 0x8A43, 0x0001, 0xC3E3, 0x0001,
    0xC3A2, 0x0001, 0x8202, 0x0001, 0x61C2, 0x0001, 0x49C3, 0x0001, 0xFF8F, 0x0002, 0xED44, 0x0001,
    0xFF8F, 0x0002, 0x4182, 0x0001, 0x92E3, 0x0001, 0xDC83, 0x0001, 0xFE25, 0x0001, 0xCCE5, 0x0001,
    0x7A02, 0x0001, 0x8A22, 0x0001, 0xCC03, 0x0001, 0xCC02, 0x0001, 0xCC43, 0x0001, 0xED85, 0x0001,
    0xF5E6, 0x0001, 0xFE05, 0x0001, 0xFEA6, 0x0001, 0xE565, 0x0001, 0x92A3, 0x0001, 0x58E1, 0x0001,
    0x8242, 0x0001, 0xF5A5, 0x0001, 0xED45, 0x0001, 0x71C2, 0x0001, 0xFF8F, 0x0002, 0xED44, 0x0004,
    0x18C5, 0x001B, 0xED44, 0x0005, 0xFF8F, 0x0002, 0x8A23, 0x0001, 0xFD24, 0x0001, 0xCCC4, 0x0001,
    0x2103, 0x0001, 0x38C2, 0x0001, 0x9A42, 0x0001, 0x79A2, 0x0001, 0x48C1, 0x0001, 0x5101, 0x0001,
    0x7A02, 0x0001, 0xB382, 0x0001, 0xDC42, 0x0001, 0xAB02, 0x0001, 0x6122, 0x0001, 0x8202, 0x0001,
    0xC3C3, 0x0001, 0xBBA2, 0x0001, 0x7222, 0x0001, 0x2882, 0x0001, 0x28E3, 0x0001, 0x4182, 0x0001,
    0xFF8F, 0x0002, 0xED44, 0x0002, 0xFF8F, 0x0002, 0x6A02, 0x0001, 0x9B23, 0x0001, 0xF5E5, 0x0001,
    0xED44, 0x0001, 0x71E2, 0x0001, 0x81E2, 0x0001, 0xCBC3, 0x0001, 0xB362, 0x0001, 0xBBC3, 0x0001,
    0xFDC5, 0x0001, 0xFEC6, 0x0001, 0xFEA6, 0x0001, 0xFE05, 0x0001, 0xD463, 0x0001, 0x8A42, 0x0001,
    0x4861, 0x0001, 0x71C2, 0x0001, 0xF5E6, 0x0001, 0xF5C6, 0x0001, 0x71C2, 0x0001, 0xFF8F, 0x0002,
    0xED44, 0x0004, 0x18C5, 0x001B, 0xED44, 0x0005, 0xFF8F, 0x0002, 0x79E2, 0x0001, 0xED45, 0x0001,
    0xEDC6, 0x0001, 0x72A3, 0x0001, 0x4922, 0x0001, 0x6982, 0x0001, 0x71A2, 0x0001, 0x71C2, 0x0001,
    0x71A2, 0x0001, 0x5901, 0x0001, 0x71A2, 0x0001, 0xC3C2, 0x0001, 0xB362, 0x0001, 0x71A2, 0x0001,
    0xA302, 0x0001, 0xCC03, 0x0001, 0x8A22, 0x0001, 0x40E2, 0x0001, 0x18E3, 0x0001, 0x10E3, 0x0001,
    0x18A2, 0x0001, 0xFF8F, 0x0002, 0xED44, 0x0003, 0xFF8F, 0x0002, 0x51C3, 0x0001, 0xB383, 0x0001,
    0xC382, 0x0001, 0x71C2, 0x0001, 0x69A2, 0x0001, 0x8223, 0x0001, 0x6962, 0x0001, 0x71A1, 0x0001,
    0xBB82, 0x0001, 0xED64, 0x0001, 0xFDE6, 0x0001, 0xE4E4, 0x0001, 0xAB02, 0x0001, 0x71A2, 0x0001,
    0x50C1, 0x0001, 0x8242, 0x0001, 0xF5C5, 0x0001, 0xED45, 0x0001, 0x71C2, 0x0001, 0xFF8F, 0x0003,
    0xED44, 0x0003, 0x18C5, 0x001B, 0xED44, 0x0005, 0xFF8F, 0x0002, 0xBBA2, 0x0001, 0xAB23, 0x0001,
    0xB3C4, 0x0001, 0xDD45, 0x0001, 0x7B04, 0x0001, 0x28E2, 0x0001, 0x8AA2, 0x0001, 0xC3A2, 0x0001,
    0x8202, 0x0001, 0x50E2, 0x0001, 0x5901, 0x0001, 0x8A42, 0x0001, 0xBB83, 0x0001, 0xBBA2, 0x0001,
    0xA322, 0x0001, 0x8222, 0x0001, 0x6961, 0x0001, 0x8202, 0x0001, 0x92E3, 0x0001, 0x6A63, 0x0001,
    0x3122, 0x0001, 0xFF8F, 0x0002, 0xED44, 0x0003, 0xFF8F, 0x0002, 0x49A3, 0x0001, 0x7202, 0x0001,
    0x81E1, 0x0001, 0x71A1, 0x0001, 0x4122, 0x0001, 0x28E3, 0x0001, 0x4102, 0x0001, 0x6941, 0x0001,
    0x79E1, 0x0001, 0x9AE3, 0x0001, 0xB384, 0x0001, 0xB343, 0x0001, 0x8A22, 0x0001, 0x6162, 0x0001,
    0x7A02, 0x0001, 0xC3C3, 0x0001, 0xED24, 0x0001, 0xC403, 0x0001, 0x6162, 0x0001, 0x5901, 0x0001,
    0x71A2, 0x0001, 0xFF8F, 0x0002, 0xED44, 0x0003, 0x18C5, 0x0001, 0xED44, 0x0002, 0x18C5, 0x0017,
    0xED44, 0x0005, 0xFF8F, 0x0002, 0xC3C2, 0x0001, 0x6941, 0x0001, 0x7A02, 0x0001, 0xFE25, 0x0001,
    0xA404, 0x0001, 0x1882, 0x0001, 0x8282, 0x0001, 0xDC23, 0x0001, 0xAB23, 0x0001, 0x9282, 0x0001,
    0x8242, 0x0001, 0x71A2, 0x0001, 0x9AA3, 0x0001, 0xC3C2, 0x0001, 0x9AA2, 0x0001, 0x50E1, 0x0001,
    0x3882, 0x0001, 0x92A2, 0x0001, 0xECA3, 0x0001, 0xABA3, 0x0001, 0x4183, 0x0001, 0xFF8F, 0x0002,
    0xED44, 0x0003, 0xFF8F, 0x0002, 0x51E3, 0x0001, 0x69C2, 0x0001, 0x7182, 0x0001, 0x7162, 0x0001,
    0x4102, 0x0001, 0x28E2, 0x0001, 0x5982, 0x0001, 0x79C2, 0x0001, 0x6142, 0x0001, 0x6962, 0x0001,
    0x79C2, 0x0001, 0x8203, 0x0001, 0x71A2, 0x0001, 0x6981, 0x0001, 0xAB22, 0x0001, 0xDC83, 0x0001,
    0xCBE2, 0x0001, 0xA2C2, 0x0001, 0x8222, 0x0001, 0x81E2, 0x0001, 0x6981, 0x0001, 0xFF8F, 0x0002,
    0xED44, 0x0003, 0x18C5, 0x0001, 0xED44, 0x0002, 0x18C5, 0x0017, 0xED44, 0x0005, 0xFF8F, 0x0002,
    0x71C2, 0x0001, 0x5901, 0x0001, 0x8222, 0x0001, 0xDC63, 0x0001, 0xAB63, 0x0001, 0x5101, 0x0001,
    0x5921, 0x0001, 0x9AA2, 0x0001, 0xCBE2, 0x0001, 0xE483, 0x0001, 0xC3C2, 0x0001, 0x7A02, 0x0001,
    0x6142, 0x0001, 0x71C2, 0x0001, 0x8A01, 0x0001, 0x5942, 0x0001, 0x0842, 0x0001, 0x51E3, 0x0001,
    0xD463, 0x0001, 0xA383, 0x0001, 0x3963, 0x0001, 0xFF8F, 0x0002, 0xED44, 0x0003, 0xFF8F, 0x0002,
    0x51C2, 0x0001, 0x7A43, 0x0001, 0x9242, 0x0001, 0x8202, 0x0001, 0x6982, 0x0001, 0x69A2, 0x0001,
    0x8222, 0x0002, 0x6982, 0x0001, 0x71A2, 0x0001, 0x8202, 0x0001, 0x71C2, 0x0001, 0x6121, 0x0001,
    0x6981, 0x0001, 0xB342, 0x0001, 0xCC03, 0x0001, 0x8A42, 0x0002, 0xC3C2, 0x0001, 0xA2E2, 0x0001,
    0x6141, 0x0001, 0xFF8F, 0x0002, 0xED44, 0x0003, 0x18C5, 0x0001, 0xED44, 0x0002, 0x18C5, 0x0017,
    0xED44, 0x0005, 0xFF8F, 0x0002, 0x6941, 0x0001, 0x9262, 0x0001, 0xA302, 0x0001, 0xA2A2, 0x0001,
    0xB2E2, 0x0001, 0x9AA2, 0x0001, 0x4102, 0x0001, 0x3922, 0x0001, 0x8AE3, 0x0001, 0xBBC3, 0x0001,
    0xB302, 0x0001, 0x81E1, 0x0001, 0x6162, 0x0001, 0x5162, 0x0001, 0x38E2, 0x0001, 0x30E2, 0x0001,
    0x5A03, 0x0001, 0x8B03, 0x0001, 0xA2E2, 0x0001, 0x9262, 0x0001, 0x5182, 0x0001, 0xFF8F, 0x0002,
    0xED44, 0x0003, 0xFF8F, 0x0002, 0x5A03, 0x0001, 0x69C2, 0x0001, 0xA2E3, 0x0001, 0xDCC5, 0x0001,
    0x8B03, 0x0001, 0x2861, 0x0001, 0x5962, 0x0001, 0x8A22, 0x0001, 0x79A1, 0x0001, 0x9AA2, 0x0001,
    0xB363, 0x0001, 0x9AA2, 0x0001, 0x4902, 0x0001, 0x28A2, 0x0001, 0x9302, 0x0001, 0xCC03, 0x0001,
    0x4102, 0x0001, 0x4982, 0x0001, 0xDC83, 0x0001, 0xC3A2, 0x0001, 0x5921, 0x0001, 0xFF8F, 0x0002,
    0xED44, 0x0003, 0x18C5, 0x0001, 0xED44, 0x0002, 0x18C5, 0x0017, 0xED44, 0x0005, 0xFF8F, 0x0002,
    0x69A2, 0x0001, 0xCC03, 0x0001, 0xBBC2, 0x0001, 0x6162, 0x0001, 0x9AA2, 0x0001, 0xCC43, 0x0001,
    0x51E3, 0x0001, 0x0883, 0x0001, 0x4183, 0x0001, 0x59A2, 0x0001, 0x6141, 0x0001, 0x6162, 0x0001,
    0x69A2, 0x0001, 0x51C2, 0x0001, 0x18E3, 0x0001, 0x3143, 0x0001, 0xB3A3, 0x0001, 0xC382, 0x0001,
    0x6162, 0x0001, 0x6142, 0x0001, 0x6982, 0x0001, 0xFF8F, 0x0002, 0xED44, 0x0003, 0xFF8F, 0x0002,
    0x51C3, 0x0001, 0x5101, 0x0001, 0x9AA2, 0x0001, 0xFDE5, 0x0001, 0xA445, 0x0001, 0x18E3, 0x0001,
    0x4102, 0x0001, 0x6961, 0x0001, 0x5941, 0x0001, 0x9AE2, 0x0001, 0xD423, 0x0001, 0xBB43, 0x0001,
    0x5163, 0x0001, 0x18C3, 0x0001, 0x82E3, 0x0001, 0xC3E3, 0x0001, 0x3963, 0x0001, 0x41A3, 0x0001,
    0xC3E3, 0x0001, 0xB322, 0x0001, 0x5921, 0x0001, 0xFF8F, 0x0002, 0xED44, 0x0003, 0x18C5, 0x0001,
    0xED44, 0x0002, 0x18C5, 0x0017, 0xED44, 0x0005, 0xFF8F, 0x0002, 0x3943, 0x0001, 0xCC23, 0x0001,
    0xBBC3, 0x0001, 0x1882, 0x0001, 0x6A23, 0x0001, 0xE4A3, 0x0001, 0x8282, 0x0001, 0x38C2, 0x0001,
    0x5142, 0x0001, 0x3902, 0x0001, 0x20C2, 0x0001, 0x3943, 0x0001, 0x4922, 0x0001, 0x48E1, 0x0001,
    0x7A42, 0x0001, 0xAB83, 0x0001, 0xBB22, 0x0001, 0x71E2, 0x0001, 0x28E3, 0x0001, 0x28C2, 0x0001,
    0xFF8F, 0x0002, 0xED44, 0x0005, 0xFF8F, 0x0002, 0x6981, 0x0001, 0x79A1, 0x0001, 0x8242, 0x0001,
    0xBC65, 0x0001, 0xCD25, 0x0001, 0x8AA3, 0x0001, 0x3041, 0x0001, 0x1042, 0x0001, 0x6203, 0x0001,
    0xAB23, 0x0001, 0x9242, 0x0001, 0x7A02, 0x0001, 0x92E2, 0x0001, 0xA323, 0x0001, 0xA2E3, 0x0001,
    0x9303, 0x0001, 0x9B43, 0x0001, 0xA303, 0x0001, 0x9A82, 0x0001, 0xFF8F, 0x0002, 0xED44, 0x0003,
    0x18C5, 0x001B, 0xED44, 0x0005, 0xFF8F, 0x0002, 0x10C3, 0x0001, 0x9B02, 0x0001, 0xAB42, 0x0001,
    0x49A3, 0x0001, 0x6A43, 0x0001, 0xB362, 0x0001, 0x9242, 0x0001, 0x7182, 0x0001, 0x79A1, 0x0001,
    0x4102, 0x0001, 0x18C3, 0x0001, 0x5A03, 0x0001, 0x8AE3, 0x0001, 0x9AE3, 0x0001, 0xCBE3, 0x0001,
    0xBBA2, 0x0001, 0x69A2, 0x0001, 0x2082, 0x0001, 0x10A3, 0x0001, 0xFF8F, 0x0002, 0xED44, 0x0006,
    0xFF8F, 0x0002, 0x5142, 0x0001, 0x6162, 0x0001, 0x6961, 0x0001, 0xBBC3, 0x0001, 0xED65, 0x0001,
    0xC3A3, 0x0001, 0x69C2, 0x0001, 0x3963, 0x0001, 0x51A3, 0x0001, 0x7182, 0x0001, 0x40C2, 0x0001,
    0x7A42, 0x0001, 0xECA3, 0x0001, 0xAB02, 0x0001, 0x79C2, 0x0001, 0xDC42, 0x0001, 0xEC83, 0x0001,
    0x8A23, 0x0001, 0xFF8F, 0x0002, 0xED44, 0x0004, 0x18C5, 0x001B, 0xED44, 0x0006, 0xFF8F, 0x0002,
    0x6141, 0x0001, 0x9A82, 0x0001, 0xBBC3, 0x0001, 0x9B02, 0x0001, 0x69A2, 0x0001, 0x79E2, 0x0001,
    0x8A22, 0x0001, 0x71A2, 0x0001, 0x5901, 0x0001, 0x6162, 0x0001, 0xA302, 0x0001, 0xF544, 0x0001,
    0xFE26, 0x0001, 0xBC44, 0x0001, 0x4982, 0x0001, 0x20E3, 0x0001, 0x10A3, 0x0001, 0xFF8F, 0x0002,
    0xED44, 0x0007, 0xFF8F, 0x0002, 0x0023, 0x0001, 0x49A3, 0x0001, 0xBBC3, 0x0001, 0xAB22, 0x0001,
    0x71C2, 0x0001, 0xAB22, 0x0001, 0xDC83, 0x0001, 0xC403, 0x0001, 0x9AA2, 0x0001, 0x5102, 0x0001,
    0x0842, 0x0001, 0x5203, 0x0001, 0xD443, 0x0001, 0x9AC2, 0x0001, 0x6162, 0x0001, 0xC3E3, 0x0001,
    0xD423, 0x0001, 0x79C2, 0x0001, 0xFF8F, 0x0002, 0xED44, 0x0004, 0x18C5, 0x001B, 0xED44, 0x0006,
    0xFF8F, 0x0002, 0x1002, 0x0001, 0x7202, 0x0001, 0xF4A1, 0x0001, 0xC361, 0x0001, 0x6941, 0x0001,
    0xAB03, 0x0001, 0x9B03, 0x0001, 0x3922, 0x0001, 0x69E2, 0x0001, 0xC362, 0x0001, 0xB302, 0x0001,
    0xB3A3, 0x0001, 0xB485, 0x0001, 0x6AC4, 0x0001, 0x10A3, 0x0001, 0x0063, 0x0001, 0xFF8F, 0x0002,
    0xED44, 0x0003, 0x18C5, 0x0002, 0xED44, 0x0004, 0xFF8F, 0x0002, 0x4183, 0x0001, 0xA323, 0x0001,
    0xC362, 0x0001, 0x9262, 0x0001, 0x6A23, 0x0001, 0x9343, 0x0001, 0xF4C3, 0x0001, 0xEC83, 0x0001,
    0x92C2, 0x0001, 0x4142, 0x0001, 0x4942, 0x0001, 0x9AA2, 0x0001, 0xC362, 0x0001, 0xAB22, 0x0001,
    0x8281, 0x0001, 0x69E1, 0x0001, 0x6981, 0x0001, 0xFF8F, 0x0002, 0xED44, 0x0004, 0x18C5, 0x001B,
    0xED44, 0x0006, 0xFF8F, 0x0002, 0x0002, 0x0001, 0x41A3, 0x0001, 0xB3C4, 0x0001, 0x9AC3, 0x0001,
    0x6182, 0x0001, 0xBB82, 0x0001, 0x9B43, 0x0001, 0x20C3, 0x0001, 0x6242, 0x0001, 0xCC02, 0x0001,
    0x8A22, 0x0001, 0x4902, 0x0001, 0x4962, 0x0001, 0x3123, 0x0001, 0x10A2, 0x0001, 0xFF8F, 0x0002,
    0xED44, 0x0004, 0x18C5, 0x0002, 0xED44, 0x0005, 0xFF8F, 0x0002, 0x50E1, 0x0001, 0xB322, 0x0001,
    0xC403, 0x0001, 0x3962, 0x0001, 0x20C2, 0x0001, 0xA342, 0x0001, 0xE4A2, 0x0001, 0xC3C2, 0x0001,
    0x9262, 0x0001, 0x58E1, 0x0001, 0x5101, 0x0001, 0xAB22, 0x0001, 0xBBE3, 0x0001, 0x41A4, 0x0001,
    0x0004, 0x0001, 0xFF8F, 0x0002, 0xED44, 0x0005, 0x18C5, 0x001B, 0xED44, 0x0006, 0xFF8F, 0x0002,
    0x0820, 0x0001, 0x2125, 0x0001, 0x528D, 0x0001, 0x31AA, 0x0001, 0x20A1, 0x0001, 0x71E1, 0x0001,
    0x9263, 0x0001, 0x6182, 0x0001, 0x4961, 0x0001, 0x49A1, 0x0001, 0x51A2, 0x0001, 0x61A2, 0x0001,
    0x6161, 0x0001, 0x4902, 0x0001, 0xFF8F, 0x0002, 0xED44, 0x0004, 0x18C5, 0x0004, 0xED44, 0x0005,
    0xFF8F, 0x0002, 0x51C3, 0x0001, 0x51E2, 0x0001, 0x5941, 0x0001, 0x40E0, 0x0001, 0x3941, 0x0001,
    0x69E1, 0x0001, 0x9A40, 0x0001, 0x9201, 0x0001, 0x5122, 0x0001, 0x1882, 0x0001, 0x28E0, 0x0001,
    0x49C3, 0x0001, 0x29CC, 0x0001, 0x0970, 0x0001, 0xFF8F, 0x0002, 0xED44, 0x0005, 0x18C5, 0x001B,
    0xED44, 0x0006, 0xFF8F, 0x0002, 0x2104, 0x0001, 0x196B, 0x0001, 0x11D3, 0x0001, 0x21CD, 0x0001,
    0x3142, 0x0001, 0x38E0, 0x0001, 0x5100, 0x0001, 0x6140, 0x0001, 0x28E4, 0x0001, 0x00A7, 0x0001,
    0x2944, 0x0001, 0x59C2, 0x0001, 0x6182, 0x0001, 0xFF8F, 0x0002, 0xED44, 0x0005, 0x18C5, 0x0004,
    0xED44, 0x0006, 0xFF8F, 0x0002, 0x0863, 0x0001, 0x5985, 0x0001, 0x59C6, 0x0001, 0x08C7, 0x0001,
    0x18E7, 0x0001, 0x5145, 0x0001, 0x5122, 0x0001, 0x4941, 0x0001, 0x3963, 0x0001, 0x10C4, 0x0001,
    0x08C9, 0x0001, 0x2A32, 0x0001, 0x3A94, 0x0001, 0xFF8F, 0x0002, 0xED44, 0x0005, 0x18C5, 0x001B,
    0xED44, 0x0006, 0xFF8F, 0x0002, 0x2A10, 0x0001, 0x2233, 0x0001, 0x19F3, 0x0001, 0x62AC, 0x0001,
    0x8AC4, 0x0001, 0x4162, 0x0001, 0x0841, 0x0001, 0x1881, 0x0001, 0x218B, 0x0001, 0x21F0, 0x0001,
    0x1927, 0x0001, 0x18A1, 0x0001, 0x18C3, 0x0001, 0xFF8F, 0x0002, 0xED44, 0x0005, 0x18C5, 0x0004,
    0xED44, 0x0006, 0xFF8F, 0x0002, 0x18C3, 0x0001, 0x29AC, 0x0001, 0x2A32, 0x0001, 0x21F0, 0x0001,
    0x2A12, 0x0001, 0x29CF, 0x0001, 0x10C6, 0x0001, 0x4140, 0x0001, 0x8AC4, 0x0001, 0x62AB, 0x0001,
    0x19F2, 0x0001, 0x2234, 0x0001, 0x2A31, 0x0001, 0xFF8F, 0x0002, 0xED44, 0x0005, 0x18C5, 0x001B,
    0xED44, 0x0006, 0xFF8F, 0x0002, 0x3252, 0x0001, 0x2A75, 0x0001, 0x2212, 0x0001, 0x72EA, 0x0001,
    0xA345, 0x0001, 0x4A08, 0x0001, 0x010B, 0x0001, 0x114A, 0x0001, 0x2A10, 0x0001, 0x2A31, 0x0001,
    0x1927, 0x0001, 0x0860, 0x0001, 0xFF8F, 0x0002, 0xED44, 0x0006, 0x18C5, 0x0005, 0xED44, 0x0002,
    0x18C5, 0x0001, 0xED44, 0x0003, 0xFF8F, 0x0002, 0x2212, 0x0001, 0x2276, 0x0001, 0x2A53, 0x0002,
    0x2212, 0x0001, 0x014E, 0x0001, 0x41E7, 0x0001, 0xA344, 0x0001, 0x730C, 0x0001, 0x2234, 0x0001,
    0x2A54, 0x0001, 0x320F, 0x0001, 0xFF8F, 0x0002, 0xED44, 0x0005, 0x18C5, 0x001B, 0xED44, 0x0006,
    0xFF8F, 0x0002, 0x21F0, 0x0001, 0x2214, 0x0001, 0x2213, 0x0001, 0x62AA, 0x0001, 0x9305, 0x0001,
    0x528D, 0x0001, 0x1A14, 0x0001, 0x2232, 0x0001, 0x2A54, 0x0001, 0x29F0, 0x0001, 0x2126, 0x0001,
    0x1880, 0x0001, 0xFF8F, 0x0002, 0xED44, 0x0006, 0x18C5, 0x0005, 0xED44, 0x0002, 0x18C5, 0x0001,
    0xED44, 0x0003, 0xFF8F, 0x0002, 0x29EF, 0x0001, 0x2A32, 0x0002, 0x2A11, 0x0002, 0x1A13, 0x0001,
    0x528E, 0x0001, 0x9305, 0x0001, 0x6289, 0x0001, 0x2212, 0x0001, 0x2234, 0x0001, 0x2A11, 0x0001,
    0xFF8F, 0x0002, 0xED44, 0x0005, 0x18C5, 0x001B, 0xED44, 0x0006, 0xFF8F, 0x0002, 0x0971, 0x0001,
    0x11D4, 0x0001, 0x2213, 0x0001, 0x72CA, 0x0001, 0x9325, 0x0001, 0x528D, 0x0001, 0x1A14, 0x0001,
    0x1A13, 0x0001, 0x2A55, 0x0001, 0x2A11, 0x0001, 0x2147, 0x0001, 0x1080, 0x0001, 0xFF8F, 0x0002,
    0xED44, 0x0006, 0x18C5, 0x0005, 0xED44, 0x0002, 0x18C5, 0x0001, 0xED44, 0x0003, 0xFF8F, 0x0002,
    0x18C4, 0x0001, 0x216A, 0x0001, 0x2A32, 0x0001, 0x3253, 0x0001, 0x2A11, 0x0001, 0x2213, 0x0001,
    0x528D, 0x0001, 0x9305, 0x0001, 0x6AA9, 0x0001, 0x2233, 0x0001, 0x2235, 0x0001, 0x2212, 0x0001,
    0xFF8F, 0x0002, 0xED44, 0x0005, 0x18C5, 0x001B, 0xED44, 0x0006, 0xFF8F, 0x0002, 0x83EF, 0x0001,
    0x5B73, 0x0001, 0x19F3, 0x0001, 0x520A, 0x0001, 0x8AC4, 0x0001, 0x422D, 0x0001, 0x19F2, 0x0001,
    0x424D, 0x0001, 0x422D, 0x0001, 0x198C, 0x0001, 0x1906, 0x0001, 0xFF8F, 0x0002, 0xED44, 0x0006,
    0x18C5, 0x0006, 0xED44, 0x0002, 0x18C5, 0x0001, 0xED44, 0x0003, 0xFF8F, 0x0002, 0x1060, 0x0001,
    0x18E4, 0x0001, 0x218B, 0x0001, 0x2211, 0x0001, 0x19F3, 0x0001, 0x0193, 0x0001, 0x422C, 0x0001,
    0x9305, 0x0001, 0x5A6B, 0x0001, 0x11B3, 0x0001, 0x3A30, 0x0001, 0x524B, 0x0001, 0xFF8F, 0x0002,
    0xED44, 0x0005, 0x18C5, 0x001B, 0xED44, 0x0006, 0xFF8F, 0x0002, 0xFEAA, 0x0001, 0xCD8F, 0x0001,
    0x3272, 0x0001, 0x49EA, 0x0001, 0x9305, 0x0001, 0x3A2E, 0x0001, 0x3A50, 0x0001, 0x8B07, 0x0001,
    0x6223, 0x0001, 0x08A3, 0x0001, 0xFF8F, 0x0002, 0xED44, 0x0003, 0x18C5, 0x0002, 0xED44, 0x0001,
    0x18C5, 0x0007, 0xED44, 0x0002, 0x18C5, 0x0001, 0xED44, 0x0003, 0xFF8F, 0x0002, 0x10C3, 0x0001,
    0x18C2, 0x0002, 0x216A, 0x0001, 0x2213, 0x0001, 0x11D4, 0x0001, 0x4A4C, 0x0001, 0x9305, 0x0001,
    0x526B, 0x0001, 0x2211, 0x0001, 0x7AE9, 0x0001, 0xA322, 0x0001, 0xFF8F, 0x0002, 0xED44, 0x0005,
    0x18C5, 0x001B, 0xED44, 0x0005, 0xFF8F, 0x0002, 0x31ED, 0x0001, 0xABE7, 0x0001, 0xCCA8, 0x0001,
    0xA48E, 0x0001, 0xBD0D, 0x0001, 0xCCE9, 0x0001, 0x8349, 0x0001, 0x82C7, 0x0001, 0xAB62, 0x0001,
    0x6A21, 0x0001, 0x0861, 0x0001, 0xFF8F, 0x0002, 0xED44, 0x0003, 0x18C5, 0x0002, 0xED44, 0x0001,
    0x18C5, 0x000A, 0xED44, 0x0004, 0xFF8F, 0x0002, 0x1082, 0x0001, 0x1081, 0x0001, 0x3964, 0x0001,
    0x7B0A, 0x0001, 0x9C6F, 0x0001, 0x9C2C, 0x0001, 0x9325, 0x0001, 0x8BAA, 0x0001, 0xACCF, 0x0001,
    0xD529, 0x0001, 0xBC48, 0x0001, 0x3A91, 0x0001, 0xFF8F, 0x0002, 0xED44, 0x0004, 0x18C5, 0x001A,
    0xED44, 0x0005, 0xFF8F, 0x0002, 0x1216, 0x0001, 0x2A75, 0x0001, 0x6AEB, 0x0001, 0xBBE4, 0x0001,
    0xED88, 0x0001, 0xFE4B, 0x0001, 0xE589, 0x0001, 0xA3A6, 0x0001, 0x8AE5, 0x0001, 0x8B06, 0x0001,
    0x5205, 0x0001, 0x1083, 0x0001, 0xFF8F, 0x0002, 0xED44, 0x0003, 0x18C5, 0x0002, 0xED44, 0x0001,
    0x18C5, 0x000B, 0xED44, 0x0004, 0xFF8F, 0x0002, 0x10A3, 0x0001, 0x4984, 0x0001, 0xA366, 0x0001,
    0xF5C9, 0x0001, 0xDD28, 0x0001, 0x9B24, 0x0001, 0xB406, 0x0001, 0xFE49, 0x0001, 0xFEEB, 0x0001,
    0xB510, 0x0001, 0x2A53, 0x0001, 0x0112, 0x0001, 0xFF8F, 0x0002, 0xED44, 0x0003, 0x18C5, 0x001A,
    0xED44, 0x0004, 0xFF8F, 0x0002, 0x29AC, 0x0001, 0x1ABA, 0x0001, 0x43FF, 0x0001, 0xAD54, 0x0001,
    0xE526, 0x0001, 0xBBE3, 0x0001, 0xBBA2, 0x0001, 0xABA4, 0x0001, 0x62AB, 0x0001, 0x3A50, 0x0001,
    0x3A4F, 0x0001, 0x2988, 0x0001, 0x10A2, 0x0001, 0xFF8F, 0x0002, 0xED44, 0x0003, 0x18C5, 0x0002,
    0xED44, 0x0001, 0x18C5, 0x000B, 0xED44, 0x0004, 0xFF8F, 0x0002, 0x10A2, 0x0001, 0x2169, 0x0001,
    0x528D, 0x0001, 0xA3C8, 0x0001, 0xBBC2, 0x0001, 0x9B02, 0x0001, 0x92C2, 0x0001, 0xCC24, 0x0001,
    0xFE6A, 0x0001, 0xBD30, 0x0001, 0x19F3, 0x0001, 0x0152, 0x0001, 0x320E, 0x0001, 0xFF8F, 0x0002,
    0xED44, 0x0003, 0x18C5, 0x0001, 0xED44, 0x0002, 0x18C5, 0x0016, 0xED44, 0x0003, 0xFF8F, 0x0003,
    0x2276, 0x0001, 0x543F, 0x0001, 0x9DBB, 0x0001, 0xE5CD, 0x0001, 0xCCA7, 0x0001, 0x7B4C, 0x0001,
    0x6AEB, 0x0001, 0x6B0C, 0x0001, 0x3230, 0x0001, 0x11F5, 0x0001, 0x1A15, 0x0001, 0x218B, 0x0001,
    0x10A1, 0x0001, 0xFF8F, 0x0002, 0xED44, 0x0003, 0x18C5, 0x0002, 0xED44, 0x0001, 0x18C5, 0x000B,
    0xED44, 0x0004, 0xFF8F, 0x0002, 0x18A1, 0x0001, 0x116D, 0x0001, 0x1A14, 0x0001, 0x4A2C, 0x0001,
    0x72A8, 0x0001, 0x83AE, 0x0001, 0x6B4E, 0x0001, 0x732C, 0x0001, 0xC467, 0x0001, 0xCCA7, 0x0001,
    0x7BAF, 0x0001, 0x4359, 0x0001, 0x22B7, 0x0001, 0xFF8F, 0x0003, 0xED44, 0x0006, 0x18C5, 0x0011,
    0xED44, 0x0006, 0xFF8F, 0x0002, 0x29AD, 0x0001, 0x2A96, 0x0001, 0x3BFF, 0x0001, 0xA5BA, 0x0001,
    0xF5EA, 0x0001, 0xCC02, 0x0001, 0x7B0A, 0x0001, 0x541C, 0x0001, 0x54DF, 0x0001, 0x543D, 0x0001,
    0x32B4, 0x0001, 0x21F1, 0x0001, 0x2A32, 0x0001, 0x218B, 0x0001, 0x10A2, 0x0001, 0xFF8F, 0x0002,
    0xED44, 0x0003, 0x18C5, 0x0002, 0xED44, 0x0001, 0x18C5, 0x000B, 0xED44, 0x0004, 0xFF8F, 0x0002,
    0x10A2, 0x0001, 0x218B, 0x0001, 0x2A32, 0x0001, 0x21F0, 0x0001, 0x32B4, 0x0001, 0x543E, 0x0001,
    0x54DF, 0x0001, 0x541C, 0x0001, 0x7B0A, 0x0001, 0xC3E1, 0x0001, 0xEDCA, 0x0001, 0xA5BA, 0x0001,
    0x3BFF, 0x0001, 0x2A96, 0x0001, 0x29AD, 0x0001, 0xFF8F, 0x0002, 0xED44, 0x0005, 0x18C5, 0x0010,
    0xED44, 0x0006, 0xFF8F, 0x0002, 0x218F, 0x0001, 0x1A9A, 0x0001, 0x4C3F, 0x0001, 0xADD9, 0x0001,
    0xE58A, 0x0001, 0xCC02, 0x0001, 0x8B6B, 0x0001, 0x53B7, 0x0001, 0x4C5F, 0x0001, 0x553F, 0x0001,
    0x54FF, 0x0001, 0x3B39, 0x0001, 0x21CE, 0x0001, 0x2169, 0x0001, 0x2125, 0x0001, 0x18C2, 0x0001,
    0xFF8F, 0x0002, 0xED44, 0x0003, 0x18C5, 0x0002, 0xED44, 0x0001, 0x18C5, 0x000B, 0xED44, 0x0004,
    0xFF8F, 0x0002, 0x18C2, 0x0001, 0x2105, 0x0001, 0x216A, 0x0001, 0x21F1, 0x0001, 0x2277, 0x0001,
    0x333B, 0x0001, 0x447F, 0x0001, 0x54BF, 0x0001, 0x53F7, 0x0001, 0x8B8B, 0x0001, 0xD463, 0x0001,
    0xDD6B, 0x0001, 0x9D57, 0x0001, 0x5C5C, 0x0001, 0x32D8, 0x0001, 0x21AF, 0x0001, 0xFF8F, 0x0002,
    0xED44, 0x0005, 0x18C5, 0x000F, 0xED44, 0x0005, 0xFF8F, 0x0003, 0x3295, 0x0001, 0x4C1F, 0x0001,
    0x957B, 0x0001, 0xEDCC, 0x0001, 0xD443, 0x0001, 0x7AE9, 0x0001, 0x53DA, 0x0001, 0x4CDF, 0x0001,
    0x549F, 0x0001, 0x5C5E, 0x0001, 0x4BDA, 0x0001, 0x3294, 0x0001, 0x216A, 0x0001, 0x18A2, 0x0001,
    0x18A1, 0x0001, 0x10C3, 0x0001, 0xFF8F, 0x0002, 0xED44, 0x0003, 0x18C5, 0x0002, 0xED44, 0x0001,
    0x18C5, 0x000B, 0xED44, 0x0004, 0xFF8F, 0x0002, 0x10C3, 0x0001, 0x10A1, 0x0001, 0x18C2, 0x0001,
    0x29AC, 0x0001, 0x29CF, 0x0001, 0x21AD, 0x0001, 0x3AD5, 0x0001, 0x545E, 0x0001, 0x54FF, 0x0001,
    0x4BD9, 0x0001, 0x72E9, 0x0001, 0xE4A3, 0x0001, 0xF64D, 0x0001, 0x7D5F, 0x0001, 0x33DF, 0x0001,
    0x3295, 0x0001, 0xFF8F, 0x0003, 0xED44, 0x0004, 0x18C5, 0x000E, 0xED44, 0x0005, 0xFF8F, 0x0002,
    0x29CF, 0x0001, 0x2297, 0x0001, 0x4C1D, 0x0001, 0xAD97, 0x0001, 0xDD4A, 0x0001, 0xBBE4, 0x0001,
    0x7B6C, 0x0001, 0x53FA, 0x0001, 0x443E, 0x0001, 0x54BF, 0x0001, 0x5D1F, 0x0001, 0x4336, 0x0001,
    0x2147, 0x0001, 0x18E4, 0x0001, 0x1905, 0x0001, 0x18C2, 0x0001, 0x10A1, 0x0001, 0xFF8F, 0x0002,
    0xED44, 0x0004, 0x18C5, 0x000E, 0xED44, 0x0005, 0xFF8F, 0x0002, 0x10A1, 0x0001, 0x18C2, 0x0001,
    0x1905, 0x0001, 0x18E4, 0x0002, 0x218C, 0x0001, 0x32F7, 0x0001, 0x4C3E, 0x0001, 0x443E, 0x0001,
    0x4BDA, 0x0001, 0xCD4D, 0x0001, 0xF62C, 0x0001, 0x6CBD, 0x0001, 0x2C1F, 0x0001, 0x4C1D, 0x0001,
    0x3AD5, 0x0001, 0x21D0, 0x0001, 0xFF8F, 0x0002, 0xED44, 0x0004, 0x18C5, 0x000D, 0xED44, 0x0005,
    0xFF8F, 0x0002, 0x3252, 0x0001, 0x2B3C, 0x0001, 0x651F, 0x0001, 0xEED4, 0x0001, 0xFDE3, 0x0001,
    0xB341, 0x0001, 0x6374, 0x0001, 0x553F, 0x0002, 0x5C9F, 0x0001, 0x4397, 0x0001, 0x21AB, 0x0001,
    0x0800, 0x0002, 0x18C2, 0x0001, 0x18C3, 0x0001, 0xFF8F, 0x0002, 0xED44, 0x0004, 0x18C5, 0x0010,
    0xED44, 0x0005, 0xFF8F, 0x0002, 0x18C3, 0x0001, 0x18A1, 0x0001, 0x1060, 0x0001, 0x10A0, 0x0001,
    0x10A4, 0x0001, 0x29CE, 0x0001, 0x541D, 0x0001, 0x555F, 0x0001, 0x551F, 0x0001, 0xA514, 0x0001,
    0xDD29, 0x0001, 0xB553, 0x0001, 0x859D, 0x0001, 0x5D1F, 0x0001, 0x3B5A, 0x0001, 0x3253, 0x0001,
    0xFF8F, 0x0002, 0xED44, 0x0004, 0x18C5, 0x000D, 0xED44, 0x0005, 0xFF8F, 0x0002, 0x29EF, 0x0001,
    0x2AB8, 0x0001, 0x547F, 0x0001, 0xCE15, 0x0001, 0xF566, 0x0001, 0xAB62, 0x0001, 0x6330, 0x0001,
    0x549F, 0x0001, 0x551F, 0x0001, 0x4B99, 0x0001, 0x2126, 0x0001, 0x0800, 0x0001, 0xFF8F, 0x0005,
    0xED44, 0x0005, 0x18C5, 0x0010, 0xED44, 0x0006, 0xFF8F, 0x0005, 0x0800, 0x0001, 0x1926, 0x0001,
    0x4B99, 0x0001, 0x551F, 0x0001, 0x549F, 0x0001, 0x6B30, 0x0001, 0xAB62, 0x0001, 0xF566, 0x0001,
    0xCE15, 0x0001, 0x547F, 0x0001, 0x2AB8, 0x0001, 0x29EF, 0x0001, 0xFF8F, 0x0002, 0xED44, 0x0004,
    0x18C5, 0x000E, 0xED44, 0x0005, 0xFF8F, 0x0002, 0x2A96, 0x0001, 0x32D6, 0x0001, 0x5AEE, 0x0001,
    0x6243, 0x0001, 0x49A2, 0x0001, 0x31A7, 0x0001, 0x2A0C, 0x0001, 0x324D, 0x0001, 0x29CB, 0x0001,
    0xFF8F, 0x0006, 0xED44, 0x0005, 0x18C5, 0x0012, 0xED44, 0x0006, 0xFF8F, 0x0006, 0x29CB, 0x0001,
    0x324D, 0x0001, 0x2A0C, 0x0001, 0x2967, 0x0001, 0x4161, 0x0001, 0x6A41, 0x0001, 0x632C, 0x0001,
    0x32D6, 0x0001, 0x2297, 0x0001, 0xFF8F, 0x0002, 0xED44, 0x0004, 0x18C5, 0x000F, 0xED44, 0x0006,
    0xFF8F, 0x0002, 0x21D0, 0x0001, 0x10E8, 0x0001, 0x0000, 0x0001, 0x0062, 0x0001, 0x1082, 0x0001,
    0x1040, 0x0001, 0x1060, 0x0002, 0xFF8F, 0x0002, 0xED44, 0x0009, 0x18C5, 0x0016, 0xED44, 0x0006,
    0xFF8F, 0x0002, 0x1040, 0x0001, 0x1060, 0x0001, 0x1040, 0x0001, 0x1082, 0x0001, 0x0862, 0x0001,
    0x0001, 0x0001, 0x08E9, 0x0001, 0x21D0, 0x0001, 0xFF8F, 0x0002, 0xED44, 0x0005, 0x18C5, 0x0010,
    0xED44, 0x0006, 0xFF8F, 0x000A, 0xED44, 0x0006, 0x18C5, 0x0001, 0xED44, 0x0002, 0x18C5, 0x0017,
    0xED44, 0x0007, 0xFF8F, 0x000A, 0xED44, 0x0005, 0x18C5, 0x0015, 0xED44, 0x0003, 0xFF8F, 0x0008,
    0xED44, 0x0006, 0x18C5, 0x001B, 0xED44, 0x0008, 0xFF8F, 0x0008, 0xED44, 0x0006, 0x18C5, 0x0015,
    0xED44, 0x0011, 0x18C5, 0x001C, 0xED44, 0x0004, 0x18C5, 0x0001, 0xED44, 0x000C, 0x18C5, 0x0001,
    0xED44, 0x0002, 0x18C5, 0x0016, 0xED44, 0x0011, 0x18C5, 0x001C, 0xED44, 0x0003, 0x18C5, 0x0002,
    0xED44, 0x000B, 0x18C5, 0x000E, 0x18C5, 0x0130, 0xED44, 0x0001, 0x18C5, 0x0055, 0xED44, 0x0003,
    0x18C5, 0x0054, 0xED44, 0x0003, 0x18C5, 0x0004, 0xED44, 0x0002, 0x18C5, 0x0003, 0xED44, 0x0002,
    0x18C5, 0x0042, 0xED44, 0x0003, 0x18C5, 0x0003, 0xED44, 0x0005, 0x18C5, 0x0001, 0xED44, 0x0004,
    0x18C5, 0x0003, 0xED44, 0x0003, 0x18C5, 0x0041, 0xED44, 0x0004, 0x18C5, 0x0002, 0xED44, 0x0005,
    0x18C5, 0x0001, 0xED44, 0x0005, 0x18C5, 0x0001, 0xED44, 0x0004, 0x18C5, 0x003B, 0xED44, 0x0003,
    0x18C5, 0x0003, 0xED44, 0x0004, 0x18C5, 0x0001, 0xED44, 0x000C, 0x18C5, 0x0001, 0xED44, 0x0004,
    0x18C5, 0x003B, 0xED44, 0x0003, 0x18C5, 0x0002, 0xED44, 0x0012, 0x18C5, 0x0001, 0xED44, 0x0005,
    0x18C5, 0x0039, 0xED44, 0x0005, 0x18C5, 0x0001, 0xED44, 0x0018, 0x18C5, 0x0039, 0xED44, 0x0005,
    0x18C5, 0x0001, 0xED44, 0x0018, 0x18C5, 0x0002, 0xED44, 0x0002, 0x18C5, 0x0031, 0xED44, 0x0002,
    0x18C5, 0x0002, 0xED44, 0x0023, 0x18C5, 0x002F, 0xED44, 0x0014, 0xFF8F, 0x0003, 0xED44, 0x0011,
    0x18C5, 0x002F, 0xED44, 0x0013, 0xFF8F, 0x0005, 0xED44, 0x0011, 0x18C5, 0x002D, 0xED44, 0x0011,
    0xFF8F, 0x0004, 0x18C5, 0x0003, 0xFF8F, 0x0002, 0xED44, 0x0001, 0xFF8F, 0x0007, 0xED44, 0x0008,
    0x18C5, 0x0002, 0xED44, 0x0002, 0x18C5, 0x0029, 0xED44, 0x000D, 0xFF8F, 0x0007, 0x18C5, 0x0001,
    0xC426, 0x0001, 0xFD89, 0x0001, 0xC447, 0x0001, 0xFF8F, 0x000B, 0xED44, 0x0007, 0x18C5, 0x0002,
    0xED44, 0x0003, 0x18C5, 0x0028, 0xED44, 0x000C, 0xFF8F, 0x0005, 0x18C5, 0x0003, 0xD485, 0x0001,
    0xD4E8, 0x0001, 0xF589, 0x0001, 0xCC67, 0x0001, 0xFF8F, 0x0003, 0x18C5, 0x0007, 0xFF8F, 0x0002,
    0xED44, 0x000B, 0x18C5, 0x0024, 0xED44, 0x0002, 0x18C5, 0x0001, 0xED44, 0x0007, 0xFF8F, 0x0007,
    0x18C5, 0x0004, 0xC467, 0x0001, 0xD4A7, 0x0001, 0xC447, 0x0001, 0xED69, 0x0001, 0xEDEB, 0x0001,
    0xFF8F, 0x0003, 0x18C5, 0x0002, 0xEDEB, 0x0001, 0xFEAC, 0x0001, 0xFE4C, 0x0001, 0xDD29, 0x0001,
    0xCC67, 0x0001, 0xDCC7, 0x0001, 0xCC67, 0x0001, 0x18C5, 0x0001, 0xFF8F, 0x0002, 0xED44, 0x000B,
    0x18C5, 0x0022, 0xED44, 0x000A, 0xFF8F, 0x0007, 0x18C5, 0x0001, 0xFE8C, 0x0001, 0xED89, 0x0001,
    0xABC6, 0x0001, 0x8AE5, 0x0001, 0xAB41, 0x0001, 0xE508, 0x0001, 0xF6B7, 0x0001, 0xFFB8, 0x0001,
    0xF60B, 0x0001, 0xFF8F, 0x0002, 0x18C5, 0x0001, 0xDC64, 0x0001, 0xC426, 0x0001, 0xE634, 0x0001,
    0xFFFD, 0x0002, 0xFFD4, 0x0001, 0xFF4B, 0x0001, 0xFEEB, 0x0001, 0xFDEB, 0x0001, 0xD4C7, 0x0001,
    0x18C5, 0x0001, 0xFF8F, 0x0002, 0xED44, 0x000A, 0x18C5, 0x0022, 0xED44, 0x0009, 0xFF8F, 0x0002,
    0x18C5, 0x0006, 0xF60B, 0x0001, 0xFE8C, 0x0001, 0xED69, 0x0001, 0xB3C5, 0x0001, 0xAB65, 0x0001,
    0xB3C6, 0x0001, 0xDDAF, 0x0001, 0xFFFD, 0x0001, 0xFFFA, 0x0001, 0xF60B, 0x0001, 0x18C5, 0x0002,
    0xD4E8, 0x0001, 0xFD67, 0x0001, 0xE529, 0x0001, 0xEEF6, 0x0001, 0xFFFE, 0x0001, 0xE75D, 0x0001,
    0xEEF4, 0x0001, 0xFF4B, 0x0001, 0xFEAA, 0x0001, 0xF5EB, 0x0001, 0xD4C7, 0x0001, 0xC426, 0x0001,
    0x18C5, 0x0001, 0xFF8F, 0x0002, 0xED44, 0x0009, 0x18C5, 0x0022, 0xED44, 0x0009, 0xFF8F, 0x0002,
    0xFEEB, 0x0001, 0xFFEC, 0x0001, 0xFF2B, 0x0001, 0xF64B, 0x0001, 0xFE2C, 0x0001, 0xFE4C, 0x0001,
    0xED89, 0x0001, 0xD4C8, 0x0001, 0xABC6, 0x0001, 0xA344, 0x0001, 0xC406, 0x0001, 0xE614, 0x0001,
    0xF79B, 0x0001, 0xFF93, 0x0001, 0xFEEC, 0x0001, 0xFE2B, 0x0001, 0xFE0B, 0x0001, 0xFE2B, 0x0001,
    0xF60B, 0x0001, 0xFE0B, 0x0001, 0xF62B, 0x0001, 0xFF6E, 0x0001, 0xF6EE, 0x0001, 0xB44A, 0x0001,
    0x9B68, 0x0001, 0xFF8F, 0x0004, 0xC447, 0x0001, 0xC467, 0x0001, 0xFF8F, 0x0002, 0xED44, 0x000A,
    0x18C5, 0x0002, 0xED44, 0x0001, 0x18C5, 0x001E, 0xED44, 0x000A, 0xFF8F, 0x0001, 0xF6EB, 0x0002,
    0xFE4A, 0x0001, 0xED8A, 0x0001, 0xDD4A, 0x0001, 0xE56A, 0x0001, 0xC467, 0x0001, 0x9B25, 0x0001,
    0x82C5, 0x0001, 0xA382, 0x0001, 0xE566, 0x0001, 0xFF9A, 0x0001, 0xFFFF, 0x0001, 0xFECC, 0x0001,
    0xDD22, 0x0001, 0xC488, 0x0001, 0xD50A, 0x0001, 0xE569, 0x0001, 0xCCC9, 0x0001, 0xCCA9, 0x0001,
    0xDD29, 0x0001, 0xF628, 0x0001, 0xEDC6, 0x0001, 0xAB62, 0x0001, 0x18C5, 0x0001, 0xFF8F, 0x0002,
    0xED44, 0x0002, 0xFF8F, 0x0001, 0xC447, 0x0001, 0xFF8F, 0x0001, 0xED44, 0x000B, 0x18C5, 0x0001,
    0xED44, 0x0003, 0x18C5, 0x001C, 0xED44, 0x000C, 0xFF8F, 0x0002, 0xCC87, 0x0001, 0xABA6, 0x0001,
    0x8AC4, 0x0001, 0x92E4, 0x0001, 0x9325, 0x0001, 0x92E5, 0x0001, 0x8AA5, 0x0001, 0xB445, 0x0001,
    0xF6EB, 0x0001, 0xFFF9, 0x0001, 0xF79D, 0x0001, 0xFE90, 0x0001, 0xCCA6, 0x0001, 0x9305, 0x0001,
    0x8AC4, 0x0001, 0x9305, 0x0001, 0x8AE4, 0x0001, 0xABA5, 0x0001, 0xC467, 0x0001, 0xCC67, 0x0001,
    0xCC87, 0x0001, 0xD4C8, 0x0001, 0xCC87, 0x0001, 0xFF8F, 0x0002, 0xED44, 0x0003, 0xFF8F, 0x0004,
    0xED44, 0x000E, 0x18C5, 0x001B, 0xED44, 0x000B, 0xFF8F, 0x0002, 0x18C5, 0x0001, 0xEE09, 0x0001,
    0xC467, 0x0001, 0x9AC4, 0x0001, 0xA325, 0x0001, 0xB3E6, 0x0001, 0xABA5, 0x0001, 0x8A83, 0x0001,
    0xAC4A, 0x0001, 0xFF98, 0x0001, 0xFFFD, 0x0001, 0xF79E, 0x0001, 0xF77D, 0x0001, 0xE632, 0x0001,
    0xC465, 0x0001, 0xAB83, 0x0001, 0x9B05, 0x0001, 0x9AE4, 0x0001, 0xD4E7, 0x0001, 0xE5E9, 0x0001,
    0xFF8F, 0x0002, 0xFE2B, 0x0001, 0xEDCA, 0x0001, 0xFF8F, 0x0002, 0xED44, 0x0001, 0xFF8F, 0x0001,
    0xED44, 0x0001, 0xFF8F, 0x0009, 0xED44, 0x0009, 0x18C5, 0x001B, 0xED44, 0x0007, 0xFF8F, 0x0005,
    0x18C5, 0x0001, 0xFFCC, 0x0001, 0xFF6C, 0x0001, 0xF609, 0x0001, 0xD508, 0x0001, 0xDD48, 0x0001,
    0xDD28, 0x0001, 0xC426, 0x0001, 0xA343, 0x0001, 0xBCEF, 0x0001, 0xF7BF, 0x0001, 0xFFFF, 0x0001,
    0xF7BE, 0x0001, 0xF7BD, 0x0001, 0xFF79, 0x0001, 0xFED1, 0x0001, 0xEDCA, 0x0001, 0xD507, 0x0001,
    0xD4E7, 0x0001, 0xFF0B, 0x0001, 0xFF4B, 0x0001, 0xFF8F, 0x0002, 0xEDCB, 0x0002, 0xFF8F, 0x0006,
    0x18C5, 0x0003, 0xFF8F, 0x0006, 0xED44, 0x0008, 0x18C5, 0x0017, 0xED44, 0x0001, 0x18C5, 0x0002,
    0xED44, 0x0007, 0xFF8F, 0x0005, 0x18C5, 0x0001, 0xF6CB, 0x0001, 0xFFAC, 0x0001, 0xFF0B, 0x0001,
    0xF6EB, 0x0001, 0xFF0B, 0x0002, 0xDD69, 0x0001, 0xC446, 0x0001, 0xDCE7, 0x0001, 0xEE72, 0x0001,
    0xF7BF, 0x0001, 0xFFFF, 0x0001, 0xF77A, 0x0001, 0xF64E, 0x0001, 0xF6D4, 0x0001, 0xFFDE, 0x0001,
    0xFF74, 0x0001, 0xF6A8, 0x0001, 0xFECA, 0x0001, 0xFFCD, 0x0001, 0xF6EB, 0x0001, 0x18C5, 0x0001,
    0xFF8F, 0x0006, 0x18C5, 0x0001, 0xFF8F, 0x0002, 0xC446, 0x0001, 0xED28, 0x0001, 0xD4A7, 0x0001,
    0x18C5, 0x0005, 0xFF8F, 0x0002, 0xED44, 0x0008, 0x18C5, 0x0015, 0xED44, 0x0003, 0x18C5, 0x0001,
    0xED44, 0x0006, 0xFF8F, 0x0002, 0x18C5, 0x0004, 0xF6EB, 0x0001, 0xFFAC, 0x0001, 0xFFED, 0x0001,
    0xF70B, 0x0001, 0xE609, 0x0002, 0xE62A, 0x0001, 0xD508, 0x0001, 0xCC87, 0x0001, 0xF609, 0x0001,
    0xFF52, 0x0001, 0xF79D, 0x0001, 0xF7FF, 0x0001, 0xF75C, 0x0001, 0xE569, 0x0001, 0xE54A, 0x0001,
    0xE696, 0x0001, 0xE670, 0x0001, 0xE5E7, 0x0001, 0xE5C8, 0x0001, 0xEECB, 0x0001, 0xFF2C, 0x0001,
    0xFF4C, 0x0001, 0x18C5, 0x0006, 0x42B1, 0x0001, 0xFF8F, 0x0003, 0xED28, 0x0001, 0xD4A7, 0x0001,
    0xDD49, 0x0001, 0xFE2B, 0x0001, 0xDCE8, 0x0001, 0xCC46, 0x0001, 0xCC67, 0x0001, 0xFF8F, 0x0003,
    0xED44, 0x0007, 0x18C5, 0x0002, 0xED44, 0x0001, 0x18C5, 0x0011, 0xED44, 0x000B, 0xFF8F, 0x0002,
    0xF6EB, 0x0001, 0xFFEC, 0x0001, 0xFF0B, 0x0001, 0xFF2B, 0x0001, 0xFF0B, 0x0001, 0xF6CA, 0x0001,
    0xFF0B, 0x0001, 0xF68A, 0x0001, 0xD4E8, 0x0001, 0xC406, 0x0001, 0xC447, 0x0001, 0xBC07, 0x0001,
    0xCC86, 0x0001, 0xEE48, 0x0001, 0xFF71, 0x0001, 0xFFBE, 0x0001, 0xFFFF, 0x0001, 0xF73A, 0x0001,
    0xCCEB, 0x0001, 0xBBC4, 0x0001, 0xC426, 0x0001, 0xC447, 0x0001, 0xC426, 0x0002, 0xDD48, 0x0001,
    0xF6EA, 0x0001, 0xFF2B, 0x0001, 0xFEEB, 0x0001, 0xFEEC, 0x0001, 0xF6EC, 0x0001, 0xFF0B, 0x0001,
    0xFF8A, 0x0001, 0xC5EE, 0x0001, 0x3A92, 0x0001, 0xFF8F, 0x0005, 0xFE4C, 0x0001, 0xFE2B, 0x0001,
    0xD4E8, 0x0001, 0xCC66, 0x0001, 0xCC67, 0x0001, 0x18C5, 0x0002, 0xFF8F, 0x0002, 0xED44, 0x0006,
    0x18C5, 0x0001, 0xED44, 0x0003, 0x18C5, 0x0010, 0xED44, 0x000B, 0xFF8F, 0x0002, 0xF6EB, 0x0001,
    0xFFED, 0x0001, 0xFFAC, 0x0001, 0xFFED, 0x0001, 0xFF4C, 0x0001, 0xDD69, 0x0001, 0xCC86, 0x0001,
    0xD4C5, 0x0001, 0xDD28, 0x0001, 0xDD09, 0x0001, 0xC426, 0x0001, 0xA346, 0x0001, 0xABE5, 0x0001,
    0xE605, 0x0001, 0xFFB2, 0x0001, 0xFFFF, 0x0001, 0xFFFB, 0x0001, 0xFF0E, 0x0001, 0xB427, 0x0001,
    0x92C3, 0x0001, 0xA343, 0x0001, 0xB3C5, 0x0001, 0xCC68, 0x0001, 0xDD29, 0x0001, 0xDD07, 0x0001,
    0xD4C5, 0x0001, 0xED66, 0x0001, 0xC50A, 0x0001, 0x73D0, 0x0001, 0x6391, 0x0001, 0x8450, 0x0001,
    0x8CB0, 0x0001, 0x6BD0, 0x0001, 0xFF8F, 0x000B, 0xC447, 0x0002, 0xFF8F, 0x0002, 0xED44, 0x0006,
    0x18C5, 0x0001, 0xED44, 0x0003, 0x18C5, 0x0010, 0xED44, 0x0008, 0xFF8F, 0x0002, 0xED44, 0x0001,
    0xFF8F, 0x0002, 0xF6CB, 0x0001, 0xFF6C, 0x0001, 0xEE6A, 0x0001, 0xE64A, 0x0001, 0xD547, 0x0001,
    0xBC05, 0x0001, 0xBC09, 0x0001, 0xD52D, 0x0001, 0xEE0D, 0x0001, 0xF5EA, 0x0001, 0xD4C7, 0x0001,
    0x92C3, 0x0001, 0x9304, 0x0001, 0xDE0B, 0x0001, 0xFFB5, 0x0001, 0xEEF9, 0x0001, 0xE66F, 0x0001,
    0xCD44, 0x0001, 0x9B64, 0x0001, 0x7A85, 0x0001, 0x8AE5, 0x0001, 0xAB85, 0x0001, 0xD4C7, 0x0001,
    0xF60A, 0x0001, 0xE5CD, 0x0001, 0xCCCD, 0x0001, 0xDCA8, 0x0001, 0xB449, 0x0001, 0x5310, 0x0001,
    0x11F3, 0x0001, 0x0153, 0x0001, 0x0155, 0x0001, 0x0951, 0x0001, 0x18C5, 0x0006, 0xFF8F, 0x0005,
    0xCC67, 0x0001, 0xD4A7, 0x0001, 0xFF8F, 0x0002, 0xED44, 0x0006, 0x18C5, 0x0001, 0xED44, 0x0003,
    0x18C5, 0x000F, 0xED44, 0x0008, 0xFF8F, 0x0005, 0x18C5, 0x0001, 0xF60B, 0x0001, 0xFE4B, 0x0001,
    0xCC87, 0x0001, 0xA3A6, 0x0001, 0x9B23, 0x0001, 0xBBC3, 0x0001, 0xDDF3, 0x0001, 0xF77D, 0x0001,
    0xF691, 0x0001, 0xED67, 0x0001, 0xD4A7, 0x0001, 0x92C1, 0x0001, 0x9347, 0x0001, 0xE6D9, 0x0001,
    0xFF79, 0x0001, 0xCCA9, 0x0001, 0xA363, 0x0001, 0x9304, 0x0001, 0x9305, 0x0001, 0x8AE5, 0x0001,
    0x8AE4, 0x0001, 0xAB86, 0x0001, 0xCC86, 0x0001, 0xED88, 0x0001, 0xF6D5, 0x0001, 0xF75D, 0x0001,
    0xEE52, 0x0001, 0xFE08, 0x0001, 0xEECB, 0x0001, 0x8CAF, 0x0001, 0x11B3, 0x0001, 0x0154, 0x0001,
    0x424F, 0x0001, 0xB3E7, 0x0001, 0xED47, 0x0001, 0xEDCB, 0x0001, 0xEDCA, 0x0001, 0xFE2A, 0x0001,
    0xFE0A, 0x0001, 0x18C5, 0x0001, 0xFF8F, 0x0004, 0xCC67, 0x0002, 0xFF8F, 0x0002, 0xED44, 0x0006,
    0x18C5, 0x0001, 0xED44, 0x0003, 0x18C5, 0x000C, 0xED44, 0x0001, 0x18C5, 0x0002, 0xED44, 0x0007,
    0xFF8F, 0x0002, 0x18C5, 0x0002, 0xFF8F, 0x0001, 0x18C5, 0x0001, 0xFF0D, 0x0001, 0xED8A, 0x0001,
    0xD4C8, 0x0001, 0xA345, 0x0001, 0x92A3, 0x0001, 0xAB88, 0x0001, 0xDDB0, 0x0001, 0xF778, 0x0001,
    0xFFF8, 0x0001, 0xFF10, 0x0001, 0xDD08, 0x0001, 0xABC6, 0x0001, 0xABC7, 0x0001, 0xCDB2, 0x0001,
    0xF7BF, 0x0001, 0xF71A, 0x0001, 0xD4C7, 0x0001, 0xC469, 0x0001, 0xB46D, 0x0001, 0xABA6, 0x0001,
    0xAB84, 0x0001, 0xBC68, 0x0001, 0xD509, 0x0001, 0xED89, 0x0001, 0xFE0A, 0x0001, 0xFF52, 0x0001,
    0xFFD8, 0x0001, 0xCDAF, 0x0001, 0xD4E5, 0x0001, 0xFE04, 0x0001, 0xB487, 0x0001, 0x4A2B, 0x0001,
    0x4A2C, 0x0001, 0x93CB, 0x0001, 0xE56A, 0x0001, 0xFE8B, 0x0001, 0xFF0E, 0x0001, 0xFF51, 0x0001,
    0xFFB4, 0x0001, 0xFF73, 0x0001, 0xF62D, 0x0001, 0x18C5, 0x0003, 0xFF8F, 0x0001, 0x9B45, 0x0001,
    0xABC6, 0x0001, 0xFF8F, 0x0002, 0xED44, 0x0006, 0x18C5, 0x0001, 0xED44, 0x0003, 0x18C5, 0x000C,
    0xED44, 0x0001, 0x18C5, 0x0002, 0xED44, 0x0007, 0xFF8F, 0x0002, 0xFF2B, 0x0001, 0xFF0B, 0x0001,
    0x18C5, 0x0001, 0xEDCB, 0x0001, 0xFE8C, 0x0001, 0xD4A7, 0x0001, 0x9B45, 0x0001, 0x9304, 0x0001,
    0xB3A3, 0x0001, 0xE5AF, 0x0001, 0xFFBF, 0x0001, 0xFFB7, 0x0001, 0xF6A8, 0x0001, 0xFE4A, 0x0001,
    0xC488, 0x0001, 0x9304, 0x0001, 0xC4CC, 0x0001, 0xFF98, 0x0001, 0xFFFF, 0x0001, 0xF6F7, 0x0001,
    0xF60B, 0x0001, 0xFED1, 0x0001, 0xF6D4, 0x0001, 0xD4EA, 0x0001, 0xD4C7, 0x0001, 0xF60B, 0x0001,
    0xF62B, 0x0001, 0xEDAA, 0x0001, 0xE58A, 0x0001, 0xFE8B, 0x0001, 0xFECA, 0x0001, 0xAC26, 0x0001,
    0x92E5, 0x0001, 0xBC28, 0x0001, 0xBC07, 0x0001, 0x9B44, 0x0001, 0xBBE5, 0x0001, 0xE528, 0x0001,
    0xF5EB, 0x0001, 0xEDCA, 0x0001, 0xE5AB, 0x0001, 0xEE72, 0x0001, 0xF717, 0x0001, 0xF6F6, 0x0001,
    0xF670, 0x0001, 0xFE4B, 0x0001, 0xFECC, 0x0001, 0xFE6C, 0x0001, 0x18C5, 0x0001, 0x82A4, 0x0001,
    0x9305, 0x0001, 0xFF8F, 0x0002, 0xED44, 0x0006, 0x18C5, 0x0001, 0xED44, 0x0003, 0x18C5, 0x000C,
    0xED44, 0x0001, 0x18C5, 0x0002, 0xED44, 0x0007, 0xFF8F, 0x0002, 0xFF8C, 0x0001, 0xFF0B, 0x0001,
    0xCC67, 0x0001, 0xABC6, 0x0001, 0xBC47, 0x0001, 0xA365, 0x0001, 0x8AA5, 0x0001, 0x9B45, 0x0001,
    0xD523, 0x0001, 0xFF30, 0x0001, 0xFFFF, 0x0001, 0xFF36, 0x0001, 0xED84, 0x0001, 0xC465, 0x0001,
    0xA387, 0x0001, 0xAB85, 0x0001, 0xD4E8, 0x0001, 0xFEB0, 0x0001, 0xFF79, 0x0001, 0xF6F5, 0x0001,
    0xF5EA, 0x0001, 0xF60A, 0x0001, 0xF66F, 0x0001, 0xE611, 0x0001, 0xF670, 0x0001, 0xFE6D, 0x0001,
    0xDD29, 0x0001, 0x9B66, 0x0001, 0x7AA5, 0x0001, 0xC4E8, 0x0001, 0xFECA, 0x0001, 0xD464, 0x0001,
    0xABAA, 0x0001, 0xDE38, 0x0001, 0xEE74, 0x0001, 0xED88, 0x0001, 0xFDE8, 0x0001, 0xFE4B, 0x0001,
    0xF589, 0x0001, 0xA3A6, 0x0001, 0x72C5, 0x0001, 0xAC29, 0x0001, 0xE58D, 0x0001, 0xEE2D, 0x0001,
    0xFEB1, 0x0001, 0xFF13, 0x0001, 0xFEEE, 0x0001, 0xFE4B, 0x0001, 0xEDEB, 0x0001, 0xBC27, 0x0001,
    0x8AC4, 0x0001, 0xFF8F, 0x0002, 0xED44, 0x0006, 0x18C5, 0x0001, 0xED44, 0x0003, 0x18C5, 0x000F,
    0xED44, 0x0008, 0xFF8F, 0x0001, 0xFF2B, 0x0001, 0xF62A, 0x0001, 0xCC47, 0x0001, 0x9B25, 0x0001,
    0x92E4, 0x0001, 0x9B45, 0x0001, 0x8AC4, 0x0001, 0x9325, 0x0001, 0xDE0B, 0x0001, 0xFFF5, 0x0001,
    0xF7BD, 0x0001, 0xFF5A, 0x0001, 0xE5EF, 0x0001, 0x9304, 0x0001, 0x92C2, 0x0001, 0xDCE8, 0x0001,
    0xF60B, 0x0001, 0xEE0D, 0x0001, 0xEE51, 0x0002, 0xF62E, 0x0001, 0xEDCB, 0x0001, 0xF64F, 0x0001,
    0xFF98, 0x0001, 0xFF34, 0x0001, 0xDD28, 0x0001, 0xB3A4, 0x0001, 0x6A23, 0x0001, 0x30E1, 0x0001,
    0x5A24, 0x0001, 0xAC49, 0x0001, 0xD4E7, 0x0001, 0xE62D, 0x0001, 0xFFFB, 0x0001, 0xF716, 0x0001,
    0xDD49, 0x0001, 0xC4C8, 0x0001, 0xBC89, 0x0001, 0xABA6, 0x0001, 0x6A23, 0x0001, 0x51A2, 0x0001,
    0xA364, 0x0001, 0xE506, 0x0001, 0xEDCA, 0x0001, 0xF6F4, 0x0001, 0xF6F7, 0x0001, 0xDD8D, 0x0001,
    0xF5A9, 0x0001, 0xFECC, 0x0001, 0xED6A, 0x0001, 0x8AC4, 0x0001, 0xFF8F, 0x0002, 0xED44, 0x0006,
    0x18C5, 0x0001, 0xED44, 0x0003, 0x18C5, 0x0010, 0xED44, 0x0008, 0xFF8F, 0x0002, 0xA345, 0x0001,
    0xBC06, 0x0001, 0xCC67, 0x0001, 0xC467, 0x0001, 0x9B23, 0x0001, 0x9326, 0x0001, 0xD656, 0x0001,
    0xFFFE, 0x0001, 0xFFDE, 0x0001, 0xFFFF, 0x0001, 0xEF1B, 0x0001, 0x9B89, 0x0001, 0x9B01, 0x0001,
    0xEDCA, 0x0001, 0xFF54, 0x0001, 0xEE94, 0x0001, 0xD50A, 0x0001, 0xD52B, 0x0001, 0xF6D5, 0x0001,
    0xFEF6, 0x0001, 0xFF15, 0x0001, 0xFFB8, 0x0001, 0xF671, 0x0001, 0xC445, 0x0001, 0xAB64, 0x0001,
    0x82C5, 0x0001, 0x51C2, 0x0001, 0x1061, 0x0001, 0x20E3, 0x0001, 0xACC8, 0x0001, 0xFFCD, 0x0001,
    0xFF6D, 0x0001, 0xCD6A, 0x0001, 0x9325, 0x0001, 0x6203, 0x0001, 0x49C3, 0x0001, 0x51C3, 0x0001,
    0x6203, 0x0001, 0x9304, 0x0001, 0xD4E7, 0x0001, 0xF62D, 0x0001, 0xF6B3, 0x0001, 0xFF57, 0x0001,
    0xF6B4, 0x0001, 0xCCAA, 0x0001, 0xD4E7, 0x0001, 0xFE2B, 0x0001, 0xDD29, 0x0001, 0x8AC4, 0x0001,
    0xFF8F, 0x0001, 0xED44, 0x0007, 0x18C5, 0x0002, 0xED44, 0x0001, 0x18C5, 0x0011, 0xED44, 0x0008,
    0xFF8F, 0x0002, 0xAB85, 0x0001, 0xE509, 0x0001, 0xE569, 0x0001, 0xD4A8, 0x0001, 0xBBE4, 0x0001,
    0xC489, 0x0001, 0xE6DA, 0x0001, 0xFFFF, 0x0001, 0xF7DF, 0x0001, 0xFF99, 0x0001, 0xFF78, 0x0001,
    0xDE76, 0x0001, 0xBD10, 0x0001, 0xBC48, 0x0001, 0xE5CD, 0x0001, 0xEDEF, 0x0001, 0xA343, 0x0001,
    0xB3C4, 0x0001, 0xFED1, 0x0001, 0xFFB5, 0x0001, 0xDDD0, 0x0001, 0x7B49, 0x0001, 0x942E, 0x0001,
    0xDE14, 0x0001, 0xB42B, 0x0001, 0x8AC3, 0x0001, 0xAC07, 0x0001, 0x8B66, 0x0001, 0x6A64, 0x0001,
    0xAC27, 0x0001, 0xEEAA, 0x0001, 0xFF6A, 0x0001, 0xCD47, 0x0001, 0x92C4, 0x0001, 0x8AC4, 0x0001,
    0x82C4, 0x0001, 0x6223, 0x0001, 0x7A84, 0x0001, 0xBC06, 0x0001, 0xEDCB, 0x0001, 0xFF35, 0x0001,
    0xFFBC, 0x0001, 0xFF58, 0x0001, 0xF66E, 0x0001, 0xDD49, 0x0001, 0xD4E8, 0x0001, 0xC488, 0x0001,
    0xB407, 0x0001, 0xFF8F, 0x0001, 0xED44, 0x0008, 0x18C5, 0x0014, 0xED44, 0x0008, 0xFF8F, 0x0002,
    0xD4C7, 0x0001, 0xFE2B, 0x0001, 0xEDCA, 0x0001, 0xCC87, 0x0001, 0xD4C6, 0x0001, 0xF64D, 0x0001,
    0xFF59, 0x0001, 0xF7FF, 0x0001, 0xFFFF, 0x0001, 0xEE30, 0x0001, 0xE5AA, 0x0001, 0xFF9A, 0x0001,
    0xDEBA, 0x0001, 0x9B46, 0x0001, 0xA321, 0x0001, 0xB3E6, 0x0001, 0x9B67, 0x0001, 0xABE8, 0x0001,
    0xE589, 0x0001, 0xFEAB, 0x0001, 0xC4A7, 0x0001, 0x28E0, 0x0001, 0x6370, 0x0001, 0xFFFF, 0x0001,
    0xCD71, 0x0001, 0x9B23, 0x0001, 0xE569, 0x0001, 0xEDCB, 0x0001, 0xC447, 0x0001, 0xBBC6, 0x0001,
    0xD4E8, 0x0001, 0xF68A, 0x0001, 0xEE2A, 0x0001, 0xD4A7, 0x0001, 0xCC67, 0x0001, 0xB406, 0x0001,
    0x9B45, 0x0001, 0xAB84, 0x0001, 0xD4C8, 0x0001, 0xEE51, 0x0001, 0xFFBC, 0x0001, 0xFFFF, 0x0001,
    0xF6B4, 0x0001, 0xEDA9, 0x0001, 0xFE2A, 0x0001, 0xE56A, 0x0001, 0x9325, 0x0001, 0xFF8F, 0x0002,
    0xED44, 0x0008, 0x18C5, 0x0013, 0xED44, 0x0008, 0xFF8F, 0x0002, 0x18C5, 0x0001, 0xEDAA, 0x0001,
    0xFF2C, 0x0001, 0xEE4A, 0x0001, 0xCCA7, 0x0001, 0xDD47, 0x0001, 0xFF0D, 0x0001, 0xFF98, 0x0001,
    0xFFFF, 0x0002, 0xACD0, 0x0001, 0x7AA2, 0x0001, 0xBC8A, 0x0001, 0xEE30, 0x0001, 0xD508, 0x0001,
    0x7A40, 0x0001, 0x6224, 0x0001, 0xC5F6, 0x0001, 0xDE36, 0x0001, 0xA3A6, 0x0001, 0xCC84, 0x0001,
    0xED89, 0x0001, 0xB4AC, 0x0001, 0xC5F5, 0x0001, 0xFF7A, 0x0001, 0xEE2F, 0x0001, 0xD4A6, 0x0001,
    0xCC87, 0x0001, 0x82C6, 0x0001, 0x51A5, 0x0001, 0xAC09, 0x0001, 0xED68, 0x0001, 0xC464, 0x0001,
    0xF608, 0x0001, 0xFEEB, 0x0001, 0x8365, 0x0001, 0x4962, 0x0001, 0x9B25, 0x0001, 0xCC65, 0x0001,
    0xE58A, 0x0001, 0xFF38, 0x0001, 0xFFFF, 0x0001, 0xFF79, 0x0001, 0xDD6D, 0x0001, 0xCC86, 0x0001,
    0xF5EA, 0x0001, 0xE56A, 0x0001, 0x9305, 0x0001, 0xFF8F, 0x0002, 0xED44, 0x0008, 0x18C5, 0x0010,
    0xED44, 0x0001, 0x18C5, 0x0002, 0xED44, 0x0007, 0xFF8F, 0x0002, 0x18C5, 0x0001, 0xF66C, 0x0001,
    0xFF0C, 0x0001, 0xFFCC, 0x0001, 0xE629, 0x0001, 0xBC27, 0x0001, 0xCCE5, 0x0001, 0xFF2B, 0x0001,
    0xF799, 0x0001, 0xFFFF, 0x0001, 0xFFFB, 0x0001, 0x8C2D, 0x0001, 0x3901, 0x0001, 0x8260, 0x0001,
    0xF589, 0x0001, 0xFEF0, 0x0001, 0xA429, 0x0001, 0x7B6B, 0x0001, 0xF7BE, 0x0001, 0xF719, 0x0001,
    0x9304, 0x0001, 0xBC27, 0x0001, 0xFF34, 0x0001, 0xFFF9, 0x0001, 0xFFB8, 0x0001, 0xF6B3, 0x0001,
    0xFEF2, 0x0001, 0xEE2D, 0x0001, 0x9B45, 0x0001, 0x2861, 0x0001, 0x1863, 0x0001, 0xA428, 0x0001,
    0xFEAD, 0x0001, 0xE5AF, 0x0001, 0xDDCC, 0x0001, 0xB528, 0x0001, 0x3208, 0x0001, 0x0046, 0x0001,
    0x59C3, 0x0001, 0xCCA6, 0x0001, 0xFF32, 0x0001, 0xFFFE, 0x0001, 0xFFFF, 0x0001, 0xFF37, 0x0001,
    0xDD6C, 0x0001, 0xCCA8, 0x0001, 0xF60A, 0x0001, 0xEDAB, 0x0001, 0xAB86, 0x0001, 0xFF8F, 0x0002,
    0xED44, 0x0008, 0x18C5, 0x0010, 0xED44, 0x0001, 0x18C5, 0x0002, 0xED44, 0x0007, 0xFF8F, 0x0002,
    0xEDCB, 0x0001, 0xFF0C, 0x0001, 0xFF6C, 0x0001, 0xFFAC, 0x0001, 0xDDC9, 0x0001, 0x9B45, 0x0001,
    0xBC64, 0x0001, 0xFF2C, 0x0001, 0xFFBB, 0x0001, 0xFFFC, 0x0001, 0xFF8E, 0x0001, 0x9405, 0x0001,
    0x4962, 0x0001, 0x9303, 0x0001, 0xEDAC, 0x0001, 0xFEF5, 0x0001, 0xF6D5, 0x0001, 0xEEB4, 0x0001,
    0xFF79, 0x0001, 0xE5EF, 0x0001, 0xBC05, 0x0001, 0xDE13, 0x0001, 0xFFFF, 0x0001, 0xFF99, 0x0001,
    0xFEF4, 0x0001, 0xF6F5, 0x0001, 0xFF97, 0x0001, 0xDE32, 0x0001, 0x72C5, 0x0001, 0x28C0, 0x0001,
    0x49A3, 0x0001, 0xAC05, 0x0001, 0xFF31, 0x0001, 0xFFFF, 0x0001, 0x9CD2, 0x0001, 0x18E2, 0x0001,
    0x198D, 0x0001, 0x198F, 0x0001, 0x1083, 0x0001, 0x8BA8, 0x0001, 0xFFB8, 0x0001, 0xFFFF, 0x0001,
    0xF7DE, 0x0001, 0xFF37, 0x0001, 0xEE2E, 0x0001, 0xEDCA, 0x0001, 0xFE4B, 0x0001, 0xE56A, 0x0001,
    0xA365, 0x0001, 0xFF8F, 0x0001, 0xED44, 0x0008, 0x18C5, 0x0014, 0xED44, 0x0008, 0xFF8F, 0x0001,
    0xEDEB, 0x0001, 0xFEEC, 0x0001, 0xFF8F, 0x0001, 0xFFCC, 0x0001, 0xF68A, 0x0001, 0x9B45, 0x0001,
    0xAC49, 0x0001, 0xFF96, 0x0001, 0xFFFF, 0x0001, 0xFFBC, 0x0001, 0xD568, 0x0001, 0x8B01, 0x0001,
    0x7264, 0x0001, 0xABA6, 0x0001, 0xDD09, 0x0001, 0xEDCE, 0x0001, 0xFF36, 0x0001, 0xFF77, 0x0001,
    0xF66F, 0x0001, 0xEDAB, 0x0001, 0xF670, 0x0001, 0xFFFC, 0x0001, 0xFFDC, 0x0001, 0xC52F, 0x0001,
    0xC50D, 0x0001, 0xF6F5, 0x0001, 0xFF34, 0x0001, 0xC4EC, 0x0001, 0x41C4, 0x0001, 0x1860, 0x0001,
    0x6A02, 0x0001, 0xE528, 0x0001, 0xEEAF, 0x0001, 0x8CB3, 0x0001, 0x2A0F, 0x0001, 0x00A8, 0x0001,
    0x1908, 0x0001, 0x216A, 0x0001, 0x112A, 0x0001, 0x39E9, 0x0001, 0x8C2D, 0x0001, 0xDEB8, 0x0001,
    0xF719, 0x0001, 0xDD8E, 0x0001, 0xEDCB, 0x0001, 0xFE6C, 0x0001, 0xEDAA, 0x0001, 0xB407, 0x0001,
    0xFF8F, 0x0002, 0xED44, 0x0008, 0x18C5, 0x0015, 0xED44, 0x0008, 0xFF8F, 0x0002, 0x18C5, 0x0001,
    0xFFAD, 0x0001, 0xF648, 0x0001, 0x9B44, 0x0001, 0xB4D1, 0x0001, 0xFFFF, 0x0001, 0xFFBE, 0x0001,
    0xCDF5, 0x0001, 0x8B06, 0x0001, 0x8262, 0x0001, 0xA386, 0x0001, 0xC447, 0x0001, 0xC425, 0x0001,
    0xB3E5, 0x0001, 0xDDAE, 0x0001, 0xFEF4, 0x0001, 0xF64D, 0x0001, 0xEE0D, 0x0001, 0xEE94, 0x0001,
    0xEEF6, 0x0001, 0xD58F, 0x0001, 0x92E4, 0x0001, 0xB44A, 0x0001, 0xFF16, 0x0001, 0xF5EE, 0x0001,
    0x92E3, 0x0001, 0x2902, 0x0001, 0x1841, 0x0001, 0x71A2, 0x0001, 0xDCE9, 0x0001, 0xC4A8, 0x0001,
    0x3100, 0x0001, 0x08C9, 0x0001, 0x3252, 0x0001, 0x2127, 0x0001, 0x1905, 0x0001, 0x3252, 0x0001,
    0x00AA, 0x0001, 0x18C3, 0x0001, 0xC570, 0x0001, 0xFEF2, 0x0001, 0xCC87, 0x0001, 0xDD07, 0x0001,
    0xE5AA, 0x0001, 0xB3E6, 0x0001, 0x7222, 0x0001, 0xFF8F, 0x0003, 0xED44, 0x0008, 0x18C5, 0x0013,
    0xED44, 0x0008, 0xFF8F, 0x0002, 0x18C5, 0x0001, 0xFF6C, 0x0001, 0xFEAB, 0x0001, 0xC445, 0x0001,
    0x8AC2, 0x0001, 0xBD54, 0x0001, 0xF7DF, 0x0001, 0xD5B3, 0x0001, 0x82E5, 0x0001, 0x59E3, 0x0001,
    0x82C4, 0x0001, 0xC447, 0x0001, 0xD4C8, 0x0001, 0x9B44, 0x0001, 0x6222, 0x0001, 0xB448, 0x0001,
    0xFF10, 0x0001, 0xFF34, 0x0001, 0xD5B0, 0x0001, 0xA3A8, 0x0001, 0x6A84, 0x0001, 0x6A23, 0x0001,
    0x92A1, 0x0001, 0xE58C, 0x0001, 0xFF57, 0x0001, 0xB4AC, 0x0001, 0x5180, 0x0001, 0x3121, 0x0001,
    0x4142, 0x0001, 0x6982, 0x0001, 0x71E4, 0x0001, 0x8A62, 0x0001, 0x9AC0, 0x0001, 0x6ACA, 0x0001,
    0x2A74, 0x0001, 0x19AF, 0x0001, 0x29CD, 0x0001, 0x3252, 0x0001, 0x012F, 0x0001, 0x216B, 0x0001,
    0xCD2D, 0x0001, 0xFF2E, 0x0001, 0xF5EA, 0x0001, 0xDCE8, 0x0001, 0xABA6, 0x0001, 0xFF8F, 0x0006,
    0xED44, 0x0007, 0x18C5, 0x0002, 0xED44, 0x0001, 0x18C5, 0x000D, 0xED44, 0x0001, 0x18C5, 0x0002,
    0xED44, 0x0007, 0xFF8F, 0x0002, 0x18C5, 0x0001, 0xFF4C, 0x0001, 0xFF4B, 0x0001, 0xDD28, 0x0001,
    0x92A3, 0x0001, 0x92E3, 0x0001, 0xDE31, 0x0001, 0xFFB8, 0x0001, 0xBC8A, 0x0001, 0x5940, 0x0001,
    0x3962, 0x0001, 0x8326, 0x0001, 0xDD08, 0x0001, 0xED48, 0x0001, 0x9B65, 0x0001, 0x5182, 0x0001,
    0x7263, 0x0001, 0xCD09, 0x0001, 0xFF13, 0x0001, 0xF672, 0x0001, 0xB429, 0x0001, 0x72A6, 0x0001,
    0x8348, 0x0001, 0xCD0B, 0x0001, 0xFEB0, 0x0001, 0xE5F0, 0x0001, 0x6AA7, 0x0001, 0x3121, 0x0001,
    0x6A63, 0x0001, 0x8284, 0x0001, 0x7181, 0x0001, 0x6141, 0x0001, 0xA2C1, 0x0001, 0xECC3, 0x0001,
    0x9367, 0x0001, 0x094D, 0x0001, 0x11F3, 0x0001, 0x3273, 0x0001, 0x21CF, 0x0001, 0x2255, 0x0001,
    0x4337, 0x0001, 0x8BAB, 0x0001, 0xC4E6, 0x0001, 0xE58A, 0x0001, 0xABE7, 0x0001, 0x6A23, 0x0001,
    0x18C5, 0x0002, 0xFF8F, 0x0001, 0x18C5, 0x0002, 0xFF8F, 0x0002, 0xED44, 0x0006, 0x18C5, 0x0001,
    0xED44, 0x0003, 0x18C5, 0x000B, 0xED44, 0x0003, 0x18C5, 0x0001, 0xED44, 0x0006, 0xFF8F, 0x0002,
    0x18C5, 0x0001, 0xFF0B, 0x0001, 0xFEEB, 0x0001, 0xCC67, 0x0001, 0x9B25, 0x0001, 0x92E4, 0x0001,
    0xB3E6, 0x0001, 0xEE4A, 0x0001, 0xFF0C, 0x0001, 0xBC87, 0x0001, 0x69E3, 0x0001, 0x4983, 0x0001,
    0x8305, 0x0001, 0xD4C7, 0x0001, 0xDD08, 0x0001, 0xAB85, 0x0001, 0x71A2, 0x0001, 0x40E1, 0x0001,
    0x6A64, 0x0001, 0xD529, 0x0001, 0xFEF0, 0x0001, 0xF6D5, 0x0001, 0xEE95, 0x0001, 0xF6D5, 0x0001,
    0xFF36, 0x0001, 0xE5F0, 0x0001, 0x9B46, 0x0001, 0x5181, 0x0001, 0x5A23, 0x0001, 0xB426, 0x0001,
    0xA345, 0x0001, 0x6981, 0x0001, 0x9AC2, 0x0001, 0xE4A3, 0x0001, 0xE483, 0x0001, 0x7261, 0x0001,
    0x08A4, 0x0001, 0x118E, 0x0001, 0x2A32, 0x0001, 0x21D0, 0x0001, 0x437A, 0x0001, 0x4C1E, 0x0001,
    0x21AA, 0x0001, 0x4140, 0x0001, 0x9B25, 0x0001, 0x6A43, 0x0001, 0x6223, 0x0001, 0xEDCA, 0x0001,
    0xFEED, 0x0001, 0x18C5, 0x0001, 0xF6EA, 0x0001, 0xF6EB, 0x0001, 0xFF8F, 0x0002, 0xED44, 0x0006,
    0x18C5, 0x0001, 0xED44, 0x0003, 0x18C5, 0x000A, 0xED44, 0x0004, 0x18C5, 0x0001, 0xED44, 0x0005,
    0xFF8F, 0x0002, 0x18C5, 0x0001, 0xFECC, 0x0001, 0xFF8C, 0x0001, 0xE609, 0x0001, 0x9B25, 0x0001,
    0xABA6, 0x0001, 0xCCC8, 0x0001, 0xCC87, 0x0001, 0xC486, 0x0001, 0xBCA6, 0x0001, 0xB448, 0x0001,
    0xAB85, 0x0001, 0x92C0, 0x0001, 0x8A81, 0x0001, 0x92C4, 0x0002, 0x8222, 0x0001, 0x6961, 0x0001,
    0x69A2, 0x0001, 0x7263, 0x0001, 0x8304, 0x0001, 0xA428, 0x0001, 0xD56E, 0x0001, 0xF650, 0x0001,
    0xFE90, 0x0001, 0xE5F0, 0x0001, 0x9388, 0x0001, 0x59A1, 0x0001, 0x7AA4, 0x0001, 0xC4A8, 0x0001,
    0xE508, 0x0001, 0x8B05, 0x0001, 0x3902, 0x0001, 0x7202, 0x0001, 0xC3A3, 0x0001, 0xC3C2, 0x0001,
    0xAB21, 0x0001, 0x6A01, 0x0001, 0x3165, 0x0001, 0x21AD, 0x0001, 0x32F6, 0x0001, 0x5CBE, 0x0001,
    0x549F, 0x0001, 0x11F2, 0x0001, 0x18C4, 0x0001, 0x6203, 0x0001, 0x6A22, 0x0001, 0x7284, 0x0001,
    0xCCC8, 0x0001, 0xC468, 0x0001, 0xCC67, 0x0001, 0xFF0B, 0x0001, 0xFFEC, 0x0001, 0xFF8F, 0x0002,
    0xED44, 0x0006, 0x18C5, 0x0001, 0xED44, 0x0003, 0x18C5, 0x000A, 0xED44, 0x0004, 0x18C5, 0x0001,
    0xED44, 0x0005, 0xFF8F, 0x0002, 0xEDAA, 0x0001, 0xFF6D, 0x0001, 0xFF6C, 0x0001, 0xBCE7, 0x0001,
    0x9325, 0x0001, 0xD509, 0x0001, 0xFE2B, 0x0001, 0xCCA8, 0x0001, 0x9B25, 0x0001, 0x92E4, 0x0001,
    0xB3A5, 0x0001, 0xDCE6, 0x0001, 0xE4E6, 0x0001, 0x9AE3, 0x0001, 0x5921, 0x0001, 0x6141, 0x0001,
    0x6982, 0x0002, 0x8AA4, 0x0001, 0x8B05, 0x0001, 0x59E3, 0x0001, 0x4982, 0x0001, 0x7A83, 0x0001,
    0xAB84, 0x0001, 0xABA5, 0x0001, 0x92E3, 0x0001, 0x59A2, 0x0001, 0x5A03, 0x0001, 0xBCC9, 0x0001,
    0xFE8C, 0x0001, 0xE507, 0x0001, 0x6264, 0x0001, 0x0883, 0x0001, 0x2061, 0x0001, 0x8202, 0x0001,
    0xCC03, 0x0001, 0xFD64, 0x0001, 0xD443, 0x0001, 0x4120, 0x0001, 0x0909, 0x0001, 0x4C3F, 0x0001,
    0x653F, 0x0001, 0x4BDC, 0x0001, 0x32D6, 0x0001, 0x29CC, 0x0001, 0x4183, 0x0001, 0x7A82, 0x0001,
    0xA365, 0x0001, 0x92E4, 0x0001, 0x9B04, 0x0001, 0xCC47, 0x0001, 0xFE8A, 0x0001, 0xFF2B, 0x0001,
    0xFF8F, 0x0001, 0xED44, 0x0007, 0x18C5, 0x0002, 0xED44, 0x0001, 0x18C5, 0x000B, 0xED44, 0x0004,
    0x18C5, 0x0001, 0xED44, 0x0005, 0xFF8F, 0x0002, 0xF6AA, 0x0001, 0xFFCD, 0x0001, 0xFF0C, 0x0001,
    0xD4E8, 0x0001, 0xB3C6, 0x0001, 0xE549, 0x0001, 0xF5EB, 0x0001, 0xCC68, 0x0001, 0xB3C7, 0x0001,
    0xB384, 0x0001, 0xBB20, 0x0001, 0xE549, 0x0001, 0xFF79, 0x0001, 0xAC6F, 0x0001, 0x6120, 0x0001,
    0x9282, 0x0001, 0xABA6, 0x0001, 0x8AA4, 0x0001, 0x6A23, 0x0001, 0x6203, 0x0001, 0x7243, 0x0001,
    0x6A23, 0x0001, 0x51C2, 0x0001, 0x59E2, 0x0002, 0x4981, 0x0001, 0x61E2, 0x0001, 0xA3A5, 0x0001,
    0xEDCB, 0x0001, 0xFE6C, 0x0001, 0xDCC6, 0x0001, 0x6243, 0x0001, 0x0883, 0x0001, 0x1801, 0x0001,
    0x8A62, 0x0001, 0xF5A5, 0x0001, 0xFF67, 0x0001, 0xED64, 0x0001, 0x4100, 0x0001, 0x00CA, 0x0001,
    0x4C7F, 0x0001, 0x5C7E, 0x0001, 0x2A53, 0x0001, 0x3253, 0x0001, 0x198D, 0x0001, 0x18A2, 0x0001,
    0x7282, 0x0001, 0xCC67, 0x0001, 0xC426, 0x0001, 0xABA5, 0x0001, 0xAB86, 0x0001, 0xB447, 0x0001,
    0xFF8F, 0x0001, 0xED44, 0x0008, 0x18C5, 0x000E, 0xED44, 0x0004, 0x18C5, 0x0001, 0xED44, 0x0005,
    0xFF8F, 0x0002, 0xFF8B, 0x0001, 0xFF4C, 0x0001, 0xDD4A, 0x0001, 0xCC87, 0x0001, 0xDD67, 0x0001,
    0xEE2B, 0x0001, 0xE5EA, 0x0001, 0xDD06, 0x0001, 0xDD08, 0x0001, 0xDD6B, 0x0001, 0xD4C8, 0x0001,
    0xEE73, 0x0001, 0xFFFF, 0x0001, 0xACD4, 0x0001, 0x7180, 0x0001, 0xC425, 0x0001, 0xEDAA, 0x0001,
    0xB3E6, 0x0001, 0x6223, 0x0002, 0xABE7, 0x0001, 0xABC6, 0x0001, 0x59E2, 0x0001, 0x51A2, 0x0001,
    0x5A04, 0x0001, 0x6244, 0x0001, 0xA3A6, 0x0001, 0xE529, 0x0001, 0xE528, 0x0001, 0xDD49, 0x0001,
    0xEDCD, 0x0001, 0x93A9, 0x0001, 0x30E2, 0x0001, 0x5920, 0x0001, 0xA2E2, 0x0001, 0xC444, 0x0001,
    0xE646, 0x0001, 0xFE86, 0x0001, 0x8BC3, 0x0001, 0x4A48, 0x0001, 0x3B14, 0x0001, 0x3295, 0x0001,
    0x21CF, 0x0001, 0x2A32, 0x0001, 0x19B0, 0x0001, 0x1108, 0x0001, 0x72A6, 0x0001, 0xDCC7, 0x0001,
    0xED69, 0x0001, 0xD4C8, 0x0001, 0xA365, 0x0001, 0xFF8F, 0x0002, 0xED44, 0x0008, 0x18C5, 0x000E,
    0xED44, 0x0004, 0x18C5, 0x0001, 0xED44, 0x0005, 0xFF8F, 0x0002, 0xFFCC, 0x0001, 0xF6AA, 0x0001,
    0xA386, 0x0001, 0xB426, 0x0001, 0xFF0B, 0x0001, 0xFF4C, 0x0001, 0xF689, 0x0001, 0xFE25, 0x0001,
    0xFE4B, 0x0001, 0xF6F6, 0x0001, 0xF77C, 0x0001, 0xFFFF, 0x0002, 0xA42F, 0x0001, 0x6981, 0x0001,
    0xCC87, 0x0001, 0xFE4C, 0x0001, 0xCC87, 0x0001, 0x92E4, 0x0001, 0x9B65, 0x0001, 0xE58A, 0x0001,
    0xDD29, 0x0001, 0x9304, 0x0001, 0x8284, 0x0001, 0x9B45, 0x0001, 0xB3E6, 0x0001, 0xDD29, 0x0001,
    0xEDEB, 0x0001, 0xCC86, 0x0001, 0xD4E9, 0x0001, 0xFF15, 0x0001, 0xBCCF, 0x0001, 0x6961, 0x0001,
    0xAB00, 0x0001, 0xBBA3, 0x0001, 0x71A2, 0x0001, 0x9B43, 0x0001, 0xFE86, 0x0001, 0xFF27, 0x0001,
    0xBC84, 0x0001, 0x2923, 0x0001, 0x08CA, 0x0001, 0x2A32, 0x0001, 0x3252, 0x0001, 0x19F2, 0x0001,
    0x21F1, 0x0001, 0x730B, 0x0001, 0xD4A7, 0x0001, 0xF5EA, 0x0001, 0xF5CB, 0x0001, 0xCC87, 0x0001,
    0xFF8F, 0x0002, 0xED44, 0x0008, 0x18C5, 0x000E, 0xED44, 0x0004, 0x18C5, 0x0001, 0xED44, 0x0005,
    0xFF8F, 0x0002, 0xFFCC, 0x0001, 0xFECA, 0x0001, 0xABA5, 0x0001, 0xC4CB, 0x0001, 0xFFF2, 0x0001,
    0xFFEC, 0x0001, 0xFEC7, 0x0001, 0xFE8B, 0x0001, 0xFF34, 0x0001, 0xFFDD, 0x0001, 0xFFFF, 0x0003,
    0x9BCD, 0x0001, 0x58C0, 0x0001, 0xBBE5, 0x0001, 0xF5EB, 0x0001, 0xCC67, 0x0001, 0xAB65, 0x0001,
    0xBC26, 0x0001, 0xEDEA, 0x0001, 0xFED0, 0x0001, 0xDDD0, 0x0001, 0x9B88, 0x0001, 0x92C2, 0x0001,
    0xC426, 0x0001, 0xED69, 0x0001, 0xEDCA, 0x0001, 0xE5EE, 0x0001, 0xE611, 0x0001, 0xE5F0, 0x0001,
    0x9B48, 0x0001, 0x71A1, 0x0001, 0xD483, 0x0001, 0xEDA5, 0x0001, 0xA2C2, 0x0001, 0x81C1, 0x0001,
    0xB3E4, 0x0001, 0xFEA7, 0x0001, 0xDD43, 0x0001, 0x28E0, 0x0001, 0x0089, 0x0001, 0x2A31, 0x0001,
    0x31C9, 0x0001, 0x090A, 0x0001, 0x0994, 0x0001, 0x6AEE, 0x0001, 0xDCE6, 0x0001, 0xFE89, 0x0001,
    0xFECC, 0x0001, 0xED6A, 0x0001, 0x18C5, 0x0001, 0xFF8F, 0x0002, 0xED44, 0x0007, 0x18C5, 0x0002,
    0xED44, 0x0001, 0x18C5, 0x000B, 0xED44, 0x0009, 0xFF8F, 0x0002, 0x18C5, 0x0001, 0xFF6C, 0x0001,
    0xFF0A, 0x0001, 0xE526, 0x0001, 0xD52F, 0x0001, 0xDE34, 0x0001, 0xDD89, 0x0001, 0xE5A7, 0x0001,
    0xF716, 0x0001, 0xFFBF, 0x0001, 0xFFFF, 0x0001, 0xFFDF, 0x0001, 0xFFFF, 0x0002, 0xB4F2, 0x0001,
    0x7A24, 0x0001, 0x9B04, 0x0001, 0xCC67, 0x0001, 0xCCA7, 0x0001, 0xCCA8, 0x0001, 0xCCA7, 0x0001,
    0xDD08, 0x0001, 0xF66E, 0x0001, 0xFF14, 0x0001, 0xC52E, 0x0001, 0x9B66, 0x0001, 0xB3C5, 0x0001,
    0xD4E8, 0x0001, 0xF60D, 0x0001, 0xFF14, 0x0001, 0xFEB2, 0x0001, 0xE528, 0x0001, 0x9261, 0x0001,
    0x6982, 0x0001, 0xBC44, 0x0001, 0xFE86, 0x0001, 0xF564, 0x0001, 0x8221, 0x0001, 0x6121, 0x0001,
    0xE505, 0x0001, 0xDD85, 0x0001, 0x2943, 0x0001, 0x00EC, 0x0001, 0x2A11, 0x0001, 0x18E6, 0x0001,
    0x10E5, 0x0001, 0x3A6F, 0x0001, 0x836C, 0x0001, 0xCC86, 0x0001, 0xF689, 0x0001, 0xFF8D, 0x0001,
    0xFEAC, 0x0001, 0xF60B, 0x0001, 0x18C5, 0x0001, 0xFF8F, 0x0002, 0xED44, 0x0006, 0x18C5, 0x0001,
    0xED44, 0x0003, 0x18C5, 0x000A, 0xED44, 0x0009, 0xFF8F, 0x0002, 0xF60B, 0x0001, 0xFF2D, 0x0001,
    0xFEEA, 0x0001, 0xFE48, 0x0001, 0xB48E, 0x0001, 0x4290, 0x0001, 0x2905, 0x0001, 0x7328, 0x0001,
    0xEF9E, 0x0001, 0xFFFF, 0x0002, 0xFFDF, 0x0001, 0xFFFF, 0x0001, 0xFFDF, 0x0001, 0xEF5D, 0x0001,
    0xD659, 0x0001, 0x82C7, 0x0001, 0x92A2, 0x0001, 0xEDAA, 0x0001, 0xFE6C, 0x0001, 0xE549, 0x0001,
    0xCC66, 0x0001, 0xD4A6, 0x0001, 0xF5EB, 0x0001, 0xFEF3, 0x0001, 0xE632, 0x0001, 0xBC26, 0x0001,
    0xCCEA, 0x0001, 0xF6F5, 0x0001, 0xEE10, 0x0001, 0xED68, 0x0001, 0xFE08, 0x0001, 0xB3E5, 0x0001,
    0x6981, 0x0001, 0x9AA2, 0x0001, 0xF584, 0x0001, 0xFEA6, 0x0001, 0x9B03, 0x0001, 0x50C1, 0x0001,
    0xED45, 0x0001, 0xEE05, 0x0001, 0x2942, 0x0001, 0x00CA, 0x0001, 0x2A11, 0x0001, 0x00CE, 0x0001,
    0x4A8B, 0x0001, 0xCDCA, 0x0001, 0xC4A7, 0x0001, 0x9B65, 0x0001, 0xDDC9, 0x0001, 0xFFCC, 0x0002,
    0xFEEC, 0x0001, 0xEDCB, 0x0001, 0xFF8F, 0x0002, 0xED44, 0x0006, 0x18C5, 0x0001, 0xED44, 0x0003,
    0x18C5, 0x000A, 0xED44, 0x0004, 0x18C5, 0x0001, 0xED44, 0x0005, 0xFF8F, 0x0001, 0xF60B, 0x0001,
    0xFF69, 0x0001, 0xFF2B, 0x0001, 0xD611, 0x0001, 0x7455, 0x0001, 0x1214, 0x0001, 0x0005, 0x0001,
    0x3164, 0x0001, 0xDE13, 0x0001, 0xFF99, 0x0001, 0xFFDD, 0x0001, 0xFFFF, 0x0001, 0xFFDF, 0x0001,
    0xFFFF, 0x0002, 0xFF9B, 0x0001, 0x7227, 0x0001, 0x6120, 0x0001, 0xCCC8, 0x0001, 0xF66C, 0x0001,
    0xEDEB, 0x0001, 0xDD4C, 0x0001, 0xDDAF, 0x0001, 0xF6B2, 0x0001, 0xE653, 0x0001, 0xD590, 0x0001,
    0xE58C, 0x0001, 0xFE6E, 0x0001, 0xF671, 0x0001, 0xA3E9, 0x0001, 0x8328, 0x0001, 0xACCF, 0x0001,
    0x938B, 0x0001, 0x6961, 0x0001, 0xAB01, 0x0001, 0xF544, 0x0001, 0xEDC5, 0x0001, 0xCCA4, 0x0001,
    0xABA3, 0x0001, 0xC424, 0x0001, 0xA363, 0x0001, 0x4142, 0x0001, 0x1909, 0x0001, 0x2A74, 0x0001,
    0x53BA, 0x0001, 0xADD8, 0x0001, 0xFFD2, 0x0001, 0xCD08, 0x0001, 0x9305, 0x0001, 0xE62A, 0x0001,
    0xFFAC, 0x0001, 0xF70B, 0x0001, 0xFF0C, 0x0001, 0xEDCB, 0x0001, 0xFF8F, 0x0001, 0xED44, 0x0007,
    0x18C5, 0x0002, 0xED44, 0x0001, 0x18C5, 0x000B, 0xED44, 0x0004, 0x18C5, 0x0001, 0xED44, 0x0005,
    0xFF8F, 0x0002, 0xFF67, 0x0001, 0xF72F, 0x0001, 0x74FC, 0x0001, 0x447F, 0x0001, 0x4C3E, 0x0001,
    0x198C, 0x0001, 0x38E0, 0x0001, 0xBB81, 0x0001, 0xFDEB, 0x0001, 0xF717, 0x0001, 0xFFDE, 0x0001,
    0xFFFF, 0x0002, 0xFFFC, 0x0001, 0xEE73, 0x0001, 0x8AA5, 0x0001, 0x5920, 0x0001, 0x8AE4, 0x0001,
    0xCCE8, 0x0001, 0xF62C, 0x0001, 0xF6B2, 0x0001, 0xFFDC, 0x0001, 0xFFFF, 0x0001, 0xB4AE, 0x0001,
    0x9B45, 0x0001, 0xE633, 0x0001, 0xFEF2, 0x0001, 0xCC67, 0x0001, 0x628B, 0x0001, 0x19F3, 0x0001,
    0x2233, 0x0001, 0x396A, 0x0001, 0x71A1, 0x0001, 0xDCE3, 0x0001, 0xFE06, 0x0001, 0xD443, 0x0001,
    0xED24, 0x0001, 0xFE06, 0x0001, 0x9B04, 0x0001, 0x58E0, 0x0001, 0x6961, 0x0001, 0x3948, 0x0001,
    0x3273, 0x0001, 0xBE3C, 0x0001, 0xFFFF, 0x0002, 0xB4B0, 0x0001, 0x9B64, 0x0001, 0xF689, 0x0001,
    0xFFCD, 0x0001, 0x18C5, 0x0001, 0xFF8F, 0x0002, 0xED44, 0x0008, 0x18C5, 0x000E, 0xED44, 0x0004,
    0x18C5, 0x0001, 0xED44, 0x0005, 0xFF8F, 0x0002, 0x9DB8, 0x0001, 0xA63B, 0x0001, 0x549F, 0x0001,
    0x447F, 0x0001, 0x549F, 0x0001, 0x2273, 0x0001, 0x3125, 0x0001, 0x9260, 0x0001, 0xCBC2, 0x0001,
    0xDD6B, 0x0001, 0xFFBD, 0x0001, 0xFFFF, 0x0001, 0xFFDC, 0x0001, 0xFFDE, 0x0001, 0xF75B, 0x0001,
    0xD56B, 0x0001, 0xA320, 0x0001, 0x8242, 0x0001, 0xBBC6, 0x0001, 0xF5C9, 0x0001, 0xF5EB, 0x0001,
    0xEE30, 0x0001, 0xF652, 0x0001, 0xED48, 0x0001, 0xC445, 0x0001, 0x8C10, 0x0001, 0x632F, 0x0001,
    0x5A69, 0x0001, 0x4B77, 0x0001, 0x2B5C, 0x0001, 0x094D, 0x0001, 0x2064, 0x0001, 0x7A02, 0x0001,
    0xED65, 0x0001, 0xFE46, 0x0001, 0xD402, 0x0001, 0xBB62, 0x0001, 0xCC64, 0x0001, 0xCCC5, 0x0001,
    0xB3A3, 0x0001, 0x81E1, 0x0001, 0x30C4, 0x0001, 0x2989, 0x0001, 0x9C0C, 0x0001, 0xEE97, 0x0001,
    0xF7DF, 0x0001, 0xB514, 0x0001, 0x92E3, 0x0001, 0xD4C6, 0x0001, 0xFF0C, 0x0001, 0xFFAC, 0x0001,
    0x18C5, 0x0001, 0xFF8F, 0x0002, 0xED44, 0x0007, 0x18C5, 0x0002, 0xED44, 0x0001, 0x18C5, 0x000B,
    0xED44, 0x0009, 0xFF8F, 0x0002, 0x18C5, 0x0001, 0x4C1E, 0x0001, 0x3C1F, 0x0001, 0x549F, 0x0001,
    0x64DF, 0x0001, 0x545F, 0x0001, 0x3339, 0x0001, 0x3A2F, 0x0001, 0x7205, 0x0001, 0xAAA0, 0x0001,
    0xD443, 0x0001, 0xF6D5, 0x0001, 0xF75B, 0x0001, 0xEE72, 0x0001, 0xF6F8, 0x0001, 0xFFFC, 0x0001,
    0xFF8D, 0x0001, 0xE502, 0x0001, 0x9262, 0x0001, 0x8A84, 0x0001, 0xABC6, 0x0001, 0xABE7, 0x0001,
    0xA365, 0x0001, 0xA385, 0x0001, 0xE58B, 0x0001, 0xCDB0, 0x0001, 0x42F3, 0x0001, 0x0173, 0x0001,
    0x2275, 0x0001, 0x4C1E, 0x0001, 0x43B9, 0x0001, 0x1945, 0x0001, 0x38A0, 0x0001, 0x9AA3, 0x0001,
    0xED45, 0x0001, 0xFE45, 0x0001, 0xE504, 0x0001, 0x9262, 0x0001, 0x81E2, 0x0001, 0xE525, 0x0001,
    0xF5A5, 0x0001, 0x8202, 0x0001, 0x2041, 0x0001, 0x1081, 0x0001, 0x5120, 0x0001, 0xBCAB, 0x0001,
    0xFFBB, 0x0001, 0xD5F2, 0x0001, 0x92C3, 0x0001, 0x9AE3, 0x0001, 0xEDA9, 0x0001, 0xFF6C, 0x0002,
    0x18C5, 0x0001, 0xFF8F, 0x0002, 0xED44, 0x0006, 0x18C5, 0x0001, 0xED44, 0x0003, 0x18C5, 0x000A,
    0xED44, 0x0008, 0xFF8F, 0x0002, 0x18C5, 0x0001, 0xF6EB, 0x0001, 0x6BF2, 0x0001, 0x0A18, 0x0001,
    0x4C3F, 0x0001, 0x651F, 0x0001, 0x549F, 0x0001, 0x4C7E, 0x0001, 0x4357, 0x0001, 0x51C4, 0x0001,
    0x9280, 0x0001, 0xD442, 0x0001, 0xDCE7, 0x0001, 0xCC67, 0x0001, 0xCC45, 0x0001, 0xE548, 0x0001,
    0xFEAB, 0x0001, 0xFF28, 0x0001, 0xED44, 0x0001, 0x9263, 0x0001, 0x4101, 0x0001, 0x2944, 0x0001,
    0x3A0C, 0x0001, 0x422E, 0x0001, 0x3A2E, 0x0001, 0x63D6, 0x0001, 0x6CFD, 0x0001, 0x4C3E, 0x0001,
    0x441F, 0x0001, 0x4C3F, 0x0001, 0x3B59, 0x0001, 0x21AE, 0x0001, 0x10C4, 0x0001, 0x59A0, 0x0001,
    0xC3C2, 0x0001, 0xF565, 0x0001, 0xFE66, 0x0001, 0xFE46, 0x0001, 0xBBE4, 0x0001, 0x79E2, 0x0001,
    0x92A3, 0x0001, 0xAB23, 0x0001, 0x79C2, 0x0001, 0x28A1, 0x0001, 0x0882, 0x0001, 0x5181, 0x0001,
    0xC4A7, 0x0001, 0xFF4E, 0x0001, 0xEE6C, 0x0001, 0xB3A5, 0x0001, 0x8AA4, 0x0001, 0xA385, 0x0001,
    0xDD28, 0x0001, 0xFF0B, 0x0002, 0x18C5, 0x0001, 0xFF8F, 0x0002, 0xED44, 0x0005, 0x18C5, 0x0001,
    0xED44, 0x0004, 0x18C5, 0x0008, 0xED44, 0x0008, 0xFF8F, 0x0002, 0x18C5, 0x0001, 0xFF2B, 0x0001,
    0xFFCC, 0x0001, 0xBD0A, 0x0001, 0x422E, 0x0001, 0x3339, 0x0001, 0x3B9B, 0x0001, 0x4BDC, 0x0001,
    0x5CFF, 0x0001, 0x4C3D, 0x0001, 0x3A0B, 0x0001, 0x7243, 0x0001, 0xCBC3, 0x0001, 0xD3E0, 0x0001,
    0xCBE0, 0x0001, 0xDC62, 0x0001, 0xED82, 0x0001, 0xFE43, 0x0001, 0xEDC4, 0x0001, 0xDCA4, 0x0001,
    0xAB43, 0x0001, 0x5960, 0x0001, 0x20E4, 0x0001, 0x19D1, 0x0001, 0x1A14, 0x0001, 0x11D3, 0x0001,
    0x2B3C, 0x0001, 0x443F, 0x0001, 0x4BFC, 0x0001, 0x4B99, 0x0001, 0x439A, 0x0001, 0x4BBA, 0x0001,
    0x2253, 0x0001, 0x0066, 0x0001, 0x5A01, 0x0001, 0xED24, 0x0001, 0xFE46, 0x0001, 0xFE86, 0x0001,
    0xFEA6, 0x0001, 0xDCE4, 0x0001, 0x9AC2, 0x0001, 0x81C2, 0x0001, 0x71C2, 0x0001, 0x69A2, 0x0001,
    0x4983, 0x0001, 0x49C4, 0x0001, 0x82C5, 0x0001, 0xBC46, 0x0001, 0xCD46, 0x0001, 0xD506, 0x0001,
    0xCC67, 0x0001, 0xBC47, 0x0001, 0xA366, 0x0001, 0xA345, 0x0001, 0xF66A, 0x0001, 0xFF6C, 0x0001,
    0xFEEC, 0x0001, 0x18C5, 0x0001, 0xFF8F, 0x0002, 0xED44, 0x0009, 0x18C5, 0x0008, 0xED44, 0x0008,
    0xFF8F, 0x0002, 0xEDCB, 0x0001, 0xF66B, 0x0001, 0xF6EB, 0x0001, 0xEDA7, 0x0001, 0xA3A8, 0x0001,
    0x3A50, 0x0001, 0x1190, 0x0001, 0x2A31, 0x0001, 0x4BFC, 0x0001, 0x441F, 0x0001, 0x2A74, 0x0001,
    0x49A8, 0x0001, 0x9262, 0x0001, 0xBB61, 0x0001, 0xDCC4, 0x0001, 0xFE05, 0x0001, 0xFE86, 0x0001,
    0xFDE5, 0x0001, 0xD483, 0x0001, 0xCC02, 0x0001, 0xCC23, 0x0001, 0xB321, 0x0001, 0x7A24, 0x0001,
    0x3A0F, 0x0001, 0x19D1, 0x0001, 0x2211, 0x0001, 0x4BBB, 0x0001, 0x545F, 0x0001, 0x32B5, 0x0001,
    0x196D, 0x0001, 0x2A11, 0x0001, 0x543E, 0x0001, 0x43BC, 0x0001, 0x08E7, 0x0001, 0x6A80, 0x0001,
    0xFE46, 0x0001, 0xFEA6, 0x0001, 0xFE26, 0x0001, 0xFE46, 0x0001, 0xED64, 0x0001, 0xCBE2, 0x0001,
    0xA2C2, 0x0001, 0x71E3, 0x0001, 0x51A2, 0x0001, 0x6243, 0x0001, 0x9B45, 0x0001, 0xC447, 0x0001,
    0xBC06, 0x0001, 0x9325, 0x0001, 0xA345, 0x0001, 0xD4A7, 0x0001, 0xF60B, 0x0001, 0xCCC9, 0x0001,
    0x9305, 0x0001, 0xC507, 0x0001, 0xFF6C, 0x0001, 0xFEEC, 0x0001, 0xED8B, 0x0001, 0xFF8F, 0x0002,
    0xED44, 0x0009, 0x18C5, 0x0008, 0xED44, 0x0008, 0xFF8F, 0x0002, 0xFF0C, 0x0002, 0xFEAB, 0x0001,
    0xED88, 0x0001, 0xC447, 0x0001, 0x7AC8, 0x0001, 0x2926, 0x0001, 0x00A7, 0x0001, 0x2A53, 0x0001,
    0x437A, 0x0001, 0x3296, 0x0001, 0x218B, 0x0001, 0x4122, 0x0001, 0x8A21, 0x0001, 0xD465, 0x0001,
    0xFE26, 0x0001, 0xF5C5, 0x0001, 0xD443, 0x0001, 0xC3A2, 0x0002, 0xCC02, 0x0001, 0xDC22, 0x0001,
    0xA302, 0x0001, 0x2906, 0x0001, 0x00AA, 0x0001, 0x3252, 0x0001, 0x543D, 0x0001, 0x549F, 0x0001,
    0x4379, 0x0001, 0x3B36, 0x0001, 0x439A, 0x0001, 0x3B15, 0x0001, 0x3A4C, 0x0001, 0x6A44, 0x0001,
    0xCC63, 0x0001, 0xFE46, 0x0001, 0xED85, 0x0001, 0xE4E4, 0x0001, 0xF5C5, 0x0001, 0xFE66, 0x0001,
    0xED64, 0x0001, 0xB343, 0x0001, 0x5962, 0x0001, 0x2903, 0x0001, 0x51C3, 0x0001, 0xA365, 0x0001,
    0xE589, 0x0001, 0xDD29, 0x0001, 0xAB45, 0x0001, 0xA345, 0x0001, 0xD4C8, 0x0001, 0xFE2C, 0x0001,
    0xDD2A, 0x0001, 0xAB86, 0x0001, 0xCCE8, 0x0001, 0xFF2D, 0x0001, 0xFFED, 0x0001, 0xEE4A, 0x0001,
    0xFF8F, 0x0002, 0xED44, 0x0009, 0x18C5, 0x0008, 0xED44, 0x0008, 0xFF8F, 0x0002, 0xFF2B, 0x0001,
    0xEE8B, 0x0001, 0xDD2A, 0x0001, 0xC447, 0x0001, 0xBC05, 0x0001, 0xB3A5, 0x0001, 0x7262, 0x0001,
    0x2922, 0x0001, 0x1129, 0x0001, 0x19AF, 0x0001, 0x21CF, 0x0001, 0x1129, 0x0001, 0x0882, 0x0001,
    0x40E1, 0x0001, 0xAB44, 0x0001, 0xFE26, 0x0001, 0xFDE5, 0x0001, 0xD443, 0x0001, 0xD463, 0x0001,
    0xD483, 0x0001, 0xD463, 0x0001, 0xE4C4, 0x0001, 0xC443, 0x0001, 0x5A41, 0x0001, 0x18E5, 0x0001,
    0x196E, 0x0001, 0x32F8, 0x0001, 0x547F, 0x0001, 0x5CDF, 0x0001, 0x653F, 0x0001, 0x545F, 0x0001,
    0x090B, 0x0001, 0x2060, 0x0001, 0xC3A0, 0x0001, 0xFE45, 0x0001, 0xFE26, 0x0001, 0xD463, 0x0001,
    0xCC23, 0x0001, 0xF5C5, 0x0001, 0xFEE7, 0x0001, 0xFE26, 0x0001, 0xCC04, 0x0001, 0x6182, 0x0001,
    0x1082, 0x0001, 0x3983, 0x0001, 0xABA6, 0x0001, 0xE549, 0x0001, 0xEDCA, 0x0001, 0xDD48, 0x0001,
    0xC466, 0x0001, 0xC467, 0x0001, 0xE5A9, 0x0001, 0xEDE9, 0x0001, 0xD507, 0x0001, 0xD4C8, 0x0001,
    0xEDCB, 0x0001, 0xFF6C, 0x0001, 0xFF6B, 0x0001, 0xFF8F, 0x0002, 0xED44, 0x0009, 0x18C5, 0x0008,
    0xED44, 0x0008, 0xFF8F, 0x0002, 0xFF4B, 0x0001, 0xD589, 0x0001, 0x9B45, 0x0001, 0xAB44, 0x0001,
    0xC424, 0x0001, 0xC426, 0x0001, 0xC446, 0x0001, 0xA386, 0x0001, 0x3984, 0x0001, 0x0044, 0x0001,
    0x08A4, 0x0001, 0x18E4, 0x0001, 0x0883, 0x0001, 0x0822, 0x0001, 0x6263, 0x0001, 0xFE26, 0x0001,
    0xFF06, 0x0001, 0xFE05, 0x0001, 0xFE06, 0x0001, 0xFDE5, 0x0001, 0xF5C5, 0x0002, 0xF5E5, 0x0001,
    0xE5E5, 0x0001, 0x8B63, 0x0001, 0x0864, 0x0001, 0x00EC, 0x0001, 0x4358, 0x0001, 0x5CBF, 0x0001,
    0x5C9F, 0x0001, 0x3AD5, 0x0001, 0x0027, 0x0001, 0x28E0, 0x0001, 0xDCE2, 0x0001, 0xFF26, 0x0001,
    0xFE26, 0x0001, 0xD463, 0x0001, 0xD443, 0x0001, 0xFDE5, 0x0001, 0xFEC7, 0x0001, 0xFE26, 0x0001,
    0xF504, 0x0001, 0x8AA2, 0x0001, 0x10A2, 0x0001, 0x5245, 0x0001, 0xD487, 0x0001, 0xCC47, 0x0001,
    0xD528, 0x0001, 0xFEEB, 0x0001, 0xDD68, 0x0001, 0xC426, 0x0001, 0xE5E8, 0x0001, 0xFF6A, 0x0001,
    0xF6A9, 0x0001, 0xB426, 0x0001, 0xABE7, 0x0001, 0xF6AB, 0x0001, 0xFFAC, 0x0001, 0xFF8F, 0x0002,
    0xED44, 0x0009, 0x18C5, 0x0008, 0xED44, 0x0008, 0xFF8F, 0x0002, 0xFFCD, 0x0001, 0xE5C8, 0x0001,
    0xB3A6, 0x0001, 0xCD0F, 0x0001, 0xE632, 0x0001, 0xD52A, 0x0001, 0xED47, 0x0001, 0xE527, 0x0001,
    0x8B03, 0x0001, 0x4161, 0x0002, 0x4162, 0x0001, 0x20E2, 0x0001, 0x0022, 0x0001, 0x3163, 0x0001,
    0xB404, 0x0001, 0xC4C4, 0x0001, 0xCCA5, 0x0001, 0xE545, 0x0001, 0xFE25, 0x0001, 0xFEC6, 0x0001,
    0xFEA6, 0x0001, 0xFEE7, 0x0001, 0xFF67, 0x0001, 0xF625, 0x0001, 0x8342, 0x0001, 0x2945, 0x0001,
    0x116C, 0x0001, 0x32B3, 0x0001, 0x2232, 0x0001, 0x00A9, 0x0001, 0x3963, 0x0001, 0x8BE5, 0x0001,
    0xEE4D, 0x0001, 0xF6CC, 0x0001, 0xF584, 0x0001, 0xD462, 0x0001, 0xD423, 0x0001, 0xE504, 0x0001,
    0xF606, 0x0001, 0xFE26, 0x0001, 0xF523, 0x0001, 0x9AC1, 0x0001, 0x30E1, 0x0001, 0x59A3, 0x0001,
    0xBBE6, 0x0001, 0xD508, 0x0001, 0xDDC9, 0x0001, 0xE5E9, 0x0001, 0xDD68, 0x0001, 0xDD69, 0x0001,
    0xEEB0, 0x0001, 0xFFF4, 0x0001, 0xFFB4, 0x0001, 0xB448, 0x0001, 0xAB63, 0x0001, 0xFEEA, 0x0001,
    0xFFEE, 0x0001, 0xFF8F, 0x0002, 0xED44, 0x0009, 0x18C5, 0x0008, 0xED44, 0x0008, 0xFF8F, 0x0002,
    0xFF4C, 0x0001, 0xE5A7, 0x0001, 0xC467, 0x0001, 0xE698, 0x0001, 0xFFDD, 0x0001, 0xF64E, 0x0001,
    0xF5C9, 0x0001, 0xEDEB, 0x0001, 0xDD09, 0x0001, 0xBC06, 0x0001, 0x9B45, 0x0001, 0x7A84, 0x0001,
    0x49A3, 0x0001, 0x18E3, 0x0001, 0x28E2, 0x0001, 0x6162, 0x0001, 0x6941, 0x0001, 0x69A1, 0x0001,
    0xAB22, 0x0001, 0xE4E4, 0x0001, 0xFE05, 0x0001, 0xFE46, 0x0001, 0xFE05, 0x0001, 0xF5E5, 0x0001,
    0xFE86, 0x0001, 0xFE46, 0x0001, 0x7B04, 0x0001, 0x0042, 0x0001, 0x1082, 0x0001, 0x0862, 0x0001,
    0x18C2, 0x0001, 0xAC22, 0x0001, 0xFF0A, 0x0001, 0xFF55, 0x0001, 0xDDAF, 0x0001, 0xCC02, 0x0001,
    0xCBE1, 0x0001, 0xCC03, 0x0001, 0xCBE2, 0x0001, 0xE524, 0x0001, 0xFE26, 0x0001, 0xED44, 0x0001,
    0xAB22, 0x0001, 0x71A2, 0x0001, 0x69A2, 0x0001, 0xA3A6, 0x0001, 0xEE6A, 0x0001, 0xF66A, 0x0001,
    0xCC87, 0x0001, 0xDD46, 0x0001, 0xFF4D, 0x0001, 0xFFBA, 0x0001, 0xFFFF, 0x0001, 0xFFDF, 0x0001,
    0xD590, 0x0001, 0xD4C6, 0x0001, 0xFEEA, 0x0001, 0xFF6C, 0x0001, 0xFF8F, 0x0002, 0xED44, 0x0009,
    0x18C5, 0x0008, 0xED44, 0x0008, 0xFF8F, 0x0002, 0xC4A7, 0x0001, 0xB425, 0x0001, 0xFF8F, 0x0001,
    0xDDD1, 0x0001, 0xF672, 0x0001, 0xFEB2, 0x0001, 0xFF36, 0x0001, 0xFF59, 0x0001, 0xFEF4, 0x0001,
    0xEDAC, 0x0001, 0xC447, 0x0001, 0xA344, 0x0001, 0x7A84, 0x0001, 0x49C3, 0x0001, 0x4142, 0x0001,
    0x5901, 0x0001, 0x6901, 0x0001, 0x7161, 0x0001, 0x9262, 0x0001, 0xAB23, 0x0001, 0xAB44, 0x0001,
    0xAB84, 0x0001, 0xB3A4, 0x0001, 0xB384, 0x0001, 0xBC04, 0x0001, 0xCC44, 0x0001, 0x9B23, 0x0001,
    0x5141, 0x0001, 0x3040, 0x0001, 0x5960, 0x0001, 0xB422, 0x0001, 0xF64B, 0x0001, 0xFF91, 0x0001,
    0xFF8F, 0x0001, 0xCCA7, 0x0001, 0x8A21, 0x0001, 0xAB21, 0x0001, 0xD443, 0x0001, 0xCC02, 0x0001,
    0xE4E4, 0x0001, 0xFE46, 0x0001, 0xFE86, 0x0001, 0xE525, 0x0001, 0xB385, 0x0001, 0xBC87, 0x0001,
    0xE62A, 0x0001, 0xE609, 0x0001, 0xDD69, 0x0001, 0xDDA9, 0x0001, 0xF6E8, 0x0001, 0xFFCE, 0x0001,
    0xFFBB, 0x0001, 0xF7BF, 0x0001, 0xF7DF, 0x0001, 0xFF7C, 0x0001, 0xEE74, 0x0001, 0xCD0A, 0x0001,
    0xABE4, 0x0001, 0xFF8F, 0x0002, 0xED44, 0x0009, 0x18C5, 0x0008, 0xED44, 0x0008, 0xFF8F, 0x0002,
    0xAB65, 0x0001, 0x8AC5, 0x0001, 0xFF8F, 0x0001, 0xB340, 0x0001, 0xE4E7, 0x0001, 0xF6B3, 0x0001,
    0xFFFE, 0x0001, 0xFFFF, 0x0001, 0xFFDE, 0x0001, 0xF6B4, 0x0001, 0xD509, 0x0001, 0xBBE5, 0x0001,
    0x9325, 0x0001, 0x6223, 0x0001, 0x51A2, 0x0001, 0x61C2, 0x0001, 0x5962, 0x0001, 0x5142, 0x0001,
    0x71C2, 0x0001, 0x8A43, 0x0001, 0x9262, 0x0001, 0x8A22, 0x0001, 0x79E2, 0x0001, 0x71A2, 0x0001,
    0x7182, 0x0001, 0x71A2, 0x0001, 0x8203, 0x0001, 0x8202, 0x0002, 0xC423, 0x0001, 0xFEE9, 0x0001,
    0xFF55, 0x0001, 0xF6B5, 0x0001, 0xEE07, 0x0001, 0xA340, 0x0001, 0x6142, 0x0001, 0xA2E2, 0x0001,
    0xDC43, 0x0001, 0xC3C3, 0x0001, 0xDCE4, 0x0001, 0xFE46, 0x0001, 0xEE05, 0x0001, 0xDCE5, 0x0001,
    0xCC67, 0x0001, 0xE5CA, 0x0001, 0xEE6A, 0x0001, 0xBC46, 0x0001, 0xC487, 0x0001, 0xFF0C, 0x0001,
    0xF6C8, 0x0001, 0xDE0B, 0x0001, 0xF77A, 0x0001, 0xFFFF, 0x0001, 0xF7BE, 0x0001, 0xFFFF, 0x0001,
    0xF79E, 0x0001, 0xBC4B, 0x0001, 0x79C0, 0x0001, 0xFF8F, 0x0002, 0xED44, 0x0009, 0x18C5, 0x0008,
    0xED44, 0x0008, 0xFF8F, 0x0002, 0xD4A7, 0x0001, 0xBC07, 0x0001, 0xFF8F, 0x0001, 0xB362, 0x0001,
    0xE529, 0x0001, 0xF6B3, 0x0001, 0xFFDC, 0x0001, 0xFFFF, 0x0002, 0xFF9B, 0x0001, 0xF60D, 0x0001,
    0xCC66, 0x0001, 0x9305, 0x0001, 0x59E3, 0x0001, 0x51C2, 0x0001, 0x51C3, 0x0001, 0x2923, 0x0001,
    0x1082, 0x0001, 0x4902, 0x0001, 0x9AA2, 0x0001, 0xCC03, 0x0001, 0xB363, 0x0001, 0x79E2, 0x0001,
    0x6142, 0x0001, 0x6141, 0x0001, 0x6982, 0x0001, 0x5902, 0x0001, 0x79C1, 0x0001, 0xD4A1, 0x0001,
    0xFE88, 0x0001, 0xFF13, 0x0001, 0xFF79, 0x0001, 0xE633, 0x0001, 0xAB85, 0x0001, 0x7180, 0x0001,
    0x6982, 0x0001, 0xB363, 0x0001, 0xC3C2, 0x0001, 0x9282, 0x0001, 0xCC64, 0x0001, 0xFE26, 0x0001,
    0xA363, 0x0001, 0x8223, 0x0001, 0xBC06, 0x0001, 0xC467, 0x0001, 0x9B85, 0x0001, 0x8AC4, 0x0001,
    0xBC47, 0x0001, 0xFE6C, 0x0001, 0xC486, 0x0001, 0x9B87, 0x0001, 0xE6FA, 0x0001, 0xFFFF, 0x0001,
    0xFFDE, 0x0001, 0xFFFF, 0x0001, 0xFF9D, 0x0001, 0xDD4C, 0x0001, 0xAB01, 0x0001, 0x18C5, 0x0001,
    0xFF8F, 0x0002, 0xED44, 0x0009, 0x18C5, 0x0007, 0xED44, 0x0008, 0xFF8F, 0x0002, 0xED48, 0x0001,
    0xCC87, 0x0001, 0xFF8F, 0x0001, 0xDD08, 0x0001, 0xF62D, 0x0001, 0xFEF4, 0x0001, 0xFFBC, 0x0001,
    0xFFFF, 0x0001, 0xFFDE, 0x0001, 0xFF99, 0x0001, 0xFE8E, 0x0001, 0xBC46, 0x0001, 0x7244, 0x0001,
    0x6203, 0x0002, 0x59A2, 0x0001, 0x5A03, 0x0002, 0x5101, 0x0001, 0x7181, 0x0001, 0x9AC2, 0x0001,
    0x9262, 0x0001, 0x8202, 0x0001, 0x9AE3, 0x0001, 0x8262, 0x0001, 0x5942, 0x0001, 0x71A0, 0x0001,
    0xB403, 0x0001, 0xFEEE, 0x0001, 0xFF97, 0x0001, 0xEED8, 0x0001, 0xFF94, 0x0001, 0xF62B, 0x0001,
    0x8243, 0x0001, 0x4881, 0x0001, 0x71C2, 0x0001, 0xC3E3, 0x0001, 0xC3A2, 0x0001, 0x71A2, 0x0001,
    0xB3E4, 0x0001, 0xFDE5, 0x0001, 0x8242, 0x0001, 0x6982, 0x0001, 0xCD07, 0x0001, 0xCCC7, 0x0001,
    0x8A84, 0x0001, 0x8264, 0x0001, 0x9B66, 0x0001, 0xBC48, 0x0001, 0xC447, 0x0001, 0xB408, 0x0001,
    0xBCAE, 0x0001, 0xD617, 0x0001, 0xF7BF, 0x0001, 0xFFFF, 0x0001, 0xF73A, 0x0001, 0xDD2B, 0x0001,
    0xE526, 0x0001, 0xFEEB, 0x0001, 0xFF8F, 0x0002, 0xED44, 0x0009, 0x18C5, 0x0007, 0xED44, 0x0008,
    0xFF8F, 0x0002, 0xE508, 0x0001, 0xBC26, 0x0001, 0xFF8F, 0x0001, 0xF60A, 0x0001, 0xFECD, 0x0001,
    0xFEF3, 0x0001, 0xFF9C, 0x0001, 0xFFFF, 0x0001, 0xF759, 0x0001, 0xFED1, 0x0001, 0xFE2C, 0x0001,
    0x9BA6, 0x0001, 0x49A2, 0x0001, 0x82C4, 0x0001, 0x92C4, 0x0001, 0x6982, 0x0001, 0xA2E2, 0x0001,
    0xD423, 0x0001, 0x9282, 0x0001, 0x5941, 0x0001, 0x6982, 0x0001, 0x79E2, 0x0001, 0x9AC3, 0x0001,
    0xD423, 0x0001, 0xAB02, 0x0001, 0x71A2, 0x0001, 0xBBE1, 0x0001, 0xFF2B, 0x0001, 0xFFFC, 0x0001,
    0xF7BF, 0x0001, 0xFEF5, 0x0001, 0xFECA, 0x0001, 0xE523, 0x0001, 0x8221, 0x0001, 0x6122, 0x0001,
    0x9283, 0x0001, 0xCC03, 0x0001, 0xB362, 0x0001, 0x6961, 0x0001, 0xB3E4, 0x0001, 0xFE26, 0x0001,
    0x92A2, 0x0001, 0x7A44, 0x0001, 0xEE8B, 0x0001, 0xFEAA, 0x0001, 0xC426, 0x0001, 0xA365, 0x0001,
    0x8AC4, 0x0001, 0x8AE4, 0x0001, 0xD509, 0x0001, 0xEDCA, 0x0001, 0xA363, 0x0001, 0xA40B, 0x0001,
    0xF77D, 0x0001, 0xFFFF, 0x0001, 0xEF1B, 0x0001, 0xCCAB, 0x0001, 0xED86, 0x0001, 0xFF0B, 0x0001,
    0xFF8F, 0x0001, 0xED44, 0x0009, 0x18C5, 0x0008, 0xED44, 0x0008, 0xFF8F, 0x0002, 0xFDC9, 0x0001,
    0xC467, 0x0001, 0xFF8F, 0x0001, 0xE549, 0x0001, 0xFDEA, 0x0001, 0xF60B, 0x0001, 0xFF15, 0x0001,
    0xFFBB, 0x0001, 0xF691, 0x0001, 0xF5A8, 0x0001, 0xED48, 0x0001, 0x8305, 0x0001, 0x4182, 0x0001,
    0x9B65, 0x0001, 0xABC6, 0x0001, 0x61E3, 0x0001, 0x92A2, 0x0001, 0xDC42, 0x0001, 0xDCA4, 0x0001,
    0xC485, 0x0002, 0xDD66, 0x0001, 0xE525, 0x0001, 0xAB21, 0x0001, 0x9220, 0x0001, 0xC3A2, 0x0001,
    0xFE4B, 0x0001, 0xFFF7, 0x0001, 0xFFFD, 0x0001, 0xFFD8, 0x0001, 0xFEEB, 0x0001, 0xCCA4, 0x0001,
    0x9282, 0x0001, 0x8202, 0x0001, 0xAB03, 0x0001, 0xD403, 0x0001, 0xCBE3, 0x0001, 0x9243, 0x0001,
    0x6942, 0x0001, 0xD485, 0x0001, 0xFEC6, 0x0001, 0x92A1, 0x0001, 0x69E5, 0x0001, 0xEE70, 0x0001,
    0xFFAF, 0x0001, 0xE608, 0x0001, 0xC486, 0x0001, 0xAB85, 0x0002, 0xC467, 0x0001, 0xDD28, 0x0001,
    0xD546, 0x0001, 0xDDE8, 0x0001, 0xF710, 0x0001, 0xFFDB, 0x0001, 0xF75C, 0x0001, 0xDD2C, 0x0001,
    0xCC63, 0x0001, 0xFF8F, 0x0003, 0xED44, 0x0009, 0x18C5, 0x0008, 0xED44, 0x0008, 0xFF8F, 0x0001,
    0xDCA7, 0x0001, 0xFF8F, 0x0002, 0x9B04, 0x0001, 0xD4A7, 0x0001, 0xF5EC, 0x0001, 0xF64F, 0x0001,
    0xEE10, 0x0001, 0xF670, 0x0001, 0xEDED, 0x0001, 0xC447, 0x0001, 0x7A63, 0x0001, 0x6A43, 0x0001,
    0xBC26, 0x0001, 0xABC6, 0x0001, 0x4981, 0x0001, 0x7A81, 0x0001, 0xED44, 0x0001, 0xFEA6, 0x0001,
    0xFEE6, 0x0001, 0xFE65, 0x0001, 0xFE64, 0x0001, 0xD504, 0x0001, 0x61E5, 0x0001, 0x5962, 0x0001,
    0xAB61, 0x0001, 0xD50B, 0x0001, 0xDDD3, 0x0001, 0xDDB1, 0x0001, 0xE5CA, 0x0001, 0xE523, 0x0001,
    0x7A20, 0x0001, 0x3860, 0x0001, 0x6182, 0x0001, 0x9B23, 0x0001, 0xAB61, 0x0001, 0x8A82, 0x0001,
    0x5121, 0x0001, 0x48C0, 0x0001, 0x9322, 0x0001, 0xCCE4, 0x0001, 0x92A1, 0x0001, 0x8AE8, 0x0001,
    0xEE97, 0x0001, 0xFFF6, 0x0001, 0xF6CC, 0x0001, 0xD507, 0x0001, 0xCC67, 0x0001, 0xD4E8, 0x0001,
    0xC446, 0x0001, 0xCC67, 0x0001, 0xF6AC, 0x0001, 0xFF6A, 0x0001, 0xFEC8, 0x0001, 0xFFD9, 0x0001,
    0xFF9F, 0x0001, 0xEDAE, 0x0001, 0xC3E2, 0x0001, 0x18C5, 0x0001, 0xFF8F, 0x0003, 0xED44, 0x0008,
    0x18C5, 0x0008, 0xED44, 0x0008, 0xFF8F, 0x0004, 0x7A01, 0x0001, 0xBC29, 0x0001, 0xF6D5, 0x0001,
    0xE5EE, 0x0001, 0xCC67, 0x0001, 0xF718, 0x0001, 0xEF3B, 0x0001, 0xA3A8, 0x0001, 0x7A21, 0x0001,
    0x9325, 0x0001, 0xCC87, 0x0001, 0x9B65, 0x0001, 0x4141, 0x0001, 0x9362, 0x0001, 0xFEC7, 0x0001,
    0xFF07, 0x0001, 0xFE05, 0x0001, 0xECC2, 0x0001, 0xA320, 0x0001, 0x5A24, 0x0001, 0x320E, 0x0001,
    0x218C, 0x0001, 0x2902, 0x0001, 0x5980, 0x0001, 0x8224, 0x0001, 0x8223, 0x0001, 0x8243, 0x0001,
    0x8202, 0x0001, 0x38E0, 0x0001, 0x0840, 0x0001, 0x18C2, 0x0001, 0x2923, 0x0001, 0x2901, 0x0001,
    0x20E1, 0x0001, 0x18A1, 0x0002, 0x10A1, 0x0001, 0x3142, 0x0001, 0x8AE2, 0x0001, 0xDD4D, 0x0001,
    0xF77C, 0x0001, 0xFFFD, 0x0001, 0xF6B2, 0x0001, 0xCCC9, 0x0001, 0xCCA7, 0x0001, 0xEDCA, 0x0001,
    0xDD09, 0x0001, 0xCC67, 0x0001, 0xEDAB, 0x0001, 0xFE89, 0x0001, 0xF6C9, 0x0001, 0xFFD9, 0x0001,
    0xF77E, 0x0001, 0xD50C, 0x0001, 0xED06, 0x0001, 0xF5EB, 0x0001, 0x18C5, 0x0002, 0xFF8F, 0x0002,
    0xED44, 0x0007, 0x18C5, 0x0007, 0xED44, 0x0008, 0xFF8F, 0x0002, 0x18C5, 0x0003, 0xABA5, 0x0001,
    0xD50A, 0x0001, 0xF670, 0x0001, 0xEE30, 0x0001, 0xDDD1, 0x0001, 0xFF9C, 0x0001, 0xEF1A, 0x0001,
    0xB408, 0x0001, 0x92C2, 0x0001, 0xA345, 0x0001, 0xBC05, 0x0001, 0xC48A, 0x0001, 0xA48F, 0x0001,
    0x9C2A, 0x0001, 0x9BC1, 0x0001, 0xAC01, 0x0001, 0xABC4, 0x0001, 0x8308, 0x0001, 0x49C9, 0x0001,
    0x218B, 0x0001, 0x2A32, 0x0001, 0x19F1, 0x0001, 0x090B, 0x0001, 0x2107, 0x0001, 0x4105, 0x0001,
    0x38C1, 0x0001, 0x3040, 0x0001, 0x3080, 0x0001, 0x3A4F, 0x0001, 0x32B1, 0x0001, 0x10C3, 0x0001,
    0x0042, 0x0001, 0x092B, 0x0001, 0x114B, 0x0001, 0x19AC, 0x0001, 0x2A4F, 0x0001, 0x096E, 0x0001,
    0x110A, 0x0001, 0x8B05, 0x0001, 0xEDED, 0x0001, 0xFFBE, 0x0001, 0xFFFF, 0x0001, 0xF6F8, 0x0001,
    0xCCAA, 0x0001, 0xD4A6, 0x0001, 0xF60B, 0x0001, 0xCCE9, 0x0001, 0xAB86, 0x0001, 0xC448, 0x0001,
    0xE5A9, 0x0001, 0xF6EB, 0x0001, 0xFFF3, 0x0001, 0xF715, 0x0001, 0xCD0B, 0x0001, 0xED47, 0x0001,
    0xF5EB, 0x0001, 0xFECC, 0x0001, 0xFFAC, 0x0001, 0xFF8F, 0x0002, 0xED44, 0x0007, 0x18C5, 0x0008,
    0xED44, 0x0008, 0xFF8F, 0x0001, 0xFF4B, 0x0001, 0xE5E9, 0x0001, 0xCC87, 0x0001, 0xE54A, 0x0001,
    0xF60A, 0x0001, 0xEDC9, 0x0001, 0xF6F5, 0x0001, 0xFFFF, 0x0001, 0xFFBC, 0x0001, 0xEE30, 0x0001,
    0xD4C8, 0x0001, 0xA385, 0x0001, 0x9304, 0x0001, 0xAB42, 0x0001, 0xEDEF, 0x0001, 0xFFFF, 0x0001,
    0xAD34, 0x0001, 0x4941, 0x0001, 0x4120, 0x0001, 0x41E9, 0x0001, 0x21F1, 0x0001, 0x2213, 0x0001,
    0x2A11, 0x0004, 0x2A54, 0x0001, 0x2210, 0x0001, 0x1906, 0x0001, 0x0820, 0x0001, 0x18E4, 0x0001,
    0x4399, 0x0001, 0x4BFC, 0x0001, 0x2167, 0x0001, 0x18E5, 0x0001, 0x2A11, 0x0001, 0x21D0, 0x0001,
    0x32B5, 0x0001, 0x5C9F, 0x0001, 0x3B9D, 0x0001, 0x2A0F, 0x0001, 0x8B06, 0x0001, 0xE56B, 0x0001,
    0xF77B, 0x0001, 0xFFFF, 0x0001, 0xF77D, 0x0001, 0xCCEC, 0x0001, 0xD4A6, 0x0001, 0xF5EA, 0x0001,
    0xC488, 0x0001, 0x92E4, 0x0001, 0xAB85, 0x0001, 0xDD48, 0x0001, 0xF6CB, 0x0001, 0xFFEC, 0x0001,
    0xF6CA, 0x0001, 0xFF8F, 0x0003, 0xF6EB, 0x0001, 0xFFAC, 0x0001, 0xFF8F, 0x0001, 0xED44, 0x0008,
    0x18C5, 0x0008, 0xED44, 0x0009, 0xFF8F, 0x0001, 0xD548, 0x0001, 0xDCE8, 0x0001, 0xFDEA, 0x0001,
    0xFE2B, 0x0001, 0xF62E, 0x0001, 0xFF7B, 0x0001, 0xFFFF, 0x0001, 0xFFDC, 0x0001, 0xEE0F, 0x0001,
    0xD4A8, 0x0001, 0xA385, 0x0001, 0x9304, 0x0001, 0xAB63, 0x0001, 0xE5AF, 0x0001, 0xFFFF, 0x0001,
    0xE71B, 0x0001, 0xA44F, 0x0001, 0x422D, 0x0001, 0x0991, 0x0001, 0x09D4, 0x0001, 0x196C, 0x0001,
    0x2149, 0x0001, 0x19D2, 0x0001, 0x19B0, 0x0001, 0x2148, 0x0001, 0x2A30, 0x0001, 0x2233, 0x0001,
    0x00A5, 0x0001, 0x00A6, 0x0001, 0x21CF, 0x0001, 0x21EF, 0x0001, 0x19CD, 0x0001, 0x19CF, 0x0001,
    0x198D, 0x0001, 0x08E8, 0x0001, 0x0066, 0x0001, 0x2A50, 0x0001, 0x653F, 0x0001, 0x337C, 0x0001,
    0x10E6, 0x0001, 0x8AE3, 0x0001, 0xEDAC, 0x0001, 0xF6D6, 0x0001, 0xFFFF, 0x0001, 0xF77D, 0x0001,
    0xCD0D, 0x0001, 0xCC85, 0x0001, 0xEDCA, 0x0001, 0xD4E9, 0x0001, 0xAB85, 0x0001, 0xBBE5, 0x0001,
    0xDD09, 0x0001, 0xF64B, 0x0001, 0xFFCC, 0x0001, 0xF6E9, 0x0001, 0xFF8F, 0x0005, 0xED44, 0x0009,
    0x18C5, 0x0008, 0xED44, 0x0009, 0xFF8F, 0x0002, 0xBC26, 0x0001, 0xED88, 0x0001, 0xF64E, 0x0001,
    0xF737, 0x0001, 0xF75A, 0x0001, 0xFF59, 0x0001, 0xFF58, 0x0001, 0xF693, 0x0001, 0xD4E9, 0x0001,
    0xA364, 0x0001, 0x9304, 0x0001, 0xB3A3, 0x0001, 0xDD6E, 0x0001, 0xEF5D, 0x0001, 0xFFFD, 0x0001,
    0xFF74, 0x0001, 0x6B6F, 0x0001, 0x29AF, 0x0001, 0x526D, 0x0001, 0x2944, 0x0001, 0x10A1, 0x0001,
    0x420B, 0x0001, 0x41E9, 0x0001, 0x1881, 0x0001, 0x10E8, 0x0001, 0x218C, 0x0001, 0x4163, 0x0001,
    0x39A7, 0x0001, 0x29EF, 0x0001, 0x3124, 0x0001, 0x3900, 0x0001, 0x39ED, 0x0001, 0x39EB, 0x0001,
    0x3920, 0x0001, 0x3060, 0x0001, 0x2967, 0x0001, 0x3317, 0x0001, 0x3270, 0x0001, 0x4120, 0x0001,
    0x8261, 0x0001, 0xCCC9, 0x0001, 0xFED0, 0x0001, 0xFFFD, 0x0001, 0xF77D, 0x0001, 0xCD2D, 0x0001,
    0xD485, 0x0001, 0xEDEB, 0x0001, 0xEDCB, 0x0001, 0xD4A7, 0x0001, 0xBC26, 0x0001, 0xC447, 0x0001,
    0xE54A, 0x0001, 0xFF0C, 0x0001, 0xF6EB, 0x0001, 0x18C5, 0x0002, 0xFF8F, 0x0002, 0xED44, 0x0009,
    0x18C5, 0x0009, 0xED44, 0x0009, 0xFF8F, 0x0002, 0x9B45, 0x0001, 0xDD07, 0x0001, 0xFEB1, 0x0001,
    0xFFDE, 0x0001, 0xF717, 0x0001, 0xEDEB, 0x0001, 0xF6B2, 0x0001, 0xF6B4, 0x0001, 0xD4E9, 0x0001,
    0xA364, 0x0001, 0x9304, 0x0001, 0xB383, 0x0001, 0xDD8F, 0x0001, 0xF77E, 0x0001, 0xFFF9, 0x0001,
    0xF6CA, 0x0001, 0x7A84, 0x0001, 0x79C3, 0x0001, 0xBBC3, 0x0001, 0x5203, 0x0001, 0x18C2, 0x0001,
    0xA343, 0x0001, 0xA342, 0x0001, 0x18C2, 0x0001, 0x0003, 0x0001, 0x3144, 0x0001, 0xB382, 0x0001,
    0x82C3, 0x0001, 0x18E4, 0x0001, 0x7A82, 0x0001, 0xBB62, 0x0001, 0x71C3, 0x0001, 0x8243, 0x0001,
    0xBBA1, 0x0001, 0x9A81, 0x0001, 0x38C2, 0x0001, 0x0885, 0x0001, 0x6264, 0x0001, 0xBBA2, 0x0001,
    0x81E1, 0x0001, 0x82A3, 0x0001, 0xEE89, 0x0001, 0xFFF9, 0x0001, 0xF77E, 0x0001, 0xD52E, 0x0001,
    0xCC85, 0x0001, 0xEDCA, 0x0001, 0xFE6C, 0x0001, 0xE56A, 0x0001, 0xA3A6, 0x0001, 0x9B05, 0x0001,
    0xC447, 0x0001, 0xEE6A, 0x0001, 0xFEEB, 0x0001, 0xE568, 0x0001, 0xBBC6, 0x0001, 0xFF8F, 0x0001,
    0xED44, 0x0005, 0x18C5, 0x0001, 0xED44, 0x0004, 0x18C5, 0x0009, 0xED44, 0x0009, 0xFF8F, 0x0002,
    0x9B23, 0x0001, 0xED25, 0x0001, 0xFF51, 0x0001, 0xFFFF, 0x0001, 0xFFFD, 0x0001, 0xFE8F, 0x0001,
    0xFEF0, 0x0001, 0xE5EF, 0x0001, 0x9366, 0x0001, 0x9325, 0x0001, 0xB3E6, 0x0001, 0xA343, 0x0001,
    0xBCAC, 0x0001, 0xF739, 0x0001, 0xDE52, 0x0001, 0xA3A3, 0x0001, 0x81C0, 0x0001, 0xC341, 0x0001,
    0xFD83, 0x0001, 0x8B02, 0x0001, 0x51A4, 0x0001, 0xE509, 0x0001, 0xBC88, 0x0001, 0x10C3, 0x0001,
    0x2081, 0x0001, 0x9B22, 0x0001, 0xF5A4, 0x0001, 0x9B63, 0x0001, 0x1081, 0x0001, 0xA3C4, 0x0001,
    0xFD44, 0x0001, 0x81E0, 0x0001, 0xA325, 0x0001, 0xFDEC, 0x0001, 0xAB66, 0x0001, 0x50C0, 0x0001,
    0x5960, 0x0001, 0xBC42, 0x0001, 0xFD64, 0x0001, 0x9262, 0x0001, 0x6160, 0x0001, 0xB465, 0x0001,
    0xEED3, 0x0001, 0xEF19, 0x0001, 0xBC8C, 0x0001, 0xAB83, 0x0001, 0xDD08, 0x0001, 0xFE8C, 0x0001,
    0xEDEB, 0x0001, 0x9B86, 0x0001, 0x8A84, 0x0001, 0xC426, 0x0001, 0xF68A, 0x0001, 0xFF0B, 0x0001,
    0xEDA9, 0x0001, 0xFF8F, 0x0001, 0xED44, 0x0006, 0x18C5, 0x0001, 0xED44, 0x0003, 0x18C5, 0x000A,
    0xED44, 0x0009, 0xFF8F, 0x0002, 0x9306, 0x0001, 0xD4C7, 0x0001, 0xEE70, 0x0001, 0xEF7C, 0x0001,
    0xEF7D, 0x0001, 0xF6B4, 0x0001, 0xFE8D, 0x0001, 0xBC87, 0x0001, 0x51C2, 0x0001, 0x7AA4, 0x0001,
    0xCC67, 0x0001, 0x9B03, 0x0001, 0xB44A, 0x0001, 0xFF15, 0x0001, 0xBC8D, 0x0001, 0x50C0, 0x0001,
    0x6101, 0x0001, 0xBC05, 0x0001, 0xFE26, 0x0001, 0xBBC2, 0x0001, 0x9AE5, 0x0001, 0xFEB4, 0x0001,
    0xAD72, 0x0001, 0x18E3, 0x0001, 0x61C0, 0x0001, 0xFD44, 0x0001, 0xFEC6, 0x0001, 0x8BA5, 0x0001,
    0x18C3, 0x0001, 0xAC66, 0x0001, 0xFDC4, 0x0001, 0x71C0, 0x0001, 0x9BAC, 0x0001, 0xF716, 0x0001,
    0x9BAA, 0x0001, 0x6940, 0x0001, 0xC382, 0x0001, 0xFE25, 0x0001, 0xF606, 0x0001, 0x9303, 0x0001,
    0x58E1, 0x0001, 0x8263, 0x0001, 0xDDAF, 0x0001, 0xF6F5, 0x0001, 0xB44A, 0x0001, 0x8AA2, 0x0001,
    0xBBE6, 0x0001, 0xED8A, 0x0001, 0xE58A, 0x0001, 0xABC6, 0x0001, 0x92E4, 0x0001, 0xBC26, 0x0001,
    0xFECB, 0x0001, 0xFF2B, 0x0001, 0xFF8F, 0x0002, 0xED44, 0x0006, 0x18C5, 0x0001, 0xED44, 0x0003,
    0x18C5, 0x000F, 0xED44, 0x0004, 0xFF8F, 0x0002, 0x4A6E, 0x0001, 0x6310, 0x0001, 0x5B31, 0x0001,
    0x5354, 0x0001, 0x83AF, 0x0001, 0xBC07, 0x0001, 0xCC45, 0x0001, 0x9B23, 0x0001, 0x5180, 0x0001,
    0x6A43, 0x0001, 0xABA5, 0x0001, 0xAB64, 0x0001, 0xD54C, 0x0001, 0xFF76, 0x0001, 0xC48D, 0x0001,
    0x4080, 0x0001, 0x1841, 0x0001, 0x62A4, 0x0001, 0xD4C4, 0x0001, 0xDC20, 0x0001, 0xCC46, 0x0001,
    0xFF57, 0x0001, 0xBD94, 0x0001, 0x5142, 0x0001, 0x8200, 0x0001, 0xFD44, 0x0001, 0xFEA6, 0x0001,
    0x93A5, 0x0001, 0x18E3, 0x0001, 0xAC86, 0x0001, 0xFDA4, 0x0001, 0x6960, 0x0001, 0x8B4D, 0x0001,
    0xFF59, 0x0001, 0xB46C, 0x0001, 0x89E0, 0x0001, 0xCBC2, 0x0001, 0xFE46, 0x0001, 0xFE06, 0x0001,
    0x8AC3, 0x0001, 0x50A0, 0x0001, 0x8263, 0x0001, 0xDDD0, 0x0001, 0xFF56, 0x0001, 0xD52C, 0x0001,
    0x9B23, 0x0001, 0x9B45, 0x0001, 0xBC27, 0x0001, 0xD4C8, 0x0001, 0xC467, 0x0001, 0xA365, 0x0001,
    0xA345, 0x0001, 0xEE2A, 0x0001, 0xFF4B, 0x0001, 0xFF8F, 0x0002, 0xED44, 0x0005, 0x18C5, 0x0014,
    0xED44, 0x0004, 0xFF8F, 0x0002, 0x1A13, 0x0001, 0x19F4, 0x0001, 0x0992, 0x0001, 0x11D4, 0x0001,
    0x426F, 0x0001, 0x7AE9, 0x0001, 0x7AC7, 0x0001, 0x5A48, 0x0001, 0x4A08, 0x0001, 0x5A26, 0x0001,
    0x92E4, 0x0001, 0xBBE4, 0x0001, 0xDD6B, 0x0001, 0xE611, 0x0001, 0xBC2A, 0x0001, 0x6981, 0x0001,
    0x1861, 0x0001, 0x4983, 0x0001, 0xBB82, 0x0001, 0xD3E0, 0x0001, 0xD463, 0x0001, 0xF62E, 0x0001,
    0xC4CD, 0x0001, 0x81E2, 0x0001, 0x9240, 0x0001, 0xED04, 0x0001, 0xFF06, 0x0001, 0x9BE5, 0x0001,
    0x0863, 0x0001, 0x9C05, 0x0001, 0xFE25, 0x0001, 0x9B02, 0x0001, 0xB449, 0x0001, 0xFE8F, 0x0001,
    0xABA8, 0x0001, 0x7180, 0x0001, 0xB320, 0x0001, 0xFD84, 0x0001, 0xFE06, 0x0001, 0xB3A3, 0x0001,
    0x71C1, 0x0001, 0x8263, 0x0001, 0xB48C, 0x0001, 0xE611, 0x0001, 0xDD4B, 0x0001, 0xB3C5, 0x0001,
    0x8AE4, 0x0001, 0xA365, 0x0001, 0xCC87, 0x0001, 0xDCE7, 0x0001, 0xAB85, 0x0001, 0x82A4, 0x0001,
    0xEE2A, 0x0001, 0xFF4B, 0x0001, 0xFF8F, 0x0002, 0xED44, 0x0005, 0x18C5, 0x0014, 0xED44, 0x0004,
    0xFF8F, 0x0002, 0x2A11, 0x0001, 0x2211, 0x0001, 0x2A54, 0x0001, 0x43DC, 0x0001, 0x549D, 0x0001,
    0x541C, 0x0001, 0x3AB3, 0x0001, 0x21D0, 0x0001, 0x2211, 0x0001, 0x526B, 0x0001, 0x9B24, 0x0001,
    0xC425, 0x0001, 0xC447, 0x0001, 0xA386, 0x0001, 0x92C4, 0x0001, 0x8A22, 0x0001, 0x71C2, 0x0001,
    0x9283, 0x0001, 0xC3E2, 0x0001, 0xD421, 0x0001, 0xCC02, 0x0001, 0xDC84, 0x0001, 0xB3A4, 0x0001,
    0x8A63, 0x0001, 0xA2C2, 0x0001, 0xED03, 0x0001, 0xFEE6, 0x0001, 0x9BE5, 0x0001, 0x0883, 0x0001,
    0x93A4, 0x0001, 0xFEE6, 0x0001, 0xF605, 0x0001, 0xF646, 0x0001, 0xFE06, 0x0001, 0x92C3, 0x0001,
    0x6941, 0x0001, 0xB341, 0x0001, 0xF584, 0x0001, 0xFE26, 0x0001, 0xED24, 0x0001, 0xAB02, 0x0001,
    0x71A2, 0x0001, 0x7204, 0x0001, 0xA386, 0x0001, 0xC487, 0x0001, 0xBC06, 0x0001, 0x9305, 0x0001,
    0xA385, 0x0001, 0xCC87, 0x0001, 0xD4C7, 0x0001, 0xA385, 0x0001, 0x8AE4, 0x0001, 0xEE2A, 0x0001,
    0xFF4B, 0x0001, 0xFF8F, 0x0001, 0xED44, 0x0006, 0x18C5, 0x0014, 0xED44, 0x0004, 0xFF8F, 0x0002,
    0x19F2, 0x0001, 0x21F1, 0x0001, 0x3AF4, 0x0001, 0x64DF, 0x0001, 0x6DBF, 0x0001, 0x54DF, 0x0001,
    0x3318, 0x0001, 0x118F, 0x0001, 0x114C, 0x0001, 0x6288, 0x0001, 0xBC06, 0x0001, 0xD486, 0x0001,
    0xB3E6, 0x0001, 0x8AC3, 0x0001, 0x69E2, 0x0001, 0x7A63, 0x0001, 0xC424, 0x0001, 0xDD24, 0x0001,
    0xE524, 0x0001, 0xE58B, 0x0001, 0xDD6D, 0x0001, 0xD422, 0x0001, 0xA280, 0x0001, 0x81C0, 0x0001,
    0x9A82, 0x0001, 0xAB63, 0x0001, 0x7B64, 0x0001, 0x72E4, 0x0001, 0x8AE3, 0x0001, 0xBBC3, 0x0001,
    0xE564, 0x0001, 0xFEE6, 0x0001, 0xFF6A, 0x0001, 0xFE6C, 0x0001, 0xC466, 0x0001, 0xB3E6, 0x0001,
    0xD54D, 0x0001, 0xFE6C, 0x0001, 0xFE05, 0x0001, 0xD463, 0x0001, 0x9262, 0x0001, 0x6141, 0x0001,
    0x6181, 0x0001, 0x92E3, 0x0001, 0xBC06, 0x0001, 0xC467, 0x0001, 0xB3E6, 0x0001, 0xABA5, 0x0001,
    0xB3E6, 0x0001, 0xCC67, 0x0001, 0xCC47, 0x0001, 0xABC6, 0x0001, 0xDD68, 0x0001, 0xFF8F, 0x0001,
    0xED44, 0x0006, 0x18C5, 0x0015, 0xED44, 0x0004, 0xFF8F, 0x0002, 0x3250, 0x0001, 0x2A11, 0x0001,
    0x2253, 0x0001, 0x43BC, 0x0001, 0x547E, 0x0001, 0x4C1E, 0x0001, 0x3AF7, 0x0001, 0x112C, 0x0001,
    0x0862, 0x0001, 0x6242, 0x0001, 0xD487, 0x0001, 0xD4C7, 0x0001, 0xBC26, 0x0001, 0xA365, 0x0001,
    0x59C3, 0x0001, 0x51E3, 0x0001, 0xCCE5, 0x0001, 0xFEA5, 0x0001, 0xFE65, 0x0001, 0xFEF0, 0x0001,
    0xFEF4, 0x0001, 0xE529, 0x0001, 0xBB83, 0x0001, 0x92A4, 0x0001, 0x9A84, 0x0001, 0x69C2, 0x0001,
    0x1082, 0x0001, 0x49A2, 0x0001, 0xCC03, 0x0001, 0xDC63, 0x0001, 0xD462, 0x0001, 0xED43, 0x0001,
    0xF66F, 0x0001, 0xF716, 0x0001, 0xFEAA, 0x0001, 0xFE87, 0x0001, 0xFEF3, 0x0001, 0xFF30, 0x0001,
    0xFE05, 0x0001, 0xB362, 0x0001, 0x7182, 0x0001, 0x6982, 0x0001, 0x7A43, 0x0001, 0x9B65, 0x0001,
    0xBC26, 0x0001, 0xCC87, 0x0001, 0xCC67, 0x0001, 0xA385, 0x0001, 0x9304, 0x0001, 0xB3C6, 0x0001,
    0xE508, 0x0001, 0xD4A7, 0x0001, 0xFF8F, 0x0002, 0xED44, 0x0006, 0x18C5, 0x0015, 0xED44, 0x0004,
    0xFF8F, 0x0002, 0xA3C9, 0x0001, 0x52AF, 0x0001, 0x0152, 0x0001, 0x11F4, 0x0001, 0x2254, 0x0001,
    0x2255, 0x0001, 0x2235, 0x0001, 0x012E, 0x0001, 0x0063, 0x0001, 0x6202, 0x0001, 0xCC47, 0x0001,
    0xD488, 0x0001, 0xCC66, 0x0001, 0xCC23, 0x0001, 0x6A43, 0x0001, 0x4183, 0x0001, 0xA363, 0x0001,
    0xF584, 0x0001, 0xFE86, 0x0001, 0xFEE8, 0x0001, 0xFEAC, 0x0001, 0xEE51, 0x0001, 0xEE55, 0x0001,
    0xDDD3, 0x0001, 0xA389, 0x0001, 0x71A1, 0x0001, 0x6982, 0x0001, 0x4123, 0x0001, 0x51C3, 0x0001,
    0xCD05, 0x0001, 0xFDA4, 0x0001, 0xAB01, 0x0001, 0xAC0C, 0x0001, 0xFF16, 0x0001, 0xFF0B, 0x0001,
    0xFE22, 0x0001, 0xFE47, 0x0001, 0xFE89, 0x0001, 0xFE06, 0x0001, 0xD443, 0x0001, 0x9AA2, 0x0001,
    0x8A22, 0x0001, 0x8AA4, 0x0001, 0x9B65, 0x0001, 0xBC26, 0x0001, 0xCC67, 0x0001, 0xCC47, 0x0001,
    0xA365, 0x0001, 0x82C4, 0x0001, 0x8AE5, 0x0001, 0xCC67, 0x0001, 0xE508, 0x0001, 0xFF8F, 0x0002,
    0xED44, 0x0006, 0x18C5, 0x0015, 0xED44, 0x0004, 0xFF8F, 0x0002, 0xDCA6, 0x0001, 0xA46F, 0x0001,
    0x5354, 0x0001, 0x5B52, 0x0001, 0x5ACE, 0x0001, 0x528C, 0x0001, 0x630E, 0x0001, 0x4A6B, 0x0001,
    0x2903, 0x0001, 0x8304, 0x0001, 0xE589, 0x0001, 0xD4E8, 0x0001, 0xC425, 0x0001, 0xDC63, 0x0001,
    0x9B22, 0x0001, 0x7A83, 0x0001, 0xBBC3, 0x0001, 0xED04, 0x0001, 0xED45, 0x0001, 0xED42, 0x0001,
    0xFDC4, 0x0001, 0xFEEF, 0x0001, 0xFFF7, 0x0001, 0xFFB4, 0x0001, 0xCCA9, 0x0001, 0x9A81, 0x0001,
    0xB2C2, 0x0001, 0x5163, 0x0001, 0x0043, 0x0001, 0x8385, 0x0001, 0xED24, 0x0001, 0xAB22, 0x0001,
    0xB44C, 0x0001, 0xFF16, 0x0001, 0xF6D1, 0x0001, 0xF62A, 0x0001, 0xFE6A, 0x0001, 0xFE67, 0x0001,
    0xFE24, 0x0001, 0xF5C4, 0x0001, 0xD444, 0x0001, 0x8A43, 0x0001, 0x71C3, 0x0001, 0x8AC4, 0x0001,
    0xBC06, 0x0001, 0xDD08, 0x0001, 0xD528, 0x0001, 0xBC47, 0x0001, 0x9B45, 0x0001, 0x8AE4, 0x0001,
    0xA385, 0x0001, 0xC467, 0x0001, 0xFF8F, 0x0001, 0xED44, 0x0003, 0x18C5, 0x0001, 0xED44, 0x0002,
    0x18C5, 0x0016, 0xED44, 0x0004, 0xFF8F, 0x0002, 0xCC87, 0x0001, 0xF650, 0x0001, 0xF738, 0x0001,
    0xF6F6, 0x0001, 0xD56E, 0x0001, 0xBC47, 0x0001, 0xE569, 0x0001, 0xCCE9, 0x0001, 0x8AC4, 0x0001,
    0xBCA7, 0x0001, 0xFF0B, 0x0001, 0xDD69, 0x0001, 0xBBE5, 0x0001, 0xCC23, 0x0001, 0xC3E2, 0x0001,
    0xCC43, 0x0001, 0xF5C5, 0x0002, 0xD443, 0x0001, 0xC3C2, 0x0001, 0xDCA3, 0x0001, 0xFE06, 0x0001,
    0xFEE8, 0x0001, 0xFE87, 0x0001, 0xE504, 0x0001, 0xC3A2, 0x0001, 0xA2A2, 0x0001, 0x5183, 0x0001,
    0x10A3, 0x0001, 0x4943, 0x0001, 0xB322, 0x0001, 0xED64, 0x0001, 0xF6AD, 0x0001, 0xF6F6, 0x0002,
    0xF6F5, 0x0001, 0xFF16, 0x0001, 0xFE8E, 0x0001, 0xFE24, 0x0001, 0xFE85, 0x0001, 0xE546, 0x0001,
    0x9283, 0x0001, 0x6121, 0x0001, 0x71C2, 0x0001, 0xAB65, 0x0001, 0xE5A9, 0x0001, 0xF6CB, 0x0001,
    0xE5E9, 0x0001, 0xBC06, 0x0001, 0xAB65, 0x0001, 0x8B04, 0x0001, 0xFF8F, 0x0002, 0xED44, 0x0003,
    0x18C5, 0x0001, 0xED44, 0x0002, 0x18C5, 0x0016, 0xED44, 0x0004, 0xFF8F, 0x0002, 0xC467, 0x0001,
    0xFED1, 0x0001, 0xFFF9, 0x0001, 0xFFF8, 0x0001, 0xEDAC, 0x0001, 0xD466, 0x0001, 0xFEF2, 0x0001,
    0xFF97, 0x0001, 0xDDAE, 0x0001, 0xBCA8, 0x0001, 0xC508, 0x0001, 0xD548, 0x0001, 0xDCC7, 0x0001,
    0xC3E3, 0x0001, 0xCBA1, 0x0001, 0xDC43, 0x0001, 0xE504, 0x0001, 0xF5C5, 0x0001, 0xED65, 0x0001,
    0xBB82, 0x0001, 0x9240, 0x0001, 0x9AE1, 0x0001, 0xA382, 0x0001, 0xBBC2, 0x0001, 0xE4A2, 0x0001,
    0xDC63, 0x0001, 0x92C3, 0x0001, 0x3943, 0x0001, 0x18C3, 0x0001, 0x5122, 0x0001, 0xC382, 0x0001,
    0xFEA5, 0x0001, 0xFF6A, 0x0001, 0xFEAD, 0x0001, 0xFF2F, 0x0001, 0xFEAE, 0x0001, 0xDD6C, 0x0001,
    0xE5F0, 0x0001, 0xFEB0, 0x0001, 0xE566, 0x0001, 0xE4E1, 0x0001, 0xE524, 0x0001, 0xA324, 0x0001,
    0x6101, 0x0001, 0x6182, 0x0001, 0xBCE7, 0x0001, 0xFFCC, 0x0001, 0xFEAA, 0x0001, 0xC426, 0x0001,
    0xAB85, 0x0001, 0x8AE4, 0x0001, 0xFF8F, 0x0002, 0xED44, 0x0003, 0x18C5, 0x0001, 0xED44, 0x0002,
    0x18C5, 0x0016, 0xED44, 0x0004, 0xFF8F, 0x0002, 0xCC87, 0x0001, 0xFE71, 0x0001, 0xFF58, 0x0001,
    0xFF37, 0x0001, 0xDD6C, 0x0001, 0xCCA8, 0x0001, 0xE676, 0x0001, 0xFFDF, 0x0001, 0xFFDA, 0x0001,
    0xBCAC, 0x0001, 0x92E4, 0x0001, 0xD509, 0x0001, 0xFE2B, 0x0001, 0xDC84, 0x0001, 0xCC22, 0x0002,
    0xC3A1, 0x0001, 0xDCA3, 0x0001, 0xFE05, 0x0001, 0xCCA6, 0x0001, 0x8244, 0x0001, 0x6962, 0x0002,
    0x8203, 0x0001, 0xB363, 0x0001, 0xB3A3, 0x0001, 0x6243, 0x0001, 0x10A3, 0x0001, 0x18C3, 0x0001,
    0x9303, 0x0001, 0xF543, 0x0001, 0xEDA5, 0x0001, 0xEDC5, 0x0001, 0xFE04, 0x0001, 0xF605, 0x0001,
    0xE502, 0x0001, 0xD400, 0x0001, 0xE58B, 0x0001, 0xFEF4, 0x0001, 0xD4EA, 0x0001, 0xD462, 0x0001,
    0xF5E5, 0x0001, 0xDCE5, 0x0001, 0x9283, 0x0001, 0x4922, 0x0001, 0x6AE4, 0x0001, 0xEEAA, 0x0001,
    0xFE4A, 0x0001, 0xC406, 0x0001, 0xAB85, 0x0001, 0x8AE4, 0x0001, 0xFF8F, 0x0002, 0xED44, 0x0003,
    0x18C5, 0x0001, 0xED44, 0x0002, 0x18C5, 0x0016, 0xED44, 0x0004, 0xFF8F, 0x0002, 0xCC87, 0x0001,
    0xFE91, 0x0001, 0xFF58, 0x0001, 0xF717, 0x0001, 0xFE90, 0x0001, 0xEDAA, 0x0001, 0xC468, 0x0001,
    0xCD72, 0x0001, 0xFFFF, 0x0001, 0xDE14, 0x0001, 0xB3C5, 0x0001, 0xDD8D, 0x0001, 0xFED0, 0x0001,
    0xFE07, 0x0001, 0xF5C3, 0x0001, 0xED63, 0x0001, 0xCC01, 0x0001, 0xC380, 0x0001, 0xD463, 0x0001,
    0xE5AD, 0x0001, 0xDDB0, 0x0001, 0xBBC6, 0x0001, 0x9A60, 0x0001, 0x8A43, 0x0001, 0x7223, 0x0001,
    0x49C3, 0x0001, 0x2923, 0x0001, 0x0022, 0x0001, 0x18C3, 0x0001, 0xCCC5, 0x0001, 0xFE25, 0x0001,
    0x8324, 0x0001, 0x9323, 0x0001, 0xE4C2, 0x0001, 0xB342, 0x0001, 0xA2E2, 0x0001, 0xE524, 0x0001,
    0xFE25, 0x0001, 0xFE49, 0x0001, 0xF6B0, 0x0001, 0xCD2E, 0x0001, 0x9B04, 0x0001, 0xDC83, 0x0001,
    0xF5C6, 0x0001, 0x8B44, 0x0001, 0x3102, 0x0001, 0xFF8F, 0x0001, 0xFE29, 0x0001, 0xCC87, 0x0001,
    0xBBE6, 0x0001, 0x8AC4, 0x0001, 0xFF8F, 0x0002, 0xED44, 0x0003, 0x18C5, 0x0001, 0xED44, 0x0002,
    0x18C5, 0x0016, 0xED44, 0x0004, 0xFF8F, 0x0002, 0xBC06, 0x0001, 0xF62F, 0x0001, 0xFF57, 0x0001,
    0xF716, 0x0001, 0xFEB1, 0x0001, 0xD509, 0x0001, 0x6180, 0x0001, 0x72C8, 0x0001, 0xFFBD, 0x0001,
    0xFEF4, 0x0001, 0xCC87, 0x0001, 0xEED6, 0x0001, 0xFFB8, 0x0001, 0xFE27, 0x0001, 0xFE46, 0x0001,
    0xFECD, 0x0001, 0xEDCD, 0x0001, 0xD465, 0x0001, 0xD441, 0x0001, 0xF650, 0x0001, 0xFFB8, 0x0001,
    0xFE2A, 0x0001, 0xC3A0, 0x0001, 0x7A02, 0x0001, 0x7A43, 0x0001, 0x7263, 0x0001, 0x4142, 0x0001,
    0x0822, 0x0001, 0x18C3, 0x0001, 0x93C5, 0x0001, 0xBCA5, 0x0001, 0x6203, 0x0001, 0x61A2, 0x0001,
    0xAAE2, 0x0001, 0xA2C3, 0x0001, 0xABC4, 0x0001, 0xFE05, 0x0001, 0xFE85, 0x0001, 0xFE6B, 0x0001,
    0xFF96, 0x0001, 0xE634, 0x0001, 0x9B25, 0x0001, 0xCC02, 0x0001, 0xE545, 0x0001, 0xA3E5, 0x0001,
    0xFF8F, 0x0002, 0x18C5, 0x0001, 0xDCC7, 0x0001, 0xCC47, 0x0001, 0x8AC4, 0x0001, 0xFF8F, 0x0002,
    0xED44, 0x0003, 0x18C5, 0x0001, 0xED44, 0x0002, 0x18C5, 0x0016, 0xED44, 0x0004, 0xFF8F, 0x0002,
    0x9B25, 0x0001, 0xE5CF, 0x0001, 0xFF98, 0x0001, 0xFF57, 0x0001, 0xDDAE, 0x0001, 0x8AE4, 0x0001,
    0x1840, 0x0001, 0x4228, 0x0001, 0xEEB6, 0x0001, 0xFE2E, 0x0001, 0xC468, 0x0001, 0xEF1B, 0x0001,
    0xF73A, 0x0001, 0xD484, 0x0001, 0xE528, 0x0001, 0xFF37, 0x0001, 0xFF39, 0x0001, 0xF66E, 0x0001,
    0xFE05, 0x0001, 0xF66E, 0x0001, 0xFF36, 0x0001, 0xFEEA, 0x0001, 0xC422, 0x0001, 0x6982, 0x0001,
    0xA2E2, 0x0001, 0xD423, 0x0001, 0x8A22, 0x0001, 0x30C2, 0x0001, 0x18C3, 0x0001, 0x3163, 0x0001,
    0x6223, 0x0001, 0x8A63, 0x0001, 0x81E2, 0x0001, 0x8A43, 0x0001, 0xD4A5, 0x0001, 0xFE65, 0x0001,
    0xFE44, 0x0001, 0xFE6C, 0x0001, 0xF6F6, 0x0001, 0xF718, 0x0001, 0xFEF1, 0x0001, 0xFE67, 0x0001,
    0xD463, 0x0001, 0x8A43, 0x0001, 0x18C5, 0x0001, 0xFF8F, 0x0002, 0xD487, 0x0001, 0xD4A7, 0x0001,
    0xBC06, 0x0001, 0x8AC4, 0x0001, 0xFF8F, 0x0001, 0xED44, 0x0004, 0x18C5, 0x0019, 0xED44, 0x0004,
    0xFF8F, 0x0002, 0xA365, 0x0001, 0xEEB6, 0x0001, 0xFFFF, 0x0001, 0xFFFB, 0x0001, 0xC4EC, 0x0001,
    0x7201, 0x0001, 0x6A43, 0x0001, 0x7B28, 0x0001, 0x8369, 0x0001, 0xAC07, 0x0001, 0xDCC8, 0x0001,
    0xD54F, 0x0001, 0xA3EC, 0x0001, 0x9242, 0x0001, 0xB385, 0x0001, 0xF60D, 0x0001, 0xFF0F, 0x0001,
    0xFF30, 0x0001, 0xFF11, 0x0001, 0xFE6D, 0x0001, 0xFE69, 0x0001, 0xFF27, 0x0001, 0xED84, 0x0001,
    0x9AA2, 0x0001, 0x6A02, 0x0001, 0x7263, 0x0001, 0x8A02, 0x0001, 0x5122, 0x0001, 0x10A3, 0x0001,
    0x3943, 0x0001, 0x6982, 0x0001, 0x6921, 0x0001, 0x9283, 0x0001, 0xDD05, 0x0001, 0xFEC5, 0x0001,
    0xFF29, 0x0001, 0xFECF, 0x0001, 0xF66F, 0x0001, 0xFEAF, 0x0001, 0xFF16, 0x0001, 0xFF74, 0x0001,
    0xFEC6, 0x0001, 0xE4C1, 0x0001, 0x9262, 0x0001, 0x81C2, 0x0001, 0x18C5, 0x0001, 0xFF8F, 0x0001,
    0xD4E8, 0x0001, 0xDCE8, 0x0001, 0xBC06, 0x0001, 0xFF8F, 0x0001, 0xED44, 0x0004, 0x18C5, 0x001B,
    0xED44, 0x0004, 0xFF8F, 0x0001, 0x9B25, 0x0001, 0xE656, 0x0001, 0xF79D, 0x0001, 0xEEF6, 0x0001,
    0xC4EC, 0x0001, 0xABC7, 0x0001, 0xCC66, 0x0001, 0xB3C5, 0x0001, 0x59E2, 0x0001, 0x7AC4, 0x0001,
    0xB3E6, 0x0001, 0x9262, 0x0001, 0x79A0, 0x0001, 0x92A3, 0x0001, 0xAB23, 0x0001, 0xC3A0, 0x0001,
    0xED00, 0x0001, 0xFE49, 0x0001, 0xF6D4, 0x0001, 0xFEAF, 0x0001, 0xFE26, 0x0001, 0xEDA5, 0x0001,
    0xFDA5, 0x0001, 0xE4C3, 0x0001, 0x5A03, 0x0001, 0x0842, 0x0001, 0x4902, 0x0001, 0x4122, 0x0001,
    0x18E3, 0x0001, 0x61E3, 0x0001, 0x9242, 0x0001, 0x79E2, 0x0001, 0xABA4, 0x0001, 0xF5E5, 0x0001,
    0xEDA3, 0x0001, 0xEDA9, 0x0001, 0xF6D4, 0x0001, 0xFEAD, 0x0001, 0xFE04, 0x0001, 0xF64E, 0x0001,
    0xF6B3, 0x0001, 0xFE6A, 0x0001, 0xFDC4, 0x0001, 0xD442, 0x0001, 0xA2A2, 0x0001, 0x48A1, 0x0001,
    0xFF8F, 0x0002, 0xC447, 0x0001, 0xFF8F, 0x0001, 0xED44, 0x0005, 0x18C5, 0x001B, 0xED44, 0x0005,
    0xFF8F, 0x0001, 0xAC2A, 0x0001, 0xBC4A, 0x0001, 0x9B87, 0x0001, 0xCD6F, 0x0001, 0xFED4, 0x0001,
    0xBC69, 0x0001, 0x9AC2, 0x0001, 0xB3C5, 0x0001, 0x8B65, 0x0001, 0x51C3, 0x0001, 0x58E1, 0x0001,
    0xA2E2, 0x0001, 0xF5A5, 0x0001, 0xC424, 0x0001, 0x89E1, 0x0001, 0xB320, 0x0001, 0xED01, 0x0001,
    0xFE27, 0x0001, 0xFF51, 0x0001, 0xEE52, 0x0001, 0x9B27, 0x0001, 0xC402, 0x0001, 0xFE45, 0x0001,
    0xABC4, 0x0001, 0x3082, 0x0001, 0x1042, 0x0001, 0x2103, 0x0001, 0x4183, 0x0001, 0x5122, 0x0001,
    0x8A62, 0x0001, 0xED65, 0x0001, 0xE505, 0x0001, 0x92A3, 0x0001, 0x79C2, 0x0001, 0xAB85, 0x0001,
    0xF62A, 0x0001, 0xFF29, 0x0001, 0xFDE4, 0x0001, 0xDC83, 0x0001, 0xD50B, 0x0001, 0xF6D4, 0x0001,
    0xFF4E, 0x0001, 0xF562, 0x0001, 0xAAE1, 0x0001, 0x48A1, 0x0001, 0xFF8F, 0x0003, 0xED44, 0x0005,
    0x18C5, 0x001D, 0xED44, 0x0005, 0xFF8F, 0x0001, 0x9280, 0x0001, 0xA302, 0x0001, 0xBC8A, 0x0001,
    0xBD71, 0x0001, 0xBD0F, 0x0001, 0xBC6A, 0x0001, 0xBC47, 0x0001, 0x8B04, 0x0001, 0x6A42, 0x0001,
    0x9B44, 0x0001, 0xDCC6, 0x0001, 0xE545, 0x0001, 0xC423, 0x0001, 0xAB63, 0x0001, 0xC449, 0x0001,
    0xE58A, 0x0001, 0xFE28, 0x0001, 0xFF4F, 0x0001, 0xEE31, 0x0001, 0x9B06, 0x0001, 0xAB21, 0x0001,
    0xDD05, 0x0001, 0xBB83, 0x0001, 0x7181, 0x0001, 0x4982, 0x0001, 0x51E3, 0x0001, 0x69E2, 0x0001,
    0x6961, 0x0001, 0x8242, 0x0001, 0xC4A5, 0x0001, 0xCCC5, 0x0001, 0xAB64, 0x0001, 0x9B04, 0x0001,
    0xB3A3, 0x0001, 0xE4C2, 0x0001, 0xF605, 0x0001, 0xFE26, 0x0001, 0xE4E0, 0x0001, 0xD483, 0x0001,
    0xE5AF, 0x0001, 0xFF93, 0x0001, 0xFEAC, 0x0001, 0x8A63, 0x0001, 0x6122, 0x0001, 0x18C5, 0x0001,
    0xFF8F, 0x0002, 0xED44, 0x0005, 0x18C5, 0x001D, 0xED44, 0x0006, 0xFF8F, 0x0001, 0xD4A7, 0x0001,
    0x9B24, 0x0001, 0x51E3, 0x0001, 0xD5D1, 0x0001, 0xE653, 0x0001, 0x6265, 0x0001, 0x69E0, 0x0001,
    0xD463, 0x0001, 0xFE45, 0x0001, 0xDD05, 0x0001, 0x9283, 0x0001, 0xBBA2, 0x0001, 0xFE67, 0x0001,
    0xFEF1, 0x0001, 0xF6F8, 0x0001, 0xF6F6, 0x0001, 0xFEAD, 0x0001, 0xFDE5, 0x0001, 0xDCA2, 0x0001,
    0xB363, 0x0001, 0x9263, 0x0001, 0x6962, 0x0001, 0x7A02, 0x0001, 0xC3C2, 0x0001, 0xAB62, 0x0001,
    0x6982, 0x0001, 0x81E2, 0x0001, 0x7A23, 0x0001, 0x4982, 0x0001, 0x9384, 0x0001, 0xFE46, 0x0001,
    0xFEC6, 0x0001, 0xED65, 0x0001, 0xCC23, 0x0001, 0xDCC4, 0x0001, 0xFE46, 0x0001, 0xFEA7, 0x0001,
    0xED43, 0x0001, 0xCC02, 0x0001, 0xF60E, 0x0001, 0xEEB5, 0x0001, 0x7A67, 0x0001, 0x8A62, 0x0001,
    0xF5CB, 0x0001, 0x18C5, 0x0001, 0xFF8F, 0x0002, 0xED44, 0x0005, 0x18C5, 0x001D, 0xED44, 0x0002,
    0x18C5, 0x0001, 0xED44, 0x0003, 0xFF8F, 0x0001, 0xB3A4, 0x0001, 0x9B64, 0x0001, 0xC4CB, 0x0001,
    0x83CB, 0x0001, 0xFF8F, 0x0001, 0xAB20, 0x0001, 0xF503, 0x0001, 0xED45, 0x0001, 0xB383, 0x0001,
    0x9A61, 0x0001, 0xD4EA, 0x0001, 0xFFB2, 0x0001, 0xFF2C, 0x0001, 0xFEAF, 0x0001, 0xF717, 0x0001,
    0xFEAE, 0x0001, 0xFDE3, 0x0001, 0xE4C2, 0x0001, 0xB323, 0x0001, 0x7182, 0x0001, 0x1822, 0x0001,
    0x4162, 0x0001, 0xDC63, 0x0001, 0xBBC2, 0x0001, 0x28E2, 0x0001, 0x3923, 0x0001, 0x7A63, 0x0001,
    0x92E2, 0x0001, 0x9B23, 0x0001, 0xAB84, 0x0001, 0xCCA4, 0x0001, 0xED44, 0x0001, 0xED65, 0x0001,
    0xF5A4, 0x0001, 0xFE47, 0x0001, 0xFF2F, 0x0001, 0xF62C, 0x0001, 0xCBE1, 0x0001, 0xB345, 0x0001,
    0xB42C, 0x0001, 0xCCC7, 0x0001, 0xDCE4, 0x0001, 0xC426, 0x0001, 0xA346, 0x0001, 0xFF8F, 0x0001,
    0xED44, 0x0005, 0x18C5, 0x0021, 0xED44, 0x0004, 0xFF8F, 0x0001, 0xDCC8, 0x0001, 0x8AE3, 0x0001,
    0x1000, 0x0001, 0xFF8F, 0x0002, 0xC3A3, 0x0001, 0x8A23, 0x0001, 0x8201, 0x0001, 0xDC62, 0x0001,
    0xF60E, 0x0001, 0xEE73, 0x0001, 0xFE29, 0x0001, 0xFE6A, 0x0001, 0xF6F5, 0x0001, 0xFEAE, 0x0001,
    0xFE04, 0x0001, 0xE4E2, 0x0001, 0xB342, 0x0001, 0x6982, 0x0001, 0x20A2, 0x0001, 0x41A3, 0x0001,
    0xAB82, 0x0001, 0x92E2, 0x0001, 0x20C2, 0x0001, 0x18A3, 0x0001, 0x7263, 0x0001, 0xCC03, 0x0001,
    0xAAE2, 0x0001, 0x6961, 0x0001, 0xA2C2, 0x0001, 0xE504, 0x0001, 0xFDE6, 0x0001, 0xFE03, 0x0001,
    0xFE26, 0x0001, 0xFEF3, 0x0001, 0xF6B4, 0x0001, 0xDCE5, 0x0001, 0x9A60, 0x0001, 0x9241, 0x0001,
    0xED85, 0x0001, 0xE525, 0x0001, 0x6961, 0x0001, 0xFF8F, 0x0002, 0xED44, 0x0005, 0x18C5, 0x0022,
    0xED44, 0x0004, 0xFF8F, 0x0005, 0x8202, 0x0001, 0x58A1, 0x0001, 0x8242, 0x0001, 0xFE05, 0x0001,
    0xFDA5, 0x0001, 0xCC67, 0x0001, 0xEE10, 0x0001, 0xFF57, 0x0001, 0xF716, 0x0001, 0xFE6C, 0x0001,
    0xFE23, 0x0001, 0xFE43, 0x0001, 0xC423, 0x0001, 0x6982, 0x0001, 0x8262, 0x0001, 0xAB83, 0x0001,
    0x8A62, 0x0001, 0x6982, 0x0001, 0x6162, 0x0001, 0x49A2, 0x0001, 0x51C3, 0x0001, 0x7A02, 0x0001,
    0x9261, 0x0001, 0xB382, 0x0001, 0xED65, 0x0001, 0xF5C5, 0x0001, 0xD484, 0x0001, 0xE4C1, 0x0001,
    0xFE45, 0x0001, 0xFEF3, 0x0001, 0xFEF4, 0x0001, 0xFE06, 0x0001, 0xDC60, 0x0001, 0xB322, 0x0001,
    0xAB43, 0x0001, 0x9AC3, 0x0001, 0x6961, 0x0001, 0xFF8F, 0x0002, 0xED44, 0x0005, 0x18C5, 0x0022,
    0xED44, 0x0006, 0xFF8F, 0x0003, 0x58E1, 0x0001, 0x92A3, 0x0001, 0xCC85, 0x0001, 0xDD26, 0x0001,
    0xDCA2, 0x0002, 0xEE0B, 0x0001, 0xFF14, 0x0001, 0xF6F6, 0x0001, 0xF68F, 0x0001, 0xFEAB, 0x0001,
    0xFF2D, 0x0001, 0xC4CA, 0x0001, 0x71A2, 0x0001, 0xBB61, 0x0001, 0xE483, 0x0001, 0x81E2, 0x0001,
    0x48A1, 0x0001, 0x5942, 0x0001, 0x61C2, 0x0001, 0x5162, 0x0001, 0x5101, 0x0001, 0x8A62, 0x0001,
    0xE4A3, 0x0001, 0xF5A5, 0x0001, 0xE524, 0x0001, 0xDC61, 0x0001, 0xE525, 0x0001, 0xFEAE, 0x0001,
    0xFEF3, 0x0001, 0xFED3, 0x0001, 0xFEAD, 0x0001, 0xFE67, 0x0001, 0xED24, 0x0001, 0xAB02, 0x0001,
    0x81C2, 0x0001, 0x71A2, 0x0001, 0xFF8F, 0x0002, 0xED44, 0x0005, 0x18C5, 0x0022, 0xED44, 0x0005,
    0xFF8F, 0x0002, 0x18C5, 0x0002, 0x79E2, 0x0001, 0xED85, 0x0002, 0x9283, 0x0001, 0xB3C4, 0x0001,
    0xFE66, 0x0001, 0xFE64, 0x0001, 0xFE4A, 0x0001, 0xF6F4, 0x0001, 0xF6F6, 0x0001, 0xFF15, 0x0001,
    0xFF77, 0x0001, 0xCD2F, 0x0001, 0x8A43, 0x0001, 0xB321, 0x0001, 0xCC03, 0x0001, 0x8A22, 0x0001,
    0x30C2, 0x0001, 0x18C3, 0x0001, 0x4942, 0x0001, 0x7181, 0x0001, 0x6141, 0x0001, 0x92A2, 0x0001,
    0xD423, 0x0002, 0xD462, 0x0001, 0xFDE4, 0x0001, 0xFECD, 0x0001, 0xF6F6, 0x0004, 0xFECE, 0x0001,
    0xFE05, 0x0001, 0xED02, 0x0001, 0xB343, 0x0001, 0x71A2, 0x0001, 0xFF8F, 0x0002, 0xED44, 0x0005,
    0x18C5, 0x0022, 0xED44, 0x0005, 0xFF8F, 0x0002, 0xD442, 0x0001, 0xE524, 0x0001, 0xDD25, 0x0001,
    0xE525, 0x0001, 0x9AC3, 0x0001, 0x50A1, 0x0001, 0xA343, 0x0001, 0xFEC7, 0x0001, 0xFEEB, 0x0001,
    0xF690, 0x0001, 0xF6F5, 0x0001, 0xF6F9, 0x0001, 0xFF38, 0x0001, 0xFF71, 0x0001, 0xEDA8, 0x0001,
    0xB342, 0x0001, 0xA2C2, 0x0001, 0xA303, 0x0001, 0x7A22, 0x0001, 0x3122, 0x0001, 0x10A3, 0x0001,
    0x5142, 0x0001, 0x7981, 0x0001, 0x6961, 0x0001, 0x8A62, 0x0001, 0xCC23, 0x0001, 0xECE2, 0x0001,
    0xF5E8, 0x0001, 0xFF31, 0x0001, 0xFEF0, 0x0001, 0xFE8D, 0x0001, 0xFF57, 0x0001, 0xFFBD, 0x0001,
    0xF75B, 0x0001, 0xE5EE, 0x0001, 0xED23, 0x0001, 0xFDE3, 0x0001, 0xD4A5, 0x0001, 0x71C2, 0x0001,
    0x18C5, 0x0001, 0xFF8F, 0x0002, 0xED44, 0x0005, 0x18C5, 0x0021, 0xED44, 0x0005, 0xFF8F, 0x0002,
    0xC3A2, 0x0001, 0xFE05, 0x0001, 0xEDA5, 0x0001, 0xA303, 0x0001, 0x6942, 0x0001, 0x8222, 0x0001,
    0xC462, 0x0001, 0xFE67, 0x0001, 0xFF13, 0x0001, 0xF718, 0x0001, 0xF6F5, 0x0002, 0xF6B0, 0x0001,
    0xEDC6, 0x0001, 0xED42, 0x0001, 0xDCC3, 0x0001, 0xAB03, 0x0001, 0x71C2, 0x0001, 0x49A3, 0x0001,
    0x2943, 0x0001, 0x10A3, 0x0001, 0x3902, 0x0001, 0x5942, 0x0001, 0x6982, 0x0001, 0x9282, 0x0001,
    0xD423, 0x0001, 0xFDA3, 0x0001, 0xFE4A, 0x0001, 0xEE74, 0x0001, 0xF60B, 0x0001, 0xFE24, 0x0001,
    0xFF77, 0x0001, 0xFFFF, 0x0001, 0xFF34, 0x0001, 0xD4A7, 0x0001, 0xCBE2, 0x0001, 0xFE45, 0x0001,
    0xEDA6, 0x0001, 0x8202, 0x0001, 0x50A1, 0x0001, 0x18C5, 0x0001, 0xFF8F, 0x0002, 0xED44, 0x0004,
    0x18C5, 0x0022, 0xED44, 0x0005, 0xFF8F, 0x0001, 0x9AC3, 0x0001, 0xB343, 0x0001, 0x8242, 0x0001,
    0x71A2, 0x0001, 0xA303, 0x0001, 0xED85, 0x0001, 0xFE44, 0x0001, 0xFE27, 0x0001, 0xFED2, 0x0001,
    0xF718, 0x0001, 0xF6F5, 0x0001, 0xFF0E, 0x0001, 0xF5C6, 0x0001, 0xA322, 0x0001, 0xBBE3, 0x0001,
    0xFE05, 0x0001, 0xBBE4, 0x0001, 0x5101, 0x0001, 0x18A2, 0x0001, 0x10C3, 0x0001, 0x10A2, 0x0001,
    0x0882, 0x0001, 0x28E2, 0x0001, 0x71C2, 0x0001, 0xAB02, 0x0001, 0xCC23, 0x0001, 0xDCA3, 0x0001,
    0xD464, 0x0001, 0xCC46, 0x0001, 0xE503, 0x0001, 0xFE46, 0x0001, 0xFF15, 0x0001, 0xFF37, 0x0001,
    0xFE89, 0x0001, 0xDC61, 0x0001, 0xCBE2, 0x0001, 0xFE25, 0x0001, 0xFE06, 0x0001, 0x92A3, 0x0001,
    0x7162, 0x0001, 0x6981, 0x0001, 0xFF8F, 0x0002, 0xED44, 0x0004, 0x18C5, 0x0022, 0xED44, 0x0005,
    0xFF8F, 0x0002, 0x6122, 0x0001, 0x50E1, 0x0001, 0x79C2, 0x0001, 0xAB44, 0x0001, 0xD4C5, 0x0001,
    0xEDC4, 0x0001, 0xFE27, 0x0001, 0xFEB0, 0x0001, 0xF718, 0x0001, 0xF717, 0x0001, 0xFF2D, 0x0001,
    0xED62, 0x0001, 0x79E1, 0x0001, 0x9AE4, 0x0001, 0xFDC5, 0x0001, 0xBBE3, 0x0001, 0x5901, 0x0001,
    0x38C2, 0x0001, 0x3122, 0x0001, 0x3143, 0x0002, 0x4963, 0x0001, 0x8223, 0x0001, 0xB343, 0x0001,
    0xCC03, 0x0001, 0xCBE3, 0x0001, 0xCBE2, 0x0001, 0xDC81, 0x0001, 0xED83, 0x0001, 0xFE47, 0x0001,
    0xFE6A, 0x0001, 0xFE6D, 0x0001, 0xFE8C, 0x0001, 0xF608, 0x0001, 0xED64, 0x0001, 0xDCE4, 0x0001,
    0xB3A4, 0x0001, 0x79E2, 0x0001, 0x79A2, 0x0001, 0x6982, 0x0001, 0xFF8F, 0x0002, 0xED44, 0x0004,
    0x18C5, 0x0021, 0xED44, 0x0005, 0xFF8F, 0x0002, 0x18C5, 0x0002, 0x71A2, 0x0001, 0x8A43, 0x0001,
    0x8223, 0x0001, 0x8203, 0x0001, 0xC422, 0x0001, 0xFE67, 0x0001, 0xFF11, 0x0001, 0xF6F8, 0x0001,
    0xF6F6, 0x0001, 0xFF2D, 0x0001, 0xED84, 0x0001, 0x7A21, 0x0001, 0x7A02, 0x0001, 0xCC02, 0x0001,
    0xB383, 0x0001, 0x8202, 0x0001, 0x7182, 0x0001, 0x5982, 0x0001, 0x51C3, 0x0001, 0x7A23, 0x0001,
    0x9243, 0x0001, 0x8A23, 0x0001, 0xA303, 0x0001, 0xCC23, 0x0001, 0xCC02, 0x0001, 0xD483, 0x0001,
    0xFDE5, 0x0001, 0xFE66, 0x0001, 0xFE25, 0x0001, 0xFE04, 0x0001, 0xFE6B, 0x0001, 0xF6D5, 0x0001,
    0xFF10, 0x0001, 0xF5C4, 0x0001, 0xAB42, 0x0001, 0x71A2, 0x0001, 0x6982, 0x0001, 0x71A2, 0x0001,
    0x6982, 0x0001, 0xFF8F, 0x0002, 0xED44, 0x0004, 0x18C5, 0x0021, 0xED44, 0x0005, 0xFF8F, 0x0002,
    0x6161, 0x0001, 0x79A2, 0x0001, 0x71A2, 0x0001, 0x79C2, 0x0001, 0x8202, 0x0001, 0xAB02, 0x0001,
    0xE4E2, 0x0001, 0xFE88, 0x0001, 0xFF14, 0x0001, 0xF6D6, 0x0001, 0xFE6C, 0x0001, 0xFEC7, 0x0001,
    0xED85, 0x0001, 0x7A02, 0x0001, 0x50C1, 0x0001, 0x8201, 0x0001, 0xBB62, 0x0001, 0xAB43, 0x0001,
    0x59A2, 0x0001, 0x30E2, 0x0001, 0xFF8F, 0x0001, 0x7A83, 0x0001, 0x7202, 0x0001, 0x6982, 0x0001,
    0x9AE2, 0x0001, 0xDC83, 0x0001, 0xD402, 0x0001, 0xC3E2, 0x0001, 0xED24, 0x0001, 0xFDE4, 0x0001,
    0xFE26, 0x0001, 0xFE6D, 0x0001, 0xFED1, 0x0001, 0xF6AE, 0x0001, 0xCCE8, 0x0001, 0xA303, 0x0001,
    0x9AA2, 0x0001, 0xAB02, 0x0001, 0xAB22, 0x0001, 0x9262, 0x0001, 0x6161, 0x0001, 0xFF8F, 0x0002,
    0xED44, 0x0004, 0x18C5, 0x0021, 0xED44, 0x0005, 0xFF8F, 0x0002, 0x6161, 0x0001, 0xAAE3, 0x0001,
    0xA323, 0x0001, 0x69A2, 0x0001, 0x71A1, 0x0001, 0xC3C3, 0x0001, 0xF522, 0x0001, 0xFE07, 0x0001,
    0xFEF1, 0x0001, 0xFEAF, 0x0001, 0xFE25, 0x0001, 0xFE84, 0x0001, 0xF5E6, 0x0001, 0xA323, 0x0001,
    0x5901, 0x0001, 0x6142, 0x0001, 0xC3A2, 0x0001, 0xCC23, 0x0001, 0x39A3, 0x0001, 0x0003, 0x0001,
    0xFF8F, 0x0001, 0x5203, 0x0001, 0x59E3, 0x0001, 0x69A2, 0x0001, 0x9242, 0x0001, 0xBBA2, 0x0001,
    0xE4C3, 0x0001, 0xD463, 0x0001, 0xB362, 0x0001, 0xD462, 0x0001, 0xFE67, 0x0001, 0xFF12, 0x0002,
    0xFEA6, 0x0001, 0xCC41, 0x0001, 0x9AC3, 0x0001, 0xC423, 0x0001, 0xF563, 0x0001, 0xE4A3, 0x0001,
    0xAAE2, 0x0001, 0x6141, 0x0001, 0xFF8F, 0x0002, 0xED44, 0x0004, 0x18C5, 0x0021, 0xED44, 0x0004,
    0xFF8F, 0x0002, 0x18C5, 0x0001, 0x5901, 0x0001, 0xCC44, 0x0001, 0xF5C5, 0x0001, 0x8AC3, 0x0001,
    0x50E1, 0x0001, 0x9262, 0x0001, 0xBBA2, 0x0001, 0xE4C3, 0x0001, 0xFE27, 0x0001, 0xFE88, 0x0001,
    0xFE25, 0x0001, 0xFE65, 0x0001, 0xFE26, 0x0001, 0xDCA3, 0x0001, 0x9AA2, 0x0001, 0x79E2, 0x0001,
    0xCBC3, 0x0001, 0xC423, 0x0001, 0x41A3, 0x0001, 0x0003, 0x0001, 0xFF8F, 0x0001, 0x51E3, 0x0001,
    0x6A23, 0x0001, 0x8A63, 0x0001, 0x7981, 0x0001, 0x79E2, 0x0001, 0xED65, 0x0001, 0xED85, 0x0001,
    0x8222, 0x0001, 0xA323, 0x0001, 0xFE86, 0x0001, 0xFEC9, 0x0001, 0xFE48, 0x0001, 0xFE66, 0x0001,
    0xFE25, 0x0001, 0xFE06, 0x0001, 0xFE46, 0x0001, 0xFDE5, 0x0001, 0xDC63, 0x0001, 0xA2A2, 0x0001,
    0x6161, 0x0001, 0x18C5, 0x0001, 0xFF8F, 0x0002, 0xED44, 0x0004, 0x18C5, 0x001F, 0xED44, 0x0004,
    0xFF8F, 0x0002, 0x18C5, 0x0001, 0xA2C2, 0x0001, 0x6141, 0x0001, 0xC3E3, 0x0001, 0xFE05, 0x0001,
    0xCC43, 0x0001, 0x7A02, 0x0001, 0x79C2, 0x0001, 0x8A43, 0x0001, 0xB362, 0x0001, 0xDC82, 0x0001,
    0xF583, 0x0001, 0xFE06, 0x0002, 0xED44, 0x0001, 0xCC03, 0x0001, 0xB343, 0x0001, 0xAB23, 0x0001,
    0xC362, 0x0001, 0xA2E2, 0x0001, 0x4163, 0x0001, 0xFF8F, 0x0001, 0xED44, 0x0001, 0xFF8F, 0x0001,
    0x6A23, 0x0001, 0x7A43, 0x0001, 0x6982, 0x0001, 0x6962, 0x0001, 0xBBE4, 0x0001, 0xB3E4, 0x0001,
    0x6162, 0x0001, 0x92A3, 0x0001, 0xF5C4, 0x0001, 0xFE03, 0x0001, 0xED23, 0x0001, 0xDCC5, 0x0001,
    0xC465, 0x0001, 0xCCA4, 0x0001, 0xDD25, 0x0001, 0xF544, 0x0001, 0xDC63, 0x0001, 0x9AC2, 0x0001,
    0x6141, 0x0001, 0x58E2, 0x0001, 0x18C5, 0x0001, 0xFF8F, 0x0002, 0xED44, 0x0003, 0x18C5, 0x0001,
    0xED44, 0x0002, 0x18C5, 0x001C, 0xED44, 0x0004, 0xFF8F, 0x0002, 0xE4A3, 0x0001, 0xCBE3, 0x0001,
    0x71C2, 0x0001, 0x8242, 0x0001, 0xCC22, 0x0001, 0xDC83, 0x0001, 0xBBA3, 0x0001, 0x9283, 0x0001,
    0x79E3, 0x0001, 0x8A62, 0x0001, 0xB362, 0x0001, 0xED24, 0x0001, 0xFE26, 0x0001, 0xF564, 0x0001,
    0xBB82, 0x0001, 0x8A22, 0x0001, 0xA303, 0x0001, 0xD423, 0x0001, 0xA2E2, 0x0001, 0x5921, 0x0001,
    0xFF8F, 0x0002, 0xED44, 0x0001, 0xFF8F, 0x0002, 0x49A2, 0x0001, 0x7A43, 0x0001, 0x9263, 0x0001,
    0x79C2, 0x0001, 0x5921, 0x0001, 0x6141, 0x0001, 0x9AA2, 0x0001, 0xCC22, 0x0001, 0xDC43, 0x0001,
    0xBB83, 0x0001, 0x9263, 0x0001, 0x6142, 0x0001, 0x6981, 0x0001, 0xB342, 0x0001, 0xE483, 0x0001,
    0xD423, 0x0001, 0x92A2, 0x0001, 0x6962, 0x0001, 0x71A2, 0x0001, 0x71A1, 0x0001, 0x18C5, 0x0001,
    0xFF8F, 0x0002, 0xED44, 0x0006, 0x18C5, 0x001B, 0xED44, 0x0004, 0xFF8F, 0x0002, 0xE4A3, 0x0001,
    0xE463, 0x0001, 0x8A02, 0x0001, 0x5961, 0x0001, 0x7242, 0x0001, 0x9AE3, 0x0001, 0xC3A3, 0x0001,
    0xCC03, 0x0001, 0x9282, 0x0001, 0x8203, 0x0001, 0xCC44, 0x0001, 0xFEA6, 0x0001, 0xFEC6, 0x0001,
    0xD4A4, 0x0001, 0x8A42, 0x0001, 0x6962, 0x0001, 0xAB03, 0x0001, 0xDC83, 0x0001, 0x7AA3, 0x0001,
    0x0822, 0x0001, 0xFF8F, 0x0002, 0xED44, 0x0001, 0xFF8F, 0x0002, 0x3962, 0x0001, 0x8B03, 0x0001,
    0xBB83, 0x0001, 0x7161, 0x0001, 0x4861, 0x0001, 0x79E2, 0x0001, 0x9AA3, 0x0001, 0x9262, 0x0001,
    0x8222, 0x0001, 0x6961, 0x0001, 0x58E1, 0x0001, 0x6941, 0x0001, 0xA2E2, 0x0001, 0xDCE4, 0x0002,
    0xA303, 0x0001, 0x8202, 0x0001, 0x8A42, 0x0001, 0xAB02, 0x0001, 0xA2C2, 0x0001, 0x71A2, 0x0001,
    0xFF8F, 0x0002, 0xED44, 0x0006, 0x18C5, 0x0018, 0xED44, 0x0002, 0x18C5, 0x0001, 0xED44, 0x0003,
    0xFF8F, 0x0002, 0x18C5, 0x0001, 0xDC43, 0x0001, 0xC3A2, 0x0001, 0x69A2, 0x0001, 0x4122, 0x0001,
    0x51C3, 0x0001, 0x69A3, 0x0001, 0x9262, 0x0001, 0xBBA2, 0x0001, 0xAB22, 0x0001, 0xA303, 0x0001,
    0xE525, 0x0001, 0xF686, 0x0001, 0xEDA5, 0x0001, 0xAB64, 0x0001, 0x79E2, 0x0001, 0x8A63, 0x0001,
    0xC382, 0x0001, 0xC3A2, 0x0001, 0x6A43, 0x0001, 0x10C3, 0x0001, 0xFF8F, 0x0002, 0xED44, 0x0001,
    0xFF8F, 0x0002, 0x4183, 0x0001, 0xA343, 0x0001, 0xDC63, 0x0001, 0xB383, 0x0001, 0x8263, 0x0001,
    0x8223, 0x0001, 0x9283, 0x0001, 0x92A3, 0x0001, 0x8242, 0x0001, 0x79E2, 0x0001, 0x8283, 0x0001,
    0xB383, 0x0001, 0xED44, 0x0001, 0xFEC6, 0x0001, 0xE586, 0x0001, 0x9263, 0x0001, 0x6942, 0x0001,
    0x9AA3, 0x0001, 0xE4C3, 0x0001, 0xD443, 0x0001, 0x79E2, 0x0001, 0xFF8F, 0x0002, 0xED44, 0x0006,
    0x18C5, 0x0018, 0xED44, 0x0002, 0x18C5, 0x0001, 0xED44, 0x0003, 0xFF8F, 0x0002, 0x9A83, 0x0001,
    0xDC02, 0x0001, 0xA342, 0x0001, 0x2902, 0x0001, 0x3923, 0x0001, 0x8243, 0x0001, 0x79E2, 0x0001,
    0x6162, 0x0001, 0x71C2, 0x0001, 0xA302, 0x0001, 0xD443, 0x0001, 0xDCA3, 0x0001, 0xC3E3, 0x0001,
    0xA2E3, 0x0001, 0x79E3, 0x0001, 0x8A43, 0x0001, 0xC3E3, 0x0001, 0xC3A2, 0x0001, 0x8202, 0x0001,
    0x61C2, 0x0001, 0x49C3, 0x0001, 0xFF8F, 0x0002, 0xED44, 0x0002, 0xFF8F, 0x0001, 0x4182, 0x0001,
    0x92E3, 0x0001, 0xDC83, 0x0001, 0xFE25, 0x0001, 0xCCE5, 0x0001, 0x7A02, 0x0001, 0x8A22, 0x0001,
    0xCC03, 0x0001, 0xCC02, 0x0001, 0xCC43, 0x0001, 0xED85, 0x0001, 0xF5E6, 0x0001, 0xFE05, 0x0001,
    0xFEA6, 0x0001, 0xE565, 0x0001, 0x92A3, 0x0001, 0x58E1, 0x0001, 0x8242, 0x0001, 0xF5A5, 0x0001,
    0xED45, 0x0001, 0x71C2, 0x0001, 0xFF8F, 0x0002, 0xED44, 0x0006, 0x18C5, 0x0018, 0xED44, 0x0002,
    0x18C5, 0x0001, 0xED44, 0x0003, 0xFF8F, 0x0002, 0x8A23, 0x0001, 0xFD24, 0x0001, 0xCCC4, 0x0001,
    0x2103, 0x0001, 0x38C2, 0x0001, 0x9A42, 0x0001, 0x79A2, 0x0001, 0x48C1, 0x0001, 0x5101, 0x0001,
    0x7A02, 0x0001, 0xB382, 0x0001, 0xDC42, 0x0001, 0xAB02, 0x0001, 0x6122, 0x0001, 0x8202, 0x0001,
    0xC3C3, 0x0001, 0xBBA2, 0x0001, 0x7222, 0x0001, 0x2882, 0x0001, 0x28E3, 0x0001, 0x4182, 0x0001,
    0xFF8F, 0x0002, 0xED44, 0x0003, 0xFF8F, 0x0001, 0x6A02, 0x0001, 0x9B23, 0x0001, 0xF5E5, 0x0001,
    0xED44, 0x0001, 0x71E2, 0x0001, 0x81E2, 0x0001, 0xCBC3, 0x0001, 0xB362, 0x0001, 0xBBC3, 0x0001,
    0xFDC5, 0x0001, 0xFEC6, 0x0001, 0xFEA6, 0x0001, 0xFE05, 0x0001, 0xD463, 0x0001, 0x8A42, 0x0001,
    0x4861, 0x0001, 0x71C2, 0x0001, 0xF5E6, 0x0001, 0xF5C6, 0x0001, 0x71C2, 0x0001, 0xFF8F, 0x0003,
    0xED44, 0x0006, 0x18C5, 0x0017, 0xED44, 0x0002, 0x18C5, 0x0001, 0xED44, 0x0003, 0xFF8F, 0x0002,
    0x79E2, 0x0001, 0xED45, 0x0001, 0xEDC6, 0x0001, 0x72A3, 0x0001, 0x4922, 0x0001, 0x6982, 0x0001,
    0x71A2, 0x0001, 0x71C2, 0x0001, 0x71A2, 0x0001, 0x5901, 0x0001, 0x71A2, 0x0001, 0xC3C2, 0x0001,
    0xB362, 0x0001, 0x71A2, 0x0001, 0xA302, 0x0001, 0xCC03, 0x0001, 0x8A22, 0x0001, 0x40E2, 0x0001,
    0x18E3, 0x0001, 0x10E3, 0x0001, 0x18A2, 0x0001, 0xFF8F, 0x0002, 0xED44, 0x0003, 0xFF8F, 0x0002,
    0x51C3, 0x0001, 0xB383, 0x0001, 0xC382, 0x0001, 0x71C2, 0x0001, 0x69A2, 0x0001, 0x8223, 0x0001,
    0x6962, 0x0001, 0x71A1, 0x0001, 0xBB82, 0x0001, 0xED64, 0x0001, 0xFDE6, 0x0001, 0xE4E4, 0x0001,
    0xAB02, 0x0001, 0x71A2, 0x0001, 0x50C1, 0x0001, 0x8242, 0x0001, 0xF5C5, 0x0001, 0xED45, 0x0001,
    0x71C2, 0x0001, 0x18C5, 0x0002, 0xFF8F, 0x0002, 0xED44, 0x0005, 0x18C5, 0x0017, 0xED44, 0x0002,
    0x18C5, 0x0001, 0xED44, 0x0003, 0xFF8F, 0x0002, 0xBBA2, 0x0001, 0xAB23, 0x0001, 0xB3C4, 0x0001,
    0xDD45, 0x0001, 0x7B04, 0x0001, 0x28E2, 0x0001, 0x8AA2, 0x0001, 0xC3A2, 0x0001, 0x8202, 0x0001,
    0x50E2, 0x0001, 0x5901, 0x0001, 0x8A42, 0x0001, 0xBB83, 0x0001, 0xBBA2, 0x0001, 0xA322, 0x0001,
    0x8222, 0x0001, 0x6961, 0x0001, 0x8202, 0x0001, 0x92E3, 0x0001, 0x6A63, 0x0001, 0x3122, 0x0001,
    0xFF8F, 0x0002, 0xED44, 0x0003, 0xFF8F, 0x0002, 0x49A3, 0x0001, 0x7202, 0x0001, 0x81E1, 0x0001,
    0x71A1, 0x0001, 0x4122, 0x0001, 0x28E3, 0x0001, 0x4102, 0x0001, 0x6941, 0x0001, 0x79E1, 0x0001,
    0x9AE3, 0x0001, 0xB384, 0x0001, 0xB343, 0x0001, 0x8A22, 0x0001, 0x6162, 0x0001, 0x7A02, 0x0001,
    0xC3C3, 0x0001, 0xED24, 0x0001, 0xC403, 0x0001, 0x6162, 0x0001, 0x5901, 0x0001, 0x71A2, 0x0001,
    0xFF8F, 0x0002, 0xED44, 0x0005, 0x18C5, 0x0017, 0xED44, 0x0002, 0x18C5, 0x0001, 0xED44, 0x0003,
    0xFF8F, 0x0002, 0xC3C2, 0x0001, 0x6941, 0x0001, 0x7A02, 0x0001, 0xFE25, 0x0001, 0xA404, 0x0001,
    0x1882, 0x0001, 0x8282, 0x0001, 0xDC23, 0x0001, 0xAB23, 0x0001, 0x9282, 0x0001, 0x8242, 0x0001,
    0x71A2, 0x0001, 0x9AA3, 0x0001, 0xC3C2, 0x0001, 0x9AA2, 0x0001, 0x50E1, 0x0001, 0x3882, 0x0001,
    0x92A2, 0x0001, 0xECA3, 0x0001, 0xABA3, 0x0001, 0x4183, 0x0001, 0xFF8F, 0x0002, 0xED44, 0x0003,
    0xFF8F, 0x0002, 0x51E3, 0x0001, 0x69C2, 0x0001, 0x7182, 0x0001, 0x7162, 0x0001, 0x4102, 0x0001,
    0x28E2, 0x0001, 0x5982, 0x0001, 0x79C2, 0x0001, 0x6142, 0x0001, 0x6962, 0x0001, 0x79C2, 0x0001,
    0x8203, 0x0001, 0x71A2, 0x0001, 0x6981, 0x0001, 0xAB22, 0x0001, 0xDC83, 0x0001, 0xCBE2, 0x0001,
    0xA2C2, 0x0001, 0x8222, 0x0001, 0x81E2, 0x0001, 0x6981, 0x0001, 0xFF8F, 0x0002, 0xED44, 0x0005,
    0x18C5, 0x0017, 0xED44, 0x0002, 0x18C5, 0x0001, 0xED44, 0x0003, 0xFF8F, 0x0002, 0x71C2, 0x0001,
    0x5901, 0x0001, 0x8222, 0x0001, 0xDC63, 0x0001, 0xAB63, 0x0001, 0x5101, 0x0001, 0x5921, 0x0001,
    0x9AA2, 0x0001, 0xCBE2, 0x0001, 0xE483, 0x0001, 0xC3C2, 0x0001, 0x7A02, 0x0001, 0x6142, 0x0001,
    0x71C2, 0x0001, 0x8A01, 0x0001, 0x5942, 0x0001, 0x0842, 0x0001, 0x51E3, 0x0001, 0xD463, 0x0001,
    0xA383, 0x0001, 0x3963, 0x0001, 0xFF8F, 0x0002, 0xED44, 0x0003, 0xFF8F, 0x0002, 0x51C2, 0x0001,
    0x7A43, 0x0001, 0x9242, 0x0001, 0x8202, 0x0001, 0x6982, 0x0001, 0x69A2, 0x0001, 0x8222, 0x0002,
    0x6982, 0x0001, 0x71A2, 0x0001, 0x8202, 0x0001, 0x71C2, 0x0001, 0x6121, 0x0001, 0x6981, 0x0001,
    0xB342, 0x0001, 0xCC03, 0x0001, 0x8A42, 0x0002, 0xC3C2, 0x0001, 0xA2E2, 0x0001, 0x6141, 0x0001,
    0xFF8F, 0x0002, 0xED44, 0x0005, 0x18C5, 0x0017, 0xED44, 0x0002, 0x18C5, 0x0001, 0xED44, 0x0003,
    0xFF8F, 0x0002, 0x6941, 0x0001, 0x9262, 0x0001, 0xA302, 0x0001, 0xA2A2, 0x0001, 0xB2E2, 0x0001,
    0x9AA2, 0x0001, 0x4102, 0x0001, 0x3922, 0x0001, 0x8AE3, 0x0001, 0xBBC3, 0x0001, 0xB302, 0x0001,
    0x81E1, 0x0001, 0x6162, 0x0001, 0x5162, 0x0001, 0x38E2, 0x0001, 0x30E2, 0x0001, 0x5A03, 0x0001,
    0x8B03, 0x0001, 0xA2E2, 0x0001, 0x9262, 0x0001, 0x5182, 0x0001, 0xFF8F, 0x0002, 0xED44, 0x0003,
    0xFF8F, 0x0002, 0x5A03, 0x0001, 0x69C2, 0x0001, 0xA2E3, 0x0001, 0xDCC5, 0x0001, 0x8B03, 0x0001,
    0x2861, 0x0001, 0x5962, 0x0001, 0x8A22, 0x0001, 0x79A1, 0x0001, 0x9AA2, 0x0001, 0xB363, 0x0001,
    0x9AA2, 0x0001, 0x4902, 0x0001, 0x28A2, 0x0001, 0x9302, 0x0001, 0xCC03, 0x0001, 0x4102, 0x0001,
    0x4982, 0x0001, 0xDC83, 0x0001, 0xC3A2, 0x0001, 0x5921, 0x0001, 0xFF8F, 0x0002, 0xED44, 0x0005,
    0x18C5, 0x0017, 0xED44, 0x0002, 0x18C5, 0x0001, 0xED44, 0x0003, 0xFF8F, 0x0002, 0x69A2, 0x0001,
    0xCC03, 0x0001, 0xBBC2, 0x0001, 0x6162, 0x0001, 0x9AA2, 0x0001, 0xCC43, 0x0001, 0x51E3, 0x0001,
    0x0883, 0x0001, 0x4183, 0x0001, 0x59A2, 0x0001, 0x6141, 0x0001, 0x6162, 0x0001, 0x69A2, 0x0001,
    0x51C2, 0x0001, 0x18E3, 0x0001, 0x3143, 0x0001, 0xB3A3, 0x0001, 0xC382, 0x0001, 0x6162, 0x0001,
    0x6142, 0x0001, 0x6982, 0x0001, 0xFF8F, 0x0001, 0xED44, 0x0005, 0xFF8F, 0x0001, 0x51C3, 0x0001,
    0x5101, 0x0001, 0x9AA2, 0x0001, 0xFDE5, 0x0001, 0xA445, 0x0001, 0x18E3, 0x0001, 0x4102, 0x0001,
    0x6961, 0x0001, 0x5941, 0x0001, 0x9AE2, 0x0001, 0xD423, 0x0001, 0xBB43, 0x0001, 0x5163, 0x0001,
    0x18C3, 0x0001, 0x82E3, 0x0001, 0xC3E3, 0x0001, 0x3963, 0x0001, 0x41A3, 0x0001, 0xC3E3, 0x0001,
    0xB322, 0x0001, 0x5921, 0x0001, 0xFF8F, 0x0001, 0xED44, 0x0006, 0x18C5, 0x0017, 0xED44, 0x0002,
    0x18C5, 0x0001, 0xED44, 0x0003, 0xFF8F, 0x0002, 0x3943, 0x0001, 0xCC23, 0x0001, 0xBBC3, 0x0001,
    0x1882, 0x0001, 0x6A23, 0x0001, 0xE4A3, 0x0001, 0x8282, 0x0001, 0x38C2, 0x0001, 0x5142, 0x0001,
    0x3902, 0x0001, 0x20C2, 0x0001, 0x3943, 0x0001, 0x4922, 0x0001, 0x48E1, 0x0001, 0x7A42, 0x0001,
    0xAB83, 0x0001, 0xBB22, 0x0001, 0x71E2, 0x0001, 0x28E3, 0x0001, 0x28C2, 0x0001, 0xFF8F, 0x0001,
    0xED44, 0x0006, 0xFF8F, 0x0002, 0x6981, 0x0001, 0x79A1, 0x0001, 0x8242, 0x0001, 0xBC65, 0x0001,
    0xCD25, 0x0001, 0x8AA3, 0x0001, 0x3041, 0x0001, 0x1042, 0x0001, 0x6203, 0x0001, 0xAB23, 0x0001,
    0x9242, 0x0001, 0x7A02, 0x0001, 0x92E2, 0x0001, 0xA323, 0x0001, 0xA2E3, 0x0001, 0x9303, 0x0001,
    0x9B43, 0x0001, 0xA303, 0x0001, 0x9A82, 0x0001, 0xFF8F, 0x0001, 0xED44, 0x0006, 0x18C5, 0x001B,
    0xED44, 0x0004, 0xFF8F, 0x0001, 0x10C3, 0x0001, 0x9B02, 0x0001, 0xAB42, 0x0001, 0x49A3, 0x0001,
    0x6A43, 0x0001, 0xB362, 0x0001, 0x9242, 0x0001, 0x7182, 0x0001, 0x79A1, 0x0001, 0x4102, 0x0001,
    0x18C3, 0x0001, 0x5A03, 0x0001, 0x8AE3, 0x0001, 0x9AE3, 0x0001, 0xCBE3, 0x0001, 0xBBA2, 0x0001,
    0x69A2, 0x0001, 0x2082, 0x0001, 0x10A3, 0x0001, 0xFF8F, 0x0001, 0xED44, 0x0007, 0xFF8F, 0x0002,
    0x5142, 0x0001, 0x6162, 0x0001, 0x6961, 0x0001, 0xBBC3, 0x0001, 0xED65, 0x0001, 0xC3A3, 0x0001,
    0x69C2, 0x0001, 0x3963, 0x0001, 0x51A3, 0x0001, 0x7182, 0x0001, 0x40C2, 0x0001, 0x7A42, 0x0001,
    0xECA3, 0x0001, 0xAB02, 0x0001, 0x79C2, 0x0001, 0xDC42, 0x0001, 0xEC83, 0x0001, 0x8A23, 0x0001,
    0xFF8F, 0x0002, 0xED44, 0x0006, 0x18C5, 0x001B, 0xED44, 0x0004, 0xFF8F, 0x0002, 0x6141, 0x0001,
    0x9A82, 0x0001, 0xBBC3, 0x0001, 0x9B02, 0x0001, 0x69A2, 0x0001, 0x79E2, 0x0001, 0x8A22, 0x0001,
    0x71A2, 0x0001, 0x5901, 0x0001, 0x6162, 0x0001, 0xA302, 0x0001, 0xF544, 0x0001, 0xFE26, 0x0001,
    0xBC44, 0x0001, 0x4982, 0x0001, 0x20E3, 0x0001, 0x10A3, 0x0001, 0xFF8F, 0x0001, 0xED44, 0x0009,
    0xFF8F, 0x0001, 0x0023, 0x0001, 0x49A3, 0x0001, 0xBBC3, 0x0001, 0xAB22, 0x0001, 0x71C2, 0x0001,
    0xAB22, 0x0001, 0xDC83, 0x0001, 0xC403, 0x0001, 0x9AA2, 0x0001, 0x5102, 0x0001, 0x0842, 0x0001,
    0x5203, 0x0001, 0xD443, 0x0001, 0x9AC2, 0x0001, 0x6162, 0x0001, 0xC3E3, 0x0001, 0xD423, 0x0001,
    0x79C2, 0x0001, 0xFF8F, 0x0002, 0xED44, 0x0006, 0x18C5, 0x001B, 0xED44, 0x0004, 0xFF8F, 0x0002,
    0x1002, 0x0001, 0x7202, 0x0001, 0xF4A1, 0x0001, 0xC361, 0x0001, 0x6941, 0x0001, 0xAB03, 0x0001,
    0x9B03, 0x0001, 0x3922, 0x0001, 0x69E2, 0x0001, 0xC362, 0x0001, 0xB302, 0x0001, 0xB3A3, 0x0001,
    0xB485, 0x0001, 0x6AC4, 0x0001, 0x10A3, 0x0001, 0x0063, 0x0001, 0xFF8F, 0x0001, 0xED44, 0x000B,
    0xFF8F, 0x0001, 0x4183, 0x0001, 0xA323, 0x0001, 0xC362, 0x0001, 0x9262, 0x0001, 0x6A23, 0x0001,
    0x9343, 0x0001, 0xF4C3, 0x0001, 0xEC83, 0x0001, 0x92C2, 0x0001, 0x4142, 0x0001, 0x4942, 0x0001,
    0x9AA2, 0x0001, 0xC362, 0x0001, 0xAB22, 0x0001, 0x8281, 0x0001, 0x69E1, 0x0001, 0x6981, 0x0001,
    0xFF8F, 0x0001, 0xED44, 0x0003, 0x18C5, 0x0001, 0xED44, 0x0002, 0x18C5, 0x001C, 0xED44, 0x0004,
    0xFF8F, 0x0002, 0x0002, 0x0001, 0x41A3, 0x0001, 0xB3C4, 0x0001, 0x9AC3, 0x0001, 0x6182, 0x0001,
    0xBB82, 0x0001, 0x9B43, 0x0001, 0x20C3, 0x0001, 0x6242, 0x0001, 0xCC02, 0x0001, 0x8A22, 0x0001,
    0x4902, 0x0001, 0x4962, 0x0001, 0x3123, 0x0001, 0x10A2, 0x0001, 0xFF8F, 0x0001, 0xED44, 0x0006,
    0x18C5, 0x0004, 0xED44, 0x0003, 0xFF8F, 0x0001, 0x50E1, 0x0001, 0xB322, 0x0001, 0xC403, 0x0001,
    0x3962, 0x0001, 0x20C2, 0x0001, 0xA342, 0x0001, 0xE4A2, 0x0001, 0xC3C2, 0x0001, 0x9262, 0x0001,
    0x58E1, 0x0001, 0x5101, 0x0001, 0xAB22, 0x0001, 0xBBE3, 0x0001, 0x41A4, 0x0001, 0x0004, 0x0001,
    0xFF8F, 0x0002, 0xED44, 0x0003, 0x18C5, 0x0001, 0xED44, 0x0002, 0x18C5, 0x001C, 0xED44, 0x0004,
    0xFF8F, 0x0002, 0x0820, 0x0001, 0x2125, 0x0001, 0x528D, 0x0001, 0x31AA, 0x0001, 0x20A1, 0x0001,
    0x71E1, 0x0001, 0x9263, 0x0001, 0x6182, 0x0001, 0x4961, 0x0001, 0x49A1, 0x0001, 0x51A2, 0x0001,
    0x61A2, 0x0001, 0x6161, 0x0001, 0x4902, 0x0001, 0xFF8F, 0x0001, 0xED44, 0x0003, 0x18C5, 0x0008,
    0xED44, 0x0004, 0xFF8F, 0x0001, 0x51C3, 0x0001, 0x51E2, 0x0001, 0x5941, 0x0001, 0x40E0, 0x0001,
    0x3941, 0x0001, 0x69E1, 0x0001, 0x9A40, 0x0001, 0x9201, 0x0001, 0x5122, 0x0001, 0x1882, 0x0001,
    0x28E0, 0x0001, 0x49C3, 0x0001, 0x29CC, 0x0001, 0x0970, 0x0001, 0xFF8F, 0x0002, 0xED44, 0x0003,
    0x18C5, 0x0001, 0xED44, 0x0002, 0x18C5, 0x001C, 0xED44, 0x0004, 0xFF8F, 0x0002, 0x2104, 0x0001,
    0x196B, 0x0001, 0x11D3, 0x0001, 0x21CD, 0x0001, 0x3142, 0x0001, 0x38E0, 0x0001, 0x5100, 0x0001,
    0x6140, 0x0001, 0x28E4, 0x0001, 0x00A7, 0x0001, 0x2944, 0x0001, 0x59C2, 0x0001, 0x6182, 0x0001,
    0xFF8F, 0x0002, 0xED44, 0x0003, 0x18C5, 0x0008, 0xED44, 0x0004, 0xFF8F, 0x0002, 0x0863, 0x0001,
    0x5985, 0x0001, 0x59C6, 0x0001, 0x08C7, 0x0001, 0x18E7, 0x0001, 0x5145, 0x0001, 0x5122, 0x0001,
    0x4941, 0x0001, 0x3963, 0x0001, 0x10C4, 0x0001, 0x08C9, 0x0001, 0x2A32, 0x0001, 0x3A94, 0x0001,
    0xFF8F, 0x0002, 0xED44, 0x0003, 0x18C5, 0x0001, 0xED44, 0x0002, 0x18C5, 0x001C, 0xED44, 0x0004,
    0xFF8F, 0x0002, 0x2A10, 0x0001, 0x2233, 0x0001, 0x19F3, 0x0001, 0x62AC, 0x0001, 0x8AC4, 0x0001,
    0x4162, 0x0001, 0x0841, 0x0001, 0x1881, 0x0001, 0x218B, 0x0001, 0x21F0, 0x0001, 0x1927, 0x0001,
    0x18A1, 0x0001, 0x18C3, 0x0001, 0xFF8F, 0x0001, 0xED44, 0x0004, 0x18C5, 0x0008, 0xED44, 0x0005,
    0xFF8F, 0x0001, 0x18C3, 0x0001, 0x29AC, 0x0001, 0x2A32, 0x0001, 0x21F0, 0x0001, 0x2A12, 0x0001,
    0x29CF, 0x0001, 0x10C6, 0x0001, 0x4140, 0x0001, 0x8AC4, 0x0001, 0x62AB, 0x0001, 0x19F2, 0x0001,
    0x2234, 0x0001, 0x2A31, 0x0001, 0xFF8F, 0x0002, 0xED44, 0x0003, 0x18C5, 0x0001, 0xED44, 0x0002,
    0x18C5, 0x001C, 0xED44, 0x0004, 0xFF8F, 0x0002, 0x3252, 0x0001, 0x2A75, 0x0001, 0x2212, 0x0001,
    0x72EA, 0x0001, 0xA345, 0x0001, 0x4A08, 0x0001, 0x010B, 0x0001, 0x114A, 0x0001, 0x2A10, 0x0001,
    0x2A31, 0x0001, 0x1927, 0x0001, 0x0860, 0x0001, 0xFF8F, 0x0002, 0xED44, 0x0004, 0x18C5, 0x0008,
    0xED44, 0x0005, 0xFF8F, 0x0002, 0x2212, 0x0001, 0x2276, 0x0001, 0x2A53, 0x0002, 0x2212, 0x0001,
    0x014E, 0x0001, 0x41E7, 0x0001, 0xA344, 0x0001, 0x730C, 0x0001, 0x2234, 0x0001, 0x2A54, 0x0001,
    0x320F, 0x0001, 0xFF8F, 0x0002, 0xED44, 0x0003, 0x18C5, 0x0001, 0xED44, 0x0002, 0x18C5, 0x001C,
    0xED44, 0x0004, 0xFF8F, 0x0002, 0x21F0, 0x0001, 0x2214, 0x0001, 0x2213, 0x0001, 0x62AA, 0x0001,
    0x9305, 0x0001, 0x528D, 0x0001, 0x1A14, 0x0001, 0x2232, 0x0001, 0x2A54, 0x0001, 0x29F0, 0x0001,
    0x2126, 0x0001, 0x1880, 0x0001, 0xFF8F, 0x0002, 0xED44, 0x0004, 0x18C5, 0x0008, 0xED44, 0x0005,
    0xFF8F, 0x0002, 0x29EF, 0x0001, 0x2A32, 0x0002, 0x2A11, 0x0002, 0x1A13, 0x0001, 0x528E, 0x0001,
    0x9305, 0x0001, 0x6289, 0x0001, 0x2212, 0x0001, 0x2234, 0x0001, 0x2A11, 0x0001, 0xFF8F, 0x0002,
    0xED44, 0x0003, 0x18C5, 0x0001, 0xED44, 0x0002, 0x18C5, 0x001C, 0xED44, 0x0004, 0xFF8F, 0x0002,
    0x0971, 0x0001, 0x11D4, 0x0001, 0x2213, 0x0001, 0x72CA, 0x0001, 0x9325, 0x0001, 0x528D, 0x0001,
    0x1A14, 0x0001, 0x1A13, 0x0001, 0x2A55, 0x0001, 0x2A11, 0x0001, 0x2147, 0x0001, 0x1080, 0x0001,
    0xFF8F, 0x0001, 0xED44, 0x0005, 0x18C5, 0x0008, 0xED44, 0x0005, 0xFF8F, 0x0002, 0x18C4, 0x0001,
    0x216A, 0x0001, 0x2A32, 0x0001, 0x3253, 0x0001, 0x2A11, 0x0001, 0x2213, 0x0001, 0x528D, 0x0001,
    0x9305, 0x0001, 0x6AA9, 0x0001, 0x2233, 0x0001, 0x2235, 0x0001, 0x2212, 0x0001, 0xFF8F, 0x0002,
    0xED44, 0x0003, 0x18C5, 0x0001, 0xED44, 0x0002, 0x18C5, 0x001C, 0xED44, 0x0004, 0xFF8F, 0x0002,
    0x83EF, 0x0001, 0x5B73, 0x0001, 0x19F3, 0x0001, 0x520A, 0x0001, 0x8AC4, 0x0001, 0x422D, 0x0001,
    0x19F2, 0x0001, 0x424D, 0x0001, 0x422D, 0x0001, 0x198C, 0x0001, 0x1906, 0x0001, 0xFF8F, 0x0001,
    0xED44, 0x0005, 0x18C5, 0x0009, 0xED44, 0x0005, 0xFF8F, 0x0002, 0x1060, 0x0001, 0x18E4, 0x0001,
    0x218B, 0x0001, 0x2211, 0x0001, 0x19F3, 0x0001, 0x0193, 0x0001, 0x422C, 0x0001, 0x9305, 0x0001,
    0x5A6B, 0x0001, 0x11B3, 0x0001, 0x3A30, 0x0001, 0x524B, 0x0001, 0xFF8F, 0x0002, 0xED44, 0x0003,
    0x18C5, 0x0001, 0xED44, 0x0002, 0x18C5, 0x0019, 0xED44, 0x0002, 0x18C5, 0x0001, 0xED44, 0x0003,
    0xFF8F, 0x0002, 0x18C5, 0x0001, 0xFEAA, 0x0001, 0xCD8F, 0x0001, 0x3272, 0x0001, 0x49EA, 0x0001,
    0x9305, 0x0001, 0x3A2E, 0x0001, 0x3A50, 0x0001, 0x8B07, 0x0001, 0x6223, 0x0001, 0x08A3, 0x0001,
    0xFF8F, 0x0002, 0xED44, 0x0005, 0x18C5, 0x000A, 0xED44, 0x0005, 0xFF8F, 0x0001, 0x10C3, 0x0001,
    0x18C2, 0x0002, 0x216A, 0x0001, 0x2213, 0x0001, 0x11D4, 0x0001, 0x4A4C, 0x0001, 0x9305, 0x0001,
    0x526B, 0x0001, 0x2211, 0x0001, 0x7AE9, 0x0001, 0xA322, 0x0001, 0x18C5, 0x0001, 0xFF8F, 0x0002,
    0xED44, 0x0006, 0x18C5, 0x0017, 0xED44, 0x0006, 0xFF8F, 0x0002, 0x18C5, 0x0001, 0x31ED, 0x0001,
    0xABE7, 0x0001, 0xCCA8, 0x0001, 0xA48E, 0x0001, 0xBD0D, 0x0001, 0xCCE9, 0x0001, 0x8349, 0x0001,
    0x82C7, 0x0001, 0xAB62, 0x0001, 0x6A21, 0x0001, 0x0861, 0x0001, 0xFF8F, 0x0002, 0xED44, 0x0005,
    0x18C5, 0x000A, 0xED44, 0x0006, 0xFF8F, 0x0001, 0x1082, 0x0001, 0x1081, 0x0001, 0x3964, 0x0001,
    0x7B0A, 0x0001, 0x9C6F, 0x0001, 0x9C2C, 0x0001, 0x9325, 0x0001, 0x8BAA, 0x0001, 0xACCF, 0x0001,
    0xD529, 0x0001, 0xBC48, 0x0001, 0x3A91, 0x0001, 0x18C5, 0x0001, 0xFF8F, 0x0002, 0xED44, 0x0006,
    0x18C5, 0x0016, 0xED44, 0x0005, 0xFF8F, 0x0002, 0x18C5, 0x0001, 0x1216, 0x0001, 0x2A75, 0x0001,
    0x6AEB, 0x0001, 0xBBE4, 0x0001, 0xED88, 0x0001, 0xFE4B, 0x0001, 0xE589, 0x0001, 0xA3A6, 0x0001,
    0x8AE5, 0x0001, 0x8B06, 0x0001, 0x5205, 0x0001, 0x1083, 0x0001, 0xFF8F, 0x0002, 0xED44, 0x0005,
    0x18C5, 0x000A, 0xED44, 0x0006, 0xFF8F, 0x0002, 0x10A3, 0x0001, 0x4984, 0x0001, 0xA366, 0x0001,
    0xF5C9, 0x0001, 0xDD28, 0x0001, 0x9B24, 0x0001, 0xB406, 0x0001, 0xFE49, 0x0001, 0xFEEB, 0x0001,
    0xB510, 0x0001, 0x2A53, 0x0001, 0x0112, 0x0001, 0x18C5, 0x0001, 0xFF8F, 0x0002, 0xED44, 0x0005,
    0x18C5, 0x0015, 0xED44, 0x0005, 0xFF8F, 0x0003, 0x29AC, 0x0001, 0x1ABA, 0x0001, 0x43FF, 0x0001,
    0xAD54, 0x0001, 0xE526, 0x0001, 0xBBE3, 0x0001, 0xBBA2, 0x0001, 0xABA4, 0x0001, 0x62AB, 0x0001,
    0x3A50, 0x0001, 0x3A4F, 0x0001, 0x2988, 0x0001, 0x10A2, 0x0001, 0xFF8F, 0x0002, 0xED44, 0x0005,
    0x18C5, 0x000A, 0xED44, 0x0006, 0xFF8F, 0x0002, 0x10A2, 0x0001, 0x2169, 0x0001, 0x528D, 0x0001,
    0xA3C8, 0x0001, 0xBBC2, 0x0001, 0x9B02, 0x0001, 0x92C2, 0x0001, 0xCC24, 0x0001, 0xFE6A, 0x0001,
    0xBD30, 0x0001, 0x19F3, 0x0001, 0x0152, 0x0001, 0x320E, 0x0001, 0xFF8F, 0x0003, 0xED44, 0x0004,
    0x18C5, 0x0015, 0xED44, 0x0004, 0xFF8F, 0x0002, 0x18C5, 0x0002, 0x2276, 0x0001, 0x543F, 0x0001,
    0x9DBB, 0x0001, 0xE5CD, 0x0001, 0xCCA7, 0x0001, 0x7B4C, 0x0001, 0x6AEB, 0x0001, 0x6B0C, 0x0001,
    0x3230, 0x0001, 0x11F5, 0x0001, 0x1A15, 0x0001, 0x218B, 0x0001, 0x10A1, 0x0001, 0xFF8F, 0x0002,
    0xED44, 0x0005, 0x18C5, 0x000A, 0xED44, 0x0006, 0xFF8F, 0x0002, 0x18A1, 0x0001, 0x116D, 0x0001,
    0x1A14, 0x0001, 0x4A2C, 0x0001, 0x72A8, 0x0001, 0x83AE, 0x0001, 0x6B4E, 0x0001, 0x732C, 0x0001,
    0xC467, 0x0001, 0xCCA7, 0x0001, 0x7BAF, 0x0001, 0x4359, 0x0001, 0x22B7, 0x0001, 0x18C5, 0x0002,
    0xFF8F, 0x0002, 0xED44, 0x0004, 0x18C5, 0x0013, 0xED44, 0x0004, 0xFF8F, 0x0002, 0x18C5, 0x0001,
    0x29AD, 0x0001, 0x2A96, 0x0001, 0x3BFF, 0x0001, 0xA5BA, 0x0001, 0xF5EA, 0x0001, 0xCC02, 0x0001,
    0x7B0A, 0x0001, 0x541C, 0x0001, 0x54DF, 0x0001, 0x543D, 0x0001, 0x32B4, 0x0001, 0x21F1, 0x0001,
    0x2A32, 0x0001, 0x218B, 0x0001, 0x10A2, 0x0001, 0xFF8F, 0x0002, 0xED44, 0x0005, 0x18C5, 0x000A,
    0xED44, 0x0006, 0xFF8F, 0x0002, 0x10A2, 0x0001, 0x218B, 0x0001, 0x2A32, 0x0001, 0x21F0, 0x0001,
    0x32B4, 0x0001, 0x543E, 0x0001, 0x54DF, 0x0001, 0x541C, 0x0001, 0x7B0A, 0x0001, 0xC3E1, 0x0001,
    0xEDCA, 0x0001, 0xA5BA, 0x0001, 0x3BFF, 0x0001, 0x2A96, 0x0001, 0x29AD, 0x0001, 0x18C5, 0x0001,
    0xFF8F, 0x0002, 0xED44, 0x0003, 0x18C5, 0x0013, 0xED44, 0x0003, 0xFF8F, 0x0003, 0x218F, 0x0001,
    0x1A9A, 0x0001, 0x4C3F, 0x0001, 0xADD9, 0x0001, 0xE58A, 0x0001, 0xCC02, 0x0001, 0x8B6B, 0x0001,
    0x53B7, 0x0001, 0x4C5F, 0x0001, 0x553F, 0x0001, 0x54FF, 0x0001, 0x3B39, 0x0001, 0x21CE, 0x0001,
    0x2169, 0x0001, 0x2125, 0x0001, 0x18C2, 0x0001, 0xFF8F, 0x0002, 0xED44, 0x0005, 0x18C5, 0x000A,
    0xED44, 0x0006, 0xFF8F, 0x0002, 0x18C2, 0x0001, 0x2105, 0x0001, 0x216A, 0x0001, 0x21F1, 0x0001,
    0x2277, 0x0001, 0x333B, 0x0001, 0x447F, 0x0001, 0x54BF, 0x0001, 0x53F7, 0x0001, 0x8B8B, 0x0001,
    0xD463, 0x0001, 0xDD6B, 0x0001, 0x9D57, 0x0001, 0x5C5C, 0x0001, 0x32D8, 0x0001, 0x21AF, 0x0001,
    0xFF8F, 0x0003, 0xED44, 0x0006, 0x18C5, 0x000B, 0xED44, 0x0006, 0xFF8F, 0x0002, 0x18C5, 0x0002,
    0x3295, 0x0001, 0x4C1F, 0x0001, 0x957B, 0x0001, 0xEDCC, 0x0001, 0xD443, 0x0001, 0x7AE9, 0x0001,
    0x53DA, 0x0001, 0x4CDF, 0x0001, 0x549F, 0x0001, 0x5C5E, 0x0001, 0x4BDA, 0x0001, 0x3294, 0x0001,
    0x216A, 0x0001, 0x18A2, 0x0001, 0x18A1, 0x0001, 0x10C3, 0x0001, 0xFF8F, 0x0001, 0xED44, 0x0006,
    0x18C5, 0x000B, 0xED44, 0x0006, 0xFF8F, 0x0001, 0x10C3, 0x0001, 0x10A1, 0x0001, 0x18C2, 0x0001,
    0x29AC, 0x0001, 0x29CF, 0x0001, 0x21AD, 0x0001, 0x3AD5, 0x0001, 0x545E, 0x0001, 0x54FF, 0x0001,
    0x4BD9, 0x0001, 0x72E9, 0x0001, 0xE4A3, 0x0001, 0xF64D, 0x0001, 0x7D5F, 0x0001, 0x33DF, 0x0001,
    0x3295, 0x0001, 0x18C5, 0x0002, 0xFF8F, 0x0002, 0xED44, 0x0006, 0x18C5, 0x000A, 0xED44, 0x0006,
    0xFF8F, 0x0002, 0x29CF, 0x0001, 0x2297, 0x0001, 0x4C1D, 0x0001, 0xAD97, 0x0001, 0xDD4A, 0x0001,
    0xBBE4, 0x0001, 0x7B6C, 0x0001, 0x53FA, 0x0001, 0x443E, 0x0001, 0x54BF, 0x0001, 0x5D1F, 0x0001,
    0x4336, 0x0001, 0x2147, 0x0001, 0x18E4, 0x0001, 0x1905, 0x0001, 0x18C2, 0x0001, 0x10A1, 0x0001,
    0xFF8F, 0x0001, 0xED44, 0x0006, 0x18C5, 0x0010, 0xED44, 0x0003, 0xFF8F, 0x0001, 0x10A1, 0x0001,
    0x18C2, 0x0001, 0x1905, 0x0001, 0x18E4, 0x0002, 0x218C, 0x0001, 0x32F7, 0x0001, 0x4C3E, 0x0001,
    0x443E, 0x0001, 0x4BDA, 0x0001, 0xCD4D, 0x0001, 0xF62C, 0x0001, 0x6CBD, 0x0001, 0x2C1F, 0x0001,
    0x4C1D, 0x0001, 0x3AD5, 0x0001, 0x21D0, 0x0001, 0xFF8F, 0x0002, 0xED44, 0x0006, 0x18C5, 0x000A,
    0xED44, 0x0006, 0xFF8F, 0x0002, 0x3252, 0x0001, 0x2B3C, 0x0001, 0x651F, 0x0001, 0xEED4, 0x0001,
    0xFDE3, 0x0001, 0xB341, 0x0001, 0x6374, 0x0001, 0x553F, 0x0002, 0x5C9F, 0x0001, 0x4397, 0x0001,
    0x21AB, 0x0001, 0x0800, 0x0002, 0x18C2, 0x0001, 0x18C3, 0x0001, 0xFF8F, 0x0001, 0xED44, 0x0003,
    0x18C5, 0x0014, 0xED44, 0x0004, 0xFF8F, 0x0001, 0x18C3, 0x0001, 0x18A1, 0x0001, 0x1060, 0x0001,
    0x10A0, 0x0001, 0x10A4, 0x0001, 0x29CE, 0x0001, 0x541D, 0x0001, 0x555F, 0x0001, 0x551F, 0x0001,
    0xA514, 0x0001, 0xDD29, 0x0001, 0xB553, 0x0001, 0x859D, 0x0001, 0x5D1F, 0x0001, 0x3B5A, 0x0001,
    0x3253, 0x0001, 0xFF8F, 0x0002, 0xED44, 0x0006, 0x18C5, 0x000E, 0xED44, 0x0003, 0xFF8F, 0x0001,
    0x29EF, 0x0001, 0x2AB8, 0x0001, 0x547F, 0x0001, 0xCE15, 0x0001, 0xF566, 0x0001, 0xAB62, 0x0001,
    0x6330, 0x0001, 0x549F, 0x0001, 0x551F, 0x0001, 0x4B99, 0x0001, 0x2126, 0x0001, 0x0800, 0x0001,
    0xFF8F, 0x0004, 0xED44, 0x0004, 0x18C5, 0x0015, 0xED44, 0x0004, 0xFF8F, 0x0004, 0x0800, 0x0001,
    0x1926, 0x0001, 0x4B99, 0x0001, 0x551F, 0x0001, 0x549F, 0x0001, 0x6B30, 0x0001, 0xAB62, 0x0001,
    0xF566, 0x0001, 0xCE15, 0x0001, 0x547F, 0x0001, 0x2AB8, 0x0001, 0x29EF, 0x0001, 0xFF8F, 0x0001,
    0xED44, 0x0006, 0x18C5, 0x000F, 0xED44, 0x0004, 0xFF8F, 0x0001, 0x2A96, 0x0001, 0x32D6, 0x0001,
    0x5AEE, 0x0001, 0x6243, 0x0001, 0x49A2, 0x0001, 0x31A7, 0x0001, 0x2A0C, 0x0001, 0x324D, 0x0001,
    0x29CB, 0x0001, 0xFF8F, 0x0002, 0xED44, 0x0007, 0x18C5, 0x0016, 0xED44, 0x0008, 0xFF8F, 0x0002,
    0x29CB, 0x0001, 0x324D, 0x0001, 0x2A0C, 0x0001, 0x2967, 0x0001, 0x4161, 0x0001, 0x6A41, 0x0001,
    0x632C, 0x0001, 0x32D6, 0x0001, 0x2297, 0x0001, 0xFF8F, 0x0001, 0xED44, 0x0003, 0x18C5, 0x0014,
    0xED44, 0x0004, 0xFF8F, 0x0001, 0x21D0, 0x0001, 0x10E8, 0x0001, 0x0000, 0x0001, 0x0062, 0x0001,
    0x1082, 0x0001, 0x1040, 0x0001, 0x1060, 0x0002, 0xFF8F, 0x0001, 0xED44, 0x0008, 0x18C5, 0x0016,
    0xED44, 0x0009, 0xFF8F, 0x0001, 0x1040, 0x0001, 0x1060, 0x0001, 0x1040, 0x0001, 0x1082, 0x0001,
    0x0862, 0x0001, 0x0001, 0x0001, 0x08E9, 0x0001, 0x21D0, 0x0001, 0xFF8F, 0x0001, 0xED44, 0x0004,
    0x18C5, 0x0014, 0xED44, 0x0005, 0xFF8F, 0x0008, 0xED44, 0x0009, 0x18C5, 0x0017, 0xED44, 0x0009,
    0xFF8F, 0x0008, 0xED44, 0x0004, 0x18C5, 0x0016, 0xED44, 0x0010, 0x18C5, 0x0001, 0xED44, 0x0003,
    0x18C5, 0x0019, 0xED44, 0x0002, 0x18C5, 0x0001, 0xED44, 0x0011, 0x18C5, 0x0016, 0xED44, 0x000F,
    0x18C5, 0x0002, 0xED44, 0x0002, 0x18C5, 0x001E, 0xED44, 0x0010, 0x18C5, 0x000B, 0x18C5, 0x0132,
    0xED44, 0x0001, 0x18C5, 0x0056, 0xED44, 0x0002, 0x18C5, 0x004F, 0xED44, 0x0003, 0x18C5, 0x0002,
    0xED44, 0x0004, 0x18C5, 0x0004, 0xED44, 0x0002, 0x18C5, 0x0048, 0xED44, 0x0004, 0x18C5, 0x0001,
    0xED44, 0x0004, 0x18C5, 0x0003, 0xED44, 0x0004, 0x18C5, 0x0042, 0xED44, 0x0002, 0x18C5, 0x0002,
    0xED44, 0x0005, 0x18C5, 0x0001, 0xED44, 0x0004, 0x18C5, 0x0003, 0xED44, 0x0004, 0x18C5, 0x003C,
    0xED44, 0x0001, 0x18C5, 0x0004, 0xED44, 0x0003, 0x18C5, 0x0002, 0xED44, 0x000B, 0x18C5, 0x0001,
    0xED44, 0x0006, 0x18C5, 0x0001, 0xED44, 0x0002, 0x18C5, 0x0037, 0xED44, 0x0003, 0x18C5, 0x0002,
    0xED44, 0x0005, 0x18C5, 0x0001, 0xED44, 0x0016, 0x18C5, 0x0035, 0xED44, 0x0004, 0x18C5, 0x0002,
    0xED44, 0x001C, 0x18C5, 0x0035, 0xED44, 0x0004, 0x18C5, 0x0001, 0xED44, 0x001E, 0x18C5, 0x0034,
    0xED44, 0x0023, 0x18C5, 0x0033, 0xED44, 0x0012, 0xFF8F, 0x0003, 0xED44, 0x000F, 0x18C5, 0x0030,
    0xED44, 0x0001, 0x18C5, 0x0002, 0xED44, 0x0011, 0xFF8F, 0x0005, 0xED44, 0x000F, 0x18C5, 0x0002,
    0xED44, 0x0003, 0x18C5, 0x0029, 0xED44, 0x0003, 0x18C5, 0x0001, 0xED44, 0x000E, 0xFF8F, 0x0004,
    0x18C5, 0x0003, 0xFF8F, 0x0002, 0xED44, 0x0001, 0xFF8F, 0x0007, 0xED44, 0x0006, 0x18C5, 0x0001,
    0xED44, 0x0004, 0x18C5, 0x0028, 0xED44, 0x000F, 0xFF8F, 0x0007, 0x18C5, 0x0001, 0xC426, 0x0001,
    0xFD89, 0x0001, 0xC447, 0x0001, 0xFF8F, 0x000B, 0xED44, 0x000A, 0x18C5, 0x0028, 0xED44, 0x000E,
    0xFF8F, 0x0005, 0x18C5, 0x0003, 0xD485, 0x0001, 0xD4E8, 0x0001, 0xF589, 0x0001, 0xCC67, 0x0001,
    0xFF8F, 0x0003, 0x18C5, 0x0007, 0xFF8F, 0x0002, 0xED44, 0x000A, 0x18C5, 0x0027, 0xED44, 0x0008,
    0xFF8F, 0x0007, 0x18C5, 0x0004, 0xC467, 0x0001, 0xD4A7, 0x0001, 0xC447, 0x0001, 0xED69, 0x0001,
    0xEDEB, 0x0001, 0xFF8F, 0x0003, 0x18C5, 0x0002, 0xEDEB, 0x0001, 0xFEAC, 0x0001, 0xFE4C, 0x0001,
    0xDD29, 0x0001, 0xCC67, 0x0001, 0xDCC7, 0x0001, 0xCC67, 0x0001, 0x18C5, 0x0001, 0xFF8F, 0x0002,
    0xED44, 0x0009, 0x18C5, 0x0002, 0xED44, 0x0001, 0x18C5, 0x0023, 0xED44, 0x0008, 0xFF8F, 0x0007,
    0x18C5, 0x0001, 0xFE8C, 0x0001, 0xED89, 0x0001, 0xABC6, 0x0001, 0x8AE5, 0x0001, 0xAB41, 0x0001,
    0xE508, 0x0001, 0xF6B7, 0x0001, 0xFFB8, 0x0001, 0xF60B, 0x0001, 0xFF8F, 0x0002, 0x18C5, 0x0001,
    0xDC64, 0x0001, 0xC426, 0x0001, 0xE634, 0x0001, 0xFFFD, 0x0002, 0xFFD4, 0x0001, 0xFF4B, 0x0001,
    0xFEEB, 0x0001, 0xFDEB, 0x0001, 0xD4C7, 0x0001, 0x18C5, 0x0001, 0xFF8F, 0x0002, 0xED44, 0x0008,
    0x18C5, 0x0001, 0xED44, 0x0003, 0x18C5, 0x0022, 0xED44, 0x0007, 0xFF8F, 0x0002, 0x18C5, 0x0006,
    0xF60B, 0x0001, 0xFE8C, 0x0001, 0xED69, 0x0001, 0xB3C5, 0x0001, 0xAB65, 0x0001, 0xB3C6, 0x0001,
    0xDDAF, 0x0001, 0xFFFD, 0x0001, 0xFFFA, 0x0001, 0xF60B, 0x0001, 0x18C5, 0x0002, 0xD4E8, 0x0001,
    0xFD67, 0x0001, 0xE529, 0x0001, 0xEEF6, 0x0001, 0xFFFE, 0x0001, 0xE75D, 0x0001, 0xEEF4, 0x0001,
    0xFF4B, 0x0001, 0xFEAA, 0x0001, 0xF5EB, 0x0001, 0xD4C7, 0x0001, 0xC426, 0x0001, 0x18C5, 0x0001,
    0xFF8F, 0x0002, 0xED44, 0x0007, 0x18C5, 0x0001, 0xED44, 0x0004, 0x18C5, 0x0021, 0xED44, 0x0007,
    0xFF8F, 0x0002, 0xFEEB, 0x0001, 0xFFEC, 0x0001, 0xFF2B, 0x0001, 0xF64B, 0x0001, 0xFE2C, 0x0001,
    0xFE4C, 0x0001, 0xED89, 0x0001, 0xD4C8, 0x0001, 0xABC6, 0x0001, 0xA344, 0x0001, 0xC406, 0x0001,
    0xE614, 0x0001, 0xF79B, 0x0001, 0xFF93, 0x0001, 0xFEEC, 0x0001, 0xFE2B, 0x0001, 0xFE0B, 0x0001,
    0xFE2B, 0x0001, 0xF60B, 0x0001, 0xFE0B, 0x0001, 0xF62B, 0x0001, 0xFF6E, 0x0001, 0xF6EE, 0x0001,
    0xB44A, 0x0001, 0x9B68, 0x0001, 0xFF8F, 0x0004, 0xC447, 0x0001, 0xC467, 0x0001, 0xFF8F, 0x0002,
    0xED44, 0x000C, 0x18C5, 0x0021, 0xED44, 0x0008, 0xFF8F, 0x0001, 0xF6EB, 0x0002, 0xFE4A, 0x0001,
    0xED8A, 0x0001, 0xDD4A, 0x0001, 0xE56A, 0x0001, 0xC467, 0x0001, 0x9B25, 0x0001, 0x82C5, 0x0001,
    0xA382, 0x0001, 0xE566, 0x0001, 0xFF9A, 0x0001, 0xFFFF, 0x0001, 0xFECC, 0x0001, 0xDD22, 0x0001,
    0xC488, 0x0001, 0xD50A, 0x0001, 0xE569, 0x0001, 0xCCC9, 0x0001, 0xCCA9, 0x0001, 0xDD29, 0x0001,
    0xF628, 0x0001, 0xEDC6, 0x0001, 0xAB62, 0x0001, 0x18C5, 0x0001, 0xFF8F, 0x0002, 0xED44, 0x0002,
    0xFF8F, 0x0001, 0xC447, 0x0001, 0xFF8F, 0x0001, 0xED44, 0x000E, 0x18C5, 0x001C, 0xED44, 0x0002,
    0x18C5, 0x0002, 0xED44, 0x0009, 0xFF8F, 0x0002, 0xCC87, 0x0001, 0xABA6, 0x0001, 0x8AC4, 0x0001,
    0x92E4, 0x0001, 0x9325, 0x0001, 0x92E5, 0x0001, 0x8AA5, 0x0001, 0xB445, 0x0001, 0xF6EB, 0x0001,
    0xFFF9, 0x0001, 0xF79D, 0x0001, 0xFE90, 0x0001, 0xCCA6, 0x0001, 0x9305, 0x0001, 0x8AC4, 0x0001,
    0x9305, 0x0001, 0x8AE4, 0x0001, 0xABA5, 0x0001, 0xC467, 0x0001, 0xCC67, 0x0001, 0xCC87, 0x0001,
    0xD4C8, 0x0001, 0xCC87, 0x0001, 0xFF8F, 0x0002, 0xED44, 0x0003, 0xFF8F, 0x0004, 0xED44, 0x000C,
    0x18C5, 0x001B, 0xED44, 0x000D, 0xFF8F, 0x0002, 0x18C5, 0x0001, 0xEE09, 0x0001, 0xC467, 0x0001,
    0x9AC4, 0x0001, 0xA325, 0x0001, 0xB3E6, 0x0001, 0xABA5, 0x0001, 0x8A83, 0x0001, 0xAC4A, 0x0001,
    0xFF98, 0x0001, 0xFFFD, 0x0001, 0xF79E, 0x0001, 0xF77D, 0x0001, 0xE632, 0x0001, 0xC465, 0x0001,
    0xAB83, 0x0001, 0x9B05, 0x0001, 0x9AE4, 0x0001, 0xD4E7, 0x0001, 0xE5E9, 0x0001, 0xFF8F, 0x0002,
    0xFE2B, 0x0001, 0xEDCA, 0x0001, 0xFF8F, 0x0002, 0xED44, 0x0001, 0xFF8F, 0x0001, 0xED44, 0x0001,
    0xFF8F, 0x0009, 0xED44, 0x0007, 0x18C5, 0x001B, 0xED44, 0x0009, 0xFF8F, 0x0005, 0x18C5, 0x0001,
    0xFFCC, 0x0001, 0xFF6C, 0x0001, 0xF609, 0x0001, 0xD508, 0x0001, 0xDD48, 0x0001, 0xDD28, 0x0001,
    0xC426, 0x0001, 0xA343, 0x0001, 0xBCEF, 0x0001, 0xF7BF, 0x0001, 0xFFFF, 0x0001, 0xF7BE, 0x0001,
    0xF7BD, 0x0001, 0xFF79, 0x0001, 0xFED1, 0x0001, 0xEDCA, 0x0001, 0xD507, 0x0001, 0xD4E7, 0x0001,
    0xFF0B, 0x0001, 0xFF4B, 0x0001, 0xFF8F, 0x0002, 0xEDCB, 0x0002, 0xFF8F, 0x0006, 0x18C5, 0x0003,
    0xFF8F, 0x0006, 0xED44, 0x0006, 0x18C5, 0x0002, 0xED44, 0x0002, 0x18C5, 0x0016, 0xED44, 0x0009,
    0xFF8F, 0x0005, 0x18C5, 0x0001, 0xF6CB, 0x0001, 0xFFAC, 0x0001, 0xFF0B, 0x0001, 0xF6EB, 0x0001,
    0xFF0B, 0x0002, 0xDD69, 0x0001, 0xC446, 0x0001, 0xDCE7, 0x0001, 0xEE72, 0x0001, 0xF7BF, 0x0001,
    0xFFFF, 0x0001, 0xF77A, 0x0001, 0xF64E, 0x0001, 0xF6D4, 0x0001, 0xFFDE, 0x0001, 0xFF74, 0x0001,
    0xF6A8, 0x0001, 0xFECA, 0x0001, 0xFFCD, 0x0001, 0xF6EB, 0x0001, 0x18C5, 0x0001, 0xFF8F, 0x0006,
    0x18C5, 0x0001, 0xFF8F, 0x0002, 0xC446, 0x0001, 0xED28, 0x0001, 0xD4A7, 0x0001, 0x18C5, 0x0005,
    0xFF8F, 0x0002, 0xED44, 0x000A, 0x18C5, 0x0015, 0xED44, 0x0008, 0xFF8F, 0x0002, 0x18C5, 0x0004,
    0xF6EB, 0x0001, 0xFFAC, 0x0001, 0xFFED, 0x0001, 0xF70B, 0x0001, 0xE609, 0x0002, 0xE62A, 0x0001,
    0xD508, 0x0001, 0xCC87, 0x0001, 0xF609, 0x0001, 0xFF52, 0x0001, 0xF79D, 0x0001, 0xF7FF, 0x0001,
    0xF75C, 0x0001, 0xE569, 0x0001, 0xE54A, 0x0001, 0xE696, 0x0001, 0xE670, 0x0001, 0xE5E7, 0x0001,
    0xE5C8, 0x0001, 0xEECB, 0x0001, 0xFF2C, 0x0001, 0xFF4C, 0x0001, 0x18C5, 0x0006, 0x42B1, 0x0001,
    0xFF8F, 0x0003, 0xED28, 0x0001, 0xD4A7, 0x0001, 0xDD49, 0x0001, 0xFE2B, 0x0001, 0xDCE8, 0x0001,
    0xCC46, 0x0001, 0xCC67, 0x0001, 0xFF8F, 0x0003, 0xED44, 0x0009, 0x18C5, 0x0015, 0xED44, 0x0008,
    0xFF8F, 0x0002, 0xF6EB, 0x0001, 0xFFEC, 0x0001, 0xFF0B, 0x0001, 0xFF2B, 0x0001, 0xFF0B, 0x0001,
    0xF6CA, 0x0001, 0xFF0B, 0x0001, 0xF68A, 0x0001, 0xD4E8, 0x0001, 0xC406, 0x0001, 0xC447, 0x0001,
    0xBC07, 0x0001, 0xCC86, 0x0001, 0xEE48, 0x0001, 0xFF71, 0x0001, 0xFFBE, 0x0001, 0xFFFF, 0x0001,
    0xF73A, 0x0001, 0xCCEB, 0x0001, 0xBBC4, 0x0001, 0xC426, 0x0001, 0xC447, 0x0001, 0xC426, 0x0002,
    0xDD48, 0x0001, 0xF6EA, 0x0001, 0xFF2B, 0x0001, 0xFEEB, 0x0001, 0xFEEC, 0x0001, 0xF6EC, 0x0001,
    0xFF0B, 0x0001, 0xFF8A, 0x0001, 0xC5EE, 0x0001, 0x3A92, 0x0001, 0xFF8F, 0x0005, 0xFE4C, 0x0001,
    0xFE2B, 0x0001, 0xD4E8, 0x0001, 0xCC66, 0x0001, 0xCC67, 0x0001, 0x18C5, 0x0002, 0xFF8F, 0x0002,
    0xED44, 0x0009, 0x18C5, 0x0010, 0xED44, 0x0002, 0x18C5, 0x0001, 0xED44, 0x0009, 0xFF8F, 0x0002,
    0xF6EB, 0x0001, 0xFFED, 0x0001, 0xFFAC, 0x0001, 0xFFED, 0x0001, 0xFF4C, 0x0001, 0xDD69, 0x0001,
    0xCC86, 0x0001, 0xD4C5, 0x0001, 0xDD28, 0x0001, 0xDD09, 0x0001, 0xC426, 0x0001, 0xA346, 0x0001,
    0xABE5, 0x0001, 0xE605, 0x0001, 0xFFB2, 0x0001, 0xFFFF, 0x0001, 0xFFFB, 0x0001, 0xFF0E, 0x0001,
    0xB427, 0x0001, 0x92C3, 0x0001, 0xA343, 0x0001, 0xB3C5, 0x0001, 0xCC68, 0x0001, 0xDD29, 0x0001,
    0xDD07, 0x0001, 0xD4C5, 0x0001, 0xED66, 0x0001, 0xC50A, 0x0001, 0x73D0, 0x0001, 0x6391, 0x0001,
    0x8450, 0x0001, 0x8CB0, 0x0001, 0x6BD0, 0x0001, 0xFF8F, 0x000B, 0xC447, 0x0002, 0xFF8F, 0x0002,
    0xED44, 0x0009, 0x18C5, 0x000F, 0xED44, 0x000A, 0xFF8F, 0x0002, 0xED44, 0x0001, 0xFF8F, 0x0002,
    0xF6CB, 0x0001, 0xFF6C, 0x0001, 0xEE6A, 0x0001, 0xE64A, 0x0001, 0xD547, 0x0001, 0xBC05, 0x0001,
    0xBC09, 0x0001, 0xD52D, 0x0001, 0xEE0D, 0x0001, 0xF5EA, 0x0001, 0xD4C7, 0x0001, 0x92C3, 0x0001,
    0x9304, 0x0001, 0xDE0B, 0x0001, 0xFFB5, 0x0001, 0xEEF9, 0x0001, 0xE66F, 0x0001, 0xCD44, 0x0001,
    0x9B64, 0x0001, 0x7A85, 0x0001, 0x8AE5, 0x0001, 0xAB85, 0x0001, 0xD4C7, 0x0001, 0xF60A, 0x0001,
    0xE5CD, 0x0001, 0xCCCD, 0x0001, 0xDCA8, 0x0001, 0xB449, 0x0001, 0x5310, 0x0001, 0x11F3, 0x0001,
    0x0153, 0x0001, 0x0155, 0x0001, 0x0951, 0x0001, 0x18C5, 0x0006, 0xFF8F, 0x0005, 0xCC67, 0x0001,
    0xD4A7, 0x0001, 0xFF8F, 0x0002, 0xED44, 0x0009, 0x18C5, 0x000F, 0xED44, 0x0009, 0xFF8F, 0x0005,
    0x18C5, 0x0001, 0xF60B, 0x0001, 0xFE4B, 0x0001, 0xCC87, 0x0001, 0xA3A6, 0x0001, 0x9B23, 0x0001,
    0xBBC3, 0x0001, 0xDDF3, 0x0001, 0xF77D, 0x0001, 0xF691, 0x0001, 0xED67, 0x0001, 0xD4A7, 0x0001,
    0x92C1, 0x0001, 0x9347, 0x0001, 0xE6D9, 0x0001, 0xFF79, 0x0001, 0xCCA9, 0x0001, 0xA363, 0x0001,
    0x9304, 0x0001, 0x9305, 0x0001, 0x8AE5, 0x0001, 0x8AE4, 0x0001, 0xAB86, 0x0001, 0xCC86, 0x0001,
    0xED88, 0x0001, 0xF6D5, 0x0001, 0xF75D, 0x0001, 0xEE52, 0x0001, 0xFE08, 0x0001, 0xEECB, 0x0001,
    0x8CAF, 0x0001, 0x11B3, 0x0001, 0x0154, 0x0001, 0x424F, 0x0001, 0xB3E7, 0x0001, 0xED47, 0x0001,
    0xEDCB, 0x0001, 0xEDCA, 0x0001, 0xFE2A, 0x0001, 0xFE0A, 0x0001, 0x18C5, 0x0001, 0xFF8F, 0x0004,
    0xCC67, 0x0002, 0xFF8F, 0x0002, 0xED44, 0x0009, 0x18C5, 0x000E, 0xED44, 0x0009, 0xFF8F, 0x0002,
    0x18C5, 0x0002, 0xFF8F, 0x0001, 0x18C5, 0x0001, 0xFF0D, 0x0001, 0xED8A, 0x0001, 0xD4C8, 0x0001,
    0xA345, 0x0001, 0x92A3, 0x0001, 0xAB88, 0x0001, 0xDDB0, 0x0001, 0xF778, 0x0001, 0xFFF8, 0x0001,
    0xFF10, 0x0001, 0xDD08, 0x0001, 0xABC6, 0x0001, 0xABC7, 0x0001, 0xCDB2, 0x0001, 0xF7BF, 0x0001,
    0xF71A, 0x0001, 0xD4C7, 0x0001, 0xC469, 0x0001, 0xB46D, 0x0001, 0xABA6, 0x0001, 0xAB84, 0x0001,
    0xBC68, 0x0001, 0xD509, 0x0001, 0xED89, 0x0001, 0xFE0A, 0x0001, 0xFF52, 0x0001, 0xFFD8, 0x0001,
    0xCDAF, 0x0001, 0xD4E5, 0x0001, 0xFE04, 0x0001, 0xB487, 0x0001, 0x4A2B, 0x0001, 0x4A2C, 0x0001,
    0x93CB, 0x0001, 0xE56A, 0x0001, 0xFE8B, 0x0001, 0xFF0E, 0x0001, 0xFF51, 0x0001, 0xFFB4, 0x0001,
    0xFF73, 0x0001, 0xF62D, 0x0001, 0x18C5, 0x0003, 0xFF8F, 0x0001, 0x9B45, 0x0001, 0xABC6, 0x0001,
    0xFF8F, 0x0002, 0xED44, 0x0009, 0x18C5, 0x000E, 0xED44, 0x0009, 0xFF8F, 0x0002, 0xFF2B, 0x0001,
    0xFF0B, 0x0001, 0x18C5, 0x0001, 0xEDCB, 0x0001, 0xFE8C, 0x0001, 0xD4A7, 0x0001, 0x9B45, 0x0001,
    0x9304, 0x0001, 0xB3A3, 0x0001, 0xE5AF, 0x0001, 0xFFBF, 0x0001, 0xFFB7, 0x0001, 0xF6A8, 0x0001,
    0xFE4A, 0x0001, 0xC488, 0x0001, 0x9304, 0x0001, 0xC4CC, 0x0001, 0xFF98, 0x0001, 0xFFFF, 0x0001,
    0xF6F7, 0x0001, 0xF60B, 0x0001, 0xFED1, 0x0001, 0xF6D4, 0x0001, 0xD4EA, 0x0001, 0xD4C7, 0x0001,
    0xF60B, 0x0001, 0xF62B, 0x0001, 0xEDAA, 0x0001, 0xE58A, 0x0001, 0xFE8B, 0x0001, 0xFECA, 0x0001,
    0xAC26, 0x0001, 0x92E5, 0x0001, 0xBC28, 0x0001, 0xBC07, 0x0001, 0x9B44, 0x0001, 0xBBE5, 0x0001,
    0xE528, 0x0001, 0xF5EB, 0x0001, 0xEDCA, 0x0001, 0xE5AB, 0x0001, 0xEE72, 0x0001, 0xF717, 0x0001,
    0xF6F6, 0x0001, 0xF670, 0x0001, 0xFE4B, 0x0001, 0xFECC, 0x0001, 0xFE6C, 0x0001, 0x18C5, 0x0001,
    0x82A4, 0x0001, 0x9305, 0x0001, 0xFF8F, 0x0002, 0xED44, 0x0009, 0x18C5, 0x000E, 0xED44, 0x0009,
    0xFF8F, 0x0002, 0xFF8C, 0x0001, 0xFF0B, 0x0001, 0xCC67, 0x0001, 0xABC6, 0x0001, 0xBC47, 0x0001,
    0xA365, 0x0001, 0x8AA5, 0x0001, 0x9B45, 0x0001, 0xD523, 0x0001, 0xFF30, 0x0001, 0xFFFF, 0x0001,
    0xFF36, 0x0001, 0xED84, 0x0001, 0xC465, 0x0001, 0xA387, 0x0001, 0xAB85, 0x0001, 0xD4E8, 0x0001,
    0xFEB0, 0x0001, 0xFF79, 0x0001, 0xF6F5, 0x0001, 0xF5EA, 0x0001, 0xF60A, 0x0001, 0xF66F, 0x0001,
    0xE611, 0x0001, 0xF670, 0x0001, 0xFE6D, 0x0001, 0xDD29, 0x0001, 0x9B66, 0x0001, 0x7AA5, 0x0001,
    0xC4E8, 0x0001, 0xFECA, 0x0001, 0xD464, 0x0001, 0xABAA, 0x0001, 0xDE38, 0x0001, 0xEE74, 0x0001,
    0xED88, 0x0001, 0xFDE8, 0x0001, 0xFE4B, 0x0001, 0xF589, 0x0001, 0xA3A6, 0x0001, 0x72C5, 0x0001,
    0xAC29, 0x0001, 0xE58D, 0x0001, 0xEE2D, 0x0001, 0xFEB1, 0x0001, 0xFF13, 0x0001, 0xFEEE, 0x0001,
    0xFE4B, 0x0001, 0xEDEB, 0x0001, 0xBC27, 0x0001, 0x8AC4, 0x0001, 0xFF8F, 0x0002, 0xED44, 0x0009,
    0x18C5, 0x000F, 0xED44, 0x0009, 0xFF8F, 0x0001, 0xFF2B, 0x0001, 0xF62A, 0x0001, 0xCC47, 0x0001,
    0x9B25, 0x0001, 0x92E4, 0x0001, 0x9B45, 0x0001, 0x8AC4, 0x0001, 0x9325, 0x0001, 0xDE0B, 0x0001,
    0xFFF5, 0x0001, 0xF7BD, 0x0001, 0xFF5A, 0x0001, 0xE5EF, 0x0001, 0x9304, 0x0001, 0x92C2, 0x0001,
    0xDCE8, 0x0001, 0xF60B, 0x0001, 0xEE0D, 0x0001, 0xEE51, 0x0002, 0xF62E, 0x0001, 0xEDCB, 0x0001,
    0xF64F, 0x0001, 0xFF98, 0x0001, 0xFF34, 0x0001, 0xDD28, 0x0001, 0xB3A4, 0x0001, 0x6A23, 0x0001,
    0x30E1, 0x0001, 0x5A24, 0x0001, 0xAC49, 0x0001, 0xD4E7, 0x0001, 0xE62D, 0x0001, 0xFFFB, 0x0001,
    0xF716, 0x0001, 0xDD49, 0x0001, 0xC4C8, 0x0001, 0xBC89, 0x0001, 0xABA6, 0x0001, 0x6A23, 0x0001,
    0x51A2, 0x0001, 0xA364, 0x0001, 0xE506, 0x0001, 0xEDCA, 0x0001, 0xF6F4, 0x0001, 0xF6F7, 0x0001,
    0xDD8D, 0x0001, 0xF5A9, 0x0001, 0xFECC, 0x0001, 0xED6A, 0x0001, 0x8AC4, 0x0001, 0xFF8F, 0x0002,
    0xED44, 0x0009, 0x18C5, 0x000F, 0xED44, 0x000A, 0xFF8F, 0x0002, 0xA345, 0x0001, 0xBC06, 0x0001,
    0xCC67, 0x0001, 0xC467, 0x0001, 0x9B23, 0x0001, 0x9326, 0x0001, 0xD656, 0x0001, 0xFFFE, 0x0001,
    0xFFDE, 0x0001, 0xFFFF, 0x0001, 0xEF1B, 0x0001, 0x9B89, 0x0001, 0x9B01, 0x0001, 0xEDCA, 0x0001,
    0xFF54, 0x0001, 0xEE94, 0x0001, 0xD50A, 0x0001, 0xD52B, 0x0001, 0xF6D5, 0x0001, 0xFEF6, 0x0001,
    0xFF15, 0x0001, 0xFFB8, 0x0001, 0xF671, 0x0001, 0xC445, 0x0001, 0xAB64, 0x0001, 0x82C5, 0x0001,
    0x51C2, 0x0001, 0x1061, 0x0001, 0x20E3, 0x0001, 0xACC8, 0x0001, 0xFFCD, 0x0001, 0xFF6D, 0x0001,
    0xCD6A, 0x0001, 0x9325, 0x0001, 0x6203, 0x0001, 0x49C3, 0x0001, 0x51C3, 0x0001, 0x6203, 0x0001,
    0x9304, 0x0001, 0xD4E7, 0x0001, 0xF62D, 0x0001, 0xF6B3, 0x0001, 0xFF57, 0x0001, 0xF6B4, 0x0001,
    0xCCAA, 0x0001, 0xD4E7, 0x0001, 0xFE2B, 0x0001, 0xDD29, 0x0001, 0x8AC4, 0x0001, 0xFF8F, 0x0001,
    0xED44, 0x0009, 0x18C5, 0x0010, 0xED44, 0x000A, 0xFF8F, 0x0002, 0xAB85, 0x0001, 0xE509, 0x0001,
    0xE569, 0x0001, 0xD4A8, 0x0001, 0xBBE4, 0x0001, 0xC489, 0x0001, 0xE6DA, 0x0001, 0xFFFF, 0x0001,
    0xF7DF, 0x0001, 0xFF99, 0x0001, 0xFF78, 0x0001, 0xDE76, 0x0001, 0xBD10, 0x0001, 0xBC48, 0x0001,
    0xE5CD, 0x0001, 0xEDEF, 0x0001, 0xA343, 0x0001, 0xB3C4, 0x0001, 0xFED1, 0x0001, 0xFFB5, 0x0001,
    0xDDD0, 0x0001, 0x7B49, 0x0001, 0x942E, 0x0001, 0xDE14, 0x0001, 0xB42B, 0x0001, 0x8AC3, 0x0001,
    0xAC07, 0x0001, 0x8B66, 0x0001, 0x6A64, 0x0001, 0xAC27, 0x0001, 0xEEAA, 0x0001, 0xFF6A, 0x0001,
    0xCD47, 0x0001, 0x92C4, 0x0001, 0x8AC4, 0x0001, 0x82C4, 0x0001, 0x6223, 0x0001, 0x7A84, 0x0001,
    0xBC06, 0x0001, 0xEDCB, 0x0001, 0xFF35, 0x0001, 0xFFBC, 0x0001, 0xFF58, 0x0001, 0xF66E, 0x0001,
    0xDD49, 0x0001, 0xD4E8, 0x0001, 0xC488, 0x0001, 0xB407, 0x0001, 0xFF8F, 0x0001, 0xED44, 0x000A,
    0x18C5, 0x0010, 0xED44, 0x000A, 0xFF8F, 0x0002, 0xD4C7, 0x0001, 0xFE2B, 0x0001, 0xEDCA, 0x0001,
    0xCC87, 0x0001, 0xD4C6, 0x0001, 0xF64D, 0x0001, 0xFF59, 0x0001, 0xF7FF, 0x0001, 0xFFFF, 0x0001,
    0xEE30, 0x0001, 0xE5AA, 0x0001, 0xFF9A, 0x0001, 0xDEBA, 0x0001, 0x9B46, 0x0001, 0xA321, 0x0001,
    0xB3E6, 0x0001, 0x9B67, 0x0001, 0xABE8, 0x0001, 0xE589, 0x0001, 0xFEAB, 0x0001, 0xC4A7, 0x0001,
    0x28E0, 0x0001, 0x6370, 0x0001, 0xFFFF, 0x0001, 0xCD71, 0x0001, 0x9B23, 0x0001, 0xE569, 0x0001,
    0xEDCB, 0x0001, 0xC447, 0x0001, 0xBBC6, 0x0001, 0xD4E8, 0x0001, 0xF68A, 0x0001, 0xEE2A, 0x0001,
    0xD4A7, 0x0001, 0xCC67, 0x0001, 0xB406, 0x0001, 0x9B45, 0x0001, 0xAB84, 0x0001, 0xD4C8, 0x0001,
    0xEE51, 0x0001, 0xFFBC, 0x0001, 0xFFFF, 0x0001, 0xF6B4, 0x0001, 0xEDA9, 0x0001, 0xFE2A, 0x0001,
    0xE56A, 0x0001, 0x9325, 0x0001, 0xFF8F, 0x0002, 0xED44, 0x000A, 0x18C5, 0x0010, 0xED44, 0x0009,
    0xFF8F, 0x0002, 0x18C5, 0x0001, 0xEDAA, 0x0001, 0xFF2C, 0x0001, 0xEE4A, 0x0001, 0xCCA7, 0x0001,
    0xDD47, 0x0001, 0xFF0D, 0x0001, 0xFF98, 0x0001, 0xFFFF, 0x0002, 0xACD0, 0x0001, 0x7AA2, 0x0001,
    0xBC8A, 0x0001, 0xEE30, 0x0001, 0xD508, 0x0001, 0x7A40, 0x0001, 0x6224, 0x0001, 0xC5F6, 0x0001,
    0xDE36, 0x0001, 0xA3A6, 0x0001, 0xCC84, 0x0001, 0xED89, 0x0001, 0xB4AC, 0x0001, 0xC5F5, 0x0001,
    0xFF7A, 0x0001, 0xEE2F, 0x0001, 0xD4A6, 0x0001, 0xCC87, 0x0001, 0x82C6, 0x0001, 0x51A5, 0x0001,
    0xAC09, 0x0001, 0xED68, 0x0001, 0xC464, 0x0001, 0xF608, 0x0001, 0xFEEB, 0x0001, 0x8365, 0x0001,
    0x4962, 0x0001, 0x9B25, 0x0001, 0xCC65, 0x0001, 0xE58A, 0x0001, 0xFF38, 0x0001, 0xFFFF, 0x0001,
    0xFF79, 0x0001, 0xDD6D, 0x0001, 0xCC86, 0x0001, 0xF5EA, 0x0001, 0xE56A, 0x0001, 0x9305, 0x0001,
    0xFF8F, 0x0002, 0xED44, 0x000A, 0x18C5, 0x000F, 0xED44, 0x0009, 0xFF8F, 0x0002, 0x18C5, 0x0001,
    0xF66C, 0x0001, 0xFF0C, 0x0001, 0xFFCC, 0x0001, 0xE629, 0x0001, 0xBC27, 0x0001, 0xCCE5, 0x0001,
    0xFF2B, 0x0001, 0xF799, 0x0001, 0xFFFF, 0x0001, 0xFFFB, 0x0001, 0x8C2D, 0x0001, 0x3901, 0x0001,
    0x8260, 0x0001, 0xF589, 0x0001, 0xFEF0, 0x0001, 0xA429, 0x0001, 0x7B6B, 0x0001, 0xF7BE, 0x0001,
    0xF719, 0x0001, 0x9304, 0x0001, 0xBC27, 0x0001, 0xFF34, 0x0001, 0xFFF9, 0x0001, 0xFFB8, 0x0001,
    0xF6B3, 0x0001, 0xFEF2, 0x0001, 0xEE2D, 0x0001, 0x9B45, 0x0001, 0x2861, 0x0001, 0x1863, 0x0001,
    0xA428, 0x0001, 0xFEAD, 0x0001, 0xE5AF, 0x0001, 0xDDCC, 0x0001, 0xB528, 0x0001, 0x3208, 0x0001,
    0x0046, 0x0001, 0x59C3, 0x0001, 0xCCA6, 0x0001, 0xFF32, 0x0001, 0xFFFE, 0x0001, 0xFFFF, 0x0001,
    0xFF37, 0x0001, 0xDD6C, 0x0001, 0xCCA8, 0x0001, 0xF60A, 0x0001, 0xEDAB, 0x0001, 0xAB86, 0x0001,
    0xFF8F, 0x0002, 0xED44, 0x000A, 0x18C5, 0x000F, 0xED44, 0x0009, 0xFF8F, 0x0002, 0xEDCB, 0x0001,
    0xFF0C, 0x0001, 0xFF6C, 0x0001, 0xFFAC, 0x0001, 0xDDC9, 0x0001, 0x9B45, 0x0001, 0xBC64, 0x0001,
    0xFF2C, 0x0001, 0xFFBB, 0x0001, 0xFFFC, 0x0001, 0xFF8E, 0x0001, 0x9405, 0x0001, 0x4962, 0x0001,
    0x9303, 0x0001, 0xEDAC, 0x0001, 0xFEF5, 0x0001, 0xF6D5, 0x0001, 0xEEB4, 0x0001, 0xFF79, 0x0001,
    0xE5EF, 0x0001, 0xBC05, 0x0001, 0xDE13, 0x0001, 0xFFFF, 0x0001, 0xFF99, 0x0001, 0xFEF4, 0x0001,
    0xF6F5, 0x0001, 0xFF97, 0x0001, 0xDE32, 0x0001, 0x72C5, 0x0001, 0x28C0, 0x0001, 0x49A3, 0x0001,
    0xAC05, 0x0001, 0xFF31, 0x0001, 0xFFFF, 0x0001, 0x9CD2, 0x0001, 0x18E2, 0x0001, 0x198D, 0x0001,
    0x198F, 0x0001, 0x1083, 0x0001, 0x8BA8, 0x0001, 0xFFB8, 0x0001, 0xFFFF, 0x0001, 0xF7DE, 0x0001,
    0xFF37, 0x0001, 0xEE2E, 0x0001, 0xEDCA, 0x0001, 0xFE4B, 0x0001, 0xE56A, 0x0001, 0xA365, 0x0001,
    0xFF8F, 0x0001, 0xED44, 0x0006, 0x18C5, 0x0002, 0xED44, 0x0002, 0x18C5, 0x0011, 0xED44, 0x0009,
    0xFF8F, 0x0001, 0xEDEB, 0x0001, 0xFEEC, 0x0001, 0xFF8F, 0x0001, 0xFFCC, 0x0001, 0xF68A, 0x0001,
    0x9B45, 0x0001, 0xAC49, 0x0001, 0xFF96, 0x0001, 0xFFFF, 0x0001, 0xFFBC, 0x0001, 0xD568, 0x0001,
    0x8B01, 0x0001, 0x7264, 0x0001, 0xABA6, 0x0001, 0xDD09, 0x0001, 0xEDCE, 0x0001, 0xFF36, 0x0001,
    0xFF77, 0x0001, 0xF66F, 0x0001, 0xEDAB, 0x0001, 0xF670, 0x0001, 0xFFFC, 0x0001, 0xFFDC, 0x0001,
    0xC52F, 0x0001, 0xC50D, 0x0001, 0xF6F5, 0x0001, 0xFF34, 0x0001, 0xC4EC, 0x0001, 0x41C4, 0x0001,
    0x1860, 0x0001, 0x6A02, 0x0001, 0xE528, 0x0001, 0xEEAF, 0x0001, 0x8CB3, 0x0001, 0x2A0F, 0x0001,
    0x00A8, 0x0001, 0x1908, 0x0001, 0x216A, 0x0001, 0x112A, 0x0001, 0x39E9, 0x0001, 0x8C2D, 0x0001,
    0xDEB8, 0x0001, 0xF719, 0x0001, 0xDD8E, 0x0001, 0xEDCB, 0x0001, 0xFE6C, 0x0001, 0xEDAA, 0x0001,
    0xB407, 0x0001, 0xFF8F, 0x0002, 0xED44, 0x0006, 0x18C5, 0x0002, 0xED44, 0x0002, 0x18C5, 0x0011,
    0xED44, 0x000A, 0xFF8F, 0x0002, 0x18C5, 0x0001, 0xFFAD, 0x0001, 0xF648, 0x0001, 0x9B44, 0x0001,
    0xB4D1, 0x0001, 0xFFFF, 0x0001, 0xFFBE, 0x0001, 0xCDF5, 0x0001, 0x8B06, 0x0001, 0x8262, 0x0001,
    0xA386, 0x0001, 0xC447, 0x0001, 0xC425, 0x0001, 0xB3E5, 0x0001, 0xDDAE, 0x0001, 0xFEF4, 0x0001,
    0xF64D, 0x0001, 0xEE0D, 0x0001, 0xEE94, 0x0001, 0xEEF6, 0x0001, 0xD58F, 0x0001, 0x92E4, 0x0001,
    0xB44A, 0x0001, 0xFF16, 0x0001, 0xF5EE, 0x0001, 0x92E3, 0x0001, 0x2902, 0x0001, 0x1841, 0x0001,
    0x71A2, 0x0001, 0xDCE9, 0x0001, 0xC4A8, 0x0001, 0x3100, 0x0001, 0x08C9, 0x0001, 0x3252, 0x0001,
    0x2127, 0x0001, 0x1905, 0x0001, 0x3252, 0x0001, 0x00AA, 0x0001, 0x18C3, 0x0001, 0xC570, 0x0001,
    0xFEF2, 0x0001, 0xCC87, 0x0001, 0xDD07, 0x0001, 0xE5AA, 0x0001, 0xB3E6, 0x0001, 0x7222, 0x0001,
    0xFF8F, 0x0003, 0xED44, 0x000A, 0x18C5, 0x0010, 0xED44, 0x0009, 0xFF8F, 0x0002, 0x18C5, 0x0001,
    0xFF6C, 0x0001, 0xFEAB, 0x0001, 0xC445, 0x0001, 0x8AC2, 0x0001, 0xBD54, 0x0001, 0xF7DF, 0x0001,
    0xD5B3, 0x0001, 0x82E5, 0x0001, 0x59E3, 0x0001, 0x82C4, 0x0001, 0xC447, 0x0001, 0xD4C8, 0x0001,
    0x9B44, 0x0001, 0x6222, 0x0001, 0xB448, 0x0001, 0xFF10, 0x0001, 0xFF34, 0x0001, 0xD5B0, 0x0001,
    0xA3A8, 0x0001, 0x6A84, 0x0001, 0x6A23, 0x0001, 0x92A1, 0x0001, 0xE58C, 0x0001, 0xFF57, 0x0001,
    0xB4AC, 0x0001, 0x5180, 0x0001, 0x3121, 0x0001, 0x4142, 0x0001, 0x6982, 0x0001, 0x71E4, 0x0001,
    0x8A62, 0x0001, 0x9AC0, 0x0001, 0x6ACA, 0x0001, 0x2A74, 0x0001, 0x19AF, 0x0001, 0x29CD, 0x0001,
    0x3252, 0x0001, 0x012F, 0x0001, 0x216B, 0x0001, 0xCD2D, 0x0001, 0xFF2E, 0x0001, 0xF5EA, 0x0001,
    0xDCE8, 0x0001, 0xABA6, 0x0001, 0xFF8F, 0x0006, 0xED44, 0x0009, 0x18C5, 0x000F, 0xED44, 0x0009,
    0xFF8F, 0x0002, 0x18C5, 0x0001, 0xFF4C, 0x0001, 0xFF4B, 0x0001, 0xDD28, 0x0001, 0x92A3, 0x0001,
    0x92E3, 0x0001, 0xDE31, 0x0001, 0xFFB8, 0x0001, 0xBC8A, 0x0001, 0x5940, 0x0001, 0x3962, 0x0001,
    0x8326, 0x0001, 0xDD08, 0x0001, 0xED48, 0x0001, 0x9B65, 0x0001, 0x5182, 0x0001, 0x7263, 0x0001,
    0xCD09, 0x0001, 0xFF13, 0x0001, 0xF672, 0x0001, 0xB429, 0x0001, 0x72A6, 0x0001, 0x8348, 0x0001,
    0xCD0B, 0x0001, 0xFEB0, 0x0001, 0xE5F0, 0x0001, 0x6AA7, 0x0001, 0x3121, 0x0001, 0x6A63, 0x0001,
    0x8284, 0x0001, 0x7181, 0x0001, 0x6141, 0x0001, 0xA2C1, 0x0001, 0xECC3, 0x0001, 0x9367, 0x0001,
    0x094D, 0x0001, 0x11F3, 0x0001, 0x3273, 0x0001, 0x21CF, 0x0001, 0x2255, 0x0001, 0x4337, 0x0001,
    0x8BAB, 0x0001, 0xC4E6, 0x0001, 0xE58A, 0x0001, 0xABE7, 0x0001, 0x6A23, 0x0001, 0x18C5, 0x0002,
    0xFF8F, 0x0001, 0x18C5, 0x0002, 0xFF8F, 0x0002, 0xED44, 0x0009, 0x18C5, 0x000E, 0xED44, 0x0008,
    0xFF8F, 0x0002, 0x18C5, 0x0001, 0xFF0B, 0x0001, 0xFEEB, 0x0001, 0xCC67, 0x0001, 0x9B25, 0x0001,
    0x92E4, 0x0001, 0xB3E6, 0x0001, 0xEE4A, 0x0001, 0xFF0C, 0x0001, 0xBC87, 0x0001, 0x69E3, 0x0001,
    0x4983, 0x0001, 0x8305, 0x0001, 0xD4C7, 0x0001, 0xDD08, 0x0001, 0xAB85, 0x0001, 0x71A2, 0x0001,
    0x40E1, 0x0001, 0x6A64, 0x0001, 0xD529, 0x0001, 0xFEF0, 0x0001, 0xF6D5, 0x0001, 0xEE95, 0x0001,
    0xF6D5, 0x0001, 0xFF36, 0x0001, 0xE5F0, 0x0001, 0x9B46, 0x0001, 0x5181, 0x0001, 0x5A23, 0x0001,
    0xB426, 0x0001, 0xA345, 0x0001, 0x6981, 0x0001, 0x9AC2, 0x0001, 0xE4A3, 0x0001, 0xE483, 0x0001,
    0x7261, 0x0001, 0x08A4, 0x0001, 0x118E, 0x0001, 0x2A32, 0x0001, 0x21D0, 0x0001, 0x437A, 0x0001,
    0x4C1E, 0x0001, 0x21AA, 0x0001, 0x4140, 0x0001, 0x9B25, 0x0001, 0x6A43, 0x0001, 0x6223, 0x0001,
    0xEDCA, 0x0001, 0xFEED, 0x0001, 0x18C5, 0x0001, 0xF6EA, 0x0001, 0xF6EB, 0x0001, 0xFF8F, 0x0002,
    0xED44, 0x0009, 0x18C5, 0x000E, 0xED44, 0x0007, 0xFF8F, 0x0002, 0x18C5, 0x0001, 0xFECC, 0x0001,
    0xFF8C, 0x0001, 0xE609, 0x0001, 0x9B25, 0x0001, 0xABA6, 0x0001, 0xCCC8, 0x0001, 0xCC87, 0x0001,
    0xC486, 0x0001, 0xBCA6, 0x0001, 0xB448, 0x0001, 0xAB85, 0x0001, 0x92C0, 0x0001, 0x8A81, 0x0001,
    0x92C4, 0x0002, 0x8222, 0x0001, 0x6961, 0x0001, 0x69A2, 0x0001, 0x7263, 0x0001, 0x8304, 0x0001,
    0xA428, 0x0001, 0xD56E, 0x0001, 0xF650, 0x0001, 0xFE90, 0x0001, 0xE5F0, 0x0001, 0x9388, 0x0001,
    0x59A1, 0x0001, 0x7AA4, 0x0001, 0xC4A8, 0x0001, 0xE508, 0x0001, 0x8B05, 0x0001, 0x3902, 0x0001,
    0x7202, 0x0001, 0xC3A3, 0x0001, 0xC3C2, 0x0001, 0xAB21, 0x0001, 0x6A01, 0x0001, 0x3165, 0x0001,
    0x21AD, 0x0001, 0x32F6, 0x0001, 0x5CBE, 0x0001, 0x549F, 0x0001, 0x11F2, 0x0001, 0x18C4, 0x0001,
    0x6203, 0x0001, 0x6A22, 0x0001, 0x7284, 0x0001, 0xCCC8, 0x0001, 0xC468, 0x0001, 0xCC67, 0x0001,
    0xFF0B, 0x0001, 0xFFEC, 0x0001, 0xFF8F, 0x0002, 0xED44, 0x0009, 0x18C5, 0x000E, 0xED44, 0x0007,
    0xFF8F, 0x0002, 0xEDAA, 0x0001, 0xFF6D, 0x0001, 0xFF6C, 0x0001, 0xBCE7, 0x0001, 0x9325, 0x0001,
    0xD509, 0x0001, 0xFE2B, 0x0001, 0xCCA8, 0x0001, 0x9B25, 0x0001, 0x92E4, 0x0001, 0xB3A5, 0x0001,
    0xDCE6, 0x0001, 0xE4E6, 0x0001, 0x9AE3, 0x0001, 0x5921, 0x0001, 0x6141, 0x0001, 0x6982, 0x0002,
    0x8AA4, 0x0001, 0x8B05, 0x0001, 0x59E3, 0x0001, 0x4982, 0x0001, 0x7A83, 0x0001, 0xAB84, 0x0001,
    0xABA5, 0x0001, 0x92E3, 0x0001, 0x59A2, 0x0001, 0x5A03, 0x0001, 0xBCC9, 0x0001, 0xFE8C, 0x0001,
    0xE507, 0x0001, 0x6264, 0x0001, 0x0883, 0x0001, 0x2061, 0x0001, 0x8202, 0x0001, 0xCC03, 0x0001,
    0xFD64, 0x0001, 0xD443, 0x0001, 0x4120, 0x0001, 0x0909, 0x0001, 0x4C3F, 0x0001, 0x653F, 0x0001,
    0x4BDC, 0x0001, 0x32D6, 0x0001, 0x29CC, 0x0001, 0x4183, 0x0001, 0x7A82, 0x0001, 0xA365, 0x0001,
    0x92E4, 0x0001, 0x9B04, 0x0001, 0xCC47, 0x0001, 0xFE8A, 0x0001, 0xFF2B, 0x0001, 0xFF8F, 0x0001,
    0xED44, 0x0009, 0x18C5, 0x000F, 0xED44, 0x0007, 0xFF8F, 0x0002, 0xF6AA, 0x0001, 0xFFCD, 0x0001,
    0xFF0C, 0x0001, 0xD4E8, 0x0001, 0xB3C6, 0x0001, 0xE549, 0x0001, 0xF5EB, 0x0001, 0xCC68, 0x0001,
    0xB3C7, 0x0001, 0xB384, 0x0001, 0xBB20, 0x0001, 0xE549, 0x0001, 0xFF79, 0x0001, 0xAC6F, 0x0001,
    0x6120, 0x0001, 0x9282, 0x0001, 0xABA6, 0x0001, 0x8AA4, 0x0001, 0x6A23, 0x0001, 0x6203, 0x0001,
    0x7243, 0x0001, 0x6A23, 0x0001, 0x51C2, 0x0001, 0x59E2, 0x0002, 0x4981, 0x0001, 0x61E2, 0x0001,
    0xA3A5, 0x0001, 0xEDCB, 0x0001, 0xFE6C, 0x0001, 0xDCC6, 0x0001, 0x6243, 0x0001, 0x0883, 0x0001,
    0x1801, 0x0001, 0x8A62, 0x0001, 0xF5A5, 0x0001, 0xFF67, 0x0001, 0xED64, 0x0001, 0x4100, 0x0001,
    0x00CA, 0x0001, 0x4C7F, 0x0001, 0x5C7E, 0x0001, 0x2A53, 0x0001, 0x3253, 0x0001, 0x198D, 0x0001,
    0x18A2, 0x0001, 0x7282, 0x0001, 0xCC67, 0x0001, 0xC426, 0x0001, 0xABA5, 0x0001, 0xAB86, 0x0001,
    0xB447, 0x0001, 0xFF8F, 0x0001, 0xED44, 0x000A, 0x18C5, 0x000F, 0xED44, 0x0007, 0xFF8F, 0x0002,
    0xFF8B, 0x0001, 0xFF4C, 0x0001, 0xDD4A, 0x0001, 0xCC87, 0x0001, 0xDD67, 0x0001, 0xEE2B, 0x0001,
    0xE5EA, 0x0001, 0xDD06, 0x0001, 0xDD08, 0x0001, 0xDD6B, 0x0001, 0xD4C8, 0x0001, 0xEE73, 0x0001,
    0xFFFF, 0x0001, 0xACD4, 0x0001, 0x7180, 0x0001, 0xC425, 0x0001, 0xEDAA, 0x0001, 0xB3E6, 0x0001,
    0x6223, 0x0002, 0xABE7, 0x0001, 0xABC6, 0x0001, 0x59E2, 0x0001, 0x51A2, 0x0001, 0x5A04, 0x0001,
    0x6244, 0x0001, 0xA3A6, 0x0001, 0xE529, 0x0001, 0xE528, 0x0001, 0xDD49, 0x0001, 0xEDCD, 0x0001,
    0x93A9, 0x0001, 0x30E2, 0x0001, 0x5920, 0x0001, 0xA2E2, 0x0001, 0xC444, 0x0001, 0xE646, 0x0001,
    0xFE86, 0x0001, 0x8BC3, 0x0001, 0x4A48, 0x0001, 0x3B14, 0x0001, 0x3295, 0x0001, 0x21CF, 0x0001,
    0x2A32, 0x0001, 0x19B0, 0x0001, 0x1108, 0x0001, 0x72A6, 0x0001, 0xDCC7, 0x0001, 0xED69, 0x0001,
    0xD4C8, 0x0001, 0xA365, 0x0001, 0xFF8F, 0x0002, 0xED44, 0x000A, 0x18C5, 0x000F, 0xED44, 0x0007,
    0xFF8F, 0x0002, 0xFFCC, 0x0001, 0xF6AA, 0x0001, 0xA386, 0x0001, 0xB426, 0x0001, 0xFF0B, 0x0001,
    0xFF4C, 0x0001, 0xF689, 0x0001, 0xFE25, 0x0001, 0xFE4B, 0x0001, 0xF6F6, 0x0001, 0xF77C, 0x0001,
    0xFFFF, 0x0002, 0xA42F, 0x0001, 0x6981, 0x0001, 0xCC87, 0x0001, 0xFE4C, 0x0001, 0xCC87, 0x0001,
    0x92E4, 0x0001, 0x9B65, 0x0001, 0xE58A, 0x0001, 0xDD29, 0x0001, 0x9304, 0x0001, 0x8284, 0x0001,
    0x9B45, 0x0001, 0xB3E6, 0x0001, 0xDD29, 0x0001, 0xEDEB, 0x0001, 0xCC86, 0x0001, 0xD4E9, 0x0001,
    0xFF15, 0x0001, 0xBCCF, 0x0001, 0x6961, 0x0001, 0xAB00, 0x0001, 0xBBA3, 0x0001, 0x71A2, 0x0001,
    0x9B43, 0x0001, 0xFE86, 0x0001, 0xFF27, 0x0001, 0xBC84, 0x0001, 0x2923, 0x0001, 0x08CA, 0x0001,
    0x2A32, 0x0001, 0x3252, 0x0001, 0x19F2, 0x0001, 0x21F1, 0x0001, 0x730B, 0x0001, 0xD4A7, 0x0001,
    0xF5EA, 0x0001, 0xF5CB, 0x0001, 0xCC87, 0x0001, 0xFF8F, 0x0002, 0xED44, 0x000A, 0x18C5, 0x000F,
    0xED44, 0x0007, 0xFF8F, 0x0002, 0xFFCC, 0x0001, 0xFECA, 0x0001, 0xABA5, 0x0001, 0xC4CB, 0x0001,
    0xFFF2, 0x0001, 0xFFEC, 0x0001, 0xFEC7, 0x0001, 0xFE8B, 0x0001, 0xFF34, 0x0001, 0xFFDD, 0x0001,
    0xFFFF, 0x0003, 0x9BCD, 0x0001, 0x58C0, 0x0001, 0xBBE5, 0x0001, 0xF5EB, 0x0001, 0xCC67, 0x0001,
    0xAB65, 0x0001, 0xBC26, 0x0001, 0xEDEA, 0x0001, 0xFED0, 0x0001, 0xDDD0, 0x0001, 0x9B88, 0x0001,
    0x92C2, 0x0001, 0xC426, 0x0001, 0xED69, 0x0001, 0xEDCA, 0x0001, 0xE5EE, 0x0001, 0xE611, 0x0001,
    0xE5F0, 0x0001, 0x9B48, 0x0001, 0x71A1, 0x0001, 0xD483, 0x0001, 0xEDA5, 0x0001, 0xA2C2, 0x0001,
    0x81C1, 0x0001, 0xB3E4, 0x0001, 0xFEA7, 0x0001, 0xDD43, 0x0001, 0x28E0, 0x0001, 0x0089, 0x0001,
    0x2A31, 0x0001, 0x31C9, 0x0001, 0x090A, 0x0001, 0x0994, 0x0001, 0x6AEE, 0x0001, 0xDCE6, 0x0001,
    0xFE89, 0x0001, 0xFECC, 0x0001, 0xED6A, 0x0001, 0x18C5, 0x0001, 0xFF8F, 0x0002, 0xED44, 0x0009,
    0x18C5, 0x000B, 0xED44, 0x0001, 0x18C5, 0x0002, 0xED44, 0x0007, 0xFF8F, 0x0002, 0x18C5, 0x0001,
    0xFF6C, 0x0001, 0xFF0A, 0x0001, 0xE526, 0x0001, 0xD52F, 0x0001, 0xDE34, 0x0001, 0xDD89, 0x0001,
    0xE5A7, 0x0001, 0xF716, 0x0001, 0xFFBF, 0x0001, 0xFFFF, 0x0001, 0xFFDF, 0x0001, 0xFFFF, 0x0002,
    0xB4F2, 0x0001, 0x7A24, 0x0001, 0x9B04, 0x0001, 0xCC67, 0x0001, 0xCCA7, 0x0001, 0xCCA8, 0x0001,
    0xCCA7, 0x0001, 0xDD08, 0x0001, 0xF66E, 0x0001, 0xFF14, 0x0001, 0xC52E, 0x0001, 0x9B66, 0x0001,
    0xB3C5, 0x0001, 0xD4E8, 0x0001, 0xF60D, 0x0001, 0xFF14, 0x0001, 0xFEB2, 0x0001, 0xE528, 0x0001,
    0x9261, 0x0001, 0x6982, 0x0001, 0xBC44, 0x0001, 0xFE86, 0x0001, 0xF564, 0x0001, 0x8221, 0x0001,
    0x6121, 0x0001, 0xE505, 0x0001, 0xDD85, 0x0001, 0x2943, 0x0001, 0x00EC, 0x0001, 0x2A11, 0x0001,
    0x18E6, 0x0001, 0x10E5, 0x0001, 0x3A6F, 0x0001, 0x836C, 0x0001, 0xCC86, 0x0001, 0xF689, 0x0001,
    0xFF8D, 0x0001, 0xFEAC, 0x0001, 0xF60B, 0x0001, 0x18C5, 0x0001, 0xFF8F, 0x0002, 0xED44, 0x0009,
    0x18C5, 0x000A, 0xED44, 0x0001, 0x18C5, 0x0002, 0xED44, 0x0007, 0xFF8F, 0x0002, 0xF60B, 0x0001,
    0xFF2D, 0x0001, 0xFEEA, 0x0001, 0xFE48, 0x0001, 0xB48E, 0x0001, 0x4290, 0x0001, 0x2905, 0x0001,
    0x7328, 0x0001, 0xEF9E, 0x0001, 0xFFFF, 0x0002, 0xFFDF, 0x0001, 0xFFFF, 0x0001, 0xFFDF, 0x0001,
    0xEF5D, 0x0001, 0xD659, 0x0001, 0x82C7, 0x0001, 0x92A2, 0x0001, 0xEDAA, 0x0001, 0xFE6C, 0x0001,
    0xE549, 0x0001, 0xCC66, 0x0001, 0xD4A6, 0x0001, 0xF5EB, 0x0001, 0xFEF3, 0x0001, 0xE632, 0x0001,
    0xBC26, 0x0001, 0xCCEA, 0x0001, 0xF6F5, 0x0001, 0xEE10, 0x0001, 0xED68, 0x0001, 0xFE08, 0x0001,
    0xB3E5, 0x0001, 0x6981, 0x0001, 0x9AA2, 0x0001, 0xF584, 0x0001, 0xFEA6, 0x0001, 0x9B03, 0x0001,
    0x50C1, 0x0001, 0xED45, 0x0001, 0xEE05, 0x0001, 0x2942, 0x0001, 0x00CA, 0x0001, 0x2A11, 0x0001,
    0x00CE, 0x0001, 0x4A8B, 0x0001, 0xCDCA, 0x0001, 0xC4A7, 0x0001, 0x9B65, 0x0001, 0xDDC9, 0x0001,
    0xFFCC, 0x0002, 0xFEEC, 0x0001, 0xEDCB, 0x0001, 0xFF8F, 0x0002, 0xED44, 0x0009, 0x18C5, 0x000E,
    0xED44, 0x0007, 0xFF8F, 0x0001, 0xF60B, 0x0001, 0xFF69, 0x0001, 0xFF2B, 0x0001, 0xD611, 0x0001,
    0x7455, 0x0001, 0x1214, 0x0001, 0x0005, 0x0001, 0x3164, 0x0001, 0xDE13, 0x0001, 0xFF99, 0x0001,
    0xFFDD, 0x0001, 0xFFFF, 0x0001, 0xFFDF, 0x0001, 0xFFFF, 0x0002, 0xFF9B, 0x0001, 0x7227, 0x0001,
    0x6120, 0x0001, 0xCCC8, 0x0001, 0xF66C, 0x0001, 0xEDEB, 0x0001, 0xDD4C, 0x0001, 0xDDAF, 0x0001,
    0xF6B2, 0x0001, 0xE653, 0x0001, 0xD590, 0x0001, 0xE58C, 0x0001, 0xFE6E, 0x0001, 0xF671, 0x0001,
    0xA3E9, 0x0001, 0x8328, 0x0001, 0xACCF, 0x0001, 0x938B, 0x0001, 0x6961, 0x0001, 0xAB01, 0x0001,
    0xF544, 0x0001, 0xEDC5, 0x0001, 0xCCA4, 0x0001, 0xABA3, 0x0001, 0xC424, 0x0001, 0xA363, 0x0001,
    0x4142, 0x0001, 0x1909, 0x0001, 0x2A74, 0x0001, 0x53BA, 0x0001, 0xADD8, 0x0001, 0xFFD2, 0x0001,
    0xCD08, 0x0001, 0x9305, 0x0001, 0xE62A, 0x0001, 0xFFAC, 0x0001, 0xF70B, 0x0001, 0xFF0C, 0x0001,
    0xEDCB, 0x0001, 0xFF8F, 0x0001, 0xED44, 0x0009, 0x18C5, 0x000F, 0xED44, 0x0007, 0xFF8F, 0x0002,
    0xFF67, 0x0001, 0xF72F, 0x0001, 0x74FC, 0x0001, 0x447F, 0x0001, 0x4C3E, 0x0001, 0x198C, 0x0001,
    0x38E0, 0x0001, 0xBB81, 0x0001, 0xFDEB, 0x0001, 0xF717, 0x0001, 0xFFDE, 0x0001, 0xFFFF, 0x0002,
    0xFFFC, 0x0001, 0xEE73, 0x0001, 0x8AA5, 0x0001, 0x5920, 0x0001, 0x8AE4, 0x0001, 0xCCE8, 0x0001,
    0xF62C, 0x0001, 0xF6B2, 0x0001, 0xFFDC, 0x0001, 0xFFFF, 0x0001, 0xB4AE, 0x0001, 0x9B45, 0x0001,
    0xE633, 0x0001, 0xFEF2, 0x0001, 0xCC67, 0x0001, 0x628B, 0x0001, 0x19F3, 0x0001, 0x2233, 0x0001,
    0x396A, 0x0001, 0x71A1, 0x0001, 0xDCE3, 0x0001, 0xFE06, 0x0001, 0xD443, 0x0001, 0xED24, 0x0001,
    0xFE06, 0x0001, 0x9B04, 0x0001, 0x58E0, 0x0001, 0x6961, 0x0001, 0x3948, 0x0001, 0x3273, 0x0001,
    0xBE3C, 0x0001, 0xFFFF, 0x0002, 0xB4B0, 0x0001, 0x9B64, 0x0001, 0xF689, 0x0001, 0xFFCD, 0x0001,
    0x18C5, 0x0001, 0xFF8F, 0x0002, 0xED44, 0x000A, 0x18C5, 0x000F, 0xED44, 0x0007, 0xFF8F, 0x0002,
    0x9DB8, 0x0001, 0xA63B, 0x0001, 0x549F, 0x0001, 0x447F, 0x0001, 0x549F, 0x0001, 0x2273, 0x0001,
    0x3125, 0x0001, 0x9260, 0x0001, 0xCBC2, 0x0001, 0xDD6B, 0x0001, 0xFFBD, 0x0001, 0xFFFF, 0x0001,
    0xFFDC, 0x0001, 0xFFDE, 0x0001, 0xF75B, 0x0001, 0xD56B, 0x0001, 0xA320, 0x0001, 0x8242, 0x0001,
    0xBBC6, 0x0001, 0xF5C9, 0x0001, 0xF5EB, 0x0001, 0xEE30, 0x0001, 0xF652, 0x0001, 0xED48, 0x0001,
    0xC445, 0x0001, 0x8C10, 0x0001, 0x632F, 0x0001, 0x5A69, 0x0001, 0x4B77, 0x0001, 0x2B5C, 0x0001,
    0x094D, 0x0001, 0x2064, 0x0001, 0x7A02, 0x0001, 0xED65, 0x0001, 0xFE46, 0x0001, 0xD402, 0x0001,
    0xBB62, 0x0001, 0xCC64, 0x0001, 0xCCC5, 0x0001, 0xB3A3, 0x0001, 0x81E1, 0x0001, 0x30C4, 0x0001,
    0x2989, 0x0001, 0x9C0C, 0x0001, 0xEE97, 0x0001, 0xF7DF, 0x0001, 0xB514, 0x0001, 0x92E3, 0x0001,
    0xD4C6, 0x0001, 0xFF0C, 0x0001, 0xFFAC, 0x0001, 0x18C5, 0x0001, 0xFF8F, 0x0002, 0xED44, 0x0009,
    0x18C5, 0x000B, 0xED44, 0x0001, 0x18C5, 0x0002, 0xED44, 0x0007, 0xFF8F, 0x0002, 0x18C5, 0x0001,
    0x4C1E, 0x0001, 0x3C1F, 0x0001, 0x549F, 0x0001, 0x64DF, 0x0001, 0x545F, 0x0001, 0x3339, 0x0001,
    0x3A2F, 0x0001, 0x7205, 0x0001, 0xAAA0, 0x0001, 0xD443, 0x0001, 0xF6D5, 0x0001, 0xF75B, 0x0001,
    0xEE72, 0x0001, 0xF6F8, 0x0001, 0xFFFC, 0x0001, 0xFF8D, 0x0001, 0xE502, 0x0001, 0x9262, 0x0001,
    0x8A84, 0x0001, 0xABC6, 0x0001, 0xABE7, 0x0001, 0xA365, 0x0001, 0xA385, 0x0001, 0xE58B, 0x0001,
    0xCDB0, 0x0001, 0x42F3, 0x0001, 0x0173, 0x0001, 0x2275, 0x0001, 0x4C1E, 0x0001, 0x43B9, 0x0001,
    0x1945, 0x0001, 0x38A0, 0x0001, 0x9AA3, 0x0001, 0xED45, 0x0001, 0xFE45, 0x0001, 0xE504, 0x0001,
    0x9262, 0x0001, 0x81E2, 0x0001, 0xE525, 0x0001, 0xF5A5, 0x0001, 0x8202, 0x0001, 0x2041, 0x0001,
    0x1081, 0x0001, 0x5120, 0x0001, 0xBCAB, 0x0001, 0xFFBB, 0x0001, 0xD5F2, 0x0001, 0x92C3, 0x0001,
    0x9AE3, 0x0001, 0xEDA9, 0x0001, 0xFF6C, 0x0002, 0x18C5, 0x0001, 0xFF8F, 0x0002, 0xED44, 0x0009,
    0x18C5, 0x0009, 0xED44, 0x0003, 0x18C5, 0x0001, 0xED44, 0x0006, 0xFF8F, 0x0002, 0x18C5, 0x0001,
    0xF6EB, 0x0001, 0x6BF2, 0x0001, 0x0A18, 0x0001, 0x4C3F, 0x0001, 0x651F, 0x0001, 0x549F, 0x0001,
    0x4C7E, 0x0001, 0x4357, 0x0001, 0x51C4, 0x0001, 0x9280, 0x0001, 0xD442, 0x0001, 0xDCE7, 0x0001,
    0xCC67, 0x0001, 0xCC45, 0x0001, 0xE548, 0x0001, 0xFEAB, 0x0001, 0xFF28, 0x0001, 0xED44, 0x0001,
    0x9263, 0x0001, 0x4101, 0x0001, 0x2944, 0x0001, 0x3A0C, 0x0001, 0x422E, 0x0001, 0x3A2E, 0x0001,
    0x63D6, 0x0001, 0x6CFD, 0x0001, 0x4C3E, 0x0001, 0x441F, 0x0001, 0x4C3F, 0x0001, 0x3B59, 0x0001,
    0x21AE, 0x0001, 0x10C4, 0x0001, 0x59A0, 0x0001, 0xC3C2, 0x0001, 0xF565, 0x0001, 0xFE66, 0x0001,
    0xFE46, 0x0001, 0xBBE4, 0x0001, 0x79E2, 0x0001, 0x92A3, 0x0001, 0xAB23, 0x0001, 0x79C2, 0x0001,
    0x28A1, 0x0001, 0x0882, 0x0001, 0x5181, 0x0001, 0xC4A7, 0x0001, 0xFF4E, 0x0001, 0xEE6C, 0x0001,
    0xB3A5, 0x0001, 0x8AA4, 0x0001, 0xA385, 0x0001, 0xDD28, 0x0001, 0xFF0B, 0x0002, 0x18C5, 0x0001,
    0xFF8F, 0x0002, 0xED44, 0x0008, 0x18C5, 0x0008, 0xED44, 0x000A, 0xFF8F, 0x0002, 0x18C5, 0x0001,
    0xFF2B, 0x0001, 0xFFCC, 0x0001, 0xBD0A, 0x0001, 0x422E, 0x0001, 0x3339, 0x0001, 0x3B9B, 0x0001,
    0x4BDC, 0x0001, 0x5CFF, 0x0001, 0x4C3D, 0x0001, 0x3A0B, 0x0001, 0x7243, 0x0001, 0xCBC3, 0x0001,
    0xD3E0, 0x0001, 0xCBE0, 0x0001, 0xDC62, 0x0001, 0xED82, 0x0001, 0xFE43, 0x0001, 0xEDC4, 0x0001,
    0xDCA4, 0x0001, 0xAB43, 0x0001, 0x5960, 0x0001, 0x20E4, 0x0001, 0x19D1, 0x0001, 0x1A14, 0x0001,
    0x11D3, 0x0001, 0x2B3C, 0x0001, 0x443F, 0x0001, 0x4BFC, 0x0001, 0x4B99, 0x0001, 0x439A, 0x0001,
    0x4BBA, 0x0001, 0x2253, 0x0001, 0x0066, 0x0001, 0x5A01, 0x0001, 0xED24, 0x0001, 0xFE46, 0x0001,
    0xFE86, 0x0001, 0xFEA6, 0x0001, 0xDCE4, 0x0001, 0x9AC2, 0x0001, 0x81C2, 0x0001, 0x71C2, 0x0001,
    0x69A2, 0x0001, 0x4983, 0x0001, 0x49C4, 0x0001, 0x82C5, 0x0001, 0xBC46, 0x0001, 0xCD46, 0x0001,
    0xD506, 0x0001, 0xCC67, 0x0001, 0xBC47, 0x0001, 0xA366, 0x0001, 0xA345, 0x0001, 0xF66A, 0x0001,
    0xFF6C, 0x0001, 0xFEEC, 0x0001, 0x18C5, 0x0001, 0xFF8F, 0x0002, 0xED44, 0x0007, 0x18C5, 0x0008,
    0xED44, 0x000A, 0xFF8F, 0x0002, 0xEDCB, 0x0001, 0xF66B, 0x0001, 0xF6EB, 0x0001, 0xEDA7, 0x0001,
    0xA3A8, 0x0001, 0x3A50, 0x0001, 0x1190, 0x0001, 0x2A31, 0x0001, 0x4BFC, 0x0001, 0x441F, 0x0001,
    0x2A74, 0x0001, 0x49A8, 0x0001, 0x9262, 0x0001, 0xBB61, 0x0001, 0xDCC4, 0x0001, 0xFE05, 0x0001,
    0xFE86, 0x0001, 0xFDE5, 0x0001, 0xD483, 0x0001, 0xCC02, 0x0001, 0xCC23, 0x0001, 0xB321, 0x0001,
    0x7A24, 0x0001, 0x3A0F, 0x0001, 0x19D1, 0x0001, 0x2211, 0x0001, 0x4BBB, 0x0001, 0x545F, 0x0001,
    0x32B5, 0x0001, 0x196D, 0x0001, 0x2A11, 0x0001, 0x543E, 0x0001, 0x43BC, 0x0001, 0x08E7, 0x0001,
    0x6A80, 0x0001, 0xFE46, 0x0001, 0xFEA6, 0x0001, 0xFE26, 0x0001, 0xFE46, 0x0001, 0xED64, 0x0001,
    0xCBE2, 0x0001, 0xA2C2, 0x0001, 0x71E3, 0x0001, 0x51A2, 0x0001, 0x6243, 0x0001, 0x9B45, 0x0001,
    0xC447, 0x0001, 0xBC06, 0x0001, 0x9325, 0x0001, 0xA345, 0x0001, 0xD4A7, 0x0001, 0xF60B, 0x0001,
    0xCCC9, 0x0001, 0x9305, 0x0001, 0xC507, 0x0001, 0xFF6C, 0x0001, 0xFEEC, 0x0001, 0xED8B, 0x0001,
    0xFF8F, 0x0002, 0xED44, 0x0007, 0x18C5, 0x0008, 0xED44, 0x000A, 0xFF8F, 0x0002, 0xFF0C, 0x0002,
    0xFEAB, 0x0001, 0xED88, 0x0001, 0xC447, 0x0001, 0x7AC8, 0x0001, 0x2926, 0x0001, 0x00A7, 0x0001,
    0x2A53, 0x0001, 0x437A, 0x0001, 0x3296, 0x0001, 0x218B, 0x0001, 0x4122, 0x0001, 0x8A21, 0x0001,
    0xD465, 0x0001, 0xFE26, 0x0001, 0xF5C5, 0x0001, 0xD443, 0x0001, 0xC3A2, 0x0002, 0xCC02, 0x0001,
    0xDC22, 0x0001, 0xA302, 0x0001, 0x2906, 0x0001, 0x00AA, 0x0001, 0x3252, 0x0001, 0x543D, 0x0001,
    0x549F, 0x0001, 0x4379, 0x0001, 0x3B36, 0x0001, 0x439A, 0x0001, 0x3B15, 0x0001, 0x3A4C, 0x0001,
    0x6A44, 0x0001, 0xCC63, 0x0001, 0xFE46, 0x0001, 0xED85, 0x0001, 0xE4E4, 0x0001, 0xF5C5, 0x0001,
    0xFE66, 0x0001, 0xED64, 0x0001, 0xB343, 0x0001, 0x5962, 0x0001, 0x2903, 0x0001, 0x51C3, 0x0001,
    0xA365, 0x0001, 0xE589, 0x0001, 0xDD29, 0x0001, 0xAB45, 0x0001, 0xA345, 0x0001, 0xD4C8, 0x0001,
    0xFE2C, 0x0001, 0xDD2A, 0x0001, 0xAB86, 0x0001, 0xCCE8, 0x0001, 0xFF2D, 0x0001, 0xFFED, 0x0001,
    0xEE4A, 0x0001, 0xFF8F, 0x0002, 0xED44, 0x0007, 0x18C5, 0x0008, 0xED44, 0x000A, 0xFF8F, 0x0002,
    0xFF2B, 0x0001, 0xEE8B, 0x0001, 0xDD2A, 0x0001, 0xC447, 0x0001, 0xBC05, 0x0001, 0xB3A5, 0x0001,
    0x7262, 0x0001, 0x2922, 0x0001, 0x1129, 0x0001, 0x19AF, 0x0001, 0x21CF, 0x0001, 0x1129, 0x0001,
    0x0882, 0x0001, 0x40E1, 0x0001, 0xAB44, 0x0001, 0xFE26, 0x0001, 0xFDE5, 0x0001, 0xD443, 0x0001,
    0xD463, 0x0001, 0xD483, 0x0001, 0xD463, 0x0001, 0xE4C4, 0x0001, 0xC443, 0x0001, 0x5A41, 0x0001,
    0x18E5, 0x0001, 0x196E, 0x0001, 0x32F8, 0x0001, 0x547F, 0x0001, 0x5CDF, 0x0001, 0x653F, 0x0001,
    0x545F, 0x0001, 0x090B, 0x0001, 0x2060, 0x0001, 0xC3A0, 0x0001, 0xFE45, 0x0001, 0xFE26, 0x0001,
    0xD463, 0x0001, 0xCC23, 0x0001, 0xF5C5, 0x0001, 0xFEE7, 0x0001, 0xFE26, 0x0001, 0xCC04, 0x0001,
    0x6182, 0x0001, 0x1082, 0x0001, 0x3983, 0x0001, 0xABA6, 0x0001, 0xE549, 0x0001, 0xEDCA, 0x0001,
    0xDD48, 0x0001, 0xC466, 0x0001, 0xC467, 0x0001, 0xE5A9, 0x0001, 0xEDE9, 0x0001, 0xD507, 0x0001,
    0xD4C8, 0x0001, 0xEDCB, 0x0001, 0xFF6C, 0x0001, 0xFF6B, 0x0001, 0xFF8F, 0x0002, 0xED44, 0x0007,
    0x18C5, 0x0008, 0xED44, 0x000A, 0xFF8F, 0x0002, 0xFF4B, 0x0001, 0xD589, 0x0001, 0x9B45, 0x0001,
    0xAB44, 0x0001, 0xC424, 0x0001, 0xC426, 0x0001, 0xC446, 0x0001, 0xA386, 0x0001, 0x3984, 0x0001,
    0x0044, 0x0001, 0x08A4, 0x0001, 0x18E4, 0x0001, 0x0883, 0x0001, 0x0822, 0x0001, 0x6263, 0x0001,
    0xFE26, 0x0001, 0xFF06, 0x0001, 0xFE05, 0x0001, 0xFE06, 0x0001, 0xFDE5, 0x0001, 0xF5C5, 0x0002,
    0xF5E5, 0x0001, 0xE5E5, 0x0001, 0x8B63, 0x0001, 0x0864, 0x0001, 0x00EC, 0x0001, 0x4358, 0x0001,
    0x5CBF, 0x0001, 0x5C9F, 0x0001, 0x3AD5, 0x0001, 0x0027, 0x0001, 0x28E0, 0x0001, 0xDCE2, 0x0001,
    0xFF26, 0x0001, 0xFE26, 0x0001, 0xD463, 0x0001, 0xD443, 0x0001, 0xFDE5, 0x0001, 0xFEC7, 0x0001,
    0xFE26, 0x0001, 0xF504, 0x0001, 0x8AA2, 0x0001, 0x10A2, 0x0001, 0x5245, 0x0001, 0xD487, 0x0001,
    0xCC47, 0x0001, 0xD528, 0x0001, 0xFEEB, 0x0001, 0xDD68, 0x0001, 0xC426, 0x0001, 0xE5E8, 0x0001,
    0xFF6A, 0x0001, 0xF6A9, 0x0001, 0xB426, 0x0001, 0xABE7, 0x0001, 0xF6AB, 0x0001, 0xFFAC, 0x0001,
    0xFF8F, 0x0002, 0xED44, 0x0007, 0x18C5, 0x0008, 0xED44, 0x000A, 0xFF8F, 0x0002, 0xFFCD, 0x0001,
    0xE5C8, 0x0001, 0xB3A6, 0x0001, 0xCD0F, 0x0001, 0xE632, 0x0001, 0xD52A, 0x0001, 0xED47, 0x0001,
    0xE527, 0x0001, 0x8B03, 0x0001, 0x4161, 0x0002, 0x4162, 0x0001, 0x20E2, 0x0001, 0x0022, 0x0001,
    0x3163, 0x0001, 0xB404, 0x0001, 0xC4C4, 0x0001, 0xCCA5, 0x0001, 0xE545, 0x0001, 0xFE25, 0x0001,
    0xFEC6, 0x0001, 0xFEA6, 0x0001, 0xFEE7, 0x0001, 0xFF67, 0x0001, 0xF625, 0x0001, 0x8342, 0x0001,
    0x2945, 0x0001, 0x116C, 0x0001, 0x32B3, 0x0001, 0x2232, 0x0001, 0x00A9, 0x0001, 0x3963, 0x0001,
    0x8BE5, 0x0001, 0xEE4D, 0x0001, 0xF6CC, 0x0001, 0xF584, 0x0001, 0xD462, 0x0001, 0xD423, 0x0001,
    0xE504, 0x0001, 0xF606, 0x0001, 0xFE26, 0x0001, 0xF523, 0x0001, 0x9AC1, 0x0001, 0x30E1, 0x0001,
    0x59A3, 0x0001, 0xBBE6, 0x0001, 0xD508, 0x0001, 0xDDC9, 0x0001, 0xE5E9, 0x0001, 0xDD68, 0x0001,
    0xDD69, 0x0001, 0xEEB0, 0x0001, 0xFFF4, 0x0001, 0xFFB4, 0x0001, 0xB448, 0x0001, 0xAB63, 0x0001,
    0xFEEA, 0x0001, 0xFFEE, 0x0001, 0xFF8F, 0x0002, 0xED44, 0x0007, 0x18C5, 0x0008, 0xED44, 0x000A,
    0xFF8F, 0x0002, 0xFF4C, 0x0001, 0xE5A7, 0x0001, 0xC467, 0x0001, 0xE698, 0x0001, 0xFFDD, 0x0001,
    0xF64E, 0x0001, 0xF5C9, 0x0001, 0xEDEB, 0x0001, 0xDD09, 0x0001, 0xBC06, 0x0001, 0x9B45, 0x0001,
    0x7A84, 0x0001, 0x49A3, 0x0001, 0x18E3, 0x0001, 0x28E2, 0x0001, 0x6162, 0x0001, 0x6941, 0x0001,
    0x69A1, 0x0001, 0xAB22, 0x0001, 0xE4E4, 0x0001, 0xFE05, 0x0001, 0xFE46, 0x0001, 0xFE05, 0x0001,
    0xF5E5, 0x0001, 0xFE86, 0x0001, 0xFE46, 0x0001, 0x7B04, 0x0001, 0x0042, 0x0001, 0x1082, 0x0001,
    0x0862, 0x0001, 0x18C2, 0x0001, 0xAC22, 0x0001, 0xFF0A, 0x0001, 0xFF55, 0x0001, 0xDDAF, 0x0001,
    0xCC02, 0x0001, 0xCBE1, 0x0001, 0xCC03, 0x0001, 0xCBE2, 0x0001, 0xE524, 0x0001, 0xFE26, 0x0001,
    0xED44, 0x0001, 0xAB22, 0x0001, 0x71A2, 0x0001, 0x69A2, 0x0001, 0xA3A6, 0x0001, 0xEE6A, 0x0001,
    0xF66A, 0x0001, 0xCC87, 0x0001, 0xDD46, 0x0001, 0xFF4D, 0x0001, 0xFFBA, 0x0001, 0xFFFF, 0x0001,
    0xFFDF, 0x0001, 0xD590, 0x0001, 0xD4C6, 0x0001, 0xFEEA, 0x0001, 0xFF6C, 0x0001, 0xFF8F, 0x0002,
    0xED44, 0x0007, 0x18C5, 0x0008, 0xED44, 0x000A, 0xFF8F, 0x0002, 0xC4A7, 0x0001, 0xB425, 0x0001,
    0xFF8F, 0x0001, 0xDDD1, 0x0001, 0xF672, 0x0001, 0xFEB2, 0x0001, 0xFF36, 0x0001, 0xFF59, 0x0001,
    0xFEF4, 0x0001, 0xEDAC, 0x0001, 0xC447, 0x0001, 0xA344, 0x0001, 0x7A84, 0x0001, 0x49C3, 0x0001,
    0x4142, 0x0001, 0x5901, 0x0001, 0x6901, 0x0001, 0x7161, 0x0001, 0x9262, 0x0001, 0xAB23, 0x0001,
    0xAB44, 0x0001, 0xAB84, 0x0001, 0xB3A4, 0x0001, 0xB384, 0x0001, 0xBC04, 0x0001, 0xCC44, 0x0001,
    0x9B23, 0x0001, 0x5141, 0x0001, 0x3040, 0x0001, 0x5960, 0x0001, 0xB422, 0x0001, 0xF64B, 0x0001,
    0xFF91, 0x0001, 0xFF8F, 0x0001, 0xCCA7, 0x0001, 0x8A21, 0x0001, 0xAB21, 0x0001, 0xD443, 0x0001,
    0xCC02, 0x0001, 0xE4E4, 0x0001, 0xFE46, 0x0001, 0xFE86, 0x0001, 0xE525, 0x0001, 0xB385, 0x0001,
    0xBC87, 0x0001, 0xE62A, 0x0001, 0xE609, 0x0001, 0xDD69, 0x0001, 0xDDA9, 0x0001, 0xF6E8, 0x0001,
    0xFFCE, 0x0001, 0xFFBB, 0x0001, 0xF7BF, 0x0001, 0xF7DF, 0x0001, 0xFF7C, 0x0001, 0xEE74, 0x0001,
    0xCD0A, 0x0001, 0xABE4, 0x0001, 0xFF8F, 0x0002, 0xED44, 0x0007, 0x18C5, 0x0008, 0xED44, 0x000A,
    0xFF8F, 0x0002, 0xAB65, 0x0001, 0x8AC5, 0x0001, 0xFF8F, 0x0001, 0xB340, 0x0001, 0xE4E7, 0x0001,
    0xF6B3, 0x0001, 0xFFFE, 0x0001, 0xFFFF, 0x0001, 0xFFDE, 0x0001, 0xF6B4, 0x0001, 0xD509, 0x0001,
    0xBBE5, 0x0001, 0x9325, 0x0001, 0x6223, 0x0001, 0x51A2, 0x0001, 0x61C2, 0x0001, 0x5962, 0x0001,
    0x5142, 0x0001, 0x71C2, 0x0001, 0x8A43, 0x0001, 0x9262, 0x0001, 0x8A22, 0x0001, 0x79E2, 0x0001,
    0x71A2, 0x0001, 0x7182, 0x0001, 0x71A2, 0x0001, 0x8203, 0x0001, 0x8202, 0x0002, 0xC423, 0x0001,
    0xFEE9, 0x0001, 0xFF55, 0x0001, 0xF6B5, 0x0001, 0xEE07, 0x0001, 0xA340, 0x0001, 0x6142, 0x0001,
    0xA2E2, 0x0001, 0xDC43, 0x0001, 0xC3C3, 0x0001, 0xDCE4, 0x0001, 0xFE46, 0x0001, 0xEE05, 0x0001,
    0xDCE5, 0x0001, 0xCC67, 0x0001, 0xE5CA, 0x0001, 0xEE6A, 0x0001, 0xBC46, 0x0001, 0xC487, 0x0001,
    0xFF0C, 0x0001, 0xF6C8, 0x0001, 0xDE0B, 0x0001, 0xF77A, 0x0001, 0xFFFF, 0x0001, 0xF7BE, 0x0001,
    0xFFFF, 0x0001, 0xF79E, 0x0001, 0xBC4B, 0x0001, 0x79C0, 0x0001, 0xFF8F, 0x0002, 0xED44, 0x0007,
    0x18C5, 0x0008, 0xED44, 0x000A, 0xFF8F, 0x0002, 0xD4A7, 0x0001, 0xBC07, 0x0001, 0xFF8F, 0x0001,
    0xB362, 0x0001, 0xE529, 0x0001, 0xF6B3, 0x0001, 0xFFDC, 0x0001, 0xFFFF, 0x0002, 0xFF9B, 0x0001,
    0xF60D, 0x0001, 0xCC66, 0x0001, 0x9305, 0x0001, 0x59E3, 0x0001, 0x51C2, 0x0001, 0x51C3, 0x0001,
    0x2923, 0x0001, 0x1082, 0x0001, 0x4902, 0x0001, 0x9AA2, 0x0001, 0xCC03, 0x0001, 0xB363, 0x0001,
    0x79E2, 0x0001, 0x6142, 0x0001, 0x6141, 0x0001, 0x6982, 0x0001, 0x5902, 0x0001, 0x79C1, 0x0001,
    0xD4A1, 0x0001, 0xFE88, 0x0001, 0xFF13, 0x0001, 0xFF79, 0x0001, 0xE633, 0x0001, 0xAB85, 0x0001,
    0x7180, 0x0001, 0x6982, 0x0001, 0xB363, 0x0001, 0xC3C2, 0x0001, 0x9282, 0x0001, 0xCC64, 0x0001,
    0xFE26, 0x0001, 0xA363, 0x0001, 0x8223, 0x0001, 0xBC06, 0x0001, 0xC467, 0x0001, 0x9B85, 0x0001,
    0x8AC4, 0x0001, 0xBC47, 0x0001, 0xFE6C, 0x0001, 0xC486, 0x0001, 0x9B87, 0x0001, 0xE6FA, 0x0001,
    0xFFFF, 0x0001, 0xFFDE, 0x0001, 0xFFFF, 0x0001, 0xFF9D, 0x0001, 0xDD4C, 0x0001, 0xAB01, 0x0001,
    0x18C5, 0x0001, 0xFF8F, 0x0002, 0xED44, 0x0007, 0x18C5, 0x0001, 0xED44, 0x0002, 0x18C5, 0x0004,
    0xED44, 0x000A, 0xFF8F, 0x0002, 0xED48, 0x0001, 0xCC87, 0x0001, 0xFF8F, 0x0001, 0xDD08, 0x0001,
    0xF62D, 0x0001, 0xFEF4, 0x0001, 0xFFBC, 0x0001, 0xFFFF, 0x0001, 0xFFDE, 0x0001, 0xFF99, 0x0001,
    0xFE8E, 0x0001, 0xBC46, 0x0001, 0x7244, 0x0001, 0x6203, 0x0002, 0x59A2, 0x0001, 0x5A03, 0x0002,
    0x5101, 0x0001, 0x7181, 0x0001, 0x9AC2, 0x0001, 0x9262, 0x0001, 0x8202, 0x0001, 0x9AE3, 0x0001,
    0x8262, 0x0001, 0x5942, 0x0001, 0x71A0, 0x0001, 0xB403, 0x0001, 0xFEEE, 0x0001, 0xFF97, 0x0001,
    0xEED8, 0x0001, 0xFF94, 0x0001, 0xF62B, 0x0001, 0x8243, 0x0001, 0x4881, 0x0001, 0x71C2, 0x0001,
    0xC3E3, 0x0001, 0xC3A2, 0x0001, 0x71A2, 0x0001, 0xB3E4, 0x0001, 0xFDE5, 0x0001, 0x8242, 0x0001,
    0x6982, 0x0001, 0xCD07, 0x0001, 0xCCC7, 0x0001, 0x8A84, 0x0001, 0x8264, 0x0001, 0x9B66, 0x0001,
    0xBC48, 0x0001, 0xC447, 0x0001, 0xB408, 0x0001, 0xBCAE, 0x0001, 0xD617, 0x0001, 0xF7BF, 0x0001,
    0xFFFF, 0x0001, 0xF73A, 0x0001, 0xDD2B, 0x0001, 0xE526, 0x0001, 0xFEEB, 0x0001, 0xFF8F, 0x0002,
    0xED44, 0x0007, 0x18C5, 0x0001, 0xED44, 0x0002, 0x18C5, 0x0004, 0xED44, 0x000A, 0xFF8F, 0x0002,
    0xE508, 0x0001, 0xBC26, 0x0001, 0xFF8F, 0x0001, 0xF60A, 0x0001, 0xFECD, 0x0001, 0xFEF3, 0x0001,
    0xFF9C, 0x0001, 0xFFFF, 0x0001, 0xF759, 0x0001, 0xFED1, 0x0001, 0xFE2C, 0x0001, 0x9BA6, 0x0001,
    0x49A2, 0x0001, 0x82C4, 0x0001, 0x92C4, 0x0001, 0x6982, 0x0001, 0xA2E2, 0x0001, 0xD423, 0x0001,
    0x9282, 0x0001, 0x5941, 0x0001, 0x6982, 0x0001, 0x79E2, 0x0001, 0x9AC3, 0x0001, 0xD423, 0x0001,
    0xAB02, 0x0001, 0x71A2, 0x0001, 0xBBE1, 0x0001, 0xFF2B, 0x0001, 0xFFFC, 0x0001, 0xF7BF, 0x0001,
    0xFEF5, 0x0001, 0xFECA, 0x0001, 0xE523, 0x0001, 0x8221, 0x0001, 0x6122, 0x0001, 0x9283, 0x0001,
    0xCC03, 0x0001, 0xB362, 0x0001, 0x6961, 0x0001, 0xB3E4, 0x0001, 0xFE26, 0x0001, 0x92A2, 0x0001,
    0x7A44, 0x0001, 0xEE8B, 0x0001, 0xFEAA, 0x0001, 0xC426, 0x0001, 0xA365, 0x0001, 0x8AC4, 0x0001,
    0x8AE4, 0x0001, 0xD509, 0x0001, 0xEDCA, 0x0001, 0xA363, 0x0001, 0xA40B, 0x0001, 0xF77D, 0x0001,
    0xFFFF, 0x0001, 0xEF1B, 0x0001, 0xCCAB, 0x0001, 0xED86, 0x0001, 0xFF0B, 0x0001, 0xFF8F, 0x0001,
    0xED44, 0x0007, 0x18C5, 0x0008, 0xED44, 0x000A, 0xFF8F, 0x0002, 0xFDC9, 0x0001, 0xC467, 0x0001,
    0xFF8F, 0x0001, 0xE549, 0x0001, 0xFDEA, 0x0001, 0xF60B, 0x0001, 0xFF15, 0x0001, 0xFFBB, 0x0001,
    0xF691, 0x0001, 0xF5A8, 0x0001, 0xED48, 0x0001, 0x8305, 0x0001, 0x4182, 0x0001, 0x9B65, 0x0001,
    0xABC6, 0x0001, 0x61E3, 0x0001, 0x92A2, 0x0001, 0xDC42, 0x0001, 0xDCA4, 0x0001, 0xC485, 0x0002,
    0xDD66, 0x0001, 0xE525, 0x0001, 0xAB21, 0x0001, 0x9220, 0x0001, 0xC3A2, 0x0001, 0xFE4B, 0x0001,
    0xFFF7, 0x0001, 0xFFFD, 0x0001, 0xFFD8, 0x0001, 0xFEEB, 0x0001, 0xCCA4, 0x0001, 0x9282, 0x0001,
    0x8202, 0x0001, 0xAB03, 0x0001, 0xD403, 0x0001, 0xCBE3, 0x0001, 0x9243, 0x0001, 0x6942, 0x0001,
    0xD485, 0x0001, 0xFEC6, 0x0001, 0x92A1, 0x0001, 0x69E5, 0x0001, 0xEE70, 0x0001, 0xFFAF, 0x0001,
    0xE608, 0x0001, 0xC486, 0x0001, 0xAB85, 0x0002, 0xC467, 0x0001, 0xDD28, 0x0001, 0xD546, 0x0001,
    0xDDE8, 0x0001, 0xF710, 0x0001, 0xFFDB, 0x0001, 0xF75C, 0x0001, 0xDD2C, 0x0001, 0xCC63, 0x0001,
    0xFF8F, 0x0003, 0xED44, 0x0007, 0x18C5, 0x0001, 0xED44, 0x0002, 0x18C5, 0x0005, 0xED44, 0x0003,
    0x18C5, 0x0001, 0xED44, 0x0006, 0xFF8F, 0x0001, 0xDCA7, 0x0001, 0xFF8F, 0x0002, 0x9B04, 0x0001,
    0xD4A7, 0x0001, 0xF5EC, 0x0001, 0xF64F, 0x0001, 0xEE10, 0x0001, 0xF670, 0x0001, 0xEDED, 0x0001,
    0xC447, 0x0001, 0x7A63, 0x0001, 0x6A43, 0x0001, 0xBC26, 0x0001, 0xABC6, 0x0001, 0x4981, 0x0001,
    0x7A81, 0x0001, 0xED44, 0x0001, 0xFEA6, 0x0001, 0xFEE6, 0x0001, 0xFE65, 0x0001, 0xFE64, 0x0001,
    0xD504, 0x0001, 0x61E5, 0x0001, 0x5962, 0x0001, 0xAB61, 0x0001, 0xD50B, 0x0001, 0xDDD3, 0x0001,
    0xDDB1, 0x0001, 0xE5CA, 0x0001, 0xE523, 0x0001, 0x7A20, 0x0001, 0x3860, 0x0001, 0x6182, 0x0001,
    0x9B23, 0x0001, 0xAB61, 0x0001, 0x8A82, 0x0001, 0x5121, 0x0001, 0x48C0, 0x0001, 0x9322, 0x0001,
    0xCCE4, 0x0001, 0x92A1, 0x0001, 0x8AE8, 0x0001, 0xEE97, 0x0001, 0xFFF6, 0x0001, 0xF6CC, 0x0001,
    0xD507, 0x0001, 0xCC67, 0x0001, 0xD4E8, 0x0001, 0xC446, 0x0001, 0xCC67, 0x0001, 0xF6AC, 0x0001,
    0xFF6A, 0x0001, 0xFEC8, 0x0001, 0xFFD9, 0x0001, 0xFF9F, 0x0001, 0xEDAE, 0x0001, 0xC3E2, 0x0001,
    0x18C5, 0x0001, 0xFF8F, 0x0003, 0xED44, 0x0006, 0x18C5, 0x0001, 0xED44, 0x0003, 0x18C5, 0x0004,
    0xED44, 0x0003, 0x18C5, 0x0001, 0xED44, 0x0006, 0xFF8F, 0x0004, 0x7A01, 0x0001, 0xBC29, 0x0001,
    0xF6D5, 0x0001, 0xE5EE, 0x0001, 0xCC67, 0x0001, 0xF718, 0x0001, 0xEF3B, 0x0001, 0xA3A8, 0x0001,
    0x7A21, 0x0001, 0x9325, 0x0001, 0xCC87, 0x0001, 0x9B65, 0x0001, 0x4141, 0x0001, 0x9362, 0x0001,
    0xFEC7, 0x0001, 0xFF07, 0x0001, 0xFE05, 0x0001, 0xECC2, 0x0001, 0xA320, 0x0001, 0x5A24, 0x0001,
    0x320E, 0x0001, 0x218C, 0x0001, 0x2902, 0x0001, 0x5980, 0x0001, 0x8224, 0x0001, 0x8223, 0x0001,
    0x8243, 0x0001, 0x8202, 0x0001, 0x38E0, 0x0001, 0x0840, 0x0001, 0x18C2, 0x0001, 0x2923, 0x0001,
    0x2901, 0x0001, 0x20E1, 0x0001, 0x18A1, 0x0002, 0x10A1, 0x0001, 0x3142, 0x0001, 0x8AE2, 0x0001,
    0xDD4D, 0x0001, 0xF77C, 0x0001, 0xFFFD, 0x0001, 0xF6B2, 0x0001, 0xCCC9, 0x0001, 0xCCA7, 0x0001,
    0xEDCA, 0x0001, 0xDD09, 0x0001, 0xCC67, 0x0001, 0xEDAB, 0x0001, 0xFE89, 0x0001, 0xF6C9, 0x0001,
    0xFFD9, 0x0001, 0xF77E, 0x0001, 0xD50C, 0x0001, 0xED06, 0x0001, 0xF5EB, 0x0001, 0x18C5, 0x0002,
    0xFF8F, 0x0002, 0xED44, 0x000A, 0x18C5, 0x0002, 0xED44, 0x000A, 0xFF8F, 0x0002, 0x18C5, 0x0003,
    0xABA5, 0x0001, 0xD50A, 0x0001, 0xF670, 0x0001, 0xEE30, 0x0001, 0xDDD1, 0x0001, 0xFF9C, 0x0001,
    0xEF1A, 0x0001, 0xB408, 0x0001, 0x92C2, 0x0001, 0xA345, 0x0001, 0xBC05, 0x0001, 0xC48A, 0x0001,
    0xA48F, 0x0001, 0x9C2A, 0x0001, 0x9BC1, 0x0001, 0xAC01, 0x0001, 0xABC4, 0x0001, 0x8308, 0x0001,
    0x49C9, 0x0001, 0x218B, 0x0001, 0x2A32, 0x0001, 0x19F1, 0x0001, 0x090B, 0x0001, 0x2107, 0x0001,
    0x4105, 0x0001, 0x38C1, 0x0001, 0x3040, 0x0001, 0x3080, 0x0001, 0x3A4F, 0x0001, 0x32B1, 0x0001,
    0x10C3, 0x0001, 0x0042, 0x0001, 0x092B, 0x0001, 0x114B, 0x0001, 0x19AC, 0x0001, 0x2A4F, 0x0001,
    0x096E, 0x0001, 0x110A, 0x0001, 0x8B05, 0x0001, 0xEDED, 0x0001, 0xFFBE, 0x0001, 0xFFFF, 0x0001,
    0xF6F8, 0x0001, 0xCCAA, 0x0001, 0xD4A6, 0x0001, 0xF60B, 0x0001, 0xCCE9, 0x0001, 0xAB86, 0x0001,
    0xC448, 0x0001, 0xE5A9, 0x0001, 0xF6EB, 0x0001, 0xFFF3, 0x0001, 0xF715, 0x0001, 0xCD0B, 0x0001,
    0xED47, 0x0001, 0xF5EB, 0x0001, 0xFECC, 0x0001, 0xFFAC, 0x0001, 0xFF8F, 0x0002, 0xED44, 0x000A,
    0x18C5, 0x0003, 0xED44, 0x0003, 0x18C5, 0x0001, 0xED44, 0x0006, 0xFF8F, 0x0001, 0xFF4B, 0x0001,
    0xE5E9, 0x0001, 0xCC87, 0x0001, 0xE54A, 0x0001, 0xF60A, 0x0001, 0xEDC9, 0x0001, 0xF6F5, 0x0001,
    0xFFFF, 0x0001, 0xFFBC, 0x0001, 0xEE30, 0x0001, 0xD4C8, 0x0001, 0xA385, 0x0001, 0x9304, 0x0001,
    0xAB42, 0x0001, 0xEDEF, 0x0001, 0xFFFF, 0x0001, 0xAD34, 0x0001, 0x4941, 0x0001, 0x4120, 0x0001,
    0x41E9, 0x0001, 0x21F1, 0x0001, 0x2213, 0x0001, 0x2A11, 0x0004, 0x2A54, 0x0001, 0x2210, 0x0001,
    0x1906, 0x0001, 0x0820, 0x0001, 0x18E4, 0x0001, 0x4399, 0x0001, 0x4BFC, 0x0001, 0x2167, 0x0001,
    0x18E5, 0x0001, 0x2A11, 0x0001, 0x21D0, 0x0001, 0x32B5, 0x0001, 0x5C9F, 0x0001, 0x3B9D, 0x0001,
    0x2A0F, 0x0001, 0x8B06, 0x0001, 0xE56B, 0x0001, 0xF77B, 0x0001, 0xFFFF, 0x0001, 0xF77D, 0x0001,
    0xCCEC, 0x0001, 0xD4A6, 0x0001, 0xF5EA, 0x0001, 0xC488, 0x0001, 0x92E4, 0x0001, 0xAB85, 0x0001,
    0xDD48, 0x0001, 0xF6CB, 0x0001, 0xFFEC, 0x0001, 0xF6CA, 0x0001, 0xFF8F, 0x0003, 0xF6EB, 0x0001,
    0xFFAC, 0x0001, 0xFF8F, 0x0001, 0xED44, 0x0006, 0x18C5, 0x0001, 0xED44, 0x0003, 0x18C5, 0x0005,
    0xED44, 0x0001, 0x18C5, 0x0002, 0xED44, 0x0007, 0xFF8F, 0x0001, 0xD548, 0x0001, 0xDCE8, 0x0001,
    0xFDEA, 0x0001, 0xFE2B, 0x0001, 0xF62E, 0x0001, 0xFF7B, 0x0001, 0xFFFF, 0x0001, 0xFFDC, 0x0001,
    0xEE0F, 0x0001, 0xD4A8, 0x0001, 0xA385, 0x0001, 0x9304, 0x0001, 0xAB63, 0x0001, 0xE5AF, 0x0001,
    0xFFFF, 0x0001, 0xE71B, 0x0001, 0xA44F, 0x0001, 0x422D, 0x0001, 0x0991, 0x0001, 0x09D4, 0x0001,
    0x196C, 0x0001, 0x2149, 0x0001, 0x19D2, 0x0001, 0x19B0, 0x0001, 0x2148, 0x0001, 0x2A30, 0x0001,
    0x2233, 0x0001, 0x00A5, 0x0001, 0x00A6, 0x0001, 0x21CF, 0x0001, 0x21EF, 0x0001, 0x19CD, 0x0001,
    0x19CF, 0x0001, 0x198D, 0x0001, 0x08E8, 0x0001, 0x0066, 0x0001, 0x2A50, 0x0001, 0x653F, 0x0001,
    0x337C, 0x0001, 0x10E6, 0x0001, 0x8AE3, 0x0001, 0xEDAC, 0x0001, 0xF6D6, 0x0001, 0xFFFF, 0x0001,
    0xF77D, 0x0001, 0xCD0D, 0x0001, 0xCC85, 0x0001, 0xEDCA, 0x0001, 0xD4E9, 0x0001, 0xAB85, 0x0001,
    0xBBE5, 0x0001, 0xDD09, 0x0001, 0xF64B, 0x0001, 0xFFCC, 0x0001, 0xF6E9, 0x0001, 0xFF8F, 0x0005,
    0xED44, 0x0007, 0x18C5, 0x0001, 0xED44, 0x0002, 0x18C5, 0x0006, 0xED44, 0x0001, 0x18C5, 0x0002,
    0xED44, 0x0007, 0xFF8F, 0x0002, 0xBC26, 0x0001, 0xED88, 0x0001, 0xF64E, 0x0001, 0xF737, 0x0001,
    0xF75A, 0x0001, 0xFF59, 0x0001, 0xFF58, 0x0001, 0xF693, 0x0001, 0xD4E9, 0x0001, 0xA364, 0x0001,
    0x9304, 0x0001, 0xB3A3, 0x0001, 0xDD6E, 0x0001, 0xEF5D, 0x0001, 0xFFFD, 0x0001, 0xFF74, 0x0001,
    0x6B6F, 0x0001, 0x29AF, 0x0001, 0x526D, 0x0001, 0x2944, 0x0001, 0x10A1, 0x0001, 0x420B, 0x0001,
    0x41E9, 0x0001, 0x1881, 0x0001, 0x10E8, 0x0001, 0x218C, 0x0001, 0x4163, 0x0001, 0x39A7, 0x0001,
    0x29EF, 0x0001, 0x3124, 0x0001, 0x3900, 0x0001, 0x39ED, 0x0001, 0x39EB, 0x0001, 0x3920, 0x0001,
    0x3060, 0x0001, 0x2967, 0x0001, 0x3317, 0x0001, 0x3270, 0x0001, 0x4120, 0x0001, 0x8261, 0x0001,
    0xCCC9, 0x0001, 0xFED0, 0x0001, 0xFFFD, 0x0001, 0xF77D, 0x0001, 0xCD2D, 0x0001, 0xD485, 0x0001,
    0xEDEB, 0x0001, 0xEDCB, 0x0001, 0xD4A7, 0x0001, 0xBC26, 0x0001, 0xC447, 0x0001, 0xE54A, 0x0001,
    0xFF0C, 0x0001, 0xF6EB, 0x0001, 0x18C5, 0x0002, 0xFF8F, 0x0002, 0xED44, 0x0007, 0x18C5, 0x000A,
    0xED44, 0x0001, 0x18C5, 0x0002, 0xED44, 0x0007, 0xFF8F, 0x0002, 0x9B45, 0x0001, 0xDD07, 0x0001,
    0xFEB1, 0x0001, 0xFFDE, 0x0001, 0xF717, 0x0001, 0xEDEB, 0x0001, 0xF6B2, 0x0001, 0xF6B4, 0x0001,
    0xD4E9, 0x0001, 0xA364, 0x0001, 0x9304, 0x0001, 0xB383, 0x0001, 0xDD8F, 0x0001, 0xF77E, 0x0001,
    0xFFF9, 0x0001, 0xF6CA, 0x0001, 0x7A84, 0x0001, 0x79C3, 0x0001, 0xBBC3, 0x0001, 0x5203, 0x0001,
    0x18C2, 0x0001, 0xA343, 0x0001, 0xA342, 0x0001, 0x18C2, 0x0001, 0x0003, 0x0001, 0x3144, 0x0001,
    0xB382, 0x0001, 0x82C3, 0x0001, 0x18E4, 0x0001, 0x7A82, 0x0001, 0xBB62, 0x0001, 0x71C3, 0x0001,
    0x8243, 0x0001, 0xBBA1, 0x0001, 0x9A81, 0x0001, 0x38C2, 0x0001, 0x0885, 0x0001, 0x6264, 0x0001,
    0xBBA2, 0x0001, 0x81E1, 0x0001, 0x82A3, 0x0001, 0xEE89, 0x0001, 0xFFF9, 0x0001, 0xF77E, 0x0001,
    0xD52E, 0x0001, 0xCC85, 0x0001, 0xEDCA, 0x0001, 0xFE6C, 0x0001, 0xE56A, 0x0001, 0xA3A6, 0x0001,
    0x9B05, 0x0001, 0xC447, 0x0001, 0xEE6A, 0x0001, 0xFEEB, 0x0001, 0xE568, 0x0001, 0xBBC6, 0x0001,
    0xFF8F, 0x0001, 0xED44, 0x0008, 0x18C5, 0x000A, 0xED44, 0x0001, 0x18C5, 0x0002, 0xED44, 0x0007,
    0xFF8F, 0x0002, 0x9B23, 0x0001, 0xED25, 0x0001, 0xFF51, 0x0001, 0xFFFF, 0x0001, 0xFFFD, 0x0001,
    0xFE8F, 0x0001, 0xFEF0, 0x0001, 0xE5EF, 0x0001, 0x9366, 0x0001, 0x9325, 0x0001, 0xB3E6, 0x0001,
    0xA343, 0x0001, 0xBCAC, 0x0001, 0xF739, 0x0001, 0xDE52, 0x0001, 0xA3A3, 0x0001, 0x81C0, 0x0001,
    0xC341, 0x0001, 0xFD83, 0x0001, 0x8B02, 0x0001, 0x51A4, 0x0001, 0xE509, 0x0001, 0xBC88, 0x0001,
    0x10C3, 0x0001, 0x2081, 0x0001, 0x9B22, 0x0001, 0xF5A4, 0x0001, 0x9B63, 0x0001, 0x1081, 0x0001,
    0xA3C4, 0x0001, 0xFD44, 0x0001, 0x81E0, 0x0001, 0xA325, 0x0001, 0xFDEC, 0x0001, 0xAB66, 0x0001,
    0x50C0, 0x0001, 0x5960, 0x0001, 0xBC42, 0x0001, 0xFD64, 0x0001, 0x9262, 0x0001, 0x6160, 0x0001,
    0xB465, 0x0001, 0xEED3, 0x0001, 0xEF19, 0x0001, 0xBC8C, 0x0001, 0xAB83, 0x0001, 0xDD08, 0x0001,
    0xFE8C, 0x0001, 0xEDEB, 0x0001, 0x9B86, 0x0001, 0x8A84, 0x0001, 0xC426, 0x0001, 0xF68A, 0x0001,
    0xFF0B, 0x0001, 0xEDA9, 0x0001, 0xFF8F, 0x0001, 0xED44, 0x0009, 0x18C5, 0x000A, 0xED44, 0x0001,
    0x18C5, 0x0002, 0xED44, 0x0007, 0xFF8F, 0x0002, 0x9306, 0x0001, 0xD4C7, 0x0001, 0xEE70, 0x0001,
    0xEF7C, 0x0001, 0xEF7D, 0x0001, 0xF6B4, 0x0001, 0xFE8D, 0x0001, 0xBC87, 0x0001, 0x51C2, 0x0001,
    0x7AA4, 0x0001, 0xCC67, 0x0001, 0x9B03, 0x0001, 0xB44A, 0x0001, 0xFF15, 0x0001, 0xBC8D, 0x0001,
    0x50C0, 0x0001, 0x6101, 0x0001, 0xBC05, 0x0001, 0xFE26, 0x0001, 0xBBC2, 0x0001, 0x9AE5, 0x0001,
    0xFEB4, 0x0001, 0xAD72, 0x0001, 0x18E3, 0x0001, 0x61C0, 0x0001, 0xFD44, 0x0001, 0xFEC6, 0x0001,
    0x8BA5, 0x0001, 0x18C3, 0x0001, 0xAC66, 0x0001, 0xFDC4, 0x0001, 0x71C0, 0x0001, 0x9BAC, 0x0001,
    0xF716, 0x0001, 0x9BAA, 0x0001, 0x6940, 0x0001, 0xC382, 0x0001, 0xFE25, 0x0001, 0xF606, 0x0001,
    0x9303, 0x0001, 0x58E1, 0x0001, 0x8263, 0x0001, 0xDDAF, 0x0001, 0xF6F5, 0x0001, 0xB44A, 0x0001,
    0x8AA2, 0x0001, 0xBBE6, 0x0001, 0xED8A, 0x0001, 0xE58A, 0x0001, 0xABC6, 0x0001, 0x92E4, 0x0001,
    0xBC26, 0x0001, 0xFECB, 0x0001, 0xFF2B, 0x0001, 0xFF8F, 0x0002, 0xED44, 0x0009, 0x18C5, 0x000F,
    0xED44, 0x0005, 0xFF8F, 0x0002, 0x4A6E, 0x0001, 0x6310, 0x0001, 0x5B31, 0x0001, 0x5354, 0x0001,
    0x83AF, 0x0001, 0xBC07, 0x0001, 0xCC45, 0x0001, 0x9B23, 0x0001, 0x5180, 0x0001, 0x6A43, 0x0001,
    0xABA5, 0x0001, 0xAB64, 0x0001, 0xD54C, 0x0001, 0xFF76, 0x0001, 0xC48D, 0x0001, 0x4080, 0x0001,
    0x1841, 0x0001, 0x62A4, 0x0001, 0xD4C4, 0x0001, 0xDC20, 0x0001, 0xCC46, 0x0001, 0xFF57, 0x0001,
    0xBD94, 0x0001, 0x5142, 0x0001, 0x8200, 0x0001, 0xFD44, 0x0001, 0xFEA6, 0x0001, 0x93A5, 0x0001,
    0x18E3, 0x0001, 0xAC86, 0x0001, 0xFDA4, 0x0001, 0x6960, 0x0001, 0x8B4D, 0x0001, 0xFF59, 0x0001,
    0xB46C, 0x0001, 0x89E0, 0x0001, 0xCBC2, 0x0001, 0xFE46, 0x0001, 0xFE06, 0x0001, 0x8AC3, 0x0001,
    0x50A0, 0x0001, 0x8263, 0x0001, 0xDDD0, 0x0001, 0xFF56, 0x0001, 0xD52C, 0x0001, 0x9B23, 0x0001,
    0x9B45, 0x0001, 0xBC27, 0x0001, 0xD4C8, 0x0001, 0xC467, 0x0001, 0xA365, 0x0001, 0xA345, 0x0001,
    0xEE2A, 0x0001, 0xFF4B, 0x0001, 0xFF8F, 0x0002, 0xED44, 0x0003, 0x18C5, 0x0015, 0xED44, 0x0005,
    0xFF8F, 0x0002, 0x1A13, 0x0001, 0x19F4, 0x0001, 0x0992, 0x0001, 0x11D4, 0x0001, 0x426F, 0x0001,
    0x7AE9, 0x0001, 0x7AC7, 0x0001, 0x5A48, 0x0001, 0x4A08, 0x0001, 0x5A26, 0x0001, 0x92E4, 0x0001,
    0xBBE4, 0x0001, 0xDD6B, 0x0001, 0xE611, 0x0001, 0xBC2A, 0x0001, 0x6981, 0x0001, 0x1861, 0x0001,
    0x4983, 0x0001, 0xBB82, 0x0001, 0xD3E0, 0x0001, 0xD463, 0x0001, 0xF62E, 0x0001, 0xC4CD, 0x0001,
    0x81E2, 0x0001, 0x9240, 0x0001, 0xED04, 0x0001, 0xFF06, 0x0001, 0x9BE5, 0x0001, 0x0863, 0x0001,
    0x9C05, 0x0001, 0xFE25, 0x0001, 0x9B02, 0x0001, 0xB449, 0x0001, 0xFE8F, 0x0001, 0xABA8, 0x0001,
    0x7180, 0x0001, 0xB320, 0x0001, 0xFD84, 0x0001, 0xFE06, 0x0001, 0xB3A3, 0x0001, 0x71C1, 0x0001,
    0x8263, 0x0001, 0xB48C, 0x0001, 0xE611, 0x0001, 0xDD4B, 0x0001, 0xB3C5, 0x0001, 0x8AE4, 0x0001,
    0xA365, 0x0001, 0xCC87, 0x0001, 0xDCE7, 0x0001, 0xAB85, 0x0001, 0x82A4, 0x0001, 0xEE2A, 0x0001,
    0xFF4B, 0x0001, 0xFF8F, 0x0002, 0xED44, 0x0003, 0x18C5, 0x0015, 0xED44, 0x0005, 0xFF8F, 0x0002,
    0x2A11, 0x0001, 0x2211, 0x0001, 0x2A54, 0x0001, 0x43DC, 0x0001, 0x549D, 0x0001, 0x541C, 0x0001,
    0x3AB3, 0x0001, 0x21D0, 0x0001, 0x2211, 0x0001, 0x526B, 0x0001, 0x9B24, 0x0001, 0xC425, 0x0001,
    0xC447, 0x0001, 0xA386, 0x0001, 0x92C4, 0x0001, 0x8A22, 0x0001, 0x71C2, 0x0001, 0x9283, 0x0001,
    0xC3E2, 0x0001, 0xD421, 0x0001, 0xCC02, 0x0001, 0xDC84, 0x0001, 0xB3A4, 0x0001, 0x8A63, 0x0001,
    0xA2C2, 0x0001, 0xED03, 0x0001, 0xFEE6, 0x0001, 0x9BE5, 0x0001, 0x0883, 0x0001, 0x93A4, 0x0001,
    0xFEE6, 0x0001, 0xF605, 0x0001, 0xF646, 0x0001, 0xFE06, 0x0001, 0x92C3, 0x0001, 0x6941, 0x0001,
    0xB341, 0x0001, 0xF584, 0x0001, 0xFE26, 0x0001, 0xED24, 0x0001, 0xAB02, 0x0001, 0x71A2, 0x0001,
    0x7204, 0x0001, 0xA386, 0x0001, 0xC487, 0x0001, 0xBC06, 0x0001, 0x9305, 0x0001, 0xA385, 0x0001,
    0xCC87, 0x0001, 0xD4C7, 0x0001, 0xA385, 0x0001, 0x8AE4, 0x0001, 0xEE2A, 0x0001, 0xFF4B, 0x0001,
    0xFF8F, 0x0001, 0xED44, 0x0004, 0x18C5, 0x0015, 0xED44, 0x0005, 0xFF8F, 0x0002, 0x19F2, 0x0001,
    0x21F1, 0x0001, 0x3AF4, 0x0001, 0x64DF, 0x0001, 0x6DBF, 0x0001, 0x54DF, 0x0001, 0x3318, 0x0001,
    0x118F, 0x0001, 0x114C, 0x0001, 0x6288, 0x0001, 0xBC06, 0x0001, 0xD486, 0x0001, 0xB3E6, 0x0001,
    0x8AC3, 0x0001, 0x69E2, 0x0001, 0x7A63, 0x0001, 0xC424, 0x0001, 0xDD24, 0x0001, 0xE524, 0x0001,
    0xE58B, 0x0001, 0xDD6D, 0x0001, 0xD422, 0x0001, 0xA280, 0x0001, 0x81C0, 0x0001, 0x9A82, 0x0001,
    0xAB63, 0x0001, 0x7B64, 0x0001, 0x72E4, 0x0001, 0x8AE3, 0x0001, 0xBBC3, 0x0001, 0xE564, 0x0001,
    0xFEE6, 0x0001, 0xFF6A, 0x0001, 0xFE6C, 0x0001, 0xC466, 0x0001, 0xB3E6, 0x0001, 0xD54D, 0x0001,
    0xFE6C, 0x0001, 0xFE05, 0x0001, 0xD463, 0x0001, 0x9262, 0x0001, 0x6141, 0x0001, 0x6181, 0x0001,
    0x92E3, 0x0001, 0xBC06, 0x0001, 0xC467, 0x0001, 0xB3E6, 0x0001, 0xABA5, 0x0001, 0xB3E6, 0x0001,
    0xCC67, 0x0001, 0xCC47, 0x0001, 0xABC6, 0x0001, 0xDD68, 0x0001, 0xFF8F, 0x0001, 0xED44, 0x0005,
    0x18C5, 0x0015, 0xED44, 0x0005, 0xFF8F, 0x0002, 0x3250, 0x0001, 0x2A11, 0x0001, 0x2253, 0x0001,
    0x43BC, 0x0001, 0x547E, 0x0001, 0x4C1E, 0x0001, 0x3AF7, 0x0001, 0x112C, 0x0001, 0x0862, 0x0001,
    0x6242, 0x0001, 0xD487, 0x0001, 0xD4C7, 0x0001, 0xBC26, 0x0001, 0xA365, 0x0001, 0x59C3, 0x0001,
    0x51E3, 0x0001, 0xCCE5, 0x0001, 0xFEA5, 0x0001, 0xFE65, 0x0001, 0xFEF0, 0x0001, 0xFEF4, 0x0001,
    0xE529, 0x0001, 0xBB83, 0x0001, 0x92A4, 0x0001, 0x9A84, 0x0001, 0x69C2, 0x0001, 0x1082, 0x0001,
    0x49A2, 0x0001, 0xCC03, 0x0001, 0xDC63, 0x0001, 0xD462, 0x0001, 0xED43, 0x0001, 0xF66F, 0x0001,
    0xF716, 0x0001, 0xFEAA, 0x0001, 0xFE87, 0x0001, 0xFEF3, 0x0001, 0xFF30, 0x0001, 0xFE05, 0x0001,
    0xB362, 0x0001, 0x7182, 0x0001, 0x6982, 0x0001, 0x7A43, 0x0001, 0x9B65, 0x0001, 0xBC26, 0x0001,
    0xCC87, 0x0001, 0xCC67, 0x0001, 0xA385, 0x0001, 0x9304, 0x0001, 0xB3C6, 0x0001, 0xE508, 0x0001,
    0xD4A7, 0x0001, 0xFF8F, 0x0002, 0xED44, 0x0005, 0x18C5, 0x0015, 0xED44, 0x0005, 0xFF8F, 0x0002,
    0xA3C9, 0x0001, 0x52AF, 0x0001, 0x0152, 0x0001, 0x11F4, 0x0001, 0x2254, 0x0001, 0x2255, 0x0001,
    0x2235, 0x0001, 0x012E, 0x0001, 0x0063, 0x0001, 0x6202, 0x0001, 0xCC47, 0x0001, 0xD488, 0x0001,
    0xCC66, 0x0001, 0xCC23, 0x0001, 0x6A43, 0x0001, 0x4183, 0x0001, 0xA363, 0x0001, 0xF584, 0x0001,
    0xFE86, 0x0001, 0xFEE8, 0x0001, 0xFEAC, 0x0001, 0xEE51, 0x0001, 0xEE55, 0x0001, 0xDDD3, 0x0001,
    0xA389, 0x0001, 0x71A1, 0x0001, 0x6982, 0x0001, 0x4123, 0x0001, 0x51C3, 0x0001, 0xCD05, 0x0001,
    0xFDA4, 0x0001, 0xAB01, 0x0001, 0xAC0C, 0x0001, 0xFF16, 0x0001, 0xFF0B, 0x0001, 0xFE22, 0x0001,
    0xFE47, 0x0001, 0xFE89, 0x0001, 0xFE06, 0x0001, 0xD443, 0x0001, 0x9AA2, 0x0001, 0x8A22, 0x0001,
    0x8AA4, 0x0001, 0x9B65, 0x0001, 0xBC26, 0x0001, 0xCC67, 0x0001, 0xCC47, 0x0001, 0xA365, 0x0001,
    0x82C4, 0x0001, 0x8AE5, 0x0001, 0xCC67, 0x0001, 0xE508, 0x0001, 0xFF8F, 0x0002, 0xED44, 0x0005,
    0x18C5, 0x0015, 0xED44, 0x0005, 0xFF8F, 0x0002, 0xDCA6, 0x0001, 0xA46F, 0x0001, 0x5354, 0x0001,
    0x5B52, 0x0001, 0x5ACE, 0x0001, 0x528C, 0x0001, 0x630E, 0x0001, 0x4A6B, 0x0001, 0x2903, 0x0001,
    0x8304, 0x0001, 0xE589, 0x0001, 0xD4E8, 0x0001, 0xC425, 0x0001, 0xDC63, 0x0001, 0x9B22, 0x0001,
    0x7A83, 0x0001, 0xBBC3, 0x0001, 0xED04, 0x0001, 0xED45, 0x0001, 0xED42, 0x0001, 0xFDC4, 0x0001,
    0xFEEF, 0x0001, 0xFFF7, 0x0001, 0xFFB4, 0x0001, 0xCCA9, 0x0001, 0x9A81, 0x0001, 0xB2C2, 0x0001,
    0x5163, 0x0001, 0x0043, 0x0001, 0x8385, 0x0001, 0xED24, 0x0001, 0xAB22, 0x0001, 0xB44C, 0x0001,
    0xFF16, 0x0001, 0xF6D1, 0x0001, 0xF62A, 0x0001, 0xFE6A, 0x0001, 0xFE67, 0x0001, 0xFE24, 0x0001,
    0xF5C4, 0x0001, 0xD444, 0x0001, 0x8A43, 0x0001, 0x71C3, 0x0001, 0x8AC4, 0x0001, 0xBC06, 0x0001,
    0xDD08, 0x0001, 0xD528, 0x0001, 0xBC47, 0x0001, 0x9B45, 0x0001, 0x8AE4, 0x0001, 0xA385, 0x0001,
    0xC467, 0x0001, 0xFF8F, 0x0001, 0xED44, 0x0005, 0x18C5, 0x0016, 0xED44, 0x0005, 0xFF8F, 0x0002,
    0xCC87, 0x0001, 0xF650, 0x0001, 0xF738, 0x0001, 0xF6F6, 0x0001, 0xD56E, 0x0001, 0xBC47, 0x0001,
    0xE569, 0x0001, 0xCCE9, 0x0001, 0x8AC4, 0x0001, 0xBCA7, 0x0001, 0xFF0B, 0x0001, 0xDD69, 0x0001,
    0xBBE5, 0x0001, 0xCC23, 0x0001, 0xC3E2, 0x0001, 0xCC43, 0x0001, 0xF5C5, 0x0002, 0xD443, 0x0001,
    0xC3C2, 0x0001, 0xDCA3, 0x0001, 0xFE06, 0x0001, 0xFEE8, 0x0001, 0xFE87, 0x0001, 0xE504, 0x0001,
    0xC3A2, 0x0001, 0xA2A2, 0x0001, 0x5183, 0x0001, 0x10A3, 0x0001, 0x4943, 0x0001, 0xB322, 0x0001,
    0xED64, 0x0001, 0xF6AD, 0x0001, 0xF6F6, 0x0002, 0xF6F5, 0x0001, 0xFF16, 0x0001, 0xFE8E, 0x0001,
    0xFE24, 0x0001, 0xFE85, 0x0001, 0xE546, 0x0001, 0x9283, 0x0001, 0x6121, 0x0001, 0x71C2, 0x0001,
    0xAB65, 0x0001, 0xE5A9, 0x0001, 0xF6CB, 0x0001, 0xE5E9, 0x0001, 0xBC06, 0x0001, 0xAB65, 0x0001,
    0x8B04, 0x0001, 0xFF8F, 0x0002, 0xED44, 0x0005, 0x18C5, 0x0016, 0xED44, 0x0005, 0xFF8F, 0x0002,
    0xC467, 0x0001, 0xFED1, 0x0001, 0xFFF9, 0x0001, 0xFFF8, 0x0001, 0xEDAC, 0x0001, 0xD466, 0x0001,
    0xFEF2, 0x0001, 0xFF97, 0x0001, 0xDDAE, 0x0001, 0xBCA8, 0x0001, 0xC508, 0x0001, 0xD548, 0x0001,
    0xDCC7, 0x0001, 0xC3E3, 0x0001, 0xCBA1, 0x0001, 0xDC43, 0x0001, 0xE504, 0x0001, 0xF5C5, 0x0001,
    0xED65, 0x0001, 0xBB82, 0x0001, 0x9240, 0x0001, 0x9AE1, 0x0001, 0xA382, 0x0001, 0xBBC2, 0x0001,
    0xE4A2, 0x0001, 0xDC63, 0x0001, 0x92C3, 0x0001, 0x3943, 0x0001, 0x18C3, 0x0001, 0x5122, 0x0001,
    0xC382, 0x0001, 0xFEA5, 0x0001, 0xFF6A, 0x0001, 0xFEAD, 0x0001, 0xFF2F, 0x0001, 0xFEAE, 0x0001,
    0xDD6C, 0x0001, 0xE5F0, 0x0001, 0xFEB0, 0x0001, 0xE566, 0x0001, 0xE4E1, 0x0001, 0xE524, 0x0001,
    0xA324, 0x0001, 0x6101, 0x0001, 0x6182, 0x0001, 0xBCE7, 0x0001, 0xFFCC, 0x0001, 0xFEAA, 0x0001,
    0xC426, 0x0001, 0xAB85, 0x0001, 0x8AE4, 0x0001, 0xFF8F, 0x0002, 0xED44, 0x0005, 0x18C5, 0x0016,
    0xED44, 0x0005, 0xFF8F, 0x0002, 0xCC87, 0x0001, 0xFE71, 0x0001, 0xFF58, 0x0001, 0xFF37, 0x0001,
    0xDD6C, 0x0001, 0xCCA8, 0x0001, 0xE676, 0x0001, 0xFFDF, 0x0001, 0xFFDA, 0x0001, 0xBCAC, 0x0001,
    0x92E4, 0x0001, 0xD509, 0x0001, 0xFE2B, 0x0001, 0xDC84, 0x0001, 0xCC22, 0x0002, 0xC3A1, 0x0001,
    0xDCA3, 0x0001, 0xFE05, 0x0001, 0xCCA6, 0x0001, 0x8244, 0x0001, 0x6962, 0x0002, 0x8203, 0x0001,
    0xB363, 0x0001, 0xB3A3, 0x0001, 0x6243, 0x0001, 0x10A3, 0x0001, 0x18C3, 0x0001, 0x9303, 0x0001,
    0xF543, 0x0001, 0xEDA5, 0x0001, 0xEDC5, 0x0001, 0xFE04, 0x0001, 0xF605, 0x0001, 0xE502, 0x0001,
    0xD400, 0x0001, 0xE58B, 0x0001, 0xFEF4, 0x0001, 0xD4EA, 0x0001, 0xD462, 0x0001, 0xF5E5, 0x0001,
    0xDCE5, 0x0001, 0x9283, 0x0001, 0x4922, 0x0001, 0x6AE4, 0x0001, 0xEEAA, 0x0001, 0xFE4A, 0x0001,
    0xC406, 0x0001, 0xAB85, 0x0001, 0x8AE4, 0x0001, 0xFF8F, 0x0002, 0xED44, 0x0005, 0x18C5, 0x0016,
    0xED44, 0x0005, 0xFF8F, 0x0002, 0xCC87, 0x0001, 0xFE91, 0x0001, 0xFF58, 0x0001, 0xF717, 0x0001,
    0xFE90, 0x0001, 0xEDAA, 0x0001, 0xC468, 0x0001, 0xCD72, 0x0001, 0xFFFF, 0x0001, 0xDE14, 0x0001,
    0xB3C5, 0x0001, 0xDD8D, 0x0001, 0xFED0, 0x0001, 0xFE07, 0x0001, 0xF5C3, 0x0001, 0xED63, 0x0001,
    0xCC01, 0x0001, 0xC380, 0x0001, 0xD463, 0x0001, 0xE5AD, 0x0001, 0xDDB0, 0x0001, 0xBBC6, 0x0001,
    0x9A60, 0x0001, 0x8A43, 0x0001, 0x7223, 0x0001, 0x49C3, 0x0001, 0x2923, 0x0001, 0x0022, 0x0001,
    0x18C3, 0x0001, 0xCCC5, 0x0001, 0xFE25, 0x0001, 0x8324, 0x0001, 0x9323, 0x0001, 0xE4C2, 0x0001,
    0xB342, 0x0001, 0xA2E2, 0x0001, 0xE524, 0x0001, 0xFE25, 0x0001, 0xFE49, 0x0001, 0xF6B0, 0x0001,
    0xCD2E, 0x0001, 0x9B04, 0x0001, 0xDC83, 0x0001, 0xF5C6, 0x0001, 0x8B44, 0x0001, 0x3102, 0x0001,
    0xFF8F, 0x0001, 0xFE29, 0x0001, 0xCC87, 0x0001, 0xBBE6, 0x0001, 0x8AC4, 0x0001, 0xFF8F, 0x0002,
    0xED44, 0x0005, 0x18C5, 0x0016, 0xED44, 0x0005, 0xFF8F, 0x0002, 0xBC06, 0x0001, 0xF62F, 0x0001,
    0xFF57, 0x0001, 0xF716, 0x0001, 0xFEB1, 0x0001, 0xD509, 0x0001, 0x6180, 0x0001, 0x72C8, 0x0001,
    0xFFBD, 0x0001, 0xFEF4, 0x0001, 0xCC87, 0x0001, 0xEED6, 0x0001, 0xFFB8, 0x0001, 0xFE27, 0x0001,
    0xFE46, 0x0001, 0xFECD, 0x0001, 0xEDCD, 0x0001, 0xD465, 0x0001, 0xD441, 0x0001, 0xF650, 0x0001,
    0xFFB8, 0x0001, 0xFE2A, 0x0001, 0xC3A0, 0x0001, 0x7A02, 0x0001, 0x7A43, 0x0001, 0x7263, 0x0001,
    0x4142, 0x0001, 0x0822, 0x0001, 0x18C3, 0x0001, 0x93C5, 0x0001, 0xBCA5, 0x0001, 0x6203, 0x0001,
    0x61A2, 0x0001, 0xAAE2, 0x0001, 0xA2C3, 0x0001, 0xABC4, 0x0001, 0xFE05, 0x0001, 0xFE85, 0x0001,
    0xFE6B, 0x0001, 0xFF96, 0x0001, 0xE634, 0x0001, 0x9B25, 0x0001, 0xCC02, 0x0001, 0xE545, 0x0001,
    0xA3E5, 0x0001, 0xFF8F, 0x0002, 0x18C5, 0x0001, 0xDCC7, 0x0001, 0xCC47, 0x0001, 0x8AC4, 0x0001,
    0xFF8F, 0x0002, 0xED44, 0x0005, 0x18C5, 0x0016, 0xED44, 0x0005, 0xFF8F, 0x0002, 0x9B25, 0x0001,
    0xE5CF, 0x0001, 0xFF98, 0x0001, 0xFF57, 0x0001, 0xDDAE, 0x0001, 0x8AE4, 0x0001, 0x1840, 0x0001,
    0x4228, 0x0001, 0xEEB6, 0x0001, 0xFE2E, 0x0001, 0xC468, 0x0001, 0xEF1B, 0x0001, 0xF73A, 0x0001,
    0xD484, 0x0001, 0xE528, 0x0001, 0xFF37, 0x0001, 0xFF39, 0x0001, 0xF66E, 0x0001, 0xFE05, 0x0001,
    0xF66E, 0x0001, 0xFF36, 0x0001, 0xFEEA, 0x0001, 0xC422, 0x0001, 0x6982, 0x0001, 0xA2E2, 0x0001,
    0xD423, 0x0001, 0x8A22, 0x0001, 0x30C2, 0x0001, 0x18C3, 0x0001, 0x3163, 0x0001, 0x6223, 0x0001,
    0x8A63, 0x0001, 0x81E2, 0x0001, 0x8A43, 0x0001, 0xD4A5, 0x0001, 0xFE65, 0x0001, 0xFE44, 0x0001,
    0xFE6C, 0x0001, 0xF6F6, 0x0001, 0xF718, 0x0001, 0xFEF1, 0x0001, 0xFE67, 0x0001, 0xD463, 0x0001,
    0x8A43, 0x0001, 0x18C5, 0x0001, 0xFF8F, 0x0002, 0xD487, 0x0001, 0xD4A7, 0x0001, 0xBC06, 0x0001,
    0x8AC4, 0x0001, 0xFF8F, 0x0001, 0xED44, 0x0006, 0x18C5, 0x0016, 0xED44, 0x0005, 0xFF8F, 0x0002,
    0xA365, 0x0001, 0xEEB6, 0x0001, 0xFFFF, 0x0001, 0xFFFB, 0x0001, 0xC4EC, 0x0001, 0x7201, 0x0001,
    0x6A43, 0x0001, 0x7B28, 0x0001, 0x8369, 0x0001, 0xAC07, 0x0001, 0xDCC8, 0x0001, 0xD54F, 0x0001,
    0xA3EC, 0x0001, 0x9242, 0x0001, 0xB385, 0x0001, 0xF60D, 0x0001, 0xFF0F, 0x0001, 0xFF30, 0x0001,
    0xFF11, 0x0001, 0xFE6D, 0x0001, 0xFE69, 0x0001, 0xFF27, 0x0001, 0xED84, 0x0001, 0x9AA2, 0x0001,
    0x6A02, 0x0001, 0x7263, 0x0001, 0x8A02, 0x0001, 0x5122, 0x0001, 0x10A3, 0x0001, 0x3943, 0x0001,
    0x6982, 0x0001, 0x6921, 0x0001, 0x9283, 0x0001, 0xDD05, 0x0001, 0xFEC5, 0x0001, 0xFF29, 0x0001,
    0xFECF, 0x0001, 0xF66F, 0x0001, 0xFEAF, 0x0001, 0xFF16, 0x0001, 0xFF74, 0x0001, 0xFEC6, 0x0001,
    0xE4C1, 0x0001, 0x9262, 0x0001, 0x81C2, 0x0001, 0x18C5, 0x0001, 0xFF8F, 0x0001, 0xD4E8, 0x0001,
    0xDCE8, 0x0001, 0xBC06, 0x0001, 0xFF8F, 0x0001, 0xED44, 0x0006, 0x18C5, 0x0017, 0xED44, 0x0006,
    0xFF8F, 0x0001, 0x9B25, 0x0001, 0xE656, 0x0001, 0xF79D, 0x0001, 0xEEF6, 0x0001, 0xC4EC, 0x0001,
    0xABC7, 0x0001, 0xCC66, 0x0001, 0xB3C5, 0x0001, 0x59E2, 0x0001, 0x7AC4, 0x0001, 0xB3E6, 0x0001,
    0x9262, 0x0001, 0x79A0, 0x0001, 0x92A3, 0x0001, 0xAB23, 0x0001, 0xC3A0, 0x0001, 0xED00, 0x0001,
    0xFE49, 0x0001, 0xF6D4, 0x0001, 0xFEAF, 0x0001, 0xFE26, 0x0001, 0xEDA5, 0x0001, 0xFDA5, 0x0001,
    0xE4C3, 0x0001, 0x5A03, 0x0001, 0x0842, 0x0001, 0x4902, 0x0001, 0x4122, 0x0001, 0x18E3, 0x0001,
    0x61E3, 0x0001, 0x9242, 0x0001, 0x79E2, 0x0001, 0xABA4, 0x0001, 0xF5E5, 0x0001, 0xEDA3, 0x0001,
    0xEDA9, 0x0001, 0xF6D4, 0x0001, 0xFEAD, 0x0001, 0xFE04, 0x0001, 0xF64E, 0x0001, 0xF6B3, 0x0001,
    0xFE6A, 0x0001, 0xFDC4, 0x0001, 0xD442, 0x0001, 0xA2A2, 0x0001, 0x48A1, 0x0001, 0xFF8F, 0x0002,
    0xC447, 0x0001, 0xFF8F, 0x0001, 0xED44, 0x0003, 0x18C5, 0x001C, 0xED44, 0x0002, 0x18C5, 0x0001,
    0xED44, 0x0003, 0xFF8F, 0x0001, 0xAC2A, 0x0001, 0xBC4A, 0x0001, 0x9B87, 0x0001, 0xCD6F, 0x0001,
    0xFED4, 0x0001, 0xBC69, 0x0001, 0x9AC2, 0x0001, 0xB3C5, 0x0001, 0x8B65, 0x0001, 0x51C3, 0x0001,
    0x58E1, 0x0001, 0xA2E2, 0x0001, 0xF5A5, 0x0001, 0xC424, 0x0001, 0x89E1, 0x0001, 0xB320, 0x0001,
    0xED01, 0x0001, 0xFE27, 0x0001, 0xFF51, 0x0001, 0xEE52, 0x0001, 0x9B27, 0x0001, 0xC402, 0x0001,
    0xFE45, 0x0001, 0xABC4, 0x0001, 0x3082, 0x0001, 0x1042, 0x0001, 0x2103, 0x0001, 0x4183, 0x0001,
    0x5122, 0x0001, 0x8A62, 0x0001, 0xED65, 0x0001, 0xE505, 0x0001, 0x92A3, 0x0001, 0x79C2, 0x0001,
    0xAB85, 0x0001, 0xF62A, 0x0001, 0xFF29, 0x0001, 0xFDE4, 0x0001, 0xDC83, 0x0001, 0xD50B, 0x0001,
    0xF6D4, 0x0001, 0xFF4E, 0x0001, 0xF562, 0x0001, 0xAAE1, 0x0001, 0x48A1, 0x0001, 0xFF8F, 0x0003,
    0xED44, 0x0004, 0x18C5, 0x0020, 0xED44, 0x0003, 0xFF8F, 0x0001, 0x9280, 0x0001, 0xA302, 0x0001,
    0xBC8A, 0x0001, 0xBD71, 0x0001, 0xBD0F, 0x0001, 0xBC6A, 0x0001, 0xBC47, 0x0001, 0x8B04, 0x0001,
    0x6A42, 0x0001, 0x9B44, 0x0001, 0xDCC6, 0x0001, 0xE545, 0x0001, 0xC423, 0x0001, 0xAB63, 0x0001,
    0xC449, 0x0001, 0xE58A, 0x0001, 0xFE28, 0x0001, 0xFF4F, 0x0001, 0xEE31, 0x0001, 0x9B06, 0x0001,
    0xAB21, 0x0001, 0xDD05, 0x0001, 0xBB83, 0x0001, 0x7181, 0x0001, 0x4982, 0x0001, 0x51E3, 0x0001,
    0x69E2, 0x0001, 0x6961, 0x0001, 0x8242, 0x0001, 0xC4A5, 0x0001, 0xCCC5, 0x0001, 0xAB64, 0x0001,
    0x9B04, 0x0001, 0xB3A3, 0x0001, 0xE4C2, 0x0001, 0xF605, 0x0001, 0xFE26, 0x0001, 0xE4E0, 0x0001,
    0xD483, 0x0001, 0xE5AF, 0x0001, 0xFF93, 0x0001, 0xFEAC, 0x0001, 0x8A63, 0x0001, 0x6122, 0x0001,
    0x18C5, 0x0001, 0xFF8F, 0x0002, 0xED44, 0x0004, 0x18C5, 0x0020, 0xED44, 0x0004, 0xFF8F, 0x0001,
    0xD4A7, 0x0001, 0x9B24, 0x0001, 0x51E3, 0x0001, 0xD5D1, 0x0001, 0xE653, 0x0001, 0x6265, 0x0001,
    0x69E0, 0x0001, 0xD463, 0x0001, 0xFE45, 0x0001, 0xDD05, 0x0001, 0x9283, 0x0001, 0xBBA2, 0x0001,
    0xFE67, 0x0001, 0xFEF1, 0x0001, 0xF6F8, 0x0001, 0xF6F6, 0x0001, 0xFEAD, 0x0001, 0xFDE5, 0x0001,
    0xDCA2, 0x0001, 0xB363, 0x0001, 0x9263, 0x0001, 0x6962, 0x0001, 0x7A02, 0x0001, 0xC3C2, 0x0001,
    0xAB62, 0x0001, 0x6982, 0x0001, 0x81E2, 0x0001, 0x7A23, 0x0001, 0x4982, 0x0001, 0x9384, 0x0001,
    0xFE46, 0x0001, 0xFEC6, 0x0001, 0xED65, 0x0001, 0xCC23, 0x0001, 0xDCC4, 0x0001, 0xFE46, 0x0001,
    0xFEA7, 0x0001, 0xED43, 0x0001, 0xCC02, 0x0001, 0xF60E, 0x0001, 0xEEB5, 0x0001, 0x7A67, 0x0001,
    0x8A62, 0x0001, 0xF5CB, 0x0001, 0x18C5, 0x0001, 0xFF8F, 0x0002, 0xED44, 0x0003, 0x18C5, 0x0020,
    0xED44, 0x0005, 0xFF8F, 0x0001, 0xB3A4, 0x0001, 0x9B64, 0x0001, 0xC4CB, 0x0001, 0x83CB, 0x0001,
    0xFF8F, 0x0001, 0xAB20, 0x0001, 0xF503, 0x0001, 0xED45, 0x0001, 0xB383, 0x0001, 0x9A61, 0x0001,
    0xD4EA, 0x0001, 0xFFB2, 0x0001, 0xFF2C, 0x0001, 0xFEAF, 0x0001, 0xF717, 0x0001, 0xFEAE, 0x0001,
    0xFDE3, 0x0001, 0xE4C2, 0x0001, 0xB323, 0x0001, 0x7182, 0x0001, 0x1822, 0x0001, 0x4162, 0x0001,
    0xDC63, 0x0001, 0xBBC2, 0x0001, 0x28E2, 0x0001, 0x3923, 0x0001, 0x7A63, 0x0001, 0x92E2, 0x0001,
    0x9B23, 0x0001, 0xAB84, 0x0001, 0xCCA4, 0x0001, 0xED44, 0x0001, 0xED65, 0x0001, 0xF5A4, 0x0001,
    0xFE47, 0x0001, 0xFF2F, 0x0001, 0xF62C, 0x0001, 0xCBE1, 0x0001, 0xB345, 0x0001, 0xB42C, 0x0001,
    0xCCC7, 0x0001, 0xDCE4, 0x0001, 0xC426, 0x0001, 0xA346, 0x0001, 0xFF8F, 0x0001, 0xED44, 0x0004,
    0x18C5, 0x0021, 0xED44, 0x0005, 0xFF8F, 0x0001, 0xDCC8, 0x0001, 0x8AE3, 0x0001, 0x1000, 0x0001,
    0xFF8F, 0x0002, 0xC3A3, 0x0001, 0x8A23, 0x0001, 0x8201, 0x0001, 0xDC62, 0x0001, 0xF60E, 0x0001,
    0xEE73, 0x0001, 0xFE29, 0x0001, 0xFE6A, 0x0001, 0xF6F5, 0x0001, 0xFEAE, 0x0001, 0xFE04, 0x0001,
    0xE4E2, 0x0001, 0xB342, 0x0001, 0x6982, 0x0001, 0x20A2, 0x0001, 0x41A3, 0x0001, 0xAB82, 0x0001,
    0x92E2, 0x0001, 0x20C2, 0x0001, 0x18A3, 0x0001, 0x7263, 0x0001, 0xCC03, 0x0001, 0xAAE2, 0x0001,
    0x6961, 0x0001, 0xA2C2, 0x0001, 0xE504, 0x0001, 0xFDE6, 0x0001, 0xFE03, 0x0001, 0xFE26, 0x0001,
    0xFEF3, 0x0001, 0xF6B4, 0x0001, 0xDCE5, 0x0001, 0x9A60, 0x0001, 0x9241, 0x0001, 0xED85, 0x0001,
    0xE525, 0x0001, 0x6961, 0x0001, 0xFF8F, 0x0002, 0xED44, 0x0004, 0x18C5, 0x0021, 0xED44, 0x0006,
    0xFF8F, 0x0005, 0x8202, 0x0001, 0x58A1, 0x0001, 0x8242, 0x0001, 0xFE05, 0x0001, 0xFDA5, 0x0001,
    0xCC67, 0x0001, 0xEE10, 0x0001, 0xFF57, 0x0001, 0xF716, 0x0001, 0xFE6C, 0x0001, 0xFE23, 0x0001,
    0xFE43, 0x0001, 0xC423, 0x0001, 0x6982, 0x0001, 0x8262, 0x0001, 0xAB83, 0x0001, 0x8A62, 0x0001,
    0x6982, 0x0001, 0x6162, 0x0001, 0x49A2, 0x0001, 0x51C3, 0x0001, 0x7A02, 0x0001, 0x9261, 0x0001,
    0xB382, 0x0001, 0xED65, 0x0001, 0xF5C5, 0x0001, 0xD484, 0x0001, 0xE4C1, 0x0001, 0xFE45, 0x0001,
    0xFEF3, 0x0001, 0xFEF4, 0x0001, 0xFE06, 0x0001, 0xDC60, 0x0001, 0xB322, 0x0001, 0xAB43, 0x0001,
    0x9AC3, 0x0001, 0x6961, 0x0001, 0xFF8F, 0x0002, 0xED44, 0x0004, 0x18C5, 0x0022, 0xED44, 0x0007,
    0xFF8F, 0x0003, 0x58E1, 0x0001, 0x92A3, 0x0001, 0xCC85, 0x0001, 0xDD26, 0x0001, 0xDCA2, 0x0002,
    0xEE0B, 0x0001, 0xFF14, 0x0001, 0xF6F6, 0x0001, 0xF68F, 0x0001, 0xFEAB, 0x0001, 0xFF2D, 0x0001,
    0xC4CA, 0x0001, 0x71A2, 0x0001, 0xBB61, 0x0001, 0xE483, 0x0001, 0x81E2, 0x0001, 0x48A1, 0x0001,
    0x5942, 0x0001, 0x61C2, 0x0001, 0x5162, 0x0001, 0x5101, 0x0001, 0x8A62, 0x0001, 0xE4A3, 0x0001,
    0xF5A5, 0x0001, 0xE524, 0x0001, 0xDC61, 0x0001, 0xE525, 0x0001, 0xFEAE, 0x0001, 0xFEF3, 0x0001,
    0xFED3, 0x0001, 0xFEAD, 0x0001, 0xFE67, 0x0001, 0xED24, 0x0001, 0xAB02, 0x0001, 0x81C2, 0x0001,
    0x71A2, 0x0001, 0xFF8F, 0x0002, 0xED44, 0x0004, 0x18C5, 0x0022, 0xED44, 0x0006, 0xFF8F, 0x0002,
    0x18C5, 0x0002, 0x79E2, 0x0001, 0xED85, 0x0002, 0x9283, 0x0001, 0xB3C4, 0x0001, 0xFE66, 0x0001,
    0xFE64, 0x0001, 0xFE4A, 0x0001, 0xF6F4, 0x0001, 0xF6F6, 0x0001, 0xFF15, 0x0001, 0xFF77, 0x0001,
    0xCD2F, 0x0001, 0x8A43, 0x0001, 0xB321, 0x0001, 0xCC03, 0x0001, 0x8A22, 0x0001, 0x30C2, 0x0001,
    0x18C3, 0x0001, 0x4942, 0x0001, 0x7181, 0x0001, 0x6141, 0x0001, 0x92A2, 0x0001, 0xD423, 0x0002,
    0xD462, 0x0001, 0xFDE4, 0x0001, 0xFECD, 0x0001, 0xF6F6, 0x0004, 0xFECE, 0x0001, 0xFE05, 0x0001,
    0xED02, 0x0001, 0xB343, 0x0001, 0x71A2, 0x0001, 0xFF8F, 0x0002, 0xED44, 0x0004, 0x18C5, 0x0022,
    0xED44, 0x0006, 0xFF8F, 0x0002, 0xD442, 0x0001, 0xE524, 0x0001, 0xDD25, 0x0001, 0xE525, 0x0001,
    0x9AC3, 0x0001, 0x50A1, 0x0001, 0xA343, 0x0001, 0xFEC7, 0x0001, 0xFEEB, 0x0001, 0xF690, 0x0001,
    0xF6F5, 0x0001, 0xF6F9, 0x0001, 0xFF38, 0x0001, 0xFF71, 0x0001, 0xEDA8, 0x0001, 0xB342, 0x0001,
    0xA2C2, 0x0001, 0xA303, 0x0001, 0x7A22, 0x0001, 0x3122, 0x0001, 0x10A3, 0x0001, 0x5142, 0x0001,
    0x7981, 0x0001, 0x6961, 0x0001, 0x8A62, 0x0001, 0xCC23, 0x0001, 0xECE2, 0x0001, 0xF5E8, 0x0001,
    0xFF31, 0x0001, 0xFEF0, 0x0001, 0xFE8D, 0x0001, 0xFF57, 0x0001, 0xFFBD, 0x0001, 0xF75B, 0x0001,
    0xE5EE, 0x0001, 0xED23, 0x0001, 0xFDE3, 0x0001, 0xD4A5, 0x0001, 0x71C2, 0x0001, 0x18C5, 0x0001,
    0xFF8F, 0x0002, 0xED44, 0x0003, 0x18C5, 0x0022, 0xED44, 0x0006, 0xFF8F, 0x0002, 0xC3A2, 0x0001,
    0xFE05, 0x0001, 0xEDA5, 0x0001, 0xA303, 0x0001, 0x6942, 0x0001, 0x8222, 0x0001, 0xC462, 0x0001,
    0xFE67, 0x0001, 0xFF13, 0x0001, 0xF718, 0x0001, 0xF6F5, 0x0002, 0xF6B0, 0x0001, 0xEDC6, 0x0001,
    0xED42, 0x0001, 0xDCC3, 0x0001, 0xAB03, 0x0001, 0x71C2, 0x0001, 0x49A3, 0x0001, 0x2943, 0x0001,
    0x10A3, 0x0001, 0x3902, 0x0001, 0x5942, 0x0001, 0x6982, 0x0001, 0x9282, 0x0001, 0xD423, 0x0001,
    0xFDA3, 0x0001, 0xFE4A, 0x0001, 0xEE74, 0x0001, 0xF60B, 0x0001, 0xFE24, 0x0001, 0xFF77, 0x0001,
    0xFFFF, 0x0001, 0xFF34, 0x0001, 0xD4A7, 0x0001, 0xCBE2, 0x0001, 0xFE45, 0x0001, 0xEDA6, 0x0001,
    0x8202, 0x0001, 0x50A1, 0x0001, 0x18C5, 0x0001, 0xFF8F, 0x0002, 0xED44, 0x0006, 0x18C5, 0x0022,
    0xED44, 0x0003, 0xFF8F, 0x0001, 0x9AC3, 0x0001, 0xB343, 0x0001, 0x8242, 0x0001, 0x71A2, 0x0001,
    0xA303, 0x0001, 0xED85, 0x0001, 0xFE44, 0x0001, 0xFE27, 0x0001, 0xFED2, 0x0001, 0xF718, 0x0001,
    0xF6F5, 0x0001, 0xFF0E, 0x0001, 0xF5C6, 0x0001, 0xA322, 0x0001, 0xBBE3, 0x0001, 0xFE05, 0x0001,
    0xBBE4, 0x0001, 0x5101, 0x0001, 0x18A2, 0x0001, 0x10C3, 0x0001, 0x10A2, 0x0001, 0x0882, 0x0001,
    0x28E2, 0x0001, 0x71C2, 0x0001, 0xAB02, 0x0001, 0xCC23, 0x0001, 0xDCA3, 0x0001, 0xD464, 0x0001,
    0xCC46, 0x0001, 0xE503, 0x0001, 0xFE46, 0x0001, 0xFF15, 0x0001, 0xFF37, 0x0001, 0xFE89, 0x0001,
    0xDC61, 0x0001, 0xCBE2, 0x0001, 0xFE25, 0x0001, 0xFE06, 0x0001, 0x92A3, 0x0001, 0x7162, 0x0001,
    0x6981, 0x0001, 0xFF8F, 0x0002, 0xED44, 0x0006, 0x18C5, 0x0022, 0xED44, 0x0003, 0xFF8F, 0x0002,
    0x6122, 0x0001, 0x50E1, 0x0001, 0x79C2, 0x0001, 0xAB44, 0x0001, 0xD4C5, 0x0001, 0xEDC4, 0x0001,
    0xFE27, 0x0001, 0xFEB0, 0x0001, 0xF718, 0x0001, 0xF717, 0x0001, 0xFF2D, 0x0001, 0xED62, 0x0001,
    0x79E1, 0x0001, 0x9AE4, 0x0001, 0xFDC5, 0x0001, 0xBBE3, 0x0001, 0x5901, 0x0001, 0x38C2, 0x0001,
    0x3122, 0x0001, 0x3143, 0x0002, 0x4963, 0x0001, 0x8223, 0x0001, 0xB343, 0x0001, 0xCC03, 0x0001,
    0xCBE3, 0x0001, 0xCBE2, 0x0001, 0xDC81, 0x0001, 0xED83, 0x0001, 0xFE47, 0x0001, 0xFE6A, 0x0001,
    0xFE6D, 0x0001, 0xFE8C, 0x0001, 0xF608, 0x0001, 0xED64, 0x0001, 0xDCE4, 0x0001, 0xB3A4, 0x0001,
    0x79E2, 0x0001, 0x79A2, 0x0001, 0x6982, 0x0001, 0xFF8F, 0x0002, 0xED44, 0x0006, 0x18C5, 0x001E,
    0xED44, 0x0006, 0xFF8F, 0x0002, 0x18C5, 0x0002, 0x71A2, 0x0001, 0x8A43, 0x0001, 0x8223, 0x0001,
    0x8203, 0x0001, 0xC422, 0x0001, 0xFE67, 0x0001, 0xFF11, 0x0001, 0xF6F8, 0x0001, 0xF6F6, 0x0001,
    0xFF2D, 0x0001, 0xED84, 0x0001, 0x7A21, 0x0001, 0x7A02, 0x0001, 0xCC02, 0x0001, 0xB383, 0x0001,
    0x8202, 0x0001, 0x7182, 0x0001, 0x5982, 0x0001, 0x51C3, 0x0001, 0x7A23, 0x0001, 0x9243, 0x0001,
    0x8A23, 0x0001, 0xA303, 0x0001, 0xCC23, 0x0001, 0xCC02, 0x0001, 0xD483, 0x0001, 0xFDE5, 0x0001,
    0xFE66, 0x0001, 0xFE25, 0x0001, 0xFE04, 0x0001, 0xFE6B, 0x0001, 0xF6D5, 0x0001, 0xFF10, 0x0001,
    0xF5C4, 0x0001, 0xAB42, 0x0001, 0x71A2, 0x0001, 0x6982, 0x0001, 0x71A2, 0x0001, 0x6982, 0x0001,
    0xFF8F, 0x0002, 0xED44, 0x0006, 0x18C5, 0x001E, 0xED44, 0x0006, 0xFF8F, 0x0002, 0x6161, 0x0001,
    0x79A2, 0x0001, 0x71A2, 0x0001, 0x79C2, 0x0001, 0x8202, 0x0001, 0xAB02, 0x0001, 0xE4E2, 0x0001,
    0xFE88, 0x0001, 0xFF14, 0x0001, 0xF6D6, 0x0001, 0xFE6C, 0x0001, 0xFEC7, 0x0001, 0xED85, 0x0001,
    0x7A02, 0x0001, 0x50C1, 0x0001, 0x8201, 0x0001, 0xBB62, 0x0001, 0xAB43, 0x0001, 0x59A2, 0x0001,
    0x30E2, 0x0001, 0xFF8F, 0x0001, 0x7A83, 0x0001, 0x7202, 0x0001, 0x6982, 0x0001, 0x9AE2, 0x0001,
    0xDC83, 0x0001, 0xD402, 0x0001, 0xC3E2, 0x0001, 0xED24, 0x0001, 0xFDE4, 0x0001, 0xFE26, 0x0001,
    0xFE6D, 0x0001, 0xFED1, 0x0001, 0xF6AE, 0x0001, 0xCCE8, 0x0001, 0xA303, 0x0001, 0x9AA2, 0x0001,
    0xAB02, 0x0001, 0xAB22, 0x0001, 0x9262, 0x0001, 0x6161, 0x0001, 0xFF8F, 0x0002, 0xED44, 0x0006,
    0x18C5, 0x001E, 0xED44, 0x0006, 0xFF8F, 0x0002, 0x6161, 0x0001, 0xAAE3, 0x0001, 0xA323, 0x0001,
    0x69A2, 0x0001, 0x71A1, 0x0001, 0xC3C3, 0x0001, 0xF522, 0x0001, 0xFE07, 0x0001, 0xFEF1, 0x0001,
    0xFEAF, 0x0001, 0xFE25, 0x0001, 0xFE84, 0x0001, 0xF5E6, 0x0001, 0xA323, 0x0001, 0x5901, 0x0001,
    0x6142, 0x0001, 0xC3A2, 0x0001, 0xCC23, 0x0001, 0x39A3, 0x0001, 0x0003, 0x0001, 0xFF8F, 0x0001,
    0x5203, 0x0001, 0x59E3, 0x0001, 0x69A2, 0x0001, 0x9242, 0x0001, 0xBBA2, 0x0001, 0xE4C3, 0x0001,
    0xD463, 0x0001, 0xB362, 0x0001, 0xD462, 0x0001, 0xFE67, 0x0001, 0xFF12, 0x0002, 0xFEA6, 0x0001,
    0xCC41, 0x0001, 0x9AC3, 0x0001, 0xC423, 0x0001, 0xF563, 0x0001, 0xE4A3, 0x0001, 0xAAE2, 0x0001,
    0x6141, 0x0001, 0xFF8F, 0x0002, 0xED44, 0x0006, 0x18C5, 0x001D, 0xED44, 0x0006, 0xFF8F, 0x0002,
    0x18C5, 0x0001, 0x5901, 0x0001, 0xCC44, 0x0001, 0xF5C5, 0x0001, 0x8AC3, 0x0001, 0x50E1, 0x0001,
    0x9262, 0x0001, 0xBBA2, 0x0001, 0xE4C3, 0x0001, 0xFE27, 0x0001, 0xFE88, 0x0001, 0xFE25, 0x0001,
    0xFE65, 0x0001, 0xFE26, 0x0001, 0xDCA3, 0x0001, 0x9AA2, 0x0001, 0x79E2, 0x0001, 0xCBC3, 0x0001,
    0xC423, 0x0001, 0x41A3, 0x0001, 0x0003, 0x0001, 0xFF8F, 0x0001, 0x51E3, 0x0001, 0x6A23, 0x0001,
    0x8A63, 0x0001, 0x7981, 0x0001, 0x79E2, 0x0001, 0xED65, 0x0001, 0xED85, 0x0001, 0x8222, 0x0001,
    0xA323, 0x0001, 0xFE86, 0x0001, 0xFEC9, 0x0001, 0xFE48, 0x0001, 0xFE66, 0x0001, 0xFE25, 0x0001,
    0xFE06, 0x0001, 0xFE46, 0x0001, 0xFDE5, 0x0001, 0xDC63, 0x0001, 0xA2A2, 0x0001, 0x6161, 0x0001,
    0x18C5, 0x0001, 0xFF8F, 0x0002, 0xED44, 0x0006, 0x18C5, 0x001C, 0xED44, 0x0005, 0xFF8F, 0x0002,
    0x18C5, 0x0001, 0xA2C2, 0x0001, 0x6141, 0x0001, 0xC3E3, 0x0001, 0xFE05, 0x0001, 0xCC43, 0x0001,
    0x7A02, 0x0001, 0x79C2, 0x0001, 0x8A43, 0x0001, 0xB362, 0x0001, 0xDC82, 0x0001, 0xF583, 0x0001,
    0xFE06, 0x0002, 0xED44, 0x0001, 0xCC03, 0x0001, 0xB343, 0x0001, 0xAB23, 0x0001, 0xC362, 0x0001,
    0xA2E2, 0x0001, 0x4163, 0x0001, 0xFF8F, 0x0001, 0xED44, 0x0001, 0xFF8F, 0x0001, 0x6A23, 0x0001,
    0x7A43, 0x0001, 0x6982, 0x0001, 0x6962, 0x0001, 0xBBE4, 0x0001, 0xB3E4, 0x0001, 0x6162, 0x0001,
    0x92A3, 0x0001, 0xF5C4, 0x0001, 0xFE03, 0x0001, 0xED23, 0x0001, 0xDCC5, 0x0001, 0xC465, 0x0001,
    0xCCA4, 0x0001, 0xDD25, 0x0001, 0xF544, 0x0001, 0xDC63, 0x0001, 0x9AC2, 0x0001, 0x6141, 0x0001,
    0x58E2, 0x0001, 0x18C5, 0x0001, 0xFF8F, 0x0002, 0xED44, 0x0005, 0x18C5, 0x001C, 0xED44, 0x0005,
    0xFF8F, 0x0002, 0xE4A3, 0x0001, 0xCBE3, 0x0001, 0x71C2, 0x0001, 0x8242, 0x0001, 0xCC22, 0x0001,
    0xDC83, 0x0001, 0xBBA3, 0x0001, 0x9283, 0x0001, 0x79E3, 0x0001, 0x8A62, 0x0001, 0xB362, 0x0001,
    0xED24, 0x0001, 0xFE26, 0x0001, 0xF564, 0x0001, 0xBB82, 0x0001, 0x8A22, 0x0001, 0xA303, 0x0001,
    0xD423, 0x0001, 0xA2E2, 0x0001, 0x5921, 0x0001, 0xFF8F, 0x0002, 0xED44, 0x0001, 0xFF8F, 0x0002,
    0x49A2, 0x0001, 0x7A43, 0x0001, 0x9263, 0x0001, 0x79C2, 0x0001, 0x5921, 0x0001, 0x6141, 0x0001,
    0x9AA2, 0x0001, 0xCC22, 0x0001, 0xDC43, 0x0001, 0xBB83, 0x0001, 0x9263, 0x0001, 0x6142, 0x0001,
    0x6981, 0x0001, 0xB342, 0x0001, 0xE483, 0x0001, 0xD423, 0x0001, 0x92A2, 0x0001, 0x6962, 0x0001,
    0x71A2, 0x0001, 0x71A1, 0x0001, 0x18C5, 0x0001, 0xFF8F, 0x0002, 0xED44, 0x0005, 0x18C5, 0x001B,
    0xED44, 0x0005, 0xFF8F, 0x0002, 0xE4A3, 0x0001, 0xE463, 0x0001, 0x8A02, 0x0001, 0x5961, 0x0001,
    0x7242, 0x0001, 0x9AE3, 0x0001, 0xC3A3, 0x0001, 0xCC03, 0x0001, 0x9282, 0x0001, 0x8203, 0x0001,
    0xCC44, 0x0001, 0xFEA6, 0x0001, 0xFEC6, 0x0001, 0xD4A4, 0x0001, 0x8A42, 0x0001, 0x6962, 0x0001,
    0xAB03, 0x0001, 0xDC83, 0x0001, 0x7AA3, 0x0001, 0x0822, 0x0001, 0xFF8F, 0x0002, 0xED44, 0x0001,
    0xFF8F, 0x0002, 0x3962, 0x0001, 0x8B03, 0x0001, 0xBB83, 0x0001, 0x7161, 0x0001, 0x4861, 0x0001,
    0x79E2, 0x0001, 0x9AA3, 0x0001, 0x9262, 0x0001, 0x8222, 0x0001, 0x6961, 0x0001, 0x58E1, 0x0001,
    0x6941, 0x0001, 0xA2E2, 0x0001, 0xDCE4, 0x0002, 0xA303, 0x0001, 0x8202, 0x0001, 0x8A42, 0x0001,
    0xAB02, 0x0001, 0xA2C2, 0x0001, 0x71A2, 0x0001, 0xFF8F, 0x0002, 0xED44, 0x0005, 0x18C5, 0x001A,
    0xED44, 0x0005, 0xFF8F, 0x0002, 0x18C5, 0x0001, 0xDC43, 0x0001, 0xC3A2, 0x0001, 0x69A2, 0x0001,
    0x4122, 0x0001, 0x51C3, 0x0001, 0x69A3, 0x0001, 0x9262, 0x0001, 0xBBA2, 0x0001, 0xAB22, 0x0001,
    0xA303, 0x0001, 0xE525, 0x0001, 0xF686, 0x0001, 0xEDA5, 0x0001, 0xAB64, 0x0001, 0x79E2, 0x0001,
    0x8A63, 0x0001, 0xC382, 0x0001, 0xC3A2, 0x0001, 0x6A43, 0x0001, 0x10C3, 0x0001, 0xFF8F, 0x0002,
    0xED44, 0x0001, 0xFF8F, 0x0002, 0x4183, 0x0001, 0xA343, 0x0001, 0xDC63, 0x0001, 0xB383, 0x0001,
    0x8263, 0x0001, 0x8223, 0x0001, 0x9283, 0x0001, 0x92A3, 0x0001, 0x8242, 0x0001, 0x79E2, 0x0001,
    0x8283, 0x0001, 0xB383, 0x0001, 0xED44, 0x0001, 0xFEC6, 0x0001, 0xE586, 0x0001, 0x9263, 0x0001,
    0x6942, 0x0001, 0x9AA3, 0x0001, 0xE4C3, 0x0001, 0xD443, 0x0001, 0x79E2, 0x0001, 0xFF8F, 0x0002,
    0xED44, 0x0005, 0x18C5, 0x001A, 0xED44, 0x0005, 0xFF8F, 0x0002, 0x9A83, 0x0001, 0xDC02, 0x0001,
    0xA342, 0x0001, 0x2902, 0x0001, 0x3923, 0x0001, 0x8243, 0x0001, 0x79E2, 0x0001, 0x6162, 0x0001,
    0x71C2, 0x0001, 0xA302, 0x0001, 0xD443, 0x0001, 0xDCA3, 0x0001, 0xC3E3, 0x0001, 0xA2E3, 0x0001,
    0x79E3, 0x0001, 0x8A43, 0x0001, 0xC3E3, 0x0001, 0xC3A2, 0x0001, 0x8202, 0x0001, 0x61C2, 0x0001,
    0x49C3, 0x0001, 0xFF8F, 0x0002, 0xED44, 0x0002, 0xFF8F, 0x0001, 0x4182, 0x0001, 0x92E3, 0x0001,
    0xDC83, 0x0001, 0xFE25, 0x0001, 0xCCE5, 0x0001, 0x7A02, 0x0001, 0x8A22, 0x0001, 0xCC03, 0x0001,
    0xCC02, 0x0001, 0xCC43, 0x0001, 0xED85, 0x0001, 0xF5E6, 0x0001, 0xFE05, 0x0001, 0xFEA6, 0x0001,
    0xE565, 0x0001, 0x92A3, 0x0001, 0x58E1, 0x0001, 0x8242, 0x0001, 0xF5A5, 0x0001, 0xED45, 0x0001,
    0x71C2, 0x0001, 0xFF8F, 0x0002, 0xED44, 0x0005, 0x18C5, 0x001A, 0xED44, 0x0005, 0xFF8F, 0x0002,
    0x8A23, 0x0001, 0xFD24, 0x0001, 0xCCC4, 0x0001, 0x2103, 0x0001, 0x38C2, 0x0001, 0x9A42, 0x0001,
    0x79A2, 0x0001, 0x48C1, 0x0001, 0x5101, 0x0001, 0x7A02, 0x0001, 0xB382, 0x0001, 0xDC42, 0x0001,
    0xAB02, 0x0001, 0x6122, 0x0001, 0x8202, 0x0001, 0xC3C3, 0x0001, 0xBBA2, 0x0001, 0x7222, 0x0001,
    0x2882, 0x0001, 0x28E3, 0x0001, 0x4182, 0x0001, 0xFF8F, 0x0002, 0xED44, 0x0003, 0xFF8F, 0x0001,
    0x6A02, 0x0001, 0x9B23, 0x0001, 0xF5E5, 0x0001, 0xED44, 0x0001, 0x71E2, 0x0001, 0x81E2, 0x0001,
    0xCBC3, 0x0001, 0xB362, 0x0001, 0xBBC3, 0x0001, 0xFDC5, 0x0001, 0xFEC6, 0x0001, 0xFEA6, 0x0001,
    0xFE05, 0x0001, 0xD463, 0x0001, 0x8A42, 0x0001, 0x4861, 0x0001, 0x71C2, 0x0001, 0xF5E6, 0x0001,
    0xF5C6, 0x0001, 0x71C2, 0x0001, 0xFF8F, 0x0003, 0xED44, 0x0004, 0x18C5, 0x001A, 0xED44, 0x0005,
    0xFF8F, 0x0002, 0x79E2, 0x0001, 0xED45, 0x0001, 0xEDC6, 0x0001, 0x72A3, 0x0001, 0x4922, 0x0001,
    0x6982, 0x0001, 0x71A2, 0x0001, 0x71C2, 0x0001, 0x71A2, 0x0001, 0x5901, 0x0001, 0x71A2, 0x0001,
    0xC3C2, 0x0001, 0xB362, 0x0001, 0x71A2, 0x0001, 0xA302, 0x0001, 0xCC03, 0x0001, 0x8A22, 0x0001,
    0x40E2, 0x0001, 0x18E3, 0x0001, 0x10E3, 0x0001, 0x18A2, 0x0001, 0xFF8F, 0x0002, 0xED44, 0x0003,
    0xFF8F, 0x0002, 0x51C3, 0x0001, 0xB383, 0x0001, 0xC382, 0x0001, 0x71C2, 0x0001, 0x69A2, 0x0001,
    0x8223, 0x0001, 0x6962, 0x0001, 0x71A1, 0x0001, 0xBB82, 0x0001, 0xED64, 0x0001, 0xFDE6, 0x0001,
    0xE4E4, 0x0001, 0xAB02, 0x0001, 0x71A2, 0x0001, 0x50C1, 0x0001, 0x8242, 0x0001, 0xF5C5, 0x0001,
    0xED45, 0x0001, 0x71C2, 0x0001, 0x18C5, 0x0002, 0xFF8F, 0x0002, 0xED44, 0x0003, 0x18C5, 0x001A,
    0xED44, 0x0005, 0xFF8F, 0x0002, 0xBBA2, 0x0001, 0xAB23, 0x0001, 0xB3C4, 0x0001, 0xDD45, 0x0001,
    0x7B04, 0x0001, 0x28E2, 0x0001, 0x8AA2, 0x0001, 0xC3A2, 0x0001, 0x8202, 0x0001, 0x50E2, 0x0001,
    0x5901, 0x0001, 0x8A42, 0x0001, 0xBB83, 0x0001, 0xBBA2, 0x0001, 0xA322, 0x0001, 0x8222, 0x0001,
    0x6961, 0x0001, 0x8202, 0x0001, 0x92E3, 0x0001, 0x6A63, 0x0001, 0x3122, 0x0001, 0xFF8F, 0x0002,
    0xED44, 0x0003, 0xFF8F, 0x0002, 0x49A3, 0x0001, 0x7202, 0x0001, 0x81E1, 0x0001, 0x71A1, 0x0001,
    0x4122, 0x0001, 0x28E3, 0x0001, 0x4102, 0x0001, 0x6941, 0x0001, 0x79E1, 0x0001, 0x9AE3, 0x0001,
    0xB384, 0x0001, 0xB343, 0x0001, 0x8A22, 0x0001, 0x6162, 0x0001, 0x7A02, 0x0001, 0xC3C3, 0x0001,
    0xED24, 0x0001, 0xC403, 0x0001, 0x6162, 0x0001, 0x5901, 0x0001, 0x71A2, 0x0001, 0xFF8F, 0x0002,
    0xED44, 0x0003, 0x18C5, 0x001A, 0xED44, 0x0005, 0xFF8F, 0x0002, 0xC3C2, 0x0001, 0x6941, 0x0001,
    0x7A02, 0x0001, 0xFE25, 0x0001, 0xA404, 0x0001, 0x1882, 0x0001, 0x8282, 0x0001, 0xDC23, 0x0001,
    0xAB23, 0x0001, 0x9282, 0x0001, 0x8242, 0x0001, 0x71A2, 0x0001, 0x9AA3, 0x0001, 0xC3C2, 0x0001,
    0x9AA2, 0x0001, 0x50E1, 0x0001, 0x3882, 0x0001, 0x92A2, 0x0001, 0xECA3, 0x0001, 0xABA3, 0x0001,
    0x4183, 0x0001, 0xFF8F, 0x0002, 0xED44, 0x0003, 0xFF8F, 0x0002, 0x51E3, 0x0001, 0x69C2, 0x0001,
    0x7182, 0x0001, 0x7162, 0x0001, 0x4102, 0x0001, 0x28E2, 0x0001, 0x5982, 0x0001, 0x79C2, 0x0001,
    0x6142, 0x0001, 0x6962, 0x0001, 0x79C2, 0x0001, 0x8203, 0x0001, 0x71A2, 0x0001, 0x6981, 0x0001,
    0xAB22, 0x0001, 0xDC83, 0x0001, 0xCBE2, 0x0001, 0xA2C2, 0x0001, 0x8222, 0x0001, 0x81E2, 0x0001,
    0x6981, 0x0001, 0xFF8F, 0x0002, 0xED44, 0x0003, 0x18C5, 0x001A, 0xED44, 0x0005, 0xFF8F, 0x0002,
    0x71C2, 0x0001, 0x5901, 0x0001, 0x8222, 0x0001, 0xDC63, 0x0001, 0xAB63, 0x0001, 0x5101, 0x0001,
    0x5921, 0x0001, 0x9AA2, 0x0001, 0xCBE2, 0x0001, 0xE483, 0x0001, 0xC3C2, 0x0001, 0x7A02, 0x0001,
    0x6142, 0x0001, 0x71C2, 0x0001, 0x8A01, 0x0001, 0x5942, 0x0001, 0x0842, 0x0001, 0x51E3, 0x0001,
    0xD463, 0x0001, 0xA383, 0x0001, 0x3963, 0x0001, 0xFF8F, 0x0002, 0xED44, 0x0003, 0xFF8F, 0x0002,
    0x51C2, 0x0001, 0x7A43, 0x0001, 0x9242, 0x0001, 0x8202, 0x0001, 0x6982, 0x0001, 0x69A2, 0x0001,
    0x8222, 0x0002, 0x6982, 0x0001, 0x71A2, 0x0001, 0x8202, 0x0001, 0x71C2, 0x0001, 0x6121, 0x0001,
    0x6981, 0x0001, 0xB342, 0x0001, 0xCC03, 0x0001, 0x8A42, 0x0002, 0xC3C2, 0x0001, 0xA2E2, 0x0001,
    0x6141, 0x0001, 0xFF8F, 0x0002, 0xED44, 0x0003, 0x18C5, 0x001A, 0xED44, 0x0005, 0xFF8F, 0x0002,
    0x6941, 0x0001, 0x9262, 0x0001, 0xA302, 0x0001, 0xA2A2, 0x0001, 0xB2E2, 0x0001, 0x9AA2, 0x0001,
    0x4102, 0x0001, 0x3922, 0x0001, 0x8AE3, 0x0001, 0xBBC3, 0x0001, 0xB302, 0x0001, 0x81E1, 0x0001,
    0x6162, 0x0001, 0x5162, 0x0001, 0x38E2, 0x0001, 0x30E2, 0x0001, 0x5A03, 0x0001, 0x8B03, 0x0001,
    0xA2E2, 0x0001, 0x9262, 0x0001, 0x5182, 0x0001, 0xFF8F, 0x0002, 0xED44, 0x0003, 0xFF8F, 0x0002,
    0x5A03, 0x0001, 0x69C2, 0x0001, 0xA2E3, 0x0001, 0xDCC5, 0x0001, 0x8B03, 0x0001, 0x2861, 0x0001,
    0x5962, 0x0001, 0x8A22, 0x0001, 0x79A1, 0x0001, 0x9AA2, 0x0001, 0xB363, 0x0001, 0x9AA2, 0x0001,
    0x4902, 0x0001, 0x28A2, 0x0001, 0x9302, 0x0001, 0xCC03, 0x0001, 0x4102, 0x0001, 0x4982, 0x0001,
    0xDC83, 0x0001, 0xC3A2, 0x0001, 0x5921, 0x0001, 0xFF8F, 0x0002, 0xED44, 0x0003, 0x18C5, 0x001A,
    0xED44, 0x0005, 0xFF8F, 0x0002, 0x69A2, 0x0001, 0xCC03, 0x0001, 0xBBC2, 0x0001, 0x6162, 0x0001,
    0x9AA2, 0x0001, 0xCC43, 0x0001, 0x51E3, 0x0001, 0x0883, 0x0001, 0x4183, 0x0001, 0x59A2, 0x0001,
    0x6141, 0x0001, 0x6162, 0x0001, 0x69A2, 0x0001, 0x51C2, 0x0001, 0x18E3, 0x0001, 0x3143, 0x0001,
    0xB3A3, 0x0001, 0xC382, 0x0001, 0x6162, 0x0001, 0x6142, 0x0001, 0x6982, 0x0001, 0xFF8F, 0x0001,
    0xED44, 0x0005, 0xFF8F, 0x0001, 0x51C3, 0x0001, 0x5101, 0x0001, 0x9AA2, 0x0001, 0xFDE5, 0x0001,
    0xA445, 0x0001, 0x18E3, 0x0001, 0x4102, 0x0001, 0x6961, 0x0001, 0x5941, 0x0001, 0x9AE2, 0x0001,
    0xD423, 0x0001, 0xBB43, 0x0001, 0x5163, 0x0001, 0x18C3, 0x0001, 0x82E3, 0x0001, 0xC3E3, 0x0001,
    0x3963, 0x0001, 0x41A3, 0x0001, 0xC3E3, 0x0001, 0xB322, 0x0001, 0x5921, 0x0001, 0xFF8F, 0x0001,
    0xED44, 0x0004, 0x18C5, 0x001A, 0xED44, 0x0005, 0xFF8F, 0x0002, 0x3943, 0x0001, 0xCC23, 0x0001,
    0xBBC3, 0x0001, 0x1882, 0x0001, 0x6A23, 0x0001, 0xE4A3, 0x0001, 0x8282, 0x0001, 0x38C2, 0x0001,
    0x5142, 0x0001, 0x3902, 0x0001, 0x20C2, 0x0001, 0x3943, 0x0001, 0x4922, 0x0001, 0x48E1, 0x0001,
    0x7A42, 0x0001, 0xAB83, 0x0001, 0xBB22, 0x0001, 0x71E2, 0x0001, 0x28E3, 0x0001, 0x28C2, 0x0001,
    0xFF8F, 0x0001, 0xED44, 0x0006, 0xFF8F, 0x0002, 0x6981, 0x0001, 0x79A1, 0x0001, 0x8242, 0x0001,
    0xBC65, 0x0001, 0xCD25, 0x0001, 0x8AA3, 0x0001, 0x3041, 0x0001, 0x1042, 0x0001, 0x6203, 0x0001,
    0xAB23, 0x0001, 0x9242, 0x0001, 0x7A02, 0x0001, 0x92E2, 0x0001, 0xA323, 0x0001, 0xA2E3, 0x0001,
    0x9303, 0x0001, 0x9B43, 0x0001, 0xA303, 0x0001, 0x9A82, 0x0001, 0xFF8F, 0x0001, 0xED44, 0x0005,
    0x18C5, 0x001B, 0xED44, 0x0005, 0xFF8F, 0x0001, 0x10C3, 0x0001, 0x9B02, 0x0001, 0xAB42, 0x0001,
    0x49A3, 0x0001, 0x6A43, 0x0001, 0xB362, 0x0001, 0x9242, 0x0001, 0x7182, 0x0001, 0x79A1, 0x0001,
    0x4102, 0x0001, 0x18C3, 0x0001, 0x5A03, 0x0001, 0x8AE3, 0x0001, 0x9AE3, 0x0001, 0xCBE3, 0x0001,
    0xBBA2, 0x0001, 0x69A2, 0x0001, 0x2082, 0x0001, 0x10A3, 0x0001, 0xFF8F, 0x0001, 0xED44, 0x0003,
    0x18C5, 0x0001, 0xED44, 0x0003, 0xFF8F, 0x0002, 0x5142, 0x0001, 0x6162, 0x0001, 0x6961, 0x0001,
    0xBBC3, 0x0001, 0xED65, 0x0001, 0xC3A3, 0x0001, 0x69C2, 0x0001, 0x3963, 0x0001, 0x51A3, 0x0001,
    0x7182, 0x0001, 0x40C2, 0x0001, 0x7A42, 0x0001, 0xECA3, 0x0001, 0xAB02, 0x0001, 0x79C2, 0x0001,
    0xDC42, 0x0001, 0xEC83, 0x0001, 0x8A23, 0x0001, 0xFF8F, 0x0002, 0xED44, 0x0005, 0x18C5, 0x001B,
    0xED44, 0x0005, 0xFF8F, 0x0002, 0x6141, 0x0001, 0x9A82, 0x0001, 0xBBC3, 0x0001, 0x9B02, 0x0001,
    0x69A2, 0x0001, 0x79E2, 0x0001, 0x8A22, 0x0001, 0x71A2, 0x0001, 0x5901, 0x0001, 0x6162, 0x0001,
    0xA302, 0x0001, 0xF544, 0x0001, 0xFE26, 0x0001, 0xBC44, 0x0001, 0x4982, 0x0001, 0x20E3, 0x0001,
    0x10A3, 0x0001, 0xFF8F, 0x0001, 0xED44, 0x0004, 0x18C5, 0x0001, 0xED44, 0x0004, 0xFF8F, 0x0001,
    0x0023, 0x0001, 0x49A3, 0x0001, 0xBBC3, 0x0001, 0xAB22, 0x0001, 0x71C2, 0x0001, 0xAB22, 0x0001,
    0xDC83, 0x0001, 0xC403, 0x0001, 0x9AA2, 0x0001, 0x5102, 0x0001, 0x0842, 0x0001, 0x5203, 0x0001,
    0xD443, 0x0001, 0x9AC2, 0x0001, 0x6162, 0x0001, 0xC3E3, 0x0001, 0xD423, 0x0001, 0x79C2, 0x0001,
    0xFF8F, 0x0002, 0xED44, 0x0005, 0x18C5, 0x001B, 0xED44, 0x0005, 0xFF8F, 0x0002, 0x1002, 0x0001,
    0x7202, 0x0001, 0xF4A1, 0x0001, 0xC361, 0x0001, 0x6941, 0x0001, 0xAB03, 0x0001, 0x9B03, 0x0001,
    0x3922, 0x0001, 0x69E2, 0x0001, 0xC362, 0x0001, 0xB302, 0x0001, 0xB3A3, 0x0001, 0xB485, 0x0001,
    0x6AC4, 0x0001, 0x10A3, 0x0001, 0x0063, 0x0001, 0xFF8F, 0x0001, 0xED44, 0x0004, 0x18C5, 0x0003,
    0xED44, 0x0004, 0xFF8F, 0x0001, 0x4183, 0x0001, 0xA323, 0x0001, 0xC362, 0x0001, 0x9262, 0x0001,
    0x6A23, 0x0001, 0x9343, 0x0001, 0xF4C3, 0x0001, 0xEC83, 0x0001, 0x92C2, 0x0001, 0x4142, 0x0001,
    0x4942, 0x0001, 0x9AA2, 0x0001, 0xC362, 0x0001, 0xAB22, 0x0001, 0x8281, 0x0001, 0x69E1, 0x0001,
    0x6981, 0x0001, 0xFF8F, 0x0001, 0xED44, 0x0005, 0x18C5, 0x001C, 0xED44, 0x0005, 0xFF8F, 0x0002,
    0x0002, 0x0001, 0x41A3, 0x0001, 0xB3C4, 0x0001, 0x9AC3, 0x0001, 0x6182, 0x0001, 0xBB82, 0x0001,
    0x9B43, 0x0001, 0x20C3, 0x0001, 0x6242, 0x0001, 0xCC02, 0x0001, 0x8A22, 0x0001, 0x4902, 0x0001,
    0x4962, 0x0001, 0x3123, 0x0001, 0x10A2, 0x0001, 0xFF8F, 0x0001, 0xED44, 0x0005, 0x18C5, 0x0003,
    0xED44, 0x0005, 0xFF8F, 0x0001, 0x50E1, 0x0001, 0xB322, 0x0001, 0xC403, 0x0001, 0x3962, 0x0001,
    0x20C2, 0x0001, 0xA342, 0x0001, 0xE4A2, 0x0001, 0xC3C2, 0x0001, 0x9262, 0x0001, 0x58E1, 0x0001,
    0x5101, 0x0001, 0xAB22, 0x0001, 0xBBE3, 0x0001, 0x41A4, 0x0001, 0x0004, 0x0001, 0xFF8F, 0x0002,
    0xED44, 0x0005, 0x18C5, 0x001C, 0xED44, 0x0005, 0xFF8F, 0x0002, 0x0820, 0x0001, 0x2125, 0x0001,
    0x528D, 0x0001, 0x31AA, 0x0001, 0x20A1, 0x0001, 0x71E1, 0x0001, 0x9263, 0x0001, 0x6182, 0x0001,
    0x4961, 0x0001, 0x49A1, 0x0001, 0x51A2, 0x0001, 0x61A2, 0x0001, 0x6161, 0x0001, 0x4902, 0x0001,
    0xFF8F, 0x0001, 0xED44, 0x0005, 0x18C5, 0x0004, 0xED44, 0x0006, 0xFF8F, 0x0001, 0x51C3, 0x0001,
    0x51E2, 0x0001, 0x5941, 0x0001, 0x40E0, 0x0001, 0x3941, 0x0001, 0x69E1, 0x0001, 0x9A40, 0x0001,
    0x9201, 0x0001, 0x5122, 0x0001, 0x1882, 0x0001, 0x28E0, 0x0001, 0x49C3, 0x0001, 0x29CC, 0x0001,
    0x0970, 0x0001, 0xFF8F, 0x0002, 0xED44, 0x0005, 0x18C5, 0x001C, 0xED44, 0x0005, 0xFF8F, 0x0002,
    0x2104, 0x0001, 0x196B, 0x0001, 0x11D3, 0x0001, 0x21CD, 0x0001, 0x3142, 0x0001, 0x38E0, 0x0001,
    0x5100, 0x0001, 0x6140, 0x0001, 0x28E4, 0x0001, 0x00A7, 0x0001, 0x2944, 0x0001, 0x59C2, 0x0001,
    0x6182, 0x0001, 0xFF8F, 0x0002, 0xED44, 0x0005, 0x18C5, 0x0004, 0xED44, 0x0006, 0xFF8F, 0x0002,
    0x0863, 0x0001, 0x5985, 0x0001, 0x59C6, 0x0001, 0x08C7, 0x0001, 0x18E7, 0x0001, 0x5145, 0x0001,
    0x5122, 0x0001, 0x4941, 0x0001, 0x3963, 0x0001, 0x10C4, 0x0001, 0x08C9, 0x0001, 0x2A32, 0x0001,
    0x3A94, 0x0001, 0xFF8F, 0x0002, 0xED44, 0x0005, 0x18C5, 0x001C, 0xED44, 0x0005, 0xFF8F, 0x0002,
    0x2A10, 0x0001, 0x2233, 0x0001, 0x19F3, 0x0001, 0x62AC, 0x0001, 0x8AC4, 0x0001, 0x4162, 0x0001,
    0x0841, 0x0001, 0x1881, 0x0001, 0x218B, 0x0001, 0x21F0, 0x0001, 0x1927, 0x0001, 0x18A1, 0x0001,
    0x18C3, 0x0001, 0xFF8F, 0x0001, 0xED44, 0x0006, 0x18C5, 0x0005, 0xED44, 0x0006, 0xFF8F, 0x0001,
    0x18C3, 0x0001, 0x29AC, 0x0001, 0x2A32, 0x0001, 0x21F0, 0x0001, 0x2A12, 0x0001, 0x29CF, 0x0001,
    0x10C6, 0x0001, 0x4140, 0x0001, 0x8AC4, 0x0001, 0x62AB, 0x0001, 0x19F2, 0x0001, 0x2234, 0x0001,
    0x2A31, 0x0001, 0xFF8F, 0x0002, 0xED44, 0x0005, 0x18C5, 0x001C, 0xED44, 0x0005, 0xFF8F, 0x0002,
    0x3252, 0x0001, 0x2A75, 0x0001, 0x2212, 0x0001, 0x72EA, 0x0001, 0xA345, 0x0001, 0x4A08, 0x0001,
    0x010B, 0x0001, 0x114A, 0x0001, 0x2A10, 0x0001, 0x2A31, 0x0001, 0x1927, 0x0001, 0x0860, 0x0001,
    0xFF8F, 0x0002, 0xED44, 0x0006, 0x18C5, 0x0005, 0xED44, 0x0006, 0xFF8F, 0x0002, 0x2212, 0x0001,
    0x2276, 0x0001, 0x2A53, 0x0002, 0x2212, 0x0001, 0x014E, 0x0001, 0x41E7, 0x0001, 0xA344, 0x0001,
    0x730C, 0x0001, 0x2234, 0x0001, 0x2A54, 0x0001, 0x320F, 0x0001, 0xFF8F, 0x0002, 0xED44, 0x0005,
    0x18C5, 0x001C, 0xED44, 0x0005, 0xFF8F, 0x0002, 0x21F0, 0x0001, 0x2214, 0x0001, 0x2213, 0x0001,
    0x62AA, 0x0001, 0x9305, 0x0001, 0x528D, 0x0001, 0x1A14, 0x0001, 0x2232, 0x0001, 0x2A54, 0x0001,
    0x29F0, 0x0001, 0x2126, 0x0001, 0x1880, 0x0001, 0xFF8F, 0x0002, 0xED44, 0x0006, 0x18C5, 0x0005,
    0xED44, 0x0006, 0xFF8F, 0x0002, 0x29EF, 0x0001, 0x2A32, 0x0002, 0x2A11, 0x0002, 0x1A13, 0x0001,
    0x528E, 0x0001, 0x9305, 0x0001, 0x6289, 0x0001, 0x2212, 0x0001, 0x2234, 0x0001, 0x2A11, 0x0001,
    0xFF8F, 0x0002, 0xED44, 0x0005, 0x18C5, 0x001C, 0xED44, 0x0005, 0xFF8F, 0x0002, 0x0971, 0x0001,
    0x11D4, 0x0001, 0x2213, 0x0001, 0x72CA, 0x0001, 0x9325, 0x0001, 0x528D, 0x0001, 0x1A14, 0x0001,
    0x1A13, 0x0001, 0x2A55, 0x0001, 0x2A11, 0x0001, 0x2147, 0x0001, 0x1080, 0x0001, 0xFF8F, 0x0001,
    0xED44, 0x0003, 0x18C5, 0x0001, 0xED44, 0x0002, 0x18C5, 0x0006, 0xED44, 0x0006, 0xFF8F, 0x0002,
    0x18C4, 0x0001, 0x216A, 0x0001, 0x2A32, 0x0001, 0x3253, 0x0001, 0x2A11, 0x0001, 0x2213, 0x0001,
    0x528D, 0x0001, 0x9305, 0x0001, 0x6AA9, 0x0001, 0x2233, 0x0001, 0x2235, 0x0001, 0x2212, 0x0001,
    0xFF8F, 0x0002, 0xED44, 0x0005, 0x18C5, 0x001C, 0xED44, 0x0005, 0xFF8F, 0x0002, 0x83EF, 0x0001,
    0x5B73, 0x0001, 0x19F3, 0x0001, 0x520A, 0x0001, 0x8AC4, 0x0001, 0x422D, 0x0001, 0x19F2, 0x0001,
    0x424D, 0x0001, 0x422D, 0x0001, 0x198C, 0x0001, 0x1906, 0x0001, 0xFF8F, 0x0001, 0xED44, 0x0004,
    0x18C5, 0x0009, 0xED44, 0x0006, 0xFF8F, 0x0002, 0x1060, 0x0001, 0x18E4, 0x0001, 0x218B, 0x0001,
    0x2211, 0x0001, 0x19F3, 0x0001, 0x0193, 0x0001, 0x422C, 0x0001, 0x9305, 0x0001, 0x5A6B, 0x0001,
    0x11B3, 0x0001, 0x3A30, 0x0001, 0x524B, 0x0001, 0xFF8F, 0x0002, 0xED44, 0x0005, 0x18C5, 0x001B,
    0xED44, 0x0005, 0xFF8F, 0x0002, 0x18C5, 0x0001, 0xFEAA, 0x0001, 0xCD8F, 0x0001, 0x3272, 0x0001,
    0x49EA, 0x0001, 0x9305, 0x0001, 0x3A2E, 0x0001, 0x3A50, 0x0001, 0x8B07, 0x0001, 0x6223, 0x0001,
    0x08A3, 0x0001, 0xFF8F, 0x0002, 0xED44, 0x0004, 0x18C5, 0x000A, 0xED44, 0x0002, 0x18C5, 0x0001,
    0xED44, 0x0003, 0xFF8F, 0x0001, 0x10C3, 0x0001, 0x18C2, 0x0002, 0x216A, 0x0001, 0x2213, 0x0001,
    0x11D4, 0x0001, 0x4A4C, 0x0001, 0x9305, 0x0001, 0x526B, 0x0001, 0x2211, 0x0001, 0x7AE9, 0x0001,
    0xA322, 0x0001, 0x18C5, 0x0001, 0xFF8F, 0x0002, 0xED44, 0x0005, 0x18C5, 0x001A, 0xED44, 0x0004,
    0xFF8F, 0x0002, 0x18C5, 0x0001, 0x31ED, 0x0001, 0xABE7, 0x0001, 0xCCA8, 0x0001, 0xA48E, 0x0001,
    0xBD0D, 0x0001, 0xCCE9, 0x0001, 0x8349, 0x0001, 0x82C7, 0x0001, 0xAB62, 0x0001, 0x6A21, 0x0001,
    0x0861, 0x0001, 0xFF8F, 0x0002, 0xED44, 0x0004, 0x18C5, 0x000D, 0xED44, 0x0004, 0xFF8F, 0x0001,
    0x1082, 0x0001, 0x1081, 0x0001, 0x3964, 0x0001, 0x7B0A, 0x0001, 0x9C6F, 0x0001, 0x9C2C, 0x0001,
    0x9325, 0x0001, 0x8BAA, 0x0001, 0xACCF, 0x0001, 0xD529, 0x0001, 0xBC48, 0x0001, 0x3A91, 0x0001,
    0x18C5, 0x0001, 0xFF8F, 0x0002, 0xED44, 0x0004, 0x18C5, 0x001A, 0xED44, 0x0003, 0xFF8F, 0x0002,
    0x18C5, 0x0001, 0x1216, 0x0001, 0x2A75, 0x0001, 0x6AEB, 0x0001, 0xBBE4, 0x0001, 0xED88, 0x0001,
    0xFE4B, 0x0001, 0xE589, 0x0001, 0xA3A6, 0x0001, 0x8AE5, 0x0001, 0x8B06, 0x0001, 0x5205, 0x0001,
    0x1083, 0x0001, 0xFF8F, 0x0002, 0xED44, 0x0004, 0x18C5, 0x000D, 0xED44, 0x0004, 0xFF8F, 0x0002,
    0x10A3, 0x0001, 0x4984, 0x0001, 0xA366, 0x0001, 0xF5C9, 0x0001, 0xDD28, 0x0001, 0x9B24, 0x0001,
    0xB406, 0x0001, 0xFE49, 0x0001, 0xFEEB, 0x0001, 0xB510, 0x0001, 0x2A53, 0x0001, 0x0112, 0x0001,
    0x18C5, 0x0001, 0xFF8F, 0x0002, 0xED44, 0x0003, 0x18C5, 0x0016, 0xED44, 0x0002, 0x18C5, 0x0001,
    0xED44, 0x0003, 0xFF8F, 0x0003, 0x29AC, 0x0001, 0x1ABA, 0x0001, 0x43FF, 0x0001, 0xAD54, 0x0001,
    0xE526, 0x0001, 0xBBE3, 0x0001, 0xBBA2, 0x0001, 0xABA4, 0x0001, 0x62AB, 0x0001, 0x3A50, 0x0001,
    0x3A4F, 0x0001, 0x2988, 0x0001, 0x10A2, 0x0001, 0xFF8F, 0x0002, 0xED44, 0x0004, 0x18C5, 0x000D,
    0xED44, 0x0004, 0xFF8F, 0x0002, 0x10A2, 0x0001, 0x2169, 0x0001, 0x528D, 0x0001, 0xA3C8, 0x0001,
    0xBBC2, 0x0001, 0x9B02, 0x0001, 0x92C2, 0x0001, 0xCC24, 0x0001, 0xFE6A, 0x0001, 0xBD30, 0x0001,
    0x19F3, 0x0001, 0x0152, 0x0001, 0x320E, 0x0001, 0xFF8F, 0x0003, 0xED44, 0x0006, 0x18C5, 0x0011,
    0xED44, 0x0006, 0xFF8F, 0x0002, 0x18C5, 0x0002, 0x2276, 0x0001, 0x543F, 0x0001, 0x9DBB, 0x0001,
    0xE5CD, 0x0001, 0xCCA7, 0x0001, 0x7B4C, 0x0001, 0x6AEB, 0x0001, 0x6B0C, 0x0001, 0x3230, 0x0001,
    0x11F5, 0x0001, 0x1A15, 0x0001, 0x218B, 0x0001, 0x10A1, 0x0001, 0xFF8F, 0x0002, 0xED44, 0x0004,
    0x18C5, 0x000D, 0xED44, 0x0004, 0xFF8F, 0x0002, 0x18A1, 0x0001, 0x116D, 0x0001, 0x1A14, 0x0001,
    0x4A2C, 0x0001, 0x72A8, 0x0001, 0x83AE, 0x0001, 0x6B4E, 0x0001, 0x732C, 0x0001, 0xC467, 0x0001,
    0xCCA7, 0x0001, 0x7BAF, 0x0001, 0x4359, 0x0001, 0x22B7, 0x0001, 0x18C5, 0x0002, 0xFF8F, 0x0002,
    0xED44, 0x0006, 0x18C5, 0x0010, 0xED44, 0x0005, 0xFF8F, 0x0002, 0x18C5, 0x0001, 0x29AD, 0x0001,
    0x2A96, 0x0001, 0x3BFF, 0x0001, 0xA5BA, 0x0001, 0xF5EA, 0x0001, 0xCC02, 0x0001, 0x7B0A, 0x0001,
    0x541C, 0x0001, 0x54DF, 0x0001, 0x543D, 0x0001, 0x32B4, 0x0001, 0x21F1, 0x0001, 0x2A32, 0x0001,
    0x218B, 0x0001, 0x10A2, 0x0001, 0xFF8F, 0x0002, 0xED44, 0x0004, 0x18C5, 0x000D, 0xED44, 0x0004,
    0xFF8F, 0x0002, 0x10A2, 0x0001, 0x218B, 0x0001, 0x2A32, 0x0001, 0x21F0, 0x0001, 0x32B4, 0x0001,
    0x543E, 0x0001, 0x54DF, 0x0001, 0x541C, 0x0001, 0x7B0A, 0x0001, 0xC3E1, 0x0001, 0xEDCA, 0x0001,
    0xA5BA, 0x0001, 0x3BFF, 0x0001, 0x2A96, 0x0001, 0x29AD, 0x0001, 0x18C5, 0x0001, 0xFF8F, 0x0002,
    0xED44, 0x0005, 0x18C5, 0x000F, 0xED44, 0x0005, 0xFF8F, 0x0003, 0x218F, 0x0001, 0x1A9A, 0x0001,
    0x4C3F, 0x0001, 0xADD9, 0x0001, 0xE58A, 0x0001, 0xCC02, 0x0001, 0x8B6B, 0x0001, 0x53B7, 0x0001,
    0x4C5F, 0x0001, 0x553F, 0x0001, 0x54FF, 0x0001, 0x3B39, 0x0001, 0x21CE, 0x0001, 0x2169, 0x0001,
    0x2125, 0x0001, 0x18C2, 0x0001, 0xFF8F, 0x0002, 0xED44, 0x0004, 0x18C5, 0x000D, 0xED44, 0x0004,
    0xFF8F, 0x0002, 0x18C2, 0x0001, 0x2105, 0x0001, 0x216A, 0x0001, 0x21F1, 0x0001, 0x2277, 0x0001,
    0x333B, 0x0001, 0x447F, 0x0001, 0x54BF, 0x0001, 0x53F7, 0x0001, 0x8B8B, 0x0001, 0xD463, 0x0001,
    0xDD6B, 0x0001, 0x9D57, 0x0001, 0x5C5C, 0x0001, 0x32D8, 0x0001, 0x21AF, 0x0001, 0xFF8F, 0x0003,
    0xED44, 0x0005, 0x18C5, 0x000E, 0xED44, 0x0004, 0xFF8F, 0x0002, 0x18C5, 0x0002, 0x3295, 0x0001,
    0x4C1F, 0x0001, 0x957B, 0x0001, 0xEDCC, 0x0001, 0xD443, 0x0001, 0x7AE9, 0x0001, 0x53DA, 0x0001,
    0x4CDF, 0x0001, 0x549F, 0x0001, 0x5C5E, 0x0001, 0x4BDA, 0x0001, 0x3294, 0x0001, 0x216A, 0x0001,
    0x18A2, 0x0001, 0x18A1, 0x0001, 0x10C3, 0x0001, 0xFF8F, 0x0001, 0xED44, 0x0004, 0x18C5, 0x000F,
    0xED44, 0x0004, 0xFF8F, 0x0001, 0x10C3, 0x0001, 0x10A1, 0x0001, 0x18C2, 0x0001, 0x29AC, 0x0001,
    0x29CF, 0x0001, 0x21AD, 0x0001, 0x3AD5, 0x0001, 0x545E, 0x0001, 0x54FF, 0x0001, 0x4BD9, 0x0001,
    0x72E9, 0x0001, 0xE4A3, 0x0001, 0xF64D, 0x0001, 0x7D5F, 0x0001, 0x33DF, 0x0001, 0x3295, 0x0001,
    0x18C5, 0x0002, 0xFF8F, 0x0002, 0xED44, 0x0004, 0x18C5, 0x000E, 0xED44, 0x0004, 0xFF8F, 0x0002,
    0x29CF, 0x0001, 0x2297, 0x0001, 0x4C1D, 0x0001, 0xAD97, 0x0001, 0xDD4A, 0x0001, 0xBBE4, 0x0001,
    0x7B6C, 0x0001, 0x53FA, 0x0001, 0x443E, 0x0001, 0x54BF, 0x0001, 0x5D1F, 0x0001, 0x4336, 0x0001,
    0x2147, 0x0001, 0x18E4, 0x0001, 0x1905, 0x0001, 0x18C2, 0x0001, 0x10A1, 0x0001, 0xFF8F, 0x0001,
    0xED44, 0x0005, 0x18C5, 0x000F, 0xED44, 0x0005, 0xFF8F, 0x0001, 0x10A1, 0x0001, 0x18C2, 0x0001,
    0x1905, 0x0001, 0x18E4, 0x0002, 0x218C, 0x0001, 0x32F7, 0x0001, 0x4C3E, 0x0001, 0x443E, 0x0001,
    0x4BDA, 0x0001, 0xCD4D, 0x0001, 0xF62C, 0x0001, 0x6CBD, 0x0001, 0x2C1F, 0x0001, 0x4C1D, 0x0001,
    0x3AD5, 0x0001, 0x21D0, 0x0001, 0xFF8F, 0x0002, 0xED44, 0x0004, 0x18C5, 0x000E, 0xED44, 0x0004,
    0xFF8F, 0x0002, 0x3252, 0x0001, 0x2B3C, 0x0001, 0x651F, 0x0001, 0xEED4, 0x0001, 0xFDE3, 0x0001,
    0xB341, 0x0001, 0x6374, 0x0001, 0x553F, 0x0002, 0x5C9F, 0x0001, 0x4397, 0x0001, 0x21AB, 0x0001,
    0x0800, 0x0002, 0x18C2, 0x0001, 0x18C3, 0x0001, 0xFF8F, 0x0001, 0xED44, 0x0005, 0x18C5, 0x0011,
    0xED44, 0x0005, 0xFF8F, 0x0001, 0x18C3, 0x0001, 0x18A1, 0x0001, 0x1060, 0x0001, 0x10A0, 0x0001,
    0x10A4, 0x0001, 0x29CE, 0x0001, 0x541D, 0x0001, 0x555F, 0x0001, 0x551F, 0x0001, 0xA514, 0x0001,
    0xDD29, 0x0001, 0xB553, 0x0001, 0x859D, 0x0001, 0x5D1F, 0x0001, 0x3B5A, 0x0001, 0x3253, 0x0001,
    0xFF8F, 0x0002, 0xED44, 0x0004, 0x18C5, 0x000E, 0xED44, 0x0005, 0xFF8F, 0x0001, 0x29EF, 0x0001,
    0x2AB8, 0x0001, 0x547F, 0x0001, 0xCE15, 0x0001, 0xF566, 0x0001, 0xAB62, 0x0001, 0x6330, 0x0001,
    0x549F, 0x0001, 0x551F, 0x0001, 0x4B99, 0x0001, 0x2126, 0x0001, 0x0800, 0x0001, 0xFF8F, 0x0004,
    0xED44, 0x0006, 0x18C5, 0x0011, 0xED44, 0x0006, 0xFF8F, 0x0004, 0x0800, 0x0001, 0x1926, 0x0001,
    0x4B99, 0x0001, 0x551F, 0x0001, 0x549F, 0x0001, 0x6B30, 0x0001, 0xAB62, 0x0001, 0xF566, 0x0001,
    0xCE15, 0x0001, 0x547F, 0x0001, 0x2AB8, 0x0001, 0x29EF, 0x0001, 0xFF8F, 0x0001, 0xED44, 0x0005,
    0x18C5, 0x000F, 0xED44, 0x0005, 0xFF8F, 0x0001, 0x2A96, 0x0001, 0x32D6, 0x0001, 0x5AEE, 0x0001,
    0x6243, 0x0001, 0x49A2, 0x0001, 0x31A7, 0x0001, 0x2A0C, 0x0001, 0x324D, 0x0001, 0x29CB, 0x0001,
    0xFF8F, 0x0002, 0xED44, 0x0009, 0x18C5, 0x0013, 0xED44, 0x0002, 0x18C5, 0x0001, 0xED44, 0x0006,
    0xFF8F, 0x0002, 0x29CB, 0x0001, 0x324D, 0x0001, 0x2A0C, 0x0001, 0x2967, 0x0001, 0x4161, 0x0001,
    0x6A41, 0x0001, 0x632C, 0x0001, 0x32D6, 0x0001, 0x2297, 0x0001, 0xFF8F, 0x0001, 0xED44, 0x0005,
    0x18C5, 0x0010, 0xED44, 0x0006, 0xFF8F, 0x0001, 0x21D0, 0x0001, 0x10E8, 0x0001, 0x0000, 0x0001,
    0x0062, 0x0001, 0x1082, 0x0001, 0x1040, 0x0001, 0x1060, 0x0002, 0xFF8F, 0x0001, 0xED44, 0x0006,
    0x18C5, 0x001B, 0xED44, 0x0006, 0xFF8F, 0x0001, 0x1040, 0x0001, 0x1060, 0x0001, 0x1040, 0x0001,
    0x1082, 0x0001, 0x0862, 0x0001, 0x0001, 0x0001, 0x08E9, 0x0001, 0x21D0, 0x0001, 0xFF8F, 0x0001,
    0xED44, 0x0006, 0x18C5, 0x0011, 0xED44, 0x0002, 0x18C5, 0x0001, 0xED44, 0x0003, 0xFF8F, 0x0008,
    0xED44, 0x0007, 0x18C5, 0x001B, 0xED44, 0x0007, 0xFF8F, 0x0008, 0xED44, 0x0006, 0x18C5, 0x0016,
    0xED44, 0x0011, 0x18C5, 0x001B, 0xED44, 0x0011, 0x18C5, 0x001A, 0xED44, 0x000B, 0x18C5, 0x0002,
    0xED44, 0x0003, 0x18C5, 0x001D, 0xED44, 0x0003, 0x18C5, 0x0002, 0xED44, 0x000B, 0x18C5, 0x000D,
};

#endif
